  0
SECTION
  2
HEADER
  9
$ANGBASE
  50
0.0
  9
$ANGDIR
  70
1
  9
$MEASUREMENT
  70
0
  0
ENDSEC
  0
SECTION
  2
TABLES
  0
TABLE
  2
LTYPE
  70
4
  0
LTYPE
  5
40F
  2
CONTINUOUS
  70
0
  3
Solid line
  72
65
  73
0
  40
0.0
  0
LTYPE
  5
410
  2
DASHDOT
 70
0
  3
Dash Dot ____ _ ____ _
 72
65
 73
4
 40
2.0
 49
1.25
 49
-0.25
 49
0.25
 49
-0.25
  0
LTYPE
  5
411
  2
DASHED
 70
0
  3
Dashed __ __ __ __ __
 72
65
 73
2
 40
0.75
 49
0.5
 49
-0.25
  0
LTYPE
  5
43B
  2
DOTTED
 70
0
  3
Dotted .  .  .  .
 72
65
 73
2
 40
0.2
 49
0.0
 49
-0.2
  0
ENDTAB
  0
TABLE
  2
STYLE
  70
4
  0
STYLE
  2
KICAD
  70
0
  40
0
  41
1
  42
1
  50
0
  71
0
  3
isocp.shx
  0
STYLE
  2
KICADB
  70
0
  40
0
  41
1
  42
1
  50
0
  71
0
  3
isocp.shx
  0
STYLE
  2
KICADI
  70
0
  40
0
  41
1
  42
1
  50
15
  71
0
  3
isocp.shx
  0
STYLE
  2
KICADBI
  70
0
  40
0
  41
1
  42
1
  50
15
  71
0
  3
isocp.shx
  0
ENDTAB
  0
TABLE
  2
LAYER
  70
1
  0
LAYER
  2
BLACK
  70
0
  62
7
  6
CONTINUOUS
  0
ENDTAB
  0
ENDSEC
  0
SECTION
  2
ENTITIES
0
LINE
8
BLACK
6
CONTINUOUS
10
5.4505577952755901
20
-4.4826159448818901
11
5.4593710629921262
21
-4.4854795669291336
0
LINE
8
BLACK
6
CONTINUOUS
10
5.4593710629921262
20
-4.4854795669291336
11
5.467627874015748
21
-4.4896866141732286
0
LINE
8
BLACK
6
CONTINUOUS
10
5.467627874015748
20
-4.4896866141732286
11
5.475124881889764
21
-4.4951335039370077
0
LINE
8
BLACK
6
CONTINUOUS
10
5.475124881889764
20
-4.4951335039370077
11
5.4816775196850394
21
-4.5016861417322831
0
LINE
8
BLACK
6
CONTINUOUS
10
5.4816775196850394
20
-4.5016861417322831
11
5.4871244094488185
21
-4.5091831496062991
0
LINE
8
BLACK
6
CONTINUOUS
10
5.4871244094488185
20
-4.5091831496062991
11
5.4913314566929134
21
-4.5174399606299209
0
LINE
8
BLACK
6
CONTINUOUS
10
5.4913314566929134
20
-4.5174399606299209
11
5.494195078740157
21
-4.5262532283464569
0
LINE
8
BLACK
6
CONTINUOUS
10
5.494195078740157
20
-4.5262532283464569
11
5.4956447244094484
21
-4.53540594488189
0
LINE
8
BLACK
6
CONTINUOUS
10
5.4956447244094484
20
-4.53540594488189
11
5.4956447244094484
21
-4.5446727952755905
0
LINE
8
BLACK
6
CONTINUOUS
10
5.4956447244094484
20
-4.5446727952755905
11
5.494195078740157
21
-4.5538255118110236
0
LINE
8
BLACK
6
CONTINUOUS
10
5.494195078740157
20
-4.5538255118110236
11
5.4913314566929134
21
-4.5626387795275587
0
LINE
8
BLACK
6
CONTINUOUS
10
5.4913314566929134
20
-4.5626387795275587
11
5.4871244094488185
21
-4.5708955905511814
0
LINE
8
BLACK
6
CONTINUOUS
10
5.4871244094488185
20
-4.5708955905511814
11
5.4816775196850394
21
-4.5783925984251965
0
LINE
8
BLACK
6
CONTINUOUS
10
5.4816775196850394
20
-4.5783925984251965
11
5.475124881889764
21
-4.5849452362204719
0
LINE
8
BLACK
6
CONTINUOUS
10
5.475124881889764
20
-4.5849452362204719
11
5.467627874015748
21
-4.5903921259842519
0
LINE
8
BLACK
6
CONTINUOUS
10
5.467627874015748
20
-4.5903921259842519
11
5.4593710629921262
21
-4.594599173228346
0
LINE
8
BLACK
6
CONTINUOUS
10
5.4593710629921262
20
-4.594599173228346
11
5.4505577952755901
21
-4.5974627952755904
0
LINE
8
BLACK
6
CONTINUOUS
10
5.4505577952755901
20
-4.5974627952755904
11
5.4414050787401571
21
-4.5989124409448818
0
LINE
8
BLACK
6
CONTINUOUS
10
5.4414050787401571
20
-4.5989124409448818
11
5.4321382283464565
21
-4.5989124409448818
0
LINE
8
BLACK
6
CONTINUOUS
10
5.4321382283464565
20
-4.5989124409448818
11
5.4229855118110235
21
-4.5974627952755904
0
LINE
8
BLACK
6
CONTINUOUS
10
5.4229855118110235
20
-4.5974627952755904
11
5.4141722440944884
21
-4.594599173228346
0
LINE
8
BLACK
6
CONTINUOUS
10
5.4141722440944884
20
-4.594599173228346
11
5.4059154330708656
21
-4.5903921259842519
0
LINE
8
BLACK
6
CONTINUOUS
10
5.4059154330708656
20
-4.5903921259842519
11
5.3984184251968506
21
-4.5849452362204719
0
LINE
8
BLACK
6
CONTINUOUS
10
5.3984184251968506
20
-4.5849452362204719
11
5.3918657874015743
21
-4.5783925984251965
0
LINE
8
BLACK
6
CONTINUOUS
10
5.3918657874015743
20
-4.5783925984251965
11
5.3864188976377951
21
-4.5708955905511814
0
LINE
8
BLACK
6
CONTINUOUS
10
5.3864188976377951
20
-4.5708955905511814
11
5.3822118503937011
21
-4.5626387795275587
0
LINE
8
BLACK
6
CONTINUOUS
10
5.3822118503937011
20
-4.5626387795275587
11
5.3793482283464567
21
-4.5538255118110236
0
LINE
8
BLACK
6
CONTINUOUS
10
5.3793482283464567
20
-4.5538255118110236
11
5.3778985826771653
21
-4.5446727952755905
0
LINE
8
BLACK
6
CONTINUOUS
10
5.3778985826771653
20
-4.5446727952755905
11
5.3778985826771653
21
-4.53540594488189
0
LINE
8
BLACK
6
CONTINUOUS
10
5.3778985826771653
20
-4.53540594488189
11
5.3793482283464567
21
-4.5262532283464569
0
LINE
8
BLACK
6
CONTINUOUS
10
5.3793482283464567
20
-4.5262532283464569
11
5.3822118503937011
21
-4.5174399606299209
0
LINE
8
BLACK
6
CONTINUOUS
10
5.3822118503937011
20
-4.5174399606299209
11
5.3864188976377951
21
-4.5091831496062991
0
LINE
8
BLACK
6
CONTINUOUS
10
5.3864188976377951
20
-4.5091831496062991
11
5.3918657874015743
21
-4.5016861417322831
0
LINE
8
BLACK
6
CONTINUOUS
10
5.3918657874015743
20
-4.5016861417322831
11
5.3984184251968506
21
-4.4951335039370077
0
LINE
8
BLACK
6
CONTINUOUS
10
5.3984184251968506
20
-4.4951335039370077
11
5.4059154330708656
21
-4.4896866141732286
0
LINE
8
BLACK
6
CONTINUOUS
10
5.4059154330708656
20
-4.4896866141732286
11
5.4141722440944884
21
-4.4854795669291336
0
LINE
8
BLACK
6
CONTINUOUS
10
5.4141722440944884
20
-4.4854795669291336
11
5.4229855118110235
21
-4.4826159448818901
0
LINE
8
BLACK
6
CONTINUOUS
10
5.4229855118110235
20
-4.4826159448818901
11
5.4321382283464565
21
-4.4811662992125987
0
LINE
8
BLACK
6
CONTINUOUS
10
5.4321382283464565
20
-4.4811662992125987
11
5.4414050787401571
21
-4.4811662992125987
0
LINE
8
BLACK
6
CONTINUOUS
10
5.4414050787401571
20
-4.4811662992125987
11
5.4505577952755901
21
-4.4826159448818901
0
LINE
8
BLACK
6
CONTINUOUS
10
5.8442585826771651
20
-4.4826159448818901
11
5.8530718503937003
21
-4.4854795669291336
0
LINE
8
BLACK
6
CONTINUOUS
10
5.8530718503937003
20
-4.4854795669291336
11
5.861328661417323
21
-4.4896866141732286
0
LINE
8
BLACK
6
CONTINUOUS
10
5.861328661417323
20
-4.4896866141732286
11
5.8688256692913381
21
-4.4951335039370077
0
LINE
8
BLACK
6
CONTINUOUS
10
5.8688256692913381
20
-4.4951335039370077
11
5.8753783070866143
21
-4.5016861417322831
0
LINE
8
BLACK
6
CONTINUOUS
10
5.8753783070866143
20
-4.5016861417322831
11
5.8808251968503935
21
-4.5091831496062991
0
LINE
8
BLACK
6
CONTINUOUS
10
5.8808251968503935
20
-4.5091831496062991
11
5.8850322440944884
21
-4.5174399606299209
0
LINE
8
BLACK
6
CONTINUOUS
10
5.8850322440944884
20
-4.5174399606299209
11
5.887895866141732
21
-4.5262532283464569
0
LINE
8
BLACK
6
CONTINUOUS
10
5.887895866141732
20
-4.5262532283464569
11
5.8893455118110234
21
-4.53540594488189
0
LINE
8
BLACK
6
CONTINUOUS
10
5.8893455118110234
20
-4.53540594488189
11
5.8893455118110234
21
-4.5446727952755905
0
LINE
8
BLACK
6
CONTINUOUS
10
5.8893455118110234
20
-4.5446727952755905
11
5.887895866141732
21
-4.5538255118110236
0
LINE
8
BLACK
6
CONTINUOUS
10
5.887895866141732
20
-4.5538255118110236
11
5.8850322440944884
21
-4.5626387795275587
0
LINE
8
BLACK
6
CONTINUOUS
10
5.8850322440944884
20
-4.5626387795275587
11
5.8808251968503935
21
-4.5708955905511814
0
LINE
8
BLACK
6
CONTINUOUS
10
5.8808251968503935
20
-4.5708955905511814
11
5.8753783070866143
21
-4.5783925984251965
0
LINE
8
BLACK
6
CONTINUOUS
10
5.8753783070866143
20
-4.5783925984251965
11
5.8688256692913381
21
-4.5849452362204719
0
LINE
8
BLACK
6
CONTINUOUS
10
5.8688256692913381
20
-4.5849452362204719
11
5.861328661417323
21
-4.5903921259842519
0
LINE
8
BLACK
6
CONTINUOUS
10
5.861328661417323
20
-4.5903921259842519
11
5.8530718503937003
21
-4.594599173228346
0
LINE
8
BLACK
6
CONTINUOUS
10
5.8530718503937003
20
-4.594599173228346
11
5.8442585826771651
21
-4.5974627952755904
0
LINE
8
BLACK
6
CONTINUOUS
10
5.8442585826771651
20
-4.5974627952755904
11
5.8351058661417321
21
-4.5989124409448818
0
LINE
8
BLACK
6
CONTINUOUS
10
5.8351058661417321
20
-4.5989124409448818
11
5.8258390157480315
21
-4.5989124409448818
0
LINE
8
BLACK
6
CONTINUOUS
10
5.8258390157480315
20
-4.5989124409448818
11
5.8166862992125985
21
-4.5974627952755904
0
LINE
8
BLACK
6
CONTINUOUS
10
5.8166862992125985
20
-4.5974627952755904
11
5.8078730314960625
21
-4.594599173228346
0
LINE
8
BLACK
6
CONTINUOUS
10
5.8078730314960625
20
-4.594599173228346
11
5.7996162204724406
21
-4.5903921259842519
0
LINE
8
BLACK
6
CONTINUOUS
10
5.7996162204724406
20
-4.5903921259842519
11
5.7921192125984247
21
-4.5849452362204719
0
LINE
8
BLACK
6
CONTINUOUS
10
5.7921192125984247
20
-4.5849452362204719
11
5.7855665748031493
21
-4.5783925984251965
0
LINE
8
BLACK
6
CONTINUOUS
10
5.7855665748031493
20
-4.5783925984251965
11
5.7801196850393701
21
-4.5708955905511814
0
LINE
8
BLACK
6
CONTINUOUS
10
5.7801196850393701
20
-4.5708955905511814
11
5.7759126377952752
21
-4.5626387795275587
0
LINE
8
BLACK
6
CONTINUOUS
10
5.7759126377952752
20
-4.5626387795275587
11
5.7730490157480316
21
-4.5538255118110236
0
LINE
8
BLACK
6
CONTINUOUS
10
5.7730490157480316
20
-4.5538255118110236
11
5.7715993700787402
21
-4.5446727952755905
0
LINE
8
BLACK
6
CONTINUOUS
10
5.7715993700787402
20
-4.5446727952755905
11
5.7715993700787402
21
-4.53540594488189
0
LINE
8
BLACK
6
CONTINUOUS
10
5.7715993700787402
20
-4.53540594488189
11
5.7730490157480316
21
-4.5262532283464569
0
LINE
8
BLACK
6
CONTINUOUS
10
5.7730490157480316
20
-4.5262532283464569
11
5.7759126377952752
21
-4.5174399606299209
0
LINE
8
BLACK
6
CONTINUOUS
10
5.7759126377952752
20
-4.5174399606299209
11
5.7801196850393701
21
-4.5091831496062991
0
LINE
8
BLACK
6
CONTINUOUS
10
5.7801196850393701
20
-4.5091831496062991
11
5.7855665748031493
21
-4.5016861417322831
0
LINE
8
BLACK
6
CONTINUOUS
10
5.7855665748031493
20
-4.5016861417322831
11
5.7921192125984247
21
-4.4951335039370077
0
LINE
8
BLACK
6
CONTINUOUS
10
5.7921192125984247
20
-4.4951335039370077
11
5.7996162204724406
21
-4.4896866141732286
0
LINE
8
BLACK
6
CONTINUOUS
10
5.7996162204724406
20
-4.4896866141732286
11
5.8078730314960625
21
-4.4854795669291336
0
LINE
8
BLACK
6
CONTINUOUS
10
5.8078730314960625
20
-4.4854795669291336
11
5.8166862992125985
21
-4.4826159448818901
0
LINE
8
BLACK
6
CONTINUOUS
10
5.8166862992125985
20
-4.4826159448818901
11
5.8258390157480315
21
-4.4811662992125987
0
LINE
8
BLACK
6
CONTINUOUS
10
5.8258390157480315
20
-4.4811662992125987
11
5.8351058661417321
21
-4.4811662992125987
0
LINE
8
BLACK
6
CONTINUOUS
10
5.8351058661417321
20
-4.4811662992125987
11
5.8442585826771651
21
-4.4826159448818901
0
LINE
8
BLACK
6
CONTINUOUS
10
6.2379593700787401
20
-4.4826159448818901
11
6.2467726377952753
21
-4.4854795669291336
0
LINE
8
BLACK
6
CONTINUOUS
10
6.2467726377952753
20
-4.4854795669291336
11
6.2550294488188971
21
-4.4896866141732286
0
LINE
8
BLACK
6
CONTINUOUS
10
6.2550294488188971
20
-4.4896866141732286
11
6.2625264566929131
21
-4.4951335039370077
0
LINE
8
BLACK
6
CONTINUOUS
10
6.2625264566929131
20
-4.4951335039370077
11
6.2690790944881885
21
-4.5016861417322831
0
LINE
8
BLACK
6
CONTINUOUS
10
6.2690790944881885
20
-4.5016861417322831
11
6.2745259842519685
21
-4.5091831496062991
0
LINE
8
BLACK
6
CONTINUOUS
10
6.2745259842519685
20
-4.5091831496062991
11
6.2787330314960625
21
-4.5174399606299209
0
LINE
8
BLACK
6
CONTINUOUS
10
6.2787330314960625
20
-4.5174399606299209
11
6.281596653543307
21
-4.5262532283464569
0
LINE
8
BLACK
6
CONTINUOUS
10
6.281596653543307
20
-4.5262532283464569
11
6.2830462992125984
21
-4.53540594488189
0
LINE
8
BLACK
6
CONTINUOUS
10
6.2830462992125984
20
-4.53540594488189
11
6.2830462992125984
21
-4.5446727952755905
0
LINE
8
BLACK
6
CONTINUOUS
10
6.2830462992125984
20
-4.5446727952755905
11
6.281596653543307
21
-4.5538255118110236
0
LINE
8
BLACK
6
CONTINUOUS
10
6.281596653543307
20
-4.5538255118110236
11
6.2787330314960625
21
-4.5626387795275587
0
LINE
8
BLACK
6
CONTINUOUS
10
6.2787330314960625
20
-4.5626387795275587
11
6.2745259842519685
21
-4.5708955905511814
0
LINE
8
BLACK
6
CONTINUOUS
10
6.2745259842519685
20
-4.5708955905511814
11
6.2690790944881885
21
-4.5783925984251965
0
LINE
8
BLACK
6
CONTINUOUS
10
6.2690790944881885
20
-4.5783925984251965
11
6.2625264566929131
21
-4.5849452362204719
0
LINE
8
BLACK
6
CONTINUOUS
10
6.2625264566929131
20
-4.5849452362204719
11
6.2550294488188971
21
-4.5903921259842519
0
LINE
8
BLACK
6
CONTINUOUS
10
6.2550294488188971
20
-4.5903921259842519
11
6.2467726377952753
21
-4.594599173228346
0
LINE
8
BLACK
6
CONTINUOUS
10
6.2467726377952753
20
-4.594599173228346
11
6.2379593700787401
21
-4.5974627952755904
0
LINE
8
BLACK
6
CONTINUOUS
10
6.2379593700787401
20
-4.5974627952755904
11
6.2288066535433071
21
-4.5989124409448818
0
LINE
8
BLACK
6
CONTINUOUS
10
6.2288066535433071
20
-4.5989124409448818
11
6.2195398031496065
21
-4.5989124409448818
0
LINE
8
BLACK
6
CONTINUOUS
10
6.2195398031496065
20
-4.5989124409448818
11
6.2103870866141735
21
-4.5974627952755904
0
LINE
8
BLACK
6
CONTINUOUS
10
6.2103870866141735
20
-4.5974627952755904
11
6.2015738188976375
21
-4.594599173228346
0
LINE
8
BLACK
6
CONTINUOUS
10
6.2015738188976375
20
-4.594599173228346
11
6.1933170078740156
21
-4.5903921259842519
0
LINE
8
BLACK
6
CONTINUOUS
10
6.1933170078740156
20
-4.5903921259842519
11
6.1858199999999997
21
-4.5849452362204719
0
LINE
8
BLACK
6
CONTINUOUS
10
6.1858199999999997
20
-4.5849452362204719
11
6.1792673622047243
21
-4.5783925984251965
0
LINE
8
BLACK
6
CONTINUOUS
10
6.1792673622047243
20
-4.5783925984251965
11
6.1738204724409451
21
-4.5708955905511814
0
LINE
8
BLACK
6
CONTINUOUS
10
6.1738204724409451
20
-4.5708955905511814
11
6.1696134251968502
21
-4.5626387795275587
0
LINE
8
BLACK
6
CONTINUOUS
10
6.1696134251968502
20
-4.5626387795275587
11
6.1667498031496057
21
-4.5538255118110236
0
LINE
8
BLACK
6
CONTINUOUS
10
6.1667498031496057
20
-4.5538255118110236
11
6.1653001574803152
21
-4.5446727952755905
0
LINE
8
BLACK
6
CONTINUOUS
10
6.1653001574803152
20
-4.5446727952755905
11
6.1653001574803152
21
-4.53540594488189
0
LINE
8
BLACK
6
CONTINUOUS
10
6.1653001574803152
20
-4.53540594488189
11
6.1667498031496057
21
-4.5262532283464569
0
LINE
8
BLACK
6
CONTINUOUS
10
6.1667498031496057
20
-4.5262532283464569
11
6.1696134251968502
21
-4.5174399606299209
0
LINE
8
BLACK
6
CONTINUOUS
10
6.1696134251968502
20
-4.5174399606299209
11
6.1738204724409451
21
-4.5091831496062991
0
LINE
8
BLACK
6
CONTINUOUS
10
6.1738204724409451
20
-4.5091831496062991
11
6.1792673622047243
21
-4.5016861417322831
0
LINE
8
BLACK
6
CONTINUOUS
10
6.1792673622047243
20
-4.5016861417322831
11
6.1858199999999997
21
-4.4951335039370077
0
LINE
8
BLACK
6
CONTINUOUS
10
6.1858199999999997
20
-4.4951335039370077
11
6.1933170078740156
21
-4.4896866141732286
0
LINE
8
BLACK
6
CONTINUOUS
10
6.1933170078740156
20
-4.4896866141732286
11
6.2015738188976375
21
-4.4854795669291336
0
LINE
8
BLACK
6
CONTINUOUS
10
6.2015738188976375
20
-4.4854795669291336
11
6.2103870866141735
21
-4.4826159448818901
0
LINE
8
BLACK
6
CONTINUOUS
10
6.2103870866141735
20
-4.4826159448818901
11
6.2195398031496065
21
-4.4811662992125987
0
LINE
8
BLACK
6
CONTINUOUS
10
6.2195398031496065
20
-4.4811662992125987
11
6.2288066535433071
21
-4.4811662992125987
0
LINE
8
BLACK
6
CONTINUOUS
10
6.2288066535433071
20
-4.4811662992125987
11
6.2379593700787401
21
-4.4826159448818901
0
LINE
8
BLACK
6
CONTINUOUS
10
6.4930968503937008
20
-4.4284584645669289
11
6.4980815354330703
21
-4.4302026771653544
0
LINE
8
BLACK
6
CONTINUOUS
10
6.4980815354330703
20
-4.4302026771653544
11
6.5023306299212598
21
-4.4333386614173227
0
LINE
8
BLACK
6
CONTINUOUS
10
6.5023306299212598
20
-4.4333386614173227
11
6.505466614173228
21
-4.4375877559055121
0
LINE
8
BLACK
6
CONTINUOUS
10
6.505466614173228
20
-4.4375877559055121
11
6.5072108267716535
21
-4.4425724409448817
0
LINE
8
BLACK
6
CONTINUOUS
10
6.5072108267716535
20
-4.4425724409448817
11
6.5075196850393695
21
-4.4458661417322833
0
LINE
8
BLACK
6
CONTINUOUS
10
6.5075196850393695
20
-4.4458661417322833
11
6.5075196850393695
21
-4.465551181102362
0
LINE
8
BLACK
6
CONTINUOUS
10
6.5075196850393695
20
-4.465551181102362
11
6.5072108267716535
21
-4.4688448818897637
0
LINE
8
BLACK
6
CONTINUOUS
10
6.5072108267716535
20
-4.4688448818897637
11
6.505466614173228
21
-4.4738295669291341
0
LINE
8
BLACK
6
CONTINUOUS
10
6.505466614173228
20
-4.4738295669291341
11
6.5023306299212598
21
-4.4780786614173227
0
LINE
8
BLACK
6
CONTINUOUS
10
6.5023306299212598
20
-4.4780786614173227
11
6.4980815354330703
21
-4.481214645669291
0
LINE
8
BLACK
6
CONTINUOUS
10
6.4980815354330703
20
-4.481214645669291
11
6.4930968503937008
21
-4.4829588582677165
0
LINE
8
BLACK
6
CONTINUOUS
10
6.4930968503937008
20
-4.4829588582677165
11
6.4898031496062991
21
-4.4832677165354333
0
LINE
8
BLACK
6
CONTINUOUS
10
6.4898031496062991
20
-4.4832677165354333
11
6.4031889763779528
21
-4.4832677165354333
0
LINE
8
BLACK
6
CONTINUOUS
10
6.4031889763779528
20
-4.4832677165354333
11
6.3998952755905512
21
-4.4829588582677165
0
LINE
8
BLACK
6
CONTINUOUS
10
6.3998952755905512
20
-4.4829588582677165
11
6.3949105905511807
21
-4.481214645669291
0
LINE
8
BLACK
6
CONTINUOUS
10
6.3949105905511807
20
-4.481214645669291
11
6.3906614960629922
21
-4.4780786614173227
0
LINE
8
BLACK
6
CONTINUOUS
10
6.3906614960629922
20
-4.4780786614173227
11
6.3875255118110239
21
-4.4738295669291341
0
LINE
8
BLACK
6
CONTINUOUS
10
6.3875255118110239
20
-4.4738295669291341
11
6.3857812992125984
21
-4.4688448818897637
0
LINE
8
BLACK
6
CONTINUOUS
10
6.3857812992125984
20
-4.4688448818897637
11
6.3854724409448815
21
-4.465551181102362
0
LINE
8
BLACK
6
CONTINUOUS
10
6.3854724409448815
20
-4.465551181102362
11
6.3854724409448815
21
-4.4458661417322833
0
LINE
8
BLACK
6
CONTINUOUS
10
6.3854724409448815
20
-4.4458661417322833
11
6.3857812992125984
21
-4.4425724409448817
0
LINE
8
BLACK
6
CONTINUOUS
10
6.3857812992125984
20
-4.4425724409448817
11
6.3875255118110239
21
-4.4375877559055121
0
LINE
8
BLACK
6
CONTINUOUS
10
6.3875255118110239
20
-4.4375877559055121
11
6.3906614960629922
21
-4.4333386614173227
0
LINE
8
BLACK
6
CONTINUOUS
10
6.3906614960629922
20
-4.4333386614173227
11
6.3949105905511807
21
-4.4302026771653544
0
LINE
8
BLACK
6
CONTINUOUS
10
6.3949105905511807
20
-4.4302026771653544
11
6.3998952755905512
21
-4.4284584645669289
0
LINE
8
BLACK
6
CONTINUOUS
10
6.3998952755905512
20
-4.4284584645669289
11
6.4031889763779528
21
-4.4281496062992121
0
LINE
8
BLACK
6
CONTINUOUS
10
6.4031889763779528
20
-4.4281496062992121
11
6.4898031496062991
21
-4.4281496062992121
0
LINE
8
BLACK
6
CONTINUOUS
10
6.4898031496062991
20
-4.4281496062992121
11
6.4930968503937008
21
-4.4284584645669289
0
LINE
8
BLACK
6
CONTINUOUS
10
5.6180553937007875
20
-4.4200620866141733
11
5.6224454330708662
21
-4.4222989370078736
0
LINE
8
BLACK
6
CONTINUOUS
10
5.6224454330708662
20
-4.4222989370078736
11
5.625929409448819
21
-4.4257829133858264
0
LINE
8
BLACK
6
CONTINUOUS
10
5.625929409448819
20
-4.4257829133858264
11
5.6281662598425193
21
-4.4301729527559051
0
LINE
8
BLACK
6
CONTINUOUS
10
5.6281662598425193
20
-4.4301729527559051
11
5.6289370078740157
21
-4.4350393700787398
0
LINE
8
BLACK
6
CONTINUOUS
10
5.6289370078740157
20
-4.4350393700787398
11
5.6289370078740157
21
-4.4507874015748028
0
LINE
8
BLACK
6
CONTINUOUS
10
5.6289370078740157
20
-4.4507874015748028
11
5.6281662598425193
21
-4.4556538188976376
0
LINE
8
BLACK
6
CONTINUOUS
10
5.6281662598425193
20
-4.4556538188976376
11
5.625929409448819
21
-4.4600438582677162
0
LINE
8
BLACK
6
CONTINUOUS
10
5.625929409448819
20
-4.4600438582677162
11
5.6224454330708662
21
-4.463527834645669
0
LINE
8
BLACK
6
CONTINUOUS
10
5.6224454330708662
20
-4.463527834645669
11
5.6180553937007875
21
-4.4657646850393702
0
LINE
8
BLACK
6
CONTINUOUS
10
5.6180553937007875
20
-4.4657646850393702
11
5.6131889763779528
21
-4.4665354330708658
0
LINE
8
BLACK
6
CONTINUOUS
10
5.6131889763779528
20
-4.4665354330708658
11
5.5915354330708658
21
-4.4665354330708658
0
LINE
8
BLACK
6
CONTINUOUS
10
5.5915354330708658
20
-4.4665354330708658
11
5.586669015748031
21
-4.4657646850393702
0
LINE
8
BLACK
6
CONTINUOUS
10
5.586669015748031
20
-4.4657646850393702
11
5.5822789763779523
21
-4.463527834645669
0
LINE
8
BLACK
6
CONTINUOUS
10
5.5822789763779523
20
-4.463527834645669
11
5.5787949999999995
21
-4.4600438582677162
0
LINE
8
BLACK
6
CONTINUOUS
10
5.5787949999999995
20
-4.4600438582677162
11
5.5765581496062993
21
-4.4556538188976376
0
LINE
8
BLACK
6
CONTINUOUS
10
5.5765581496062993
20
-4.4556538188976376
11
5.5757874015748028
21
-4.4507874015748028
0
LINE
8
BLACK
6
CONTINUOUS
10
5.5757874015748028
20
-4.4507874015748028
11
5.5757874015748028
21
-4.4350393700787398
0
LINE
8
BLACK
6
CONTINUOUS
10
5.5757874015748028
20
-4.4350393700787398
11
5.5765581496062993
21
-4.4301729527559051
0
LINE
8
BLACK
6
CONTINUOUS
10
5.5765581496062993
20
-4.4301729527559051
11
5.5787949999999995
21
-4.4257829133858264
0
LINE
8
BLACK
6
CONTINUOUS
10
5.5787949999999995
20
-4.4257829133858264
11
5.5822789763779523
21
-4.4222989370078736
0
LINE
8
BLACK
6
CONTINUOUS
10
5.5822789763779523
20
-4.4222989370078736
11
5.586669015748031
21
-4.4200620866141733
0
LINE
8
BLACK
6
CONTINUOUS
10
5.586669015748031
20
-4.4200620866141733
11
5.5915354330708658
21
-4.4192913385826769
0
LINE
8
BLACK
6
CONTINUOUS
10
5.5915354330708658
20
-4.4192913385826769
11
5.6131889763779528
21
-4.4192913385826769
0
LINE
8
BLACK
6
CONTINUOUS
10
5.6131889763779528
20
-4.4192913385826769
11
5.6180553937007875
21
-4.4200620866141733
0
LINE
8
BLACK
6
CONTINUOUS
10
5.5506161811023622
20
-4.416161220472441
11
5.5552120078740153
21
-4.4185029133858267
0
LINE
8
BLACK
6
CONTINUOUS
10
5.5552120078740153
20
-4.4185029133858267
11
5.5588592913385826
21
-4.422150196850394
0
LINE
8
BLACK
6
CONTINUOUS
10
5.5588592913385826
20
-4.422150196850394
11
5.5612009842519683
21
-4.4267460236220471
0
LINE
8
BLACK
6
CONTINUOUS
10
5.5612009842519683
20
-4.4267460236220471
11
5.5620078740157481
21
-4.4318405511811019
0
LINE
8
BLACK
6
CONTINUOUS
10
5.5620078740157481
20
-4.4318405511811019
11
5.5620078740157481
21
-4.4490649606299213
0
LINE
8
BLACK
6
CONTINUOUS
10
5.5620078740157481
20
-4.4490649606299213
11
5.5612009842519683
21
-4.4541594881889761
0
LINE
8
BLACK
6
CONTINUOUS
10
5.5612009842519683
20
-4.4541594881889761
11
5.5588592913385826
21
-4.45875531496063
0
LINE
8
BLACK
6
CONTINUOUS
10
5.5588592913385826
20
-4.45875531496063
11
5.5552120078740153
21
-4.4624025984251965
0
LINE
8
BLACK
6
CONTINUOUS
10
5.5552120078740153
20
-4.4624025984251965
11
5.5506161811023622
21
-4.4647442913385822
0
LINE
8
BLACK
6
CONTINUOUS
10
5.5506161811023622
20
-4.4647442913385822
11
5.5455216535433074
21
-4.465551181102362
0
LINE
8
BLACK
6
CONTINUOUS
10
5.5455216535433074
20
-4.465551181102362
11
5.5253444881889759
21
-4.465551181102362
0
LINE
8
BLACK
6
CONTINUOUS
10
5.5253444881889759
20
-4.465551181102362
11
5.5202499606299211
21
-4.4647442913385822
0
LINE
8
BLACK
6
CONTINUOUS
10
5.5202499606299211
20
-4.4647442913385822
11
5.5156541338582672
21
-4.4624025984251965
0
LINE
8
BLACK
6
CONTINUOUS
10
5.5156541338582672
20
-4.4624025984251965
11
5.5120068503937008
21
-4.45875531496063
0
LINE
8
BLACK
6
CONTINUOUS
10
5.5120068503937008
20
-4.45875531496063
11
5.509665157480315
21
-4.4541594881889761
0
LINE
8
BLACK
6
CONTINUOUS
10
5.509665157480315
20
-4.4541594881889761
11
5.5088582677165352
21
-4.4490649606299213
0
LINE
8
BLACK
6
CONTINUOUS
10
5.5088582677165352
20
-4.4490649606299213
11
5.5088582677165352
21
-4.4318405511811019
0
LINE
8
BLACK
6
CONTINUOUS
10
5.5088582677165352
20
-4.4318405511811019
11
5.509665157480315
21
-4.4267460236220471
0
LINE
8
BLACK
6
CONTINUOUS
10
5.509665157480315
20
-4.4267460236220471
11
5.5120068503937008
21
-4.422150196850394
0
LINE
8
BLACK
6
CONTINUOUS
10
5.5120068503937008
20
-4.422150196850394
11
5.5156541338582672
21
-4.4185029133858267
0
LINE
8
BLACK
6
CONTINUOUS
10
5.5156541338582672
20
-4.4185029133858267
11
5.5202499606299211
21
-4.416161220472441
0
LINE
8
BLACK
6
CONTINUOUS
10
5.5202499606299211
20
-4.416161220472441
11
5.5253444881889759
21
-4.4153543307086611
0
LINE
8
BLACK
6
CONTINUOUS
10
5.5253444881889759
20
-4.4153543307086611
11
5.5455216535433074
21
-4.4153543307086611
0
LINE
8
BLACK
6
CONTINUOUS
10
5.5455216535433074
20
-4.4153543307086611
11
5.5506161811023622
21
-4.416161220472441
0
LINE
8
BLACK
6
CONTINUOUS
10
5.5506161811023622
20
-4.3541533464566928
11
5.5552120078740153
21
-4.3564950393700785
0
LINE
8
BLACK
6
CONTINUOUS
10
5.5552120078740153
20
-4.3564950393700785
11
5.5588592913385826
21
-4.3601423228346459
0
LINE
8
BLACK
6
CONTINUOUS
10
5.5588592913385826
20
-4.3601423228346459
11
5.5612009842519683
21
-4.3647381496062989
0
LINE
8
BLACK
6
CONTINUOUS
10
5.5612009842519683
20
-4.3647381496062989
11
5.5620078740157481
21
-4.3698326771653546
0
LINE
8
BLACK
6
CONTINUOUS
10
5.5620078740157481
20
-4.3698326771653546
11
5.5620078740157481
21
-4.3870570866141732
0
LINE
8
BLACK
6
CONTINUOUS
10
5.5620078740157481
20
-4.3870570866141732
11
5.5612009842519683
21
-4.392151614173228
0
LINE
8
BLACK
6
CONTINUOUS
10
5.5612009842519683
20
-4.392151614173228
11
5.5588592913385826
21
-4.3967474409448819
0
LINE
8
BLACK
6
CONTINUOUS
10
5.5588592913385826
20
-4.3967474409448819
11
5.5552120078740153
21
-4.4003947244094483
0
LINE
8
BLACK
6
CONTINUOUS
10
5.5552120078740153
20
-4.4003947244094483
11
5.5506161811023622
21
-4.4027364173228349
0
LINE
8
BLACK
6
CONTINUOUS
10
5.5506161811023622
20
-4.4027364173228349
11
5.5455216535433074
21
-4.4035433070866139
0
LINE
8
BLACK
6
CONTINUOUS
10
5.5455216535433074
20
-4.4035433070866139
11
5.5253444881889759
21
-4.4035433070866139
0
LINE
8
BLACK
6
CONTINUOUS
10
5.5253444881889759
20
-4.4035433070866139
11
5.5202499606299211
21
-4.4027364173228349
0
LINE
8
BLACK
6
CONTINUOUS
10
5.5202499606299211
20
-4.4027364173228349
11
5.5156541338582672
21
-4.4003947244094483
0
LINE
8
BLACK
6
CONTINUOUS
10
5.5156541338582672
20
-4.4003947244094483
11
5.5120068503937008
21
-4.3967474409448819
0
LINE
8
BLACK
6
CONTINUOUS
10
5.5120068503937008
20
-4.3967474409448819
11
5.509665157480315
21
-4.392151614173228
0
LINE
8
BLACK
6
CONTINUOUS
10
5.509665157480315
20
-4.392151614173228
11
5.5088582677165352
21
-4.3870570866141732
0
LINE
8
BLACK
6
CONTINUOUS
10
5.5088582677165352
20
-4.3870570866141732
11
5.5088582677165352
21
-4.3698326771653546
0
LINE
8
BLACK
6
CONTINUOUS
10
5.5088582677165352
20
-4.3698326771653546
11
5.509665157480315
21
-4.3647381496062989
0
LINE
8
BLACK
6
CONTINUOUS
10
5.509665157480315
20
-4.3647381496062989
11
5.5120068503937008
21
-4.3601423228346459
0
LINE
8
BLACK
6
CONTINUOUS
10
5.5120068503937008
20
-4.3601423228346459
11
5.5156541338582672
21
-4.3564950393700785
0
LINE
8
BLACK
6
CONTINUOUS
10
5.5156541338582672
20
-4.3564950393700785
11
5.5202499606299211
21
-4.3541533464566928
0
LINE
8
BLACK
6
CONTINUOUS
10
5.5202499606299211
20
-4.3541533464566928
11
5.5253444881889759
21
-4.353346456692913
0
LINE
8
BLACK
6
CONTINUOUS
10
5.5253444881889759
20
-4.353346456692913
11
5.5455216535433074
21
-4.353346456692913
0
LINE
8
BLACK
6
CONTINUOUS
10
5.5455216535433074
20
-4.353346456692913
11
5.5506161811023622
21
-4.3541533464566928
0
LINE
8
BLACK
6
CONTINUOUS
10
6.3520026771653546
20
-4.3637618110236218
11
6.356077834645669
21
-4.36575405511811
0
LINE
8
BLACK
6
CONTINUOUS
10
6.356077834645669
20
-4.36575405511811
11
6.3592853149606299
21
-4.3689615354330709
0
LINE
8
BLACK
6
CONTINUOUS
10
6.3592853149606299
20
-4.3689615354330709
11
6.361277559055118
21
-4.3730366929133861
0
LINE
8
BLACK
6
CONTINUOUS
10
6.361277559055118
20
-4.3730366929133861
11
6.3618503937007871
21
-4.3769685039370074
0
LINE
8
BLACK
6
CONTINUOUS
10
6.3618503937007871
20
-4.3769685039370074
11
6.3618503937007871
21
-4.3887795275590546
0
LINE
8
BLACK
6
CONTINUOUS
10
6.3618503937007871
20
-4.3887795275590546
11
6.361277559055118
21
-4.3927113385826768
0
LINE
8
BLACK
6
CONTINUOUS
10
6.361277559055118
20
-4.3927113385826768
11
6.3592853149606299
21
-4.3967864960629921
0
LINE
8
BLACK
6
CONTINUOUS
10
6.3592853149606299
20
-4.3967864960629921
11
6.356077834645669
21
-4.399993976377953
0
LINE
8
BLACK
6
CONTINUOUS
10
6.356077834645669
20
-4.399993976377953
11
6.3520026771653546
21
-4.4019862204724411
0
LINE
8
BLACK
6
CONTINUOUS
10
6.3520026771653546
20
-4.4019862204724411
11
6.3480708661417324
21
-4.4025590551181102
0
LINE
8
BLACK
6
CONTINUOUS
10
6.3480708661417324
20
-4.4025590551181102
11
6.2929527559055121
21
-4.4025590551181102
0
LINE
8
BLACK
6
CONTINUOUS
10
6.2929527559055121
20
-4.4025590551181102
11
6.2890209448818899
21
-4.4019862204724411
0
LINE
8
BLACK
6
CONTINUOUS
10
6.2890209448818899
20
-4.4019862204724411
11
6.2849457874015746
21
-4.399993976377953
0
LINE
8
BLACK
6
CONTINUOUS
10
6.2849457874015746
20
-4.399993976377953
11
6.2817383070866137
21
-4.3967864960629921
0
LINE
8
BLACK
6
CONTINUOUS
10
6.2817383070866137
20
-4.3967864960629921
11
6.2797460629921256
21
-4.3927113385826768
0
LINE
8
BLACK
6
CONTINUOUS
10
6.2797460629921256
20
-4.3927113385826768
11
6.2791732283464565
21
-4.3887795275590546
0
LINE
8
BLACK
6
CONTINUOUS
10
6.2791732283464565
20
-4.3887795275590546
11
6.2791732283464565
21
-4.3769685039370074
0
LINE
8
BLACK
6
CONTINUOUS
10
6.2791732283464565
20
-4.3769685039370074
11
6.2797460629921256
21
-4.3730366929133861
0
LINE
8
BLACK
6
CONTINUOUS
10
6.2797460629921256
20
-4.3730366929133861
11
6.2817383070866137
21
-4.3689615354330709
0
LINE
8
BLACK
6
CONTINUOUS
10
6.2817383070866137
20
-4.3689615354330709
11
6.2849457874015746
21
-4.36575405511811
0
LINE
8
BLACK
6
CONTINUOUS
10
6.2849457874015746
20
-4.36575405511811
11
6.2890209448818899
21
-4.3637618110236218
0
LINE
8
BLACK
6
CONTINUOUS
10
6.2890209448818899
20
-4.3637618110236218
11
6.2929527559055121
21
-4.3631889763779528
0
LINE
8
BLACK
6
CONTINUOUS
10
6.2929527559055121
20
-4.3631889763779528
11
6.3480708661417324
21
-4.3631889763779528
0
LINE
8
BLACK
6
CONTINUOUS
10
6.3480708661417324
20
-4.3631889763779528
11
6.3520026771653546
21
-4.3637618110236218
0
LINE
8
BLACK
6
CONTINUOUS
10
5.6180553937007875
20
-4.3551014566929132
11
5.6224454330708662
21
-4.3573383070866143
0
LINE
8
BLACK
6
CONTINUOUS
10
5.6224454330708662
20
-4.3573383070866143
11
5.625929409448819
21
-4.3608222834645671
0
LINE
8
BLACK
6
CONTINUOUS
10
5.625929409448819
20
-4.3608222834645671
11
5.6281662598425193
21
-4.3652123228346458
0
LINE
8
BLACK
6
CONTINUOUS
10
5.6281662598425193
20
-4.3652123228346458
11
5.6289370078740157
21
-4.3700787401574805
0
LINE
8
BLACK
6
CONTINUOUS
10
5.6289370078740157
20
-4.3700787401574805
11
5.6289370078740157
21
-4.3858267716535435
0
LINE
8
BLACK
6
CONTINUOUS
10
5.6289370078740157
20
-4.3858267716535435
11
5.6281662598425193
21
-4.3906931889763783
0
LINE
8
BLACK
6
CONTINUOUS
10
5.6281662598425193
20
-4.3906931889763783
11
5.625929409448819
21
-4.3950832283464569
0
LINE
8
BLACK
6
CONTINUOUS
10
5.625929409448819
20
-4.3950832283464569
11
5.6224454330708662
21
-4.3985672047244098
0
LINE
8
BLACK
6
CONTINUOUS
10
5.6224454330708662
20
-4.3985672047244098
11
5.6180553937007875
21
-4.40080405511811
0
LINE
8
BLACK
6
CONTINUOUS
10
5.6180553937007875
20
-4.40080405511811
11
5.6131889763779528
21
-4.4015748031496065
0
LINE
8
BLACK
6
CONTINUOUS
10
5.6131889763779528
20
-4.4015748031496065
11
5.5915354330708658
21
-4.4015748031496065
0
LINE
8
BLACK
6
CONTINUOUS
10
5.5915354330708658
20
-4.4015748031496065
11
5.586669015748031
21
-4.40080405511811
0
LINE
8
BLACK
6
CONTINUOUS
10
5.586669015748031
20
-4.40080405511811
11
5.5822789763779523
21
-4.3985672047244098
0
LINE
8
BLACK
6
CONTINUOUS
10
5.5822789763779523
20
-4.3985672047244098
11
5.5787949999999995
21
-4.3950832283464569
0
LINE
8
BLACK
6
CONTINUOUS
10
5.5787949999999995
20
-4.3950832283464569
11
5.5765581496062993
21
-4.3906931889763783
0
LINE
8
BLACK
6
CONTINUOUS
10
5.5765581496062993
20
-4.3906931889763783
11
5.5757874015748028
21
-4.3858267716535435
0
LINE
8
BLACK
6
CONTINUOUS
10
5.5757874015748028
20
-4.3858267716535435
11
5.5757874015748028
21
-4.3700787401574805
0
LINE
8
BLACK
6
CONTINUOUS
10
5.5757874015748028
20
-4.3700787401574805
11
5.5765581496062993
21
-4.3652123228346458
0
LINE
8
BLACK
6
CONTINUOUS
10
5.5765581496062993
20
-4.3652123228346458
11
5.5787949999999995
21
-4.3608222834645671
0
LINE
8
BLACK
6
CONTINUOUS
10
5.5787949999999995
20
-4.3608222834645671
11
5.5822789763779523
21
-4.3573383070866143
0
LINE
8
BLACK
6
CONTINUOUS
10
5.5822789763779523
20
-4.3573383070866143
11
5.586669015748031
21
-4.3551014566929132
0
LINE
8
BLACK
6
CONTINUOUS
10
5.586669015748031
20
-4.3551014566929132
11
5.5915354330708658
21
-4.3543307086614176
0
LINE
8
BLACK
6
CONTINUOUS
10
5.5915354330708658
20
-4.3543307086614176
11
5.6131889763779528
21
-4.3543307086614176
0
LINE
8
BLACK
6
CONTINUOUS
10
5.6131889763779528
20
-4.3543307086614176
11
5.6180553937007875
21
-4.3551014566929132
0
LINE
8
BLACK
6
CONTINUOUS
10
6.3520026771653546
20
-4.3145492125984255
11
6.356077834645669
21
-4.3165414566929137
0
LINE
8
BLACK
6
CONTINUOUS
10
6.356077834645669
20
-4.3165414566929137
11
6.3592853149606299
21
-4.3197489370078737
0
LINE
8
BLACK
6
CONTINUOUS
10
6.3592853149606299
20
-4.3197489370078737
11
6.361277559055118
21
-4.3238240944881889
0
LINE
8
BLACK
6
CONTINUOUS
10
6.361277559055118
20
-4.3238240944881889
11
6.3618503937007871
21
-4.3277559055118111
0
LINE
8
BLACK
6
CONTINUOUS
10
6.3618503937007871
20
-4.3277559055118111
11
6.3618503937007871
21
-4.3395669291338583
0
LINE
8
BLACK
6
CONTINUOUS
10
6.3618503937007871
20
-4.3395669291338583
11
6.361277559055118
21
-4.3434987401574805
0
LINE
8
BLACK
6
CONTINUOUS
10
6.361277559055118
20
-4.3434987401574805
11
6.3592853149606299
21
-4.3475738976377949
0
LINE
8
BLACK
6
CONTINUOUS
10
6.3592853149606299
20
-4.3475738976377949
11
6.356077834645669
21
-4.3507813779527558
0
LINE
8
BLACK
6
CONTINUOUS
10
6.356077834645669
20
-4.3507813779527558
11
6.3520026771653546
21
-4.3527736220472439
0
LINE
8
BLACK
6
CONTINUOUS
10
6.3520026771653546
20
-4.3527736220472439
11
6.3480708661417324
21
-4.353346456692913
0
LINE
8
BLACK
6
CONTINUOUS
10
6.3480708661417324
20
-4.353346456692913
11
6.2929527559055121
21
-4.353346456692913
0
LINE
8
BLACK
6
CONTINUOUS
10
6.2929527559055121
20
-4.353346456692913
11
6.2890209448818899
21
-4.3527736220472439
0
LINE
8
BLACK
6
CONTINUOUS
10
6.2890209448818899
20
-4.3527736220472439
11
6.2849457874015746
21
-4.3507813779527558
0
LINE
8
BLACK
6
CONTINUOUS
10
6.2849457874015746
20
-4.3507813779527558
11
6.2817383070866137
21
-4.3475738976377949
0
LINE
8
BLACK
6
CONTINUOUS
10
6.2817383070866137
20
-4.3475738976377949
11
6.2797460629921256
21
-4.3434987401574805
0
LINE
8
BLACK
6
CONTINUOUS
10
6.2797460629921256
20
-4.3434987401574805
11
6.2791732283464565
21
-4.3395669291338583
0
LINE
8
BLACK
6
CONTINUOUS
10
6.2791732283464565
20
-4.3395669291338583
11
6.2791732283464565
21
-4.3277559055118111
0
LINE
8
BLACK
6
CONTINUOUS
10
6.2791732283464565
20
-4.3277559055118111
11
6.2797460629921256
21
-4.3238240944881889
0
LINE
8
BLACK
6
CONTINUOUS
10
6.2797460629921256
20
-4.3238240944881889
11
6.2817383070866137
21
-4.3197489370078737
0
LINE
8
BLACK
6
CONTINUOUS
10
6.2817383070866137
20
-4.3197489370078737
11
6.2849457874015746
21
-4.3165414566929137
0
LINE
8
BLACK
6
CONTINUOUS
10
6.2849457874015746
20
-4.3165414566929137
11
6.2890209448818899
21
-4.3145492125984255
0
LINE
8
BLACK
6
CONTINUOUS
10
6.2890209448818899
20
-4.3145492125984255
11
6.2929527559055121
21
-4.3139763779527556
0
LINE
8
BLACK
6
CONTINUOUS
10
6.2929527559055121
20
-4.3139763779527556
11
6.3480708661417324
21
-4.3139763779527556
0
LINE
8
BLACK
6
CONTINUOUS
10
6.3480708661417324
20
-4.3139763779527556
11
6.3520026771653546
21
-4.3145492125984255
0
LINE
8
BLACK
6
CONTINUOUS
10
6.3520026771653546
20
-4.2653366141732283
11
6.356077834645669
21
-4.2673288582677165
0
LINE
8
BLACK
6
CONTINUOUS
10
6.356077834645669
20
-4.2673288582677165
11
6.3592853149606299
21
-4.2705363385826773
0
LINE
8
BLACK
6
CONTINUOUS
10
6.3592853149606299
20
-4.2705363385826773
11
6.361277559055118
21
-4.2746114960629917
0
LINE
8
BLACK
6
CONTINUOUS
10
6.361277559055118
20
-4.2746114960629917
11
6.3618503937007871
21
-4.2785433070866139
0
LINE
8
BLACK
6
CONTINUOUS
10
6.3618503937007871
20
-4.2785433070866139
11
6.3618503937007871
21
-4.2903543307086611
0
LINE
8
BLACK
6
CONTINUOUS
10
6.3618503937007871
20
-4.2903543307086611
11
6.361277559055118
21
-4.2942861417322833
0
LINE
8
BLACK
6
CONTINUOUS
10
6.361277559055118
20
-4.2942861417322833
11
6.3592853149606299
21
-4.2983612992125986
0
LINE
8
BLACK
6
CONTINUOUS
10
6.3592853149606299
20
-4.2983612992125986
11
6.356077834645669
21
-4.3015687795275586
0
LINE
8
BLACK
6
CONTINUOUS
10
6.356077834645669
20
-4.3015687795275586
11
6.3520026771653546
21
-4.3035610236220467
0
LINE
8
BLACK
6
CONTINUOUS
10
6.3520026771653546
20
-4.3035610236220467
11
6.3480708661417324
21
-4.3041338582677167
0
LINE
8
BLACK
6
CONTINUOUS
10
6.3480708661417324
20
-4.3041338582677167
11
6.2929527559055121
21
-4.3041338582677167
0
LINE
8
BLACK
6
CONTINUOUS
10
6.2929527559055121
20
-4.3041338582677167
11
6.2890209448818899
21
-4.3035610236220467
0
LINE
8
BLACK
6
CONTINUOUS
10
6.2890209448818899
20
-4.3035610236220467
11
6.2849457874015746
21
-4.3015687795275586
0
LINE
8
BLACK
6
CONTINUOUS
10
6.2849457874015746
20
-4.3015687795275586
11
6.2817383070866137
21
-4.2983612992125986
0
LINE
8
BLACK
6
CONTINUOUS
10
6.2817383070866137
20
-4.2983612992125986
11
6.2797460629921256
21
-4.2942861417322833
0
LINE
8
BLACK
6
CONTINUOUS
10
6.2797460629921256
20
-4.2942861417322833
11
6.2791732283464565
21
-4.2903543307086611
0
LINE
8
BLACK
6
CONTINUOUS
10
6.2791732283464565
20
-4.2903543307086611
11
6.2791732283464565
21
-4.2785433070866139
0
LINE
8
BLACK
6
CONTINUOUS
10
6.2791732283464565
20
-4.2785433070866139
11
6.2797460629921256
21
-4.2746114960629917
0
LINE
8
BLACK
6
CONTINUOUS
10
6.2797460629921256
20
-4.2746114960629917
11
6.2817383070866137
21
-4.2705363385826773
0
LINE
8
BLACK
6
CONTINUOUS
10
6.2817383070866137
20
-4.2705363385826773
11
6.2849457874015746
21
-4.2673288582677165
0
LINE
8
BLACK
6
CONTINUOUS
10
6.2849457874015746
20
-4.2673288582677165
11
6.2890209448818899
21
-4.2653366141732283
0
LINE
8
BLACK
6
CONTINUOUS
10
6.2890209448818899
20
-4.2653366141732283
11
6.2929527559055121
21
-4.2647637795275593
0
LINE
8
BLACK
6
CONTINUOUS
10
6.2929527559055121
20
-4.2647637795275593
11
6.3480708661417324
21
-4.2647637795275593
0
LINE
8
BLACK
6
CONTINUOUS
10
6.3480708661417324
20
-4.2647637795275593
11
6.3520026771653546
21
-4.2653366141732283
0
LINE
8
BLACK
6
CONTINUOUS
10
5.8894229133858262
20
-4.257403937007874
11
5.8938732677165353
21
-4.2599733464566931
0
LINE
8
BLACK
6
CONTINUOUS
10
5.8938732677165353
20
-4.2599733464566931
11
5.8975069685039365
21
-4.2636070472440943
0
LINE
8
BLACK
6
CONTINUOUS
10
5.8975069685039365
20
-4.2636070472440943
11
5.9000763779527556
21
-4.2680574015748034
0
LINE
8
BLACK
6
CONTINUOUS
10
5.9000763779527556
20
-4.2680574015748034
11
5.9014063779527559
21
-4.2730211417322836
0
LINE
8
BLACK
6
CONTINUOUS
10
5.9014063779527559
20
-4.2730211417322836
11
5.9014063779527559
21
-4.278159960629921
0
LINE
8
BLACK
6
CONTINUOUS
10
5.9014063779527559
20
-4.278159960629921
11
5.9000763779527556
21
-4.2831237007874012
0
LINE
8
BLACK
6
CONTINUOUS
10
5.9000763779527556
20
-4.2831237007874012
11
5.8975069685039365
21
-4.2875740551181103
0
LINE
8
BLACK
6
CONTINUOUS
10
5.8975069685039365
20
-4.2875740551181103
11
5.8938732677165353
21
-4.2912077559055115
0
LINE
8
BLACK
6
CONTINUOUS
10
5.8938732677165353
20
-4.2912077559055115
11
5.8894229133858262
21
-4.2937771653543306
0
LINE
8
BLACK
6
CONTINUOUS
10
5.8894229133858262
20
-4.2937771653543306
11
5.884459173228346
21
-4.2951071653543309
0
LINE
8
BLACK
6
CONTINUOUS
10
5.884459173228346
20
-4.2951071653543309
11
5.8793203543307087
21
-4.2951071653543309
0
LINE
8
BLACK
6
CONTINUOUS
10
5.8793203543307087
20
-4.2951071653543309
11
5.8743566141732284
21
-4.2937771653543306
0
LINE
8
BLACK
6
CONTINUOUS
10
5.8743566141732284
20
-4.2937771653543306
11
5.8699062598425193
21
-4.2912077559055115
0
LINE
8
BLACK
6
CONTINUOUS
10
5.8699062598425193
20
-4.2912077559055115
11
5.8662725590551181
21
-4.2875740551181103
0
LINE
8
BLACK
6
CONTINUOUS
10
5.8662725590551181
20
-4.2875740551181103
11
5.863703149606299
21
-4.2831237007874012
0
LINE
8
BLACK
6
CONTINUOUS
10
5.863703149606299
20
-4.2831237007874012
11
5.8623731496062987
21
-4.278159960629921
0
LINE
8
BLACK
6
CONTINUOUS
10
5.8623731496062987
20
-4.278159960629921
11
5.8623731496062987
21
-4.2730211417322836
0
LINE
8
BLACK
6
CONTINUOUS
10
5.8623731496062987
20
-4.2730211417322836
11
5.863703149606299
21
-4.2680574015748034
0
LINE
8
BLACK
6
CONTINUOUS
10
5.863703149606299
20
-4.2680574015748034
11
5.8662725590551181
21
-4.2636070472440943
0
LINE
8
BLACK
6
CONTINUOUS
10
5.8662725590551181
20
-4.2636070472440943
11
5.8699062598425193
21
-4.2599733464566931
0
LINE
8
BLACK
6
CONTINUOUS
10
5.8699062598425193
20
-4.2599733464566931
11
5.8743566141732284
21
-4.257403937007874
0
LINE
8
BLACK
6
CONTINUOUS
10
5.8743566141732284
20
-4.257403937007874
11
5.8793203543307087
21
-4.2560739370078737
0
LINE
8
BLACK
6
CONTINUOUS
10
5.8793203543307087
20
-4.2560739370078737
11
5.884459173228346
21
-4.2560739370078737
0
LINE
8
BLACK
6
CONTINUOUS
10
5.884459173228346
20
-4.2560739370078737
11
5.8894229133858262
21
-4.257403937007874
0
LINE
8
BLACK
6
CONTINUOUS
10
5.7158004724409448
20
-4.2212913779527561
11
5.7204649212598424
21
-4.2236680314960626
0
LINE
8
BLACK
6
CONTINUOUS
10
5.7204649212598424
20
-4.2236680314960626
11
5.7241666141732281
21
-4.2273697244094484
0
LINE
8
BLACK
6
CONTINUOUS
10
5.7241666141732281
20
-4.2273697244094484
11
5.7265432677165355
21
-4.232034173228346
0
LINE
8
BLACK
6
CONTINUOUS
10
5.7265432677165355
20
-4.232034173228346
11
5.7273622047244093
21
-4.2372047244094491
0
LINE
8
BLACK
6
CONTINUOUS
10
5.7273622047244093
20
-4.2372047244094491
11
5.7273622047244093
21
-4.2549212598425195
0
LINE
8
BLACK
6
CONTINUOUS
10
5.7273622047244093
20
-4.2549212598425195
11
5.7265432677165355
21
-4.2600918110236217
0
LINE
8
BLACK
6
CONTINUOUS
10
5.7265432677165355
20
-4.2600918110236217
11
5.7241666141732281
21
-4.2647562598425193
0
LINE
8
BLACK
6
CONTINUOUS
10
5.7241666141732281
20
-4.2647562598425193
11
5.7204649212598424
21
-4.268457952755905
0
LINE
8
BLACK
6
CONTINUOUS
10
5.7204649212598424
20
-4.268457952755905
11
5.7158004724409448
21
-4.2708346062992124
0
LINE
8
BLACK
6
CONTINUOUS
10
5.7158004724409448
20
-4.2708346062992124
11
5.7106299212598426
21
-4.2716535433070861
0
LINE
8
BLACK
6
CONTINUOUS
10
5.7106299212598426
20
-4.2716535433070861
11
5.6909448818897639
21
-4.2716535433070861
0
LINE
8
BLACK
6
CONTINUOUS
10
5.6909448818897639
20
-4.2716535433070861
11
5.6857743307086617
21
-4.2708346062992124
0
LINE
8
BLACK
6
CONTINUOUS
10
5.6857743307086617
20
-4.2708346062992124
11
5.6811098818897641
21
-4.268457952755905
0
LINE
8
BLACK
6
CONTINUOUS
10
5.6811098818897641
20
-4.268457952755905
11
5.6774081889763774
21
-4.2647562598425193
0
LINE
8
BLACK
6
CONTINUOUS
10
5.6774081889763774
20
-4.2647562598425193
11
5.6750315354330709
21
-4.2600918110236217
0
LINE
8
BLACK
6
CONTINUOUS
10
5.6750315354330709
20
-4.2600918110236217
11
5.6742125984251963
21
-4.2549212598425195
0
LINE
8
BLACK
6
CONTINUOUS
10
5.6742125984251963
20
-4.2549212598425195
11
5.6742125984251963
21
-4.2372047244094491
0
LINE
8
BLACK
6
CONTINUOUS
10
5.6742125984251963
20
-4.2372047244094491
11
5.6750315354330709
21
-4.232034173228346
0
LINE
8
BLACK
6
CONTINUOUS
10
5.6750315354330709
20
-4.232034173228346
11
5.6774081889763774
21
-4.2273697244094484
0
LINE
8
BLACK
6
CONTINUOUS
10
5.6774081889763774
20
-4.2273697244094484
11
5.6811098818897641
21
-4.2236680314960626
0
LINE
8
BLACK
6
CONTINUOUS
10
5.6811098818897641
20
-4.2236680314960626
11
5.6857743307086617
21
-4.2212913779527561
0
LINE
8
BLACK
6
CONTINUOUS
10
5.6857743307086617
20
-4.2212913779527561
11
5.6909448818897639
21
-4.2204724409448815
0
LINE
8
BLACK
6
CONTINUOUS
10
5.6909448818897639
20
-4.2204724409448815
11
5.7106299212598426
21
-4.2204724409448815
0
LINE
8
BLACK
6
CONTINUOUS
10
5.7106299212598426
20
-4.2204724409448815
11
5.7158004724409448
21
-4.2212913779527561
0
LINE
8
BLACK
6
CONTINUOUS
10
6.3520026771653546
20
-4.2161240157480311
11
6.356077834645669
21
-4.2181162598425193
0
LINE
8
BLACK
6
CONTINUOUS
10
6.356077834645669
20
-4.2181162598425193
11
6.3592853149606299
21
-4.2213237401574801
0
LINE
8
BLACK
6
CONTINUOUS
10
6.3592853149606299
20
-4.2213237401574801
11
6.361277559055118
21
-4.2253988976377954
0
LINE
8
BLACK
6
CONTINUOUS
10
6.361277559055118
20
-4.2253988976377954
11
6.3618503937007871
21
-4.2293307086614176
0
LINE
8
BLACK
6
CONTINUOUS
10
6.3618503937007871
20
-4.2293307086614176
11
6.3618503937007871
21
-4.2411417322834648
0
LINE
8
BLACK
6
CONTINUOUS
10
6.3618503937007871
20
-4.2411417322834648
11
6.361277559055118
21
-4.2450735433070861
0
LINE
8
BLACK
6
CONTINUOUS
10
6.361277559055118
20
-4.2450735433070861
11
6.3592853149606299
21
-4.2491487007874014
0
LINE
8
BLACK
6
CONTINUOUS
10
6.3592853149606299
20
-4.2491487007874014
11
6.356077834645669
21
-4.2523561811023622
0
LINE
8
BLACK
6
CONTINUOUS
10
6.356077834645669
20
-4.2523561811023622
11
6.3520026771653546
21
-4.2543484251968504
0
LINE
8
BLACK
6
CONTINUOUS
10
6.3520026771653546
20
-4.2543484251968504
11
6.3480708661417324
21
-4.2549212598425195
0
LINE
8
BLACK
6
CONTINUOUS
10
6.3480708661417324
20
-4.2549212598425195
11
6.2929527559055121
21
-4.2549212598425195
0
LINE
8
BLACK
6
CONTINUOUS
10
6.2929527559055121
20
-4.2549212598425195
11
6.2890209448818899
21
-4.2543484251968504
0
LINE
8
BLACK
6
CONTINUOUS
10
6.2890209448818899
20
-4.2543484251968504
11
6.2849457874015746
21
-4.2523561811023622
0
LINE
8
BLACK
6
CONTINUOUS
10
6.2849457874015746
20
-4.2523561811023622
11
6.2817383070866137
21
-4.2491487007874014
0
LINE
8
BLACK
6
CONTINUOUS
10
6.2817383070866137
20
-4.2491487007874014
11
6.2797460629921256
21
-4.2450735433070861
0
LINE
8
BLACK
6
CONTINUOUS
10
6.2797460629921256
20
-4.2450735433070861
11
6.2791732283464565
21
-4.2411417322834648
0
LINE
8
BLACK
6
CONTINUOUS
10
6.2791732283464565
20
-4.2411417322834648
11
6.2791732283464565
21
-4.2293307086614176
0
LINE
8
BLACK
6
CONTINUOUS
10
6.2791732283464565
20
-4.2293307086614176
11
6.2797460629921256
21
-4.2253988976377954
0
LINE
8
BLACK
6
CONTINUOUS
10
6.2797460629921256
20
-4.2253988976377954
11
6.2817383070866137
21
-4.2213237401574801
0
LINE
8
BLACK
6
CONTINUOUS
10
6.2817383070866137
20
-4.2213237401574801
11
6.2849457874015746
21
-4.2181162598425193
0
LINE
8
BLACK
6
CONTINUOUS
10
6.2849457874015746
20
-4.2181162598425193
11
6.2890209448818899
21
-4.2161240157480311
0
LINE
8
BLACK
6
CONTINUOUS
10
6.2890209448818899
20
-4.2161240157480311
11
6.2929527559055121
21
-4.215551181102362
0
LINE
8
BLACK
6
CONTINUOUS
10
6.2929527559055121
20
-4.215551181102362
11
6.3480708661417324
21
-4.215551181102362
0
LINE
8
BLACK
6
CONTINUOUS
10
6.3480708661417324
20
-4.215551181102362
11
6.3520026771653546
21
-4.2161240157480311
0
LINE
8
BLACK
6
CONTINUOUS
10
5.788450826771653
20
-4.1947045275590549
11
5.7930466535433069
21
-4.1970462204724406
0
LINE
8
BLACK
6
CONTINUOUS
10
5.7930466535433069
20
-4.1970462204724406
11
5.7966939370078743
21
-4.2006935039370079
0
LINE
8
BLACK
6
CONTINUOUS
10
5.7966939370078743
20
-4.2006935039370079
11
5.79903562992126
21
-4.205289330708661
0
LINE
8
BLACK
6
CONTINUOUS
10
5.79903562992126
20
-4.205289330708661
11
5.7998425196850389
21
-4.2103838582677167
0
LINE
8
BLACK
6
CONTINUOUS
10
5.7998425196850389
20
-4.2103838582677167
11
5.7998425196850389
21
-4.2276082677165352
0
LINE
8
BLACK
6
CONTINUOUS
10
5.7998425196850389
20
-4.2276082677165352
11
5.79903562992126
21
-4.23270279527559
0
LINE
8
BLACK
6
CONTINUOUS
10
5.79903562992126
20
-4.23270279527559
11
5.7966939370078743
21
-4.2372986220472439
0
LINE
8
BLACK
6
CONTINUOUS
10
5.7966939370078743
20
-4.2372986220472439
11
5.7930466535433069
21
-4.2409459055118113
0
LINE
8
BLACK
6
CONTINUOUS
10
5.7930466535433069
20
-4.2409459055118113
11
5.788450826771653
21
-4.243287598425197
0
LINE
8
BLACK
6
CONTINUOUS
10
5.788450826771653
20
-4.243287598425197
11
5.7833562992125982
21
-4.2440944881889759
0
LINE
8
BLACK
6
CONTINUOUS
10
5.7833562992125982
20
-4.2440944881889759
11
5.7533366141732278
21
-4.2440944881889759
0
LINE
8
BLACK
6
CONTINUOUS
10
5.7533366141732278
20
-4.2440944881889759
11
5.748242086614173
21
-4.243287598425197
0
LINE
8
BLACK
6
CONTINUOUS
10
5.748242086614173
20
-4.243287598425197
11
5.74364625984252
21
-4.2409459055118113
0
LINE
8
BLACK
6
CONTINUOUS
10
5.74364625984252
20
-4.2409459055118113
11
5.7399989763779526
21
-4.2372986220472439
0
LINE
8
BLACK
6
CONTINUOUS
10
5.7399989763779526
20
-4.2372986220472439
11
5.7376572834645669
21
-4.23270279527559
0
LINE
8
BLACK
6
CONTINUOUS
10
5.7376572834645669
20
-4.23270279527559
11
5.7368503937007871
21
-4.2276082677165352
0
LINE
8
BLACK
6
CONTINUOUS
10
5.7368503937007871
20
-4.2276082677165352
11
5.7368503937007871
21
-4.2103838582677167
0
LINE
8
BLACK
6
CONTINUOUS
10
5.7368503937007871
20
-4.2103838582677167
11
5.7376572834645669
21
-4.205289330708661
0
LINE
8
BLACK
6
CONTINUOUS
10
5.7376572834645669
20
-4.205289330708661
11
5.7399989763779526
21
-4.2006935039370079
0
LINE
8
BLACK
6
CONTINUOUS
10
5.7399989763779526
20
-4.2006935039370079
11
5.74364625984252
21
-4.1970462204724406
0
LINE
8
BLACK
6
CONTINUOUS
10
5.74364625984252
20
-4.1970462204724406
11
5.748242086614173
21
-4.1947045275590549
0
LINE
8
BLACK
6
CONTINUOUS
10
5.748242086614173
20
-4.1947045275590549
11
5.7533366141732278
21
-4.1938976377952759
0
LINE
8
BLACK
6
CONTINUOUS
10
5.7533366141732278
20
-4.1938976377952759
11
5.7833562992125982
21
-4.1938976377952759
0
LINE
8
BLACK
6
CONTINUOUS
10
5.7833562992125982
20
-4.1938976377952759
11
5.788450826771653
21
-4.1947045275590549
0
LINE
8
BLACK
6
CONTINUOUS
10
6.0668742913385829
20
-4.1907313779527557
11
6.0712643307086616
21
-4.1929682283464569
0
LINE
8
BLACK
6
CONTINUOUS
10
6.0712643307086616
20
-4.1929682283464569
11
6.0747483070866144
21
-4.1964522047244097
0
LINE
8
BLACK
6
CONTINUOUS
10
6.0747483070866144
20
-4.1964522047244097
11
6.0769851574803146
21
-4.2008422440944884
0
LINE
8
BLACK
6
CONTINUOUS
10
6.0769851574803146
20
-4.2008422440944884
11
6.0777559055118111
21
-4.2057086614173231
0
LINE
8
BLACK
6
CONTINUOUS
10
6.0777559055118111
20
-4.2057086614173231
11
6.0777559055118111
21
-4.2214566929133861
0
LINE
8
BLACK
6
CONTINUOUS
10
6.0777559055118111
20
-4.2214566929133861
11
6.0769851574803146
21
-4.22632311023622
0
LINE
8
BLACK
6
CONTINUOUS
10
6.0769851574803146
20
-4.22632311023622
11
6.0747483070866144
21
-4.2307131496062995
0
LINE
8
BLACK
6
CONTINUOUS
10
6.0747483070866144
20
-4.2307131496062995
11
6.0712643307086616
21
-4.2341971259842515
0
LINE
8
BLACK
6
CONTINUOUS
10
6.0712643307086616
20
-4.2341971259842515
11
6.0668742913385829
21
-4.2364339763779526
0
LINE
8
BLACK
6
CONTINUOUS
10
6.0668742913385829
20
-4.2364339763779526
11
6.0620078740157481
21
-4.2372047244094491
0
LINE
8
BLACK
6
CONTINUOUS
10
6.0620078740157481
20
-4.2372047244094491
11
6.0403543307086611
21
-4.2372047244094491
0
LINE
8
BLACK
6
CONTINUOUS
10
6.0403543307086611
20
-4.2372047244094491
11
6.0354879133858264
21
-4.2364339763779526
0
LINE
8
BLACK
6
CONTINUOUS
10
6.0354879133858264
20
-4.2364339763779526
11
6.0310978740157477
21
-4.2341971259842515
0
LINE
8
BLACK
6
CONTINUOUS
10
6.0310978740157477
20
-4.2341971259842515
11
6.0276138976377949
21
-4.2307131496062995
0
LINE
8
BLACK
6
CONTINUOUS
10
6.0276138976377949
20
-4.2307131496062995
11
6.0253770472440946
21
-4.22632311023622
0
LINE
8
BLACK
6
CONTINUOUS
10
6.0253770472440946
20
-4.22632311023622
11
6.0246062992125982
21
-4.2214566929133861
0
LINE
8
BLACK
6
CONTINUOUS
10
6.0246062992125982
20
-4.2214566929133861
11
6.0246062992125982
21
-4.2057086614173231
0
LINE
8
BLACK
6
CONTINUOUS
10
6.0246062992125982
20
-4.2057086614173231
11
6.0253770472440946
21
-4.2008422440944884
0
LINE
8
BLACK
6
CONTINUOUS
10
6.0253770472440946
20
-4.2008422440944884
11
6.0276138976377949
21
-4.1964522047244097
0
LINE
8
BLACK
6
CONTINUOUS
10
6.0276138976377949
20
-4.1964522047244097
11
6.0310978740157477
21
-4.1929682283464569
0
LINE
8
BLACK
6
CONTINUOUS
10
6.0310978740157477
20
-4.1929682283464569
11
6.0354879133858264
21
-4.1907313779527557
0
LINE
8
BLACK
6
CONTINUOUS
10
6.0354879133858264
20
-4.1907313779527557
11
6.0403543307086611
21
-4.1899606299212602
0
LINE
8
BLACK
6
CONTINUOUS
10
6.0403543307086611
20
-4.1899606299212602
11
6.0620078740157481
21
-4.1899606299212602
0
LINE
8
BLACK
6
CONTINUOUS
10
6.0620078740157481
20
-4.1899606299212602
11
6.0668742913385829
21
-4.1907313779527557
0
LINE
8
BLACK
6
CONTINUOUS
10
5.84965874015748
20
-4.1750315354330709
11
5.8543231889763776
21
-4.1774081889763774
0
LINE
8
BLACK
6
CONTINUOUS
10
5.8543231889763776
20
-4.1774081889763774
11
5.8580248818897633
21
-4.1811098818897641
0
LINE
8
BLACK
6
CONTINUOUS
10
5.8580248818897633
20
-4.1811098818897641
11
5.8604015354330707
21
-4.1857743307086617
0
LINE
8
BLACK
6
CONTINUOUS
10
5.8604015354330707
20
-4.1857743307086617
11
5.8612204724409445
21
-4.1909448818897639
0
LINE
8
BLACK
6
CONTINUOUS
10
5.8612204724409445
20
-4.1909448818897639
11
5.8612204724409445
21
-4.2086614173228343
0
LINE
8
BLACK
6
CONTINUOUS
10
5.8612204724409445
20
-4.2086614173228343
11
5.8604015354330707
21
-4.2138319685039365
0
LINE
8
BLACK
6
CONTINUOUS
10
5.8604015354330707
20
-4.2138319685039365
11
5.8580248818897633
21
-4.218496417322835
0
LINE
8
BLACK
6
CONTINUOUS
10
5.8580248818897633
20
-4.218496417322835
11
5.8543231889763776
21
-4.2221981102362207
0
LINE
8
BLACK
6
CONTINUOUS
10
5.8543231889763776
20
-4.2221981102362207
11
5.84965874015748
21
-4.2245747637795272
0
LINE
8
BLACK
6
CONTINUOUS
10
5.84965874015748
20
-4.2245747637795272
11
5.8444881889763778
21
-4.2253937007874018
0
LINE
8
BLACK
6
CONTINUOUS
10
5.8444881889763778
20
-4.2253937007874018
11
5.8248031496062991
21
-4.2253937007874018
0
LINE
8
BLACK
6
CONTINUOUS
10
5.8248031496062991
20
-4.2253937007874018
11
5.8196325984251969
21
-4.2245747637795272
0
LINE
8
BLACK
6
CONTINUOUS
10
5.8196325984251969
20
-4.2245747637795272
11
5.8149681496062993
21
-4.2221981102362207
0
LINE
8
BLACK
6
CONTINUOUS
10
5.8149681496062993
20
-4.2221981102362207
11
5.8112664566929135
21
-4.218496417322835
0
LINE
8
BLACK
6
CONTINUOUS
10
5.8112664566929135
20
-4.218496417322835
11
5.8088898031496061
21
-4.2138319685039365
0
LINE
8
BLACK
6
CONTINUOUS
10
5.8088898031496061
20
-4.2138319685039365
11
5.8080708661417324
21
-4.2086614173228343
0
LINE
8
BLACK
6
CONTINUOUS
10
5.8080708661417324
20
-4.2086614173228343
11
5.8080708661417324
21
-4.1909448818897639
0
LINE
8
BLACK
6
CONTINUOUS
10
5.8080708661417324
20
-4.1909448818897639
11
5.8088898031496061
21
-4.1857743307086617
0
LINE
8
BLACK
6
CONTINUOUS
10
5.8088898031496061
20
-4.1857743307086617
11
5.8112664566929135
21
-4.1811098818897641
0
LINE
8
BLACK
6
CONTINUOUS
10
5.8112664566929135
20
-4.1811098818897641
11
5.8149681496062993
21
-4.1774081889763774
0
LINE
8
BLACK
6
CONTINUOUS
10
5.8149681496062993
20
-4.1774081889763774
11
5.8196325984251969
21
-4.1750315354330709
0
LINE
8
BLACK
6
CONTINUOUS
10
5.8196325984251969
20
-4.1750315354330709
11
5.8248031496062991
21
-4.1742125984251963
0
LINE
8
BLACK
6
CONTINUOUS
10
5.8248031496062991
20
-4.1742125984251963
11
5.8444881889763778
21
-4.1742125984251963
0
LINE
8
BLACK
6
CONTINUOUS
10
5.8444881889763778
20
-4.1742125984251963
11
5.84965874015748
21
-4.1750315354330709
0
LINE
8
BLACK
6
CONTINUOUS
10
5.9093939763779524
20
-4.1789203543307085
11
5.913784015748031
21
-4.1811572047244097
0
LINE
8
BLACK
6
CONTINUOUS
10
5.913784015748031
20
-4.1811572047244097
11
5.9172679921259839
21
-4.1846411811023625
0
LINE
8
BLACK
6
CONTINUOUS
10
5.9172679921259839
20
-4.1846411811023625
11
5.919504842519685
21
-4.1890312204724411
0
LINE
8
BLACK
6
CONTINUOUS
10
5.919504842519685
20
-4.1890312204724411
11
5.9202755905511806
21
-4.1938976377952759
0
LINE
8
BLACK
6
CONTINUOUS
10
5.9202755905511806
20
-4.1938976377952759
11
5.9202755905511806
21
-4.2096456692913389
0
LINE
8
BLACK
6
CONTINUOUS
10
5.9202755905511806
20
-4.2096456692913389
11
5.919504842519685
21
-4.2145120866141728
0
LINE
8
BLACK
6
CONTINUOUS
10
5.919504842519685
20
-4.2145120866141728
11
5.9172679921259839
21
-4.2189021259842523
0
LINE
8
BLACK
6
CONTINUOUS
10
5.9172679921259839
20
-4.2189021259842523
11
5.913784015748031
21
-4.2223861023622042
0
LINE
8
BLACK
6
CONTINUOUS
10
5.913784015748031
20
-4.2223861023622042
11
5.9093939763779524
21
-4.2246229527559054
0
LINE
8
BLACK
6
CONTINUOUS
10
5.9093939763779524
20
-4.2246229527559054
11
5.9045275590551176
21
-4.2253937007874018
0
LINE
8
BLACK
6
CONTINUOUS
10
5.9045275590551176
20
-4.2253937007874018
11
5.8828740157480315
21
-4.2253937007874018
0
LINE
8
BLACK
6
CONTINUOUS
10
5.8828740157480315
20
-4.2253937007874018
11
5.8780075984251967
21
-4.2246229527559054
0
LINE
8
BLACK
6
CONTINUOUS
10
5.8780075984251967
20
-4.2246229527559054
11
5.8736175590551181
21
-4.2223861023622042
0
LINE
8
BLACK
6
CONTINUOUS
10
5.8736175590551181
20
-4.2223861023622042
11
5.8701335826771652
21
-4.2189021259842523
0
LINE
8
BLACK
6
CONTINUOUS
10
5.8701335826771652
20
-4.2189021259842523
11
5.8678967322834641
21
-4.2145120866141728
0
LINE
8
BLACK
6
CONTINUOUS
10
5.8678967322834641
20
-4.2145120866141728
11
5.8671259842519685
21
-4.2096456692913389
0
LINE
8
BLACK
6
CONTINUOUS
10
5.8671259842519685
20
-4.2096456692913389
11
5.8671259842519685
21
-4.1938976377952759
0
LINE
8
BLACK
6
CONTINUOUS
10
5.8671259842519685
20
-4.1938976377952759
11
5.8678967322834641
21
-4.1890312204724411
0
LINE
8
BLACK
6
CONTINUOUS
10
5.8678967322834641
20
-4.1890312204724411
11
5.8701335826771652
21
-4.1846411811023625
0
LINE
8
BLACK
6
CONTINUOUS
10
5.8701335826771652
20
-4.1846411811023625
11
5.8736175590551181
21
-4.1811572047244097
0
LINE
8
BLACK
6
CONTINUOUS
10
5.8736175590551181
20
-4.1811572047244097
11
5.8780075984251967
21
-4.1789203543307085
0
LINE
8
BLACK
6
CONTINUOUS
10
5.8780075984251967
20
-4.1789203543307085
11
5.8828740157480315
21
-4.1781496062992121
0
LINE
8
BLACK
6
CONTINUOUS
10
5.8828740157480315
20
-4.1781496062992121
11
5.9045275590551176
21
-4.1781496062992121
0
LINE
8
BLACK
6
CONTINUOUS
10
5.9045275590551176
20
-4.1781496062992121
11
5.9093939763779524
21
-4.1789203543307085
0
LINE
8
BLACK
6
CONTINUOUS
10
5.7158004724409448
20
-4.1602677559055117
11
5.7204649212598424
21
-4.1626444094488191
0
LINE
8
BLACK
6
CONTINUOUS
10
5.7204649212598424
20
-4.1626444094488191
11
5.7241666141732281
21
-4.1663461023622048
0
LINE
8
BLACK
6
CONTINUOUS
10
5.7241666141732281
20
-4.1663461023622048
11
5.7265432677165355
21
-4.1710105511811024
0
LINE
8
BLACK
6
CONTINUOUS
10
5.7265432677165355
20
-4.1710105511811024
11
5.7273622047244093
21
-4.1761811023622046
0
LINE
8
BLACK
6
CONTINUOUS
10
5.7273622047244093
20
-4.1761811023622046
11
5.7273622047244093
21
-4.1938976377952759
0
LINE
8
BLACK
6
CONTINUOUS
10
5.7273622047244093
20
-4.1938976377952759
11
5.7265432677165355
21
-4.1990681889763781
0
LINE
8
BLACK
6
CONTINUOUS
10
5.7265432677165355
20
-4.1990681889763781
11
5.7241666141732281
21
-4.2037326377952757
0
LINE
8
BLACK
6
CONTINUOUS
10
5.7241666141732281
20
-4.2037326377952757
11
5.7204649212598424
21
-4.2074343307086615
0
LINE
8
BLACK
6
CONTINUOUS
10
5.7204649212598424
20
-4.2074343307086615
11
5.7158004724409448
21
-4.209810984251968
0
LINE
8
BLACK
6
CONTINUOUS
10
5.7158004724409448
20
-4.209810984251968
11
5.7106299212598426
21
-4.2106299212598426
0
LINE
8
BLACK
6
CONTINUOUS
10
5.7106299212598426
20
-4.2106299212598426
11
5.6909448818897639
21
-4.2106299212598426
0
LINE
8
BLACK
6
CONTINUOUS
10
5.6909448818897639
20
-4.2106299212598426
11
5.6857743307086617
21
-4.209810984251968
0
LINE
8
BLACK
6
CONTINUOUS
10
5.6857743307086617
20
-4.209810984251968
11
5.6811098818897641
21
-4.2074343307086615
0
LINE
8
BLACK
6
CONTINUOUS
10
5.6811098818897641
20
-4.2074343307086615
11
5.6774081889763774
21
-4.2037326377952757
0
LINE
8
BLACK
6
CONTINUOUS
10
5.6774081889763774
20
-4.2037326377952757
11
5.6750315354330709
21
-4.1990681889763781
0
LINE
8
BLACK
6
CONTINUOUS
10
5.6750315354330709
20
-4.1990681889763781
11
5.6742125984251963
21
-4.1938976377952759
0
LINE
8
BLACK
6
CONTINUOUS
10
5.6742125984251963
20
-4.1938976377952759
11
5.6742125984251963
21
-4.1761811023622046
0
LINE
8
BLACK
6
CONTINUOUS
10
5.6742125984251963
20
-4.1761811023622046
11
5.6750315354330709
21
-4.1710105511811024
0
LINE
8
BLACK
6
CONTINUOUS
10
5.6750315354330709
20
-4.1710105511811024
11
5.6774081889763774
21
-4.1663461023622048
0
LINE
8
BLACK
6
CONTINUOUS
10
5.6774081889763774
20
-4.1663461023622048
11
5.6811098818897641
21
-4.1626444094488191
0
LINE
8
BLACK
6
CONTINUOUS
10
5.6811098818897641
20
-4.1626444094488191
11
5.6857743307086617
21
-4.1602677559055117
0
LINE
8
BLACK
6
CONTINUOUS
10
5.6857743307086617
20
-4.1602677559055117
11
5.6909448818897639
21
-4.159448818897638
0
LINE
8
BLACK
6
CONTINUOUS
10
5.6909448818897639
20
-4.159448818897638
11
5.7106299212598426
21
-4.159448818897638
0
LINE
8
BLACK
6
CONTINUOUS
10
5.7106299212598426
20
-4.159448818897638
11
5.7158004724409448
21
-4.1602677559055117
0
LINE
8
BLACK
6
CONTINUOUS
10
6.3520026771653546
20
-4.1669114173228348
11
6.356077834645669
21
-4.1689036614173229
0
LINE
8
BLACK
6
CONTINUOUS
10
6.356077834645669
20
-4.1689036614173229
11
6.3592853149606299
21
-4.1721111417322838
0
LINE
8
BLACK
6
CONTINUOUS
10
6.3592853149606299
20
-4.1721111417322838
11
6.361277559055118
21
-4.1761862992125982
0
LINE
8
BLACK
6
CONTINUOUS
10
6.361277559055118
20
-4.1761862992125982
11
6.3618503937007871
21
-4.1801181102362204
0
LINE
8
BLACK
6
CONTINUOUS
10
6.3618503937007871
20
-4.1801181102362204
11
6.3618503937007871
21
-4.1919291338582676
0
LINE
8
BLACK
6
CONTINUOUS
10
6.3618503937007871
20
-4.1919291338582676
11
6.361277559055118
21
-4.1958609448818898
0
LINE
8
BLACK
6
CONTINUOUS
10
6.361277559055118
20
-4.1958609448818898
11
6.3592853149606299
21
-4.199936102362205
0
LINE
8
BLACK
6
CONTINUOUS
10
6.3592853149606299
20
-4.199936102362205
11
6.356077834645669
21
-4.203143582677165
0
LINE
8
BLACK
6
CONTINUOUS
10
6.356077834645669
20
-4.203143582677165
11
6.3520026771653546
21
-4.2051358267716532
0
LINE
8
BLACK
6
CONTINUOUS
10
6.3520026771653546
20
-4.2051358267716532
11
6.3480708661417324
21
-4.2057086614173231
0
LINE
8
BLACK
6
CONTINUOUS
10
6.3480708661417324
20
-4.2057086614173231
11
6.2929527559055121
21
-4.2057086614173231
0
LINE
8
BLACK
6
CONTINUOUS
10
6.2929527559055121
20
-4.2057086614173231
11
6.2890209448818899
21
-4.2051358267716532
0
LINE
8
BLACK
6
CONTINUOUS
10
6.2890209448818899
20
-4.2051358267716532
11
6.2849457874015746
21
-4.203143582677165
0
LINE
8
BLACK
6
CONTINUOUS
10
6.2849457874015746
20
-4.203143582677165
11
6.2817383070866137
21
-4.199936102362205
0
LINE
8
BLACK
6
CONTINUOUS
10
6.2817383070866137
20
-4.199936102362205
11
6.2797460629921256
21
-4.1958609448818898
0
LINE
8
BLACK
6
CONTINUOUS
10
6.2797460629921256
20
-4.1958609448818898
11
6.2791732283464565
21
-4.1919291338582676
0
LINE
8
BLACK
6
CONTINUOUS
10
6.2791732283464565
20
-4.1919291338582676
11
6.2791732283464565
21
-4.1801181102362204
0
LINE
8
BLACK
6
CONTINUOUS
10
6.2791732283464565
20
-4.1801181102362204
11
6.2797460629921256
21
-4.1761862992125982
0
LINE
8
BLACK
6
CONTINUOUS
10
6.2797460629921256
20
-4.1761862992125982
11
6.2817383070866137
21
-4.1721111417322838
0
LINE
8
BLACK
6
CONTINUOUS
10
6.2817383070866137
20
-4.1721111417322838
11
6.2849457874015746
21
-4.1689036614173229
0
LINE
8
BLACK
6
CONTINUOUS
10
6.2849457874015746
20
-4.1689036614173229
11
6.2890209448818899
21
-4.1669114173228348
0
LINE
8
BLACK
6
CONTINUOUS
10
6.2890209448818899
20
-4.1669114173228348
11
6.2929527559055121
21
-4.1663385826771648
0
LINE
8
BLACK
6
CONTINUOUS
10
6.2929527559055121
20
-4.1663385826771648
11
6.3480708661417324
21
-4.1663385826771648
0
LINE
8
BLACK
6
CONTINUOUS
10
6.3480708661417324
20
-4.1663385826771648
11
6.3520026771653546
21
-4.1669114173228348
0
LINE
8
BLACK
6
CONTINUOUS
10
6.1291862992125985
20
-4.143535472440945
11
6.1338507480314961
21
-4.1459121259842515
0
LINE
8
BLACK
6
CONTINUOUS
10
6.1338507480314961
20
-4.1459121259842515
11
6.1375524409448818
21
-4.1496138188976381
0
LINE
8
BLACK
6
CONTINUOUS
10
6.1375524409448818
20
-4.1496138188976381
11
6.1399290944881892
21
-4.1542782677165357
0
LINE
8
BLACK
6
CONTINUOUS
10
6.1399290944881892
20
-4.1542782677165357
11
6.140748031496063
21
-4.159448818897638
0
LINE
8
BLACK
6
CONTINUOUS
10
6.140748031496063
20
-4.159448818897638
11
6.140748031496063
21
-4.1771653543307083
0
LINE
8
BLACK
6
CONTINUOUS
10
6.140748031496063
20
-4.1771653543307083
11
6.1399290944881892
21
-4.1823359055118106
0
LINE
8
BLACK
6
CONTINUOUS
10
6.1399290944881892
20
-4.1823359055118106
11
6.1375524409448818
21
-4.1870003543307082
0
LINE
8
BLACK
6
CONTINUOUS
10
6.1375524409448818
20
-4.1870003543307082
11
6.1338507480314961
21
-4.1907020472440948
0
LINE
8
BLACK
6
CONTINUOUS
10
6.1338507480314961
20
-4.1907020472440948
11
6.1291862992125985
21
-4.1930787007874013
0
LINE
8
BLACK
6
CONTINUOUS
10
6.1291862992125985
20
-4.1930787007874013
11
6.1240157480314963
21
-4.1938976377952759
0
LINE
8
BLACK
6
CONTINUOUS
10
6.1240157480314963
20
-4.1938976377952759
11
6.1043307086614176
21
-4.1938976377952759
0
LINE
8
BLACK
6
CONTINUOUS
10
6.1043307086614176
20
-4.1938976377952759
11
6.0991601574803145
21
-4.1930787007874013
0
LINE
8
BLACK
6
CONTINUOUS
10
6.0991601574803145
20
-4.1930787007874013
11
6.0944957086614169
21
-4.1907020472440948
0
LINE
8
BLACK
6
CONTINUOUS
10
6.0944957086614169
20
-4.1907020472440948
11
6.0907940157480311
21
-4.1870003543307082
0
LINE
8
BLACK
6
CONTINUOUS
10
6.0907940157480311
20
-4.1870003543307082
11
6.0884173622047246
21
-4.1823359055118106
0
LINE
8
BLACK
6
CONTINUOUS
10
6.0884173622047246
20
-4.1823359055118106
11
6.08759842519685
21
-4.1771653543307083
0
LINE
8
BLACK
6
CONTINUOUS
10
6.08759842519685
20
-4.1771653543307083
11
6.08759842519685
21
-4.159448818897638
0
LINE
8
BLACK
6
CONTINUOUS
10
6.08759842519685
20
-4.159448818897638
11
6.0884173622047246
21
-4.1542782677165357
0
LINE
8
BLACK
6
CONTINUOUS
10
6.0884173622047246
20
-4.1542782677165357
11
6.0907940157480311
21
-4.1496138188976381
0
LINE
8
BLACK
6
CONTINUOUS
10
6.0907940157480311
20
-4.1496138188976381
11
6.0944957086614169
21
-4.1459121259842515
0
LINE
8
BLACK
6
CONTINUOUS
10
6.0944957086614169
20
-4.1459121259842515
11
6.0991601574803145
21
-4.143535472440945
0
LINE
8
BLACK
6
CONTINUOUS
10
6.0991601574803145
20
-4.143535472440945
11
6.1043307086614176
21
-4.1427165354330704
0
LINE
8
BLACK
6
CONTINUOUS
10
6.1043307086614176
20
-4.1427165354330704
11
6.1240157480314963
21
-4.1427165354330704
0
LINE
8
BLACK
6
CONTINUOUS
10
6.1240157480314963
20
-4.1427165354330704
11
6.1291862992125985
21
-4.143535472440945
0
LINE
8
BLACK
6
CONTINUOUS
10
6.0668742913385829
20
-4.1257707480314956
11
6.0712643307086616
21
-4.1280075984251967
0
LINE
8
BLACK
6
CONTINUOUS
10
6.0712643307086616
20
-4.1280075984251967
11
6.0747483070866144
21
-4.1314915748031495
0
LINE
8
BLACK
6
CONTINUOUS
10
6.0747483070866144
20
-4.1314915748031495
11
6.0769851574803146
21
-4.1358816141732282
0
LINE
8
BLACK
6
CONTINUOUS
10
6.0769851574803146
20
-4.1358816141732282
11
6.0777559055118111
21
-4.140748031496063
0
LINE
8
BLACK
6
CONTINUOUS
10
6.0777559055118111
20
-4.140748031496063
11
6.0777559055118111
21
-4.1564960629921259
0
LINE
8
BLACK
6
CONTINUOUS
10
6.0777559055118111
20
-4.1564960629921259
11
6.0769851574803146
21
-4.1613624803149607
0
LINE
8
BLACK
6
CONTINUOUS
10
6.0769851574803146
20
-4.1613624803149607
11
6.0747483070866144
21
-4.1657525196850393
0
LINE
8
BLACK
6
CONTINUOUS
10
6.0747483070866144
20
-4.1657525196850393
11
6.0712643307086616
21
-4.1692364960629922
0
LINE
8
BLACK
6
CONTINUOUS
10
6.0712643307086616
20
-4.1692364960629922
11
6.0668742913385829
21
-4.1714733464566924
0
LINE
8
BLACK
6
CONTINUOUS
10
6.0668742913385829
20
-4.1714733464566924
11
6.0620078740157481
21
-4.1722440944881889
0
LINE
8
BLACK
6
CONTINUOUS
10
6.0620078740157481
20
-4.1722440944881889
11
6.0403543307086611
21
-4.1722440944881889
0
LINE
8
BLACK
6
CONTINUOUS
10
6.0403543307086611
20
-4.1722440944881889
11
6.0354879133858264
21
-4.1714733464566924
0
LINE
8
BLACK
6
CONTINUOUS
10
6.0354879133858264
20
-4.1714733464566924
11
6.0310978740157477
21
-4.1692364960629922
0
LINE
8
BLACK
6
CONTINUOUS
10
6.0310978740157477
20
-4.1692364960629922
11
6.0276138976377949
21
-4.1657525196850393
0
LINE
8
BLACK
6
CONTINUOUS
10
6.0276138976377949
20
-4.1657525196850393
11
6.0253770472440946
21
-4.1613624803149607
0
LINE
8
BLACK
6
CONTINUOUS
10
6.0253770472440946
20
-4.1613624803149607
11
6.0246062992125982
21
-4.1564960629921259
0
LINE
8
BLACK
6
CONTINUOUS
10
6.0246062992125982
20
-4.1564960629921259
11
6.0246062992125982
21
-4.140748031496063
0
LINE
8
BLACK
6
CONTINUOUS
10
6.0246062992125982
20
-4.140748031496063
11
6.0253770472440946
21
-4.1358816141732282
0
LINE
8
BLACK
6
CONTINUOUS
10
6.0253770472440946
20
-4.1358816141732282
11
6.0276138976377949
21
-4.1314915748031495
0
LINE
8
BLACK
6
CONTINUOUS
10
6.0276138976377949
20
-4.1314915748031495
11
6.0310978740157477
21
-4.1280075984251967
0
LINE
8
BLACK
6
CONTINUOUS
10
6.0310978740157477
20
-4.1280075984251967
11
6.0354879133858264
21
-4.1257707480314956
0
LINE
8
BLACK
6
CONTINUOUS
10
6.0354879133858264
20
-4.1257707480314956
11
6.0403543307086611
21
-4.125
0
LINE
8
BLACK
6
CONTINUOUS
10
6.0403543307086611
20
-4.125
11
6.0620078740157481
21
-4.125
0
LINE
8
BLACK
6
CONTINUOUS
10
6.0620078740157481
20
-4.125
11
6.0668742913385829
21
-4.1257707480314956
0
LINE
8
BLACK
6
CONTINUOUS
10
5.84965874015748
20
-4.1140079133858265
11
5.8543231889763776
21
-4.1163845669291339
0
LINE
8
BLACK
6
CONTINUOUS
10
5.8543231889763776
20
-4.1163845669291339
11
5.8580248818897633
21
-4.1200862598425196
0
LINE
8
BLACK
6
CONTINUOUS
10
5.8580248818897633
20
-4.1200862598425196
11
5.8604015354330707
21
-4.1247507086614172
0
LINE
8
BLACK
6
CONTINUOUS
10
5.8604015354330707
20
-4.1247507086614172
11
5.8612204724409445
21
-4.1299212598425195
0
LINE
8
BLACK
6
CONTINUOUS
10
5.8612204724409445
20
-4.1299212598425195
11
5.8612204724409445
21
-4.1476377952755907
0
LINE
8
BLACK
6
CONTINUOUS
10
5.8612204724409445
20
-4.1476377952755907
11
5.8604015354330707
21
-4.1528083464566929
0
LINE
8
BLACK
6
CONTINUOUS
10
5.8604015354330707
20
-4.1528083464566929
11
5.8580248818897633
21
-4.1574727952755905
0
LINE
8
BLACK
6
CONTINUOUS
10
5.8580248818897633
20
-4.1574727952755905
11
5.8543231889763776
21
-4.1611744881889763
0
LINE
8
BLACK
6
CONTINUOUS
10
5.8543231889763776
20
-4.1611744881889763
11
5.84965874015748
21
-4.1635511417322837
0
LINE
8
BLACK
6
CONTINUOUS
10
5.84965874015748
20
-4.1635511417322837
11
5.8444881889763778
21
-4.1643700787401574
0
LINE
8
BLACK
6
CONTINUOUS
10
5.8444881889763778
20
-4.1643700787401574
11
5.8248031496062991
21
-4.1643700787401574
0
LINE
8
BLACK
6
CONTINUOUS
10
5.8248031496062991
20
-4.1643700787401574
11
5.8196325984251969
21
-4.1635511417322837
0
LINE
8
BLACK
6
CONTINUOUS
10
5.8196325984251969
20
-4.1635511417322837
11
5.8149681496062993
21
-4.1611744881889763
0
LINE
8
BLACK
6
CONTINUOUS
10
5.8149681496062993
20
-4.1611744881889763
11
5.8112664566929135
21
-4.1574727952755905
0
LINE
8
BLACK
6
CONTINUOUS
10
5.8112664566929135
20
-4.1574727952755905
11
5.8088898031496061
21
-4.1528083464566929
0
LINE
8
BLACK
6
CONTINUOUS
10
5.8088898031496061
20
-4.1528083464566929
11
5.8080708661417324
21
-4.1476377952755907
0
LINE
8
BLACK
6
CONTINUOUS
10
5.8080708661417324
20
-4.1476377952755907
11
5.8080708661417324
21
-4.1299212598425195
0
LINE
8
BLACK
6
CONTINUOUS
10
5.8080708661417324
20
-4.1299212598425195
11
5.8088898031496061
21
-4.1247507086614172
0
LINE
8
BLACK
6
CONTINUOUS
10
5.8088898031496061
20
-4.1247507086614172
11
5.8112664566929135
21
-4.1200862598425196
0
LINE
8
BLACK
6
CONTINUOUS
10
5.8112664566929135
20
-4.1200862598425196
11
5.8149681496062993
21
-4.1163845669291339
0
LINE
8
BLACK
6
CONTINUOUS
10
5.8149681496062993
20
-4.1163845669291339
11
5.8196325984251969
21
-4.1140079133858265
0
LINE
8
BLACK
6
CONTINUOUS
10
5.8196325984251969
20
-4.1140079133858265
11
5.8248031496062991
21
-4.1131889763779528
0
LINE
8
BLACK
6
CONTINUOUS
10
5.8248031496062991
20
-4.1131889763779528
11
5.8444881889763778
21
-4.1131889763779528
0
LINE
8
BLACK
6
CONTINUOUS
10
5.8444881889763778
20
-4.1131889763779528
11
5.84965874015748
21
-4.1140079133858265
0
LINE
8
BLACK
6
CONTINUOUS
10
5.788450826771653
20
-4.1110431102362206
11
5.7930466535433069
21
-4.1133848031496063
0
LINE
8
BLACK
6
CONTINUOUS
10
5.7930466535433069
20
-4.1133848031496063
11
5.7966939370078743
21
-4.1170320866141727
0
LINE
8
BLACK
6
CONTINUOUS
10
5.7966939370078743
20
-4.1170320866141727
11
5.79903562992126
21
-4.1216279133858267
0
LINE
8
BLACK
6
CONTINUOUS
10
5.79903562992126
20
-4.1216279133858267
11
5.7998425196850389
21
-4.1267224409448815
0
LINE
8
BLACK
6
CONTINUOUS
10
5.7998425196850389
20
-4.1267224409448815
11
5.7998425196850389
21
-4.1439468503937009
0
LINE
8
BLACK
6
CONTINUOUS
10
5.7998425196850389
20
-4.1439468503937009
11
5.79903562992126
21
-4.1490413779527557
0
LINE
8
BLACK
6
CONTINUOUS
10
5.79903562992126
20
-4.1490413779527557
11
5.7966939370078743
21
-4.1536372047244097
0
LINE
8
BLACK
6
CONTINUOUS
10
5.7966939370078743
20
-4.1536372047244097
11
5.7930466535433069
21
-4.1572844881889761
0
LINE
8
BLACK
6
CONTINUOUS
10
5.7930466535433069
20
-4.1572844881889761
11
5.788450826771653
21
-4.1596261811023618
0
LINE
8
BLACK
6
CONTINUOUS
10
5.788450826771653
20
-4.1596261811023618
11
5.7833562992125982
21
-4.1604330708661417
0
LINE
8
BLACK
6
CONTINUOUS
10
5.7833562992125982
20
-4.1604330708661417
11
5.7533366141732278
21
-4.1604330708661417
0
LINE
8
BLACK
6
CONTINUOUS
10
5.7533366141732278
20
-4.1604330708661417
11
5.748242086614173
21
-4.1596261811023618
0
LINE
8
BLACK
6
CONTINUOUS
10
5.748242086614173
20
-4.1596261811023618
11
5.74364625984252
21
-4.1572844881889761
0
LINE
8
BLACK
6
CONTINUOUS
10
5.74364625984252
20
-4.1572844881889761
11
5.7399989763779526
21
-4.1536372047244097
0
LINE
8
BLACK
6
CONTINUOUS
10
5.7399989763779526
20
-4.1536372047244097
11
5.7376572834645669
21
-4.1490413779527557
0
LINE
8
BLACK
6
CONTINUOUS
10
5.7376572834645669
20
-4.1490413779527557
11
5.7368503937007871
21
-4.1439468503937009
0
LINE
8
BLACK
6
CONTINUOUS
10
5.7368503937007871
20
-4.1439468503937009
11
5.7368503937007871
21
-4.1267224409448815
0
LINE
8
BLACK
6
CONTINUOUS
10
5.7368503937007871
20
-4.1267224409448815
11
5.7376572834645669
21
-4.1216279133858267
0
LINE
8
BLACK
6
CONTINUOUS
10
5.7376572834645669
20
-4.1216279133858267
11
5.7399989763779526
21
-4.1170320866141727
0
LINE
8
BLACK
6
CONTINUOUS
10
5.7399989763779526
20
-4.1170320866141727
11
5.74364625984252
21
-4.1133848031496063
0
LINE
8
BLACK
6
CONTINUOUS
10
5.74364625984252
20
-4.1133848031496063
11
5.748242086614173
21
-4.1110431102362206
0
LINE
8
BLACK
6
CONTINUOUS
10
5.748242086614173
20
-4.1110431102362206
11
5.7533366141732278
21
-4.1102362204724407
0
LINE
8
BLACK
6
CONTINUOUS
10
5.7533366141732278
20
-4.1102362204724407
11
5.7833562992125982
21
-4.1102362204724407
0
LINE
8
BLACK
6
CONTINUOUS
10
5.7833562992125982
20
-4.1102362204724407
11
5.788450826771653
21
-4.1110431102362206
0
LINE
8
BLACK
6
CONTINUOUS
10
5.9093939763779524
20
-4.1139597244094483
11
5.913784015748031
21
-4.1161965748031495
0
LINE
8
BLACK
6
CONTINUOUS
10
5.913784015748031
20
-4.1161965748031495
11
5.9172679921259839
21
-4.1196805511811023
0
LINE
8
BLACK
6
CONTINUOUS
10
5.9172679921259839
20
-4.1196805511811023
11
5.919504842519685
21
-4.124070590551181
0
LINE
8
BLACK
6
CONTINUOUS
10
5.919504842519685
20
-4.124070590551181
11
5.9202755905511806
21
-4.1289370078740157
0
LINE
8
BLACK
6
CONTINUOUS
10
5.9202755905511806
20
-4.1289370078740157
11
5.9202755905511806
21
-4.1446850393700787
0
LINE
8
BLACK
6
CONTINUOUS
10
5.9202755905511806
20
-4.1446850393700787
11
5.919504842519685
21
-4.1495514566929135
0
LINE
8
BLACK
6
CONTINUOUS
10
5.919504842519685
20
-4.1495514566929135
11
5.9172679921259839
21
-4.1539414960629921
0
LINE
8
BLACK
6
CONTINUOUS
10
5.9172679921259839
20
-4.1539414960629921
11
5.913784015748031
21
-4.157425472440945
0
LINE
8
BLACK
6
CONTINUOUS
10
5.913784015748031
20
-4.157425472440945
11
5.9093939763779524
21
-4.1596623228346452
0
LINE
8
BLACK
6
CONTINUOUS
10
5.9093939763779524
20
-4.1596623228346452
11
5.9045275590551176
21
-4.1604330708661417
0
LINE
8
BLACK
6
CONTINUOUS
10
5.9045275590551176
20
-4.1604330708661417
11
5.8828740157480315
21
-4.1604330708661417
0
LINE
8
BLACK
6
CONTINUOUS
10
5.8828740157480315
20
-4.1604330708661417
11
5.8780075984251967
21
-4.1596623228346452
0
LINE
8
BLACK
6
CONTINUOUS
10
5.8780075984251967
20
-4.1596623228346452
11
5.8736175590551181
21
-4.157425472440945
0
LINE
8
BLACK
6
CONTINUOUS
10
5.8736175590551181
20
-4.157425472440945
11
5.8701335826771652
21
-4.1539414960629921
0
LINE
8
BLACK
6
CONTINUOUS
10
5.8701335826771652
20
-4.1539414960629921
11
5.8678967322834641
21
-4.1495514566929135
0
LINE
8
BLACK
6
CONTINUOUS
10
5.8678967322834641
20
-4.1495514566929135
11
5.8671259842519685
21
-4.1446850393700787
0
LINE
8
BLACK
6
CONTINUOUS
10
5.8671259842519685
20
-4.1446850393700787
11
5.8671259842519685
21
-4.1289370078740157
0
LINE
8
BLACK
6
CONTINUOUS
10
5.8671259842519685
20
-4.1289370078740157
11
5.8678967322834641
21
-4.124070590551181
0
LINE
8
BLACK
6
CONTINUOUS
10
5.8678967322834641
20
-4.124070590551181
11
5.8701335826771652
21
-4.1196805511811023
0
LINE
8
BLACK
6
CONTINUOUS
10
5.8701335826771652
20
-4.1196805511811023
11
5.8736175590551181
21
-4.1161965748031495
0
LINE
8
BLACK
6
CONTINUOUS
10
5.8736175590551181
20
-4.1161965748031495
11
5.8780075984251967
21
-4.1139597244094483
0
LINE
8
BLACK
6
CONTINUOUS
10
5.8780075984251967
20
-4.1139597244094483
11
5.8828740157480315
21
-4.1131889763779528
0
LINE
8
BLACK
6
CONTINUOUS
10
5.8828740157480315
20
-4.1131889763779528
11
5.9045275590551176
21
-4.1131889763779528
0
LINE
8
BLACK
6
CONTINUOUS
10
5.9045275590551176
20
-4.1131889763779528
11
5.9093939763779524
21
-4.1139597244094483
0
LINE
8
BLACK
6
CONTINUOUS
10
6.3520026771653546
20
-4.1176988188976376
11
6.356077834645669
21
-4.1196910629921257
0
LINE
8
BLACK
6
CONTINUOUS
10
6.356077834645669
20
-4.1196910629921257
11
6.3592853149606299
21
-4.1228985433070866
0
LINE
8
BLACK
6
CONTINUOUS
10
6.3592853149606299
20
-4.1228985433070866
11
6.361277559055118
21
-4.1269737007874019
0
LINE
8
BLACK
6
CONTINUOUS
10
6.361277559055118
20
-4.1269737007874019
11
6.3618503937007871
21
-4.1309055118110232
0
LINE
8
BLACK
6
CONTINUOUS
10
6.3618503937007871
20
-4.1309055118110232
11
6.3618503937007871
21
-4.1427165354330704
0
LINE
8
BLACK
6
CONTINUOUS
10
6.3618503937007871
20
-4.1427165354330704
11
6.361277559055118
21
-4.1466483464566926
0
LINE
8
BLACK
6
CONTINUOUS
10
6.361277559055118
20
-4.1466483464566926
11
6.3592853149606299
21
-4.1507235039370078
0
LINE
8
BLACK
6
CONTINUOUS
10
6.3592853149606299
20
-4.1507235039370078
11
6.356077834645669
21
-4.1539309842519687
0
LINE
8
BLACK
6
CONTINUOUS
10
6.356077834645669
20
-4.1539309842519687
11
6.3520026771653546
21
-4.1559232283464569
0
LINE
8
BLACK
6
CONTINUOUS
10
6.3520026771653546
20
-4.1559232283464569
11
6.3480708661417324
21
-4.1564960629921259
0
LINE
8
BLACK
6
CONTINUOUS
10
6.3480708661417324
20
-4.1564960629921259
11
6.2929527559055121
21
-4.1564960629921259
0
LINE
8
BLACK
6
CONTINUOUS
10
6.2929527559055121
20
-4.1564960629921259
11
6.2890209448818899
21
-4.1559232283464569
0
LINE
8
BLACK
6
CONTINUOUS
10
6.2890209448818899
20
-4.1559232283464569
11
6.2849457874015746
21
-4.1539309842519687
0
LINE
8
BLACK
6
CONTINUOUS
10
6.2849457874015746
20
-4.1539309842519687
11
6.2817383070866137
21
-4.1507235039370078
0
LINE
8
BLACK
6
CONTINUOUS
10
6.2817383070866137
20
-4.1507235039370078
11
6.2797460629921256
21
-4.1466483464566926
0
LINE
8
BLACK
6
CONTINUOUS
10
6.2797460629921256
20
-4.1466483464566926
11
6.2791732283464565
21
-4.1427165354330704
0
LINE
8
BLACK
6
CONTINUOUS
10
6.2791732283464565
20
-4.1427165354330704
11
6.2791732283464565
21
-4.1309055118110232
0
LINE
8
BLACK
6
CONTINUOUS
10
6.2791732283464565
20
-4.1309055118110232
11
6.2797460629921256
21
-4.1269737007874019
0
LINE
8
BLACK
6
CONTINUOUS
10
6.2797460629921256
20
-4.1269737007874019
11
6.2817383070866137
21
-4.1228985433070866
0
LINE
8
BLACK
6
CONTINUOUS
10
6.2817383070866137
20
-4.1228985433070866
11
6.2849457874015746
21
-4.1196910629921257
0
LINE
8
BLACK
6
CONTINUOUS
10
6.2849457874015746
20
-4.1196910629921257
11
6.2890209448818899
21
-4.1176988188976376
0
LINE
8
BLACK
6
CONTINUOUS
10
6.2890209448818899
20
-4.1176988188976376
11
6.2929527559055121
21
-4.1171259842519685
0
LINE
8
BLACK
6
CONTINUOUS
10
6.2929527559055121
20
-4.1171259842519685
11
6.3480708661417324
21
-4.1171259842519685
0
LINE
8
BLACK
6
CONTINUOUS
10
6.3480708661417324
20
-4.1171259842519685
11
6.3520026771653546
21
-4.1176988188976376
0
LINE
8
BLACK
6
CONTINUOUS
10
5.6443803937007875
20
-3.751003582677165
11
5.6498683464566932
21
-3.7520951968503935
0
LINE
8
BLACK
6
CONTINUOUS
10
5.6498683464566932
20
-3.7520951968503935
11
5.6550379133858266
21
-3.7542364960629921
0
LINE
8
BLACK
6
CONTINUOUS
10
5.6550379133858266
20
-3.7542364960629921
11
5.6596903543307082
21
-3.7573451574803149
0
LINE
8
BLACK
6
CONTINUOUS
10
5.6596903543307082
20
-3.7573451574803149
11
5.6636469685039366
21
-3.7613017716535433
0
LINE
8
BLACK
6
CONTINUOUS
10
5.6636469685039366
20
-3.7613017716535433
11
5.6667556299212594
21
-3.7659542125984253
0
LINE
8
BLACK
6
CONTINUOUS
10
5.6667556299212594
20
-3.7659542125984253
11
5.668896929133858
21
-3.7711237795275592
0
LINE
8
BLACK
6
CONTINUOUS
10
5.668896929133858
20
-3.7711237795275592
11
5.6699885433070865
21
-3.7766117322834645
0
LINE
8
BLACK
6
CONTINUOUS
10
5.6699885433070865
20
-3.7766117322834645
11
5.6699885433070865
21
-3.7822071653543308
0
LINE
8
BLACK
6
CONTINUOUS
10
5.6699885433070865
20
-3.7822071653543308
11
5.668896929133858
21
-3.7876951181102361
0
LINE
8
BLACK
6
CONTINUOUS
10
5.668896929133858
20
-3.7876951181102361
11
5.6667556299212594
21
-3.7928646850393699
0
LINE
8
BLACK
6
CONTINUOUS
10
5.6667556299212594
20
-3.7928646850393699
11
5.6636469685039366
21
-3.797517125984252
0
LINE
8
BLACK
6
CONTINUOUS
10
5.6636469685039366
20
-3.797517125984252
11
5.6596903543307082
21
-3.8014737401574803
0
LINE
8
BLACK
6
CONTINUOUS
10
5.6596903543307082
20
-3.8014737401574803
11
5.6561805905511813
21
-3.8038188976377953
0
LINE
8
BLACK
6
CONTINUOUS
10
5.6561805905511813
20
-3.8038188976377953
11
5.6661889763779527
21
-3.8038188976377953
0
LINE
8
BLACK
6
CONTINUOUS
10
5.6661889763779527
20
-3.8038188976377953
11
5.669202244094488
21
-3.8044182677165352
0
LINE
8
BLACK
6
CONTINUOUS
10
5.669202244094488
20
-3.8044182677165352
11
5.6717567322834643
21
-3.8061251574803148
0
LINE
8
BLACK
6
CONTINUOUS
10
5.6717567322834643
20
-3.8061251574803148
11
5.6734636220472439
21
-3.8086796456692911
0
LINE
8
BLACK
6
CONTINUOUS
10
5.6734636220472439
20
-3.8086796456692911
11
5.6740629921259842
21
-3.8116929133858268
0
LINE
8
BLACK
6
CONTINUOUS
10
5.6740629921259842
20
-3.8116929133858268
11
5.6740629921259842
21
-3.8353149606299213
0
LINE
8
BLACK
6
CONTINUOUS
10
5.6740629921259842
20
-3.8353149606299213
11
5.6734636220472439
21
-3.8383282283464566
0
LINE
8
BLACK
6
CONTINUOUS
10
5.6734636220472439
20
-3.8383282283464566
11
5.672846377952756
21
-3.839251968503937
0
LINE
8
BLACK
6
CONTINUOUS
10
5.672846377952756
20
-3.839251968503937
11
5.6734636220472439
21
-3.8401757086614174
0
LINE
8
BLACK
6
CONTINUOUS
10
5.6734636220472439
20
-3.8401757086614174
11
5.6740629921259842
21
-3.8431889763779528
0
LINE
8
BLACK
6
CONTINUOUS
10
5.6740629921259842
20
-3.8431889763779528
11
5.6740629921259842
21
-3.8668110236220472
0
LINE
8
BLACK
6
CONTINUOUS
10
5.6740629921259842
20
-3.8668110236220472
11
5.6734636220472439
21
-3.8698242913385825
0
LINE
8
BLACK
6
CONTINUOUS
10
5.6734636220472439
20
-3.8698242913385825
11
5.672846377952756
21
-3.8707480314960629
0
LINE
8
BLACK
6
CONTINUOUS
10
5.672846377952756
20
-3.8707480314960629
11
5.6734636220472439
21
-3.8716717716535434
0
LINE
8
BLACK
6
CONTINUOUS
10
5.6734636220472439
20
-3.8716717716535434
11
5.6740629921259842
21
-3.8746850393700787
0
LINE
8
BLACK
6
CONTINUOUS
10
5.6740629921259842
20
-3.8746850393700787
11
5.6740629921259842
21
-3.8864960629921259
0
LINE
8
BLACK
6
CONTINUOUS
10
5.6740629921259842
20
-3.8864960629921259
11
5.6734636220472439
21
-3.8895093307086612
0
LINE
8
BLACK
6
CONTINUOUS
10
5.6734636220472439
20
-3.8895093307086612
11
5.672846377952756
21
-3.8904330708661417
0
LINE
8
BLACK
6
CONTINUOUS
10
5.672846377952756
20
-3.8904330708661417
11
5.6734636220472439
21
-3.8913568110236221
0
LINE
8
BLACK
6
CONTINUOUS
10
5.6734636220472439
20
-3.8913568110236221
11
5.6740629921259842
21
-3.8943700787401574
0
LINE
8
BLACK
6
CONTINUOUS
10
5.6740629921259842
20
-3.8943700787401574
11
5.6740629921259842
21
-3.9061811023622046
0
LINE
8
BLACK
6
CONTINUOUS
10
5.6740629921259842
20
-3.9061811023622046
11
5.6734636220472439
21
-3.9091943700787399
0
LINE
8
BLACK
6
CONTINUOUS
10
5.6734636220472439
20
-3.9091943700787399
11
5.672846377952756
21
-3.9101181102362204
0
LINE
8
BLACK
6
CONTINUOUS
10
5.672846377952756
20
-3.9101181102362204
11
5.6734636220472439
21
-3.9110418503937008
0
LINE
8
BLACK
6
CONTINUOUS
10
5.6734636220472439
20
-3.9110418503937008
11
5.6740629921259842
21
-3.9140551181102361
0
LINE
8
BLACK
6
CONTINUOUS
10
5.6740629921259842
20
-3.9140551181102361
11
5.6740629921259842
21
-3.9258661417322833
0
LINE
8
BLACK
6
CONTINUOUS
10
5.6740629921259842
20
-3.9258661417322833
11
5.6734636220472439
21
-3.9288794094488186
0
LINE
8
BLACK
6
CONTINUOUS
10
5.6734636220472439
20
-3.9288794094488186
11
5.672846377952756
21
-3.9298031496062991
0
LINE
8
BLACK
6
CONTINUOUS
10
5.672846377952756
20
-3.9298031496062991
11
5.6734636220472439
21
-3.9307268897637795
0
LINE
8
BLACK
6
CONTINUOUS
10
5.6734636220472439
20
-3.9307268897637795
11
5.6740629921259842
21
-3.9337401574803148
0
LINE
8
BLACK
6
CONTINUOUS
10
5.6740629921259842
20
-3.9337401574803148
11
5.6740629921259842
21
-3.945551181102362
0
LINE
8
BLACK
6
CONTINUOUS
10
5.6740629921259842
20
-3.945551181102362
11
5.6734636220472439
21
-3.9485644488188973
0
LINE
8
BLACK
6
CONTINUOUS
10
5.6734636220472439
20
-3.9485644488188973
11
5.672846377952756
21
-3.9494881889763778
0
LINE
8
BLACK
6
CONTINUOUS
10
5.672846377952756
20
-3.9494881889763778
11
5.6734636220472439
21
-3.9504119291338582
0
LINE
8
BLACK
6
CONTINUOUS
10
5.6734636220472439
20
-3.9504119291338582
11
5.6740629921259842
21
-3.9534251968503935
0
LINE
8
BLACK
6
CONTINUOUS
10
5.6740629921259842
20
-3.9534251968503935
11
5.6740629921259842
21
-3.9652362204724407
0
LINE
8
BLACK
6
CONTINUOUS
10
5.6740629921259842
20
-3.9652362204724407
11
5.6734636220472439
21
-3.9682494881889765
0
LINE
8
BLACK
6
CONTINUOUS
10
5.6734636220472439
20
-3.9682494881889765
11
5.672846377952756
21
-3.9691732283464565
0
LINE
8
BLACK
6
CONTINUOUS
10
5.672846377952756
20
-3.9691732283464565
11
5.6734636220472439
21
-3.9700969685039369
0
LINE
8
BLACK
6
CONTINUOUS
10
5.6734636220472439
20
-3.9700969685039369
11
5.6740629921259842
21
-3.9731102362204722
0
LINE
8
BLACK
6
CONTINUOUS
10
5.6740629921259842
20
-3.9731102362204722
11
5.6740629921259842
21
-3.9849212598425194
0
LINE
8
BLACK
6
CONTINUOUS
10
5.6740629921259842
20
-3.9849212598425194
11
5.6734636220472439
21
-3.9879345275590552
0
LINE
8
BLACK
6
CONTINUOUS
10
5.6734636220472439
20
-3.9879345275590552
11
5.672846377952756
21
-3.9888582677165352
0
LINE
8
BLACK
6
CONTINUOUS
10
5.672846377952756
20
-3.9888582677165352
11
5.6734636220472439
21
-3.9897820078740156
0
LINE
8
BLACK
6
CONTINUOUS
10
5.6734636220472439
20
-3.9897820078740156
11
5.6740629921259842
21
-3.9927952755905509
0
LINE
8
BLACK
6
CONTINUOUS
10
5.6740629921259842
20
-3.9927952755905509
11
5.6740629921259842
21
-4.0046062992125986
0
LINE
8
BLACK
6
CONTINUOUS
10
5.6740629921259842
20
-4.0046062992125986
11
5.6734636220472439
21
-4.0076195669291339
0
LINE
8
BLACK
6
CONTINUOUS
10
5.6734636220472439
20
-4.0076195669291339
11
5.672846377952756
21
-4.0085433070866143
0
LINE
8
BLACK
6
CONTINUOUS
10
5.672846377952756
20
-4.0085433070866143
11
5.6734636220472439
21
-4.0094670472440948
0
LINE
8
BLACK
6
CONTINUOUS
10
5.6734636220472439
20
-4.0094670472440948
11
5.6740629921259842
21
-4.0124803149606301
0
LINE
8
BLACK
6
CONTINUOUS
10
5.6740629921259842
20
-4.0124803149606301
11
5.6740629921259842
21
-4.0242913385826773
0
LINE
8
BLACK
6
CONTINUOUS
10
5.6740629921259842
20
-4.0242913385826773
11
5.6734636220472439
21
-4.0273046062992126
0
LINE
8
BLACK
6
CONTINUOUS
10
5.6734636220472439
20
-4.0273046062992126
11
5.672846377952756
21
-4.028228346456693
0
LINE
8
BLACK
6
CONTINUOUS
10
5.672846377952756
20
-4.028228346456693
11
5.6734636220472439
21
-4.0291520866141735
0
LINE
8
BLACK
6
CONTINUOUS
10
5.6734636220472439
20
-4.0291520866141735
11
5.6740629921259842
21
-4.0321653543307088
0
LINE
8
BLACK
6
CONTINUOUS
10
5.6740629921259842
20
-4.0321653543307088
11
5.6740629921259842
21
-4.0557874015748032
0
LINE
8
BLACK
6
CONTINUOUS
10
5.6740629921259842
20
-4.0557874015748032
11
5.6734636220472439
21
-4.0588006692913385
0
LINE
8
BLACK
6
CONTINUOUS
10
5.6734636220472439
20
-4.0588006692913385
11
5.672846377952756
21
-4.059724409448819
0
LINE
8
BLACK
6
CONTINUOUS
10
5.672846377952756
20
-4.059724409448819
11
5.6734636220472439
21
-4.0606481496062994
0
LINE
8
BLACK
6
CONTINUOUS
10
5.6734636220472439
20
-4.0606481496062994
11
5.6740629921259842
21
-4.0636614173228347
0
LINE
8
BLACK
6
CONTINUOUS
10
5.6740629921259842
20
-4.0636614173228347
11
5.6740629921259842
21
-4.0872834645669291
0
LINE
8
BLACK
6
CONTINUOUS
10
5.6740629921259842
20
-4.0872834645669291
11
5.6734636220472439
21
-4.0902967322834645
0
LINE
8
BLACK
6
CONTINUOUS
10
5.6734636220472439
20
-4.0902967322834645
11
5.6717567322834643
21
-4.0928512204724408
0
LINE
8
BLACK
6
CONTINUOUS
10
5.6717567322834643
20
-4.0928512204724408
11
5.669202244094488
21
-4.0945581102362203
0
LINE
8
BLACK
6
CONTINUOUS
10
5.669202244094488
20
-4.0945581102362203
11
5.6661889763779527
21
-4.0951574803149606
0
LINE
8
BLACK
6
CONTINUOUS
10
5.6661889763779527
20
-4.0951574803149606
11
5.6561805905511813
21
-4.0951574803149606
0
LINE
8
BLACK
6
CONTINUOUS
10
5.6561805905511813
20
-4.0951574803149606
11
5.6596903543307082
21
-4.0975026377952757
0
LINE
8
BLACK
6
CONTINUOUS
10
5.6596903543307082
20
-4.0975026377952757
11
5.6636469685039366
21
-4.101459251968504
0
LINE
8
BLACK
6
CONTINUOUS
10
5.6636469685039366
20
-4.101459251968504
11
5.6667556299212594
21
-4.1061116929133856
0
LINE
8
BLACK
6
CONTINUOUS
10
5.6667556299212594
20
-4.1061116929133856
11
5.668896929133858
21
-4.1112812598425199
0
LINE
8
BLACK
6
CONTINUOUS
10
5.668896929133858
20
-4.1112812598425199
11
5.6699885433070865
21
-4.1167692125984248
0
LINE
8
BLACK
6
CONTINUOUS
10
5.6699885433070865
20
-4.1167692125984248
11
5.6699885433070865
21
-4.1223646456692915
0
LINE
8
BLACK
6
CONTINUOUS
10
5.6699885433070865
20
-4.1223646456692915
11
5.668896929133858
21
-4.1278525984251964
0
LINE
8
BLACK
6
CONTINUOUS
10
5.668896929133858
20
-4.1278525984251964
11
5.6667556299212594
21
-4.1330221653543306
0
LINE
8
BLACK
6
CONTINUOUS
10
5.6667556299212594
20
-4.1330221653543306
11
5.6636469685039366
21
-4.1376746062992122
0
LINE
8
BLACK
6
CONTINUOUS
10
5.6636469685039366
20
-4.1376746062992122
11
5.6596903543307082
21
-4.1416312204724406
0
LINE
8
BLACK
6
CONTINUOUS
10
5.6596903543307082
20
-4.1416312204724406
11
5.6550379133858266
21
-4.1447398818897634
0
LINE
8
BLACK
6
CONTINUOUS
10
5.6550379133858266
20
-4.1447398818897634
11
5.6498683464566932
21
-4.146881181102362
0
LINE
8
BLACK
6
CONTINUOUS
10
5.6498683464566932
20
-4.146881181102362
11
5.6443803937007875
21
-4.1479727952755905
0
LINE
8
BLACK
6
CONTINUOUS
10
5.6443803937007875
20
-4.1479727952755905
11
5.6415826771653546
21
-4.1481102362204725
0
LINE
8
BLACK
6
CONTINUOUS
10
5.6415826771653546
20
-4.1481102362204725
11
5.6002440944881888
21
-4.1481102362204725
0
LINE
8
BLACK
6
CONTINUOUS
10
5.6002440944881888
20
-4.1481102362204725
11
5.5974463779527559
21
-4.1479727952755905
0
LINE
8
BLACK
6
CONTINUOUS
10
5.5974463779527559
20
-4.1479727952755905
11
5.5919584251968502
21
-4.146881181102362
0
LINE
8
BLACK
6
CONTINUOUS
10
5.5919584251968502
20
-4.146881181102362
11
5.5867888582677168
21
-4.1447398818897634
0
LINE
8
BLACK
6
CONTINUOUS
10
5.5867888582677168
20
-4.1447398818897634
11
5.5821364173228343
21
-4.1416312204724406
0
LINE
8
BLACK
6
CONTINUOUS
10
5.5821364173228343
20
-4.1416312204724406
11
5.5781798031496059
21
-4.1376746062992122
0
LINE
8
BLACK
6
CONTINUOUS
10
5.5781798031496059
20
-4.1376746062992122
11
5.5750711417322831
21
-4.1330221653543306
0
LINE
8
BLACK
6
CONTINUOUS
10
5.5750711417322831
20
-4.1330221653543306
11
5.5729298425196845
21
-4.1278525984251964
0
LINE
8
BLACK
6
CONTINUOUS
10
5.5729298425196845
20
-4.1278525984251964
11
5.5718382283464569
21
-4.1223646456692915
0
LINE
8
BLACK
6
CONTINUOUS
10
5.5718382283464569
20
-4.1223646456692915
11
5.5718382283464569
21
-4.1167692125984248
0
LINE
8
BLACK
6
CONTINUOUS
10
5.5718382283464569
20
-4.1167692125984248
11
5.5729298425196845
21
-4.1112812598425199
0
LINE
8
BLACK
6
CONTINUOUS
10
5.5729298425196845
20
-4.1112812598425199
11
5.5750711417322831
21
-4.1061116929133856
0
LINE
8
BLACK
6
CONTINUOUS
10
5.5750711417322831
20
-4.1061116929133856
11
5.5781798031496059
21
-4.101459251968504
0
LINE
8
BLACK
6
CONTINUOUS
10
5.5781798031496059
20
-4.101459251968504
11
5.5821364173228343
21
-4.0975026377952757
0
LINE
8
BLACK
6
CONTINUOUS
10
5.5821364173228343
20
-4.0975026377952757
11
5.5867888582677168
21
-4.0943939763779529
0
LINE
8
BLACK
6
CONTINUOUS
10
5.5867888582677168
20
-4.0943939763779529
11
5.5919584251968502
21
-4.0922526771653542
0
LINE
8
BLACK
6
CONTINUOUS
10
5.5919584251968502
20
-4.0922526771653542
11
5.5974463779527559
21
-4.0911610629921258
0
LINE
8
BLACK
6
CONTINUOUS
10
5.5974463779527559
20
-4.0911610629921258
11
5.6002440944881888
21
-4.0910236220472438
0
LINE
8
BLACK
6
CONTINUOUS
10
5.6002440944881888
20
-4.0910236220472438
11
5.6141244488188979
21
-4.0910236220472438
0
LINE
8
BLACK
6
CONTINUOUS
10
5.6141244488188979
20
-4.0910236220472438
11
5.6136387401574801
21
-4.0902967322834645
0
LINE
8
BLACK
6
CONTINUOUS
10
5.6136387401574801
20
-4.0902967322834645
11
5.6130393700787398
21
-4.0872834645669291
0
LINE
8
BLACK
6
CONTINUOUS
10
5.6130393700787398
20
-4.0872834645669291
11
5.6130393700787398
21
-4.0801112992125983
0
LINE
8
BLACK
6
CONTINUOUS
10
5.6130393700787398
20
-4.0801112992125983
11
5.6091381496062995
21
-4.0823636614173227
0
LINE
8
BLACK
6
CONTINUOUS
10
5.6091381496062995
20
-4.0823636614173227
11
5.6039262204724407
21
-4.0837601968503936
0
LINE
8
BLACK
6
CONTINUOUS
10
5.6039262204724407
20
-4.0837601968503936
11
5.5985304724409444
21
-4.0837601968503936
0
LINE
8
BLACK
6
CONTINUOUS
10
5.5985304724409444
20
-4.0837601968503936
11
5.5933185433070864
21
-4.0823636614173227
0
LINE
8
BLACK
6
CONTINUOUS
10
5.5933185433070864
20
-4.0823636614173227
11
5.5886456692913384
21
-4.0796657874015745
0
LINE
8
BLACK
6
CONTINUOUS
10
5.5886456692913384
20
-4.0796657874015745
11
5.5848302755905515
21
-4.0758503937007875
0
LINE
8
BLACK
6
CONTINUOUS
10
5.5848302755905515
20
-4.0758503937007875
11
5.5821324015748033
21
-4.0711775196850395
0
LINE
8
BLACK
6
CONTINUOUS
10
5.5821324015748033
20
-4.0711775196850395
11
5.5807358661417323
21
-4.0659655905511807
0
LINE
8
BLACK
6
CONTINUOUS
10
5.5807358661417323
20
-4.0659655905511807
11
5.5807358661417323
21
-4.0605698425196852
0
LINE
8
BLACK
6
CONTINUOUS
10
5.5807358661417323
20
-4.0605698425196852
11
5.5821324015748033
21
-4.0553579133858264
0
LINE
8
BLACK
6
CONTINUOUS
10
5.5821324015748033
20
-4.0553579133858264
11
5.5848302755905515
21
-4.0506850393700784
0
LINE
8
BLACK
6
CONTINUOUS
10
5.5848302755905515
20
-4.0506850393700784
11
5.5886456692913384
21
-4.0468696456692914
0
LINE
8
BLACK
6
CONTINUOUS
10
5.5886456692913384
20
-4.0468696456692914
11
5.5933185433070864
21
-4.0441717716535432
0
LINE
8
BLACK
6
CONTINUOUS
10
5.5933185433070864
20
-4.0441717716535432
11
5.5985304724409444
21
-4.0427752362204723
0
LINE
8
BLACK
6
CONTINUOUS
10
5.5985304724409444
20
-4.0427752362204723
11
5.6039262204724407
21
-4.0427752362204723
0
LINE
8
BLACK
6
CONTINUOUS
10
5.6039262204724407
20
-4.0427752362204723
11
5.6091381496062995
21
-4.0441717716535432
0
LINE
8
BLACK
6
CONTINUOUS
10
5.6091381496062995
20
-4.0441717716535432
11
5.6130393700787398
21
-4.0464240944881888
0
LINE
8
BLACK
6
CONTINUOUS
10
5.6130393700787398
20
-4.0464240944881888
11
5.6130393700787398
21
-4.0321653543307088
0
LINE
8
BLACK
6
CONTINUOUS
10
5.6130393700787398
20
-4.0321653543307088
11
5.6136387401574801
21
-4.0291520866141735
0
LINE
8
BLACK
6
CONTINUOUS
10
5.6136387401574801
20
-4.0291520866141735
11
5.6142559448818901
21
-4.028228346456693
0
LINE
8
BLACK
6
CONTINUOUS
10
5.6142559448818901
20
-4.028228346456693
11
5.6136387401574801
21
-4.0273046062992126
0
LINE
8
BLACK
6
CONTINUOUS
10
5.6136387401574801
20
-4.0273046062992126
11
5.6130393700787398
21
-4.0242913385826773
0
LINE
8
BLACK
6
CONTINUOUS
10
5.6130393700787398
20
-4.0242913385826773
11
5.6130393700787398
21
-4.0124803149606301
0
LINE
8
BLACK
6
CONTINUOUS
10
5.6130393700787398
20
-4.0124803149606301
11
5.6136387401574801
21
-4.0094670472440948
0
LINE
8
BLACK
6
CONTINUOUS
10
5.6136387401574801
20
-4.0094670472440948
11
5.6142559448818901
21
-4.0085433070866143
0
LINE
8
BLACK
6
CONTINUOUS
10
5.6142559448818901
20
-4.0085433070866143
11
5.6136387401574801
21
-4.0076195669291339
0
LINE
8
BLACK
6
CONTINUOUS
10
5.6136387401574801
20
-4.0076195669291339
11
5.6130393700787398
21
-4.0046062992125986
0
LINE
8
BLACK
6
CONTINUOUS
10
5.6130393700787398
20
-4.0046062992125986
11
5.6130393700787398
21
-3.9927952755905509
0
LINE
8
BLACK
6
CONTINUOUS
10
5.6130393700787398
20
-3.9927952755905509
11
5.6136387401574801
21
-3.9897820078740156
0
LINE
8
BLACK
6
CONTINUOUS
10
5.6136387401574801
20
-3.9897820078740156
11
5.6142559448818901
21
-3.9888582677165352
0
LINE
8
BLACK
6
CONTINUOUS
10
5.6142559448818901
20
-3.9888582677165352
11
5.6136387401574801
21
-3.9879345275590552
0
LINE
8
BLACK
6
CONTINUOUS
10
5.6136387401574801
20
-3.9879345275590552
11
5.6130393700787398
21
-3.9849212598425194
0
LINE
8
BLACK
6
CONTINUOUS
10
5.6130393700787398
20
-3.9849212598425194
11
5.6130393700787398
21
-3.9731102362204722
0
LINE
8
BLACK
6
CONTINUOUS
10
5.6130393700787398
20
-3.9731102362204722
11
5.6136387401574801
21
-3.9700969685039369
0
LINE
8
BLACK
6
CONTINUOUS
10
5.6136387401574801
20
-3.9700969685039369
11
5.6142559448818901
21
-3.9691732283464565
0
LINE
8
BLACK
6
CONTINUOUS
10
5.6142559448818901
20
-3.9691732283464565
11
5.6136387401574801
21
-3.9682494881889765
0
LINE
8
BLACK
6
CONTINUOUS
10
5.6136387401574801
20
-3.9682494881889765
11
5.6130393700787398
21
-3.9652362204724407
0
LINE
8
BLACK
6
CONTINUOUS
10
5.6130393700787398
20
-3.9652362204724407
11
5.6130393700787398
21
-3.9534251968503935
0
LINE
8
BLACK
6
CONTINUOUS
10
5.6130393700787398
20
-3.9534251968503935
11
5.6136387401574801
21
-3.9504119291338582
0
LINE
8
BLACK
6
CONTINUOUS
10
5.6136387401574801
20
-3.9504119291338582
11
5.6142559448818901
21
-3.9494881889763778
0
LINE
8
BLACK
6
CONTINUOUS
10
5.6142559448818901
20
-3.9494881889763778
11
5.6136387401574801
21
-3.9485644488188973
0
LINE
8
BLACK
6
CONTINUOUS
10
5.6136387401574801
20
-3.9485644488188973
11
5.6130393700787398
21
-3.945551181102362
0
LINE
8
BLACK
6
CONTINUOUS
10
5.6130393700787398
20
-3.945551181102362
11
5.6130393700787398
21
-3.9337401574803148
0
LINE
8
BLACK
6
CONTINUOUS
10
5.6130393700787398
20
-3.9337401574803148
11
5.6136387401574801
21
-3.9307268897637795
0
LINE
8
BLACK
6
CONTINUOUS
10
5.6136387401574801
20
-3.9307268897637795
11
5.6142559448818901
21
-3.9298031496062991
0
LINE
8
BLACK
6
CONTINUOUS
10
5.6142559448818901
20
-3.9298031496062991
11
5.6136387401574801
21
-3.9288794094488186
0
LINE
8
BLACK
6
CONTINUOUS
10
5.6136387401574801
20
-3.9288794094488186
11
5.6130393700787398
21
-3.9258661417322833
0
LINE
8
BLACK
6
CONTINUOUS
10
5.6130393700787398
20
-3.9258661417322833
11
5.6130393700787398
21
-3.9140551181102361
0
LINE
8
BLACK
6
CONTINUOUS
10
5.6130393700787398
20
-3.9140551181102361
11
5.6136387401574801
21
-3.9110418503937008
0
LINE
8
BLACK
6
CONTINUOUS
10
5.6136387401574801
20
-3.9110418503937008
11
5.6142559448818901
21
-3.9101181102362204
0
LINE
8
BLACK
6
CONTINUOUS
10
5.6142559448818901
20
-3.9101181102362204
11
5.6136387401574801
21
-3.9091943700787399
0
LINE
8
BLACK
6
CONTINUOUS
10
5.6136387401574801
20
-3.9091943700787399
11
5.6130393700787398
21
-3.9061811023622046
0
LINE
8
BLACK
6
CONTINUOUS
10
5.6130393700787398
20
-3.9061811023622046
11
5.6130393700787398
21
-3.8943700787401574
0
LINE
8
BLACK
6
CONTINUOUS
10
5.6130393700787398
20
-3.8943700787401574
11
5.6136387401574801
21
-3.8913568110236221
0
LINE
8
BLACK
6
CONTINUOUS
10
5.6136387401574801
20
-3.8913568110236221
11
5.6142559448818901
21
-3.8904330708661417
0
LINE
8
BLACK
6
CONTINUOUS
10
5.6142559448818901
20
-3.8904330708661417
11
5.6136387401574801
21
-3.8895093307086612
0
LINE
8
BLACK
6
CONTINUOUS
10
5.6136387401574801
20
-3.8895093307086612
11
5.6130393700787398
21
-3.8864960629921259
0
LINE
8
BLACK
6
CONTINUOUS
10
5.6130393700787398
20
-3.8864960629921259
11
5.6130393700787398
21
-3.8746850393700787
0
LINE
8
BLACK
6
CONTINUOUS
10
5.6130393700787398
20
-3.8746850393700787
11
5.6136387401574801
21
-3.8716717716535434
0
LINE
8
BLACK
6
CONTINUOUS
10
5.6136387401574801
20
-3.8716717716535434
11
5.6142559448818901
21
-3.8707480314960629
0
LINE
8
BLACK
6
CONTINUOUS
10
5.6142559448818901
20
-3.8707480314960629
11
5.6136387401574801
21
-3.8698242913385825
0
LINE
8
BLACK
6
CONTINUOUS
10
5.6136387401574801
20
-3.8698242913385825
11
5.6130393700787398
21
-3.8668110236220472
0
LINE
8
BLACK
6
CONTINUOUS
10
5.6130393700787398
20
-3.8668110236220472
11
5.6130393700787398
21
-3.8525522440944879
0
LINE
8
BLACK
6
CONTINUOUS
10
5.6130393700787398
20
-3.8525522440944879
11
5.6091381496062995
21
-3.8548046062992127
0
LINE
8
BLACK
6
CONTINUOUS
10
5.6091381496062995
20
-3.8548046062992127
11
5.6039262204724407
21
-3.8562011417322832
0
LINE
8
BLACK
6
CONTINUOUS
10
5.6039262204724407
20
-3.8562011417322832
11
5.5985304724409444
21
-3.8562011417322832
0
LINE
8
BLACK
6
CONTINUOUS
10
5.5985304724409444
20
-3.8562011417322832
11
5.5933185433070864
21
-3.8548046062992127
0
LINE
8
BLACK
6
CONTINUOUS
10
5.5933185433070864
20
-3.8548046062992127
11
5.5886456692913384
21
-3.8521067322834646
0
LINE
8
BLACK
6
CONTINUOUS
10
5.5886456692913384
20
-3.8521067322834646
11
5.5848302755905515
21
-3.8482913385826771
0
LINE
8
BLACK
6
CONTINUOUS
10
5.5848302755905515
20
-3.8482913385826771
11
5.5821324015748033
21
-3.8436184645669291
0
LINE
8
BLACK
6
CONTINUOUS
10
5.5821324015748033
20
-3.8436184645669291
11
5.5807358661417323
21
-3.8384065354330708
0
LINE
8
BLACK
6
CONTINUOUS
10
5.5807358661417323
20
-3.8384065354330708
11
5.5807358661417323
21
-3.8330107874015749
0
LINE
8
BLACK
6
CONTINUOUS
10
5.5807358661417323
20
-3.8330107874015749
11
5.5821324015748033
21
-3.8277988582677165
0
LINE
8
BLACK
6
CONTINUOUS
10
5.5821324015748033
20
-3.8277988582677165
11
5.5848302755905515
21
-3.8231259842519685
0
LINE
8
BLACK
6
CONTINUOUS
10
5.5848302755905515
20
-3.8231259842519685
11
5.5886456692913384
21
-3.8193105905511811
0
LINE
8
BLACK
6
CONTINUOUS
10
5.5886456692913384
20
-3.8193105905511811
11
5.5933185433070864
21
-3.8166127165354329
0
LINE
8
BLACK
6
CONTINUOUS
10
5.5933185433070864
20
-3.8166127165354329
11
5.5985304724409444
21
-3.8152161811023619
0
LINE
8
BLACK
6
CONTINUOUS
10
5.5985304724409444
20
-3.8152161811023619
11
5.6039262204724407
21
-3.8152161811023619
0
LINE
8
BLACK
6
CONTINUOUS
10
5.6039262204724407
20
-3.8152161811023619
11
5.6091381496062995
21
-3.8166127165354329
0
LINE
8
BLACK
6
CONTINUOUS
10
5.6091381496062995
20
-3.8166127165354329
11
5.6130393700787398
21
-3.8188650393700785
0
LINE
8
BLACK
6
CONTINUOUS
10
5.6130393700787398
20
-3.8188650393700785
11
5.6130393700787398
21
-3.8116929133858268
0
LINE
8
BLACK
6
CONTINUOUS
10
5.6130393700787398
20
-3.8116929133858268
11
5.6136387401574801
21
-3.8086796456692911
0
LINE
8
BLACK
6
CONTINUOUS
10
5.6136387401574801
20
-3.8086796456692911
11
5.6141244488188979
21
-3.8079527559055117
0
LINE
8
BLACK
6
CONTINUOUS
10
5.6141244488188979
20
-3.8079527559055117
11
5.6002440944881888
21
-3.8079527559055117
0
LINE
8
BLACK
6
CONTINUOUS
10
5.6002440944881888
20
-3.8079527559055117
11
5.5974463779527559
21
-3.8078153149606297
0
LINE
8
BLACK
6
CONTINUOUS
10
5.5974463779527559
20
-3.8078153149606297
11
5.5919584251968502
21
-3.8067237007874013
0
LINE
8
BLACK
6
CONTINUOUS
10
5.5919584251968502
20
-3.8067237007874013
11
5.5867888582677168
21
-3.8045824015748031
0
LINE
8
BLACK
6
CONTINUOUS
10
5.5867888582677168
20
-3.8045824015748031
11
5.5821364173228343
21
-3.8014737401574803
0
LINE
8
BLACK
6
CONTINUOUS
10
5.5821364173228343
20
-3.8014737401574803
11
5.5781798031496059
21
-3.797517125984252
0
LINE
8
BLACK
6
CONTINUOUS
10
5.5781798031496059
20
-3.797517125984252
11
5.5750711417322831
21
-3.7928646850393699
0
LINE
8
BLACK
6
CONTINUOUS
10
5.5750711417322831
20
-3.7928646850393699
11
5.5729298425196845
21
-3.7876951181102361
0
LINE
8
BLACK
6
CONTINUOUS
10
5.5729298425196845
20
-3.7876951181102361
11
5.5718382283464569
21
-3.7822071653543308
0
LINE
8
BLACK
6
CONTINUOUS
10
5.5718382283464569
20
-3.7822071653543308
11
5.5718382283464569
21
-3.7766117322834645
0
LINE
8
BLACK
6
CONTINUOUS
10
5.5718382283464569
20
-3.7766117322834645
11
5.5729298425196845
21
-3.7711237795275592
0
LINE
8
BLACK
6
CONTINUOUS
10
5.5729298425196845
20
-3.7711237795275592
11
5.5750711417322831
21
-3.7659542125984253
0
LINE
8
BLACK
6
CONTINUOUS
10
5.5750711417322831
20
-3.7659542125984253
11
5.5781798031496059
21
-3.7613017716535433
0
LINE
8
BLACK
6
CONTINUOUS
10
5.5781798031496059
20
-3.7613017716535433
11
5.5821364173228343
21
-3.7573451574803149
0
LINE
8
BLACK
6
CONTINUOUS
10
5.5821364173228343
20
-3.7573451574803149
11
5.5867888582677168
21
-3.7542364960629921
0
LINE
8
BLACK
6
CONTINUOUS
10
5.5867888582677168
20
-3.7542364960629921
11
5.5919584251968502
21
-3.7520951968503935
0
LINE
8
BLACK
6
CONTINUOUS
10
5.5919584251968502
20
-3.7520951968503935
11
5.5974463779527559
21
-3.751003582677165
0
LINE
8
BLACK
6
CONTINUOUS
10
5.5974463779527559
20
-3.751003582677165
11
5.6002440944881888
21
-3.7508661417322835
0
LINE
8
BLACK
6
CONTINUOUS
10
5.6002440944881888
20
-3.7508661417322835
11
5.6415826771653546
21
-3.7508661417322835
0
LINE
8
BLACK
6
CONTINUOUS
10
5.6415826771653546
20
-3.7508661417322835
11
5.6443803937007875
21
-3.751003582677165
0
LINE
8
BLACK
6
CONTINUOUS
10
5.4787327559055115
20
-4.092140590551181
11
5.4840314566929136
21
-4.0931945669291334
0
LINE
8
BLACK
6
CONTINUOUS
10
5.4840314566929136
20
-4.0931945669291334
11
5.4890227559055118
21
-4.0952620078740161
0
LINE
8
BLACK
6
CONTINUOUS
10
5.4890227559055118
20
-4.0952620078740161
11
5.4935147637795279
21
-4.0982635039370079
0
LINE
8
BLACK
6
CONTINUOUS
10
5.4935147637795279
20
-4.0982635039370079
11
5.4973349212598421
21
-4.1020836614173231
0
LINE
8
BLACK
6
CONTINUOUS
10
5.4973349212598421
20
-4.1020836614173231
11
5.5003364173228348
21
-4.1065756692913382
0
LINE
8
BLACK
6
CONTINUOUS
10
5.5003364173228348
20
-4.1065756692913382
11
5.5024038582677166
21
-4.1115669685039373
0
LINE
8
BLACK
6
CONTINUOUS
10
5.5024038582677166
20
-4.1115669685039373
11
5.5034578346456691
21
-4.1168656692913386
0
LINE
8
BLACK
6
CONTINUOUS
10
5.5034578346456691
20
-4.1168656692913386
11
5.5034578346456691
21
-4.1222681889763777
0
LINE
8
BLACK
6
CONTINUOUS
10
5.5034578346456691
20
-4.1222681889763777
11
5.5024038582677166
21
-4.1275668897637798
0
LINE
8
BLACK
6
CONTINUOUS
10
5.5024038582677166
20
-4.1275668897637798
11
5.5003364173228348
21
-4.1325581889763781
0
LINE
8
BLACK
6
CONTINUOUS
10
5.5003364173228348
20
-4.1325581889763781
11
5.4973349212598421
21
-4.1370501968503932
0
LINE
8
BLACK
6
CONTINUOUS
10
5.4973349212598421
20
-4.1370501968503932
11
5.4935147637795279
21
-4.1408703543307084
0
LINE
8
BLACK
6
CONTINUOUS
10
5.4935147637795279
20
-4.1408703543307084
11
5.4890227559055118
21
-4.1438718503937011
0
LINE
8
BLACK
6
CONTINUOUS
10
5.4890227559055118
20
-4.1438718503937011
11
5.4840314566929136
21
-4.1459392913385829
0
LINE
8
BLACK
6
CONTINUOUS
10
5.4840314566929136
20
-4.1459392913385829
11
5.4787327559055115
21
-4.1469932677165353
0
LINE
8
BLACK
6
CONTINUOUS
10
5.4787327559055115
20
-4.1469932677165353
11
5.4760314960629923
21
-4.1471259842519688
0
LINE
8
BLACK
6
CONTINUOUS
10
5.4760314960629923
20
-4.1471259842519688
11
5.4366614173228349
21
-4.1471259842519688
0
LINE
8
BLACK
6
CONTINUOUS
10
5.4366614173228349
20
-4.1471259842519688
11
5.4339601574803149
21
-4.1469932677165353
0
LINE
8
BLACK
6
CONTINUOUS
10
5.4339601574803149
20
-4.1469932677165353
11
5.4286614566929137
21
-4.1459392913385829
0
LINE
8
BLACK
6
CONTINUOUS
10
5.4286614566929137
20
-4.1459392913385829
11
5.4236701574803146
21
-4.1438718503937011
0
LINE
8
BLACK
6
CONTINUOUS
10
5.4236701574803146
20
-4.1438718503937011
11
5.4191781496062994
21
-4.1408703543307084
0
LINE
8
BLACK
6
CONTINUOUS
10
5.4191781496062994
20
-4.1408703543307084
11
5.4153579921259842
21
-4.1370501968503932
0
LINE
8
BLACK
6
CONTINUOUS
10
5.4153579921259842
20
-4.1370501968503932
11
5.4123564960629924
21
-4.1325581889763781
0
LINE
8
BLACK
6
CONTINUOUS
10
5.4123564960629924
20
-4.1325581889763781
11
5.4102890551181098
21
-4.1275668897637798
0
LINE
8
BLACK
6
CONTINUOUS
10
5.4102890551181098
20
-4.1275668897637798
11
5.4092350787401573
21
-4.1222681889763777
0
LINE
8
BLACK
6
CONTINUOUS
10
5.4092350787401573
20
-4.1222681889763777
11
5.4092350787401573
21
-4.1168656692913386
0
LINE
8
BLACK
6
CONTINUOUS
10
5.4092350787401573
20
-4.1168656692913386
11
5.4102890551181098
21
-4.1115669685039373
0
LINE
8
BLACK
6
CONTINUOUS
10
5.4102890551181098
20
-4.1115669685039373
11
5.4123564960629924
21
-4.1065756692913382
0
LINE
8
BLACK
6
CONTINUOUS
10
5.4123564960629924
20
-4.1065756692913382
11
5.4153579921259842
21
-4.1020836614173231
0
LINE
8
BLACK
6
CONTINUOUS
10
5.4153579921259842
20
-4.1020836614173231
11
5.4191781496062994
21
-4.0982635039370079
0
LINE
8
BLACK
6
CONTINUOUS
10
5.4191781496062994
20
-4.0982635039370079
11
5.4236701574803146
21
-4.0952620078740161
0
LINE
8
BLACK
6
CONTINUOUS
10
5.4236701574803146
20
-4.0952620078740161
11
5.4286614566929137
21
-4.0931945669291334
0
LINE
8
BLACK
6
CONTINUOUS
10
5.4286614566929137
20
-4.0931945669291334
11
5.4339601574803149
21
-4.092140590551181
0
LINE
8
BLACK
6
CONTINUOUS
10
5.4339601574803149
20
-4.092140590551181
11
5.4366614173228349
21
-4.0920078740157475
0
LINE
8
BLACK
6
CONTINUOUS
10
5.4366614173228349
20
-4.0920078740157475
11
5.4760314960629923
21
-4.0920078740157475
0
LINE
8
BLACK
6
CONTINUOUS
10
5.4760314960629923
20
-4.0920078740157475
11
5.4787327559055115
21
-4.092140590551181
0
LINE
8
BLACK
6
CONTINUOUS
10
6.1291862992125985
20
-4.0825118503937006
11
6.1338507480314961
21
-4.084888503937008
0
LINE
8
BLACK
6
CONTINUOUS
10
6.1338507480314961
20
-4.084888503937008
11
6.1375524409448818
21
-4.0885901968503937
0
LINE
8
BLACK
6
CONTINUOUS
10
6.1375524409448818
20
-4.0885901968503937
11
6.1399290944881892
21
-4.0932546456692913
0
LINE
8
BLACK
6
CONTINUOUS
10
6.1399290944881892
20
-4.0932546456692913
11
6.140748031496063
21
-4.0984251968503935
0
LINE
8
BLACK
6
CONTINUOUS
10
6.140748031496063
20
-4.0984251968503935
11
6.140748031496063
21
-4.1161417322834648
0
LINE
8
BLACK
6
CONTINUOUS
10
6.140748031496063
20
-4.1161417322834648
11
6.1399290944881892
21
-4.121312283464567
0
LINE
8
BLACK
6
CONTINUOUS
10
6.1399290944881892
20
-4.121312283464567
11
6.1375524409448818
21
-4.1259767322834646
0
LINE
8
BLACK
6
CONTINUOUS
10
6.1375524409448818
20
-4.1259767322834646
11
6.1338507480314961
21
-4.1296784251968504
0
LINE
8
BLACK
6
CONTINUOUS
10
6.1338507480314961
20
-4.1296784251968504
11
6.1291862992125985
21
-4.1320550787401578
0
LINE
8
BLACK
6
CONTINUOUS
10
6.1291862992125985
20
-4.1320550787401578
11
6.1240157480314963
21
-4.1328740157480315
0
LINE
8
BLACK
6
CONTINUOUS
10
6.1240157480314963
20
-4.1328740157480315
11
6.1043307086614176
21
-4.1328740157480315
0
LINE
8
BLACK
6
CONTINUOUS
10
6.1043307086614176
20
-4.1328740157480315
11
6.0991601574803145
21
-4.1320550787401578
0
LINE
8
BLACK
6
CONTINUOUS
10
6.0991601574803145
20
-4.1320550787401578
11
6.0944957086614169
21
-4.1296784251968504
0
LINE
8
BLACK
6
CONTINUOUS
10
6.0944957086614169
20
-4.1296784251968504
11
6.0907940157480311
21
-4.1259767322834646
0
LINE
8
BLACK
6
CONTINUOUS
10
6.0907940157480311
20
-4.1259767322834646
11
6.0884173622047246
21
-4.121312283464567
0
LINE
8
BLACK
6
CONTINUOUS
10
6.0884173622047246
20
-4.121312283464567
11
6.08759842519685
21
-4.1161417322834648
0
LINE
8
BLACK
6
CONTINUOUS
10
6.08759842519685
20
-4.1161417322834648
11
6.08759842519685
21
-4.0984251968503935
0
LINE
8
BLACK
6
CONTINUOUS
10
6.08759842519685
20
-4.0984251968503935
11
6.0884173622047246
21
-4.0932546456692913
0
LINE
8
BLACK
6
CONTINUOUS
10
6.0884173622047246
20
-4.0932546456692913
11
6.0907940157480311
21
-4.0885901968503937
0
LINE
8
BLACK
6
CONTINUOUS
10
6.0907940157480311
20
-4.0885901968503937
11
6.0944957086614169
21
-4.084888503937008
0
LINE
8
BLACK
6
CONTINUOUS
10
6.0944957086614169
20
-4.084888503937008
11
6.0991601574803145
21
-4.0825118503937006
0
LINE
8
BLACK
6
CONTINUOUS
10
6.0991601574803145
20
-4.0825118503937006
11
6.1043307086614176
21
-4.0816929133858268
0
LINE
8
BLACK
6
CONTINUOUS
10
6.1043307086614176
20
-4.0816929133858268
11
6.1240157480314963
21
-4.0816929133858268
0
LINE
8
BLACK
6
CONTINUOUS
10
6.1240157480314963
20
-4.0816929133858268
11
6.1291862992125985
21
-4.0825118503937006
0
LINE
8
BLACK
6
CONTINUOUS
10
6.4930968503937008
20
-4.0367261811023623
11
6.4980815354330703
21
-4.0384703937007878
0
LINE
8
BLACK
6
CONTINUOUS
10
6.4980815354330703
20
-4.0384703937007878
11
6.5023306299212598
21
-4.041606377952756
0
LINE
8
BLACK
6
CONTINUOUS
10
6.5023306299212598
20
-4.041606377952756
11
6.505466614173228
21
-4.0458554724409446
0
LINE
8
BLACK
6
CONTINUOUS
10
6.505466614173228
20
-4.0458554724409446
11
6.5072108267716535
21
-4.050840157480315
0
LINE
8
BLACK
6
CONTINUOUS
10
6.5072108267716535
20
-4.050840157480315
11
6.5075196850393695
21
-4.0541338582677167
0
LINE
8
BLACK
6
CONTINUOUS
10
6.5075196850393695
20
-4.0541338582677167
11
6.5075196850393695
21
-4.0738188976377954
0
LINE
8
BLACK
6
CONTINUOUS
10
6.5075196850393695
20
-4.0738188976377954
11
6.5072108267716535
21
-4.077112598425197
0
LINE
8
BLACK
6
CONTINUOUS
10
6.5072108267716535
20
-4.077112598425197
11
6.505466614173228
21
-4.0820972834645666
0
LINE
8
BLACK
6
CONTINUOUS
10
6.505466614173228
20
-4.0820972834645666
11
6.5023306299212598
21
-4.086346377952756
0
LINE
8
BLACK
6
CONTINUOUS
10
6.5023306299212598
20
-4.086346377952756
11
6.4980815354330703
21
-4.0894823622047243
0
LINE
8
BLACK
6
CONTINUOUS
10
6.4980815354330703
20
-4.0894823622047243
11
6.4930968503937008
21
-4.0912265748031498
0
LINE
8
BLACK
6
CONTINUOUS
10
6.4930968503937008
20
-4.0912265748031498
11
6.4898031496062991
21
-4.0915354330708658
0
LINE
8
BLACK
6
CONTINUOUS
10
6.4898031496062991
20
-4.0915354330708658
11
6.4031889763779528
21
-4.0915354330708658
0
LINE
8
BLACK
6
CONTINUOUS
10
6.4031889763779528
20
-4.0915354330708658
11
6.3998952755905512
21
-4.0912265748031498
0
LINE
8
BLACK
6
CONTINUOUS
10
6.3998952755905512
20
-4.0912265748031498
11
6.3949105905511807
21
-4.0894823622047243
0
LINE
8
BLACK
6
CONTINUOUS
10
6.3949105905511807
20
-4.0894823622047243
11
6.3906614960629922
21
-4.086346377952756
0
LINE
8
BLACK
6
CONTINUOUS
10
6.3906614960629922
20
-4.086346377952756
11
6.3875255118110239
21
-4.0820972834645666
0
LINE
8
BLACK
6
CONTINUOUS
10
6.3875255118110239
20
-4.0820972834645666
11
6.3857812992125984
21
-4.077112598425197
0
LINE
8
BLACK
6
CONTINUOUS
10
6.3857812992125984
20
-4.077112598425197
11
6.3854724409448815
21
-4.0738188976377954
0
LINE
8
BLACK
6
CONTINUOUS
10
6.3854724409448815
20
-4.0738188976377954
11
6.3854724409448815
21
-4.0541338582677167
0
LINE
8
BLACK
6
CONTINUOUS
10
6.3854724409448815
20
-4.0541338582677167
11
6.3857812992125984
21
-4.050840157480315
0
LINE
8
BLACK
6
CONTINUOUS
10
6.3857812992125984
20
-4.050840157480315
11
6.3875255118110239
21
-4.0458554724409446
0
LINE
8
BLACK
6
CONTINUOUS
10
6.3875255118110239
20
-4.0458554724409446
11
6.3906614960629922
21
-4.041606377952756
0
LINE
8
BLACK
6
CONTINUOUS
10
6.3906614960629922
20
-4.041606377952756
11
6.3949105905511807
21
-4.0384703937007878
0
LINE
8
BLACK
6
CONTINUOUS
10
6.3949105905511807
20
-4.0384703937007878
11
6.3998952755905512
21
-4.0367261811023623
0
LINE
8
BLACK
6
CONTINUOUS
10
6.3998952755905512
20
-4.0367261811023623
11
6.4031889763779528
21
-4.0364173228346454
0
LINE
8
BLACK
6
CONTINUOUS
10
6.4031889763779528
20
-4.0364173228346454
11
6.4898031496062991
21
-4.0364173228346454
0
LINE
8
BLACK
6
CONTINUOUS
10
6.4898031496062991
20
-4.0364173228346454
11
6.4930968503937008
21
-4.0367261811023623
0
LINE
8
BLACK
6
CONTINUOUS
10
6.1889215354330709
20
-4.0302983070866141
11
6.1933115748031495
21
-4.0325351574803152
0
LINE
8
BLACK
6
CONTINUOUS
10
6.1933115748031495
20
-4.0325351574803152
11
6.1967955511811024
21
-4.036019133858268
0
LINE
8
BLACK
6
CONTINUOUS
10
6.1967955511811024
20
-4.036019133858268
11
6.1990324015748026
21
-4.0404091732283467
0
LINE
8
BLACK
6
CONTINUOUS
10
6.1990324015748026
20
-4.0404091732283467
11
6.1998031496062991
21
-4.0452755905511806
0
LINE
8
BLACK
6
CONTINUOUS
10
6.1998031496062991
20
-4.0452755905511806
11
6.1998031496062991
21
-4.0610236220472444
0
LINE
8
BLACK
6
CONTINUOUS
10
6.1998031496062991
20
-4.0610236220472444
11
6.1990324015748026
21
-4.0658900393700783
0
LINE
8
BLACK
6
CONTINUOUS
10
6.1990324015748026
20
-4.0658900393700783
11
6.1967955511811024
21
-4.070280078740157
0
LINE
8
BLACK
6
CONTINUOUS
10
6.1967955511811024
20
-4.070280078740157
11
6.1933115748031495
21
-4.0737640551181098
0
LINE
8
BLACK
6
CONTINUOUS
10
6.1933115748031495
20
-4.0737640551181098
11
6.1889215354330709
21
-4.0760009055118109
0
LINE
8
BLACK
6
CONTINUOUS
10
6.1889215354330709
20
-4.0760009055118109
11
6.1840551181102361
21
-4.0767716535433074
0
LINE
8
BLACK
6
CONTINUOUS
10
6.1840551181102361
20
-4.0767716535433074
11
6.1624015748031491
21
-4.0767716535433074
0
LINE
8
BLACK
6
CONTINUOUS
10
6.1624015748031491
20
-4.0767716535433074
11
6.1575351574803152
21
-4.0760009055118109
0
LINE
8
BLACK
6
CONTINUOUS
10
6.1575351574803152
20
-4.0760009055118109
11
6.1531451181102357
21
-4.0737640551181098
0
LINE
8
BLACK
6
CONTINUOUS
10
6.1531451181102357
20
-4.0737640551181098
11
6.1496611417322837
21
-4.070280078740157
0
LINE
8
BLACK
6
CONTINUOUS
10
6.1496611417322837
20
-4.070280078740157
11
6.1474242913385826
21
-4.0658900393700783
0
LINE
8
BLACK
6
CONTINUOUS
10
6.1474242913385826
20
-4.0658900393700783
11
6.1466535433070861
21
-4.0610236220472444
0
LINE
8
BLACK
6
CONTINUOUS
10
6.1466535433070861
20
-4.0610236220472444
11
6.1466535433070861
21
-4.0452755905511806
0
LINE
8
BLACK
6
CONTINUOUS
10
6.1466535433070861
20
-4.0452755905511806
11
6.1474242913385826
21
-4.0404091732283467
0
LINE
8
BLACK
6
CONTINUOUS
10
6.1474242913385826
20
-4.0404091732283467
11
6.1496611417322837
21
-4.036019133858268
0
LINE
8
BLACK
6
CONTINUOUS
10
6.1496611417322837
20
-4.036019133858268
11
6.1531451181102357
21
-4.0325351574803152
0
LINE
8
BLACK
6
CONTINUOUS
10
6.1531451181102357
20
-4.0325351574803152
11
6.1575351574803152
21
-4.0302983070866141
0
LINE
8
BLACK
6
CONTINUOUS
10
6.1575351574803152
20
-4.0302983070866141
11
6.1624015748031491
21
-4.0295275590551176
0
LINE
8
BLACK
6
CONTINUOUS
10
6.1624015748031491
20
-4.0295275590551176
11
6.1840551181102361
21
-4.0295275590551176
0
LINE
8
BLACK
6
CONTINUOUS
10
6.1840551181102361
20
-4.0295275590551176
11
6.1889215354330709
21
-4.0302983070866141
0
LINE
8
BLACK
6
CONTINUOUS
10
6.0064155118110234
20
-3.8649599212598424
11
6.0097683464566929
21
-3.867200157480315
0
LINE
8
BLACK
6
CONTINUOUS
10
6.0097683464566929
20
-3.867200157480315
11
6.0098425196850389
21
-3.8673111417322832
0
LINE
8
BLACK
6
CONTINUOUS
10
6.0098425196850389
20
-3.8673111417322832
11
6.0099166929133858
21
-3.867200157480315
0
LINE
8
BLACK
6
CONTINUOUS
10
6.0099166929133858
20
-3.867200157480315
11
6.0132695275590553
21
-3.8649599212598424
0
LINE
8
BLACK
6
CONTINUOUS
10
6.0132695275590553
20
-3.8649599212598424
11
6.0172244094488185
21
-3.8641732283464565
0
LINE
8
BLACK
6
CONTINUOUS
10
6.0172244094488185
20
-3.8641732283464565
11
6.0221456692913389
21
-3.8641732283464565
0
LINE
8
BLACK
6
CONTINUOUS
10
6.0221456692913389
20
-3.8641732283464565
11
6.0261005511811021
21
-3.8649599212598424
0
LINE
8
BLACK
6
CONTINUOUS
10
6.0261005511811021
20
-3.8649599212598424
11
6.0294533858267716
21
-3.867200157480315
0
LINE
8
BLACK
6
CONTINUOUS
10
6.0294533858267716
20
-3.867200157480315
11
6.0295275590551176
21
-3.8673111417322832
0
LINE
8
BLACK
6
CONTINUOUS
10
6.0295275590551176
20
-3.8673111417322832
11
6.0296017322834645
21
-3.867200157480315
0
LINE
8
BLACK
6
CONTINUOUS
10
6.0296017322834645
20
-3.867200157480315
11
6.032954566929134
21
-3.8649599212598424
0
LINE
8
BLACK
6
CONTINUOUS
10
6.032954566929134
20
-3.8649599212598424
11
6.0369094488188972
21
-3.8641732283464565
0
LINE
8
BLACK
6
CONTINUOUS
10
6.0369094488188972
20
-3.8641732283464565
11
6.0418307086614176
21
-3.8641732283464565
0
LINE
8
BLACK
6
CONTINUOUS
10
6.0418307086614176
20
-3.8641732283464565
11
6.0457855905511808
21
-3.8649599212598424
0
LINE
8
BLACK
6
CONTINUOUS
10
6.0457855905511808
20
-3.8649599212598424
11
6.0491384251968503
21
-3.867200157480315
0
LINE
8
BLACK
6
CONTINUOUS
10
6.0491384251968503
20
-3.867200157480315
11
6.0492125984251963
21
-3.8673111417322832
0
LINE
8
BLACK
6
CONTINUOUS
10
6.0492125984251963
20
-3.8673111417322832
11
6.0492867716535432
21
-3.867200157480315
0
LINE
8
BLACK
6
CONTINUOUS
10
6.0492867716535432
20
-3.867200157480315
11
6.0526396062992127
21
-3.8649599212598424
0
LINE
8
BLACK
6
CONTINUOUS
10
6.0526396062992127
20
-3.8649599212598424
11
6.0565944881889759
21
-3.8641732283464565
0
LINE
8
BLACK
6
CONTINUOUS
10
6.0565944881889759
20
-3.8641732283464565
11
6.0615157480314963
21
-3.8641732283464565
0
LINE
8
BLACK
6
CONTINUOUS
10
6.0615157480314963
20
-3.8641732283464565
11
6.0654706299212595
21
-3.8649599212598424
0
LINE
8
BLACK
6
CONTINUOUS
10
6.0654706299212595
20
-3.8649599212598424
11
6.068823464566929
21
-3.867200157480315
0
LINE
8
BLACK
6
CONTINUOUS
10
6.068823464566929
20
-3.867200157480315
11
6.068897637795275
21
-3.8673111417322832
0
LINE
8
BLACK
6
CONTINUOUS
10
6.068897637795275
20
-3.8673111417322832
11
6.0689718110236219
21
-3.867200157480315
0
LINE
8
BLACK
6
CONTINUOUS
10
6.0689718110236219
20
-3.867200157480315
11
6.0723246456692914
21
-3.8649599212598424
0
LINE
8
BLACK
6
CONTINUOUS
10
6.0723246456692914
20
-3.8649599212598424
11
6.0762795275590546
21
-3.8641732283464565
0
LINE
8
BLACK
6
CONTINUOUS
10
6.0762795275590546
20
-3.8641732283464565
11
6.081200787401575
21
-3.8641732283464565
0
LINE
8
BLACK
6
CONTINUOUS
10
6.081200787401575
20
-3.8641732283464565
11
6.0851556692913382
21
-3.8649599212598424
0
LINE
8
BLACK
6
CONTINUOUS
10
6.0851556692913382
20
-3.8649599212598424
11
6.0885085039370077
21
-3.867200157480315
0
LINE
8
BLACK
6
CONTINUOUS
10
6.0885085039370077
20
-3.867200157480315
11
6.0907487401574798
21
-3.870552992125984
0
LINE
8
BLACK
6
CONTINUOUS
10
6.0907487401574798
20
-3.870552992125984
11
6.0915354330708658
21
-3.8745078740157481
0
LINE
8
BLACK
6
CONTINUOUS
10
6.0915354330708658
20
-3.8745078740157481
11
6.0915354330708658
21
-3.9020669291338583
0
LINE
8
BLACK
6
CONTINUOUS
10
6.0915354330708658
20
-3.9020669291338583
11
6.0907487401574798
21
-3.906021811023622
0
LINE
8
BLACK
6
CONTINUOUS
10
6.0907487401574798
20
-3.906021811023622
11
6.0896344094488191
21
-3.9076894881889763
0
LINE
8
BLACK
6
CONTINUOUS
10
6.0896344094488191
20
-3.9076894881889763
11
6.0915959448818899
21
-3.90807968503937
0
LINE
8
BLACK
6
CONTINUOUS
10
6.0915959448818899
20
-3.90807968503937
11
6.0941504330708662
21
-3.9097865748031495
0
LINE
8
BLACK
6
CONTINUOUS
10
6.0941504330708662
20
-3.9097865748031495
11
6.0958573228346458
21
-3.9123410629921258
0
LINE
8
BLACK
6
CONTINUOUS
10
6.0958573228346458
20
-3.9123410629921258
11
6.0962474803149602
21
-3.9143025590551179
0
LINE
8
BLACK
6
CONTINUOUS
10
6.0962474803149602
20
-3.9143025590551179
11
6.0979151968503933
21
-3.9131882677165355
0
LINE
8
BLACK
6
CONTINUOUS
10
6.0979151968503933
20
-3.9131882677165355
11
6.1018700787401574
21
-3.9124015748031495
0
LINE
8
BLACK
6
CONTINUOUS
10
6.1018700787401574
20
-3.9124015748031495
11
6.1294291338582676
21
-3.9124015748031495
0
LINE
8
BLACK
6
CONTINUOUS
10
6.1294291338582676
20
-3.9124015748031495
11
6.1333840157480317
21
-3.9131882677165355
0
LINE
8
BLACK
6
CONTINUOUS
10
6.1333840157480317
20
-3.9131882677165355
11
6.1367368503937003
21
-3.9154285039370076
0
LINE
8
BLACK
6
CONTINUOUS
10
6.1367368503937003
20
-3.9154285039370076
11
6.1389770866141733
21
-3.9187813385826771
0
LINE
8
BLACK
6
CONTINUOUS
10
6.1389770866141733
20
-3.9187813385826771
11
6.1397637795275593
21
-3.9227362204724407
0
LINE
8
BLACK
6
CONTINUOUS
10
6.1397637795275593
20
-3.9227362204724407
11
6.1397637795275593
21
-3.9276574803149606
0
LINE
8
BLACK
6
CONTINUOUS
10
6.1397637795275593
20
-3.9276574803149606
11
6.1389770866141733
21
-3.9316123622047243
0
LINE
8
BLACK
6
CONTINUOUS
10
6.1389770866141733
20
-3.9316123622047243
11
6.1367368503937003
21
-3.9349651968503938
0
LINE
8
BLACK
6
CONTINUOUS
10
6.1367368503937003
20
-3.9349651968503938
11
6.1366258267716534
21
-3.9350393700787403
0
LINE
8
BLACK
6
CONTINUOUS
10
6.1366258267716534
20
-3.9350393700787403
11
6.1367368503937003
21
-3.9351135433070867
0
LINE
8
BLACK
6
CONTINUOUS
10
6.1367368503937003
20
-3.9351135433070867
11
6.1389770866141733
21
-3.9384663779527558
0
LINE
8
BLACK
6
CONTINUOUS
10
6.1389770866141733
20
-3.9384663779527558
11
6.1397637795275593
21
-3.9424212598425195
0
LINE
8
BLACK
6
CONTINUOUS
10
6.1397637795275593
20
-3.9424212598425195
11
6.1397637795275593
21
-3.9473425196850394
0
LINE
8
BLACK
6
CONTINUOUS
10
6.1397637795275593
20
-3.9473425196850394
11
6.1389770866141733
21
-3.951297401574803
0
LINE
8
BLACK
6
CONTINUOUS
10
6.1389770866141733
20
-3.951297401574803
11
6.1367368503937003
21
-3.9546502362204725
0
LINE
8
BLACK
6
CONTINUOUS
10
6.1367368503937003
20
-3.9546502362204725
11
6.1366258267716534
21
-3.954724409448819
0
LINE
8
BLACK
6
CONTINUOUS
10
6.1366258267716534
20
-3.954724409448819
11
6.1367368503937003
21
-3.9547985826771654
0
LINE
8
BLACK
6
CONTINUOUS
10
6.1367368503937003
20
-3.9547985826771654
11
6.1389770866141733
21
-3.9581514173228345
0
LINE
8
BLACK
6
CONTINUOUS
10
6.1389770866141733
20
-3.9581514173228345
11
6.1397637795275593
21
-3.9621062992125982
0
LINE
8
BLACK
6
CONTINUOUS
10
6.1397637795275593
20
-3.9621062992125982
11
6.1397637795275593
21
-3.9670275590551181
0
LINE
8
BLACK
6
CONTINUOUS
10
6.1397637795275593
20
-3.9670275590551181
11
6.1389770866141733
21
-3.9709824409448817
0
LINE
8
BLACK
6
CONTINUOUS
10
6.1389770866141733
20
-3.9709824409448817
11
6.1367368503937003
21
-3.9743352755905512
0
LINE
8
BLACK
6
CONTINUOUS
10
6.1367368503937003
20
-3.9743352755905512
11
6.1366258267716534
21
-3.9744094488188977
0
LINE
8
BLACK
6
CONTINUOUS
10
6.1366258267716534
20
-3.9744094488188977
11
6.1367368503937003
21
-3.9744836220472441
0
LINE
8
BLACK
6
CONTINUOUS
10
6.1367368503937003
20
-3.9744836220472441
11
6.1389770866141733
21
-3.9778364566929132
0
LINE
8
BLACK
6
CONTINUOUS
10
6.1389770866141733
20
-3.9778364566929132
11
6.1397637795275593
21
-3.9817913385826769
0
LINE
8
BLACK
6
CONTINUOUS
10
6.1397637795275593
20
-3.9817913385826769
11
6.1397637795275593
21
-3.9867125984251968
0
LINE
8
BLACK
6
CONTINUOUS
10
6.1397637795275593
20
-3.9867125984251968
11
6.1389770866141733
21
-3.9906674803149604
0
LINE
8
BLACK
6
CONTINUOUS
10
6.1389770866141733
20
-3.9906674803149604
11
6.1367368503937003
21
-3.9940203149606299
0
LINE
8
BLACK
6
CONTINUOUS
10
6.1367368503937003
20
-3.9940203149606299
11
6.1366258267716534
21
-3.9940944881889764
0
LINE
8
BLACK
6
CONTINUOUS
10
6.1366258267716534
20
-3.9940944881889764
11
6.1367368503937003
21
-3.9941686614173229
0
LINE
8
BLACK
6
CONTINUOUS
10
6.1367368503937003
20
-3.9941686614173229
11
6.1389770866141733
21
-3.9975214960629919
0
LINE
8
BLACK
6
CONTINUOUS
10
6.1389770866141733
20
-3.9975214960629919
11
6.1397637795275593
21
-4.0014763779527556
0
LINE
8
BLACK
6
CONTINUOUS
10
6.1397637795275593
20
-4.0014763779527556
11
6.1397637795275593
21
-4.0063976377952759
0
LINE
8
BLACK
6
CONTINUOUS
10
6.1397637795275593
20
-4.0063976377952759
11
6.1389770866141733
21
-4.0103525196850391
0
LINE
8
BLACK
6
CONTINUOUS
10
6.1389770866141733
20
-4.0103525196850391
11
6.1367368503937003
21
-4.0137053543307086
0
LINE
8
BLACK
6
CONTINUOUS
10
6.1367368503937003
20
-4.0137053543307086
11
6.1333840157480317
21
-4.0159455905511807
0
LINE
8
BLACK
6
CONTINUOUS
10
6.1333840157480317
20
-4.0159455905511807
11
6.1294291338582676
21
-4.0167322834645667
0
LINE
8
BLACK
6
CONTINUOUS
10
6.1294291338582676
20
-4.0167322834645667
11
6.1018700787401574
21
-4.0167322834645667
0
LINE
8
BLACK
6
CONTINUOUS
10
6.1018700787401574
20
-4.0167322834645667
11
6.0979151968503933
21
-4.0159455905511807
0
LINE
8
BLACK
6
CONTINUOUS
10
6.0979151968503933
20
-4.0159455905511807
11
6.0962474803149602
21
-4.01483125984252
0
LINE
8
BLACK
6
CONTINUOUS
10
6.0962474803149602
20
-4.01483125984252
11
6.0958573228346458
21
-4.0167927952755909
0
LINE
8
BLACK
6
CONTINUOUS
10
6.0958573228346458
20
-4.0167927952755909
11
6.0941504330708662
21
-4.0193472834645672
0
LINE
8
BLACK
6
CONTINUOUS
10
6.0941504330708662
20
-4.0193472834645672
11
6.0915959448818899
21
-4.0210541732283467
0
LINE
8
BLACK
6
CONTINUOUS
10
6.0915959448818899
20
-4.0210541732283467
11
6.0896344094488191
21
-4.0214443307086611
0
LINE
8
BLACK
6
CONTINUOUS
10
6.0896344094488191
20
-4.0214443307086611
11
6.0907487401574798
21
-4.0231120472440942
0
LINE
8
BLACK
6
CONTINUOUS
10
6.0907487401574798
20
-4.0231120472440942
11
6.0915354330708658
21
-4.0270669291338583
0
LINE
8
BLACK
6
CONTINUOUS
10
6.0915354330708658
20
-4.0270669291338583
11
6.0915354330708658
21
-4.0546259842519685
0
LINE
8
BLACK
6
CONTINUOUS
10
6.0915354330708658
20
-4.0546259842519685
11
6.0907487401574798
21
-4.0585808661417326
0
LINE
8
BLACK
6
CONTINUOUS
10
6.0907487401574798
20
-4.0585808661417326
11
6.0885085039370077
21
-4.0619337007874012
0
LINE
8
BLACK
6
CONTINUOUS
10
6.0885085039370077
20
-4.0619337007874012
11
6.0851556692913382
21
-4.0641739370078742
0
LINE
8
BLACK
6
CONTINUOUS
10
6.0851556692913382
20
-4.0641739370078742
11
6.081200787401575
21
-4.0649606299212602
0
LINE
8
BLACK
6
CONTINUOUS
10
6.081200787401575
20
-4.0649606299212602
11
6.0762795275590546
21
-4.0649606299212602
0
LINE
8
BLACK
6
CONTINUOUS
10
6.0762795275590546
20
-4.0649606299212602
11
6.0723246456692914
21
-4.0641739370078742
0
LINE
8
BLACK
6
CONTINUOUS
10
6.0723246456692914
20
-4.0641739370078742
11
6.0689718110236219
21
-4.0619337007874012
0
LINE
8
BLACK
6
CONTINUOUS
10
6.0689718110236219
20
-4.0619337007874012
11
6.068897637795275
21
-4.0618226771653543
0
LINE
8
BLACK
6
CONTINUOUS
10
6.068897637795275
20
-4.0618226771653543
11
6.068823464566929
21
-4.0619337007874012
0
LINE
8
BLACK
6
CONTINUOUS
10
6.068823464566929
20
-4.0619337007874012
11
6.0654706299212595
21
-4.0641739370078742
0
LINE
8
BLACK
6
CONTINUOUS
10
6.0654706299212595
20
-4.0641739370078742
11
6.0615157480314963
21
-4.0649606299212602
0
LINE
8
BLACK
6
CONTINUOUS
10
6.0615157480314963
20
-4.0649606299212602
11
6.0565944881889759
21
-4.0649606299212602
0
LINE
8
BLACK
6
CONTINUOUS
10
6.0565944881889759
20
-4.0649606299212602
11
6.0526396062992127
21
-4.0641739370078742
0
LINE
8
BLACK
6
CONTINUOUS
10
6.0526396062992127
20
-4.0641739370078742
11
6.0492867716535432
21
-4.0619337007874012
0
LINE
8
BLACK
6
CONTINUOUS
10
6.0492867716535432
20
-4.0619337007874012
11
6.0492125984251963
21
-4.0618226771653543
0
LINE
8
BLACK
6
CONTINUOUS
10
6.0492125984251963
20
-4.0618226771653543
11
6.0491384251968503
21
-4.0619337007874012
0
LINE
8
BLACK
6
CONTINUOUS
10
6.0491384251968503
20
-4.0619337007874012
11
6.0457855905511808
21
-4.0641739370078742
0
LINE
8
BLACK
6
CONTINUOUS
10
6.0457855905511808
20
-4.0641739370078742
11
6.0418307086614176
21
-4.0649606299212602
0
LINE
8
BLACK
6
CONTINUOUS
10
6.0418307086614176
20
-4.0649606299212602
11
6.0369094488188972
21
-4.0649606299212602
0
LINE
8
BLACK
6
CONTINUOUS
10
6.0369094488188972
20
-4.0649606299212602
11
6.032954566929134
21
-4.0641739370078742
0
LINE
8
BLACK
6
CONTINUOUS
10
6.032954566929134
20
-4.0641739370078742
11
6.0296017322834645
21
-4.0619337007874012
0
LINE
8
BLACK
6
CONTINUOUS
10
6.0296017322834645
20
-4.0619337007874012
11
6.0295275590551176
21
-4.0618226771653543
0
LINE
8
BLACK
6
CONTINUOUS
10
6.0295275590551176
20
-4.0618226771653543
11
6.0294533858267716
21
-4.0619337007874012
0
LINE
8
BLACK
6
CONTINUOUS
10
6.0294533858267716
20
-4.0619337007874012
11
6.0261005511811021
21
-4.0641739370078742
0
LINE
8
BLACK
6
CONTINUOUS
10
6.0261005511811021
20
-4.0641739370078742
11
6.0221456692913389
21
-4.0649606299212602
0
LINE
8
BLACK
6
CONTINUOUS
10
6.0221456692913389
20
-4.0649606299212602
11
6.0172244094488185
21
-4.0649606299212602
0
LINE
8
BLACK
6
CONTINUOUS
10
6.0172244094488185
20
-4.0649606299212602
11
6.0132695275590553
21
-4.0641739370078742
0
LINE
8
BLACK
6
CONTINUOUS
10
6.0132695275590553
20
-4.0641739370078742
11
6.0099166929133858
21
-4.0619337007874012
0
LINE
8
BLACK
6
CONTINUOUS
10
6.0099166929133858
20
-4.0619337007874012
11
6.0098425196850389
21
-4.0618226771653543
0
LINE
8
BLACK
6
CONTINUOUS
10
6.0098425196850389
20
-4.0618226771653543
11
6.0097683464566929
21
-4.0619337007874012
0
LINE
8
BLACK
6
CONTINUOUS
10
6.0097683464566929
20
-4.0619337007874012
11
6.0064155118110234
21
-4.0641739370078742
0
LINE
8
BLACK
6
CONTINUOUS
10
6.0064155118110234
20
-4.0641739370078742
11
6.0024606299212593
21
-4.0649606299212602
0
LINE
8
BLACK
6
CONTINUOUS
10
6.0024606299212593
20
-4.0649606299212602
11
5.9975393700787398
21
-4.0649606299212602
0
LINE
8
BLACK
6
CONTINUOUS
10
5.9975393700787398
20
-4.0649606299212602
11
5.9935844881889766
21
-4.0641739370078742
0
LINE
8
BLACK
6
CONTINUOUS
10
5.9935844881889766
20
-4.0641739370078742
11
5.9902316535433071
21
-4.0619337007874012
0
LINE
8
BLACK
6
CONTINUOUS
10
5.9902316535433071
20
-4.0619337007874012
11
5.9879914173228341
21
-4.0585808661417326
0
LINE
8
BLACK
6
CONTINUOUS
10
5.9879914173228341
20
-4.0585808661417326
11
5.9872047244094491
21
-4.0546259842519685
0
LINE
8
BLACK
6
CONTINUOUS
10
5.9872047244094491
20
-4.0546259842519685
11
5.9872047244094491
21
-4.0270669291338583
0
LINE
8
BLACK
6
CONTINUOUS
10
5.9872047244094491
20
-4.0270669291338583
11
5.9879914173228341
21
-4.0231120472440942
0
LINE
8
BLACK
6
CONTINUOUS
10
5.9879914173228341
20
-4.0231120472440942
11
5.989105708661417
21
-4.0214443307086611
0
LINE
8
BLACK
6
CONTINUOUS
10
5.989105708661417
20
-4.0214443307086611
11
5.9871442125984249
21
-4.0210541732283467
0
LINE
8
BLACK
6
CONTINUOUS
10
5.9871442125984249
20
-4.0210541732283467
11
5.9845897244094486
21
-4.0193472834645672
0
LINE
8
BLACK
6
CONTINUOUS
10
5.9845897244094486
20
-4.0193472834645672
11
5.9828828346456691
21
-4.0167927952755909
0
LINE
8
BLACK
6
CONTINUOUS
10
5.9828828346456691
20
-4.0167927952755909
11
5.9824926377952758
21
-4.01483125984252
0
LINE
8
BLACK
6
CONTINUOUS
10
5.9824926377952758
20
-4.01483125984252
11
5.9808249606299215
21
-4.0159455905511807
0
LINE
8
BLACK
6
CONTINUOUS
10
5.9808249606299215
20
-4.0159455905511807
11
5.9768700787401574
21
-4.0167322834645667
0
LINE
8
BLACK
6
CONTINUOUS
10
5.9768700787401574
20
-4.0167322834645667
11
5.9493110236220472
21
-4.0167322834645667
0
LINE
8
BLACK
6
CONTINUOUS
10
5.9493110236220472
20
-4.0167322834645667
11
5.9453561417322831
21
-4.0159455905511807
0
LINE
8
BLACK
6
CONTINUOUS
10
5.9453561417322831
20
-4.0159455905511807
11
5.9420033070866136
21
-4.0137053543307086
0
LINE
8
BLACK
6
CONTINUOUS
10
5.9420033070866136
20
-4.0137053543307086
11
5.9397630708661415
21
-4.0103525196850391
0
LINE
8
BLACK
6
CONTINUOUS
10
5.9397630708661415
20
-4.0103525196850391
11
5.9389763779527556
21
-4.0063976377952759
0
LINE
8
BLACK
6
CONTINUOUS
10
5.9389763779527556
20
-4.0063976377952759
11
5.9389763779527556
21
-4.0014763779527556
0
LINE
8
BLACK
6
CONTINUOUS
10
5.9389763779527556
20
-4.0014763779527556
11
5.9397630708661415
21
-3.9975214960629919
0
LINE
8
BLACK
6
CONTINUOUS
10
5.9397630708661415
20
-3.9975214960629919
11
5.9420033070866136
21
-3.9941686614173229
0
LINE
8
BLACK
6
CONTINUOUS
10
5.9420033070866136
20
-3.9941686614173229
11
5.9421142913385827
21
-3.9940944881889764
0
LINE
8
BLACK
6
CONTINUOUS
10
5.9421142913385827
20
-3.9940944881889764
11
5.9420033070866136
21
-3.9940203149606299
0
LINE
8
BLACK
6
CONTINUOUS
10
5.9420033070866136
20
-3.9940203149606299
11
5.9397630708661415
21
-3.9906674803149604
0
LINE
8
BLACK
6
CONTINUOUS
10
5.9397630708661415
20
-3.9906674803149604
11
5.9389763779527556
21
-3.9867125984251968
0
LINE
8
BLACK
6
CONTINUOUS
10
5.9389763779527556
20
-3.9867125984251968
11
5.9389763779527556
21
-3.9817913385826769
0
LINE
8
BLACK
6
CONTINUOUS
10
5.9389763779527556
20
-3.9817913385826769
11
5.9397630708661415
21
-3.9778364566929132
0
LINE
8
BLACK
6
CONTINUOUS
10
5.9397630708661415
20
-3.9778364566929132
11
5.9420033070866136
21
-3.9744836220472441
0
LINE
8
BLACK
6
CONTINUOUS
10
5.9420033070866136
20
-3.9744836220472441
11
5.9421142913385827
21
-3.9744094488188977
0
LINE
8
BLACK
6
CONTINUOUS
10
5.9421142913385827
20
-3.9744094488188977
11
5.9420033070866136
21
-3.9743352755905512
0
LINE
8
BLACK
6
CONTINUOUS
10
5.9420033070866136
20
-3.9743352755905512
11
5.9397630708661415
21
-3.9709824409448817
0
LINE
8
BLACK
6
CONTINUOUS
10
5.9397630708661415
20
-3.9709824409448817
11
5.9389763779527556
21
-3.9670275590551181
0
LINE
8
BLACK
6
CONTINUOUS
10
5.9389763779527556
20
-3.9670275590551181
11
5.9389763779527556
21
-3.9621062992125982
0
LINE
8
BLACK
6
CONTINUOUS
10
5.9389763779527556
20
-3.9621062992125982
11
5.9397630708661415
21
-3.9581514173228345
0
LINE
8
BLACK
6
CONTINUOUS
10
5.9397630708661415
20
-3.9581514173228345
11
5.9420033070866136
21
-3.9547985826771654
0
LINE
8
BLACK
6
CONTINUOUS
10
5.9420033070866136
20
-3.9547985826771654
11
5.9421142913385827
21
-3.954724409448819
0
LINE
8
BLACK
6
CONTINUOUS
10
5.9421142913385827
20
-3.954724409448819
11
5.9420033070866136
21
-3.9546502362204725
0
LINE
8
BLACK
6
CONTINUOUS
10
5.9420033070866136
20
-3.9546502362204725
11
5.9397630708661415
21
-3.951297401574803
0
LINE
8
BLACK
6
CONTINUOUS
10
5.9397630708661415
20
-3.951297401574803
11
5.9389763779527556
21
-3.9473425196850394
0
LINE
8
BLACK
6
CONTINUOUS
10
5.9389763779527556
20
-3.9473425196850394
11
5.9389763779527556
21
-3.9424212598425195
0
LINE
8
BLACK
6
CONTINUOUS
10
5.9389763779527556
20
-3.9424212598425195
11
5.9397630708661415
21
-3.9384663779527558
0
LINE
8
BLACK
6
CONTINUOUS
10
5.9397630708661415
20
-3.9384663779527558
11
5.9420033070866136
21
-3.9351135433070867
0
LINE
8
BLACK
6
CONTINUOUS
10
5.9420033070866136
20
-3.9351135433070867
11
5.9421142913385827
21
-3.9350393700787403
0
LINE
8
BLACK
6
CONTINUOUS
10
5.9421142913385827
20
-3.9350393700787403
11
5.9420033070866136
21
-3.9349651968503938
0
LINE
8
BLACK
6
CONTINUOUS
10
5.9420033070866136
20
-3.9349651968503938
11
5.9397630708661415
21
-3.9316123622047243
0
LINE
8
BLACK
6
CONTINUOUS
10
5.9397630708661415
20
-3.9316123622047243
11
5.9389763779527556
21
-3.9276574803149606
0
LINE
8
BLACK
6
CONTINUOUS
10
5.9389763779527556
20
-3.9276574803149606
11
5.9389763779527556
21
-3.9227362204724407
0
LINE
8
BLACK
6
CONTINUOUS
10
5.9389763779527556
20
-3.9227362204724407
11
5.9397630708661415
21
-3.9187813385826771
0
LINE
8
BLACK
6
CONTINUOUS
10
5.9397630708661415
20
-3.9187813385826771
11
5.9420033070866136
21
-3.9154285039370076
0
LINE
8
BLACK
6
CONTINUOUS
10
5.9420033070866136
20
-3.9154285039370076
11
5.9453561417322831
21
-3.9131882677165355
0
LINE
8
BLACK
6
CONTINUOUS
10
5.9453561417322831
20
-3.9131882677165355
11
5.9493110236220472
21
-3.9124015748031495
0
LINE
8
BLACK
6
CONTINUOUS
10
5.9493110236220472
20
-3.9124015748031495
11
5.9768700787401574
21
-3.9124015748031495
0
LINE
8
BLACK
6
CONTINUOUS
10
5.9768700787401574
20
-3.9124015748031495
11
5.9808249606299215
21
-3.9131882677165355
0
LINE
8
BLACK
6
CONTINUOUS
10
5.9808249606299215
20
-3.9131882677165355
11
5.9824926377952758
21
-3.9143025590551179
0
LINE
8
BLACK
6
CONTINUOUS
10
5.9824926377952758
20
-3.9143025590551179
11
5.9828828346456691
21
-3.9123410629921258
0
LINE
8
BLACK
6
CONTINUOUS
10
5.9828828346456691
20
-3.9123410629921258
11
5.9845897244094486
21
-3.9097865748031495
0
LINE
8
BLACK
6
CONTINUOUS
10
5.9845897244094486
20
-3.9097865748031495
11
5.9871442125984249
21
-3.90807968503937
0
LINE
8
BLACK
6
CONTINUOUS
10
5.9871442125984249
20
-3.90807968503937
11
5.989105708661417
21
-3.9076894881889763
0
LINE
8
BLACK
6
CONTINUOUS
10
5.989105708661417
20
-3.9076894881889763
11
5.9879914173228341
21
-3.906021811023622
0
LINE
8
BLACK
6
CONTINUOUS
10
5.9879914173228341
20
-3.906021811023622
11
5.9872047244094491
21
-3.9020669291338583
0
LINE
8
BLACK
6
CONTINUOUS
10
5.9872047244094491
20
-3.9020669291338583
11
5.9872047244094491
21
-3.8745078740157481
0
LINE
8
BLACK
6
CONTINUOUS
10
5.9872047244094491
20
-3.8745078740157481
11
5.9879914173228341
21
-3.870552992125984
0
LINE
8
BLACK
6
CONTINUOUS
10
5.9879914173228341
20
-3.870552992125984
11
5.9902316535433071
21
-3.867200157480315
0
LINE
8
BLACK
6
CONTINUOUS
10
5.9902316535433071
20
-3.867200157480315
11
5.9935844881889766
21
-3.8649599212598424
0
LINE
8
BLACK
6
CONTINUOUS
10
5.9935844881889766
20
-3.8649599212598424
11
5.9975393700787398
21
-3.8641732283464565
0
LINE
8
BLACK
6
CONTINUOUS
10
5.9975393700787398
20
-3.8641732283464565
11
6.0024606299212593
21
-3.8641732283464565
0
LINE
8
BLACK
6
CONTINUOUS
10
6.0024606299212593
20
-3.8641732283464565
11
6.0064155118110234
21
-3.8649599212598424
0
LINE
8
BLACK
6
CONTINUOUS
10
6.1889215354330709
20
-3.9653376771653543
11
6.1933115748031495
21
-3.967574527559055
0
LINE
8
BLACK
6
CONTINUOUS
10
6.1933115748031495
20
-3.967574527559055
11
6.1967955511811024
21
-3.9710585039370079
0
LINE
8
BLACK
6
CONTINUOUS
10
6.1967955511811024
20
-3.9710585039370079
11
6.1990324015748026
21
-3.9754485433070865
0
LINE
8
BLACK
6
CONTINUOUS
10
6.1990324015748026
20
-3.9754485433070865
11
6.1998031496062991
21
-3.9803149606299213
0
LINE
8
BLACK
6
CONTINUOUS
10
6.1998031496062991
20
-3.9803149606299213
11
6.1998031496062991
21
-3.9960629921259843
0
LINE
8
BLACK
6
CONTINUOUS
10
6.1998031496062991
20
-3.9960629921259843
11
6.1990324015748026
21
-4.000929409448819
0
LINE
8
BLACK
6
CONTINUOUS
10
6.1990324015748026
20
-4.000929409448819
11
6.1967955511811024
21
-4.0053194488188977
0
LINE
8
BLACK
6
CONTINUOUS
10
6.1967955511811024
20
-4.0053194488188977
11
6.1933115748031495
21
-4.0088034251968505
0
LINE
8
BLACK
6
CONTINUOUS
10
6.1933115748031495
20
-4.0088034251968505
11
6.1889215354330709
21
-4.0110402755905508
0
LINE
8
BLACK
6
CONTINUOUS
10
6.1889215354330709
20
-4.0110402755905508
11
6.1840551181102361
21
-4.0118110236220472
0
LINE
8
BLACK
6
CONTINUOUS
10
6.1840551181102361
20
-4.0118110236220472
11
6.1624015748031491
21
-4.0118110236220472
0
LINE
8
BLACK
6
CONTINUOUS
10
6.1624015748031491
20
-4.0118110236220472
11
6.1575351574803152
21
-4.0110402755905508
0
LINE
8
BLACK
6
CONTINUOUS
10
6.1575351574803152
20
-4.0110402755905508
11
6.1531451181102357
21
-4.0088034251968505
0
LINE
8
BLACK
6
CONTINUOUS
10
6.1531451181102357
20
-4.0088034251968505
11
6.1496611417322837
21
-4.0053194488188977
0
LINE
8
BLACK
6
CONTINUOUS
10
6.1496611417322837
20
-4.0053194488188977
11
6.1474242913385826
21
-4.000929409448819
0
LINE
8
BLACK
6
CONTINUOUS
10
6.1474242913385826
20
-4.000929409448819
11
6.1466535433070861
21
-3.9960629921259843
0
LINE
8
BLACK
6
CONTINUOUS
10
6.1466535433070861
20
-3.9960629921259843
11
6.1466535433070861
21
-3.9803149606299213
0
LINE
8
BLACK
6
CONTINUOUS
10
6.1466535433070861
20
-3.9803149606299213
11
6.1474242913385826
21
-3.9754485433070865
0
LINE
8
BLACK
6
CONTINUOUS
10
6.1474242913385826
20
-3.9754485433070865
11
6.1496611417322837
21
-3.9710585039370079
0
LINE
8
BLACK
6
CONTINUOUS
10
6.1496611417322837
20
-3.9710585039370079
11
6.1531451181102357
21
-3.967574527559055
0
LINE
8
BLACK
6
CONTINUOUS
10
6.1531451181102357
20
-3.967574527559055
11
6.1575351574803152
21
-3.9653376771653543
0
LINE
8
BLACK
6
CONTINUOUS
10
6.1575351574803152
20
-3.9653376771653543
11
6.1624015748031491
21
-3.9645669291338583
0
LINE
8
BLACK
6
CONTINUOUS
10
6.1624015748031491
20
-3.9645669291338583
11
6.1840551181102361
21
-3.9645669291338583
0
LINE
8
BLACK
6
CONTINUOUS
10
6.1840551181102361
20
-3.9645669291338583
11
6.1889215354330709
21
-3.9653376771653543
0
LINE
8
BLACK
6
CONTINUOUS
10
5.8075735433070861
20
-3.892974409448819
11
5.8116487007874014
21
-3.8949666535433072
0
LINE
8
BLACK
6
CONTINUOUS
10
5.8116487007874014
20
-3.8949666535433072
11
5.8148561811023622
21
-3.8981741338582676
0
LINE
8
BLACK
6
CONTINUOUS
10
5.8148561811023622
20
-3.8981741338582676
11
5.8168484251968504
21
-3.9022492913385824
0
LINE
8
BLACK
6
CONTINUOUS
10
5.8168484251968504
20
-3.9022492913385824
11
5.8174212598425195
21
-3.9061811023622046
0
LINE
8
BLACK
6
CONTINUOUS
10
5.8174212598425195
20
-3.9061811023622046
11
5.8174212598425195
21
-3.9179921259842518
0
LINE
8
BLACK
6
CONTINUOUS
10
5.8174212598425195
20
-3.9179921259842518
11
5.8168484251968504
21
-3.921923937007874
0
LINE
8
BLACK
6
CONTINUOUS
10
5.8168484251968504
20
-3.921923937007874
11
5.8148561811023622
21
-3.9259990944881888
0
LINE
8
BLACK
6
CONTINUOUS
10
5.8148561811023622
20
-3.9259990944881888
11
5.8116487007874014
21
-3.9292065748031497
0
LINE
8
BLACK
6
CONTINUOUS
10
5.8116487007874014
20
-3.9292065748031497
11
5.8084150787401576
21
-3.9307874015748032
0
LINE
8
BLACK
6
CONTINUOUS
10
5.8084150787401576
20
-3.9307874015748032
11
5.8116487007874014
21
-3.9323682283464567
0
LINE
8
BLACK
6
CONTINUOUS
10
5.8116487007874014
20
-3.9323682283464567
11
5.8148561811023622
21
-3.9355757086614171
0
LINE
8
BLACK
6
CONTINUOUS
10
5.8148561811023622
20
-3.9355757086614171
11
5.8168484251968504
21
-3.939650866141732
0
LINE
8
BLACK
6
CONTINUOUS
10
5.8168484251968504
20
-3.939650866141732
11
5.8174212598425195
21
-3.9435826771653542
0
LINE
8
BLACK
6
CONTINUOUS
10
5.8174212598425195
20
-3.9435826771653542
11
5.8174212598425195
21
-3.9553937007874014
0
LINE
8
BLACK
6
CONTINUOUS
10
5.8174212598425195
20
-3.9553937007874014
11
5.8168484251968504
21
-3.9593255118110235
0
LINE
8
BLACK
6
CONTINUOUS
10
5.8168484251968504
20
-3.9593255118110235
11
5.8148561811023622
21
-3.9634006692913384
0
LINE
8
BLACK
6
CONTINUOUS
10
5.8148561811023622
20
-3.9634006692913384
11
5.8116487007874014
21
-3.9666081496062993
0
LINE
8
BLACK
6
CONTINUOUS
10
5.8116487007874014
20
-3.9666081496062993
11
5.8084150787401576
21
-3.9681889763779528
0
LINE
8
BLACK
6
CONTINUOUS
10
5.8084150787401576
20
-3.9681889763779528
11
5.8116487007874014
21
-3.9697698031496063
0
LINE
8
BLACK
6
CONTINUOUS
10
5.8116487007874014
20
-3.9697698031496063
11
5.8148561811023622
21
-3.9729772834645667
0
LINE
8
BLACK
6
CONTINUOUS
10
5.8148561811023622
20
-3.9729772834645667
11
5.8168484251968504
21
-3.977052440944882
0
LINE
8
BLACK
6
CONTINUOUS
10
5.8168484251968504
20
-3.977052440944882
11
5.8174212598425195
21
-3.9809842519685037
0
LINE
8
BLACK
6
CONTINUOUS
10
5.8174212598425195
20
-3.9809842519685037
11
5.8174212598425195
21
-3.9927952755905509
0
LINE
8
BLACK
6
CONTINUOUS
10
5.8174212598425195
20
-3.9927952755905509
11
5.8168484251968504
21
-3.9967270866141731
0
LINE
8
BLACK
6
CONTINUOUS
10
5.8168484251968504
20
-3.9967270866141731
11
5.8148561811023622
21
-4.0008022440944879
0
LINE
8
BLACK
6
CONTINUOUS
10
5.8148561811023622
20
-4.0008022440944879
11
5.8116487007874014
21
-4.0040097244094488
0
LINE
8
BLACK
6
CONTINUOUS
10
5.8116487007874014
20
-4.0040097244094488
11
5.8075735433070861
21
-4.006001968503937
0
LINE
8
BLACK
6
CONTINUOUS
10
5.8075735433070861
20
-4.006001968503937
11
5.8036417322834648
21
-4.006574803149606
0
LINE
8
BLACK
6
CONTINUOUS
10
5.8036417322834648
20
-4.006574803149606
11
5.7632874015748028
21
-4.006574803149606
0
LINE
8
BLACK
6
CONTINUOUS
10
5.7632874015748028
20
-4.006574803149606
11
5.7593555905511806
21
-4.006001968503937
0
LINE
8
BLACK
6
CONTINUOUS
10
5.7593555905511806
20
-4.006001968503937
11
5.7552804330708662
21
-4.0040097244094488
0
LINE
8
BLACK
6
CONTINUOUS
10
5.7552804330708662
20
-4.0040097244094488
11
5.7520729527559054
21
-4.0008022440944879
0
LINE
8
BLACK
6
CONTINUOUS
10
5.7520729527559054
20
-4.0008022440944879
11
5.7500807086614172
21
-3.9967270866141731
0
LINE
8
BLACK
6
CONTINUOUS
10
5.7500807086614172
20
-3.9967270866141731
11
5.7495078740157481
21
-3.9927952755905509
0
LINE
8
BLACK
6
CONTINUOUS
10
5.7495078740157481
20
-3.9927952755905509
11
5.7495078740157481
21
-3.9809842519685037
0
LINE
8
BLACK
6
CONTINUOUS
10
5.7495078740157481
20
-3.9809842519685037
11
5.7500807086614172
21
-3.977052440944882
0
LINE
8
BLACK
6
CONTINUOUS
10
5.7500807086614172
20
-3.977052440944882
11
5.7520729527559054
21
-3.9729772834645667
0
LINE
8
BLACK
6
CONTINUOUS
10
5.7520729527559054
20
-3.9729772834645667
11
5.7552804330708662
21
-3.9697698031496063
0
LINE
8
BLACK
6
CONTINUOUS
10
5.7552804330708662
20
-3.9697698031496063
11
5.7585140157480312
21
-3.9681889763779528
0
LINE
8
BLACK
6
CONTINUOUS
10
5.7585140157480312
20
-3.9681889763779528
11
5.7552804330708662
21
-3.9666081496062993
0
LINE
8
BLACK
6
CONTINUOUS
10
5.7552804330708662
20
-3.9666081496062993
11
5.7520729527559054
21
-3.9634006692913384
0
LINE
8
BLACK
6
CONTINUOUS
10
5.7520729527559054
20
-3.9634006692913384
11
5.7500807086614172
21
-3.9593255118110235
0
LINE
8
BLACK
6
CONTINUOUS
10
5.7500807086614172
20
-3.9593255118110235
11
5.7495078740157481
21
-3.9553937007874014
0
LINE
8
BLACK
6
CONTINUOUS
10
5.7495078740157481
20
-3.9553937007874014
11
5.7495078740157481
21
-3.9435826771653542
0
LINE
8
BLACK
6
CONTINUOUS
10
5.7495078740157481
20
-3.9435826771653542
11
5.7500807086614172
21
-3.939650866141732
0
LINE
8
BLACK
6
CONTINUOUS
10
5.7500807086614172
20
-3.939650866141732
11
5.7520729527559054
21
-3.9355757086614171
0
LINE
8
BLACK
6
CONTINUOUS
10
5.7520729527559054
20
-3.9355757086614171
11
5.7552804330708662
21
-3.9323682283464567
0
LINE
8
BLACK
6
CONTINUOUS
10
5.7552804330708662
20
-3.9323682283464567
11
5.7585140157480312
21
-3.9307874015748032
0
LINE
8
BLACK
6
CONTINUOUS
10
5.7585140157480312
20
-3.9307874015748032
11
5.7552804330708662
21
-3.9292065748031497
0
LINE
8
BLACK
6
CONTINUOUS
10
5.7552804330708662
20
-3.9292065748031497
11
5.7520729527559054
21
-3.9259990944881888
0
LINE
8
BLACK
6
CONTINUOUS
10
5.7520729527559054
20
-3.9259990944881888
11
5.7500807086614172
21
-3.921923937007874
0
LINE
8
BLACK
6
CONTINUOUS
10
5.7500807086614172
20
-3.921923937007874
11
5.7495078740157481
21
-3.9179921259842518
0
LINE
8
BLACK
6
CONTINUOUS
10
5.7495078740157481
20
-3.9179921259842518
11
5.7495078740157481
21
-3.9061811023622046
0
LINE
8
BLACK
6
CONTINUOUS
10
5.7495078740157481
20
-3.9061811023622046
11
5.7500807086614172
21
-3.9022492913385824
0
LINE
8
BLACK
6
CONTINUOUS
10
5.7500807086614172
20
-3.9022492913385824
11
5.7520729527559054
21
-3.8981741338582676
0
LINE
8
BLACK
6
CONTINUOUS
10
5.7520729527559054
20
-3.8981741338582676
11
5.7552804330708662
21
-3.8949666535433072
0
LINE
8
BLACK
6
CONTINUOUS
10
5.7552804330708662
20
-3.8949666535433072
11
5.7593555905511806
21
-3.892974409448819
0
LINE
8
BLACK
6
CONTINUOUS
10
5.7593555905511806
20
-3.892974409448819
11
5.7632874015748028
21
-3.8924015748031495
0
LINE
8
BLACK
6
CONTINUOUS
10
5.7632874015748028
20
-3.8924015748031495
11
5.8036417322834648
21
-3.8924015748031495
0
LINE
8
BLACK
6
CONTINUOUS
10
5.8036417322834648
20
-3.8924015748031495
11
5.8075735433070861
21
-3.892974409448819
0
LINE
8
BLACK
6
CONTINUOUS
10
5.8971404724409444
20
-3.892974409448819
11
5.9012156299212597
21
-3.8949666535433072
0
LINE
8
BLACK
6
CONTINUOUS
10
5.9012156299212597
20
-3.8949666535433072
11
5.9044231102362206
21
-3.8981741338582676
0
LINE
8
BLACK
6
CONTINUOUS
10
5.9044231102362206
20
-3.8981741338582676
11
5.9064153543307087
21
-3.9022492913385824
0
LINE
8
BLACK
6
CONTINUOUS
10
5.9064153543307087
20
-3.9022492913385824
11
5.9069881889763778
21
-3.9061811023622046
0
LINE
8
BLACK
6
CONTINUOUS
10
5.9069881889763778
20
-3.9061811023622046
11
5.9069881889763778
21
-3.9179921259842518
0
LINE
8
BLACK
6
CONTINUOUS
10
5.9069881889763778
20
-3.9179921259842518
11
5.9064153543307087
21
-3.921923937007874
0
LINE
8
BLACK
6
CONTINUOUS
10
5.9064153543307087
20
-3.921923937007874
11
5.9044231102362206
21
-3.9259990944881888
0
LINE
8
BLACK
6
CONTINUOUS
10
5.9044231102362206
20
-3.9259990944881888
11
5.9012156299212597
21
-3.9292065748031497
0
LINE
8
BLACK
6
CONTINUOUS
10
5.9012156299212597
20
-3.9292065748031497
11
5.8979820078740159
21
-3.9307874015748032
0
LINE
8
BLACK
6
CONTINUOUS
10
5.8979820078740159
20
-3.9307874015748032
11
5.9012156299212597
21
-3.9323682283464567
0
LINE
8
BLACK
6
CONTINUOUS
10
5.9012156299212597
20
-3.9323682283464567
11
5.9044231102362206
21
-3.9355757086614171
0
LINE
8
BLACK
6
CONTINUOUS
10
5.9044231102362206
20
-3.9355757086614171
11
5.9064153543307087
21
-3.939650866141732
0
LINE
8
BLACK
6
CONTINUOUS
10
5.9064153543307087
20
-3.939650866141732
11
5.9069881889763778
21
-3.9435826771653542
0
LINE
8
BLACK
6
CONTINUOUS
10
5.9069881889763778
20
-3.9435826771653542
11
5.9069881889763778
21
-3.9553937007874014
0
LINE
8
BLACK
6
CONTINUOUS
10
5.9069881889763778
20
-3.9553937007874014
11
5.9064153543307087
21
-3.9593255118110235
0
LINE
8
BLACK
6
CONTINUOUS
10
5.9064153543307087
20
-3.9593255118110235
11
5.9044231102362206
21
-3.9634006692913384
0
LINE
8
BLACK
6
CONTINUOUS
10
5.9044231102362206
20
-3.9634006692913384
11
5.9012156299212597
21
-3.9666081496062993
0
LINE
8
BLACK
6
CONTINUOUS
10
5.9012156299212597
20
-3.9666081496062993
11
5.8979820078740159
21
-3.9681889763779528
0
LINE
8
BLACK
6
CONTINUOUS
10
5.8979820078740159
20
-3.9681889763779528
11
5.9012156299212597
21
-3.9697698031496063
0
LINE
8
BLACK
6
CONTINUOUS
10
5.9012156299212597
20
-3.9697698031496063
11
5.9044231102362206
21
-3.9729772834645667
0
LINE
8
BLACK
6
CONTINUOUS
10
5.9044231102362206
20
-3.9729772834645667
11
5.9064153543307087
21
-3.977052440944882
0
LINE
8
BLACK
6
CONTINUOUS
10
5.9064153543307087
20
-3.977052440944882
11
5.9069881889763778
21
-3.9809842519685037
0
LINE
8
BLACK
6
CONTINUOUS
10
5.9069881889763778
20
-3.9809842519685037
11
5.9069881889763778
21
-3.9927952755905509
0
LINE
8
BLACK
6
CONTINUOUS
10
5.9069881889763778
20
-3.9927952755905509
11
5.9064153543307087
21
-3.9967270866141731
0
LINE
8
BLACK
6
CONTINUOUS
10
5.9064153543307087
20
-3.9967270866141731
11
5.9044231102362206
21
-4.0008022440944879
0
LINE
8
BLACK
6
CONTINUOUS
10
5.9044231102362206
20
-4.0008022440944879
11
5.9012156299212597
21
-4.0040097244094488
0
LINE
8
BLACK
6
CONTINUOUS
10
5.9012156299212597
20
-4.0040097244094488
11
5.8971404724409444
21
-4.006001968503937
0
LINE
8
BLACK
6
CONTINUOUS
10
5.8971404724409444
20
-4.006001968503937
11
5.8932086614173231
21
-4.006574803149606
0
LINE
8
BLACK
6
CONTINUOUS
10
5.8932086614173231
20
-4.006574803149606
11
5.8528543307086611
21
-4.006574803149606
0
LINE
8
BLACK
6
CONTINUOUS
10
5.8528543307086611
20
-4.006574803149606
11
5.848922519685039
21
-4.006001968503937
0
LINE
8
BLACK
6
CONTINUOUS
10
5.848922519685039
20
-4.006001968503937
11
5.8448473622047246
21
-4.0040097244094488
0
LINE
8
BLACK
6
CONTINUOUS
10
5.8448473622047246
20
-4.0040097244094488
11
5.8416398818897637
21
-4.0008022440944879
0
LINE
8
BLACK
6
CONTINUOUS
10
5.8416398818897637
20
-4.0008022440944879
11
5.8396476377952755
21
-3.9967270866141731
0
LINE
8
BLACK
6
CONTINUOUS
10
5.8396476377952755
20
-3.9967270866141731
11
5.8390748031496065
21
-3.9927952755905509
0
LINE
8
BLACK
6
CONTINUOUS
10
5.8390748031496065
20
-3.9927952755905509
11
5.8390748031496065
21
-3.9809842519685037
0
LINE
8
BLACK
6
CONTINUOUS
10
5.8390748031496065
20
-3.9809842519685037
11
5.8396476377952755
21
-3.977052440944882
0
LINE
8
BLACK
6
CONTINUOUS
10
5.8396476377952755
20
-3.977052440944882
11
5.8416398818897637
21
-3.9729772834645667
0
LINE
8
BLACK
6
CONTINUOUS
10
5.8416398818897637
20
-3.9729772834645667
11
5.8448473622047246
21
-3.9697698031496063
0
LINE
8
BLACK
6
CONTINUOUS
10
5.8448473622047246
20
-3.9697698031496063
11
5.8480809448818896
21
-3.9681889763779528
0
LINE
8
BLACK
6
CONTINUOUS
10
5.8480809448818896
20
-3.9681889763779528
11
5.8448473622047246
21
-3.9666081496062993
0
LINE
8
BLACK
6
CONTINUOUS
10
5.8448473622047246
20
-3.9666081496062993
11
5.8416398818897637
21
-3.9634006692913384
0
LINE
8
BLACK
6
CONTINUOUS
10
5.8416398818897637
20
-3.9634006692913384
11
5.8396476377952755
21
-3.9593255118110235
0
LINE
8
BLACK
6
CONTINUOUS
10
5.8396476377952755
20
-3.9593255118110235
11
5.8390748031496065
21
-3.9553937007874014
0
LINE
8
BLACK
6
CONTINUOUS
10
5.8390748031496065
20
-3.9553937007874014
11
5.8390748031496065
21
-3.9435826771653542
0
LINE
8
BLACK
6
CONTINUOUS
10
5.8390748031496065
20
-3.9435826771653542
11
5.8396476377952755
21
-3.939650866141732
0
LINE
8
BLACK
6
CONTINUOUS
10
5.8396476377952755
20
-3.939650866141732
11
5.8416398818897637
21
-3.9355757086614171
0
LINE
8
BLACK
6
CONTINUOUS
10
5.8416398818897637
20
-3.9355757086614171
11
5.8448473622047246
21
-3.9323682283464567
0
LINE
8
BLACK
6
CONTINUOUS
10
5.8448473622047246
20
-3.9323682283464567
11
5.8480809448818896
21
-3.9307874015748032
0
LINE
8
BLACK
6
CONTINUOUS
10
5.8480809448818896
20
-3.9307874015748032
11
5.8448473622047246
21
-3.9292065748031497
0
LINE
8
BLACK
6
CONTINUOUS
10
5.8448473622047246
20
-3.9292065748031497
11
5.8416398818897637
21
-3.9259990944881888
0
LINE
8
BLACK
6
CONTINUOUS
10
5.8416398818897637
20
-3.9259990944881888
11
5.8396476377952755
21
-3.921923937007874
0
LINE
8
BLACK
6
CONTINUOUS
10
5.8396476377952755
20
-3.921923937007874
11
5.8390748031496065
21
-3.9179921259842518
0
LINE
8
BLACK
6
CONTINUOUS
10
5.8390748031496065
20
-3.9179921259842518
11
5.8390748031496065
21
-3.9061811023622046
0
LINE
8
BLACK
6
CONTINUOUS
10
5.8390748031496065
20
-3.9061811023622046
11
5.8396476377952755
21
-3.9022492913385824
0
LINE
8
BLACK
6
CONTINUOUS
10
5.8396476377952755
20
-3.9022492913385824
11
5.8416398818897637
21
-3.8981741338582676
0
LINE
8
BLACK
6
CONTINUOUS
10
5.8416398818897637
20
-3.8981741338582676
11
5.8448473622047246
21
-3.8949666535433072
0
LINE
8
BLACK
6
CONTINUOUS
10
5.8448473622047246
20
-3.8949666535433072
11
5.848922519685039
21
-3.892974409448819
0
LINE
8
BLACK
6
CONTINUOUS
10
5.848922519685039
20
-3.892974409448819
11
5.8528543307086611
21
-3.8924015748031495
0
LINE
8
BLACK
6
CONTINUOUS
10
5.8528543307086611
20
-3.8924015748031495
11
5.8932086614173231
21
-3.8924015748031495
0
LINE
8
BLACK
6
CONTINUOUS
10
5.8932086614173231
20
-3.8924015748031495
11
5.8971404724409444
21
-3.892974409448819
0
LINE
8
BLACK
6
CONTINUOUS
10
6.3261283464566924
20
-3.9215687007874016
11
6.3311130314960629
21
-3.9233129133858267
0
LINE
8
BLACK
6
CONTINUOUS
10
6.3311130314960629
20
-3.9233129133858267
11
6.3353621259842514
21
-3.9264488976377954
0
LINE
8
BLACK
6
CONTINUOUS
10
6.3353621259842514
20
-3.9264488976377954
11
6.3384981102362206
21
-3.9306979921259844
0
LINE
8
BLACK
6
CONTINUOUS
10
6.3384981102362206
20
-3.9306979921259844
11
6.3402423228346452
21
-3.9356826771653544
0
LINE
8
BLACK
6
CONTINUOUS
10
6.3402423228346452
20
-3.9356826771653544
11
6.340551181102362
21
-3.938976377952756
0
LINE
8
BLACK
6
CONTINUOUS
10
6.340551181102362
20
-3.938976377952756
11
6.340551181102362
21
-3.9586614173228347
0
LINE
8
BLACK
6
CONTINUOUS
10
6.340551181102362
20
-3.9586614173228347
11
6.3402423228346452
21
-3.9619551181102359
0
LINE
8
BLACK
6
CONTINUOUS
10
6.3402423228346452
20
-3.9619551181102359
11
6.3384981102362206
21
-3.9669398031496064
0
LINE
8
BLACK
6
CONTINUOUS
10
6.3384981102362206
20
-3.9669398031496064
11
6.3353621259842514
21
-3.9711888976377954
0
LINE
8
BLACK
6
CONTINUOUS
10
6.3353621259842514
20
-3.9711888976377954
11
6.3311130314960629
21
-3.9743248818897636
0
LINE
8
BLACK
6
CONTINUOUS
10
6.3311130314960629
20
-3.9743248818897636
11
6.3261283464566924
21
-3.9760690944881887
0
LINE
8
BLACK
6
CONTINUOUS
10
6.3261283464566924
20
-3.9760690944881887
11
6.3228346456692908
21
-3.9763779527559056
0
LINE
8
BLACK
6
CONTINUOUS
10
6.3228346456692908
20
-3.9763779527559056
11
6.3031496062992121
21
-3.9763779527559056
0
LINE
8
BLACK
6
CONTINUOUS
10
6.3031496062992121
20
-3.9763779527559056
11
6.2998559055118113
21
-3.9760690944881887
0
LINE
8
BLACK
6
CONTINUOUS
10
6.2998559055118113
20
-3.9760690944881887
11
6.2948712204724409
21
-3.9743248818897636
0
LINE
8
BLACK
6
CONTINUOUS
10
6.2948712204724409
20
-3.9743248818897636
11
6.2906221259842514
21
-3.9711888976377954
0
LINE
8
BLACK
6
CONTINUOUS
10
6.2906221259842514
20
-3.9711888976377954
11
6.2874861417322832
21
-3.9669398031496064
0
LINE
8
BLACK
6
CONTINUOUS
10
6.2874861417322832
20
-3.9669398031496064
11
6.2857419291338585
21
-3.9619551181102359
0
LINE
8
BLACK
6
CONTINUOUS
10
6.2857419291338585
20
-3.9619551181102359
11
6.2854330708661417
21
-3.9586614173228347
0
LINE
8
BLACK
6
CONTINUOUS
10
6.2854330708661417
20
-3.9586614173228347
11
6.2854330708661417
21
-3.938976377952756
0
LINE
8
BLACK
6
CONTINUOUS
10
6.2854330708661417
20
-3.938976377952756
11
6.2857419291338585
21
-3.9356826771653544
0
LINE
8
BLACK
6
CONTINUOUS
10
6.2857419291338585
20
-3.9356826771653544
11
6.2874861417322832
21
-3.9306979921259844
0
LINE
8
BLACK
6
CONTINUOUS
10
6.2874861417322832
20
-3.9306979921259844
11
6.2906221259842514
21
-3.9264488976377954
0
LINE
8
BLACK
6
CONTINUOUS
10
6.2906221259842514
20
-3.9264488976377954
11
6.2948712204724409
21
-3.9233129133858267
0
LINE
8
BLACK
6
CONTINUOUS
10
6.2948712204724409
20
-3.9233129133858267
11
6.2998559055118113
21
-3.9215687007874016
0
LINE
8
BLACK
6
CONTINUOUS
10
6.2998559055118113
20
-3.9215687007874016
11
6.3031496062992121
21
-3.9212598425196847
0
LINE
8
BLACK
6
CONTINUOUS
10
6.3031496062992121
20
-3.9212598425196847
11
6.3228346456692908
21
-3.9212598425196847
0
LINE
8
BLACK
6
CONTINUOUS
10
6.3228346456692908
20
-3.9212598425196847
11
6.3261283464566924
21
-3.9215687007874016
0
LINE
8
BLACK
6
CONTINUOUS
10
6.4245535433070868
20
-3.9215687007874016
11
6.4295382283464564
21
-3.9233129133858267
0
LINE
8
BLACK
6
CONTINUOUS
10
6.4295382283464564
20
-3.9233129133858267
11
6.4337873228346458
21
-3.9264488976377954
0
LINE
8
BLACK
6
CONTINUOUS
10
6.4337873228346458
20
-3.9264488976377954
11
6.4369233070866141
21
-3.9306979921259844
0
LINE
8
BLACK
6
CONTINUOUS
10
6.4369233070866141
20
-3.9306979921259844
11
6.4386675196850396
21
-3.9356826771653544
0
LINE
8
BLACK
6
CONTINUOUS
10
6.4386675196850396
20
-3.9356826771653544
11
6.4389763779527556
21
-3.938976377952756
0
LINE
8
BLACK
6
CONTINUOUS
10
6.4389763779527556
20
-3.938976377952756
11
6.4389763779527556
21
-3.9586614173228347
0
LINE
8
BLACK
6
CONTINUOUS
10
6.4389763779527556
20
-3.9586614173228347
11
6.4386675196850396
21
-3.9619551181102359
0
LINE
8
BLACK
6
CONTINUOUS
10
6.4386675196850396
20
-3.9619551181102359
11
6.4369233070866141
21
-3.9669398031496064
0
LINE
8
BLACK
6
CONTINUOUS
10
6.4369233070866141
20
-3.9669398031496064
11
6.4337873228346458
21
-3.9711888976377954
0
LINE
8
BLACK
6
CONTINUOUS
10
6.4337873228346458
20
-3.9711888976377954
11
6.4295382283464564
21
-3.9743248818897636
0
LINE
8
BLACK
6
CONTINUOUS
10
6.4295382283464564
20
-3.9743248818897636
11
6.4245535433070868
21
-3.9760690944881887
0
LINE
8
BLACK
6
CONTINUOUS
10
6.4245535433070868
20
-3.9760690944881887
11
6.4212598425196852
21
-3.9763779527559056
0
LINE
8
BLACK
6
CONTINUOUS
10
6.4212598425196852
20
-3.9763779527559056
11
6.4015748031496065
21
-3.9763779527559056
0
LINE
8
BLACK
6
CONTINUOUS
10
6.4015748031496065
20
-3.9763779527559056
11
6.3982811023622048
21
-3.9760690944881887
0
LINE
8
BLACK
6
CONTINUOUS
10
6.3982811023622048
20
-3.9760690944881887
11
6.3932964173228344
21
-3.9743248818897636
0
LINE
8
BLACK
6
CONTINUOUS
10
6.3932964173228344
20
-3.9743248818897636
11
6.3890473228346458
21
-3.9711888976377954
0
LINE
8
BLACK
6
CONTINUOUS
10
6.3890473228346458
20
-3.9711888976377954
11
6.3859113385826767
21
-3.9669398031496064
0
LINE
8
BLACK
6
CONTINUOUS
10
6.3859113385826767
20
-3.9669398031496064
11
6.3841671259842521
21
-3.9619551181102359
0
LINE
8
BLACK
6
CONTINUOUS
10
6.3841671259842521
20
-3.9619551181102359
11
6.3838582677165352
21
-3.9586614173228347
0
LINE
8
BLACK
6
CONTINUOUS
10
6.3838582677165352
20
-3.9586614173228347
11
6.3838582677165352
21
-3.938976377952756
0
LINE
8
BLACK
6
CONTINUOUS
10
6.3838582677165352
20
-3.938976377952756
11
6.3841671259842521
21
-3.9356826771653544
0
LINE
8
BLACK
6
CONTINUOUS
10
6.3841671259842521
20
-3.9356826771653544
11
6.3859113385826767
21
-3.9306979921259844
0
LINE
8
BLACK
6
CONTINUOUS
10
6.3859113385826767
20
-3.9306979921259844
11
6.3890473228346458
21
-3.9264488976377954
0
LINE
8
BLACK
6
CONTINUOUS
10
6.3890473228346458
20
-3.9264488976377954
11
6.3932964173228344
21
-3.9233129133858267
0
LINE
8
BLACK
6
CONTINUOUS
10
6.3932964173228344
20
-3.9233129133858267
11
6.3982811023622048
21
-3.9215687007874016
0
LINE
8
BLACK
6
CONTINUOUS
10
6.3982811023622048
20
-3.9215687007874016
11
6.4015748031496065
21
-3.9212598425196847
0
LINE
8
BLACK
6
CONTINUOUS
10
6.4015748031496065
20
-3.9212598425196847
11
6.4212598425196852
21
-3.9212598425196847
0
LINE
8
BLACK
6
CONTINUOUS
10
6.4212598425196852
20
-3.9212598425196847
11
6.4245535433070868
21
-3.9215687007874016
0
LINE
8
BLACK
6
CONTINUOUS
10
6.4930968503937008
20
-3.806411220472441
11
6.4980815354330703
21
-3.808155433070866
0
LINE
8
BLACK
6
CONTINUOUS
10
6.4980815354330703
20
-3.808155433070866
11
6.5023306299212598
21
-3.8112914173228347
0
LINE
8
BLACK
6
CONTINUOUS
10
6.5023306299212598
20
-3.8112914173228347
11
6.505466614173228
21
-3.8155405118110237
0
LINE
8
BLACK
6
CONTINUOUS
10
6.505466614173228
20
-3.8155405118110237
11
6.5072108267716535
21
-3.8205251968503937
0
LINE
8
BLACK
6
CONTINUOUS
10
6.5072108267716535
20
-3.8205251968503937
11
6.5075196850393695
21
-3.8238188976377954
0
LINE
8
BLACK
6
CONTINUOUS
10
6.5075196850393695
20
-3.8238188976377954
11
6.5075196850393695
21
-3.8435039370078741
0
LINE
8
BLACK
6
CONTINUOUS
10
6.5075196850393695
20
-3.8435039370078741
11
6.5072108267716535
21
-3.8467976377952753
0
LINE
8
BLACK
6
CONTINUOUS
10
6.5072108267716535
20
-3.8467976377952753
11
6.505466614173228
21
-3.8517823228346457
0
LINE
8
BLACK
6
CONTINUOUS
10
6.505466614173228
20
-3.8517823228346457
11
6.5023306299212598
21
-3.8560314173228347
0
LINE
8
BLACK
6
CONTINUOUS
10
6.5023306299212598
20
-3.8560314173228347
11
6.4980815354330703
21
-3.859167401574803
0
LINE
8
BLACK
6
CONTINUOUS
10
6.4980815354330703
20
-3.859167401574803
11
6.4930968503937008
21
-3.8609116141732285
0
LINE
8
BLACK
6
CONTINUOUS
10
6.4930968503937008
20
-3.8609116141732285
11
6.4898031496062991
21
-3.8612204724409449
0
LINE
8
BLACK
6
CONTINUOUS
10
6.4898031496062991
20
-3.8612204724409449
11
6.4031889763779528
21
-3.8612204724409449
0
LINE
8
BLACK
6
CONTINUOUS
10
6.4031889763779528
20
-3.8612204724409449
11
6.3998952755905512
21
-3.8609116141732285
0
LINE
8
BLACK
6
CONTINUOUS
10
6.3998952755905512
20
-3.8609116141732285
11
6.3949105905511807
21
-3.859167401574803
0
LINE
8
BLACK
6
CONTINUOUS
10
6.3949105905511807
20
-3.859167401574803
11
6.3906614960629922
21
-3.8560314173228347
0
LINE
8
BLACK
6
CONTINUOUS
10
6.3906614960629922
20
-3.8560314173228347
11
6.3875255118110239
21
-3.8517823228346457
0
LINE
8
BLACK
6
CONTINUOUS
10
6.3875255118110239
20
-3.8517823228346457
11
6.3857812992125984
21
-3.8467976377952753
0
LINE
8
BLACK
6
CONTINUOUS
10
6.3857812992125984
20
-3.8467976377952753
11
6.3854724409448815
21
-3.8435039370078741
0
LINE
8
BLACK
6
CONTINUOUS
10
6.3854724409448815
20
-3.8435039370078741
11
6.3854724409448815
21
-3.8238188976377954
0
LINE
8
BLACK
6
CONTINUOUS
10
6.3854724409448815
20
-3.8238188976377954
11
6.3857812992125984
21
-3.8205251968503937
0
LINE
8
BLACK
6
CONTINUOUS
10
6.3857812992125984
20
-3.8205251968503937
11
6.3875255118110239
21
-3.8155405118110237
0
LINE
8
BLACK
6
CONTINUOUS
10
6.3875255118110239
20
-3.8155405118110237
11
6.3906614960629922
21
-3.8112914173228347
0
LINE
8
BLACK
6
CONTINUOUS
10
6.3906614960629922
20
-3.8112914173228347
11
6.3949105905511807
21
-3.808155433070866
0
LINE
8
BLACK
6
CONTINUOUS
10
6.3949105905511807
20
-3.808155433070866
11
6.3998952755905512
21
-3.806411220472441
0
LINE
8
BLACK
6
CONTINUOUS
10
6.3998952755905512
20
-3.806411220472441
11
6.4031889763779528
21
-3.8061023622047245
0
LINE
8
BLACK
6
CONTINUOUS
10
6.4031889763779528
20
-3.8061023622047245
11
6.4898031496062991
21
-3.8061023622047245
0
LINE
8
BLACK
6
CONTINUOUS
10
6.4898031496062991
20
-3.8061023622047245
11
6.4930968503937008
21
-3.806411220472441
0
LINE
8
BLACK
6
CONTINUOUS
10
6.1692364960629922
20
-3.8078573622047243
11
6.1736265354330708
21
-3.810094212598425
0
LINE
8
BLACK
6
CONTINUOUS
10
6.1736265354330708
20
-3.810094212598425
11
6.1771105118110237
21
-3.8135781889763778
0
LINE
8
BLACK
6
CONTINUOUS
10
6.1771105118110237
20
-3.8135781889763778
11
6.1793473622047239
21
-3.8179682283464564
0
LINE
8
BLACK
6
CONTINUOUS
10
6.1793473622047239
20
-3.8179682283464564
11
6.1801181102362204
21
-3.8228346456692912
0
LINE
8
BLACK
6
CONTINUOUS
10
6.1801181102362204
20
-3.8228346456692912
11
6.1801181102362204
21
-3.8385826771653542
0
LINE
8
BLACK
6
CONTINUOUS
10
6.1801181102362204
20
-3.8385826771653542
11
6.1793473622047239
21
-3.8434490944881889
0
LINE
8
BLACK
6
CONTINUOUS
10
6.1793473622047239
20
-3.8434490944881889
11
6.1771105118110237
21
-3.8478391338582676
0
LINE
8
BLACK
6
CONTINUOUS
10
6.1771105118110237
20
-3.8478391338582676
11
6.1736265354330708
21
-3.8513231102362204
0
LINE
8
BLACK
6
CONTINUOUS
10
6.1736265354330708
20
-3.8513231102362204
11
6.1692364960629922
21
-3.8535599606299211
0
LINE
8
BLACK
6
CONTINUOUS
10
6.1692364960629922
20
-3.8535599606299211
11
6.1643700787401574
21
-3.8543307086614171
0
LINE
8
BLACK
6
CONTINUOUS
10
6.1643700787401574
20
-3.8543307086614171
11
6.1427165354330704
21
-3.8543307086614171
0
LINE
8
BLACK
6
CONTINUOUS
10
6.1427165354330704
20
-3.8543307086614171
11
6.1378501181102365
21
-3.8535599606299211
0
LINE
8
BLACK
6
CONTINUOUS
10
6.1378501181102365
20
-3.8535599606299211
11
6.133460078740157
21
-3.8513231102362204
0
LINE
8
BLACK
6
CONTINUOUS
10
6.133460078740157
20
-3.8513231102362204
11
6.129976102362205
21
-3.8478391338582676
0
LINE
8
BLACK
6
CONTINUOUS
10
6.129976102362205
20
-3.8478391338582676
11
6.1277392519685039
21
-3.8434490944881889
0
LINE
8
BLACK
6
CONTINUOUS
10
6.1277392519685039
20
-3.8434490944881889
11
6.1269685039370074
21
-3.8385826771653542
0
LINE
8
BLACK
6
CONTINUOUS
10
6.1269685039370074
20
-3.8385826771653542
11
6.1269685039370074
21
-3.8228346456692912
0
LINE
8
BLACK
6
CONTINUOUS
10
6.1269685039370074
20
-3.8228346456692912
11
6.1277392519685039
21
-3.8179682283464564
0
LINE
8
BLACK
6
CONTINUOUS
10
6.1277392519685039
20
-3.8179682283464564
11
6.129976102362205
21
-3.8135781889763778
0
LINE
8
BLACK
6
CONTINUOUS
10
6.129976102362205
20
-3.8135781889763778
11
6.133460078740157
21
-3.810094212598425
0
LINE
8
BLACK
6
CONTINUOUS
10
6.133460078740157
20
-3.810094212598425
11
6.1378501181102365
21
-3.8078573622047243
0
LINE
8
BLACK
6
CONTINUOUS
10
6.1378501181102365
20
-3.8078573622047243
11
6.1427165354330704
21
-3.8070866141732282
0
LINE
8
BLACK
6
CONTINUOUS
10
6.1427165354330704
20
-3.8070866141732282
11
6.1643700787401574
21
-3.8070866141732282
0
LINE
8
BLACK
6
CONTINUOUS
10
6.1643700787401574
20
-3.8070866141732282
11
6.1692364960629922
21
-3.8078573622047243
0
LINE
8
BLACK
6
CONTINUOUS
10
5.9795799999999995
20
-3.7980630314960631
11
5.9842444488188979
21
-3.80043968503937
0
LINE
8
BLACK
6
CONTINUOUS
10
5.9842444488188979
20
-3.80043968503937
11
5.9879461417322837
21
-3.8041413779527558
0
LINE
8
BLACK
6
CONTINUOUS
10
5.9879461417322837
20
-3.8041413779527558
11
5.9903227952755902
21
-3.8088058267716534
0
LINE
8
BLACK
6
CONTINUOUS
10
5.9903227952755902
20
-3.8088058267716534
11
5.9911417322834648
21
-3.813976377952756
0
LINE
8
BLACK
6
CONTINUOUS
10
5.9911417322834648
20
-3.813976377952756
11
5.9911417322834648
21
-3.8316929133858268
0
LINE
8
BLACK
6
CONTINUOUS
10
5.9911417322834648
20
-3.8316929133858268
11
5.9903227952755902
21
-3.8368634645669291
0
LINE
8
BLACK
6
CONTINUOUS
10
5.9903227952755902
20
-3.8368634645669291
11
5.9879461417322837
21
-3.8415279133858267
0
LINE
8
BLACK
6
CONTINUOUS
10
5.9879461417322837
20
-3.8415279133858267
11
5.9842444488188979
21
-3.8452296062992124
0
LINE
8
BLACK
6
CONTINUOUS
10
5.9842444488188979
20
-3.8452296062992124
11
5.9795799999999995
21
-3.8476062598425198
0
LINE
8
BLACK
6
CONTINUOUS
10
5.9795799999999995
20
-3.8476062598425198
11
5.9744094488188972
21
-3.8484251968503935
0
LINE
8
BLACK
6
CONTINUOUS
10
5.9744094488188972
20
-3.8484251968503935
11
5.9547244094488185
21
-3.8484251968503935
0
LINE
8
BLACK
6
CONTINUOUS
10
5.9547244094488185
20
-3.8484251968503935
11
5.9495538582677163
21
-3.8476062598425198
0
LINE
8
BLACK
6
CONTINUOUS
10
5.9495538582677163
20
-3.8476062598425198
11
5.9448894094488187
21
-3.8452296062992124
0
LINE
8
BLACK
6
CONTINUOUS
10
5.9448894094488187
20
-3.8452296062992124
11
5.941187716535433
21
-3.8415279133858267
0
LINE
8
BLACK
6
CONTINUOUS
10
5.941187716535433
20
-3.8415279133858267
11
5.9388110629921256
21
-3.8368634645669291
0
LINE
8
BLACK
6
CONTINUOUS
10
5.9388110629921256
20
-3.8368634645669291
11
5.9379921259842519
21
-3.8316929133858268
0
LINE
8
BLACK
6
CONTINUOUS
10
5.9379921259842519
20
-3.8316929133858268
11
5.9379921259842519
21
-3.813976377952756
0
LINE
8
BLACK
6
CONTINUOUS
10
5.9379921259842519
20
-3.813976377952756
11
5.9388110629921256
21
-3.8088058267716534
0
LINE
8
BLACK
6
CONTINUOUS
10
5.9388110629921256
20
-3.8088058267716534
11
5.941187716535433
21
-3.8041413779527558
0
LINE
8
BLACK
6
CONTINUOUS
10
5.941187716535433
20
-3.8041413779527558
11
5.9448894094488187
21
-3.80043968503937
0
LINE
8
BLACK
6
CONTINUOUS
10
5.9448894094488187
20
-3.80043968503937
11
5.9495538582677163
21
-3.7980630314960631
0
LINE
8
BLACK
6
CONTINUOUS
10
5.9495538582677163
20
-3.7980630314960631
11
5.9547244094488185
21
-3.7972440944881889
0
LINE
8
BLACK
6
CONTINUOUS
10
5.9547244094488185
20
-3.7972440944881889
11
5.9744094488188972
21
-3.7972440944881889
0
LINE
8
BLACK
6
CONTINUOUS
10
5.9744094488188972
20
-3.7972440944881889
11
5.9795799999999995
21
-3.7980630314960631
0
LINE
8
BLACK
6
CONTINUOUS
10
6.0504461417322837
20
-3.7980630314960631
11
6.0551105905511813
21
-3.80043968503937
0
LINE
8
BLACK
6
CONTINUOUS
10
6.0551105905511813
20
-3.80043968503937
11
6.058812283464567
21
-3.8041413779527558
0
LINE
8
BLACK
6
CONTINUOUS
10
6.058812283464567
20
-3.8041413779527558
11
6.0611889370078735
21
-3.8088058267716534
0
LINE
8
BLACK
6
CONTINUOUS
10
6.0611889370078735
20
-3.8088058267716534
11
6.0620078740157481
21
-3.813976377952756
0
LINE
8
BLACK
6
CONTINUOUS
10
6.0620078740157481
20
-3.813976377952756
11
6.0620078740157481
21
-3.8316929133858268
0
LINE
8
BLACK
6
CONTINUOUS
10
6.0620078740157481
20
-3.8316929133858268
11
6.0611889370078735
21
-3.8368634645669291
0
LINE
8
BLACK
6
CONTINUOUS
10
6.0611889370078735
20
-3.8368634645669291
11
6.058812283464567
21
-3.8415279133858267
0
LINE
8
BLACK
6
CONTINUOUS
10
6.058812283464567
20
-3.8415279133858267
11
6.0551105905511813
21
-3.8452296062992124
0
LINE
8
BLACK
6
CONTINUOUS
10
6.0551105905511813
20
-3.8452296062992124
11
6.0504461417322837
21
-3.8476062598425198
0
LINE
8
BLACK
6
CONTINUOUS
10
6.0504461417322837
20
-3.8476062598425198
11
6.0452755905511806
21
-3.8484251968503935
0
LINE
8
BLACK
6
CONTINUOUS
10
6.0452755905511806
20
-3.8484251968503935
11
6.0255905511811019
21
-3.8484251968503935
0
LINE
8
BLACK
6
CONTINUOUS
10
6.0255905511811019
20
-3.8484251968503935
11
6.0204199999999997
21
-3.8476062598425198
0
LINE
8
BLACK
6
CONTINUOUS
10
6.0204199999999997
20
-3.8476062598425198
11
6.0157555511811021
21
-3.8452296062992124
0
LINE
8
BLACK
6
CONTINUOUS
10
6.0157555511811021
20
-3.8452296062992124
11
6.0120538582677163
21
-3.8415279133858267
0
LINE
8
BLACK
6
CONTINUOUS
10
6.0120538582677163
20
-3.8415279133858267
11
6.0096772047244089
21
-3.8368634645669291
0
LINE
8
BLACK
6
CONTINUOUS
10
6.0096772047244089
20
-3.8368634645669291
11
6.0088582677165352
21
-3.8316929133858268
0
LINE
8
BLACK
6
CONTINUOUS
10
6.0088582677165352
20
-3.8316929133858268
11
6.0088582677165352
21
-3.813976377952756
0
LINE
8
BLACK
6
CONTINUOUS
10
6.0088582677165352
20
-3.813976377952756
11
6.0096772047244089
21
-3.8088058267716534
0
LINE
8
BLACK
6
CONTINUOUS
10
6.0096772047244089
20
-3.8088058267716534
11
6.0120538582677163
21
-3.8041413779527558
0
LINE
8
BLACK
6
CONTINUOUS
10
6.0120538582677163
20
-3.8041413779527558
11
6.0157555511811021
21
-3.80043968503937
0
LINE
8
BLACK
6
CONTINUOUS
10
6.0157555511811021
20
-3.80043968503937
11
6.0204199999999997
21
-3.7980630314960631
0
LINE
8
BLACK
6
CONTINUOUS
10
6.0204199999999997
20
-3.7980630314960631
11
6.0255905511811019
21
-3.7972440944881889
0
LINE
8
BLACK
6
CONTINUOUS
10
6.0255905511811019
20
-3.7972440944881889
11
6.0452755905511806
21
-3.7972440944881889
0
LINE
8
BLACK
6
CONTINUOUS
10
6.0452755905511806
20
-3.7972440944881889
11
6.0504461417322837
21
-3.7980630314960631
0
LINE
8
BLACK
6
CONTINUOUS
10
5.4787327559055115
20
-3.7519831102362202
11
5.4840314566929136
21
-3.7530370866141731
0
LINE
8
BLACK
6
CONTINUOUS
10
5.4840314566929136
20
-3.7530370866141731
11
5.4890227559055118
21
-3.7551045275590549
0
LINE
8
BLACK
6
CONTINUOUS
10
5.4890227559055118
20
-3.7551045275590549
11
5.4935147637795279
21
-3.7581060236220472
0
LINE
8
BLACK
6
CONTINUOUS
10
5.4935147637795279
20
-3.7581060236220472
11
5.4973349212598421
21
-3.7619261811023623
0
LINE
8
BLACK
6
CONTINUOUS
10
5.4973349212598421
20
-3.7619261811023623
11
5.5003364173228348
21
-3.7664181889763779
0
LINE
8
BLACK
6
CONTINUOUS
10
5.5003364173228348
20
-3.7664181889763779
11
5.5024038582677166
21
-3.7714094881889761
0
LINE
8
BLACK
6
CONTINUOUS
10
5.5024038582677166
20
-3.7714094881889761
11
5.5034578346456691
21
-3.7767081889763778
0
LINE
8
BLACK
6
CONTINUOUS
10
5.5034578346456691
20
-3.7767081889763778
11
5.5034578346456691
21
-3.7821107086614174
0
LINE
8
BLACK
6
CONTINUOUS
10
5.5034578346456691
20
-3.7821107086614174
11
5.5024038582677166
21
-3.7874094094488187
0
LINE
8
BLACK
6
CONTINUOUS
10
5.5024038582677166
20
-3.7874094094488187
11
5.5003364173228348
21
-3.7924007086614173
0
LINE
8
BLACK
6
CONTINUOUS
10
5.5003364173228348
20
-3.7924007086614173
11
5.4973349212598421
21
-3.7968927165354329
0
LINE
8
BLACK
6
CONTINUOUS
10
5.4973349212598421
20
-3.7968927165354329
11
5.4935147637795279
21
-3.8007128740157481
0
LINE
8
BLACK
6
CONTINUOUS
10
5.4935147637795279
20
-3.8007128740157481
11
5.4890227559055118
21
-3.8037143700787399
0
LINE
8
BLACK
6
CONTINUOUS
10
5.4890227559055118
20
-3.8037143700787399
11
5.4840314566929136
21
-3.8057818110236221
0
LINE
8
BLACK
6
CONTINUOUS
10
5.4840314566929136
20
-3.8057818110236221
11
5.4787327559055115
21
-3.8068357874015746
0
LINE
8
BLACK
6
CONTINUOUS
10
5.4787327559055115
20
-3.8068357874015746
11
5.4760314960629923
21
-3.8069685039370076
0
LINE
8
BLACK
6
CONTINUOUS
10
5.4760314960629923
20
-3.8069685039370076
11
5.4366614173228349
21
-3.8069685039370076
0
LINE
8
BLACK
6
CONTINUOUS
10
5.4366614173228349
20
-3.8069685039370076
11
5.4339601574803149
21
-3.8068357874015746
0
LINE
8
BLACK
6
CONTINUOUS
10
5.4339601574803149
20
-3.8068357874015746
11
5.4286614566929137
21
-3.8057818110236221
0
LINE
8
BLACK
6
CONTINUOUS
10
5.4286614566929137
20
-3.8057818110236221
11
5.4236701574803146
21
-3.8037143700787399
0
LINE
8
BLACK
6
CONTINUOUS
10
5.4236701574803146
20
-3.8037143700787399
11
5.4191781496062994
21
-3.8007128740157481
0
LINE
8
BLACK
6
CONTINUOUS
10
5.4191781496062994
20
-3.8007128740157481
11
5.4153579921259842
21
-3.7968927165354329
0
LINE
8
BLACK
6
CONTINUOUS
10
5.4153579921259842
20
-3.7968927165354329
11
5.4123564960629924
21
-3.7924007086614173
0
LINE
8
BLACK
6
CONTINUOUS
10
5.4123564960629924
20
-3.7924007086614173
11
5.4102890551181098
21
-3.7874094094488187
0
LINE
8
BLACK
6
CONTINUOUS
10
5.4102890551181098
20
-3.7874094094488187
11
5.4092350787401573
21
-3.7821107086614174
0
LINE
8
BLACK
6
CONTINUOUS
10
5.4092350787401573
20
-3.7821107086614174
11
5.4092350787401573
21
-3.7767081889763778
0
LINE
8
BLACK
6
CONTINUOUS
10
5.4092350787401573
20
-3.7767081889763778
11
5.4102890551181098
21
-3.7714094881889761
0
LINE
8
BLACK
6
CONTINUOUS
10
5.4102890551181098
20
-3.7714094881889761
11
5.4123564960629924
21
-3.7664181889763779
0
LINE
8
BLACK
6
CONTINUOUS
10
5.4123564960629924
20
-3.7664181889763779
11
5.4153579921259842
21
-3.7619261811023623
0
LINE
8
BLACK
6
CONTINUOUS
10
5.4153579921259842
20
-3.7619261811023623
11
5.4191781496062994
21
-3.7581060236220472
0
LINE
8
BLACK
6
CONTINUOUS
10
5.4191781496062994
20
-3.7581060236220472
11
5.4236701574803146
21
-3.7551045275590549
0
LINE
8
BLACK
6
CONTINUOUS
10
5.4236701574803146
20
-3.7551045275590549
11
5.4286614566929137
21
-3.7530370866141731
0
LINE
8
BLACK
6
CONTINUOUS
10
5.4286614566929137
20
-3.7530370866141731
11
5.4339601574803149
21
-3.7519831102362202
0
LINE
8
BLACK
6
CONTINUOUS
10
5.4339601574803149
20
-3.7519831102362202
11
5.4366614173228349
21
-3.7518503937007872
0
LINE
8
BLACK
6
CONTINUOUS
10
5.4366614173228349
20
-3.7518503937007872
11
5.4760314960629923
21
-3.7518503937007872
0
LINE
8
BLACK
6
CONTINUOUS
10
5.4760314960629923
20
-3.7518503937007872
11
5.4787327559055115
21
-3.7519831102362202
0
LINE
8
BLACK
6
CONTINUOUS
10
6.1692364960629922
20
-3.7428967322834645
11
6.1736265354330708
21
-3.7451335826771652
0
LINE
8
BLACK
6
CONTINUOUS
10
6.1736265354330708
20
-3.7451335826771652
11
6.1771105118110237
21
-3.7486175590551181
0
LINE
8
BLACK
6
CONTINUOUS
10
6.1771105118110237
20
-3.7486175590551181
11
6.1793473622047239
21
-3.7530075984251967
0
LINE
8
BLACK
6
CONTINUOUS
10
6.1793473622047239
20
-3.7530075984251967
11
6.1801181102362204
21
-3.7578740157480315
0
LINE
8
BLACK
6
CONTINUOUS
10
6.1801181102362204
20
-3.7578740157480315
11
6.1801181102362204
21
-3.7736220472440944
0
LINE
8
BLACK
6
CONTINUOUS
10
6.1801181102362204
20
-3.7736220472440944
11
6.1793473622047239
21
-3.7784884645669292
0
LINE
8
BLACK
6
CONTINUOUS
10
6.1793473622047239
20
-3.7784884645669292
11
6.1771105118110237
21
-3.7828785039370079
0
LINE
8
BLACK
6
CONTINUOUS
10
6.1771105118110237
20
-3.7828785039370079
11
6.1736265354330708
21
-3.7863624803149607
0
LINE
8
BLACK
6
CONTINUOUS
10
6.1736265354330708
20
-3.7863624803149607
11
6.1692364960629922
21
-3.7885993307086614
0
LINE
8
BLACK
6
CONTINUOUS
10
6.1692364960629922
20
-3.7885993307086614
11
6.1643700787401574
21
-3.7893700787401574
0
LINE
8
BLACK
6
CONTINUOUS
10
6.1643700787401574
20
-3.7893700787401574
11
6.1427165354330704
21
-3.7893700787401574
0
LINE
8
BLACK
6
CONTINUOUS
10
6.1427165354330704
20
-3.7893700787401574
11
6.1378501181102365
21
-3.7885993307086614
0
LINE
8
BLACK
6
CONTINUOUS
10
6.1378501181102365
20
-3.7885993307086614
11
6.133460078740157
21
-3.7863624803149607
0
LINE
8
BLACK
6
CONTINUOUS
10
6.133460078740157
20
-3.7863624803149607
11
6.129976102362205
21
-3.7828785039370079
0
LINE
8
BLACK
6
CONTINUOUS
10
6.129976102362205
20
-3.7828785039370079
11
6.1277392519685039
21
-3.7784884645669292
0
LINE
8
BLACK
6
CONTINUOUS
10
6.1277392519685039
20
-3.7784884645669292
11
6.1269685039370074
21
-3.7736220472440944
0
LINE
8
BLACK
6
CONTINUOUS
10
6.1269685039370074
20
-3.7736220472440944
11
6.1269685039370074
21
-3.7578740157480315
0
LINE
8
BLACK
6
CONTINUOUS
10
6.1269685039370074
20
-3.7578740157480315
11
6.1277392519685039
21
-3.7530075984251967
0
LINE
8
BLACK
6
CONTINUOUS
10
6.1277392519685039
20
-3.7530075984251967
11
6.129976102362205
21
-3.7486175590551181
0
LINE
8
BLACK
6
CONTINUOUS
10
6.129976102362205
20
-3.7486175590551181
11
6.133460078740157
21
-3.7451335826771652
0
LINE
8
BLACK
6
CONTINUOUS
10
6.133460078740157
20
-3.7451335826771652
11
6.1378501181102365
21
-3.7428967322834645
0
LINE
8
BLACK
6
CONTINUOUS
10
6.1378501181102365
20
-3.7428967322834645
11
6.1427165354330704
21
-3.7421259842519685
0
LINE
8
BLACK
6
CONTINUOUS
10
6.1427165354330704
20
-3.7421259842519685
11
6.1643700787401574
21
-3.7421259842519685
0
LINE
8
BLACK
6
CONTINUOUS
10
6.1643700787401574
20
-3.7421259842519685
11
6.1692364960629922
21
-3.7428967322834645
0
LINE
8
BLACK
6
CONTINUOUS
10
5.9795799999999995
20
-3.7370394094488186
11
5.9842444488188979
21
-3.739416062992126
0
LINE
8
BLACK
6
CONTINUOUS
10
5.9842444488188979
20
-3.739416062992126
11
5.9879461417322837
21
-3.7431177559055118
0
LINE
8
BLACK
6
CONTINUOUS
10
5.9879461417322837
20
-3.7431177559055118
11
5.9903227952755902
21
-3.7477822047244094
0
LINE
8
BLACK
6
CONTINUOUS
10
5.9903227952755902
20
-3.7477822047244094
11
5.9911417322834648
21
-3.7529527559055116
0
LINE
8
BLACK
6
CONTINUOUS
10
5.9911417322834648
20
-3.7529527559055116
11
5.9911417322834648
21
-3.7706692913385824
0
LINE
8
BLACK
6
CONTINUOUS
10
5.9911417322834648
20
-3.7706692913385824
11
5.9903227952755902
21
-3.7758398425196851
0
LINE
8
BLACK
6
CONTINUOUS
10
5.9903227952755902
20
-3.7758398425196851
11
5.9879461417322837
21
-3.7805042913385827
0
LINE
8
BLACK
6
CONTINUOUS
10
5.9879461417322837
20
-3.7805042913385827
11
5.9842444488188979
21
-3.7842059842519684
0
LINE
8
BLACK
6
CONTINUOUS
10
5.9842444488188979
20
-3.7842059842519684
11
5.9795799999999995
21
-3.7865826377952754
0
LINE
8
BLACK
6
CONTINUOUS
10
5.9795799999999995
20
-3.7865826377952754
11
5.9744094488188972
21
-3.7874015748031495
0
LINE
8
BLACK
6
CONTINUOUS
10
5.9744094488188972
20
-3.7874015748031495
11
5.9547244094488185
21
-3.7874015748031495
0
LINE
8
BLACK
6
CONTINUOUS
10
5.9547244094488185
20
-3.7874015748031495
11
5.9495538582677163
21
-3.7865826377952754
0
LINE
8
BLACK
6
CONTINUOUS
10
5.9495538582677163
20
-3.7865826377952754
11
5.9448894094488187
21
-3.7842059842519684
0
LINE
8
BLACK
6
CONTINUOUS
10
5.9448894094488187
20
-3.7842059842519684
11
5.941187716535433
21
-3.7805042913385827
0
LINE
8
BLACK
6
CONTINUOUS
10
5.941187716535433
20
-3.7805042913385827
11
5.9388110629921256
21
-3.7758398425196851
0
LINE
8
BLACK
6
CONTINUOUS
10
5.9388110629921256
20
-3.7758398425196851
11
5.9379921259842519
21
-3.7706692913385824
0
LINE
8
BLACK
6
CONTINUOUS
10
5.9379921259842519
20
-3.7706692913385824
11
5.9379921259842519
21
-3.7529527559055116
0
LINE
8
BLACK
6
CONTINUOUS
10
5.9379921259842519
20
-3.7529527559055116
11
5.9388110629921256
21
-3.7477822047244094
0
LINE
8
BLACK
6
CONTINUOUS
10
5.9388110629921256
20
-3.7477822047244094
11
5.941187716535433
21
-3.7431177559055118
0
LINE
8
BLACK
6
CONTINUOUS
10
5.941187716535433
20
-3.7431177559055118
11
5.9448894094488187
21
-3.739416062992126
0
LINE
8
BLACK
6
CONTINUOUS
10
5.9448894094488187
20
-3.739416062992126
11
5.9495538582677163
21
-3.7370394094488186
0
LINE
8
BLACK
6
CONTINUOUS
10
5.9495538582677163
20
-3.7370394094488186
11
5.9547244094488185
21
-3.7362204724409449
0
LINE
8
BLACK
6
CONTINUOUS
10
5.9547244094488185
20
-3.7362204724409449
11
5.9744094488188972
21
-3.7362204724409449
0
LINE
8
BLACK
6
CONTINUOUS
10
5.9744094488188972
20
-3.7362204724409449
11
5.9795799999999995
21
-3.7370394094488186
0
LINE
8
BLACK
6
CONTINUOUS
10
6.0504461417322837
20
-3.7370394094488186
11
6.0551105905511813
21
-3.739416062992126
0
LINE
8
BLACK
6
CONTINUOUS
10
6.0551105905511813
20
-3.739416062992126
11
6.058812283464567
21
-3.7431177559055118
0
LINE
8
BLACK
6
CONTINUOUS
10
6.058812283464567
20
-3.7431177559055118
11
6.0611889370078735
21
-3.7477822047244094
0
LINE
8
BLACK
6
CONTINUOUS
10
6.0611889370078735
20
-3.7477822047244094
11
6.0620078740157481
21
-3.7529527559055116
0
LINE
8
BLACK
6
CONTINUOUS
10
6.0620078740157481
20
-3.7529527559055116
11
6.0620078740157481
21
-3.7706692913385824
0
LINE
8
BLACK
6
CONTINUOUS
10
6.0620078740157481
20
-3.7706692913385824
11
6.0611889370078735
21
-3.7758398425196851
0
LINE
8
BLACK
6
CONTINUOUS
10
6.0611889370078735
20
-3.7758398425196851
11
6.058812283464567
21
-3.7805042913385827
0
LINE
8
BLACK
6
CONTINUOUS
10
6.058812283464567
20
-3.7805042913385827
11
6.0551105905511813
21
-3.7842059842519684
0
LINE
8
BLACK
6
CONTINUOUS
10
6.0551105905511813
20
-3.7842059842519684
11
6.0504461417322837
21
-3.7865826377952754
0
LINE
8
BLACK
6
CONTINUOUS
10
6.0504461417322837
20
-3.7865826377952754
11
6.0452755905511806
21
-3.7874015748031495
0
LINE
8
BLACK
6
CONTINUOUS
10
6.0452755905511806
20
-3.7874015748031495
11
6.0255905511811019
21
-3.7874015748031495
0
LINE
8
BLACK
6
CONTINUOUS
10
6.0255905511811019
20
-3.7874015748031495
11
6.0204199999999997
21
-3.7865826377952754
0
LINE
8
BLACK
6
CONTINUOUS
10
6.0204199999999997
20
-3.7865826377952754
11
6.0157555511811021
21
-3.7842059842519684
0
LINE
8
BLACK
6
CONTINUOUS
10
6.0157555511811021
20
-3.7842059842519684
11
6.0120538582677163
21
-3.7805042913385827
0
LINE
8
BLACK
6
CONTINUOUS
10
6.0120538582677163
20
-3.7805042913385827
11
6.0096772047244089
21
-3.7758398425196851
0
LINE
8
BLACK
6
CONTINUOUS
10
6.0096772047244089
20
-3.7758398425196851
11
6.0088582677165352
21
-3.7706692913385824
0
LINE
8
BLACK
6
CONTINUOUS
10
6.0088582677165352
20
-3.7706692913385824
11
6.0088582677165352
21
-3.7529527559055116
0
LINE
8
BLACK
6
CONTINUOUS
10
6.0088582677165352
20
-3.7529527559055116
11
6.0096772047244089
21
-3.7477822047244094
0
LINE
8
BLACK
6
CONTINUOUS
10
6.0096772047244089
20
-3.7477822047244094
11
6.0120538582677163
21
-3.7431177559055118
0
LINE
8
BLACK
6
CONTINUOUS
10
6.0120538582677163
20
-3.7431177559055118
11
6.0157555511811021
21
-3.739416062992126
0
LINE
8
BLACK
6
CONTINUOUS
10
6.0157555511811021
20
-3.739416062992126
11
6.0204199999999997
21
-3.7370394094488186
0
LINE
8
BLACK
6
CONTINUOUS
10
6.0204199999999997
20
-3.7370394094488186
11
6.0255905511811019
21
-3.7362204724409449
0
LINE
8
BLACK
6
CONTINUOUS
10
6.0255905511811019
20
-3.7362204724409449
11
6.0452755905511806
21
-3.7362204724409449
0
LINE
8
BLACK
6
CONTINUOUS
10
6.0452755905511806
20
-3.7362204724409449
11
6.0504461417322837
21
-3.7370394094488186
0
LINE
8
BLACK
6
CONTINUOUS
10
6.3520026771653546
20
-3.7417145669291338
11
6.356077834645669
21
-3.743706811023622
0
LINE
8
BLACK
6
CONTINUOUS
10
6.356077834645669
20
-3.743706811023622
11
6.3592853149606299
21
-3.7469142913385824
0
LINE
8
BLACK
6
CONTINUOUS
10
6.3592853149606299
20
-3.7469142913385824
11
6.361277559055118
21
-3.7509894488188977
0
LINE
8
BLACK
6
CONTINUOUS
10
6.361277559055118
20
-3.7509894488188977
11
6.3618503937007871
21
-3.7549212598425195
0
LINE
8
BLACK
6
CONTINUOUS
10
6.3618503937007871
20
-3.7549212598425195
11
6.3618503937007871
21
-3.7667322834645667
0
LINE
8
BLACK
6
CONTINUOUS
10
6.3618503937007871
20
-3.7667322834645667
11
6.361277559055118
21
-3.7706640944881888
0
LINE
8
BLACK
6
CONTINUOUS
10
6.361277559055118
20
-3.7706640944881888
11
6.3592853149606299
21
-3.7747392519685037
0
LINE
8
BLACK
6
CONTINUOUS
10
6.3592853149606299
20
-3.7747392519685037
11
6.356077834645669
21
-3.7779467322834646
0
LINE
8
BLACK
6
CONTINUOUS
10
6.356077834645669
20
-3.7779467322834646
11
6.3520026771653546
21
-3.7799389763779527
0
LINE
8
BLACK
6
CONTINUOUS
10
6.3520026771653546
20
-3.7799389763779527
11
6.3480708661417324
21
-3.7805118110236218
0
LINE
8
BLACK
6
CONTINUOUS
10
6.3480708661417324
20
-3.7805118110236218
11
6.2929527559055121
21
-3.7805118110236218
0
LINE
8
BLACK
6
CONTINUOUS
10
6.2929527559055121
20
-3.7805118110236218
11
6.2890209448818899
21
-3.7799389763779527
0
LINE
8
BLACK
6
CONTINUOUS
10
6.2890209448818899
20
-3.7799389763779527
11
6.2849457874015746
21
-3.7779467322834646
0
LINE
8
BLACK
6
CONTINUOUS
10
6.2849457874015746
20
-3.7779467322834646
11
6.2817383070866137
21
-3.7747392519685037
0
LINE
8
BLACK
6
CONTINUOUS
10
6.2817383070866137
20
-3.7747392519685037
11
6.2797460629921256
21
-3.7706640944881888
0
LINE
8
BLACK
6
CONTINUOUS
10
6.2797460629921256
20
-3.7706640944881888
11
6.2791732283464565
21
-3.7667322834645667
0
LINE
8
BLACK
6
CONTINUOUS
10
6.2791732283464565
20
-3.7667322834645667
11
6.2791732283464565
21
-3.7549212598425195
0
LINE
8
BLACK
6
CONTINUOUS
10
6.2791732283464565
20
-3.7549212598425195
11
6.2797460629921256
21
-3.7509894488188977
0
LINE
8
BLACK
6
CONTINUOUS
10
6.2797460629921256
20
-3.7509894488188977
11
6.2817383070866137
21
-3.7469142913385824
0
LINE
8
BLACK
6
CONTINUOUS
10
6.2817383070866137
20
-3.7469142913385824
11
6.2849457874015746
21
-3.743706811023622
0
LINE
8
BLACK
6
CONTINUOUS
10
6.2849457874015746
20
-3.743706811023622
11
6.2890209448818899
21
-3.7417145669291338
0
LINE
8
BLACK
6
CONTINUOUS
10
6.2890209448818899
20
-3.7417145669291338
11
6.2929527559055121
21
-3.7411417322834644
0
LINE
8
BLACK
6
CONTINUOUS
10
6.2929527559055121
20
-3.7411417322834644
11
6.3480708661417324
21
-3.7411417322834644
0
LINE
8
BLACK
6
CONTINUOUS
10
6.3480708661417324
20
-3.7411417322834644
11
6.3520026771653546
21
-3.7417145669291338
0
LINE
8
BLACK
6
CONTINUOUS
10
6.3520026771653546
20
-3.6925019685039371
11
6.356077834645669
21
-3.6944942125984253
0
LINE
8
BLACK
6
CONTINUOUS
10
6.356077834645669
20
-3.6944942125984253
11
6.3592853149606299
21
-3.6977016929133857
0
LINE
8
BLACK
6
CONTINUOUS
10
6.3592853149606299
20
-3.6977016929133857
11
6.361277559055118
21
-3.7017768503937005
0
LINE
8
BLACK
6
CONTINUOUS
10
6.361277559055118
20
-3.7017768503937005
11
6.3618503937007871
21
-3.7057086614173227
0
LINE
8
BLACK
6
CONTINUOUS
10
6.3618503937007871
20
-3.7057086614173227
11
6.3618503937007871
21
-3.7175196850393699
0
LINE
8
BLACK
6
CONTINUOUS
10
6.3618503937007871
20
-3.7175196850393699
11
6.361277559055118
21
-3.7214514960629921
0
LINE
8
BLACK
6
CONTINUOUS
10
6.361277559055118
20
-3.7214514960629921
11
6.3592853149606299
21
-3.7255266535433069
0
LINE
8
BLACK
6
CONTINUOUS
10
6.3592853149606299
20
-3.7255266535433069
11
6.356077834645669
21
-3.7287341338582678
0
LINE
8
BLACK
6
CONTINUOUS
10
6.356077834645669
20
-3.7287341338582678
11
6.3520026771653546
21
-3.730726377952756
0
LINE
8
BLACK
6
CONTINUOUS
10
6.3520026771653546
20
-3.730726377952756
11
6.3480708661417324
21
-3.731299212598425
0
LINE
8
BLACK
6
CONTINUOUS
10
6.3480708661417324
20
-3.731299212598425
11
6.2929527559055121
21
-3.731299212598425
0
LINE
8
BLACK
6
CONTINUOUS
10
6.2929527559055121
20
-3.731299212598425
11
6.2890209448818899
21
-3.730726377952756
0
LINE
8
BLACK
6
CONTINUOUS
10
6.2890209448818899
20
-3.730726377952756
11
6.2849457874015746
21
-3.7287341338582678
0
LINE
8
BLACK
6
CONTINUOUS
10
6.2849457874015746
20
-3.7287341338582678
11
6.2817383070866137
21
-3.7255266535433069
0
LINE
8
BLACK
6
CONTINUOUS
10
6.2817383070866137
20
-3.7255266535433069
11
6.2797460629921256
21
-3.7214514960629921
0
LINE
8
BLACK
6
CONTINUOUS
10
6.2797460629921256
20
-3.7214514960629921
11
6.2791732283464565
21
-3.7175196850393699
0
LINE
8
BLACK
6
CONTINUOUS
10
6.2791732283464565
20
-3.7175196850393699
11
6.2791732283464565
21
-3.7057086614173227
0
LINE
8
BLACK
6
CONTINUOUS
10
6.2791732283464565
20
-3.7057086614173227
11
6.2797460629921256
21
-3.7017768503937005
0
LINE
8
BLACK
6
CONTINUOUS
10
6.2797460629921256
20
-3.7017768503937005
11
6.2817383070866137
21
-3.6977016929133857
0
LINE
8
BLACK
6
CONTINUOUS
10
6.2817383070866137
20
-3.6977016929133857
11
6.2849457874015746
21
-3.6944942125984253
0
LINE
8
BLACK
6
CONTINUOUS
10
6.2849457874015746
20
-3.6944942125984253
11
6.2890209448818899
21
-3.6925019685039371
0
LINE
8
BLACK
6
CONTINUOUS
10
6.2890209448818899
20
-3.6925019685039371
11
6.2929527559055121
21
-3.6919291338582676
0
LINE
8
BLACK
6
CONTINUOUS
10
6.2929527559055121
20
-3.6919291338582676
11
6.3480708661417324
21
-3.6919291338582676
0
LINE
8
BLACK
6
CONTINUOUS
10
6.3480708661417324
20
-3.6919291338582676
11
6.3520026771653546
21
-3.6925019685039371
0
LINE
8
BLACK
6
CONTINUOUS
10
5.9486065748031498
20
-3.6671093307086613
11
5.9529966141732285
21
-3.669346181102362
0
LINE
8
BLACK
6
CONTINUOUS
10
5.9529966141732285
20
-3.669346181102362
11
5.9564805905511813
21
-3.6728301574803148
0
LINE
8
BLACK
6
CONTINUOUS
10
5.9564805905511813
20
-3.6728301574803148
11
5.9587174409448815
21
-3.6772201968503935
0
LINE
8
BLACK
6
CONTINUOUS
10
5.9587174409448815
20
-3.6772201968503935
11
5.959488188976378
21
-3.6820866141732282
0
LINE
8
BLACK
6
CONTINUOUS
10
5.959488188976378
20
-3.6820866141732282
11
5.959488188976378
21
-3.7037401574803148
0
LINE
8
BLACK
6
CONTINUOUS
10
5.959488188976378
20
-3.7037401574803148
11
5.9587174409448815
21
-3.7086065748031496
0
LINE
8
BLACK
6
CONTINUOUS
10
5.9587174409448815
20
-3.7086065748031496
11
5.9564805905511813
21
-3.7129966141732282
0
LINE
8
BLACK
6
CONTINUOUS
10
5.9564805905511813
20
-3.7129966141732282
11
5.9529966141732285
21
-3.7164805905511811
0
LINE
8
BLACK
6
CONTINUOUS
10
5.9529966141732285
20
-3.7164805905511811
11
5.9486065748031498
21
-3.7187174409448818
0
LINE
8
BLACK
6
CONTINUOUS
10
5.9486065748031498
20
-3.7187174409448818
11
5.943740157480315
21
-3.7194881889763778
0
LINE
8
BLACK
6
CONTINUOUS
10
5.943740157480315
20
-3.7194881889763778
11
5.9279921259842521
21
-3.7194881889763778
0
LINE
8
BLACK
6
CONTINUOUS
10
5.9279921259842521
20
-3.7194881889763778
11
5.9231257086614173
21
-3.7187174409448818
0
LINE
8
BLACK
6
CONTINUOUS
10
5.9231257086614173
20
-3.7187174409448818
11
5.9187356692913387
21
-3.7164805905511811
0
LINE
8
BLACK
6
CONTINUOUS
10
5.9187356692913387
20
-3.7164805905511811
11
5.9152516929133858
21
-3.7129966141732282
0
LINE
8
BLACK
6
CONTINUOUS
10
5.9152516929133858
20
-3.7129966141732282
11
5.9130148425196847
21
-3.7086065748031496
0
LINE
8
BLACK
6
CONTINUOUS
10
5.9130148425196847
20
-3.7086065748031496
11
5.9122440944881891
21
-3.7037401574803148
0
LINE
8
BLACK
6
CONTINUOUS
10
5.9122440944881891
20
-3.7037401574803148
11
5.9122440944881891
21
-3.6820866141732282
0
LINE
8
BLACK
6
CONTINUOUS
10
5.9122440944881891
20
-3.6820866141732282
11
5.9130148425196847
21
-3.6772201968503935
0
LINE
8
BLACK
6
CONTINUOUS
10
5.9130148425196847
20
-3.6772201968503935
11
5.9152516929133858
21
-3.6728301574803148
0
LINE
8
BLACK
6
CONTINUOUS
10
5.9152516929133858
20
-3.6728301574803148
11
5.9187356692913387
21
-3.669346181102362
0
LINE
8
BLACK
6
CONTINUOUS
10
5.9187356692913387
20
-3.669346181102362
11
5.9231257086614173
21
-3.6671093307086613
0
LINE
8
BLACK
6
CONTINUOUS
10
5.9231257086614173
20
-3.6671093307086613
11
5.9279921259842521
21
-3.6663385826771653
0
LINE
8
BLACK
6
CONTINUOUS
10
5.9279921259842521
20
-3.6663385826771653
11
5.943740157480315
21
-3.6663385826771653
0
LINE
8
BLACK
6
CONTINUOUS
10
5.943740157480315
20
-3.6663385826771653
11
5.9486065748031498
21
-3.6671093307086613
0
LINE
8
BLACK
6
CONTINUOUS
10
6.0135672047244091
20
-3.6671093307086613
11
6.0179572440944877
21
-3.669346181102362
0
LINE
8
BLACK
6
CONTINUOUS
10
6.0179572440944877
20
-3.669346181102362
11
6.0214412204724406
21
-3.6728301574803148
0
LINE
8
BLACK
6
CONTINUOUS
10
6.0214412204724406
20
-3.6728301574803148
11
6.0236780708661417
21
-3.6772201968503935
0
LINE
8
BLACK
6
CONTINUOUS
10
6.0236780708661417
20
-3.6772201968503935
11
6.0244488188976373
21
-3.6820866141732282
0
LINE
8
BLACK
6
CONTINUOUS
10
6.0244488188976373
20
-3.6820866141732282
11
6.0244488188976373
21
-3.7037401574803148
0
LINE
8
BLACK
6
CONTINUOUS
10
6.0244488188976373
20
-3.7037401574803148
11
6.0236780708661417
21
-3.7086065748031496
0
LINE
8
BLACK
6
CONTINUOUS
10
6.0236780708661417
20
-3.7086065748031496
11
6.0214412204724406
21
-3.7129966141732282
0
LINE
8
BLACK
6
CONTINUOUS
10
6.0214412204724406
20
-3.7129966141732282
11
6.0179572440944877
21
-3.7164805905511811
0
LINE
8
BLACK
6
CONTINUOUS
10
6.0179572440944877
20
-3.7164805905511811
11
6.0135672047244091
21
-3.7187174409448818
0
LINE
8
BLACK
6
CONTINUOUS
10
6.0135672047244091
20
-3.7187174409448818
11
6.0087007874015743
21
-3.7194881889763778
0
LINE
8
BLACK
6
CONTINUOUS
10
6.0087007874015743
20
-3.7194881889763778
11
5.9929527559055114
21
-3.7194881889763778
0
LINE
8
BLACK
6
CONTINUOUS
10
5.9929527559055114
20
-3.7194881889763778
11
5.9880863385826775
21
-3.7187174409448818
0
LINE
8
BLACK
6
CONTINUOUS
10
5.9880863385826775
20
-3.7187174409448818
11
5.9836962992125979
21
-3.7164805905511811
0
LINE
8
BLACK
6
CONTINUOUS
10
5.9836962992125979
20
-3.7164805905511811
11
5.9802123228346451
21
-3.7129966141732282
0
LINE
8
BLACK
6
CONTINUOUS
10
5.9802123228346451
20
-3.7129966141732282
11
5.9779754724409448
21
-3.7086065748031496
0
LINE
8
BLACK
6
CONTINUOUS
10
5.9779754724409448
20
-3.7086065748031496
11
5.9772047244094484
21
-3.7037401574803148
0
LINE
8
BLACK
6
CONTINUOUS
10
5.9772047244094484
20
-3.7037401574803148
11
5.9772047244094484
21
-3.6820866141732282
0
LINE
8
BLACK
6
CONTINUOUS
10
5.9772047244094484
20
-3.6820866141732282
11
5.9779754724409448
21
-3.6772201968503935
0
LINE
8
BLACK
6
CONTINUOUS
10
5.9779754724409448
20
-3.6772201968503935
11
5.9802123228346451
21
-3.6728301574803148
0
LINE
8
BLACK
6
CONTINUOUS
10
5.9802123228346451
20
-3.6728301574803148
11
5.9836962992125979
21
-3.669346181102362
0
LINE
8
BLACK
6
CONTINUOUS
10
5.9836962992125979
20
-3.669346181102362
11
5.9880863385826775
21
-3.6671093307086613
0
LINE
8
BLACK
6
CONTINUOUS
10
5.9880863385826775
20
-3.6671093307086613
11
5.9929527559055114
21
-3.6663385826771653
0
LINE
8
BLACK
6
CONTINUOUS
10
5.9929527559055114
20
-3.6663385826771653
11
6.0087007874015743
21
-3.6663385826771653
0
LINE
8
BLACK
6
CONTINUOUS
10
6.0087007874015743
20
-3.6663385826771653
11
6.0135672047244091
21
-3.6671093307086613
0
LINE
8
BLACK
6
CONTINUOUS
10
5.714039645669291
20
-3.6471880708661417
11
5.7184296850393697
21
-3.6494249212598424
0
LINE
8
BLACK
6
CONTINUOUS
10
5.7184296850393697
20
-3.6494249212598424
11
5.7219136614173225
21
-3.6529088976377952
0
LINE
8
BLACK
6
CONTINUOUS
10
5.7219136614173225
20
-3.6529088976377952
11
5.7241505118110236
21
-3.6572989370078739
0
LINE
8
BLACK
6
CONTINUOUS
10
5.7241505118110236
20
-3.6572989370078739
11
5.7249212598425192
21
-3.6621653543307087
0
LINE
8
BLACK
6
CONTINUOUS
10
5.7249212598425192
20
-3.6621653543307087
11
5.7249212598425192
21
-3.6779133858267716
0
LINE
8
BLACK
6
CONTINUOUS
10
5.7249212598425192
20
-3.6779133858267716
11
5.7241505118110236
21
-3.6827798031496064
0
LINE
8
BLACK
6
CONTINUOUS
10
5.7241505118110236
20
-3.6827798031496064
11
5.7219136614173225
21
-3.687169842519685
0
LINE
8
BLACK
6
CONTINUOUS
10
5.7219136614173225
20
-3.687169842519685
11
5.7184296850393697
21
-3.6906538188976379
0
LINE
8
BLACK
6
CONTINUOUS
10
5.7184296850393697
20
-3.6906538188976379
11
5.714039645669291
21
-3.6928906692913386
0
LINE
8
BLACK
6
CONTINUOUS
10
5.714039645669291
20
-3.6928906692913386
11
5.7091732283464562
21
-3.6936614173228346
0
LINE
8
BLACK
6
CONTINUOUS
10
5.7091732283464562
20
-3.6936614173228346
11
5.6875196850393701
21
-3.6936614173228346
0
LINE
8
BLACK
6
CONTINUOUS
10
5.6875196850393701
20
-3.6936614173228346
11
5.6826532677165353
21
-3.6928906692913386
0
LINE
8
BLACK
6
CONTINUOUS
10
5.6826532677165353
20
-3.6928906692913386
11
5.6782632283464567
21
-3.6906538188976379
0
LINE
8
BLACK
6
CONTINUOUS
10
5.6782632283464567
20
-3.6906538188976379
11
5.6747792519685039
21
-3.687169842519685
0
LINE
8
BLACK
6
CONTINUOUS
10
5.6747792519685039
20
-3.687169842519685
11
5.6725424015748027
21
-3.6827798031496064
0
LINE
8
BLACK
6
CONTINUOUS
10
5.6725424015748027
20
-3.6827798031496064
11
5.6717716535433071
21
-3.6779133858267716
0
LINE
8
BLACK
6
CONTINUOUS
10
5.6717716535433071
20
-3.6779133858267716
11
5.6717716535433071
21
-3.6621653543307087
0
LINE
8
BLACK
6
CONTINUOUS
10
5.6717716535433071
20
-3.6621653543307087
11
5.6725424015748027
21
-3.6572989370078739
0
LINE
8
BLACK
6
CONTINUOUS
10
5.6725424015748027
20
-3.6572989370078739
11
5.6747792519685039
21
-3.6529088976377952
0
LINE
8
BLACK
6
CONTINUOUS
10
5.6747792519685039
20
-3.6529088976377952
11
5.6782632283464567
21
-3.6494249212598424
0
LINE
8
BLACK
6
CONTINUOUS
10
5.6782632283464567
20
-3.6494249212598424
11
5.6826532677165353
21
-3.6471880708661417
0
LINE
8
BLACK
6
CONTINUOUS
10
5.6826532677165353
20
-3.6471880708661417
11
5.6875196850393701
21
-3.6464173228346457
0
LINE
8
BLACK
6
CONTINUOUS
10
5.6875196850393701
20
-3.6464173228346457
11
5.7091732283464562
21
-3.6464173228346457
0
LINE
8
BLACK
6
CONTINUOUS
10
5.7091732283464562
20
-3.6464173228346457
11
5.714039645669291
21
-3.6471880708661417
0
LINE
8
BLACK
6
CONTINUOUS
10
5.5190396456692916
20
-3.6471487007874015
11
5.5234296850393703
21
-3.6493855511811022
0
LINE
8
BLACK
6
CONTINUOUS
10
5.5234296850393703
20
-3.6493855511811022
11
5.5269136614173231
21
-3.652869527559055
0
LINE
8
BLACK
6
CONTINUOUS
10
5.5269136614173231
20
-3.652869527559055
11
5.5291505118110233
21
-3.6572595669291337
0
LINE
8
BLACK
6
CONTINUOUS
10
5.5291505118110233
20
-3.6572595669291337
11
5.5299212598425198
21
-3.6621259842519684
0
LINE
8
BLACK
6
CONTINUOUS
10
5.5299212598425198
20
-3.6621259842519684
11
5.5299212598425198
21
-3.6778740157480314
0
LINE
8
BLACK
6
CONTINUOUS
10
5.5299212598425198
20
-3.6778740157480314
11
5.5291505118110233
21
-3.6827404330708662
0
LINE
8
BLACK
6
CONTINUOUS
10
5.5291505118110233
20
-3.6827404330708662
11
5.5269136614173231
21
-3.6871304724409448
0
LINE
8
BLACK
6
CONTINUOUS
10
5.5269136614173231
20
-3.6871304724409448
11
5.5234296850393703
21
-3.6906144488188977
0
LINE
8
BLACK
6
CONTINUOUS
10
5.5234296850393703
20
-3.6906144488188977
11
5.5190396456692916
21
-3.6928512992125984
0
LINE
8
BLACK
6
CONTINUOUS
10
5.5190396456692916
20
-3.6928512992125984
11
5.5141732283464568
21
-3.6936220472440944
0
LINE
8
BLACK
6
CONTINUOUS
10
5.5141732283464568
20
-3.6936220472440944
11
5.4925196850393698
21
-3.6936220472440944
0
LINE
8
BLACK
6
CONTINUOUS
10
5.4925196850393698
20
-3.6936220472440944
11
5.4876532677165351
21
-3.6928512992125984
0
LINE
8
BLACK
6
CONTINUOUS
10
5.4876532677165351
20
-3.6928512992125984
11
5.4832632283464564
21
-3.6906144488188977
0
LINE
8
BLACK
6
CONTINUOUS
10
5.4832632283464564
20
-3.6906144488188977
11
5.4797792519685036
21
-3.6871304724409448
0
LINE
8
BLACK
6
CONTINUOUS
10
5.4797792519685036
20
-3.6871304724409448
11
5.4775424015748033
21
-3.6827404330708662
0
LINE
8
BLACK
6
CONTINUOUS
10
5.4775424015748033
20
-3.6827404330708662
11
5.4767716535433069
21
-3.6778740157480314
0
LINE
8
BLACK
6
CONTINUOUS
10
5.4767716535433069
20
-3.6778740157480314
11
5.4767716535433069
21
-3.6621259842519684
0
LINE
8
BLACK
6
CONTINUOUS
10
5.4767716535433069
20
-3.6621259842519684
11
5.4775424015748033
21
-3.6572595669291337
0
LINE
8
BLACK
6
CONTINUOUS
10
5.4775424015748033
20
-3.6572595669291337
11
5.4797792519685036
21
-3.652869527559055
0
LINE
8
BLACK
6
CONTINUOUS
10
5.4797792519685036
20
-3.652869527559055
11
5.4832632283464564
21
-3.6493855511811022
0
LINE
8
BLACK
6
CONTINUOUS
10
5.4832632283464564
20
-3.6493855511811022
11
5.4876532677165351
21
-3.6471487007874015
0
LINE
8
BLACK
6
CONTINUOUS
10
5.4876532677165351
20
-3.6471487007874015
11
5.4925196850393698
21
-3.6463779527559055
0
LINE
8
BLACK
6
CONTINUOUS
10
5.4925196850393698
20
-3.6463779527559055
11
5.5141732283464568
21
-3.6463779527559055
0
LINE
8
BLACK
6
CONTINUOUS
10
5.5141732283464568
20
-3.6463779527559055
11
5.5190396456692916
21
-3.6471487007874015
0
LINE
8
BLACK
6
CONTINUOUS
10
5.6040396456692916
20
-3.6471487007874015
11
5.6084296850393702
21
-3.6493855511811022
0
LINE
8
BLACK
6
CONTINUOUS
10
5.6084296850393702
20
-3.6493855511811022
11
5.6119136614173231
21
-3.652869527559055
0
LINE
8
BLACK
6
CONTINUOUS
10
5.6119136614173231
20
-3.652869527559055
11
5.6141505118110233
21
-3.6572595669291337
0
LINE
8
BLACK
6
CONTINUOUS
10
5.6141505118110233
20
-3.6572595669291337
11
5.6149212598425198
21
-3.6621259842519684
0
LINE
8
BLACK
6
CONTINUOUS
10
5.6149212598425198
20
-3.6621259842519684
11
5.6149212598425198
21
-3.6778740157480314
0
LINE
8
BLACK
6
CONTINUOUS
10
5.6149212598425198
20
-3.6778740157480314
11
5.6141505118110233
21
-3.6827404330708662
0
LINE
8
BLACK
6
CONTINUOUS
10
5.6141505118110233
20
-3.6827404330708662
11
5.6119136614173231
21
-3.6871304724409448
0
LINE
8
BLACK
6
CONTINUOUS
10
5.6119136614173231
20
-3.6871304724409448
11
5.6084296850393702
21
-3.6906144488188977
0
LINE
8
BLACK
6
CONTINUOUS
10
5.6084296850393702
20
-3.6906144488188977
11
5.6040396456692916
21
-3.6928512992125984
0
LINE
8
BLACK
6
CONTINUOUS
10
5.6040396456692916
20
-3.6928512992125984
11
5.5991732283464568
21
-3.6936220472440944
0
LINE
8
BLACK
6
CONTINUOUS
10
5.5991732283464568
20
-3.6936220472440944
11
5.5775196850393698
21
-3.6936220472440944
0
LINE
8
BLACK
6
CONTINUOUS
10
5.5775196850393698
20
-3.6936220472440944
11
5.572653267716535
21
-3.6928512992125984
0
LINE
8
BLACK
6
CONTINUOUS
10
5.572653267716535
20
-3.6928512992125984
11
5.5682632283464564
21
-3.6906144488188977
0
LINE
8
BLACK
6
CONTINUOUS
10
5.5682632283464564
20
-3.6906144488188977
11
5.5647792519685035
21
-3.6871304724409448
0
LINE
8
BLACK
6
CONTINUOUS
10
5.5647792519685035
20
-3.6871304724409448
11
5.5625424015748033
21
-3.6827404330708662
0
LINE
8
BLACK
6
CONTINUOUS
10
5.5625424015748033
20
-3.6827404330708662
11
5.5617716535433068
21
-3.6778740157480314
0
LINE
8
BLACK
6
CONTINUOUS
10
5.5617716535433068
20
-3.6778740157480314
11
5.5617716535433068
21
-3.6621259842519684
0
LINE
8
BLACK
6
CONTINUOUS
10
5.5617716535433068
20
-3.6621259842519684
11
5.5625424015748033
21
-3.6572595669291337
0
LINE
8
BLACK
6
CONTINUOUS
10
5.5625424015748033
20
-3.6572595669291337
11
5.5647792519685035
21
-3.652869527559055
0
LINE
8
BLACK
6
CONTINUOUS
10
5.5647792519685035
20
-3.652869527559055
11
5.5682632283464564
21
-3.6493855511811022
0
LINE
8
BLACK
6
CONTINUOUS
10
5.5682632283464564
20
-3.6493855511811022
11
5.572653267716535
21
-3.6471487007874015
0
LINE
8
BLACK
6
CONTINUOUS
10
5.572653267716535
20
-3.6471487007874015
11
5.5775196850393698
21
-3.6463779527559055
0
LINE
8
BLACK
6
CONTINUOUS
10
5.5775196850393698
20
-3.6463779527559055
11
5.5991732283464568
21
-3.6463779527559055
0
LINE
8
BLACK
6
CONTINUOUS
10
5.5991732283464568
20
-3.6463779527559055
11
5.6040396456692916
21
-3.6471487007874015
0
LINE
8
BLACK
6
CONTINUOUS
10
5.8190396456692914
20
-3.6471487007874015
11
5.8234296850393701
21
-3.6493855511811022
0
LINE
8
BLACK
6
CONTINUOUS
10
5.8234296850393701
20
-3.6493855511811022
11
5.8269136614173229
21
-3.652869527559055
0
LINE
8
BLACK
6
CONTINUOUS
10
5.8269136614173229
20
-3.652869527559055
11
5.8291505118110232
21
-3.6572595669291337
0
LINE
8
BLACK
6
CONTINUOUS
10
5.8291505118110232
20
-3.6572595669291337
11
5.8299212598425196
21
-3.6621259842519684
0
LINE
8
BLACK
6
CONTINUOUS
10
5.8299212598425196
20
-3.6621259842519684
11
5.8299212598425196
21
-3.6778740157480314
0
LINE
8
BLACK
6
CONTINUOUS
10
5.8299212598425196
20
-3.6778740157480314
11
5.8291505118110232
21
-3.6827404330708662
0
LINE
8
BLACK
6
CONTINUOUS
10
5.8291505118110232
20
-3.6827404330708662
11
5.8269136614173229
21
-3.6871304724409448
0
LINE
8
BLACK
6
CONTINUOUS
10
5.8269136614173229
20
-3.6871304724409448
11
5.8234296850393701
21
-3.6906144488188977
0
LINE
8
BLACK
6
CONTINUOUS
10
5.8234296850393701
20
-3.6906144488188977
11
5.8190396456692914
21
-3.6928512992125984
0
LINE
8
BLACK
6
CONTINUOUS
10
5.8190396456692914
20
-3.6928512992125984
11
5.8141732283464567
21
-3.6936220472440944
0
LINE
8
BLACK
6
CONTINUOUS
10
5.8141732283464567
20
-3.6936220472440944
11
5.7925196850393696
21
-3.6936220472440944
0
LINE
8
BLACK
6
CONTINUOUS
10
5.7925196850393696
20
-3.6936220472440944
11
5.7876532677165349
21
-3.6928512992125984
0
LINE
8
BLACK
6
CONTINUOUS
10
5.7876532677165349
20
-3.6928512992125984
11
5.7832632283464562
21
-3.6906144488188977
0
LINE
8
BLACK
6
CONTINUOUS
10
5.7832632283464562
20
-3.6906144488188977
11
5.7797792519685034
21
-3.6871304724409448
0
LINE
8
BLACK
6
CONTINUOUS
10
5.7797792519685034
20
-3.6871304724409448
11
5.7775424015748031
21
-3.6827404330708662
0
LINE
8
BLACK
6
CONTINUOUS
10
5.7775424015748031
20
-3.6827404330708662
11
5.7767716535433067
21
-3.6778740157480314
0
LINE
8
BLACK
6
CONTINUOUS
10
5.7767716535433067
20
-3.6778740157480314
11
5.7767716535433067
21
-3.6621259842519684
0
LINE
8
BLACK
6
CONTINUOUS
10
5.7767716535433067
20
-3.6621259842519684
11
5.7775424015748031
21
-3.6572595669291337
0
LINE
8
BLACK
6
CONTINUOUS
10
5.7775424015748031
20
-3.6572595669291337
11
5.7797792519685034
21
-3.652869527559055
0
LINE
8
BLACK
6
CONTINUOUS
10
5.7797792519685034
20
-3.652869527559055
11
5.7832632283464562
21
-3.6493855511811022
0
LINE
8
BLACK
6
CONTINUOUS
10
5.7832632283464562
20
-3.6493855511811022
11
5.7876532677165349
21
-3.6471487007874015
0
LINE
8
BLACK
6
CONTINUOUS
10
5.7876532677165349
20
-3.6471487007874015
11
5.7925196850393696
21
-3.6463779527559055
0
LINE
8
BLACK
6
CONTINUOUS
10
5.7925196850393696
20
-3.6463779527559055
11
5.8141732283464567
21
-3.6463779527559055
0
LINE
8
BLACK
6
CONTINUOUS
10
5.8141732283464567
20
-3.6463779527559055
11
5.8190396456692914
21
-3.6471487007874015
0
LINE
8
BLACK
6
CONTINUOUS
10
6.3520026771653546
20
-3.6432893700787399
11
6.356077834645669
21
-3.645281614173228
0
LINE
8
BLACK
6
CONTINUOUS
10
6.356077834645669
20
-3.645281614173228
11
6.3592853149606299
21
-3.6484890944881889
0
LINE
8
BLACK
6
CONTINUOUS
10
6.3592853149606299
20
-3.6484890944881889
11
6.361277559055118
21
-3.6525642519685038
0
LINE
8
BLACK
6
CONTINUOUS
10
6.361277559055118
20
-3.6525642519685038
11
6.3618503937007871
21
-3.6564960629921259
0
LINE
8
BLACK
6
CONTINUOUS
10
6.3618503937007871
20
-3.6564960629921259
11
6.3618503937007871
21
-3.6683070866141732
0
LINE
8
BLACK
6
CONTINUOUS
10
6.3618503937007871
20
-3.6683070866141732
11
6.361277559055118
21
-3.6722388976377953
0
LINE
8
BLACK
6
CONTINUOUS
10
6.361277559055118
20
-3.6722388976377953
11
6.3592853149606299
21
-3.6763140551181102
0
LINE
8
BLACK
6
CONTINUOUS
10
6.3592853149606299
20
-3.6763140551181102
11
6.356077834645669
21
-3.6795215354330706
0
LINE
8
BLACK
6
CONTINUOUS
10
6.356077834645669
20
-3.6795215354330706
11
6.3520026771653546
21
-3.6815137795275588
0
LINE
8
BLACK
6
CONTINUOUS
10
6.3520026771653546
20
-3.6815137795275588
11
6.3480708661417324
21
-3.6820866141732282
0
LINE
8
BLACK
6
CONTINUOUS
10
6.3480708661417324
20
-3.6820866141732282
11
6.2929527559055121
21
-3.6820866141732282
0
LINE
8
BLACK
6
CONTINUOUS
10
6.2929527559055121
20
-3.6820866141732282
11
6.2890209448818899
21
-3.6815137795275588
0
LINE
8
BLACK
6
CONTINUOUS
10
6.2890209448818899
20
-3.6815137795275588
11
6.2849457874015746
21
-3.6795215354330706
0
LINE
8
BLACK
6
CONTINUOUS
10
6.2849457874015746
20
-3.6795215354330706
11
6.2817383070866137
21
-3.6763140551181102
0
LINE
8
BLACK
6
CONTINUOUS
10
6.2817383070866137
20
-3.6763140551181102
11
6.2797460629921256
21
-3.6722388976377953
0
LINE
8
BLACK
6
CONTINUOUS
10
6.2797460629921256
20
-3.6722388976377953
11
6.2791732283464565
21
-3.6683070866141732
0
LINE
8
BLACK
6
CONTINUOUS
10
6.2791732283464565
20
-3.6683070866141732
11
6.2791732283464565
21
-3.6564960629921259
0
LINE
8
BLACK
6
CONTINUOUS
10
6.2791732283464565
20
-3.6564960629921259
11
6.2797460629921256
21
-3.6525642519685038
0
LINE
8
BLACK
6
CONTINUOUS
10
6.2797460629921256
20
-3.6525642519685038
11
6.2817383070866137
21
-3.6484890944881889
0
LINE
8
BLACK
6
CONTINUOUS
10
6.2817383070866137
20
-3.6484890944881889
11
6.2849457874015746
21
-3.645281614173228
0
LINE
8
BLACK
6
CONTINUOUS
10
6.2849457874015746
20
-3.645281614173228
11
6.2890209448818899
21
-3.6432893700787399
0
LINE
8
BLACK
6
CONTINUOUS
10
6.2890209448818899
20
-3.6432893700787399
11
6.2929527559055121
21
-3.6427165354330708
0
LINE
8
BLACK
6
CONTINUOUS
10
6.2929527559055121
20
-3.6427165354330708
11
6.3480708661417324
21
-3.6427165354330708
0
LINE
8
BLACK
6
CONTINUOUS
10
6.3480708661417324
20
-3.6427165354330708
11
6.3520026771653546
21
-3.6432893700787399
0
LINE
8
BLACK
6
CONTINUOUS
10
5.9486065748031498
20
-3.6042353149606297
11
5.9529966141732285
21
-3.6064721653543308
0
LINE
8
BLACK
6
CONTINUOUS
10
5.9529966141732285
20
-3.6064721653543308
11
5.9564805905511813
21
-3.6099561417322832
0
LINE
8
BLACK
6
CONTINUOUS
10
5.9564805905511813
20
-3.6099561417322832
11
5.9587174409448815
21
-3.6143461811023623
0
LINE
8
BLACK
6
CONTINUOUS
10
5.9587174409448815
20
-3.6143461811023623
11
5.959488188976378
21
-3.6192125984251966
0
LINE
8
BLACK
6
CONTINUOUS
10
5.959488188976378
20
-3.6192125984251966
11
5.959488188976378
21
-3.6408661417322832
0
LINE
8
BLACK
6
CONTINUOUS
10
5.959488188976378
20
-3.6408661417322832
11
5.9587174409448815
21
-3.6457325590551179
0
LINE
8
BLACK
6
CONTINUOUS
10
5.9587174409448815
20
-3.6457325590551179
11
5.9564805905511813
21
-3.6501225984251966
0
LINE
8
BLACK
6
CONTINUOUS
10
5.9564805905511813
20
-3.6501225984251966
11
5.9529966141732285
21
-3.6536065748031494
0
LINE
8
BLACK
6
CONTINUOUS
10
5.9529966141732285
20
-3.6536065748031494
11
5.9486065748031498
21
-3.6558434251968501
0
LINE
8
BLACK
6
CONTINUOUS
10
5.9486065748031498
20
-3.6558434251968501
11
5.943740157480315
21
-3.6566141732283466
0
LINE
8
BLACK
6
CONTINUOUS
10
5.943740157480315
20
-3.6566141732283466
11
5.9279921259842521
21
-3.6566141732283466
0
LINE
8
BLACK
6
CONTINUOUS
10
5.9279921259842521
20
-3.6566141732283466
11
5.9231257086614173
21
-3.6558434251968501
0
LINE
8
BLACK
6
CONTINUOUS
10
5.9231257086614173
20
-3.6558434251968501
11
5.9187356692913387
21
-3.6536065748031494
0
LINE
8
BLACK
6
CONTINUOUS
10
5.9187356692913387
20
-3.6536065748031494
11
5.9152516929133858
21
-3.6501225984251966
0
LINE
8
BLACK
6
CONTINUOUS
10
5.9152516929133858
20
-3.6501225984251966
11
5.9130148425196847
21
-3.6457325590551179
0
LINE
8
BLACK
6
CONTINUOUS
10
5.9130148425196847
20
-3.6457325590551179
11
5.9122440944881891
21
-3.6408661417322832
0
LINE
8
BLACK
6
CONTINUOUS
10
5.9122440944881891
20
-3.6408661417322832
11
5.9122440944881891
21
-3.6192125984251966
0
LINE
8
BLACK
6
CONTINUOUS
10
5.9122440944881891
20
-3.6192125984251966
11
5.9130148425196847
21
-3.6143461811023623
0
LINE
8
BLACK
6
CONTINUOUS
10
5.9130148425196847
20
-3.6143461811023623
11
5.9152516929133858
21
-3.6099561417322832
0
LINE
8
BLACK
6
CONTINUOUS
10
5.9152516929133858
20
-3.6099561417322832
11
5.9187356692913387
21
-3.6064721653543308
0
LINE
8
BLACK
6
CONTINUOUS
10
5.9187356692913387
20
-3.6064721653543308
11
5.9231257086614173
21
-3.6042353149606297
0
LINE
8
BLACK
6
CONTINUOUS
10
5.9231257086614173
20
-3.6042353149606297
11
5.9279921259842521
21
-3.6034645669291336
0
LINE
8
BLACK
6
CONTINUOUS
10
5.9279921259842521
20
-3.6034645669291336
11
5.943740157480315
21
-3.6034645669291336
0
LINE
8
BLACK
6
CONTINUOUS
10
5.943740157480315
20
-3.6034645669291336
11
5.9486065748031498
21
-3.6042353149606297
0
LINE
8
BLACK
6
CONTINUOUS
10
6.0135672047244091
20
-3.6042353149606297
11
6.0179572440944877
21
-3.6064721653543308
0
LINE
8
BLACK
6
CONTINUOUS
10
6.0179572440944877
20
-3.6064721653543308
11
6.0214412204724406
21
-3.6099561417322832
0
LINE
8
BLACK
6
CONTINUOUS
10
6.0214412204724406
20
-3.6099561417322832
11
6.0236780708661417
21
-3.6143461811023623
0
LINE
8
BLACK
6
CONTINUOUS
10
6.0236780708661417
20
-3.6143461811023623
11
6.0244488188976373
21
-3.6192125984251966
0
LINE
8
BLACK
6
CONTINUOUS
10
6.0244488188976373
20
-3.6192125984251966
11
6.0244488188976373
21
-3.6408661417322832
0
LINE
8
BLACK
6
CONTINUOUS
10
6.0244488188976373
20
-3.6408661417322832
11
6.0236780708661417
21
-3.6457325590551179
0
LINE
8
BLACK
6
CONTINUOUS
10
6.0236780708661417
20
-3.6457325590551179
11
6.0214412204724406
21
-3.6501225984251966
0
LINE
8
BLACK
6
CONTINUOUS
10
6.0214412204724406
20
-3.6501225984251966
11
6.0179572440944877
21
-3.6536065748031494
0
LINE
8
BLACK
6
CONTINUOUS
10
6.0179572440944877
20
-3.6536065748031494
11
6.0135672047244091
21
-3.6558434251968501
0
LINE
8
BLACK
6
CONTINUOUS
10
6.0135672047244091
20
-3.6558434251968501
11
6.0087007874015743
21
-3.6566141732283466
0
LINE
8
BLACK
6
CONTINUOUS
10
6.0087007874015743
20
-3.6566141732283466
11
5.9929527559055114
21
-3.6566141732283466
0
LINE
8
BLACK
6
CONTINUOUS
10
5.9929527559055114
20
-3.6566141732283466
11
5.9880863385826775
21
-3.6558434251968501
0
LINE
8
BLACK
6
CONTINUOUS
10
5.9880863385826775
20
-3.6558434251968501
11
5.9836962992125979
21
-3.6536065748031494
0
LINE
8
BLACK
6
CONTINUOUS
10
5.9836962992125979
20
-3.6536065748031494
11
5.9802123228346451
21
-3.6501225984251966
0
LINE
8
BLACK
6
CONTINUOUS
10
5.9802123228346451
20
-3.6501225984251966
11
5.9779754724409448
21
-3.6457325590551179
0
LINE
8
BLACK
6
CONTINUOUS
10
5.9779754724409448
20
-3.6457325590551179
11
5.9772047244094484
21
-3.6408661417322832
0
LINE
8
BLACK
6
CONTINUOUS
10
5.9772047244094484
20
-3.6408661417322832
11
5.9772047244094484
21
-3.6192125984251966
0
LINE
8
BLACK
6
CONTINUOUS
10
5.9772047244094484
20
-3.6192125984251966
11
5.9779754724409448
21
-3.6143461811023623
0
LINE
8
BLACK
6
CONTINUOUS
10
5.9779754724409448
20
-3.6143461811023623
11
5.9802123228346451
21
-3.6099561417322832
0
LINE
8
BLACK
6
CONTINUOUS
10
5.9802123228346451
20
-3.6099561417322832
11
5.9836962992125979
21
-3.6064721653543308
0
LINE
8
BLACK
6
CONTINUOUS
10
5.9836962992125979
20
-3.6064721653543308
11
5.9880863385826775
21
-3.6042353149606297
0
LINE
8
BLACK
6
CONTINUOUS
10
5.9880863385826775
20
-3.6042353149606297
11
5.9929527559055114
21
-3.6034645669291336
0
LINE
8
BLACK
6
CONTINUOUS
10
5.9929527559055114
20
-3.6034645669291336
11
6.0087007874015743
21
-3.6034645669291336
0
LINE
8
BLACK
6
CONTINUOUS
10
6.0087007874015743
20
-3.6034645669291336
11
6.0135672047244091
21
-3.6042353149606297
0
LINE
8
BLACK
6
CONTINUOUS
10
6.3520026771653546
20
-3.5940767716535431
11
6.356077834645669
21
-3.5960690157480313
0
LINE
8
BLACK
6
CONTINUOUS
10
6.356077834645669
20
-3.5960690157480313
11
6.3592853149606299
21
-3.5992764960629922
0
LINE
8
BLACK
6
CONTINUOUS
10
6.3592853149606299
20
-3.5992764960629922
11
6.361277559055118
21
-3.603351653543307
0
LINE
8
BLACK
6
CONTINUOUS
10
6.361277559055118
20
-3.603351653543307
11
6.3618503937007871
21
-3.6072834645669292
0
LINE
8
BLACK
6
CONTINUOUS
10
6.3618503937007871
20
-3.6072834645669292
11
6.3618503937007871
21
-3.6190944881889764
0
LINE
8
BLACK
6
CONTINUOUS
10
6.3618503937007871
20
-3.6190944881889764
11
6.361277559055118
21
-3.6230262992125986
0
LINE
8
BLACK
6
CONTINUOUS
10
6.361277559055118
20
-3.6230262992125986
11
6.3592853149606299
21
-3.6271014566929134
0
LINE
8
BLACK
6
CONTINUOUS
10
6.3592853149606299
20
-3.6271014566929134
11
6.356077834645669
21
-3.6303089370078738
0
LINE
8
BLACK
6
CONTINUOUS
10
6.356077834645669
20
-3.6303089370078738
11
6.3520026771653546
21
-3.632301181102362
0
LINE
8
BLACK
6
CONTINUOUS
10
6.3520026771653546
20
-3.632301181102362
11
6.3480708661417324
21
-3.6328740157480315
0
LINE
8
BLACK
6
CONTINUOUS
10
6.3480708661417324
20
-3.6328740157480315
11
6.2929527559055121
21
-3.6328740157480315
0
LINE
8
BLACK
6
CONTINUOUS
10
6.2929527559055121
20
-3.6328740157480315
11
6.2890209448818899
21
-3.632301181102362
0
LINE
8
BLACK
6
CONTINUOUS
10
6.2890209448818899
20
-3.632301181102362
11
6.2849457874015746
21
-3.6303089370078738
0
LINE
8
BLACK
6
CONTINUOUS
10
6.2849457874015746
20
-3.6303089370078738
11
6.2817383070866137
21
-3.6271014566929134
0
LINE
8
BLACK
6
CONTINUOUS
10
6.2817383070866137
20
-3.6271014566929134
11
6.2797460629921256
21
-3.6230262992125986
0
LINE
8
BLACK
6
CONTINUOUS
10
6.2797460629921256
20
-3.6230262992125986
11
6.2791732283464565
21
-3.6190944881889764
0
LINE
8
BLACK
6
CONTINUOUS
10
6.2791732283464565
20
-3.6190944881889764
11
6.2791732283464565
21
-3.6072834645669292
0
LINE
8
BLACK
6
CONTINUOUS
10
6.2791732283464565
20
-3.6072834645669292
11
6.2797460629921256
21
-3.603351653543307
0
LINE
8
BLACK
6
CONTINUOUS
10
6.2797460629921256
20
-3.603351653543307
11
6.2817383070866137
21
-3.5992764960629922
0
LINE
8
BLACK
6
CONTINUOUS
10
6.2817383070866137
20
-3.5992764960629922
11
6.2849457874015746
21
-3.5960690157480313
0
LINE
8
BLACK
6
CONTINUOUS
10
6.2849457874015746
20
-3.5960690157480313
11
6.2890209448818899
21
-3.5940767716535431
0
LINE
8
BLACK
6
CONTINUOUS
10
6.2890209448818899
20
-3.5940767716535431
11
6.2929527559055121
21
-3.5935039370078741
0
LINE
8
BLACK
6
CONTINUOUS
10
6.2929527559055121
20
-3.5935039370078741
11
6.3480708661417324
21
-3.5935039370078741
0
LINE
8
BLACK
6
CONTINUOUS
10
6.3480708661417324
20
-3.5935039370078741
11
6.3520026771653546
21
-3.5940767716535431
0
LINE
8
BLACK
6
CONTINUOUS
10
5.714039645669291
20
-3.582227440944882
11
5.7184296850393697
21
-3.5844642913385827
0
LINE
8
BLACK
6
CONTINUOUS
10
5.7184296850393697
20
-3.5844642913385827
11
5.7219136614173225
21
-3.5879482677165355
0
LINE
8
BLACK
6
CONTINUOUS
10
5.7219136614173225
20
-3.5879482677165355
11
5.7241505118110236
21
-3.5923383070866142
0
LINE
8
BLACK
6
CONTINUOUS
10
5.7241505118110236
20
-3.5923383070866142
11
5.7249212598425192
21
-3.5972047244094489
0
LINE
8
BLACK
6
CONTINUOUS
10
5.7249212598425192
20
-3.5972047244094489
11
5.7249212598425192
21
-3.6129527559055119
0
LINE
8
BLACK
6
CONTINUOUS
10
5.7249212598425192
20
-3.6129527559055119
11
5.7241505118110236
21
-3.6178191732283462
0
LINE
8
BLACK
6
CONTINUOUS
10
5.7241505118110236
20
-3.6178191732283462
11
5.7219136614173225
21
-3.6222092125984253
0
LINE
8
BLACK
6
CONTINUOUS
10
5.7219136614173225
20
-3.6222092125984253
11
5.7184296850393697
21
-3.6256931889763777
0
LINE
8
BLACK
6
CONTINUOUS
10
5.7184296850393697
20
-3.6256931889763777
11
5.714039645669291
21
-3.6279300393700789
0
LINE
8
BLACK
6
CONTINUOUS
10
5.714039645669291
20
-3.6279300393700789
11
5.7091732283464562
21
-3.6287007874015749
0
LINE
8
BLACK
6
CONTINUOUS
10
5.7091732283464562
20
-3.6287007874015749
11
5.6875196850393701
21
-3.6287007874015749
0
LINE
8
BLACK
6
CONTINUOUS
10
5.6875196850393701
20
-3.6287007874015749
11
5.6826532677165353
21
-3.6279300393700789
0
LINE
8
BLACK
6
CONTINUOUS
10
5.6826532677165353
20
-3.6279300393700789
11
5.6782632283464567
21
-3.6256931889763777
0
LINE
8
BLACK
6
CONTINUOUS
10
5.6782632283464567
20
-3.6256931889763777
11
5.6747792519685039
21
-3.6222092125984253
0
LINE
8
BLACK
6
CONTINUOUS
10
5.6747792519685039
20
-3.6222092125984253
11
5.6725424015748027
21
-3.6178191732283462
0
LINE
8
BLACK
6
CONTINUOUS
10
5.6725424015748027
20
-3.6178191732283462
11
5.6717716535433071
21
-3.6129527559055119
0
LINE
8
BLACK
6
CONTINUOUS
10
5.6717716535433071
20
-3.6129527559055119
11
5.6717716535433071
21
-3.5972047244094489
0
LINE
8
BLACK
6
CONTINUOUS
10
5.6717716535433071
20
-3.5972047244094489
11
5.6725424015748027
21
-3.5923383070866142
0
LINE
8
BLACK
6
CONTINUOUS
10
5.6725424015748027
20
-3.5923383070866142
11
5.6747792519685039
21
-3.5879482677165355
0
LINE
8
BLACK
6
CONTINUOUS
10
5.6747792519685039
20
-3.5879482677165355
11
5.6782632283464567
21
-3.5844642913385827
0
LINE
8
BLACK
6
CONTINUOUS
10
5.6782632283464567
20
-3.5844642913385827
11
5.6826532677165353
21
-3.582227440944882
0
LINE
8
BLACK
6
CONTINUOUS
10
5.6826532677165353
20
-3.582227440944882
11
5.6875196850393701
21
-3.5814566929133855
0
LINE
8
BLACK
6
CONTINUOUS
10
5.6875196850393701
20
-3.5814566929133855
11
5.7091732283464562
21
-3.5814566929133855
0
LINE
8
BLACK
6
CONTINUOUS
10
5.7091732283464562
20
-3.5814566929133855
11
5.714039645669291
21
-3.582227440944882
0
LINE
8
BLACK
6
CONTINUOUS
10
5.5190396456692916
20
-3.5821880708661418
11
5.5234296850393703
21
-3.5844249212598425
0
LINE
8
BLACK
6
CONTINUOUS
10
5.5234296850393703
20
-3.5844249212598425
11
5.5269136614173231
21
-3.5879088976377953
0
LINE
8
BLACK
6
CONTINUOUS
10
5.5269136614173231
20
-3.5879088976377953
11
5.5291505118110233
21
-3.5922989370078739
0
LINE
8
BLACK
6
CONTINUOUS
10
5.5291505118110233
20
-3.5922989370078739
11
5.5299212598425198
21
-3.5971653543307087
0
LINE
8
BLACK
6
CONTINUOUS
10
5.5299212598425198
20
-3.5971653543307087
11
5.5299212598425198
21
-3.6129133858267717
0
LINE
8
BLACK
6
CONTINUOUS
10
5.5299212598425198
20
-3.6129133858267717
11
5.5291505118110233
21
-3.617779803149606
0
LINE
8
BLACK
6
CONTINUOUS
10
5.5291505118110233
20
-3.617779803149606
11
5.5269136614173231
21
-3.6221698425196851
0
LINE
8
BLACK
6
CONTINUOUS
10
5.5269136614173231
20
-3.6221698425196851
11
5.5234296850393703
21
-3.6256538188976375
0
LINE
8
BLACK
6
CONTINUOUS
10
5.5234296850393703
20
-3.6256538188976375
11
5.5190396456692916
21
-3.6278906692913386
0
LINE
8
BLACK
6
CONTINUOUS
10
5.5190396456692916
20
-3.6278906692913386
11
5.5141732283464568
21
-3.6286614173228346
0
LINE
8
BLACK
6
CONTINUOUS
10
5.5141732283464568
20
-3.6286614173228346
11
5.4925196850393698
21
-3.6286614173228346
0
LINE
8
BLACK
6
CONTINUOUS
10
5.4925196850393698
20
-3.6286614173228346
11
5.4876532677165351
21
-3.6278906692913386
0
LINE
8
BLACK
6
CONTINUOUS
10
5.4876532677165351
20
-3.6278906692913386
11
5.4832632283464564
21
-3.6256538188976375
0
LINE
8
BLACK
6
CONTINUOUS
10
5.4832632283464564
20
-3.6256538188976375
11
5.4797792519685036
21
-3.6221698425196851
0
LINE
8
BLACK
6
CONTINUOUS
10
5.4797792519685036
20
-3.6221698425196851
11
5.4775424015748033
21
-3.617779803149606
0
LINE
8
BLACK
6
CONTINUOUS
10
5.4775424015748033
20
-3.617779803149606
11
5.4767716535433069
21
-3.6129133858267717
0
LINE
8
BLACK
6
CONTINUOUS
10
5.4767716535433069
20
-3.6129133858267717
11
5.4767716535433069
21
-3.5971653543307087
0
LINE
8
BLACK
6
CONTINUOUS
10
5.4767716535433069
20
-3.5971653543307087
11
5.4775424015748033
21
-3.5922989370078739
0
LINE
8
BLACK
6
CONTINUOUS
10
5.4775424015748033
20
-3.5922989370078739
11
5.4797792519685036
21
-3.5879088976377953
0
LINE
8
BLACK
6
CONTINUOUS
10
5.4797792519685036
20
-3.5879088976377953
11
5.4832632283464564
21
-3.5844249212598425
0
LINE
8
BLACK
6
CONTINUOUS
10
5.4832632283464564
20
-3.5844249212598425
11
5.4876532677165351
21
-3.5821880708661418
0
LINE
8
BLACK
6
CONTINUOUS
10
5.4876532677165351
20
-3.5821880708661418
11
5.4925196850393698
21
-3.5814173228346458
0
LINE
8
BLACK
6
CONTINUOUS
10
5.4925196850393698
20
-3.5814173228346458
11
5.5141732283464568
21
-3.5814173228346458
0
LINE
8
BLACK
6
CONTINUOUS
10
5.5141732283464568
20
-3.5814173228346458
11
5.5190396456692916
21
-3.5821880708661418
0
LINE
8
BLACK
6
CONTINUOUS
10
5.6040396456692916
20
-3.5821880708661418
11
5.6084296850393702
21
-3.5844249212598425
0
LINE
8
BLACK
6
CONTINUOUS
10
5.6084296850393702
20
-3.5844249212598425
11
5.6119136614173231
21
-3.5879088976377953
0
LINE
8
BLACK
6
CONTINUOUS
10
5.6119136614173231
20
-3.5879088976377953
11
5.6141505118110233
21
-3.5922989370078739
0
LINE
8
BLACK
6
CONTINUOUS
10
5.6141505118110233
20
-3.5922989370078739
11
5.6149212598425198
21
-3.5971653543307087
0
LINE
8
BLACK
6
CONTINUOUS
10
5.6149212598425198
20
-3.5971653543307087
11
5.6149212598425198
21
-3.6129133858267717
0
LINE
8
BLACK
6
CONTINUOUS
10
5.6149212598425198
20
-3.6129133858267717
11
5.6141505118110233
21
-3.617779803149606
0
LINE
8
BLACK
6
CONTINUOUS
10
5.6141505118110233
20
-3.617779803149606
11
5.6119136614173231
21
-3.6221698425196851
0
LINE
8
BLACK
6
CONTINUOUS
10
5.6119136614173231
20
-3.6221698425196851
11
5.6084296850393702
21
-3.6256538188976375
0
LINE
8
BLACK
6
CONTINUOUS
10
5.6084296850393702
20
-3.6256538188976375
11
5.6040396456692916
21
-3.6278906692913386
0
LINE
8
BLACK
6
CONTINUOUS
10
5.6040396456692916
20
-3.6278906692913386
11
5.5991732283464568
21
-3.6286614173228346
0
LINE
8
BLACK
6
CONTINUOUS
10
5.5991732283464568
20
-3.6286614173228346
11
5.5775196850393698
21
-3.6286614173228346
0
LINE
8
BLACK
6
CONTINUOUS
10
5.5775196850393698
20
-3.6286614173228346
11
5.572653267716535
21
-3.6278906692913386
0
LINE
8
BLACK
6
CONTINUOUS
10
5.572653267716535
20
-3.6278906692913386
11
5.5682632283464564
21
-3.6256538188976375
0
LINE
8
BLACK
6
CONTINUOUS
10
5.5682632283464564
20
-3.6256538188976375
11
5.5647792519685035
21
-3.6221698425196851
0
LINE
8
BLACK
6
CONTINUOUS
10
5.5647792519685035
20
-3.6221698425196851
11
5.5625424015748033
21
-3.617779803149606
0
LINE
8
BLACK
6
CONTINUOUS
10
5.5625424015748033
20
-3.617779803149606
11
5.5617716535433068
21
-3.6129133858267717
0
LINE
8
BLACK
6
CONTINUOUS
10
5.5617716535433068
20
-3.6129133858267717
11
5.5617716535433068
21
-3.5971653543307087
0
LINE
8
BLACK
6
CONTINUOUS
10
5.5617716535433068
20
-3.5971653543307087
11
5.5625424015748033
21
-3.5922989370078739
0
LINE
8
BLACK
6
CONTINUOUS
10
5.5625424015748033
20
-3.5922989370078739
11
5.5647792519685035
21
-3.5879088976377953
0
LINE
8
BLACK
6
CONTINUOUS
10
5.5647792519685035
20
-3.5879088976377953
11
5.5682632283464564
21
-3.5844249212598425
0
LINE
8
BLACK
6
CONTINUOUS
10
5.5682632283464564
20
-3.5844249212598425
11
5.572653267716535
21
-3.5821880708661418
0
LINE
8
BLACK
6
CONTINUOUS
10
5.572653267716535
20
-3.5821880708661418
11
5.5775196850393698
21
-3.5814173228346458
0
LINE
8
BLACK
6
CONTINUOUS
10
5.5775196850393698
20
-3.5814173228346458
11
5.5991732283464568
21
-3.5814173228346458
0
LINE
8
BLACK
6
CONTINUOUS
10
5.5991732283464568
20
-3.5814173228346458
11
5.6040396456692916
21
-3.5821880708661418
0
LINE
8
BLACK
6
CONTINUOUS
10
5.8190396456692914
20
-3.5821880708661418
11
5.8234296850393701
21
-3.5844249212598425
0
LINE
8
BLACK
6
CONTINUOUS
10
5.8234296850393701
20
-3.5844249212598425
11
5.8269136614173229
21
-3.5879088976377953
0
LINE
8
BLACK
6
CONTINUOUS
10
5.8269136614173229
20
-3.5879088976377953
11
5.8291505118110232
21
-3.5922989370078739
0
LINE
8
BLACK
6
CONTINUOUS
10
5.8291505118110232
20
-3.5922989370078739
11
5.8299212598425196
21
-3.5971653543307087
0
LINE
8
BLACK
6
CONTINUOUS
10
5.8299212598425196
20
-3.5971653543307087
11
5.8299212598425196
21
-3.6129133858267717
0
LINE
8
BLACK
6
CONTINUOUS
10
5.8299212598425196
20
-3.6129133858267717
11
5.8291505118110232
21
-3.617779803149606
0
LINE
8
BLACK
6
CONTINUOUS
10
5.8291505118110232
20
-3.617779803149606
11
5.8269136614173229
21
-3.6221698425196851
0
LINE
8
BLACK
6
CONTINUOUS
10
5.8269136614173229
20
-3.6221698425196851
11
5.8234296850393701
21
-3.6256538188976375
0
LINE
8
BLACK
6
CONTINUOUS
10
5.8234296850393701
20
-3.6256538188976375
11
5.8190396456692914
21
-3.6278906692913386
0
LINE
8
BLACK
6
CONTINUOUS
10
5.8190396456692914
20
-3.6278906692913386
11
5.8141732283464567
21
-3.6286614173228346
0
LINE
8
BLACK
6
CONTINUOUS
10
5.8141732283464567
20
-3.6286614173228346
11
5.7925196850393696
21
-3.6286614173228346
0
LINE
8
BLACK
6
CONTINUOUS
10
5.7925196850393696
20
-3.6286614173228346
11
5.7876532677165349
21
-3.6278906692913386
0
LINE
8
BLACK
6
CONTINUOUS
10
5.7876532677165349
20
-3.6278906692913386
11
5.7832632283464562
21
-3.6256538188976375
0
LINE
8
BLACK
6
CONTINUOUS
10
5.7832632283464562
20
-3.6256538188976375
11
5.7797792519685034
21
-3.6221698425196851
0
LINE
8
BLACK
6
CONTINUOUS
10
5.7797792519685034
20
-3.6221698425196851
11
5.7775424015748031
21
-3.617779803149606
0
LINE
8
BLACK
6
CONTINUOUS
10
5.7775424015748031
20
-3.617779803149606
11
5.7767716535433067
21
-3.6129133858267717
0
LINE
8
BLACK
6
CONTINUOUS
10
5.7767716535433067
20
-3.6129133858267717
11
5.7767716535433067
21
-3.5971653543307087
0
LINE
8
BLACK
6
CONTINUOUS
10
5.7767716535433067
20
-3.5971653543307087
11
5.7775424015748031
21
-3.5922989370078739
0
LINE
8
BLACK
6
CONTINUOUS
10
5.7775424015748031
20
-3.5922989370078739
11
5.7797792519685034
21
-3.5879088976377953
0
LINE
8
BLACK
6
CONTINUOUS
10
5.7797792519685034
20
-3.5879088976377953
11
5.7832632283464562
21
-3.5844249212598425
0
LINE
8
BLACK
6
CONTINUOUS
10
5.7832632283464562
20
-3.5844249212598425
11
5.7876532677165349
21
-3.5821880708661418
0
LINE
8
BLACK
6
CONTINUOUS
10
5.7876532677165349
20
-3.5821880708661418
11
5.7925196850393696
21
-3.5814173228346458
0
LINE
8
BLACK
6
CONTINUOUS
10
5.7925196850393696
20
-3.5814173228346458
11
5.8141732283464567
21
-3.5814173228346458
0
LINE
8
BLACK
6
CONTINUOUS
10
5.8141732283464567
20
-3.5814173228346458
11
5.8190396456692914
21
-3.5821880708661418
0
LINE
8
BLACK
6
CONTINUOUS
10
6.1532024409448818
20
-3.5881125984251967
11
6.1576527952755908
21
-3.5906820078740158
0
LINE
8
BLACK
6
CONTINUOUS
10
6.1576527952755908
20
-3.5906820078740158
11
6.1612864960629921
21
-3.594315708661417
0
LINE
8
BLACK
6
CONTINUOUS
10
6.1612864960629921
20
-3.594315708661417
11
6.1638559055118112
21
-3.5987660629921261
0
LINE
8
BLACK
6
CONTINUOUS
10
6.1638559055118112
20
-3.5987660629921261
11
6.1651859055118106
21
-3.6037298031496063
0
LINE
8
BLACK
6
CONTINUOUS
10
6.1651859055118106
20
-3.6037298031496063
11
6.1651859055118106
21
-3.6088686220472441
0
LINE
8
BLACK
6
CONTINUOUS
10
6.1651859055118106
20
-3.6088686220472441
11
6.1638559055118112
21
-3.6138323622047244
0
LINE
8
BLACK
6
CONTINUOUS
10
6.1638559055118112
20
-3.6138323622047244
11
6.1612864960629921
21
-3.618282716535433
0
LINE
8
BLACK
6
CONTINUOUS
10
6.1612864960629921
20
-3.618282716535433
11
6.1576527952755908
21
-3.6219164173228346
0
LINE
8
BLACK
6
CONTINUOUS
10
6.1576527952755908
20
-3.6219164173228346
11
6.1532024409448818
21
-3.6244858267716533
0
LINE
8
BLACK
6
CONTINUOUS
10
6.1532024409448818
20
-3.6244858267716533
11
6.1482387007874015
21
-3.6258158267716536
0
LINE
8
BLACK
6
CONTINUOUS
10
6.1482387007874015
20
-3.6258158267716536
11
6.1430998818897633
21
-3.6258158267716536
0
LINE
8
BLACK
6
CONTINUOUS
10
6.1430998818897633
20
-3.6258158267716536
11
6.1381361417322831
21
-3.6244858267716533
0
LINE
8
BLACK
6
CONTINUOUS
10
6.1381361417322831
20
-3.6244858267716533
11
6.1336857874015749
21
-3.6219164173228346
0
LINE
8
BLACK
6
CONTINUOUS
10
6.1336857874015749
20
-3.6219164173228346
11
6.1300520866141728
21
-3.618282716535433
0
LINE
8
BLACK
6
CONTINUOUS
10
6.1300520866141728
20
-3.618282716535433
11
6.1274826771653546
21
-3.6138323622047244
0
LINE
8
BLACK
6
CONTINUOUS
10
6.1274826771653546
20
-3.6138323622047244
11
6.1261526771653543
21
-3.6088686220472441
0
LINE
8
BLACK
6
CONTINUOUS
10
6.1261526771653543
20
-3.6088686220472441
11
6.1261526771653543
21
-3.6037298031496063
0
LINE
8
BLACK
6
CONTINUOUS
10
6.1261526771653543
20
-3.6037298031496063
11
6.1274826771653546
21
-3.5987660629921261
0
LINE
8
BLACK
6
CONTINUOUS
10
6.1274826771653546
20
-3.5987660629921261
11
6.1300520866141728
21
-3.594315708661417
0
LINE
8
BLACK
6
CONTINUOUS
10
6.1300520866141728
20
-3.594315708661417
11
6.1336857874015749
21
-3.5906820078740158
0
LINE
8
BLACK
6
CONTINUOUS
10
6.1336857874015749
20
-3.5906820078740158
11
6.1381361417322831
21
-3.5881125984251967
0
LINE
8
BLACK
6
CONTINUOUS
10
6.1381361417322831
20
-3.5881125984251967
11
6.1430998818897633
21
-3.5867825984251969
0
LINE
8
BLACK
6
CONTINUOUS
10
6.1430998818897633
20
-3.5867825984251969
11
6.1482387007874015
21
-3.5867825984251969
0
LINE
8
BLACK
6
CONTINUOUS
10
6.1482387007874015
20
-3.5867825984251969
11
6.1532024409448818
21
-3.5881125984251967
0
LINE
8
BLACK
6
CONTINUOUS
10
6.3520026771653546
20
-3.5448641732283463
11
6.356077834645669
21
-3.5468564173228345
0
LINE
8
BLACK
6
CONTINUOUS
10
6.356077834645669
20
-3.5468564173228345
11
6.3592853149606299
21
-3.5500638976377954
0
LINE
8
BLACK
6
CONTINUOUS
10
6.3592853149606299
20
-3.5500638976377954
11
6.361277559055118
21
-3.5541390551181102
0
LINE
8
BLACK
6
CONTINUOUS
10
6.361277559055118
20
-3.5541390551181102
11
6.3618503937007871
21
-3.5580708661417324
0
LINE
8
BLACK
6
CONTINUOUS
10
6.3618503937007871
20
-3.5580708661417324
11
6.3618503937007871
21
-3.5698818897637796
0
LINE
8
BLACK
6
CONTINUOUS
10
6.3618503937007871
20
-3.5698818897637796
11
6.361277559055118
21
-3.5738137007874013
0
LINE
8
BLACK
6
CONTINUOUS
10
6.361277559055118
20
-3.5738137007874013
11
6.3592853149606299
21
-3.5778888582677166
0
LINE
8
BLACK
6
CONTINUOUS
10
6.3592853149606299
20
-3.5778888582677166
11
6.356077834645669
21
-3.5810963385826771
0
LINE
8
BLACK
6
CONTINUOUS
10
6.356077834645669
20
-3.5810963385826771
11
6.3520026771653546
21
-3.5830885826771652
0
LINE
8
BLACK
6
CONTINUOUS
10
6.3520026771653546
20
-3.5830885826771652
11
6.3480708661417324
21
-3.5836614173228347
0
LINE
8
BLACK
6
CONTINUOUS
10
6.3480708661417324
20
-3.5836614173228347
11
6.2929527559055121
21
-3.5836614173228347
0
LINE
8
BLACK
6
CONTINUOUS
10
6.2929527559055121
20
-3.5836614173228347
11
6.2890209448818899
21
-3.5830885826771652
0
LINE
8
BLACK
6
CONTINUOUS
10
6.2890209448818899
20
-3.5830885826771652
11
6.2849457874015746
21
-3.5810963385826771
0
LINE
8
BLACK
6
CONTINUOUS
10
6.2849457874015746
20
-3.5810963385826771
11
6.2817383070866137
21
-3.5778888582677166
0
LINE
8
BLACK
6
CONTINUOUS
10
6.2817383070866137
20
-3.5778888582677166
11
6.2797460629921256
21
-3.5738137007874013
0
LINE
8
BLACK
6
CONTINUOUS
10
6.2797460629921256
20
-3.5738137007874013
11
6.2791732283464565
21
-3.5698818897637796
0
LINE
8
BLACK
6
CONTINUOUS
10
6.2791732283464565
20
-3.5698818897637796
11
6.2791732283464565
21
-3.5580708661417324
0
LINE
8
BLACK
6
CONTINUOUS
10
6.2791732283464565
20
-3.5580708661417324
11
6.2797460629921256
21
-3.5541390551181102
0
LINE
8
BLACK
6
CONTINUOUS
10
6.2797460629921256
20
-3.5541390551181102
11
6.2817383070866137
21
-3.5500638976377954
0
LINE
8
BLACK
6
CONTINUOUS
10
6.2817383070866137
20
-3.5500638976377954
11
6.2849457874015746
21
-3.5468564173228345
0
LINE
8
BLACK
6
CONTINUOUS
10
6.2849457874015746
20
-3.5468564173228345
11
6.2890209448818899
21
-3.5448641732283463
0
LINE
8
BLACK
6
CONTINUOUS
10
6.2890209448818899
20
-3.5448641732283463
11
6.2929527559055121
21
-3.5442913385826769
0
LINE
8
BLACK
6
CONTINUOUS
10
6.2929527559055121
20
-3.5442913385826769
11
6.3480708661417324
21
-3.5442913385826769
0
LINE
8
BLACK
6
CONTINUOUS
10
6.3480708661417324
20
-3.5442913385826769
11
6.3520026771653546
21
-3.5448641732283463
0
LINE
8
BLACK
6
CONTINUOUS
10
6.0925688188976377
20
-3.4884935433070865
11
6.0974842519685035
21
-3.4902135433070867
0
LINE
8
BLACK
6
CONTINUOUS
10
6.0974842519685035
20
-3.4902135433070867
11
6.1016743700787401
21
-3.4933059448818895
0
LINE
8
BLACK
6
CONTINUOUS
10
6.1016743700787401
20
-3.4933059448818895
11
6.1047667716535434
21
-3.4974960629921261
0
LINE
8
BLACK
6
CONTINUOUS
10
6.1047667716535434
20
-3.4974960629921261
11
6.1064867716535431
21
-3.502411496062992
0
LINE
8
BLACK
6
CONTINUOUS
10
6.1064867716535431
20
-3.502411496062992
11
6.1067913385826769
21
-3.5056594488188977
0
LINE
8
BLACK
6
CONTINUOUS
10
6.1067913385826769
20
-3.5056594488188977
11
6.1067913385826769
21
-3.5415846456692912
0
LINE
8
BLACK
6
CONTINUOUS
10
6.1067913385826769
20
-3.5415846456692912
11
6.1064867716535431
21
-3.5448325984251969
0
LINE
8
BLACK
6
CONTINUOUS
10
6.1064867716535431
20
-3.5448325984251969
11
6.1047667716535434
21
-3.5497480314960628
0
LINE
8
BLACK
6
CONTINUOUS
10
6.1047667716535434
20
-3.5497480314960628
11
6.1016743700787401
21
-3.5539381496062989
0
LINE
8
BLACK
6
CONTINUOUS
10
6.1016743700787401
20
-3.5539381496062989
11
6.0974842519685035
21
-3.5570305511811022
0
LINE
8
BLACK
6
CONTINUOUS
10
6.0974842519685035
20
-3.5570305511811022
11
6.0925688188976377
21
-3.5587505511811024
0
LINE
8
BLACK
6
CONTINUOUS
10
6.0925688188976377
20
-3.5587505511811024
11
6.0893208661417324
21
-3.5590551181102361
0
LINE
8
BLACK
6
CONTINUOUS
10
6.0893208661417324
20
-3.5590551181102361
11
6.0701279527559056
21
-3.5590551181102361
0
LINE
8
BLACK
6
CONTINUOUS
10
6.0701279527559056
20
-3.5590551181102361
11
6.0668800000000003
21
-3.5587505511811024
0
LINE
8
BLACK
6
CONTINUOUS
10
6.0668800000000003
20
-3.5587505511811024
11
6.0619645669291335
21
-3.5570305511811022
0
LINE
8
BLACK
6
CONTINUOUS
10
6.0619645669291335
20
-3.5570305511811022
11
6.0577744488188978
21
-3.5539381496062989
0
LINE
8
BLACK
6
CONTINUOUS
10
6.0577744488188978
20
-3.5539381496062989
11
6.0546820472440945
21
-3.5497480314960628
0
LINE
8
BLACK
6
CONTINUOUS
10
6.0546820472440945
20
-3.5497480314960628
11
6.0529620472440939
21
-3.5448325984251969
0
LINE
8
BLACK
6
CONTINUOUS
10
6.0529620472440939
20
-3.5448325984251969
11
6.0526574803149602
21
-3.5415846456692912
0
LINE
8
BLACK
6
CONTINUOUS
10
6.0526574803149602
20
-3.5415846456692912
11
6.0526574803149602
21
-3.5056594488188977
0
LINE
8
BLACK
6
CONTINUOUS
10
6.0526574803149602
20
-3.5056594488188977
11
6.0529620472440939
21
-3.502411496062992
0
LINE
8
BLACK
6
CONTINUOUS
10
6.0529620472440939
20
-3.502411496062992
11
6.0546820472440945
21
-3.4974960629921261
0
LINE
8
BLACK
6
CONTINUOUS
10
6.0546820472440945
20
-3.4974960629921261
11
6.0577744488188978
21
-3.4933059448818895
0
LINE
8
BLACK
6
CONTINUOUS
10
6.0577744488188978
20
-3.4933059448818895
11
6.0619645669291335
21
-3.4902135433070867
0
LINE
8
BLACK
6
CONTINUOUS
10
6.0619645669291335
20
-3.4902135433070867
11
6.0668800000000003
21
-3.4884935433070865
0
LINE
8
BLACK
6
CONTINUOUS
10
6.0668800000000003
20
-3.4884935433070865
11
6.0701279527559056
21
-3.4881889763779528
0
LINE
8
BLACK
6
CONTINUOUS
10
6.0701279527559056
20
-3.4881889763779528
11
6.0893208661417324
21
-3.4881889763779528
0
LINE
8
BLACK
6
CONTINUOUS
10
6.0893208661417324
20
-3.4881889763779528
11
6.0925688188976377
21
-3.4884935433070865
0
LINE
8
BLACK
6
CONTINUOUS
10
6.1663877165354331
20
-3.4884935433070865
11
6.1713031496062989
21
-3.4902135433070867
0
LINE
8
BLACK
6
CONTINUOUS
10
6.1713031496062989
20
-3.4902135433070867
11
6.1754932677165355
21
-3.4933059448818895
0
LINE
8
BLACK
6
CONTINUOUS
10
6.1754932677165355
20
-3.4933059448818895
11
6.1785856692913388
21
-3.4974960629921261
0
LINE
8
BLACK
6
CONTINUOUS
10
6.1785856692913388
20
-3.4974960629921261
11
6.1803056692913385
21
-3.502411496062992
0
LINE
8
BLACK
6
CONTINUOUS
10
6.1803056692913385
20
-3.502411496062992
11
6.1806102362204722
21
-3.5056594488188977
0
LINE
8
BLACK
6
CONTINUOUS
10
6.1806102362204722
20
-3.5056594488188977
11
6.1806102362204722
21
-3.5415846456692912
0
LINE
8
BLACK
6
CONTINUOUS
10
6.1806102362204722
20
-3.5415846456692912
11
6.1803056692913385
21
-3.5448325984251969
0
LINE
8
BLACK
6
CONTINUOUS
10
6.1803056692913385
20
-3.5448325984251969
11
6.1785856692913388
21
-3.5497480314960628
0
LINE
8
BLACK
6
CONTINUOUS
10
6.1785856692913388
20
-3.5497480314960628
11
6.1754932677165355
21
-3.5539381496062989
0
LINE
8
BLACK
6
CONTINUOUS
10
6.1754932677165355
20
-3.5539381496062989
11
6.1713031496062989
21
-3.5570305511811022
0
LINE
8
BLACK
6
CONTINUOUS
10
6.1713031496062989
20
-3.5570305511811022
11
6.1663877165354331
21
-3.5587505511811024
0
LINE
8
BLACK
6
CONTINUOUS
10
6.1663877165354331
20
-3.5587505511811024
11
6.1631397637795278
21
-3.5590551181102361
0
LINE
8
BLACK
6
CONTINUOUS
10
6.1631397637795278
20
-3.5590551181102361
11
6.1439468503937009
21
-3.5590551181102361
0
LINE
8
BLACK
6
CONTINUOUS
10
6.1439468503937009
20
-3.5590551181102361
11
6.1406988976377948
21
-3.5587505511811024
0
LINE
8
BLACK
6
CONTINUOUS
10
6.1406988976377948
20
-3.5587505511811024
11
6.1357834645669289
21
-3.5570305511811022
0
LINE
8
BLACK
6
CONTINUOUS
10
6.1357834645669289
20
-3.5570305511811022
11
6.1315933464566932
21
-3.5539381496062989
0
LINE
8
BLACK
6
CONTINUOUS
10
6.1315933464566932
20
-3.5539381496062989
11
6.1285009448818899
21
-3.5497480314960628
0
LINE
8
BLACK
6
CONTINUOUS
10
6.1285009448818899
20
-3.5497480314960628
11
6.1267809448818893
21
-3.5448325984251969
0
LINE
8
BLACK
6
CONTINUOUS
10
6.1267809448818893
20
-3.5448325984251969
11
6.1264763779527556
21
-3.5415846456692912
0
LINE
8
BLACK
6
CONTINUOUS
10
6.1264763779527556
20
-3.5415846456692912
11
6.1264763779527556
21
-3.5056594488188977
0
LINE
8
BLACK
6
CONTINUOUS
10
6.1264763779527556
20
-3.5056594488188977
11
6.1267809448818893
21
-3.502411496062992
0
LINE
8
BLACK
6
CONTINUOUS
10
6.1267809448818893
20
-3.502411496062992
11
6.1285009448818899
21
-3.4974960629921261
0
LINE
8
BLACK
6
CONTINUOUS
10
6.1285009448818899
20
-3.4974960629921261
11
6.1315933464566932
21
-3.4933059448818895
0
LINE
8
BLACK
6
CONTINUOUS
10
6.1315933464566932
20
-3.4933059448818895
11
6.1357834645669289
21
-3.4902135433070867
0
LINE
8
BLACK
6
CONTINUOUS
10
6.1357834645669289
20
-3.4902135433070867
11
6.1406988976377948
21
-3.4884935433070865
0
LINE
8
BLACK
6
CONTINUOUS
10
6.1406988976377948
20
-3.4884935433070865
11
6.1439468503937009
21
-3.4881889763779528
0
LINE
8
BLACK
6
CONTINUOUS
10
6.1439468503937009
20
-3.4881889763779528
11
6.1631397637795278
21
-3.4881889763779528
0
LINE
8
BLACK
6
CONTINUOUS
10
6.1631397637795278
20
-3.4881889763779528
11
6.1663877165354331
21
-3.4884935433070865
0
LINE
8
BLACK
6
CONTINUOUS
10
6.3520026771653546
20
-3.4956515748031496
11
6.356077834645669
21
-3.4976438188976378
0
LINE
8
BLACK
6
CONTINUOUS
10
6.356077834645669
20
-3.4976438188976378
11
6.3592853149606299
21
-3.5008512992125982
0
LINE
8
BLACK
6
CONTINUOUS
10
6.3592853149606299
20
-3.5008512992125982
11
6.361277559055118
21
-3.5049264566929135
0
LINE
8
BLACK
6
CONTINUOUS
10
6.361277559055118
20
-3.5049264566929135
11
6.3618503937007871
21
-3.5088582677165352
0
LINE
8
BLACK
6
CONTINUOUS
10
6.3618503937007871
20
-3.5088582677165352
11
6.3618503937007871
21
-3.5206692913385824
0
LINE
8
BLACK
6
CONTINUOUS
10
6.3618503937007871
20
-3.5206692913385824
11
6.361277559055118
21
-3.5246011023622046
0
LINE
8
BLACK
6
CONTINUOUS
10
6.361277559055118
20
-3.5246011023622046
11
6.3592853149606299
21
-3.5286762598425194
0
LINE
8
BLACK
6
CONTINUOUS
10
6.3592853149606299
20
-3.5286762598425194
11
6.356077834645669
21
-3.5318837401574803
0
LINE
8
BLACK
6
CONTINUOUS
10
6.356077834645669
20
-3.5318837401574803
11
6.3520026771653546
21
-3.5338759842519685
0
LINE
8
BLACK
6
CONTINUOUS
10
6.3520026771653546
20
-3.5338759842519685
11
6.3480708661417324
21
-3.5344488188976375
0
LINE
8
BLACK
6
CONTINUOUS
10
6.3480708661417324
20
-3.5344488188976375
11
6.2929527559055121
21
-3.5344488188976375
0
LINE
8
BLACK
6
CONTINUOUS
10
6.2929527559055121
20
-3.5344488188976375
11
6.2890209448818899
21
-3.5338759842519685
0
LINE
8
BLACK
6
CONTINUOUS
10
6.2890209448818899
20
-3.5338759842519685
11
6.2849457874015746
21
-3.5318837401574803
0
LINE
8
BLACK
6
CONTINUOUS
10
6.2849457874015746
20
-3.5318837401574803
11
6.2817383070866137
21
-3.5286762598425194
0
LINE
8
BLACK
6
CONTINUOUS
10
6.2817383070866137
20
-3.5286762598425194
11
6.2797460629921256
21
-3.5246011023622046
0
LINE
8
BLACK
6
CONTINUOUS
10
6.2797460629921256
20
-3.5246011023622046
11
6.2791732283464565
21
-3.5206692913385824
0
LINE
8
BLACK
6
CONTINUOUS
10
6.2791732283464565
20
-3.5206692913385824
11
6.2791732283464565
21
-3.5088582677165352
0
LINE
8
BLACK
6
CONTINUOUS
10
6.2791732283464565
20
-3.5088582677165352
11
6.2797460629921256
21
-3.5049264566929135
0
LINE
8
BLACK
6
CONTINUOUS
10
6.2797460629921256
20
-3.5049264566929135
11
6.2817383070866137
21
-3.5008512992125982
0
LINE
8
BLACK
6
CONTINUOUS
10
6.2817383070866137
20
-3.5008512992125982
11
6.2849457874015746
21
-3.4976438188976378
0
LINE
8
BLACK
6
CONTINUOUS
10
6.2849457874015746
20
-3.4976438188976378
11
6.2890209448818899
21
-3.4956515748031496
0
LINE
8
BLACK
6
CONTINUOUS
10
6.2890209448818899
20
-3.4956515748031496
11
6.2929527559055121
21
-3.4950787401574801
0
LINE
8
BLACK
6
CONTINUOUS
10
6.2929527559055121
20
-3.4950787401574801
11
6.3480708661417324
21
-3.4950787401574801
0
LINE
8
BLACK
6
CONTINUOUS
10
6.3480708661417324
20
-3.4950787401574801
11
6.3520026771653546
21
-3.4956515748031496
0
LINE
8
BLACK
6
CONTINUOUS
10
5.5503799606299209
20
-3.4837596456692914
11
5.5549757874015748
21
-3.4861013385826771
0
LINE
8
BLACK
6
CONTINUOUS
10
5.5549757874015748
20
-3.4861013385826771
11
5.5586230708661413
21
-3.489748622047244
0
LINE
8
BLACK
6
CONTINUOUS
10
5.5586230708661413
20
-3.489748622047244
11
5.5609647637795279
21
-3.4943444488188975
0
LINE
8
BLACK
6
CONTINUOUS
10
5.5609647637795279
20
-3.4943444488188975
11
5.5617716535433068
21
-3.4994389763779528
0
LINE
8
BLACK
6
CONTINUOUS
10
5.5617716535433068
20
-3.4994389763779528
11
5.5617716535433068
21
-3.5166633858267717
0
LINE
8
BLACK
6
CONTINUOUS
10
5.5617716535433068
20
-3.5166633858267717
11
5.5609647637795279
21
-3.5217579133858266
0
LINE
8
BLACK
6
CONTINUOUS
10
5.5609647637795279
20
-3.5217579133858266
11
5.5586230708661413
21
-3.52635374015748
0
LINE
8
BLACK
6
CONTINUOUS
10
5.5586230708661413
20
-3.52635374015748
11
5.5549757874015748
21
-3.5300010236220474
0
LINE
8
BLACK
6
CONTINUOUS
10
5.5549757874015748
20
-3.5300010236220474
11
5.5503799606299209
21
-3.5323427165354331
0
LINE
8
BLACK
6
CONTINUOUS
10
5.5503799606299209
20
-3.5323427165354331
11
5.5452854330708661
21
-3.5331496062992125
0
LINE
8
BLACK
6
CONTINUOUS
10
5.5452854330708661
20
-3.5331496062992125
11
5.5251082677165355
21
-3.5331496062992125
0
LINE
8
BLACK
6
CONTINUOUS
10
5.5251082677165355
20
-3.5331496062992125
11
5.5200137401574798
21
-3.5323427165354331
0
LINE
8
BLACK
6
CONTINUOUS
10
5.5200137401574798
20
-3.5323427165354331
11
5.5154179133858268
21
-3.5300010236220474
0
LINE
8
BLACK
6
CONTINUOUS
10
5.5154179133858268
20
-3.5300010236220474
11
5.5117706299212594
21
-3.52635374015748
0
LINE
8
BLACK
6
CONTINUOUS
10
5.5117706299212594
20
-3.52635374015748
11
5.5094289370078737
21
-3.5217579133858266
0
LINE
8
BLACK
6
CONTINUOUS
10
5.5094289370078737
20
-3.5217579133858266
11
5.5086220472440948
21
-3.5166633858267717
0
LINE
8
BLACK
6
CONTINUOUS
10
5.5086220472440948
20
-3.5166633858267717
11
5.5086220472440948
21
-3.4994389763779528
0
LINE
8
BLACK
6
CONTINUOUS
10
5.5086220472440948
20
-3.4994389763779528
11
5.5094289370078737
21
-3.4943444488188975
0
LINE
8
BLACK
6
CONTINUOUS
10
5.5094289370078737
20
-3.4943444488188975
11
5.5117706299212594
21
-3.489748622047244
0
LINE
8
BLACK
6
CONTINUOUS
10
5.5117706299212594
20
-3.489748622047244
11
5.5154179133858268
21
-3.4861013385826771
0
LINE
8
BLACK
6
CONTINUOUS
10
5.5154179133858268
20
-3.4861013385826771
11
5.5200137401574798
21
-3.4837596456692914
0
LINE
8
BLACK
6
CONTINUOUS
10
5.5200137401574798
20
-3.4837596456692914
11
5.5251082677165355
21
-3.4829527559055116
0
LINE
8
BLACK
6
CONTINUOUS
10
5.5251082677165355
20
-3.4829527559055116
11
5.5452854330708661
21
-3.4829527559055116
0
LINE
8
BLACK
6
CONTINUOUS
10
5.5452854330708661
20
-3.4829527559055116
11
5.5503799606299209
21
-3.4837596456692914
0
LINE
8
BLACK
6
CONTINUOUS
10
5.668490196850394
20
-3.4837596456692914
11
5.6730860236220471
21
-3.4861013385826771
0
LINE
8
BLACK
6
CONTINUOUS
10
5.6730860236220471
20
-3.4861013385826771
11
5.6767333070866144
21
-3.489748622047244
0
LINE
8
BLACK
6
CONTINUOUS
10
5.6767333070866144
20
-3.489748622047244
11
5.6790750000000001
21
-3.4943444488188975
0
LINE
8
BLACK
6
CONTINUOUS
10
5.6790750000000001
20
-3.4943444488188975
11
5.6798818897637791
21
-3.4994389763779528
0
LINE
8
BLACK
6
CONTINUOUS
10
5.6798818897637791
20
-3.4994389763779528
11
5.6798818897637791
21
-3.5166633858267717
0
LINE
8
BLACK
6
CONTINUOUS
10
5.6798818897637791
20
-3.5166633858267717
11
5.6790750000000001
21
-3.5217579133858266
0
LINE
8
BLACK
6
CONTINUOUS
10
5.6790750000000001
20
-3.5217579133858266
11
5.6767333070866144
21
-3.52635374015748
0
LINE
8
BLACK
6
CONTINUOUS
10
5.6767333070866144
20
-3.52635374015748
11
5.6730860236220471
21
-3.5300010236220474
0
LINE
8
BLACK
6
CONTINUOUS
10
5.6730860236220471
20
-3.5300010236220474
11
5.668490196850394
21
-3.5323427165354331
0
LINE
8
BLACK
6
CONTINUOUS
10
5.668490196850394
20
-3.5323427165354331
11
5.6633956692913383
21
-3.5331496062992125
0
LINE
8
BLACK
6
CONTINUOUS
10
5.6633956692913383
20
-3.5331496062992125
11
5.6432185039370077
21
-3.5331496062992125
0
LINE
8
BLACK
6
CONTINUOUS
10
5.6432185039370077
20
-3.5331496062992125
11
5.6381239763779529
21
-3.5323427165354331
0
LINE
8
BLACK
6
CONTINUOUS
10
5.6381239763779529
20
-3.5323427165354331
11
5.633528149606299
21
-3.5300010236220474
0
LINE
8
BLACK
6
CONTINUOUS
10
5.633528149606299
20
-3.5300010236220474
11
5.6298808661417326
21
-3.52635374015748
0
LINE
8
BLACK
6
CONTINUOUS
10
5.6298808661417326
20
-3.52635374015748
11
5.627539173228346
21
-3.5217579133858266
0
LINE
8
BLACK
6
CONTINUOUS
10
5.627539173228346
20
-3.5217579133858266
11
5.626732283464567
21
-3.5166633858267717
0
LINE
8
BLACK
6
CONTINUOUS
10
5.626732283464567
20
-3.5166633858267717
11
5.626732283464567
21
-3.4994389763779528
0
LINE
8
BLACK
6
CONTINUOUS
10
5.626732283464567
20
-3.4994389763779528
11
5.627539173228346
21
-3.4943444488188975
0
LINE
8
BLACK
6
CONTINUOUS
10
5.627539173228346
20
-3.4943444488188975
11
5.6298808661417326
21
-3.489748622047244
0
LINE
8
BLACK
6
CONTINUOUS
10
5.6298808661417326
20
-3.489748622047244
11
5.633528149606299
21
-3.4861013385826771
0
LINE
8
BLACK
6
CONTINUOUS
10
5.633528149606299
20
-3.4861013385826771
11
5.6381239763779529
21
-3.4837596456692914
0
LINE
8
BLACK
6
CONTINUOUS
10
5.6381239763779529
20
-3.4837596456692914
11
5.6432185039370077
21
-3.4829527559055116
0
LINE
8
BLACK
6
CONTINUOUS
10
5.6432185039370077
20
-3.4829527559055116
11
5.6633956692913383
21
-3.4829527559055116
0
LINE
8
BLACK
6
CONTINUOUS
10
5.6633956692913383
20
-3.4829527559055116
11
5.668490196850394
21
-3.4837596456692914
0
LINE
8
BLACK
6
CONTINUOUS
10
5.5503799606299209
20
-3.4217517716535433
11
5.5549757874015748
21
-3.424093464566929
0
LINE
8
BLACK
6
CONTINUOUS
10
5.5549757874015748
20
-3.424093464566929
11
5.5586230708661413
21
-3.4277407480314959
0
LINE
8
BLACK
6
CONTINUOUS
10
5.5586230708661413
20
-3.4277407480314959
11
5.5609647637795279
21
-3.4323365748031494
0
LINE
8
BLACK
6
CONTINUOUS
10
5.5609647637795279
20
-3.4323365748031494
11
5.5617716535433068
21
-3.4374311023622046
0
LINE
8
BLACK
6
CONTINUOUS
10
5.5617716535433068
20
-3.4374311023622046
11
5.5617716535433068
21
-3.4546555118110236
0
LINE
8
BLACK
6
CONTINUOUS
10
5.5617716535433068
20
-3.4546555118110236
11
5.5609647637795279
21
-3.4597500393700789
0
LINE
8
BLACK
6
CONTINUOUS
10
5.5609647637795279
20
-3.4597500393700789
11
5.5586230708661413
21
-3.4643458661417323
0
LINE
8
BLACK
6
CONTINUOUS
10
5.5586230708661413
20
-3.4643458661417323
11
5.5549757874015748
21
-3.4679931496062992
0
LINE
8
BLACK
6
CONTINUOUS
10
5.5549757874015748
20
-3.4679931496062992
11
5.5503799606299209
21
-3.4703348425196849
0
LINE
8
BLACK
6
CONTINUOUS
10
5.5503799606299209
20
-3.4703348425196849
11
5.5452854330708661
21
-3.4711417322834643
0
LINE
8
BLACK
6
CONTINUOUS
10
5.5452854330708661
20
-3.4711417322834643
11
5.5251082677165355
21
-3.4711417322834643
0
LINE
8
BLACK
6
CONTINUOUS
10
5.5251082677165355
20
-3.4711417322834643
11
5.5200137401574798
21
-3.4703348425196849
0
LINE
8
BLACK
6
CONTINUOUS
10
5.5200137401574798
20
-3.4703348425196849
11
5.5154179133858268
21
-3.4679931496062992
0
LINE
8
BLACK
6
CONTINUOUS
10
5.5154179133858268
20
-3.4679931496062992
11
5.5117706299212594
21
-3.4643458661417323
0
LINE
8
BLACK
6
CONTINUOUS
10
5.5117706299212594
20
-3.4643458661417323
11
5.5094289370078737
21
-3.4597500393700789
0
LINE
8
BLACK
6
CONTINUOUS
10
5.5094289370078737
20
-3.4597500393700789
11
5.5086220472440948
21
-3.4546555118110236
0
LINE
8
BLACK
6
CONTINUOUS
10
5.5086220472440948
20
-3.4546555118110236
11
5.5086220472440948
21
-3.4374311023622046
0
LINE
8
BLACK
6
CONTINUOUS
10
5.5086220472440948
20
-3.4374311023622046
11
5.5094289370078737
21
-3.4323365748031494
0
LINE
8
BLACK
6
CONTINUOUS
10
5.5094289370078737
20
-3.4323365748031494
11
5.5117706299212594
21
-3.4277407480314959
0
LINE
8
BLACK
6
CONTINUOUS
10
5.5117706299212594
20
-3.4277407480314959
11
5.5154179133858268
21
-3.424093464566929
0
LINE
8
BLACK
6
CONTINUOUS
10
5.5154179133858268
20
-3.424093464566929
11
5.5200137401574798
21
-3.4217517716535433
0
LINE
8
BLACK
6
CONTINUOUS
10
5.5200137401574798
20
-3.4217517716535433
11
5.5251082677165355
21
-3.4209448818897639
0
LINE
8
BLACK
6
CONTINUOUS
10
5.5251082677165355
20
-3.4209448818897639
11
5.5452854330708661
21
-3.4209448818897639
0
LINE
8
BLACK
6
CONTINUOUS
10
5.5452854330708661
20
-3.4209448818897639
11
5.5503799606299209
21
-3.4217517716535433
0
LINE
8
BLACK
6
CONTINUOUS
10
5.668490196850394
20
-3.4217517716535433
11
5.6730860236220471
21
-3.424093464566929
0
LINE
8
BLACK
6
CONTINUOUS
10
5.6730860236220471
20
-3.424093464566929
11
5.6767333070866144
21
-3.4277407480314959
0
LINE
8
BLACK
6
CONTINUOUS
10
5.6767333070866144
20
-3.4277407480314959
11
5.6790750000000001
21
-3.4323365748031494
0
LINE
8
BLACK
6
CONTINUOUS
10
5.6790750000000001
20
-3.4323365748031494
11
5.6798818897637791
21
-3.4374311023622046
0
LINE
8
BLACK
6
CONTINUOUS
10
5.6798818897637791
20
-3.4374311023622046
11
5.6798818897637791
21
-3.4546555118110236
0
LINE
8
BLACK
6
CONTINUOUS
10
5.6798818897637791
20
-3.4546555118110236
11
5.6790750000000001
21
-3.4597500393700789
0
LINE
8
BLACK
6
CONTINUOUS
10
5.6790750000000001
20
-3.4597500393700789
11
5.6767333070866144
21
-3.4643458661417323
0
LINE
8
BLACK
6
CONTINUOUS
10
5.6767333070866144
20
-3.4643458661417323
11
5.6730860236220471
21
-3.4679931496062992
0
LINE
8
BLACK
6
CONTINUOUS
10
5.6730860236220471
20
-3.4679931496062992
11
5.668490196850394
21
-3.4703348425196849
0
LINE
8
BLACK
6
CONTINUOUS
10
5.668490196850394
20
-3.4703348425196849
11
5.6633956692913383
21
-3.4711417322834643
0
LINE
8
BLACK
6
CONTINUOUS
10
5.6633956692913383
20
-3.4711417322834643
11
5.6432185039370077
21
-3.4711417322834643
0
LINE
8
BLACK
6
CONTINUOUS
10
5.6432185039370077
20
-3.4711417322834643
11
5.6381239763779529
21
-3.4703348425196849
0
LINE
8
BLACK
6
CONTINUOUS
10
5.6381239763779529
20
-3.4703348425196849
11
5.633528149606299
21
-3.4679931496062992
0
LINE
8
BLACK
6
CONTINUOUS
10
5.633528149606299
20
-3.4679931496062992
11
5.6298808661417326
21
-3.4643458661417323
0
LINE
8
BLACK
6
CONTINUOUS
10
5.6298808661417326
20
-3.4643458661417323
11
5.627539173228346
21
-3.4597500393700789
0
LINE
8
BLACK
6
CONTINUOUS
10
5.627539173228346
20
-3.4597500393700789
11
5.626732283464567
21
-3.4546555118110236
0
LINE
8
BLACK
6
CONTINUOUS
10
5.626732283464567
20
-3.4546555118110236
11
5.626732283464567
21
-3.4374311023622046
0
LINE
8
BLACK
6
CONTINUOUS
10
5.626732283464567
20
-3.4374311023622046
11
5.627539173228346
21
-3.4323365748031494
0
LINE
8
BLACK
6
CONTINUOUS
10
5.627539173228346
20
-3.4323365748031494
11
5.6298808661417326
21
-3.4277407480314959
0
LINE
8
BLACK
6
CONTINUOUS
10
5.6298808661417326
20
-3.4277407480314959
11
5.633528149606299
21
-3.424093464566929
0
LINE
8
BLACK
6
CONTINUOUS
10
5.633528149606299
20
-3.424093464566929
11
5.6381239763779529
21
-3.4217517716535433
0
LINE
8
BLACK
6
CONTINUOUS
10
5.6381239763779529
20
-3.4217517716535433
11
5.6432185039370077
21
-3.4209448818897639
0
LINE
8
BLACK
6
CONTINUOUS
10
5.6432185039370077
20
-3.4209448818897639
11
5.6633956692913383
21
-3.4209448818897639
0
LINE
8
BLACK
6
CONTINUOUS
10
5.6633956692913383
20
-3.4209448818897639
11
5.668490196850394
21
-3.4217517716535433
0
LINE
8
BLACK
6
CONTINUOUS
10
6.4930968503937008
20
-3.4146789370078738
11
6.4980815354330703
21
-3.4164231496062993
0
LINE
8
BLACK
6
CONTINUOUS
10
6.4980815354330703
20
-3.4164231496062993
11
6.5023306299212598
21
-3.4195591338582676
0
LINE
8
BLACK
6
CONTINUOUS
10
6.5023306299212598
20
-3.4195591338582676
11
6.505466614173228
21
-3.4238082283464566
0
LINE
8
BLACK
6
CONTINUOUS
10
6.505466614173228
20
-3.4238082283464566
11
6.5072108267716535
21
-3.4287929133858266
0
LINE
8
BLACK
6
CONTINUOUS
10
6.5072108267716535
20
-3.4287929133858266
11
6.5075196850393695
21
-3.4320866141732282
0
LINE
8
BLACK
6
CONTINUOUS
10
6.5075196850393695
20
-3.4320866141732282
11
6.5075196850393695
21
-3.451771653543307
0
LINE
8
BLACK
6
CONTINUOUS
10
6.5075196850393695
20
-3.451771653543307
11
6.5072108267716535
21
-3.4550653543307086
0
LINE
8
BLACK
6
CONTINUOUS
10
6.5072108267716535
20
-3.4550653543307086
11
6.505466614173228
21
-3.4600500393700786
0
LINE
8
BLACK
6
CONTINUOUS
10
6.505466614173228
20
-3.4600500393700786
11
6.5023306299212598
21
-3.4642991338582676
0
LINE
8
BLACK
6
CONTINUOUS
10
6.5023306299212598
20
-3.4642991338582676
11
6.4980815354330703
21
-3.4674351181102363
0
LINE
8
BLACK
6
CONTINUOUS
10
6.4980815354330703
20
-3.4674351181102363
11
6.4930968503937008
21
-3.4691793307086614
0
LINE
8
BLACK
6
CONTINUOUS
10
6.4930968503937008
20
-3.4691793307086614
11
6.4898031496062991
21
-3.4694881889763778
0
LINE
8
BLACK
6
CONTINUOUS
10
6.4898031496062991
20
-3.4694881889763778
11
6.4031889763779528
21
-3.4694881889763778
0
LINE
8
BLACK
6
CONTINUOUS
10
6.4031889763779528
20
-3.4694881889763778
11
6.3998952755905512
21
-3.4691793307086614
0
LINE
8
BLACK
6
CONTINUOUS
10
6.3998952755905512
20
-3.4691793307086614
11
6.3949105905511807
21
-3.4674351181102363
0
LINE
8
BLACK
6
CONTINUOUS
10
6.3949105905511807
20
-3.4674351181102363
11
6.3906614960629922
21
-3.4642991338582676
0
LINE
8
BLACK
6
CONTINUOUS
10
6.3906614960629922
20
-3.4642991338582676
11
6.3875255118110239
21
-3.4600500393700786
0
LINE
8
BLACK
6
CONTINUOUS
10
6.3875255118110239
20
-3.4600500393700786
11
6.3857812992125984
21
-3.4550653543307086
0
LINE
8
BLACK
6
CONTINUOUS
10
6.3857812992125984
20
-3.4550653543307086
11
6.3854724409448815
21
-3.451771653543307
0
LINE
8
BLACK
6
CONTINUOUS
10
6.3854724409448815
20
-3.451771653543307
11
6.3854724409448815
21
-3.4320866141732282
0
LINE
8
BLACK
6
CONTINUOUS
10
6.3854724409448815
20
-3.4320866141732282
11
6.3857812992125984
21
-3.4287929133858266
0
LINE
8
BLACK
6
CONTINUOUS
10
6.3857812992125984
20
-3.4287929133858266
11
6.3875255118110239
21
-3.4238082283464566
0
LINE
8
BLACK
6
CONTINUOUS
10
6.3875255118110239
20
-3.4238082283464566
11
6.3906614960629922
21
-3.4195591338582676
0
LINE
8
BLACK
6
CONTINUOUS
10
6.3906614960629922
20
-3.4195591338582676
11
6.3949105905511807
21
-3.4164231496062993
0
LINE
8
BLACK
6
CONTINUOUS
10
6.3949105905511807
20
-3.4164231496062993
11
6.3998952755905512
21
-3.4146789370078738
0
LINE
8
BLACK
6
CONTINUOUS
10
6.3998952755905512
20
-3.4146789370078738
11
6.4031889763779528
21
-3.4143700787401574
0
LINE
8
BLACK
6
CONTINUOUS
10
6.4031889763779528
20
-3.4143700787401574
11
6.4898031496062991
21
-3.4143700787401574
0
LINE
8
BLACK
6
CONTINUOUS
10
6.4898031496062991
20
-3.4143700787401574
11
6.4930968503937008
21
-3.4146789370078738
0
LINE
8
BLACK
6
CONTINUOUS
10
5.4505577952755901
20
-3.3015135826771651
11
5.4593710629921262
21
-3.3043772047244095
0
LINE
8
BLACK
6
CONTINUOUS
10
5.4593710629921262
20
-3.3043772047244095
11
5.467627874015748
21
-3.308584251968504
0
LINE
8
BLACK
6
CONTINUOUS
10
5.467627874015748
20
-3.308584251968504
11
5.475124881889764
21
-3.3140311417322832
0
LINE
8
BLACK
6
CONTINUOUS
10
5.475124881889764
20
-3.3140311417322832
11
5.4816775196850394
21
-3.320583779527559
0
LINE
8
BLACK
6
CONTINUOUS
10
5.4816775196850394
20
-3.320583779527559
11
5.4871244094488185
21
-3.3280807874015745
0
LINE
8
BLACK
6
CONTINUOUS
10
5.4871244094488185
20
-3.3280807874015745
11
5.4913314566929134
21
-3.3363375984251968
0
LINE
8
BLACK
6
CONTINUOUS
10
5.4913314566929134
20
-3.3363375984251968
11
5.494195078740157
21
-3.3451508661417324
0
LINE
8
BLACK
6
CONTINUOUS
10
5.494195078740157
20
-3.3451508661417324
11
5.4956447244094484
21
-3.3543035826771654
0
LINE
8
BLACK
6
CONTINUOUS
10
5.4956447244094484
20
-3.3543035826771654
11
5.4956447244094484
21
-3.363570433070866
0
LINE
8
BLACK
6
CONTINUOUS
10
5.4956447244094484
20
-3.363570433070866
11
5.494195078740157
21
-3.372723149606299
0
LINE
8
BLACK
6
CONTINUOUS
10
5.494195078740157
20
-3.372723149606299
11
5.4913314566929134
21
-3.3815364173228346
0
LINE
8
BLACK
6
CONTINUOUS
10
5.4913314566929134
20
-3.3815364173228346
11
5.4871244094488185
21
-3.3897932283464565
0
LINE
8
BLACK
6
CONTINUOUS
10
5.4871244094488185
20
-3.3897932283464565
11
5.4816775196850394
21
-3.3972902362204724
0
LINE
8
BLACK
6
CONTINUOUS
10
5.4816775196850394
20
-3.3972902362204724
11
5.475124881889764
21
-3.4038428740157478
0
LINE
8
BLACK
6
CONTINUOUS
10
5.475124881889764
20
-3.4038428740157478
11
5.467627874015748
21
-3.4092897637795274
0
LINE
8
BLACK
6
CONTINUOUS
10
5.467627874015748
20
-3.4092897637795274
11
5.4593710629921262
21
-3.4134968110236219
0
LINE
8
BLACK
6
CONTINUOUS
10
5.4593710629921262
20
-3.4134968110236219
11
5.4505577952755901
21
-3.4163604330708659
0
LINE
8
BLACK
6
CONTINUOUS
10
5.4505577952755901
20
-3.4163604330708659
11
5.4414050787401571
21
-3.4178100787401573
0
LINE
8
BLACK
6
CONTINUOUS
10
5.4414050787401571
20
-3.4178100787401573
11
5.4321382283464565
21
-3.4178100787401573
0
LINE
8
BLACK
6
CONTINUOUS
10
5.4321382283464565
20
-3.4178100787401573
11
5.4229855118110235
21
-3.4163604330708659
0
LINE
8
BLACK
6
CONTINUOUS
10
5.4229855118110235
20
-3.4163604330708659
11
5.4141722440944884
21
-3.4134968110236219
0
LINE
8
BLACK
6
CONTINUOUS
10
5.4141722440944884
20
-3.4134968110236219
11
5.4059154330708656
21
-3.4092897637795274
0
LINE
8
BLACK
6
CONTINUOUS
10
5.4059154330708656
20
-3.4092897637795274
11
5.3984184251968506
21
-3.4038428740157478
0
LINE
8
BLACK
6
CONTINUOUS
10
5.3984184251968506
20
-3.4038428740157478
11
5.3918657874015743
21
-3.3972902362204724
0
LINE
8
BLACK
6
CONTINUOUS
10
5.3918657874015743
20
-3.3972902362204724
11
5.3864188976377951
21
-3.3897932283464565
0
LINE
8
BLACK
6
CONTINUOUS
10
5.3864188976377951
20
-3.3897932283464565
11
5.3822118503937011
21
-3.3815364173228346
0
LINE
8
BLACK
6
CONTINUOUS
10
5.3822118503937011
20
-3.3815364173228346
11
5.3793482283464567
21
-3.372723149606299
0
LINE
8
BLACK
6
CONTINUOUS
10
5.3793482283464567
20
-3.372723149606299
11
5.3778985826771653
21
-3.363570433070866
0
LINE
8
BLACK
6
CONTINUOUS
10
5.3778985826771653
20
-3.363570433070866
11
5.3778985826771653
21
-3.3543035826771654
0
LINE
8
BLACK
6
CONTINUOUS
10
5.3778985826771653
20
-3.3543035826771654
11
5.3793482283464567
21
-3.3451508661417324
0
LINE
8
BLACK
6
CONTINUOUS
10
5.3793482283464567
20
-3.3451508661417324
11
5.3822118503937011
21
-3.3363375984251968
0
LINE
8
BLACK
6
CONTINUOUS
10
5.3822118503937011
20
-3.3363375984251968
11
5.3864188976377951
21
-3.3280807874015745
0
LINE
8
BLACK
6
CONTINUOUS
10
5.3864188976377951
20
-3.3280807874015745
11
5.3918657874015743
21
-3.320583779527559
0
LINE
8
BLACK
6
CONTINUOUS
10
5.3918657874015743
20
-3.320583779527559
11
5.3984184251968506
21
-3.3140311417322832
0
LINE
8
BLACK
6
CONTINUOUS
10
5.3984184251968506
20
-3.3140311417322832
11
5.4059154330708656
21
-3.308584251968504
0
LINE
8
BLACK
6
CONTINUOUS
10
5.4059154330708656
20
-3.308584251968504
11
5.4141722440944884
21
-3.3043772047244095
0
LINE
8
BLACK
6
CONTINUOUS
10
5.4141722440944884
20
-3.3043772047244095
11
5.4229855118110235
21
-3.3015135826771651
0
LINE
8
BLACK
6
CONTINUOUS
10
5.4229855118110235
20
-3.3015135826771651
11
5.4321382283464565
21
-3.3000639370078741
0
LINE
8
BLACK
6
CONTINUOUS
10
5.4321382283464565
20
-3.3000639370078741
11
5.4414050787401571
21
-3.3000639370078741
0
LINE
8
BLACK
6
CONTINUOUS
10
5.4414050787401571
20
-3.3000639370078741
11
5.4505577952755901
21
-3.3015135826771651
0
LINE
8
BLACK
6
CONTINUOUS
10
5.8442585826771651
20
-3.3015135826771651
11
5.8530718503937003
21
-3.3043772047244095
0
LINE
8
BLACK
6
CONTINUOUS
10
5.8530718503937003
20
-3.3043772047244095
11
5.861328661417323
21
-3.308584251968504
0
LINE
8
BLACK
6
CONTINUOUS
10
5.861328661417323
20
-3.308584251968504
11
5.8688256692913381
21
-3.3140311417322832
0
LINE
8
BLACK
6
CONTINUOUS
10
5.8688256692913381
20
-3.3140311417322832
11
5.8753783070866143
21
-3.320583779527559
0
LINE
8
BLACK
6
CONTINUOUS
10
5.8753783070866143
20
-3.320583779527559
11
5.8808251968503935
21
-3.3280807874015745
0
LINE
8
BLACK
6
CONTINUOUS
10
5.8808251968503935
20
-3.3280807874015745
11
5.8850322440944884
21
-3.3363375984251968
0
LINE
8
BLACK
6
CONTINUOUS
10
5.8850322440944884
20
-3.3363375984251968
11
5.887895866141732
21
-3.3451508661417324
0
LINE
8
BLACK
6
CONTINUOUS
10
5.887895866141732
20
-3.3451508661417324
11
5.8893455118110234
21
-3.3543035826771654
0
LINE
8
BLACK
6
CONTINUOUS
10
5.8893455118110234
20
-3.3543035826771654
11
5.8893455118110234
21
-3.363570433070866
0
LINE
8
BLACK
6
CONTINUOUS
10
5.8893455118110234
20
-3.363570433070866
11
5.887895866141732
21
-3.372723149606299
0
LINE
8
BLACK
6
CONTINUOUS
10
5.887895866141732
20
-3.372723149606299
11
5.8850322440944884
21
-3.3815364173228346
0
LINE
8
BLACK
6
CONTINUOUS
10
5.8850322440944884
20
-3.3815364173228346
11
5.8808251968503935
21
-3.3897932283464565
0
LINE
8
BLACK
6
CONTINUOUS
10
5.8808251968503935
20
-3.3897932283464565
11
5.8753783070866143
21
-3.3972902362204724
0
LINE
8
BLACK
6
CONTINUOUS
10
5.8753783070866143
20
-3.3972902362204724
11
5.8688256692913381
21
-3.4038428740157478
0
LINE
8
BLACK
6
CONTINUOUS
10
5.8688256692913381
20
-3.4038428740157478
11
5.861328661417323
21
-3.4092897637795274
0
LINE
8
BLACK
6
CONTINUOUS
10
5.861328661417323
20
-3.4092897637795274
11
5.8530718503937003
21
-3.4134968110236219
0
LINE
8
BLACK
6
CONTINUOUS
10
5.8530718503937003
20
-3.4134968110236219
11
5.8442585826771651
21
-3.4163604330708659
0
LINE
8
BLACK
6
CONTINUOUS
10
5.8442585826771651
20
-3.4163604330708659
11
5.8351058661417321
21
-3.4178100787401573
0
LINE
8
BLACK
6
CONTINUOUS
10
5.8351058661417321
20
-3.4178100787401573
11
5.8258390157480315
21
-3.4178100787401573
0
LINE
8
BLACK
6
CONTINUOUS
10
5.8258390157480315
20
-3.4178100787401573
11
5.8166862992125985
21
-3.4163604330708659
0
LINE
8
BLACK
6
CONTINUOUS
10
5.8166862992125985
20
-3.4163604330708659
11
5.8078730314960625
21
-3.4134968110236219
0
LINE
8
BLACK
6
CONTINUOUS
10
5.8078730314960625
20
-3.4134968110236219
11
5.7996162204724406
21
-3.4092897637795274
0
LINE
8
BLACK
6
CONTINUOUS
10
5.7996162204724406
20
-3.4092897637795274
11
5.7921192125984247
21
-3.4038428740157478
0
LINE
8
BLACK
6
CONTINUOUS
10
5.7921192125984247
20
-3.4038428740157478
11
5.7855665748031493
21
-3.3972902362204724
0
LINE
8
BLACK
6
CONTINUOUS
10
5.7855665748031493
20
-3.3972902362204724
11
5.7801196850393701
21
-3.3897932283464565
0
LINE
8
BLACK
6
CONTINUOUS
10
5.7801196850393701
20
-3.3897932283464565
11
5.7759126377952752
21
-3.3815364173228346
0
LINE
8
BLACK
6
CONTINUOUS
10
5.7759126377952752
20
-3.3815364173228346
11
5.7730490157480316
21
-3.372723149606299
0
LINE
8
BLACK
6
CONTINUOUS
10
5.7730490157480316
20
-3.372723149606299
11
5.7715993700787402
21
-3.363570433070866
0
LINE
8
BLACK
6
CONTINUOUS
10
5.7715993700787402
20
-3.363570433070866
11
5.7715993700787402
21
-3.3543035826771654
0
LINE
8
BLACK
6
CONTINUOUS
10
5.7715993700787402
20
-3.3543035826771654
11
5.7730490157480316
21
-3.3451508661417324
0
LINE
8
BLACK
6
CONTINUOUS
10
5.7730490157480316
20
-3.3451508661417324
11
5.7759126377952752
21
-3.3363375984251968
0
LINE
8
BLACK
6
CONTINUOUS
10
5.7759126377952752
20
-3.3363375984251968
11
5.7801196850393701
21
-3.3280807874015745
0
LINE
8
BLACK
6
CONTINUOUS
10
5.7801196850393701
20
-3.3280807874015745
11
5.7855665748031493
21
-3.320583779527559
0
LINE
8
BLACK
6
CONTINUOUS
10
5.7855665748031493
20
-3.320583779527559
11
5.7921192125984247
21
-3.3140311417322832
0
LINE
8
BLACK
6
CONTINUOUS
10
5.7921192125984247
20
-3.3140311417322832
11
5.7996162204724406
21
-3.308584251968504
0
LINE
8
BLACK
6
CONTINUOUS
10
5.7996162204724406
20
-3.308584251968504
11
5.8078730314960625
21
-3.3043772047244095
0
LINE
8
BLACK
6
CONTINUOUS
10
5.8078730314960625
20
-3.3043772047244095
11
5.8166862992125985
21
-3.3015135826771651
0
LINE
8
BLACK
6
CONTINUOUS
10
5.8166862992125985
20
-3.3015135826771651
11
5.8258390157480315
21
-3.3000639370078741
0
LINE
8
BLACK
6
CONTINUOUS
10
5.8258390157480315
20
-3.3000639370078741
11
5.8351058661417321
21
-3.3000639370078741
0
LINE
8
BLACK
6
CONTINUOUS
10
5.8351058661417321
20
-3.3000639370078741
11
5.8442585826771651
21
-3.3015135826771651
0
LINE
8
BLACK
6
CONTINUOUS
10
6.2379593700787401
20
-3.3015135826771651
11
6.2467726377952753
21
-3.3043772047244095
0
LINE
8
BLACK
6
CONTINUOUS
10
6.2467726377952753
20
-3.3043772047244095
11
6.2550294488188971
21
-3.308584251968504
0
LINE
8
BLACK
6
CONTINUOUS
10
6.2550294488188971
20
-3.308584251968504
11
6.2625264566929131
21
-3.3140311417322832
0
LINE
8
BLACK
6
CONTINUOUS
10
6.2625264566929131
20
-3.3140311417322832
11
6.2690790944881885
21
-3.320583779527559
0
LINE
8
BLACK
6
CONTINUOUS
10
6.2690790944881885
20
-3.320583779527559
11
6.2745259842519685
21
-3.3280807874015745
0
LINE
8
BLACK
6
CONTINUOUS
10
6.2745259842519685
20
-3.3280807874015745
11
6.2787330314960625
21
-3.3363375984251968
0
LINE
8
BLACK
6
CONTINUOUS
10
6.2787330314960625
20
-3.3363375984251968
11
6.281596653543307
21
-3.3451508661417324
0
LINE
8
BLACK
6
CONTINUOUS
10
6.281596653543307
20
-3.3451508661417324
11
6.2830462992125984
21
-3.3543035826771654
0
LINE
8
BLACK
6
CONTINUOUS
10
6.2830462992125984
20
-3.3543035826771654
11
6.2830462992125984
21
-3.363570433070866
0
LINE
8
BLACK
6
CONTINUOUS
10
6.2830462992125984
20
-3.363570433070866
11
6.281596653543307
21
-3.372723149606299
0
LINE
8
BLACK
6
CONTINUOUS
10
6.281596653543307
20
-3.372723149606299
11
6.2787330314960625
21
-3.3815364173228346
0
LINE
8
BLACK
6
CONTINUOUS
10
6.2787330314960625
20
-3.3815364173228346
11
6.2745259842519685
21
-3.3897932283464565
0
LINE
8
BLACK
6
CONTINUOUS
10
6.2745259842519685
20
-3.3897932283464565
11
6.2690790944881885
21
-3.3972902362204724
0
LINE
8
BLACK
6
CONTINUOUS
10
6.2690790944881885
20
-3.3972902362204724
11
6.2625264566929131
21
-3.4038428740157478
0
LINE
8
BLACK
6
CONTINUOUS
10
6.2625264566929131
20
-3.4038428740157478
11
6.2550294488188971
21
-3.4092897637795274
0
LINE
8
BLACK
6
CONTINUOUS
10
6.2550294488188971
20
-3.4092897637795274
11
6.2467726377952753
21
-3.4134968110236219
0
LINE
8
BLACK
6
CONTINUOUS
10
6.2467726377952753
20
-3.4134968110236219
11
6.2379593700787401
21
-3.4163604330708659
0
LINE
8
BLACK
6
CONTINUOUS
10
6.2379593700787401
20
-3.4163604330708659
11
6.2288066535433071
21
-3.4178100787401573
0
LINE
8
BLACK
6
CONTINUOUS
10
6.2288066535433071
20
-3.4178100787401573
11
6.2195398031496065
21
-3.4178100787401573
0
LINE
8
BLACK
6
CONTINUOUS
10
6.2195398031496065
20
-3.4178100787401573
11
6.2103870866141735
21
-3.4163604330708659
0
LINE
8
BLACK
6
CONTINUOUS
10
6.2103870866141735
20
-3.4163604330708659
11
6.2015738188976375
21
-3.4134968110236219
0
LINE
8
BLACK
6
CONTINUOUS
10
6.2015738188976375
20
-3.4134968110236219
11
6.1933170078740156
21
-3.4092897637795274
0
LINE
8
BLACK
6
CONTINUOUS
10
6.1933170078740156
20
-3.4092897637795274
11
6.1858199999999997
21
-3.4038428740157478
0
LINE
8
BLACK
6
CONTINUOUS
10
6.1858199999999997
20
-3.4038428740157478
11
6.1792673622047243
21
-3.3972902362204724
0
LINE
8
BLACK
6
CONTINUOUS
10
6.1792673622047243
20
-3.3972902362204724
11
6.1738204724409451
21
-3.3897932283464565
0
LINE
8
BLACK
6
CONTINUOUS
10
6.1738204724409451
20
-3.3897932283464565
11
6.1696134251968502
21
-3.3815364173228346
0
LINE
8
BLACK
6
CONTINUOUS
10
6.1696134251968502
20
-3.3815364173228346
11
6.1667498031496057
21
-3.372723149606299
0
LINE
8
BLACK
6
CONTINUOUS
10
6.1667498031496057
20
-3.372723149606299
11
6.1653001574803152
21
-3.363570433070866
0
LINE
8
BLACK
6
CONTINUOUS
10
6.1653001574803152
20
-3.363570433070866
11
6.1653001574803152
21
-3.3543035826771654
0
LINE
8
BLACK
6
CONTINUOUS
10
6.1653001574803152
20
-3.3543035826771654
11
6.1667498031496057
21
-3.3451508661417324
0
LINE
8
BLACK
6
CONTINUOUS
10
6.1667498031496057
20
-3.3451508661417324
11
6.1696134251968502
21
-3.3363375984251968
0
LINE
8
BLACK
6
CONTINUOUS
10
6.1696134251968502
20
-3.3363375984251968
11
6.1738204724409451
21
-3.3280807874015745
0
LINE
8
BLACK
6
CONTINUOUS
10
6.1738204724409451
20
-3.3280807874015745
11
6.1792673622047243
21
-3.320583779527559
0
LINE
8
BLACK
6
CONTINUOUS
10
6.1792673622047243
20
-3.320583779527559
11
6.1858199999999997
21
-3.3140311417322832
0
LINE
8
BLACK
6
CONTINUOUS
10
6.1858199999999997
20
-3.3140311417322832
11
6.1933170078740156
21
-3.308584251968504
0
LINE
8
BLACK
6
CONTINUOUS
10
6.1933170078740156
20
-3.308584251968504
11
6.2015738188976375
21
-3.3043772047244095
0
LINE
8
BLACK
6
CONTINUOUS
10
6.2015738188976375
20
-3.3043772047244095
11
6.2103870866141735
21
-3.3015135826771651
0
LINE
8
BLACK
6
CONTINUOUS
10
6.2103870866141735
20
-3.3015135826771651
11
6.2195398031496065
21
-3.3000639370078741
0
LINE
8
BLACK
6
CONTINUOUS
10
6.2195398031496065
20
-3.3000639370078741
11
6.2288066535433071
21
-3.3000639370078741
0
LINE
8
BLACK
6
CONTINUOUS
10
6.2288066535433071
20
-3.3000639370078741
11
6.2379593700787401
21
-3.3015135826771651
0
CIRCLE
8
BLACK
10
5.8304724409448818
20
-3.3589370078740157
40
0.0068897637795276
0
CIRCLE
8
BLACK
10
6.2241732283464568
20
-4.5400393700787403
40
0.0068897637795276
0
CIRCLE
8
BLACK
10
5.4367716535433068
20
-4.5400393700787403
40
0.0068897637795276
0
CIRCLE
8
BLACK
10
6.2241732283464568
20
-3.3589370078740157
40
0.0068897637795276
0
CIRCLE
8
BLACK
10
5.8304724409448818
20
-4.5400393700787403
40
0.0068897637795276
0
CIRCLE
8
BLACK
10
5.4367716535433068
20
-3.3589370078740157
40
0.0068897637795276
0
CIRCLE
8
BLACK
10
5.6012283464566925
20
-4.0632677165354334
40
0.0068897637795276
0
CIRCLE
8
BLACK
10
5.6012283464566925
20
-3.8357086614173226
40
0.0068897637795276
0
LINE
8
BLACK
6
CONTINUOUS
10
5.4736361417322836
20
-4.1078569685039366
11
5.4766143700787397
21
-4.108654960629921
0
LINE
8
BLACK
6
CONTINUOUS
10
5.4766143700787397
20
-4.108654960629921
11
5.4792845669291337
21
-4.110196614173228
0
LINE
8
BLACK
6
CONTINUOUS
10
5.4792845669291337
20
-4.110196614173228
11
5.4814648031496063
21
-4.1123768503937006
0
LINE
8
BLACK
6
CONTINUOUS
10
5.4814648031496063
20
-4.1123768503937006
11
5.4830064566929133
21
-4.1150470472440945
0
LINE
8
BLACK
6
CONTINUOUS
10
5.4830064566929133
20
-4.1150470472440945
11
5.4838044488188977
21
-4.1180252755905506
0
LINE
8
BLACK
6
CONTINUOUS
10
5.4838044488188977
20
-4.1180252755905506
11
5.4838044488188977
21
-4.1211085826771656
0
LINE
8
BLACK
6
CONTINUOUS
10
5.4838044488188977
20
-4.1211085826771656
11
5.4830064566929133
21
-4.1240868110236217
0
LINE
8
BLACK
6
CONTINUOUS
10
5.4830064566929133
20
-4.1240868110236217
11
5.4814648031496063
21
-4.1267570078740157
0
LINE
8
BLACK
6
CONTINUOUS
10
5.4814648031496063
20
-4.1267570078740157
11
5.4792845669291337
21
-4.1289372440944883
0
LINE
8
BLACK
6
CONTINUOUS
10
5.4792845669291337
20
-4.1289372440944883
11
5.4766143700787397
21
-4.1304788976377953
0
LINE
8
BLACK
6
CONTINUOUS
10
5.4766143700787397
20
-4.1304788976377953
11
5.4736361417322836
21
-4.1312768897637797
0
LINE
8
BLACK
6
CONTINUOUS
10
5.4736361417322836
20
-4.1312768897637797
11
5.4720944881889766
21
-4.1313779527559058
0
LINE
8
BLACK
6
CONTINUOUS
10
5.4720944881889766
20
-4.1313779527559058
11
5.4405984251968507
21
-4.1313779527559058
0
LINE
8
BLACK
6
CONTINUOUS
10
5.4405984251968507
20
-4.1313779527559058
11
5.4390567716535436
21
-4.1312768897637797
0
LINE
8
BLACK
6
CONTINUOUS
10
5.4390567716535436
20
-4.1312768897637797
11
5.4360785433070866
21
-4.1304788976377953
0
LINE
8
BLACK
6
CONTINUOUS
10
5.4360785433070866
20
-4.1304788976377953
11
5.4334083464566927
21
-4.1289372440944883
0
LINE
8
BLACK
6
CONTINUOUS
10
5.4334083464566927
20
-4.1289372440944883
11
5.4312281102362201
21
-4.1267570078740157
0
LINE
8
BLACK
6
CONTINUOUS
10
5.4312281102362201
20
-4.1267570078740157
11
5.4296864566929131
21
-4.1240868110236217
0
LINE
8
BLACK
6
CONTINUOUS
10
5.4296864566929131
20
-4.1240868110236217
11
5.4288884645669286
21
-4.1211085826771656
0
LINE
8
BLACK
6
CONTINUOUS
10
5.4288884645669286
20
-4.1211085826771656
11
5.4288884645669286
21
-4.1180252755905506
0
LINE
8
BLACK
6
CONTINUOUS
10
5.4288884645669286
20
-4.1180252755905506
11
5.4296864566929131
21
-4.1150470472440945
0
LINE
8
BLACK
6
CONTINUOUS
10
5.4296864566929131
20
-4.1150470472440945
11
5.4312281102362201
21
-4.1123768503937006
0
LINE
8
BLACK
6
CONTINUOUS
10
5.4312281102362201
20
-4.1123768503937006
11
5.4334083464566927
21
-4.110196614173228
0
LINE
8
BLACK
6
CONTINUOUS
10
5.4334083464566927
20
-4.110196614173228
11
5.4360785433070866
21
-4.108654960629921
0
LINE
8
BLACK
6
CONTINUOUS
10
5.4360785433070866
20
-4.108654960629921
11
5.4390567716535436
21
-4.1078569685039366
0
LINE
8
BLACK
6
CONTINUOUS
10
5.4390567716535436
20
-4.1078569685039366
11
5.4405984251968507
21
-4.1077559055118114
0
LINE
8
BLACK
6
CONTINUOUS
10
5.4405984251968507
20
-4.1077559055118114
11
5.4720944881889766
21
-4.1077559055118114
0
LINE
8
BLACK
6
CONTINUOUS
10
5.4720944881889766
20
-4.1077559055118114
11
5.4736361417322836
21
-4.1078569685039366
0
LINE
8
BLACK
6
CONTINUOUS
10
5.4736361417322836
20
-3.7676994881889763
11
5.4766143700787397
21
-3.7684974803149607
0
LINE
8
BLACK
6
CONTINUOUS
10
5.4766143700787397
20
-3.7684974803149607
11
5.4792845669291337
21
-3.7700391338582677
0
LINE
8
BLACK
6
CONTINUOUS
10
5.4792845669291337
20
-3.7700391338582677
11
5.4814648031496063
21
-3.7722193700787399
0
LINE
8
BLACK
6
CONTINUOUS
10
5.4814648031496063
20
-3.7722193700787399
11
5.4830064566929133
21
-3.7748895669291338
0
LINE
8
BLACK
6
CONTINUOUS
10
5.4830064566929133
20
-3.7748895669291338
11
5.4838044488188977
21
-3.7778677952755904
0
LINE
8
BLACK
6
CONTINUOUS
10
5.4838044488188977
20
-3.7778677952755904
11
5.4838044488188977
21
-3.7809511023622044
0
LINE
8
BLACK
6
CONTINUOUS
10
5.4838044488188977
20
-3.7809511023622044
11
5.4830064566929133
21
-3.7839293307086614
0
LINE
8
BLACK
6
CONTINUOUS
10
5.4830064566929133
20
-3.7839293307086614
11
5.4814648031496063
21
-3.7865995275590549
0
LINE
8
BLACK
6
CONTINUOUS
10
5.4814648031496063
20
-3.7865995275590549
11
5.4792845669291337
21
-3.7887797637795275
0
LINE
8
BLACK
6
CONTINUOUS
10
5.4792845669291337
20
-3.7887797637795275
11
5.4766143700787397
21
-3.7903214173228346
0
LINE
8
BLACK
6
CONTINUOUS
10
5.4766143700787397
20
-3.7903214173228346
11
5.4736361417322836
21
-3.791119409448819
0
LINE
8
BLACK
6
CONTINUOUS
10
5.4736361417322836
20
-3.791119409448819
11
5.4720944881889766
21
-3.7912204724409446
0
LINE
8
BLACK
6
CONTINUOUS
10
5.4720944881889766
20
-3.7912204724409446
11
5.4405984251968507
21
-3.7912204724409446
0
LINE
8
BLACK
6
CONTINUOUS
10
5.4405984251968507
20
-3.7912204724409446
11
5.4390567716535436
21
-3.791119409448819
0
LINE
8
BLACK
6
CONTINUOUS
10
5.4390567716535436
20
-3.791119409448819
11
5.4360785433070866
21
-3.7903214173228346
0
LINE
8
BLACK
6
CONTINUOUS
10
5.4360785433070866
20
-3.7903214173228346
11
5.4334083464566927
21
-3.7887797637795275
0
LINE
8
BLACK
6
CONTINUOUS
10
5.4334083464566927
20
-3.7887797637795275
11
5.4312281102362201
21
-3.7865995275590549
0
LINE
8
BLACK
6
CONTINUOUS
10
5.4312281102362201
20
-3.7865995275590549
11
5.4296864566929131
21
-3.7839293307086614
0
LINE
8
BLACK
6
CONTINUOUS
10
5.4296864566929131
20
-3.7839293307086614
11
5.4288884645669286
21
-3.7809511023622044
0
LINE
8
BLACK
6
CONTINUOUS
10
5.4288884645669286
20
-3.7809511023622044
11
5.4288884645669286
21
-3.7778677952755904
0
LINE
8
BLACK
6
CONTINUOUS
10
5.4288884645669286
20
-3.7778677952755904
11
5.4296864566929131
21
-3.7748895669291338
0
LINE
8
BLACK
6
CONTINUOUS
10
5.4296864566929131
20
-3.7748895669291338
11
5.4312281102362201
21
-3.7722193700787399
0
LINE
8
BLACK
6
CONTINUOUS
10
5.4312281102362201
20
-3.7722193700787399
11
5.4334083464566927
21
-3.7700391338582677
0
LINE
8
BLACK
6
CONTINUOUS
10
5.4334083464566927
20
-3.7700391338582677
11
5.4360785433070866
21
-3.7684974803149607
0
LINE
8
BLACK
6
CONTINUOUS
10
5.4360785433070866
20
-3.7684974803149607
11
5.4390567716535436
21
-3.7676994881889763
0
LINE
8
BLACK
6
CONTINUOUS
10
5.4390567716535436
20
-3.7676994881889763
11
5.4405984251968507
21
-3.7675984251968502
0
LINE
8
BLACK
6
CONTINUOUS
10
5.4405984251968507
20
-3.7675984251968502
11
5.4720944881889766
21
-3.7675984251968502
0
LINE
8
BLACK
6
CONTINUOUS
10
5.4720944881889766
20
-3.7675984251968502
11
5.4736361417322836
21
-3.7676994881889763
0
LINE
8
BLACK
6
CONTINUOUS
10
5.6441085826771653
20
-4.1078569685039366
11
5.6470868110236223
21
-4.108654960629921
0
LINE
8
BLACK
6
CONTINUOUS
10
5.6470868110236223
20
-4.108654960629921
11
5.6497570078740154
21
-4.110196614173228
0
LINE
8
BLACK
6
CONTINUOUS
10
5.6497570078740154
20
-4.110196614173228
11
5.6519372440944879
21
-4.1123768503937006
0
LINE
8
BLACK
6
CONTINUOUS
10
5.6519372440944879
20
-4.1123768503937006
11
5.653478897637795
21
-4.1150470472440945
0
LINE
8
BLACK
6
CONTINUOUS
10
5.653478897637795
20
-4.1150470472440945
11
5.6542768897637794
21
-4.1180252755905506
0
LINE
8
BLACK
6
CONTINUOUS
10
5.6542768897637794
20
-4.1180252755905506
11
5.6542768897637794
21
-4.1211085826771656
0
LINE
8
BLACK
6
CONTINUOUS
10
5.6542768897637794
20
-4.1211085826771656
11
5.653478897637795
21
-4.1240868110236217
0
LINE
8
BLACK
6
CONTINUOUS
10
5.653478897637795
20
-4.1240868110236217
11
5.6519372440944879
21
-4.1267570078740157
0
LINE
8
BLACK
6
CONTINUOUS
10
5.6519372440944879
20
-4.1267570078740157
11
5.6497570078740154
21
-4.1289372440944883
0
LINE
8
BLACK
6
CONTINUOUS
10
5.6497570078740154
20
-4.1289372440944883
11
5.6470868110236223
21
-4.1304788976377953
0
LINE
8
BLACK
6
CONTINUOUS
10
5.6470868110236223
20
-4.1304788976377953
11
5.6441085826771653
21
-4.1312768897637797
0
LINE
8
BLACK
6
CONTINUOUS
10
5.6441085826771653
20
-4.1312768897637797
11
5.6425669291338583
21
-4.1313779527559058
0
LINE
8
BLACK
6
CONTINUOUS
10
5.6425669291338583
20
-4.1313779527559058
11
5.5992598425196851
21
-4.1313779527559058
0
LINE
8
BLACK
6
CONTINUOUS
10
5.5992598425196851
20
-4.1313779527559058
11
5.5977181889763781
21
-4.1312768897637797
0
LINE
8
BLACK
6
CONTINUOUS
10
5.5977181889763781
20
-4.1312768897637797
11
5.5947399606299211
21
-4.1304788976377953
0
LINE
8
BLACK
6
CONTINUOUS
10
5.5947399606299211
20
-4.1304788976377953
11
5.5920697637795271
21
-4.1289372440944883
0
LINE
8
BLACK
6
CONTINUOUS
10
5.5920697637795271
20
-4.1289372440944883
11
5.5898895275590545
21
-4.1267570078740157
0
LINE
8
BLACK
6
CONTINUOUS
10
5.5898895275590545
20
-4.1267570078740157
11
5.5883478740157475
21
-4.1240868110236217
0
LINE
8
BLACK
6
CONTINUOUS
10
5.5883478740157475
20
-4.1240868110236217
11
5.587549881889764
21
-4.1211085826771656
0
LINE
8
BLACK
6
CONTINUOUS
10
5.587549881889764
20
-4.1211085826771656
11
5.587549881889764
21
-4.1180252755905506
0
LINE
8
BLACK
6
CONTINUOUS
10
5.587549881889764
20
-4.1180252755905506
11
5.5883478740157475
21
-4.1150470472440945
0
LINE
8
BLACK
6
CONTINUOUS
10
5.5883478740157475
20
-4.1150470472440945
11
5.5898895275590545
21
-4.1123768503937006
0
LINE
8
BLACK
6
CONTINUOUS
10
5.5898895275590545
20
-4.1123768503937006
11
5.5920697637795271
21
-4.110196614173228
0
LINE
8
BLACK
6
CONTINUOUS
10
5.5920697637795271
20
-4.110196614173228
11
5.5947399606299211
21
-4.108654960629921
0
LINE
8
BLACK
6
CONTINUOUS
10
5.5947399606299211
20
-4.108654960629921
11
5.5977181889763781
21
-4.1078569685039366
0
LINE
8
BLACK
6
CONTINUOUS
10
5.5977181889763781
20
-4.1078569685039366
11
5.5992598425196851
21
-4.1077559055118114
0
LINE
8
BLACK
6
CONTINUOUS
10
5.5992598425196851
20
-4.1077559055118114
11
5.6425669291338583
21
-4.1077559055118114
0
LINE
8
BLACK
6
CONTINUOUS
10
5.6425669291338583
20
-4.1077559055118114
11
5.6441085826771653
21
-4.1078569685039366
0
LINE
8
BLACK
6
CONTINUOUS
10
5.6441085826771653
20
-3.7676994881889763
11
5.6470868110236223
21
-3.7684974803149607
0
LINE
8
BLACK
6
CONTINUOUS
10
5.6470868110236223
20
-3.7684974803149607
11
5.6497570078740154
21
-3.7700391338582677
0
LINE
8
BLACK
6
CONTINUOUS
10
5.6497570078740154
20
-3.7700391338582677
11
5.6519372440944879
21
-3.7722193700787399
0
LINE
8
BLACK
6
CONTINUOUS
10
5.6519372440944879
20
-3.7722193700787399
11
5.653478897637795
21
-3.7748895669291338
0
LINE
8
BLACK
6
CONTINUOUS
10
5.653478897637795
20
-3.7748895669291338
11
5.6542768897637794
21
-3.7778677952755904
0
LINE
8
BLACK
6
CONTINUOUS
10
5.6542768897637794
20
-3.7778677952755904
11
5.6542768897637794
21
-3.7809511023622044
0
LINE
8
BLACK
6
CONTINUOUS
10
5.6542768897637794
20
-3.7809511023622044
11
5.653478897637795
21
-3.7839293307086614
0
LINE
8
BLACK
6
CONTINUOUS
10
5.653478897637795
20
-3.7839293307086614
11
5.6519372440944879
21
-3.7865995275590549
0
LINE
8
BLACK
6
CONTINUOUS
10
5.6519372440944879
20
-3.7865995275590549
11
5.6497570078740154
21
-3.7887797637795275
0
LINE
8
BLACK
6
CONTINUOUS
10
5.6497570078740154
20
-3.7887797637795275
11
5.6470868110236223
21
-3.7903214173228346
0
LINE
8
BLACK
6
CONTINUOUS
10
5.6470868110236223
20
-3.7903214173228346
11
5.6441085826771653
21
-3.791119409448819
0
LINE
8
BLACK
6
CONTINUOUS
10
5.6441085826771653
20
-3.791119409448819
11
5.6425669291338583
21
-3.7912204724409446
0
LINE
8
BLACK
6
CONTINUOUS
10
5.6425669291338583
20
-3.7912204724409446
11
5.5992598425196851
21
-3.7912204724409446
0
LINE
8
BLACK
6
CONTINUOUS
10
5.5992598425196851
20
-3.7912204724409446
11
5.5977181889763781
21
-3.791119409448819
0
LINE
8
BLACK
6
CONTINUOUS
10
5.5977181889763781
20
-3.791119409448819
11
5.5947399606299211
21
-3.7903214173228346
0
LINE
8
BLACK
6
CONTINUOUS
10
5.5947399606299211
20
-3.7903214173228346
11
5.5920697637795271
21
-3.7887797637795275
0
LINE
8
BLACK
6
CONTINUOUS
10
5.5920697637795271
20
-3.7887797637795275
11
5.5898895275590545
21
-3.7865995275590549
0
LINE
8
BLACK
6
CONTINUOUS
10
5.5898895275590545
20
-3.7865995275590549
11
5.5883478740157475
21
-3.7839293307086614
0
LINE
8
BLACK
6
CONTINUOUS
10
5.5883478740157475
20
-3.7839293307086614
11
5.587549881889764
21
-3.7809511023622044
0
LINE
8
BLACK
6
CONTINUOUS
10
5.587549881889764
20
-3.7809511023622044
11
5.587549881889764
21
-3.7778677952755904
0
LINE
8
BLACK
6
CONTINUOUS
10
5.587549881889764
20
-3.7778677952755904
11
5.5883478740157475
21
-3.7748895669291338
0
LINE
8
BLACK
6
CONTINUOUS
10
5.5883478740157475
20
-3.7748895669291338
11
5.5898895275590545
21
-3.7722193700787399
0
LINE
8
BLACK
6
CONTINUOUS
10
5.5898895275590545
20
-3.7722193700787399
11
5.5920697637795271
21
-3.7700391338582677
0
LINE
8
BLACK
6
CONTINUOUS
10
5.5920697637795271
20
-3.7700391338582677
11
5.5947399606299211
21
-3.7684974803149607
0
LINE
8
BLACK
6
CONTINUOUS
10
5.5947399606299211
20
-3.7684974803149607
11
5.5977181889763781
21
-3.7676994881889763
0
LINE
8
BLACK
6
CONTINUOUS
10
5.5977181889763781
20
-3.7676994881889763
11
5.5992598425196851
21
-3.7675984251968502
0
LINE
8
BLACK
6
CONTINUOUS
10
5.5992598425196851
20
-3.7675984251968502
11
5.6425669291338583
21
-3.7675984251968502
0
LINE
8
BLACK
6
CONTINUOUS
10
5.6425669291338583
20
-3.7675984251968502
11
5.6441085826771653
21
-3.7676994881889763
0
CIRCLE
8
WHITE
10
5.8304724409448818
20
-3.3589370078740157
40
0.0068897637795276
0
CIRCLE
8
WHITE
10
6.2241732283464568
20
-4.5400393700787403
40
0.0068897637795276
0
CIRCLE
8
WHITE
10
5.4367716535433068
20
-4.5400393700787403
40
0.0068897637795276
0
CIRCLE
8
WHITE
10
6.2241732283464568
20
-3.3589370078740157
40
0.0068897637795276
0
CIRCLE
8
WHITE
10
5.8304724409448818
20
-4.5400393700787403
40
0.0068897637795276
0
CIRCLE
8
WHITE
10
5.4367716535433068
20
-3.3589370078740157
40
0.0068897637795276
0
CIRCLE
8
WHITE
10
5.6012283464566925
20
-4.0632677165354334
40
0.0068897637795276
0
CIRCLE
8
WHITE
10
5.6012283464566925
20
-3.8357086614173226
40
0.0068897637795276
0
LINE
8
WHITE
6
CONTINUOUS
10
5.4405984251968507
20
-4.1313779527559058
11
5.4720944881889766
21
-4.1313779527559058
0
ARC
8
WHITE
10
5.4720944881889766
20
-4.1195669291338586
40
0.0118110236220472
50
-90.00000000
51
90.00000000
0
LINE
8
WHITE
6
CONTINUOUS
10
5.4720944881889766
20
-4.1077559055118114
11
5.4405984251968507
21
-4.1077559055118114
0
ARC
8
WHITE
10
5.4405984251968507
20
-4.1195669291338586
40
0.0118110236220472
50
90.00000000
51
270.00000000
0
LINE
8
WHITE
6
CONTINUOUS
10
5.4405984251968507
20
-3.7912204724409446
11
5.4720944881889766
21
-3.7912204724409446
0
ARC
8
WHITE
10
5.4720944881889766
20
-3.7794094488188974
40
0.0118110236220472
50
-90.00000000
51
90.00000000
0
LINE
8
WHITE
6
CONTINUOUS
10
5.4720944881889766
20
-3.7675984251968502
11
5.4405984251968507
21
-3.7675984251968502
0
ARC
8
WHITE
10
5.4405984251968507
20
-3.7794094488188974
40
0.0118110236220472
50
90.00000000
51
270.00000000
0
LINE
8
WHITE
6
CONTINUOUS
10
5.5992598425196851
20
-4.1313779527559058
11
5.6425669291338583
21
-4.1313779527559058
0
ARC
8
WHITE
10
5.6425669291338583
20
-4.1195669291338586
40
0.0118110236220472
50
-90.00000000
51
90.00000000
0
LINE
8
WHITE
6
CONTINUOUS
10
5.6425669291338583
20
-4.1077559055118114
11
5.5992598425196851
21
-4.1077559055118114
0
ARC
8
WHITE
10
5.5992598425196851
20
-4.1195669291338586
40
0.0118110236220472
50
90.00000000
51
270.00000000
0
LINE
8
WHITE
6
CONTINUOUS
10
5.5992598425196851
20
-3.7912204724409446
11
5.6425669291338583
21
-3.7912204724409446
0
ARC
8
WHITE
10
5.6425669291338583
20
-3.7794094488188974
40
0.0118110236220472
50
-90.00000000
51
90.00000000
0
LINE
8
WHITE
6
CONTINUOUS
10
5.6425669291338583
20
-3.7675984251968502
11
5.5992598425196851
21
-3.7675984251968502
0
ARC
8
WHITE
10
5.5992598425196851
20
-3.7794094488188974
40
0.0118110236220472
50
90.00000000
51
270.00000000
  0
ENDSEC
  0
EOF
