  0
SECTION
  2
HEADER
  9
$ANGBASE
  50
0.0
  9
$ANGDIR
  70
1
  9
$MEASUREMENT
  70
0
  0
ENDSEC
  0
SECTION
  2
TABLES
  0
TABLE
  2
LTYPE
  70
4
  0
LTYPE
  5
40F
  2
CONTINUOUS
  70
0
  3
Solid line
  72
65
  73
0
  40
0.0
  0
LTYPE
  5
410
  2
DASHDOT
 70
0
  3
Dash Dot ____ _ ____ _
 72
65
 73
4
 40
2.0
 49
1.25
 49
-0.25
 49
0.25
 49
-0.25
  0
LTYPE
  5
411
  2
DASHED
 70
0
  3
Dashed __ __ __ __ __
 72
65
 73
2
 40
0.75
 49
0.5
 49
-0.25
  0
LTYPE
  5
43B
  2
DOTTED
 70
0
  3
Dotted .  .  .  .
 72
65
 73
2
 40
0.2
 49
0.0
 49
-0.2
  0
ENDTAB
  0
TABLE
  2
STYLE
  70
4
  0
STYLE
  2
KICAD
  70
0
  40
0
  41
1
  42
1
  50
0
  71
0
  3
isocp.shx
  0
STYLE
  2
KICADB
  70
0
  40
0
  41
1
  42
1
  50
0
  71
0
  3
isocp.shx
  0
STYLE
  2
KICADI
  70
0
  40
0
  41
1
  42
1
  50
15
  71
0
  3
isocp.shx
  0
STYLE
  2
KICADBI
  70
0
  40
0
  41
1
  42
1
  50
15
  71
0
  3
isocp.shx
  0
ENDTAB
  0
TABLE
  2
LAYER
  70
1
  0
LAYER
  2
BLACK
  70
0
  62
7
  6
CONTINUOUS
  0
ENDTAB
  0
ENDSEC
  0
SECTION
  2
ENTITIES
0
LINE
8
BLACK
6
CONTINUOUS
10
5.4939735039370081
20
-4.4575464566929135
11
5.4950379133858265
21
-4.4579873622047241
0
LINE
8
BLACK
6
CONTINUOUS
10
5.4950379133858265
20
-4.4579873622047241
11
5.4958525590551179
21
-4.4588020078740156
0
LINE
8
BLACK
6
CONTINUOUS
10
5.4958525590551179
20
-4.4588020078740156
11
5.4962934645669286
21
-4.4598664173228348
0
LINE
8
BLACK
6
CONTINUOUS
10
5.4962934645669286
20
-4.4598664173228348
11
5.4962934645669286
21
-4.4610185433070866
0
LINE
8
BLACK
6
CONTINUOUS
10
5.4962934645669286
20
-4.4610185433070866
11
5.4958525590551179
21
-4.4620829527559058
0
LINE
8
BLACK
6
CONTINUOUS
10
5.4958525590551179
20
-4.4620829527559058
11
5.4950379133858265
21
-4.4628975984251964
0
LINE
8
BLACK
6
CONTINUOUS
10
5.4950379133858265
20
-4.4628975984251964
11
5.4939735039370081
21
-4.4633385039370079
0
LINE
8
BLACK
6
CONTINUOUS
10
5.4939735039370081
20
-4.4633385039370079
11
5.4933974409448814
21
-4.4633952362204727
0
LINE
8
BLACK
6
CONTINUOUS
10
5.4933974409448814
20
-4.4633952362204727
11
5.4730201181102363
21
-4.4633952362204727
0
LINE
8
BLACK
6
CONTINUOUS
10
5.4730201181102363
20
-4.4633952362204727
11
5.4948624015748031
21
-4.4758765354330707
0
LINE
8
BLACK
6
CONTINUOUS
10
5.4948624015748031
20
-4.4758765354330707
11
5.4949837795275593
21
-4.475962677165354
0
LINE
8
BLACK
6
CONTINUOUS
10
5.4949837795275593
20
-4.475962677165354
11
5.4950379133858265
21
-4.4759851181102359
0
LINE
8
BLACK
6
CONTINUOUS
10
5.4950379133858265
20
-4.4759851181102359
11
5.4950929921259846
21
-4.476040196850394
0
LINE
8
BLACK
6
CONTINUOUS
10
5.4950929921259846
20
-4.476040196850394
11
5.4953344488188973
21
-4.4762115748031492
0
LINE
8
BLACK
6
CONTINUOUS
10
5.4953344488188973
20
-4.4762115748031492
11
5.4955749212598421
21
-4.4765221259842516
0
LINE
8
BLACK
6
CONTINUOUS
10
5.4955749212598421
20
-4.4765221259842516
11
5.4958525590551179
21
-4.4767997637795274
0
LINE
8
BLACK
6
CONTINUOUS
10
5.4958525590551179
20
-4.4767997637795274
11
5.4959246062992122
21
-4.4769737007874015
0
LINE
8
BLACK
6
CONTINUOUS
10
5.4959246062992122
20
-4.4769737007874015
11
5.4960398425196848
21
-4.4771225196850395
0
LINE
8
BLACK
6
CONTINUOUS
10
5.4960398425196848
20
-4.4771225196850395
11
5.4961431496062989
21
-4.477501299212598
0
LINE
8
BLACK
6
CONTINUOUS
10
5.4961431496062989
20
-4.477501299212598
11
5.4962934645669286
21
-4.4778641732283466
0
LINE
8
BLACK
6
CONTINUOUS
10
5.4962934645669286
20
-4.4778641732283466
11
5.4962934645669286
21
-4.4780523622047239
0
LINE
8
BLACK
6
CONTINUOUS
10
5.4962934645669286
20
-4.4780523622047239
11
5.4963429921259843
21
-4.4782339763779531
0
LINE
8
BLACK
6
CONTINUOUS
10
5.4963429921259843
20
-4.4782339763779531
11
5.4962934645669286
21
-4.478623582677165
0
LINE
8
BLACK
6
CONTINUOUS
10
5.4962934645669286
20
-4.478623582677165
11
5.4962934645669286
21
-4.4790162992125984
0
LINE
8
BLACK
6
CONTINUOUS
10
5.4962934645669286
20
-4.4790162992125984
11
5.4962214173228343
21
-4.4791901181102363
0
LINE
8
BLACK
6
CONTINUOUS
10
5.4962214173228343
20
-4.4791901181102363
11
5.4961977165354332
21
-4.4793768897637793
0
LINE
8
BLACK
6
CONTINUOUS
10
5.4961977165354332
20
-4.4793768897637793
11
5.4960027952755901
21
-4.479717992125984
0
LINE
8
BLACK
6
CONTINUOUS
10
5.4960027952755901
20
-4.479717992125984
11
5.4958525590551179
21
-4.4800807086614176
0
LINE
8
BLACK
6
CONTINUOUS
10
5.4958525590551179
20
-4.4800807086614176
11
5.4957195275590554
21
-4.4802137007874014
0
LINE
8
BLACK
6
CONTINUOUS
10
5.4957195275590554
20
-4.4802137007874014
11
5.4956261023622046
21
-4.4803772440944885
0
LINE
8
BLACK
6
CONTINUOUS
10
5.4956261023622046
20
-4.4803772440944885
11
5.4953154724409448
21
-4.480617755905512
0
LINE
8
BLACK
6
CONTINUOUS
10
5.4953154724409448
20
-4.480617755905512
11
5.4950379133858265
21
-4.4808953543307082
0
LINE
8
BLACK
6
CONTINUOUS
10
5.4950379133858265
20
-4.4808953543307082
11
5.4948640157480311
21
-4.4809673622047246
0
LINE
8
BLACK
6
CONTINUOUS
10
5.4948640157480311
20
-4.4809673622047246
11
5.494715196850394
21
-4.481082637795275
0
LINE
8
BLACK
6
CONTINUOUS
10
5.494715196850394
20
-4.481082637795275
11
5.4943362992125984
21
-4.48118594488189
0
LINE
8
BLACK
6
CONTINUOUS
10
5.4943362992125984
20
-4.48118594488189
11
5.4939735039370081
21
-4.4813362598425197
0
LINE
8
BLACK
6
CONTINUOUS
10
5.4939735039370081
20
-4.4813362598425197
11
5.4936788976377953
21
-4.4813652362204728
0
LINE
8
BLACK
6
CONTINUOUS
10
5.4936788976377953
20
-4.4813652362204728
11
5.4936037007874017
21
-4.4813857874015746
0
LINE
8
BLACK
6
CONTINUOUS
10
5.4936037007874017
20
-4.4813857874015746
11
5.4935455905511814
21
-4.4813783858267717
0
LINE
8
BLACK
6
CONTINUOUS
10
5.4935455905511814
20
-4.4813783858267717
11
5.4933974409448814
21
-4.4813929921259845
0
LINE
8
BLACK
6
CONTINUOUS
10
5.4933974409448814
20
-4.4813929921259845
11
5.4619013779527554
21
-4.4813929921259845
0
LINE
8
BLACK
6
CONTINUOUS
10
5.4619013779527554
20
-4.4813929921259845
11
5.4613253149606296
21
-4.4813362598425197
0
LINE
8
BLACK
6
CONTINUOUS
10
5.4613253149606296
20
-4.4813362598425197
11
5.4602609055118112
21
-4.4808953543307082
0
LINE
8
BLACK
6
CONTINUOUS
10
5.4602609055118112
20
-4.4808953543307082
11
5.4594462598425197
21
-4.4800807086614176
0
LINE
8
BLACK
6
CONTINUOUS
10
5.4594462598425197
20
-4.4800807086614176
11
5.4590053543307082
21
-4.4790162992125984
0
LINE
8
BLACK
6
CONTINUOUS
10
5.4590053543307082
20
-4.4790162992125984
11
5.4590053543307082
21
-4.4778641732283466
0
LINE
8
BLACK
6
CONTINUOUS
10
5.4590053543307082
20
-4.4778641732283466
11
5.4594462598425197
21
-4.4767997637795274
0
LINE
8
BLACK
6
CONTINUOUS
10
5.4594462598425197
20
-4.4767997637795274
11
5.4602609055118112
21
-4.4759851181102359
0
LINE
8
BLACK
6
CONTINUOUS
10
5.4602609055118112
20
-4.4759851181102359
11
5.4613253149606296
21
-4.4755442125984253
0
LINE
8
BLACK
6
CONTINUOUS
10
5.4613253149606296
20
-4.4755442125984253
11
5.4619013779527554
21
-4.4754874803149605
0
LINE
8
BLACK
6
CONTINUOUS
10
5.4619013779527554
20
-4.4754874803149605
11
5.4822787007874014
21
-4.4754874803149605
0
LINE
8
BLACK
6
CONTINUOUS
10
5.4822787007874014
20
-4.4754874803149605
11
5.4604364173228346
21
-4.4630061811023625
0
LINE
8
BLACK
6
CONTINUOUS
10
5.4604364173228346
20
-4.4630061811023625
11
5.4603149999999996
21
-4.4629199999999996
0
LINE
8
BLACK
6
CONTINUOUS
10
5.4603149999999996
20
-4.4629199999999996
11
5.4602609055118112
21
-4.4628975984251964
0
LINE
8
BLACK
6
CONTINUOUS
10
5.4602609055118112
20
-4.4628975984251964
11
5.4602057874015744
21
-4.4628424803149604
0
LINE
8
BLACK
6
CONTINUOUS
10
5.4602057874015744
20
-4.4628424803149604
11
5.4599643700787404
21
-4.4626711417322831
0
LINE
8
BLACK
6
CONTINUOUS
10
5.4599643700787404
20
-4.4626711417322831
11
5.459723818897638
21
-4.4623605118110232
0
LINE
8
BLACK
6
CONTINUOUS
10
5.459723818897638
20
-4.4623605118110232
11
5.4594462598425197
21
-4.4620829527559058
0
LINE
8
BLACK
6
CONTINUOUS
10
5.4594462598425197
20
-4.4620829527559058
11
5.4593742125984255
21
-4.4619090551181104
0
LINE
8
BLACK
6
CONTINUOUS
10
5.4593742125984255
20
-4.4619090551181104
11
5.4592589763779529
21
-4.4617602362204725
0
LINE
8
BLACK
6
CONTINUOUS
10
5.4592589763779529
20
-4.4617602362204725
11
5.45915562992126
21
-4.4613813385826768
0
LINE
8
BLACK
6
CONTINUOUS
10
5.45915562992126
20
-4.4613813385826768
11
5.4590053543307082
21
-4.4610185433070866
0
LINE
8
BLACK
6
CONTINUOUS
10
5.4590053543307082
20
-4.4610185433070866
11
5.4590053543307082
21
-4.4608303149606297
0
LINE
8
BLACK
6
CONTINUOUS
10
5.4590053543307082
20
-4.4608303149606297
11
5.4589558267716534
21
-4.4606487401574801
0
LINE
8
BLACK
6
CONTINUOUS
10
5.4589558267716534
20
-4.4606487401574801
11
5.4590053543307082
21
-4.4602590944881886
0
LINE
8
BLACK
6
CONTINUOUS
10
5.4590053543307082
20
-4.4602590944881886
11
5.4590053543307082
21
-4.4598664173228348
0
LINE
8
BLACK
6
CONTINUOUS
10
5.4590053543307082
20
-4.4598664173228348
11
5.4590773622047246
21
-4.4596925590551182
0
LINE
8
BLACK
6
CONTINUOUS
10
5.4590773622047246
20
-4.4596925590551182
11
5.4591011023622045
21
-4.4595058267716539
0
LINE
8
BLACK
6
CONTINUOUS
10
5.4591011023622045
20
-4.4595058267716539
11
5.4592959842519679
21
-4.4591646850393696
0
LINE
8
BLACK
6
CONTINUOUS
10
5.4592959842519679
20
-4.4591646850393696
11
5.4594462598425197
21
-4.4588020078740156
0
LINE
8
BLACK
6
CONTINUOUS
10
5.4594462598425197
20
-4.4588020078740156
11
5.4595792519685036
21
-4.458668976377953
0
LINE
8
BLACK
6
CONTINUOUS
10
5.4595792519685036
20
-4.458668976377953
11
5.4596727165354331
21
-4.4585054724409448
0
LINE
8
BLACK
6
CONTINUOUS
10
5.4596727165354331
20
-4.4585054724409448
11
5.4599833070866142
21
-4.4582649212598424
0
LINE
8
BLACK
6
CONTINUOUS
10
5.4599833070866142
20
-4.4582649212598424
11
5.4602609055118112
21
-4.4579873622047241
0
LINE
8
BLACK
6
CONTINUOUS
10
5.4602609055118112
20
-4.4579873622047241
11
5.4604347637795279
21
-4.4579153149606299
0
LINE
8
BLACK
6
CONTINUOUS
10
5.4604347637795279
20
-4.4579153149606299
11
5.4605836220472437
21
-4.4578000787401573
0
LINE
8
BLACK
6
CONTINUOUS
10
5.4605836220472437
20
-4.4578000787401573
11
5.4609624803149606
21
-4.4576967322834644
0
LINE
8
BLACK
6
CONTINUOUS
10
5.4609624803149606
20
-4.4576967322834644
11
5.4613253149606296
21
-4.4575464566929135
0
LINE
8
BLACK
6
CONTINUOUS
10
5.4613253149606296
20
-4.4575464566929135
11
5.4616198818897637
21
-4.4575174409448817
0
LINE
8
BLACK
6
CONTINUOUS
10
5.4616198818897637
20
-4.4575174409448817
11
5.461695118110236
21
-4.4574969291338578
0
LINE
8
BLACK
6
CONTINUOUS
10
5.461695118110236
20
-4.4574969291338578
11
5.4617531889763775
21
-4.4575042913385827
0
LINE
8
BLACK
6
CONTINUOUS
10
5.4617531889763775
20
-4.4575042913385827
11
5.4619013779527554
21
-4.4574897244094487
0
LINE
8
BLACK
6
CONTINUOUS
10
5.4619013779527554
20
-4.4574897244094487
11
5.4933974409448814
21
-4.4574897244094487
0
LINE
8
BLACK
6
CONTINUOUS
10
5.4933974409448814
20
-4.4574897244094487
11
5.4939735039370081
21
-4.4575464566929135
0
LINE
8
BLACK
6
CONTINUOUS
10
6.3735231102362206
20
-4.2592621653543308
11
6.3743377559055121
21
-4.2600768110236222
0
LINE
8
BLACK
6
CONTINUOUS
10
6.3743377559055121
20
-4.2600768110236222
11
6.3747786614173227
21
-4.2611412204724406
0
LINE
8
BLACK
6
CONTINUOUS
10
6.3747786614173227
20
-4.2611412204724406
11
6.3748353937007876
21
-4.2617172834645665
0
LINE
8
BLACK
6
CONTINUOUS
10
6.3748353937007876
20
-4.2617172834645665
11
6.3748353937007876
21
-4.2795820078740157
0
LINE
8
BLACK
6
CONTINUOUS
10
6.3748353937007876
20
-4.2795820078740157
11
6.3849363385826772
21
-4.2707437007874018
0
LINE
8
BLACK
6
CONTINUOUS
10
6.3849363385826772
20
-4.2707437007874018
11
6.3851853149606299
21
-4.2705656692913383
0
LINE
8
BLACK
6
CONTINUOUS
10
6.3851853149606299
20
-4.2705656692913383
11
6.3852402755905509
21
-4.2705107480314961
0
LINE
8
BLACK
6
CONTINUOUS
10
6.3852402755905509
20
-4.2705107480314961
11
6.3852923622047246
21
-4.270489133858268
0
LINE
8
BLACK
6
CONTINUOUS
10
6.3852923622047246
20
-4.270489133858268
11
6.3854072440944885
21
-4.2704070472440945
0
LINE
8
BLACK
6
CONTINUOUS
10
6.3854072440944885
20
-4.2704070472440945
11
6.3858614566929131
21
-4.2702534251968505
0
LINE
8
BLACK
6
CONTINUOUS
10
6.3858614566929131
20
-4.2702534251968505
11
6.3863046850393701
21
-4.2700698425196846
0
LINE
8
BLACK
6
CONTINUOUS
10
6.3863046850393701
20
-4.2700698425196846
11
6.3864043307086611
21
-4.2700698425196846
0
LINE
8
BLACK
6
CONTINUOUS
10
6.3864043307086611
20
-4.2700698425196846
11
6.3864986220472444
21
-4.2700379527559056
0
LINE
8
BLACK
6
CONTINUOUS
10
6.3864986220472444
20
-4.2700379527559056
11
6.3869770866141735
21
-4.2700698425196846
0
LINE
8
BLACK
6
CONTINUOUS
10
6.3869770866141735
20
-4.2700698425196846
11
6.3874568110236218
21
-4.2700698425196846
0
LINE
8
BLACK
6
CONTINUOUS
10
6.3874568110236218
20
-4.2700698425196846
11
6.3875487795275587
21
-4.2701079133858268
0
LINE
8
BLACK
6
CONTINUOUS
10
6.3875487795275587
20
-4.2701079133858268
11
6.3876481496062993
21
-4.2701145669291334
0
LINE
8
BLACK
6
CONTINUOUS
10
6.3876481496062993
20
-4.2701145669291334
11
6.3880782677165353
21
-4.2703272440944877
0
LINE
8
BLACK
6
CONTINUOUS
10
6.3880782677165353
20
-4.2703272440944877
11
6.3885212204724411
21
-4.2705107480314961
0
LINE
8
BLACK
6
CONTINUOUS
10
6.3885212204724411
20
-4.2705107480314961
11
6.3885915354330711
21
-4.2705810629921261
0
LINE
8
BLACK
6
CONTINUOUS
10
6.3885915354330711
20
-4.2705810629921261
11
6.3886809055118112
21
-4.2706252755905512
0
LINE
8
BLACK
6
CONTINUOUS
10
6.3886809055118112
20
-4.2706252755905512
11
6.3889968503937009
21
-4.2709863779527559
0
LINE
8
BLACK
6
CONTINUOUS
10
6.3889968503937009
20
-4.2709863779527559
11
6.3893358661417325
21
-4.2713253937007876
0
LINE
8
BLACK
6
CONTINUOUS
10
6.3893358661417325
20
-4.2713253937007876
11
6.3893739763779527
21
-4.2714173622047245
0
LINE
8
BLACK
6
CONTINUOUS
10
6.3893739763779527
20
-4.2714173622047245
11
6.3894395669291333
21
-4.2714923622047243
0
LINE
8
BLACK
6
CONTINUOUS
10
6.3894395669291333
20
-4.2714923622047243
11
6.3895931496062994
21
-4.2719465748031498
0
LINE
8
BLACK
6
CONTINUOUS
10
6.3895931496062994
20
-4.2719465748031498
11
6.3897767716535432
21
-4.2723898031496059
0
LINE
8
BLACK
6
CONTINUOUS
10
6.3897767716535432
20
-4.2723898031496059
11
6.3897905905511809
21
-4.2725303543307085
0
LINE
8
BLACK
6
CONTINUOUS
10
6.3897905905511809
20
-4.2725303543307085
11
6.3898086614173231
21
-4.2725837401574802
0
LINE
8
BLACK
6
CONTINUOUS
10
6.3898086614173231
20
-4.2725837401574802
11
6.3898034645669286
21
-4.2726611811023618
0
LINE
8
BLACK
6
CONTINUOUS
10
6.3898034645669286
20
-4.2726611811023618
11
6.389833503937008
21
-4.2729658661417318
0
LINE
8
BLACK
6
CONTINUOUS
10
6.389833503937008
20
-4.2729658661417318
11
6.389833503937008
21
-4.2778931102362208
0
LINE
8
BLACK
6
CONTINUOUS
10
6.389833503937008
20
-4.2778931102362208
11
6.3911822440944883
21
-4.2805905905511814
0
LINE
8
BLACK
6
CONTINUOUS
10
6.3911822440944883
20
-4.2805905905511814
11
6.3923793700787401
21
-4.2817877165354332
0
LINE
8
BLACK
6
CONTINUOUS
10
6.3923793700787401
20
-4.2817877165354332
11
6.3950768503937008
21
-4.2831364566929135
0
LINE
8
BLACK
6
CONTINUOUS
10
6.3950768503937008
20
-4.2831364566929135
11
6.4030565748031494
21
-4.2831364566929135
0
LINE
8
BLACK
6
CONTINUOUS
10
6.4030565748031494
20
-4.2831364566929135
11
6.40575405511811
21
-4.2817876771653545
0
LINE
8
BLACK
6
CONTINUOUS
10
6.40575405511811
20
-4.2817876771653545
11
6.4069512204724406
21
-4.2805905511811027
0
LINE
8
BLACK
6
CONTINUOUS
10
6.4069512204724406
20
-4.2805905511811027
11
6.4082999606299209
21
-4.2778931102362208
0
LINE
8
BLACK
6
CONTINUOUS
10
6.4082999606299209
20
-4.2778931102362208
11
6.4082999606299209
21
-4.2680386220472437
0
LINE
8
BLACK
6
CONTINUOUS
10
6.4082999606299209
20
-4.2680386220472437
11
6.4069512204724406
21
-4.2653411417322831
0
LINE
8
BLACK
6
CONTINUOUS
10
6.4069512204724406
20
-4.2653411417322831
11
6.4054152755905509
21
-4.2638052362204721
0
LINE
8
BLACK
6
CONTINUOUS
10
6.4054152755905509
20
-4.2638052362204721
11
6.4050480314960625
21
-4.2633577559055116
0
LINE
8
BLACK
6
CONTINUOUS
10
6.4050480314960625
20
-4.2633577559055116
11
6.4046071259842519
21
-4.2622933464566932
0
LINE
8
BLACK
6
CONTINUOUS
10
6.4046071259842519
20
-4.2622933464566932
11
6.4046071259842519
21
-4.2611412598425193
0
LINE
8
BLACK
6
CONTINUOUS
10
6.4046071259842519
20
-4.2611412598425193
11
6.4050479921259837
21
-4.260076850393701
0
LINE
8
BLACK
6
CONTINUOUS
10
6.4050479921259837
20
-4.260076850393701
11
6.405862677165354
21
-4.2592621653543308
0
LINE
8
BLACK
6
CONTINUOUS
10
6.405862677165354
20
-4.2592621653543308
11
6.4069270866141732
21
-4.2588212598425192
0
LINE
8
BLACK
6
CONTINUOUS
10
6.4069270866141732
20
-4.2588212598425192
11
6.4080791732283462
21
-4.2588212598425192
0
LINE
8
BLACK
6
CONTINUOUS
10
6.4080791732283462
20
-4.2588212598425192
11
6.4091435826771654
21
-4.259262125984252
0
LINE
8
BLACK
6
CONTINUOUS
10
6.4091435826771654
20
-4.259262125984252
11
6.4095910236220472
21
-4.2596293307086617
0
LINE
8
BLACK
6
CONTINUOUS
10
6.4095910236220472
20
-4.2596293307086617
11
6.4114658267716536
21
-4.2615040944881892
0
LINE
8
BLACK
6
CONTINUOUS
10
6.4114658267716536
20
-4.2615040944881892
11
6.4116515748031491
21
-4.2617304330708663
0
LINE
8
BLACK
6
CONTINUOUS
10
6.4116515748031491
20
-4.2617304330708663
11
6.4117106299212594
21
-4.2617816535433066
0
LINE
8
BLACK
6
CONTINUOUS
10
6.4117106299212594
20
-4.2617816535433066
11
6.4117666141732279
21
-4.2618705905511813
0
LINE
8
BLACK
6
CONTINUOUS
10
6.4117666141732279
20
-4.2618705905511813
11
6.411833070866142
21
-4.2619515748031498
0
LINE
8
BLACK
6
CONTINUOUS
10
6.411833070866142
20
-4.2619515748031498
11
6.4118628740157479
21
-4.2620235039370078
0
LINE
8
BLACK
6
CONTINUOUS
10
6.4118628740157479
20
-4.2620235039370078
11
6.4120189763779525
21
-4.2622715354330705
0
LINE
8
BLACK
6
CONTINUOUS
10
6.4120189763779525
20
-4.2622715354330705
11
6.41389374015748
21
-4.2660210629921256
0
LINE
8
BLACK
6
CONTINUOUS
10
6.41389374015748
20
-4.2660210629921256
11
6.4141006299212595
21
-4.2665616535433069
0
LINE
8
BLACK
6
CONTINUOUS
10
6.4141006299212595
20
-4.2665616535433069
11
6.4141081496062995
21
-4.266667519685039
0
LINE
8
BLACK
6
CONTINUOUS
10
6.4141081496062995
20
-4.266667519685039
11
6.4141487401574802
21
-4.2667655118110233
0
LINE
8
BLACK
6
CONTINUOUS
10
6.4141487401574802
20
-4.2667655118110233
11
6.414205472440945
21
-4.2673415748031491
0
LINE
8
BLACK
6
CONTINUOUS
10
6.414205472440945
20
-4.2673415748031491
11
6.414205472440945
21
-4.2785901574803145
0
LINE
8
BLACK
6
CONTINUOUS
10
6.414205472440945
20
-4.2785901574803145
11
6.4141487401574802
21
-4.2791662204724412
0
LINE
8
BLACK
6
CONTINUOUS
10
6.4141487401574802
20
-4.2791662204724412
11
6.4141081496062995
21
-4.2792641732283467
0
LINE
8
BLACK
6
CONTINUOUS
10
6.4141081496062995
20
-4.2792641732283467
11
6.4141006299212595
21
-4.2793700787401576
0
LINE
8
BLACK
6
CONTINUOUS
10
6.4141006299212595
20
-4.2793700787401576
11
6.41389374015748
21
-4.2799106692913389
0
LINE
8
BLACK
6
CONTINUOUS
10
6.41389374015748
20
-4.2799106692913389
11
6.4120189763779525
21
-4.283660196850394
0
LINE
8
BLACK
6
CONTINUOUS
10
6.4120189763779525
20
-4.283660196850394
11
6.4118628740157479
21
-4.2839081889763779
0
LINE
8
BLACK
6
CONTINUOUS
10
6.4118628740157479
20
-4.2839081889763779
11
6.411833070866142
21
-4.2839801574803147
0
LINE
8
BLACK
6
CONTINUOUS
10
6.411833070866142
20
-4.2839801574803147
11
6.4117666141732279
21
-4.2840611023622044
0
LINE
8
BLACK
6
CONTINUOUS
10
6.4117666141732279
20
-4.2840611023622044
11
6.4117106299212594
21
-4.284150078740157
0
LINE
8
BLACK
6
CONTINUOUS
10
6.4117106299212594
20
-4.284150078740157
11
6.4116515748031491
21
-4.2842012598425194
0
LINE
8
BLACK
6
CONTINUOUS
10
6.4116515748031491
20
-4.2842012598425194
11
6.4114658267716536
21
-4.2844276377952752
0
LINE
8
BLACK
6
CONTINUOUS
10
6.4114658267716536
20
-4.2844276377952752
11
6.4095910236220472
21
-4.2863024015748028
0
LINE
8
BLACK
6
CONTINUOUS
10
6.4095910236220472
20
-4.2863024015748028
11
6.4093646850393702
21
-4.2864881102362205
0
LINE
8
BLACK
6
CONTINUOUS
10
6.4093646850393702
20
-4.2864881102362205
11
6.4093135433070865
21
-4.286547125984252
0
LINE
8
BLACK
6
CONTINUOUS
10
6.4093135433070865
20
-4.286547125984252
11
6.4092246062992126
21
-4.2866030708661418
0
LINE
8
BLACK
6
CONTINUOUS
10
6.4092246062992126
20
-4.2866030708661418
11
6.4091435826771654
21
-4.2866696062992125
0
LINE
8
BLACK
6
CONTINUOUS
10
6.4091435826771654
20
-4.2866696062992125
11
6.4090715354330703
21
-4.2866994094488184
0
LINE
8
BLACK
6
CONTINUOUS
10
6.4090715354330703
20
-4.2866994094488184
11
6.4088236614173226
21
-4.2868554724409451
0
LINE
8
BLACK
6
CONTINUOUS
10
6.4088236614173226
20
-4.2868554724409451
11
6.4050741338582675
21
-4.2887302362204727
0
LINE
8
BLACK
6
CONTINUOUS
10
6.4050741338582675
20
-4.2887302362204727
11
6.4045335039370075
21
-4.2889371259842521
0
LINE
8
BLACK
6
CONTINUOUS
10
6.4045335039370075
20
-4.2889371259842521
11
6.4044276771653541
21
-4.2889446062992125
0
LINE
8
BLACK
6
CONTINUOUS
10
6.4044276771653541
20
-4.2889446062992125
11
6.4043296850393698
21
-4.2889852362204728
0
LINE
8
BLACK
6
CONTINUOUS
10
6.4043296850393698
20
-4.2889852362204728
11
6.403753622047244
21
-4.2890419685039367
0
LINE
8
BLACK
6
CONTINUOUS
10
6.403753622047244
20
-4.2890419685039367
11
6.3943798031496062
21
-4.2890419685039367
0
LINE
8
BLACK
6
CONTINUOUS
10
6.3943798031496062
20
-4.2890419685039367
11
6.3938037401574803
21
-4.2889852362204728
0
LINE
8
BLACK
6
CONTINUOUS
10
6.3938037401574803
20
-4.2889852362204728
11
6.3937057480314961
21
-4.2889446456692912
0
LINE
8
BLACK
6
CONTINUOUS
10
6.3937057480314961
20
-4.2889446456692912
11
6.3935998818897639
21
-4.2889371259842521
0
LINE
8
BLACK
6
CONTINUOUS
10
6.3935998818897639
20
-4.2889371259842521
11
6.3930592913385826
21
-4.2887302362204727
0
LINE
8
BLACK
6
CONTINUOUS
10
6.3930592913385826
20
-4.2887302362204727
11
6.3893097637795275
21
-4.2868554724409451
0
LINE
8
BLACK
6
CONTINUOUS
10
6.3893097637795275
20
-4.2868554724409451
11
6.3890617322834649
21
-4.2866993700787397
0
LINE
8
BLACK
6
CONTINUOUS
10
6.3890617322834649
20
-4.2866993700787397
11
6.388989803149606
21
-4.2866695669291337
0
LINE
8
BLACK
6
CONTINUOUS
10
6.388989803149606
20
-4.2866695669291337
11
6.3889088188976375
21
-4.2866030708661418
0
LINE
8
BLACK
6
CONTINUOUS
10
6.3889088188976375
20
-4.2866030708661418
11
6.3888198818897637
21
-4.286547125984252
0
LINE
8
BLACK
6
CONTINUOUS
10
6.3888198818897637
20
-4.286547125984252
11
6.3887687007874012
21
-4.2864881102362205
0
LINE
8
BLACK
6
CONTINUOUS
10
6.3887687007874012
20
-4.2864881102362205
11
6.3885423622047242
21
-4.286302362204724
0
LINE
8
BLACK
6
CONTINUOUS
10
6.3885423622047242
20
-4.286302362204724
11
6.3866675984251966
21
-4.2844275984251965
0
LINE
8
BLACK
6
CONTINUOUS
10
6.3866675984251966
20
-4.2844275984251965
11
6.3864818110236223
21
-4.2842012204724407
0
LINE
8
BLACK
6
CONTINUOUS
10
6.3864818110236223
20
-4.2842012204724407
11
6.3864228346456695
21
-4.284150078740157
0
LINE
8
BLACK
6
CONTINUOUS
10
6.3864228346456695
20
-4.284150078740157
11
6.386366850393701
21
-4.2840611023622044
0
LINE
8
BLACK
6
CONTINUOUS
10
6.386366850393701
20
-4.2840611023622044
11
6.3863003937007869
21
-4.2839801574803147
0
LINE
8
BLACK
6
CONTINUOUS
10
6.3863003937007869
20
-4.2839801574803147
11
6.3862705511811022
21
-4.2839081889763779
0
LINE
8
BLACK
6
CONTINUOUS
10
6.3862705511811022
20
-4.2839081889763779
11
6.3861144881889764
21
-4.283660196850394
0
LINE
8
BLACK
6
CONTINUOUS
10
6.3861144881889764
20
-4.283660196850394
11
6.3842397244094489
21
-4.2799106692913389
0
LINE
8
BLACK
6
CONTINUOUS
10
6.3842397244094489
20
-4.2799106692913389
11
6.3840360629921262
21
-4.2793784645669293
0
LINE
8
BLACK
6
CONTINUOUS
10
6.3840360629921262
20
-4.2793784645669293
11
6.3738270472440943
21
-4.2883113779527555
0
LINE
8
BLACK
6
CONTINUOUS
10
6.3738270472440943
20
-4.2883113779527555
11
6.3735780314960628
21
-4.2884893700787403
0
LINE
8
BLACK
6
CONTINUOUS
10
6.3735780314960628
20
-4.2884893700787403
11
6.3735231102362206
21
-4.2885443307086613
0
LINE
8
BLACK
6
CONTINUOUS
10
6.3735231102362206
20
-4.2885443307086613
11
6.3734709842519681
21
-4.2885659055118106
0
LINE
8
BLACK
6
CONTINUOUS
10
6.3734709842519681
20
-4.2885659055118106
11
6.373356141732283
21
-4.2886480314960629
0
LINE
8
BLACK
6
CONTINUOUS
10
6.373356141732283
20
-4.2886480314960629
11
6.3729018897637797
21
-4.2888016141732281
0
LINE
8
BLACK
6
CONTINUOUS
10
6.3729018897637797
20
-4.2888016141732281
11
6.3724587007874014
21
-4.2889852362204728
0
LINE
8
BLACK
6
CONTINUOUS
10
6.3724587007874014
20
-4.2889852362204728
11
6.3723590551181104
21
-4.2889852362204728
0
LINE
8
BLACK
6
CONTINUOUS
10
6.3723590551181104
20
-4.2889852362204728
11
6.3722647637795271
21
-4.2890171259842518
0
LINE
8
BLACK
6
CONTINUOUS
10
6.3722647637795271
20
-4.2890171259842518
11
6.371786299212598
21
-4.2889852362204728
0
LINE
8
BLACK
6
CONTINUOUS
10
6.371786299212598
20
-4.2889852362204728
11
6.3713065748031497
21
-4.2889852362204728
0
LINE
8
BLACK
6
CONTINUOUS
10
6.3713065748031497
20
-4.2889852362204728
11
6.371214566929134
21
-4.2889471259842518
0
LINE
8
BLACK
6
CONTINUOUS
10
6.371214566929134
20
-4.2889471259842518
11
6.3711152362204722
21
-4.2889405118110231
0
LINE
8
BLACK
6
CONTINUOUS
10
6.3711152362204722
20
-4.2889405118110231
11
6.3706850787401574
21
-4.2887277952755909
0
LINE
8
BLACK
6
CONTINUOUS
10
6.3706850787401574
20
-4.2887277952755909
11
6.3702421653543304
21
-4.2885443307086613
0
LINE
8
BLACK
6
CONTINUOUS
10
6.3702421653543304
20
-4.2885443307086613
11
6.3701718110236216
21
-4.2884739763779525
0
LINE
8
BLACK
6
CONTINUOUS
10
6.3701718110236216
20
-4.2884739763779525
11
6.3700824803149603
21
-4.2884298031496062
0
LINE
8
BLACK
6
CONTINUOUS
10
6.3700824803149603
20
-4.2884298031496062
11
6.3697664960629918
21
-4.2880686614173227
0
LINE
8
BLACK
6
CONTINUOUS
10
6.3697664960629918
20
-4.2880686614173227
11
6.369427519685039
21
-4.2877296850393698
0
LINE
8
BLACK
6
CONTINUOUS
10
6.369427519685039
20
-4.2877296850393698
11
6.3693893700787401
21
-4.2876376771653542
0
LINE
8
BLACK
6
CONTINUOUS
10
6.3693893700787401
20
-4.2876376771653542
11
6.3693238188976373
21
-4.2875627165354331
0
LINE
8
BLACK
6
CONTINUOUS
10
6.3693238188976373
20
-4.2875627165354331
11
6.3691701968503933
21
-4.2871084645669288
0
LINE
8
BLACK
6
CONTINUOUS
10
6.3691701968503933
20
-4.2871084645669288
11
6.3689866141732283
21
-4.2866652755905514
0
LINE
8
BLACK
6
CONTINUOUS
10
6.3689866141732283
20
-4.2866652755905514
11
6.3689727559055118
21
-4.2865246850393701
0
LINE
8
BLACK
6
CONTINUOUS
10
6.3689727559055118
20
-4.2865246850393701
11
6.3689547244094484
21
-4.2864713385826771
0
LINE
8
BLACK
6
CONTINUOUS
10
6.3689547244094484
20
-4.2864713385826771
11
6.3689598818897633
21
-4.2863938582677168
0
LINE
8
BLACK
6
CONTINUOUS
10
6.3689598818897633
20
-4.2863938582677168
11
6.3689298818897635
21
-4.2860892125984247
0
LINE
8
BLACK
6
CONTINUOUS
10
6.3689298818897635
20
-4.2860892125984247
11
6.3689298818897635
21
-4.2617172834645665
0
LINE
8
BLACK
6
CONTINUOUS
10
6.3689298818897635
20
-4.2617172834645665
11
6.3689866141732283
21
-4.2611412204724406
0
LINE
8
BLACK
6
CONTINUOUS
10
6.3689866141732283
20
-4.2611412204724406
11
6.369427519685039
21
-4.2600768110236222
0
LINE
8
BLACK
6
CONTINUOUS
10
6.369427519685039
20
-4.2600768110236222
11
6.3702421653543304
21
-4.2592621653543308
0
LINE
8
BLACK
6
CONTINUOUS
10
6.3702421653543304
20
-4.2592621653543308
11
6.3713065748031497
21
-4.2588212598425192
0
LINE
8
BLACK
6
CONTINUOUS
10
6.3713065748031497
20
-4.2588212598425192
11
6.3724587007874014
21
-4.2588212598425192
0
LINE
8
BLACK
6
CONTINUOUS
10
6.3724587007874014
20
-4.2588212598425192
11
6.3735231102362206
21
-4.2592621653543308
0
LINE
8
BLACK
6
CONTINUOUS
10
6.4128931889763781
20
-4.2292659055118111
11
6.4137078346456695
21
-4.2300805511811026
0
LINE
8
BLACK
6
CONTINUOUS
10
6.4137078346456695
20
-4.2300805511811026
11
6.4141487401574802
21
-4.231144960629921
0
LINE
8
BLACK
6
CONTINUOUS
10
6.4141487401574802
20
-4.231144960629921
11
6.414205472440945
21
-4.2317210236220468
0
LINE
8
BLACK
6
CONTINUOUS
10
6.414205472440945
20
-4.2317210236220468
11
6.414205472440945
21
-4.2354705511811019
0
LINE
8
BLACK
6
CONTINUOUS
10
6.414205472440945
20
-4.2354705511811019
11
6.4141767322834644
21
-4.2357621259842517
0
LINE
8
BLACK
6
CONTINUOUS
10
6.4141767322834644
20
-4.2357621259842517
11
6.4141822834645668
21
-4.2358398818897633
0
LINE
8
BLACK
6
CONTINUOUS
10
6.4141822834645668
20
-4.2358398818897633
11
6.414159015748031
21
-4.235942125984252
0
LINE
8
BLACK
6
CONTINUOUS
10
6.414159015748031
20
-4.235942125984252
11
6.4141487401574802
21
-4.2360466141732278
0
LINE
8
BLACK
6
CONTINUOUS
10
6.4141487401574802
20
-4.2360466141732278
11
6.4141188582677167
21
-4.236118661417323
0
LINE
8
BLACK
6
CONTINUOUS
10
6.4141188582677167
20
-4.236118661417323
11
6.414053937007874
21
-4.2364043307086616
0
LINE
8
BLACK
6
CONTINUOUS
10
6.414053937007874
20
-4.2364043307086616
11
6.4121791732283464
21
-4.2420285826771655
0
LINE
8
BLACK
6
CONTINUOUS
10
6.4121791732283464
20
-4.2420285826771655
11
6.4119431889763776
21
-4.2425571653543308
0
LINE
8
BLACK
6
CONTINUOUS
10
6.4119431889763776
20
-4.2425571653543308
11
6.4118737007874014
21
-4.2426372440944879
0
LINE
8
BLACK
6
CONTINUOUS
10
6.4118737007874014
20
-4.2426372440944879
11
6.4118331102362207
21
-4.2427353149606297
0
LINE
8
BLACK
6
CONTINUOUS
10
6.4118331102362207
20
-4.2427353149606297
11
6.4114658661417323
21
-4.2431827559055115
0
LINE
8
BLACK
6
CONTINUOUS
10
6.4114658661417323
20
-4.2431827559055115
11
6.4077162992125984
21
-4.2469322834645666
0
LINE
8
BLACK
6
CONTINUOUS
10
6.4077162992125984
20
-4.2469322834645666
11
6.4072688188976379
21
-4.247299527559055
0
LINE
8
BLACK
6
CONTINUOUS
10
6.4072688188976379
20
-4.247299527559055
11
6.4071707480314961
21
-4.2473401181102357
0
LINE
8
BLACK
6
CONTINUOUS
10
6.4071707480314961
20
-4.2473401181102357
11
6.4070906692913381
21
-4.2474096062992128
0
LINE
8
BLACK
6
CONTINUOUS
10
6.4070906692913381
20
-4.2474096062992128
11
6.4065621259842516
21
-4.2476455905511807
0
LINE
8
BLACK
6
CONTINUOUS
10
6.4065621259842516
20
-4.2476455905511807
11
6.4009378346456689
21
-4.2495203543307083
0
LINE
8
BLACK
6
CONTINUOUS
10
6.4009378346456689
20
-4.2495203543307083
11
6.4006522440944877
21
-4.249585275590551
0
LINE
8
BLACK
6
CONTINUOUS
10
6.4006522440944877
20
-4.249585275590551
11
6.4005801574803147
21
-4.2496151574803145
0
LINE
8
BLACK
6
CONTINUOUS
10
6.4005801574803147
20
-4.2496151574803145
11
6.4004756299212593
21
-4.2496254330708663
0
LINE
8
BLACK
6
CONTINUOUS
10
6.4004756299212593
20
-4.2496254330708663
11
6.4003733858267715
21
-4.2496487007874011
0
LINE
8
BLACK
6
CONTINUOUS
10
6.4003733858267715
20
-4.2496487007874011
11
6.4002956299212599
21
-4.2496431496062987
0
LINE
8
BLACK
6
CONTINUOUS
10
6.4002956299212599
20
-4.2496431496062987
11
6.4000040944881889
21
-4.2496718897637793
0
LINE
8
BLACK
6
CONTINUOUS
10
6.4000040944881889
20
-4.2496718897637793
11
6.3718826377952755
21
-4.2496718897637793
0
LINE
8
BLACK
6
CONTINUOUS
10
6.3718826377952755
20
-4.2496718897637793
11
6.3713065748031497
21
-4.2496151574803145
0
LINE
8
BLACK
6
CONTINUOUS
10
6.3713065748031497
20
-4.2496151574803145
11
6.3702421653543304
21
-4.2491742519685038
0
LINE
8
BLACK
6
CONTINUOUS
10
6.3702421653543304
20
-4.2491742519685038
11
6.369427519685039
21
-4.2483596062992124
0
LINE
8
BLACK
6
CONTINUOUS
10
6.369427519685039
20
-4.2483596062992124
11
6.3689866141732283
21
-4.247295196850394
0
LINE
8
BLACK
6
CONTINUOUS
10
6.3689866141732283
20
-4.247295196850394
11
6.3689866141732283
21
-4.2461430708661414
0
LINE
8
BLACK
6
CONTINUOUS
10
6.3689866141732283
20
-4.2461430708661414
11
6.369427519685039
21
-4.245078661417323
0
LINE
8
BLACK
6
CONTINUOUS
10
6.369427519685039
20
-4.245078661417323
11
6.3702421653543304
21
-4.2442640157480316
0
LINE
8
BLACK
6
CONTINUOUS
10
6.3702421653543304
20
-4.2442640157480316
11
6.3713065748031497
21
-4.2438231102362201
0
LINE
8
BLACK
6
CONTINUOUS
10
6.3713065748031497
20
-4.2438231102362201
11
6.3718826377952755
21
-4.2437663779527561
0
LINE
8
BLACK
6
CONTINUOUS
10
6.3718826377952755
20
-4.2437663779527561
11
6.3995249606299209
21
-4.2437663779527561
0
LINE
8
BLACK
6
CONTINUOUS
10
6.3995249606299209
20
-4.2437663779527561
11
6.4040333464566928
21
-4.2422635433070868
0
LINE
8
BLACK
6
CONTINUOUS
10
6.4040333464566928
20
-4.2422635433070868
11
6.4067971653543303
21
-4.2394997637795271
0
LINE
8
BLACK
6
CONTINUOUS
10
6.4067971653543303
20
-4.2394997637795271
11
6.4082999606299209
21
-4.2349914173228349
0
LINE
8
BLACK
6
CONTINUOUS
10
6.4082999606299209
20
-4.2349914173228349
11
6.4082999606299209
21
-4.2317210236220468
0
LINE
8
BLACK
6
CONTINUOUS
10
6.4082999606299209
20
-4.2317210236220468
11
6.4083566929133857
21
-4.231144960629921
0
LINE
8
BLACK
6
CONTINUOUS
10
6.4083566929133857
20
-4.231144960629921
11
6.4087975984251964
21
-4.2300805511811026
0
LINE
8
BLACK
6
CONTINUOUS
10
6.4087975984251964
20
-4.2300805511811026
11
6.4096122440944878
21
-4.2292659055118111
0
LINE
8
BLACK
6
CONTINUOUS
10
6.4096122440944878
20
-4.2292659055118111
11
6.4106766535433071
21
-4.2288249999999996
0
LINE
8
BLACK
6
CONTINUOUS
10
6.4106766535433071
20
-4.2288249999999996
11
6.4118287795275588
21
-4.2288249999999996
0
LINE
8
BLACK
6
CONTINUOUS
10
6.4118287795275588
20
-4.2288249999999996
11
6.4128931889763781
21
-4.2292659055118111
0
LINE
8
BLACK
6
CONTINUOUS
10
6.4905564566929135
20
-4.0464096850393698
11
6.4916218110236219
21
-4.0474750393700782
0
LINE
8
BLACK
6
CONTINUOUS
10
6.4916218110236219
20
-4.0474750393700782
11
6.4917716535433065
21
-4.0482283464566926
0
LINE
8
BLACK
6
CONTINUOUS
10
6.4917716535433065
20
-4.0482283464566926
11
6.4917716535433065
21
-4.4714566929133861
0
LINE
8
BLACK
6
CONTINUOUS
10
6.4917716535433065
20
-4.4714566929133861
11
6.4916218110236219
21
-4.4722099999999996
0
LINE
8
BLACK
6
CONTINUOUS
10
6.4916218110236219
20
-4.4722099999999996
11
6.4905564566929135
21
-4.4732753543307089
0
LINE
8
BLACK
6
CONTINUOUS
10
6.4905564566929135
20
-4.4732753543307089
11
6.4898031496062991
21
-4.4734251968503935
0
LINE
8
BLACK
6
CONTINUOUS
10
6.4898031496062991
20
-4.4734251968503935
11
6.3303543307086612
21
-4.4734251968503935
0
LINE
8
BLACK
6
CONTINUOUS
10
6.3303543307086612
20
-4.4734251968503935
11
6.3296010236220468
21
-4.4732753543307089
0
LINE
8
BLACK
6
CONTINUOUS
10
6.3296010236220468
20
-4.4732753543307089
11
6.3285356692913384
21
-4.4722099999999996
0
LINE
8
BLACK
6
CONTINUOUS
10
6.3285356692913384
20
-4.4722099999999996
11
6.3283858267716537
21
-4.4714566929133861
0
LINE
8
BLACK
6
CONTINUOUS
10
6.3283858267716537
20
-4.4714566929133861
11
6.3283858267716537
21
-4.0482283464566926
0
LINE
8
BLACK
6
CONTINUOUS
10
6.3283858267716537
20
-4.0482283464566926
11
6.3285356692913384
21
-4.0474750393700782
0
LINE
8
BLACK
6
CONTINUOUS
10
6.3285356692913384
20
-4.0474750393700782
11
6.3296010236220468
21
-4.0464096850393698
0
LINE
8
BLACK
6
CONTINUOUS
10
6.3296010236220468
20
-4.0464096850393698
11
6.3303543307086612
21
-4.0462598425196852
0
LINE
8
BLACK
6
CONTINUOUS
10
6.3303543307086612
20
-4.0462598425196852
11
6.4898031496062991
21
-4.0462598425196852
0
LINE
8
BLACK
6
CONTINUOUS
10
6.4898031496062991
20
-4.0462598425196852
11
6.4905564566929135
21
-4.0464096850393698
0
LINE
8
BLACK
6
CONTINUOUS
10
6.3323228346456695
20
-4.0501968503937009
11
6.3323228346456695
21
-4.1161069685039369
0
LINE
8
BLACK
6
CONTINUOUS
10
6.3323228346456695
20
-4.1161069685039369
11
6.3593297244094487
21
-4.1352037401574799
0
LINE
8
BLACK
6
CONTINUOUS
10
6.3593297244094487
20
-4.1352037401574799
11
6.3598582677165352
21
-4.135761023622047
0
LINE
8
BLACK
6
CONTINUOUS
10
6.3598582677165352
20
-4.135761023622047
11
6.35991594488189
21
-4.1360973228346456
0
LINE
8
BLACK
6
CONTINUOUS
10
6.35991594488189
20
-4.1360973228346456
11
6.3601130708661415
21
-4.1363760629921256
0
LINE
8
BLACK
6
CONTINUOUS
10
6.3601130708661415
20
-4.1363760629921256
11
6.3600384251968505
21
-4.1368110236220472
0
LINE
8
BLACK
6
CONTINUOUS
10
6.3600384251968505
20
-4.1368110236220472
11
6.3601130708661415
21
-4.137245984251968
0
LINE
8
BLACK
6
CONTINUOUS
10
6.3601130708661415
20
-4.137245984251968
11
6.35991594488189
21
-4.1375246850393701
0
LINE
8
BLACK
6
CONTINUOUS
10
6.35991594488189
20
-4.1375246850393701
11
6.3598582677165352
21
-4.1378610236220474
0
LINE
8
BLACK
6
CONTINUOUS
10
6.3598582677165352
20
-4.1378610236220474
11
6.3593297244094487
21
-4.1384183070866145
0
LINE
8
BLACK
6
CONTINUOUS
10
6.3593297244094487
20
-4.1384183070866145
11
6.3323228346456695
21
-4.1575150393700788
0
LINE
8
BLACK
6
CONTINUOUS
10
6.3323228346456695
20
-4.1575150393700788
11
6.3323228346456695
21
-4.4694881889763778
0
LINE
8
BLACK
6
CONTINUOUS
10
6.3323228346456695
20
-4.4694881889763778
11
6.4878346456692908
21
-4.4694881889763778
0
LINE
8
BLACK
6
CONTINUOUS
10
6.4878346456692908
20
-4.4694881889763778
11
6.4878346456692908
21
-4.0501968503937009
0
LINE
8
BLACK
6
CONTINUOUS
10
6.4878346456692908
20
-4.0501968503937009
11
6.3323228346456695
21
-4.0501968503937009
0
LINE
8
BLACK
6
CONTINUOUS
10
6.3323228346456695
20
-4.1526931496062991
11
6.3547836220472442
21
-4.1368110236220472
0
LINE
8
BLACK
6
CONTINUOUS
10
6.3547836220472442
20
-4.1368110236220472
11
6.3323228346456695
21
-4.1209288582677166
0
LINE
8
BLACK
6
CONTINUOUS
10
6.3323228346456695
20
-4.1209288582677166
11
6.3323228346456695
21
-4.1526931496062991
0
LINE
8
BLACK
6
CONTINUOUS
10
5.4939735039370081
20
-4.4290500000000002
11
5.4950379133858265
21
-4.4294909055118108
0
LINE
8
BLACK
6
CONTINUOUS
10
5.4950379133858265
20
-4.4294909055118108
11
5.4958525590551179
21
-4.4303055511811023
0
LINE
8
BLACK
6
CONTINUOUS
10
5.4958525590551179
20
-4.4303055511811023
11
5.4962934645669286
21
-4.4313699606299215
0
LINE
8
BLACK
6
CONTINUOUS
10
5.4962934645669286
20
-4.4313699606299215
11
5.4963501968503934
21
-4.4319460236220474
0
LINE
8
BLACK
6
CONTINUOUS
10
5.4963501968503934
20
-4.4319460236220474
11
5.4963501968503934
21
-4.4469441338582678
0
LINE
8
BLACK
6
CONTINUOUS
10
5.4963501968503934
20
-4.4469441338582678
11
5.4962934645669286
21
-4.4475201968503937
0
LINE
8
BLACK
6
CONTINUOUS
10
5.4962934645669286
20
-4.4475201968503937
11
5.4958525590551179
21
-4.4485846062992129
0
LINE
8
BLACK
6
CONTINUOUS
10
5.4958525590551179
20
-4.4485846062992129
11
5.4950379133858265
21
-4.4493992519685035
0
LINE
8
BLACK
6
CONTINUOUS
10
5.4950379133858265
20
-4.4493992519685035
11
5.4939735039370081
21
-4.449840157480315
0
LINE
8
BLACK
6
CONTINUOUS
10
5.4939735039370081
20
-4.449840157480315
11
5.4928213779527555
21
-4.449840157480315
0
LINE
8
BLACK
6
CONTINUOUS
10
5.4928213779527555
20
-4.449840157480315
11
5.4917569685039371
21
-4.4493992519685035
0
LINE
8
BLACK
6
CONTINUOUS
10
5.4917569685039371
20
-4.4493992519685035
11
5.4909423228346457
21
-4.4485846062992129
0
LINE
8
BLACK
6
CONTINUOUS
10
5.4909423228346457
20
-4.4485846062992129
11
5.4905014173228341
21
-4.4475201968503937
0
LINE
8
BLACK
6
CONTINUOUS
10
5.4905014173228341
20
-4.4475201968503937
11
5.4904446850393702
21
-4.4469441338582678
0
LINE
8
BLACK
6
CONTINUOUS
10
5.4904446850393702
20
-4.4469441338582678
11
5.4904446850393702
21
-4.4348987795275594
0
LINE
8
BLACK
6
CONTINUOUS
10
5.4904446850393702
20
-4.4348987795275594
11
5.4798522440944879
21
-4.4348987795275594
0
LINE
8
BLACK
6
CONTINUOUS
10
5.4798522440944879
20
-4.4348987795275594
11
5.4798522440944879
21
-4.4424446850393702
0
LINE
8
BLACK
6
CONTINUOUS
10
5.4798522440944879
20
-4.4424446850393702
11
5.4797955118110231
21
-4.443020748031496
0
LINE
8
BLACK
6
CONTINUOUS
10
5.4797955118110231
20
-4.443020748031496
11
5.4793546062992124
21
-4.4440851574803153
0
LINE
8
BLACK
6
CONTINUOUS
10
5.4793546062992124
20
-4.4440851574803153
11
5.478539960629921
21
-4.4448998031496059
0
LINE
8
BLACK
6
CONTINUOUS
10
5.478539960629921
20
-4.4448998031496059
11
5.4774755511811026
21
-4.4453407086614174
0
LINE
8
BLACK
6
CONTINUOUS
10
5.4774755511811026
20
-4.4453407086614174
11
5.47632342519685
21
-4.4453407086614174
0
LINE
8
BLACK
6
CONTINUOUS
10
5.47632342519685
20
-4.4453407086614174
11
5.4752590157480316
21
-4.4448998031496059
0
LINE
8
BLACK
6
CONTINUOUS
10
5.4752590157480316
20
-4.4448998031496059
11
5.4744443700787402
21
-4.4440851574803153
0
LINE
8
BLACK
6
CONTINUOUS
10
5.4744443700787402
20
-4.4440851574803153
11
5.4740034645669287
21
-4.443020748031496
0
LINE
8
BLACK
6
CONTINUOUS
10
5.4740034645669287
20
-4.443020748031496
11
5.4739467322834647
21
-4.4424446850393702
0
LINE
8
BLACK
6
CONTINUOUS
10
5.4739467322834647
20
-4.4424446850393702
11
5.4739467322834647
21
-4.4348987795275594
0
LINE
8
BLACK
6
CONTINUOUS
10
5.4739467322834647
20
-4.4348987795275594
11
5.4648541338582675
21
-4.4348987795275594
0
LINE
8
BLACK
6
CONTINUOUS
10
5.4648541338582675
20
-4.4348987795275594
11
5.4648541338582675
21
-4.4469441338582678
0
LINE
8
BLACK
6
CONTINUOUS
10
5.4648541338582675
20
-4.4469441338582678
11
5.4647974015748026
21
-4.4475201968503937
0
LINE
8
BLACK
6
CONTINUOUS
10
5.4647974015748026
20
-4.4475201968503937
11
5.464356496062992
21
-4.4485846062992129
0
LINE
8
BLACK
6
CONTINUOUS
10
5.464356496062992
20
-4.4485846062992129
11
5.4635418503937005
21
-4.4493992519685035
0
LINE
8
BLACK
6
CONTINUOUS
10
5.4635418503937005
20
-4.4493992519685035
11
5.4624774409448822
21
-4.449840157480315
0
LINE
8
BLACK
6
CONTINUOUS
10
5.4624774409448822
20
-4.449840157480315
11
5.4613253149606296
21
-4.449840157480315
0
LINE
8
BLACK
6
CONTINUOUS
10
5.4613253149606296
20
-4.449840157480315
11
5.4602609055118112
21
-4.4493992519685035
0
LINE
8
BLACK
6
CONTINUOUS
10
5.4602609055118112
20
-4.4493992519685035
11
5.4594462598425197
21
-4.4485846062992129
0
LINE
8
BLACK
6
CONTINUOUS
10
5.4594462598425197
20
-4.4485846062992129
11
5.4590053543307082
21
-4.4475201968503937
0
LINE
8
BLACK
6
CONTINUOUS
10
5.4590053543307082
20
-4.4475201968503937
11
5.4589486220472443
21
-4.4469441338582678
0
LINE
8
BLACK
6
CONTINUOUS
10
5.4589486220472443
20
-4.4469441338582678
11
5.4589486220472443
21
-4.4319460236220474
0
LINE
8
BLACK
6
CONTINUOUS
10
5.4589486220472443
20
-4.4319460236220474
11
5.4590053543307082
21
-4.4313699606299215
0
LINE
8
BLACK
6
CONTINUOUS
10
5.4590053543307082
20
-4.4313699606299215
11
5.4594462598425197
21
-4.4303055511811023
0
LINE
8
BLACK
6
CONTINUOUS
10
5.4594462598425197
20
-4.4303055511811023
11
5.4602609055118112
21
-4.4294909055118108
0
LINE
8
BLACK
6
CONTINUOUS
10
5.4602609055118112
20
-4.4294909055118108
11
5.4613253149606296
21
-4.4290500000000002
0
LINE
8
BLACK
6
CONTINUOUS
10
5.4613253149606296
20
-4.4290500000000002
11
5.4619013779527554
21
-4.4289932677165353
0
LINE
8
BLACK
6
CONTINUOUS
10
5.4619013779527554
20
-4.4289932677165353
11
5.4933974409448814
21
-4.4289932677165353
0
LINE
8
BLACK
6
CONTINUOUS
10
5.4933974409448814
20
-4.4289932677165353
11
5.4939735039370081
21
-4.4290500000000002
0
LINE
8
BLACK
6
CONTINUOUS
10
6.5617294094488186
20
-4.4256754330708663
11
6.5627938188976378
21
-4.4261163385826769
0
LINE
8
BLACK
6
CONTINUOUS
10
6.5627938188976378
20
-4.4261163385826769
11
6.5636084645669293
21
-4.4269309842519684
0
LINE
8
BLACK
6
CONTINUOUS
10
6.5636084645669293
20
-4.4269309842519684
11
6.5640493700787399
21
-4.4279953937007877
0
LINE
8
BLACK
6
CONTINUOUS
10
6.5640493700787399
20
-4.4279953937007877
11
6.5641061023622047
21
-4.4285714566929135
0
LINE
8
BLACK
6
CONTINUOUS
10
6.5641061023622047
20
-4.4285714566929135
11
6.5641061023622047
21
-4.4405699606299214
0
LINE
8
BLACK
6
CONTINUOUS
10
6.5641061023622047
20
-4.4405699606299214
11
6.5640493700787399
21
-4.4411460236220472
0
LINE
8
BLACK
6
CONTINUOUS
10
6.5640493700787399
20
-4.4411460236220472
11
6.5640087401574805
21
-4.4412440157480315
0
LINE
8
BLACK
6
CONTINUOUS
10
6.5640087401574805
20
-4.4412440157480315
11
6.5640012598425193
21
-4.4413498425196849
0
LINE
8
BLACK
6
CONTINUOUS
10
6.5640012598425193
20
-4.4413498425196849
11
6.5637943700787398
21
-4.4418904724409449
0
LINE
8
BLACK
6
CONTINUOUS
10
6.5637943700787398
20
-4.4418904724409449
11
6.5622945669291335
21
-4.4448900787401575
0
LINE
8
BLACK
6
CONTINUOUS
10
6.5622945669291335
20
-4.4448900787401575
11
6.5621385039370077
21
-4.4451379921259839
0
LINE
8
BLACK
6
CONTINUOUS
10
6.5621385039370077
20
-4.4451379921259839
11
6.562108661417323
21
-4.4452100787401569
0
LINE
8
BLACK
6
CONTINUOUS
10
6.562108661417323
20
-4.4452100787401569
11
6.5620420866141727
21
-4.4452911417322838
0
LINE
8
BLACK
6
CONTINUOUS
10
6.5620420866141727
20
-4.4452911417322838
11
6.5619862204724404
21
-4.4453799606299214
0
LINE
8
BLACK
6
CONTINUOUS
10
6.5619862204724404
20
-4.4453799606299214
11
6.5619272440944885
21
-4.4454310629921263
0
LINE
8
BLACK
6
CONTINUOUS
10
6.5619272440944885
20
-4.4454310629921263
11
6.5617414173228346
21
-4.4456575196850396
0
LINE
8
BLACK
6
CONTINUOUS
10
6.5617414173228346
20
-4.4456575196850396
11
6.5602415748031495
21
-4.4471573228346459
0
LINE
8
BLACK
6
CONTINUOUS
10
6.5602415748031495
20
-4.4471573228346459
11
6.5600151181102362
21
-4.447343149606299
0
LINE
8
BLACK
6
CONTINUOUS
10
6.5600151181102362
20
-4.447343149606299
11
6.5599640944881887
21
-4.4474020078740155
0
LINE
8
BLACK
6
CONTINUOUS
10
6.5599640944881887
20
-4.4474020078740155
11
6.5598753543307087
21
-4.447457834645669
0
LINE
8
BLACK
6
CONTINUOUS
10
6.5598753543307087
20
-4.447457834645669
11
6.5597941338582677
21
-4.4475245275590547
0
LINE
8
BLACK
6
CONTINUOUS
10
6.5597941338582677
20
-4.4475245275590547
11
6.5597220078740159
21
-4.4475543700787403
0
LINE
8
BLACK
6
CONTINUOUS
10
6.5597220078740159
20
-4.4475543700787403
11
6.5594742125984249
21
-4.4477103937007874
0
LINE
8
BLACK
6
CONTINUOUS
10
6.5594742125984249
20
-4.4477103937007874
11
6.5564746456692911
21
-4.4492102362204724
0
LINE
8
BLACK
6
CONTINUOUS
10
6.5564746456692911
20
-4.4492102362204724
11
6.555934015748031
21
-4.4494171259842519
0
LINE
8
BLACK
6
CONTINUOUS
10
6.555934015748031
20
-4.4494171259842519
11
6.5558281102362201
21
-4.449424645669291
0
LINE
8
BLACK
6
CONTINUOUS
10
6.5558281102362201
20
-4.449424645669291
11
6.5557301574803146
21
-4.4494652362204725
0
LINE
8
BLACK
6
CONTINUOUS
10
6.5557301574803146
20
-4.4494652362204725
11
6.5551540944881888
21
-4.4495219685039373
0
LINE
8
BLACK
6
CONTINUOUS
10
6.5551540944881888
20
-4.4495219685039373
11
6.5506546456692911
21
-4.4495219685039373
0
LINE
8
BLACK
6
CONTINUOUS
10
6.5506546456692911
20
-4.4495219685039373
11
6.5500785826771653
21
-4.4494652362204725
0
LINE
8
BLACK
6
CONTINUOUS
10
6.5500785826771653
20
-4.4494652362204725
11
6.5499804724409447
21
-4.4494245669291335
0
LINE
8
BLACK
6
CONTINUOUS
10
6.5499804724409447
20
-4.4494245669291335
11
6.5498747244094488
21
-4.4494170866141731
0
LINE
8
BLACK
6
CONTINUOUS
10
6.5498747244094488
20
-4.4494170866141731
11
6.5493340944881888
21
-4.4492101968503937
0
LINE
8
BLACK
6
CONTINUOUS
10
6.5493340944881888
20
-4.4492101968503937
11
6.5463344881889762
21
-4.4477103937007874
0
LINE
8
BLACK
6
CONTINUOUS
10
6.5463344881889762
20
-4.4477103937007874
11
6.5460866535433073
21
-4.4475543700787403
0
LINE
8
BLACK
6
CONTINUOUS
10
6.5460866535433073
20
-4.4475543700787403
11
6.5460146062992122
21
-4.4475245275590547
0
LINE
8
BLACK
6
CONTINUOUS
10
6.5460146062992122
20
-4.4475245275590547
11
6.5459333858267712
21
-4.4474578740157478
0
LINE
8
BLACK
6
CONTINUOUS
10
6.5459333858267712
20
-4.4474578740157478
11
6.5458446456692911
21
-4.4474020078740155
0
LINE
8
BLACK
6
CONTINUOUS
10
6.5458446456692911
20
-4.4474020078740155
11
6.5457935826771649
21
-4.447343149606299
0
LINE
8
BLACK
6
CONTINUOUS
10
6.5457935826771649
20
-4.447343149606299
11
6.5455671653543304
21
-4.4471573228346459
0
LINE
8
BLACK
6
CONTINUOUS
10
6.5455671653543304
20
-4.4471573228346459
11
6.5440673228346453
21
-4.4456575196850396
0
LINE
8
BLACK
6
CONTINUOUS
10
6.5440673228346453
20
-4.4456575196850396
11
6.5439214173228342
21
-4.4454797244094486
0
LINE
8
BLACK
6
CONTINUOUS
10
6.5439214173228342
20
-4.4454797244094486
11
6.5437437007874015
21
-4.4456574803149609
0
LINE
8
BLACK
6
CONTINUOUS
10
6.5437437007874015
20
-4.4456574803149609
11
6.5435173228346457
21
-4.4458432283464564
0
LINE
8
BLACK
6
CONTINUOUS
10
6.5435173228346457
20
-4.4458432283464564
11
6.543466181102362
21
-4.445902244094488
0
LINE
8
BLACK
6
CONTINUOUS
10
6.543466181102362
20
-4.445902244094488
11
6.5433772047244094
21
-4.4459581889763777
0
LINE
8
BLACK
6
CONTINUOUS
10
6.5433772047244094
20
-4.4459581889763777
11
6.5432962598425197
21
-4.4460246850393697
0
LINE
8
BLACK
6
CONTINUOUS
10
6.5432962598425197
20
-4.4460246850393697
11
6.543224291338583
21
-4.4460544881889765
0
LINE
8
BLACK
6
CONTINUOUS
10
6.543224291338583
20
-4.4460544881889765
11
6.5429762992125982
21
-4.4462105905511811
0
LINE
8
BLACK
6
CONTINUOUS
10
6.5429762992125982
20
-4.4462105905511811
11
6.5399766535433068
21
-4.4477103937007874
0
LINE
8
BLACK
6
CONTINUOUS
10
6.5399766535433068
20
-4.4477103937007874
11
6.5394360236220468
21
-4.4479172834645668
0
LINE
8
BLACK
6
CONTINUOUS
10
6.5394360236220468
20
-4.4479172834645668
11
6.5393301968503934
21
-4.4479247637795272
0
LINE
8
BLACK
6
CONTINUOUS
10
6.5393301968503934
20
-4.4479247637795272
11
6.5392322047244091
21
-4.4479653937007875
0
LINE
8
BLACK
6
CONTINUOUS
10
6.5392322047244091
20
-4.4479653937007875
11
6.5386561417322833
21
-4.4480221259842523
0
LINE
8
BLACK
6
CONTINUOUS
10
6.5386561417322833
20
-4.4480221259842523
11
6.5356565354330707
21
-4.4480221259842523
0
LINE
8
BLACK
6
CONTINUOUS
10
6.5356565354330707
20
-4.4480221259842523
11
6.5350804724409448
21
-4.4479653937007875
0
LINE
8
BLACK
6
CONTINUOUS
10
6.5350804724409448
20
-4.4479653937007875
11
6.5349824409448818
21
-4.4479247637795272
0
LINE
8
BLACK
6
CONTINUOUS
10
6.5349824409448818
20
-4.4479247637795272
11
6.5348766535433072
21
-4.4479172834645668
0
LINE
8
BLACK
6
CONTINUOUS
10
6.5348766535433072
20
-4.4479172834645668
11
6.5343360236220471
21
-4.4477103937007874
0
LINE
8
BLACK
6
CONTINUOUS
10
6.5343360236220471
20
-4.4477103937007874
11
6.5313363779527558
21
-4.4462105905511811
0
LINE
8
BLACK
6
CONTINUOUS
10
6.5313363779527558
20
-4.4462105905511811
11
6.5310883464566931
21
-4.4460544881889765
0
LINE
8
BLACK
6
CONTINUOUS
10
6.5310883464566931
20
-4.4460544881889765
11
6.5310164173228342
21
-4.4460246850393697
0
LINE
8
BLACK
6
CONTINUOUS
10
6.5310164173228342
20
-4.4460246850393697
11
6.5309354330708658
21
-4.4459581889763777
0
LINE
8
BLACK
6
CONTINUOUS
10
6.5309354330708658
20
-4.4459581889763777
11
6.5308464960629919
21
-4.445902244094488
0
LINE
8
BLACK
6
CONTINUOUS
10
6.5308464960629919
20
-4.445902244094488
11
6.5307953149606295
21
-4.4458432283464564
0
LINE
8
BLACK
6
CONTINUOUS
10
6.5307953149606295
20
-4.4458432283464564
11
6.5305689763779524
21
-4.4456574803149609
0
LINE
8
BLACK
6
CONTINUOUS
10
6.5305689763779524
20
-4.4456574803149609
11
6.5290691732283461
21
-4.4441576771653546
0
LINE
8
BLACK
6
CONTINUOUS
10
6.5290691732283461
20
-4.4441576771653546
11
6.5288833858267719
21
-4.4439312992125979
0
LINE
8
BLACK
6
CONTINUOUS
10
6.5288833858267719
20
-4.4439312992125979
11
6.528824409448819
21
-4.4438801574803151
0
LINE
8
BLACK
6
CONTINUOUS
10
6.528824409448819
20
-4.4438801574803151
11
6.5287684251968505
21
-4.4437911811023625
0
LINE
8
BLACK
6
CONTINUOUS
10
6.5287684251968505
20
-4.4437911811023625
11
6.5287019685039365
21
-4.4437102362204719
0
LINE
8
BLACK
6
CONTINUOUS
10
6.5287019685039365
20
-4.4437102362204719
11
6.5286721259842517
21
-4.4436382677165351
0
LINE
8
BLACK
6
CONTINUOUS
10
6.5286721259842517
20
-4.4436382677165351
11
6.5285160629921259
21
-4.4433902755905512
0
LINE
8
BLACK
6
CONTINUOUS
10
6.5285160629921259
20
-4.4433902755905512
11
6.5270162598425197
21
-4.4403906299212599
0
LINE
8
BLACK
6
CONTINUOUS
10
6.5270162598425197
20
-4.4403906299212599
11
6.5268093700787402
21
-4.4398499999999999
0
LINE
8
BLACK
6
CONTINUOUS
10
6.5268093700787402
20
-4.4398499999999999
11
6.5268018503937002
21
-4.4397441732283465
0
LINE
8
BLACK
6
CONTINUOUS
10
6.5268018503937002
20
-4.4397441732283465
11
6.5267612598425195
21
-4.4396461811023622
0
LINE
8
BLACK
6
CONTINUOUS
10
6.5267612598425195
20
-4.4396461811023622
11
6.5267045275590547
21
-4.4390701181102363
0
LINE
8
BLACK
6
CONTINUOUS
10
6.5267045275590547
20
-4.4390701181102363
11
6.5267045275590547
21
-4.4285714566929135
0
LINE
8
BLACK
6
CONTINUOUS
10
6.5267045275590547
20
-4.4285714566929135
11
6.5267612598425195
21
-4.4279953937007877
0
LINE
8
BLACK
6
CONTINUOUS
10
6.5267612598425195
20
-4.4279953937007877
11
6.5272021653543302
21
-4.4269309842519684
0
LINE
8
BLACK
6
CONTINUOUS
10
6.5272021653543302
20
-4.4269309842519684
11
6.5280168110236216
21
-4.4261163385826769
0
LINE
8
BLACK
6
CONTINUOUS
10
6.5280168110236216
20
-4.4261163385826769
11
6.5290812204724409
21
-4.4256754330708663
0
LINE
8
BLACK
6
CONTINUOUS
10
6.5290812204724409
20
-4.4256754330708663
11
6.5296572834645668
21
-4.4256187007874015
0
LINE
8
BLACK
6
CONTINUOUS
10
6.5296572834645668
20
-4.4256187007874015
11
6.5611533464566927
21
-4.4256187007874015
0
LINE
8
BLACK
6
CONTINUOUS
10
6.5611533464566927
20
-4.4256187007874015
11
6.5617294094488186
21
-4.4256754330708663
0
LINE
8
BLACK
6
CONTINUOUS
10
6.5476081496062992
20
-4.4385909842519684
11
6.5487359448818898
21
-4.4419744881889764
0
LINE
8
BLACK
6
CONTINUOUS
10
6.5487359448818898
20
-4.4419744881889764
11
6.5494040551181101
21
-4.4426425984251967
0
LINE
8
BLACK
6
CONTINUOUS
10
6.5494040551181101
20
-4.4426425984251967
11
6.5513517322834645
21
-4.4436164566929133
0
LINE
8
BLACK
6
CONTINUOUS
10
6.5513517322834645
20
-4.4436164566929133
11
6.5544570078740154
21
-4.4436164566929133
0
LINE
8
BLACK
6
CONTINUOUS
10
6.5544570078740154
20
-4.4436164566929133
11
6.5564045669291335
21
-4.4426426377952755
0
LINE
8
BLACK
6
CONTINUOUS
10
6.5564045669291335
20
-4.4426426377952755
11
6.5572268110236216
21
-4.4418204330708662
0
LINE
8
BLACK
6
CONTINUOUS
10
6.5572268110236216
20
-4.4418204330708662
11
6.5582005905511807
21
-4.4398729133858268
0
LINE
8
BLACK
6
CONTINUOUS
10
6.5582005905511807
20
-4.4398729133858268
11
6.5582005905511807
21
-4.4315242125984247
0
LINE
8
BLACK
6
CONTINUOUS
10
6.5582005905511807
20
-4.4315242125984247
11
6.5476081496062992
21
-4.4315242125984247
0
LINE
8
BLACK
6
CONTINUOUS
10
6.5476081496062992
20
-4.4315242125984247
11
6.5476081496062992
21
-4.4385909842519684
0
LINE
8
BLACK
6
CONTINUOUS
10
6.5326100393700788
20
-4.4383730708661417
11
6.5335838188976378
21
-4.4403206692913386
0
LINE
8
BLACK
6
CONTINUOUS
10
6.5335838188976378
20
-4.4403206692913386
11
6.5344059448818896
21
-4.4411427952755904
0
LINE
8
BLACK
6
CONTINUOUS
10
6.5344059448818896
20
-4.4411427952755904
11
6.5363535826771653
21
-4.4421166141732282
0
LINE
8
BLACK
6
CONTINUOUS
10
6.5363535826771653
20
-4.4421166141732282
11
6.5379590944881887
21
-4.4421166141732282
0
LINE
8
BLACK
6
CONTINUOUS
10
6.5379590944881887
20
-4.4421166141732282
11
6.5399066929133856
21
-4.4411427952755904
0
LINE
8
BLACK
6
CONTINUOUS
10
6.5399066929133856
20
-4.4411427952755904
11
6.5407288188976374
21
-4.4403206692913386
0
LINE
8
BLACK
6
CONTINUOUS
10
6.5407288188976374
20
-4.4403206692913386
11
6.5417026377952752
21
-4.4383730708661417
0
LINE
8
BLACK
6
CONTINUOUS
10
6.5417026377952752
20
-4.4383730708661417
11
6.5417026377952752
21
-4.4315242125984247
0
LINE
8
BLACK
6
CONTINUOUS
10
6.5417026377952752
20
-4.4315242125984247
11
6.5326100393700788
21
-4.4315242125984247
0
LINE
8
BLACK
6
CONTINUOUS
10
6.5326100393700788
20
-4.4315242125984247
11
6.5326100393700788
21
-4.4383730708661417
0
LINE
8
BLACK
6
CONTINUOUS
10
5.5948678346456688
20
-4.4126057086614177
11
5.5949577559055115
21
-4.413057716535433
0
LINE
8
BLACK
6
CONTINUOUS
10
5.5949577559055115
20
-4.413057716535433
11
5.5949577559055115
21
-4.4217651968503935
0
LINE
8
BLACK
6
CONTINUOUS
10
5.5949577559055115
20
-4.4217651968503935
11
5.6090594094488191
21
-4.415721653543307
0
LINE
8
BLACK
6
CONTINUOUS
10
5.6090594094488191
20
-4.415721653543307
11
5.6095103149606294
21
-4.4156262204724408
0
LINE
8
BLACK
6
CONTINUOUS
10
5.6095103149606294
20
-4.4156262204724408
11
5.6103495669291341
21
-4.4159619291338581
0
LINE
8
BLACK
6
CONTINUOUS
10
5.6103495669291341
20
-4.4159619291338581
11
5.6107056692913382
21
-4.4167928740157478
0
LINE
8
BLACK
6
CONTINUOUS
10
5.6107056692913382
20
-4.4167928740157478
11
5.6103699606299209
21
-4.4176321259842517
0
LINE
8
BLACK
6
CONTINUOUS
10
5.6103699606299209
20
-4.4176321259842517
11
5.6099899212598423
21
-4.4178928346456692
0
LINE
8
BLACK
6
CONTINUOUS
10
5.6099899212598423
20
-4.4178928346456692
11
5.5942419291338581
21
-4.4246420078740156
0
LINE
8
BLACK
6
CONTINUOUS
10
5.5942419291338581
20
-4.4246420078740156
11
5.594232165354331
21
-4.4246440551181099
0
LINE
8
BLACK
6
CONTINUOUS
10
5.594232165354331
20
-4.4246440551181099
11
5.5942286614173229
21
-4.4246475984251967
0
LINE
8
BLACK
6
CONTINUOUS
10
5.5942286614173229
20
-4.4246475984251967
11
5.5942155118110231
21
-4.4246475984251967
0
LINE
8
BLACK
6
CONTINUOUS
10
5.5942155118110231
20
-4.4246475984251967
11
5.5937910236220469
21
-4.4247374409448819
0
LINE
8
BLACK
6
CONTINUOUS
10
5.5937910236220469
20
-4.4247374409448819
11
5.5935664173228341
21
-4.4246475984251967
0
LINE
8
BLACK
6
CONTINUOUS
10
5.5935664173228341
20
-4.4246475984251967
11
5.5933246456692913
21
-4.4246475984251967
0
LINE
8
BLACK
6
CONTINUOUS
10
5.5933246456692913
20
-4.4246475984251967
11
5.5931634251968498
21
-4.4244863779527561
0
LINE
8
BLACK
6
CONTINUOUS
10
5.5931634251968498
20
-4.4244863779527561
11
5.5929517716535431
21
-4.4244017322834646
0
LINE
8
BLACK
6
CONTINUOUS
10
5.5929517716535431
20
-4.4244017322834646
11
5.5928564960629918
21
-4.4241794488188972
0
LINE
8
BLACK
6
CONTINUOUS
10
5.5928564960629918
20
-4.4241794488188972
11
5.5926854724409445
21
-4.4240084251968499
0
LINE
8
BLACK
6
CONTINUOUS
10
5.5926854724409445
20
-4.4240084251968499
11
5.5926007874015751
21
-4.4235828740157483
0
LINE
8
BLACK
6
CONTINUOUS
10
5.5926007874015751
20
-4.4235828740157483
11
5.5925956299212594
21
-4.4235707874015748
0
LINE
8
BLACK
6
CONTINUOUS
10
5.5925956299212594
20
-4.4235707874015748
11
5.5925974803149607
21
-4.4235661417322838
0
LINE
8
BLACK
6
CONTINUOUS
10
5.5925974803149607
20
-4.4235661417322838
11
5.5925955511811019
21
-4.4235564173228346
0
LINE
8
BLACK
6
CONTINUOUS
10
5.5925955511811019
20
-4.4235564173228346
11
5.5925955511811019
21
-4.413057716535433
0
LINE
8
BLACK
6
CONTINUOUS
10
5.5925955511811019
20
-4.413057716535433
11
5.5926854724409445
21
-4.4126057086614177
0
LINE
8
BLACK
6
CONTINUOUS
10
5.5926854724409445
20
-4.4126057086614177
11
5.5933246456692913
21
-4.4119665354330708
0
LINE
8
BLACK
6
CONTINUOUS
10
5.5933246456692913
20
-4.4119665354330708
11
5.5942286614173229
21
-4.4119665354330708
0
LINE
8
BLACK
6
CONTINUOUS
10
5.5942286614173229
20
-4.4119665354330708
11
5.5948678346456688
21
-4.4126057086614177
0
LINE
8
BLACK
6
CONTINUOUS
10
5.6099766929133859
20
-4.3977183464566929
11
5.6106158661417318
21
-4.3983575196850389
0
LINE
8
BLACK
6
CONTINUOUS
10
5.6106158661417318
20
-4.3983575196850389
11
5.6106158661417318
21
-4.3992615354330704
0
LINE
8
BLACK
6
CONTINUOUS
10
5.6106158661417318
20
-4.3992615354330704
11
5.6099766929133859
21
-4.3999007086614172
0
LINE
8
BLACK
6
CONTINUOUS
10
5.6099766929133859
20
-4.3999007086614172
11
5.6095246850393696
21
-4.3999906299212599
0
LINE
8
BLACK
6
CONTINUOUS
10
5.6095246850393696
20
-4.3999906299212599
11
5.6032067322834642
21
-4.3999906299212599
0
LINE
8
BLACK
6
CONTINUOUS
10
5.6032067322834642
20
-4.3999906299212599
11
5.6032067322834642
21
-4.4019440944881891
0
LINE
8
BLACK
6
CONTINUOUS
10
5.6032067322834642
20
-4.4019440944881891
11
5.6102019685039366
21
-4.4068407874015749
0
LINE
8
BLACK
6
CONTINUOUS
10
5.6102019685039366
20
-4.4068407874015749
11
5.6105207086614168
21
-4.4071736614173229
0
LINE
8
BLACK
6
CONTINUOUS
10
5.6105207086614168
20
-4.4071736614173229
11
5.6106777952755902
21
-4.408063818897638
0
LINE
8
BLACK
6
CONTINUOUS
10
5.6106777952755902
20
-4.408063818897638
11
5.6101594094488192
21
-4.4088044094488188
0
LINE
8
BLACK
6
CONTINUOUS
10
5.6101594094488192
20
-4.4088044094488188
11
5.6092692125984254
21
-4.4089614960629921
0
LINE
8
BLACK
6
CONTINUOUS
10
5.6092692125984254
20
-4.4089614960629921
11
5.6088473622047239
21
-4.4087759842519683
0
LINE
8
BLACK
6
CONTINUOUS
10
5.6088473622047239
20
-4.4087759842519683
11
5.6032034251968499
21
-4.4048252362204723
0
LINE
8
BLACK
6
CONTINUOUS
10
5.6032034251968499
20
-4.4048252362204723
11
5.6031951968503932
21
-4.4048667322834643
0
LINE
8
BLACK
6
CONTINUOUS
10
5.6031951968503932
20
-4.4048667322834643
11
5.6032037795275587
21
-4.4048924803149605
0
LINE
8
BLACK
6
CONTINUOUS
10
5.6032037795275587
20
-4.4048924803149605
11
5.6031537007874013
21
-4.4050752755905513
0
LINE
8
BLACK
6
CONTINUOUS
10
5.6031537007874013
20
-4.4050752755905513
11
5.6031168110236216
21
-4.4052607874015743
0
LINE
8
BLACK
6
CONTINUOUS
10
5.6031168110236216
20
-4.4052607874015743
11
5.6030976377952753
21
-4.4052799212598428
0
LINE
8
BLACK
6
CONTINUOUS
10
5.6030976377952753
20
-4.4052799212598428
11
5.6030820472440945
21
-4.4053369685039367
0
LINE
8
BLACK
6
CONTINUOUS
10
5.6030820472440945
20
-4.4053369685039367
11
5.602332125984252
21
-4.4068368110236218
0
LINE
8
BLACK
6
CONTINUOUS
10
5.602332125984252
20
-4.4068368110236218
11
5.6022161417322831
21
-4.4069861811023623
0
LINE
8
BLACK
6
CONTINUOUS
10
5.6022161417322831
20
-4.4069861811023623
11
5.602110905511811
21
-4.4071437401574798
0
LINE
8
BLACK
6
CONTINUOUS
10
5.602110905511811
20
-4.4071437401574798
11
5.6013609842519685
21
-4.4078936220472436
0
LINE
8
BLACK
6
CONTINUOUS
10
5.6013609842519685
20
-4.4078936220472436
11
5.6012037795275589
21
-4.407998622047244
0
LINE
8
BLACK
6
CONTINUOUS
10
5.6012037795275589
20
-4.407998622047244
11
5.6010540551181105
21
-4.4081148818897633
0
LINE
8
BLACK
6
CONTINUOUS
10
5.6010540551181105
20
-4.4081148818897633
11
5.5995541732283467
21
-4.4088648031496058
0
LINE
8
BLACK
6
CONTINUOUS
10
5.5995541732283467
20
-4.4088648031496058
11
5.5994971259842519
21
-4.4088803937007874
0
LINE
8
BLACK
6
CONTINUOUS
10
5.5994971259842519
20
-4.4088803937007874
11
5.5994779921259843
21
-4.4088995669291338
0
LINE
8
BLACK
6
CONTINUOUS
10
5.5994779921259843
20
-4.4088995669291338
11
5.5992921653543304
21
-4.4089364960629922
0
LINE
8
BLACK
6
CONTINUOUS
10
5.5992921653543304
20
-4.4089364960629922
11
5.5991096850393696
21
-4.4089864960629921
0
LINE
8
BLACK
6
CONTINUOUS
10
5.5991096850393696
20
-4.4089864960629921
11
5.5990840157480317
21
-4.4089779133858267
0
LINE
8
BLACK
6
CONTINUOUS
10
5.5990840157480317
20
-4.4089779133858267
11
5.5990259842519681
21
-4.4089894881889764
0
LINE
8
BLACK
6
CONTINUOUS
10
5.5990259842519681
20
-4.4089894881889764
11
5.596776299212598
21
-4.4089894881889764
0
LINE
8
BLACK
6
CONTINUOUS
10
5.596776299212598
20
-4.4089894881889764
11
5.596718307086614
21
-4.4089779527559054
0
LINE
8
BLACK
6
CONTINUOUS
10
5.596718307086614
20
-4.4089779527559054
11
5.5966925984251965
21
-4.4089865354330708
0
LINE
8
BLACK
6
CONTINUOUS
10
5.5966925984251965
20
-4.4089865354330708
11
5.5965097637795278
21
-4.4089364566929135
0
LINE
8
BLACK
6
CONTINUOUS
10
5.5965097637795278
20
-4.4089364566929135
11
5.5963242913385827
21
-4.4088995669291338
0
LINE
8
BLACK
6
CONTINUOUS
10
5.5963242913385827
20
-4.4088995669291338
11
5.5963051181102363
21
-4.4088803937007874
0
LINE
8
BLACK
6
CONTINUOUS
10
5.5963051181102363
20
-4.4088803937007874
11
5.5962481102362203
21
-4.4088648031496058
0
LINE
8
BLACK
6
CONTINUOUS
10
5.5962481102362203
20
-4.4088648031496058
11
5.5947482677165352
21
-4.4081148818897633
0
LINE
8
BLACK
6
CONTINUOUS
10
5.5947482677165352
20
-4.4081148818897633
11
5.594599015748031
21
-4.4079990157480315
0
LINE
8
BLACK
6
CONTINUOUS
10
5.594599015748031
20
-4.4079990157480315
11
5.5944412992125985
21
-4.4078936614173223
0
LINE
8
BLACK
6
CONTINUOUS
10
5.5944412992125985
20
-4.4078936614173223
11
5.5936914173228347
21
-4.4071437401574798
0
LINE
8
BLACK
6
CONTINUOUS
10
5.5936914173228347
20
-4.4071437401574798
11
5.5935863779527555
21
-4.4069865354330711
0
LINE
8
BLACK
6
CONTINUOUS
10
5.5935863779527555
20
-4.4069865354330711
11
5.593470157480315
21
-4.4068368110236218
0
LINE
8
BLACK
6
CONTINUOUS
10
5.593470157480315
20
-4.4068368110236218
11
5.5927202362204724
21
-4.4053370078740155
0
LINE
8
BLACK
6
CONTINUOUS
10
5.5927202362204724
20
-4.4053370078740155
11
5.5927046062992121
21
-4.4052799212598428
0
LINE
8
BLACK
6
CONTINUOUS
10
5.5927046062992121
20
-4.4052799212598428
11
5.5926854724409445
21
-4.4052607874015743
0
LINE
8
BLACK
6
CONTINUOUS
10
5.5926854724409445
20
-4.4052607874015743
11
5.5926485039370082
21
-4.4050750000000001
0
LINE
8
BLACK
6
CONTINUOUS
10
5.5926485039370082
20
-4.4050750000000001
11
5.5925985433070862
21
-4.4048924803149605
0
LINE
8
BLACK
6
CONTINUOUS
10
5.5925985433070862
20
-4.4048924803149605
11
5.5926070866141728
21
-4.4048668110236218
0
LINE
8
BLACK
6
CONTINUOUS
10
5.5926070866141728
20
-4.4048668110236218
11
5.5925955511811019
21
-4.404808779527559
0
LINE
8
BLACK
6
CONTINUOUS
10
5.5925955511811019
20
-4.404808779527559
11
5.5925955511811019
21
-4.3988095275590551
0
LINE
8
BLACK
6
CONTINUOUS
10
5.5925955511811019
20
-4.3988095275590551
11
5.5926854724409445
21
-4.3983575196850389
0
LINE
8
BLACK
6
CONTINUOUS
10
5.5926854724409445
20
-4.3983575196850389
11
5.5933246456692913
21
-4.3977183464566929
0
LINE
8
BLACK
6
CONTINUOUS
10
5.5933246456692913
20
-4.3977183464566929
11
5.5937766535433067
21
-4.3976284251968503
0
LINE
8
BLACK
6
CONTINUOUS
10
5.5937766535433067
20
-4.3976284251968503
11
5.6095246850393696
21
-4.3976284251968503
0
LINE
8
BLACK
6
CONTINUOUS
10
5.6095246850393696
20
-4.3976284251968503
11
5.6099766929133859
21
-4.3977183464566929
0
LINE
8
BLACK
6
CONTINUOUS
10
5.5949577559055115
20
-4.4045299212598428
11
5.5954972440944877
21
-4.4056089370078739
0
LINE
8
BLACK
6
CONTINUOUS
10
5.5954972440944877
20
-4.4056089370078739
11
5.5959761023622043
21
-4.4060877559055118
0
LINE
8
BLACK
6
CONTINUOUS
10
5.5959761023622043
20
-4.4060877559055118
11
5.5970551574803151
21
-4.4066272834645668
0
LINE
8
BLACK
6
CONTINUOUS
10
5.5970551574803151
20
-4.4066272834645668
11
5.5987471653543306
21
-4.4066272834645668
0
LINE
8
BLACK
6
CONTINUOUS
10
5.5987471653543306
20
-4.4066272834645668
11
5.5998261811023617
21
-4.4060877559055118
0
LINE
8
BLACK
6
CONTINUOUS
10
5.5998261811023617
20
-4.4060877559055118
11
5.6003049606299209
21
-4.4056089370078739
0
LINE
8
BLACK
6
CONTINUOUS
10
5.6003049606299209
20
-4.4056089370078739
11
5.6008445275590546
21
-4.404529881889764
0
LINE
8
BLACK
6
CONTINUOUS
10
5.6008445275590546
20
-4.404529881889764
11
5.6008445275590546
21
-4.3999906299212599
0
LINE
8
BLACK
6
CONTINUOUS
10
5.6008445275590546
20
-4.3999906299212599
11
5.5949577559055115
21
-4.3999906299212599
0
LINE
8
BLACK
6
CONTINUOUS
10
5.5949577559055115
20
-4.3999906299212599
11
5.5949577559055115
21
-4.4045299212598428
0
LINE
8
BLACK
6
CONTINUOUS
10
5.6193556692913385
20
-4.377118346456693
11
5.6204210236220469
21
-4.3781837007874014
0
LINE
8
BLACK
6
CONTINUOUS
10
5.6204210236220469
20
-4.3781837007874014
11
5.6205708661417324
21
-4.3789370078740157
0
LINE
8
BLACK
6
CONTINUOUS
10
5.6205708661417324
20
-4.3789370078740157
11
5.6205708661417324
21
-4.4419291338582676
0
LINE
8
BLACK
6
CONTINUOUS
10
5.6205708661417324
20
-4.4419291338582676
11
5.6204210236220469
21
-4.442682440944882
0
LINE
8
BLACK
6
CONTINUOUS
10
5.6204210236220469
20
-4.442682440944882
11
5.6193556692913385
21
-4.4437477952755904
0
LINE
8
BLACK
6
CONTINUOUS
10
5.6193556692913385
20
-4.4437477952755904
11
5.6186023622047241
21
-4.4438976377952759
0
LINE
8
BLACK
6
CONTINUOUS
10
5.6186023622047241
20
-4.4438976377952759
11
5.5861220472440944
21
-4.4438976377952759
0
LINE
8
BLACK
6
CONTINUOUS
10
5.5861220472440944
20
-4.4438976377952759
11
5.5853687401574801
21
-4.4437477952755904
0
LINE
8
BLACK
6
CONTINUOUS
10
5.5853687401574801
20
-4.4437477952755904
11
5.5843033858267717
21
-4.442682440944882
0
LINE
8
BLACK
6
CONTINUOUS
10
5.5843033858267717
20
-4.442682440944882
11
5.5841535433070861
21
-4.4419291338582676
0
LINE
8
BLACK
6
CONTINUOUS
10
5.5841535433070861
20
-4.4419291338582676
11
5.5841535433070861
21
-4.3789370078740157
0
LINE
8
BLACK
6
CONTINUOUS
10
5.5841535433070861
20
-4.3789370078740157
11
5.5843033858267717
21
-4.3781837007874014
0
LINE
8
BLACK
6
CONTINUOUS
10
5.5843033858267717
20
-4.3781837007874014
11
5.5853687401574801
21
-4.377118346456693
0
LINE
8
BLACK
6
CONTINUOUS
10
5.5853687401574801
20
-4.377118346456693
11
5.5861220472440944
21
-4.3769685039370074
0
LINE
8
BLACK
6
CONTINUOUS
10
5.5861220472440944
20
-4.3769685039370074
11
5.6186023622047241
21
-4.3769685039370074
0
LINE
8
BLACK
6
CONTINUOUS
10
5.6186023622047241
20
-4.3769685039370074
11
5.6193556692913385
21
-4.377118346456693
0
LINE
8
BLACK
6
CONTINUOUS
10
5.5880905511811019
20
-4.3809055118110232
11
5.5880905511811019
21
-4.4399606299212602
0
LINE
8
BLACK
6
CONTINUOUS
10
5.5880905511811019
20
-4.4399606299212602
11
5.6166338582677167
21
-4.4399606299212602
0
LINE
8
BLACK
6
CONTINUOUS
10
5.6166338582677167
20
-4.4399606299212602
11
5.6166338582677167
21
-4.3809055118110232
0
LINE
8
BLACK
6
CONTINUOUS
10
5.6166338582677167
20
-4.3809055118110232
11
5.5880905511811019
21
-4.3809055118110232
0
LINE
8
BLACK
6
CONTINUOUS
10
5.5376038188976375
20
-4.4117322047244096
11
5.5377982283464569
21
-4.4117322047244096
0
LINE
8
BLACK
6
CONTINUOUS
10
5.5377982283464569
20
-4.4117322047244096
11
5.5379926377952753
21
-4.4119266141732281
0
LINE
8
BLACK
6
CONTINUOUS
10
5.5379926377952753
20
-4.4119266141732281
11
5.5382384645669287
21
-4.4120495275590548
0
LINE
8
BLACK
6
CONTINUOUS
10
5.5382384645669287
20
-4.4120495275590548
11
5.5382999212598421
21
-4.4122338976377948
0
LINE
8
BLACK
6
CONTINUOUS
10
5.5382999212598421
20
-4.4122338976377948
11
5.5384374015748028
21
-4.4123713779527556
0
LINE
8
BLACK
6
CONTINUOUS
10
5.5384374015748028
20
-4.4123713779527556
11
5.5385273228346454
21
-4.4128233858267718
0
LINE
8
BLACK
6
CONTINUOUS
10
5.5385273228346454
20
-4.4128233858267718
11
5.5385273228346454
21
-4.4191413385826772
0
LINE
8
BLACK
6
CONTINUOUS
10
5.5385273228346454
20
-4.4191413385826772
11
5.542595551181102
21
-4.4191413385826772
0
LINE
8
BLACK
6
CONTINUOUS
10
5.542595551181102
20
-4.4191413385826772
11
5.5430475590551183
21
-4.4192312598425199
0
LINE
8
BLACK
6
CONTINUOUS
10
5.5430475590551183
20
-4.4192312598425199
11
5.5436867322834642
21
-4.4198704330708658
0
LINE
8
BLACK
6
CONTINUOUS
10
5.5436867322834642
20
-4.4198704330708658
11
5.5436867322834642
21
-4.4207744488188974
0
LINE
8
BLACK
6
CONTINUOUS
10
5.5436867322834642
20
-4.4207744488188974
11
5.5430475590551183
21
-4.4214136220472442
0
LINE
8
BLACK
6
CONTINUOUS
10
5.5430475590551183
20
-4.4214136220472442
11
5.542595551181102
21
-4.4215035433070868
0
LINE
8
BLACK
6
CONTINUOUS
10
5.542595551181102
20
-4.4215035433070868
11
5.5385273228346454
21
-4.4215035433070868
0
LINE
8
BLACK
6
CONTINUOUS
10
5.5385273228346454
20
-4.4215035433070868
11
5.5385273228346454
21
-4.4225721653543308
0
LINE
8
BLACK
6
CONTINUOUS
10
5.5385273228346454
20
-4.4225721653543308
11
5.5384374015748028
21
-4.4230241732283462
0
LINE
8
BLACK
6
CONTINUOUS
10
5.5384374015748028
20
-4.4230241732283462
11
5.5377982283464569
21
-4.423663346456693
0
LINE
8
BLACK
6
CONTINUOUS
10
5.5377982283464569
20
-4.423663346456693
11
5.5368942125984253
21
-4.423663346456693
0
LINE
8
BLACK
6
CONTINUOUS
10
5.5368942125984253
20
-4.423663346456693
11
5.5362550393700785
21
-4.4230241732283462
0
LINE
8
BLACK
6
CONTINUOUS
10
5.5362550393700785
20
-4.4230241732283462
11
5.5361651181102358
21
-4.4225721653543308
0
LINE
8
BLACK
6
CONTINUOUS
10
5.5361651181102358
20
-4.4225721653543308
11
5.5361651181102358
21
-4.4215035433070868
0
LINE
8
BLACK
6
CONTINUOUS
10
5.5361651181102358
20
-4.4215035433070868
11
5.5320968503937005
21
-4.4215035433070868
0
LINE
8
BLACK
6
CONTINUOUS
10
5.5320968503937005
20
-4.4215035433070868
11
5.5316448425196851
21
-4.4214136220472442
0
LINE
8
BLACK
6
CONTINUOUS
10
5.5316448425196851
20
-4.4214136220472442
11
5.5310056692913383
21
-4.4207744488188974
0
LINE
8
BLACK
6
CONTINUOUS
10
5.5310056692913383
20
-4.4207744488188974
11
5.5310056692913383
21
-4.4198704330708658
0
LINE
8
BLACK
6
CONTINUOUS
10
5.5310056692913383
20
-4.4198704330708658
11
5.5316448425196851
21
-4.4192312598425199
0
LINE
8
BLACK
6
CONTINUOUS
10
5.5316448425196851
20
-4.4192312598425199
11
5.5320968503937005
21
-4.4191413385826772
0
LINE
8
BLACK
6
CONTINUOUS
10
5.5320968503937005
20
-4.4191413385826772
11
5.5361651181102358
21
-4.4191413385826772
0
LINE
8
BLACK
6
CONTINUOUS
10
5.5361651181102358
20
-4.4191413385826772
11
5.5361651181102358
21
-4.4144620472440943
0
LINE
8
BLACK
6
CONTINUOUS
10
5.5361651181102358
20
-4.4144620472440943
11
5.5264711417322836
21
-4.4176933858267713
0
LINE
8
BLACK
6
CONTINUOUS
10
5.5264711417322836
20
-4.4176933858267713
11
5.526013897637795
21
-4.4177510236220474
0
LINE
8
BLACK
6
CONTINUOUS
10
5.526013897637795
20
-4.4177510236220474
11
5.5252053937007872
21
-4.4173467716535431
0
LINE
8
BLACK
6
CONTINUOUS
10
5.5252053937007872
20
-4.4173467716535431
11
5.5249195275590548
21
-4.4164891732283467
0
LINE
8
BLACK
6
CONTINUOUS
10
5.5249195275590548
20
-4.4164891732283467
11
5.5253237795275592
21
-4.4156806692913388
0
LINE
8
BLACK
6
CONTINUOUS
10
5.5253237795275592
20
-4.4156806692913388
11
5.5257241338582679
21
-4.4154524409448817
0
LINE
8
BLACK
6
CONTINUOUS
10
5.5257241338582679
20
-4.4154524409448817
11
5.5369727165354332
21
-4.4117029133858265
0
LINE
8
BLACK
6
CONTINUOUS
10
5.5369727165354332
20
-4.4117029133858265
11
5.5374299606299209
21
-4.4116452755905513
0
LINE
8
BLACK
6
CONTINUOUS
10
5.5374299606299209
20
-4.4116452755905513
11
5.5376038188976375
21
-4.4117322047244096
0
LINE
8
BLACK
6
CONTINUOUS
10
5.5430475590551183
20
-4.3967340944881892
11
5.5436867322834642
21
-4.3973732677165351
0
LINE
8
BLACK
6
CONTINUOUS
10
5.5436867322834642
20
-4.3973732677165351
11
5.5437766535433068
21
-4.3978252755905514
0
LINE
8
BLACK
6
CONTINUOUS
10
5.5437766535433068
20
-4.3978252755905514
11
5.5437766535433068
21
-4.4015748031496065
0
LINE
8
BLACK
6
CONTINUOUS
10
5.5437766535433068
20
-4.4015748031496065
11
5.5437396850393696
21
-4.4017604330708657
0
LINE
8
BLACK
6
CONTINUOUS
10
5.5437396850393696
20
-4.4017604330708657
11
5.543716062992126
21
-4.4019482677165351
0
LINE
8
BLACK
6
CONTINUOUS
10
5.543716062992126
20
-4.4019482677165351
11
5.5429661811023623
21
-4.4041980314960627
0
LINE
8
BLACK
6
CONTINUOUS
10
5.5429661811023623
20
-4.4041980314960627
11
5.5429368503937004
21
-4.4042494488188977
0
LINE
8
BLACK
6
CONTINUOUS
10
5.5429368503937004
20
-4.4042494488188977
11
5.5429368503937004
21
-4.4042764960629919
0
LINE
8
BLACK
6
CONTINUOUS
10
5.5429368503937004
20
-4.4042764960629919
11
5.5428316929133858
21
-4.4044338582677165
0
LINE
8
BLACK
6
CONTINUOUS
10
5.5428316929133858
20
-4.4044338582677165
11
5.5427379133858263
21
-4.4045983858267714
0
LINE
8
BLACK
6
CONTINUOUS
10
5.5427379133858263
20
-4.4045983858267714
11
5.5427137007874014
21
-4.4046104724409449
0
LINE
8
BLACK
6
CONTINUOUS
10
5.5427137007874014
20
-4.4046104724409449
11
5.5426808267716536
21
-4.4046597244094485
0
LINE
8
BLACK
6
CONTINUOUS
10
5.5426808267716536
20
-4.4046597244094485
11
5.5411809842519686
21
-4.4061594881889761
0
LINE
8
BLACK
6
CONTINUOUS
10
5.5411809842519686
20
-4.4061594881889761
11
5.5410235039370077
21
-4.4062646850393703
0
LINE
8
BLACK
6
CONTINUOUS
10
5.5410235039370077
20
-4.4062646850393703
11
5.540874015748031
21
-4.4063807480314958
0
LINE
8
BLACK
6
CONTINUOUS
10
5.540874015748031
20
-4.4063807480314958
11
5.5393742125984247
21
-4.4071306299212596
0
LINE
8
BLACK
6
CONTINUOUS
10
5.5393742125984247
20
-4.4071306299212596
11
5.5392494094488187
21
-4.4071647637795275
0
LINE
8
BLACK
6
CONTINUOUS
10
5.5392494094488187
20
-4.4071647637795275
11
5.5391324803149606
21
-4.4072200393700784
0
LINE
8
BLACK
6
CONTINUOUS
10
5.5391324803149606
20
-4.4072200393700784
11
5.5361328740157481
21
-4.407969960629921
0
LINE
8
BLACK
6
CONTINUOUS
10
5.5361328740157481
20
-4.407969960629921
11
5.5359883858267711
21
-4.4079769685039372
0
LINE
8
BLACK
6
CONTINUOUS
10
5.5359883858267711
20
-4.4079769685039372
11
5.5358464173228343
21
-4.4080052362204727
0
LINE
8
BLACK
6
CONTINUOUS
10
5.5358464173228343
20
-4.4080052362204727
11
5.5335966929133855
21
-4.4080052362204727
0
LINE
8
BLACK
6
CONTINUOUS
10
5.5335966929133855
20
-4.4080052362204727
11
5.53345468503937
21
-4.4079769685039372
0
LINE
8
BLACK
6
CONTINUOUS
10
5.53345468503937
20
-4.4079769685039372
11
5.5333102362204727
21
-4.407969960629921
0
LINE
8
BLACK
6
CONTINUOUS
10
5.5333102362204727
20
-4.407969960629921
11
5.5303105905511813
21
-4.4072200393700784
0
LINE
8
BLACK
6
CONTINUOUS
10
5.5303105905511813
20
-4.4072200393700784
11
5.5301936220472436
21
-4.4071647637795275
0
LINE
8
BLACK
6
CONTINUOUS
10
5.5301936220472436
20
-4.4071647637795275
11
5.5300688582677164
21
-4.4071306299212596
0
LINE
8
BLACK
6
CONTINUOUS
10
5.5300688582677164
20
-4.4071306299212596
11
5.5285690551181101
21
-4.4063807480314958
0
LINE
8
BLACK
6
CONTINUOUS
10
5.5285690551181101
20
-4.4063807480314958
11
5.5284194094488184
21
-4.4062646062992128
0
LINE
8
BLACK
6
CONTINUOUS
10
5.5284194094488184
20
-4.4062646062992128
11
5.5282620472440946
21
-4.4061594881889761
0
LINE
8
BLACK
6
CONTINUOUS
10
5.5282620472440946
20
-4.4061594881889761
11
5.5267622834645671
21
-4.4046596850393698
0
LINE
8
BLACK
6
CONTINUOUS
10
5.5267622834645671
20
-4.4046596850393698
11
5.5267294094488184
21
-4.4046104724409449
0
LINE
8
BLACK
6
CONTINUOUS
10
5.5267294094488184
20
-4.4046104724409449
11
5.5267051968503935
21
-4.4045983858267714
0
LINE
8
BLACK
6
CONTINUOUS
10
5.5267051968503935
20
-4.4045983858267714
11
5.5266114173228349
21
-4.4044338976377952
0
LINE
8
BLACK
6
CONTINUOUS
10
5.5266114173228349
20
-4.4044338976377952
11
5.5265062598425194
21
-4.4042764960629919
0
LINE
8
BLACK
6
CONTINUOUS
10
5.5265062598425194
20
-4.4042764960629919
11
5.5265062598425194
21
-4.4042494094488189
0
LINE
8
BLACK
6
CONTINUOUS
10
5.5265062598425194
20
-4.4042494094488189
11
5.5264769685039372
21
-4.4041980314960627
0
LINE
8
BLACK
6
CONTINUOUS
10
5.5264769685039372
20
-4.4041980314960627
11
5.5257270472440947
21
-4.4019483070866139
0
LINE
8
BLACK
6
CONTINUOUS
10
5.5257270472440947
20
-4.4019483070866139
11
5.5257033858267715
21
-4.4017606692913382
0
LINE
8
BLACK
6
CONTINUOUS
10
5.5257033858267715
20
-4.4017606692913382
11
5.5256664173228343
21
-4.4015748031496065
0
LINE
8
BLACK
6
CONTINUOUS
10
5.5256664173228343
20
-4.4015748031496065
11
5.5256664173228343
21
-4.3978252755905514
0
LINE
8
BLACK
6
CONTINUOUS
10
5.5256664173228343
20
-4.3978252755905514
11
5.5257563385826769
21
-4.3973732677165351
0
LINE
8
BLACK
6
CONTINUOUS
10
5.5257563385826769
20
-4.3973732677165351
11
5.5263955118110237
21
-4.3967340944881892
0
LINE
8
BLACK
6
CONTINUOUS
10
5.5263955118110237
20
-4.3967340944881892
11
5.5268475196850391
21
-4.3966441732283466
0
LINE
8
BLACK
6
CONTINUOUS
10
5.5268475196850391
20
-4.3966441732283466
11
5.542595551181102
21
-4.3966441732283466
0
LINE
8
BLACK
6
CONTINUOUS
10
5.542595551181102
20
-4.3966441732283466
11
5.5430475590551183
21
-4.3967340944881892
0
LINE
8
BLACK
6
CONTINUOUS
10
5.5280286220472439
20
-4.401383149606299
11
5.5286297244094484
21
-4.4031864960629923
0
LINE
8
BLACK
6
CONTINUOUS
10
5.5286297244094484
20
-4.4031864960629923
11
5.5297968897637793
21
-4.4043536220472443
0
LINE
8
BLACK
6
CONTINUOUS
10
5.5297968897637793
20
-4.4043536220472443
11
5.5310092913385827
21
-4.4049598031496062
0
LINE
8
BLACK
6
CONTINUOUS
10
5.5310092913385827
20
-4.4049598031496062
11
5.5337420472440941
21
-4.4056430314960631
0
LINE
8
BLACK
6
CONTINUOUS
10
5.5337420472440941
20
-4.4056430314960631
11
5.5357010629921257
21
-4.4056430314960631
0
LINE
8
BLACK
6
CONTINUOUS
10
5.5357010629921257
20
-4.4056430314960631
11
5.5384337401574806
21
-4.404959842519685
0
LINE
8
BLACK
6
CONTINUOUS
10
5.5384337401574806
20
-4.404959842519685
11
5.5396462204724406
21
-4.4043535826771656
0
LINE
8
BLACK
6
CONTINUOUS
10
5.5396462204724406
20
-4.4043535826771656
11
5.5408132677165352
21
-4.403186535433071
0
LINE
8
BLACK
6
CONTINUOUS
10
5.5408132677165352
20
-4.403186535433071
11
5.5414144488188972
21
-4.4013830708661414
0
LINE
8
BLACK
6
CONTINUOUS
10
5.5414144488188972
20
-4.4013830708661414
11
5.5414144488188972
21
-4.3990063779527562
0
LINE
8
BLACK
6
CONTINUOUS
10
5.5414144488188972
20
-4.3990063779527562
11
5.5280286220472439
21
-4.3990063779527562
0
LINE
8
BLACK
6
CONTINUOUS
10
5.5280286220472439
20
-4.3990063779527562
11
5.5280286220472439
21
-4.401383149606299
0
LINE
8
BLACK
6
CONTINUOUS
10
5.551934409448819
20
-4.3761340944881892
11
5.5529997637795274
21
-4.3771994488188977
0
LINE
8
BLACK
6
CONTINUOUS
10
5.5529997637795274
20
-4.3771994488188977
11
5.5531496062992121
21
-4.377952755905512
0
LINE
8
BLACK
6
CONTINUOUS
10
5.5531496062992121
20
-4.377952755905512
11
5.5531496062992121
21
-4.4291338582677167
0
LINE
8
BLACK
6
CONTINUOUS
10
5.5531496062992121
20
-4.4291338582677167
11
5.5529997637795274
21
-4.429887165354331
0
LINE
8
BLACK
6
CONTINUOUS
10
5.5529997637795274
20
-4.429887165354331
11
5.5525730314960633
21
-4.4305257874015744
0
LINE
8
BLACK
6
CONTINUOUS
10
5.5525730314960633
20
-4.4305257874015744
11
5.5407620078740152
21
-4.4423368110236217
0
LINE
8
BLACK
6
CONTINUOUS
10
5.5407620078740152
20
-4.4423368110236217
11
5.5401233858267718
21
-4.4427635433070867
0
LINE
8
BLACK
6
CONTINUOUS
10
5.5401233858267718
20
-4.4427635433070867
11
5.5393700787401574
21
-4.4429133858267713
0
LINE
8
BLACK
6
CONTINUOUS
10
5.5393700787401574
20
-4.4429133858267713
11
5.5196850393700787
21
-4.4429133858267713
0
LINE
8
BLACK
6
CONTINUOUS
10
5.5196850393700787
20
-4.4429133858267713
11
5.5189317322834643
21
-4.4427635433070867
0
LINE
8
BLACK
6
CONTINUOUS
10
5.5189317322834643
20
-4.4427635433070867
11
5.5178663779527559
21
-4.4416981889763782
0
LINE
8
BLACK
6
CONTINUOUS
10
5.5178663779527559
20
-4.4416981889763782
11
5.5177165354330704
21
-4.4409448818897639
0
LINE
8
BLACK
6
CONTINUOUS
10
5.5177165354330704
20
-4.4409448818897639
11
5.5177165354330704
21
-4.377952755905512
0
LINE
8
BLACK
6
CONTINUOUS
10
5.5177165354330704
20
-4.377952755905512
11
5.5178663779527559
21
-4.3771994488188977
0
LINE
8
BLACK
6
CONTINUOUS
10
5.5178663779527559
20
-4.3771994488188977
11
5.5189317322834643
21
-4.3761340944881892
0
LINE
8
BLACK
6
CONTINUOUS
10
5.5189317322834643
20
-4.3761340944881892
11
5.5196850393700787
21
-4.3759842519685037
0
LINE
8
BLACK
6
CONTINUOUS
10
5.5196850393700787
20
-4.3759842519685037
11
5.5511811023622046
21
-4.3759842519685037
0
LINE
8
BLACK
6
CONTINUOUS
10
5.5511811023622046
20
-4.3759842519685037
11
5.551934409448819
21
-4.3761340944881892
0
LINE
8
BLACK
6
CONTINUOUS
10
5.5216535433070861
20
-4.3799212598425195
11
5.5216535433070861
21
-4.4389763779527556
0
LINE
8
BLACK
6
CONTINUOUS
10
5.5216535433070861
20
-4.4389763779527556
11
5.5385547244094484
21
-4.4389763779527556
0
LINE
8
BLACK
6
CONTINUOUS
10
5.5385547244094484
20
-4.4389763779527556
11
5.5492125984251963
21
-4.4283185039370077
0
LINE
8
BLACK
6
CONTINUOUS
10
5.5492125984251963
20
-4.4283185039370077
11
5.5492125984251963
21
-4.3799212598425195
0
LINE
8
BLACK
6
CONTINUOUS
10
5.5492125984251963
20
-4.3799212598425195
11
5.5216535433070861
21
-4.3799212598425195
0
LINE
8
BLACK
6
CONTINUOUS
10
5.4939735039370081
20
-4.4005535433070868
11
5.4950379133858265
21
-4.4009944488188975
0
LINE
8
BLACK
6
CONTINUOUS
10
5.4950379133858265
20
-4.4009944488188975
11
5.4958525590551179
21
-4.4018090944881889
0
LINE
8
BLACK
6
CONTINUOUS
10
5.4958525590551179
20
-4.4018090944881889
11
5.4962934645669286
21
-4.4028735039370082
0
LINE
8
BLACK
6
CONTINUOUS
10
5.4962934645669286
20
-4.4028735039370082
11
5.4963501968503934
21
-4.403449566929134
0
LINE
8
BLACK
6
CONTINUOUS
10
5.4963501968503934
20
-4.403449566929134
11
5.4963501968503934
21
-4.4184476771653545
0
LINE
8
BLACK
6
CONTINUOUS
10
5.4963501968503934
20
-4.4184476771653545
11
5.4962934645669286
21
-4.4190237401574803
0
LINE
8
BLACK
6
CONTINUOUS
10
5.4962934645669286
20
-4.4190237401574803
11
5.4958525590551179
21
-4.4200881496062987
0
LINE
8
BLACK
6
CONTINUOUS
10
5.4958525590551179
20
-4.4200881496062987
11
5.4950379133858265
21
-4.4209027952755902
0
LINE
8
BLACK
6
CONTINUOUS
10
5.4950379133858265
20
-4.4209027952755902
11
5.4939735039370081
21
-4.4213437007874017
0
LINE
8
BLACK
6
CONTINUOUS
10
5.4939735039370081
20
-4.4213437007874017
11
5.4928213779527555
21
-4.4213437007874017
0
LINE
8
BLACK
6
CONTINUOUS
10
5.4928213779527555
20
-4.4213437007874017
11
5.4917569685039371
21
-4.4209027952755902
0
LINE
8
BLACK
6
CONTINUOUS
10
5.4917569685039371
20
-4.4209027952755902
11
5.4909423228346457
21
-4.4200881496062987
0
LINE
8
BLACK
6
CONTINUOUS
10
5.4909423228346457
20
-4.4200881496062987
11
5.4905014173228341
21
-4.4190237401574803
0
LINE
8
BLACK
6
CONTINUOUS
10
5.4905014173228341
20
-4.4190237401574803
11
5.4904446850393702
21
-4.4184476771653545
0
LINE
8
BLACK
6
CONTINUOUS
10
5.4904446850393702
20
-4.4184476771653545
11
5.4904446850393702
21
-4.4064023228346452
0
LINE
8
BLACK
6
CONTINUOUS
10
5.4904446850393702
20
-4.4064023228346452
11
5.4798522440944879
21
-4.4064023228346452
0
LINE
8
BLACK
6
CONTINUOUS
10
5.4798522440944879
20
-4.4064023228346452
11
5.4798522440944879
21
-4.4139482283464568
0
LINE
8
BLACK
6
CONTINUOUS
10
5.4798522440944879
20
-4.4139482283464568
11
5.4797955118110231
21
-4.4145242913385827
0
LINE
8
BLACK
6
CONTINUOUS
10
5.4797955118110231
20
-4.4145242913385827
11
5.4793546062992124
21
-4.4155887007874011
0
LINE
8
BLACK
6
CONTINUOUS
10
5.4793546062992124
20
-4.4155887007874011
11
5.478539960629921
21
-4.4164033464566925
0
LINE
8
BLACK
6
CONTINUOUS
10
5.478539960629921
20
-4.4164033464566925
11
5.4774755511811026
21
-4.4168442519685041
0
LINE
8
BLACK
6
CONTINUOUS
10
5.4774755511811026
20
-4.4168442519685041
11
5.47632342519685
21
-4.4168442519685041
0
LINE
8
BLACK
6
CONTINUOUS
10
5.47632342519685
20
-4.4168442519685041
11
5.4752590157480316
21
-4.4164033464566925
0
LINE
8
BLACK
6
CONTINUOUS
10
5.4752590157480316
20
-4.4164033464566925
11
5.4744443700787402
21
-4.4155887007874011
0
LINE
8
BLACK
6
CONTINUOUS
10
5.4744443700787402
20
-4.4155887007874011
11
5.4740034645669287
21
-4.4145242913385827
0
LINE
8
BLACK
6
CONTINUOUS
10
5.4740034645669287
20
-4.4145242913385827
11
5.4739467322834647
21
-4.4139482283464568
0
LINE
8
BLACK
6
CONTINUOUS
10
5.4739467322834647
20
-4.4139482283464568
11
5.4739467322834647
21
-4.4064023228346452
0
LINE
8
BLACK
6
CONTINUOUS
10
5.4739467322834647
20
-4.4064023228346452
11
5.4648541338582675
21
-4.4064023228346452
0
LINE
8
BLACK
6
CONTINUOUS
10
5.4648541338582675
20
-4.4064023228346452
11
5.4648541338582675
21
-4.4184476771653545
0
LINE
8
BLACK
6
CONTINUOUS
10
5.4648541338582675
20
-4.4184476771653545
11
5.4647974015748026
21
-4.4190237401574803
0
LINE
8
BLACK
6
CONTINUOUS
10
5.4647974015748026
20
-4.4190237401574803
11
5.464356496062992
21
-4.4200881496062987
0
LINE
8
BLACK
6
CONTINUOUS
10
5.464356496062992
20
-4.4200881496062987
11
5.4635418503937005
21
-4.4209027952755902
0
LINE
8
BLACK
6
CONTINUOUS
10
5.4635418503937005
20
-4.4209027952755902
11
5.4624774409448822
21
-4.4213437007874017
0
LINE
8
BLACK
6
CONTINUOUS
10
5.4624774409448822
20
-4.4213437007874017
11
5.4613253149606296
21
-4.4213437007874017
0
LINE
8
BLACK
6
CONTINUOUS
10
5.4613253149606296
20
-4.4213437007874017
11
5.4602609055118112
21
-4.4209027952755902
0
LINE
8
BLACK
6
CONTINUOUS
10
5.4602609055118112
20
-4.4209027952755902
11
5.4594462598425197
21
-4.4200881496062987
0
LINE
8
BLACK
6
CONTINUOUS
10
5.4594462598425197
20
-4.4200881496062987
11
5.4590053543307082
21
-4.4190237401574803
0
LINE
8
BLACK
6
CONTINUOUS
10
5.4590053543307082
20
-4.4190237401574803
11
5.4589486220472443
21
-4.4184476771653545
0
LINE
8
BLACK
6
CONTINUOUS
10
5.4589486220472443
20
-4.4184476771653545
11
5.4589486220472443
21
-4.403449566929134
0
LINE
8
BLACK
6
CONTINUOUS
10
5.4589486220472443
20
-4.403449566929134
11
5.4590053543307082
21
-4.4028735039370082
0
LINE
8
BLACK
6
CONTINUOUS
10
5.4590053543307082
20
-4.4028735039370082
11
5.4594462598425197
21
-4.4018090944881889
0
LINE
8
BLACK
6
CONTINUOUS
10
5.4594462598425197
20
-4.4018090944881889
11
5.4602609055118112
21
-4.4009944488188975
0
LINE
8
BLACK
6
CONTINUOUS
10
5.4602609055118112
20
-4.4009944488188975
11
5.4613253149606296
21
-4.4005535433070868
0
LINE
8
BLACK
6
CONTINUOUS
10
5.4613253149606296
20
-4.4005535433070868
11
5.4619013779527554
21
-4.400496811023622
0
LINE
8
BLACK
6
CONTINUOUS
10
5.4619013779527554
20
-4.400496811023622
11
5.4933974409448814
21
-4.400496811023622
0
LINE
8
BLACK
6
CONTINUOUS
10
5.4933974409448814
20
-4.400496811023622
11
5.4939735039370081
21
-4.4005535433070868
0
LINE
8
BLACK
6
CONTINUOUS
10
6.5312977559055119
20
-4.3976198818897636
11
6.5321124015748033
21
-4.3984345275590551
0
LINE
8
BLACK
6
CONTINUOUS
10
6.5321124015748033
20
-4.3984345275590551
11
6.532553307086614
21
-4.3994989370078743
0
LINE
8
BLACK
6
CONTINUOUS
10
6.532553307086614
20
-4.3994989370078743
11
6.5326100393700788
21
-4.4000750000000002
0
LINE
8
BLACK
6
CONTINUOUS
10
6.5326100393700788
20
-4.4000750000000002
11
6.5326100393700788
21
-4.4061211023622047
0
LINE
8
BLACK
6
CONTINUOUS
10
6.5326100393700788
20
-4.4061211023622047
11
6.5611533464566927
21
-4.4061211023622047
0
LINE
8
BLACK
6
CONTINUOUS
10
6.5611533464566927
20
-4.4061211023622047
11
6.5617294094488186
21
-4.4061778346456695
0
LINE
8
BLACK
6
CONTINUOUS
10
6.5617294094488186
20
-4.4061778346456695
11
6.5627938188976378
21
-4.4066187401574801
0
LINE
8
BLACK
6
CONTINUOUS
10
6.5627938188976378
20
-4.4066187401574801
11
6.5636084645669293
21
-4.4074333858267716
0
LINE
8
BLACK
6
CONTINUOUS
10
6.5636084645669293
20
-4.4074333858267716
11
6.5640493700787399
21
-4.4084977952755908
0
LINE
8
BLACK
6
CONTINUOUS
10
6.5640493700787399
20
-4.4084977952755908
11
6.5640493700787399
21
-4.4096499212598426
0
LINE
8
BLACK
6
CONTINUOUS
10
6.5640493700787399
20
-4.4096499212598426
11
6.5636084645669293
21
-4.4107143307086609
0
LINE
8
BLACK
6
CONTINUOUS
10
6.5636084645669293
20
-4.4107143307086609
11
6.5627938188976378
21
-4.4115289763779524
0
LINE
8
BLACK
6
CONTINUOUS
10
6.5627938188976378
20
-4.4115289763779524
11
6.5617294094488186
21
-4.4119698818897639
0
LINE
8
BLACK
6
CONTINUOUS
10
6.5617294094488186
20
-4.4119698818897639
11
6.5611533464566927
21
-4.4120266141732278
0
LINE
8
BLACK
6
CONTINUOUS
10
6.5611533464566927
20
-4.4120266141732278
11
6.5326100393700788
21
-4.4120266141732278
0
LINE
8
BLACK
6
CONTINUOUS
10
6.5326100393700788
20
-4.4120266141732278
11
6.5326100393700788
21
-4.418072755905512
0
LINE
8
BLACK
6
CONTINUOUS
10
6.5326100393700788
20
-4.418072755905512
11
6.532553307086614
21
-4.4186488188976378
0
LINE
8
BLACK
6
CONTINUOUS
10
6.532553307086614
20
-4.4186488188976378
11
6.5321124015748033
21
-4.4197132283464562
0
LINE
8
BLACK
6
CONTINUOUS
10
6.5321124015748033
20
-4.4197132283464562
11
6.5312977559055119
21
-4.4205278740157476
0
LINE
8
BLACK
6
CONTINUOUS
10
6.5312977559055119
20
-4.4205278740157476
11
6.5302333464566926
21
-4.4209687795275592
0
LINE
8
BLACK
6
CONTINUOUS
10
6.5302333464566926
20
-4.4209687795275592
11
6.5290812204724409
21
-4.4209687795275592
0
LINE
8
BLACK
6
CONTINUOUS
10
6.5290812204724409
20
-4.4209687795275592
11
6.5280168110236216
21
-4.4205278740157476
0
LINE
8
BLACK
6
CONTINUOUS
10
6.5280168110236216
20
-4.4205278740157476
11
6.5272021653543302
21
-4.4197132283464562
0
LINE
8
BLACK
6
CONTINUOUS
10
6.5272021653543302
20
-4.4197132283464562
11
6.5267612598425195
21
-4.4186488188976378
0
LINE
8
BLACK
6
CONTINUOUS
10
6.5267612598425195
20
-4.4186488188976378
11
6.5267045275590547
21
-4.418072755905512
0
LINE
8
BLACK
6
CONTINUOUS
10
6.5267045275590547
20
-4.418072755905512
11
6.5267045275590547
21
-4.4000750000000002
0
LINE
8
BLACK
6
CONTINUOUS
10
6.5267045275590547
20
-4.4000750000000002
11
6.5267612598425195
21
-4.3994989370078743
0
LINE
8
BLACK
6
CONTINUOUS
10
6.5267612598425195
20
-4.3994989370078743
11
6.5272021653543302
21
-4.3984345275590551
0
LINE
8
BLACK
6
CONTINUOUS
10
6.5272021653543302
20
-4.3984345275590551
11
6.5280168110236216
21
-4.3976198818897636
0
LINE
8
BLACK
6
CONTINUOUS
10
6.5280168110236216
20
-4.3976198818897636
11
6.5290812204724409
21
-4.397178976377953
0
LINE
8
BLACK
6
CONTINUOUS
10
6.5290812204724409
20
-4.397178976377953
11
6.5302333464566926
21
-4.397178976377953
0
LINE
8
BLACK
6
CONTINUOUS
10
6.5302333464566926
20
-4.397178976377953
11
6.5312977559055119
21
-4.3976198818897636
0
LINE
8
BLACK
6
CONTINUOUS
10
5.4939735039370081
20
-4.3690574803149609
11
5.4950379133858265
21
-4.3694983858267715
0
LINE
8
BLACK
6
CONTINUOUS
10
5.4950379133858265
20
-4.3694983858267715
11
5.4958525590551179
21
-4.370313031496063
0
LINE
8
BLACK
6
CONTINUOUS
10
5.4958525590551179
20
-4.370313031496063
11
5.4962934645669286
21
-4.3713774409448822
0
LINE
8
BLACK
6
CONTINUOUS
10
5.4962934645669286
20
-4.3713774409448822
11
5.4962934645669286
21
-4.372529566929134
0
LINE
8
BLACK
6
CONTINUOUS
10
5.4962934645669286
20
-4.372529566929134
11
5.4958525590551179
21
-4.3735939763779523
0
LINE
8
BLACK
6
CONTINUOUS
10
5.4958525590551179
20
-4.3735939763779523
11
5.4950379133858265
21
-4.3744086220472438
0
LINE
8
BLACK
6
CONTINUOUS
10
5.4950379133858265
20
-4.3744086220472438
11
5.4939735039370081
21
-4.3748495275590553
0
LINE
8
BLACK
6
CONTINUOUS
10
5.4939735039370081
20
-4.3748495275590553
11
5.4933974409448814
21
-4.3749062598425192
0
LINE
8
BLACK
6
CONTINUOUS
10
5.4933974409448814
20
-4.3749062598425192
11
5.4813520472440942
21
-4.3749062598425192
0
LINE
8
BLACK
6
CONTINUOUS
10
5.4813520472440942
20
-4.3749062598425192
11
5.4813520472440942
21
-4.3779151574803148
0
LINE
8
BLACK
6
CONTINUOUS
10
5.4813520472440942
20
-4.3779151574803148
11
5.4950907086614169
21
-4.3875322440944879
0
LINE
8
BLACK
6
CONTINUOUS
10
5.4950907086614169
20
-4.3875322440944879
11
5.4955301181102358
21
-4.3879090944881884
0
LINE
8
BLACK
6
CONTINUOUS
10
5.4955301181102358
20
-4.3879090944881884
11
5.4961492913385825
21
-4.388880708661417
0
LINE
8
BLACK
6
CONTINUOUS
10
5.4961492913385825
20
-4.388880708661417
11
5.4963494881889758
21
-4.3900152362204725
0
LINE
8
BLACK
6
CONTINUOUS
10
5.4963494881889758
20
-4.3900152362204725
11
5.4961003149606302
21
-4.3911400787401575
0
LINE
8
BLACK
6
CONTINUOUS
10
5.4961003149606302
20
-4.3911400787401575
11
5.4954396062992128
21
-4.3920839370078735
0
LINE
8
BLACK
6
CONTINUOUS
10
5.4954396062992128
20
-4.3920839370078735
11
5.4944679921259842
21
-4.3927031102362202
0
LINE
8
BLACK
6
CONTINUOUS
10
5.4944679921259842
20
-4.3927031102362202
11
5.49333342519685
21
-4.3929033070866144
0
LINE
8
BLACK
6
CONTINUOUS
10
5.49333342519685
20
-4.3929033070866144
11
5.4922085826771649
21
-4.3926541338582679
0
LINE
8
BLACK
6
CONTINUOUS
10
5.4922085826771649
20
-4.3926541338582679
11
5.4917041338582679
21
-4.3923702362204722
0
LINE
8
BLACK
6
CONTINUOUS
10
5.4917041338582679
20
-4.3923702362204722
11
5.4811510629921258
21
-4.3849830708661415
0
LINE
8
BLACK
6
CONTINUOUS
10
5.4811510629921258
20
-4.3849830708661415
11
5.4810403149606302
21
-4.3852725196850395
0
LINE
8
BLACK
6
CONTINUOUS
10
5.4810403149606302
20
-4.3852725196850395
11
5.4795405118110239
21
-4.3882721259842521
0
LINE
8
BLACK
6
CONTINUOUS
10
5.4795405118110239
20
-4.3882721259842521
11
5.4793844094488184
21
-4.388520118110236
0
LINE
8
BLACK
6
CONTINUOUS
10
5.4793844094488184
20
-4.388520118110236
11
5.4793546062992124
21
-4.3885920866141728
0
LINE
8
BLACK
6
CONTINUOUS
10
5.4793546062992124
20
-4.3885920866141728
11
5.4792881102362205
21
-4.3886730314960625
0
LINE
8
BLACK
6
CONTINUOUS
10
5.4792881102362205
20
-4.3886730314960625
11
5.4792321653543308
21
-4.3887620078740159
0
LINE
8
BLACK
6
CONTINUOUS
10
5.4792321653543308
20
-4.3887620078740159
11
5.4791731496062992
21
-4.3888131496062988
0
LINE
8
BLACK
6
CONTINUOUS
10
5.4791731496062992
20
-4.3888131496062988
11
5.4789874015748028
21
-4.3890395275590546
0
LINE
8
BLACK
6
CONTINUOUS
10
5.4789874015748028
20
-4.3890395275590546
11
5.4774875984251965
21
-4.3905393307086618
0
LINE
8
BLACK
6
CONTINUOUS
10
5.4774875984251965
20
-4.3905393307086618
11
5.4772611023622044
21
-4.3907251574803148
0
LINE
8
BLACK
6
CONTINUOUS
10
5.4772611023622044
20
-4.3907251574803148
11
5.477210078740157
21
-4.3907840551181101
0
LINE
8
BLACK
6
CONTINUOUS
10
5.477210078740157
20
-4.3907840551181101
11
5.4771212992125982
21
-4.3908399212598423
0
LINE
8
BLACK
6
CONTINUOUS
10
5.4771212992125982
20
-4.3908399212598423
11
5.4770401574803147
21
-4.3909065354330705
0
LINE
8
BLACK
6
CONTINUOUS
10
5.4770401574803147
20
-4.3909065354330705
11
5.4769680708661417
21
-4.3909363779527562
0
LINE
8
BLACK
6
CONTINUOUS
10
5.4769680708661417
20
-4.3909363779527562
11
5.476720196850394
21
-4.3910924409448819
0
LINE
8
BLACK
6
CONTINUOUS
10
5.476720196850394
20
-4.3910924409448819
11
5.4737205511811027
21
-4.392592283464567
0
LINE
8
BLACK
6
CONTINUOUS
10
5.4737205511811027
20
-4.392592283464567
11
5.4731799606299214
21
-4.3927991732283465
0
LINE
8
BLACK
6
CONTINUOUS
10
5.4731799606299214
20
-4.3927991732283465
11
5.4730740551181105
21
-4.3928066929133855
0
LINE
8
BLACK
6
CONTINUOUS
10
5.4730740551181105
20
-4.3928066929133855
11
5.472976102362205
21
-4.3928472834645671
0
LINE
8
BLACK
6
CONTINUOUS
10
5.472976102362205
20
-4.3928472834645671
11
5.4724000393700782
21
-4.392904015748031
0
LINE
8
BLACK
6
CONTINUOUS
10
5.4724000393700782
20
-4.392904015748031
11
5.4679006299212594
21
-4.392904015748031
0
LINE
8
BLACK
6
CONTINUOUS
10
5.4679006299212594
20
-4.392904015748031
11
5.4673245669291335
21
-4.3928472834645671
0
LINE
8
BLACK
6
CONTINUOUS
10
5.4673245669291335
20
-4.3928472834645671
11
5.4672265748031492
21
-4.3928066929133855
0
LINE
8
BLACK
6
CONTINUOUS
10
5.4672265748031492
20
-4.3928066929133855
11
5.4671207086614171
21
-4.3927991732283465
0
LINE
8
BLACK
6
CONTINUOUS
10
5.4671207086614171
20
-4.3927991732283465
11
5.4665800787401571
21
-4.392592283464567
0
LINE
8
BLACK
6
CONTINUOUS
10
5.4665800787401571
20
-4.392592283464567
11
5.4635804724409445
21
-4.3910924409448819
0
LINE
8
BLACK
6
CONTINUOUS
10
5.4635804724409445
20
-4.3910924409448819
11
5.4633325590551181
21
-4.3909363779527562
0
LINE
8
BLACK
6
CONTINUOUS
10
5.4633325590551181
20
-4.3909363779527562
11
5.4632605118110238
21
-4.3909065354330705
0
LINE
8
BLACK
6
CONTINUOUS
10
5.4632605118110238
20
-4.3909065354330705
11
5.4631793307086616
21
-4.3908399212598423
0
LINE
8
BLACK
6
CONTINUOUS
10
5.4631793307086616
20
-4.3908399212598423
11
5.4630905905511806
21
-4.3907840551181101
0
LINE
8
BLACK
6
CONTINUOUS
10
5.4630905905511806
20
-4.3907840551181101
11
5.4630395275590553
21
-4.3907251574803148
0
LINE
8
BLACK
6
CONTINUOUS
10
5.4630395275590553
20
-4.3907251574803148
11
5.462813070866142
21
-4.3905393307086618
0
LINE
8
BLACK
6
CONTINUOUS
10
5.462813070866142
20
-4.3905393307086618
11
5.4613132677165357
21
-4.3890395275590546
0
LINE
8
BLACK
6
CONTINUOUS
10
5.4613132677165357
20
-4.3890395275590546
11
5.4611274803149605
21
-4.3888131496062988
0
LINE
8
BLACK
6
CONTINUOUS
10
5.4611274803149605
20
-4.3888131496062988
11
5.4610685039370077
21
-4.3887620078740159
0
LINE
8
BLACK
6
CONTINUOUS
10
5.4610685039370077
20
-4.3887620078740159
11
5.4610125196850392
21
-4.3886730314960625
0
LINE
8
BLACK
6
CONTINUOUS
10
5.4610125196850392
20
-4.3886730314960625
11
5.460946062992126
21
-4.3885920866141728
0
LINE
8
BLACK
6
CONTINUOUS
10
5.460946062992126
20
-4.3885920866141728
11
5.4609162204724404
21
-4.388520118110236
0
LINE
8
BLACK
6
CONTINUOUS
10
5.4609162204724404
20
-4.388520118110236
11
5.4607601574803146
21
-4.3882721259842521
0
LINE
8
BLACK
6
CONTINUOUS
10
5.4607601574803146
20
-4.3882721259842521
11
5.4592603543307083
21
-4.3852725196850395
0
LINE
8
BLACK
6
CONTINUOUS
10
5.4592603543307083
20
-4.3852725196850395
11
5.4590534645669289
21
-4.3847318897637795
0
LINE
8
BLACK
6
CONTINUOUS
10
5.4590534645669289
20
-4.3847318897637795
11
5.4590459448818898
21
-4.3846260629921261
0
LINE
8
BLACK
6
CONTINUOUS
10
5.4590459448818898
20
-4.3846260629921261
11
5.4590053543307082
21
-4.3845280708661418
0
LINE
8
BLACK
6
CONTINUOUS
10
5.4590053543307082
20
-4.3845280708661418
11
5.4589486220472443
21
-4.383952007874016
0
LINE
8
BLACK
6
CONTINUOUS
10
5.4589486220472443
20
-4.383952007874016
11
5.4589486220472443
21
-4.3719535039370081
0
LINE
8
BLACK
6
CONTINUOUS
10
5.4589486220472443
20
-4.3719535039370081
11
5.4590053543307082
21
-4.3713774409448822
0
LINE
8
BLACK
6
CONTINUOUS
10
5.4590053543307082
20
-4.3713774409448822
11
5.4594462598425197
21
-4.370313031496063
0
LINE
8
BLACK
6
CONTINUOUS
10
5.4594462598425197
20
-4.370313031496063
11
5.4602609055118112
21
-4.3694983858267715
0
LINE
8
BLACK
6
CONTINUOUS
10
5.4602609055118112
20
-4.3694983858267715
11
5.4613253149606296
21
-4.3690574803149609
0
LINE
8
BLACK
6
CONTINUOUS
10
5.4613253149606296
20
-4.3690574803149609
11
5.4619013779527554
21
-4.3690007480314961
0
LINE
8
BLACK
6
CONTINUOUS
10
5.4619013779527554
20
-4.3690007480314961
11
5.4933974409448814
21
-4.3690007480314961
0
LINE
8
BLACK
6
CONTINUOUS
10
5.4933974409448814
20
-4.3690007480314961
11
5.4939735039370081
21
-4.3690574803149609
0
LINE
8
BLACK
6
CONTINUOUS
10
5.4648541338582675
20
-4.3832549606299214
11
5.4658279133858265
21
-4.3852025196850395
0
LINE
8
BLACK
6
CONTINUOUS
10
5.4658279133858265
20
-4.3852025196850395
11
5.4666500787401571
21
-4.38602468503937
0
LINE
8
BLACK
6
CONTINUOUS
10
5.4666500787401571
20
-4.38602468503937
11
5.4685976771653539
21
-4.3869985039370079
0
LINE
8
BLACK
6
CONTINUOUS
10
5.4685976771653539
20
-4.3869985039370079
11
5.4717029921259845
21
-4.3869985039370079
0
LINE
8
BLACK
6
CONTINUOUS
10
5.4717029921259845
20
-4.3869985039370079
11
5.4736505905511814
21
-4.3860246456692913
0
LINE
8
BLACK
6
CONTINUOUS
10
5.4736505905511814
20
-4.3860246456692913
11
5.474472755905512
21
-4.3852025196850395
0
LINE
8
BLACK
6
CONTINUOUS
10
5.474472755905512
20
-4.3852025196850395
11
5.475446535433071
21
-4.3832549606299214
0
LINE
8
BLACK
6
CONTINUOUS
10
5.475446535433071
20
-4.3832549606299214
11
5.475446535433071
21
-4.3749062598425192
0
LINE
8
BLACK
6
CONTINUOUS
10
5.475446535433071
20
-4.3749062598425192
11
5.4648541338582675
21
-4.3749062598425192
0
LINE
8
BLACK
6
CONTINUOUS
10
5.4648541338582675
20
-4.3749062598425192
11
5.4648541338582675
21
-4.3832549606299214
0
LINE
8
BLACK
6
CONTINUOUS
10
6.5507953149606299
20
-4.3631242125984251
11
6.5516099606299214
21
-4.3639388582677165
0
LINE
8
BLACK
6
CONTINUOUS
10
6.5516099606299214
20
-4.3639388582677165
11
6.552050866141732
21
-4.3650032677165349
0
LINE
8
BLACK
6
CONTINUOUS
10
6.552050866141732
20
-4.3650032677165349
11
6.5521075984251969
21
-4.3655793307086617
0
LINE
8
BLACK
6
CONTINUOUS
10
6.5521075984251969
20
-4.3655793307086617
11
6.5521075984251969
21
-4.3895763385826774
0
LINE
8
BLACK
6
CONTINUOUS
10
6.5521075984251969
20
-4.3895763385826774
11
6.552050866141732
21
-4.3901524015748032
0
LINE
8
BLACK
6
CONTINUOUS
10
6.552050866141732
20
-4.3901524015748032
11
6.5516099606299214
21
-4.3912168110236216
0
LINE
8
BLACK
6
CONTINUOUS
10
6.5516099606299214
20
-4.3912168110236216
11
6.5507953149606299
21
-4.3920314566929131
0
LINE
8
BLACK
6
CONTINUOUS
10
6.5507953149606299
20
-4.3920314566929131
11
6.5497309055118107
21
-4.3924723622047246
0
LINE
8
BLACK
6
CONTINUOUS
10
6.5497309055118107
20
-4.3924723622047246
11
6.548578779527559
21
-4.3924723622047246
0
LINE
8
BLACK
6
CONTINUOUS
10
6.548578779527559
20
-4.3924723622047246
11
6.5475143700787397
21
-4.3920314566929131
0
LINE
8
BLACK
6
CONTINUOUS
10
6.5475143700787397
20
-4.3920314566929131
11
6.5466997244094483
21
-4.3912168110236216
0
LINE
8
BLACK
6
CONTINUOUS
10
6.5466997244094483
20
-4.3912168110236216
11
6.5462588188976376
21
-4.3901524015748032
0
LINE
8
BLACK
6
CONTINUOUS
10
6.5462588188976376
20
-4.3901524015748032
11
6.5462020866141728
21
-4.3895763385826774
0
LINE
8
BLACK
6
CONTINUOUS
10
6.5462020866141728
20
-4.3895763385826774
11
6.5462020866141728
21
-4.3655793307086617
0
LINE
8
BLACK
6
CONTINUOUS
10
6.5462020866141728
20
-4.3655793307086617
11
6.5462588188976376
21
-4.3650032677165349
0
LINE
8
BLACK
6
CONTINUOUS
10
6.5462588188976376
20
-4.3650032677165349
11
6.5466997244094483
21
-4.3639388582677165
0
LINE
8
BLACK
6
CONTINUOUS
10
6.5466997244094483
20
-4.3639388582677165
11
6.5475143700787397
21
-4.3631242125984251
0
LINE
8
BLACK
6
CONTINUOUS
10
6.5475143700787397
20
-4.3631242125984251
11
6.548578779527559
21
-4.3626833070866144
0
LINE
8
BLACK
6
CONTINUOUS
10
6.548578779527559
20
-4.3626833070866144
11
6.5497309055118107
21
-4.3626833070866144
0
LINE
8
BLACK
6
CONTINUOUS
10
6.5497309055118107
20
-4.3626833070866144
11
6.5507953149606299
21
-4.3631242125984251
0
LINE
8
BLACK
6
CONTINUOUS
10
5.4799996456692917
20
-4.3360147244094485
11
5.4800426771653541
21
-4.3360083464566932
0
LINE
8
BLACK
6
CONTINUOUS
10
5.4800426771653541
20
-4.3360083464566932
11
5.4802581889763777
21
-4.3360401968503934
0
LINE
8
BLACK
6
CONTINUOUS
10
5.4802581889763777
20
-4.3360401968503934
11
5.480475196850394
21
-4.3360615748031499
0
LINE
8
BLACK
6
CONTINUOUS
10
5.480475196850394
20
-4.3360615748031499
11
5.4805153543307084
21
-4.3360781889763782
0
LINE
8
BLACK
6
CONTINUOUS
10
5.4805153543307084
20
-4.3360781889763782
11
5.4806153149606294
21
-4.3360929921259839
0
LINE
8
BLACK
6
CONTINUOUS
10
5.4806153149606294
20
-4.3360929921259839
11
5.4866145669291333
21
-4.3375928346456689
0
LINE
8
BLACK
6
CONTINUOUS
10
5.4866145669291333
20
-4.3375928346456689
11
5.4866570472440941
21
-4.3376079921259842
0
LINE
8
BLACK
6
CONTINUOUS
10
5.4866570472440941
20
-4.3376079921259842
11
5.4866782677165356
21
-4.3376095275590547
0
LINE
8
BLACK
6
CONTINUOUS
10
5.4866782677165356
20
-4.3376095275590547
11
5.4869174409448815
21
-4.3377010236220475
0
LINE
8
BLACK
6
CONTINUOUS
10
5.4869174409448815
20
-4.3377010236220475
11
5.4871596456692915
21
-4.337787598425197
0
LINE
8
BLACK
6
CONTINUOUS
10
5.4871596456692915
20
-4.337787598425197
11
5.4871767716535436
21
-4.3378002755905509
0
LINE
8
BLACK
6
CONTINUOUS
10
5.4871767716535436
20
-4.3378002755905509
11
5.4872188976377956
21
-4.3378164173228342
0
LINE
8
BLACK
6
CONTINUOUS
10
5.4872188976377956
20
-4.3378164173228342
11
5.4902185039370082
21
-4.3393162204724405
0
LINE
8
BLACK
6
CONTINUOUS
10
5.4902185039370082
20
-4.3393162204724405
11
5.4904663779527558
21
-4.3394722440944884
0
LINE
8
BLACK
6
CONTINUOUS
10
5.4904663779527558
20
-4.3394722440944884
11
5.4905384251968501
21
-4.3395020866141731
0
LINE
8
BLACK
6
CONTINUOUS
10
5.4905384251968501
20
-4.3395020866141731
11
5.4906194488188973
21
-4.3395685826771651
0
LINE
8
BLACK
6
CONTINUOUS
10
5.4906194488188973
20
-4.3395685826771651
11
5.4907083858267711
21
-4.3396245669291336
0
LINE
8
BLACK
6
CONTINUOUS
10
5.4907083858267711
20
-4.3396245669291336
11
5.4907595275590548
21
-4.3396835433070864
0
LINE
8
BLACK
6
CONTINUOUS
10
5.4907595275590548
20
-4.3396835433070864
11
5.4909859055118106
21
-4.3398693307086615
0
LINE
8
BLACK
6
CONTINUOUS
10
5.4909859055118106
20
-4.3398693307086615
11
5.493985551181102
21
-4.3428689370078741
0
LINE
8
BLACK
6
CONTINUOUS
10
5.493985551181102
20
-4.3428689370078741
11
5.4943527559055116
21
-4.3433163779527559
0
LINE
8
BLACK
6
CONTINUOUS
10
5.4943527559055116
20
-4.3433163779527559
11
5.4943933464566932
21
-4.343414409448819
0
LINE
8
BLACK
6
CONTINUOUS
10
5.4943933464566932
20
-4.343414409448819
11
5.4944628740157482
21
-4.3434945669291336
0
LINE
8
BLACK
6
CONTINUOUS
10
5.4944628740157482
20
-4.3434945669291336
11
5.4946988582677161
21
-4.3440231102362201
0
LINE
8
BLACK
6
CONTINUOUS
10
5.4946988582677161
20
-4.3440231102362201
11
5.4961986614173224
21
-4.3485225590551178
0
LINE
8
BLACK
6
CONTINUOUS
10
5.4961986614173224
20
-4.3485225590551178
11
5.4962635826771651
21
-4.3488081102362202
0
LINE
8
BLACK
6
CONTINUOUS
10
5.4962635826771651
20
-4.3488081102362202
11
5.4962934645669286
21
-4.3488802362204719
0
LINE
8
BLACK
6
CONTINUOUS
10
5.4962934645669286
20
-4.3488802362204719
11
5.4963037401574804
21
-4.3489847244094486
0
LINE
8
BLACK
6
CONTINUOUS
10
5.4963037401574804
20
-4.3489847244094486
11
5.4963270078740152
21
-4.349087007874016
0
LINE
8
BLACK
6
CONTINUOUS
10
5.4963270078740152
20
-4.349087007874016
11
5.4963214566929128
21
-4.3491647244094489
0
LINE
8
BLACK
6
CONTINUOUS
10
5.4963214566929128
20
-4.3491647244094489
11
5.4963501968503934
21
-4.3494562992125987
0
LINE
8
BLACK
6
CONTINUOUS
10
5.4963501968503934
20
-4.3494562992125987
11
5.4963501968503934
21
-4.35245594488189
0
LINE
8
BLACK
6
CONTINUOUS
10
5.4963501968503934
20
-4.35245594488189
11
5.4963214566929128
21
-4.3527474803149602
0
LINE
8
BLACK
6
CONTINUOUS
10
5.4963214566929128
20
-4.3527474803149602
11
5.4963270078740152
21
-4.3528252362204727
0
LINE
8
BLACK
6
CONTINUOUS
10
5.4963270078740152
20
-4.3528252362204727
11
5.4963037401574804
21
-4.3529274803149605
0
LINE
8
BLACK
6
CONTINUOUS
10
5.4963037401574804
20
-4.3529274803149605
11
5.4962934645669286
21
-4.3530320078740159
0
LINE
8
BLACK
6
CONTINUOUS
10
5.4962934645669286
20
-4.3530320078740159
11
5.4962635826771651
21
-4.3531040944881889
0
LINE
8
BLACK
6
CONTINUOUS
10
5.4962635826771651
20
-4.3531040944881889
11
5.4961986614173224
21
-4.3533896850393701
0
LINE
8
BLACK
6
CONTINUOUS
10
5.4961986614173224
20
-4.3533896850393701
11
5.4946988582677161
21
-4.357889094488189
0
LINE
8
BLACK
6
CONTINUOUS
10
5.4946988582677161
20
-4.357889094488189
11
5.4944628740157482
21
-4.3584176771653542
0
LINE
8
BLACK
6
CONTINUOUS
10
5.4944628740157482
20
-4.3584176771653542
11
5.4943933858267719
21
-4.3584977559055114
0
LINE
8
BLACK
6
CONTINUOUS
10
5.4943933858267719
20
-4.3584977559055114
11
5.4943527952755904
21
-4.3585958267716531
0
LINE
8
BLACK
6
CONTINUOUS
10
5.4943527952755904
20
-4.3585958267716531
11
5.493985551181102
21
-4.3590432677165349
0
LINE
8
BLACK
6
CONTINUOUS
10
5.493985551181102
20
-4.3590432677165349
11
5.4924857086614169
21
-4.36054311023622
0
LINE
8
BLACK
6
CONTINUOUS
10
5.4924857086614169
20
-4.36054311023622
11
5.4920382677165351
21
-4.3609103149606296
0
LINE
8
BLACK
6
CONTINUOUS
10
5.4920382677165351
20
-4.3609103149606296
11
5.4909738582677168
21
-4.3613512204724412
0
LINE
8
BLACK
6
CONTINUOUS
10
5.4909738582677168
20
-4.3613512204724412
11
5.49039779527559
21
-4.3614079527559051
0
LINE
8
BLACK
6
CONTINUOUS
10
5.49039779527559
20
-4.3614079527559051
11
5.4798991338582672
21
-4.3614079527559051
0
LINE
8
BLACK
6
CONTINUOUS
10
5.4798991338582672
20
-4.3614079527559051
11
5.4793230708661413
21
-4.3613512204724412
0
LINE
8
BLACK
6
CONTINUOUS
10
5.4793230708661413
20
-4.3613512204724412
11
5.478258661417323
21
-4.3609103149606296
0
LINE
8
BLACK
6
CONTINUOUS
10
5.478258661417323
20
-4.3609103149606296
11
5.4774440157480315
21
-4.3600956692913382
0
LINE
8
BLACK
6
CONTINUOUS
10
5.4774440157480315
20
-4.3600956692913382
11
5.47700311023622
21
-4.3590312598425198
0
LINE
8
BLACK
6
CONTINUOUS
10
5.47700311023622
20
-4.3590312598425198
11
5.47700311023622
21
-4.3590312204724411
0
LINE
8
BLACK
6
CONTINUOUS
10
5.47700311023622
20
-4.3590312204724411
11
5.4769463779527561
21
-4.358455196850394
0
LINE
8
BLACK
6
CONTINUOUS
10
5.4769463779527561
20
-4.358455196850394
11
5.4769463779527561
21
-4.35245594488189
0
LINE
8
BLACK
6
CONTINUOUS
10
5.4769463779527561
20
-4.35245594488189
11
5.47700311023622
21
-4.3518798818897633
0
LINE
8
BLACK
6
CONTINUOUS
10
5.47700311023622
20
-4.3518798818897633
11
5.4774440157480315
21
-4.3508154724409449
0
LINE
8
BLACK
6
CONTINUOUS
10
5.4774440157480315
20
-4.3508154724409449
11
5.478258661417323
21
-4.3500008267716535
0
LINE
8
BLACK
6
CONTINUOUS
10
5.478258661417323
20
-4.3500008267716535
11
5.4793230708661413
21
-4.3495599212598428
0
LINE
8
BLACK
6
CONTINUOUS
10
5.4793230708661413
20
-4.3495599212598428
11
5.480475196850394
21
-4.3495599212598428
0
LINE
8
BLACK
6
CONTINUOUS
10
5.480475196850394
20
-4.3495599212598428
11
5.4815396062992123
21
-4.3500008267716535
0
LINE
8
BLACK
6
CONTINUOUS
10
5.4815396062992123
20
-4.3500008267716535
11
5.4823542519685038
21
-4.3508154724409449
0
LINE
8
BLACK
6
CONTINUOUS
10
5.4823542519685038
20
-4.3508154724409449
11
5.4827951574803144
21
-4.3518798818897633
0
LINE
8
BLACK
6
CONTINUOUS
10
5.4827951574803144
20
-4.3518798818897633
11
5.4828518897637792
21
-4.35245594488189
0
LINE
8
BLACK
6
CONTINUOUS
10
5.4828518897637792
20
-4.35245594488189
11
5.4828518897637792
21
-4.3555024409448819
0
LINE
8
BLACK
6
CONTINUOUS
10
5.4828518897637792
20
-4.3555024409448819
11
5.4891747244094491
21
-4.3555024409448819
0
LINE
8
BLACK
6
CONTINUOUS
10
5.4891747244094491
20
-4.3555024409448819
11
5.4893168503937009
21
-4.3553603149606301
0
LINE
8
BLACK
6
CONTINUOUS
10
5.4893168503937009
20
-4.3553603149606301
11
5.4904446850393702
21
-4.3519768110236221
0
LINE
8
BLACK
6
CONTINUOUS
10
5.4904446850393702
20
-4.3519768110236221
11
5.4904446850393702
21
-4.349935393700787
0
LINE
8
BLACK
6
CONTINUOUS
10
5.4904446850393702
20
-4.349935393700787
11
5.4893168503937009
21
-4.3465518897637798
0
LINE
8
BLACK
6
CONTINUOUS
10
5.4893168503937009
20
-4.3465518897637798
11
5.4871488976377956
21
-4.3443839763779524
0
LINE
8
BLACK
6
CONTINUOUS
10
5.4871488976377956
20
-4.3443839763779524
11
5.4848677952755907
21
-4.3432434251968504
0
LINE
8
BLACK
6
CONTINUOUS
10
5.4848677952755907
20
-4.3432434251968504
11
5.4795355511811019
21
-4.3419103543307083
0
LINE
8
BLACK
6
CONTINUOUS
10
5.4795355511811019
20
-4.3419103543307083
11
5.4757632677165349
21
-4.3419103543307083
0
LINE
8
BLACK
6
CONTINUOUS
10
5.4757632677165349
20
-4.3419103543307083
11
5.4704309055118108
21
-4.3432434251968504
0
LINE
8
BLACK
6
CONTINUOUS
10
5.4704309055118108
20
-4.3432434251968504
11
5.4681498425196846
21
-4.3443839763779524
0
LINE
8
BLACK
6
CONTINUOUS
10
5.4681498425196846
20
-4.3443839763779524
11
5.4659819685039368
21
-4.3465518503937011
0
LINE
8
BLACK
6
CONTINUOUS
10
5.4659819685039368
20
-4.3465518503937011
11
5.4648541338582675
21
-4.349935393700787
0
LINE
8
BLACK
6
CONTINUOUS
10
5.4648541338582675
20
-4.349935393700787
11
5.4648541338582675
21
-4.3532587007874017
0
LINE
8
BLACK
6
CONTINUOUS
10
5.4648541338582675
20
-4.3532587007874017
11
5.4660422047244097
21
-4.3556348425196854
0
LINE
8
BLACK
6
CONTINUOUS
10
5.4660422047244097
20
-4.3556348425196854
11
5.4662490944881892
21
-4.3561754724409445
0
LINE
8
BLACK
6
CONTINUOUS
10
5.4662490944881892
20
-4.3561754724409445
11
5.4663307480314955
21
-4.3573246850393703
0
LINE
8
BLACK
6
CONTINUOUS
10
5.4663307480314955
20
-4.3573246850393703
11
5.4659664173228348
21
-4.3584176377952755
0
LINE
8
BLACK
6
CONTINUOUS
10
5.4659664173228348
20
-4.3584176377952755
11
5.4652115748031491
21
-4.3592880314960629
0
LINE
8
BLACK
6
CONTINUOUS
10
5.4652115748031491
20
-4.3592880314960629
11
5.4641810629921261
21
-4.3598032677165355
0
LINE
8
BLACK
6
CONTINUOUS
10
5.4641810629921261
20
-4.3598032677165355
11
5.4630318503937003
21
-4.3598849212598427
0
LINE
8
BLACK
6
CONTINUOUS
10
5.4630318503937003
20
-4.3598849212598427
11
5.4619388976377952
21
-4.3595205905511811
0
LINE
8
BLACK
6
CONTINUOUS
10
5.4619388976377952
20
-4.3595205905511811
11
5.4610685039370077
21
-4.3587657480314963
0
LINE
8
BLACK
6
CONTINUOUS
10
5.4610685039370077
20
-4.3587657480314963
11
5.4607601574803146
21
-4.3582758661417325
0
LINE
8
BLACK
6
CONTINUOUS
10
5.4607601574803146
20
-4.3582758661417325
11
5.4592603543307083
21
-4.3552762598425199
0
LINE
8
BLACK
6
CONTINUOUS
10
5.4592603543307083
20
-4.3552762598425199
11
5.4590534645669289
21
-4.3547356299212598
0
LINE
8
BLACK
6
CONTINUOUS
10
5.4590534645669289
20
-4.3547356299212598
11
5.4590459448818898
21
-4.3546298031496065
0
LINE
8
BLACK
6
CONTINUOUS
10
5.4590459448818898
20
-4.3546298031496065
11
5.4590053543307082
21
-4.3545318110236222
0
LINE
8
BLACK
6
CONTINUOUS
10
5.4590053543307082
20
-4.3545318110236222
11
5.4589486220472443
21
-4.3539557480314963
0
LINE
8
BLACK
6
CONTINUOUS
10
5.4589486220472443
20
-4.3539557480314963
11
5.4589486220472443
21
-4.3494562992125987
0
LINE
8
BLACK
6
CONTINUOUS
10
5.4589486220472443
20
-4.3494562992125987
11
5.4589773228346452
21
-4.3491647244094489
0
LINE
8
BLACK
6
CONTINUOUS
10
5.4589773228346452
20
-4.3491647244094489
11
5.4589718110236216
21
-4.349087007874016
0
LINE
8
BLACK
6
CONTINUOUS
10
5.4589718110236216
20
-4.349087007874016
11
5.4589950393700786
21
-4.3489847244094486
0
LINE
8
BLACK
6
CONTINUOUS
10
5.4589950393700786
20
-4.3489847244094486
11
5.4590053543307082
21
-4.3488802362204719
0
LINE
8
BLACK
6
CONTINUOUS
10
5.4590053543307082
20
-4.3488802362204719
11
5.4590351968503938
21
-4.3488081102362202
0
LINE
8
BLACK
6
CONTINUOUS
10
5.4590351968503938
20
-4.3488081102362202
11
5.4591001574803144
21
-4.3485225590551178
0
LINE
8
BLACK
6
CONTINUOUS
10
5.4591001574803144
20
-4.3485225590551178
11
5.4605999606299207
21
-4.3440231102362201
0
LINE
8
BLACK
6
CONTINUOUS
10
5.4605999606299207
20
-4.3440231102362201
11
5.4608359448818895
21
-4.3434945669291336
0
LINE
8
BLACK
6
CONTINUOUS
10
5.4608359448818895
20
-4.3434945669291336
11
5.4609054330708657
21
-4.343414409448819
0
LINE
8
BLACK
6
CONTINUOUS
10
5.4609054330708657
20
-4.343414409448819
11
5.460946062992126
21
-4.3433163779527559
0
LINE
8
BLACK
6
CONTINUOUS
10
5.460946062992126
20
-4.3433163779527559
11
5.4613132677165357
21
-4.3428689370078741
0
LINE
8
BLACK
6
CONTINUOUS
10
5.4613132677165357
20
-4.3428689370078741
11
5.4643128740157483
21
-4.3398693307086615
0
LINE
8
BLACK
6
CONTINUOUS
10
5.4643128740157483
20
-4.3398693307086615
11
5.4645392519685041
21
-4.3396834645669289
0
LINE
8
BLACK
6
CONTINUOUS
10
5.4645392519685041
20
-4.3396834645669289
11
5.4645903937007869
21
-4.3396245669291336
0
LINE
8
BLACK
6
CONTINUOUS
10
5.4645903937007869
20
-4.3396245669291336
11
5.4646791338582679
21
-4.3395686614173226
0
LINE
8
BLACK
6
CONTINUOUS
10
5.4646791338582679
20
-4.3395686614173226
11
5.4647603149606301
21
-4.3395020866141731
0
LINE
8
BLACK
6
CONTINUOUS
10
5.4647603149606301
20
-4.3395020866141731
11
5.4648324409448819
21
-4.3394722047244096
0
LINE
8
BLACK
6
CONTINUOUS
10
5.4648324409448819
20
-4.3394722047244096
11
5.4650802755905508
21
-4.3393162204724405
0
LINE
8
BLACK
6
CONTINUOUS
10
5.4650802755905508
20
-4.3393162204724405
11
5.4680799212598421
21
-4.3378164173228342
0
LINE
8
BLACK
6
CONTINUOUS
10
5.4680799212598421
20
-4.3378164173228342
11
5.4681220078740154
21
-4.3378002755905509
0
LINE
8
BLACK
6
CONTINUOUS
10
5.4681220078740154
20
-4.3378002755905509
11
5.4681391732283462
21
-4.337787598425197
0
LINE
8
BLACK
6
CONTINUOUS
10
5.4681391732283462
20
-4.337787598425197
11
5.4683813385826774
21
-4.3377010236220475
0
LINE
8
BLACK
6
CONTINUOUS
10
5.4683813385826774
20
-4.3377010236220475
11
5.4686205511811021
21
-4.3376095275590547
0
LINE
8
BLACK
6
CONTINUOUS
10
5.4686205511811021
20
-4.3376095275590547
11
5.4686417322834648
21
-4.3376079921259842
0
LINE
8
BLACK
6
CONTINUOUS
10
5.4686417322834648
20
-4.3376079921259842
11
5.4686842519685035
21
-4.3375928346456689
0
LINE
8
BLACK
6
CONTINUOUS
10
5.4686842519685035
20
-4.3375928346456689
11
5.4746835433070862
21
-4.3360929921259839
0
LINE
8
BLACK
6
CONTINUOUS
10
5.4746835433070862
20
-4.3360929921259839
11
5.4747833858267718
21
-4.3360781889763782
0
LINE
8
BLACK
6
CONTINUOUS
10
5.4747833858267718
20
-4.3360781889763782
11
5.4748236220472437
21
-4.3360615748031499
0
LINE
8
BLACK
6
CONTINUOUS
10
5.4748236220472437
20
-4.3360615748031499
11
5.4750406299212599
21
-4.3360401968503934
0
LINE
8
BLACK
6
CONTINUOUS
10
5.4750406299212599
20
-4.3360401968503934
11
5.4752561417322836
21
-4.3360083464566932
0
LINE
8
BLACK
6
CONTINUOUS
10
5.4752561417322836
20
-4.3360083464566932
11
5.4752991338582673
21
-4.3360147244094485
0
LINE
8
BLACK
6
CONTINUOUS
10
5.4752991338582673
20
-4.3360147244094485
11
5.4753996850393696
21
-4.3360048425196851
0
LINE
8
BLACK
6
CONTINUOUS
10
5.4753996850393696
20
-4.3360048425196851
11
5.4798991338582672
21
-4.3360048425196851
0
LINE
8
BLACK
6
CONTINUOUS
10
5.4798991338582672
20
-4.3360048425196851
11
5.4799996456692917
21
-4.3360147244094485
0
LINE
8
BLACK
6
CONTINUOUS
10
6.5392322047244091
20
-4.3311872047244098
11
6.5393301574803147
21
-4.3312277559055117
0
LINE
8
BLACK
6
CONTINUOUS
10
6.5393301574803147
20
-4.3312277559055117
11
6.5394360629921255
21
-4.3312353149606295
0
LINE
8
BLACK
6
CONTINUOUS
10
6.5394360629921255
20
-4.3312353149606295
11
6.5399766535433068
21
-4.331442204724409
0
LINE
8
BLACK
6
CONTINUOUS
10
6.5399766535433068
20
-4.331442204724409
11
6.5429762992125982
21
-4.332942047244094
0
LINE
8
BLACK
6
CONTINUOUS
10
6.5429762992125982
20
-4.332942047244094
11
6.5432241732283467
21
-4.333098070866142
0
LINE
8
BLACK
6
CONTINUOUS
10
6.5432241732283467
20
-4.333098070866142
11
6.5432962598425197
21
-4.3331279527559055
0
LINE
8
BLACK
6
CONTINUOUS
10
6.5432962598425197
20
-4.3331279527559055
11
6.5433774015748032
21
-4.3331945275590549
0
LINE
8
BLACK
6
CONTINUOUS
10
6.5433774015748032
20
-4.3331945275590549
11
6.543466181102362
21
-4.3332504330708659
0
LINE
8
BLACK
6
CONTINUOUS
10
6.543466181102362
20
-4.3332504330708659
11
6.5435172047244095
21
-4.3333092913385824
0
LINE
8
BLACK
6
CONTINUOUS
10
6.5435172047244095
20
-4.3333092913385824
11
6.5437437007874015
21
-4.3334951574803151
0
LINE
8
BLACK
6
CONTINUOUS
10
6.5437437007874015
20
-4.3334951574803151
11
6.5452435039370078
21
-4.3349949606299214
0
LINE
8
BLACK
6
CONTINUOUS
10
6.5452435039370078
20
-4.3349949606299214
11
6.5454292519685042
21
-4.3352212992125985
0
LINE
8
BLACK
6
CONTINUOUS
10
6.5454292519685042
20
-4.3352212992125985
11
6.5454882677165349
21
-4.3352724803149609
0
LINE
8
BLACK
6
CONTINUOUS
10
6.5454882677165349
20
-4.3352724803149609
11
6.5455442125984247
21
-4.3353614173228348
0
LINE
8
BLACK
6
CONTINUOUS
10
6.5455442125984247
20
-4.3353614173228348
11
6.5456107086614175
21
-4.3354424015748032
0
LINE
8
BLACK
6
CONTINUOUS
10
6.5456107086614175
20
-4.3354424015748032
11
6.5456405118110235
21
-4.3355143307086612
0
LINE
8
BLACK
6
CONTINUOUS
10
6.5456405118110235
20
-4.3355143307086612
11
6.545796614173228
21
-4.3357623622047239
0
LINE
8
BLACK
6
CONTINUOUS
10
6.545796614173228
20
-4.3357623622047239
11
6.5472964173228343
21
-4.3387619685039365
0
LINE
8
BLACK
6
CONTINUOUS
10
6.5472964173228343
20
-4.3387619685039365
11
6.5473125196850388
21
-4.3388040551181097
0
LINE
8
BLACK
6
CONTINUOUS
10
6.5473125196850388
20
-4.3388040551181097
11
6.5473252362204724
21
-4.3388212204724406
0
LINE
8
BLACK
6
CONTINUOUS
10
6.5473252362204724
20
-4.3388212204724406
11
6.5474116535433069
21
-4.3390631496062992
0
LINE
8
BLACK
6
CONTINUOUS
10
6.5474116535433069
20
-4.3390631496062992
11
6.5475033070866138
21
-4.3393025984251965
0
LINE
8
BLACK
6
CONTINUOUS
10
6.5475033070866138
20
-4.3393025984251965
11
6.5475048031496064
21
-4.339323818897638
0
LINE
8
BLACK
6
CONTINUOUS
10
6.5475048031496064
20
-4.339323818897638
11
6.5475199999999996
21
-4.3393663385826775
0
LINE
8
BLACK
6
CONTINUOUS
10
6.5475199999999996
20
-4.3393663385826775
11
6.5489411811023617
21
-4.3450511417322835
0
LINE
8
BLACK
6
CONTINUOUS
10
6.5489411811023617
20
-4.3450511417322835
11
6.5500817716535433
21
-4.3473322834645671
0
LINE
8
BLACK
6
CONTINUOUS
10
6.5500817716535433
20
-4.3473322834645671
11
6.5509039370078739
21
-4.3481544488188977
0
LINE
8
BLACK
6
CONTINUOUS
10
6.5509039370078739
20
-4.3481544488188977
11
6.552851496062992
21
-4.3491282283464567
0
LINE
8
BLACK
6
CONTINUOUS
10
6.552851496062992
20
-4.3491282283464567
11
6.5544570472440942
21
-4.3491282283464567
0
LINE
8
BLACK
6
CONTINUOUS
10
6.5544570472440942
20
-4.3491282283464567
11
6.5564046062992123
21
-4.3481544094488189
0
LINE
8
BLACK
6
CONTINUOUS
10
6.5564046062992123
20
-4.3481544094488189
11
6.5572268110236216
21
-4.3473322440944884
0
LINE
8
BLACK
6
CONTINUOUS
10
6.5572268110236216
20
-4.3473322440944884
11
6.5582005905511807
21
-4.3453846850393703
0
LINE
8
BLACK
6
CONTINUOUS
10
6.5582005905511807
20
-4.3453846850393703
11
6.5582005905511807
21
-4.3390617716535429
0
LINE
8
BLACK
6
CONTINUOUS
10
6.5582005905511807
20
-4.3390617716535429
11
6.5568523228346454
21
-4.335016968503937
0
LINE
8
BLACK
6
CONTINUOUS
10
6.5568523228346454
20
-4.335016968503937
11
6.5567239763779526
21
-4.3344525196850396
0
LINE
8
BLACK
6
CONTINUOUS
10
6.5567239763779526
20
-4.3344525196850396
11
6.5568056692913386
21
-4.3333033070866138
0
LINE
8
BLACK
6
CONTINUOUS
10
6.5568056692913386
20
-4.3333033070866138
11
6.5573208661417324
21
-4.3322728740157483
0
LINE
8
BLACK
6
CONTINUOUS
10
6.5573208661417324
20
-4.3322728740157483
11
6.5581912598425198
21
-4.3315179921259839
0
LINE
8
BLACK
6
CONTINUOUS
10
6.5581912598425198
20
-4.3315179921259839
11
6.5592842519685037
21
-4.3311536614173232
0
LINE
8
BLACK
6
CONTINUOUS
10
6.5592842519685037
20
-4.3311536614173232
11
6.5604334645669287
21
-4.3312353543307083
0
LINE
8
BLACK
6
CONTINUOUS
10
6.5604334645669287
20
-4.3312353543307083
11
6.561463897637795
21
-4.3317505511811021
0
LINE
8
BLACK
6
CONTINUOUS
10
6.561463897637795
20
-4.3317505511811021
11
6.5622187795275586
21
-4.3326209448818895
0
LINE
8
BLACK
6
CONTINUOUS
10
6.5622187795275586
20
-4.3326209448818895
11
6.5624547637795274
21
-4.3331494881889761
0
LINE
8
BLACK
6
CONTINUOUS
10
6.5624547637795274
20
-4.3331494881889761
11
6.5639545669291337
21
-4.3376489370078737
0
LINE
8
BLACK
6
CONTINUOUS
10
6.5639545669291337
20
-4.3376489370078737
11
6.5640194881889764
21
-4.3379344881889761
0
LINE
8
BLACK
6
CONTINUOUS
10
6.5640194881889764
20
-4.3379344881889761
11
6.5640493700787399
21
-4.3380066141732279
0
LINE
8
BLACK
6
CONTINUOUS
10
6.5640493700787399
20
-4.3380066141732279
11
6.5640596456692908
21
-4.3381111023622045
0
LINE
8
BLACK
6
CONTINUOUS
10
6.5640596456692908
20
-4.3381111023622045
11
6.5640829133858265
21
-4.338213385826772
0
LINE
8
BLACK
6
CONTINUOUS
10
6.5640829133858265
20
-4.338213385826772
11
6.5640773622047242
21
-4.3382911023622048
0
LINE
8
BLACK
6
CONTINUOUS
10
6.5640773622047242
20
-4.3382911023622048
11
6.5641061023622047
21
-4.3385826771653546
0
LINE
8
BLACK
6
CONTINUOUS
10
6.5641061023622047
20
-4.3385826771653546
11
6.5641061023622047
21
-4.3460817322834648
0
LINE
8
BLACK
6
CONTINUOUS
10
6.5641061023622047
20
-4.3460817322834648
11
6.5640493700787399
21
-4.3466577952755907
0
LINE
8
BLACK
6
CONTINUOUS
10
6.5640493700787399
20
-4.3466577952755907
11
6.5640087401574805
21
-4.346755787401575
0
LINE
8
BLACK
6
CONTINUOUS
10
6.5640087401574805
20
-4.346755787401575
11
6.5640012598425193
21
-4.3468616141732284
0
LINE
8
BLACK
6
CONTINUOUS
10
6.5640012598425193
20
-4.3468616141732284
11
6.5637943700787398
21
-4.3474022440944884
0
LINE
8
BLACK
6
CONTINUOUS
10
6.5637943700787398
20
-4.3474022440944884
11
6.5622945669291335
21
-4.3504018897637797
0
LINE
8
BLACK
6
CONTINUOUS
10
6.5622945669291335
20
-4.3504018897637797
11
6.5621385039370077
21
-4.3506498031496061
0
LINE
8
BLACK
6
CONTINUOUS
10
6.5621385039370077
20
-4.3506498031496061
11
6.562108661417323
21
-4.3507218897637792
0
LINE
8
BLACK
6
CONTINUOUS
10
6.562108661417323
20
-4.3507218897637792
11
6.5620420866141727
21
-4.3508029527559051
0
LINE
8
BLACK
6
CONTINUOUS
10
6.5620420866141727
20
-4.3508029527559051
11
6.5619862204724404
21
-4.3508917716535436
0
LINE
8
BLACK
6
CONTINUOUS
10
6.5619862204724404
20
-4.3508917716535436
11
6.5619272440944885
21
-4.3509428740157476
0
LINE
8
BLACK
6
CONTINUOUS
10
6.5619272440944885
20
-4.3509428740157476
11
6.5617414173228346
21
-4.351169330708661
0
LINE
8
BLACK
6
CONTINUOUS
10
6.5617414173228346
20
-4.351169330708661
11
6.5602415748031495
21
-4.3526691338582673
0
LINE
8
BLACK
6
CONTINUOUS
10
6.5602415748031495
20
-4.3526691338582673
11
6.5600152362204724
21
-4.3528548425196849
0
LINE
8
BLACK
6
CONTINUOUS
10
6.5600152362204724
20
-4.3528548425196849
11
6.5599640944881887
21
-4.3529138582677165
0
LINE
8
BLACK
6
CONTINUOUS
10
6.5599640944881887
20
-4.3529138582677165
11
6.5598751574803149
21
-4.3529698031496062
0
LINE
8
BLACK
6
CONTINUOUS
10
6.5598751574803149
20
-4.3529698031496062
11
6.5597941338582677
21
-4.3530363385826769
0
LINE
8
BLACK
6
CONTINUOUS
10
6.5597941338582677
20
-4.3530363385826769
11
6.5597220866141734
21
-4.3530661417322838
0
LINE
8
BLACK
6
CONTINUOUS
10
6.5597220866141734
20
-4.3530661417322838
11
6.5594742125984249
21
-4.3532222047244096
0
LINE
8
BLACK
6
CONTINUOUS
10
6.5594742125984249
20
-4.3532222047244096
11
6.5564746062992123
21
-4.3547220078740159
0
LINE
8
BLACK
6
CONTINUOUS
10
6.5564746062992123
20
-4.3547220078740159
11
6.5559339763779523
21
-4.3549288976377953
0
LINE
8
BLACK
6
CONTINUOUS
10
6.5559339763779523
20
-4.3549288976377953
11
6.5558281496062989
21
-4.3549363779527557
0
LINE
8
BLACK
6
CONTINUOUS
10
6.5558281496062989
20
-4.3549363779527557
11
6.5557301574803146
21
-4.354977007874016
0
LINE
8
BLACK
6
CONTINUOUS
10
6.5557301574803146
20
-4.354977007874016
11
6.5551540944881888
21
-4.3550337401574799
0
LINE
8
BLACK
6
CONTINUOUS
10
6.5551540944881888
20
-4.3550337401574799
11
6.5521544488188974
21
-4.3550337401574799
0
LINE
8
BLACK
6
CONTINUOUS
10
6.5521544488188974
20
-4.3550337401574799
11
6.5515783858267715
21
-4.354977007874016
0
LINE
8
BLACK
6
CONTINUOUS
10
6.5515783858267715
20
-4.354977007874016
11
6.5514803543307085
21
-4.3549363779527557
0
LINE
8
BLACK
6
CONTINUOUS
10
6.5514803543307085
20
-4.3549363779527557
11
6.5513745669291339
21
-4.3549288976377953
0
LINE
8
BLACK
6
CONTINUOUS
10
6.5513745669291339
20
-4.3549288976377953
11
6.5508339370078739
21
-4.3547220078740159
0
LINE
8
BLACK
6
CONTINUOUS
10
6.5508339370078739
20
-4.3547220078740159
11
6.5478343307086613
21
-4.3532222047244096
0
LINE
8
BLACK
6
CONTINUOUS
10
6.5478343307086613
20
-4.3532222047244096
11
6.5475862992125986
21
-4.353066102362205
0
LINE
8
BLACK
6
CONTINUOUS
10
6.5475862992125986
20
-4.353066102362205
11
6.5475143700787397
21
-4.3530362992125982
0
LINE
8
BLACK
6
CONTINUOUS
10
6.5475143700787397
20
-4.3530362992125982
11
6.5474333858267713
21
-4.3529698031496062
0
LINE
8
BLACK
6
CONTINUOUS
10
6.5474333858267713
20
-4.3529698031496062
11
6.5473444488188974
21
-4.3529138582677165
0
LINE
8
BLACK
6
CONTINUOUS
10
6.5473444488188974
20
-4.3529138582677165
11
6.547293267716535
21
-4.3528548425196849
0
LINE
8
BLACK
6
CONTINUOUS
10
6.547293267716535
20
-4.3528548425196849
11
6.5470669291338579
21
-4.3526690944881885
0
LINE
8
BLACK
6
CONTINUOUS
10
6.5470669291338579
20
-4.3526690944881885
11
6.5455671259842516
21
-4.3511692913385822
0
LINE
8
BLACK
6
CONTINUOUS
10
6.5455671259842516
20
-4.3511692913385822
11
6.5453812598425198
21
-4.3509427952755901
0
LINE
8
BLACK
6
CONTINUOUS
10
6.5453812598425198
20
-4.3509427952755901
11
6.5453224015748033
21
-4.3508917716535436
0
LINE
8
BLACK
6
CONTINUOUS
10
6.5453224015748033
20
-4.3508917716535436
11
6.5452664960629923
21
-4.3508029921259839
0
LINE
8
BLACK
6
CONTINUOUS
10
6.5452664960629923
20
-4.3508029921259839
11
6.545199921259842
21
-4.3507218503937004
0
LINE
8
BLACK
6
CONTINUOUS
10
6.545199921259842
20
-4.3507218503937004
11
6.5451700393700785
21
-4.3506497637795274
0
LINE
8
BLACK
6
CONTINUOUS
10
6.5451700393700785
20
-4.3506497637795274
11
6.5450140157480314
21
-4.3504018897637797
0
LINE
8
BLACK
6
CONTINUOUS
10
6.5450140157480314
20
-4.3504018897637797
11
6.5435141732283464
21
-4.3474022440944884
0
LINE
8
BLACK
6
CONTINUOUS
10
6.5435141732283464
20
-4.3474022440944884
11
6.5434980314960631
21
-4.3473601181102364
0
LINE
8
BLACK
6
CONTINUOUS
10
6.5434980314960631
20
-4.3473601181102364
11
6.5434853543307083
21
-4.3473429921259843
0
LINE
8
BLACK
6
CONTINUOUS
10
6.5434853543307083
20
-4.3473429921259843
11
6.5433990157480313
21
-4.3471013779527556
0
LINE
8
BLACK
6
CONTINUOUS
10
6.5433990157480313
20
-4.3471013779527556
11
6.5433072834645669
21
-4.3468616535433071
0
LINE
8
BLACK
6
CONTINUOUS
10
6.5433072834645669
20
-4.3468616535433071
11
6.5433057480314956
21
-4.3468403543307081
0
LINE
8
BLACK
6
CONTINUOUS
10
6.5433057480314956
20
-4.3468403543307081
11
6.5432905905511811
21
-4.3467978740157482
0
LINE
8
BLACK
6
CONTINUOUS
10
6.5432905905511811
20
-4.3467978740157482
11
6.5418693700787403
21
-4.3411129921259839
0
LINE
8
BLACK
6
CONTINUOUS
10
6.5418693700787403
20
-4.3411129921259839
11
6.5407288582677161
21
-4.3388319685039365
0
LINE
8
BLACK
6
CONTINUOUS
10
6.5407288582677161
20
-4.3388319685039365
11
6.5399066929133856
21
-4.3380098031496059
0
LINE
8
BLACK
6
CONTINUOUS
10
6.5399066929133856
20
-4.3380098031496059
11
6.5379590944881887
21
-4.3370359842519681
0
LINE
8
BLACK
6
CONTINUOUS
10
6.5379590944881887
20
-4.3370359842519681
11
6.5363535826771653
21
-4.3370359842519681
0
LINE
8
BLACK
6
CONTINUOUS
10
6.5363535826771653
20
-4.3370359842519681
11
6.5344059842519684
21
-4.3380097637795272
0
LINE
8
BLACK
6
CONTINUOUS
10
6.5344059842519684
20
-4.3380097637795272
11
6.5335838188976378
21
-4.3388319685039365
0
LINE
8
BLACK
6
CONTINUOUS
10
6.5335838188976378
20
-4.3388319685039365
11
6.5326100393700788
21
-4.3407795275590546
0
LINE
8
BLACK
6
CONTINUOUS
10
6.5326100393700788
20
-4.3407795275590546
11
6.5326100393700788
21
-4.347102440944882
0
LINE
8
BLACK
6
CONTINUOUS
10
6.5326100393700788
20
-4.347102440944882
11
6.5339583070866141
21
-4.3511472440944878
0
LINE
8
BLACK
6
CONTINUOUS
10
6.5339583070866141
20
-4.3511472440944878
11
6.5340866535433069
21
-4.3517116929133861
0
LINE
8
BLACK
6
CONTINUOUS
10
6.5340866535433069
20
-4.3517116929133861
11
6.5340049606299209
21
-4.352860905511811
0
LINE
8
BLACK
6
CONTINUOUS
10
6.5340049606299209
20
-4.352860905511811
11
6.5334897637795271
21
-4.3538913385826774
0
LINE
8
BLACK
6
CONTINUOUS
10
6.5334897637795271
20
-4.3538913385826774
11
6.5326194094488184
21
-4.354646220472441
0
LINE
8
BLACK
6
CONTINUOUS
10
6.5326194094488184
20
-4.354646220472441
11
6.5315263779527557
21
-4.3550105511811026
0
LINE
8
BLACK
6
CONTINUOUS
10
6.5315263779527557
20
-4.3550105511811026
11
6.5303771653543308
21
-4.3549288582677166
0
LINE
8
BLACK
6
CONTINUOUS
10
6.5303771653543308
20
-4.3549288582677166
11
6.5293467322834644
21
-4.3544136614173228
0
LINE
8
BLACK
6
CONTINUOUS
10
6.5293467322834644
20
-4.3544136614173228
11
6.5285918503937008
21
-4.3535433070866141
0
LINE
8
BLACK
6
CONTINUOUS
10
6.5285918503937008
20
-4.3535433070866141
11
6.528355866141732
21
-4.3530147244094488
0
LINE
8
BLACK
6
CONTINUOUS
10
6.528355866141732
20
-4.3530147244094488
11
6.5268560629921257
21
-4.3485153149606299
0
LINE
8
BLACK
6
CONTINUOUS
10
6.5268560629921257
20
-4.3485153149606299
11
6.5267911023622043
21
-4.3482297244094488
0
LINE
8
BLACK
6
CONTINUOUS
10
6.5267911023622043
20
-4.3482297244094488
11
6.5267612598425195
21
-4.3481576377952758
0
LINE
8
BLACK
6
CONTINUOUS
10
6.5267612598425195
20
-4.3481576377952758
11
6.5267509448818899
21
-4.3480531102362203
0
LINE
8
BLACK
6
CONTINUOUS
10
6.5267509448818899
20
-4.3480531102362203
11
6.5267277165354329
21
-4.3479508661417325
0
LINE
8
BLACK
6
CONTINUOUS
10
6.5267277165354329
20
-4.3479508661417325
11
6.5267332283464565
21
-4.34787311023622
0
LINE
8
BLACK
6
CONTINUOUS
10
6.5267332283464565
20
-4.34787311023622
11
6.5267045275590547
21
-4.3475815748031499
0
LINE
8
BLACK
6
CONTINUOUS
10
6.5267045275590547
20
-4.3475815748031499
11
6.5267045275590547
21
-4.3400824803149609
0
LINE
8
BLACK
6
CONTINUOUS
10
6.5267045275590547
20
-4.3400824803149609
11
6.5267612598425195
21
-4.3395064173228342
0
LINE
8
BLACK
6
CONTINUOUS
10
6.5267612598425195
20
-4.3395064173228342
11
6.5268018503937002
21
-4.3394083858267711
0
LINE
8
BLACK
6
CONTINUOUS
10
6.5268018503937002
20
-4.3394083858267711
11
6.5268093700787402
21
-4.3393025984251965
0
LINE
8
BLACK
6
CONTINUOUS
10
6.5268093700787402
20
-4.3393025984251965
11
6.5270162598425197
21
-4.3387619685039365
0
LINE
8
BLACK
6
CONTINUOUS
10
6.5270162598425197
20
-4.3387619685039365
11
6.5285160629921259
21
-4.3357623622047239
0
LINE
8
BLACK
6
CONTINUOUS
10
6.5285160629921259
20
-4.3357623622047239
11
6.5286721259842517
21
-4.3355143307086612
0
LINE
8
BLACK
6
CONTINUOUS
10
6.5286721259842517
20
-4.3355143307086612
11
6.5287019685039365
21
-4.3354424015748032
0
LINE
8
BLACK
6
CONTINUOUS
10
6.5287019685039365
20
-4.3354424015748032
11
6.5287684251968505
21
-4.3353614173228348
0
LINE
8
BLACK
6
CONTINUOUS
10
6.5287684251968505
20
-4.3353614173228348
11
6.528824409448819
21
-4.3352724803149609
0
LINE
8
BLACK
6
CONTINUOUS
10
6.528824409448819
20
-4.3352724803149609
11
6.5288833858267719
21
-4.3352212992125985
0
LINE
8
BLACK
6
CONTINUOUS
10
6.5288833858267719
20
-4.3352212992125985
11
6.5290691732283461
21
-4.3349949606299214
0
LINE
8
BLACK
6
CONTINUOUS
10
6.5290691732283461
20
-4.3349949606299214
11
6.5305689763779524
21
-4.3334951574803151
0
LINE
8
BLACK
6
CONTINUOUS
10
6.5305689763779524
20
-4.3334951574803151
11
6.5307954330708657
21
-4.3333092913385824
0
LINE
8
BLACK
6
CONTINUOUS
10
6.5307954330708657
20
-4.3333092913385824
11
6.5308464960629919
21
-4.3332504330708659
0
LINE
8
BLACK
6
CONTINUOUS
10
6.5308464960629919
20
-4.3332504330708659
11
6.530935236220472
21
-4.3331945275590549
0
LINE
8
BLACK
6
CONTINUOUS
10
6.530935236220472
20
-4.3331945275590549
11
6.5310164173228342
21
-4.3331279527559055
0
LINE
8
BLACK
6
CONTINUOUS
10
6.5310164173228342
20
-4.3331279527559055
11
6.5310884645669294
21
-4.333098070866142
0
LINE
8
BLACK
6
CONTINUOUS
10
6.5310884645669294
20
-4.333098070866142
11
6.5313363779527558
21
-4.332942047244094
0
LINE
8
BLACK
6
CONTINUOUS
10
6.5313363779527558
20
-4.332942047244094
11
6.5343359842519684
21
-4.331442204724409
0
LINE
8
BLACK
6
CONTINUOUS
10
6.5343359842519684
20
-4.331442204724409
11
6.5348766141732284
21
-4.3312353149606295
0
LINE
8
BLACK
6
CONTINUOUS
10
6.5348766141732284
20
-4.3312353149606295
11
6.5349824803149605
21
-4.3312277559055117
0
LINE
8
BLACK
6
CONTINUOUS
10
6.5349824803149605
20
-4.3312277559055117
11
6.5350804724409448
21
-4.3311872047244098
0
LINE
8
BLACK
6
CONTINUOUS
10
6.5350804724409448
20
-4.3311872047244098
11
6.5356565354330707
21
-4.331130472440945
0
LINE
8
BLACK
6
CONTINUOUS
10
6.5356565354330707
20
-4.331130472440945
11
6.5386561417322833
21
-4.331130472440945
0
LINE
8
BLACK
6
CONTINUOUS
10
6.5386561417322833
20
-4.331130472440945
11
6.5392322047244091
21
-4.3311872047244098
0
LINE
8
BLACK
6
CONTINUOUS
10
6.5617294094488186
20
-4.2996911811023617
11
6.5627938188976378
21
-4.3001320866141732
0
LINE
8
BLACK
6
CONTINUOUS
10
6.5627938188976378
20
-4.3001320866141732
11
6.5636084645669293
21
-4.3009467322834647
0
LINE
8
BLACK
6
CONTINUOUS
10
6.5636084645669293
20
-4.3009467322834647
11
6.5640493700787399
21
-4.3020111417322831
0
LINE
8
BLACK
6
CONTINUOUS
10
6.5640493700787399
20
-4.3020111417322831
11
6.5640493700787399
21
-4.3031632677165357
0
LINE
8
BLACK
6
CONTINUOUS
10
6.5640493700787399
20
-4.3031632677165357
11
6.5636084645669293
21
-4.304227677165354
0
LINE
8
BLACK
6
CONTINUOUS
10
6.5636084645669293
20
-4.304227677165354
11
6.5627938188976378
21
-4.3050423228346455
0
LINE
8
BLACK
6
CONTINUOUS
10
6.5627938188976378
20
-4.3050423228346455
11
6.5617294094488186
21
-4.305483228346457
0
LINE
8
BLACK
6
CONTINUOUS
10
6.5617294094488186
20
-4.305483228346457
11
6.5611533464566927
21
-4.3055399606299209
0
LINE
8
BLACK
6
CONTINUOUS
10
6.5611533464566927
20
-4.3055399606299209
11
6.5476081496062992
21
-4.3055399606299209
0
LINE
8
BLACK
6
CONTINUOUS
10
6.5476081496062992
20
-4.3055399606299209
11
6.5476081496062992
21
-4.3176322047244096
0
LINE
8
BLACK
6
CONTINUOUS
10
6.5476081496062992
20
-4.3176322047244096
11
6.5611533464566927
21
-4.3176322047244096
0
LINE
8
BLACK
6
CONTINUOUS
10
6.5611533464566927
20
-4.3176322047244096
11
6.5617294094488186
21
-4.3176889370078735
0
LINE
8
BLACK
6
CONTINUOUS
10
6.5617294094488186
20
-4.3176889370078735
11
6.5627938188976378
21
-4.318129842519685
0
LINE
8
BLACK
6
CONTINUOUS
10
6.5627938188976378
20
-4.318129842519685
11
6.5636084645669293
21
-4.3189444881889765
0
LINE
8
BLACK
6
CONTINUOUS
10
6.5636084645669293
20
-4.3189444881889765
11
6.5640493700787399
21
-4.3200088976377948
0
LINE
8
BLACK
6
CONTINUOUS
10
6.5640493700787399
20
-4.3200088976377948
11
6.5640493700787399
21
-4.3211610236220475
0
LINE
8
BLACK
6
CONTINUOUS
10
6.5640493700787399
20
-4.3211610236220475
11
6.5636084645669293
21
-4.3222254330708658
0
LINE
8
BLACK
6
CONTINUOUS
10
6.5636084645669293
20
-4.3222254330708658
11
6.5627938188976378
21
-4.3230400787401573
0
LINE
8
BLACK
6
CONTINUOUS
10
6.5627938188976378
20
-4.3230400787401573
11
6.5617294094488186
21
-4.3234809842519688
0
LINE
8
BLACK
6
CONTINUOUS
10
6.5617294094488186
20
-4.3234809842519688
11
6.5611533464566927
21
-4.3235377165354327
0
LINE
8
BLACK
6
CONTINUOUS
10
6.5611533464566927
20
-4.3235377165354327
11
6.5296572834645668
21
-4.3235377165354327
0
LINE
8
BLACK
6
CONTINUOUS
10
6.5296572834645668
20
-4.3235377165354327
11
6.5290812204724409
21
-4.3234809842519688
0
LINE
8
BLACK
6
CONTINUOUS
10
6.5290812204724409
20
-4.3234809842519688
11
6.5280168110236216
21
-4.3230400787401573
0
LINE
8
BLACK
6
CONTINUOUS
10
6.5280168110236216
20
-4.3230400787401573
11
6.5272021653543302
21
-4.3222254330708658
0
LINE
8
BLACK
6
CONTINUOUS
10
6.5272021653543302
20
-4.3222254330708658
11
6.5267612598425195
21
-4.3211610236220475
0
LINE
8
BLACK
6
CONTINUOUS
10
6.5267612598425195
20
-4.3211610236220475
11
6.5267612598425195
21
-4.3200088976377948
0
LINE
8
BLACK
6
CONTINUOUS
10
6.5267612598425195
20
-4.3200088976377948
11
6.5272021653543302
21
-4.3189444881889765
0
LINE
8
BLACK
6
CONTINUOUS
10
6.5272021653543302
20
-4.3189444881889765
11
6.5280168110236216
21
-4.318129842519685
0
LINE
8
BLACK
6
CONTINUOUS
10
6.5280168110236216
20
-4.318129842519685
11
6.5290812204724409
21
-4.3176889370078735
0
LINE
8
BLACK
6
CONTINUOUS
10
6.5290812204724409
20
-4.3176889370078735
11
6.5296572834645668
21
-4.3176322047244096
0
LINE
8
BLACK
6
CONTINUOUS
10
6.5296572834645668
20
-4.3176322047244096
11
6.5417026377952752
21
-4.3176322047244096
0
LINE
8
BLACK
6
CONTINUOUS
10
6.5417026377952752
20
-4.3176322047244096
11
6.5417026377952752
21
-4.3055399606299209
0
LINE
8
BLACK
6
CONTINUOUS
10
6.5417026377952752
20
-4.3055399606299209
11
6.5296572834645668
21
-4.3055399606299209
0
LINE
8
BLACK
6
CONTINUOUS
10
6.5296572834645668
20
-4.3055399606299209
11
6.5290812204724409
21
-4.305483228346457
0
LINE
8
BLACK
6
CONTINUOUS
10
6.5290812204724409
20
-4.305483228346457
11
6.5280168110236216
21
-4.3050423228346455
0
LINE
8
BLACK
6
CONTINUOUS
10
6.5280168110236216
20
-4.3050423228346455
11
6.5272021653543302
21
-4.304227677165354
0
LINE
8
BLACK
6
CONTINUOUS
10
6.5272021653543302
20
-4.304227677165354
11
6.5267612598425195
21
-4.3031632677165357
0
LINE
8
BLACK
6
CONTINUOUS
10
6.5267612598425195
20
-4.3031632677165357
11
6.5267612598425195
21
-4.3020111417322831
0
LINE
8
BLACK
6
CONTINUOUS
10
6.5267612598425195
20
-4.3020111417322831
11
6.5272021653543302
21
-4.3009467322834647
0
LINE
8
BLACK
6
CONTINUOUS
10
6.5272021653543302
20
-4.3009467322834647
11
6.5280168110236216
21
-4.3001320866141732
0
LINE
8
BLACK
6
CONTINUOUS
10
6.5280168110236216
20
-4.3001320866141732
11
6.5290812204724409
21
-4.2996911811023617
0
LINE
8
BLACK
6
CONTINUOUS
10
6.5290812204724409
20
-4.2996911811023617
11
6.5296572834645668
21
-4.2996344488188978
0
LINE
8
BLACK
6
CONTINUOUS
10
6.5296572834645668
20
-4.2996344488188978
11
6.5611533464566927
21
-4.2996344488188978
0
LINE
8
BLACK
6
CONTINUOUS
10
6.5611533464566927
20
-4.2996344488188978
11
6.5617294094488186
21
-4.2996911811023617
0
LINE
8
BLACK
6
CONTINUOUS
10
5.8727753543307086
20
-4.2705498031496063
11
5.87300468503937
21
-4.2705498031496063
0
LINE
8
BLACK
6
CONTINUOUS
10
5.87300468503937
20
-4.2705498031496063
11
5.8730620078740152
21
-4.2706071259842515
0
LINE
8
BLACK
6
CONTINUOUS
10
5.8730620078740152
20
-4.2706071259842515
11
5.873141496062992
21
-4.2706230314960631
0
LINE
8
BLACK
6
CONTINUOUS
10
5.873141496062992
20
-4.2706230314960631
11
5.8733585039370073
21
-4.2708405118110235
0
LINE
8
BLACK
6
CONTINUOUS
10
5.8733585039370073
20
-4.2708405118110235
11
5.8740650787401574
21
-4.2719003937007871
0
LINE
8
BLACK
6
CONTINUOUS
10
5.8740650787401574
20
-4.2719003937007871
11
5.8746696456692913
21
-4.2725049212598423
0
LINE
8
BLACK
6
CONTINUOUS
10
5.8746696456692913
20
-4.2725049212598423
11
5.8753051968503938
21
-4.2728227165354333
0
LINE
8
BLACK
6
CONTINUOUS
10
5.8753051968503938
20
-4.2728227165354333
11
5.8755479133858266
21
-4.2730111023622044
0
LINE
8
BLACK
6
CONTINUOUS
10
5.8755479133858266
20
-4.2730111023622044
11
5.8757385039370078
21
-4.2735828346456692
0
LINE
8
BLACK
6
CONTINUOUS
10
5.8757385039370078
20
-4.2735828346456692
11
5.8754689763779524
21
-4.2741218897637792
0
LINE
8
BLACK
6
CONTINUOUS
10
5.8754689763779524
20
-4.2741218897637792
11
5.8748972440944884
21
-4.2743124409448816
0
LINE
8
BLACK
6
CONTINUOUS
10
5.8748972440944884
20
-4.2743124409448816
11
5.8746009055118105
21
-4.2742312598425194
0
LINE
8
BLACK
6
CONTINUOUS
10
5.8746009055118105
20
-4.2742312598425194
11
5.8738510236220467
21
-4.2738562992125981
0
LINE
8
BLACK
6
CONTINUOUS
10
5.8738510236220467
20
-4.2738562992125981
11
5.8737511811023619
21
-4.2737788188976378
0
LINE
8
BLACK
6
CONTINUOUS
10
5.8737511811023619
20
-4.2737788188976378
11
5.8736464173228349
21
-4.2737088188976378
0
LINE
8
BLACK
6
CONTINUOUS
10
5.8736464173228349
20
-4.2737088188976378
11
5.8734907480314957
21
-4.2735531496062995
0
LINE
8
BLACK
6
CONTINUOUS
10
5.8734907480314957
20
-4.2735531496062995
11
5.8734907480314957
21
-4.2783638976377949
0
LINE
8
BLACK
6
CONTINUOUS
10
5.8734907480314957
20
-4.2783638976377949
11
5.8749530708661419
21
-4.2783638976377949
0
LINE
8
BLACK
6
CONTINUOUS
10
5.8749530708661419
20
-4.2783638976377949
11
5.8752544094488188
21
-4.2784238188976378
0
LINE
8
BLACK
6
CONTINUOUS
10
5.8752544094488188
20
-4.2784238188976378
11
5.8756805511811026
21
-4.2788499606299215
0
LINE
8
BLACK
6
CONTINUOUS
10
5.8756805511811026
20
-4.2788499606299215
11
5.8756805511811026
21
-4.2794526377952753
0
LINE
8
BLACK
6
CONTINUOUS
10
5.8756805511811026
20
-4.2794526377952753
11
5.8752544094488188
21
-4.279878779527559
0
LINE
8
BLACK
6
CONTINUOUS
10
5.8752544094488188
20
-4.279878779527559
11
5.8749530708661419
21
-4.2799387007874019
0
LINE
8
BLACK
6
CONTINUOUS
10
5.8749530708661419
20
-4.2799387007874019
11
5.8704536614173231
21
-4.2799387007874019
0
LINE
8
BLACK
6
CONTINUOUS
10
5.8704536614173231
20
-4.2799387007874019
11
5.8701523228346453
21
-4.279878779527559
0
LINE
8
BLACK
6
CONTINUOUS
10
5.8701523228346453
20
-4.279878779527559
11
5.8697261811023624
21
-4.2794526377952753
0
LINE
8
BLACK
6
CONTINUOUS
10
5.8697261811023624
20
-4.2794526377952753
11
5.8697261811023624
21
-4.2788499606299215
0
LINE
8
BLACK
6
CONTINUOUS
10
5.8697261811023624
20
-4.2788499606299215
11
5.8701523228346453
21
-4.2784238188976378
0
LINE
8
BLACK
6
CONTINUOUS
10
5.8701523228346453
20
-4.2784238188976378
11
5.8704536614173231
21
-4.2783638976377949
0
LINE
8
BLACK
6
CONTINUOUS
10
5.8704536614173231
20
-4.2783638976377949
11
5.8719159448818896
21
-4.2783638976377949
0
LINE
8
BLACK
6
CONTINUOUS
10
5.8719159448818896
20
-4.2783638976377949
11
5.8719159448818896
21
-4.2712772834645669
0
LINE
8
BLACK
6
CONTINUOUS
10
5.8719159448818896
20
-4.2712772834645669
11
5.8719758661417325
21
-4.27097594488189
0
LINE
8
BLACK
6
CONTINUOUS
10
5.8719758661417325
20
-4.27097594488189
11
5.8720331889763777
21
-4.2709185826771652
0
LINE
8
BLACK
6
CONTINUOUS
10
5.8720331889763777
20
-4.2709185826771652
11
5.8720490944881885
21
-4.2708391338582672
0
LINE
8
BLACK
6
CONTINUOUS
10
5.8720490944881885
20
-4.2708391338582672
11
5.8722398031496059
21
-4.270711968503937
0
LINE
8
BLACK
6
CONTINUOUS
10
5.8722398031496059
20
-4.270711968503937
11
5.8724020078740153
21
-4.2705498031496063
0
LINE
8
BLACK
6
CONTINUOUS
10
5.8724020078740153
20
-4.2705498031496063
11
5.87248311023622
21
-4.2705498031496063
0
LINE
8
BLACK
6
CONTINUOUS
10
5.87248311023622
20
-4.2705498031496063
11
5.872550551181102
21
-4.270504842519685
0
LINE
8
BLACK
6
CONTINUOUS
10
5.872550551181102
20
-4.270504842519685
11
5.8727753543307086
21
-4.2705498031496063
0
LINE
8
BLACK
6
CONTINUOUS
10
5.882753464566929
20
-4.2705498031496063
11
5.8831796062992128
21
-4.27097594488189
0
LINE
8
BLACK
6
CONTINUOUS
10
5.8831796062992128
20
-4.27097594488189
11
5.8832395275590548
21
-4.2712772834645669
0
LINE
8
BLACK
6
CONTINUOUS
10
5.8832395275590548
20
-4.2712772834645669
11
5.8832395275590548
21
-4.2791512992125984
0
LINE
8
BLACK
6
CONTINUOUS
10
5.8832395275590548
20
-4.2791512992125984
11
5.8831796062992128
21
-4.2794526377952753
0
LINE
8
BLACK
6
CONTINUOUS
10
5.8831796062992128
20
-4.2794526377952753
11
5.882753464566929
21
-4.279878779527559
0
LINE
8
BLACK
6
CONTINUOUS
10
5.882753464566929
20
-4.279878779527559
11
5.8824521259842522
21
-4.2799387007874019
0
LINE
8
BLACK
6
CONTINUOUS
10
5.8824521259842522
20
-4.2799387007874019
11
5.8805773622047246
21
-4.2799387007874019
0
LINE
8
BLACK
6
CONTINUOUS
10
5.8805773622047246
20
-4.2799387007874019
11
5.8804536220472441
21
-4.2799140944881886
0
LINE
8
BLACK
6
CONTINUOUS
10
5.8804536220472441
20
-4.2799140944881886
11
5.8803283858267719
21
-4.2798983070866141
0
LINE
8
BLACK
6
CONTINUOUS
10
5.8803283858267719
20
-4.2798983070866141
11
5.8792035433070868
21
-4.2795233858267716
0
LINE
8
BLACK
6
CONTINUOUS
10
5.8792035433070868
20
-4.2795233858267716
11
5.8791692913385827
21
-4.2795038582677165
0
LINE
8
BLACK
6
CONTINUOUS
10
5.8791692913385827
20
-4.2795038582677165
11
5.8791511811023618
21
-4.2795038582677165
0
LINE
8
BLACK
6
CONTINUOUS
10
5.8791511811023618
20
-4.2795038582677165
11
5.8790463385826772
21
-4.279433779527559
0
LINE
8
BLACK
6
CONTINUOUS
10
5.8790463385826772
20
-4.279433779527559
11
5.8789366141732282
21
-4.2793712598425193
0
LINE
8
BLACK
6
CONTINUOUS
10
5.8789366141732282
20
-4.2793712598425193
11
5.8789285039370078
21
-4.2793550393700786
0
LINE
8
BLACK
6
CONTINUOUS
10
5.8789285039370078
20
-4.2793550393700786
11
5.8788957480314963
21
-4.2793331496062992
0
LINE
8
BLACK
6
CONTINUOUS
10
5.8788957480314963
20
-4.2793331496062992
11
5.8781458267716538
21
-4.2785832283464567
0
LINE
8
BLACK
6
CONTINUOUS
10
5.8781458267716538
20
-4.2785832283464567
11
5.878075787401575
21
-4.27847842519685
0
LINE
8
BLACK
6
CONTINUOUS
10
5.878075787401575
20
-4.27847842519685
11
5.8779983070866137
21
-4.2783785826771652
0
LINE
8
BLACK
6
CONTINUOUS
10
5.8779983070866137
20
-4.2783785826771652
11
5.8776233858267712
21
-4.2776286614173227
0
LINE
8
BLACK
6
CONTINUOUS
10
5.8776233858267712
20
-4.2776286614173227
11
5.8776005905511806
21
-4.2775454330708662
0
LINE
8
BLACK
6
CONTINUOUS
10
5.8776005905511806
20
-4.2775454330708662
11
5.8775637795275593
21
-4.2774674803149608
0
LINE
8
BLACK
6
CONTINUOUS
10
5.8775637795275593
20
-4.2774674803149608
11
5.877188818897638
21
-4.2759677165354333
0
LINE
8
BLACK
6
CONTINUOUS
10
5.877188818897638
20
-4.2759677165354333
11
5.8771840944881886
21
-4.2758712598425195
0
LINE
8
BLACK
6
CONTINUOUS
10
5.8771840944881886
20
-4.2758712598425195
11
5.8771653149606298
21
-4.2757767322834646
0
LINE
8
BLACK
6
CONTINUOUS
10
5.8771653149606298
20
-4.2757767322834646
11
5.8771653149606298
21
-4.2746518897637795
0
LINE
8
BLACK
6
CONTINUOUS
10
5.8771653149606298
20
-4.2746518897637795
11
5.8771840944881886
21
-4.2745573228346458
0
LINE
8
BLACK
6
CONTINUOUS
10
5.8771840944881886
20
-4.2745573228346458
11
5.877188818897638
21
-4.2744609055118108
0
LINE
8
BLACK
6
CONTINUOUS
10
5.877188818897638
20
-4.2744609055118108
11
5.8775637795275593
21
-4.2729611023622045
0
LINE
8
BLACK
6
CONTINUOUS
10
5.8775637795275593
20
-4.2729611023622045
11
5.8776005905511806
21
-4.2728831102362204
0
LINE
8
BLACK
6
CONTINUOUS
10
5.8776005905511806
20
-4.2728831102362204
11
5.8776233858267712
21
-4.2727999212598426
0
LINE
8
BLACK
6
CONTINUOUS
10
5.8776233858267712
20
-4.2727999212598426
11
5.8779983070866137
21
-4.2720500393700789
0
LINE
8
BLACK
6
CONTINUOUS
10
5.8779983070866137
20
-4.2720500393700789
11
5.878075787401575
21
-4.2719501574803145
0
LINE
8
BLACK
6
CONTINUOUS
10
5.878075787401575
20
-4.2719501574803145
11
5.8781458267716538
21
-4.2718453937007874
0
LINE
8
BLACK
6
CONTINUOUS
10
5.8781458267716538
20
-4.2718453937007874
11
5.8788957480314963
21
-4.2710954724409449
0
LINE
8
BLACK
6
CONTINUOUS
10
5.8788957480314963
20
-4.2710954724409449
11
5.8789284645669291
21
-4.2710735826771655
0
LINE
8
BLACK
6
CONTINUOUS
10
5.8789284645669291
20
-4.2710735826771655
11
5.8789365748031495
21
-4.2710574015748026
0
LINE
8
BLACK
6
CONTINUOUS
10
5.8789365748031495
20
-4.2710574015748026
11
5.8790463385826772
21
-4.2709948031496063
0
LINE
8
BLACK
6
CONTINUOUS
10
5.8790463385826772
20
-4.2709948031496063
11
5.8791511811023618
21
-4.2709247637795276
0
LINE
8
BLACK
6
CONTINUOUS
10
5.8791511811023618
20
-4.2709247637795276
11
5.8791692519685039
21
-4.2709247637795276
0
LINE
8
BLACK
6
CONTINUOUS
10
5.8791692519685039
20
-4.2709247637795276
11
5.8792035039370081
21
-4.2709052362204725
0
LINE
8
BLACK
6
CONTINUOUS
10
5.8792035039370081
20
-4.2709052362204725
11
5.8803283858267719
21
-4.2705302755905512
0
LINE
8
BLACK
6
CONTINUOUS
10
5.8803283858267719
20
-4.2705302755905512
11
5.8804536220472441
21
-4.270514448818898
0
LINE
8
BLACK
6
CONTINUOUS
10
5.8804536220472441
20
-4.270514448818898
11
5.8805773622047246
21
-4.2704898818897634
0
LINE
8
BLACK
6
CONTINUOUS
10
5.8805773622047246
20
-4.2704898818897634
11
5.8824521259842522
21
-4.2704898818897634
0
LINE
8
BLACK
6
CONTINUOUS
10
5.8824521259842522
20
-4.2704898818897634
11
5.882753464566929
21
-4.2705498031496063
0
LINE
8
BLACK
6
CONTINUOUS
10
5.8798777952755907
20
-4.2723404724409448
11
5.8793497637795271
21
-4.2728685039370076
0
LINE
8
BLACK
6
CONTINUOUS
10
5.8793497637795271
20
-4.2728685039370076
11
5.8790705905511809
21
-4.273426850393701
0
LINE
8
BLACK
6
CONTINUOUS
10
5.8790705905511809
20
-4.273426850393701
11
5.8787401181102359
21
-4.2747488582677162
0
LINE
8
BLACK
6
CONTINUOUS
10
5.8787401181102359
20
-4.2747488582677162
11
5.8787401181102359
21
-4.2756797244094491
0
LINE
8
BLACK
6
CONTINUOUS
10
5.8787401181102359
20
-4.2756797244094491
11
5.8790705905511809
21
-4.2770016929133856
0
LINE
8
BLACK
6
CONTINUOUS
10
5.8790705905511809
20
-4.2770016929133856
11
5.8793497244094484
21
-4.277560039370079
0
LINE
8
BLACK
6
CONTINUOUS
10
5.8793497244094484
20
-4.277560039370079
11
5.8798777952755907
21
-4.2780881102362205
0
LINE
8
BLACK
6
CONTINUOUS
10
5.8798777952755907
20
-4.2780881102362205
11
5.8807051574803149
21
-4.2783638976377949
0
LINE
8
BLACK
6
CONTINUOUS
10
5.8807051574803149
20
-4.2783638976377949
11
5.8816647244094487
21
-4.2783638976377949
0
LINE
8
BLACK
6
CONTINUOUS
10
5.8816647244094487
20
-4.2783638976377949
11
5.8816647244094487
21
-4.2720646850393704
0
LINE
8
BLACK
6
CONTINUOUS
10
5.8816647244094487
20
-4.2720646850393704
11
5.8807050787401574
21
-4.2720646850393704
0
LINE
8
BLACK
6
CONTINUOUS
10
5.8807050787401574
20
-4.2720646850393704
11
5.8798777952755907
21
-4.2723404724409448
0
LINE
8
BLACK
6
CONTINUOUS
10
5.8869291338582679
20
-4.27097594488189
11
5.8869890551181099
21
-4.2712772834645669
0
LINE
8
BLACK
6
CONTINUOUS
10
5.8869890551181099
20
-4.2712772834645669
11
5.8869890551181099
21
-4.2791512992125984
0
LINE
8
BLACK
6
CONTINUOUS
10
5.8869890551181099
20
-4.2791512992125984
11
5.8869291338582679
21
-4.2794526377952753
0
LINE
8
BLACK
6
CONTINUOUS
10
5.8869291338582679
20
-4.2794526377952753
11
5.8865029921259842
21
-4.279878779527559
0
LINE
8
BLACK
6
CONTINUOUS
10
5.8865029921259842
20
-4.279878779527559
11
5.8859003149606295
21
-4.279878779527559
0
LINE
8
BLACK
6
CONTINUOUS
10
5.8859003149606295
20
-4.279878779527559
11
5.8854741732283467
21
-4.2794526377952753
0
LINE
8
BLACK
6
CONTINUOUS
10
5.8854741732283467
20
-4.2794526377952753
11
5.8854142519685038
21
-4.2791512992125984
0
LINE
8
BLACK
6
CONTINUOUS
10
5.8854142519685038
20
-4.2791512992125984
11
5.8854142519685038
21
-4.2712772834645669
0
LINE
8
BLACK
6
CONTINUOUS
10
5.8854142519685038
20
-4.2712772834645669
11
5.8854741732283467
21
-4.27097594488189
0
LINE
8
BLACK
6
CONTINUOUS
10
5.8854741732283467
20
-4.27097594488189
11
5.8859003149606295
21
-4.2705498031496063
0
LINE
8
BLACK
6
CONTINUOUS
10
5.8859003149606295
20
-4.2705498031496063
11
5.8865029921259842
21
-4.2705498031496063
0
LINE
8
BLACK
6
CONTINUOUS
10
5.8865029921259842
20
-4.2705498031496063
11
5.8869291338582679
21
-4.27097594488189
0
LINE
8
BLACK
6
CONTINUOUS
10
5.8932521653543306
20
-4.2705498031496063
11
5.8936783070866143
21
-4.27097594488189
0
LINE
8
BLACK
6
CONTINUOUS
10
5.8936783070866143
20
-4.27097594488189
11
5.8937382283464563
21
-4.2712772834645669
0
LINE
8
BLACK
6
CONTINUOUS
10
5.8937382283464563
20
-4.2712772834645669
11
5.8937382283464563
21
-4.2791512992125984
0
LINE
8
BLACK
6
CONTINUOUS
10
5.8937382283464563
20
-4.2791512992125984
11
5.8936783070866143
21
-4.2794526377952753
0
LINE
8
BLACK
6
CONTINUOUS
10
5.8936783070866143
20
-4.2794526377952753
11
5.8932521653543306
21
-4.279878779527559
0
LINE
8
BLACK
6
CONTINUOUS
10
5.8932521653543306
20
-4.279878779527559
11
5.8926494881889759
21
-4.279878779527559
0
LINE
8
BLACK
6
CONTINUOUS
10
5.8926494881889759
20
-4.279878779527559
11
5.8922233464566931
21
-4.2794526377952753
0
LINE
8
BLACK
6
CONTINUOUS
10
5.8922233464566931
20
-4.2794526377952753
11
5.8921634251968502
21
-4.2791512992125984
0
LINE
8
BLACK
6
CONTINUOUS
10
5.8921634251968502
20
-4.2791512992125984
11
5.8921634251968502
21
-4.2758142125984255
0
LINE
8
BLACK
6
CONTINUOUS
10
5.8921634251968502
20
-4.2758142125984255
11
5.8903261811023624
21
-4.2758142125984255
0
LINE
8
BLACK
6
CONTINUOUS
10
5.8903261811023624
20
-4.2758142125984255
11
5.8900248425196846
21
-4.2757542913385826
0
LINE
8
BLACK
6
CONTINUOUS
10
5.8900248425196846
20
-4.2757542913385826
11
5.8895987007874018
21
-4.2753281496062989
0
LINE
8
BLACK
6
CONTINUOUS
10
5.8895987007874018
20
-4.2753281496062989
11
5.8895987007874018
21
-4.2747254724409451
0
LINE
8
BLACK
6
CONTINUOUS
10
5.8895987007874018
20
-4.2747254724409451
11
5.8900248425196846
21
-4.2742993307086614
0
LINE
8
BLACK
6
CONTINUOUS
10
5.8900248425196846
20
-4.2742993307086614
11
5.8903261811023624
21
-4.2742394094488185
0
LINE
8
BLACK
6
CONTINUOUS
10
5.8903261811023624
20
-4.2742394094488185
11
5.8921634251968502
21
-4.2742394094488185
0
LINE
8
BLACK
6
CONTINUOUS
10
5.8921634251968502
20
-4.2742394094488185
11
5.8921634251968502
21
-4.2720646850393704
0
LINE
8
BLACK
6
CONTINUOUS
10
5.8921634251968502
20
-4.2720646850393704
11
5.8892012992125986
21
-4.2720646850393704
0
LINE
8
BLACK
6
CONTINUOUS
10
5.8892012992125986
20
-4.2720646850393704
11
5.8888999606299208
21
-4.2720047637795275
0
LINE
8
BLACK
6
CONTINUOUS
10
5.8888999606299208
20
-4.2720047637795275
11
5.888473818897638
21
-4.2715786220472438
0
LINE
8
BLACK
6
CONTINUOUS
10
5.888473818897638
20
-4.2715786220472438
11
5.888473818897638
21
-4.27097594488189
0
LINE
8
BLACK
6
CONTINUOUS
10
5.888473818897638
20
-4.27097594488189
11
5.8888999606299208
21
-4.2705498031496063
0
LINE
8
BLACK
6
CONTINUOUS
10
5.8888999606299208
20
-4.2705498031496063
11
5.8892012992125986
21
-4.2704898818897634
0
LINE
8
BLACK
6
CONTINUOUS
10
5.8892012992125986
20
-4.2704898818897634
11
5.8929508267716537
21
-4.2704898818897634
0
LINE
8
BLACK
6
CONTINUOUS
10
5.8929508267716537
20
-4.2704898818897634
11
5.8932521653543306
21
-4.2705498031496063
0
LINE
8
BLACK
6
CONTINUOUS
10
5.8901762204724406
20
-4.2555852755905512
11
5.8950716141732284
21
-4.2584116535433072
0
LINE
8
BLACK
6
CONTINUOUS
10
5.8950716141732284
20
-4.2584116535433072
11
5.8990686614173224
21
-4.2624087007874012
0
LINE
8
BLACK
6
CONTINUOUS
10
5.8990686614173224
20
-4.2624087007874012
11
5.9018950393700784
21
-4.267304094488189
0
LINE
8
BLACK
6
CONTINUOUS
10
5.9018950393700784
20
-4.267304094488189
11
5.9033580708661413
21
-4.2727642125984255
0
LINE
8
BLACK
6
CONTINUOUS
10
5.9033580708661413
20
-4.2727642125984255
11
5.9033580708661413
21
-4.2784168897637791
0
LINE
8
BLACK
6
CONTINUOUS
10
5.9033580708661413
20
-4.2784168897637791
11
5.9018950393700784
21
-4.2838770078740156
0
LINE
8
BLACK
6
CONTINUOUS
10
5.9018950393700784
20
-4.2838770078740156
11
5.8990686614173224
21
-4.2887724015748034
0
LINE
8
BLACK
6
CONTINUOUS
10
5.8990686614173224
20
-4.2887724015748034
11
5.8950716141732284
21
-4.2927694488188974
0
LINE
8
BLACK
6
CONTINUOUS
10
5.8950716141732284
20
-4.2927694488188974
11
5.8901762204724406
21
-4.2955958267716534
0
LINE
8
BLACK
6
CONTINUOUS
10
5.8901762204724406
20
-4.2955958267716534
11
5.884716102362205
21
-4.2970588582677163
0
LINE
8
BLACK
6
CONTINUOUS
10
5.884716102362205
20
-4.2970588582677163
11
5.8790634251968505
21
-4.2970588582677163
0
LINE
8
BLACK
6
CONTINUOUS
10
5.8790634251968505
20
-4.2970588582677163
11
5.873603307086614
21
-4.2955958267716534
0
LINE
8
BLACK
6
CONTINUOUS
10
5.873603307086614
20
-4.2955958267716534
11
5.8687079133858262
21
-4.2927694488188974
0
LINE
8
BLACK
6
CONTINUOUS
10
5.8687079133858262
20
-4.2927694488188974
11
5.8647108661417322
21
-4.2887724015748034
0
LINE
8
BLACK
6
CONTINUOUS
10
5.8647108661417322
20
-4.2887724015748034
11
5.8618844881889762
21
-4.2838770078740156
0
LINE
8
BLACK
6
CONTINUOUS
10
5.8618844881889762
20
-4.2838770078740156
11
5.8604214566929134
21
-4.2784168897637791
0
LINE
8
BLACK
6
CONTINUOUS
10
5.8604214566929134
20
-4.2784168897637791
11
5.8604214566929134
21
-4.2732581102362204
0
LINE
8
BLACK
6
CONTINUOUS
10
5.8604214566929134
20
-4.2732581102362204
11
5.8604214566929134
21
-4.2727642125984255
0
LINE
8
BLACK
6
CONTINUOUS
10
5.8604214566929134
20
-4.2727642125984255
11
5.8618844881889762
21
-4.267304094488189
0
LINE
8
BLACK
6
CONTINUOUS
10
5.8618844881889762
20
-4.267304094488189
11
5.8647108661417322
21
-4.2624087007874012
0
LINE
8
BLACK
6
CONTINUOUS
10
5.8647108661417322
20
-4.2624087007874012
11
5.8687079133858262
21
-4.2584116535433072
0
LINE
8
BLACK
6
CONTINUOUS
10
5.8687079133858262
20
-4.2584116535433072
11
5.873603307086614
21
-4.2555852755905512
0
LINE
8
BLACK
6
CONTINUOUS
10
5.873603307086614
20
-4.2555852755905512
11
5.8790634251968505
21
-4.2541222440944884
0
LINE
8
BLACK
6
CONTINUOUS
10
5.8790634251968505
20
-4.2541222440944884
11
5.884716102362205
21
-4.2541222440944884
0
LINE
8
BLACK
6
CONTINUOUS
10
5.884716102362205
20
-4.2541222440944884
11
5.8901762204724406
21
-4.2555852755905512
0
LINE
8
BLACK
6
CONTINUOUS
10
5.8641732283464565
20
-4.2779229921259843
11
5.8653805905511813
21
-4.2824288976377956
0
LINE
8
BLACK
6
CONTINUOUS
10
5.8653805905511813
20
-4.2824288976377956
11
5.8677129921259841
21
-4.2864687401574804
0
LINE
8
BLACK
6
CONTINUOUS
10
5.8677129921259841
20
-4.2864687401574804
11
5.8710115748031493
21
-4.2897673228346456
0
LINE
8
BLACK
6
CONTINUOUS
10
5.8710115748031493
20
-4.2897673228346456
11
5.8750514173228341
21
-4.2920997244094483
0
LINE
8
BLACK
6
CONTINUOUS
10
5.8750514173228341
20
-4.2920997244094483
11
5.8795573228346454
21
-4.2933070866141732
0
LINE
8
BLACK
6
CONTINUOUS
10
5.8795573228346454
20
-4.2933070866141732
11
5.8842222047244093
21
-4.2933070866141732
0
LINE
8
BLACK
6
CONTINUOUS
10
5.8842222047244093
20
-4.2933070866141732
11
5.8887281102362206
21
-4.2920997244094483
0
LINE
8
BLACK
6
CONTINUOUS
10
5.8887281102362206
20
-4.2920997244094483
11
5.8927679527559054
21
-4.2897673228346456
0
LINE
8
BLACK
6
CONTINUOUS
10
5.8927679527559054
20
-4.2897673228346456
11
5.8960665354330706
21
-4.2864687401574804
0
LINE
8
BLACK
6
CONTINUOUS
10
5.8960665354330706
20
-4.2864687401574804
11
5.8983989370078742
21
-4.2824288976377956
0
LINE
8
BLACK
6
CONTINUOUS
10
5.8983989370078742
20
-4.2824288976377956
11
5.8996062992125982
21
-4.2779229921259843
0
LINE
8
BLACK
6
CONTINUOUS
10
5.8996062992125982
20
-4.2779229921259843
11
5.8996062992125982
21
-4.2732581102362204
0
LINE
8
BLACK
6
CONTINUOUS
10
5.8996062992125982
20
-4.2732581102362204
11
5.8983989370078742
21
-4.2687522047244091
0
LINE
8
BLACK
6
CONTINUOUS
10
5.8983989370078742
20
-4.2687522047244091
11
5.8960665354330706
21
-4.2647123622047243
0
LINE
8
BLACK
6
CONTINUOUS
10
5.8960665354330706
20
-4.2647123622047243
11
5.8927679527559054
21
-4.2614137795275591
0
LINE
8
BLACK
6
CONTINUOUS
10
5.8927679527559054
20
-4.2614137795275591
11
5.8887281102362206
21
-4.2590813779527554
0
LINE
8
BLACK
6
CONTINUOUS
10
5.8887281102362206
20
-4.2590813779527554
11
5.8842222047244093
21
-4.2578740157480315
0
LINE
8
BLACK
6
CONTINUOUS
10
5.8842222047244093
20
-4.2578740157480315
11
5.8795573228346454
21
-4.2578740157480315
0
LINE
8
BLACK
6
CONTINUOUS
10
5.8795573228346454
20
-4.2578740157480315
11
5.8750514173228341
21
-4.2590813779527554
0
LINE
8
BLACK
6
CONTINUOUS
10
5.8750514173228341
20
-4.2590813779527554
11
5.8710115748031493
21
-4.2614137795275591
0
LINE
8
BLACK
6
CONTINUOUS
10
5.8710115748031493
20
-4.2614137795275591
11
5.8677129921259841
21
-4.2647123622047243
0
LINE
8
BLACK
6
CONTINUOUS
10
5.8677129921259841
20
-4.2647123622047243
11
5.8653805905511813
21
-4.2687522047244091
0
LINE
8
BLACK
6
CONTINUOUS
10
5.8653805905511813
20
-4.2687522047244091
11
5.8641732283464565
21
-4.2732581102362204
0
LINE
8
BLACK
6
CONTINUOUS
10
5.8641732283464565
20
-4.2732581102362204
11
5.8641732283464565
21
-4.2779229921259843
0
LINE
8
BLACK
6
CONTINUOUS
10
6.5477555511811021
20
-4.2666484251968502
11
6.5477985826771654
21
-4.266642047244094
0
LINE
8
BLACK
6
CONTINUOUS
10
6.5477985826771654
20
-4.266642047244094
11
6.5480140944881891
21
-4.2666738976377951
0
LINE
8
BLACK
6
CONTINUOUS
10
6.5480140944881891
20
-4.2666738976377951
11
6.5482311023622044
21
-4.2666952755905507
0
LINE
8
BLACK
6
CONTINUOUS
10
6.5482311023622044
20
-4.2666952755905507
11
6.5482712598425197
21
-4.266711889763779
0
LINE
8
BLACK
6
CONTINUOUS
10
6.5482712598425197
20
-4.266711889763779
11
6.5483712204724407
21
-4.2667266929133856
0
LINE
8
BLACK
6
CONTINUOUS
10
6.5483712204724407
20
-4.2667266929133856
11
6.5543704724409446
21
-4.2682265354330706
0
LINE
8
BLACK
6
CONTINUOUS
10
6.5543704724409446
20
-4.2682265354330706
11
6.5544129527559054
21
-4.268241692913386
0
LINE
8
BLACK
6
CONTINUOUS
10
6.5544129527559054
20
-4.268241692913386
11
6.554434173228346
21
-4.2682432283464564
0
LINE
8
BLACK
6
CONTINUOUS
10
6.554434173228346
20
-4.2682432283464564
11
6.5546733464566929
21
-4.2683347244094492
0
LINE
8
BLACK
6
CONTINUOUS
10
6.5546733464566929
20
-4.2683347244094492
11
6.5549155511811019
21
-4.2684212992125987
0
LINE
8
BLACK
6
CONTINUOUS
10
6.5549155511811019
20
-4.2684212992125987
11
6.554932677165354
21
-4.2684339763779526
0
LINE
8
BLACK
6
CONTINUOUS
10
6.554932677165354
20
-4.2684339763779526
11
6.554974803149606
21
-4.2684501181102359
0
LINE
8
BLACK
6
CONTINUOUS
10
6.554974803149606
20
-4.2684501181102359
11
6.5579744094488186
21
-4.2699499212598422
0
LINE
8
BLACK
6
CONTINUOUS
10
6.5579744094488186
20
-4.2699499212598422
11
6.5582222834645671
21
-4.2701059448818901
0
LINE
8
BLACK
6
CONTINUOUS
10
6.5582222834645671
20
-4.2701059448818901
11
6.5582943307086614
21
-4.2701357874015748
0
LINE
8
BLACK
6
CONTINUOUS
10
6.5582943307086614
20
-4.2701357874015748
11
6.5583753543307086
21
-4.2702022834645668
0
LINE
8
BLACK
6
CONTINUOUS
10
6.5583753543307086
20
-4.2702022834645668
11
6.5584642913385824
21
-4.2702582677165353
0
LINE
8
BLACK
6
CONTINUOUS
10
6.5584642913385824
20
-4.2702582677165353
11
6.5585154330708662
21
-4.2703172440944881
0
LINE
8
BLACK
6
CONTINUOUS
10
6.5585154330708662
20
-4.2703172440944881
11
6.558741811023622
21
-4.2705030314960633
0
LINE
8
BLACK
6
CONTINUOUS
10
6.558741811023622
20
-4.2705030314960633
11
6.5617414566929133
21
-4.2735026377952758
0
LINE
8
BLACK
6
CONTINUOUS
10
6.5617414566929133
20
-4.2735026377952758
11
6.562108661417323
21
-4.2739500787401576
0
LINE
8
BLACK
6
CONTINUOUS
10
6.562108661417323
20
-4.2739500787401576
11
6.5621492519685036
21
-4.2740481102362207
0
LINE
8
BLACK
6
CONTINUOUS
10
6.5621492519685036
20
-4.2740481102362207
11
6.5622187795275586
21
-4.2741282677165353
0
LINE
8
BLACK
6
CONTINUOUS
10
6.5622187795275586
20
-4.2741282677165353
11
6.5624547637795274
21
-4.2746568110236218
0
LINE
8
BLACK
6
CONTINUOUS
10
6.5624547637795274
20
-4.2746568110236218
11
6.5639545669291337
21
-4.2791562598425195
0
LINE
8
BLACK
6
CONTINUOUS
10
6.5639545669291337
20
-4.2791562598425195
11
6.5640194881889764
21
-4.2794418110236219
0
LINE
8
BLACK
6
CONTINUOUS
10
6.5640194881889764
20
-4.2794418110236219
11
6.5640493700787399
21
-4.2795139370078736
0
LINE
8
BLACK
6
CONTINUOUS
10
6.5640493700787399
20
-4.2795139370078736
11
6.5640596456692908
21
-4.2796184251968503
0
LINE
8
BLACK
6
CONTINUOUS
10
6.5640596456692908
20
-4.2796184251968503
11
6.5640829133858265
21
-4.2797207086614169
0
LINE
8
BLACK
6
CONTINUOUS
10
6.5640829133858265
20
-4.2797207086614169
11
6.5640773622047242
21
-4.2797984251968506
0
LINE
8
BLACK
6
CONTINUOUS
10
6.5640773622047242
20
-4.2797984251968506
11
6.5641061023622047
21
-4.2800899999999995
0
LINE
8
BLACK
6
CONTINUOUS
10
6.5641061023622047
20
-4.2800899999999995
11
6.5641061023622047
21
-4.2830896456692908
0
LINE
8
BLACK
6
CONTINUOUS
10
6.5641061023622047
20
-4.2830896456692908
11
6.5640773622047242
21
-4.2833811811023619
0
LINE
8
BLACK
6
CONTINUOUS
10
6.5640773622047242
20
-4.2833811811023619
11
6.5640829133858265
21
-4.2834589370078735
0
LINE
8
BLACK
6
CONTINUOUS
10
6.5640829133858265
20
-4.2834589370078735
11
6.5640596456692908
21
-4.2835611811023622
0
LINE
8
BLACK
6
CONTINUOUS
10
6.5640596456692908
20
-4.2835611811023622
11
6.5640493700787399
21
-4.2836657086614176
0
LINE
8
BLACK
6
CONTINUOUS
10
6.5640493700787399
20
-4.2836657086614176
11
6.5640194881889764
21
-4.2837377952755906
0
LINE
8
BLACK
6
CONTINUOUS
10
6.5640194881889764
20
-4.2837377952755906
11
6.5639545669291337
21
-4.2840233858267718
0
LINE
8
BLACK
6
CONTINUOUS
10
6.5639545669291337
20
-4.2840233858267718
11
6.5624547637795274
21
-4.2885227952755907
0
LINE
8
BLACK
6
CONTINUOUS
10
6.5624547637795274
20
-4.2885227952755907
11
6.5622187795275586
21
-4.2890513779527559
0
LINE
8
BLACK
6
CONTINUOUS
10
6.5622187795275586
20
-4.2890513779527559
11
6.5621492913385824
21
-4.2891314566929131
0
LINE
8
BLACK
6
CONTINUOUS
10
6.5621492913385824
20
-4.2891314566929131
11
6.5621087007874017
21
-4.2892295275590548
0
LINE
8
BLACK
6
CONTINUOUS
10
6.5621087007874017
20
-4.2892295275590548
11
6.5617414566929133
21
-4.2896769685039366
0
LINE
8
BLACK
6
CONTINUOUS
10
6.5617414566929133
20
-4.2896769685039366
11
6.5602416141732283
21
-4.2911768110236217
0
LINE
8
BLACK
6
CONTINUOUS
10
6.5602416141732283
20
-4.2911768110236217
11
6.5597941732283465
21
-4.2915440157480313
0
LINE
8
BLACK
6
CONTINUOUS
10
6.5597941732283465
20
-4.2915440157480313
11
6.5587297637795272
21
-4.291984921259842
0
LINE
8
BLACK
6
CONTINUOUS
10
6.5587297637795272
20
-4.291984921259842
11
6.5581537007874013
21
-4.2920416535433068
0
LINE
8
BLACK
6
CONTINUOUS
10
6.5581537007874013
20
-4.2920416535433068
11
6.5476550393700785
21
-4.2920416535433068
0
LINE
8
BLACK
6
CONTINUOUS
10
6.5476550393700785
20
-4.2920416535433068
11
6.5470789763779527
21
-4.291984921259842
0
LINE
8
BLACK
6
CONTINUOUS
10
6.5470789763779527
20
-4.291984921259842
11
6.5460145669291334
21
-4.2915440157480313
0
LINE
8
BLACK
6
CONTINUOUS
10
6.5460145669291334
20
-4.2915440157480313
11
6.545199921259842
21
-4.2907293700787399
0
LINE
8
BLACK
6
CONTINUOUS
10
6.545199921259842
20
-4.2907293700787399
11
6.5447590157480313
21
-4.2896649606299215
0
LINE
8
BLACK
6
CONTINUOUS
10
6.5447590157480313
20
-4.2896649606299215
11
6.5447590157480313
21
-4.2896649212598428
0
LINE
8
BLACK
6
CONTINUOUS
10
6.5447590157480313
20
-4.2896649212598428
11
6.5447022834645665
21
-4.2890888976377948
0
LINE
8
BLACK
6
CONTINUOUS
10
6.5447022834645665
20
-4.2890888976377948
11
6.5447022834645665
21
-4.2830896456692908
0
LINE
8
BLACK
6
CONTINUOUS
10
6.5447022834645665
20
-4.2830896456692908
11
6.5447590157480313
21
-4.282513582677165
0
LINE
8
BLACK
6
CONTINUOUS
10
6.5447590157480313
20
-4.282513582677165
11
6.545199921259842
21
-4.2814491732283466
0
LINE
8
BLACK
6
CONTINUOUS
10
6.545199921259842
20
-4.2814491732283466
11
6.5460145669291334
21
-4.2806345275590552
0
LINE
8
BLACK
6
CONTINUOUS
10
6.5460145669291334
20
-4.2806345275590552
11
6.5470789763779527
21
-4.2801936220472436
0
LINE
8
BLACK
6
CONTINUOUS
10
6.5470789763779527
20
-4.2801936220472436
11
6.5482311023622044
21
-4.2801936220472436
0
LINE
8
BLACK
6
CONTINUOUS
10
6.5482311023622044
20
-4.2801936220472436
11
6.5492955118110237
21
-4.2806345275590552
0
LINE
8
BLACK
6
CONTINUOUS
10
6.5492955118110237
20
-4.2806345275590552
11
6.5501101574803151
21
-4.2814491732283466
0
LINE
8
BLACK
6
CONTINUOUS
10
6.5501101574803151
20
-4.2814491732283466
11
6.5505510629921258
21
-4.282513582677165
0
LINE
8
BLACK
6
CONTINUOUS
10
6.5505510629921258
20
-4.282513582677165
11
6.5506077952755906
21
-4.2830896456692908
0
LINE
8
BLACK
6
CONTINUOUS
10
6.5506077952755906
20
-4.2830896456692908
11
6.5506077952755906
21
-4.2861361417322836
0
LINE
8
BLACK
6
CONTINUOUS
10
6.5506077952755906
20
-4.2861361417322836
11
6.5569306299212595
21
-4.2861361417322836
0
LINE
8
BLACK
6
CONTINUOUS
10
6.5569306299212595
20
-4.2861361417322836
11
6.5570727559055113
21
-4.285994015748031
0
LINE
8
BLACK
6
CONTINUOUS
10
6.5570727559055113
20
-4.285994015748031
11
6.5582005905511807
21
-4.2826105118110238
0
LINE
8
BLACK
6
CONTINUOUS
10
6.5582005905511807
20
-4.2826105118110238
11
6.5582005905511807
21
-4.2805690944881887
0
LINE
8
BLACK
6
CONTINUOUS
10
6.5582005905511807
20
-4.2805690944881887
11
6.5570727559055113
21
-4.2771855905511806
0
LINE
8
BLACK
6
CONTINUOUS
10
6.5570727559055113
20
-4.2771855905511806
11
6.554904803149606
21
-4.2750176771653541
0
LINE
8
BLACK
6
CONTINUOUS
10
6.554904803149606
20
-4.2750176771653541
11
6.5526237007874011
21
-4.2738771259842521
0
LINE
8
BLACK
6
CONTINUOUS
10
6.5526237007874011
20
-4.2738771259842521
11
6.5472914566929132
21
-4.27254405511811
0
LINE
8
BLACK
6
CONTINUOUS
10
6.5472914566929132
20
-4.27254405511811
11
6.5435191732283462
21
-4.27254405511811
0
LINE
8
BLACK
6
CONTINUOUS
10
6.5435191732283462
20
-4.27254405511811
11
6.5381868110236221
21
-4.2738771259842521
0
LINE
8
BLACK
6
CONTINUOUS
10
6.5381868110236221
20
-4.2738771259842521
11
6.5359057480314959
21
-4.2750176771653541
0
LINE
8
BLACK
6
CONTINUOUS
10
6.5359057480314959
20
-4.2750176771653541
11
6.5337378740157481
21
-4.2771855511811019
0
LINE
8
BLACK
6
CONTINUOUS
10
6.5337378740157481
20
-4.2771855511811019
11
6.5326100393700788
21
-4.2805690944881887
0
LINE
8
BLACK
6
CONTINUOUS
10
6.5326100393700788
20
-4.2805690944881887
11
6.5326100393700788
21
-4.2838924015748034
0
LINE
8
BLACK
6
CONTINUOUS
10
6.5326100393700788
20
-4.2838924015748034
11
6.5337981102362201
21
-4.2862685433070862
0
LINE
8
BLACK
6
CONTINUOUS
10
6.5337981102362201
20
-4.2862685433070862
11
6.5340049999999996
21
-4.2868091732283462
0
LINE
8
BLACK
6
CONTINUOUS
10
6.5340049999999996
20
-4.2868091732283462
11
6.5340866535433069
21
-4.2879583858267711
0
LINE
8
BLACK
6
CONTINUOUS
10
6.5340866535433069
20
-4.2879583858267711
11
6.5337223228346453
21
-4.2890513385826772
0
LINE
8
BLACK
6
CONTINUOUS
10
6.5337223228346453
20
-4.2890513385826772
11
6.5329674803149604
21
-4.2899217322834646
0
LINE
8
BLACK
6
CONTINUOUS
10
6.5329674803149604
20
-4.2899217322834646
11
6.5319369685039366
21
-4.2904369685039372
0
LINE
8
BLACK
6
CONTINUOUS
10
6.5319369685039366
20
-4.2904369685039372
11
6.5307877559055116
21
-4.2905186220472444
0
LINE
8
BLACK
6
CONTINUOUS
10
6.5307877559055116
20
-4.2905186220472444
11
6.5296948031496065
21
-4.2901542913385828
0
LINE
8
BLACK
6
CONTINUOUS
10
6.5296948031496065
20
-4.2901542913385828
11
6.528824409448819
21
-4.2893994488188971
0
LINE
8
BLACK
6
CONTINUOUS
10
6.528824409448819
20
-4.2893994488188971
11
6.5285160629921259
21
-4.2889095669291342
0
LINE
8
BLACK
6
CONTINUOUS
10
6.5285160629921259
20
-4.2889095669291342
11
6.5270162598425197
21
-4.2859099606299216
0
LINE
8
BLACK
6
CONTINUOUS
10
6.5270162598425197
20
-4.2859099606299216
11
6.5268093700787402
21
-4.2853693307086616
0
LINE
8
BLACK
6
CONTINUOUS
10
6.5268093700787402
20
-4.2853693307086616
11
6.5268018503937002
21
-4.2852635039370082
0
LINE
8
BLACK
6
CONTINUOUS
10
6.5268018503937002
20
-4.2852635039370082
11
6.5267612598425195
21
-4.2851655118110239
0
LINE
8
BLACK
6
CONTINUOUS
10
6.5267612598425195
20
-4.2851655118110239
11
6.5267045275590547
21
-4.2845894488188971
0
LINE
8
BLACK
6
CONTINUOUS
10
6.5267045275590547
20
-4.2845894488188971
11
6.5267045275590547
21
-4.2800899999999995
0
LINE
8
BLACK
6
CONTINUOUS
10
6.5267045275590547
20
-4.2800899999999995
11
6.5267332283464565
21
-4.2797984251968506
0
LINE
8
BLACK
6
CONTINUOUS
10
6.5267332283464565
20
-4.2797984251968506
11
6.5267277165354329
21
-4.2797207086614169
0
LINE
8
BLACK
6
CONTINUOUS
10
6.5267277165354329
20
-4.2797207086614169
11
6.5267509448818899
21
-4.2796184251968503
0
LINE
8
BLACK
6
CONTINUOUS
10
6.5267509448818899
20
-4.2796184251968503
11
6.5267612598425195
21
-4.2795139370078736
0
LINE
8
BLACK
6
CONTINUOUS
10
6.5267612598425195
20
-4.2795139370078736
11
6.5267911023622043
21
-4.2794418110236219
0
LINE
8
BLACK
6
CONTINUOUS
10
6.5267911023622043
20
-4.2794418110236219
11
6.5268560629921257
21
-4.2791562598425195
0
LINE
8
BLACK
6
CONTINUOUS
10
6.5268560629921257
20
-4.2791562598425195
11
6.528355866141732
21
-4.2746568110236218
0
LINE
8
BLACK
6
CONTINUOUS
10
6.528355866141732
20
-4.2746568110236218
11
6.5285918503937008
21
-4.2741282677165353
0
LINE
8
BLACK
6
CONTINUOUS
10
6.5285918503937008
20
-4.2741282677165353
11
6.5286613385826771
21
-4.2740481102362207
0
LINE
8
BLACK
6
CONTINUOUS
10
6.5286613385826771
20
-4.2740481102362207
11
6.5287019685039365
21
-4.2739500787401576
0
LINE
8
BLACK
6
CONTINUOUS
10
6.5287019685039365
20
-4.2739500787401576
11
6.5290691732283461
21
-4.2735026377952758
0
LINE
8
BLACK
6
CONTINUOUS
10
6.5290691732283461
20
-4.2735026377952758
11
6.5320687795275587
21
-4.2705030314960633
0
LINE
8
BLACK
6
CONTINUOUS
10
6.5320687795275587
20
-4.2705030314960633
11
6.5322951574803145
21
-4.2703171653543306
0
LINE
8
BLACK
6
CONTINUOUS
10
6.5322951574803145
20
-4.2703171653543306
11
6.5323462992125982
21
-4.2702582677165353
0
LINE
8
BLACK
6
CONTINUOUS
10
6.5323462992125982
20
-4.2702582677165353
11
6.5324350393700783
21
-4.2702023622047243
0
LINE
8
BLACK
6
CONTINUOUS
10
6.5324350393700783
20
-4.2702023622047243
11
6.5325162204724405
21
-4.2701357874015748
0
LINE
8
BLACK
6
CONTINUOUS
10
6.5325162204724405
20
-4.2701357874015748
11
6.5325883464566932
21
-4.2701059055118114
0
LINE
8
BLACK
6
CONTINUOUS
10
6.5325883464566932
20
-4.2701059055118114
11
6.5328361811023621
21
-4.2699499212598422
0
LINE
8
BLACK
6
CONTINUOUS
10
6.5328361811023621
20
-4.2699499212598422
11
6.5358358267716534
21
-4.2684501181102359
0
LINE
8
BLACK
6
CONTINUOUS
10
6.5358358267716534
20
-4.2684501181102359
11
6.5358779133858267
21
-4.2684339763779526
0
LINE
8
BLACK
6
CONTINUOUS
10
6.5358779133858267
20
-4.2684339763779526
11
6.5358950787401575
21
-4.2684212992125987
0
LINE
8
BLACK
6
CONTINUOUS
10
6.5358950787401575
20
-4.2684212992125987
11
6.5361372440944878
21
-4.2683347244094492
0
LINE
8
BLACK
6
CONTINUOUS
10
6.5361372440944878
20
-4.2683347244094492
11
6.5363764566929135
21
-4.2682432283464564
0
LINE
8
BLACK
6
CONTINUOUS
10
6.5363764566929135
20
-4.2682432283464564
11
6.5363976377952753
21
-4.268241692913386
0
LINE
8
BLACK
6
CONTINUOUS
10
6.5363976377952753
20
-4.268241692913386
11
6.5364401574803148
21
-4.2682265354330706
0
LINE
8
BLACK
6
CONTINUOUS
10
6.5364401574803148
20
-4.2682265354330706
11
6.5424394488188975
21
-4.2667266929133856
0
LINE
8
BLACK
6
CONTINUOUS
10
6.5424394488188975
20
-4.2667266929133856
11
6.5425392913385823
21
-4.266711889763779
0
LINE
8
BLACK
6
CONTINUOUS
10
6.5425392913385823
20
-4.266711889763779
11
6.542579527559055
21
-4.2666952755905507
0
LINE
8
BLACK
6
CONTINUOUS
10
6.542579527559055
20
-4.2666952755905507
11
6.5427965354330704
21
-4.2666738976377951
0
LINE
8
BLACK
6
CONTINUOUS
10
6.5427965354330704
20
-4.2666738976377951
11
6.543012047244094
21
-4.266642047244094
0
LINE
8
BLACK
6
CONTINUOUS
10
6.543012047244094
20
-4.266642047244094
11
6.5430550393700786
21
-4.2666484251968502
0
LINE
8
BLACK
6
CONTINUOUS
10
6.5430550393700786
20
-4.2666484251968502
11
6.5431555905511809
21
-4.2666385433070868
0
LINE
8
BLACK
6
CONTINUOUS
10
6.5431555905511809
20
-4.2666385433070868
11
6.5476550393700785
21
-4.2666385433070868
0
LINE
8
BLACK
6
CONTINUOUS
10
6.5476550393700785
20
-4.2666385433070868
11
6.5477555511811021
21
-4.2666484251968502
0
LINE
8
BLACK
6
CONTINUOUS
10
6.5507953149606299
20
-4.2296409055118112
11
6.5516099606299214
21
-4.2304555511811026
0
LINE
8
BLACK
6
CONTINUOUS
10
6.5516099606299214
20
-4.2304555511811026
11
6.552050866141732
21
-4.231519960629921
0
LINE
8
BLACK
6
CONTINUOUS
10
6.552050866141732
20
-4.231519960629921
11
6.5521075984251969
21
-4.2320960236220468
0
LINE
8
BLACK
6
CONTINUOUS
10
6.5521075984251969
20
-4.2320960236220468
11
6.5521075984251969
21
-4.2560930314960626
0
LINE
8
BLACK
6
CONTINUOUS
10
6.5521075984251969
20
-4.2560930314960626
11
6.552050866141732
21
-4.2566690944881893
0
LINE
8
BLACK
6
CONTINUOUS
10
6.552050866141732
20
-4.2566690944881893
11
6.5516099606299214
21
-4.2577335039370077
0
LINE
8
BLACK
6
CONTINUOUS
10
6.5516099606299214
20
-4.2577335039370077
11
6.5507953149606299
21
-4.2585481496062991
0
LINE
8
BLACK
6
CONTINUOUS
10
6.5507953149606299
20
-4.2585481496062991
11
6.5497309055118107
21
-4.2589890551181098
0
LINE
8
BLACK
6
CONTINUOUS
10
6.5497309055118107
20
-4.2589890551181098
11
6.548578779527559
21
-4.2589890551181098
0
LINE
8
BLACK
6
CONTINUOUS
10
6.548578779527559
20
-4.2589890551181098
11
6.5475143700787397
21
-4.2585481496062991
0
LINE
8
BLACK
6
CONTINUOUS
10
6.5475143700787397
20
-4.2585481496062991
11
6.5466997244094483
21
-4.2577335039370077
0
LINE
8
BLACK
6
CONTINUOUS
10
6.5466997244094483
20
-4.2577335039370077
11
6.5462588188976376
21
-4.2566690944881893
0
LINE
8
BLACK
6
CONTINUOUS
10
6.5462588188976376
20
-4.2566690944881893
11
6.5462020866141728
21
-4.2560930314960626
0
LINE
8
BLACK
6
CONTINUOUS
10
6.5462020866141728
20
-4.2560930314960626
11
6.5462020866141728
21
-4.2320960236220468
0
LINE
8
BLACK
6
CONTINUOUS
10
6.5462020866141728
20
-4.2320960236220468
11
6.5462588188976376
21
-4.231519960629921
0
LINE
8
BLACK
6
CONTINUOUS
10
6.5462588188976376
20
-4.231519960629921
11
6.5466997244094483
21
-4.2304555511811026
0
LINE
8
BLACK
6
CONTINUOUS
10
6.5466997244094483
20
-4.2304555511811026
11
6.5475143700787397
21
-4.2296409055118112
0
LINE
8
BLACK
6
CONTINUOUS
10
6.5475143700787397
20
-4.2296409055118112
11
6.548578779527559
21
-4.2291999999999996
0
LINE
8
BLACK
6
CONTINUOUS
10
6.548578779527559
20
-4.2291999999999996
11
6.5497309055118107
21
-4.2291999999999996
0
LINE
8
BLACK
6
CONTINUOUS
10
6.5497309055118107
20
-4.2291999999999996
11
6.5507953149606299
21
-4.2296409055118112
0
LINE
8
BLACK
6
CONTINUOUS
10
5.6932930314960633
20
-4.217723818897638
11
5.693382952755905
21
-4.2181758267716534
0
LINE
8
BLACK
6
CONTINUOUS
10
5.693382952755905
20
-4.2181758267716534
11
5.693382952755905
21
-4.2253217322834642
0
LINE
8
BLACK
6
CONTINUOUS
10
5.693382952755905
20
-4.2253217322834642
11
5.6974233464566924
21
-4.2217864173228348
0
LINE
8
BLACK
6
CONTINUOUS
10
5.6974233464566924
20
-4.2217864173228348
11
5.6977143700787396
21
-4.2216187795275593
0
LINE
8
BLACK
6
CONTINUOUS
10
5.6977143700787396
20
-4.2216187795275593
11
5.6977490944881888
21
-4.2215840944881888
0
LINE
8
BLACK
6
CONTINUOUS
10
5.6977490944881888
20
-4.2215840944881888
11
5.6977746456692913
21
-4.2215840944881888
0
LINE
8
BLACK
6
CONTINUOUS
10
5.6977746456692913
20
-4.2215840944881888
11
5.6978227165354332
21
-4.2215564173228346
0
LINE
8
BLACK
6
CONTINUOUS
10
5.6978227165354332
20
-4.2215564173228346
11
5.6982379527559051
21
-4.2215840944881888
0
LINE
8
BLACK
6
CONTINUOUS
10
5.6982379527559051
20
-4.2215840944881888
11
5.6986531102362203
21
-4.2215840944881888
0
LINE
8
BLACK
6
CONTINUOUS
10
5.6986531102362203
20
-4.2215840944881888
11
5.6986827559055113
21
-4.2216137401574798
0
LINE
8
BLACK
6
CONTINUOUS
10
5.6986827559055113
20
-4.2216137401574798
11
5.6987246456692908
21
-4.2216165354330704
0
LINE
8
BLACK
6
CONTINUOUS
10
5.6987246456692908
20
-4.2216165354330704
11
5.6989983070866144
21
-4.2219292913385829
0
LINE
8
BLACK
6
CONTINUOUS
10
5.6989983070866144
20
-4.2219292913385829
11
5.6992922834645672
21
-4.2222232677165357
0
LINE
8
BLACK
6
CONTINUOUS
10
5.6992922834645672
20
-4.2222232677165357
11
5.6993030708661419
21
-4.2222775984251966
0
LINE
8
BLACK
6
CONTINUOUS
10
5.6993030708661419
20
-4.2222775984251966
11
5.6993199606299214
21
-4.2222968897637791
0
LINE
8
BLACK
6
CONTINUOUS
10
5.6993199606299214
20
-4.2222968897637791
11
5.6993166535433071
21
-4.2223459448818899
0
LINE
8
BLACK
6
CONTINUOUS
10
5.6993166535433071
20
-4.2223459448818899
11
5.6993822047244089
21
-4.222675275590551
0
LINE
8
BLACK
6
CONTINUOUS
10
5.6993822047244089
20
-4.222675275590551
11
5.6993822047244089
21
-4.2246461417322836
0
LINE
8
BLACK
6
CONTINUOUS
10
5.6993822047244089
20
-4.2246461417322836
11
5.699921692913386
21
-4.225725118110236
0
LINE
8
BLACK
6
CONTINUOUS
10
5.699921692913386
20
-4.225725118110236
11
5.7004005905511805
21
-4.2262040157480314
0
LINE
8
BLACK
6
CONTINUOUS
10
5.7004005905511805
20
-4.2262040157480314
11
5.7014795669291338
21
-4.2267435039370076
0
LINE
8
BLACK
6
CONTINUOUS
10
5.7014795669291338
20
-4.2267435039370076
11
5.7046714566929131
21
-4.2267435039370076
0
LINE
8
BLACK
6
CONTINUOUS
10
5.7046714566929131
20
-4.2267435039370076
11
5.7057504724409451
21
-4.2262039763779526
0
LINE
8
BLACK
6
CONTINUOUS
10
5.7057504724409451
20
-4.2262039763779526
11
5.7062292519685034
21
-4.2257251968503935
0
LINE
8
BLACK
6
CONTINUOUS
10
5.7062292519685034
20
-4.2257251968503935
11
5.7067687795275592
21
-4.2246461811023623
0
LINE
8
BLACK
6
CONTINUOUS
10
5.7067687795275592
20
-4.2246461811023623
11
5.7067687795275592
21
-4.2207043307086609
0
LINE
8
BLACK
6
CONTINUOUS
10
5.7067687795275592
20
-4.2207043307086609
11
5.7062292519685034
21
-4.2196253149606298
0
LINE
8
BLACK
6
CONTINUOUS
10
5.7062292519685034
20
-4.2196253149606298
11
5.7056149212598424
21
-4.2190109842519687
0
LINE
8
BLACK
6
CONTINUOUS
10
5.7056149212598424
20
-4.2190109842519687
11
5.7053588976377956
21
-4.2186277952755908
0
LINE
8
BLACK
6
CONTINUOUS
10
5.7053588976377956
20
-4.2186277952755908
11
5.7053588976377956
21
-4.2177238582677168
0
LINE
8
BLACK
6
CONTINUOUS
10
5.7053588976377956
20
-4.2177238582677168
11
5.7059981102362203
21
-4.2170846456692912
0
LINE
8
BLACK
6
CONTINUOUS
10
5.7059981102362203
20
-4.2170846456692912
11
5.7069020472440943
21
-4.2170846456692912
0
LINE
8
BLACK
6
CONTINUOUS
10
5.7069020472440943
20
-4.2170846456692912
11
5.7072852362204722
21
-4.2173406692913389
0
LINE
8
BLACK
6
CONTINUOUS
10
5.7072852362204722
20
-4.2173406692913389
11
5.7080351574803148
21
-4.2180905905511814
0
LINE
8
BLACK
6
CONTINUOUS
10
5.7080351574803148
20
-4.2180905905511814
11
5.7081402755905515
21
-4.2182479133858264
0
LINE
8
BLACK
6
CONTINUOUS
10
5.7081402755905515
20
-4.2182479133858264
11
5.7082564173228345
21
-4.2183975590551182
0
LINE
8
BLACK
6
CONTINUOUS
10
5.7082564173228345
20
-4.2183975590551182
11
5.7090062992125983
21
-4.2198973622047244
0
LINE
8
BLACK
6
CONTINUOUS
10
5.7090062992125983
20
-4.2198973622047244
11
5.709021889763779
21
-4.2199543700787396
0
LINE
8
BLACK
6
CONTINUOUS
10
5.709021889763779
20
-4.2199543700787396
11
5.7090410629921262
21
-4.2199735433070868
0
LINE
8
BLACK
6
CONTINUOUS
10
5.7090410629921262
20
-4.2199735433070868
11
5.7090779921259838
21
-4.2201593307086611
0
LINE
8
BLACK
6
CONTINUOUS
10
5.7090779921259838
20
-4.2201593307086611
11
5.7091279921259845
21
-4.2203418503937007
0
LINE
8
BLACK
6
CONTINUOUS
10
5.7091279921259845
20
-4.2203418503937007
11
5.7091194094488191
21
-4.2203674803149607
0
LINE
8
BLACK
6
CONTINUOUS
10
5.7091194094488191
20
-4.2203674803149607
11
5.709130984251968
21
-4.2204255511811022
0
LINE
8
BLACK
6
CONTINUOUS
10
5.709130984251968
20
-4.2204255511811022
11
5.709130984251968
21
-4.2249249999999998
0
LINE
8
BLACK
6
CONTINUOUS
10
5.709130984251968
20
-4.2249249999999998
11
5.7091194094488191
21
-4.2249830314960626
0
LINE
8
BLACK
6
CONTINUOUS
10
5.7091194094488191
20
-4.2249830314960626
11
5.7091279921259845
21
-4.2250087007874013
0
LINE
8
BLACK
6
CONTINUOUS
10
5.7091279921259845
20
-4.2250087007874013
11
5.7090779921259838
21
-4.2251911811023621
0
LINE
8
BLACK
6
CONTINUOUS
10
5.7090779921259838
20
-4.2251911811023621
11
5.7090410629921262
21
-4.225377007874016
0
LINE
8
BLACK
6
CONTINUOUS
10
5.7090410629921262
20
-4.225377007874016
11
5.709021889763779
21
-4.2253961417322836
0
LINE
8
BLACK
6
CONTINUOUS
10
5.709021889763779
20
-4.2253961417322836
11
5.7090062992125983
21
-4.2254531889763776
0
LINE
8
BLACK
6
CONTINUOUS
10
5.7090062992125983
20
-4.2254531889763776
11
5.7082564173228345
21
-4.2269529921259839
0
LINE
8
BLACK
6
CONTINUOUS
10
5.7082564173228345
20
-4.2269529921259839
11
5.7081402755905515
21
-4.2271025984251969
0
LINE
8
BLACK
6
CONTINUOUS
10
5.7081402755905515
20
-4.2271025984251969
11
5.7080351574803148
21
-4.2272599606299215
0
LINE
8
BLACK
6
CONTINUOUS
10
5.7080351574803148
20
-4.2272599606299215
11
5.7072852362204722
21
-4.228009881889764
0
LINE
8
BLACK
6
CONTINUOUS
10
5.7072852362204722
20
-4.228009881889764
11
5.7071278740157476
21
-4.2281149606299211
0
LINE
8
BLACK
6
CONTINUOUS
10
5.7071278740157476
20
-4.2281149606299211
11
5.7069782677165355
21
-4.2282311417322838
0
LINE
8
BLACK
6
CONTINUOUS
10
5.7069782677165355
20
-4.2282311417322838
11
5.7054784645669292
21
-4.2289810236220475
0
LINE
8
BLACK
6
CONTINUOUS
10
5.7054784645669292
20
-4.2289810236220475
11
5.7054214173228344
21
-4.2289966141732283
0
LINE
8
BLACK
6
CONTINUOUS
10
5.7054214173228344
20
-4.2289966141732283
11
5.7054022834645668
21
-4.2290157874015746
0
LINE
8
BLACK
6
CONTINUOUS
10
5.7054022834645668
20
-4.2290157874015746
11
5.7052164566929129
21
-4.229052716535433
0
LINE
8
BLACK
6
CONTINUOUS
10
5.7052164566929129
20
-4.229052716535433
11
5.705033976377953
21
-4.2291027165354329
0
LINE
8
BLACK
6
CONTINUOUS
10
5.705033976377953
20
-4.2291027165354329
11
5.7050083070866142
21
-4.2290941338582675
0
LINE
8
BLACK
6
CONTINUOUS
10
5.7050083070866142
20
-4.2290941338582675
11
5.7049502755905515
21
-4.2291057086614172
0
LINE
8
BLACK
6
CONTINUOUS
10
5.7049502755905515
20
-4.2291057086614172
11
5.7012007480314963
21
-4.2291057086614172
0
LINE
8
BLACK
6
CONTINUOUS
10
5.7012007480314963
20
-4.2291057086614172
11
5.7011426771653539
21
-4.2290941338582675
0
LINE
8
BLACK
6
CONTINUOUS
10
5.7011426771653539
20
-4.2290941338582675
11
5.701117047244094
21
-4.2291027165354329
0
LINE
8
BLACK
6
CONTINUOUS
10
5.701117047244094
20
-4.2291027165354329
11
5.7009345275590553
21
-4.229052716535433
0
LINE
8
BLACK
6
CONTINUOUS
10
5.7009345275590553
20
-4.229052716535433
11
5.7007487401574801
21
-4.2290157874015746
0
LINE
8
BLACK
6
CONTINUOUS
10
5.7007487401574801
20
-4.2290157874015746
11
5.7007295669291338
21
-4.2289966141732283
0
LINE
8
BLACK
6
CONTINUOUS
10
5.7007295669291338
20
-4.2289966141732283
11
5.7006725590551177
21
-4.2289810236220475
0
LINE
8
BLACK
6
CONTINUOUS
10
5.7006725590551177
20
-4.2289810236220475
11
5.6991727165354327
21
-4.2282311417322838
0
LINE
8
BLACK
6
CONTINUOUS
10
5.6991727165354327
20
-4.2282311417322838
11
5.6990230708661418
21
-4.2281149999999998
0
LINE
8
BLACK
6
CONTINUOUS
10
5.6990230708661418
20
-4.2281149999999998
11
5.6988657086614172
21
-4.2280098425196853
0
LINE
8
BLACK
6
CONTINUOUS
10
5.6988657086614172
20
-4.2280098425196853
11
5.6981158267716534
21
-4.2272599606299215
0
LINE
8
BLACK
6
CONTINUOUS
10
5.6981158267716534
20
-4.2272599606299215
11
5.6980106299212601
21
-4.2271024803149606
0
LINE
8
BLACK
6
CONTINUOUS
10
5.6980106299212601
20
-4.2271024803149606
11
5.6978946062992124
21
-4.2269530314960626
0
LINE
8
BLACK
6
CONTINUOUS
10
5.6978946062992124
20
-4.2269530314960626
11
5.6971446850393699
21
-4.2254532283464563
0
LINE
8
BLACK
6
CONTINUOUS
10
5.6971446850393699
20
-4.2254532283464563
11
5.6971290551181104
21
-4.2253961417322836
0
LINE
8
BLACK
6
CONTINUOUS
10
5.6971290551181104
20
-4.2253961417322836
11
5.6971099212598419
21
-4.225377007874016
0
LINE
8
BLACK
6
CONTINUOUS
10
5.6971099212598419
20
-4.225377007874016
11
5.6970798031496059
21
-4.2252257480314963
0
LINE
8
BLACK
6
CONTINUOUS
10
5.6970798031496059
20
-4.2252257480314963
11
5.6929796062992128
21
-4.2288134645669286
0
LINE
8
BLACK
6
CONTINUOUS
10
5.6929796062992128
20
-4.2288134645669286
11
5.6926885433070868
21
-4.2289810629921263
0
LINE
8
BLACK
6
CONTINUOUS
10
5.6926885433070868
20
-4.2289810629921263
11
5.6926538582677164
21
-4.2290157874015746
0
LINE
8
BLACK
6
CONTINUOUS
10
5.6926538582677164
20
-4.2290157874015746
11
5.6926283070866139
21
-4.2290157874015746
0
LINE
8
BLACK
6
CONTINUOUS
10
5.6926283070866139
20
-4.2290157874015746
11
5.692580236220472
21
-4.2290434645669288
0
LINE
8
BLACK
6
CONTINUOUS
10
5.692580236220472
20
-4.2290434645669288
11
5.6921652755905514
21
-4.2290157874015746
0
LINE
8
BLACK
6
CONTINUOUS
10
5.6921652755905514
20
-4.2290157874015746
11
5.6917498425196849
21
-4.2290157874015746
0
LINE
8
BLACK
6
CONTINUOUS
10
5.6917498425196849
20
-4.2290157874015746
11
5.6917201181102364
21
-4.2289860629921261
0
LINE
8
BLACK
6
CONTINUOUS
10
5.6917201181102364
20
-4.2289860629921261
11
5.6916783070866144
21
-4.2289833070866143
0
LINE
8
BLACK
6
CONTINUOUS
10
5.6916783070866144
20
-4.2289833070866143
11
5.6914047637795271
21
-4.2286707086614168
0
LINE
8
BLACK
6
CONTINUOUS
10
5.6914047637795271
20
-4.2286707086614168
11
5.691110669291338
21
-4.2283766141732286
0
LINE
8
BLACK
6
CONTINUOUS
10
5.691110669291338
20
-4.2283766141732286
11
5.6910998425196846
21
-4.2283222440944881
0
LINE
8
BLACK
6
CONTINUOUS
10
5.6910998425196846
20
-4.2283222440944881
11
5.6910829921259838
21
-4.2283029921259843
0
LINE
8
BLACK
6
CONTINUOUS
10
5.6910829921259838
20
-4.2283029921259843
11
5.6910862598425194
21
-4.2282538976377948
0
LINE
8
BLACK
6
CONTINUOUS
10
5.6910862598425194
20
-4.2282538976377948
11
5.6910207480314963
21
-4.2279246062992124
0
LINE
8
BLACK
6
CONTINUOUS
10
5.6910207480314963
20
-4.2279246062992124
11
5.6910207480314963
21
-4.2181758267716534
0
LINE
8
BLACK
6
CONTINUOUS
10
5.6910207480314963
20
-4.2181758267716534
11
5.691110669291338
21
-4.217723818897638
0
LINE
8
BLACK
6
CONTINUOUS
10
5.691110669291338
20
-4.217723818897638
11
5.6917498425196849
21
-4.2170846456692912
0
LINE
8
BLACK
6
CONTINUOUS
10
5.6917498425196849
20
-4.2170846456692912
11
5.6926538582677164
21
-4.2170846456692912
0
LINE
8
BLACK
6
CONTINUOUS
10
5.6926538582677164
20
-4.2170846456692912
11
5.6932930314960633
21
-4.217723818897638
0
LINE
8
BLACK
6
CONTINUOUS
10
5.7013427165354331
20
-4.2020248425196849
11
5.7014872047244092
21
-4.2020318897637798
0
LINE
8
BLACK
6
CONTINUOUS
10
5.7014872047244092
20
-4.2020318897637798
11
5.7044868110236218
21
-4.2027818110236224
0
LINE
8
BLACK
6
CONTINUOUS
10
5.7044868110236218
20
-4.2027818110236224
11
5.7046037401574798
21
-4.2028370472440946
0
LINE
8
BLACK
6
CONTINUOUS
10
5.7046037401574798
20
-4.2028370472440946
11
5.7047285433070867
21
-4.2028712204724412
0
LINE
8
BLACK
6
CONTINUOUS
10
5.7047285433070867
20
-4.2028712204724412
11
5.706228346456693
21
-4.203621102362205
0
LINE
8
BLACK
6
CONTINUOUS
10
5.706228346456693
20
-4.203621102362205
11
5.7063778346456688
21
-4.2037371259842518
0
LINE
8
BLACK
6
CONTINUOUS
10
5.7063778346456688
20
-4.2037371259842518
11
5.7065353149606297
21
-4.2038423622047247
0
LINE
8
BLACK
6
CONTINUOUS
10
5.7065353149606297
20
-4.2038423622047247
11
5.7080351574803148
21
-4.2053421259842523
0
LINE
8
BLACK
6
CONTINUOUS
10
5.7080351574803148
20
-4.2053421259842523
11
5.7080680314960626
21
-4.2053913385826771
0
LINE
8
BLACK
6
CONTINUOUS
10
5.7080680314960626
20
-4.2053913385826771
11
5.7080922440944883
21
-4.2054034645669294
0
LINE
8
BLACK
6
CONTINUOUS
10
5.7080922440944883
20
-4.2054034645669294
11
5.708186023622047
21
-4.2055679527559056
0
LINE
8
BLACK
6
CONTINUOUS
10
5.708186023622047
20
-4.2055679527559056
11
5.7082911811023624
21
-4.2057253543307089
0
LINE
8
BLACK
6
CONTINUOUS
10
5.7082911811023624
20
-4.2057253543307089
11
5.7082911811023624
21
-4.2057523622047244
0
LINE
8
BLACK
6
CONTINUOUS
10
5.7082911811023624
20
-4.2057523622047244
11
5.7083205118110234
21
-4.2058038188976381
0
LINE
8
BLACK
6
CONTINUOUS
10
5.7083205118110234
20
-4.2058038188976381
11
5.7090703937007872
21
-4.2080535826771657
0
LINE
8
BLACK
6
CONTINUOUS
10
5.7090703937007872
20
-4.2080535826771657
11
5.7090940157480317
21
-4.2082413779527554
0
LINE
8
BLACK
6
CONTINUOUS
10
5.7090940157480317
20
-4.2082413779527554
11
5.709130984251968
21
-4.2084270472440943
0
LINE
8
BLACK
6
CONTINUOUS
10
5.709130984251968
20
-4.2084270472440943
11
5.709130984251968
21
-4.2099268897637794
0
LINE
8
BLACK
6
CONTINUOUS
10
5.709130984251968
20
-4.2099268897637794
11
5.7090940551181104
21
-4.2101124803149608
0
LINE
8
BLACK
6
CONTINUOUS
10
5.7090940551181104
20
-4.2101124803149608
11
5.7090703937007872
21
-4.2103003937007877
0
LINE
8
BLACK
6
CONTINUOUS
10
5.7090703937007872
20
-4.2103003937007877
11
5.7083205118110234
21
-4.2125500787401577
0
LINE
8
BLACK
6
CONTINUOUS
10
5.7083205118110234
20
-4.2125500787401577
11
5.7082912204724412
21
-4.2126014173228343
0
LINE
8
BLACK
6
CONTINUOUS
10
5.7082912204724412
20
-4.2126014173228343
11
5.7082912204724412
21
-4.2126285433070869
0
LINE
8
BLACK
6
CONTINUOUS
10
5.7082912204724412
20
-4.2126285433070869
11
5.7081859448818895
21
-4.2127860236220469
0
LINE
8
BLACK
6
CONTINUOUS
10
5.7081859448818895
20
-4.2127860236220469
11
5.7080922440944883
21
-4.2129504330708665
0
LINE
8
BLACK
6
CONTINUOUS
10
5.7080922440944883
20
-4.2129504330708665
11
5.7080679921259838
21
-4.2129625196850391
0
LINE
8
BLACK
6
CONTINUOUS
10
5.7080679921259838
20
-4.2129625196850391
11
5.7080351574803148
21
-4.2130117322834648
0
LINE
8
BLACK
6
CONTINUOUS
10
5.7080351574803148
20
-4.2130117322834648
11
5.7072852362204722
21
-4.2137616535433073
0
LINE
8
BLACK
6
CONTINUOUS
10
5.7072852362204722
20
-4.2137616535433073
11
5.7069020472440943
21
-4.2140176771653541
0
LINE
8
BLACK
6
CONTINUOUS
10
5.7069020472440943
20
-4.2140176771653541
11
5.7059981102362203
21
-4.2140176771653541
0
LINE
8
BLACK
6
CONTINUOUS
10
5.7059981102362203
20
-4.2140176771653541
11
5.7053588976377956
21
-4.2133784645669294
0
LINE
8
BLACK
6
CONTINUOUS
10
5.7053588976377956
20
-4.2133784645669294
11
5.7053588976377956
21
-4.2124745275590554
0
LINE
8
BLACK
6
CONTINUOUS
10
5.7053588976377956
20
-4.2124745275590554
11
5.7056149212598424
21
-4.2120913385826775
0
LINE
8
BLACK
6
CONTINUOUS
10
5.7056149212598424
20
-4.2120913385826775
11
5.7061675984251972
21
-4.2115386220472439
0
LINE
8
BLACK
6
CONTINUOUS
10
5.7061675984251972
20
-4.2115386220472439
11
5.7067687795275592
21
-4.2097351574803152
0
LINE
8
BLACK
6
CONTINUOUS
10
5.7067687795275592
20
-4.2097351574803152
11
5.7067687795275592
21
-4.2086187401574806
0
LINE
8
BLACK
6
CONTINUOUS
10
5.7067687795275592
20
-4.2086187401574806
11
5.7061675984251972
21
-4.206815275590551
0
LINE
8
BLACK
6
CONTINUOUS
10
5.7061675984251972
20
-4.206815275590551
11
5.7050005511811026
21
-4.2056482283464565
0
LINE
8
BLACK
6
CONTINUOUS
10
5.7050005511811026
20
-4.2056482283464565
11
5.7037880708661417
21
-4.2050419685039371
0
LINE
8
BLACK
6
CONTINUOUS
10
5.7037880708661417
20
-4.2050419685039371
11
5.7010553937007868
21
-4.2043588188976377
0
LINE
8
BLACK
6
CONTINUOUS
10
5.7010553937007868
20
-4.2043588188976377
11
5.6990963779527561
21
-4.2043588188976377
0
LINE
8
BLACK
6
CONTINUOUS
10
5.6990963779527561
20
-4.2043588188976377
11
5.6963636220472438
21
-4.2050420078740158
0
LINE
8
BLACK
6
CONTINUOUS
10
5.6963636220472438
20
-4.2050420078740158
11
5.6951512204724404
21
-4.2056481889763777
0
LINE
8
BLACK
6
CONTINUOUS
10
5.6951512204724404
20
-4.2056481889763777
11
5.6939840551181105
21
-4.2068153149606298
0
LINE
8
BLACK
6
CONTINUOUS
10
5.6939840551181105
20
-4.2068153149606298
11
5.693382952755905
21
-4.2086186614173231
0
LINE
8
BLACK
6
CONTINUOUS
10
5.693382952755905
20
-4.2086186614173231
11
5.693382952755905
21
-4.2097352362204727
0
LINE
8
BLACK
6
CONTINUOUS
10
5.693382952755905
20
-4.2097352362204727
11
5.6939840551181105
21
-4.2115385039370077
0
LINE
8
BLACK
6
CONTINUOUS
10
5.6939840551181105
20
-4.2115385039370077
11
5.6945368503937006
21
-4.2120913385826775
0
LINE
8
BLACK
6
CONTINUOUS
10
5.6945368503937006
20
-4.2120913385826775
11
5.6947928740157483
21
-4.2124745669291341
0
LINE
8
BLACK
6
CONTINUOUS
10
5.6947928740157483
20
-4.2124745669291341
11
5.6947928346456695
21
-4.2133784645669294
0
LINE
8
BLACK
6
CONTINUOUS
10
5.6947928346456695
20
-4.2133784645669294
11
5.6941535826771652
21
-4.2140177165354329
0
LINE
8
BLACK
6
CONTINUOUS
10
5.6941535826771652
20
-4.2140177165354329
11
5.6932496456692911
21
-4.2140176771653541
0
LINE
8
BLACK
6
CONTINUOUS
10
5.6932496456692911
20
-4.2140176771653541
11
5.6928664566929132
21
-4.2137616141732286
0
LINE
8
BLACK
6
CONTINUOUS
10
5.6928664566929132
20
-4.2137616141732286
11
5.6921165748031495
21
-4.2130117322834648
0
LINE
8
BLACK
6
CONTINUOUS
10
5.6921165748031495
20
-4.2130117322834648
11
5.6920836614173229
21
-4.2129624803149603
0
LINE
8
BLACK
6
CONTINUOUS
10
5.6920836614173229
20
-4.2129624803149603
11
5.6920595275590546
21
-4.2129504330708665
0
LINE
8
BLACK
6
CONTINUOUS
10
5.6920595275590546
20
-4.2129504330708665
11
5.691965905511811
21
-4.2127861811023619
0
LINE
8
BLACK
6
CONTINUOUS
10
5.691965905511811
20
-4.2127861811023619
11
5.6918605511811018
21
-4.2126285039370082
0
LINE
8
BLACK
6
CONTINUOUS
10
5.6918605511811018
20
-4.2126285039370082
11
5.6918605511811018
21
-4.2126013779527556
0
LINE
8
BLACK
6
CONTINUOUS
10
5.6918605511811018
20
-4.2126013779527556
11
5.6918312992125983
21
-4.2125500787401577
0
LINE
8
BLACK
6
CONTINUOUS
10
5.6918312992125983
20
-4.2125500787401577
11
5.6910813779527558
21
-4.2103003937007877
0
LINE
8
BLACK
6
CONTINUOUS
10
5.6910813779527558
20
-4.2103003937007877
11
5.6910577165354326
21
-4.210112755905512
0
LINE
8
BLACK
6
CONTINUOUS
10
5.6910577165354326
20
-4.210112755905512
11
5.6910207480314963
21
-4.2099268897637794
0
LINE
8
BLACK
6
CONTINUOUS
10
5.6910207480314963
20
-4.2099268897637794
11
5.6910207480314963
21
-4.2084270472440943
0
LINE
8
BLACK
6
CONTINUOUS
10
5.6910207480314963
20
-4.2084270472440943
11
5.6910577165354326
21
-4.2082411417322838
0
LINE
8
BLACK
6
CONTINUOUS
10
5.6910577165354326
20
-4.2082411417322838
11
5.6910813779527558
21
-4.2080535433070869
0
LINE
8
BLACK
6
CONTINUOUS
10
5.6910813779527558
20
-4.2080535433070869
11
5.6918312992125983
21
-4.2058038188976381
0
LINE
8
BLACK
6
CONTINUOUS
10
5.6918312992125983
20
-4.2058038188976381
11
5.6918605905511805
21
-4.2057524015748031
0
LINE
8
BLACK
6
CONTINUOUS
10
5.6918605905511805
20
-4.2057524015748031
11
5.6918605905511805
21
-4.2057253543307089
0
LINE
8
BLACK
6
CONTINUOUS
10
5.6918605905511805
20
-4.2057253543307089
11
5.691965748031496
21
-4.2055679133858268
0
LINE
8
BLACK
6
CONTINUOUS
10
5.691965748031496
20
-4.2055679133858268
11
5.6920595275590546
21
-4.2054034645669294
0
LINE
8
BLACK
6
CONTINUOUS
10
5.6920595275590546
20
-4.2054034645669294
11
5.6920837401574804
21
-4.2053913385826771
0
LINE
8
BLACK
6
CONTINUOUS
10
5.6920837401574804
20
-4.2053913385826771
11
5.6921166141732282
21
-4.205342165354331
0
LINE
8
BLACK
6
CONTINUOUS
10
5.6921166141732282
20
-4.205342165354331
11
5.6936163779527558
21
-4.2038423622047247
0
LINE
8
BLACK
6
CONTINUOUS
10
5.6936163779527558
20
-4.2038423622047247
11
5.6937737401574804
21
-4.2037372047244093
0
LINE
8
BLACK
6
CONTINUOUS
10
5.6937737401574804
20
-4.2037372047244093
11
5.6939233858267713
21
-4.203621102362205
0
LINE
8
BLACK
6
CONTINUOUS
10
5.6939233858267713
20
-4.203621102362205
11
5.6954231889763776
21
-4.2028712204724412
0
LINE
8
BLACK
6
CONTINUOUS
10
5.6954231889763776
20
-4.2028712204724412
11
5.6955479527559056
21
-4.2028370472440946
0
LINE
8
BLACK
6
CONTINUOUS
10
5.6955479527559056
20
-4.2028370472440946
11
5.6956649212598425
21
-4.2027818110236224
0
LINE
8
BLACK
6
CONTINUOUS
10
5.6956649212598425
20
-4.2027818110236224
11
5.6986645669291338
21
-4.2020318897637798
0
LINE
8
BLACK
6
CONTINUOUS
10
5.6986645669291338
20
-4.2020318897637798
11
5.6988090157480311
21
-4.2020248425196849
0
LINE
8
BLACK
6
CONTINUOUS
10
5.6988090157480311
20
-4.2020248425196849
11
5.6989510236220475
21
-4.2019966141732281
0
LINE
8
BLACK
6
CONTINUOUS
10
5.6989510236220475
20
-4.2019966141732281
11
5.7012007480314963
21
-4.2019966141732281
0
LINE
8
BLACK
6
CONTINUOUS
10
5.7012007480314963
20
-4.2019966141732281
11
5.7013427165354331
21
-4.2020248425196849
0
LINE
8
BLACK
6
CONTINUOUS
10
5.7172887401574801
20
-4.1822364566929133
11
5.7183540944881885
21
-4.1833018110236218
0
LINE
8
BLACK
6
CONTINUOUS
10
5.7183540944881885
20
-4.1833018110236218
11
5.7185039370078741
21
-4.1840551181102361
0
LINE
8
BLACK
6
CONTINUOUS
10
5.7185039370078741
20
-4.1840551181102361
11
5.7185039370078741
21
-4.247047244094488
0
LINE
8
BLACK
6
CONTINUOUS
10
5.7185039370078741
20
-4.247047244094488
11
5.7183540944881885
21
-4.2478005511811023
0
LINE
8
BLACK
6
CONTINUOUS
10
5.7183540944881885
20
-4.2478005511811023
11
5.7172887401574801
21
-4.2488659055118108
0
LINE
8
BLACK
6
CONTINUOUS
10
5.7172887401574801
20
-4.2488659055118108
11
5.7165354330708658
21
-4.2490157480314963
0
LINE
8
BLACK
6
CONTINUOUS
10
5.7165354330708658
20
-4.2490157480314963
11
5.6850393700787398
21
-4.2490157480314963
0
LINE
8
BLACK
6
CONTINUOUS
10
5.6850393700787398
20
-4.2490157480314963
11
5.6842860629921255
21
-4.2488659055118108
0
LINE
8
BLACK
6
CONTINUOUS
10
5.6842860629921255
20
-4.2488659055118108
11
5.683220708661417
21
-4.2478005511811023
0
LINE
8
BLACK
6
CONTINUOUS
10
5.683220708661417
20
-4.2478005511811023
11
5.6830708661417324
21
-4.247047244094488
0
LINE
8
BLACK
6
CONTINUOUS
10
5.6830708661417324
20
-4.247047244094488
11
5.6830708661417324
21
-4.1840551181102361
0
LINE
8
BLACK
6
CONTINUOUS
10
5.6830708661417324
20
-4.1840551181102361
11
5.683220708661417
21
-4.1833018110236218
0
LINE
8
BLACK
6
CONTINUOUS
10
5.683220708661417
20
-4.1833018110236218
11
5.6842860629921255
21
-4.1822364566929133
0
LINE
8
BLACK
6
CONTINUOUS
10
5.6842860629921255
20
-4.1822364566929133
11
5.6850393700787398
21
-4.1820866141732287
0
LINE
8
BLACK
6
CONTINUOUS
10
5.6850393700787398
20
-4.1820866141732287
11
5.7165354330708658
21
-4.1820866141732287
0
LINE
8
BLACK
6
CONTINUOUS
10
5.7165354330708658
20
-4.1820866141732287
11
5.7172887401574801
21
-4.1822364566929133
0
LINE
8
BLACK
6
CONTINUOUS
10
5.6870078740157481
20
-4.1860236220472444
11
5.6870078740157481
21
-4.2450787401574805
0
LINE
8
BLACK
6
CONTINUOUS
10
5.6870078740157481
20
-4.2450787401574805
11
5.7145669291338583
21
-4.2450787401574805
0
LINE
8
BLACK
6
CONTINUOUS
10
5.7145669291338583
20
-4.2450787401574805
11
5.7145669291338583
21
-4.1860236220472444
0
LINE
8
BLACK
6
CONTINUOUS
10
5.7145669291338583
20
-4.1860236220472444
11
5.6870078740157481
21
-4.1860236220472444
0
LINE
8
BLACK
6
CONTINUOUS
10
6.5617294094488186
20
-4.1977039370078737
11
6.5627938188976378
21
-4.1981448425196852
0
LINE
8
BLACK
6
CONTINUOUS
10
6.5627938188976378
20
-4.1981448425196852
11
6.5636084645669293
21
-4.1989594881889767
0
LINE
8
BLACK
6
CONTINUOUS
10
6.5636084645669293
20
-4.1989594881889767
11
6.5640493700787399
21
-4.200023897637795
0
LINE
8
BLACK
6
CONTINUOUS
10
6.5640493700787399
20
-4.200023897637795
11
6.5641061023622047
21
-4.2005999606299209
0
LINE
8
BLACK
6
CONTINUOUS
10
6.5641061023622047
20
-4.2005999606299209
11
6.5641061023622047
21
-4.2125984645669288
0
LINE
8
BLACK
6
CONTINUOUS
10
6.5641061023622047
20
-4.2125984645669288
11
6.5640493700787399
21
-4.2131745275590546
0
LINE
8
BLACK
6
CONTINUOUS
10
6.5640493700787399
20
-4.2131745275590546
11
6.5640087401574805
21
-4.2132725196850389
0
LINE
8
BLACK
6
CONTINUOUS
10
6.5640087401574805
20
-4.2132725196850389
11
6.5640012598425193
21
-4.2133783464566932
0
LINE
8
BLACK
6
CONTINUOUS
10
6.5640012598425193
20
-4.2133783464566932
11
6.5637943700787398
21
-4.2139189763779523
0
LINE
8
BLACK
6
CONTINUOUS
10
6.5637943700787398
20
-4.2139189763779523
11
6.5622945669291335
21
-4.2169185826771649
0
LINE
8
BLACK
6
CONTINUOUS
10
6.5622945669291335
20
-4.2169185826771649
11
6.5621385039370077
21
-4.2171664960629922
0
LINE
8
BLACK
6
CONTINUOUS
10
6.5621385039370077
20
-4.2171664960629922
11
6.562108661417323
21
-4.2172385826771652
0
LINE
8
BLACK
6
CONTINUOUS
10
6.562108661417323
20
-4.2172385826771652
11
6.5620420866141727
21
-4.2173196456692912
0
LINE
8
BLACK
6
CONTINUOUS
10
6.5620420866141727
20
-4.2173196456692912
11
6.5619862204724404
21
-4.2174084645669287
0
LINE
8
BLACK
6
CONTINUOUS
10
6.5619862204724404
20
-4.2174084645669287
11
6.5619272440944885
21
-4.2174595669291337
0
LINE
8
BLACK
6
CONTINUOUS
10
6.5619272440944885
20
-4.2174595669291337
11
6.5617414173228346
21
-4.217686023622047
0
LINE
8
BLACK
6
CONTINUOUS
10
6.5617414173228346
20
-4.217686023622047
11
6.5602415748031495
21
-4.2191858267716533
0
LINE
8
BLACK
6
CONTINUOUS
10
6.5602415748031495
20
-4.2191858267716533
11
6.5600151181102362
21
-4.2193716535433072
0
LINE
8
BLACK
6
CONTINUOUS
10
6.5600151181102362
20
-4.2193716535433072
11
6.5599640944881887
21
-4.2194305118110238
0
LINE
8
BLACK
6
CONTINUOUS
10
6.5599640944881887
20
-4.2194305118110238
11
6.5598753543307087
21
-4.2194863385826773
0
LINE
8
BLACK
6
CONTINUOUS
10
6.5598753543307087
20
-4.2194863385826773
11
6.5597941338582677
21
-4.219553031496063
0
LINE
8
BLACK
6
CONTINUOUS
10
6.5597941338582677
20
-4.219553031496063
11
6.5597220078740159
21
-4.2195828740157477
0
LINE
8
BLACK
6
CONTINUOUS
10
6.5597220078740159
20
-4.2195828740157477
11
6.5594742125984249
21
-4.2197388976377948
0
LINE
8
BLACK
6
CONTINUOUS
10
6.5594742125984249
20
-4.2197388976377948
11
6.5564746456692911
21
-4.2212387401574798
0
LINE
8
BLACK
6
CONTINUOUS
10
6.5564746456692911
20
-4.2212387401574798
11
6.555934015748031
21
-4.2214456299212602
0
LINE
8
BLACK
6
CONTINUOUS
10
6.555934015748031
20
-4.2214456299212602
11
6.5558281102362201
21
-4.2214531496062992
0
LINE
8
BLACK
6
CONTINUOUS
10
6.5558281102362201
20
-4.2214531496062992
11
6.5557301574803146
21
-4.2214937401574799
0
LINE
8
BLACK
6
CONTINUOUS
10
6.5557301574803146
20
-4.2214937401574799
11
6.5551540944881888
21
-4.2215504724409447
0
LINE
8
BLACK
6
CONTINUOUS
10
6.5551540944881888
20
-4.2215504724409447
11
6.5506546456692911
21
-4.2215504724409447
0
LINE
8
BLACK
6
CONTINUOUS
10
6.5506546456692911
20
-4.2215504724409447
11
6.5500785826771653
21
-4.2214937401574799
0
LINE
8
BLACK
6
CONTINUOUS
10
6.5500785826771653
20
-4.2214937401574799
11
6.5499804724409447
21
-4.2214530708661417
0
LINE
8
BLACK
6
CONTINUOUS
10
6.5499804724409447
20
-4.2214530708661417
11
6.5498747244094488
21
-4.2214455905511814
0
LINE
8
BLACK
6
CONTINUOUS
10
6.5498747244094488
20
-4.2214455905511814
11
6.5493340944881888
21
-4.221238700787401
0
LINE
8
BLACK
6
CONTINUOUS
10
6.5493340944881888
20
-4.221238700787401
11
6.5463344881889762
21
-4.2197388976377948
0
LINE
8
BLACK
6
CONTINUOUS
10
6.5463344881889762
20
-4.2197388976377948
11
6.5460866535433073
21
-4.2195828740157477
0
LINE
8
BLACK
6
CONTINUOUS
10
6.5460866535433073
20
-4.2195828740157477
11
6.5460146062992122
21
-4.219553031496063
0
LINE
8
BLACK
6
CONTINUOUS
10
6.5460146062992122
20
-4.219553031496063
11
6.5459333858267712
21
-4.2194863779527561
0
LINE
8
BLACK
6
CONTINUOUS
10
6.5459333858267712
20
-4.2194863779527561
11
6.5458446456692911
21
-4.2194305118110238
0
LINE
8
BLACK
6
CONTINUOUS
10
6.5458446456692911
20
-4.2194305118110238
11
6.5457935826771649
21
-4.2193716535433072
0
LINE
8
BLACK
6
CONTINUOUS
10
6.5457935826771649
20
-4.2193716535433072
11
6.5455671653543304
21
-4.2191858267716533
0
LINE
8
BLACK
6
CONTINUOUS
10
6.5455671653543304
20
-4.2191858267716533
11
6.5440673228346453
21
-4.217686023622047
0
LINE
8
BLACK
6
CONTINUOUS
10
6.5440673228346453
20
-4.217686023622047
11
6.5439214173228342
21
-4.2175082283464569
0
LINE
8
BLACK
6
CONTINUOUS
10
6.5439214173228342
20
-4.2175082283464569
11
6.5437437007874015
21
-4.2176859842519683
0
LINE
8
BLACK
6
CONTINUOUS
10
6.5437437007874015
20
-4.2176859842519683
11
6.5435173228346457
21
-4.2178717322834647
0
LINE
8
BLACK
6
CONTINUOUS
10
6.5435173228346457
20
-4.2178717322834647
11
6.543466181102362
21
-4.2179307480314963
0
LINE
8
BLACK
6
CONTINUOUS
10
6.543466181102362
20
-4.2179307480314963
11
6.5433772047244094
21
-4.217986692913386
0
LINE
8
BLACK
6
CONTINUOUS
10
6.5433772047244094
20
-4.217986692913386
11
6.5432962598425197
21
-4.2180531889763779
0
LINE
8
BLACK
6
CONTINUOUS
10
6.5432962598425197
20
-4.2180531889763779
11
6.543224291338583
21
-4.2180829921259839
0
LINE
8
BLACK
6
CONTINUOUS
10
6.543224291338583
20
-4.2180829921259839
11
6.5429762992125982
21
-4.2182390944881885
0
LINE
8
BLACK
6
CONTINUOUS
10
6.5429762992125982
20
-4.2182390944881885
11
6.5399766535433068
21
-4.2197388976377948
0
LINE
8
BLACK
6
CONTINUOUS
10
6.5399766535433068
20
-4.2197388976377948
11
6.5394360236220468
21
-4.2199457874015751
0
LINE
8
BLACK
6
CONTINUOUS
10
6.5394360236220468
20
-4.2199457874015751
11
6.5393301968503934
21
-4.2199532677165354
0
LINE
8
BLACK
6
CONTINUOUS
10
6.5393301968503934
20
-4.2199532677165354
11
6.5392322047244091
21
-4.2199938976377949
0
LINE
8
BLACK
6
CONTINUOUS
10
6.5392322047244091
20
-4.2199938976377949
11
6.5386561417322833
21
-4.2200506299212597
0
LINE
8
BLACK
6
CONTINUOUS
10
6.5386561417322833
20
-4.2200506299212597
11
6.5356565354330707
21
-4.2200506299212597
0
LINE
8
BLACK
6
CONTINUOUS
10
6.5356565354330707
20
-4.2200506299212597
11
6.5350804724409448
21
-4.2199938976377949
0
LINE
8
BLACK
6
CONTINUOUS
10
6.5350804724409448
20
-4.2199938976377949
11
6.5349824409448818
21
-4.2199532677165354
0
LINE
8
BLACK
6
CONTINUOUS
10
6.5349824409448818
20
-4.2199532677165354
11
6.5348766535433072
21
-4.2199457874015751
0
LINE
8
BLACK
6
CONTINUOUS
10
6.5348766535433072
20
-4.2199457874015751
11
6.5343360236220471
21
-4.2197388976377948
0
LINE
8
BLACK
6
CONTINUOUS
10
6.5343360236220471
20
-4.2197388976377948
11
6.5313363779527558
21
-4.2182390944881885
0
LINE
8
BLACK
6
CONTINUOUS
10
6.5313363779527558
20
-4.2182390944881885
11
6.5310883464566931
21
-4.2180829921259839
0
LINE
8
BLACK
6
CONTINUOUS
10
6.5310883464566931
20
-4.2180829921259839
11
6.5310164173228342
21
-4.2180531889763779
0
LINE
8
BLACK
6
CONTINUOUS
10
6.5310164173228342
20
-4.2180531889763779
11
6.5309354330708658
21
-4.217986692913386
0
LINE
8
BLACK
6
CONTINUOUS
10
6.5309354330708658
20
-4.217986692913386
11
6.5308464960629919
21
-4.2179307480314963
0
LINE
8
BLACK
6
CONTINUOUS
10
6.5308464960629919
20
-4.2179307480314963
11
6.5307953149606295
21
-4.2178717322834647
0
LINE
8
BLACK
6
CONTINUOUS
10
6.5307953149606295
20
-4.2178717322834647
11
6.5305689763779524
21
-4.2176859842519683
0
LINE
8
BLACK
6
CONTINUOUS
10
6.5305689763779524
20
-4.2176859842519683
11
6.5290691732283461
21
-4.216186181102362
0
LINE
8
BLACK
6
CONTINUOUS
10
6.5290691732283461
20
-4.216186181102362
11
6.5288833858267719
21
-4.2159598031496062
0
LINE
8
BLACK
6
CONTINUOUS
10
6.5288833858267719
20
-4.2159598031496062
11
6.528824409448819
21
-4.2159086614173225
0
LINE
8
BLACK
6
CONTINUOUS
10
6.528824409448819
20
-4.2159086614173225
11
6.5287684251968505
21
-4.2158196850393699
0
LINE
8
BLACK
6
CONTINUOUS
10
6.5287684251968505
20
-4.2158196850393699
11
6.5287019685039365
21
-4.2157387401574802
0
LINE
8
BLACK
6
CONTINUOUS
10
6.5287019685039365
20
-4.2157387401574802
11
6.5286721259842517
21
-4.2156667716535434
0
LINE
8
BLACK
6
CONTINUOUS
10
6.5286721259842517
20
-4.2156667716535434
11
6.5285160629921259
21
-4.2154187795275586
0
LINE
8
BLACK
6
CONTINUOUS
10
6.5285160629921259
20
-4.2154187795275586
11
6.5270162598425197
21
-4.2124191338582673
0
LINE
8
BLACK
6
CONTINUOUS
10
6.5270162598425197
20
-4.2124191338582673
11
6.5268093700787402
21
-4.2118785039370081
0
LINE
8
BLACK
6
CONTINUOUS
10
6.5268093700787402
20
-4.2118785039370081
11
6.5268018503937002
21
-4.2117726771653539
0
LINE
8
BLACK
6
CONTINUOUS
10
6.5268018503937002
20
-4.2117726771653539
11
6.5267612598425195
21
-4.2116746850393696
0
LINE
8
BLACK
6
CONTINUOUS
10
6.5267612598425195
20
-4.2116746850393696
11
6.5267045275590547
21
-4.2110986220472437
0
LINE
8
BLACK
6
CONTINUOUS
10
6.5267045275590547
20
-4.2110986220472437
11
6.5267045275590547
21
-4.2005999606299209
0
LINE
8
BLACK
6
CONTINUOUS
10
6.5267045275590547
20
-4.2005999606299209
11
6.5267612598425195
21
-4.200023897637795
0
LINE
8
BLACK
6
CONTINUOUS
10
6.5267612598425195
20
-4.200023897637795
11
6.5272021653543302
21
-4.1989594881889767
0
LINE
8
BLACK
6
CONTINUOUS
10
6.5272021653543302
20
-4.1989594881889767
11
6.5280168110236216
21
-4.1981448425196852
0
LINE
8
BLACK
6
CONTINUOUS
10
6.5280168110236216
20
-4.1981448425196852
11
6.5290812204724409
21
-4.1977039370078737
0
LINE
8
BLACK
6
CONTINUOUS
10
6.5290812204724409
20
-4.1977039370078737
11
6.5296572834645668
21
-4.1976472047244098
0
LINE
8
BLACK
6
CONTINUOUS
10
6.5296572834645668
20
-4.1976472047244098
11
6.5611533464566927
21
-4.1976472047244098
0
LINE
8
BLACK
6
CONTINUOUS
10
6.5611533464566927
20
-4.1976472047244098
11
6.5617294094488186
21
-4.1977039370078737
0
LINE
8
BLACK
6
CONTINUOUS
10
6.5476081496062992
20
-4.2106194881889767
11
6.5487359448818898
21
-4.2140029921259838
0
LINE
8
BLACK
6
CONTINUOUS
10
6.5487359448818898
20
-4.2140029921259838
11
6.5494040551181101
21
-4.214671102362205
0
LINE
8
BLACK
6
CONTINUOUS
10
6.5494040551181101
20
-4.214671102362205
11
6.5513517322834645
21
-4.2156449606299216
0
LINE
8
BLACK
6
CONTINUOUS
10
6.5513517322834645
20
-4.2156449606299216
11
6.5544570078740154
21
-4.2156449606299216
0
LINE
8
BLACK
6
CONTINUOUS
10
6.5544570078740154
20
-4.2156449606299216
11
6.5564045669291335
21
-4.2146711417322837
0
LINE
8
BLACK
6
CONTINUOUS
10
6.5564045669291335
20
-4.2146711417322837
11
6.5572268110236216
21
-4.2138489370078736
0
LINE
8
BLACK
6
CONTINUOUS
10
6.5572268110236216
20
-4.2138489370078736
11
6.5582005905511807
21
-4.2119014173228342
0
LINE
8
BLACK
6
CONTINUOUS
10
6.5582005905511807
20
-4.2119014173228342
11
6.5582005905511807
21
-4.2035527165354329
0
LINE
8
BLACK
6
CONTINUOUS
10
6.5582005905511807
20
-4.2035527165354329
11
6.5476081496062992
21
-4.2035527165354329
0
LINE
8
BLACK
6
CONTINUOUS
10
6.5476081496062992
20
-4.2035527165354329
11
6.5476081496062992
21
-4.2106194881889767
0
LINE
8
BLACK
6
CONTINUOUS
10
6.5326100393700788
20
-4.2104015748031491
11
6.5335838188976378
21
-4.212349173228346
0
LINE
8
BLACK
6
CONTINUOUS
10
6.5335838188976378
20
-4.212349173228346
11
6.5344059448818896
21
-4.2131712992125987
0
LINE
8
BLACK
6
CONTINUOUS
10
6.5344059448818896
20
-4.2131712992125987
11
6.5363535826771653
21
-4.2141451181102365
0
LINE
8
BLACK
6
CONTINUOUS
10
6.5363535826771653
20
-4.2141451181102365
11
6.5379590944881887
21
-4.2141451181102365
0
LINE
8
BLACK
6
CONTINUOUS
10
6.5379590944881887
20
-4.2141451181102365
11
6.5399066929133856
21
-4.2131712992125987
0
LINE
8
BLACK
6
CONTINUOUS
10
6.5399066929133856
20
-4.2131712992125987
11
6.5407288188976374
21
-4.212349173228346
0
LINE
8
BLACK
6
CONTINUOUS
10
6.5407288188976374
20
-4.212349173228346
11
6.5417026377952752
21
-4.2104015748031491
0
LINE
8
BLACK
6
CONTINUOUS
10
6.5417026377952752
20
-4.2104015748031491
11
6.5417026377952752
21
-4.2035527165354329
0
LINE
8
BLACK
6
CONTINUOUS
10
6.5417026377952752
20
-4.2035527165354329
11
6.5326100393700788
21
-4.2035527165354329
0
LINE
8
BLACK
6
CONTINUOUS
10
6.5326100393700788
20
-4.2035527165354329
11
6.5326100393700788
21
-4.2104015748031491
0
LINE
8
BLACK
6
CONTINUOUS
10
5.7644182283464565
20
-4.188788228346457
11
5.7647994094488189
21
-4.1899316929133859
0
LINE
8
BLACK
6
CONTINUOUS
10
5.7647994094488189
20
-4.1899316929133859
11
5.7646371259842519
21
-4.1905243307086613
0
LINE
8
BLACK
6
CONTINUOUS
10
5.7646371259842519
20
-4.1905243307086613
11
5.7636997637795275
21
-4.1923990551181101
0
LINE
8
BLACK
6
CONTINUOUS
10
5.7636997637795275
20
-4.1923990551181101
11
5.7635451574803147
21
-4.1925982283464567
0
LINE
8
BLACK
6
CONTINUOUS
10
5.7635451574803147
20
-4.1925982283464567
11
5.7634047637795272
21
-4.1928083858267717
0
LINE
8
BLACK
6
CONTINUOUS
10
5.7634047637795272
20
-4.1928083858267717
11
5.7623435826771656
21
-4.1938695275590554
0
LINE
8
BLACK
6
CONTINUOUS
10
5.7623435826771656
20
-4.1938695275590554
11
5.7757145275590549
21
-4.1938695275590554
0
LINE
8
BLACK
6
CONTINUOUS
10
5.7757145275590549
20
-4.1938695275590554
11
5.7757145275590549
21
-4.1898200393700789
0
LINE
8
BLACK
6
CONTINUOUS
10
5.7757145275590549
20
-4.1898200393700789
11
5.7758344094488185
21
-4.1892174015748029
0
LINE
8
BLACK
6
CONTINUOUS
10
5.7758344094488185
20
-4.1892174015748029
11
5.776686692913386
21
-4.1883651181102364
0
LINE
8
BLACK
6
CONTINUOUS
10
5.776686692913386
20
-4.1883651181102364
11
5.7778919685039369
21
-4.1883651181102364
0
LINE
8
BLACK
6
CONTINUOUS
10
5.7778919685039369
20
-4.1883651181102364
11
5.7787442519685035
21
-4.1892174015748029
0
LINE
8
BLACK
6
CONTINUOUS
10
5.7787442519685035
20
-4.1892174015748029
11
5.778864133858268
21
-4.1898200393700789
0
LINE
8
BLACK
6
CONTINUOUS
10
5.778864133858268
20
-4.1898200393700789
11
5.778864133858268
21
-4.2010686220472442
0
LINE
8
BLACK
6
CONTINUOUS
10
5.778864133858268
20
-4.2010686220472442
11
5.7787442519685035
21
-4.2016712598425192
0
LINE
8
BLACK
6
CONTINUOUS
10
5.7787442519685035
20
-4.2016712598425192
11
5.7778919685039369
21
-4.2025235433070867
0
LINE
8
BLACK
6
CONTINUOUS
10
5.7778919685039369
20
-4.2025235433070867
11
5.776686692913386
21
-4.2025235433070867
0
LINE
8
BLACK
6
CONTINUOUS
10
5.776686692913386
20
-4.2025235433070867
11
5.7758344094488185
21
-4.2016712598425192
0
LINE
8
BLACK
6
CONTINUOUS
10
5.7758344094488185
20
-4.2016712598425192
11
5.7757145275590549
21
-4.2010686220472442
0
LINE
8
BLACK
6
CONTINUOUS
10
5.7757145275590549
20
-4.2010686220472442
11
5.7757145275590549
21
-4.1970191338582676
0
LINE
8
BLACK
6
CONTINUOUS
10
5.7757145275590549
20
-4.1970191338582676
11
5.7576042913385823
21
-4.1970191338582676
0
LINE
8
BLACK
6
CONTINUOUS
10
5.7576042913385823
20
-4.1970191338582676
11
5.7570016535433073
21
-4.196899251968504
0
LINE
8
BLACK
6
CONTINUOUS
10
5.7570016535433073
20
-4.196899251968504
11
5.7568869685039372
21
-4.1967845669291339
0
LINE
8
BLACK
6
CONTINUOUS
10
5.7568869685039372
20
-4.1967845669291339
11
5.7567279921259837
21
-4.1967527952755903
0
LINE
8
BLACK
6
CONTINUOUS
10
5.7567279921259837
20
-4.1967527952755903
11
5.7564735826771649
21
-4.1963711811023625
0
LINE
8
BLACK
6
CONTINUOUS
10
5.7564735826771649
20
-4.1963711811023625
11
5.7561493700787398
21
-4.1960469685039365
0
LINE
8
BLACK
6
CONTINUOUS
10
5.7561493700787398
20
-4.1960469685039365
11
5.7561493700787398
21
-4.1958848425196846
0
LINE
8
BLACK
6
CONTINUOUS
10
5.7561493700787398
20
-4.1958848425196846
11
5.7560594488188972
21
-4.1957499606299216
0
LINE
8
BLACK
6
CONTINUOUS
10
5.7560594488188972
20
-4.1957499606299216
11
5.7561493700787398
21
-4.1953003149606296
0
LINE
8
BLACK
6
CONTINUOUS
10
5.7561493700787398
20
-4.1953003149606296
11
5.7561493700787398
21
-4.1948416929133856
0
LINE
8
BLACK
6
CONTINUOUS
10
5.7561493700787398
20
-4.1948416929133856
11
5.7562640157480311
21
-4.1947270078740155
0
LINE
8
BLACK
6
CONTINUOUS
10
5.7562640157480311
20
-4.1947270078740155
11
5.7562958267716535
21
-4.1945680314960629
0
LINE
8
BLACK
6
CONTINUOUS
10
5.7562958267716535
20
-4.1945680314960629
11
5.7567307480314955
21
-4.1941340157480314
0
LINE
8
BLACK
6
CONTINUOUS
10
5.7567307480314955
20
-4.1941340157480314
11
5.759413188976378
21
-4.1923457086614171
0
LINE
8
BLACK
6
CONTINUOUS
10
5.759413188976378
20
-4.1923457086614171
11
5.7609969685039371
21
-4.1907618897637793
0
LINE
8
BLACK
6
CONTINUOUS
10
5.7609969685039371
20
-4.1907618897637793
11
5.7618200393700789
21
-4.1891157874015743
0
LINE
8
BLACK
6
CONTINUOUS
10
5.7618200393700789
20
-4.1891157874015743
11
5.7621967322834644
21
-4.1886303937007874
0
LINE
8
BLACK
6
CONTINUOUS
10
5.7621967322834644
20
-4.1886303937007874
11
5.7633401968503932
21
-4.188249212598425
0
LINE
8
BLACK
6
CONTINUOUS
10
5.7633401968503932
20
-4.188249212598425
11
5.7644182283464565
21
-4.188788228346457
0
LINE
8
BLACK
6
CONTINUOUS
10
5.7778919685039369
20
-4.1696174409448821
11
5.7787442519685035
21
-4.1704697244094486
0
LINE
8
BLACK
6
CONTINUOUS
10
5.7787442519685035
20
-4.1704697244094486
11
5.778864133858268
21
-4.1710723622047245
0
LINE
8
BLACK
6
CONTINUOUS
10
5.778864133858268
20
-4.1710723622047245
11
5.778864133858268
21
-4.1785714173228348
0
LINE
8
BLACK
6
CONTINUOUS
10
5.778864133858268
20
-4.1785714173228348
11
5.7788487007874014
21
-4.1786487795275589
0
LINE
8
BLACK
6
CONTINUOUS
10
5.7788487007874014
20
-4.1786487795275589
11
5.7788601574803149
21
-4.1786830708661418
0
LINE
8
BLACK
6
CONTINUOUS
10
5.7788601574803149
20
-4.1786830708661418
11
5.7787934645669292
21
-4.1789264960629922
0
LINE
8
BLACK
6
CONTINUOUS
10
5.7787934645669292
20
-4.1789264960629922
11
5.7787442519685035
21
-4.1791740551181098
0
LINE
8
BLACK
6
CONTINUOUS
10
5.7787442519685035
20
-4.1791740551181098
11
5.778718700787401
21
-4.1791995669291335
0
LINE
8
BLACK
6
CONTINUOUS
10
5.778718700787401
20
-4.1791995669291335
11
5.778697874015748
21
-4.1792757086614172
0
LINE
8
BLACK
6
CONTINUOUS
10
5.778697874015748
20
-4.1792757086614172
11
5.7777605118110236
21
-4.181150433070866
0
LINE
8
BLACK
6
CONTINUOUS
10
5.7777605118110236
20
-4.181150433070866
11
5.7776059055118107
21
-4.1813496062992126
0
LINE
8
BLACK
6
CONTINUOUS
10
5.7776059055118107
20
-4.1813496062992126
11
5.7774655118110232
21
-4.1815597637795276
0
LINE
8
BLACK
6
CONTINUOUS
10
5.7774655118110232
20
-4.1815597637795276
11
5.77652811023622
21
-4.1824971259842521
0
LINE
8
BLACK
6
CONTINUOUS
10
5.77652811023622
20
-4.1824971259842521
11
5.776318267716535
21
-4.1826372834645671
0
LINE
8
BLACK
6
CONTINUOUS
10
5.776318267716535
20
-4.1826372834645671
11
5.776118818897638
21
-4.1827921259842515
0
LINE
8
BLACK
6
CONTINUOUS
10
5.776118818897638
20
-4.1827921259842515
11
5.7742440551181105
21
-4.1837294881889759
0
LINE
8
BLACK
6
CONTINUOUS
10
5.7742440551181105
20
-4.1837294881889759
11
5.7741679527559056
21
-4.1837503149606299
0
LINE
8
BLACK
6
CONTINUOUS
10
5.7741679527559056
20
-4.1837503149606299
11
5.7741424409448818
21
-4.1837758661417324
0
LINE
8
BLACK
6
CONTINUOUS
10
5.7741424409448818
20
-4.1837758661417324
11
5.7738947244094483
21
-4.1838251181102359
0
LINE
8
BLACK
6
CONTINUOUS
10
5.7738947244094483
20
-4.1838251181102359
11
5.7736514173228342
21
-4.1838917716535429
0
LINE
8
BLACK
6
CONTINUOUS
10
5.7736514173228342
20
-4.1838917716535429
11
5.7736171653543309
21
-4.1838803543307082
0
LINE
8
BLACK
6
CONTINUOUS
10
5.7736171653543309
20
-4.1838803543307082
11
5.7735398031496059
21
-4.183895748031496
0
LINE
8
BLACK
6
CONTINUOUS
10
5.7735398031496059
20
-4.183895748031496
11
5.7707276377952752
21
-4.183895748031496
0
LINE
8
BLACK
6
CONTINUOUS
10
5.7707276377952752
20
-4.183895748031496
11
5.7706502362204724
21
-4.1838803149606294
0
LINE
8
BLACK
6
CONTINUOUS
10
5.7706502362204724
20
-4.1838803149606294
11
5.7706159842519682
21
-4.1838917716535429
0
LINE
8
BLACK
6
CONTINUOUS
10
5.7706159842519682
20
-4.1838917716535429
11
5.7703725196850391
21
-4.1838250787401572
0
LINE
8
BLACK
6
CONTINUOUS
10
5.7703725196850391
20
-4.1838250787401572
11
5.7701250000000002
21
-4.1837758661417324
0
LINE
8
BLACK
6
CONTINUOUS
10
5.7701250000000002
20
-4.1837758661417324
11
5.7700994488188977
21
-4.1837503149606299
0
LINE
8
BLACK
6
CONTINUOUS
10
5.7700994488188977
20
-4.1837503149606299
11
5.7700233464566928
21
-4.1837294881889759
0
LINE
8
BLACK
6
CONTINUOUS
10
5.7700233464566928
20
-4.1837294881889759
11
5.768148622047244
21
-4.1827921259842515
0
LINE
8
BLACK
6
CONTINUOUS
10
5.768148622047244
20
-4.1827921259842515
11
5.7679494094488186
21
-4.1826375196850396
0
LINE
8
BLACK
6
CONTINUOUS
10
5.7679494094488186
20
-4.1826375196850396
11
5.7677392913385823
21
-4.1824971259842521
0
LINE
8
BLACK
6
CONTINUOUS
10
5.7677392913385823
20
-4.1824971259842521
11
5.7668019291338579
21
-4.1815597244094489
0
LINE
8
BLACK
6
CONTINUOUS
10
5.7668019291338579
20
-4.1815597244094489
11
5.7667580708661417
21
-4.1814940944881887
0
LINE
8
BLACK
6
CONTINUOUS
10
5.7667580708661417
20
-4.1814940944881887
11
5.766725826771653
21
-4.1814779921259841
0
LINE
8
BLACK
6
CONTINUOUS
10
5.766725826771653
20
-4.1814779921259841
11
5.7666008661417321
21
-4.1812587795275586
0
LINE
8
BLACK
6
CONTINUOUS
10
5.7666008661417321
20
-4.1812587795275586
11
5.7665675984251967
21
-4.1812090157480313
0
LINE
8
BLACK
6
CONTINUOUS
10
5.7665675984251967
20
-4.1812090157480313
11
5.7662168897637791
21
-4.1815597637795276
0
LINE
8
BLACK
6
CONTINUOUS
10
5.7662168897637791
20
-4.1815597637795276
11
5.7660069685039366
21
-4.1816999606299214
0
LINE
8
BLACK
6
CONTINUOUS
10
5.7660069685039366
20
-4.1816999606299214
11
5.7658076377952758
21
-4.1818547244094484
0
LINE
8
BLACK
6
CONTINUOUS
10
5.7658076377952758
20
-4.1818547244094484
11
5.7639328740157483
21
-4.1827921259842515
0
LINE
8
BLACK
6
CONTINUOUS
10
5.7639328740157483
20
-4.1827921259842515
11
5.7638567322834646
21
-4.1828129527559055
0
LINE
8
BLACK
6
CONTINUOUS
10
5.7638567322834646
20
-4.1828129527559055
11
5.7638312204724409
21
-4.182838503937008
0
LINE
8
BLACK
6
CONTINUOUS
10
5.7638312204724409
20
-4.182838503937008
11
5.7635836614173224
21
-4.1828877165354328
0
LINE
8
BLACK
6
CONTINUOUS
10
5.7635836614173224
20
-4.1828877165354328
11
5.763340236220472
21
-4.1829544094488185
0
LINE
8
BLACK
6
CONTINUOUS
10
5.763340236220472
20
-4.1829544094488185
11
5.76330594488189
21
-4.182942952755905
0
LINE
8
BLACK
6
CONTINUOUS
10
5.76330594488189
20
-4.182942952755905
11
5.763228582677165
21
-4.1829583858267716
0
LINE
8
BLACK
6
CONTINUOUS
10
5.763228582677165
20
-4.1829583858267716
11
5.7613538188976374
21
-4.1829583858267716
0
LINE
8
BLACK
6
CONTINUOUS
10
5.7613538188976374
20
-4.1829583858267716
11
5.7612764173228346
21
-4.182942952755905
0
LINE
8
BLACK
6
CONTINUOUS
10
5.7612764173228346
20
-4.182942952755905
11
5.7612421653543304
21
-4.1829544094488185
0
LINE
8
BLACK
6
CONTINUOUS
10
5.7612421653543304
20
-4.1829544094488185
11
5.7609987007874013
21
-4.1828877165354328
0
LINE
8
BLACK
6
CONTINUOUS
10
5.7609987007874013
20
-4.1828877165354328
11
5.7607511811023624
21
-4.182838503937008
0
LINE
8
BLACK
6
CONTINUOUS
10
5.7607511811023624
20
-4.182838503937008
11
5.7607256299212599
21
-4.1828129527559055
0
LINE
8
BLACK
6
CONTINUOUS
10
5.7607256299212599
20
-4.1828129527559055
11
5.760649527559055
21
-4.1827921259842515
0
LINE
8
BLACK
6
CONTINUOUS
10
5.760649527559055
20
-4.1827921259842515
11
5.7587747637795275
21
-4.1818547244094484
0
LINE
8
BLACK
6
CONTINUOUS
10
5.7587747637795275
20
-4.1818547244094484
11
5.7585751574803146
21
-4.1816998031496064
0
LINE
8
BLACK
6
CONTINUOUS
10
5.7585751574803146
20
-4.1816998031496064
11
5.7583655118110233
21
-4.1815597244094489
0
LINE
8
BLACK
6
CONTINUOUS
10
5.7583655118110233
20
-4.1815597244094489
11
5.7574281496062989
21
-4.1806223622047245
0
LINE
8
BLACK
6
CONTINUOUS
10
5.7574281496062989
20
-4.1806223622047245
11
5.7572880314960626
21
-4.1804126771653545
0
LINE
8
BLACK
6
CONTINUOUS
10
5.7572880314960626
20
-4.1804126771653545
11
5.7571331496062994
21
-4.1802131102362203
0
LINE
8
BLACK
6
CONTINUOUS
10
5.7571331496062994
20
-4.1802131102362203
11
5.7561957480314963
21
-4.1783383464566928
0
LINE
8
BLACK
6
CONTINUOUS
10
5.7561957480314963
20
-4.1783383464566928
11
5.7561748818897636
21
-4.1782622047244091
0
LINE
8
BLACK
6
CONTINUOUS
10
5.7561748818897636
20
-4.1782622047244091
11
5.7561493700787398
21
-4.1782366929133854
0
LINE
8
BLACK
6
CONTINUOUS
10
5.7561493700787398
20
-4.1782366929133854
11
5.7561001181102363
21
-4.1779891338582678
0
LINE
8
BLACK
6
CONTINUOUS
10
5.7561001181102363
20
-4.1779891338582678
11
5.7560334645669293
21
-4.1777457086614174
0
LINE
8
BLACK
6
CONTINUOUS
10
5.7560334645669293
20
-4.1777457086614174
11
5.756044881889764
21
-4.1777114173228345
0
LINE
8
BLACK
6
CONTINUOUS
10
5.756044881889764
20
-4.1777114173228345
11
5.7560294881889762
21
-4.1776340551181104
0
LINE
8
BLACK
6
CONTINUOUS
10
5.7560294881889762
20
-4.1776340551181104
11
5.7560294881889762
21
-4.1710723622047245
0
LINE
8
BLACK
6
CONTINUOUS
10
5.7560294881889762
20
-4.1710723622047245
11
5.7561493700787398
21
-4.1704697244094486
0
LINE
8
BLACK
6
CONTINUOUS
10
5.7561493700787398
20
-4.1704697244094486
11
5.7570016535433073
21
-4.1696174409448821
0
LINE
8
BLACK
6
CONTINUOUS
10
5.7570016535433073
20
-4.1696174409448821
11
5.7576042913385823
21
-4.1694975590551184
0
LINE
8
BLACK
6
CONTINUOUS
10
5.7576042913385823
20
-4.1694975590551184
11
5.777289330708661
21
-4.1694975590551184
0
LINE
8
BLACK
6
CONTINUOUS
10
5.777289330708661
20
-4.1694975590551184
11
5.7778919685039369
21
-4.1696174409448821
0
LINE
8
BLACK
6
CONTINUOUS
10
5.7685529133858262
20
-4.1773785039370077
11
5.769291889763779
21
-4.179595472440945
0
LINE
8
BLACK
6
CONTINUOUS
10
5.769291889763779
20
-4.179595472440945
11
5.7697857086614173
21
-4.1800893307086611
0
LINE
8
BLACK
6
CONTINUOUS
10
5.7697857086614173
20
-4.1800893307086611
11
5.7710993700787396
21
-4.1807461417322838
0
LINE
8
BLACK
6
CONTINUOUS
10
5.7710993700787396
20
-4.1807461417322838
11
5.7731680708661415
21
-4.1807461417322838
0
LINE
8
BLACK
6
CONTINUOUS
10
5.7731680708661415
20
-4.1807461417322838
11
5.7744817322834647
21
-4.1800892913385823
0
LINE
8
BLACK
6
CONTINUOUS
10
5.7744817322834647
20
-4.1800892913385823
11
5.7750577165354331
21
-4.1795132677165352
0
LINE
8
BLACK
6
CONTINUOUS
10
5.7750577165354331
20
-4.1795132677165352
11
5.7757145275590549
21
-4.1781996850393703
0
LINE
8
BLACK
6
CONTINUOUS
10
5.7757145275590549
20
-4.1781996850393703
11
5.7757145275590549
21
-4.1726471653543307
0
LINE
8
BLACK
6
CONTINUOUS
10
5.7757145275590549
20
-4.1726471653543307
11
5.7685529133858262
21
-4.1726471653543307
0
LINE
8
BLACK
6
CONTINUOUS
10
5.7685529133858262
20
-4.1726471653543307
11
5.7685529133858262
21
-4.1773785039370077
0
LINE
8
BLACK
6
CONTINUOUS
10
5.7591790944881884
20
-4.1772622440944884
11
5.7598359448818899
21
-4.1785759842519683
0
LINE
8
BLACK
6
CONTINUOUS
10
5.7598359448818899
20
-4.1785759842519683
11
5.7604118503937007
21
-4.1791518897637792
0
LINE
8
BLACK
6
CONTINUOUS
10
5.7604118503937007
20
-4.1791518897637792
11
5.7617255905511806
21
-4.1798087795275594
0
LINE
8
BLACK
6
CONTINUOUS
10
5.7617255905511806
20
-4.1798087795275594
11
5.7628568110236218
21
-4.1798087795275594
0
LINE
8
BLACK
6
CONTINUOUS
10
5.7628568110236218
20
-4.1798087795275594
11
5.764170472440945
21
-4.1791518897637792
0
LINE
8
BLACK
6
CONTINUOUS
10
5.764170472440945
20
-4.1791518897637792
11
5.7647464960629922
21
-4.1785759448818895
0
LINE
8
BLACK
6
CONTINUOUS
10
5.7647464960629922
20
-4.1785759448818895
11
5.765403307086614
21
-4.1772623228346459
0
LINE
8
BLACK
6
CONTINUOUS
10
5.765403307086614
20
-4.1772623228346459
11
5.765403307086614
21
-4.1726471653543307
0
LINE
8
BLACK
6
CONTINUOUS
10
5.765403307086614
20
-4.1726471653543307
11
5.7591790944881884
21
-4.1726471653543307
0
LINE
8
BLACK
6
CONTINUOUS
10
5.7591790944881884
20
-4.1726471653543307
11
5.7591790944881884
21
-4.1772622440944884
0
LINE
8
BLACK
6
CONTINUOUS
10
5.7778919685039369
20
-4.1527445669291341
11
5.7787442519685035
21
-4.1535968503937006
0
LINE
8
BLACK
6
CONTINUOUS
10
5.7787442519685035
20
-4.1535968503937006
11
5.7787442519685035
21
-4.1548021259842516
0
LINE
8
BLACK
6
CONTINUOUS
10
5.7787442519685035
20
-4.1548021259842516
11
5.7778919685039369
21
-4.155654409448819
0
LINE
8
BLACK
6
CONTINUOUS
10
5.7778919685039369
20
-4.155654409448819
11
5.777289330708661
21
-4.1557742913385827
0
LINE
8
BLACK
6
CONTINUOUS
10
5.777289330708661
20
-4.1557742913385827
11
5.7685529133858262
21
-4.1557742913385827
0
LINE
8
BLACK
6
CONTINUOUS
10
5.7685529133858262
20
-4.1557742913385827
11
5.7685529133858262
21
-4.1607611811023624
0
LINE
8
BLACK
6
CONTINUOUS
10
5.7685529133858262
20
-4.1607611811023624
11
5.7684330314960626
21
-4.1613638188976374
0
LINE
8
BLACK
6
CONTINUOUS
10
5.7684330314960626
20
-4.1613638188976374
11
5.767580748031496
21
-4.1622161023622049
0
LINE
8
BLACK
6
CONTINUOUS
10
5.767580748031496
20
-4.1622161023622049
11
5.7663754724409451
21
-4.1622161023622049
0
LINE
8
BLACK
6
CONTINUOUS
10
5.7663754724409451
20
-4.1622161023622049
11
5.7655231889763776
21
-4.1613638188976374
0
LINE
8
BLACK
6
CONTINUOUS
10
5.7655231889763776
20
-4.1613638188976374
11
5.765403307086614
21
-4.1607611811023624
0
LINE
8
BLACK
6
CONTINUOUS
10
5.765403307086614
20
-4.1607611811023624
11
5.765403307086614
21
-4.1557742913385827
0
LINE
8
BLACK
6
CONTINUOUS
10
5.765403307086614
20
-4.1557742913385827
11
5.7591790944881884
21
-4.1557742913385827
0
LINE
8
BLACK
6
CONTINUOUS
10
5.7591790944881884
20
-4.1557742913385827
11
5.7591790944881884
21
-4.1635733070866143
0
LINE
8
BLACK
6
CONTINUOUS
10
5.7591790944881884
20
-4.1635733070866143
11
5.7590592125984248
21
-4.1641759448818894
0
LINE
8
BLACK
6
CONTINUOUS
10
5.7590592125984248
20
-4.1641759448818894
11
5.7582069291338582
21
-4.1650282283464568
0
LINE
8
BLACK
6
CONTINUOUS
10
5.7582069291338582
20
-4.1650282283464568
11
5.7570016535433073
21
-4.1650282283464568
0
LINE
8
BLACK
6
CONTINUOUS
10
5.7570016535433073
20
-4.1650282283464568
11
5.7561493700787398
21
-4.1641759448818894
0
LINE
8
BLACK
6
CONTINUOUS
10
5.7561493700787398
20
-4.1641759448818894
11
5.7560294881889762
21
-4.1635733070866143
0
LINE
8
BLACK
6
CONTINUOUS
10
5.7560294881889762
20
-4.1635733070866143
11
5.7560294881889762
21
-4.1541994881889766
0
LINE
8
BLACK
6
CONTINUOUS
10
5.7560294881889762
20
-4.1541994881889766
11
5.7561493700787398
21
-4.1535968503937006
0
LINE
8
BLACK
6
CONTINUOUS
10
5.7561493700787398
20
-4.1535968503937006
11
5.7570016535433073
21
-4.1527445669291341
0
LINE
8
BLACK
6
CONTINUOUS
10
5.7570016535433073
20
-4.1527445669291341
11
5.7576042913385823
21
-4.1526246850393695
0
LINE
8
BLACK
6
CONTINUOUS
10
5.7576042913385823
20
-4.1526246850393695
11
5.777289330708661
21
-4.1526246850393695
0
LINE
8
BLACK
6
CONTINUOUS
10
5.777289330708661
20
-4.1526246850393695
11
5.7778919685039369
21
-4.1527445669291341
0
LINE
8
BLACK
6
CONTINUOUS
10
5.7868162992125987
20
-4.1359766141732281
11
5.7878816535433071
21
-4.1370419685039366
0
LINE
8
BLACK
6
CONTINUOUS
10
5.7878816535433071
20
-4.1370419685039366
11
5.7880314960629917
21
-4.1377952755905509
0
LINE
8
BLACK
6
CONTINUOUS
10
5.7880314960629917
20
-4.1377952755905509
11
5.7880314960629917
21
-4.2165354330708658
0
LINE
8
BLACK
6
CONTINUOUS
10
5.7880314960629917
20
-4.2165354330708658
11
5.7878816535433071
21
-4.2172887401574801
0
LINE
8
BLACK
6
CONTINUOUS
10
5.7878816535433071
20
-4.2172887401574801
11
5.7868162992125987
21
-4.2183540944881885
0
LINE
8
BLACK
6
CONTINUOUS
10
5.7868162992125987
20
-4.2183540944881885
11
5.7860629921259843
21
-4.2185039370078741
0
LINE
8
BLACK
6
CONTINUOUS
10
5.7860629921259843
20
-4.2185039370078741
11
5.7506299212598426
21
-4.2185039370078741
0
LINE
8
BLACK
6
CONTINUOUS
10
5.7506299212598426
20
-4.2185039370078741
11
5.7498766141732283
21
-4.2183540944881885
0
LINE
8
BLACK
6
CONTINUOUS
10
5.7498766141732283
20
-4.2183540944881885
11
5.7488112598425198
21
-4.2172887401574801
0
LINE
8
BLACK
6
CONTINUOUS
10
5.7488112598425198
20
-4.2172887401574801
11
5.7486614173228343
21
-4.2165354330708658
0
LINE
8
BLACK
6
CONTINUOUS
10
5.7486614173228343
20
-4.2165354330708658
11
5.7486614173228343
21
-4.1377952755905509
0
LINE
8
BLACK
6
CONTINUOUS
10
5.7486614173228343
20
-4.1377952755905509
11
5.7488112598425198
21
-4.1370419685039366
0
LINE
8
BLACK
6
CONTINUOUS
10
5.7488112598425198
20
-4.1370419685039366
11
5.7498766141732283
21
-4.1359766141732281
0
LINE
8
BLACK
6
CONTINUOUS
10
5.7498766141732283
20
-4.1359766141732281
11
5.7506299212598426
21
-4.1358267716535435
0
LINE
8
BLACK
6
CONTINUOUS
10
5.7506299212598426
20
-4.1358267716535435
11
5.7860629921259843
21
-4.1358267716535435
0
LINE
8
BLACK
6
CONTINUOUS
10
5.7860629921259843
20
-4.1358267716535435
11
5.7868162992125987
21
-4.1359766141732281
0
LINE
8
BLACK
6
CONTINUOUS
10
5.7525984251968501
20
-4.1397637795275593
11
5.7525984251968501
21
-4.2145669291338583
0
LINE
8
BLACK
6
CONTINUOUS
10
5.7525984251968501
20
-4.2145669291338583
11
5.784094488188976
21
-4.2145669291338583
0
LINE
8
BLACK
6
CONTINUOUS
10
5.784094488188976
20
-4.2145669291338583
11
5.784094488188976
21
-4.1397637795275593
0
LINE
8
BLACK
6
CONTINUOUS
10
5.784094488188976
20
-4.1397637795275593
11
5.7525984251968501
21
-4.1397637795275593
0
LINE
8
BLACK
6
CONTINUOUS
10
6.0494027559055112
20
-4.1833073622047241
11
6.04942842519685
21
-4.1832988188976374
0
LINE
8
BLACK
6
CONTINUOUS
10
6.04942842519685
20
-4.1832988188976374
11
6.0496109448818896
21
-4.1833487795275586
0
LINE
8
BLACK
6
CONTINUOUS
10
6.0496109448818896
20
-4.1833487795275586
11
6.0497967322834647
21
-4.1833857480314958
0
LINE
8
BLACK
6
CONTINUOUS
10
6.0497967322834647
20
-4.1833857480314958
11
6.0498158661417323
21
-4.1834048818897633
0
LINE
8
BLACK
6
CONTINUOUS
10
6.0498158661417323
20
-4.1834048818897633
11
6.049872952755905
21
-4.1834205118110237
0
LINE
8
BLACK
6
CONTINUOUS
10
6.049872952755905
20
-4.1834205118110237
11
6.0513727559055113
21
-4.1841704330708662
0
LINE
8
BLACK
6
CONTINUOUS
10
6.0513727559055113
20
-4.1841704330708662
11
6.0515222047244093
21
-4.184286456692913
0
LINE
8
BLACK
6
CONTINUOUS
10
6.0515222047244093
20
-4.184286456692913
11
6.0516796850393701
21
-4.1843916535433072
0
LINE
8
BLACK
6
CONTINUOUS
10
6.0516796850393701
20
-4.1843916535433072
11
6.0524295669291339
21
-4.185141535433071
0
LINE
8
BLACK
6
CONTINUOUS
10
6.0524295669291339
20
-4.185141535433071
11
6.052534645669291
21
-4.1852987795275594
0
LINE
8
BLACK
6
CONTINUOUS
10
6.052534645669291
20
-4.1852987795275594
11
6.0526508661417324
21
-4.1854485433070865
0
LINE
8
BLACK
6
CONTINUOUS
10
6.0526508661417324
20
-4.1854485433070865
11
6.0534007480314962
21
-4.1869483464566928
0
LINE
8
BLACK
6
CONTINUOUS
10
6.0534007480314962
20
-4.1869483464566928
11
6.0534163385826769
21
-4.1870053543307089
0
LINE
8
BLACK
6
CONTINUOUS
10
6.0534163385826769
20
-4.1870053543307089
11
6.0534355118110232
21
-4.1870245275590552
0
LINE
8
BLACK
6
CONTINUOUS
10
6.0534355118110232
20
-4.1870245275590552
11
6.0534724409448817
21
-4.1872103149606295
0
LINE
8
BLACK
6
CONTINUOUS
10
6.0534724409448817
20
-4.1872103149606295
11
6.0535224409448816
21
-4.187392834645669
0
LINE
8
BLACK
6
CONTINUOUS
10
6.0535224409448816
20
-4.187392834645669
11
6.0535138582677162
21
-4.187418464566929
0
LINE
8
BLACK
6
CONTINUOUS
10
6.0535138582677162
20
-4.187418464566929
11
6.0535254330708659
21
-4.1874765354330705
0
LINE
8
BLACK
6
CONTINUOUS
10
6.0535254330708659
20
-4.1874765354330705
11
6.0535254330708659
21
-4.1904761811023619
0
LINE
8
BLACK
6
CONTINUOUS
10
6.0535254330708659
20
-4.1904761811023619
11
6.0535138582677162
21
-4.1905342125984255
0
LINE
8
BLACK
6
CONTINUOUS
10
6.0535138582677162
20
-4.1905342125984255
11
6.0535224409448816
21
-4.1905598818897634
0
LINE
8
BLACK
6
CONTINUOUS
10
6.0535224409448816
20
-4.1905598818897634
11
6.0534724409448817
21
-4.1907423622047242
0
LINE
8
BLACK
6
CONTINUOUS
10
6.0534724409448817
20
-4.1907423622047242
11
6.0534355118110232
21
-4.1909281889763781
0
LINE
8
BLACK
6
CONTINUOUS
10
6.0534355118110232
20
-4.1909281889763781
11
6.0534163385826769
21
-4.1909473228346457
0
LINE
8
BLACK
6
CONTINUOUS
10
6.0534163385826769
20
-4.1909473228346457
11
6.0534007480314962
21
-4.1910043700787405
0
LINE
8
BLACK
6
CONTINUOUS
10
6.0534007480314962
20
-4.1910043700787405
11
6.0529422047244097
21
-4.191921377952756
0
LINE
8
BLACK
6
CONTINUOUS
10
6.0529422047244097
20
-4.191921377952756
11
6.0541090551181105
21
-4.1916296850393699
0
LINE
8
BLACK
6
CONTINUOUS
10
6.0541090551181105
20
-4.1916296850393699
11
6.0560912992125981
21
-4.1903082283464563
0
LINE
8
BLACK
6
CONTINUOUS
10
6.0560912992125981
20
-4.1903082283464563
11
6.0566229527559052
21
-4.1897765748031492
0
LINE
8
BLACK
6
CONTINUOUS
10
6.0566229527559052
20
-4.1897765748031492
11
6.0571624803149602
21
-4.1886975590551181
0
LINE
8
BLACK
6
CONTINUOUS
10
6.0571624803149602
20
-4.1886975590551181
11
6.0571624803149602
21
-4.1859767322834642
0
LINE
8
BLACK
6
CONTINUOUS
10
6.0571624803149602
20
-4.1859767322834642
11
6.0572524015748028
21
-4.1855247244094489
0
LINE
8
BLACK
6
CONTINUOUS
10
6.0572524015748028
20
-4.1855247244094489
11
6.0578915748031497
21
-4.1848855511811021
0
LINE
8
BLACK
6
CONTINUOUS
10
6.0578915748031497
20
-4.1848855511811021
11
6.0587955905511812
21
-4.1848855511811021
0
LINE
8
BLACK
6
CONTINUOUS
10
6.0587955905511812
20
-4.1848855511811021
11
6.0594347637795272
21
-4.1855247244094489
0
LINE
8
BLACK
6
CONTINUOUS
10
6.0594347637795272
20
-4.1855247244094489
11
6.0595246850393698
21
-4.1859767322834642
0
LINE
8
BLACK
6
CONTINUOUS
10
6.0595246850393698
20
-4.1859767322834642
11
6.0595246850393698
21
-4.1889763779527556
0
LINE
8
BLACK
6
CONTINUOUS
10
6.0595246850393698
20
-4.1889763779527556
11
6.0595131102362201
21
-4.1890344094488192
0
LINE
8
BLACK
6
CONTINUOUS
10
6.0595131102362201
20
-4.1890344094488192
11
6.0595216929133855
21
-4.1890600787401571
0
LINE
8
BLACK
6
CONTINUOUS
10
6.0595216929133855
20
-4.1890600787401571
11
6.0594716929133856
21
-4.1892425590551179
0
LINE
8
BLACK
6
CONTINUOUS
10
6.0594716929133856
20
-4.1892425590551179
11
6.0594347637795272
21
-4.1894283858267718
0
LINE
8
BLACK
6
CONTINUOUS
10
6.0594347637795272
20
-4.1894283858267718
11
6.0594155905511808
21
-4.1894475196850394
0
LINE
8
BLACK
6
CONTINUOUS
10
6.0594155905511808
20
-4.1894475196850394
11
6.0594000000000001
21
-4.1895045669291342
0
LINE
8
BLACK
6
CONTINUOUS
10
6.0594000000000001
20
-4.1895045669291342
11
6.0586501181102363
21
-4.1910043700787405
0
LINE
8
BLACK
6
CONTINUOUS
10
6.0586501181102363
20
-4.1910043700787405
11
6.0585339763779524
21
-4.1911539763779526
0
LINE
8
BLACK
6
CONTINUOUS
10
6.0585339763779524
20
-4.1911539763779526
11
6.0584288582677166
21
-4.1913113385826772
0
LINE
8
BLACK
6
CONTINUOUS
10
6.0584288582677166
20
-4.1913113385826772
11
6.0576789370078741
21
-4.1920612598425198
0
LINE
8
BLACK
6
CONTINUOUS
10
6.0576789370078741
20
-4.1920612598425198
11
6.0575818110236215
21
-4.1921261417322837
0
LINE
8
BLACK
6
CONTINUOUS
10
6.0575818110236215
20
-4.1921261417322837
11
6.0574989370078738
21
-4.1922088582677164
0
LINE
8
BLACK
6
CONTINUOUS
10
6.0574989370078738
20
-4.1922088582677164
11
6.055249212598425
21
-4.1937086614173227
0
LINE
8
BLACK
6
CONTINUOUS
10
6.055249212598425
20
-4.1937086614173227
11
6.0550624409448819
21
-4.1937857480314964
0
LINE
8
BLACK
6
CONTINUOUS
10
6.0550624409448819
20
-4.1937857480314964
11
6.0548805118110236
21
-4.1938717322834647
0
LINE
8
BLACK
6
CONTINUOUS
10
6.0548805118110236
20
-4.1938717322834647
11
6.051880905511811
21
-4.1946216141732284
0
LINE
8
BLACK
6
CONTINUOUS
10
6.051880905511811
20
-4.1946216141732284
11
6.0517364173228341
21
-4.1946286220472437
0
LINE
8
BLACK
6
CONTINUOUS
10
6.0517364173228341
20
-4.1946286220472437
11
6.0515944488188973
21
-4.1946568897637793
0
LINE
8
BLACK
6
CONTINUOUS
10
6.0515944488188973
20
-4.1946568897637793
11
6.0455951968503934
21
-4.1946568897637793
0
LINE
8
BLACK
6
CONTINUOUS
10
6.0455951968503934
20
-4.1946568897637793
11
6.0455371259842519
21
-4.1946453149606295
0
LINE
8
BLACK
6
CONTINUOUS
10
6.0455371259842519
20
-4.1946453149606295
11
6.0455114960629919
21
-4.1946538976377949
0
LINE
8
BLACK
6
CONTINUOUS
10
6.0455114960629919
20
-4.1946538976377949
11
6.0453289763779523
21
-4.1946038976377951
0
LINE
8
BLACK
6
CONTINUOUS
10
6.0453289763779523
20
-4.1946038976377951
11
6.045143188976378
21
-4.1945669685039366
0
LINE
8
BLACK
6
CONTINUOUS
10
6.045143188976378
20
-4.1945669685039366
11
6.0451240157480317
21
-4.1945477952755903
0
LINE
8
BLACK
6
CONTINUOUS
10
6.0451240157480317
20
-4.1945477952755903
11
6.0450670078740156
21
-4.1945322047244096
0
LINE
8
BLACK
6
CONTINUOUS
10
6.0450670078740156
20
-4.1945322047244096
11
6.0435671653543306
21
-4.1937823228346458
0
LINE
8
BLACK
6
CONTINUOUS
10
6.0435671653543306
20
-4.1937823228346458
11
6.0434175196850388
21
-4.1936661811023619
0
LINE
8
BLACK
6
CONTINUOUS
10
6.0434175196850388
20
-4.1936661811023619
11
6.0432601574803151
21
-4.1935610236220473
0
LINE
8
BLACK
6
CONTINUOUS
10
6.0432601574803151
20
-4.1935610236220473
11
6.0425102755905513
21
-4.1928111417322835
0
LINE
8
BLACK
6
CONTINUOUS
10
6.0425102755905513
20
-4.1928111417322835
11
6.0424050787401571
21
-4.1926536614173227
0
LINE
8
BLACK
6
CONTINUOUS
10
6.0424050787401571
20
-4.1926536614173227
11
6.0422890551181103
21
-4.1925042125984255
0
LINE
8
BLACK
6
CONTINUOUS
10
6.0422890551181103
20
-4.1925042125984255
11
6.0415391338582678
21
-4.1910044094488192
0
LINE
8
BLACK
6
CONTINUOUS
10
6.0415391338582678
20
-4.1910044094488192
11
6.0415235039370074
21
-4.1909473228346457
0
LINE
8
BLACK
6
CONTINUOUS
10
6.0415235039370074
20
-4.1909473228346457
11
6.0415043700787399
21
-4.1909281889763781
0
LINE
8
BLACK
6
CONTINUOUS
10
6.0415043700787399
20
-4.1909281889763781
11
6.0414674015748027
21
-4.1907424015748029
0
LINE
8
BLACK
6
CONTINUOUS
10
6.0414674015748027
20
-4.1907424015748029
11
6.0414174409448815
21
-4.1905598818897634
0
LINE
8
BLACK
6
CONTINUOUS
10
6.0414174409448815
20
-4.1905598818897634
11
6.0414259842519682
21
-4.1905342125984255
0
LINE
8
BLACK
6
CONTINUOUS
10
6.0414259842519682
20
-4.1905342125984255
11
6.0414144488188972
21
-4.1904761811023619
0
LINE
8
BLACK
6
CONTINUOUS
10
6.0414144488188972
20
-4.1904761811023619
11
6.0414144488188972
21
-4.1874765354330705
0
LINE
8
BLACK
6
CONTINUOUS
10
6.0414144488188972
20
-4.1874765354330705
11
6.0414259842519682
21
-4.187418464566929
0
LINE
8
BLACK
6
CONTINUOUS
10
6.0414259842519682
20
-4.187418464566929
11
6.0414174409448815
21
-4.187392834645669
0
LINE
8
BLACK
6
CONTINUOUS
10
6.0414174409448815
20
-4.187392834645669
11
6.0414674015748027
21
-4.1872102755905507
0
LINE
8
BLACK
6
CONTINUOUS
10
6.0414674015748027
20
-4.1872102755905507
11
6.0415043700787399
21
-4.1870245275590552
0
LINE
8
BLACK
6
CONTINUOUS
10
6.0415043700787399
20
-4.1870245275590552
11
6.0415235039370074
21
-4.1870053543307089
0
LINE
8
BLACK
6
CONTINUOUS
10
6.0415235039370074
20
-4.1870053543307089
11
6.0415391338582678
21
-4.186948307086614
0
LINE
8
BLACK
6
CONTINUOUS
10
6.0415391338582678
20
-4.186948307086614
11
6.0422890551181103
21
-4.1854485039370077
0
LINE
8
BLACK
6
CONTINUOUS
10
6.0422890551181103
20
-4.1854485039370077
11
6.0424052755905509
21
-4.1852987401574806
0
LINE
8
BLACK
6
CONTINUOUS
10
6.0424052755905509
20
-4.1852987401574806
11
6.0425103149606301
21
-4.1851415748031497
0
LINE
8
BLACK
6
CONTINUOUS
10
6.0425103149606301
20
-4.1851415748031497
11
6.0432601968503938
21
-4.1843916535433072
0
LINE
8
BLACK
6
CONTINUOUS
10
6.0432601968503938
20
-4.1843916535433072
11
6.0434179133858263
21
-4.1842862598425192
0
LINE
8
BLACK
6
CONTINUOUS
10
6.0434179133858263
20
-4.1842862598425192
11
6.0435671653543306
21
-4.1841704330708662
0
LINE
8
BLACK
6
CONTINUOUS
10
6.0435671653543306
20
-4.1841704330708662
11
6.0450670078740156
21
-4.1834205118110237
0
LINE
8
BLACK
6
CONTINUOUS
10
6.0450670078740156
20
-4.1834205118110237
11
6.0451240157480317
21
-4.1834048818897633
0
LINE
8
BLACK
6
CONTINUOUS
10
6.0451240157480317
20
-4.1834048818897633
11
6.045143188976378
21
-4.1833857480314958
0
LINE
8
BLACK
6
CONTINUOUS
10
6.045143188976378
20
-4.1833857480314958
11
6.0453286614173223
21
-4.1833488188976373
0
LINE
8
BLACK
6
CONTINUOUS
10
6.0453286614173223
20
-4.1833488188976373
11
6.0455114960629919
21
-4.1832987795275587
0
LINE
8
BLACK
6
CONTINUOUS
10
6.0455114960629919
20
-4.1832987795275587
11
6.0455372047244094
21
-4.1833073228346453
0
LINE
8
BLACK
6
CONTINUOUS
10
6.0455372047244094
20
-4.1833073228346453
11
6.0455951968503934
21
-4.1832958267716531
0
LINE
8
BLACK
6
CONTINUOUS
10
6.0455951968503934
20
-4.1832958267716531
11
6.0493447244094485
21
-4.1832958267716531
0
LINE
8
BLACK
6
CONTINUOUS
10
6.0493447244094485
20
-4.1832958267716531
11
6.0494027559055112
21
-4.1833073622047241
0
LINE
8
BLACK
6
CONTINUOUS
10
6.0447949999999997
20
-4.1861975196850389
11
6.044316141732283
21
-4.1866763385826768
0
LINE
8
BLACK
6
CONTINUOUS
10
6.044316141732283
20
-4.1866763385826768
11
6.0437766535433068
21
-4.1877553937007876
0
LINE
8
BLACK
6
CONTINUOUS
10
6.0437766535433068
20
-4.1877553937007876
11
6.0437766535433068
21
-4.1901973228346456
0
LINE
8
BLACK
6
CONTINUOUS
10
6.0437766535433068
20
-4.1901973228346456
11
6.044316141732283
21
-4.191276299212598
0
LINE
8
BLACK
6
CONTINUOUS
10
6.044316141732283
20
-4.191276299212598
11
6.0447950393700784
21
-4.1917551968503934
0
LINE
8
BLACK
6
CONTINUOUS
10
6.0447950393700784
20
-4.1917551968503934
11
6.0458740157480317
21
-4.1922946850393696
0
LINE
8
BLACK
6
CONTINUOUS
10
6.0458740157480317
20
-4.1922946850393696
11
6.049065905511811
21
-4.1922946850393696
0
LINE
8
BLACK
6
CONTINUOUS
10
6.049065905511811
20
-4.1922946850393696
11
6.0501449212598422
21
-4.1917551574803147
0
LINE
8
BLACK
6
CONTINUOUS
10
6.0501449212598422
20
-4.1917551574803147
11
6.0506237007874013
21
-4.1912763779527555
0
LINE
8
BLACK
6
CONTINUOUS
10
6.0506237007874013
20
-4.1912763779527555
11
6.0511632283464563
21
-4.1901973622047244
0
LINE
8
BLACK
6
CONTINUOUS
10
6.0511632283464563
20
-4.1901973622047244
11
6.0511632283464563
21
-4.1877553149606301
0
LINE
8
BLACK
6
CONTINUOUS
10
6.0511632283464563
20
-4.1877553149606301
11
6.0506237795275588
21
-4.1866764173228344
0
LINE
8
BLACK
6
CONTINUOUS
10
6.0506237795275588
20
-4.1866764173228344
11
6.0501448425196847
21
-4.1861975196850389
0
LINE
8
BLACK
6
CONTINUOUS
10
6.0501448425196847
20
-4.1861975196850389
11
6.0490658661417323
21
-4.1856580314960627
0
LINE
8
BLACK
6
CONTINUOUS
10
6.0490658661417323
20
-4.1856580314960627
11
6.0458740551181105
21
-4.1856580314960627
0
LINE
8
BLACK
6
CONTINUOUS
10
6.0458740551181105
20
-4.1856580314960627
11
6.0447949999999997
21
-4.1861975196850389
0
LINE
8
BLACK
6
CONTINUOUS
10
6.0587955905511812
20
-4.1683876377952753
11
6.0594347637795272
21
-4.1690268110236222
0
LINE
8
BLACK
6
CONTINUOUS
10
6.0594347637795272
20
-4.1690268110236222
11
6.0594347637795272
21
-4.1699308267716537
0
LINE
8
BLACK
6
CONTINUOUS
10
6.0594347637795272
20
-4.1699308267716537
11
6.0587955905511812
21
-4.1705699999999997
0
LINE
8
BLACK
6
CONTINUOUS
10
6.0587955905511812
20
-4.1705699999999997
11
6.058343582677165
21
-4.1706599212598423
0
LINE
8
BLACK
6
CONTINUOUS
10
6.058343582677165
20
-4.1706599212598423
11
6.0520256299212596
21
-4.1706599212598423
0
LINE
8
BLACK
6
CONTINUOUS
10
6.0520256299212596
20
-4.1706599212598423
11
6.0520256299212596
21
-4.1726133858267715
0
LINE
8
BLACK
6
CONTINUOUS
10
6.0520256299212596
20
-4.1726133858267715
11
6.059020866141732
21
-4.1775100787401573
0
LINE
8
BLACK
6
CONTINUOUS
10
6.059020866141732
20
-4.1775100787401573
11
6.0593396062992122
21
-4.1778429527559053
0
LINE
8
BLACK
6
CONTINUOUS
10
6.0593396062992122
20
-4.1778429527559053
11
6.0594966929133856
21
-4.1787331102362204
0
LINE
8
BLACK
6
CONTINUOUS
10
6.0594966929133856
20
-4.1787331102362204
11
6.0589783070866137
21
-4.1794737007874012
0
LINE
8
BLACK
6
CONTINUOUS
10
6.0589783070866137
20
-4.1794737007874012
11
6.0580881102362207
21
-4.1796307874015746
0
LINE
8
BLACK
6
CONTINUOUS
10
6.0580881102362207
20
-4.1796307874015746
11
6.0576662598425193
21
-4.1794452755905507
0
LINE
8
BLACK
6
CONTINUOUS
10
6.0576662598425193
20
-4.1794452755905507
11
6.0520223228346453
21
-4.1754945275590547
0
LINE
8
BLACK
6
CONTINUOUS
10
6.0520223228346453
20
-4.1754945275590547
11
6.0520140944881886
21
-4.1755360236220476
0
LINE
8
BLACK
6
CONTINUOUS
10
6.0520140944881886
20
-4.1755360236220476
11
6.052022677165354
21
-4.1755617716535429
0
LINE
8
BLACK
6
CONTINUOUS
10
6.052022677165354
20
-4.1755617716535429
11
6.0519725984251966
21
-4.1757445669291338
0
LINE
8
BLACK
6
CONTINUOUS
10
6.0519725984251966
20
-4.1757445669291338
11
6.0519357086614169
21
-4.1759300787401576
0
LINE
8
BLACK
6
CONTINUOUS
10
6.0519357086614169
20
-4.1759300787401576
11
6.0519165354330706
21
-4.1759492125984252
0
LINE
8
BLACK
6
CONTINUOUS
10
6.0519165354330706
20
-4.1759492125984252
11
6.0519009448818899
21
-4.1760062598425192
0
LINE
8
BLACK
6
CONTINUOUS
10
6.0519009448818899
20
-4.1760062598425192
11
6.0511510236220474
21
-4.1775061023622042
0
LINE
8
BLACK
6
CONTINUOUS
10
6.0511510236220474
20
-4.1775061023622042
11
6.0510350393700785
21
-4.1776554724409447
0
LINE
8
BLACK
6
CONTINUOUS
10
6.0510350393700785
20
-4.1776554724409447
11
6.0509298031496064
21
-4.1778130314960631
0
LINE
8
BLACK
6
CONTINUOUS
10
6.0509298031496064
20
-4.1778130314960631
11
6.0501798818897639
21
-4.1785629133858269
0
LINE
8
BLACK
6
CONTINUOUS
10
6.0501798818897639
20
-4.1785629133858269
11
6.0500226771653542
21
-4.1786679133858264
0
LINE
8
BLACK
6
CONTINUOUS
10
6.0500226771653542
20
-4.1786679133858264
11
6.049872952755905
21
-4.1787841732283466
0
LINE
8
BLACK
6
CONTINUOUS
10
6.049872952755905
20
-4.1787841732283466
11
6.0483730708661412
21
-4.1795340944881891
0
LINE
8
BLACK
6
CONTINUOUS
10
6.0483730708661412
20
-4.1795340944881891
11
6.0483160236220472
21
-4.1795496850393699
0
LINE
8
BLACK
6
CONTINUOUS
10
6.0483160236220472
20
-4.1795496850393699
11
6.0482968897637797
21
-4.1795688582677162
0
LINE
8
BLACK
6
CONTINUOUS
10
6.0482968897637797
20
-4.1795688582677162
11
6.0481110629921258
21
-4.1796057874015746
0
LINE
8
BLACK
6
CONTINUOUS
10
6.0481110629921258
20
-4.1796057874015746
11
6.0479285826771649
21
-4.1796557874015745
0
LINE
8
BLACK
6
CONTINUOUS
10
6.0479285826771649
20
-4.1796557874015745
11
6.0479029133858262
21
-4.1796472047244091
0
LINE
8
BLACK
6
CONTINUOUS
10
6.0479029133858262
20
-4.1796472047244091
11
6.0478448818897634
21
-4.1796587795275588
0
LINE
8
BLACK
6
CONTINUOUS
10
6.0478448818897634
20
-4.1796587795275588
11
6.0455951968503934
21
-4.1796587795275588
0
LINE
8
BLACK
6
CONTINUOUS
10
6.0455951968503934
20
-4.1796587795275588
11
6.0455372047244094
21
-4.1796472440944878
0
LINE
8
BLACK
6
CONTINUOUS
10
6.0455372047244094
20
-4.1796472440944878
11
6.0455114960629919
21
-4.1796558267716533
0
LINE
8
BLACK
6
CONTINUOUS
10
6.0455114960629919
20
-4.1796558267716533
11
6.0453286614173223
21
-4.1796057480314959
0
LINE
8
BLACK
6
CONTINUOUS
10
6.0453286614173223
20
-4.1796057480314959
11
6.045143188976378
21
-4.1795688582677162
0
LINE
8
BLACK
6
CONTINUOUS
10
6.045143188976378
20
-4.1795688582677162
11
6.0451240157480317
21
-4.1795496850393699
0
LINE
8
BLACK
6
CONTINUOUS
10
6.0451240157480317
20
-4.1795496850393699
11
6.0450670078740156
21
-4.1795340944881891
0
LINE
8
BLACK
6
CONTINUOUS
10
6.0450670078740156
20
-4.1795340944881891
11
6.0435671653543306
21
-4.1787841732283466
0
LINE
8
BLACK
6
CONTINUOUS
10
6.0435671653543306
20
-4.1787841732283466
11
6.0434179133858263
21
-4.178668307086614
0
LINE
8
BLACK
6
CONTINUOUS
10
6.0434179133858263
20
-4.178668307086614
11
6.0432601968503938
21
-4.1785629527559056
0
LINE
8
BLACK
6
CONTINUOUS
10
6.0432601968503938
20
-4.1785629527559056
11
6.0425103149606301
21
-4.1778130314960631
0
LINE
8
BLACK
6
CONTINUOUS
10
6.0425103149606301
20
-4.1778130314960631
11
6.0424052755905509
21
-4.1776558267716535
0
LINE
8
BLACK
6
CONTINUOUS
10
6.0424052755905509
20
-4.1776558267716535
11
6.0422890551181103
21
-4.1775061023622042
0
LINE
8
BLACK
6
CONTINUOUS
10
6.0422890551181103
20
-4.1775061023622042
11
6.0415391338582678
21
-4.1760062992125979
0
LINE
8
BLACK
6
CONTINUOUS
10
6.0415391338582678
20
-4.1760062992125979
11
6.0415235039370074
21
-4.1759492125984252
0
LINE
8
BLACK
6
CONTINUOUS
10
6.0415235039370074
20
-4.1759492125984252
11
6.0415043700787399
21
-4.1759300787401576
0
LINE
8
BLACK
6
CONTINUOUS
10
6.0415043700787399
20
-4.1759300787401576
11
6.0414674015748027
21
-4.1757442913385825
0
LINE
8
BLACK
6
CONTINUOUS
10
6.0414674015748027
20
-4.1757442913385825
11
6.0414174409448815
21
-4.1755617716535429
0
LINE
8
BLACK
6
CONTINUOUS
10
6.0414174409448815
20
-4.1755617716535429
11
6.0414259842519682
21
-4.1755361023622051
0
LINE
8
BLACK
6
CONTINUOUS
10
6.0414259842519682
20
-4.1755361023622051
11
6.0414144488188972
21
-4.1754780708661414
0
LINE
8
BLACK
6
CONTINUOUS
10
6.0414144488188972
20
-4.1754780708661414
11
6.0414144488188972
21
-4.1694788188976375
0
LINE
8
BLACK
6
CONTINUOUS
10
6.0414144488188972
20
-4.1694788188976375
11
6.0415043700787399
21
-4.1690268110236222
0
LINE
8
BLACK
6
CONTINUOUS
10
6.0415043700787399
20
-4.1690268110236222
11
6.0421435433070867
21
-4.1683876377952753
0
LINE
8
BLACK
6
CONTINUOUS
10
6.0421435433070867
20
-4.1683876377952753
11
6.042595551181102
21
-4.1682977165354327
0
LINE
8
BLACK
6
CONTINUOUS
10
6.042595551181102
20
-4.1682977165354327
11
6.058343582677165
21
-4.1682977165354327
0
LINE
8
BLACK
6
CONTINUOUS
10
6.058343582677165
20
-4.1682977165354327
11
6.0587955905511812
21
-4.1683876377952753
0
LINE
8
BLACK
6
CONTINUOUS
10
6.0437766535433068
20
-4.1751992125984252
11
6.044316141732283
21
-4.1762782283464563
0
LINE
8
BLACK
6
CONTINUOUS
10
6.044316141732283
20
-4.1762782283464563
11
6.0447949999999997
21
-4.1767570472440942
0
LINE
8
BLACK
6
CONTINUOUS
10
6.0447949999999997
20
-4.1767570472440942
11
6.0458740551181105
21
-4.1772965748031492
0
LINE
8
BLACK
6
CONTINUOUS
10
6.0458740551181105
20
-4.1772965748031492
11
6.047566062992126
21
-4.1772965748031492
0
LINE
8
BLACK
6
CONTINUOUS
10
6.047566062992126
20
-4.1772965748031492
11
6.0486450787401571
21
-4.1767570472440942
0
LINE
8
BLACK
6
CONTINUOUS
10
6.0486450787401571
20
-4.1767570472440942
11
6.0491238582677163
21
-4.1762782283464563
0
LINE
8
BLACK
6
CONTINUOUS
10
6.0491238582677163
20
-4.1762782283464563
11
6.04966342519685
21
-4.1751991732283464
0
LINE
8
BLACK
6
CONTINUOUS
10
6.04966342519685
20
-4.1751991732283464
11
6.04966342519685
21
-4.1706599212598423
0
LINE
8
BLACK
6
CONTINUOUS
10
6.04966342519685
20
-4.1706599212598423
11
6.0437766535433068
21
-4.1706599212598423
0
LINE
8
BLACK
6
CONTINUOUS
10
6.0437766535433068
20
-4.1706599212598423
11
6.0437766535433068
21
-4.1751992125984252
0
LINE
8
BLACK
6
CONTINUOUS
10
6.0681745669291338
20
-4.1477876377952754
11
6.0692399212598422
21
-4.1488529921259838
0
LINE
8
BLACK
6
CONTINUOUS
10
6.0692399212598422
20
-4.1488529921259838
11
6.0693897637795278
21
-4.1496062992125982
0
LINE
8
BLACK
6
CONTINUOUS
10
6.0693897637795278
20
-4.1496062992125982
11
6.0693897637795278
21
-4.21259842519685
0
LINE
8
BLACK
6
CONTINUOUS
10
6.0693897637795278
20
-4.21259842519685
11
6.0692399212598422
21
-4.2133517322834644
0
LINE
8
BLACK
6
CONTINUOUS
10
6.0692399212598422
20
-4.2133517322834644
11
6.0681745669291338
21
-4.2144170866141728
0
LINE
8
BLACK
6
CONTINUOUS
10
6.0681745669291338
20
-4.2144170866141728
11
6.0674212598425195
21
-4.2145669291338583
0
LINE
8
BLACK
6
CONTINUOUS
10
6.0674212598425195
20
-4.2145669291338583
11
6.0349409448818898
21
-4.2145669291338583
0
LINE
8
BLACK
6
CONTINUOUS
10
6.0349409448818898
20
-4.2145669291338583
11
6.0341876377952754
21
-4.2144170866141728
0
LINE
8
BLACK
6
CONTINUOUS
10
6.0341876377952754
20
-4.2144170866141728
11
6.033122283464567
21
-4.2133517322834644
0
LINE
8
BLACK
6
CONTINUOUS
10
6.033122283464567
20
-4.2133517322834644
11
6.0329724409448815
21
-4.21259842519685
0
LINE
8
BLACK
6
CONTINUOUS
10
6.0329724409448815
20
-4.21259842519685
11
6.0329724409448815
21
-4.1496062992125982
0
LINE
8
BLACK
6
CONTINUOUS
10
6.0329724409448815
20
-4.1496062992125982
11
6.033122283464567
21
-4.1488529921259838
0
LINE
8
BLACK
6
CONTINUOUS
10
6.033122283464567
20
-4.1488529921259838
11
6.0341876377952754
21
-4.1477876377952754
0
LINE
8
BLACK
6
CONTINUOUS
10
6.0341876377952754
20
-4.1477876377952754
11
6.0349409448818898
21
-4.1476377952755907
0
LINE
8
BLACK
6
CONTINUOUS
10
6.0349409448818898
20
-4.1476377952755907
11
6.0674212598425195
21
-4.1476377952755907
0
LINE
8
BLACK
6
CONTINUOUS
10
6.0674212598425195
20
-4.1476377952755907
11
6.0681745669291338
21
-4.1477876377952754
0
LINE
8
BLACK
6
CONTINUOUS
10
6.0369094488188972
20
-4.1515748031496065
11
6.0369094488188972
21
-4.2106299212598426
0
LINE
8
BLACK
6
CONTINUOUS
10
6.0369094488188972
20
-4.2106299212598426
11
6.065452755905512
21
-4.2106299212598426
0
LINE
8
BLACK
6
CONTINUOUS
10
6.065452755905512
20
-4.2106299212598426
11
6.065452755905512
21
-4.1515748031496065
0
LINE
8
BLACK
6
CONTINUOUS
10
6.065452755905512
20
-4.1515748031496065
11
6.0369094488188972
21
-4.1515748031496065
0
LINE
8
BLACK
6
CONTINUOUS
10
5.8314518503937007
20
-4.1718920866141733
11
5.8317377165354332
21
-4.1727496062992122
0
LINE
8
BLACK
6
CONTINUOUS
10
5.8317377165354332
20
-4.1727496062992122
11
5.8316159842519681
21
-4.1731940944881885
0
LINE
8
BLACK
6
CONTINUOUS
10
5.8316159842519681
20
-4.1731940944881885
11
5.8308660629921256
21
-4.1746939370078735
0
LINE
8
BLACK
6
CONTINUOUS
10
5.8308660629921256
20
-4.1746939370078735
11
5.8307499212598426
21
-4.1748435039370078
0
LINE
8
BLACK
6
CONTINUOUS
10
5.8307499212598426
20
-4.1748435039370078
11
5.8306448031496059
21
-4.1750009055118111
0
LINE
8
BLACK
6
CONTINUOUS
10
5.8306448031496059
20
-4.1750009055118111
11
5.8296614173228347
21
-4.1759842519685035
0
LINE
8
BLACK
6
CONTINUOUS
10
5.8296614173228347
20
-4.1759842519685035
11
5.8406270472440944
21
-4.1759842519685035
0
LINE
8
BLACK
6
CONTINUOUS
10
5.8406270472440944
20
-4.1759842519685035
11
5.8406270472440944
21
-4.1726659055118107
0
LINE
8
BLACK
6
CONTINUOUS
10
5.8406270472440944
20
-4.1726659055118107
11
5.8407169685039371
21
-4.1722138976377954
0
LINE
8
BLACK
6
CONTINUOUS
10
5.8407169685039371
20
-4.1722138976377954
11
5.841356141732283
21
-4.1715747244094485
0
LINE
8
BLACK
6
CONTINUOUS
10
5.841356141732283
20
-4.1715747244094485
11
5.8422601574803146
21
-4.1715747244094485
0
LINE
8
BLACK
6
CONTINUOUS
10
5.8422601574803146
20
-4.1715747244094485
11
5.8428993307086614
21
-4.1722138976377954
0
LINE
8
BLACK
6
CONTINUOUS
10
5.8428993307086614
20
-4.1722138976377954
11
5.842989251968504
21
-4.1726659055118107
0
LINE
8
BLACK
6
CONTINUOUS
10
5.842989251968504
20
-4.1726659055118107
11
5.842989251968504
21
-4.1816647637795272
0
LINE
8
BLACK
6
CONTINUOUS
10
5.842989251968504
20
-4.1816647637795272
11
5.8428993307086614
21
-4.1821167716535435
0
LINE
8
BLACK
6
CONTINUOUS
10
5.8428993307086614
20
-4.1821167716535435
11
5.8422601574803146
21
-4.1827559448818894
0
LINE
8
BLACK
6
CONTINUOUS
10
5.8422601574803146
20
-4.1827559448818894
11
5.841356141732283
21
-4.1827559448818894
0
LINE
8
BLACK
6
CONTINUOUS
10
5.841356141732283
20
-4.1827559448818894
11
5.8407169685039371
21
-4.1821167716535435
0
LINE
8
BLACK
6
CONTINUOUS
10
5.8407169685039371
20
-4.1821167716535435
11
5.8406270472440944
21
-4.1816647637795272
0
LINE
8
BLACK
6
CONTINUOUS
10
5.8406270472440944
20
-4.1816647637795272
11
5.8406270472440944
21
-4.1783464566929132
0
LINE
8
BLACK
6
CONTINUOUS
10
5.8406270472440944
20
-4.1783464566929132
11
5.8260601181102363
21
-4.1783464566929132
0
LINE
8
BLACK
6
CONTINUOUS
10
5.8260601181102363
20
-4.1783464566929132
11
5.82560811023622
21
-4.1782565354330705
0
LINE
8
BLACK
6
CONTINUOUS
10
5.82560811023622
20
-4.1782565354330705
11
5.8255221259842518
21
-4.1781705511811023
0
LINE
8
BLACK
6
CONTINUOUS
10
5.8255221259842518
20
-4.1781705511811023
11
5.8254029527559057
21
-4.1781467322834649
0
LINE
8
BLACK
6
CONTINUOUS
10
5.8254029527559057
20
-4.1781467322834649
11
5.8252121653543307
21
-4.1778605905511812
0
LINE
8
BLACK
6
CONTINUOUS
10
5.8252121653543307
20
-4.1778605905511812
11
5.8249689370078741
21
-4.1776173622047246
0
LINE
8
BLACK
6
CONTINUOUS
10
5.8249689370078741
20
-4.1776173622047246
11
5.8249689370078741
21
-4.1774957480314958
0
LINE
8
BLACK
6
CONTINUOUS
10
5.8249689370078741
20
-4.1774957480314958
11
5.8249014566929134
21
-4.1773945669291335
0
LINE
8
BLACK
6
CONTINUOUS
10
5.8249014566929134
20
-4.1773945669291335
11
5.8249689370078741
21
-4.1770571653543307
0
LINE
8
BLACK
6
CONTINUOUS
10
5.8249689370078741
20
-4.1770571653543307
11
5.8249689370078741
21
-4.176713346456693
0
LINE
8
BLACK
6
CONTINUOUS
10
5.8249689370078741
20
-4.176713346456693
11
5.8250548818897636
21
-4.1766273622047247
0
LINE
8
BLACK
6
CONTINUOUS
10
5.8250548818897636
20
-4.1766273622047247
11
5.8250787401574806
21
-4.1765081889763778
0
LINE
8
BLACK
6
CONTINUOUS
10
5.8250787401574806
20
-4.1765081889763778
11
5.8254049606299212
21
-4.1761826377952751
0
LINE
8
BLACK
6
CONTINUOUS
10
5.8254049606299212
20
-4.1761826377952751
11
5.827557440944882
21
-4.1747475590551177
0
LINE
8
BLACK
6
CONTINUOUS
10
5.827557440944882
20
-4.1747475590551177
11
5.8288389370078741
21
-4.1734660629921256
0
LINE
8
BLACK
6
CONTINUOUS
10
5.8288389370078741
20
-4.1734660629921256
11
5.8295031496062988
21
-4.1721376771653542
0
LINE
8
BLACK
6
CONTINUOUS
10
5.8295031496062988
20
-4.1721376771653542
11
5.8297857480314956
21
-4.1717736220472439
0
LINE
8
BLACK
6
CONTINUOUS
10
5.8297857480314956
20
-4.1717736220472439
11
5.8306432677165354
21
-4.1714877559055115
0
LINE
8
BLACK
6
CONTINUOUS
10
5.8306432677165354
20
-4.1714877559055115
11
5.8314518503937007
21
-4.1718920866141733
0
LINE
8
BLACK
6
CONTINUOUS
10
5.8352009842519683
20
-4.1557649999999997
11
5.8353454724409444
21
-4.1557720472440947
0
LINE
8
BLACK
6
CONTINUOUS
10
5.8353454724409444
20
-4.1557720472440947
11
5.838345078740157
21
-4.1565219685039372
0
LINE
8
BLACK
6
CONTINUOUS
10
5.838345078740157
20
-4.1565219685039372
11
5.8384620078740159
21
-4.1565772047244094
0
LINE
8
BLACK
6
CONTINUOUS
10
5.8384620078740159
20
-4.1565772047244094
11
5.8385868110236219
21
-4.156611377952756
0
LINE
8
BLACK
6
CONTINUOUS
10
5.8385868110236219
20
-4.156611377952756
11
5.8400866141732282
21
-4.1573612598425198
0
LINE
8
BLACK
6
CONTINUOUS
10
5.8400866141732282
20
-4.1573612598425198
11
5.8402361023622049
21
-4.1574772834645666
0
LINE
8
BLACK
6
CONTINUOUS
10
5.8402361023622049
20
-4.1574772834645666
11
5.8403935826771649
21
-4.1575825196850396
0
LINE
8
BLACK
6
CONTINUOUS
10
5.8403935826771649
20
-4.1575825196850396
11
5.84189342519685
21
-4.1590822834645671
0
LINE
8
BLACK
6
CONTINUOUS
10
5.84189342519685
20
-4.1590822834645671
11
5.8419262992125987
21
-4.1591314960629919
0
LINE
8
BLACK
6
CONTINUOUS
10
5.8419262992125987
20
-4.1591314960629919
11
5.8419505118110235
21
-4.1591436220472442
0
LINE
8
BLACK
6
CONTINUOUS
10
5.8419505118110235
20
-4.1591436220472442
11
5.8420442913385822
21
-4.1593081102362204
0
LINE
8
BLACK
6
CONTINUOUS
10
5.8420442913385822
20
-4.1593081102362204
11
5.8421494488188976
21
-4.1594655118110238
0
LINE
8
BLACK
6
CONTINUOUS
10
5.8421494488188976
20
-4.1594655118110238
11
5.8421494488188976
21
-4.1594925196850392
0
LINE
8
BLACK
6
CONTINUOUS
10
5.8421494488188976
20
-4.1594925196850392
11
5.8421787795275586
21
-4.1595439763779529
0
LINE
8
BLACK
6
CONTINUOUS
10
5.8421787795275586
20
-4.1595439763779529
11
5.8429286614173224
21
-4.1617937401574805
0
LINE
8
BLACK
6
CONTINUOUS
10
5.8429286614173224
20
-4.1617937401574805
11
5.8429522834645669
21
-4.1619815354330711
0
LINE
8
BLACK
6
CONTINUOUS
10
5.8429522834645669
20
-4.1619815354330711
11
5.842989251968504
21
-4.1621672047244092
0
LINE
8
BLACK
6
CONTINUOUS
10
5.842989251968504
20
-4.1621672047244092
11
5.842989251968504
21
-4.1636670472440942
0
LINE
8
BLACK
6
CONTINUOUS
10
5.842989251968504
20
-4.1636670472440942
11
5.8429523228346456
21
-4.1638526377952756
0
LINE
8
BLACK
6
CONTINUOUS
10
5.8429523228346456
20
-4.1638526377952756
11
5.8429286614173224
21
-4.1640405511811025
0
LINE
8
BLACK
6
CONTINUOUS
10
5.8429286614173224
20
-4.1640405511811025
11
5.8421787795275586
21
-4.1662902362204726
0
LINE
8
BLACK
6
CONTINUOUS
10
5.8421787795275586
20
-4.1662902362204726
11
5.8421494881889764
21
-4.1663415748031492
0
LINE
8
BLACK
6
CONTINUOUS
10
5.8421494881889764
20
-4.1663415748031492
11
5.8421494881889764
21
-4.1663687007874017
0
LINE
8
BLACK
6
CONTINUOUS
10
5.8421494881889764
20
-4.1663687007874017
11
5.8420442125984247
21
-4.1665261811023617
0
LINE
8
BLACK
6
CONTINUOUS
10
5.8420442125984247
20
-4.1665261811023617
11
5.8419505118110235
21
-4.1666905905511813
0
LINE
8
BLACK
6
CONTINUOUS
10
5.8419505118110235
20
-4.1666905905511813
11
5.8419262598425199
21
-4.1667026771653539
0
LINE
8
BLACK
6
CONTINUOUS
10
5.8419262598425199
20
-4.1667026771653539
11
5.84189342519685
21
-4.1667518897637796
0
LINE
8
BLACK
6
CONTINUOUS
10
5.84189342519685
20
-4.1667518897637796
11
5.8411435039370074
21
-4.1675018110236222
0
LINE
8
BLACK
6
CONTINUOUS
10
5.8411435039370074
20
-4.1675018110236222
11
5.8407603149606295
21
-4.167757834645669
0
LINE
8
BLACK
6
CONTINUOUS
10
5.8407603149606295
20
-4.167757834645669
11
5.8398563779527555
21
-4.167757834645669
0
LINE
8
BLACK
6
CONTINUOUS
10
5.8398563779527555
20
-4.167757834645669
11
5.8392171653543308
21
-4.1671186220472443
0
LINE
8
BLACK
6
CONTINUOUS
10
5.8392171653543308
20
-4.1671186220472443
11
5.8392171653543308
21
-4.1662146850393702
0
LINE
8
BLACK
6
CONTINUOUS
10
5.8392171653543308
20
-4.1662146850393702
11
5.8394731889763776
21
-4.1658314960629923
0
LINE
8
BLACK
6
CONTINUOUS
10
5.8394731889763776
20
-4.1658314960629923
11
5.8400258661417324
21
-4.1652787795275588
0
LINE
8
BLACK
6
CONTINUOUS
10
5.8400258661417324
20
-4.1652787795275588
11
5.8406270472440944
21
-4.1634753149606301
0
LINE
8
BLACK
6
CONTINUOUS
10
5.8406270472440944
20
-4.1634753149606301
11
5.8406270472440944
21
-4.1623588976377954
0
LINE
8
BLACK
6
CONTINUOUS
10
5.8406270472440944
20
-4.1623588976377954
11
5.8400258661417324
21
-4.1605554330708658
0
LINE
8
BLACK
6
CONTINUOUS
10
5.8400258661417324
20
-4.1605554330708658
11
5.8388588188976378
21
-4.1593883858267713
0
LINE
8
BLACK
6
CONTINUOUS
10
5.8388588188976378
20
-4.1593883858267713
11
5.8376463385826769
21
-4.1587821259842519
0
LINE
8
BLACK
6
CONTINUOUS
10
5.8376463385826769
20
-4.1587821259842519
11
5.8349136614173229
21
-4.1580989763779526
0
LINE
8
BLACK
6
CONTINUOUS
10
5.8349136614173229
20
-4.1580989763779526
11
5.8329546456692913
21
-4.1580989763779526
0
LINE
8
BLACK
6
CONTINUOUS
10
5.8329546456692913
20
-4.1580989763779526
11
5.830221889763779
21
-4.1587821653543307
0
LINE
8
BLACK
6
CONTINUOUS
10
5.830221889763779
20
-4.1587821653543307
11
5.8290094881889765
21
-4.1593883464566925
0
LINE
8
BLACK
6
CONTINUOUS
10
5.8290094881889765
20
-4.1593883464566925
11
5.8278423228346456
21
-4.1605554724409446
0
LINE
8
BLACK
6
CONTINUOUS
10
5.8278423228346456
20
-4.1605554724409446
11
5.8272412204724411
21
-4.1623588188976379
0
LINE
8
BLACK
6
CONTINUOUS
10
5.8272412204724411
20
-4.1623588188976379
11
5.8272412204724411
21
-4.1634753937007876
0
LINE
8
BLACK
6
CONTINUOUS
10
5.8272412204724411
20
-4.1634753937007876
11
5.8278423228346456
21
-4.1652786614173225
0
LINE
8
BLACK
6
CONTINUOUS
10
5.8278423228346456
20
-4.1652786614173225
11
5.8283951181102358
21
-4.1658314960629923
0
LINE
8
BLACK
6
CONTINUOUS
10
5.8283951181102358
20
-4.1658314960629923
11
5.8286511417322835
21
-4.166214724409449
0
LINE
8
BLACK
6
CONTINUOUS
10
5.8286511417322835
20
-4.166214724409449
11
5.8286511023622047
21
-4.1671186220472443
0
LINE
8
BLACK
6
CONTINUOUS
10
5.8286511023622047
20
-4.1671186220472443
11
5.8280118503937004
21
-4.1677578740157477
0
LINE
8
BLACK
6
CONTINUOUS
10
5.8280118503937004
20
-4.1677578740157477
11
5.8271079133858263
21
-4.167757834645669
0
LINE
8
BLACK
6
CONTINUOUS
10
5.8271079133858263
20
-4.167757834645669
11
5.8267247244094484
21
-4.1675017716535434
0
LINE
8
BLACK
6
CONTINUOUS
10
5.8267247244094484
20
-4.1675017716535434
11
5.8259748425196847
21
-4.1667518897637796
0
LINE
8
BLACK
6
CONTINUOUS
10
5.8259748425196847
20
-4.1667518897637796
11
5.8259419291338581
21
-4.1667026377952752
0
LINE
8
BLACK
6
CONTINUOUS
10
5.8259419291338581
20
-4.1667026377952752
11
5.8259177952755907
21
-4.1666905905511813
0
LINE
8
BLACK
6
CONTINUOUS
10
5.8259177952755907
20
-4.1666905905511813
11
5.8258241732283462
21
-4.1665263385826767
0
LINE
8
BLACK
6
CONTINUOUS
10
5.8258241732283462
20
-4.1665263385826767
11
5.8257188188976379
21
-4.166368661417323
0
LINE
8
BLACK
6
CONTINUOUS
10
5.8257188188976379
20
-4.166368661417323
11
5.8257188188976379
21
-4.1663415354330704
0
LINE
8
BLACK
6
CONTINUOUS
10
5.8257188188976379
20
-4.1663415354330704
11
5.8256895669291335
21
-4.1662902362204726
0
LINE
8
BLACK
6
CONTINUOUS
10
5.8256895669291335
20
-4.1662902362204726
11
5.824939645669291
21
-4.1640405511811025
0
LINE
8
BLACK
6
CONTINUOUS
10
5.824939645669291
20
-4.1640405511811025
11
5.8249159842519687
21
-4.1638529133858269
0
LINE
8
BLACK
6
CONTINUOUS
10
5.8249159842519687
20
-4.1638529133858269
11
5.8248790157480315
21
-4.1636670472440942
0
LINE
8
BLACK
6
CONTINUOUS
10
5.8248790157480315
20
-4.1636670472440942
11
5.8248790157480315
21
-4.1621672047244092
0
LINE
8
BLACK
6
CONTINUOUS
10
5.8248790157480315
20
-4.1621672047244092
11
5.8249159842519687
21
-4.1619812992125986
0
LINE
8
BLACK
6
CONTINUOUS
10
5.8249159842519687
20
-4.1619812992125986
11
5.824939645669291
21
-4.1617937007874017
0
LINE
8
BLACK
6
CONTINUOUS
10
5.824939645669291
20
-4.1617937007874017
11
5.8256895669291335
21
-4.1595439763779529
0
LINE
8
BLACK
6
CONTINUOUS
10
5.8256895669291335
20
-4.1595439763779529
11
5.8257188582677166
21
-4.1594925590551179
0
LINE
8
BLACK
6
CONTINUOUS
10
5.8257188582677166
20
-4.1594925590551179
11
5.8257188582677166
21
-4.1594655118110238
0
LINE
8
BLACK
6
CONTINUOUS
10
5.8257188582677166
20
-4.1594655118110238
11
5.8258240157480312
21
-4.1593080708661416
0
LINE
8
BLACK
6
CONTINUOUS
10
5.8258240157480312
20
-4.1593080708661416
11
5.8259177952755907
21
-4.1591436220472442
0
LINE
8
BLACK
6
CONTINUOUS
10
5.8259177952755907
20
-4.1591436220472442
11
5.8259420078740156
21
-4.1591314960629919
0
LINE
8
BLACK
6
CONTINUOUS
10
5.8259420078740156
20
-4.1591314960629919
11
5.8259748818897634
21
-4.1590823228346459
0
LINE
8
BLACK
6
CONTINUOUS
10
5.8259748818897634
20
-4.1590823228346459
11
5.827474645669291
21
-4.1575825196850396
0
LINE
8
BLACK
6
CONTINUOUS
10
5.827474645669291
20
-4.1575825196850396
11
5.8276320078740156
21
-4.1574773622047241
0
LINE
8
BLACK
6
CONTINUOUS
10
5.8276320078740156
20
-4.1574773622047241
11
5.8277816535433073
21
-4.1573612598425198
0
LINE
8
BLACK
6
CONTINUOUS
10
5.8277816535433073
20
-4.1573612598425198
11
5.8292814566929136
21
-4.156611377952756
0
LINE
8
BLACK
6
CONTINUOUS
10
5.8292814566929136
20
-4.156611377952756
11
5.8294062204724408
21
-4.1565772047244094
0
LINE
8
BLACK
6
CONTINUOUS
10
5.8294062204724408
20
-4.1565772047244094
11
5.8295231889763777
21
-4.1565219685039372
0
LINE
8
BLACK
6
CONTINUOUS
10
5.8295231889763777
20
-4.1565219685039372
11
5.832522834645669
21
-4.1557720472440947
0
LINE
8
BLACK
6
CONTINUOUS
10
5.832522834645669
20
-4.1557720472440947
11
5.8326672834645672
21
-4.1557649999999997
0
LINE
8
BLACK
6
CONTINUOUS
10
5.8326672834645672
20
-4.1557649999999997
11
5.8328092913385827
21
-4.1557367716535429
0
LINE
8
BLACK
6
CONTINUOUS
10
5.8328092913385827
20
-4.1557367716535429
11
5.8350590157480315
21
-4.1557367716535429
0
LINE
8
BLACK
6
CONTINUOUS
10
5.8350590157480315
20
-4.1557367716535429
11
5.8352009842519683
21
-4.1557649999999997
0
LINE
8
BLACK
6
CONTINUOUS
10
5.8511470078740153
20
-4.1359766141732281
11
5.8522123622047246
21
-4.1370419685039366
0
LINE
8
BLACK
6
CONTINUOUS
10
5.8522123622047246
20
-4.1370419685039366
11
5.8523622047244093
21
-4.1377952755905509
0
LINE
8
BLACK
6
CONTINUOUS
10
5.8523622047244093
20
-4.1377952755905509
11
5.8523622047244093
21
-4.2007874015748028
0
LINE
8
BLACK
6
CONTINUOUS
10
5.8523622047244093
20
-4.2007874015748028
11
5.8522123622047246
21
-4.2015407086614172
0
LINE
8
BLACK
6
CONTINUOUS
10
5.8522123622047246
20
-4.2015407086614172
11
5.8511470078740153
21
-4.2026060629921256
0
LINE
8
BLACK
6
CONTINUOUS
10
5.8511470078740153
20
-4.2026060629921256
11
5.8503937007874018
21
-4.2027559055118111
0
LINE
8
BLACK
6
CONTINUOUS
10
5.8503937007874018
20
-4.2027559055118111
11
5.818897637795275
21
-4.2027559055118111
0
LINE
8
BLACK
6
CONTINUOUS
10
5.818897637795275
20
-4.2027559055118111
11
5.8181443307086615
21
-4.2026060629921256
0
LINE
8
BLACK
6
CONTINUOUS
10
5.8181443307086615
20
-4.2026060629921256
11
5.8170789763779522
21
-4.2015407086614172
0
LINE
8
BLACK
6
CONTINUOUS
10
5.8170789763779522
20
-4.2015407086614172
11
5.8169291338582676
21
-4.2007874015748028
0
LINE
8
BLACK
6
CONTINUOUS
10
5.8169291338582676
20
-4.2007874015748028
11
5.8169291338582676
21
-4.1377952755905509
0
LINE
8
BLACK
6
CONTINUOUS
10
5.8169291338582676
20
-4.1377952755905509
11
5.8170789763779522
21
-4.1370419685039366
0
LINE
8
BLACK
6
CONTINUOUS
10
5.8170789763779522
20
-4.1370419685039366
11
5.8181443307086615
21
-4.1359766141732281
0
LINE
8
BLACK
6
CONTINUOUS
10
5.8181443307086615
20
-4.1359766141732281
11
5.818897637795275
21
-4.1358267716535435
0
LINE
8
BLACK
6
CONTINUOUS
10
5.818897637795275
20
-4.1358267716535435
11
5.8503937007874018
21
-4.1358267716535435
0
LINE
8
BLACK
6
CONTINUOUS
10
5.8503937007874018
20
-4.1358267716535435
11
5.8511470078740153
21
-4.1359766141732281
0
LINE
8
BLACK
6
CONTINUOUS
10
5.8208661417322833
20
-4.1397637795275593
11
5.8208661417322833
21
-4.1988188976377954
0
LINE
8
BLACK
6
CONTINUOUS
10
5.8208661417322833
20
-4.1988188976377954
11
5.8484251968503935
21
-4.1988188976377954
0
LINE
8
BLACK
6
CONTINUOUS
10
5.8484251968503935
20
-4.1988188976377954
11
5.8484251968503935
21
-4.1397637795275593
0
LINE
8
BLACK
6
CONTINUOUS
10
5.8484251968503935
20
-4.1397637795275593
11
5.8208661417322833
21
-4.1397637795275593
0
LINE
8
BLACK
6
CONTINUOUS
10
5.8905069685039368
20
-4.1793911417322835
11
5.8907928346456693
21
-4.1802486614173224
0
LINE
8
BLACK
6
CONTINUOUS
10
5.8907928346456693
20
-4.1802486614173224
11
5.8906711023622043
21
-4.1806931496062987
0
LINE
8
BLACK
6
CONTINUOUS
10
5.8906711023622043
20
-4.1806931496062987
11
5.8899211811023617
21
-4.1821929921259837
0
LINE
8
BLACK
6
CONTINUOUS
10
5.8899211811023617
20
-4.1821929921259837
11
5.8898050393700787
21
-4.182342559055118
0
LINE
8
BLACK
6
CONTINUOUS
10
5.8898050393700787
20
-4.182342559055118
11
5.889699921259842
21
-4.1824999606299214
0
LINE
8
BLACK
6
CONTINUOUS
10
5.889699921259842
20
-4.1824999606299214
11
5.8887165354330708
21
-4.1834833070866138
0
LINE
8
BLACK
6
CONTINUOUS
10
5.8887165354330708
20
-4.1834833070866138
11
5.8996821653543305
21
-4.1834833070866138
0
LINE
8
BLACK
6
CONTINUOUS
10
5.8996821653543305
20
-4.1834833070866138
11
5.8996821653543305
21
-4.1801649606299209
0
LINE
8
BLACK
6
CONTINUOUS
10
5.8996821653543305
20
-4.1801649606299209
11
5.8997720866141732
21
-4.1797129527559056
0
LINE
8
BLACK
6
CONTINUOUS
10
5.8997720866141732
20
-4.1797129527559056
11
5.9004112598425191
21
-4.1790737795275588
0
LINE
8
BLACK
6
CONTINUOUS
10
5.9004112598425191
20
-4.1790737795275588
11
5.9013152755905507
21
-4.1790737795275588
0
LINE
8
BLACK
6
CONTINUOUS
10
5.9013152755905507
20
-4.1790737795275588
11
5.9019544488188975
21
-4.1797129527559056
0
LINE
8
BLACK
6
CONTINUOUS
10
5.9019544488188975
20
-4.1797129527559056
11
5.9020443700787402
21
-4.1801649606299209
0
LINE
8
BLACK
6
CONTINUOUS
10
5.9020443700787402
20
-4.1801649606299209
11
5.9020443700787402
21
-4.1891638188976374
0
LINE
8
BLACK
6
CONTINUOUS
10
5.9020443700787402
20
-4.1891638188976374
11
5.9019544488188975
21
-4.1896158267716537
0
LINE
8
BLACK
6
CONTINUOUS
10
5.9019544488188975
20
-4.1896158267716537
11
5.9013152755905507
21
-4.1902549999999996
0
LINE
8
BLACK
6
CONTINUOUS
10
5.9013152755905507
20
-4.1902549999999996
11
5.9004112598425191
21
-4.1902549999999996
0
LINE
8
BLACK
6
CONTINUOUS
10
5.9004112598425191
20
-4.1902549999999996
11
5.8997720866141732
21
-4.1896158267716537
0
LINE
8
BLACK
6
CONTINUOUS
10
5.8997720866141732
20
-4.1896158267716537
11
5.8996821653543305
21
-4.1891638188976374
0
LINE
8
BLACK
6
CONTINUOUS
10
5.8996821653543305
20
-4.1891638188976374
11
5.8996821653543305
21
-4.1858455118110234
0
LINE
8
BLACK
6
CONTINUOUS
10
5.8996821653543305
20
-4.1858455118110234
11
5.8851152362204724
21
-4.1858455118110234
0
LINE
8
BLACK
6
CONTINUOUS
10
5.8851152362204724
20
-4.1858455118110234
11
5.8846632283464562
21
-4.1857555905511807
0
LINE
8
BLACK
6
CONTINUOUS
10
5.8846632283464562
20
-4.1857555905511807
11
5.8845772440944879
21
-4.1856696062992125
0
LINE
8
BLACK
6
CONTINUOUS
10
5.8845772440944879
20
-4.1856696062992125
11
5.8844580708661418
21
-4.1856457874015751
0
LINE
8
BLACK
6
CONTINUOUS
10
5.8844580708661418
20
-4.1856457874015751
11
5.8842672834645668
21
-4.1853596456692914
0
LINE
8
BLACK
6
CONTINUOUS
10
5.8842672834645668
20
-4.1853596456692914
11
5.8840240551181102
21
-4.1851164173228348
0
LINE
8
BLACK
6
CONTINUOUS
10
5.8840240551181102
20
-4.1851164173228348
11
5.8840240551181102
21
-4.184994803149606
0
LINE
8
BLACK
6
CONTINUOUS
10
5.8840240551181102
20
-4.184994803149606
11
5.8839565748031495
21
-4.1848936220472437
0
LINE
8
BLACK
6
CONTINUOUS
10
5.8839565748031495
20
-4.1848936220472437
11
5.8840240551181102
21
-4.1845562204724409
0
LINE
8
BLACK
6
CONTINUOUS
10
5.8840240551181102
20
-4.1845562204724409
11
5.8840240551181102
21
-4.1842124015748032
0
LINE
8
BLACK
6
CONTINUOUS
10
5.8840240551181102
20
-4.1842124015748032
11
5.8841099999999997
21
-4.184126417322835
0
LINE
8
BLACK
6
CONTINUOUS
10
5.8841099999999997
20
-4.184126417322835
11
5.8841338582677167
21
-4.184007244094488
0
LINE
8
BLACK
6
CONTINUOUS
10
5.8841338582677167
20
-4.184007244094488
11
5.8844600787401573
21
-4.1836816929133853
0
LINE
8
BLACK
6
CONTINUOUS
10
5.8844600787401573
20
-4.1836816929133853
11
5.8866125590551182
21
-4.182246614173228
0
LINE
8
BLACK
6
CONTINUOUS
10
5.8866125590551182
20
-4.182246614173228
11
5.8878940551181103
21
-4.1809651181102359
0
LINE
8
BLACK
6
CONTINUOUS
10
5.8878940551181103
20
-4.1809651181102359
11
5.8885582677165349
21
-4.1796367322834644
0
LINE
8
BLACK
6
CONTINUOUS
10
5.8885582677165349
20
-4.1796367322834644
11
5.8888408661417317
21
-4.1792726771653541
0
LINE
8
BLACK
6
CONTINUOUS
10
5.8888408661417317
20
-4.1792726771653541
11
5.8896983858267715
21
-4.1789868110236217
0
LINE
8
BLACK
6
CONTINUOUS
10
5.8896983858267715
20
-4.1789868110236217
11
5.8905069685039368
21
-4.1793911417322835
0
LINE
8
BLACK
6
CONTINUOUS
10
5.8905069685039368
20
-4.1643930314960631
11
5.8907928346456693
21
-4.165250551181102
0
LINE
8
BLACK
6
CONTINUOUS
10
5.8907928346456693
20
-4.165250551181102
11
5.8906711023622043
21
-4.1656950393700782
0
LINE
8
BLACK
6
CONTINUOUS
10
5.8906711023622043
20
-4.1656950393700782
11
5.8899211811023617
21
-4.1671948818897633
0
LINE
8
BLACK
6
CONTINUOUS
10
5.8899211811023617
20
-4.1671948818897633
11
5.8898050393700787
21
-4.1673444488188975
0
LINE
8
BLACK
6
CONTINUOUS
10
5.8898050393700787
20
-4.1673444488188975
11
5.889699921259842
21
-4.1675018503937009
0
LINE
8
BLACK
6
CONTINUOUS
10
5.889699921259842
20
-4.1675018503937009
11
5.8887165354330708
21
-4.1684851968503933
0
LINE
8
BLACK
6
CONTINUOUS
10
5.8887165354330708
20
-4.1684851968503933
11
5.8996821653543305
21
-4.1684851968503933
0
LINE
8
BLACK
6
CONTINUOUS
10
5.8996821653543305
20
-4.1684851968503933
11
5.8996821653543305
21
-4.1651668503937005
0
LINE
8
BLACK
6
CONTINUOUS
10
5.8996821653543305
20
-4.1651668503937005
11
5.8997720866141732
21
-4.1647148425196852
0
LINE
8
BLACK
6
CONTINUOUS
10
5.8997720866141732
20
-4.1647148425196852
11
5.9004112598425191
21
-4.1640756692913383
0
LINE
8
BLACK
6
CONTINUOUS
10
5.9004112598425191
20
-4.1640756692913383
11
5.9013152755905507
21
-4.1640756692913383
0
LINE
8
BLACK
6
CONTINUOUS
10
5.9013152755905507
20
-4.1640756692913383
11
5.9019544488188975
21
-4.1647148425196852
0
LINE
8
BLACK
6
CONTINUOUS
10
5.9019544488188975
20
-4.1647148425196852
11
5.9020443700787402
21
-4.1651668503937005
0
LINE
8
BLACK
6
CONTINUOUS
10
5.9020443700787402
20
-4.1651668503937005
11
5.9020443700787402
21
-4.174165708661417
0
LINE
8
BLACK
6
CONTINUOUS
10
5.9020443700787402
20
-4.174165708661417
11
5.9019544488188975
21
-4.1746177165354332
0
LINE
8
BLACK
6
CONTINUOUS
10
5.9019544488188975
20
-4.1746177165354332
11
5.9013152755905507
21
-4.1752568897637792
0
LINE
8
BLACK
6
CONTINUOUS
10
5.9013152755905507
20
-4.1752568897637792
11
5.9004112598425191
21
-4.1752568897637792
0
LINE
8
BLACK
6
CONTINUOUS
10
5.9004112598425191
20
-4.1752568897637792
11
5.8997720866141732
21
-4.1746177165354332
0
LINE
8
BLACK
6
CONTINUOUS
10
5.8997720866141732
20
-4.1746177165354332
11
5.8996821653543305
21
-4.174165708661417
0
LINE
8
BLACK
6
CONTINUOUS
10
5.8996821653543305
20
-4.174165708661417
11
5.8996821653543305
21
-4.1708474015748029
0
LINE
8
BLACK
6
CONTINUOUS
10
5.8996821653543305
20
-4.1708474015748029
11
5.8851152362204724
21
-4.1708474015748029
0
LINE
8
BLACK
6
CONTINUOUS
10
5.8851152362204724
20
-4.1708474015748029
11
5.8846632283464562
21
-4.1707574803149603
0
LINE
8
BLACK
6
CONTINUOUS
10
5.8846632283464562
20
-4.1707574803149603
11
5.8845772440944879
21
-4.170671496062992
0
LINE
8
BLACK
6
CONTINUOUS
10
5.8845772440944879
20
-4.170671496062992
11
5.8844580708661418
21
-4.1706476771653547
0
LINE
8
BLACK
6
CONTINUOUS
10
5.8844580708661418
20
-4.1706476771653547
11
5.8842672834645668
21
-4.170361535433071
0
LINE
8
BLACK
6
CONTINUOUS
10
5.8842672834645668
20
-4.170361535433071
11
5.8840240551181102
21
-4.1701183070866144
0
LINE
8
BLACK
6
CONTINUOUS
10
5.8840240551181102
20
-4.1701183070866144
11
5.8840240551181102
21
-4.1699966929133856
0
LINE
8
BLACK
6
CONTINUOUS
10
5.8840240551181102
20
-4.1699966929133856
11
5.8839565748031495
21
-4.1698955118110232
0
LINE
8
BLACK
6
CONTINUOUS
10
5.8839565748031495
20
-4.1698955118110232
11
5.8840240551181102
21
-4.1695581102362205
0
LINE
8
BLACK
6
CONTINUOUS
10
5.8840240551181102
20
-4.1695581102362205
11
5.8840240551181102
21
-4.1692142913385828
0
LINE
8
BLACK
6
CONTINUOUS
10
5.8840240551181102
20
-4.1692142913385828
11
5.8841099999999997
21
-4.1691283070866136
0
LINE
8
BLACK
6
CONTINUOUS
10
5.8841099999999997
20
-4.1691283070866136
11
5.8841338582677167
21
-4.1690091338582675
0
LINE
8
BLACK
6
CONTINUOUS
10
5.8841338582677167
20
-4.1690091338582675
11
5.8844600787401573
21
-4.1686835826771649
0
LINE
8
BLACK
6
CONTINUOUS
10
5.8844600787401573
20
-4.1686835826771649
11
5.8866125590551182
21
-4.1672485039370075
0
LINE
8
BLACK
6
CONTINUOUS
10
5.8866125590551182
20
-4.1672485039370075
11
5.8878940551181103
21
-4.1659670078740154
0
LINE
8
BLACK
6
CONTINUOUS
10
5.8878940551181103
20
-4.1659670078740154
11
5.8885582677165349
21
-4.164638622047244
0
LINE
8
BLACK
6
CONTINUOUS
10
5.8885582677165349
20
-4.164638622047244
11
5.8888408661417317
21
-4.1642745669291337
0
LINE
8
BLACK
6
CONTINUOUS
10
5.8888408661417317
20
-4.1642745669291337
11
5.8896983858267715
21
-4.1639887007874012
0
LINE
8
BLACK
6
CONTINUOUS
10
5.8896983858267715
20
-4.1639887007874012
11
5.8905069685039368
21
-4.1643930314960631
0
LINE
8
BLACK
6
CONTINUOUS
10
5.9013152755905507
20
-4.1490775590551179
11
5.9019544488188975
21
-4.1497167322834647
0
LINE
8
BLACK
6
CONTINUOUS
10
5.9019544488188975
20
-4.1497167322834647
11
5.9019544488188975
21
-4.1506207480314963
0
LINE
8
BLACK
6
CONTINUOUS
10
5.9019544488188975
20
-4.1506207480314963
11
5.9013152755905507
21
-4.1512599212598422
0
LINE
8
BLACK
6
CONTINUOUS
10
5.9013152755905507
20
-4.1512599212598422
11
5.9008632677165354
21
-4.1513498425196849
0
LINE
8
BLACK
6
CONTINUOUS
10
5.9008632677165354
20
-4.1513498425196849
11
5.8945453149606299
21
-4.1513498425196849
0
LINE
8
BLACK
6
CONTINUOUS
10
5.8945453149606299
20
-4.1513498425196849
11
5.8945453149606299
21
-4.1533033070866141
0
LINE
8
BLACK
6
CONTINUOUS
10
5.8945453149606299
20
-4.1533033070866141
11
5.9015405511811023
21
-4.1581999999999999
0
LINE
8
BLACK
6
CONTINUOUS
10
5.9015405511811023
20
-4.1581999999999999
11
5.9018592913385826
21
-4.1585328740157479
0
LINE
8
BLACK
6
CONTINUOUS
10
5.9018592913385826
20
-4.1585328740157479
11
5.9020163779527559
21
-4.159423031496063
0
LINE
8
BLACK
6
CONTINUOUS
10
5.9020163779527559
20
-4.159423031496063
11
5.901497992125984
21
-4.1601636220472438
0
LINE
8
BLACK
6
CONTINUOUS
10
5.901497992125984
20
-4.1601636220472438
11
5.9006077952755902
21
-4.1603207086614171
0
LINE
8
BLACK
6
CONTINUOUS
10
5.9006077952755902
20
-4.1603207086614171
11
5.9001859448818896
21
-4.1601351968503932
0
LINE
8
BLACK
6
CONTINUOUS
10
5.9001859448818896
20
-4.1601351968503932
11
5.8945420078740156
21
-4.1561844488188973
0
LINE
8
BLACK
6
CONTINUOUS
10
5.8945420078740156
20
-4.1561844488188973
11
5.894533779527559
21
-4.1562259448818892
0
LINE
8
BLACK
6
CONTINUOUS
10
5.894533779527559
20
-4.1562259448818892
11
5.8945423622047244
21
-4.1562516929133855
0
LINE
8
BLACK
6
CONTINUOUS
10
5.8945423622047244
20
-4.1562516929133855
11
5.894492283464567
21
-4.1564344881889763
0
LINE
8
BLACK
6
CONTINUOUS
10
5.894492283464567
20
-4.1564344881889763
11
5.8944553937007873
21
-4.1566200000000002
0
LINE
8
BLACK
6
CONTINUOUS
10
5.8944553937007873
20
-4.1566200000000002
11
5.894436220472441
21
-4.1566391338582678
0
LINE
8
BLACK
6
CONTINUOUS
10
5.894436220472441
20
-4.1566391338582678
11
5.8944206299212594
21
-4.1566961811023617
0
LINE
8
BLACK
6
CONTINUOUS
10
5.8944206299212594
20
-4.1566961811023617
11
5.8936707086614168
21
-4.1581960236220468
0
LINE
8
BLACK
6
CONTINUOUS
10
5.8936707086614168
20
-4.1581960236220468
11
5.8935547244094488
21
-4.1583453937007873
0
LINE
8
BLACK
6
CONTINUOUS
10
5.8935547244094488
20
-4.1583453937007873
11
5.8934494881889758
21
-4.1585029527559056
0
LINE
8
BLACK
6
CONTINUOUS
10
5.8934494881889758
20
-4.1585029527559056
11
5.8926995669291333
21
-4.1592528346456694
0
LINE
8
BLACK
6
CONTINUOUS
10
5.8926995669291333
20
-4.1592528346456694
11
5.8925423622047246
21
-4.159357834645669
0
LINE
8
BLACK
6
CONTINUOUS
10
5.8925423622047246
20
-4.159357834645669
11
5.8923926377952753
21
-4.1594740944881892
0
LINE
8
BLACK
6
CONTINUOUS
10
5.8923926377952753
20
-4.1594740944881892
11
5.8908927559055115
21
-4.1602240157480317
0
LINE
8
BLACK
6
CONTINUOUS
10
5.8908927559055115
20
-4.1602240157480317
11
5.8908357086614176
21
-4.1602396062992124
0
LINE
8
BLACK
6
CONTINUOUS
10
5.8908357086614176
20
-4.1602396062992124
11
5.8908165748031491
21
-4.1602587795275587
0
LINE
8
BLACK
6
CONTINUOUS
10
5.8908165748031491
20
-4.1602587795275587
11
5.8906307480314961
21
-4.1602957086614172
0
LINE
8
BLACK
6
CONTINUOUS
10
5.8906307480314961
20
-4.1602957086614172
11
5.8904482677165353
21
-4.1603457086614171
0
LINE
8
BLACK
6
CONTINUOUS
10
5.8904482677165353
20
-4.1603457086614171
11
5.8904225984251966
21
-4.1603371259842516
0
LINE
8
BLACK
6
CONTINUOUS
10
5.8904225984251966
20
-4.1603371259842516
11
5.8903645669291338
21
-4.1603487007874014
0
LINE
8
BLACK
6
CONTINUOUS
10
5.8903645669291338
20
-4.1603487007874014
11
5.8881148818897637
21
-4.1603487007874014
0
LINE
8
BLACK
6
CONTINUOUS
10
5.8881148818897637
20
-4.1603487007874014
11
5.8880568897637797
21
-4.1603371653543304
0
LINE
8
BLACK
6
CONTINUOUS
10
5.8880568897637797
20
-4.1603371653543304
11
5.8880311811023622
21
-4.1603457480314958
0
LINE
8
BLACK
6
CONTINUOUS
10
5.8880311811023622
20
-4.1603457480314958
11
5.8878483464566926
21
-4.1602956692913384
0
LINE
8
BLACK
6
CONTINUOUS
10
5.8878483464566926
20
-4.1602956692913384
11
5.8876628740157475
21
-4.1602587795275587
0
LINE
8
BLACK
6
CONTINUOUS
10
5.8876628740157475
20
-4.1602587795275587
11
5.8876437007874012
21
-4.1602396062992124
0
LINE
8
BLACK
6
CONTINUOUS
10
5.8876437007874012
20
-4.1602396062992124
11
5.887586692913386
21
-4.1602240157480317
0
LINE
8
BLACK
6
CONTINUOUS
10
5.887586692913386
20
-4.1602240157480317
11
5.8860868503937009
21
-4.1594740944881892
0
LINE
8
BLACK
6
CONTINUOUS
10
5.8860868503937009
20
-4.1594740944881892
11
5.8859375984251967
21
-4.1593582283464565
0
LINE
8
BLACK
6
CONTINUOUS
10
5.8859375984251967
20
-4.1593582283464565
11
5.8857798818897633
21
-4.1592528740157482
0
LINE
8
BLACK
6
CONTINUOUS
10
5.8857798818897633
20
-4.1592528740157482
11
5.8850299999999995
21
-4.1585029527559056
0
LINE
8
BLACK
6
CONTINUOUS
10
5.8850299999999995
20
-4.1585029527559056
11
5.8849249606299212
21
-4.158345748031496
0
LINE
8
BLACK
6
CONTINUOUS
10
5.8849249606299212
20
-4.158345748031496
11
5.8848087401574798
21
-4.1581960236220468
0
LINE
8
BLACK
6
CONTINUOUS
10
5.8848087401574798
20
-4.1581960236220468
11
5.8840588188976373
21
-4.1566962204724405
0
LINE
8
BLACK
6
CONTINUOUS
10
5.8840588188976373
20
-4.1566962204724405
11
5.8840431889763778
21
-4.1566391338582678
0
LINE
8
BLACK
6
CONTINUOUS
10
5.8840431889763778
20
-4.1566391338582678
11
5.8840240551181102
21
-4.1566200000000002
0
LINE
8
BLACK
6
CONTINUOUS
10
5.8840240551181102
20
-4.1566200000000002
11
5.883987086614173
21
-4.156434212598425
0
LINE
8
BLACK
6
CONTINUOUS
10
5.883987086614173
20
-4.156434212598425
11
5.8839371259842519
21
-4.1562516929133855
0
LINE
8
BLACK
6
CONTINUOUS
10
5.8839371259842519
20
-4.1562516929133855
11
5.8839456692913386
21
-4.1562260236220467
0
LINE
8
BLACK
6
CONTINUOUS
10
5.8839456692913386
20
-4.1562260236220467
11
5.8839341338582676
21
-4.156167992125984
0
LINE
8
BLACK
6
CONTINUOUS
10
5.8839341338582676
20
-4.156167992125984
11
5.8839341338582676
21
-4.1501687401574801
0
LINE
8
BLACK
6
CONTINUOUS
10
5.8839341338582676
20
-4.1501687401574801
11
5.8840240551181102
21
-4.1497167322834647
0
LINE
8
BLACK
6
CONTINUOUS
10
5.8840240551181102
20
-4.1497167322834647
11
5.8846632283464562
21
-4.1490775590551179
0
LINE
8
BLACK
6
CONTINUOUS
10
5.8846632283464562
20
-4.1490775590551179
11
5.8851152362204724
21
-4.1489876377952752
0
LINE
8
BLACK
6
CONTINUOUS
10
5.8851152362204724
20
-4.1489876377952752
11
5.9008632677165354
21
-4.1489876377952752
0
LINE
8
BLACK
6
CONTINUOUS
10
5.9008632677165354
20
-4.1489876377952752
11
5.9013152755905507
21
-4.1490775590551179
0
LINE
8
BLACK
6
CONTINUOUS
10
5.8862963385826772
20
-4.1558891338582677
11
5.8868358267716534
21
-4.1569681496062989
0
LINE
8
BLACK
6
CONTINUOUS
10
5.8868358267716534
20
-4.1569681496062989
11
5.8873146850393701
21
-4.1574469685039368
0
LINE
8
BLACK
6
CONTINUOUS
10
5.8873146850393701
20
-4.1574469685039368
11
5.88839374015748
21
-4.1579864960629918
0
LINE
8
BLACK
6
CONTINUOUS
10
5.88839374015748
20
-4.1579864960629918
11
5.8900857480314963
21
-4.1579864960629918
0
LINE
8
BLACK
6
CONTINUOUS
10
5.8900857480314963
20
-4.1579864960629918
11
5.8911647637795275
21
-4.1574469685039368
0
LINE
8
BLACK
6
CONTINUOUS
10
5.8911647637795275
20
-4.1574469685039368
11
5.8916435433070866
21
-4.1569681496062989
0
LINE
8
BLACK
6
CONTINUOUS
10
5.8916435433070866
20
-4.1569681496062989
11
5.8921831102362203
21
-4.155889094488189
0
LINE
8
BLACK
6
CONTINUOUS
10
5.8921831102362203
20
-4.155889094488189
11
5.8921831102362203
21
-4.1513498425196849
0
LINE
8
BLACK
6
CONTINUOUS
10
5.8921831102362203
20
-4.1513498425196849
11
5.8862963385826772
21
-4.1513498425196849
0
LINE
8
BLACK
6
CONTINUOUS
10
5.8862963385826772
20
-4.1513498425196849
11
5.8862963385826772
21
-4.1558891338582677
0
LINE
8
BLACK
6
CONTINUOUS
10
5.9106942519685042
20
-4.1359766141732281
11
5.9117596062992126
21
-4.1370419685039366
0
LINE
8
BLACK
6
CONTINUOUS
10
5.9117596062992126
20
-4.1370419685039366
11
5.9119094488188972
21
-4.1377952755905509
0
LINE
8
BLACK
6
CONTINUOUS
10
5.9119094488188972
20
-4.1377952755905509
11
5.9119094488188972
21
-4.2007874015748028
0
LINE
8
BLACK
6
CONTINUOUS
10
5.9119094488188972
20
-4.2007874015748028
11
5.9117596062992126
21
-4.2015407086614172
0
LINE
8
BLACK
6
CONTINUOUS
10
5.9117596062992126
20
-4.2015407086614172
11
5.9106942519685042
21
-4.2026060629921256
0
LINE
8
BLACK
6
CONTINUOUS
10
5.9106942519685042
20
-4.2026060629921256
11
5.9099409448818898
21
-4.2027559055118111
0
LINE
8
BLACK
6
CONTINUOUS
10
5.9099409448818898
20
-4.2027559055118111
11
5.8774606299212593
21
-4.2027559055118111
0
LINE
8
BLACK
6
CONTINUOUS
10
5.8774606299212593
20
-4.2027559055118111
11
5.8767073228346458
21
-4.2026060629921256
0
LINE
8
BLACK
6
CONTINUOUS
10
5.8767073228346458
20
-4.2026060629921256
11
5.8756419685039365
21
-4.2015407086614172
0
LINE
8
BLACK
6
CONTINUOUS
10
5.8756419685039365
20
-4.2015407086614172
11
5.8754921259842519
21
-4.2007874015748028
0
LINE
8
BLACK
6
CONTINUOUS
10
5.8754921259842519
20
-4.2007874015748028
11
5.8754921259842519
21
-4.1377952755905509
0
LINE
8
BLACK
6
CONTINUOUS
10
5.8754921259842519
20
-4.1377952755905509
11
5.8756419685039365
21
-4.1370419685039366
0
LINE
8
BLACK
6
CONTINUOUS
10
5.8756419685039365
20
-4.1370419685039366
11
5.8767073228346458
21
-4.1359766141732281
0
LINE
8
BLACK
6
CONTINUOUS
10
5.8767073228346458
20
-4.1359766141732281
11
5.8774606299212593
21
-4.1358267716535435
0
LINE
8
BLACK
6
CONTINUOUS
10
5.8774606299212593
20
-4.1358267716535435
11
5.9099409448818898
21
-4.1358267716535435
0
LINE
8
BLACK
6
CONTINUOUS
10
5.9099409448818898
20
-4.1358267716535435
11
5.9106942519685042
21
-4.1359766141732281
0
LINE
8
BLACK
6
CONTINUOUS
10
5.8794291338582676
20
-4.1397637795275593
11
5.8794291338582676
21
-4.1988188976377954
0
LINE
8
BLACK
6
CONTINUOUS
10
5.8794291338582676
20
-4.1988188976377954
11
5.9079724409448815
21
-4.1988188976377954
0
LINE
8
BLACK
6
CONTINUOUS
10
5.9079724409448815
20
-4.1988188976377954
11
5.9079724409448815
21
-4.1397637795275593
0
LINE
8
BLACK
6
CONTINUOUS
10
5.9079724409448815
20
-4.1397637795275593
11
5.8794291338582676
21
-4.1397637795275593
0
LINE
8
BLACK
6
CONTINUOUS
10
6.5557301574803146
20
-4.166207834645669
11
6.5558281102362201
21
-4.1662483858267718
0
LINE
8
BLACK
6
CONTINUOUS
10
6.5558281102362201
20
-4.1662483858267718
11
6.555934015748031
21
-4.1662559448818897
0
LINE
8
BLACK
6
CONTINUOUS
10
6.555934015748031
20
-4.1662559448818897
11
6.5564746456692911
21
-4.1664628346456691
0
LINE
8
BLACK
6
CONTINUOUS
10
6.5564746456692911
20
-4.1664628346456691
11
6.5594742125984249
21
-4.1679626771653542
0
LINE
8
BLACK
6
CONTINUOUS
10
6.5594742125984249
20
-4.1679626771653542
11
6.5597220078740159
21
-4.1681186614173225
0
LINE
8
BLACK
6
CONTINUOUS
10
6.5597220078740159
20
-4.1681186614173225
11
6.5597941338582677
21
-4.1681485433070868
0
LINE
8
BLACK
6
CONTINUOUS
10
6.5597941338582677
20
-4.1681485433070868
11
6.5598753543307087
21
-4.1682151968503938
0
LINE
8
BLACK
6
CONTINUOUS
10
6.5598753543307087
20
-4.1682151968503938
11
6.5599640944881887
21
-4.168271062992126
0
LINE
8
BLACK
6
CONTINUOUS
10
6.5599640944881887
20
-4.168271062992126
11
6.5600151181102362
21
-4.1683298818897638
0
LINE
8
BLACK
6
CONTINUOUS
10
6.5600151181102362
20
-4.1683298818897638
11
6.5602415748031495
21
-4.1685157480314956
0
LINE
8
BLACK
6
CONTINUOUS
10
6.5602415748031495
20
-4.1685157480314956
11
6.5617414173228346
21
-4.1700155511811019
0
LINE
8
BLACK
6
CONTINUOUS
10
6.5617414173228346
20
-4.1700155511811019
11
6.5619272440944885
21
-4.1702419685039365
0
LINE
8
BLACK
6
CONTINUOUS
10
6.5619272440944885
20
-4.1702419685039365
11
6.5619862204724404
21
-4.1702931102362202
0
LINE
8
BLACK
6
CONTINUOUS
10
6.5619862204724404
20
-4.1702931102362202
11
6.5620420866141727
21
-4.170381889763779
0
LINE
8
BLACK
6
CONTINUOUS
10
6.5620420866141727
20
-4.170381889763779
11
6.562108661417323
21
-4.1704629921259846
0
LINE
8
BLACK
6
CONTINUOUS
10
6.562108661417323
20
-4.1704629921259846
11
6.5621385039370077
21
-4.1705350393700789
0
LINE
8
BLACK
6
CONTINUOUS
10
6.5621385039370077
20
-4.1705350393700789
11
6.5622945669291335
21
-4.170782992125984
0
LINE
8
BLACK
6
CONTINUOUS
10
6.5622945669291335
20
-4.170782992125984
11
6.5637943700787398
21
-4.1737825984251966
0
LINE
8
BLACK
6
CONTINUOUS
10
6.5637943700787398
20
-4.1737825984251966
11
6.5640012598425193
21
-4.1743232283464566
0
LINE
8
BLACK
6
CONTINUOUS
10
6.5640012598425193
20
-4.1743232283464566
11
6.5640087401574805
21
-4.1744290157480313
0
LINE
8
BLACK
6
CONTINUOUS
10
6.5640087401574805
20
-4.1744290157480313
11
6.5640493700787399
21
-4.1745270472440943
0
LINE
8
BLACK
6
CONTINUOUS
10
6.5640493700787399
20
-4.1745270472440943
11
6.5641061023622047
21
-4.1751031102362202
0
LINE
8
BLACK
6
CONTINUOUS
10
6.5641061023622047
20
-4.1751031102362202
11
6.5641061023622047
21
-4.1811023622047241
0
LINE
8
BLACK
6
CONTINUOUS
10
6.5641061023622047
20
-4.1811023622047241
11
6.5640493700787399
21
-4.18167842519685
0
LINE
8
BLACK
6
CONTINUOUS
10
6.5640493700787399
20
-4.18167842519685
11
6.5640087401574805
21
-4.1817764173228342
0
LINE
8
BLACK
6
CONTINUOUS
10
6.5640087401574805
20
-4.1817764173228342
11
6.5640012598425193
21
-4.1818822440944885
0
LINE
8
BLACK
6
CONTINUOUS
10
6.5640012598425193
20
-4.1818822440944885
11
6.5637943700787398
21
-4.1824228740157476
0
LINE
8
BLACK
6
CONTINUOUS
10
6.5637943700787398
20
-4.1824228740157476
11
6.5622945669291335
21
-4.185422519685039
0
LINE
8
BLACK
6
CONTINUOUS
10
6.5622945669291335
20
-4.185422519685039
11
6.5621385039370077
21
-4.1856704330708663
0
LINE
8
BLACK
6
CONTINUOUS
10
6.5621385039370077
20
-4.1856704330708663
11
6.562108661417323
21
-4.1857425196850393
0
LINE
8
BLACK
6
CONTINUOUS
10
6.562108661417323
20
-4.1857425196850393
11
6.5620420866141727
21
-4.1858235826771653
0
LINE
8
BLACK
6
CONTINUOUS
10
6.5620420866141727
20
-4.1858235826771653
11
6.5619862204724404
21
-4.1859124015748028
0
LINE
8
BLACK
6
CONTINUOUS
10
6.5619862204724404
20
-4.1859124015748028
11
6.5619272440944885
21
-4.1859635039370078
0
LINE
8
BLACK
6
CONTINUOUS
10
6.5619272440944885
20
-4.1859635039370078
11
6.5617414173228346
21
-4.1861899606299211
0
LINE
8
BLACK
6
CONTINUOUS
10
6.5617414173228346
20
-4.1861899606299211
11
6.5602415748031495
21
-4.1876897637795274
0
LINE
8
BLACK
6
CONTINUOUS
10
6.5602415748031495
20
-4.1876897637795274
11
6.5600152362204724
21
-4.187875472440945
0
LINE
8
BLACK
6
CONTINUOUS
10
6.5600152362204724
20
-4.187875472440945
11
6.5599640944881887
21
-4.1879344881889766
0
LINE
8
BLACK
6
CONTINUOUS
10
6.5599640944881887
20
-4.1879344881889766
11
6.5598751574803149
21
-4.1879904330708664
0
LINE
8
BLACK
6
CONTINUOUS
10
6.5598751574803149
20
-4.1879904330708664
11
6.5597941338582677
21
-4.188056968503937
0
LINE
8
BLACK
6
CONTINUOUS
10
6.5597941338582677
20
-4.188056968503937
11
6.5597220866141734
21
-4.188086771653543
0
LINE
8
BLACK
6
CONTINUOUS
10
6.5597220866141734
20
-4.188086771653543
11
6.5594742125984249
21
-4.1882428346456688
0
LINE
8
BLACK
6
CONTINUOUS
10
6.5594742125984249
20
-4.1882428346456688
11
6.5564746062992123
21
-4.1897426377952751
0
LINE
8
BLACK
6
CONTINUOUS
10
6.5564746062992123
20
-4.1897426377952751
11
6.5559339763779523
21
-4.1899495275590546
0
LINE
8
BLACK
6
CONTINUOUS
10
6.5559339763779523
20
-4.1899495275590546
11
6.5558281496062989
21
-4.1899570078740158
0
LINE
8
BLACK
6
CONTINUOUS
10
6.5558281496062989
20
-4.1899570078740158
11
6.5557301574803146
21
-4.1899976377952752
0
LINE
8
BLACK
6
CONTINUOUS
10
6.5557301574803146
20
-4.1899976377952752
11
6.5551540944881888
21
-4.19005437007874
0
LINE
8
BLACK
6
CONTINUOUS
10
6.5551540944881888
20
-4.19005437007874
11
6.5476550393700785
21
-4.19005437007874
0
LINE
8
BLACK
6
CONTINUOUS
10
6.5476550393700785
20
-4.19005437007874
11
6.5470789763779527
21
-4.1899976377952752
0
LINE
8
BLACK
6
CONTINUOUS
10
6.5470789763779527
20
-4.1899976377952752
11
6.5469809448818896
21
-4.1899570078740158
0
LINE
8
BLACK
6
CONTINUOUS
10
6.5469809448818896
20
-4.1899570078740158
11
6.546875157480315
21
-4.1899495275590546
0
LINE
8
BLACK
6
CONTINUOUS
10
6.546875157480315
20
-4.1899495275590546
11
6.546334527559055
21
-4.1897426377952751
0
LINE
8
BLACK
6
CONTINUOUS
10
6.546334527559055
20
-4.1897426377952751
11
6.5433348818897636
21
-4.1882428346456688
0
LINE
8
BLACK
6
CONTINUOUS
10
6.5433348818897636
20
-4.1882428346456688
11
6.543086850393701
21
-4.1880867322834643
0
LINE
8
BLACK
6
CONTINUOUS
10
6.543086850393701
20
-4.1880867322834643
11
6.5430149212598421
21
-4.1880569291338583
0
LINE
8
BLACK
6
CONTINUOUS
10
6.5430149212598421
20
-4.1880569291338583
11
6.5429339370078736
21
-4.1879904330708664
0
LINE
8
BLACK
6
CONTINUOUS
10
6.5429339370078736
20
-4.1879904330708664
11
6.5428449999999998
21
-4.1879344881889766
0
LINE
8
BLACK
6
CONTINUOUS
10
6.5428449999999998
20
-4.1879344881889766
11
6.5427938188976373
21
-4.187875472440945
0
LINE
8
BLACK
6
CONTINUOUS
10
6.5427938188976373
20
-4.187875472440945
11
6.5425674803149603
21
-4.1876897244094486
0
LINE
8
BLACK
6
CONTINUOUS
10
6.5425674803149603
20
-4.1876897244094486
11
6.541067677165354
21
-4.1861899212598424
0
LINE
8
BLACK
6
CONTINUOUS
10
6.541067677165354
20
-4.1861899212598424
11
6.5408818897637797
21
-4.1859635433070865
0
LINE
8
BLACK
6
CONTINUOUS
10
6.5408818897637797
20
-4.1859635433070865
11
6.5408229133858269
21
-4.1859124015748028
0
LINE
8
BLACK
6
CONTINUOUS
10
6.5408229133858269
20
-4.1859124015748028
11
6.5407669291338584
21
-4.1858234251968502
0
LINE
8
BLACK
6
CONTINUOUS
10
6.5407669291338584
20
-4.1858234251968502
11
6.5407004724409443
21
-4.1857424803149605
0
LINE
8
BLACK
6
CONTINUOUS
10
6.5407004724409443
20
-4.1857424803149605
11
6.5406706299212596
21
-4.1856705118110238
0
LINE
8
BLACK
6
CONTINUOUS
10
6.5406706299212596
20
-4.1856705118110238
11
6.5405145669291338
21
-4.185422519685039
0
LINE
8
BLACK
6
CONTINUOUS
10
6.5405145669291338
20
-4.185422519685039
11
6.5390147637795275
21
-4.1824228740157476
0
LINE
8
BLACK
6
CONTINUOUS
10
6.5390147637795275
20
-4.1824228740157476
11
6.538807874015748
21
-4.1818822440944885
0
LINE
8
BLACK
6
CONTINUOUS
10
6.538807874015748
20
-4.1818822440944885
11
6.5388003543307089
21
-4.1817764173228342
0
LINE
8
BLACK
6
CONTINUOUS
10
6.5388003543307089
20
-4.1817764173228342
11
6.5387597637795274
21
-4.18167842519685
0
LINE
8
BLACK
6
CONTINUOUS
10
6.5387597637795274
20
-4.18167842519685
11
6.5387030314960626
21
-4.1811023622047241
0
LINE
8
BLACK
6
CONTINUOUS
10
6.5387030314960626
20
-4.1811023622047241
11
6.5387030314960626
21
-4.1751031102362202
0
LINE
8
BLACK
6
CONTINUOUS
10
6.5387030314960626
20
-4.1751031102362202
11
6.5387597637795274
21
-4.1745270472440943
0
LINE
8
BLACK
6
CONTINUOUS
10
6.5387597637795274
20
-4.1745270472440943
11
6.5388003543307089
21
-4.1744290157480313
0
LINE
8
BLACK
6
CONTINUOUS
10
6.5388003543307089
20
-4.1744290157480313
11
6.538807874015748
21
-4.1743232283464566
0
LINE
8
BLACK
6
CONTINUOUS
10
6.538807874015748
20
-4.1743232283464566
11
6.5390147637795275
21
-4.1737825984251966
0
LINE
8
BLACK
6
CONTINUOUS
10
6.5390147637795275
20
-4.1737825984251966
11
6.5393575196850389
21
-4.1730970078740155
0
LINE
8
BLACK
6
CONTINUOUS
10
6.5393575196850389
20
-4.1730970078740155
11
6.5383685826771654
21
-4.173344251968504
0
LINE
8
BLACK
6
CONTINUOUS
10
6.5383685826771654
20
-4.173344251968504
11
6.534538031496063
21
-4.1758979527559053
0
LINE
8
BLACK
6
CONTINUOUS
10
6.534538031496063
20
-4.1758979527559053
11
6.5335838188976378
21
-4.1768521653543305
0
LINE
8
BLACK
6
CONTINUOUS
10
6.5335838188976378
20
-4.1768521653543305
11
6.5326100393700788
21
-4.1787997637795273
0
LINE
8
BLACK
6
CONTINUOUS
10
6.5326100393700788
20
-4.1787997637795273
11
6.5326100393700788
21
-4.1841020078740154
0
LINE
8
BLACK
6
CONTINUOUS
10
6.5326100393700788
20
-4.1841020078740154
11
6.532553307086614
21
-4.1846780708661413
0
LINE
8
BLACK
6
CONTINUOUS
10
6.532553307086614
20
-4.1846780708661413
11
6.5321124015748033
21
-4.1857424803149605
0
LINE
8
BLACK
6
CONTINUOUS
10
6.5321124015748033
20
-4.1857424803149605
11
6.5312977559055119
21
-4.186557125984252
0
LINE
8
BLACK
6
CONTINUOUS
10
6.5312977559055119
20
-4.186557125984252
11
6.5302333464566926
21
-4.1869980314960626
0
LINE
8
BLACK
6
CONTINUOUS
10
6.5302333464566926
20
-4.1869980314960626
11
6.5290812204724409
21
-4.1869980314960626
0
LINE
8
BLACK
6
CONTINUOUS
10
6.5290812204724409
20
-4.1869980314960626
11
6.5280168110236216
21
-4.186557125984252
0
LINE
8
BLACK
6
CONTINUOUS
10
6.5280168110236216
20
-4.186557125984252
11
6.5272021653543302
21
-4.1857424803149605
0
LINE
8
BLACK
6
CONTINUOUS
10
6.5272021653543302
20
-4.1857424803149605
11
6.5267612598425195
21
-4.1846780708661413
0
LINE
8
BLACK
6
CONTINUOUS
10
6.5267612598425195
20
-4.1846780708661413
11
6.5267045275590547
21
-4.1841020078740154
0
LINE
8
BLACK
6
CONTINUOUS
10
6.5267045275590547
20
-4.1841020078740154
11
6.5267045275590547
21
-4.1781027559055115
0
LINE
8
BLACK
6
CONTINUOUS
10
6.5267045275590547
20
-4.1781027559055115
11
6.5267612598425195
21
-4.1775266929133856
0
LINE
8
BLACK
6
CONTINUOUS
10
6.5267612598425195
20
-4.1775266929133856
11
6.5268018503937002
21
-4.1774286614173226
0
LINE
8
BLACK
6
CONTINUOUS
10
6.5268018503937002
20
-4.1774286614173226
11
6.5268093700787402
21
-4.177322874015748
0
LINE
8
BLACK
6
CONTINUOUS
10
6.5268093700787402
20
-4.177322874015748
11
6.5270162598425197
21
-4.176782244094488
0
LINE
8
BLACK
6
CONTINUOUS
10
6.5270162598425197
20
-4.176782244094488
11
6.5285160629921259
21
-4.1737825984251966
0
LINE
8
BLACK
6
CONTINUOUS
10
6.5285160629921259
20
-4.1737825984251966
11
6.5286721259842517
21
-4.1735345669291339
0
LINE
8
BLACK
6
CONTINUOUS
10
6.5286721259842517
20
-4.1735345669291339
11
6.5287019685039365
21
-4.1734626377952759
0
LINE
8
BLACK
6
CONTINUOUS
10
6.5287019685039365
20
-4.1734626377952759
11
6.5287684251968505
21
-4.1733816535433066
0
LINE
8
BLACK
6
CONTINUOUS
10
6.5287684251968505
20
-4.1733816535433066
11
6.528824409448819
21
-4.1732927165354328
0
LINE
8
BLACK
6
CONTINUOUS
10
6.528824409448819
20
-4.1732927165354328
11
6.5288833858267719
21
-4.1732415354330712
0
LINE
8
BLACK
6
CONTINUOUS
10
6.5288833858267719
20
-4.1732415354330712
11
6.5290691732283461
21
-4.1730151968503932
0
LINE
8
BLACK
6
CONTINUOUS
10
6.5290691732283461
20
-4.1730151968503932
11
6.5305689763779524
21
-4.1715153937007869
0
LINE
8
BLACK
6
CONTINUOUS
10
6.5305689763779524
20
-4.1715153937007869
11
6.530570472440945
21
-4.1715141338582677
0
LINE
8
BLACK
6
CONTINUOUS
10
6.530570472440945
20
-4.1715141338582677
11
6.5305711417322829
21
-4.1715131889763777
0
LINE
8
BLACK
6
CONTINUOUS
10
6.5305711417322829
20
-4.1715131889763777
11
6.5308024803149607
21
-4.1713237007874016
0
LINE
8
BLACK
6
CONTINUOUS
10
6.5308024803149607
20
-4.1713237007874016
11
6.5310164173228342
21
-4.1711481889763782
0
LINE
8
BLACK
6
CONTINUOUS
10
6.5310164173228342
20
-4.1711481889763782
11
6.5310173622047243
21
-4.1711477559055119
0
LINE
8
BLACK
6
CONTINUOUS
10
6.5310173622047243
20
-4.1711477559055119
11
6.531019015748031
21
-4.1711464566929131
0
LINE
8
BLACK
6
CONTINUOUS
10
6.531019015748031
20
-4.1711464566929131
11
6.5355184251968499
21
-4.1681468503937005
0
LINE
8
BLACK
6
CONTINUOUS
10
6.5355184251968499
20
-4.1681468503937005
11
6.5358364566929135
21
-4.167977283464567
0
LINE
8
BLACK
6
CONTINUOUS
10
6.5358364566929135
20
-4.167977283464567
11
6.5358950787401575
21
-4.1679338582677161
0
LINE
8
BLACK
6
CONTINUOUS
10
6.5358950787401575
20
-4.1679338582677161
11
6.5359643307086612
21
-4.1679090944881887
0
LINE
8
BLACK
6
CONTINUOUS
10
6.5359643307086612
20
-4.1679090944881887
11
6.5360292125984252
21
-4.1678745275590554
0
LINE
8
BLACK
6
CONTINUOUS
10
6.5360292125984252
20
-4.1678745275590554
11
6.5361006692913381
21
-4.1678603543307089
0
LINE
8
BLACK
6
CONTINUOUS
10
6.5361006692913381
20
-4.1678603543307089
11
6.5364401574803148
21
-4.1677390944881889
0
LINE
8
BLACK
6
CONTINUOUS
10
6.5364401574803148
20
-4.1677390944881889
11
6.5424394488188975
21
-4.1662392519685039
0
LINE
8
BLACK
6
CONTINUOUS
10
6.5424394488188975
20
-4.1662392519685039
11
6.5425392913385823
21
-4.1662244488188973
0
LINE
8
BLACK
6
CONTINUOUS
10
6.5425392913385823
20
-4.1662244488188973
11
6.542579527559055
21
-4.166207834645669
0
LINE
8
BLACK
6
CONTINUOUS
10
6.542579527559055
20
-4.166207834645669
11
6.5427965354330704
21
-4.1661864566929134
0
LINE
8
BLACK
6
CONTINUOUS
10
6.5427965354330704
20
-4.1661864566929134
11
6.543012047244094
21
-4.1661546062992123
0
LINE
8
BLACK
6
CONTINUOUS
10
6.543012047244094
20
-4.1661546062992123
11
6.5430550393700786
21
-4.1661609842519685
0
LINE
8
BLACK
6
CONTINUOUS
10
6.5430550393700786
20
-4.1661609842519685
11
6.5431555905511809
21
-4.1661511023622042
0
LINE
8
BLACK
6
CONTINUOUS
10
6.5431555905511809
20
-4.1661511023622042
11
6.5551540944881888
21
-4.1661511023622042
0
LINE
8
BLACK
6
CONTINUOUS
10
6.5551540944881888
20
-4.1661511023622042
11
6.5557301574803146
21
-4.166207834645669
0
LINE
8
BLACK
6
CONTINUOUS
10
6.5464044881889762
20
-4.1730303937007873
11
6.5455823228346457
21
-4.1738525984251966
0
LINE
8
BLACK
6
CONTINUOUS
10
6.5455823228346457
20
-4.1738525984251966
11
6.5446085433070866
21
-4.1758001574803147
0
LINE
8
BLACK
6
CONTINUOUS
10
6.5446085433070866
20
-4.1758001574803147
11
6.5446085433070866
21
-4.1804053149606295
0
LINE
8
BLACK
6
CONTINUOUS
10
6.5446085433070866
20
-4.1804053149606295
11
6.5455823228346457
21
-4.1823529133858264
0
LINE
8
BLACK
6
CONTINUOUS
10
6.5455823228346457
20
-4.1823529133858264
11
6.5464044488188975
21
-4.1831750393700791
0
LINE
8
BLACK
6
CONTINUOUS
10
6.5464044488188975
20
-4.1831750393700791
11
6.5483520866141731
21
-4.1841488582677169
0
LINE
8
BLACK
6
CONTINUOUS
10
6.5483520866141731
20
-4.1841488582677169
11
6.5544570472440942
21
-4.1841488582677169
0
LINE
8
BLACK
6
CONTINUOUS
10
6.5544570472440942
20
-4.1841488582677169
11
6.5564046062992123
21
-4.1831750393700791
0
LINE
8
BLACK
6
CONTINUOUS
10
6.5564046062992123
20
-4.1831750393700791
11
6.5572268110236216
21
-4.1823528740157476
0
LINE
8
BLACK
6
CONTINUOUS
10
6.5572268110236216
20
-4.1823528740157476
11
6.5582005905511807
21
-4.1804053149606295
0
LINE
8
BLACK
6
CONTINUOUS
10
6.5582005905511807
20
-4.1804053149606295
11
6.5582005905511807
21
-4.1758001574803147
0
LINE
8
BLACK
6
CONTINUOUS
10
6.5582005905511807
20
-4.1758001574803147
11
6.5572268110236216
21
-4.1738525984251966
0
LINE
8
BLACK
6
CONTINUOUS
10
6.5572268110236216
20
-4.1738525984251966
11
6.5564045669291335
21
-4.1730303937007873
0
LINE
8
BLACK
6
CONTINUOUS
10
6.5564045669291335
20
-4.1730303937007873
11
6.5544570078740154
21
-4.1720566141732283
0
LINE
8
BLACK
6
CONTINUOUS
10
6.5544570078740154
20
-4.1720566141732283
11
6.5483520866141731
21
-4.1720566141732283
0
LINE
8
BLACK
6
CONTINUOUS
10
6.5483520866141731
20
-4.1720566141732283
11
6.5464044881889762
21
-4.1730303937007873
0
LINE
8
BLACK
6
CONTINUOUS
10
6.1134279133858263
20
-4.1400390944881886
11
6.1134762204724407
21
-4.1400786220472439
0
LINE
8
BLACK
6
CONTINUOUS
10
6.1134762204724407
20
-4.1400786220472439
11
6.1135386614173228
21
-4.1400786220472439
0
LINE
8
BLACK
6
CONTINUOUS
10
6.1135386614173228
20
-4.1400786220472439
11
6.1138196062992121
21
-4.140359566929134
0
LINE
8
BLACK
6
CONTINUOUS
10
6.1138196062992121
20
-4.140359566929134
11
6.1141275196850389
21
-4.1406114960629923
0
LINE
8
BLACK
6
CONTINUOUS
10
6.1141275196850389
20
-4.1406114960629923
11
6.11413374015748
21
-4.140673700787401
0
LINE
8
BLACK
6
CONTINUOUS
10
6.11413374015748
20
-4.140673700787401
11
6.1141779133858263
21
-4.1407178740157482
0
LINE
8
BLACK
6
CONTINUOUS
10
6.1141779133858263
20
-4.1407178740157482
11
6.1141779133858263
21
-4.1411155511811026
0
LINE
8
BLACK
6
CONTINUOUS
10
6.1141779133858263
20
-4.1411155511811026
11
6.1142174803149603
21
-4.1415110236220469
0
LINE
8
BLACK
6
CONTINUOUS
10
6.1142174803149603
20
-4.1415110236220469
11
6.1141779133858263
21
-4.1415593307086613
0
LINE
8
BLACK
6
CONTINUOUS
10
6.1141779133858263
20
-4.1415593307086613
11
6.114177952755905
21
-4.1416217716535435
0
LINE
8
BLACK
6
CONTINUOUS
10
6.114177952755905
20
-4.1416217716535435
11
6.1139219291338582
21
-4.1420050000000002
0
LINE
8
BLACK
6
CONTINUOUS
10
6.1139219291338582
20
-4.1420050000000002
11
6.1133075196850388
21
-4.1426194094488187
0
LINE
8
BLACK
6
CONTINUOUS
10
6.1133075196850388
20
-4.1426194094488187
11
6.1127680314960626
21
-4.1436984251968507
0
LINE
8
BLACK
6
CONTINUOUS
10
6.1127680314960626
20
-4.1436984251968507
11
6.1127680314960626
21
-4.1468902362204725
0
LINE
8
BLACK
6
CONTINUOUS
10
6.1127680314960626
20
-4.1468902362204725
11
6.1133075196850388
21
-4.1479692125984249
0
LINE
8
BLACK
6
CONTINUOUS
10
6.1133075196850388
20
-4.1479692125984249
11
6.1137864173228342
21
-4.1484481102362203
0
LINE
8
BLACK
6
CONTINUOUS
10
6.1137864173228342
20
-4.1484481102362203
11
6.1148653937007875
21
-4.1489875984251965
0
LINE
8
BLACK
6
CONTINUOUS
10
6.1148653937007875
20
-4.1489875984251965
11
6.1180572834645668
21
-4.1489875984251965
0
LINE
8
BLACK
6
CONTINUOUS
10
6.1180572834645668
20
-4.1489875984251965
11
6.1191362992125979
21
-4.1484480708661415
0
LINE
8
BLACK
6
CONTINUOUS
10
6.1191362992125979
20
-4.1484480708661415
11
6.1196150787401571
21
-4.1479692913385824
0
LINE
8
BLACK
6
CONTINUOUS
10
6.1196150787401571
20
-4.1479692913385824
11
6.120154606299212
21
-4.1468902755905512
0
LINE
8
BLACK
6
CONTINUOUS
10
6.120154606299212
20
-4.1468902755905512
11
6.120154606299212
21
-4.1436983464566932
0
LINE
8
BLACK
6
CONTINUOUS
10
6.120154606299212
20
-4.1436983464566932
11
6.1196150787401571
21
-4.1426193307086612
0
LINE
8
BLACK
6
CONTINUOUS
10
6.1196150787401571
20
-4.1426193307086612
11
6.1190007480314961
21
-4.1420050000000002
0
LINE
8
BLACK
6
CONTINUOUS
10
6.1190007480314961
20
-4.1420050000000002
11
6.1187447244094484
21
-4.1416218110236223
0
LINE
8
BLACK
6
CONTINUOUS
10
6.1187447244094484
20
-4.1416218110236223
11
6.1187447244094484
21
-4.1407178740157482
0
LINE
8
BLACK
6
CONTINUOUS
10
6.1187447244094484
20
-4.1407178740157482
11
6.119383937007874
21
-4.1400786614173226
0
LINE
8
BLACK
6
CONTINUOUS
10
6.119383937007874
20
-4.1400786614173226
11
6.120287874015748
21
-4.1400786614173226
0
LINE
8
BLACK
6
CONTINUOUS
10
6.120287874015748
20
-4.1400786614173226
11
6.1206710629921259
21
-4.1403346850393703
0
LINE
8
BLACK
6
CONTINUOUS
10
6.1206710629921259
20
-4.1403346850393703
11
6.1214209842519685
21
-4.1410846062992128
0
LINE
8
BLACK
6
CONTINUOUS
10
6.1214209842519685
20
-4.1410846062992128
11
6.1215261023622043
21
-4.1412419291338578
0
LINE
8
BLACK
6
CONTINUOUS
10
6.1215261023622043
20
-4.1412419291338578
11
6.1216422440944882
21
-4.1413915748031496
0
LINE
8
BLACK
6
CONTINUOUS
10
6.1216422440944882
20
-4.1413915748031496
11
6.122392125984252
21
-4.1428913779527559
0
LINE
8
BLACK
6
CONTINUOUS
10
6.122392125984252
20
-4.1428913779527559
11
6.1224077165354327
21
-4.1429483858267719
0
LINE
8
BLACK
6
CONTINUOUS
10
6.1224077165354327
20
-4.1429483858267719
11
6.122426889763779
21
-4.1429675590551183
0
LINE
8
BLACK
6
CONTINUOUS
10
6.122426889763779
20
-4.1429675590551183
11
6.1224638188976375
21
-4.1431533464566925
0
LINE
8
BLACK
6
CONTINUOUS
10
6.1224638188976375
20
-4.1431533464566925
11
6.1225138188976373
21
-4.1433358661417321
0
LINE
8
BLACK
6
CONTINUOUS
10
6.1225138188976373
20
-4.1433358661417321
11
6.1225052362204719
21
-4.1433614960629921
0
LINE
8
BLACK
6
CONTINUOUS
10
6.1225052362204719
20
-4.1433614960629921
11
6.1225168110236217
21
-4.1434195669291336
0
LINE
8
BLACK
6
CONTINUOUS
10
6.1225168110236217
20
-4.1434195669291336
11
6.1225168110236217
21
-4.1471690944881887
0
LINE
8
BLACK
6
CONTINUOUS
10
6.1225168110236217
20
-4.1471690944881887
11
6.1225052362204719
21
-4.1472271259842515
0
LINE
8
BLACK
6
CONTINUOUS
10
6.1225052362204719
20
-4.1472271259842515
11
6.1225138188976373
21
-4.1472527952755902
0
LINE
8
BLACK
6
CONTINUOUS
10
6.1225138188976373
20
-4.1472527952755902
11
6.1224638188976375
21
-4.147435275590551
0
LINE
8
BLACK
6
CONTINUOUS
10
6.1224638188976375
20
-4.147435275590551
11
6.122426889763779
21
-4.1476211023622049
0
LINE
8
BLACK
6
CONTINUOUS
10
6.122426889763779
20
-4.1476211023622049
11
6.1224077165354327
21
-4.1476402362204725
0
LINE
8
BLACK
6
CONTINUOUS
10
6.1224077165354327
20
-4.1476402362204725
11
6.122392125984252
21
-4.1476972834645665
0
LINE
8
BLACK
6
CONTINUOUS
10
6.122392125984252
20
-4.1476972834645665
11
6.1216422440944882
21
-4.1491970866141727
0
LINE
8
BLACK
6
CONTINUOUS
10
6.1216422440944882
20
-4.1491970866141727
11
6.1215261023622043
21
-4.1493466929133858
0
LINE
8
BLACK
6
CONTINUOUS
10
6.1215261023622043
20
-4.1493466929133858
11
6.1214209842519685
21
-4.1495040551181104
0
LINE
8
BLACK
6
CONTINUOUS
10
6.1214209842519685
20
-4.1495040551181104
11
6.1206710629921259
21
-4.1502539763779529
0
LINE
8
BLACK
6
CONTINUOUS
10
6.1206710629921259
20
-4.1502539763779529
11
6.1205137007874013
21
-4.15035905511811
0
LINE
8
BLACK
6
CONTINUOUS
10
6.1205137007874013
20
-4.15035905511811
11
6.1203640944881892
21
-4.1504752362204727
0
LINE
8
BLACK
6
CONTINUOUS
10
6.1203640944881892
20
-4.1504752362204727
11
6.1188642913385829
21
-4.1512251181102364
0
LINE
8
BLACK
6
CONTINUOUS
10
6.1188642913385829
20
-4.1512251181102364
11
6.1188072440944881
21
-4.1512407086614171
0
LINE
8
BLACK
6
CONTINUOUS
10
6.1188072440944881
20
-4.1512407086614171
11
6.1187881102362205
21
-4.1512598818897635
0
LINE
8
BLACK
6
CONTINUOUS
10
6.1187881102362205
20
-4.1512598818897635
11
6.1186022834645666
21
-4.1512968110236219
0
LINE
8
BLACK
6
CONTINUOUS
10
6.1186022834645666
20
-4.1512968110236219
11
6.1184198031496058
21
-4.1513468110236218
0
LINE
8
BLACK
6
CONTINUOUS
10
6.1184198031496058
20
-4.1513468110236218
11
6.1183941338582679
21
-4.1513382283464564
0
LINE
8
BLACK
6
CONTINUOUS
10
6.1183941338582679
20
-4.1513382283464564
11
6.1183361023622043
21
-4.1513498031496061
0
LINE
8
BLACK
6
CONTINUOUS
10
6.1183361023622043
20
-4.1513498031496061
11
6.1145865748031492
21
-4.1513498031496061
0
LINE
8
BLACK
6
CONTINUOUS
10
6.1145865748031492
20
-4.1513498031496061
11
6.1145285039370076
21
-4.1513382283464564
0
LINE
8
BLACK
6
CONTINUOUS
10
6.1145285039370076
20
-4.1513382283464564
11
6.1145028740157477
21
-4.1513468110236218
0
LINE
8
BLACK
6
CONTINUOUS
10
6.1145028740157477
20
-4.1513468110236218
11
6.1143203543307081
21
-4.1512968110236219
0
LINE
8
BLACK
6
CONTINUOUS
10
6.1143203543307081
20
-4.1512968110236219
11
6.1141345669291338
21
-4.1512598818897635
0
LINE
8
BLACK
6
CONTINUOUS
10
6.1141345669291338
20
-4.1512598818897635
11
6.1141153937007875
21
-4.1512407086614171
0
LINE
8
BLACK
6
CONTINUOUS
10
6.1141153937007875
20
-4.1512407086614171
11
6.1140583858267714
21
-4.1512251181102364
0
LINE
8
BLACK
6
CONTINUOUS
10
6.1140583858267714
20
-4.1512251181102364
11
6.1125585433070864
21
-4.1504752362204727
0
LINE
8
BLACK
6
CONTINUOUS
10
6.1125585433070864
20
-4.1504752362204727
11
6.1124088976377955
21
-4.1503590944881887
0
LINE
8
BLACK
6
CONTINUOUS
10
6.1124088976377955
20
-4.1503590944881887
11
6.1122515354330709
21
-4.1502539370078741
0
LINE
8
BLACK
6
CONTINUOUS
10
6.1122515354330709
20
-4.1502539370078741
11
6.1115016535433071
21
-4.1495040551181104
0
LINE
8
BLACK
6
CONTINUOUS
10
6.1115016535433071
20
-4.1495040551181104
11
6.1113964566929129
21
-4.1493465748031495
0
LINE
8
BLACK
6
CONTINUOUS
10
6.1113964566929129
20
-4.1493465748031495
11
6.1112804330708661
21
-4.1491971259842515
0
LINE
8
BLACK
6
CONTINUOUS
10
6.1112804330708661
20
-4.1491971259842515
11
6.1105305118110236
21
-4.1476973228346452
0
LINE
8
BLACK
6
CONTINUOUS
10
6.1105305118110236
20
-4.1476973228346452
11
6.1105148818897632
21
-4.1476402362204725
0
LINE
8
BLACK
6
CONTINUOUS
10
6.1105148818897632
20
-4.1476402362204725
11
6.1104957480314956
21
-4.1476211023622049
0
LINE
8
BLACK
6
CONTINUOUS
10
6.1104957480314956
20
-4.1476211023622049
11
6.1104587795275593
21
-4.1474353149606298
0
LINE
8
BLACK
6
CONTINUOUS
10
6.1104587795275593
20
-4.1474353149606298
11
6.1104088188976373
21
-4.1472527952755902
0
LINE
8
BLACK
6
CONTINUOUS
10
6.1104088188976373
20
-4.1472527952755902
11
6.110417362204724
21
-4.1472271259842515
0
LINE
8
BLACK
6
CONTINUOUS
10
6.110417362204724
20
-4.1472271259842515
11
6.110405826771653
21
-4.1471690944881887
0
LINE
8
BLACK
6
CONTINUOUS
10
6.110405826771653
20
-4.1471690944881887
11
6.110405826771653
21
-4.1434195669291336
0
LINE
8
BLACK
6
CONTINUOUS
10
6.110405826771653
20
-4.1434195669291336
11
6.110417362204724
21
-4.1433614960629921
0
LINE
8
BLACK
6
CONTINUOUS
10
6.110417362204724
20
-4.1433614960629921
11
6.1104088188976373
21
-4.1433358661417321
0
LINE
8
BLACK
6
CONTINUOUS
10
6.1104088188976373
20
-4.1433358661417321
11
6.1104587795275593
21
-4.1431533070866138
0
LINE
8
BLACK
6
CONTINUOUS
10
6.1104587795275593
20
-4.1431533070866138
11
6.1104957480314956
21
-4.1429675590551183
0
LINE
8
BLACK
6
CONTINUOUS
10
6.1104957480314956
20
-4.1429675590551183
11
6.1105148818897632
21
-4.1429483858267719
0
LINE
8
BLACK
6
CONTINUOUS
10
6.1105148818897632
20
-4.1429483858267719
11
6.1105305118110236
21
-4.1428913385826771
0
LINE
8
BLACK
6
CONTINUOUS
10
6.1105305118110236
20
-4.1428913385826771
11
6.1106772834645664
21
-4.1425977559055118
0
LINE
8
BLACK
6
CONTINUOUS
10
6.1106772834645664
20
-4.1425977559055118
11
6.1067687795275587
21
-4.1429886220472438
0
LINE
8
BLACK
6
CONTINUOUS
10
6.1067687795275587
20
-4.1429886220472438
11
6.1067687795275587
21
-4.1494188188976375
0
LINE
8
BLACK
6
CONTINUOUS
10
6.1067687795275587
20
-4.1494188188976375
11
6.1066788582677161
21
-4.1498708267716538
0
LINE
8
BLACK
6
CONTINUOUS
10
6.1066788582677161
20
-4.1498708267716538
11
6.1060396850393701
21
-4.1505099999999997
0
LINE
8
BLACK
6
CONTINUOUS
10
6.1060396850393701
20
-4.1505099999999997
11
6.1051356692913386
21
-4.1505099999999997
0
LINE
8
BLACK
6
CONTINUOUS
10
6.1051356692913386
20
-4.1505099999999997
11
6.1044964960629917
21
-4.1498708267716538
0
LINE
8
BLACK
6
CONTINUOUS
10
6.1044964960629917
20
-4.1498708267716538
11
6.1044065748031491
21
-4.1494188188976375
0
LINE
8
BLACK
6
CONTINUOUS
10
6.1044065748031491
20
-4.1494188188976375
11
6.1044065748031491
21
-4.1419197637795273
0
LINE
8
BLACK
6
CONTINUOUS
10
6.1044065748031491
20
-4.1419197637795273
11
6.1044627559055114
21
-4.1416371653543305
0
LINE
8
BLACK
6
CONTINUOUS
10
6.1044627559055114
20
-4.1416371653543305
11
6.1044569291338577
21
-4.1415785826771652
0
LINE
8
BLACK
6
CONTINUOUS
10
6.1044569291338577
20
-4.1415785826771652
11
6.1044800393700784
21
-4.1415502755905509
0
LINE
8
BLACK
6
CONTINUOUS
10
6.1044800393700784
20
-4.1415502755905509
11
6.1044964960629917
21
-4.141467755905512
0
LINE
8
BLACK
6
CONTINUOUS
10
6.1044964960629917
20
-4.141467755905512
11
6.1047775590551181
21
-4.1411866535433068
0
LINE
8
BLACK
6
CONTINUOUS
10
6.1047775590551181
20
-4.1411866535433068
11
6.1050293307086614
21
-4.1408789763779525
0
LINE
8
BLACK
6
CONTINUOUS
10
6.1050293307086614
20
-4.1408789763779525
11
6.1051098031496061
21
-4.1408544094488189
0
LINE
8
BLACK
6
CONTINUOUS
10
6.1051098031496061
20
-4.1408544094488189
11
6.1051356692913386
21
-4.1408285826771651
0
LINE
8
BLACK
6
CONTINUOUS
10
6.1051356692913386
20
-4.1408285826771651
11
6.1051945669291339
21
-4.1408285826771651
0
LINE
8
BLACK
6
CONTINUOUS
10
6.1051945669291339
20
-4.1408285826771651
11
6.1054701574803145
21
-4.1407445275590549
0
LINE
8
BLACK
6
CONTINUOUS
10
6.1054701574803145
20
-4.1407445275590549
11
6.1129692125984247
21
-4.1399946062992123
0
LINE
8
BLACK
6
CONTINUOUS
10
6.1129692125984247
20
-4.1399946062992123
11
6.1134279133858263
21
-4.1400390944881886
0
LINE
8
BLACK
6
CONTINUOUS
10
6.1147285433070868
20
-4.1242689370078738
11
6.1148730314960629
21
-4.1242759842519687
0
LINE
8
BLACK
6
CONTINUOUS
10
6.1148730314960629
20
-4.1242759842519687
11
6.1178726377952755
21
-4.1250259055118113
0
LINE
8
BLACK
6
CONTINUOUS
10
6.1178726377952755
20
-4.1250259055118113
11
6.1179895669291335
21
-4.1250811417322835
0
LINE
8
BLACK
6
CONTINUOUS
10
6.1179895669291335
20
-4.1250811417322835
11
6.1181143700787404
21
-4.1251153149606301
0
LINE
8
BLACK
6
CONTINUOUS
10
6.1181143700787404
20
-4.1251153149606301
11
6.1196141732283467
21
-4.1258651968503939
0
LINE
8
BLACK
6
CONTINUOUS
10
6.1196141732283467
20
-4.1258651968503939
11
6.1197636614173225
21
-4.1259812204724406
0
LINE
8
BLACK
6
CONTINUOUS
10
6.1197636614173225
20
-4.1259812204724406
11
6.1199211417322834
21
-4.1260864566929136
0
LINE
8
BLACK
6
CONTINUOUS
10
6.1199211417322834
20
-4.1260864566929136
11
6.1214209842519685
21
-4.1275862204724412
0
LINE
8
BLACK
6
CONTINUOUS
10
6.1214209842519685
20
-4.1275862204724412
11
6.1214538582677163
21
-4.127635433070866
0
LINE
8
BLACK
6
CONTINUOUS
10
6.1214538582677163
20
-4.127635433070866
11
6.1214780708661412
21
-4.1276475590551183
0
LINE
8
BLACK
6
CONTINUOUS
10
6.1214780708661412
20
-4.1276475590551183
11
6.1215718503937007
21
-4.1278120472440945
0
LINE
8
BLACK
6
CONTINUOUS
10
6.1215718503937007
20
-4.1278120472440945
11
6.1216770078740153
21
-4.1279694488188978
0
LINE
8
BLACK
6
CONTINUOUS
10
6.1216770078740153
20
-4.1279694488188978
11
6.1216770078740153
21
-4.1279964566929133
0
LINE
8
BLACK
6
CONTINUOUS
10
6.1216770078740153
20
-4.1279964566929133
11
6.1217063385826771
21
-4.128047913385827
0
LINE
8
BLACK
6
CONTINUOUS
10
6.1217063385826771
20
-4.128047913385827
11
6.1224562204724409
21
-4.1302976771653546
0
LINE
8
BLACK
6
CONTINUOUS
10
6.1224562204724409
20
-4.1302976771653546
11
6.1224798425196845
21
-4.1304854724409452
0
LINE
8
BLACK
6
CONTINUOUS
10
6.1224798425196845
20
-4.1304854724409452
11
6.1225168110236217
21
-4.1306711417322832
0
LINE
8
BLACK
6
CONTINUOUS
10
6.1225168110236217
20
-4.1306711417322832
11
6.1225168110236217
21
-4.1321709842519683
0
LINE
8
BLACK
6
CONTINUOUS
10
6.1225168110236217
20
-4.1321709842519683
11
6.1224798818897632
21
-4.1323565748031497
0
LINE
8
BLACK
6
CONTINUOUS
10
6.1224798818897632
20
-4.1323565748031497
11
6.1224562204724409
21
-4.1325444881889766
0
LINE
8
BLACK
6
CONTINUOUS
10
6.1224562204724409
20
-4.1325444881889766
11
6.1217063385826771
21
-4.1347941732283466
0
LINE
8
BLACK
6
CONTINUOUS
10
6.1217063385826771
20
-4.1347941732283466
11
6.121677047244094
21
-4.1348455118110232
0
LINE
8
BLACK
6
CONTINUOUS
10
6.121677047244094
20
-4.1348455118110232
11
6.121677047244094
21
-4.1348726377952758
0
LINE
8
BLACK
6
CONTINUOUS
10
6.121677047244094
20
-4.1348726377952758
11
6.1215717716535432
21
-4.1350301181102358
0
LINE
8
BLACK
6
CONTINUOUS
10
6.1215717716535432
20
-4.1350301181102358
11
6.1214780708661412
21
-4.1351945275590554
0
LINE
8
BLACK
6
CONTINUOUS
10
6.1214780708661412
20
-4.1351945275590554
11
6.1214538188976375
21
-4.135206614173228
0
LINE
8
BLACK
6
CONTINUOUS
10
6.1214538188976375
20
-4.135206614173228
11
6.1214209842519685
21
-4.1352558267716537
0
LINE
8
BLACK
6
CONTINUOUS
10
6.1214209842519685
20
-4.1352558267716537
11
6.1206710629921259
21
-4.1360057480314962
0
LINE
8
BLACK
6
CONTINUOUS
10
6.1206710629921259
20
-4.1360057480314962
11
6.120287874015748
21
-4.136261771653543
0
LINE
8
BLACK
6
CONTINUOUS
10
6.120287874015748
20
-4.136261771653543
11
6.119383937007874
21
-4.136261771653543
0
LINE
8
BLACK
6
CONTINUOUS
10
6.119383937007874
20
-4.136261771653543
11
6.1187447244094484
21
-4.1356225590551183
0
LINE
8
BLACK
6
CONTINUOUS
10
6.1187447244094484
20
-4.1356225590551183
11
6.1187447244094484
21
-4.1347186220472443
0
LINE
8
BLACK
6
CONTINUOUS
10
6.1187447244094484
20
-4.1347186220472443
11
6.1190007480314961
21
-4.1343354330708664
0
LINE
8
BLACK
6
CONTINUOUS
10
6.1190007480314961
20
-4.1343354330708664
11
6.11955342519685
21
-4.1337827165354328
0
LINE
8
BLACK
6
CONTINUOUS
10
6.11955342519685
20
-4.1337827165354328
11
6.120154606299212
21
-4.1319792519685041
0
LINE
8
BLACK
6
CONTINUOUS
10
6.120154606299212
20
-4.1319792519685041
11
6.120154606299212
21
-4.1308628346456695
0
LINE
8
BLACK
6
CONTINUOUS
10
6.120154606299212
20
-4.1308628346456695
11
6.11955342519685
21
-4.1290593700787399
0
LINE
8
BLACK
6
CONTINUOUS
10
6.11955342519685
20
-4.1290593700787399
11
6.1183863779527554
21
-4.1278923228346454
0
LINE
8
BLACK
6
CONTINUOUS
10
6.1183863779527554
20
-4.1278923228346454
11
6.1171738976377954
21
-4.127286062992126
0
LINE
8
BLACK
6
CONTINUOUS
10
6.1171738976377954
20
-4.127286062992126
11
6.1144412204724405
21
-4.1266029133858266
0
LINE
8
BLACK
6
CONTINUOUS
10
6.1144412204724405
20
-4.1266029133858266
11
6.112482204724409
21
-4.1266029133858266
0
LINE
8
BLACK
6
CONTINUOUS
10
6.112482204724409
20
-4.1266029133858266
11
6.1097494488188975
21
-4.1272861023622047
0
LINE
8
BLACK
6
CONTINUOUS
10
6.1097494488188975
20
-4.1272861023622047
11
6.1085370472440941
21
-4.1278922834645666
0
LINE
8
BLACK
6
CONTINUOUS
10
6.1085370472440941
20
-4.1278922834645666
11
6.1073698818897633
21
-4.1290594094488187
0
LINE
8
BLACK
6
CONTINUOUS
10
6.1073698818897633
20
-4.1290594094488187
11
6.1067687795275587
21
-4.130862755905512
0
LINE
8
BLACK
6
CONTINUOUS
10
6.1067687795275587
20
-4.130862755905512
11
6.1067687795275587
21
-4.1319793307086616
0
LINE
8
BLACK
6
CONTINUOUS
10
6.1067687795275587
20
-4.1319793307086616
11
6.1073698818897633
21
-4.1337825984251966
0
LINE
8
BLACK
6
CONTINUOUS
10
6.1073698818897633
20
-4.1337825984251966
11
6.1079226771653543
21
-4.1343354330708664
0
LINE
8
BLACK
6
CONTINUOUS
10
6.1079226771653543
20
-4.1343354330708664
11
6.1081787007874011
21
-4.134718661417323
0
LINE
8
BLACK
6
CONTINUOUS
10
6.1081787007874011
20
-4.134718661417323
11
6.1081786614173224
21
-4.1356225590551183
0
LINE
8
BLACK
6
CONTINUOUS
10
6.1081786614173224
20
-4.1356225590551183
11
6.1075394094488189
21
-4.1362618110236218
0
LINE
8
BLACK
6
CONTINUOUS
10
6.1075394094488189
20
-4.1362618110236218
11
6.1066354724409448
21
-4.136261771653543
0
LINE
8
BLACK
6
CONTINUOUS
10
6.1066354724409448
20
-4.136261771653543
11
6.1062522834645669
21
-4.1360057086614175
0
LINE
8
BLACK
6
CONTINUOUS
10
6.1062522834645669
20
-4.1360057086614175
11
6.1055024015748032
21
-4.1352558267716537
0
LINE
8
BLACK
6
CONTINUOUS
10
6.1055024015748032
20
-4.1352558267716537
11
6.1054694881889766
21
-4.1352065748031492
0
LINE
8
BLACK
6
CONTINUOUS
10
6.1054694881889766
20
-4.1352065748031492
11
6.1054453543307083
21
-4.1351945275590554
0
LINE
8
BLACK
6
CONTINUOUS
10
6.1054453543307083
20
-4.1351945275590554
11
6.1053517322834647
21
-4.1350302755905508
0
LINE
8
BLACK
6
CONTINUOUS
10
6.1053517322834647
20
-4.1350302755905508
11
6.1052463779527555
21
-4.1348725984251971
0
LINE
8
BLACK
6
CONTINUOUS
10
6.1052463779527555
20
-4.1348725984251971
11
6.1052463779527555
21
-4.1348454724409445
0
LINE
8
BLACK
6
CONTINUOUS
10
6.1052463779527555
20
-4.1348454724409445
11
6.105217125984252
21
-4.1347941732283466
0
LINE
8
BLACK
6
CONTINUOUS
10
6.105217125984252
20
-4.1347941732283466
11
6.1044672047244095
21
-4.1325444881889766
0
LINE
8
BLACK
6
CONTINUOUS
10
6.1044672047244095
20
-4.1325444881889766
11
6.1044435433070863
21
-4.1323568503937009
0
LINE
8
BLACK
6
CONTINUOUS
10
6.1044435433070863
20
-4.1323568503937009
11
6.1044065748031491
21
-4.1321709842519683
0
LINE
8
BLACK
6
CONTINUOUS
10
6.1044065748031491
20
-4.1321709842519683
11
6.1044065748031491
21
-4.1306711417322832
0
LINE
8
BLACK
6
CONTINUOUS
10
6.1044065748031491
20
-4.1306711417322832
11
6.1044435433070863
21
-4.1304852362204727
0
LINE
8
BLACK
6
CONTINUOUS
10
6.1044435433070863
20
-4.1304852362204727
11
6.1044672047244095
21
-4.1302976377952758
0
LINE
8
BLACK
6
CONTINUOUS
10
6.1044672047244095
20
-4.1302976377952758
11
6.105217125984252
21
-4.128047913385827
0
LINE
8
BLACK
6
CONTINUOUS
10
6.105217125984252
20
-4.128047913385827
11
6.1052464173228342
21
-4.127996496062992
0
LINE
8
BLACK
6
CONTINUOUS
10
6.1052464173228342
20
-4.127996496062992
11
6.1052464173228342
21
-4.1279694488188978
0
LINE
8
BLACK
6
CONTINUOUS
10
6.1052464173228342
20
-4.1279694488188978
11
6.1053515748031497
21
-4.1278120078740157
0
LINE
8
BLACK
6
CONTINUOUS
10
6.1053515748031497
20
-4.1278120078740157
11
6.1054453543307083
21
-4.1276475590551183
0
LINE
8
BLACK
6
CONTINUOUS
10
6.1054453543307083
20
-4.1276475590551183
11
6.1054695669291341
21
-4.127635433070866
0
LINE
8
BLACK
6
CONTINUOUS
10
6.1054695669291341
20
-4.127635433070866
11
6.1055024409448819
21
-4.1275862598425199
0
LINE
8
BLACK
6
CONTINUOUS
10
6.1055024409448819
20
-4.1275862598425199
11
6.1070022047244095
21
-4.1260864566929136
0
LINE
8
BLACK
6
CONTINUOUS
10
6.1070022047244095
20
-4.1260864566929136
11
6.1071595669291341
21
-4.1259812992125982
0
LINE
8
BLACK
6
CONTINUOUS
10
6.1071595669291341
20
-4.1259812992125982
11
6.107309212598425
21
-4.1258651968503939
0
LINE
8
BLACK
6
CONTINUOUS
10
6.107309212598425
20
-4.1258651968503939
11
6.1088090157480313
21
-4.1251153149606301
0
LINE
8
BLACK
6
CONTINUOUS
10
6.1088090157480313
20
-4.1251153149606301
11
6.1089337795275593
21
-4.1250811417322835
0
LINE
8
BLACK
6
CONTINUOUS
10
6.1089337795275593
20
-4.1250811417322835
11
6.1090507480314962
21
-4.1250259055118113
0
LINE
8
BLACK
6
CONTINUOUS
10
6.1090507480314962
20
-4.1250259055118113
11
6.1120503937007875
21
-4.1242759842519687
0
LINE
8
BLACK
6
CONTINUOUS
10
6.1120503937007875
20
-4.1242759842519687
11
6.1121948425196848
21
-4.1242689370078738
0
LINE
8
BLACK
6
CONTINUOUS
10
6.1121948425196848
20
-4.1242689370078738
11
6.1123368503937003
21
-4.124240708661417
0
LINE
8
BLACK
6
CONTINUOUS
10
6.1123368503937003
20
-4.124240708661417
11
6.1145865748031492
21
-4.124240708661417
0
LINE
8
BLACK
6
CONTINUOUS
10
6.1145865748031492
20
-4.124240708661417
11
6.1147285433070868
21
-4.1242689370078738
0
LINE
8
BLACK
6
CONTINUOUS
10
6.1306745669291338
20
-4.1044805511811022
11
6.1317399212598422
21
-4.1055459055118106
0
LINE
8
BLACK
6
CONTINUOUS
10
6.1317399212598422
20
-4.1055459055118106
11
6.1318897637795278
21
-4.106299212598425
0
LINE
8
BLACK
6
CONTINUOUS
10
6.1318897637795278
20
-4.106299212598425
11
6.1318897637795278
21
-4.1692913385826769
0
LINE
8
BLACK
6
CONTINUOUS
10
6.1318897637795278
20
-4.1692913385826769
11
6.1317399212598422
21
-4.1700446456692912
0
LINE
8
BLACK
6
CONTINUOUS
10
6.1317399212598422
20
-4.1700446456692912
11
6.1306745669291338
21
-4.1711099999999997
0
LINE
8
BLACK
6
CONTINUOUS
10
6.1306745669291338
20
-4.1711099999999997
11
6.1299212598425195
21
-4.1712598425196852
0
LINE
8
BLACK
6
CONTINUOUS
10
6.1299212598425195
20
-4.1712598425196852
11
6.0984251968503935
21
-4.1712598425196852
0
LINE
8
BLACK
6
CONTINUOUS
10
6.0984251968503935
20
-4.1712598425196852
11
6.0976718897637792
21
-4.1711099999999997
0
LINE
8
BLACK
6
CONTINUOUS
10
6.0976718897637792
20
-4.1711099999999997
11
6.0966065354330707
21
-4.1700446456692912
0
LINE
8
BLACK
6
CONTINUOUS
10
6.0966065354330707
20
-4.1700446456692912
11
6.0964566929133861
21
-4.1692913385826769
0
LINE
8
BLACK
6
CONTINUOUS
10
6.0964566929133861
20
-4.1692913385826769
11
6.0964566929133861
21
-4.106299212598425
0
LINE
8
BLACK
6
CONTINUOUS
10
6.0964566929133861
20
-4.106299212598425
11
6.0966065354330707
21
-4.1055459055118106
0
LINE
8
BLACK
6
CONTINUOUS
10
6.0966065354330707
20
-4.1055459055118106
11
6.0976718897637792
21
-4.1044805511811022
0
LINE
8
BLACK
6
CONTINUOUS
10
6.0976718897637792
20
-4.1044805511811022
11
6.0984251968503935
21
-4.1043307086614176
0
LINE
8
BLACK
6
CONTINUOUS
10
6.0984251968503935
20
-4.1043307086614176
11
6.1299212598425195
21
-4.1043307086614176
0
LINE
8
BLACK
6
CONTINUOUS
10
6.1299212598425195
20
-4.1043307086614176
11
6.1306745669291338
21
-4.1044805511811022
0
LINE
8
BLACK
6
CONTINUOUS
10
6.1003937007874018
20
-4.1082677165354333
11
6.1003937007874018
21
-4.1673228346456694
0
LINE
8
BLACK
6
CONTINUOUS
10
6.1003937007874018
20
-4.1673228346456694
11
6.127952755905512
21
-4.1673228346456694
0
LINE
8
BLACK
6
CONTINUOUS
10
6.127952755905512
20
-4.1673228346456694
11
6.127952755905512
21
-4.1082677165354333
0
LINE
8
BLACK
6
CONTINUOUS
10
6.127952755905512
20
-4.1082677165354333
11
6.1003937007874018
21
-4.1082677165354333
0
LINE
8
BLACK
6
CONTINUOUS
10
6.5492553543307084
20
-4.1361647244094488
11
6.5492983858267717
21
-4.1361583464566927
0
LINE
8
BLACK
6
CONTINUOUS
10
6.5492983858267717
20
-4.1361583464566927
11
6.5495138976377953
21
-4.1361901968503938
0
LINE
8
BLACK
6
CONTINUOUS
10
6.5495138976377953
20
-4.1361901968503938
11
6.5497309055118107
21
-4.1362115748031494
0
LINE
8
BLACK
6
CONTINUOUS
10
6.5497309055118107
20
-4.1362115748031494
11
6.549771062992126
21
-4.1362281889763777
0
LINE
8
BLACK
6
CONTINUOUS
10
6.549771062992126
20
-4.1362281889763777
11
6.549871023622047
21
-4.1362429921259842
0
LINE
8
BLACK
6
CONTINUOUS
10
6.549871023622047
20
-4.1362429921259842
11
6.5558702755905509
21
-4.1377428346456693
0
LINE
8
BLACK
6
CONTINUOUS
10
6.5558702755905509
20
-4.1377428346456693
11
6.5559127559055117
21
-4.1377579921259837
0
LINE
8
BLACK
6
CONTINUOUS
10
6.5559127559055117
20
-4.1377579921259837
11
6.5559339763779523
21
-4.1377595275590551
0
LINE
8
BLACK
6
CONTINUOUS
10
6.5559339763779523
20
-4.1377595275590551
11
6.5561731496062992
21
-4.1378510236220469
0
LINE
8
BLACK
6
CONTINUOUS
10
6.5561731496062992
20
-4.1378510236220469
11
6.5564153543307082
21
-4.1379375984251965
0
LINE
8
BLACK
6
CONTINUOUS
10
6.5564153543307082
20
-4.1379375984251965
11
6.5564324803149603
21
-4.1379502755905513
0
LINE
8
BLACK
6
CONTINUOUS
10
6.5564324803149603
20
-4.1379502755905513
11
6.5564746062992123
21
-4.1379664173228345
0
LINE
8
BLACK
6
CONTINUOUS
10
6.5564746062992123
20
-4.1379664173228345
11
6.5594742125984249
21
-4.1394662204724408
0
LINE
8
BLACK
6
CONTINUOUS
10
6.5594742125984249
20
-4.1394662204724408
11
6.5597220866141734
21
-4.1396222440944879
0
LINE
8
BLACK
6
CONTINUOUS
10
6.5597220866141734
20
-4.1396222440944879
11
6.5597941338582677
21
-4.1396520866141735
0
LINE
8
BLACK
6
CONTINUOUS
10
6.5597941338582677
20
-4.1396520866141735
11
6.5598751574803149
21
-4.1397185826771654
0
LINE
8
BLACK
6
CONTINUOUS
10
6.5598751574803149
20
-4.1397185826771654
11
6.5599640944881887
21
-4.1397745669291339
0
LINE
8
BLACK
6
CONTINUOUS
10
6.5599640944881887
20
-4.1397745669291339
11
6.5600152362204724
21
-4.1398335433070867
0
LINE
8
BLACK
6
CONTINUOUS
10
6.5600152362204724
20
-4.1398335433070867
11
6.5602415748031495
21
-4.1400192913385823
0
LINE
8
BLACK
6
CONTINUOUS
10
6.5602415748031495
20
-4.1400192913385823
11
6.5617414173228346
21
-4.1415190944881886
0
LINE
8
BLACK
6
CONTINUOUS
10
6.5617414173228346
20
-4.1415190944881886
11
6.5619272440944885
21
-4.1417455118110231
0
LINE
8
BLACK
6
CONTINUOUS
10
6.5619272440944885
20
-4.1417455118110231
11
6.5619862204724404
21
-4.1417966535433068
0
LINE
8
BLACK
6
CONTINUOUS
10
6.5619862204724404
20
-4.1417966535433068
11
6.5620420866141727
21
-4.1418854330708657
0
LINE
8
BLACK
6
CONTINUOUS
10
6.5620420866141727
20
-4.1418854330708657
11
6.562108661417323
21
-4.1419665354330704
0
LINE
8
BLACK
6
CONTINUOUS
10
6.562108661417323
20
-4.1419665354330704
11
6.5621385039370077
21
-4.1420385826771655
0
LINE
8
BLACK
6
CONTINUOUS
10
6.5621385039370077
20
-4.1420385826771655
11
6.5622945669291335
21
-4.1422865354330707
0
LINE
8
BLACK
6
CONTINUOUS
10
6.5622945669291335
20
-4.1422865354330707
11
6.5637943700787398
21
-4.145286181102362
0
LINE
8
BLACK
6
CONTINUOUS
10
6.5637943700787398
20
-4.145286181102362
11
6.5640012598425193
21
-4.145826811023622
0
LINE
8
BLACK
6
CONTINUOUS
10
6.5640012598425193
20
-4.145826811023622
11
6.5640087401574805
21
-4.1459325984251967
0
LINE
8
BLACK
6
CONTINUOUS
10
6.5640087401574805
20
-4.1459325984251967
11
6.5640493700787399
21
-4.1460306299212597
0
LINE
8
BLACK
6
CONTINUOUS
10
6.5640493700787399
20
-4.1460306299212597
11
6.5641061023622047
21
-4.1466066929133856
0
LINE
8
BLACK
6
CONTINUOUS
10
6.5641061023622047
20
-4.1466066929133856
11
6.5641061023622047
21
-4.1496062992125982
0
LINE
8
BLACK
6
CONTINUOUS
10
6.5641061023622047
20
-4.1496062992125982
11
6.5640493700787399
21
-4.150182362204724
0
LINE
8
BLACK
6
CONTINUOUS
10
6.5640493700787399
20
-4.150182362204724
11
6.5640087401574805
21
-4.1502803543307083
0
LINE
8
BLACK
6
CONTINUOUS
10
6.5640087401574805
20
-4.1502803543307083
11
6.5640012598425193
21
-4.1503861811023617
0
LINE
8
BLACK
6
CONTINUOUS
10
6.5640012598425193
20
-4.1503861811023617
11
6.5637943700787398
21
-4.1509268110236217
0
LINE
8
BLACK
6
CONTINUOUS
10
6.5637943700787398
20
-4.1509268110236217
11
6.5622945669291335
21
-4.153926456692913
0
LINE
8
BLACK
6
CONTINUOUS
10
6.5622945669291335
20
-4.153926456692913
11
6.5621385039370077
21
-4.1541743700787404
0
LINE
8
BLACK
6
CONTINUOUS
10
6.5621385039370077
20
-4.1541743700787404
11
6.562108661417323
21
-4.1542464566929134
0
LINE
8
BLACK
6
CONTINUOUS
10
6.562108661417323
20
-4.1542464566929134
11
6.5620420866141727
21
-4.1543275196850393
0
LINE
8
BLACK
6
CONTINUOUS
10
6.5620420866141727
20
-4.1543275196850393
11
6.5619862204724404
21
-4.1544163385826769
0
LINE
8
BLACK
6
CONTINUOUS
10
6.5619862204724404
20
-4.1544163385826769
11
6.5619272440944885
21
-4.1544674409448819
0
LINE
8
BLACK
6
CONTINUOUS
10
6.5619272440944885
20
-4.1544674409448819
11
6.5617414173228346
21
-4.1546938976377952
0
LINE
8
BLACK
6
CONTINUOUS
10
6.5617414173228346
20
-4.1546938976377952
11
6.5602415748031495
21
-4.1561937007874015
0
LINE
8
BLACK
6
CONTINUOUS
10
6.5602415748031495
20
-4.1561937007874015
11
6.5600152362204724
21
-4.1563794094488191
0
LINE
8
BLACK
6
CONTINUOUS
10
6.5600152362204724
20
-4.1563794094488191
11
6.5599640944881887
21
-4.1564384251968507
0
LINE
8
BLACK
6
CONTINUOUS
10
6.5599640944881887
20
-4.1564384251968507
11
6.5598751574803149
21
-4.1564943700787405
0
LINE
8
BLACK
6
CONTINUOUS
10
6.5598751574803149
20
-4.1564943700787405
11
6.5597941338582677
21
-4.1565609055118111
0
LINE
8
BLACK
6
CONTINUOUS
10
6.5597941338582677
20
-4.1565609055118111
11
6.5597220866141734
21
-4.1565907086614171
0
LINE
8
BLACK
6
CONTINUOUS
10
6.5597220866141734
20
-4.1565907086614171
11
6.5594742125984249
21
-4.1567467716535429
0
LINE
8
BLACK
6
CONTINUOUS
10
6.5594742125984249
20
-4.1567467716535429
11
6.5564746062992123
21
-4.1582465748031492
0
LINE
8
BLACK
6
CONTINUOUS
10
6.5564746062992123
20
-4.1582465748031492
11
6.5564324803149603
21
-4.1582626771653546
0
LINE
8
BLACK
6
CONTINUOUS
10
6.5564324803149603
20
-4.1582626771653546
11
6.5564153543307082
21
-4.1582753937007872
0
LINE
8
BLACK
6
CONTINUOUS
10
6.5564153543307082
20
-4.1582753937007872
11
6.5561733858267717
21
-4.1583618110236218
0
LINE
8
BLACK
6
CONTINUOUS
10
6.5561733858267717
20
-4.1583618110236218
11
6.5559339763779523
21
-4.1584534645669287
0
LINE
8
BLACK
6
CONTINUOUS
10
6.5559339763779523
20
-4.1584534645669287
11
6.5559127165354329
21
-4.1584549606299213
0
LINE
8
BLACK
6
CONTINUOUS
10
6.5559127165354329
20
-4.1584549606299213
11
6.5558702362204722
21
-4.1584701574803145
0
LINE
8
BLACK
6
CONTINUOUS
10
6.5558702362204722
20
-4.1584701574803145
11
6.5498709842519682
21
-4.1599699606299207
0
LINE
8
BLACK
6
CONTINUOUS
10
6.5498709842519682
20
-4.1599699606299207
11
6.5497711023622047
21
-4.1599846850393698
0
LINE
8
BLACK
6
CONTINUOUS
10
6.5497711023622047
20
-4.1599846850393698
11
6.5497309055118107
21
-4.1600013779527556
0
LINE
8
BLACK
6
CONTINUOUS
10
6.5497309055118107
20
-4.1600013779527556
11
6.5495137795275591
21
-4.1600227559055121
0
LINE
8
BLACK
6
CONTINUOUS
10
6.5495137795275591
20
-4.1600227559055121
11
6.549298346456693
21
-4.1600546062992123
0
LINE
8
BLACK
6
CONTINUOUS
10
6.549298346456693
20
-4.1600546062992123
11
6.5492553543307084
21
-4.1600481889763783
0
LINE
8
BLACK
6
CONTINUOUS
10
6.5492553543307084
20
-4.1600481889763783
11
6.5491548425196848
21
-4.1600581102362204
0
LINE
8
BLACK
6
CONTINUOUS
10
6.5491548425196848
20
-4.1600581102362204
11
6.5416557874015746
21
-4.1600581102362204
0
LINE
8
BLACK
6
CONTINUOUS
10
6.5416557874015746
20
-4.1600581102362204
11
6.5415553937007873
21
-4.1600481889763783
0
LINE
8
BLACK
6
CONTINUOUS
10
6.5415553937007873
20
-4.1600481889763783
11
6.5415122834645665
21
-4.1600546456692911
0
LINE
8
BLACK
6
CONTINUOUS
10
6.5415122834645665
20
-4.1600546456692911
11
6.5412963385826774
21
-4.1600226771653546
0
LINE
8
BLACK
6
CONTINUOUS
10
6.5412963385826774
20
-4.1600226771653546
11
6.5410797244094487
21
-4.1600013779527556
0
LINE
8
BLACK
6
CONTINUOUS
10
6.5410797244094487
20
-4.1600013779527556
11
6.5410395275590547
21
-4.1599847244094486
0
LINE
8
BLACK
6
CONTINUOUS
10
6.5410395275590547
20
-4.1599847244094486
11
6.5409396456692912
21
-4.1599699606299207
0
LINE
8
BLACK
6
CONTINUOUS
10
6.5409396456692912
20
-4.1599699606299207
11
6.5349403937007873
21
-4.1584701574803145
0
LINE
8
BLACK
6
CONTINUOUS
10
6.5349403937007873
20
-4.1584701574803145
11
6.5348978740157477
21
-4.1584549606299213
0
LINE
8
BLACK
6
CONTINUOUS
10
6.5348978740157477
20
-4.1584549606299213
11
6.5348766535433072
21
-4.1584534645669287
0
LINE
8
BLACK
6
CONTINUOUS
10
6.5348766535433072
20
-4.1584534645669287
11
6.534637204724409
21
-4.1583618110236218
0
LINE
8
BLACK
6
CONTINUOUS
10
6.534637204724409
20
-4.1583618110236218
11
6.5343952755905512
21
-4.1582753937007872
0
LINE
8
BLACK
6
CONTINUOUS
10
6.5343952755905512
20
-4.1582753937007872
11
6.5343781102362204
21
-4.1582626771653546
0
LINE
8
BLACK
6
CONTINUOUS
10
6.5343781102362204
20
-4.1582626771653546
11
6.5343360236220471
21
-4.1582465748031492
0
LINE
8
BLACK
6
CONTINUOUS
10
6.5343360236220471
20
-4.1582465748031492
11
6.5313363779527558
21
-4.1567467716535429
0
LINE
8
BLACK
6
CONTINUOUS
10
6.5313363779527558
20
-4.1567467716535429
11
6.5310883464566931
21
-4.1565906692913384
0
LINE
8
BLACK
6
CONTINUOUS
10
6.5310883464566931
20
-4.1565906692913384
11
6.5310164173228342
21
-4.1565608661417324
0
LINE
8
BLACK
6
CONTINUOUS
10
6.5310164173228342
20
-4.1565608661417324
11
6.5309354330708658
21
-4.1564943700787405
0
LINE
8
BLACK
6
CONTINUOUS
10
6.5309354330708658
20
-4.1564943700787405
11
6.5308464960629919
21
-4.1564384251968507
0
LINE
8
BLACK
6
CONTINUOUS
10
6.5308464960629919
20
-4.1564384251968507
11
6.5307953149606295
21
-4.1563794094488191
0
LINE
8
BLACK
6
CONTINUOUS
10
6.5307953149606295
20
-4.1563794094488191
11
6.5305689763779524
21
-4.1561936614173227
0
LINE
8
BLACK
6
CONTINUOUS
10
6.5305689763779524
20
-4.1561936614173227
11
6.5290691732283461
21
-4.1546938582677164
0
LINE
8
BLACK
6
CONTINUOUS
10
6.5290691732283461
20
-4.1546938582677164
11
6.5288833858267719
21
-4.1544674803149606
0
LINE
8
BLACK
6
CONTINUOUS
10
6.5288833858267719
20
-4.1544674803149606
11
6.528824409448819
21
-4.1544163385826769
0
LINE
8
BLACK
6
CONTINUOUS
10
6.528824409448819
20
-4.1544163385826769
11
6.5287684251968505
21
-4.1543273622047243
0
LINE
8
BLACK
6
CONTINUOUS
10
6.5287684251968505
20
-4.1543273622047243
11
6.5287019685039365
21
-4.1542464173228346
0
LINE
8
BLACK
6
CONTINUOUS
10
6.5287019685039365
20
-4.1542464173228346
11
6.5286721259842517
21
-4.1541744488188979
0
LINE
8
BLACK
6
CONTINUOUS
10
6.5286721259842517
20
-4.1541744488188979
11
6.5285160629921259
21
-4.153926456692913
0
LINE
8
BLACK
6
CONTINUOUS
10
6.5285160629921259
20
-4.153926456692913
11
6.5270162598425197
21
-4.1509268110236217
0
LINE
8
BLACK
6
CONTINUOUS
10
6.5270162598425197
20
-4.1509268110236217
11
6.5268093700787402
21
-4.1503861811023617
0
LINE
8
BLACK
6
CONTINUOUS
10
6.5268093700787402
20
-4.1503861811023617
11
6.5268018503937002
21
-4.1502803543307083
0
LINE
8
BLACK
6
CONTINUOUS
10
6.5268018503937002
20
-4.1502803543307083
11
6.5267612598425195
21
-4.150182362204724
0
LINE
8
BLACK
6
CONTINUOUS
10
6.5267612598425195
20
-4.150182362204724
11
6.5267045275590547
21
-4.1496062992125982
0
LINE
8
BLACK
6
CONTINUOUS
10
6.5267045275590547
20
-4.1496062992125982
11
6.5267045275590547
21
-4.1466066929133856
0
LINE
8
BLACK
6
CONTINUOUS
10
6.5267045275590547
20
-4.1466066929133856
11
6.5267612598425195
21
-4.1460306299212597
0
LINE
8
BLACK
6
CONTINUOUS
10
6.5267612598425195
20
-4.1460306299212597
11
6.5268018503937002
21
-4.1459325984251967
0
LINE
8
BLACK
6
CONTINUOUS
10
6.5268018503937002
20
-4.1459325984251967
11
6.5268093700787402
21
-4.145826811023622
0
LINE
8
BLACK
6
CONTINUOUS
10
6.5268093700787402
20
-4.145826811023622
11
6.5270162598425197
21
-4.145286181102362
0
LINE
8
BLACK
6
CONTINUOUS
10
6.5270162598425197
20
-4.145286181102362
11
6.5285160629921259
21
-4.1422865354330707
0
LINE
8
BLACK
6
CONTINUOUS
10
6.5285160629921259
20
-4.1422865354330707
11
6.5286721259842517
21
-4.142038503937008
0
LINE
8
BLACK
6
CONTINUOUS
10
6.5286721259842517
20
-4.142038503937008
11
6.5287019685039365
21
-4.1419665748031491
0
LINE
8
BLACK
6
CONTINUOUS
10
6.5287019685039365
20
-4.1419665748031491
11
6.5287684251968505
21
-4.1418855905511807
0
LINE
8
BLACK
6
CONTINUOUS
10
6.5287684251968505
20
-4.1418855905511807
11
6.528824409448819
21
-4.1417966535433068
0
LINE
8
BLACK
6
CONTINUOUS
10
6.528824409448819
20
-4.1417966535433068
11
6.5288833858267719
21
-4.1417454724409444
0
LINE
8
BLACK
6
CONTINUOUS
10
6.5288833858267719
20
-4.1417454724409444
11
6.5290691732283461
21
-4.1415191338582673
0
LINE
8
BLACK
6
CONTINUOUS
10
6.5290691732283461
20
-4.1415191338582673
11
6.5305689763779524
21
-4.140019330708661
0
LINE
8
BLACK
6
CONTINUOUS
10
6.5305689763779524
20
-4.140019330708661
11
6.5307953149606295
21
-4.1398335433070867
0
LINE
8
BLACK
6
CONTINUOUS
10
6.5307953149606295
20
-4.1398335433070867
11
6.5308464960629919
21
-4.1397745669291339
0
LINE
8
BLACK
6
CONTINUOUS
10
6.5308464960629919
20
-4.1397745669291339
11
6.5309354330708658
21
-4.1397185826771654
0
LINE
8
BLACK
6
CONTINUOUS
10
6.5309354330708658
20
-4.1397185826771654
11
6.5310164173228342
21
-4.1396521259842523
0
LINE
8
BLACK
6
CONTINUOUS
10
6.5310164173228342
20
-4.1396521259842523
11
6.5310883464566931
21
-4.1396222834645666
0
LINE
8
BLACK
6
CONTINUOUS
10
6.5310883464566931
20
-4.1396222834645666
11
6.5313363779527558
21
-4.1394662204724408
0
LINE
8
BLACK
6
CONTINUOUS
10
6.5313363779527558
20
-4.1394662204724408
11
6.5343360236220471
21
-4.1379664173228345
0
LINE
8
BLACK
6
CONTINUOUS
10
6.5343360236220471
20
-4.1379664173228345
11
6.5343781102362204
21
-4.1379502755905513
0
LINE
8
BLACK
6
CONTINUOUS
10
6.5343781102362204
20
-4.1379502755905513
11
6.5343952755905512
21
-4.1379375984251965
0
LINE
8
BLACK
6
CONTINUOUS
10
6.5343952755905512
20
-4.1379375984251965
11
6.5346374409448815
21
-4.1378510236220469
0
LINE
8
BLACK
6
CONTINUOUS
10
6.5346374409448815
20
-4.1378510236220469
11
6.5348766535433072
21
-4.1377595275590551
0
LINE
8
BLACK
6
CONTINUOUS
10
6.5348766535433072
20
-4.1377595275590551
11
6.534897834645669
21
-4.1377579921259837
0
LINE
8
BLACK
6
CONTINUOUS
10
6.534897834645669
20
-4.1377579921259837
11
6.5349403543307085
21
-4.1377428346456693
0
LINE
8
BLACK
6
CONTINUOUS
10
6.5349403543307085
20
-4.1377428346456693
11
6.5409396456692912
21
-4.1362429921259842
0
LINE
8
BLACK
6
CONTINUOUS
10
6.5409396456692912
20
-4.1362429921259842
11
6.541039488188976
21
-4.1362281889763777
0
LINE
8
BLACK
6
CONTINUOUS
10
6.541039488188976
20
-4.1362281889763777
11
6.5410797244094487
21
-4.1362115748031494
0
LINE
8
BLACK
6
CONTINUOUS
10
6.5410797244094487
20
-4.1362115748031494
11
6.5412967322834641
21
-4.1361901968503938
0
LINE
8
BLACK
6
CONTINUOUS
10
6.5412967322834641
20
-4.1361901968503938
11
6.5415122440944877
21
-4.1361583464566927
0
LINE
8
BLACK
6
CONTINUOUS
10
6.5415122440944877
20
-4.1361583464566927
11
6.5415552362204723
21
-4.1361647244094488
0
LINE
8
BLACK
6
CONTINUOUS
10
6.5415552362204723
20
-4.1361647244094488
11
6.5416557874015746
21
-4.1361548425196846
0
LINE
8
BLACK
6
CONTINUOUS
10
6.5416557874015746
20
-4.1361548425196846
11
6.5491548425196848
21
-4.1361548425196846
0
LINE
8
BLACK
6
CONTINUOUS
10
6.5491548425196848
20
-4.1361548425196846
11
6.5492553543307084
21
-4.1361647244094488
0
LINE
8
BLACK
6
CONTINUOUS
10
6.5366870078740158
20
-4.1433934251968507
11
6.5344059448818896
21
-4.1445339763779527
0
LINE
8
BLACK
6
CONTINUOUS
10
6.5344059448818896
20
-4.1445339763779527
11
6.5335838188976378
21
-4.1453561023622045
0
LINE
8
BLACK
6
CONTINUOUS
10
6.5335838188976378
20
-4.1453561023622045
11
6.5326100393700788
21
-4.1473037007874014
0
LINE
8
BLACK
6
CONTINUOUS
10
6.5326100393700788
20
-4.1473037007874014
11
6.5326100393700788
21
-4.1489092519685036
0
LINE
8
BLACK
6
CONTINUOUS
10
6.5326100393700788
20
-4.1489092519685036
11
6.5335838188976378
21
-4.1508568503937004
0
LINE
8
BLACK
6
CONTINUOUS
10
6.5335838188976378
20
-4.1508568503937004
11
6.5344059448818896
21
-4.1516789763779522
0
LINE
8
BLACK
6
CONTINUOUS
10
6.5344059448818896
20
-4.1516789763779522
11
6.5366870472440946
21
-4.1528195275590551
0
LINE
8
BLACK
6
CONTINUOUS
10
6.5366870472440946
20
-4.1528195275590551
11
6.5420193307086612
21
-4.1541525984251964
0
LINE
8
BLACK
6
CONTINUOUS
10
6.5420193307086612
20
-4.1541525984251964
11
6.5487912992125983
21
-4.1541525984251964
0
LINE
8
BLACK
6
CONTINUOUS
10
6.5487912992125983
20
-4.1541525984251964
11
6.5541235433070861
21
-4.1528195275590551
0
LINE
8
BLACK
6
CONTINUOUS
10
6.5541235433070861
20
-4.1528195275590551
11
6.5564046062992123
21
-4.1516789763779522
0
LINE
8
BLACK
6
CONTINUOUS
10
6.5564046062992123
20
-4.1516789763779522
11
6.5572268110236216
21
-4.1508568110236217
0
LINE
8
BLACK
6
CONTINUOUS
10
6.5572268110236216
20
-4.1508568110236217
11
6.5582005905511807
21
-4.1489092519685036
0
LINE
8
BLACK
6
CONTINUOUS
10
6.5582005905511807
20
-4.1489092519685036
11
6.5582005905511807
21
-4.1473037007874014
0
LINE
8
BLACK
6
CONTINUOUS
10
6.5582005905511807
20
-4.1473037007874014
11
6.5572268110236216
21
-4.1453561417322833
0
LINE
8
BLACK
6
CONTINUOUS
10
6.5572268110236216
20
-4.1453561417322833
11
6.5564046062992123
21
-4.1445339763779527
0
LINE
8
BLACK
6
CONTINUOUS
10
6.5564046062992123
20
-4.1445339763779527
11
6.5541235039370074
21
-4.1433934251968507
0
LINE
8
BLACK
6
CONTINUOUS
10
6.5541235039370074
20
-4.1433934251968507
11
6.5487912598425195
21
-4.1420603543307086
0
LINE
8
BLACK
6
CONTINUOUS
10
6.5487912598425195
20
-4.1420603543307086
11
6.5420193700787399
21
-4.1420603543307086
0
LINE
8
BLACK
6
CONTINUOUS
10
6.5420193700787399
20
-4.1420603543307086
11
6.5366870078740158
21
-4.1433934251968507
0
LINE
8
BLACK
6
CONTINUOUS
10
5.3583549606299208
20
-3.7578988582677164
11
5.3583911023622042
21
-3.7579006299212598
0
LINE
8
BLACK
6
CONTINUOUS
10
5.3583911023622042
20
-3.7579006299212598
11
5.3607907874015748
21
-3.7585005511811023
0
LINE
8
BLACK
6
CONTINUOUS
10
5.3607907874015748
20
-3.7585005511811023
11
5.3608200393700782
21
-3.75851437007874
0
LINE
8
BLACK
6
CONTINUOUS
10
5.3608200393700782
20
-3.75851437007874
11
5.3608512204724406
21
-3.7585229133858267
0
LINE
8
BLACK
6
CONTINUOUS
10
5.3608512204724406
20
-3.7585229133858267
11
5.3616794094488185
21
-3.7589370078740156
0
LINE
8
BLACK
6
CONTINUOUS
10
5.3616794094488185
20
-3.7589370078740156
11
5.6504409448818897
21
-3.7589370078740156
0
LINE
8
BLACK
6
CONTINUOUS
10
5.6504409448818897
20
-3.7589370078740156
11
5.6511942519685041
21
-3.7590868503937007
0
LINE
8
BLACK
6
CONTINUOUS
10
5.6511942519685041
20
-3.7590868503937007
11
5.6522596062992125
21
-3.7601522047244091
0
LINE
8
BLACK
6
CONTINUOUS
10
5.6522596062992125
20
-3.7601522047244091
11
5.6524094488188972
21
-3.7609055118110235
0
LINE
8
BLACK
6
CONTINUOUS
10
5.6524094488188972
20
-3.7609055118110235
11
5.6524094488188972
21
-4.1380708661417325
0
LINE
8
BLACK
6
CONTINUOUS
10
5.6524094488188972
20
-4.1380708661417325
11
5.6522596062992125
21
-4.1388241732283459
0
LINE
8
BLACK
6
CONTINUOUS
10
5.6522596062992125
20
-4.1388241732283459
11
5.6511942519685041
21
-4.1398895275590553
0
LINE
8
BLACK
6
CONTINUOUS
10
5.6511942519685041
20
-4.1398895275590553
11
5.6504409448818897
21
-4.1400393700787399
0
LINE
8
BLACK
6
CONTINUOUS
10
5.6504409448818897
20
-4.1400393700787399
11
5.3539842519685035
21
-4.1400393700787399
0
LINE
8
BLACK
6
CONTINUOUS
10
5.3539842519685035
20
-4.1400393700787399
11
5.35323094488189
21
-4.1398895275590553
0
LINE
8
BLACK
6
CONTINUOUS
10
5.35323094488189
20
-4.1398895275590553
11
5.3521655905511807
21
-4.1388241732283459
0
LINE
8
BLACK
6
CONTINUOUS
10
5.3521655905511807
20
-4.1388241732283459
11
5.352015748031496
21
-4.1380708661417325
0
LINE
8
BLACK
6
CONTINUOUS
10
5.352015748031496
20
-4.1380708661417325
11
5.352015748031496
21
-3.771680708661417
0
LINE
8
BLACK
6
CONTINUOUS
10
5.352015748031496
20
-3.771680708661417
11
5.3514156692913382
21
-3.771680708661417
0
LINE
8
BLACK
6
CONTINUOUS
10
5.3514156692913382
20
-3.771680708661417
11
5.3514156692913382
21
-3.7773846850393702
0
LINE
8
BLACK
6
CONTINUOUS
10
5.3514156692913382
20
-3.7773846850393702
11
5.3513931889763775
21
-3.7774976771653543
0
LINE
8
BLACK
6
CONTINUOUS
10
5.3513931889763775
20
-3.7774976771653543
11
5.3512333858267711
21
-3.7776574803149607
0
LINE
8
BLACK
6
CONTINUOUS
10
5.3512333858267711
20
-3.7776574803149607
11
5.3510074015748028
21
-3.7776574803149607
0
LINE
8
BLACK
6
CONTINUOUS
10
5.3510074015748028
20
-3.7776574803149607
11
5.3508475984251964
21
-3.7774976771653543
0
LINE
8
BLACK
6
CONTINUOUS
10
5.3508475984251964
20
-3.7774976771653543
11
5.3508251181102358
21
-3.7773846850393702
0
LINE
8
BLACK
6
CONTINUOUS
10
5.3508251181102358
20
-3.7773846850393702
11
5.3508251181102358
21
-3.7713854330708663
0
LINE
8
BLACK
6
CONTINUOUS
10
5.3508251181102358
20
-3.7713854330708663
11
5.3508475984251964
21
-3.7712724409448817
0
LINE
8
BLACK
6
CONTINUOUS
10
5.3508475984251964
20
-3.7712724409448817
11
5.3510074015748028
21
-3.7711126377952757
0
LINE
8
BLACK
6
CONTINUOUS
10
5.3510074015748028
20
-3.7711126377952757
11
5.3511203937007874
21
-3.7710901574803151
0
LINE
8
BLACK
6
CONTINUOUS
10
5.3511203937007874
20
-3.7710901574803151
11
5.352015748031496
21
-3.7710901574803151
0
LINE
8
BLACK
6
CONTINUOUS
10
5.352015748031496
20
-3.7710901574803151
11
5.352015748031496
21
-3.7609055118110235
0
LINE
8
BLACK
6
CONTINUOUS
10
5.352015748031496
20
-3.7609055118110235
11
5.3520645669291333
21
-3.7606600393700789
0
LINE
8
BLACK
6
CONTINUOUS
10
5.3520645669291333
20
-3.7606600393700789
11
5.3519783858267713
21
-3.7607462598425196
0
LINE
8
BLACK
6
CONTINUOUS
10
5.3519783858267713
20
-3.7607462598425196
11
5.3514156692913382
21
-3.7624344488188974
0
LINE
8
BLACK
6
CONTINUOUS
10
5.3514156692913382
20
-3.7624344488188974
11
5.3514156692913382
21
-3.764116653543307
0
LINE
8
BLACK
6
CONTINUOUS
10
5.3514156692913382
20
-3.764116653543307
11
5.3519844094488187
21
-3.7652541338582677
0
LINE
8
BLACK
6
CONTINUOUS
10
5.3519844094488187
20
-3.7652541338582677
11
5.3520148425196847
21
-3.7653652362204721
0
LINE
8
BLACK
6
CONTINUOUS
10
5.3520148425196847
20
-3.7653652362204721
11
5.3519433858267718
21
-3.7655796456692912
0
LINE
8
BLACK
6
CONTINUOUS
10
5.3519433858267718
20
-3.7655796456692912
11
5.3517412598425196
21
-3.7656807086614172
0
LINE
8
BLACK
6
CONTINUOUS
10
5.3517412598425196
20
-3.7656807086614172
11
5.351526850393701
21
-3.7656092519685038
0
LINE
8
BLACK
6
CONTINUOUS
10
5.351526850393701
20
-3.7656092519685038
11
5.351456220472441
21
-3.7655182283464566
0
LINE
8
BLACK
6
CONTINUOUS
10
5.351456220472441
20
-3.7655182283464566
11
5.3508562992125981
21
-3.7643183858267717
0
LINE
8
BLACK
6
CONTINUOUS
10
5.3508562992125981
20
-3.7643183858267717
11
5.3508523622047246
21
-3.7643040944881889
0
LINE
8
BLACK
6
CONTINUOUS
10
5.3508523622047246
20
-3.7643040944881889
11
5.3508475984251964
21
-3.7642993307086612
0
LINE
8
BLACK
6
CONTINUOUS
10
5.3508475984251964
20
-3.7642993307086612
11
5.3508383464566931
21
-3.7642528740157482
0
LINE
8
BLACK
6
CONTINUOUS
10
5.3508383464566931
20
-3.7642528740157482
11
5.3508258661417321
21
-3.7642072834645668
0
LINE
8
BLACK
6
CONTINUOUS
10
5.3508258661417321
20
-3.7642072834645668
11
5.3508279921259838
21
-3.7642008267716536
0
LINE
8
BLACK
6
CONTINUOUS
10
5.3508279921259838
20
-3.7642008267716536
11
5.3508251181102358
21
-3.764186338582677
0
LINE
8
BLACK
6
CONTINUOUS
10
5.3508251181102358
20
-3.764186338582677
11
5.3508251181102358
21
-3.7623865748031493
0
LINE
8
BLACK
6
CONTINUOUS
10
5.3508251181102358
20
-3.7623865748031493
11
5.3508343307086612
21
-3.7623400787401575
0
LINE
8
BLACK
6
CONTINUOUS
10
5.3508343307086612
20
-3.7623400787401575
11
5.3508402755905511
21
-3.7622931889763778
0
LINE
8
BLACK
6
CONTINUOUS
10
5.3508402755905511
20
-3.7622931889763778
11
5.351440196850394
21
-3.7604933858267717
0
LINE
8
BLACK
6
CONTINUOUS
10
5.351440196850394
20
-3.7604933858267717
11
5.3514475196850393
21
-3.7604805118110236
0
LINE
8
BLACK
6
CONTINUOUS
10
5.3514475196850393
20
-3.7604805118110236
11
5.3514475196850393
21
-3.7604737795275591
0
LINE
8
BLACK
6
CONTINUOUS
10
5.3514475196850393
20
-3.7604737795275591
11
5.3514737007874018
21
-3.7604345669291339
0
LINE
8
BLACK
6
CONTINUOUS
10
5.3514737007874018
20
-3.7604345669291339
11
5.3514972440944879
21
-3.760393307086614
0
LINE
8
BLACK
6
CONTINUOUS
10
5.3514972440944879
20
-3.760393307086614
11
5.351503307086614
21
-3.7603902362204722
0
LINE
8
BLACK
6
CONTINUOUS
10
5.351503307086614
20
-3.7603902362204722
11
5.3515115354330707
21
-3.7603779921259841
0
LINE
8
BLACK
6
CONTINUOUS
10
5.3515115354330707
20
-3.7603779921259841
11
5.3527113779527555
21
-3.7591781102362205
0
LINE
8
BLACK
6
CONTINUOUS
10
5.3527113779527555
20
-3.7591781102362205
11
5.3527508267716533
21
-3.7591517322834647
0
LINE
8
BLACK
6
CONTINUOUS
10
5.3527508267716533
20
-3.7591517322834647
11
5.3527881102362205
21
-3.7591228346456691
0
LINE
8
BLACK
6
CONTINUOUS
10
5.3527881102362205
20
-3.7591228346456691
11
5.3539879527559053
21
-3.7585229133858267
0
LINE
8
BLACK
6
CONTINUOUS
10
5.3539879527559053
20
-3.7585229133858267
11
5.3540190944881889
21
-3.75851437007874
0
LINE
8
BLACK
6
CONTINUOUS
10
5.3540190944881889
20
-3.75851437007874
11
5.3540483858267711
21
-3.7585005511811023
0
LINE
8
BLACK
6
CONTINUOUS
10
5.3540483858267711
20
-3.7585005511811023
11
5.3564480708661417
21
-3.7579006299212598
0
LINE
8
BLACK
6
CONTINUOUS
10
5.3564480708661417
20
-3.7579006299212598
11
5.3564841732283464
21
-3.7578988582677164
0
LINE
8
BLACK
6
CONTINUOUS
10
5.3564841732283464
20
-3.7578988582677164
11
5.3565196850393697
21
-3.7578918110236219
0
LINE
8
BLACK
6
CONTINUOUS
10
5.3565196850393697
20
-3.7578918110236219
11
5.3583194881889762
21
-3.7578918110236219
0
LINE
8
BLACK
6
CONTINUOUS
10
5.3583194881889762
20
-3.7578918110236219
11
5.3583549606299208
21
-3.7578988582677164
0
LINE
8
BLACK
6
CONTINUOUS
10
5.3640140944881889
20
-3.7628740157480314
11
5.3640140944881889
21
-3.7635864173228346
0
LINE
8
BLACK
6
CONTINUOUS
10
5.3640140944881889
20
-3.7635864173228346
11
5.3640048425196847
21
-3.7636328740157481
0
LINE
8
BLACK
6
CONTINUOUS
10
5.3640048425196847
20
-3.7636328740157481
11
5.3639989370078736
21
-3.7636798031496062
0
LINE
8
BLACK
6
CONTINUOUS
10
5.3639989370078736
20
-3.7636798031496062
11
5.3633990157480316
21
-3.7654795669291339
0
LINE
8
BLACK
6
CONTINUOUS
10
5.3633990157480316
20
-3.7654795669291339
11
5.3633916535433066
21
-3.7654924803149608
0
LINE
8
BLACK
6
CONTINUOUS
10
5.3633916535433066
20
-3.7654924803149608
11
5.3633916535433066
21
-3.7654992125984252
0
LINE
8
BLACK
6
CONTINUOUS
10
5.3633916535433066
20
-3.7654992125984252
11
5.363365472440945
21
-3.7655383858267717
0
LINE
8
BLACK
6
CONTINUOUS
10
5.363365472440945
20
-3.7655383858267717
11
5.3633419685039367
21
-3.7655796456692912
0
LINE
8
BLACK
6
CONTINUOUS
10
5.3633419685039367
20
-3.7655796456692912
11
5.3633359055118106
21
-3.7655826377952755
0
LINE
8
BLACK
6
CONTINUOUS
10
5.3633359055118106
20
-3.7655826377952755
11
5.363327677165354
21
-3.7655949999999998
0
LINE
8
BLACK
6
CONTINUOUS
10
5.363327677165354
20
-3.7655949999999998
11
5.3627277165354332
21
-3.7661948818897635
0
LINE
8
BLACK
6
CONTINUOUS
10
5.3627277165354332
20
-3.7661948818897635
11
5.3626319291338582
21
-3.7662588976377953
0
LINE
8
BLACK
6
CONTINUOUS
10
5.3626319291338582
20
-3.7662588976377953
11
5.3625189370078736
21
-3.766281377952756
0
LINE
8
BLACK
6
CONTINUOUS
10
5.3625189370078736
20
-3.766281377952756
11
5.3583194881889762
21
-3.766281377952756
0
LINE
8
BLACK
6
CONTINUOUS
10
5.3583194881889762
20
-3.766281377952756
11
5.3582064960629916
21
-3.7662588976377953
0
LINE
8
BLACK
6
CONTINUOUS
10
5.3582064960629916
20
-3.7662588976377953
11
5.3580466929133861
21
-3.7660990944881889
0
LINE
8
BLACK
6
CONTINUOUS
10
5.3580466929133861
20
-3.7660990944881889
11
5.3580242125984254
21
-3.7659861023622048
0
LINE
8
BLACK
6
CONTINUOUS
10
5.3580242125984254
20
-3.7659861023622048
11
5.3580242125984254
21
-3.7635864173228346
0
LINE
8
BLACK
6
CONTINUOUS
10
5.3580242125984254
20
-3.7635864173228346
11
5.3580466929133861
21
-3.7634734251968505
0
LINE
8
BLACK
6
CONTINUOUS
10
5.3580466929133861
20
-3.7634734251968505
11
5.3582064960629916
21
-3.7633136220472441
0
LINE
8
BLACK
6
CONTINUOUS
10
5.3582064960629916
20
-3.7633136220472441
11
5.3584324803149608
21
-3.7633136220472441
0
LINE
8
BLACK
6
CONTINUOUS
10
5.3584324803149608
20
-3.7633136220472441
11
5.3585922834645672
21
-3.7634734251968505
0
LINE
8
BLACK
6
CONTINUOUS
10
5.3585922834645672
20
-3.7634734251968505
11
5.3586147637795278
21
-3.7635864173228346
0
LINE
8
BLACK
6
CONTINUOUS
10
5.3586147637795278
20
-3.7635864173228346
11
5.3586147637795278
21
-3.7656908267716536
0
LINE
8
BLACK
6
CONTINUOUS
10
5.3586147637795278
20
-3.7656908267716536
11
5.362396653543307
21
-3.7656908267716536
0
LINE
8
BLACK
6
CONTINUOUS
10
5.362396653543307
20
-3.7656908267716536
11
5.3628607874015746
21
-3.7652266929133855
0
LINE
8
BLACK
6
CONTINUOUS
10
5.3628607874015746
20
-3.7652266929133855
11
5.3634235433070865
21
-3.7635385039370077
0
LINE
8
BLACK
6
CONTINUOUS
10
5.3634235433070865
20
-3.7635385039370077
11
5.3634235433070865
21
-3.7628740157480314
0
LINE
8
BLACK
6
CONTINUOUS
10
5.3634235433070865
20
-3.7628740157480314
11
5.3559527559055118
21
-3.7628740157480314
0
LINE
8
BLACK
6
CONTINUOUS
10
5.3559527559055118
20
-3.7628740157480314
11
5.3559527559055118
21
-3.7710901574803151
0
LINE
8
BLACK
6
CONTINUOUS
10
5.3559527559055118
20
-3.7710901574803151
11
5.3637188188976372
21
-3.7710901574803151
0
LINE
8
BLACK
6
CONTINUOUS
10
5.3637188188976372
20
-3.7710901574803151
11
5.3638318110236218
21
-3.7711126377952757
0
LINE
8
BLACK
6
CONTINUOUS
10
5.3638318110236218
20
-3.7711126377952757
11
5.3639916141732282
21
-3.7712724409448817
0
LINE
8
BLACK
6
CONTINUOUS
10
5.3639916141732282
20
-3.7712724409448817
11
5.3640140944881889
21
-3.7713854330708663
0
LINE
8
BLACK
6
CONTINUOUS
10
5.3640140944881889
20
-3.7713854330708663
11
5.3640140944881889
21
-3.7773846850393702
0
LINE
8
BLACK
6
CONTINUOUS
10
5.3640140944881889
20
-3.7773846850393702
11
5.3639916141732282
21
-3.7774976771653543
0
LINE
8
BLACK
6
CONTINUOUS
10
5.3639916141732282
20
-3.7774976771653543
11
5.3638318110236218
21
-3.7776574803149607
0
LINE
8
BLACK
6
CONTINUOUS
10
5.3638318110236218
20
-3.7776574803149607
11
5.3636058267716535
21
-3.7776574803149607
0
LINE
8
BLACK
6
CONTINUOUS
10
5.3636058267716535
20
-3.7776574803149607
11
5.3634460236220471
21
-3.7774976771653543
0
LINE
8
BLACK
6
CONTINUOUS
10
5.3634460236220471
20
-3.7774976771653543
11
5.3634235433070865
21
-3.7773846850393702
0
LINE
8
BLACK
6
CONTINUOUS
10
5.3634235433070865
20
-3.7773846850393702
11
5.3634235433070865
21
-3.771680708661417
0
LINE
8
BLACK
6
CONTINUOUS
10
5.3634235433070865
20
-3.771680708661417
11
5.3574149212598421
21
-3.771680708661417
0
LINE
8
BLACK
6
CONTINUOUS
10
5.3574149212598421
20
-3.771680708661417
11
5.3574149212598421
21
-3.7755849212598425
0
LINE
8
BLACK
6
CONTINUOUS
10
5.3574149212598421
20
-3.7755849212598425
11
5.3573924409448814
21
-3.7756979133858266
0
LINE
8
BLACK
6
CONTINUOUS
10
5.3573924409448814
20
-3.7756979133858266
11
5.357232637795275
21
-3.775857716535433
0
LINE
8
BLACK
6
CONTINUOUS
10
5.357232637795275
20
-3.775857716535433
11
5.3570066535433067
21
-3.775857716535433
0
LINE
8
BLACK
6
CONTINUOUS
10
5.3570066535433067
20
-3.775857716535433
11
5.3568468503937003
21
-3.7756979133858266
0
LINE
8
BLACK
6
CONTINUOUS
10
5.3568468503937003
20
-3.7756979133858266
11
5.3568243700787397
21
-3.7755849212598425
0
LINE
8
BLACK
6
CONTINUOUS
10
5.3568243700787397
20
-3.7755849212598425
11
5.3568243700787397
21
-3.771680708661417
0
LINE
8
BLACK
6
CONTINUOUS
10
5.3568243700787397
20
-3.771680708661417
11
5.3559527559055118
21
-3.771680708661417
0
LINE
8
BLACK
6
CONTINUOUS
10
5.3559527559055118
20
-3.771680708661417
11
5.3559527559055118
21
-4.1361023622047242
0
LINE
8
BLACK
6
CONTINUOUS
10
5.3559527559055118
20
-4.1361023622047242
11
5.6484724409448814
21
-4.1361023622047242
0
LINE
8
BLACK
6
CONTINUOUS
10
5.6484724409448814
20
-4.1361023622047242
11
5.6484724409448814
21
-3.7628740157480314
0
LINE
8
BLACK
6
CONTINUOUS
10
5.6484724409448814
20
-3.7628740157480314
11
5.3640140944881889
21
-3.7628740157480314
0
LINE
8
BLACK
6
CONTINUOUS
10
5.3547373622047241
20
-3.7589370078740156
11
5.3601018110236218
21
-3.7589370078740156
0
LINE
8
BLACK
6
CONTINUOUS
10
5.3601018110236218
20
-3.7589370078740156
11
5.358283149606299
21
-3.7584823622047243
0
LINE
8
BLACK
6
CONTINUOUS
10
5.358283149606299
20
-3.7584823622047243
11
5.3565560236220469
21
-3.7584823622047243
0
LINE
8
BLACK
6
CONTINUOUS
10
5.3565560236220469
20
-3.7584823622047243
11
5.3547373622047241
21
-3.7589370078740156
0
LINE
8
BLACK
6
CONTINUOUS
10
6.5617294094488186
20
-4.1017159055118109
11
6.5627938188976378
21
-4.1021568110236224
0
LINE
8
BLACK
6
CONTINUOUS
10
6.5627938188976378
20
-4.1021568110236224
11
6.5636084645669293
21
-4.102971456692913
0
LINE
8
BLACK
6
CONTINUOUS
10
6.5636084645669293
20
-4.102971456692913
11
6.5640493700787399
21
-4.1040358661417322
0
LINE
8
BLACK
6
CONTINUOUS
10
6.5640493700787399
20
-4.1040358661417322
11
6.5640493700787399
21
-4.105187992125984
0
LINE
8
BLACK
6
CONTINUOUS
10
6.5640493700787399
20
-4.105187992125984
11
6.5636084645669293
21
-4.1062524015748032
0
LINE
8
BLACK
6
CONTINUOUS
10
6.5636084645669293
20
-4.1062524015748032
11
6.5627938188976378
21
-4.1070670472440947
0
LINE
8
BLACK
6
CONTINUOUS
10
6.5627938188976378
20
-4.1070670472440947
11
6.5617294094488186
21
-4.1075079527559053
0
LINE
8
BLACK
6
CONTINUOUS
10
6.5617294094488186
20
-4.1075079527559053
11
6.5611533464566927
21
-4.1075646850393701
0
LINE
8
BLACK
6
CONTINUOUS
10
6.5611533464566927
20
-4.1075646850393701
11
6.5429670472440939
21
-4.1075646850393701
0
LINE
8
BLACK
6
CONTINUOUS
10
6.5429670472440939
20
-4.1075646850393701
11
6.5534031496062992
21
-4.1124348425196846
0
LINE
8
BLACK
6
CONTINUOUS
10
6.5534031496062992
20
-4.1124348425196846
11
6.5536141338582672
21
-4.1125598031496065
0
LINE
8
BLACK
6
CONTINUOUS
10
6.5536141338582672
20
-4.1125598031496065
11
6.5536855118110235
21
-4.1125857874015743
0
LINE
8
BLACK
6
CONTINUOUS
10
6.5536855118110235
20
-4.1125857874015743
11
6.5537359842519685
21
-4.1126320078740157
0
LINE
8
BLACK
6
CONTINUOUS
10
6.5537359842519685
20
-4.1126320078740157
11
6.5539011811023622
21
-4.1127298818897637
0
LINE
8
BLACK
6
CONTINUOUS
10
6.5539011811023622
20
-4.1127298818897637
11
6.5542043307086617
21
-4.11306094488189
0
LINE
8
BLACK
6
CONTINUOUS
10
6.5542043307086617
20
-4.11306094488189
11
6.5545351574803146
21
-4.1133638976377949
0
LINE
8
BLACK
6
CONTINUOUS
10
6.5545351574803146
20
-4.1133638976377949
11
6.5545905905511805
21
-4.1134827165354331
0
LINE
8
BLACK
6
CONTINUOUS
10
6.5545905905511805
20
-4.1134827165354331
11
6.554679251968504
21
-4.1135795275590548
0
LINE
8
BLACK
6
CONTINUOUS
10
6.554679251968504
20
-4.1135795275590548
11
6.5548325984251967
21
-4.11400125984252
0
LINE
8
BLACK
6
CONTINUOUS
10
6.5548325984251967
20
-4.11400125984252
11
6.5550224015748029
21
-4.1144079133858265
0
LINE
8
BLACK
6
CONTINUOUS
10
6.5550224015748029
20
-4.1144079133858265
11
6.555028149606299
21
-4.1145389370078735
0
LINE
8
BLACK
6
CONTINUOUS
10
6.555028149606299
20
-4.1145389370078735
11
6.555072992125984
21
-4.1146622440944878
0
LINE
8
BLACK
6
CONTINUOUS
10
6.555072992125984
20
-4.1146622440944878
11
6.5550532677165352
21
-4.1151108267716534
0
LINE
8
BLACK
6
CONTINUOUS
10
6.5550532677165352
20
-4.1151108267716534
11
6.5550729527559053
21
-4.115558937007874
0
LINE
8
BLACK
6
CONTINUOUS
10
6.5550729527559053
20
-4.115558937007874
11
6.555028149606299
21
-4.1156820866141732
0
LINE
8
BLACK
6
CONTINUOUS
10
6.555028149606299
20
-4.1156820866141732
11
6.5550224015748029
21
-4.1158132677165353
0
LINE
8
BLACK
6
CONTINUOUS
10
6.5550224015748029
20
-4.1158132677165353
11
6.5548324803149605
21
-4.1162201574803152
0
LINE
8
BLACK
6
CONTINUOUS
10
6.5548324803149605
20
-4.1162201574803152
11
6.554679251968504
21
-4.116641653543307
0
LINE
8
BLACK
6
CONTINUOUS
10
6.554679251968504
20
-4.116641653543307
11
6.554590669291338
21
-4.1167383070866137
0
LINE
8
BLACK
6
CONTINUOUS
10
6.554590669291338
20
-4.1167383070866137
11
6.5545351968503933
21
-4.1168572834645669
0
LINE
8
BLACK
6
CONTINUOUS
10
6.5545351968503933
20
-4.1168572834645669
11
6.5542040551181104
21
-4.1171604724409452
0
LINE
8
BLACK
6
CONTINUOUS
10
6.5542040551181104
20
-4.1171604724409452
11
6.5539011417322834
21
-4.117491299212598
0
LINE
8
BLACK
6
CONTINUOUS
10
6.5539011417322834
20
-4.117491299212598
11
6.553736062992126
21
-4.1175890551181098
0
LINE
8
BLACK
6
CONTINUOUS
10
6.553736062992126
20
-4.1175890551181098
11
6.5536855118110235
21
-4.1176353937007875
0
LINE
8
BLACK
6
CONTINUOUS
10
6.5536855118110235
20
-4.1176353937007875
11
6.5536140157480309
21
-4.1176613779527562
0
LINE
8
BLACK
6
CONTINUOUS
10
6.5536140157480309
20
-4.1176613779527562
11
6.5534031102362205
21
-4.1177863385826772
0
LINE
8
BLACK
6
CONTINUOUS
10
6.5534031102362205
20
-4.1177863385826772
11
6.5429670078740152
21
-4.1226565354330704
0
LINE
8
BLACK
6
CONTINUOUS
10
6.5429670078740152
20
-4.1226565354330704
11
6.5611533464566927
21
-4.1226565354330704
0
LINE
8
BLACK
6
CONTINUOUS
10
6.5611533464566927
20
-4.1226565354330704
11
6.5617294094488186
21
-4.1227132677165352
0
LINE
8
BLACK
6
CONTINUOUS
10
6.5617294094488186
20
-4.1227132677165352
11
6.5627938188976378
21
-4.1231541732283468
0
LINE
8
BLACK
6
CONTINUOUS
10
6.5627938188976378
20
-4.1231541732283468
11
6.5636084645669293
21
-4.1239688188976373
0
LINE
8
BLACK
6
CONTINUOUS
10
6.5636084645669293
20
-4.1239688188976373
11
6.5640493700787399
21
-4.1250332283464566
0
LINE
8
BLACK
6
CONTINUOUS
10
6.5640493700787399
20
-4.1250332283464566
11
6.5640493700787399
21
-4.1261853543307083
0
LINE
8
BLACK
6
CONTINUOUS
10
6.5640493700787399
20
-4.1261853543307083
11
6.5636084645669293
21
-4.1272497637795276
0
LINE
8
BLACK
6
CONTINUOUS
10
6.5636084645669293
20
-4.1272497637795276
11
6.5627938188976378
21
-4.128064409448819
0
LINE
8
BLACK
6
CONTINUOUS
10
6.5627938188976378
20
-4.128064409448819
11
6.5617294094488186
21
-4.1285053149606297
0
LINE
8
BLACK
6
CONTINUOUS
10
6.5617294094488186
20
-4.1285053149606297
11
6.5611533464566927
21
-4.1285620472440945
0
LINE
8
BLACK
6
CONTINUOUS
10
6.5611533464566927
20
-4.1285620472440945
11
6.5296572834645668
21
-4.1285620472440945
0
LINE
8
BLACK
6
CONTINUOUS
10
6.5296572834645668
20
-4.1285620472440945
11
6.5292784645669286
21
-4.1285247244094485
0
LINE
8
BLACK
6
CONTINUOUS
10
6.5292784645669286
20
-4.1285247244094485
11
6.5292089370078736
21
-4.1285277952755903
0
LINE
8
BLACK
6
CONTINUOUS
10
6.5292089370078736
20
-4.1285277952755903
11
6.5291715748031498
21
-4.1285142125984251
0
LINE
8
BLACK
6
CONTINUOUS
10
6.5291715748031498
20
-4.1285142125984251
11
6.5290812204724409
21
-4.1285053149606297
0
LINE
8
BLACK
6
CONTINUOUS
10
6.5290812204724409
20
-4.1285053149606297
11
6.5286077165354328
21
-4.1283091732283461
0
LINE
8
BLACK
6
CONTINUOUS
10
6.5286077165354328
20
-4.1283091732283461
11
6.5281262204724406
21
-4.128134094488189
0
LINE
8
BLACK
6
CONTINUOUS
10
6.5281262204724406
20
-4.128134094488189
11
6.5280776377952758
21
-4.1280896062992127
0
LINE
8
BLACK
6
CONTINUOUS
10
6.5280776377952758
20
-4.1280896062992127
11
6.5280168110236216
21
-4.128064409448819
0
LINE
8
BLACK
6
CONTINUOUS
10
6.5280168110236216
20
-4.128064409448819
11
6.5276543700787402
21
-4.1277019685039367
0
LINE
8
BLACK
6
CONTINUOUS
10
6.5276543700787402
20
-4.1277019685039367
11
6.5272765748031496
21
-4.1273559842519685
0
LINE
8
BLACK
6
CONTINUOUS
10
6.5272765748031496
20
-4.1273559842519685
11
6.5272487007874016
21
-4.1272962992125981
0
LINE
8
BLACK
6
CONTINUOUS
10
6.5272487007874016
20
-4.1272962992125981
11
6.5272021653543302
21
-4.1272497637795276
0
LINE
8
BLACK
6
CONTINUOUS
10
6.5272021653543302
20
-4.1272497637795276
11
6.5270061023622041
21
-4.1267764566929133
0
LINE
8
BLACK
6
CONTINUOUS
10
6.5270061023622041
20
-4.1267764566929133
11
6.5267893307086613
21
-4.1263119685039369
0
LINE
8
BLACK
6
CONTINUOUS
10
6.5267893307086613
20
-4.1263119685039369
11
6.5267864173228345
21
-4.1262461417322838
0
LINE
8
BLACK
6
CONTINUOUS
10
6.5267864173228345
20
-4.1262461417322838
11
6.5267612598425195
21
-4.1261853543307083
0
LINE
8
BLACK
6
CONTINUOUS
10
6.5267612598425195
20
-4.1261853543307083
11
6.5267612598425195
21
-4.1256727952755901
0
LINE
8
BLACK
6
CONTINUOUS
10
6.5267612598425195
20
-4.1256727952755901
11
6.5267387795275589
21
-4.1251609448818893
0
LINE
8
BLACK
6
CONTINUOUS
10
6.5267387795275589
20
-4.1251609448818893
11
6.5267612598425195
21
-4.1250990944881885
0
LINE
8
BLACK
6
CONTINUOUS
10
6.5267612598425195
20
-4.1250990944881885
11
6.5267612598425195
21
-4.1250332283464566
0
LINE
8
BLACK
6
CONTINUOUS
10
6.5267612598425195
20
-4.1250332283464566
11
6.5269573622047243
21
-4.1245597244094485
0
LINE
8
BLACK
6
CONTINUOUS
10
6.5269573622047243
20
-4.1245597244094485
11
6.5271324803149602
21
-4.1240782283464563
0
LINE
8
BLACK
6
CONTINUOUS
10
6.5271324803149602
20
-4.1240782283464563
11
6.5271769291338577
21
-4.1240296456692915
0
LINE
8
BLACK
6
CONTINUOUS
10
6.5271769291338577
20
-4.1240296456692915
11
6.5272021653543302
21
-4.1239688188976373
0
LINE
8
BLACK
6
CONTINUOUS
10
6.5272021653543302
20
-4.1239688188976373
11
6.5275645669291338
21
-4.1236063779527559
0
LINE
8
BLACK
6
CONTINUOUS
10
6.5275645669291338
20
-4.1236063779527559
11
6.5279105905511807
21
-4.1232285826771653
0
LINE
8
BLACK
6
CONTINUOUS
10
6.5279105905511807
20
-4.1232285826771653
11
6.5279886220472436
21
-4.1231823228346451
0
LINE
8
BLACK
6
CONTINUOUS
10
6.5279886220472436
20
-4.1231823228346451
11
6.5280168110236216
21
-4.1231541732283468
0
LINE
8
BLACK
6
CONTINUOUS
10
6.5280168110236216
20
-4.1231541732283468
11
6.5280812204724405
21
-4.1231274409448817
0
LINE
8
BLACK
6
CONTINUOUS
10
6.5280812204724405
20
-4.1231274409448817
11
6.5284086220472437
21
-4.1229335433070862
0
LINE
8
BLACK
6
CONTINUOUS
10
6.5284086220472437
20
-4.1229335433070862
11
6.5451720078740152
21
-4.1151105905511809
0
LINE
8
BLACK
6
CONTINUOUS
10
6.5451720078740152
20
-4.1151105905511809
11
6.5284086220472437
21
-4.1072876771653544
0
LINE
8
BLACK
6
CONTINUOUS
10
6.5284086220472437
20
-4.1072876771653544
11
6.5280812204724405
21
-4.1070937401574801
0
LINE
8
BLACK
6
CONTINUOUS
10
6.5280812204724405
20
-4.1070937401574801
11
6.5280168110236216
21
-4.1070670472440947
0
LINE
8
BLACK
6
CONTINUOUS
10
6.5280168110236216
20
-4.1070670472440947
11
6.5279886220472436
21
-4.1070388582677166
0
LINE
8
BLACK
6
CONTINUOUS
10
6.5279886220472436
20
-4.1070388582677166
11
6.5279105905511807
21
-4.1069926377952752
0
LINE
8
BLACK
6
CONTINUOUS
10
6.5279105905511807
20
-4.1069926377952752
11
6.5275645669291338
21
-4.1066148031496059
0
LINE
8
BLACK
6
CONTINUOUS
10
6.5275645669291338
20
-4.1066148031496059
11
6.5272021653543302
21
-4.1062524015748032
0
LINE
8
BLACK
6
CONTINUOUS
10
6.5272021653543302
20
-4.1062524015748032
11
6.5271769291338577
21
-4.1061915354330711
0
LINE
8
BLACK
6
CONTINUOUS
10
6.5271769291338577
20
-4.1061915354330711
11
6.5271324803149602
21
-4.1061429921259842
0
LINE
8
BLACK
6
CONTINUOUS
10
6.5271324803149602
20
-4.1061429921259842
11
6.5269573622047243
21
-4.1056614566929133
0
LINE
8
BLACK
6
CONTINUOUS
10
6.5269573622047243
20
-4.1056614566929133
11
6.5267612598425195
21
-4.105187992125984
0
LINE
8
BLACK
6
CONTINUOUS
10
6.5267612598425195
20
-4.105187992125984
11
6.5267612598425195
21
-4.1051220866141733
0
LINE
8
BLACK
6
CONTINUOUS
10
6.5267612598425195
20
-4.1051220866141733
11
6.5267387795275589
21
-4.1050602755905512
0
LINE
8
BLACK
6
CONTINUOUS
10
6.5267387795275589
20
-4.1050602755905512
11
6.5267612598425195
21
-4.1045483858267717
0
LINE
8
BLACK
6
CONTINUOUS
10
6.5267612598425195
20
-4.1045483858267717
11
6.5267612598425195
21
-4.1040358661417322
0
LINE
8
BLACK
6
CONTINUOUS
10
6.5267612598425195
20
-4.1040358661417322
11
6.5267864173228345
21
-4.1039750393700789
0
LINE
8
BLACK
6
CONTINUOUS
10
6.5267864173228345
20
-4.1039750393700789
11
6.5267893307086613
21
-4.1039092519685036
0
LINE
8
BLACK
6
CONTINUOUS
10
6.5267893307086613
20
-4.1039092519685036
11
6.5270061023622041
21
-4.1034447244094485
0
LINE
8
BLACK
6
CONTINUOUS
10
6.5270061023622041
20
-4.1034447244094485
11
6.5272021653543302
21
-4.102971456692913
0
LINE
8
BLACK
6
CONTINUOUS
10
6.5272021653543302
20
-4.102971456692913
11
6.5272487007874016
21
-4.1029248818897637
0
LINE
8
BLACK
6
CONTINUOUS
10
6.5272487007874016
20
-4.1029248818897637
11
6.5272765748031496
21
-4.1028652362204721
0
LINE
8
BLACK
6
CONTINUOUS
10
6.5272765748031496
20
-4.1028652362204721
11
6.5276543700787402
21
-4.1025192125984251
0
LINE
8
BLACK
6
CONTINUOUS
10
6.5276543700787402
20
-4.1025192125984251
11
6.5280168110236216
21
-4.1021568110236224
0
LINE
8
BLACK
6
CONTINUOUS
10
6.5280168110236216
20
-4.1021568110236224
11
6.5280776377952758
21
-4.1021315748031499
0
LINE
8
BLACK
6
CONTINUOUS
10
6.5280776377952758
20
-4.1021315748031499
11
6.5281262204724406
21
-4.1020871259842515
0
LINE
8
BLACK
6
CONTINUOUS
10
6.5281262204724406
20
-4.1020871259842515
11
6.5286077165354328
21
-4.1019120078740157
0
LINE
8
BLACK
6
CONTINUOUS
10
6.5286077165354328
20
-4.1019120078740157
11
6.5290812204724409
21
-4.1017159055118109
0
LINE
8
BLACK
6
CONTINUOUS
10
6.5290812204724409
20
-4.1017159055118109
11
6.5291715748031498
21
-4.1017069685039367
0
LINE
8
BLACK
6
CONTINUOUS
10
6.5291715748031498
20
-4.1017069685039367
11
6.5292089370078736
21
-4.1016934251968502
0
LINE
8
BLACK
6
CONTINUOUS
10
6.5292089370078736
20
-4.1016934251968502
11
6.5292784645669286
21
-4.1016964566929133
0
LINE
8
BLACK
6
CONTINUOUS
10
6.5292784645669286
20
-4.1016964566929133
11
6.5296572834645668
21
-4.1016591732283461
0
LINE
8
BLACK
6
CONTINUOUS
10
6.5296572834645668
20
-4.1016591732283461
11
6.5611533464566927
21
-4.1016591732283461
0
LINE
8
BLACK
6
CONTINUOUS
10
6.5611533464566927
20
-4.1016591732283461
11
6.5617294094488186
21
-4.1017159055118109
0
LINE
8
BLACK
6
CONTINUOUS
10
6.5392322047244091
20
-4.0702198031496062
11
6.5393301574803147
21
-4.070260354330709
0
LINE
8
BLACK
6
CONTINUOUS
10
6.5393301574803147
20
-4.070260354330709
11
6.5394360629921255
21
-4.0702679133858268
0
LINE
8
BLACK
6
CONTINUOUS
10
6.5394360629921255
20
-4.0702679133858268
11
6.5399766535433068
21
-4.0704748031496063
0
LINE
8
BLACK
6
CONTINUOUS
10
6.5399766535433068
20
-4.0704748031496063
11
6.5429762992125982
21
-4.0719746456692913
0
LINE
8
BLACK
6
CONTINUOUS
10
6.5429762992125982
20
-4.0719746456692913
11
6.5432241732283467
21
-4.0721306692913384
0
LINE
8
BLACK
6
CONTINUOUS
10
6.5432241732283467
20
-4.0721306692913384
11
6.5432962598425197
21
-4.0721605511811019
0
LINE
8
BLACK
6
CONTINUOUS
10
6.5432962598425197
20
-4.0721605511811019
11
6.5433774015748032
21
-4.0722271259842522
0
LINE
8
BLACK
6
CONTINUOUS
10
6.5433774015748032
20
-4.0722271259842522
11
6.543466181102362
21
-4.0722830314960632
0
LINE
8
BLACK
6
CONTINUOUS
10
6.543466181102362
20
-4.0722830314960632
11
6.5435172047244095
21
-4.0723418897637798
0
LINE
8
BLACK
6
CONTINUOUS
10
6.5435172047244095
20
-4.0723418897637798
11
6.5437437007874015
21
-4.0725277559055115
0
LINE
8
BLACK
6
CONTINUOUS
10
6.5437437007874015
20
-4.0725277559055115
11
6.5452435039370078
21
-4.0740275590551178
0
LINE
8
BLACK
6
CONTINUOUS
10
6.5452435039370078
20
-4.0740275590551178
11
6.5454292519685042
21
-4.0742538976377949
0
LINE
8
BLACK
6
CONTINUOUS
10
6.5454292519685042
20
-4.0742538976377949
11
6.5454882677165349
21
-4.0743050787401573
0
LINE
8
BLACK
6
CONTINUOUS
10
6.5454882677165349
20
-4.0743050787401573
11
6.5455442125984247
21
-4.0743940157480312
0
LINE
8
BLACK
6
CONTINUOUS
10
6.5455442125984247
20
-4.0743940157480312
11
6.5456107086614175
21
-4.0744749999999996
0
LINE
8
BLACK
6
CONTINUOUS
10
6.5456107086614175
20
-4.0744749999999996
11
6.5456405118110235
21
-4.0745469291338585
0
LINE
8
BLACK
6
CONTINUOUS
10
6.5456405118110235
20
-4.0745469291338585
11
6.545796614173228
21
-4.0747949606299212
0
LINE
8
BLACK
6
CONTINUOUS
10
6.545796614173228
20
-4.0747949606299212
11
6.5472964173228343
21
-4.0777945669291338
0
LINE
8
BLACK
6
CONTINUOUS
10
6.5472964173228343
20
-4.0777945669291338
11
6.5473125196850388
21
-4.077836653543307
0
LINE
8
BLACK
6
CONTINUOUS
10
6.5473125196850388
20
-4.077836653543307
11
6.5473252362204724
21
-4.0778538188976379
0
LINE
8
BLACK
6
CONTINUOUS
10
6.5473252362204724
20
-4.0778538188976379
11
6.5474116535433069
21
-4.0780957480314957
0
LINE
8
BLACK
6
CONTINUOUS
10
6.5474116535433069
20
-4.0780957480314957
11
6.5475033070866138
21
-4.0783351968503938
0
LINE
8
BLACK
6
CONTINUOUS
10
6.5475033070866138
20
-4.0783351968503938
11
6.5475048031496064
21
-4.0783564173228344
0
LINE
8
BLACK
6
CONTINUOUS
10
6.5475048031496064
20
-4.0783564173228344
11
6.5475199999999996
21
-4.0783989370078739
0
LINE
8
BLACK
6
CONTINUOUS
10
6.5475199999999996
20
-4.0783989370078739
11
6.5489411811023617
21
-4.0840837401574799
0
LINE
8
BLACK
6
CONTINUOUS
10
6.5489411811023617
20
-4.0840837401574799
11
6.5500817716535433
21
-4.0863648818897635
0
LINE
8
BLACK
6
CONTINUOUS
10
6.5500817716535433
20
-4.0863648818897635
11
6.5509039370078739
21
-4.0871870472440941
0
LINE
8
BLACK
6
CONTINUOUS
10
6.5509039370078739
20
-4.0871870472440941
11
6.552851496062992
21
-4.0881608267716532
0
LINE
8
BLACK
6
CONTINUOUS
10
6.552851496062992
20
-4.0881608267716532
11
6.5544570472440942
21
-4.0881608267716532
0
LINE
8
BLACK
6
CONTINUOUS
10
6.5544570472440942
20
-4.0881608267716532
11
6.5564046062992123
21
-4.0871870078740153
0
LINE
8
BLACK
6
CONTINUOUS
10
6.5564046062992123
20
-4.0871870078740153
11
6.5572268110236216
21
-4.0863648425196848
0
LINE
8
BLACK
6
CONTINUOUS
10
6.5572268110236216
20
-4.0863648425196848
11
6.5582005905511807
21
-4.0844172834645667
0
LINE
8
BLACK
6
CONTINUOUS
10
6.5582005905511807
20
-4.0844172834645667
11
6.5582005905511807
21
-4.0780943700787402
0
LINE
8
BLACK
6
CONTINUOUS
10
6.5582005905511807
20
-4.0780943700787402
11
6.5568523228346454
21
-4.0740495669291334
0
LINE
8
BLACK
6
CONTINUOUS
10
6.5568523228346454
20
-4.0740495669291334
11
6.5567239763779526
21
-4.0734851181102361
0
LINE
8
BLACK
6
CONTINUOUS
10
6.5567239763779526
20
-4.0734851181102361
11
6.5568056692913386
21
-4.0723359055118111
0
LINE
8
BLACK
6
CONTINUOUS
10
6.5568056692913386
20
-4.0723359055118111
11
6.5573208661417324
21
-4.0713054724409448
0
LINE
8
BLACK
6
CONTINUOUS
10
6.5573208661417324
20
-4.0713054724409448
11
6.5581912598425198
21
-4.0705505905511812
0
LINE
8
BLACK
6
CONTINUOUS
10
6.5581912598425198
20
-4.0705505905511812
11
6.5592842519685037
21
-4.0701862598425196
0
LINE
8
BLACK
6
CONTINUOUS
10
6.5592842519685037
20
-4.0701862598425196
11
6.5604334645669287
21
-4.0702679527559056
0
LINE
8
BLACK
6
CONTINUOUS
10
6.5604334645669287
20
-4.0702679527559056
11
6.561463897637795
21
-4.0707831496062994
0
LINE
8
BLACK
6
CONTINUOUS
10
6.561463897637795
20
-4.0707831496062994
11
6.5622187795275586
21
-4.0716535433070868
0
LINE
8
BLACK
6
CONTINUOUS
10
6.5622187795275586
20
-4.0716535433070868
11
6.5624547637795274
21
-4.0721820866141734
0
LINE
8
BLACK
6
CONTINUOUS
10
6.5624547637795274
20
-4.0721820866141734
11
6.5639545669291337
21
-4.076681535433071
0
LINE
8
BLACK
6
CONTINUOUS
10
6.5639545669291337
20
-4.076681535433071
11
6.5640194881889764
21
-4.0769670866141734
0
LINE
8
BLACK
6
CONTINUOUS
10
6.5640194881889764
20
-4.0769670866141734
11
6.5640493700787399
21
-4.0770392125984252
0
LINE
8
BLACK
6
CONTINUOUS
10
6.5640493700787399
20
-4.0770392125984252
11
6.5640596456692908
21
-4.0771437007874018
0
LINE
8
BLACK
6
CONTINUOUS
10
6.5640596456692908
20
-4.0771437007874018
11
6.5640829133858265
21
-4.0772459842519684
0
LINE
8
BLACK
6
CONTINUOUS
10
6.5640829133858265
20
-4.0772459842519684
11
6.5640773622047242
21
-4.0773237007874013
0
LINE
8
BLACK
6
CONTINUOUS
10
6.5640773622047242
20
-4.0773237007874013
11
6.5641061023622047
21
-4.077615275590551
0
LINE
8
BLACK
6
CONTINUOUS
10
6.5641061023622047
20
-4.077615275590551
11
6.5641061023622047
21
-4.0851143307086613
0
LINE
8
BLACK
6
CONTINUOUS
10
6.5641061023622047
20
-4.0851143307086613
11
6.5640493700787399
21
-4.0856903937007871
0
LINE
8
BLACK
6
CONTINUOUS
10
6.5640493700787399
20
-4.0856903937007871
11
6.5640087401574805
21
-4.0857883858267714
0
LINE
8
BLACK
6
CONTINUOUS
10
6.5640087401574805
20
-4.0857883858267714
11
6.5640012598425193
21
-4.0858942125984248
0
LINE
8
BLACK
6
CONTINUOUS
10
6.5640012598425193
20
-4.0858942125984248
11
6.5637943700787398
21
-4.0864348425196848
0
LINE
8
BLACK
6
CONTINUOUS
10
6.5637943700787398
20
-4.0864348425196848
11
6.5622945669291335
21
-4.0894344881889761
0
LINE
8
BLACK
6
CONTINUOUS
10
6.5622945669291335
20
-4.0894344881889761
11
6.5621385039370077
21
-4.0896824015748034
0
LINE
8
BLACK
6
CONTINUOUS
10
6.5621385039370077
20
-4.0896824015748034
11
6.562108661417323
21
-4.0897544881889765
0
LINE
8
BLACK
6
CONTINUOUS
10
6.562108661417323
20
-4.0897544881889765
11
6.5620420866141727
21
-4.0898355511811024
0
LINE
8
BLACK
6
CONTINUOUS
10
6.5620420866141727
20
-4.0898355511811024
11
6.5619862204724404
21
-4.08992437007874
0
LINE
8
BLACK
6
CONTINUOUS
10
6.5619862204724404
20
-4.08992437007874
11
6.5619272440944885
21
-4.0899754724409449
0
LINE
8
BLACK
6
CONTINUOUS
10
6.5619272440944885
20
-4.0899754724409449
11
6.5617414173228346
21
-4.0902019291338583
0
LINE
8
BLACK
6
CONTINUOUS
10
6.5617414173228346
20
-4.0902019291338583
11
6.5602415748031495
21
-4.0917017322834646
0
LINE
8
BLACK
6
CONTINUOUS
10
6.5602415748031495
20
-4.0917017322834646
11
6.5600152362204724
21
-4.0918874409448822
0
LINE
8
BLACK
6
CONTINUOUS
10
6.5600152362204724
20
-4.0918874409448822
11
6.5599640944881887
21
-4.0919464566929129
0
LINE
8
BLACK
6
CONTINUOUS
10
6.5599640944881887
20
-4.0919464566929129
11
6.5598751574803149
21
-4.0920024015748027
0
LINE
8
BLACK
6
CONTINUOUS
10
6.5598751574803149
20
-4.0920024015748027
11
6.5597941338582677
21
-4.0920689370078742
0
LINE
8
BLACK
6
CONTINUOUS
10
6.5597941338582677
20
-4.0920689370078742
11
6.5597220866141734
21
-4.0920987401574802
0
LINE
8
BLACK
6
CONTINUOUS
10
6.5597220866141734
20
-4.0920987401574802
11
6.5594742125984249
21
-4.092254803149606
0
LINE
8
BLACK
6
CONTINUOUS
10
6.5594742125984249
20
-4.092254803149606
11
6.5564746062992123
21
-4.0937546062992123
0
LINE
8
BLACK
6
CONTINUOUS
10
6.5564746062992123
20
-4.0937546062992123
11
6.5559339763779523
21
-4.0939614960629918
0
LINE
8
BLACK
6
CONTINUOUS
10
6.5559339763779523
20
-4.0939614960629918
11
6.5558281496062989
21
-4.093968976377953
0
LINE
8
BLACK
6
CONTINUOUS
10
6.5558281496062989
20
-4.093968976377953
11
6.5557301574803146
21
-4.0940096062992124
0
LINE
8
BLACK
6
CONTINUOUS
10
6.5557301574803146
20
-4.0940096062992124
11
6.5551540944881888
21
-4.0940663385826772
0
LINE
8
BLACK
6
CONTINUOUS
10
6.5551540944881888
20
-4.0940663385826772
11
6.5521544488188974
21
-4.0940663385826772
0
LINE
8
BLACK
6
CONTINUOUS
10
6.5521544488188974
20
-4.0940663385826772
11
6.5515783858267715
21
-4.0940096062992124
0
LINE
8
BLACK
6
CONTINUOUS
10
6.5515783858267715
20
-4.0940096062992124
11
6.5514803543307085
21
-4.093968976377953
0
LINE
8
BLACK
6
CONTINUOUS
10
6.5514803543307085
20
-4.093968976377953
11
6.5513745669291339
21
-4.0939614960629918
0
LINE
8
BLACK
6
CONTINUOUS
10
6.5513745669291339
20
-4.0939614960629918
11
6.5508339370078739
21
-4.0937546062992123
0
LINE
8
BLACK
6
CONTINUOUS
10
6.5508339370078739
20
-4.0937546062992123
11
6.5478343307086613
21
-4.092254803149606
0
LINE
8
BLACK
6
CONTINUOUS
10
6.5478343307086613
20
-4.092254803149606
11
6.5475862992125986
21
-4.0920987007874015
0
LINE
8
BLACK
6
CONTINUOUS
10
6.5475862992125986
20
-4.0920987007874015
11
6.5475143700787397
21
-4.0920688976377955
0
LINE
8
BLACK
6
CONTINUOUS
10
6.5475143700787397
20
-4.0920688976377955
11
6.5474333858267713
21
-4.0920024015748027
0
LINE
8
BLACK
6
CONTINUOUS
10
6.5474333858267713
20
-4.0920024015748027
11
6.5473444488188974
21
-4.0919464566929129
0
LINE
8
BLACK
6
CONTINUOUS
10
6.5473444488188974
20
-4.0919464566929129
11
6.547293267716535
21
-4.0918874409448822
0
LINE
8
BLACK
6
CONTINUOUS
10
6.547293267716535
20
-4.0918874409448822
11
6.5470669291338579
21
-4.0917016929133858
0
LINE
8
BLACK
6
CONTINUOUS
10
6.5470669291338579
20
-4.0917016929133858
11
6.5455671259842516
21
-4.0902018897637795
0
LINE
8
BLACK
6
CONTINUOUS
10
6.5455671259842516
20
-4.0902018897637795
11
6.5453812598425198
21
-4.0899753937007874
0
LINE
8
BLACK
6
CONTINUOUS
10
6.5453812598425198
20
-4.0899753937007874
11
6.5453224015748033
21
-4.08992437007874
0
LINE
8
BLACK
6
CONTINUOUS
10
6.5453224015748033
20
-4.08992437007874
11
6.5452664960629923
21
-4.0898355905511812
0
LINE
8
BLACK
6
CONTINUOUS
10
6.5452664960629923
20
-4.0898355905511812
11
6.545199921259842
21
-4.0897544488188977
0
LINE
8
BLACK
6
CONTINUOUS
10
6.545199921259842
20
-4.0897544488188977
11
6.5451700393700785
21
-4.0896823622047247
0
LINE
8
BLACK
6
CONTINUOUS
10
6.5451700393700785
20
-4.0896823622047247
11
6.5450140157480314
21
-4.0894344881889761
0
LINE
8
BLACK
6
CONTINUOUS
10
6.5450140157480314
20
-4.0894344881889761
11
6.5435141732283464
21
-4.0864348425196848
0
LINE
8
BLACK
6
CONTINUOUS
10
6.5435141732283464
20
-4.0864348425196848
11
6.5434980314960631
21
-4.0863927165354328
0
LINE
8
BLACK
6
CONTINUOUS
10
6.5434980314960631
20
-4.0863927165354328
11
6.5434853543307083
21
-4.0863755905511807
0
LINE
8
BLACK
6
CONTINUOUS
10
6.5434853543307083
20
-4.0863755905511807
11
6.5433990157480313
21
-4.0861339763779529
0
LINE
8
BLACK
6
CONTINUOUS
10
6.5433990157480313
20
-4.0861339763779529
11
6.5433072834645669
21
-4.0858942519685035
0
LINE
8
BLACK
6
CONTINUOUS
10
6.5433072834645669
20
-4.0858942519685035
11
6.5433057480314956
21
-4.0858729527559055
0
LINE
8
BLACK
6
CONTINUOUS
10
6.5433057480314956
20
-4.0858729527559055
11
6.5432905905511811
21
-4.0858304724409447
0
LINE
8
BLACK
6
CONTINUOUS
10
6.5432905905511811
20
-4.0858304724409447
11
6.5418693700787403
21
-4.0801455905511812
0
LINE
8
BLACK
6
CONTINUOUS
10
6.5418693700787403
20
-4.0801455905511812
11
6.5407288582677161
21
-4.0778645669291338
0
LINE
8
BLACK
6
CONTINUOUS
10
6.5407288582677161
20
-4.0778645669291338
11
6.5399066929133856
21
-4.0770424015748032
0
LINE
8
BLACK
6
CONTINUOUS
10
6.5399066929133856
20
-4.0770424015748032
11
6.5379590944881887
21
-4.0760685826771654
0
LINE
8
BLACK
6
CONTINUOUS
10
6.5379590944881887
20
-4.0760685826771654
11
6.5363535826771653
21
-4.0760685826771654
0
LINE
8
BLACK
6
CONTINUOUS
10
6.5363535826771653
20
-4.0760685826771654
11
6.5344059842519684
21
-4.0770423622047245
0
LINE
8
BLACK
6
CONTINUOUS
10
6.5344059842519684
20
-4.0770423622047245
11
6.5335838188976378
21
-4.0778645669291338
0
LINE
8
BLACK
6
CONTINUOUS
10
6.5335838188976378
20
-4.0778645669291338
11
6.5326100393700788
21
-4.0798121259842519
0
LINE
8
BLACK
6
CONTINUOUS
10
6.5326100393700788
20
-4.0798121259842519
11
6.5326100393700788
21
-4.0861350393700784
0
LINE
8
BLACK
6
CONTINUOUS
10
6.5326100393700788
20
-4.0861350393700784
11
6.5339583070866141
21
-4.0901798425196851
0
LINE
8
BLACK
6
CONTINUOUS
10
6.5339583070866141
20
-4.0901798425196851
11
6.5340866535433069
21
-4.0907442913385825
0
LINE
8
BLACK
6
CONTINUOUS
10
6.5340866535433069
20
-4.0907442913385825
11
6.5340049606299209
21
-4.0918935039370075
0
LINE
8
BLACK
6
CONTINUOUS
10
6.5340049606299209
20
-4.0918935039370075
11
6.5334897637795271
21
-4.0929239370078738
0
LINE
8
BLACK
6
CONTINUOUS
10
6.5334897637795271
20
-4.0929239370078738
11
6.5326194094488184
21
-4.0936788188976374
0
LINE
8
BLACK
6
CONTINUOUS
10
6.5326194094488184
20
-4.0936788188976374
11
6.5315263779527557
21
-4.094043149606299
0
LINE
8
BLACK
6
CONTINUOUS
10
6.5315263779527557
20
-4.094043149606299
11
6.5303771653543308
21
-4.093961456692913
0
LINE
8
BLACK
6
CONTINUOUS
10
6.5303771653543308
20
-4.093961456692913
11
6.5293467322834644
21
-4.0934462598425192
0
LINE
8
BLACK
6
CONTINUOUS
10
6.5293467322834644
20
-4.0934462598425192
11
6.5285918503937008
21
-4.0925759055118105
0
LINE
8
BLACK
6
CONTINUOUS
10
6.5285918503937008
20
-4.0925759055118105
11
6.528355866141732
21
-4.0920473228346452
0
LINE
8
BLACK
6
CONTINUOUS
10
6.528355866141732
20
-4.0920473228346452
11
6.5268560629921257
21
-4.0875479133858263
0
LINE
8
BLACK
6
CONTINUOUS
10
6.5268560629921257
20
-4.0875479133858263
11
6.5267911023622043
21
-4.0872623228346452
0
LINE
8
BLACK
6
CONTINUOUS
10
6.5267911023622043
20
-4.0872623228346452
11
6.5267612598425195
21
-4.0871902362204722
0
LINE
8
BLACK
6
CONTINUOUS
10
6.5267612598425195
20
-4.0871902362204722
11
6.5267509448818899
21
-4.0870857086614176
0
LINE
8
BLACK
6
CONTINUOUS
10
6.5267509448818899
20
-4.0870857086614176
11
6.5267277165354329
21
-4.086983464566929
0
LINE
8
BLACK
6
CONTINUOUS
10
6.5267277165354329
20
-4.086983464566929
11
6.5267332283464565
21
-4.0869057086614173
0
LINE
8
BLACK
6
CONTINUOUS
10
6.5267332283464565
20
-4.0869057086614173
11
6.5267045275590547
21
-4.0866141732283463
0
LINE
8
BLACK
6
CONTINUOUS
10
6.5267045275590547
20
-4.0866141732283463
11
6.5267045275590547
21
-4.0791150787401573
0
LINE
8
BLACK
6
CONTINUOUS
10
6.5267045275590547
20
-4.0791150787401573
11
6.5267612598425195
21
-4.0785390157480315
0
LINE
8
BLACK
6
CONTINUOUS
10
6.5267612598425195
20
-4.0785390157480315
11
6.5268018503937002
21
-4.0784409842519684
0
LINE
8
BLACK
6
CONTINUOUS
10
6.5268018503937002
20
-4.0784409842519684
11
6.5268093700787402
21
-4.0783351968503938
0
LINE
8
BLACK
6
CONTINUOUS
10
6.5268093700787402
20
-4.0783351968503938
11
6.5270162598425197
21
-4.0777945669291338
0
LINE
8
BLACK
6
CONTINUOUS
10
6.5270162598425197
20
-4.0777945669291338
11
6.5285160629921259
21
-4.0747949606299212
0
LINE
8
BLACK
6
CONTINUOUS
10
6.5285160629921259
20
-4.0747949606299212
11
6.5286721259842517
21
-4.0745469291338585
0
LINE
8
BLACK
6
CONTINUOUS
10
6.5286721259842517
20
-4.0745469291338585
11
6.5287019685039365
21
-4.0744749999999996
0
LINE
8
BLACK
6
CONTINUOUS
10
6.5287019685039365
20
-4.0744749999999996
11
6.5287684251968505
21
-4.0743940157480312
0
LINE
8
BLACK
6
CONTINUOUS
10
6.5287684251968505
20
-4.0743940157480312
11
6.528824409448819
21
-4.0743050787401573
0
LINE
8
BLACK
6
CONTINUOUS
10
6.528824409448819
20
-4.0743050787401573
11
6.5288833858267719
21
-4.0742538976377949
0
LINE
8
BLACK
6
CONTINUOUS
10
6.5288833858267719
20
-4.0742538976377949
11
6.5290691732283461
21
-4.0740275590551178
0
LINE
8
BLACK
6
CONTINUOUS
10
6.5290691732283461
20
-4.0740275590551178
11
6.5305689763779524
21
-4.0725277559055115
0
LINE
8
BLACK
6
CONTINUOUS
10
6.5305689763779524
20
-4.0725277559055115
11
6.5307954330708657
21
-4.0723418897637798
0
LINE
8
BLACK
6
CONTINUOUS
10
6.5307954330708657
20
-4.0723418897637798
11
6.5308464960629919
21
-4.0722830314960632
0
LINE
8
BLACK
6
CONTINUOUS
10
6.5308464960629919
20
-4.0722830314960632
11
6.530935236220472
21
-4.0722271259842522
0
LINE
8
BLACK
6
CONTINUOUS
10
6.530935236220472
20
-4.0722271259842522
11
6.5310164173228342
21
-4.0721605511811019
0
LINE
8
BLACK
6
CONTINUOUS
10
6.5310164173228342
20
-4.0721605511811019
11
6.5310884645669294
21
-4.0721306692913384
0
LINE
8
BLACK
6
CONTINUOUS
10
6.5310884645669294
20
-4.0721306692913384
11
6.5313363779527558
21
-4.0719746456692913
0
LINE
8
BLACK
6
CONTINUOUS
10
6.5313363779527558
20
-4.0719746456692913
11
6.5343359842519684
21
-4.0704748031496063
0
LINE
8
BLACK
6
CONTINUOUS
10
6.5343359842519684
20
-4.0704748031496063
11
6.5348766141732284
21
-4.0702679133858268
0
LINE
8
BLACK
6
CONTINUOUS
10
6.5348766141732284
20
-4.0702679133858268
11
6.5349824803149605
21
-4.070260354330709
0
LINE
8
BLACK
6
CONTINUOUS
10
6.5349824803149605
20
-4.070260354330709
11
6.5350804724409448
21
-4.0702198031496062
0
LINE
8
BLACK
6
CONTINUOUS
10
6.5350804724409448
20
-4.0702198031496062
11
6.5356565354330707
21
-4.0701630708661414
0
LINE
8
BLACK
6
CONTINUOUS
10
6.5356565354330707
20
-4.0701630708661414
11
6.5386561417322833
21
-4.0701630708661414
0
LINE
8
BLACK
6
CONTINUOUS
10
6.5386561417322833
20
-4.0701630708661414
11
6.5392322047244091
21
-4.0702198031496062
0
LINE
8
BLACK
6
CONTINUOUS
10
6.1745335433070867
20
-4.0303900393700784
11
6.1746780314960628
21
-4.0303970866141734
0
LINE
8
BLACK
6
CONTINUOUS
10
6.1746780314960628
20
-4.0303970866141734
11
6.1776776771653541
21
-4.0311470078740159
0
LINE
8
BLACK
6
CONTINUOUS
10
6.1776776771653541
20
-4.0311470078740159
11
6.1777946062992122
21
-4.0312022440944881
0
LINE
8
BLACK
6
CONTINUOUS
10
6.1777946062992122
20
-4.0312022440944881
11
6.177919409448819
21
-4.0312364173228348
0
LINE
8
BLACK
6
CONTINUOUS
10
6.177919409448819
20
-4.0312364173228348
11
6.1794192125984253
21
-4.0319862992125985
0
LINE
8
BLACK
6
CONTINUOUS
10
6.1794192125984253
20
-4.0319862992125985
11
6.1795688188976374
21
-4.0321024409448816
0
LINE
8
BLACK
6
CONTINUOUS
10
6.1795688188976374
20
-4.0321024409448816
11
6.179726181102362
21
-4.0322075590551183
0
LINE
8
BLACK
6
CONTINUOUS
10
6.179726181102362
20
-4.0322075590551183
11
6.1804761023622046
21
-4.0329574803149608
0
LINE
8
BLACK
6
CONTINUOUS
10
6.1804761023622046
20
-4.0329574803149608
11
6.1805812204724404
21
-4.0331148031496058
0
LINE
8
BLACK
6
CONTINUOUS
10
6.1805812204724404
20
-4.0331148031496058
11
6.1806973622047243
21
-4.0332644488188976
0
LINE
8
BLACK
6
CONTINUOUS
10
6.1806973622047243
20
-4.0332644488188976
11
6.1814472440944881
21
-4.0347642519685039
0
LINE
8
BLACK
6
CONTINUOUS
10
6.1814472440944881
20
-4.0347642519685039
11
6.1814628346456688
21
-4.0348212598425199
0
LINE
8
BLACK
6
CONTINUOUS
10
6.1814628346456688
20
-4.0348212598425199
11
6.181482007874016
21
-4.0348404330708663
0
LINE
8
BLACK
6
CONTINUOUS
10
6.181482007874016
20
-4.0348404330708663
11
6.1815189370078736
21
-4.0350262204724405
0
LINE
8
BLACK
6
CONTINUOUS
10
6.1815189370078736
20
-4.0350262204724405
11
6.1815689370078735
21
-4.0352087401574801
0
LINE
8
BLACK
6
CONTINUOUS
10
6.1815689370078735
20
-4.0352087401574801
11
6.1815603543307089
21
-4.0352343700787401
0
LINE
8
BLACK
6
CONTINUOUS
10
6.1815603543307089
20
-4.0352343700787401
11
6.1815719291338578
21
-4.0352924409448816
0
LINE
8
BLACK
6
CONTINUOUS
10
6.1815719291338578
20
-4.0352924409448816
11
6.1815719291338578
21
-4.0367922440944879
0
LINE
8
BLACK
6
CONTINUOUS
10
6.1815719291338578
20
-4.0367922440944879
11
6.1815603543307089
21
-4.0368502755905507
0
LINE
8
BLACK
6
CONTINUOUS
10
6.1815603543307089
20
-4.0368502755905507
11
6.1815689370078735
21
-4.0368759448818894
0
LINE
8
BLACK
6
CONTINUOUS
10
6.1815689370078735
20
-4.0368759448818894
11
6.1815189370078736
21
-4.0370584251968502
0
LINE
8
BLACK
6
CONTINUOUS
10
6.1815189370078736
20
-4.0370584251968502
11
6.181482007874016
21
-4.0372442519685041
0
LINE
8
BLACK
6
CONTINUOUS
10
6.181482007874016
20
-4.0372442519685041
11
6.1814628346456688
21
-4.0372633858267717
0
LINE
8
BLACK
6
CONTINUOUS
10
6.1814628346456688
20
-4.0372633858267717
11
6.1814472440944881
21
-4.0373204330708656
0
LINE
8
BLACK
6
CONTINUOUS
10
6.1814472440944881
20
-4.0373204330708656
11
6.1806973622047243
21
-4.0388202755905507
0
LINE
8
BLACK
6
CONTINUOUS
10
6.1806973622047243
20
-4.0388202755905507
11
6.1805812204724404
21
-4.0389698818897637
0
LINE
8
BLACK
6
CONTINUOUS
10
6.1805812204724404
20
-4.0389698818897637
11
6.1804760629921258
21
-4.0391272834645671
0
LINE
8
BLACK
6
CONTINUOUS
10
6.1804760629921258
20
-4.0391272834645671
11
6.179726181102362
21
-4.0398771653543308
0
LINE
8
BLACK
6
CONTINUOUS
10
6.179726181102362
20
-4.0398771653543308
11
6.1795687007874012
21
-4.0399823228346454
0
LINE
8
BLACK
6
CONTINUOUS
10
6.1795687007874012
20
-4.0399823228346454
11
6.1794192519685041
21
-4.0400983858267718
0
LINE
8
BLACK
6
CONTINUOUS
10
6.1794192519685041
20
-4.0400983858267718
11
6.1779194488188978
21
-4.0408483070866144
0
LINE
8
BLACK
6
CONTINUOUS
10
6.1779194488188978
20
-4.0408483070866144
11
6.1777945669291334
21
-4.0408824803149601
0
LINE
8
BLACK
6
CONTINUOUS
10
6.1777945669291334
20
-4.0408824803149601
11
6.1776776771653541
21
-4.0409377165354332
0
LINE
8
BLACK
6
CONTINUOUS
10
6.1776776771653541
20
-4.0409377165354332
11
6.1746780314960628
21
-4.041687598425197
0
LINE
8
BLACK
6
CONTINUOUS
10
6.1746780314960628
20
-4.041687598425197
11
6.1745335433070867
21
-4.0416946062992123
0
LINE
8
BLACK
6
CONTINUOUS
10
6.1745335433070867
20
-4.0416946062992123
11
6.174391574803149
21
-4.0417228740157478
0
LINE
8
BLACK
6
CONTINUOUS
10
6.174391574803149
20
-4.0417228740157478
11
6.1706420472440939
21
-4.0417228740157478
0
LINE
8
BLACK
6
CONTINUOUS
10
6.1706420472440939
20
-4.0417228740157478
11
6.1705000393700784
21
-4.0416946062992123
0
LINE
8
BLACK
6
CONTINUOUS
10
6.1705000393700784
20
-4.0416946062992123
11
6.1703555905511811
21
-4.041687598425197
0
LINE
8
BLACK
6
CONTINUOUS
10
6.1703555905511811
20
-4.041687598425197
11
6.1673559842519685
21
-4.0409377165354332
0
LINE
8
BLACK
6
CONTINUOUS
10
6.1673559842519685
20
-4.0409377165354332
11
6.1672390944881892
21
-4.0408824803149601
0
LINE
8
BLACK
6
CONTINUOUS
10
6.1672390944881892
20
-4.0408824803149601
11
6.1671142519685036
21
-4.0408483070866144
0
LINE
8
BLACK
6
CONTINUOUS
10
6.1671142519685036
20
-4.0408483070866144
11
6.1656144094488186
21
-4.0400983858267718
0
LINE
8
BLACK
6
CONTINUOUS
10
6.1656144094488186
20
-4.0400983858267718
11
6.1654651574803152
21
-4.0399825196850392
0
LINE
8
BLACK
6
CONTINUOUS
10
6.1654651574803152
20
-4.0399825196850392
11
6.1653074409448818
21
-4.0398771653543308
0
LINE
8
BLACK
6
CONTINUOUS
10
6.1653074409448818
20
-4.0398771653543308
11
6.164557559055118
21
-4.0391272440944883
0
LINE
8
BLACK
6
CONTINUOUS
10
6.164557559055118
20
-4.0391272440944883
11
6.1644525196850388
21
-4.0389700393700787
0
LINE
8
BLACK
6
CONTINUOUS
10
6.1644525196850388
20
-4.0389700393700787
11
6.1643362992125983
21
-4.0388203149606294
0
LINE
8
BLACK
6
CONTINUOUS
10
6.1643362992125983
20
-4.0388203149606294
11
6.1635863779527558
21
-4.0373204330708656
0
LINE
8
BLACK
6
CONTINUOUS
10
6.1635863779527558
20
-4.0373204330708656
11
6.1635707480314963
21
-4.0372633858267717
0
LINE
8
BLACK
6
CONTINUOUS
10
6.1635707480314963
20
-4.0372633858267717
11
6.1635516141732278
21
-4.0372442519685041
0
LINE
8
BLACK
6
CONTINUOUS
10
6.1635516141732278
20
-4.0372442519685041
11
6.1635146456692915
21
-4.0370584251968502
0
LINE
8
BLACK
6
CONTINUOUS
10
6.1635146456692915
20
-4.0370584251968502
11
6.1634646850393695
21
-4.0368759448818894
0
LINE
8
BLACK
6
CONTINUOUS
10
6.1634646850393695
20
-4.0368759448818894
11
6.1634732283464562
21
-4.0368502755905507
0
LINE
8
BLACK
6
CONTINUOUS
10
6.1634732283464562
20
-4.0368502755905507
11
6.1634616929133861
21
-4.0367922440944879
0
LINE
8
BLACK
6
CONTINUOUS
10
6.1634616929133861
20
-4.0367922440944879
11
6.1634616929133861
21
-4.0352924409448816
0
LINE
8
BLACK
6
CONTINUOUS
10
6.1634616929133861
20
-4.0352924409448816
11
6.1634732283464562
21
-4.0352343700787401
0
LINE
8
BLACK
6
CONTINUOUS
10
6.1634732283464562
20
-4.0352343700787401
11
6.1634646850393695
21
-4.0352087401574801
0
LINE
8
BLACK
6
CONTINUOUS
10
6.1634646850393695
20
-4.0352087401574801
11
6.1635146456692915
21
-4.0350261811023618
0
LINE
8
BLACK
6
CONTINUOUS
10
6.1635146456692915
20
-4.0350261811023618
11
6.1635516141732278
21
-4.0348404330708663
0
LINE
8
BLACK
6
CONTINUOUS
10
6.1635516141732278
20
-4.0348404330708663
11
6.1635707480314963
21
-4.0348212598425199
0
LINE
8
BLACK
6
CONTINUOUS
10
6.1635707480314963
20
-4.0348212598425199
11
6.1635863779527558
21
-4.0347642125984251
0
LINE
8
BLACK
6
CONTINUOUS
10
6.1635863779527558
20
-4.0347642125984251
11
6.1643362992125983
21
-4.0332644094488188
0
LINE
8
BLACK
6
CONTINUOUS
10
6.1643362992125983
20
-4.0332644094488188
11
6.1644523228346459
21
-4.0331149212598421
0
LINE
8
BLACK
6
CONTINUOUS
10
6.1644523228346459
20
-4.0331149212598421
11
6.1645575196850393
21
-4.0329574803149608
0
LINE
8
BLACK
6
CONTINUOUS
10
6.1645575196850393
20
-4.0329574803149608
11
6.1653074015748031
21
-4.032207598425197
0
LINE
8
BLACK
6
CONTINUOUS
10
6.1653074015748031
20
-4.032207598425197
11
6.1654647637795277
21
-4.0321024015748028
0
LINE
8
BLACK
6
CONTINUOUS
10
6.1654647637795277
20
-4.0321024015748028
11
6.1656144094488186
21
-4.0319862992125985
0
LINE
8
BLACK
6
CONTINUOUS
10
6.1656144094488186
20
-4.0319862992125985
11
6.1671142519685036
21
-4.0312364173228348
0
LINE
8
BLACK
6
CONTINUOUS
10
6.1671142519685036
20
-4.0312364173228348
11
6.1672390157480317
21
-4.0312022440944881
0
LINE
8
BLACK
6
CONTINUOUS
10
6.1672390157480317
20
-4.0312022440944881
11
6.1673559842519685
21
-4.0311470078740159
0
LINE
8
BLACK
6
CONTINUOUS
10
6.1673559842519685
20
-4.0311470078740159
11
6.1703555905511811
21
-4.0303970866141734
0
LINE
8
BLACK
6
CONTINUOUS
10
6.1703555905511811
20
-4.0303970866141734
11
6.1705000393700784
21
-4.0303900393700784
0
LINE
8
BLACK
6
CONTINUOUS
10
6.1705000393700784
20
-4.0303900393700784
11
6.1706420472440939
21
-4.0303618110236217
0
LINE
8
BLACK
6
CONTINUOUS
10
6.1706420472440939
20
-4.0303618110236217
11
6.174391574803149
21
-4.0303618110236217
0
LINE
8
BLACK
6
CONTINUOUS
10
6.174391574803149
20
-4.0303618110236217
11
6.1745335433070867
21
-4.0303900393700784
0
LINE
8
BLACK
6
CONTINUOUS
10
6.1680546850393698
20
-4.0334072047244094
11
6.1668422834645664
21
-4.0340133858267713
0
LINE
8
BLACK
6
CONTINUOUS
10
6.1668422834645664
20
-4.0340133858267713
11
6.1663633858267719
21
-4.0344922834645667
0
LINE
8
BLACK
6
CONTINUOUS
10
6.1663633858267719
20
-4.0344922834645667
11
6.1658238976377948
21
-4.0355712992125987
0
LINE
8
BLACK
6
CONTINUOUS
10
6.1658238976377948
20
-4.0355712992125987
11
6.1658238976377948
21
-4.0365134251968504
0
LINE
8
BLACK
6
CONTINUOUS
10
6.1658238976377948
20
-4.0365134251968504
11
6.1663633858267719
21
-4.0375924409448816
0
LINE
8
BLACK
6
CONTINUOUS
10
6.1663633858267719
20
-4.0375924409448816
11
6.1668422440944877
21
-4.0380712598425195
0
LINE
8
BLACK
6
CONTINUOUS
10
6.1668422440944877
20
-4.0380712598425195
11
6.1680547637795273
21
-4.0386775196850389
0
LINE
8
BLACK
6
CONTINUOUS
10
6.1680547637795273
20
-4.0386775196850389
11
6.1707874015748034
21
-4.0393606692913382
0
LINE
8
BLACK
6
CONTINUOUS
10
6.1707874015748034
20
-4.0393606692913382
11
6.1742462204724404
21
-4.0393606692913382
0
LINE
8
BLACK
6
CONTINUOUS
10
6.1742462204724404
20
-4.0393606692913382
11
6.1769788582677165
21
-4.0386775196850389
0
LINE
8
BLACK
6
CONTINUOUS
10
6.1769788582677165
20
-4.0386775196850389
11
6.1781913385826774
21
-4.0380712598425195
0
LINE
8
BLACK
6
CONTINUOUS
10
6.1781913385826774
20
-4.0380712598425195
11
6.178670236220472
21
-4.0375923622047241
0
LINE
8
BLACK
6
CONTINUOUS
10
6.178670236220472
20
-4.0375923622047241
11
6.179209724409449
21
-4.0365134251968504
0
LINE
8
BLACK
6
CONTINUOUS
10
6.179209724409449
20
-4.0365134251968504
11
6.179209724409449
21
-4.0355712204724412
0
LINE
8
BLACK
6
CONTINUOUS
10
6.179209724409449
20
-4.0355712204724412
11
6.1786701968503932
21
-4.0344922047244092
0
LINE
8
BLACK
6
CONTINUOUS
10
6.1786701968503932
20
-4.0344922047244092
11
6.1781914173228349
21
-4.03401342519685
0
LINE
8
BLACK
6
CONTINUOUS
10
6.1781914173228349
20
-4.03401342519685
11
6.176978937007874
21
-4.0334072047244094
0
LINE
8
BLACK
6
CONTINUOUS
10
6.176978937007874
20
-4.0334072047244094
11
6.1742462204724404
21
-4.0327240157480313
0
LINE
8
BLACK
6
CONTINUOUS
10
6.1742462204724404
20
-4.0327240157480313
11
6.1707874015748034
21
-4.0327240157480313
0
LINE
8
BLACK
6
CONTINUOUS
10
6.1707874015748034
20
-4.0327240157480313
11
6.1680546850393698
21
-4.0334072047244094
0
LINE
8
BLACK
6
CONTINUOUS
10
6.1700345275590553
20
-4.0157709842519687
11
6.1703203937007869
21
-4.0166285039370075
0
LINE
8
BLACK
6
CONTINUOUS
10
6.1703203937007869
20
-4.0166285039370075
11
6.1701986614173228
21
-4.0170729921259838
0
LINE
8
BLACK
6
CONTINUOUS
10
6.1701986614173228
20
-4.0170729921259838
11
6.1694487401574802
21
-4.0185728346456688
0
LINE
8
BLACK
6
CONTINUOUS
10
6.1694487401574802
20
-4.0185728346456688
11
6.1693325984251963
21
-4.0187224015748031
0
LINE
8
BLACK
6
CONTINUOUS
10
6.1693325984251963
20
-4.0187224015748031
11
6.1692274803149605
21
-4.0188798031496065
0
LINE
8
BLACK
6
CONTINUOUS
10
6.1692274803149605
20
-4.0188798031496065
11
6.1682440944881884
21
-4.0198631496062989
0
LINE
8
BLACK
6
CONTINUOUS
10
6.1682440944881884
20
-4.0198631496062989
11
6.179209724409449
21
-4.0198631496062989
0
LINE
8
BLACK
6
CONTINUOUS
10
6.179209724409449
20
-4.0198631496062989
11
6.179209724409449
21
-4.016544803149606
0
LINE
8
BLACK
6
CONTINUOUS
10
6.179209724409449
20
-4.016544803149606
11
6.1792996456692908
21
-4.0160927952755907
0
LINE
8
BLACK
6
CONTINUOUS
10
6.1792996456692908
20
-4.0160927952755907
11
6.1799388188976376
21
-4.0154536220472439
0
LINE
8
BLACK
6
CONTINUOUS
10
6.1799388188976376
20
-4.0154536220472439
11
6.1808428346456692
21
-4.0154536220472439
0
LINE
8
BLACK
6
CONTINUOUS
10
6.1808428346456692
20
-4.0154536220472439
11
6.181482007874016
21
-4.0160927952755907
0
LINE
8
BLACK
6
CONTINUOUS
10
6.181482007874016
20
-4.0160927952755907
11
6.1815719291338578
21
-4.016544803149606
0
LINE
8
BLACK
6
CONTINUOUS
10
6.1815719291338578
20
-4.016544803149606
11
6.1815719291338578
21
-4.0255436614173226
0
LINE
8
BLACK
6
CONTINUOUS
10
6.1815719291338578
20
-4.0255436614173226
11
6.181482007874016
21
-4.0259956692913388
0
LINE
8
BLACK
6
CONTINUOUS
10
6.181482007874016
20
-4.0259956692913388
11
6.1808428346456692
21
-4.0266348425196847
0
LINE
8
BLACK
6
CONTINUOUS
10
6.1808428346456692
20
-4.0266348425196847
11
6.1799388188976376
21
-4.0266348425196847
0
LINE
8
BLACK
6
CONTINUOUS
10
6.1799388188976376
20
-4.0266348425196847
11
6.1792996456692908
21
-4.0259956692913388
0
LINE
8
BLACK
6
CONTINUOUS
10
6.1792996456692908
20
-4.0259956692913388
11
6.179209724409449
21
-4.0255436614173226
0
LINE
8
BLACK
6
CONTINUOUS
10
6.179209724409449
20
-4.0255436614173226
11
6.179209724409449
21
-4.0222253543307085
0
LINE
8
BLACK
6
CONTINUOUS
10
6.179209724409449
20
-4.0222253543307085
11
6.16464279527559
21
-4.0222253543307085
0
LINE
8
BLACK
6
CONTINUOUS
10
6.16464279527559
20
-4.0222253543307085
11
6.1641907874015747
21
-4.0221354330708659
0
LINE
8
BLACK
6
CONTINUOUS
10
6.1641907874015747
20
-4.0221354330708659
11
6.1641048031496064
21
-4.0220494488188976
0
LINE
8
BLACK
6
CONTINUOUS
10
6.1641048031496064
20
-4.0220494488188976
11
6.1639856299212594
21
-4.0220256299212593
0
LINE
8
BLACK
6
CONTINUOUS
10
6.1639856299212594
20
-4.0220256299212593
11
6.1637948425196845
21
-4.0217394881889765
0
LINE
8
BLACK
6
CONTINUOUS
10
6.1637948425196845
20
-4.0217394881889765
11
6.1635516141732278
21
-4.0214962598425199
0
LINE
8
BLACK
6
CONTINUOUS
10
6.1635516141732278
20
-4.0214962598425199
11
6.1635516141732278
21
-4.0213746456692911
0
LINE
8
BLACK
6
CONTINUOUS
10
6.1635516141732278
20
-4.0213746456692911
11
6.163484133858268
21
-4.0212734645669288
0
LINE
8
BLACK
6
CONTINUOUS
10
6.163484133858268
20
-4.0212734645669288
11
6.1635516141732278
21
-4.020936062992126
0
LINE
8
BLACK
6
CONTINUOUS
10
6.1635516141732278
20
-4.020936062992126
11
6.1635516141732278
21
-4.0205922440944883
0
LINE
8
BLACK
6
CONTINUOUS
10
6.1635516141732278
20
-4.0205922440944883
11
6.1636375590551182
21
-4.0205062598425192
0
LINE
8
BLACK
6
CONTINUOUS
10
6.1636375590551182
20
-4.0205062598425192
11
6.1636614173228343
21
-4.0203870866141731
0
LINE
8
BLACK
6
CONTINUOUS
10
6.1636614173228343
20
-4.0203870866141731
11
6.1639876377952758
21
-4.0200615354330704
0
LINE
8
BLACK
6
CONTINUOUS
10
6.1639876377952758
20
-4.0200615354330704
11
6.1661401181102358
21
-4.0186264566929131
0
LINE
8
BLACK
6
CONTINUOUS
10
6.1661401181102358
20
-4.0186264566929131
11
6.1674216141732279
21
-4.017344960629921
0
LINE
8
BLACK
6
CONTINUOUS
10
6.1674216141732279
20
-4.017344960629921
11
6.1680858267716534
21
-4.0160165748031496
0
LINE
8
BLACK
6
CONTINUOUS
10
6.1680858267716534
20
-4.0160165748031496
11
6.1683684251968502
21
-4.0156525196850392
0
LINE
8
BLACK
6
CONTINUOUS
10
6.1683684251968502
20
-4.0156525196850392
11
6.16922594488189
21
-4.0153666535433068
0
LINE
8
BLACK
6
CONTINUOUS
10
6.16922594488189
20
-4.0153666535433068
11
6.1700345275590553
21
-4.0157709842519687
0
LINE
8
BLACK
6
CONTINUOUS
10
6.1808428346456692
20
-4.0004555118110234
11
6.181482007874016
21
-4.0010946850393703
0
LINE
8
BLACK
6
CONTINUOUS
10
6.181482007874016
20
-4.0010946850393703
11
6.181482007874016
21
-4.0019987007874018
0
LINE
8
BLACK
6
CONTINUOUS
10
6.181482007874016
20
-4.0019987007874018
11
6.1808428346456692
21
-4.0026378740157478
0
LINE
8
BLACK
6
CONTINUOUS
10
6.1808428346456692
20
-4.0026378740157478
11
6.180390826771653
21
-4.0027277952755904
0
LINE
8
BLACK
6
CONTINUOUS
10
6.180390826771653
20
-4.0027277952755904
11
6.1740728740157476
21
-4.0027277952755904
0
LINE
8
BLACK
6
CONTINUOUS
10
6.1740728740157476
20
-4.0027277952755904
11
6.1740728740157476
21
-4.0046812598425197
0
LINE
8
BLACK
6
CONTINUOUS
10
6.1740728740157476
20
-4.0046812598425197
11
6.1810681102362199
21
-4.0095779527559055
0
LINE
8
BLACK
6
CONTINUOUS
10
6.1810681102362199
20
-4.0095779527559055
11
6.1813868503937011
21
-4.0099108267716534
0
LINE
8
BLACK
6
CONTINUOUS
10
6.1813868503937011
20
-4.0099108267716534
11
6.1815439370078735
21
-4.0108009842519685
0
LINE
8
BLACK
6
CONTINUOUS
10
6.1815439370078735
20
-4.0108009842519685
11
6.1810255511811025
21
-4.0115415748031493
0
LINE
8
BLACK
6
CONTINUOUS
10
6.1810255511811025
20
-4.0115415748031493
11
6.1801353543307087
21
-4.0116986614173227
0
LINE
8
BLACK
6
CONTINUOUS
10
6.1801353543307087
20
-4.0116986614173227
11
6.1797135039370081
21
-4.0115131496062988
0
LINE
8
BLACK
6
CONTINUOUS
10
6.1797135039370081
20
-4.0115131496062988
11
6.1740695669291341
21
-4.0075624015748028
0
LINE
8
BLACK
6
CONTINUOUS
10
6.1740695669291341
20
-4.0075624015748028
11
6.1740613385826766
21
-4.0076038976377948
0
LINE
8
BLACK
6
CONTINUOUS
10
6.1740613385826766
20
-4.0076038976377948
11
6.174069921259842
21
-4.007629645669291
0
LINE
8
BLACK
6
CONTINUOUS
10
6.174069921259842
20
-4.007629645669291
11
6.1740198425196846
21
-4.0078124409448819
0
LINE
8
BLACK
6
CONTINUOUS
10
6.1740198425196846
20
-4.0078124409448819
11
6.1739829527559058
21
-4.0079979527559058
0
LINE
8
BLACK
6
CONTINUOUS
10
6.1739829527559058
20
-4.0079979527559058
11
6.1739637795275586
21
-4.0080170866141733
0
LINE
8
BLACK
6
CONTINUOUS
10
6.1739637795275586
20
-4.0080170866141733
11
6.1739481889763779
21
-4.0080741338582673
0
LINE
8
BLACK
6
CONTINUOUS
10
6.1739481889763779
20
-4.0080741338582673
11
6.1731982677165353
21
-4.0095739763779523
0
LINE
8
BLACK
6
CONTINUOUS
10
6.1731982677165353
20
-4.0095739763779523
11
6.1730822834645664
21
-4.0097233464566928
0
LINE
8
BLACK
6
CONTINUOUS
10
6.1730822834645664
20
-4.0097233464566928
11
6.1729770472440944
21
-4.0098809055118112
0
LINE
8
BLACK
6
CONTINUOUS
10
6.1729770472440944
20
-4.0098809055118112
11
6.1722271259842518
21
-4.010630787401575
0
LINE
8
BLACK
6
CONTINUOUS
10
6.1722271259842518
20
-4.010630787401575
11
6.1720699212598422
21
-4.0107357874015745
0
LINE
8
BLACK
6
CONTINUOUS
10
6.1720699212598422
20
-4.0107357874015745
11
6.1719201968503938
21
-4.0108520472440947
0
LINE
8
BLACK
6
CONTINUOUS
10
6.1719201968503938
20
-4.0108520472440947
11
6.17042031496063
21
-4.0116019685039372
0
LINE
8
BLACK
6
CONTINUOUS
10
6.17042031496063
20
-4.0116019685039372
11
6.1703632677165352
21
-4.011617559055118
0
LINE
8
BLACK
6
CONTINUOUS
10
6.1703632677165352
20
-4.011617559055118
11
6.1703441338582676
21
-4.0116367322834643
0
LINE
8
BLACK
6
CONTINUOUS
10
6.1703441338582676
20
-4.0116367322834643
11
6.1701583070866137
21
-4.0116736614173227
0
LINE
8
BLACK
6
CONTINUOUS
10
6.1701583070866137
20
-4.0116736614173227
11
6.1699758267716538
21
-4.0117236614173226
0
LINE
8
BLACK
6
CONTINUOUS
10
6.1699758267716538
20
-4.0117236614173226
11
6.1699501574803151
21
-4.0117150787401572
0
LINE
8
BLACK
6
CONTINUOUS
10
6.1699501574803151
20
-4.0117150787401572
11
6.1698921259842514
21
-4.0117266535433069
0
LINE
8
BLACK
6
CONTINUOUS
10
6.1698921259842514
20
-4.0117266535433069
11
6.1676424409448813
21
-4.0117266535433069
0
LINE
8
BLACK
6
CONTINUOUS
10
6.1676424409448813
20
-4.0117266535433069
11
6.1675844488188973
21
-4.011715118110236
0
LINE
8
BLACK
6
CONTINUOUS
10
6.1675844488188973
20
-4.011715118110236
11
6.1675587401574798
21
-4.0117237007874014
0
LINE
8
BLACK
6
CONTINUOUS
10
6.1675587401574798
20
-4.0117237007874014
11
6.1673759055118111
21
-4.011673622047244
0
LINE
8
BLACK
6
CONTINUOUS
10
6.1673759055118111
20
-4.011673622047244
11
6.167190433070866
21
-4.0116367322834643
0
LINE
8
BLACK
6
CONTINUOUS
10
6.167190433070866
20
-4.0116367322834643
11
6.1671712598425197
21
-4.011617559055118
0
LINE
8
BLACK
6
CONTINUOUS
10
6.1671712598425197
20
-4.011617559055118
11
6.1671142519685036
21
-4.0116019685039372
0
LINE
8
BLACK
6
CONTINUOUS
10
6.1671142519685036
20
-4.0116019685039372
11
6.1656144094488186
21
-4.0108520472440947
0
LINE
8
BLACK
6
CONTINUOUS
10
6.1656144094488186
20
-4.0108520472440947
11
6.1654651574803152
21
-4.0107361811023621
0
LINE
8
BLACK
6
CONTINUOUS
10
6.1654651574803152
20
-4.0107361811023621
11
6.1653074409448818
21
-4.0106308267716537
0
LINE
8
BLACK
6
CONTINUOUS
10
6.1653074409448818
20
-4.0106308267716537
11
6.164557559055118
21
-4.0098809055118112
0
LINE
8
BLACK
6
CONTINUOUS
10
6.164557559055118
20
-4.0098809055118112
11
6.1644525196850388
21
-4.0097237007874016
0
LINE
8
BLACK
6
CONTINUOUS
10
6.1644525196850388
20
-4.0097237007874016
11
6.1643362992125983
21
-4.0095739763779523
0
LINE
8
BLACK
6
CONTINUOUS
10
6.1643362992125983
20
-4.0095739763779523
11
6.1635863779527558
21
-4.008074173228346
0
LINE
8
BLACK
6
CONTINUOUS
10
6.1635863779527558
20
-4.008074173228346
11
6.1635707480314963
21
-4.0080170866141733
0
LINE
8
BLACK
6
CONTINUOUS
10
6.1635707480314963
20
-4.0080170866141733
11
6.1635516141732278
21
-4.0079979527559058
0
LINE
8
BLACK
6
CONTINUOUS
10
6.1635516141732278
20
-4.0079979527559058
11
6.1635146456692915
21
-4.0078121653543306
0
LINE
8
BLACK
6
CONTINUOUS
10
6.1635146456692915
20
-4.0078121653543306
11
6.1634646850393695
21
-4.007629645669291
0
LINE
8
BLACK
6
CONTINUOUS
10
6.1634646850393695
20
-4.007629645669291
11
6.1634732283464562
21
-4.0076039763779523
0
LINE
8
BLACK
6
CONTINUOUS
10
6.1634732283464562
20
-4.0076039763779523
11
6.1634616929133861
21
-4.0075459448818895
0
LINE
8
BLACK
6
CONTINUOUS
10
6.1634616929133861
20
-4.0075459448818895
11
6.1634616929133861
21
-4.0015466929133856
0
LINE
8
BLACK
6
CONTINUOUS
10
6.1634616929133861
20
-4.0015466929133856
11
6.1635516141732278
21
-4.0010946850393703
0
LINE
8
BLACK
6
CONTINUOUS
10
6.1635516141732278
20
-4.0010946850393703
11
6.1641907874015747
21
-4.0004555118110234
0
LINE
8
BLACK
6
CONTINUOUS
10
6.1641907874015747
20
-4.0004555118110234
11
6.16464279527559
21
-4.0003655905511808
0
LINE
8
BLACK
6
CONTINUOUS
10
6.16464279527559
20
-4.0003655905511808
11
6.180390826771653
21
-4.0003655905511808
0
LINE
8
BLACK
6
CONTINUOUS
10
6.180390826771653
20
-4.0003655905511808
11
6.1808428346456692
21
-4.0004555118110234
0
LINE
8
BLACK
6
CONTINUOUS
10
6.1658238976377948
20
-4.0072670866141733
11
6.1663633858267719
21
-4.0083461023622045
0
LINE
8
BLACK
6
CONTINUOUS
10
6.1663633858267719
20
-4.0083461023622045
11
6.1668422440944877
21
-4.0088249212598424
0
LINE
8
BLACK
6
CONTINUOUS
10
6.1668422440944877
20
-4.0088249212598424
11
6.1679212992125985
21
-4.0093644488188973
0
LINE
8
BLACK
6
CONTINUOUS
10
6.1679212992125985
20
-4.0093644488188973
11
6.1696133070866139
21
-4.0093644488188973
0
LINE
8
BLACK
6
CONTINUOUS
10
6.1696133070866139
20
-4.0093644488188973
11
6.170692322834646
21
-4.0088249212598424
0
LINE
8
BLACK
6
CONTINUOUS
10
6.170692322834646
20
-4.0088249212598424
11
6.1711711023622042
21
-4.0083461023622045
0
LINE
8
BLACK
6
CONTINUOUS
10
6.1711711023622042
20
-4.0083461023622045
11
6.1717106692913388
21
-4.0072670472440945
0
LINE
8
BLACK
6
CONTINUOUS
10
6.1717106692913388
20
-4.0072670472440945
11
6.1717106692913388
21
-4.0027277952755904
0
LINE
8
BLACK
6
CONTINUOUS
10
6.1717106692913388
20
-4.0027277952755904
11
6.1658238976377948
21
-4.0027277952755904
0
LINE
8
BLACK
6
CONTINUOUS
10
6.1658238976377948
20
-4.0027277952755904
11
6.1658238976377948
21
-4.0072670866141733
0
LINE
8
BLACK
6
CONTINUOUS
10
6.1902218110236218
20
-3.9873545669291337
11
6.1912871653543302
21
-3.9884199212598426
0
LINE
8
BLACK
6
CONTINUOUS
10
6.1912871653543302
20
-3.9884199212598426
11
6.1914370078740157
21
-3.9891732283464565
0
LINE
8
BLACK
6
CONTINUOUS
10
6.1914370078740157
20
-3.9891732283464565
11
6.1914370078740157
21
-4.0521653543307083
0
LINE
8
BLACK
6
CONTINUOUS
10
6.1914370078740157
20
-4.0521653543307083
11
6.1912871653543302
21
-4.0529186614173227
0
LINE
8
BLACK
6
CONTINUOUS
10
6.1912871653543302
20
-4.0529186614173227
11
6.1902218110236218
21
-4.0539840157480311
0
LINE
8
BLACK
6
CONTINUOUS
10
6.1902218110236218
20
-4.0539840157480311
11
6.1894685039370074
21
-4.0541338582677167
0
LINE
8
BLACK
6
CONTINUOUS
10
6.1894685039370074
20
-4.0541338582677167
11
6.1569881889763778
21
-4.0541338582677167
0
LINE
8
BLACK
6
CONTINUOUS
10
6.1569881889763778
20
-4.0541338582677167
11
6.1562348818897634
21
-4.0539840157480311
0
LINE
8
BLACK
6
CONTINUOUS
10
6.1562348818897634
20
-4.0539840157480311
11
6.155169527559055
21
-4.0529186614173227
0
LINE
8
BLACK
6
CONTINUOUS
10
6.155169527559055
20
-4.0529186614173227
11
6.1550196850393704
21
-4.0521653543307083
0
LINE
8
BLACK
6
CONTINUOUS
10
6.1550196850393704
20
-4.0521653543307083
11
6.1550196850393704
21
-3.9891732283464565
0
LINE
8
BLACK
6
CONTINUOUS
10
6.1550196850393704
20
-3.9891732283464565
11
6.155169527559055
21
-3.9884199212598426
0
LINE
8
BLACK
6
CONTINUOUS
10
6.155169527559055
20
-3.9884199212598426
11
6.1562348818897634
21
-3.9873545669291337
0
LINE
8
BLACK
6
CONTINUOUS
10
6.1562348818897634
20
-3.9873545669291337
11
6.1569881889763778
21
-3.9872047244094486
0
LINE
8
BLACK
6
CONTINUOUS
10
6.1569881889763778
20
-3.9872047244094486
11
6.1894685039370074
21
-3.9872047244094486
0
LINE
8
BLACK
6
CONTINUOUS
10
6.1894685039370074
20
-3.9872047244094486
11
6.1902218110236218
21
-3.9873545669291337
0
LINE
8
BLACK
6
CONTINUOUS
10
6.1589566929133861
20
-3.9911417322834644
11
6.1589566929133861
21
-4.0501968503937009
0
LINE
8
BLACK
6
CONTINUOUS
10
6.1589566929133861
20
-4.0501968503937009
11
6.1875
21
-4.0501968503937009
0
LINE
8
BLACK
6
CONTINUOUS
10
6.1875
20
-4.0501968503937009
11
6.1875
21
-3.9911417322834644
0
LINE
8
BLACK
6
CONTINUOUS
10
6.1875
20
-3.9911417322834644
11
6.1589566929133861
21
-3.9911417322834644
0
LINE
8
BLACK
6
CONTINUOUS
10
6.0589168110236216
20
-3.969610866141732
11
6.0597314960629918
21
-3.9704255118110234
0
LINE
8
BLACK
6
CONTINUOUS
10
6.0597314960629918
20
-3.9704255118110234
11
6.0599879527559057
21
-3.9710447244094489
0
LINE
8
BLACK
6
CONTINUOUS
10
6.0599879527559057
20
-3.9710447244094489
11
6.0601723622047245
21
-3.9714899212598422
0
LINE
8
BLACK
6
CONTINUOUS
10
6.0601723622047245
20
-3.9714899212598422
11
6.0602290944881885
21
-3.9720659842519686
0
LINE
8
BLACK
6
CONTINUOUS
10
6.0602290944881885
20
-3.9720659842519686
11
6.0602290944881885
21
-3.9964379133858268
0
LINE
8
BLACK
6
CONTINUOUS
10
6.0602290944881885
20
-3.9964379133858268
11
6.0601723622047245
21
-3.9970139763779526
0
LINE
8
BLACK
6
CONTINUOUS
10
6.0601723622047245
20
-3.9970139763779526
11
6.059731456692913
21
-3.9980783858267714
0
LINE
8
BLACK
6
CONTINUOUS
10
6.059731456692913
20
-3.9980783858267714
11
6.0589168110236216
21
-3.9988930314960629
0
LINE
8
BLACK
6
CONTINUOUS
10
6.0589168110236216
20
-3.9988930314960629
11
6.0578524015748032
21
-3.999333937007874
0
LINE
8
BLACK
6
CONTINUOUS
10
6.0578524015748032
20
-3.999333937007874
11
6.0567002755905515
21
-3.999333937007874
0
LINE
8
BLACK
6
CONTINUOUS
10
6.0567002755905515
20
-3.999333937007874
11
6.0556358661417322
21
-3.9988930314960629
0
LINE
8
BLACK
6
CONTINUOUS
10
6.0556358661417322
20
-3.9988930314960629
11
6.0548212204724408
21
-3.9980783858267714
0
LINE
8
BLACK
6
CONTINUOUS
10
6.0548212204724408
20
-3.9980783858267714
11
6.0543803149606301
21
-3.9970139763779526
0
LINE
8
BLACK
6
CONTINUOUS
10
6.0543803149606301
20
-3.9970139763779526
11
6.0543235826771653
21
-3.9964379133858268
0
LINE
8
BLACK
6
CONTINUOUS
10
6.0543235826771653
20
-3.9964379133858268
11
6.0543235826771653
21
-3.9791945275590552
0
LINE
8
BLACK
6
CONTINUOUS
10
6.0543235826771653
20
-3.9791945275590552
11
6.036867047244094
21
-3.9966510629921257
0
LINE
8
BLACK
6
CONTINUOUS
10
6.036867047244094
20
-3.9966510629921257
11
6.0364196062992121
21
-3.9970182677165353
0
LINE
8
BLACK
6
CONTINUOUS
10
6.0364196062992121
20
-3.9970182677165353
11
6.0363215354330704
21
-3.9970588582677165
0
LINE
8
BLACK
6
CONTINUOUS
10
6.0363215354330704
20
-3.9970588582677165
11
6.0362414173228345
21
-3.9971283858267714
0
LINE
8
BLACK
6
CONTINUOUS
10
6.0362414173228345
20
-3.9971283858267714
11
6.035712874015748
21
-3.9973643700787402
0
LINE
8
BLACK
6
CONTINUOUS
10
6.035712874015748
20
-3.9973643700787402
11
6.0300885826771653
21
-3.9992391338582678
0
LINE
8
BLACK
6
CONTINUOUS
10
6.0300885826771653
20
-3.9992391338582678
11
6.0298029921259841
21
-3.99930405511811
0
LINE
8
BLACK
6
CONTINUOUS
10
6.0298029921259841
20
-3.99930405511811
11
6.0297309055118111
21
-3.999333937007874
0
LINE
8
BLACK
6
CONTINUOUS
10
6.0297309055118111
20
-3.999333937007874
11
6.0296263779527557
21
-3.9993442125984253
0
LINE
8
BLACK
6
CONTINUOUS
10
6.0296263779527557
20
-3.9993442125984253
11
6.0295241338582679
21
-3.9993674803149606
0
LINE
8
BLACK
6
CONTINUOUS
10
6.0295241338582679
20
-3.9993674803149606
11
6.0294463779527554
21
-3.9993619291338582
0
LINE
8
BLACK
6
CONTINUOUS
10
6.0294463779527554
20
-3.9993619291338582
11
6.0291548425196853
21
-3.9993906692913384
0
LINE
8
BLACK
6
CONTINUOUS
10
6.0291548425196853
20
-3.9993906692913384
11
6.0254053149606301
21
-3.9993906692913384
0
LINE
8
BLACK
6
CONTINUOUS
10
6.0254053149606301
20
-3.9993906692913384
11
6.0248292519685034
21
-3.999333937007874
0
LINE
8
BLACK
6
CONTINUOUS
10
6.0248292519685034
20
-3.999333937007874
11
6.0247312598425191
21
-3.9992933464566929
0
LINE
8
BLACK
6
CONTINUOUS
10
6.0247312598425191
20
-3.9992933464566929
11
6.024625393700787
21
-3.9992858267716533
0
LINE
8
BLACK
6
CONTINUOUS
10
6.024625393700787
20
-3.9992858267716533
11
6.0240848031496066
21
-3.9990789370078739
0
LINE
8
BLACK
6
CONTINUOUS
10
6.0240848031496066
20
-3.9990789370078739
11
6.0203352755905515
21
-3.9972041732283463
0
LINE
8
BLACK
6
CONTINUOUS
10
6.0203352755905515
20
-3.9972041732283463
11
6.0200872440944879
21
-3.9970480708661418
0
LINE
8
BLACK
6
CONTINUOUS
10
6.0200872440944879
20
-3.9970480708661418
11
6.0200153149606299
21
-3.9970182677165353
0
LINE
8
BLACK
6
CONTINUOUS
10
6.0200153149606299
20
-3.9970182677165353
11
6.0199343307086615
21
-3.9969517716535434
0
LINE
8
BLACK
6
CONTINUOUS
10
6.0199343307086615
20
-3.9969517716535434
11
6.0198453937007876
21
-3.9968958267716537
0
LINE
8
BLACK
6
CONTINUOUS
10
6.0198453937007876
20
-3.9968958267716537
11
6.0197942125984252
21
-3.9968368110236221
0
LINE
8
BLACK
6
CONTINUOUS
10
6.0197942125984252
20
-3.9968368110236221
11
6.0195678740157481
21
-3.9966510629921257
0
LINE
8
BLACK
6
CONTINUOUS
10
6.0195678740157481
20
-3.9966510629921257
11
6.0176931102362206
21
-3.9947762992125981
0
LINE
8
BLACK
6
CONTINUOUS
10
6.0176931102362206
20
-3.9947762992125981
11
6.0175073228346454
21
-3.9945499212598423
0
LINE
8
BLACK
6
CONTINUOUS
10
6.0175073228346454
20
-3.9945499212598423
11
6.0174483464566926
21
-3.9944987795275591
0
LINE
8
BLACK
6
CONTINUOUS
10
6.0174483464566926
20
-3.9944987795275591
11
6.0173923622047241
21
-3.994409803149606
0
LINE
8
BLACK
6
CONTINUOUS
10
6.0173923622047241
20
-3.994409803149606
11
6.0173259055118109
21
-3.9943288582677163
0
LINE
8
BLACK
6
CONTINUOUS
10
6.0173259055118109
20
-3.9943288582677163
11
6.0172960629921262
21
-3.9942568897637796
0
LINE
8
BLACK
6
CONTINUOUS
10
6.0172960629921262
20
-3.9942568897637796
11
6.0171399999999995
21
-3.9940088976377952
0
LINE
8
BLACK
6
CONTINUOUS
10
6.0171399999999995
20
-3.9940088976377952
11
6.0152652362204719
21
-3.9902593700787401
0
LINE
8
BLACK
6
CONTINUOUS
10
6.0152652362204719
20
-3.9902593700787401
11
6.0150583464566925
21
-3.9897187401574801
0
LINE
8
BLACK
6
CONTINUOUS
10
6.0150583464566925
20
-3.9897187401574801
11
6.0150508267716534
21
-3.9896129133858267
0
LINE
8
BLACK
6
CONTINUOUS
10
6.0150508267716534
20
-3.9896129133858267
11
6.0150102362204727
21
-3.9895149212598424
0
LINE
8
BLACK
6
CONTINUOUS
10
6.0150102362204727
20
-3.9895149212598424
11
6.0149535039370079
21
-3.9889388582677165
0
LINE
8
BLACK
6
CONTINUOUS
10
6.0149535039370079
20
-3.9889388582677165
11
6.0149535039370079
21
-3.9795650393700788
0
LINE
8
BLACK
6
CONTINUOUS
10
6.0149535039370079
20
-3.9795650393700788
11
6.0150102362204727
21
-3.9789889763779525
0
LINE
8
BLACK
6
CONTINUOUS
10
6.0150102362204727
20
-3.9789889763779525
11
6.0150508267716534
21
-3.9788909448818899
0
LINE
8
BLACK
6
CONTINUOUS
10
6.0150508267716534
20
-3.9788909448818899
11
6.0150583464566925
21
-3.9787851574803148
0
LINE
8
BLACK
6
CONTINUOUS
10
6.0150583464566925
20
-3.9787851574803148
11
6.0152652362204719
21
-3.9782445275590552
0
LINE
8
BLACK
6
CONTINUOUS
10
6.0152652362204719
20
-3.9782445275590552
11
6.0171399999999995
21
-3.9744950000000001
0
LINE
8
BLACK
6
CONTINUOUS
10
6.0171399999999995
20
-3.9744950000000001
11
6.0172960629921262
21
-3.974246968503937
0
LINE
8
BLACK
6
CONTINUOUS
10
6.0172960629921262
20
-3.974246968503937
11
6.0173259055118109
21
-3.9741750393700785
0
LINE
8
BLACK
6
CONTINUOUS
10
6.0173259055118109
20
-3.9741750393700785
11
6.0173923622047241
21
-3.9740940551181101
0
LINE
8
BLACK
6
CONTINUOUS
10
6.0173923622047241
20
-3.9740940551181101
11
6.0174483464566926
21
-3.9740051181102363
0
LINE
8
BLACK
6
CONTINUOUS
10
6.0174483464566926
20
-3.9740051181102363
11
6.0175073228346454
21
-3.9739539370078738
0
LINE
8
BLACK
6
CONTINUOUS
10
6.0175073228346454
20
-3.9739539370078738
11
6.0176931102362206
21
-3.9737275984251967
0
LINE
8
BLACK
6
CONTINUOUS
10
6.0176931102362206
20
-3.9737275984251967
11
6.0195678740157481
21
-3.9718528346456692
0
LINE
8
BLACK
6
CONTINUOUS
10
6.0195678740157481
20
-3.9718528346456692
11
6.0200153149606299
21
-3.9714856299212595
0
LINE
8
BLACK
6
CONTINUOUS
10
6.0200153149606299
20
-3.9714856299212595
11
6.0210797244094483
21
-3.9710447244094489
0
LINE
8
BLACK
6
CONTINUOUS
10
6.0210797244094483
20
-3.9710447244094489
11
6.0222318110236222
21
-3.9710447244094489
0
LINE
8
BLACK
6
CONTINUOUS
10
6.0222318110236222
20
-3.9710447244094489
11
6.0232962204724405
21
-3.9714856299212595
0
LINE
8
BLACK
6
CONTINUOUS
10
6.0232962204724405
20
-3.9714856299212595
11
6.0241109055118107
21
-3.9723003149606297
0
LINE
8
BLACK
6
CONTINUOUS
10
6.0241109055118107
20
-3.9723003149606297
11
6.0245518110236222
21
-3.9733647244094485
0
LINE
8
BLACK
6
CONTINUOUS
10
6.0245518110236222
20
-3.9733647244094485
11
6.0245518110236222
21
-3.974516811023622
0
LINE
8
BLACK
6
CONTINUOUS
10
6.0245518110236222
20
-3.974516811023622
11
6.0241109055118107
21
-3.9755812204724408
0
LINE
8
BLACK
6
CONTINUOUS
10
6.0241109055118107
20
-3.9755812204724408
11
6.0237437007874011
21
-3.9760286614173226
0
LINE
8
BLACK
6
CONTINUOUS
10
6.0237437007874011
20
-3.9760286614173226
11
6.0222077559055114
21
-3.9775646062992127
0
LINE
8
BLACK
6
CONTINUOUS
10
6.0222077559055114
20
-3.9775646062992127
11
6.0208590157480311
21
-3.9802620866141734
0
LINE
8
BLACK
6
CONTINUOUS
10
6.0208590157480311
20
-3.9802620866141734
11
6.0208590157480311
21
-3.988241811023622
0
LINE
8
BLACK
6
CONTINUOUS
10
6.0208590157480311
20
-3.988241811023622
11
6.0222077559055114
21
-3.9909392913385826
0
LINE
8
BLACK
6
CONTINUOUS
10
6.0222077559055114
20
-3.9909392913385826
11
6.0234048818897641
21
-3.9921364173228344
0
LINE
8
BLACK
6
CONTINUOUS
10
6.0234048818897641
20
-3.9921364173228344
11
6.0261023622047238
21
-3.9934851574803147
0
LINE
8
BLACK
6
CONTINUOUS
10
6.0261023622047238
20
-3.9934851574803147
11
6.0286757086614173
21
-3.9934851574803147
0
LINE
8
BLACK
6
CONTINUOUS
10
6.0286757086614173
20
-3.9934851574803147
11
6.0331840944881892
21
-3.9919823228346454
0
LINE
8
BLACK
6
CONTINUOUS
10
6.0331840944881892
20
-3.9919823228346454
11
6.0551884251968504
21
-3.9699780708661416
0
LINE
8
BLACK
6
CONTINUOUS
10
6.0551884251968504
20
-3.9699780708661416
11
6.0556358661417322
21
-3.9696108267716537
0
LINE
8
BLACK
6
CONTINUOUS
10
6.0556358661417322
20
-3.9696108267716537
11
6.0563885039370078
21
-3.96929905511811
0
LINE
8
BLACK
6
CONTINUOUS
10
6.0563885039370078
20
-3.96929905511811
11
6.0567002755905515
21
-3.9691699606299213
0
LINE
8
BLACK
6
CONTINUOUS
10
6.0567002755905515
20
-3.9691699606299213
11
6.0578524015748032
21
-3.9691699606299213
0
LINE
8
BLACK
6
CONTINUOUS
10
6.0578524015748032
20
-3.9691699606299213
11
6.0589168110236216
21
-3.969610866141732
0
LINE
8
BLACK
6
CONTINUOUS
10
6.0503533070866142
20
-3.931674645669291
11
6.0504512992125985
21
-3.9317152362204721
0
LINE
8
BLACK
6
CONTINUOUS
10
6.0504512992125985
20
-3.9317152362204721
11
6.0505571259842519
21
-3.9317227559055117
0
LINE
8
BLACK
6
CONTINUOUS
10
6.0505571259842519
20
-3.9317227559055117
11
6.0510977559055119
21
-3.9319296456692912
0
LINE
8
BLACK
6
CONTINUOUS
10
6.0510977559055119
20
-3.9319296456692912
11
6.054847283464567
21
-3.9338044094488187
0
LINE
8
BLACK
6
CONTINUOUS
10
6.054847283464567
20
-3.9338044094488187
11
6.0550951574803147
21
-3.9339604330708662
0
LINE
8
BLACK
6
CONTINUOUS
10
6.0550951574803147
20
-3.9339604330708662
11
6.0551672047244089
21
-3.9339902755905509
0
LINE
8
BLACK
6
CONTINUOUS
10
6.0551672047244089
20
-3.9339902755905509
11
6.0552482283464562
21
-3.9340567716535433
0
LINE
8
BLACK
6
CONTINUOUS
10
6.0552482283464562
20
-3.9340567716535433
11
6.0553371653543309
21
-3.9341127559055118
0
LINE
8
BLACK
6
CONTINUOUS
10
6.0553371653543309
20
-3.9341127559055118
11
6.0553883070866137
21
-3.9341717322834646
0
LINE
8
BLACK
6
CONTINUOUS
10
6.0553883070866137
20
-3.9341717322834646
11
6.0556146456692916
21
-3.9343574803149606
0
LINE
8
BLACK
6
CONTINUOUS
10
6.0556146456692916
20
-3.9343574803149606
11
6.0574894488188971
21
-3.9362322440944881
0
LINE
8
BLACK
6
CONTINUOUS
10
6.0574894488188971
20
-3.9362322440944881
11
6.0576751968503935
21
-3.9364585826771652
0
LINE
8
BLACK
6
CONTINUOUS
10
6.0576751968503935
20
-3.9364585826771652
11
6.0577342519685038
21
-3.9365098031496064
0
LINE
8
BLACK
6
CONTINUOUS
10
6.0577342519685038
20
-3.9365098031496064
11
6.0577902362204723
21
-3.9365987401574802
0
LINE
8
BLACK
6
CONTINUOUS
10
6.0577902362204723
20
-3.9365987401574802
11
6.0578566929133855
21
-3.9366797244094487
0
LINE
8
BLACK
6
CONTINUOUS
10
6.0578566929133855
20
-3.9366797244094487
11
6.0578864960629923
21
-3.9367516535433071
0
LINE
8
BLACK
6
CONTINUOUS
10
6.0578864960629923
20
-3.9367516535433071
11
6.0580425984251969
21
-3.9369996850393698
0
LINE
8
BLACK
6
CONTINUOUS
10
6.0580425984251969
20
-3.9369996850393698
11
6.0599173622047244
21
-3.9407492125984249
0
LINE
8
BLACK
6
CONTINUOUS
10
6.0599173622047244
20
-3.9407492125984249
11
6.0601242519685039
21
-3.9412898031496062
0
LINE
8
BLACK
6
CONTINUOUS
10
6.0601242519685039
20
-3.9412898031496062
11
6.060131771653543
21
-3.9413956692913383
0
LINE
8
BLACK
6
CONTINUOUS
10
6.060131771653543
20
-3.9413956692913383
11
6.0601723622047245
21
-3.9414936614173226
0
LINE
8
BLACK
6
CONTINUOUS
10
6.0601723622047245
20
-3.9414936614173226
11
6.0602290944881885
21
-3.9420697244094489
0
LINE
8
BLACK
6
CONTINUOUS
10
6.0602290944881885
20
-3.9420697244094489
11
6.0602290944881885
21
-3.9495687795275591
0
LINE
8
BLACK
6
CONTINUOUS
10
6.0602290944881885
20
-3.9495687795275591
11
6.0601723622047245
21
-3.950144842519685
0
LINE
8
BLACK
6
CONTINUOUS
10
6.0601723622047245
20
-3.950144842519685
11
6.060131771653543
21
-3.9502427952755905
0
LINE
8
BLACK
6
CONTINUOUS
10
6.060131771653543
20
-3.9502427952755905
11
6.0601242519685039
21
-3.9503487007874014
0
LINE
8
BLACK
6
CONTINUOUS
10
6.0601242519685039
20
-3.9503487007874014
11
6.0599173622047244
21
-3.9508892913385827
0
LINE
8
BLACK
6
CONTINUOUS
10
6.0599173622047244
20
-3.9508892913385827
11
6.0580425984251969
21
-3.9546388188976378
0
LINE
8
BLACK
6
CONTINUOUS
10
6.0580425984251969
20
-3.9546388188976378
11
6.0578864960629923
21
-3.9548868110236222
0
LINE
8
BLACK
6
CONTINUOUS
10
6.0578864960629923
20
-3.9548868110236222
11
6.0578566929133855
21
-3.9549587795275589
0
LINE
8
BLACK
6
CONTINUOUS
10
6.0578566929133855
20
-3.9549587795275589
11
6.0577902362204723
21
-3.9550397244094486
0
LINE
8
BLACK
6
CONTINUOUS
10
6.0577902362204723
20
-3.9550397244094486
11
6.0577342519685038
21
-3.9551287007874016
0
LINE
8
BLACK
6
CONTINUOUS
10
6.0577342519685038
20
-3.9551287007874016
11
6.0576751968503935
21
-3.9551798818897637
0
LINE
8
BLACK
6
CONTINUOUS
10
6.0576751968503935
20
-3.9551798818897637
11
6.0574894488188971
21
-3.9554062598425195
0
LINE
8
BLACK
6
CONTINUOUS
10
6.0574894488188971
20
-3.9554062598425195
11
6.0556146456692916
21
-3.957281023622047
0
LINE
8
BLACK
6
CONTINUOUS
10
6.0556146456692916
20
-3.957281023622047
11
6.0553883070866137
21
-3.9574667322834647
0
LINE
8
BLACK
6
CONTINUOUS
10
6.0553883070866137
20
-3.9574667322834647
11
6.0553371653543309
21
-3.9575257480314958
0
LINE
8
BLACK
6
CONTINUOUS
10
6.0553371653543309
20
-3.9575257480314958
11
6.0552482283464562
21
-3.9575816929133856
0
LINE
8
BLACK
6
CONTINUOUS
10
6.0552482283464562
20
-3.9575816929133856
11
6.0551672047244089
21
-3.9576482283464567
0
LINE
8
BLACK
6
CONTINUOUS
10
6.0551672047244089
20
-3.9576482283464567
11
6.0550951574803147
21
-3.9576780314960631
0
LINE
8
BLACK
6
CONTINUOUS
10
6.0550951574803147
20
-3.9576780314960631
11
6.054847283464567
21
-3.9578340944881889
0
LINE
8
BLACK
6
CONTINUOUS
10
6.054847283464567
20
-3.9578340944881889
11
6.0510977559055119
21
-3.9597088582677165
0
LINE
8
BLACK
6
CONTINUOUS
10
6.0510977559055119
20
-3.9597088582677165
11
6.0505571259842519
21
-3.9599157480314959
0
LINE
8
BLACK
6
CONTINUOUS
10
6.0505571259842519
20
-3.9599157480314959
11
6.0504512992125985
21
-3.9599232283464567
0
LINE
8
BLACK
6
CONTINUOUS
10
6.0504512992125985
20
-3.9599232283464567
11
6.0503533070866142
21
-3.9599638582677166
0
LINE
8
BLACK
6
CONTINUOUS
10
6.0503533070866142
20
-3.9599638582677166
11
6.0497772440944884
21
-3.9600205905511809
0
LINE
8
BLACK
6
CONTINUOUS
10
6.0497772440944884
20
-3.9600205905511809
11
6.0179062598425199
21
-3.9600205905511809
0
LINE
8
BLACK
6
CONTINUOUS
10
6.0179062598425199
20
-3.9600205905511809
11
6.0173301968503932
21
-3.9599638582677166
0
LINE
8
BLACK
6
CONTINUOUS
10
6.0173301968503932
20
-3.9599638582677166
11
6.0162657874015748
21
-3.9595229527559055
0
LINE
8
BLACK
6
CONTINUOUS
10
6.0162657874015748
20
-3.9595229527559055
11
6.0154511417322833
21
-3.958708307086614
0
LINE
8
BLACK
6
CONTINUOUS
10
6.0154511417322833
20
-3.958708307086614
11
6.0150102362204727
21
-3.9576438976377952
0
LINE
8
BLACK
6
CONTINUOUS
10
6.0150102362204727
20
-3.9576438976377952
11
6.0150102362204727
21
-3.956491771653543
0
LINE
8
BLACK
6
CONTINUOUS
10
6.0150102362204727
20
-3.956491771653543
11
6.0154511417322833
21
-3.9554273622047242
0
LINE
8
BLACK
6
CONTINUOUS
10
6.0154511417322833
20
-3.9554273622047242
11
6.0162657874015748
21
-3.9546127165354328
0
LINE
8
BLACK
6
CONTINUOUS
10
6.0162657874015748
20
-3.9546127165354328
11
6.0173301968503932
21
-3.9541718110236221
0
LINE
8
BLACK
6
CONTINUOUS
10
6.0173301968503932
20
-3.9541718110236221
11
6.0179062598425199
21
-3.9541150787401573
0
LINE
8
BLACK
6
CONTINUOUS
10
6.0179062598425199
20
-3.9541150787401573
11
6.0490801968503938
21
-3.9541150787401573
0
LINE
8
BLACK
6
CONTINUOUS
10
6.0490801968503938
20
-3.9541150787401573
11
6.0517776771653544
21
-3.9527662992125983
0
LINE
8
BLACK
6
CONTINUOUS
10
6.0517776771653544
20
-3.9527662992125983
11
6.052974842519685
21
-3.9515691732283464
0
LINE
8
BLACK
6
CONTINUOUS
10
6.052974842519685
20
-3.9515691732283464
11
6.0543235826771653
21
-3.9488717322834646
0
LINE
8
BLACK
6
CONTINUOUS
10
6.0543235826771653
20
-3.9488717322834646
11
6.0543235826771653
21
-3.9427667716535431
0
LINE
8
BLACK
6
CONTINUOUS
10
6.0543235826771653
20
-3.9427667716535431
11
6.052974842519685
21
-3.9400692913385824
0
LINE
8
BLACK
6
CONTINUOUS
10
6.052974842519685
20
-3.9400692913385824
11
6.0517776771653544
21
-3.9388721653543306
0
LINE
8
BLACK
6
CONTINUOUS
10
6.0517776771653544
20
-3.9388721653543306
11
6.0490801968503938
21
-3.9375234251968503
0
LINE
8
BLACK
6
CONTINUOUS
10
6.0490801968503938
20
-3.9375234251968503
11
6.0179062598425199
21
-3.9375234251968503
0
LINE
8
BLACK
6
CONTINUOUS
10
6.0179062598425199
20
-3.9375234251968503
11
6.0173301968503932
21
-3.9374666929133859
0
LINE
8
BLACK
6
CONTINUOUS
10
6.0173301968503932
20
-3.9374666929133859
11
6.0162657874015748
21
-3.9370257874015748
0
LINE
8
BLACK
6
CONTINUOUS
10
6.0162657874015748
20
-3.9370257874015748
11
6.0154511417322833
21
-3.9362111417322834
0
LINE
8
BLACK
6
CONTINUOUS
10
6.0154511417322833
20
-3.9362111417322834
11
6.0150102362204727
21
-3.9351467322834646
0
LINE
8
BLACK
6
CONTINUOUS
10
6.0150102362204727
20
-3.9351467322834646
11
6.0150102362204727
21
-3.9339946062992124
0
LINE
8
BLACK
6
CONTINUOUS
10
6.0150102362204727
20
-3.9339946062992124
11
6.0154511417322833
21
-3.9329301968503936
0
LINE
8
BLACK
6
CONTINUOUS
10
6.0154511417322833
20
-3.9329301968503936
11
6.0162657874015748
21
-3.9321155511811021
0
LINE
8
BLACK
6
CONTINUOUS
10
6.0162657874015748
20
-3.9321155511811021
11
6.0173301968503932
21
-3.931674645669291
0
LINE
8
BLACK
6
CONTINUOUS
10
6.0173301968503932
20
-3.931674645669291
11
6.0179062598425199
21
-3.9316179133858267
0
LINE
8
BLACK
6
CONTINUOUS
10
6.0179062598425199
20
-3.9316179133858267
11
6.0497772440944884
21
-3.9316179133858267
0
LINE
8
BLACK
6
CONTINUOUS
10
6.0497772440944884
20
-3.9316179133858267
11
6.0503533070866142
21
-3.931674645669291
0
LINE
8
BLACK
6
CONTINUOUS
10
6.1188635433070866
20
-3.8840081102362203
11
6.119928897637795
21
-3.8850734645669291
0
LINE
8
BLACK
6
CONTINUOUS
10
6.119928897637795
20
-3.8850734645669291
11
6.1200787401574805
21
-3.8858267716535431
0
LINE
8
BLACK
6
CONTINUOUS
10
6.1200787401574805
20
-3.8858267716535431
11
6.1200787401574805
21
-4.0039370078740157
0
LINE
8
BLACK
6
CONTINUOUS
10
6.1200787401574805
20
-4.0039370078740157
11
6.119928897637795
21
-4.0046903149606301
0
LINE
8
BLACK
6
CONTINUOUS
10
6.119928897637795
20
-4.0046903149606301
11
6.1195022047244096
21
-4.0053289370078735
0
LINE
8
BLACK
6
CONTINUOUS
10
6.1195022047244096
20
-4.0053289370078735
11
6.0801320866141735
21
-4.0446990157480318
0
LINE
8
BLACK
6
CONTINUOUS
10
6.0801320866141735
20
-4.0446990157480318
11
6.0794934645669292
21
-4.0451257480314959
0
LINE
8
BLACK
6
CONTINUOUS
10
6.0794934645669292
20
-4.0451257480314959
11
6.0787401574803148
21
-4.0452755905511806
0
LINE
8
BLACK
6
CONTINUOUS
10
6.0787401574803148
20
-4.0452755905511806
11
5.9606299212598426
21
-4.0452755905511806
0
LINE
8
BLACK
6
CONTINUOUS
10
5.9606299212598426
20
-4.0452755905511806
11
5.9598766141732282
21
-4.0451257480314959
0
LINE
8
BLACK
6
CONTINUOUS
10
5.9598766141732282
20
-4.0451257480314959
11
5.9588112598425198
21
-4.0440603937007875
0
LINE
8
BLACK
6
CONTINUOUS
10
5.9588112598425198
20
-4.0440603937007875
11
5.9586614173228343
21
-4.0433070866141732
0
LINE
8
BLACK
6
CONTINUOUS
10
5.9586614173228343
20
-4.0433070866141732
11
5.9586614173228343
21
-3.8858267716535431
0
LINE
8
BLACK
6
CONTINUOUS
10
5.9586614173228343
20
-3.8858267716535431
11
5.9588112598425198
21
-3.8850734645669291
0
LINE
8
BLACK
6
CONTINUOUS
10
5.9588112598425198
20
-3.8850734645669291
11
5.9598766141732282
21
-3.8840081102362203
0
LINE
8
BLACK
6
CONTINUOUS
10
5.9598766141732282
20
-3.8840081102362203
11
5.9606299212598426
21
-3.8838582677165352
0
LINE
8
BLACK
6
CONTINUOUS
10
5.9606299212598426
20
-3.8838582677165352
11
6.1181102362204722
21
-3.8838582677165352
0
LINE
8
BLACK
6
CONTINUOUS
10
6.1181102362204722
20
-3.8838582677165352
11
6.1188635433070866
21
-3.8840081102362203
0
LINE
8
BLACK
6
CONTINUOUS
10
5.96259842519685
20
-3.8877952755905509
11
5.96259842519685
21
-4.0413385826771648
0
LINE
8
BLACK
6
CONTINUOUS
10
5.96259842519685
20
-4.0413385826771648
11
6.0779248031496058
21
-4.0413385826771648
0
LINE
8
BLACK
6
CONTINUOUS
10
6.0779248031496058
20
-4.0413385826771648
11
6.1161417322834648
21
-4.003121614173228
0
LINE
8
BLACK
6
CONTINUOUS
10
6.1161417322834648
20
-4.003121614173228
11
6.1161417322834648
21
-3.8877952755905509
0
LINE
8
BLACK
6
CONTINUOUS
10
6.1161417322834648
20
-3.8877952755905509
11
5.96259842519685
21
-3.8877952755905509
0
LINE
8
BLACK
6
CONTINUOUS
10
6.3428064173228345
20
-3.9972937007874014
11
6.3430957086614175
21
-3.9972937007874014
0
LINE
8
BLACK
6
CONTINUOUS
10
6.3430957086614175
20
-3.9972937007874014
11
6.3433657874015745
21
-3.9974055511811022
0
LINE
8
BLACK
6
CONTINUOUS
10
6.3433657874015745
20
-3.9974055511811022
11
6.343652440944882
21
-3.9974629133858266
0
LINE
8
BLACK
6
CONTINUOUS
10
6.343652440944882
20
-3.9974629133858266
11
6.3438927952755906
21
-3.9976238582677164
0
LINE
8
BLACK
6
CONTINUOUS
10
6.3438927952755906
20
-3.9976238582677164
11
6.3441601181102358
21
-3.9977346062992125
0
LINE
8
BLACK
6
CONTINUOUS
10
6.3441601181102358
20
-3.9977346062992125
11
6.3443668110236215
21
-3.9979412992125982
0
LINE
8
BLACK
6
CONTINUOUS
10
6.3443668110236215
20
-3.9979412992125982
11
6.344609724409449
21
-3.9981039763779527
0
LINE
8
BLACK
6
CONTINUOUS
10
6.344609724409449
20
-3.9981039763779527
11
6.344972716535433
21
-3.9985472047244093
0
LINE
8
BLACK
6
CONTINUOUS
10
6.344972716535433
20
-3.9985472047244093
11
6.3449747637795273
21
-3.998549251968504
0
LINE
8
BLACK
6
CONTINUOUS
10
6.3449747637795273
20
-3.998549251968504
11
6.3449751181102361
21
-3.9985501181102361
0
LINE
8
BLACK
6
CONTINUOUS
10
6.3449751181102361
20
-3.9985501181102361
11
6.3449764960629924
21
-3.998551811023622
0
LINE
8
BLACK
6
CONTINUOUS
10
6.3449764960629924
20
-3.998551811023622
11
6.3485638188976372
21
-4.0039328346456688
0
LINE
8
BLACK
6
CONTINUOUS
10
6.3485638188976372
20
-4.0039328346456688
11
6.35176779527559
21
-4.0071368110236216
0
LINE
8
BLACK
6
CONTINUOUS
10
6.35176779527559
20
-4.0071368110236216
11
6.3550887401574805
21
-4.0087972834645669
0
LINE
8
BLACK
6
CONTINUOUS
10
6.3550887401574805
20
-4.0087972834645669
11
6.3555786220472443
21
-4.00910562992126
0
LINE
8
BLACK
6
CONTINUOUS
10
6.3555786220472443
20
-4.00910562992126
11
6.3563334645669292
21
-4.0099760236220474
0
LINE
8
BLACK
6
CONTINUOUS
10
6.3563334645669292
20
-4.0099760236220474
11
6.3566977952755908
21
-4.0110689763779526
0
LINE
8
BLACK
6
CONTINUOUS
10
6.3566977952755908
20
-4.0110689763779526
11
6.3566161417322835
21
-4.0122181889763775
0
LINE
8
BLACK
6
CONTINUOUS
10
6.3566161417322835
20
-4.0122181889763775
11
6.3561008661417322
21
-4.0132487007874014
0
LINE
8
BLACK
6
CONTINUOUS
10
6.3561008661417322
20
-4.0132487007874014
11
6.3552305118110235
21
-4.0140035433070862
0
LINE
8
BLACK
6
CONTINUOUS
10
6.3552305118110235
20
-4.0140035433070862
11
6.3541375196850396
21
-4.0143678740157478
0
LINE
8
BLACK
6
CONTINUOUS
10
6.3541375196850396
20
-4.0143678740157478
11
6.3529883070866138
21
-4.0142862204724405
0
LINE
8
BLACK
6
CONTINUOUS
10
6.3529883070866138
20
-4.0142862204724405
11
6.3524477165354325
21
-4.0140793307086611
0
LINE
8
BLACK
6
CONTINUOUS
10
6.3524477165354325
20
-4.0140793307086611
11
6.3486981889763774
21
-4.0122045669291335
0
LINE
8
BLACK
6
CONTINUOUS
10
6.3486981889763774
20
-4.0122045669291335
11
6.3484503543307085
21
-4.0120485433070865
0
LINE
8
BLACK
6
CONTINUOUS
10
6.3484503543307085
20
-4.0120485433070865
11
6.3483782283464567
21
-4.0120187007874017
0
LINE
8
BLACK
6
CONTINUOUS
10
6.3483782283464567
20
-4.0120187007874017
11
6.3482970472440945
21
-4.0119520866141736
0
LINE
8
BLACK
6
CONTINUOUS
10
6.3482970472440945
20
-4.0119520866141736
11
6.3482083070866144
21
-4.0118962204724404
0
LINE
8
BLACK
6
CONTINUOUS
10
6.3482083070866144
20
-4.0118962204724404
11
6.3481571653543307
21
-4.0118372834645672
0
LINE
8
BLACK
6
CONTINUOUS
10
6.3481571653543307
20
-4.0118372834645672
11
6.3479307874015749
21
-4.0116514566929133
0
LINE
8
BLACK
6
CONTINUOUS
10
6.3479307874015749
20
-4.0116514566929133
11
6.3454724015748027
21
-4.0091930708661421
0
LINE
8
BLACK
6
CONTINUOUS
10
6.3454724015748027
20
-4.0091930708661421
11
6.3454724015748027
21
-4.036607047244094
0
LINE
8
BLACK
6
CONTINUOUS
10
6.3454724015748027
20
-4.036607047244094
11
6.3537682283464569
21
-4.036607047244094
0
LINE
8
BLACK
6
CONTINUOUS
10
6.3537682283464569
20
-4.036607047244094
11
6.3543442913385828
21
-4.0366637795275588
0
LINE
8
BLACK
6
CONTINUOUS
10
6.3543442913385828
20
-4.0366637795275588
11
6.3554087007874012
21
-4.0371046850393704
0
LINE
8
BLACK
6
CONTINUOUS
10
6.3554087007874012
20
-4.0371046850393704
11
6.3562233464566926
21
-4.0379193307086609
0
LINE
8
BLACK
6
CONTINUOUS
10
6.3562233464566926
20
-4.0379193307086609
11
6.3566642519685042
21
-4.0389837401574802
0
LINE
8
BLACK
6
CONTINUOUS
10
6.3566642519685042
20
-4.0389837401574802
11
6.3566642519685042
21
-4.0401358661417319
0
LINE
8
BLACK
6
CONTINUOUS
10
6.3566642519685042
20
-4.0401358661417319
11
6.3562233464566926
21
-4.0412002755905512
0
LINE
8
BLACK
6
CONTINUOUS
10
6.3562233464566926
20
-4.0412002755905512
11
6.3554087007874012
21
-4.0420149212598426
0
LINE
8
BLACK
6
CONTINUOUS
10
6.3554087007874012
20
-4.0420149212598426
11
6.3543442913385828
21
-4.0424558267716533
0
LINE
8
BLACK
6
CONTINUOUS
10
6.3543442913385828
20
-4.0424558267716533
11
6.3537682283464569
21
-4.0425125590551181
0
LINE
8
BLACK
6
CONTINUOUS
10
6.3537682283464569
20
-4.0425125590551181
11
6.3312710629921263
21
-4.0425125590551181
0
LINE
8
BLACK
6
CONTINUOUS
10
6.3312710629921263
20
-4.0425125590551181
11
6.3306949999999995
21
-4.0424558267716533
0
LINE
8
BLACK
6
CONTINUOUS
10
6.3306949999999995
20
-4.0424558267716533
11
6.3296305905511812
21
-4.0420149212598426
0
LINE
8
BLACK
6
CONTINUOUS
10
6.3296305905511812
20
-4.0420149212598426
11
6.3288159448818897
21
-4.0412002755905512
0
LINE
8
BLACK
6
CONTINUOUS
10
6.3288159448818897
20
-4.0412002755905512
11
6.3283750393700782
21
-4.0401358661417319
0
LINE
8
BLACK
6
CONTINUOUS
10
6.3283750393700782
20
-4.0401358661417319
11
6.3283750393700782
21
-4.0389837401574802
0
LINE
8
BLACK
6
CONTINUOUS
10
6.3283750393700782
20
-4.0389837401574802
11
6.3288159448818897
21
-4.0379193307086609
0
LINE
8
BLACK
6
CONTINUOUS
10
6.3288159448818897
20
-4.0379193307086609
11
6.3296305905511812
21
-4.0371046850393704
0
LINE
8
BLACK
6
CONTINUOUS
10
6.3296305905511812
20
-4.0371046850393704
11
6.3306949999999995
21
-4.0366637795275588
0
LINE
8
BLACK
6
CONTINUOUS
10
6.3306949999999995
20
-4.0366637795275588
11
6.3312710629921263
21
-4.036607047244094
0
LINE
8
BLACK
6
CONTINUOUS
10
6.3312710629921263
20
-4.036607047244094
11
6.3395668897637796
21
-4.036607047244094
0
LINE
8
BLACK
6
CONTINUOUS
10
6.3395668897637796
20
-4.036607047244094
11
6.3395668897637796
21
-4.0001897244094486
0
LINE
8
BLACK
6
CONTINUOUS
10
6.3395668897637796
20
-4.0001897244094486
11
6.3395670866141733
21
-4.0001876377952756
0
LINE
8
BLACK
6
CONTINUOUS
10
6.3395670866141733
20
-4.0001876377952756
11
6.3395668897637796
21
-4.0001866141732281
0
LINE
8
BLACK
6
CONTINUOUS
10
6.3395668897637796
20
-4.0001866141732281
11
6.3395674803149609
21
-4.000183582677165
0
LINE
8
BLACK
6
CONTINUOUS
10
6.3395674803149609
20
-4.000183582677165
11
6.3396236220472444
21
-3.9996136614173228
0
LINE
8
BLACK
6
CONTINUOUS
10
6.3396236220472444
20
-3.9996136614173228
11
6.3397354724409452
21
-3.9993435433070865
0
LINE
8
BLACK
6
CONTINUOUS
10
6.3397354724409452
20
-3.9993435433070865
11
6.3397928346456691
21
-3.9990569291338582
0
LINE
8
BLACK
6
CONTINUOUS
10
6.3397928346456691
20
-3.9990569291338582
11
6.3399537795275593
21
-3.9988165354330709
0
LINE
8
BLACK
6
CONTINUOUS
10
6.3399537795275593
20
-3.9988165354330709
11
6.340064527559055
21
-3.998549251968504
0
LINE
8
BLACK
6
CONTINUOUS
10
6.340064527559055
20
-3.998549251968504
11
6.3402712204724407
21
-3.9983425196850391
0
LINE
8
BLACK
6
CONTINUOUS
10
6.3402712204724407
20
-3.9983425196850391
11
6.3404338976377952
21
-3.9980996456692912
0
LINE
8
BLACK
6
CONTINUOUS
10
6.3404338976377952
20
-3.9980996456692912
11
6.3406746062992125
21
-3.9979391338582677
0
LINE
8
BLACK
6
CONTINUOUS
10
6.3406746062992125
20
-3.9979391338582677
11
6.3408791732283465
21
-3.9977346062992125
0
LINE
8
BLACK
6
CONTINUOUS
10
6.3408791732283465
20
-3.9977346062992125
11
6.3411492519685035
21
-3.997622716535433
0
LINE
8
BLACK
6
CONTINUOUS
10
6.3411492519685035
20
-3.997622716535433
11
6.3413925196850389
21
-3.9974605511811023
0
LINE
8
BLACK
6
CONTINUOUS
10
6.3413925196850389
20
-3.9974605511811023
11
6.3416762992125983
21
-3.9974044094488188
0
LINE
8
BLACK
6
CONTINUOUS
10
6.3416762992125983
20
-3.9974044094488188
11
6.3419435826771648
21
-3.9972937007874014
0
LINE
8
BLACK
6
CONTINUOUS
10
6.3419435826771648
20
-3.9972937007874014
11
6.3422359842519684
21
-3.9972937007874014
0
LINE
8
BLACK
6
CONTINUOUS
10
6.3422359842519684
20
-3.9972937007874014
11
6.3425227559055113
21
-3.9972369685039371
0
LINE
8
BLACK
6
CONTINUOUS
10
6.3425227559055113
20
-3.9972369685039371
11
6.3428064173228345
21
-3.9972937007874014
0
LINE
8
BLACK
6
CONTINUOUS
10
6.3918396062992127
20
-3.9972937007874014
11
6.392904015748031
21
-3.9977346062992125
0
LINE
8
BLACK
6
CONTINUOUS
10
6.392904015748031
20
-3.9977346062992125
11
6.3937186614173225
21
-3.998549251968504
0
LINE
8
BLACK
6
CONTINUOUS
10
6.3937186614173225
20
-3.998549251968504
11
6.394159566929134
21
-3.9996136614173228
0
LINE
8
BLACK
6
CONTINUOUS
10
6.394159566929134
20
-3.9996136614173228
11
6.3942162992125979
21
-4.0001897244094486
0
LINE
8
BLACK
6
CONTINUOUS
10
6.3942162992125979
20
-4.0001897244094486
11
6.3942162992125979
21
-4.0395598031496061
0
LINE
8
BLACK
6
CONTINUOUS
10
6.3942162992125979
20
-4.0395598031496061
11
6.394159566929134
21
-4.0401358661417319
0
LINE
8
BLACK
6
CONTINUOUS
10
6.394159566929134
20
-4.0401358661417319
11
6.3937186614173225
21
-4.0412002755905512
0
LINE
8
BLACK
6
CONTINUOUS
10
6.3937186614173225
20
-4.0412002755905512
11
6.392904015748031
21
-4.0420149212598426
0
LINE
8
BLACK
6
CONTINUOUS
10
6.392904015748031
20
-4.0420149212598426
11
6.3918396062992127
21
-4.0424558267716533
0
LINE
8
BLACK
6
CONTINUOUS
10
6.3918396062992127
20
-4.0424558267716533
11
6.3912635433070868
21
-4.0425125590551181
0
LINE
8
BLACK
6
CONTINUOUS
10
6.3912635433070868
20
-4.0425125590551181
11
6.381889724409449
21
-4.0425125590551181
0
LINE
8
BLACK
6
CONTINUOUS
10
6.381889724409449
20
-4.0425125590551181
11
6.3815981102362205
21
-4.0424838188976375
0
LINE
8
BLACK
6
CONTINUOUS
10
6.3815981102362205
20
-4.0424838188976375
11
6.3815203937007876
21
-4.0424893700787399
0
LINE
8
BLACK
6
CONTINUOUS
10
6.3815203937007876
20
-4.0424893700787399
11
6.3814181102362202
21
-4.042466102362205
0
LINE
8
BLACK
6
CONTINUOUS
10
6.3814181102362202
20
-4.042466102362205
11
6.3813136614173223
21
-4.0424558267716533
0
LINE
8
BLACK
6
CONTINUOUS
10
6.3813136614173223
20
-4.0424558267716533
11
6.3812415748031492
21
-4.0424259448818898
0
LINE
8
BLACK
6
CONTINUOUS
10
6.3812415748031492
20
-4.0424259448818898
11
6.3809559448818893
21
-4.0423610236220471
0
LINE
8
BLACK
6
CONTINUOUS
10
6.3809559448818893
20
-4.0423610236220471
11
6.3753316929133854
21
-4.0404862598425195
0
LINE
8
BLACK
6
CONTINUOUS
10
6.3753316929133854
20
-4.0404862598425195
11
6.3748031102362201
21
-4.0402502755905507
0
LINE
8
BLACK
6
CONTINUOUS
10
6.3748031102362201
20
-4.0402502755905507
11
6.3747229921259843
21
-4.0401807874015745
0
LINE
8
BLACK
6
CONTINUOUS
10
6.3747229921259843
20
-4.0401807874015745
11
6.3746249606299212
21
-4.0401401968503938
0
LINE
8
BLACK
6
CONTINUOUS
10
6.3746249606299212
20
-4.0401401968503938
11
6.3741775196850394
21
-4.0397729527559054
0
LINE
8
BLACK
6
CONTINUOUS
10
6.3741775196850394
20
-4.0397729527559054
11
6.3704279921259843
21
-4.0360233858267716
0
LINE
8
BLACK
6
CONTINUOUS
10
6.3704279921259843
20
-4.0360233858267716
11
6.3702422047244092
21
-4.0357970078740157
0
LINE
8
BLACK
6
CONTINUOUS
10
6.3702422047244092
20
-4.0357970078740157
11
6.3701832283464563
21
-4.035745866141732
0
LINE
8
BLACK
6
CONTINUOUS
10
6.3701832283464563
20
-4.035745866141732
11
6.3701272440944878
21
-4.0356569291338582
0
LINE
8
BLACK
6
CONTINUOUS
10
6.3701272440944878
20
-4.0356569291338582
11
6.3700607480314959
21
-4.035575905511811
0
LINE
8
BLACK
6
CONTINUOUS
10
6.3700607480314959
20
-4.035575905511811
11
6.3700309055118112
21
-4.0355038582677167
0
LINE
8
BLACK
6
CONTINUOUS
10
6.3700309055118112
20
-4.0355038582677167
11
6.3698748818897633
21
-4.0352559842519682
0
LINE
8
BLACK
6
CONTINUOUS
10
6.3698748818897633
20
-4.0352559842519682
11
6.3680001181102357
21
-4.0315064566929131
0
LINE
8
BLACK
6
CONTINUOUS
10
6.3680001181102357
20
-4.0315064566929131
11
6.3679839763779524
21
-4.0314643307086611
0
LINE
8
BLACK
6
CONTINUOUS
10
6.3679839763779524
20
-4.0314643307086611
11
6.3679712992125985
21
-4.031447204724409
0
LINE
8
BLACK
6
CONTINUOUS
10
6.3679712992125985
20
-4.031447204724409
11
6.3678848425196852
21
-4.0312052362204724
0
LINE
8
BLACK
6
CONTINUOUS
10
6.3678848425196852
20
-4.0312052362204724
11
6.3677932283464562
21
-4.030965826771653
0
LINE
8
BLACK
6
CONTINUOUS
10
6.3677932283464562
20
-4.030965826771653
11
6.3677916929133858
21
-4.0309445669291337
0
LINE
8
BLACK
6
CONTINUOUS
10
6.3677916929133858
20
-4.0309445669291337
11
6.3677765354330704
21
-4.0309020866141729
0
LINE
8
BLACK
6
CONTINUOUS
10
6.3677765354330704
20
-4.0309020866141729
11
6.3659017716535429
21
-4.0234030314960627
0
LINE
8
BLACK
6
CONTINUOUS
10
6.3659017716535429
20
-4.0234030314960627
11
6.3658869685039372
21
-4.0233031496062992
0
LINE
8
BLACK
6
CONTINUOUS
10
6.3658869685039372
20
-4.0233031496062992
11
6.3658703543307089
21
-4.0232629527559052
0
LINE
8
BLACK
6
CONTINUOUS
10
6.3658703543307089
20
-4.0232629527559052
11
6.3658489763779524
21
-4.0230459055118111
0
LINE
8
BLACK
6
CONTINUOUS
10
6.3658489763779524
20
-4.0230459055118111
11
6.3658171259842522
21
-4.0228304330708662
0
LINE
8
BLACK
6
CONTINUOUS
10
6.3658171259842522
20
-4.0228304330708662
11
6.3658235039370075
21
-4.0227874015748029
0
LINE
8
BLACK
6
CONTINUOUS
10
6.3658235039370075
20
-4.0227874015748029
11
6.3658136220472441
21
-4.0226868897637793
0
LINE
8
BLACK
6
CONTINUOUS
10
6.3658136220472441
20
-4.0226868897637793
11
6.3658136220472441
21
-4.0170625984251966
0
LINE
8
BLACK
6
CONTINUOUS
10
6.3658136220472441
20
-4.0170625984251966
11
6.3658235039370075
21
-4.0169620472440943
0
LINE
8
BLACK
6
CONTINUOUS
10
6.3658235039370075
20
-4.0169620472440943
11
6.3658171259842522
21
-4.0169190551181098
0
LINE
8
BLACK
6
CONTINUOUS
10
6.3658171259842522
20
-4.0169190551181098
11
6.3658489763779524
21
-4.0167035433070861
0
LINE
8
BLACK
6
CONTINUOUS
10
6.3658489763779524
20
-4.0167035433070861
11
6.3658703543307089
21
-4.0164865354330708
0
LINE
8
BLACK
6
CONTINUOUS
10
6.3658703543307089
20
-4.0164865354330708
11
6.3658869685039372
21
-4.016446299212598
0
LINE
8
BLACK
6
CONTINUOUS
10
6.3658869685039372
20
-4.016446299212598
11
6.3659017716535429
21
-4.0163464566929132
0
LINE
8
BLACK
6
CONTINUOUS
10
6.3659017716535429
20
-4.0163464566929132
11
6.3677765354330704
21
-4.008847401574803
0
LINE
8
BLACK
6
CONTINUOUS
10
6.3677765354330704
20
-4.008847401574803
11
6.3677916929133858
21
-4.0088048818897635
0
LINE
8
BLACK
6
CONTINUOUS
10
6.3677916929133858
20
-4.0088048818897635
11
6.3677932283464562
21
-4.0087836614173229
0
LINE
8
BLACK
6
CONTINUOUS
10
6.3677932283464562
20
-4.0087836614173229
11
6.3678852362204719
21
-4.0085431889763781
0
LINE
8
BLACK
6
CONTINUOUS
10
6.3678852362204719
20
-4.0085431889763781
11
6.3679712992125985
21
-4.008302283464567
0
LINE
8
BLACK
6
CONTINUOUS
10
6.3679712992125985
20
-4.008302283464567
11
6.3679839763779524
21
-4.0082851181102361
0
LINE
8
BLACK
6
CONTINUOUS
10
6.3679839763779524
20
-4.0082851181102361
11
6.3680001181102357
21
-4.0082430314960629
0
LINE
8
BLACK
6
CONTINUOUS
10
6.3680001181102357
20
-4.0082430314960629
11
6.3698748818897633
21
-4.0044935039370078
0
LINE
8
BLACK
6
CONTINUOUS
10
6.3698748818897633
20
-4.0044935039370078
11
6.3700309448818899
21
-4.0042454724409451
0
LINE
8
BLACK
6
CONTINUOUS
10
6.3700309448818899
20
-4.0042454724409451
11
6.3700607874015747
21
-4.0041735433070862
0
LINE
8
BLACK
6
CONTINUOUS
10
6.3700607874015747
20
-4.0041735433070862
11
6.3701272440944878
21
-4.0040925590551177
0
LINE
8
BLACK
6
CONTINUOUS
10
6.3701272440944878
20
-4.0040925590551177
11
6.3701832283464563
21
-4.0040036220472439
0
LINE
8
BLACK
6
CONTINUOUS
10
6.3701832283464563
20
-4.0040036220472439
11
6.3702422047244092
21
-4.0039524409448815
0
LINE
8
BLACK
6
CONTINUOUS
10
6.3702422047244092
20
-4.0039524409448815
11
6.3704279921259843
21
-4.0037261023622044
0
LINE
8
BLACK
6
CONTINUOUS
10
6.3704279921259843
20
-4.0037261023622044
11
6.3741775196850394
21
-3.9999765748031497
0
LINE
8
BLACK
6
CONTINUOUS
10
6.3741775196850394
20
-3.9999765748031497
11
6.3746249606299212
21
-3.9996093307086613
0
LINE
8
BLACK
6
CONTINUOUS
10
6.3746249606299212
20
-3.9996093307086613
11
6.3747229921259843
21
-3.9995687007874015
0
LINE
8
BLACK
6
CONTINUOUS
10
6.3747229921259843
20
-3.9995687007874015
11
6.3748031102362201
21
-3.999499251968504
0
LINE
8
BLACK
6
CONTINUOUS
10
6.3748031102362201
20
-3.999499251968504
11
6.3753316929133854
21
-3.9992632677165352
0
LINE
8
BLACK
6
CONTINUOUS
10
6.3753316929133854
20
-3.9992632677165352
11
6.3809559448818893
21
-3.9973885039370076
0
LINE
8
BLACK
6
CONTINUOUS
10
6.3809559448818893
20
-3.9973885039370076
11
6.3812415748031492
21
-3.9973235433070866
0
LINE
8
BLACK
6
CONTINUOUS
10
6.3812415748031492
20
-3.9973235433070866
11
6.3813136614173223
21
-3.9972937007874014
0
LINE
8
BLACK
6
CONTINUOUS
10
6.3813136614173223
20
-3.9972937007874014
11
6.3814181102362202
21
-3.9972833858267718
0
LINE
8
BLACK
6
CONTINUOUS
10
6.3814181102362202
20
-3.9972833858267718
11
6.3815203937007876
21
-3.9972601574803148
0
LINE
8
BLACK
6
CONTINUOUS
10
6.3815203937007876
20
-3.9972601574803148
11
6.3815981102362205
21
-3.9972656692913384
0
LINE
8
BLACK
6
CONTINUOUS
10
6.3815981102362205
20
-3.9972656692913384
11
6.381889724409449
21
-3.9972369685039371
0
LINE
8
BLACK
6
CONTINUOUS
10
6.381889724409449
20
-3.9972369685039371
11
6.3912635433070868
21
-3.9972369685039371
0
LINE
8
BLACK
6
CONTINUOUS
10
6.3912635433070868
20
-3.9972369685039371
11
6.3918396062992127
21
-3.9972937007874014
0
LINE
8
BLACK
6
CONTINUOUS
10
6.3778604724409451
20
-4.0046452755905513
11
6.3749426377952751
21
-4.0075631102362204
0
LINE
8
BLACK
6
CONTINUOUS
10
6.3749426377952751
20
-4.0075631102362204
11
6.3734271259842519
21
-4.010594094488189
0
LINE
8
BLACK
6
CONTINUOUS
10
6.3734271259842519
20
-4.010594094488189
11
6.3717191338582673
21
-4.0174261417322832
0
LINE
8
BLACK
6
CONTINUOUS
10
6.3717191338582673
20
-4.0174261417322832
11
6.3717191338582673
21
-4.0223233464566928
0
LINE
8
BLACK
6
CONTINUOUS
10
6.3717191338582673
20
-4.0223233464566928
11
6.3734271259842519
21
-4.0291553937007869
0
LINE
8
BLACK
6
CONTINUOUS
10
6.3734271259842519
20
-4.0291553937007869
11
6.3749426377952751
21
-4.0321863779527556
0
LINE
8
BLACK
6
CONTINUOUS
10
6.3749426377952751
20
-4.0321863779527556
11
6.3778604724409451
21
-4.0351042519685034
0
LINE
8
BLACK
6
CONTINUOUS
10
6.3778604724409451
20
-4.0351042519685034
11
6.382368858267716
21
-4.036607047244094
0
LINE
8
BLACK
6
CONTINUOUS
10
6.382368858267716
20
-4.036607047244094
11
6.3883107874015748
21
-4.036607047244094
0
LINE
8
BLACK
6
CONTINUOUS
10
6.3883107874015748
20
-4.036607047244094
11
6.3883107874015748
21
-4.0031424803149607
0
LINE
8
BLACK
6
CONTINUOUS
10
6.3883107874015748
20
-4.0031424803149607
11
6.382368858267716
21
-4.0031424803149607
0
LINE
8
BLACK
6
CONTINUOUS
10
6.382368858267716
20
-4.0031424803149607
11
6.3778604724409451
21
-4.0046452755905513
0
LINE
8
BLACK
6
CONTINUOUS
10
5.8201072047244091
20
-3.9398114566929134
11
5.8204510236220468
21
-3.9398114566929134
0
LINE
8
BLACK
6
CONTINUOUS
10
5.8204510236220468
20
-3.9398114566929134
11
5.8205369685039372
21
-3.9398974015748029
0
LINE
8
BLACK
6
CONTINUOUS
10
5.8205369685039372
20
-3.9398974015748029
11
5.820656181102362
21
-3.9399212598425195
0
LINE
8
BLACK
6
CONTINUOUS
10
5.820656181102362
20
-3.9399212598425195
11
5.8209817322834647
21
-3.9402474803149605
0
LINE
8
BLACK
6
CONTINUOUS
10
5.8209817322834647
20
-3.9402474803149605
11
5.8224167716535433
21
-3.9423999606299214
0
LINE
8
BLACK
6
CONTINUOUS
10
5.8224167716535433
20
-3.9423999606299214
11
5.8236982677165354
21
-3.9436814566929135
0
LINE
8
BLACK
6
CONTINUOUS
10
5.8236982677165354
20
-3.9436814566929135
11
5.8250266929133856
21
-3.9443456692913386
0
LINE
8
BLACK
6
CONTINUOUS
10
5.8250266929133856
20
-3.9443456692913386
11
5.8253907480314959
21
-3.9446282677165354
0
LINE
8
BLACK
6
CONTINUOUS
10
5.8253907480314959
20
-3.9446282677165354
11
5.8256766141732284
21
-3.9454857874015747
0
LINE
8
BLACK
6
CONTINUOUS
10
5.8256766141732284
20
-3.9454857874015747
11
5.8252722834645665
21
-3.9462943700787401
0
LINE
8
BLACK
6
CONTINUOUS
10
5.8252722834645665
20
-3.9462943700787401
11
5.8244147637795276
21
-3.9465802362204725
0
LINE
8
BLACK
6
CONTINUOUS
10
5.8244147637795276
20
-3.9465802362204725
11
5.8239702755905514
21
-3.9464585039370079
0
LINE
8
BLACK
6
CONTINUOUS
10
5.8239702755905514
20
-3.9464585039370079
11
5.8224704330708663
21
-3.9457085826771654
0
LINE
8
BLACK
6
CONTINUOUS
10
5.8224704330708663
20
-3.9457085826771654
11
5.8223208267716533
21
-3.9455924409448819
0
LINE
8
BLACK
6
CONTINUOUS
10
5.8223208267716533
20
-3.9455924409448819
11
5.8221634645669287
21
-3.9454873228346456
0
LINE
8
BLACK
6
CONTINUOUS
10
5.8221634645669287
20
-3.9454873228346456
11
5.8211801181102363
21
-3.9445039370078741
0
LINE
8
BLACK
6
CONTINUOUS
10
5.8211801181102363
20
-3.9445039370078741
11
5.8211801181102363
21
-3.9554695669291338
0
LINE
8
BLACK
6
CONTINUOUS
10
5.8211801181102363
20
-3.9554695669291338
11
5.8244984645669291
21
-3.9554695669291338
0
LINE
8
BLACK
6
CONTINUOUS
10
5.8244984645669291
20
-3.9554695669291338
11
5.8249504724409444
21
-3.9555594881889764
0
LINE
8
BLACK
6
CONTINUOUS
10
5.8249504724409444
20
-3.9555594881889764
11
5.8255896456692913
21
-3.9561986614173228
0
LINE
8
BLACK
6
CONTINUOUS
10
5.8255896456692913
20
-3.9561986614173228
11
5.8255896456692913
21
-3.9571026771653544
0
LINE
8
BLACK
6
CONTINUOUS
10
5.8255896456692913
20
-3.9571026771653544
11
5.8249504724409444
21
-3.9577418503937007
0
LINE
8
BLACK
6
CONTINUOUS
10
5.8249504724409444
20
-3.9577418503937007
11
5.8244984645669291
21
-3.9578317716535434
0
LINE
8
BLACK
6
CONTINUOUS
10
5.8244984645669291
20
-3.9578317716535434
11
5.8154996062992126
21
-3.9578317716535434
0
LINE
8
BLACK
6
CONTINUOUS
10
5.8154996062992126
20
-3.9578317716535434
11
5.8150475984251964
21
-3.9577418503937007
0
LINE
8
BLACK
6
CONTINUOUS
10
5.8150475984251964
20
-3.9577418503937007
11
5.8144084251968504
21
-3.9571026771653544
0
LINE
8
BLACK
6
CONTINUOUS
10
5.8144084251968504
20
-3.9571026771653544
11
5.8144084251968504
21
-3.9561986614173228
0
LINE
8
BLACK
6
CONTINUOUS
10
5.8144084251968504
20
-3.9561986614173228
11
5.8150475984251964
21
-3.9555594881889764
0
LINE
8
BLACK
6
CONTINUOUS
10
5.8150475984251964
20
-3.9555594881889764
11
5.8154996062992126
21
-3.9554695669291338
0
LINE
8
BLACK
6
CONTINUOUS
10
5.8154996062992126
20
-3.9554695669291338
11
5.8188179133858267
21
-3.9554695669291338
0
LINE
8
BLACK
6
CONTINUOUS
10
5.8188179133858267
20
-3.9554695669291338
11
5.8188179133858267
21
-3.9409026377952756
0
LINE
8
BLACK
6
CONTINUOUS
10
5.8188179133858267
20
-3.9409026377952756
11
5.8189078346456693
21
-3.9404506299212598
0
LINE
8
BLACK
6
CONTINUOUS
10
5.8189078346456693
20
-3.9404506299212598
11
5.8189937795275588
21
-3.9403646456692911
0
LINE
8
BLACK
6
CONTINUOUS
10
5.8189937795275588
20
-3.9403646456692911
11
5.8190176377952758
21
-3.9402454724409446
0
LINE
8
BLACK
6
CONTINUOUS
10
5.8190176377952758
20
-3.9402454724409446
11
5.8193037401574799
21
-3.9400546850393701
0
LINE
8
BLACK
6
CONTINUOUS
10
5.8193037401574799
20
-3.9400546850393701
11
5.8195470078740152
21
-3.9398114566929134
0
LINE
8
BLACK
6
CONTINUOUS
10
5.8195470078740152
20
-3.9398114566929134
11
5.8196685826771652
21
-3.9398114566929134
0
LINE
8
BLACK
6
CONTINUOUS
10
5.8196685826771652
20
-3.9398114566929134
11
5.8197698031496063
21
-3.9397439763779527
0
LINE
8
BLACK
6
CONTINUOUS
10
5.8197698031496063
20
-3.9397439763779527
11
5.8201072047244091
21
-3.9398114566929134
0
LINE
8
BLACK
6
CONTINUOUS
10
5.8323388188976377
20
-3.9404506299212598
11
5.8324287401574804
21
-3.9409026377952756
0
LINE
8
BLACK
6
CONTINUOUS
10
5.8324287401574804
20
-3.9409026377952756
11
5.8324287401574804
21
-3.9533722047244093
0
LINE
8
BLACK
6
CONTINUOUS
10
5.8324287401574804
20
-3.9533722047244093
11
5.8329682283464566
21
-3.9544511811023622
0
LINE
8
BLACK
6
CONTINUOUS
10
5.8329682283464566
20
-3.9544511811023622
11
5.833447125984252
21
-3.9549301181102363
0
LINE
8
BLACK
6
CONTINUOUS
10
5.833447125984252
20
-3.9549301181102363
11
5.8345260629921256
21
-3.9554695669291338
0
LINE
8
BLACK
6
CONTINUOUS
10
5.8345260629921256
20
-3.9554695669291338
11
5.836968070866142
21
-3.9554695669291338
0
LINE
8
BLACK
6
CONTINUOUS
10
5.836968070866142
20
-3.9554695669291338
11
5.8380470866141732
21
-3.9549300393700788
0
LINE
8
BLACK
6
CONTINUOUS
10
5.8380470866141732
20
-3.9549300393700788
11
5.8385258661417323
21
-3.9544512598425197
0
LINE
8
BLACK
6
CONTINUOUS
10
5.8385258661417323
20
-3.9544512598425197
11
5.8390653937007873
21
-3.9533722440944881
0
LINE
8
BLACK
6
CONTINUOUS
10
5.8390653937007873
20
-3.9533722440944881
11
5.8390653937007873
21
-3.9409026377952756
0
LINE
8
BLACK
6
CONTINUOUS
10
5.8390653937007873
20
-3.9409026377952756
11
5.8391553149606299
21
-3.9404506299212598
0
LINE
8
BLACK
6
CONTINUOUS
10
5.8391553149606299
20
-3.9404506299212598
11
5.8397944881889758
21
-3.9398114566929134
0
LINE
8
BLACK
6
CONTINUOUS
10
5.8397944881889758
20
-3.9398114566929134
11
5.8406985039370074
21
-3.9398114566929134
0
LINE
8
BLACK
6
CONTINUOUS
10
5.8406985039370074
20
-3.9398114566929134
11
5.8413376771653542
21
-3.9404506299212598
0
LINE
8
BLACK
6
CONTINUOUS
10
5.8413376771653542
20
-3.9404506299212598
11
5.8414275984251969
21
-3.9409026377952756
0
LINE
8
BLACK
6
CONTINUOUS
10
5.8414275984251969
20
-3.9409026377952756
11
5.8414275984251969
21
-3.953651062992126
0
LINE
8
BLACK
6
CONTINUOUS
10
5.8414275984251969
20
-3.953651062992126
11
5.8414160236220471
21
-3.9537090944881887
0
LINE
8
BLACK
6
CONTINUOUS
10
5.8414160236220471
20
-3.9537090944881887
11
5.8414246062992126
21
-3.9537347637795275
0
LINE
8
BLACK
6
CONTINUOUS
10
5.8414246062992126
20
-3.9537347637795275
11
5.8413746062992127
21
-3.9539172440944883
0
LINE
8
BLACK
6
CONTINUOUS
10
5.8413746062992127
20
-3.9539172440944883
11
5.8413376771653542
21
-3.9541030708661418
0
LINE
8
BLACK
6
CONTINUOUS
10
5.8413376771653542
20
-3.9541030708661418
11
5.8413185039370079
21
-3.9541222047244093
0
LINE
8
BLACK
6
CONTINUOUS
10
5.8413185039370079
20
-3.9541222047244093
11
5.8413029133858263
21
-3.9541792519685037
0
LINE
8
BLACK
6
CONTINUOUS
10
5.8413029133858263
20
-3.9541792519685037
11
5.8405530314960625
21
-3.95567905511811
0
LINE
8
BLACK
6
CONTINUOUS
10
5.8405530314960625
20
-3.95567905511811
11
5.8404368897637795
21
-3.9558286614173226
0
LINE
8
BLACK
6
CONTINUOUS
10
5.8404368897637795
20
-3.9558286614173226
11
5.8403317716535428
21
-3.9559860236220472
0
LINE
8
BLACK
6
CONTINUOUS
10
5.8403317716535428
20
-3.9559860236220472
11
5.8395818503937003
21
-3.9567359448818897
0
LINE
8
BLACK
6
CONTINUOUS
10
5.8395818503937003
20
-3.9567359448818897
11
5.8394244881889765
21
-3.9568410236220473
0
LINE
8
BLACK
6
CONTINUOUS
10
5.8394244881889765
20
-3.9568410236220473
11
5.8392748818897635
21
-3.9569572047244095
0
LINE
8
BLACK
6
CONTINUOUS
10
5.8392748818897635
20
-3.9569572047244095
11
5.8377750787401572
21
-3.9577070866141733
0
LINE
8
BLACK
6
CONTINUOUS
10
5.8377750787401572
20
-3.9577070866141733
11
5.8377180314960633
21
-3.9577226771653544
0
LINE
8
BLACK
6
CONTINUOUS
10
5.8377180314960633
20
-3.9577226771653544
11
5.8376988976377948
21
-3.9577418503937007
0
LINE
8
BLACK
6
CONTINUOUS
10
5.8376988976377948
20
-3.9577418503937007
11
5.8375130708661418
21
-3.9577787795275587
0
LINE
8
BLACK
6
CONTINUOUS
10
5.8375130708661418
20
-3.9577787795275587
11
5.837330590551181
21
-3.9578287795275591
0
LINE
8
BLACK
6
CONTINUOUS
10
5.837330590551181
20
-3.9578287795275591
11
5.8373049212598422
21
-3.9578201968503937
0
LINE
8
BLACK
6
CONTINUOUS
10
5.8373049212598422
20
-3.9578201968503937
11
5.8372468897637795
21
-3.9578317716535434
0
LINE
8
BLACK
6
CONTINUOUS
10
5.8372468897637795
20
-3.9578317716535434
11
5.8342472440944881
21
-3.9578317716535434
0
LINE
8
BLACK
6
CONTINUOUS
10
5.8342472440944881
20
-3.9578317716535434
11
5.8341891732283466
21
-3.9578201968503937
0
LINE
8
BLACK
6
CONTINUOUS
10
5.8341891732283466
20
-3.9578201968503937
11
5.8341635433070866
21
-3.9578287795275591
0
LINE
8
BLACK
6
CONTINUOUS
10
5.8341635433070866
20
-3.9578287795275591
11
5.8339810236220471
21
-3.9577787795275587
0
LINE
8
BLACK
6
CONTINUOUS
10
5.8339810236220471
20
-3.9577787795275587
11
5.8337952362204719
21
-3.9577418503937007
0
LINE
8
BLACK
6
CONTINUOUS
10
5.8337952362204719
20
-3.9577418503937007
11
5.8337760629921256
21
-3.9577226771653544
0
LINE
8
BLACK
6
CONTINUOUS
10
5.8337760629921256
20
-3.9577226771653544
11
5.8337190551181104
21
-3.9577070866141733
0
LINE
8
BLACK
6
CONTINUOUS
10
5.8337190551181104
20
-3.9577070866141733
11
5.8322192519685041
21
-3.9569572047244095
0
LINE
8
BLACK
6
CONTINUOUS
10
5.8322192519685041
20
-3.9569572047244095
11
5.8320694881889761
21
-3.9568409842519685
0
LINE
8
BLACK
6
CONTINUOUS
10
5.8320694881889761
20
-3.9568409842519685
11
5.8319122440944877
21
-3.956735905511811
0
LINE
8
BLACK
6
CONTINUOUS
10
5.8319122440944877
20
-3.956735905511811
11
5.8311623622047239
21
-3.9559860236220472
0
LINE
8
BLACK
6
CONTINUOUS
10
5.8311623622047239
20
-3.9559860236220472
11
5.8310571653543306
21
-3.9558285433070863
0
LINE
8
BLACK
6
CONTINUOUS
10
5.8310571653543306
20
-3.9558285433070863
11
5.830941141732283
21
-3.9556790944881888
0
LINE
8
BLACK
6
CONTINUOUS
10
5.830941141732283
20
-3.9556790944881888
11
5.8301912204724404
21
-3.9541792913385825
0
LINE
8
BLACK
6
CONTINUOUS
10
5.8301912204724404
20
-3.9541792913385825
11
5.830175590551181
21
-3.9541222047244093
0
LINE
8
BLACK
6
CONTINUOUS
10
5.830175590551181
20
-3.9541222047244093
11
5.8301564566929134
21
-3.9541030708661418
0
LINE
8
BLACK
6
CONTINUOUS
10
5.8301564566929134
20
-3.9541030708661418
11
5.8301194881889762
21
-3.9539172834645671
0
LINE
8
BLACK
6
CONTINUOUS
10
5.8301194881889762
20
-3.9539172834645671
11
5.8300695275590551
21
-3.9537347637795275
0
LINE
8
BLACK
6
CONTINUOUS
10
5.8300695275590551
20
-3.9537347637795275
11
5.8300780708661417
21
-3.9537090944881887
0
LINE
8
BLACK
6
CONTINUOUS
10
5.8300780708661417
20
-3.9537090944881887
11
5.8300665354330707
21
-3.953651062992126
0
LINE
8
BLACK
6
CONTINUOUS
10
5.8300665354330707
20
-3.953651062992126
11
5.8300665354330707
21
-3.9409026377952756
0
LINE
8
BLACK
6
CONTINUOUS
10
5.8300665354330707
20
-3.9409026377952756
11
5.8301564566929134
21
-3.9404506299212598
0
LINE
8
BLACK
6
CONTINUOUS
10
5.8301564566929134
20
-3.9404506299212598
11
5.8307956299212593
21
-3.9398114566929134
0
LINE
8
BLACK
6
CONTINUOUS
10
5.8307956299212593
20
-3.9398114566929134
11
5.8316996456692909
21
-3.9398114566929134
0
LINE
8
BLACK
6
CONTINUOUS
10
5.8316996456692909
20
-3.9398114566929134
11
5.8323388188976377
21
-3.9404506299212598
0
LINE
8
BLACK
6
CONTINUOUS
10
5.8447493700787403
20
-3.8905829133858267
11
5.8453879921259837
21
-3.8910096456692913
0
LINE
8
BLACK
6
CONTINUOUS
10
5.8453879921259837
20
-3.8910096456692913
11
5.8611360236220476
21
-3.9067576377952755
0
LINE
8
BLACK
6
CONTINUOUS
10
5.8611360236220476
20
-3.9067576377952755
11
5.8615627559055117
21
-3.9073962598425198
0
LINE
8
BLACK
6
CONTINUOUS
10
5.8615627559055117
20
-3.9073962598425198
11
5.8615627559055117
21
-3.9073962992125981
0
LINE
8
BLACK
6
CONTINUOUS
10
5.8615627559055117
20
-3.9073962992125981
11
5.8617125984251963
21
-3.9081496062992125
0
LINE
8
BLACK
6
CONTINUOUS
10
5.8617125984251963
20
-3.9081496062992125
11
5.8617125984251963
21
-4.006574803149606
0
LINE
8
BLACK
6
CONTINUOUS
10
5.8617125984251963
20
-4.006574803149606
11
5.8615627559055117
21
-4.0073281102362204
0
LINE
8
BLACK
6
CONTINUOUS
10
5.8615627559055117
20
-4.0073281102362204
11
5.8604974015748033
21
-4.0083934645669288
0
LINE
8
BLACK
6
CONTINUOUS
10
5.8604974015748033
20
-4.0083934645669288
11
5.8597440944881889
21
-4.0085433070866143
0
LINE
8
BLACK
6
CONTINUOUS
10
5.8597440944881889
20
-4.0085433070866143
11
5.796751968503937
21
-4.0085433070866143
0
LINE
8
BLACK
6
CONTINUOUS
10
5.796751968503937
20
-4.0085433070866143
11
5.7959986614173227
21
-4.0083934645669288
0
LINE
8
BLACK
6
CONTINUOUS
10
5.7959986614173227
20
-4.0083934645669288
11
5.7949333070866142
21
-4.0073281102362204
0
LINE
8
BLACK
6
CONTINUOUS
10
5.7949333070866142
20
-4.0073281102362204
11
5.7947834645669287
21
-4.006574803149606
0
LINE
8
BLACK
6
CONTINUOUS
10
5.7947834645669287
20
-4.006574803149606
11
5.7947834645669287
21
-3.8924015748031495
0
LINE
8
BLACK
6
CONTINUOUS
10
5.7947834645669287
20
-3.8924015748031495
11
5.7949333070866142
21
-3.8916482677165352
0
LINE
8
BLACK
6
CONTINUOUS
10
5.7949333070866142
20
-3.8916482677165352
11
5.7959986614173227
21
-3.8905829133858267
0
LINE
8
BLACK
6
CONTINUOUS
10
5.7959986614173227
20
-3.8905829133858267
11
5.796751968503937
21
-3.8904330708661417
0
LINE
8
BLACK
6
CONTINUOUS
10
5.796751968503937
20
-3.8904330708661417
11
5.8439960629921259
21
-3.8904330708661417
0
LINE
8
BLACK
6
CONTINUOUS
10
5.8439960629921259
20
-3.8904330708661417
11
5.8447493700787403
21
-3.8905829133858267
0
LINE
8
BLACK
6
CONTINUOUS
10
5.7987204724409445
20
-3.8943700787401574
11
5.7987204724409445
21
-4.0046062992125986
0
LINE
8
BLACK
6
CONTINUOUS
10
5.7987204724409445
20
-4.0046062992125986
11
5.8577755905511806
21
-4.0046062992125986
0
LINE
8
BLACK
6
CONTINUOUS
10
5.8577755905511806
20
-4.0046062992125986
11
5.8577755905511806
21
-3.908964960629921
0
LINE
8
BLACK
6
CONTINUOUS
10
5.8577755905511806
20
-3.908964960629921
11
5.8431807086614169
21
-3.8943700787401574
0
LINE
8
BLACK
6
CONTINUOUS
10
5.8431807086614169
20
-3.8943700787401574
11
5.7987204724409445
21
-3.8943700787401574
0
LINE
8
BLACK
6
CONTINUOUS
10
6.3702379527559057
20
-3.933220708661417
11
6.370832047244094
21
-3.933220708661417
0
LINE
8
BLACK
6
CONTINUOUS
10
6.370832047244094
20
-3.933220708661417
11
6.3709593307086614
21
-3.933347992125984
0
LINE
8
BLACK
6
CONTINUOUS
10
6.3709593307086614
20
-3.933347992125984
11
6.3711366535433074
21
-3.9333792913385826
0
LINE
8
BLACK
6
CONTINUOUS
10
6.3711366535433074
20
-3.9333792913385826
11
6.3714773228346457
21
-3.9338659842519683
0
LINE
8
BLACK
6
CONTINUOUS
10
6.3714773228346457
20
-3.9338659842519683
11
6.3718974015748033
21
-3.9342860629921259
0
LINE
8
BLACK
6
CONTINUOUS
10
6.3718974015748033
20
-3.9342860629921259
11
6.3719474015748032
21
-3.9345375590551179
0
LINE
8
BLACK
6
CONTINUOUS
10
6.3719474015748032
20
-3.9345375590551179
11
6.3720006299212599
21
-3.9346135826771653
0
LINE
8
BLACK
6
CONTINUOUS
10
6.3720006299212599
20
-3.9346135826771653
11
6.3719827165354328
21
-3.9347149999999997
0
LINE
8
BLACK
6
CONTINUOUS
10
6.3719827165354328
20
-3.9347149999999997
11
6.372047244094488
21
-3.9350393700787403
0
LINE
8
BLACK
6
CONTINUOUS
10
6.372047244094488
20
-3.9350393700787403
11
6.372047244094488
21
-3.9468503937007875
0
LINE
8
BLACK
6
CONTINUOUS
10
6.372047244094488
20
-3.9468503937007875
11
6.3799212598425195
21
-3.9468503937007875
0
LINE
8
BLACK
6
CONTINUOUS
10
6.3799212598425195
20
-3.9468503937007875
11
6.3806745669291338
21
-3.9470002362204721
0
LINE
8
BLACK
6
CONTINUOUS
10
6.3806745669291338
20
-3.9470002362204721
11
6.3817399212598422
21
-3.948065590551181
0
LINE
8
BLACK
6
CONTINUOUS
10
6.3817399212598422
20
-3.948065590551181
11
6.3817399212598422
21
-3.9495722047244093
0
LINE
8
BLACK
6
CONTINUOUS
10
6.3817399212598422
20
-3.9495722047244093
11
6.3806745669291338
21
-3.9506375590551182
0
LINE
8
BLACK
6
CONTINUOUS
10
6.3806745669291338
20
-3.9506375590551182
11
6.3799212598425195
21
-3.9507874015748032
0
LINE
8
BLACK
6
CONTINUOUS
10
6.3799212598425195
20
-3.9507874015748032
11
6.372047244094488
21
-3.9507874015748032
0
LINE
8
BLACK
6
CONTINUOUS
10
6.372047244094488
20
-3.9507874015748032
11
6.372047244094488
21
-3.9625984251968505
0
LINE
8
BLACK
6
CONTINUOUS
10
6.372047244094488
20
-3.9625984251968505
11
6.3719827165354328
21
-3.9629227559055118
0
LINE
8
BLACK
6
CONTINUOUS
10
6.3719827165354328
20
-3.9629227559055118
11
6.3720006299212599
21
-3.963024212598425
0
LINE
8
BLACK
6
CONTINUOUS
10
6.3720006299212599
20
-3.963024212598425
11
6.3719474015748032
21
-3.9631001968503936
0
LINE
8
BLACK
6
CONTINUOUS
10
6.3719474015748032
20
-3.9631001968503936
11
6.3718974015748033
21
-3.9633517322834644
0
LINE
8
BLACK
6
CONTINUOUS
10
6.3718974015748033
20
-3.9633517322834644
11
6.3714773228346457
21
-3.9637717716535432
0
LINE
8
BLACK
6
CONTINUOUS
10
6.3714773228346457
20
-3.9637717716535432
11
6.3711366535433074
21
-3.9642585039370077
0
LINE
8
BLACK
6
CONTINUOUS
10
6.3711366535433074
20
-3.9642585039370077
11
6.3709593307086614
21
-3.9642897637795276
0
LINE
8
BLACK
6
CONTINUOUS
10
6.3709593307086614
20
-3.9642897637795276
11
6.370832047244094
21
-3.9644170866141732
0
LINE
8
BLACK
6
CONTINUOUS
10
6.370832047244094
20
-3.9644170866141732
11
6.3702379527559057
21
-3.9644170866141732
0
LINE
8
BLACK
6
CONTINUOUS
10
6.3702379527559057
20
-3.9644170866141732
11
6.3696529527559056
21
-3.9645203149606298
0
LINE
8
BLACK
6
CONTINUOUS
10
6.3696529527559056
20
-3.9645203149606298
11
6.3694182283464569
21
-3.9644170866141732
0
LINE
8
BLACK
6
CONTINUOUS
10
6.3694182283464569
20
-3.9644170866141732
11
6.3693254330708662
21
-3.9644170866141732
0
LINE
8
BLACK
6
CONTINUOUS
10
6.3693254330708662
20
-3.9644170866141732
11
6.3692525590551181
21
-3.9643442125984252
0
LINE
8
BLACK
6
CONTINUOUS
10
6.3692525590551181
20
-3.9643442125984252
11
6.3689498818897636
21
-3.9642111023622046
0
LINE
8
BLACK
6
CONTINUOUS
10
6.3689498818897636
20
-3.9642111023622046
11
6.3523622047244093
21
-3.9525997244094486
0
LINE
8
BLACK
6
CONTINUOUS
10
6.3523622047244093
20
-3.9525997244094486
11
6.3523622047244093
21
-3.9625984251968505
0
LINE
8
BLACK
6
CONTINUOUS
10
6.3523622047244093
20
-3.9625984251968505
11
6.3522123622047246
21
-3.9633517322834644
0
LINE
8
BLACK
6
CONTINUOUS
10
6.3522123622047246
20
-3.9633517322834644
11
6.3511470078740153
21
-3.9644170866141732
0
LINE
8
BLACK
6
CONTINUOUS
10
6.3511470078740153
20
-3.9644170866141732
11
6.3496403937007875
21
-3.9644170866141732
0
LINE
8
BLACK
6
CONTINUOUS
10
6.3496403937007875
20
-3.9644170866141732
11
6.3485750393700782
21
-3.9633517322834644
0
LINE
8
BLACK
6
CONTINUOUS
10
6.3485750393700782
20
-3.9633517322834644
11
6.3484251968503935
21
-3.9625984251968505
0
LINE
8
BLACK
6
CONTINUOUS
10
6.3484251968503935
20
-3.9625984251968505
11
6.3484251968503935
21
-3.9507874015748032
0
LINE
8
BLACK
6
CONTINUOUS
10
6.3484251968503935
20
-3.9507874015748032
11
6.3425196850393704
21
-3.9507874015748032
0
LINE
8
BLACK
6
CONTINUOUS
10
6.3425196850393704
20
-3.9507874015748032
11
6.341766377952756
21
-3.9506375590551182
0
LINE
8
BLACK
6
CONTINUOUS
10
6.341766377952756
20
-3.9506375590551182
11
6.3407010236220467
21
-3.9495722047244093
0
LINE
8
BLACK
6
CONTINUOUS
10
6.3407010236220467
20
-3.9495722047244093
11
6.3407010236220467
21
-3.948065590551181
0
LINE
8
BLACK
6
CONTINUOUS
10
6.3407010236220467
20
-3.948065590551181
11
6.341766377952756
21
-3.9470002362204721
0
LINE
8
BLACK
6
CONTINUOUS
10
6.341766377952756
20
-3.9470002362204721
11
6.3425196850393704
21
-3.9468503937007875
0
LINE
8
BLACK
6
CONTINUOUS
10
6.3425196850393704
20
-3.9468503937007875
11
6.3484251968503935
21
-3.9468503937007875
0
LINE
8
BLACK
6
CONTINUOUS
10
6.3484251968503935
20
-3.9468503937007875
11
6.3484251968503935
21
-3.9350393700787403
0
LINE
8
BLACK
6
CONTINUOUS
10
6.3484251968503935
20
-3.9350393700787403
11
6.3485750393700782
21
-3.9342860629921259
0
LINE
8
BLACK
6
CONTINUOUS
10
6.3485750393700782
20
-3.9342860629921259
11
6.3496403937007875
21
-3.933220708661417
0
LINE
8
BLACK
6
CONTINUOUS
10
6.3496403937007875
20
-3.933220708661417
11
6.3511470078740153
21
-3.933220708661417
0
LINE
8
BLACK
6
CONTINUOUS
10
6.3511470078740153
20
-3.933220708661417
11
6.3522123622047246
21
-3.9342860629921259
0
LINE
8
BLACK
6
CONTINUOUS
10
6.3522123622047246
20
-3.9342860629921259
11
6.3523622047244093
21
-3.9350393700787403
0
LINE
8
BLACK
6
CONTINUOUS
10
6.3523622047244093
20
-3.9350393700787403
11
6.3523622047244093
21
-3.9450380314960629
0
LINE
8
BLACK
6
CONTINUOUS
10
6.3523622047244093
20
-3.9450380314960629
11
6.3689498818897636
21
-3.9334266929133856
0
LINE
8
BLACK
6
CONTINUOUS
10
6.3689498818897636
20
-3.9334266929133856
11
6.3692525590551181
21
-3.9332935433070864
0
LINE
8
BLACK
6
CONTINUOUS
10
6.3692525590551181
20
-3.9332935433070864
11
6.3693254330708662
21
-3.933220708661417
0
LINE
8
BLACK
6
CONTINUOUS
10
6.3693254330708662
20
-3.933220708661417
11
6.3694182283464569
21
-3.933220708661417
0
LINE
8
BLACK
6
CONTINUOUS
10
6.3694182283464569
20
-3.933220708661417
11
6.3696529527559056
21
-3.9331174803149604
0
LINE
8
BLACK
6
CONTINUOUS
10
6.3696529527559056
20
-3.9331174803149604
11
6.3702379527559057
21
-3.933220708661417
0
LINE
8
BLACK
6
CONTINUOUS
10
6.3538263385826772
20
-3.9488188976377954
11
6.3681102362204722
21
-3.9588175984251968
0
LINE
8
BLACK
6
CONTINUOUS
10
6.3681102362204722
20
-3.9588175984251968
11
6.3681102362204722
21
-3.9388201574803148
0
LINE
8
BLACK
6
CONTINUOUS
10
6.3681102362204722
20
-3.9388201574803148
11
6.3538263385826772
21
-3.9488188976377954
0
LINE
8
BLACK
6
CONTINUOUS
10
6.3983911023622042
20
-3.9194411811023619
11
6.3994564566929135
21
-3.9205065354330708
0
LINE
8
BLACK
6
CONTINUOUS
10
6.3994564566929135
20
-3.9205065354330708
11
6.3996062992125982
21
-3.9212598425196847
0
LINE
8
BLACK
6
CONTINUOUS
10
6.3996062992125982
20
-3.9212598425196847
11
6.3996062992125982
21
-3.9763779527559056
0
LINE
8
BLACK
6
CONTINUOUS
10
6.3996062992125982
20
-3.9763779527559056
11
6.3994564566929135
21
-3.9771312598425195
0
LINE
8
BLACK
6
CONTINUOUS
10
6.3994564566929135
20
-3.9771312598425195
11
6.3983911023622042
21
-3.9781966141732283
0
LINE
8
BLACK
6
CONTINUOUS
10
6.3983911023622042
20
-3.9781966141732283
11
6.3976377952755907
21
-3.9783464566929134
0
LINE
8
BLACK
6
CONTINUOUS
10
6.3976377952755907
20
-3.9783464566929134
11
6.3267716535433065
21
-3.9783464566929134
0
LINE
8
BLACK
6
CONTINUOUS
10
6.3267716535433065
20
-3.9783464566929134
11
6.326018346456693
21
-3.9781966141732283
0
LINE
8
BLACK
6
CONTINUOUS
10
6.326018346456693
20
-3.9781966141732283
11
6.3249529921259837
21
-3.9771312598425195
0
LINE
8
BLACK
6
CONTINUOUS
10
6.3249529921259837
20
-3.9771312598425195
11
6.3248031496062991
21
-3.9763779527559056
0
LINE
8
BLACK
6
CONTINUOUS
10
6.3248031496062991
20
-3.9763779527559056
11
6.3248031496062991
21
-3.9212598425196847
0
LINE
8
BLACK
6
CONTINUOUS
10
6.3248031496062991
20
-3.9212598425196847
11
6.3249529921259837
21
-3.9205065354330708
0
LINE
8
BLACK
6
CONTINUOUS
10
6.3249529921259837
20
-3.9205065354330708
11
6.326018346456693
21
-3.9194411811023619
0
LINE
8
BLACK
6
CONTINUOUS
10
6.326018346456693
20
-3.9194411811023619
11
6.3267716535433065
21
-3.9192913385826769
0
LINE
8
BLACK
6
CONTINUOUS
10
6.3267716535433065
20
-3.9192913385826769
11
6.3976377952755907
21
-3.9192913385826769
0
LINE
8
BLACK
6
CONTINUOUS
10
6.3976377952755907
20
-3.9192913385826769
11
6.3983911023622042
21
-3.9194411811023619
0
LINE
8
BLACK
6
CONTINUOUS
10
6.3287401574803148
20
-3.9232283464566926
11
6.3287401574803148
21
-3.9744094488188977
0
LINE
8
BLACK
6
CONTINUOUS
10
6.3287401574803148
20
-3.9744094488188977
11
6.3956692913385824
21
-3.9744094488188977
0
LINE
8
BLACK
6
CONTINUOUS
10
6.3956692913385824
20
-3.9744094488188977
11
6.3956692913385824
21
-3.9232283464566926
0
LINE
8
BLACK
6
CONTINUOUS
10
6.3956692913385824
20
-3.9232283464566926
11
6.3287401574803148
21
-3.9232283464566926
0
LINE
8
BLACK
6
CONTINUOUS
10
6.4128931889763781
20
-3.6372149212598424
11
6.4137078740157483
21
-3.6380295669291338
0
LINE
8
BLACK
6
CONTINUOUS
10
6.4137078740157483
20
-3.6380295669291338
11
6.4139643307086613
21
-3.6386487795275588
0
LINE
8
BLACK
6
CONTINUOUS
10
6.4139643307086613
20
-3.6386487795275588
11
6.4141487401574802
21
-3.6390939763779526
0
LINE
8
BLACK
6
CONTINUOUS
10
6.4141487401574802
20
-3.6390939763779526
11
6.414205472440945
21
-3.6396700393700785
0
LINE
8
BLACK
6
CONTINUOUS
10
6.414205472440945
20
-3.6396700393700785
11
6.414205472440945
21
-3.6640419685039367
0
LINE
8
BLACK
6
CONTINUOUS
10
6.414205472440945
20
-3.6640419685039367
11
6.4141487401574802
21
-3.664618031496063
0
LINE
8
BLACK
6
CONTINUOUS
10
6.4141487401574802
20
-3.664618031496063
11
6.4137078346456695
21
-3.6656824409448818
0
LINE
8
BLACK
6
CONTINUOUS
10
6.4137078346456695
20
-3.6656824409448818
11
6.4128931889763781
21
-3.6664970866141733
0
LINE
8
BLACK
6
CONTINUOUS
10
6.4128931889763781
20
-3.6664970866141733
11
6.4118287795275588
21
-3.6669379921259844
0
LINE
8
BLACK
6
CONTINUOUS
10
6.4118287795275588
20
-3.6669379921259844
11
6.4106766535433071
21
-3.6669379921259844
0
LINE
8
BLACK
6
CONTINUOUS
10
6.4106766535433071
20
-3.6669379921259844
11
6.4096122440944878
21
-3.6664970866141733
0
LINE
8
BLACK
6
CONTINUOUS
10
6.4096122440944878
20
-3.6664970866141733
11
6.4087975984251964
21
-3.6656824409448818
0
LINE
8
BLACK
6
CONTINUOUS
10
6.4087975984251964
20
-3.6656824409448818
11
6.4083566929133857
21
-3.664618031496063
0
LINE
8
BLACK
6
CONTINUOUS
10
6.4083566929133857
20
-3.664618031496063
11
6.4082999606299209
21
-3.6640419685039367
0
LINE
8
BLACK
6
CONTINUOUS
10
6.4082999606299209
20
-3.6640419685039367
11
6.4082999606299209
21
-3.6467985826771652
0
LINE
8
BLACK
6
CONTINUOUS
10
6.4082999606299209
20
-3.6467985826771652
11
6.3908434251968504
21
-3.6642551181102361
0
LINE
8
BLACK
6
CONTINUOUS
10
6.3908434251968504
20
-3.6642551181102361
11
6.3903959842519686
21
-3.6646223228346457
0
LINE
8
BLACK
6
CONTINUOUS
10
6.3903959842519686
20
-3.6646223228346457
11
6.3902979133858269
21
-3.6646629133858268
0
LINE
8
BLACK
6
CONTINUOUS
10
6.3902979133858269
20
-3.6646629133858268
11
6.3902177952755901
21
-3.6647324409448818
0
LINE
8
BLACK
6
CONTINUOUS
10
6.3902177952755901
20
-3.6647324409448818
11
6.3896892519685036
21
-3.6649684251968502
0
LINE
8
BLACK
6
CONTINUOUS
10
6.3896892519685036
20
-3.6649684251968502
11
6.3840649606299209
21
-3.6668431889763777
0
LINE
8
BLACK
6
CONTINUOUS
10
6.3840649606299209
20
-3.6668431889763777
11
6.3837793700787397
21
-3.6669081102362204
0
LINE
8
BLACK
6
CONTINUOUS
10
6.3837793700787397
20
-3.6669081102362204
11
6.3837072834645667
21
-3.6669379921259844
0
LINE
8
BLACK
6
CONTINUOUS
10
6.3837072834645667
20
-3.6669379921259844
11
6.3836027559055113
21
-3.6669482677165353
0
LINE
8
BLACK
6
CONTINUOUS
10
6.3836027559055113
20
-3.6669482677165353
11
6.3835005118110235
21
-3.666971535433071
0
LINE
8
BLACK
6
CONTINUOUS
10
6.3835005118110235
20
-3.666971535433071
11
6.3834227559055119
21
-3.6669659842519686
0
LINE
8
BLACK
6
CONTINUOUS
10
6.3834227559055119
20
-3.6669659842519686
11
6.3831312204724409
21
-3.6669947244094487
0
LINE
8
BLACK
6
CONTINUOUS
10
6.3831312204724409
20
-3.6669947244094487
11
6.3793816929133857
21
-3.6669947244094487
0
LINE
8
BLACK
6
CONTINUOUS
10
6.3793816929133857
20
-3.6669947244094487
11
6.3788056299212599
21
-3.6669379921259844
0
LINE
8
BLACK
6
CONTINUOUS
10
6.3788056299212599
20
-3.6669379921259844
11
6.3787076377952756
21
-3.6668974015748033
0
LINE
8
BLACK
6
CONTINUOUS
10
6.3787076377952756
20
-3.6668974015748033
11
6.3786017716535435
21
-3.6668898818897637
0
LINE
8
BLACK
6
CONTINUOUS
10
6.3786017716535435
20
-3.6668898818897637
11
6.3780611811023622
21
-3.6666829921259843
0
LINE
8
BLACK
6
CONTINUOUS
10
6.3780611811023622
20
-3.6666829921259843
11
6.3743116535433071
21
-3.6648082283464567
0
LINE
8
BLACK
6
CONTINUOUS
10
6.3743116535433071
20
-3.6648082283464567
11
6.3740636220472435
21
-3.6646521259842517
0
LINE
8
BLACK
6
CONTINUOUS
10
6.3740636220472435
20
-3.6646521259842517
11
6.3739916929133855
21
-3.6646223228346457
0
LINE
8
BLACK
6
CONTINUOUS
10
6.3739916929133855
20
-3.6646223228346457
11
6.3739107086614171
21
-3.6645558267716534
0
LINE
8
BLACK
6
CONTINUOUS
10
6.3739107086614171
20
-3.6645558267716534
11
6.3738217716535432
21
-3.6644998818897636
0
LINE
8
BLACK
6
CONTINUOUS
10
6.3738217716535432
20
-3.6644998818897636
11
6.3737705905511808
21
-3.664440866141732
0
LINE
8
BLACK
6
CONTINUOUS
10
6.3737705905511808
20
-3.664440866141732
11
6.3735442519685037
21
-3.6642551181102361
0
LINE
8
BLACK
6
CONTINUOUS
10
6.3735442519685037
20
-3.6642551181102361
11
6.3716694881889762
21
-3.6623803543307085
0
LINE
8
BLACK
6
CONTINUOUS
10
6.3716694881889762
20
-3.6623803543307085
11
6.371483700787401
21
-3.6621539763779527
0
LINE
8
BLACK
6
CONTINUOUS
10
6.371483700787401
20
-3.6621539763779527
11
6.3714247244094491
21
-3.662102834645669
0
LINE
8
BLACK
6
CONTINUOUS
10
6.3714247244094491
20
-3.662102834645669
11
6.3713687401574806
21
-3.6620138582677164
0
LINE
8
BLACK
6
CONTINUOUS
10
6.3713687401574806
20
-3.6620138582677164
11
6.3713022834645665
21
-3.6619329133858267
0
LINE
8
BLACK
6
CONTINUOUS
10
6.3713022834645665
20
-3.6619329133858267
11
6.3712724409448818
21
-3.6618609448818895
0
LINE
8
BLACK
6
CONTINUOUS
10
6.3712724409448818
20
-3.6618609448818895
11
6.371116377952756
21
-3.6616129527559056
0
LINE
8
BLACK
6
CONTINUOUS
10
6.371116377952756
20
-3.6616129527559056
11
6.3692416141732284
21
-3.6578634251968505
0
LINE
8
BLACK
6
CONTINUOUS
10
6.3692416141732284
20
-3.6578634251968505
11
6.369034724409449
21
-3.6573227952755905
0
LINE
8
BLACK
6
CONTINUOUS
10
6.369034724409449
20
-3.6573227952755905
11
6.369027204724409
21
-3.6572169685039371
0
LINE
8
BLACK
6
CONTINUOUS
10
6.369027204724409
20
-3.6572169685039371
11
6.3689866141732283
21
-3.6571189763779528
0
LINE
8
BLACK
6
CONTINUOUS
10
6.3689866141732283
20
-3.6571189763779528
11
6.3689298818897635
21
-3.6565429133858265
0
LINE
8
BLACK
6
CONTINUOUS
10
6.3689298818897635
20
-3.6565429133858265
11
6.3689298818897635
21
-3.6471690944881887
0
LINE
8
BLACK
6
CONTINUOUS
10
6.3689298818897635
20
-3.6471690944881887
11
6.3689866141732283
21
-3.6465930314960628
0
LINE
8
BLACK
6
CONTINUOUS
10
6.3689866141732283
20
-3.6465930314960628
11
6.369027204724409
21
-3.6464949999999998
0
LINE
8
BLACK
6
CONTINUOUS
10
6.369027204724409
20
-3.6464949999999998
11
6.369034724409449
21
-3.6463892125984252
0
LINE
8
BLACK
6
CONTINUOUS
10
6.369034724409449
20
-3.6463892125984252
11
6.3692416141732284
21
-3.6458485826771652
0
LINE
8
BLACK
6
CONTINUOUS
10
6.3692416141732284
20
-3.6458485826771652
11
6.371116377952756
21
-3.6420990551181101
0
LINE
8
BLACK
6
CONTINUOUS
10
6.371116377952756
20
-3.6420990551181101
11
6.3712724409448818
21
-3.6418510236220474
0
LINE
8
BLACK
6
CONTINUOUS
10
6.3712724409448818
20
-3.6418510236220474
11
6.3713022834645665
21
-3.6417790944881889
0
LINE
8
BLACK
6
CONTINUOUS
10
6.3713022834645665
20
-3.6417790944881889
11
6.3713687401574806
21
-3.6416981102362205
0
LINE
8
BLACK
6
CONTINUOUS
10
6.3713687401574806
20
-3.6416981102362205
11
6.3714247244094491
21
-3.6416091732283462
0
LINE
8
BLACK
6
CONTINUOUS
10
6.3714247244094491
20
-3.6416091732283462
11
6.371483700787401
21
-3.6415579921259842
0
LINE
8
BLACK
6
CONTINUOUS
10
6.371483700787401
20
-3.6415579921259842
11
6.3716694881889762
21
-3.6413316535433071
0
LINE
8
BLACK
6
CONTINUOUS
10
6.3716694881889762
20
-3.6413316535433071
11
6.3735442519685037
21
-3.6394568897637796
0
LINE
8
BLACK
6
CONTINUOUS
10
6.3735442519685037
20
-3.6394568897637796
11
6.3739916929133855
21
-3.6390896850393699
0
LINE
8
BLACK
6
CONTINUOUS
10
6.3739916929133855
20
-3.6390896850393699
11
6.3750561023622048
21
-3.6386487795275588
0
LINE
8
BLACK
6
CONTINUOUS
10
6.3750561023622048
20
-3.6386487795275588
11
6.3762081889763778
21
-3.6386487795275588
0
LINE
8
BLACK
6
CONTINUOUS
10
6.3762081889763778
20
-3.6386487795275588
11
6.377272598425197
21
-3.6390896850393699
0
LINE
8
BLACK
6
CONTINUOUS
10
6.377272598425197
20
-3.6390896850393699
11
6.3780872834645672
21
-3.6399043700787401
0
LINE
8
BLACK
6
CONTINUOUS
10
6.3780872834645672
20
-3.6399043700787401
11
6.3785281889763779
21
-3.6409687795275589
0
LINE
8
BLACK
6
CONTINUOUS
10
6.3785281889763779
20
-3.6409687795275589
11
6.3785281889763779
21
-3.6421208661417324
0
LINE
8
BLACK
6
CONTINUOUS
10
6.3785281889763779
20
-3.6421208661417324
11
6.3780872834645672
21
-3.6431852755905512
0
LINE
8
BLACK
6
CONTINUOUS
10
6.3780872834645672
20
-3.6431852755905512
11
6.3777200787401576
21
-3.643632716535433
0
LINE
8
BLACK
6
CONTINUOUS
10
6.3777200787401576
20
-3.643632716535433
11
6.3761841338582679
21
-3.6451686614173227
0
LINE
8
BLACK
6
CONTINUOUS
10
6.3761841338582679
20
-3.6451686614173227
11
6.3748353937007876
21
-3.6478661417322833
0
LINE
8
BLACK
6
CONTINUOUS
10
6.3748353937007876
20
-3.6478661417322833
11
6.3748353937007876
21
-3.6558458661417323
0
LINE
8
BLACK
6
CONTINUOUS
10
6.3748353937007876
20
-3.6558458661417323
11
6.3761841338582679
21
-3.658543346456693
0
LINE
8
BLACK
6
CONTINUOUS
10
6.3761841338582679
20
-3.658543346456693
11
6.3773812598425197
21
-3.6597404724409448
0
LINE
8
BLACK
6
CONTINUOUS
10
6.3773812598425197
20
-3.6597404724409448
11
6.3800787401574803
21
-3.6610892125984251
0
LINE
8
BLACK
6
CONTINUOUS
10
6.3800787401574803
20
-3.6610892125984251
11
6.3826520866141729
21
-3.6610892125984251
0
LINE
8
BLACK
6
CONTINUOUS
10
6.3826520866141729
20
-3.6610892125984251
11
6.3871604724409448
21
-3.6595863779527558
0
LINE
8
BLACK
6
CONTINUOUS
10
6.3871604724409448
20
-3.6595863779527558
11
6.409164803149606
21
-3.637582125984252
0
LINE
8
BLACK
6
CONTINUOUS
10
6.409164803149606
20
-3.637582125984252
11
6.4096122440944878
21
-3.6372148818897636
0
LINE
8
BLACK
6
CONTINUOUS
10
6.4096122440944878
20
-3.6372148818897636
11
6.4103648818897634
21
-3.6369031102362204
0
LINE
8
BLACK
6
CONTINUOUS
10
6.4103648818897634
20
-3.6369031102362204
11
6.4106766535433071
21
-3.6367740157480313
0
LINE
8
BLACK
6
CONTINUOUS
10
6.4106766535433071
20
-3.6367740157480313
11
6.4118287795275588
21
-3.6367740157480313
0
LINE
8
BLACK
6
CONTINUOUS
10
6.4118287795275588
20
-3.6367740157480313
11
6.4128931889763781
21
-3.6372149212598424
0
LINE
8
BLACK
6
CONTINUOUS
10
6.4128931889763781
20
-3.6072186614173227
11
6.4137078346456695
21
-3.6080333070866142
0
LINE
8
BLACK
6
CONTINUOUS
10
6.4137078346456695
20
-3.6080333070866142
11
6.4141487401574802
21
-3.609097716535433
0
LINE
8
BLACK
6
CONTINUOUS
10
6.4141487401574802
20
-3.609097716535433
11
6.414205472440945
21
-3.6096737795275589
0
LINE
8
BLACK
6
CONTINUOUS
10
6.414205472440945
20
-3.6096737795275589
11
6.414205472440945
21
-3.613423307086614
0
LINE
8
BLACK
6
CONTINUOUS
10
6.414205472440945
20
-3.613423307086614
11
6.4141767322834644
21
-3.6137148818897638
0
LINE
8
BLACK
6
CONTINUOUS
10
6.4141767322834644
20
-3.6137148818897638
11
6.4141822834645668
21
-3.6137926377952754
0
LINE
8
BLACK
6
CONTINUOUS
10
6.4141822834645668
20
-3.6137926377952754
11
6.414159015748031
21
-3.6138948818897636
0
LINE
8
BLACK
6
CONTINUOUS
10
6.414159015748031
20
-3.6138948818897636
11
6.4141487401574802
21
-3.6139993700787403
0
LINE
8
BLACK
6
CONTINUOUS
10
6.4141487401574802
20
-3.6139993700787403
11
6.4141188582677167
21
-3.6140714173228345
0
LINE
8
BLACK
6
CONTINUOUS
10
6.4141188582677167
20
-3.6140714173228345
11
6.414053937007874
21
-3.6143570866141732
0
LINE
8
BLACK
6
CONTINUOUS
10
6.414053937007874
20
-3.6143570866141732
11
6.4121791732283464
21
-3.6199813385826771
0
LINE
8
BLACK
6
CONTINUOUS
10
6.4121791732283464
20
-3.6199813385826771
11
6.4119431889763776
21
-3.6205099212598424
0
LINE
8
BLACK
6
CONTINUOUS
10
6.4119431889763776
20
-3.6205099212598424
11
6.4118737007874014
21
-3.62059
0
LINE
8
BLACK
6
CONTINUOUS
10
6.4118737007874014
20
-3.62059
11
6.4118331102362207
21
-3.6206880708661418
0
LINE
8
BLACK
6
CONTINUOUS
10
6.4118331102362207
20
-3.6206880708661418
11
6.4114658661417323
21
-3.6211355118110236
0
LINE
8
BLACK
6
CONTINUOUS
10
6.4114658661417323
20
-3.6211355118110236
11
6.4077162992125984
21
-3.6248850393700787
0
LINE
8
BLACK
6
CONTINUOUS
10
6.4077162992125984
20
-3.6248850393700787
11
6.4072688188976379
21
-3.6252522834645666
0
LINE
8
BLACK
6
CONTINUOUS
10
6.4072688188976379
20
-3.6252522834645666
11
6.4071707480314961
21
-3.6252928740157477
0
LINE
8
BLACK
6
CONTINUOUS
10
6.4071707480314961
20
-3.6252928740157477
11
6.4070906692913381
21
-3.6253623622047244
0
LINE
8
BLACK
6
CONTINUOUS
10
6.4070906692913381
20
-3.6253623622047244
11
6.4065621259842516
21
-3.6255983464566928
0
LINE
8
BLACK
6
CONTINUOUS
10
6.4065621259842516
20
-3.6255983464566928
11
6.4009378346456689
21
-3.6274731102362203
0
LINE
8
BLACK
6
CONTINUOUS
10
6.4009378346456689
20
-3.6274731102362203
11
6.4006522440944877
21
-3.627538031496063
0
LINE
8
BLACK
6
CONTINUOUS
10
6.4006522440944877
20
-3.627538031496063
11
6.4005801574803147
21
-3.6275679133858265
0
LINE
8
BLACK
6
CONTINUOUS
10
6.4005801574803147
20
-3.6275679133858265
11
6.4004756299212593
21
-3.6275781889763778
0
LINE
8
BLACK
6
CONTINUOUS
10
6.4004756299212593
20
-3.6275781889763778
11
6.4003733858267715
21
-3.6276014566929131
0
LINE
8
BLACK
6
CONTINUOUS
10
6.4003733858267715
20
-3.6276014566929131
11
6.4002956299212599
21
-3.6275959055118108
0
LINE
8
BLACK
6
CONTINUOUS
10
6.4002956299212599
20
-3.6275959055118108
11
6.4000040944881889
21
-3.6276246456692913
0
LINE
8
BLACK
6
CONTINUOUS
10
6.4000040944881889
20
-3.6276246456692913
11
6.3718826377952755
21
-3.6276246456692913
0
LINE
8
BLACK
6
CONTINUOUS
10
6.3718826377952755
20
-3.6276246456692913
11
6.3713065748031497
21
-3.6275679133858265
0
LINE
8
BLACK
6
CONTINUOUS
10
6.3713065748031497
20
-3.6275679133858265
11
6.3702421653543304
21
-3.6271270078740159
0
LINE
8
BLACK
6
CONTINUOUS
10
6.3702421653543304
20
-3.6271270078740159
11
6.369427519685039
21
-3.6263123622047244
0
LINE
8
BLACK
6
CONTINUOUS
10
6.369427519685039
20
-3.6263123622047244
11
6.3689866141732283
21
-3.6252479527559056
0
LINE
8
BLACK
6
CONTINUOUS
10
6.3689866141732283
20
-3.6252479527559056
11
6.3689866141732283
21
-3.6240958267716534
0
LINE
8
BLACK
6
CONTINUOUS
10
6.3689866141732283
20
-3.6240958267716534
11
6.369427519685039
21
-3.6230314173228346
0
LINE
8
BLACK
6
CONTINUOUS
10
6.369427519685039
20
-3.6230314173228346
11
6.3702421653543304
21
-3.6222167716535432
0
LINE
8
BLACK
6
CONTINUOUS
10
6.3702421653543304
20
-3.6222167716535432
11
6.3713065748031497
21
-3.6217758661417321
0
LINE
8
BLACK
6
CONTINUOUS
10
6.3713065748031497
20
-3.6217758661417321
11
6.3718826377952755
21
-3.6217191338582677
0
LINE
8
BLACK
6
CONTINUOUS
10
6.3718826377952755
20
-3.6217191338582677
11
6.3995249606299209
21
-3.6217191338582677
0
LINE
8
BLACK
6
CONTINUOUS
10
6.3995249606299209
20
-3.6217191338582677
11
6.4040333464566928
21
-3.6202162992125984
0
LINE
8
BLACK
6
CONTINUOUS
10
6.4040333464566928
20
-3.6202162992125984
11
6.4067971653543303
21
-3.6174525196850391
0
LINE
8
BLACK
6
CONTINUOUS
10
6.4067971653543303
20
-3.6174525196850391
11
6.4082999606299209
21
-3.6129441732283465
0
LINE
8
BLACK
6
CONTINUOUS
10
6.4082999606299209
20
-3.6129441732283465
11
6.4082999606299209
21
-3.6096737795275589
0
LINE
8
BLACK
6
CONTINUOUS
10
6.4082999606299209
20
-3.6096737795275589
11
6.4083566929133857
21
-3.609097716535433
0
LINE
8
BLACK
6
CONTINUOUS
10
6.4083566929133857
20
-3.609097716535433
11
6.4087975984251964
21
-3.6080333070866142
0
LINE
8
BLACK
6
CONTINUOUS
10
6.4087975984251964
20
-3.6080333070866142
11
6.4096122440944878
21
-3.6072186614173227
0
LINE
8
BLACK
6
CONTINUOUS
10
6.4096122440944878
20
-3.6072186614173227
11
6.4106766535433071
21
-3.6067777559055116
0
LINE
8
BLACK
6
CONTINUOUS
10
6.4106766535433071
20
-3.6067777559055116
11
6.4118287795275588
21
-3.6067777559055116
0
LINE
8
BLACK
6
CONTINUOUS
10
6.4118287795275588
20
-3.6067777559055116
11
6.4128931889763781
21
-3.6072186614173227
0
LINE
8
BLACK
6
CONTINUOUS
10
6.4905564566929135
20
-3.4243624409448818
11
6.4916218110236219
21
-3.4254277952755903
0
LINE
8
BLACK
6
CONTINUOUS
10
6.4916218110236219
20
-3.4254277952755903
11
6.4917716535433065
21
-3.4261811023622046
0
LINE
8
BLACK
6
CONTINUOUS
10
6.4917716535433065
20
-3.4261811023622046
11
6.4917716535433065
21
-3.8494094488188977
0
LINE
8
BLACK
6
CONTINUOUS
10
6.4917716535433065
20
-3.8494094488188977
11
6.4916218110236219
21
-3.8501627559055116
0
LINE
8
BLACK
6
CONTINUOUS
10
6.4916218110236219
20
-3.8501627559055116
11
6.4905564566929135
21
-3.8512281102362205
0
LINE
8
BLACK
6
CONTINUOUS
10
6.4905564566929135
20
-3.8512281102362205
11
6.4898031496062991
21
-3.8513779527559056
0
LINE
8
BLACK
6
CONTINUOUS
10
6.4898031496062991
20
-3.8513779527559056
11
6.3303543307086612
21
-3.8513779527559056
0
LINE
8
BLACK
6
CONTINUOUS
10
6.3303543307086612
20
-3.8513779527559056
11
6.3296010236220468
21
-3.8512281102362205
0
LINE
8
BLACK
6
CONTINUOUS
10
6.3296010236220468
20
-3.8512281102362205
11
6.3285356692913384
21
-3.8501627559055116
0
LINE
8
BLACK
6
CONTINUOUS
10
6.3285356692913384
20
-3.8501627559055116
11
6.3283858267716537
21
-3.8494094488188977
0
LINE
8
BLACK
6
CONTINUOUS
10
6.3283858267716537
20
-3.8494094488188977
11
6.3283858267716537
21
-3.4261811023622046
0
LINE
8
BLACK
6
CONTINUOUS
10
6.3283858267716537
20
-3.4261811023622046
11
6.3285356692913384
21
-3.4254277952755903
0
LINE
8
BLACK
6
CONTINUOUS
10
6.3285356692913384
20
-3.4254277952755903
11
6.3296010236220468
21
-3.4243624409448818
0
LINE
8
BLACK
6
CONTINUOUS
10
6.3296010236220468
20
-3.4243624409448818
11
6.3303543307086612
21
-3.4242125984251968
0
LINE
8
BLACK
6
CONTINUOUS
10
6.3303543307086612
20
-3.4242125984251968
11
6.4898031496062991
21
-3.4242125984251968
0
LINE
8
BLACK
6
CONTINUOUS
10
6.4898031496062991
20
-3.4242125984251968
11
6.4905564566929135
21
-3.4243624409448818
0
LINE
8
BLACK
6
CONTINUOUS
10
6.3323228346456695
20
-3.4281496062992125
11
6.3323228346456695
21
-3.4940597244094489
0
LINE
8
BLACK
6
CONTINUOUS
10
6.3323228346456695
20
-3.4940597244094489
11
6.3593297244094487
21
-3.513156496062992
0
LINE
8
BLACK
6
CONTINUOUS
10
6.3593297244094487
20
-3.513156496062992
11
6.3598582677165352
21
-3.513713779527559
0
LINE
8
BLACK
6
CONTINUOUS
10
6.3598582677165352
20
-3.513713779527559
11
6.35991594488189
21
-3.5140500787401572
0
LINE
8
BLACK
6
CONTINUOUS
10
6.35991594488189
20
-3.5140500787401572
11
6.3601130708661415
21
-3.5143288188976376
0
LINE
8
BLACK
6
CONTINUOUS
10
6.3601130708661415
20
-3.5143288188976376
11
6.3600384251968505
21
-3.5147637795275588
0
LINE
8
BLACK
6
CONTINUOUS
10
6.3600384251968505
20
-3.5147637795275588
11
6.3601130708661415
21
-3.51519874015748
0
LINE
8
BLACK
6
CONTINUOUS
10
6.3601130708661415
20
-3.51519874015748
11
6.35991594488189
21
-3.5154774409448817
0
LINE
8
BLACK
6
CONTINUOUS
10
6.35991594488189
20
-3.5154774409448817
11
6.3598582677165352
21
-3.515813779527559
0
LINE
8
BLACK
6
CONTINUOUS
10
6.3598582677165352
20
-3.515813779527559
11
6.3593297244094487
21
-3.5163710629921261
0
LINE
8
BLACK
6
CONTINUOUS
10
6.3593297244094487
20
-3.5163710629921261
11
6.3323228346456695
21
-3.5354677952755904
0
LINE
8
BLACK
6
CONTINUOUS
10
6.3323228346456695
20
-3.5354677952755904
11
6.3323228346456695
21
-3.8474409448818898
0
LINE
8
BLACK
6
CONTINUOUS
10
6.3323228346456695
20
-3.8474409448818898
11
6.4878346456692908
21
-3.8474409448818898
0
LINE
8
BLACK
6
CONTINUOUS
10
6.4878346456692908
20
-3.8474409448818898
11
6.4878346456692908
21
-3.4281496062992125
0
LINE
8
BLACK
6
CONTINUOUS
10
6.4878346456692908
20
-3.4281496062992125
11
6.3323228346456695
21
-3.4281496062992125
0
LINE
8
BLACK
6
CONTINUOUS
10
6.3323228346456695
20
-3.5306459055118111
11
6.3547836220472442
21
-3.5147637795275588
0
LINE
8
BLACK
6
CONTINUOUS
10
6.3547836220472442
20
-3.5147637795275588
11
6.3323228346456695
21
-3.4988816141732282
0
LINE
8
BLACK
6
CONTINUOUS
10
6.3323228346456695
20
-3.4988816141732282
11
6.3323228346456695
21
-3.5306459055118111
0
LINE
8
BLACK
6
CONTINUOUS
10
6.1487653149606301
20
-3.8004333464566926
11
6.1487909842519688
21
-3.8004248031496064
0
LINE
8
BLACK
6
CONTINUOUS
10
6.1487909842519688
20
-3.8004248031496064
11
6.1489735039370075
21
-3.8004747637795275
0
LINE
8
BLACK
6
CONTINUOUS
10
6.1489735039370075
20
-3.8004747637795275
11
6.1491592913385826
21
-3.8005117322834643
0
LINE
8
BLACK
6
CONTINUOUS
10
6.1491592913385826
20
-3.8005117322834643
11
6.1491784251968502
21
-3.8005308661417323
0
LINE
8
BLACK
6
CONTINUOUS
10
6.1491784251968502
20
-3.8005308661417323
11
6.1492355118110238
21
-3.8005464960629922
0
LINE
8
BLACK
6
CONTINUOUS
10
6.1492355118110238
20
-3.8005464960629922
11
6.1507353149606301
21
-3.8012964173228347
0
LINE
8
BLACK
6
CONTINUOUS
10
6.1507353149606301
20
-3.8012964173228347
11
6.1508847637795272
21
-3.801412440944882
0
LINE
8
BLACK
6
CONTINUOUS
10
6.1508847637795272
20
-3.801412440944882
11
6.1510422440944881
21
-3.8015176377952753
0
LINE
8
BLACK
6
CONTINUOUS
10
6.1510422440944881
20
-3.8015176377952753
11
6.151706889763779
21
-3.8021822834645667
0
LINE
8
BLACK
6
CONTINUOUS
10
6.151706889763779
20
-3.8021822834645667
11
6.1523715748031496
21
-3.8015176377952753
0
LINE
8
BLACK
6
CONTINUOUS
10
6.1523715748031496
20
-3.8015176377952753
11
6.1525290157480317
21
-3.801412440944882
0
LINE
8
BLACK
6
CONTINUOUS
10
6.1525290157480317
20
-3.801412440944882
11
6.1526785039370075
21
-3.8012964173228347
0
LINE
8
BLACK
6
CONTINUOUS
10
6.1526785039370075
20
-3.8012964173228347
11
6.1541783464566926
21
-3.8005464960629922
0
LINE
8
BLACK
6
CONTINUOUS
10
6.1541783464566926
20
-3.8005464960629922
11
6.1542353543307087
21
-3.8005308661417323
0
LINE
8
BLACK
6
CONTINUOUS
10
6.1542353543307087
20
-3.8005308661417323
11
6.154254527559055
21
-3.8005117322834643
0
LINE
8
BLACK
6
CONTINUOUS
10
6.154254527559055
20
-3.8005117322834643
11
6.1544400000000001
21
-3.8004748031496063
0
LINE
8
BLACK
6
CONTINUOUS
10
6.1544400000000001
20
-3.8004748031496063
11
6.1546228346456688
21
-3.8004247637795276
0
LINE
8
BLACK
6
CONTINUOUS
10
6.1546228346456688
20
-3.8004247637795276
11
6.1546485433070863
21
-3.8004333070866139
0
LINE
8
BLACK
6
CONTINUOUS
10
6.1546485433070863
20
-3.8004333070866139
11
6.1547065354330703
21
-3.8004218110236221
0
LINE
8
BLACK
6
CONTINUOUS
10
6.1547065354330703
20
-3.8004218110236221
11
6.1577061811023617
21
-3.8004218110236221
0
LINE
8
BLACK
6
CONTINUOUS
10
6.1577061811023617
20
-3.8004218110236221
11
6.1577642125984253
21
-3.8004333464566926
0
LINE
8
BLACK
6
CONTINUOUS
10
6.1577642125984253
20
-3.8004333464566926
11
6.1577898818897641
21
-3.8004248031496064
0
LINE
8
BLACK
6
CONTINUOUS
10
6.1577898818897641
20
-3.8004248031496064
11
6.1579724015748027
21
-3.8004747637795275
0
LINE
8
BLACK
6
CONTINUOUS
10
6.1579724015748027
20
-3.8004747637795275
11
6.1581581889763779
21
-3.8005117322834643
0
LINE
8
BLACK
6
CONTINUOUS
10
6.1581581889763779
20
-3.8005117322834643
11
6.1581773228346455
21
-3.8005308661417323
0
LINE
8
BLACK
6
CONTINUOUS
10
6.1581773228346455
20
-3.8005308661417323
11
6.1582344094488191
21
-3.8005464960629922
0
LINE
8
BLACK
6
CONTINUOUS
10
6.1582344094488191
20
-3.8005464960629922
11
6.1597342125984254
21
-3.8012964173228347
0
LINE
8
BLACK
6
CONTINUOUS
10
6.1597342125984254
20
-3.8012964173228347
11
6.1598836614173225
21
-3.801412440944882
0
LINE
8
BLACK
6
CONTINUOUS
10
6.1598836614173225
20
-3.801412440944882
11
6.1600411417322833
21
-3.8015176377952753
0
LINE
8
BLACK
6
CONTINUOUS
10
6.1600411417322833
20
-3.8015176377952753
11
6.1607910236220471
21
-3.8022675196850391
0
LINE
8
BLACK
6
CONTINUOUS
10
6.1607910236220471
20
-3.8022675196850391
11
6.1608961023622042
21
-3.8024247637795274
0
LINE
8
BLACK
6
CONTINUOUS
10
6.1608961023622042
20
-3.8024247637795274
11
6.1610123228346456
21
-3.802574527559055
0
LINE
8
BLACK
6
CONTINUOUS
10
6.1610123228346456
20
-3.802574527559055
11
6.1617622047244094
21
-3.8040743307086613
0
LINE
8
BLACK
6
CONTINUOUS
10
6.1617622047244094
20
-3.8040743307086613
11
6.1617777952755901
21
-3.8041313385826769
0
LINE
8
BLACK
6
CONTINUOUS
10
6.1617777952755901
20
-3.8041313385826769
11
6.1617969685039364
21
-3.8041505118110237
0
LINE
8
BLACK
6
CONTINUOUS
10
6.1617969685039364
20
-3.8041505118110237
11
6.1618338976377949
21
-3.8043362992125984
0
LINE
8
BLACK
6
CONTINUOUS
10
6.1618338976377949
20
-3.8043362992125984
11
6.1618838976377948
21
-3.8045188188976375
0
LINE
8
BLACK
6
CONTINUOUS
10
6.1618838976377948
20
-3.8045188188976375
11
6.1618753149606293
21
-3.8045444488188975
0
LINE
8
BLACK
6
CONTINUOUS
10
6.1618753149606293
20
-3.8045444488188975
11
6.1618868897637791
21
-3.8046025196850395
0
LINE
8
BLACK
6
CONTINUOUS
10
6.1618868897637791
20
-3.8046025196850395
11
6.1618868897637791
21
-3.8076021653543308
0
LINE
8
BLACK
6
CONTINUOUS
10
6.1618868897637791
20
-3.8076021653543308
11
6.1618753149606293
21
-3.8076601968503936
0
LINE
8
BLACK
6
CONTINUOUS
10
6.1618753149606293
20
-3.8076601968503936
11
6.1618838976377948
21
-3.8076858661417323
0
LINE
8
BLACK
6
CONTINUOUS
10
6.1618838976377948
20
-3.8076858661417323
11
6.1618338976377949
21
-3.8078683464566927
0
LINE
8
BLACK
6
CONTINUOUS
10
6.1618338976377949
20
-3.8078683464566927
11
6.1617969685039364
21
-3.8080541732283462
0
LINE
8
BLACK
6
CONTINUOUS
10
6.1617969685039364
20
-3.8080541732283462
11
6.1617777952755901
21
-3.8080733070866142
0
LINE
8
BLACK
6
CONTINUOUS
10
6.1617777952755901
20
-3.8080733070866142
11
6.1617622047244094
21
-3.8081303543307086
0
LINE
8
BLACK
6
CONTINUOUS
10
6.1617622047244094
20
-3.8081303543307086
11
6.1610123228346456
21
-3.8096301574803149
0
LINE
8
BLACK
6
CONTINUOUS
10
6.1610123228346456
20
-3.8096301574803149
11
6.1608961811023617
21
-3.8097797637795274
0
LINE
8
BLACK
6
CONTINUOUS
10
6.1608961811023617
20
-3.8097797637795274
11
6.1607910629921259
21
-3.809937125984252
0
LINE
8
BLACK
6
CONTINUOUS
10
6.1607910629921259
20
-3.809937125984252
11
6.1600411417322833
21
-3.8106870472440946
0
LINE
8
BLACK
6
CONTINUOUS
10
6.1600411417322833
20
-3.8106870472440946
11
6.1598837795275587
21
-3.8107921259842521
0
LINE
8
BLACK
6
CONTINUOUS
10
6.1598837795275587
20
-3.8107921259842521
11
6.1597341732283466
21
-3.8109083070866139
0
LINE
8
BLACK
6
CONTINUOUS
10
6.1597341732283466
20
-3.8109083070866139
11
6.1582343700787403
21
-3.8116581889763776
0
LINE
8
BLACK
6
CONTINUOUS
10
6.1582343700787403
20
-3.8116581889763776
11
6.1581773228346455
21
-3.8116737795275588
0
LINE
8
BLACK
6
CONTINUOUS
10
6.1581773228346455
20
-3.8116737795275588
11
6.1581581889763779
21
-3.8116929527559056
0
LINE
8
BLACK
6
CONTINUOUS
10
6.1581581889763779
20
-3.8116929527559056
11
6.157972362204724
21
-3.8117298818897636
0
LINE
8
BLACK
6
CONTINUOUS
10
6.157972362204724
20
-3.8117298818897636
11
6.1577898818897641
21
-3.8117798818897639
0
LINE
8
BLACK
6
CONTINUOUS
10
6.1577898818897641
20
-3.8117798818897639
11
6.1577642125984253
21
-3.8117712992125985
0
LINE
8
BLACK
6
CONTINUOUS
10
6.1577642125984253
20
-3.8117712992125985
11
6.1577061811023617
21
-3.8117828740157478
0
LINE
8
BLACK
6
CONTINUOUS
10
6.1577061811023617
20
-3.8117828740157478
11
6.1547065354330703
21
-3.8117828740157478
0
LINE
8
BLACK
6
CONTINUOUS
10
6.1547065354330703
20
-3.8117828740157478
11
6.1546484645669288
21
-3.8117712992125985
0
LINE
8
BLACK
6
CONTINUOUS
10
6.1546484645669288
20
-3.8117712992125985
11
6.1546228346456688
21
-3.8117798818897639
0
LINE
8
BLACK
6
CONTINUOUS
10
6.1546228346456688
20
-3.8117798818897639
11
6.1544403149606302
21
-3.8117298818897636
0
LINE
8
BLACK
6
CONTINUOUS
10
6.1544403149606302
20
-3.8117298818897636
11
6.154254527559055
21
-3.8116929527559056
0
LINE
8
BLACK
6
CONTINUOUS
10
6.154254527559055
20
-3.8116929527559056
11
6.1542353543307087
21
-3.8116737795275588
0
LINE
8
BLACK
6
CONTINUOUS
10
6.1542353543307087
20
-3.8116737795275588
11
6.1541783464566926
21
-3.8116581889763776
0
LINE
8
BLACK
6
CONTINUOUS
10
6.1541783464566926
20
-3.8116581889763776
11
6.1526785433070863
21
-3.8109083070866139
0
LINE
8
BLACK
6
CONTINUOUS
10
6.1526785433070863
20
-3.8109083070866139
11
6.1525288976377954
21
-3.8107921653543304
0
LINE
8
BLACK
6
CONTINUOUS
10
6.1525288976377954
20
-3.8107921653543304
11
6.1523715748031496
21
-3.8106870472440946
0
LINE
8
BLACK
6
CONTINUOUS
10
6.1523715748031496
20
-3.8106870472440946
11
6.151706889763779
21
-3.8100223622047245
0
LINE
8
BLACK
6
CONTINUOUS
10
6.151706889763779
20
-3.8100223622047245
11
6.1510422440944881
21
-3.8106870472440946
0
LINE
8
BLACK
6
CONTINUOUS
10
6.1510422440944881
20
-3.8106870472440946
11
6.1508848818897635
21
-3.8107921259842521
0
LINE
8
BLACK
6
CONTINUOUS
10
6.1508848818897635
20
-3.8107921259842521
11
6.1507352755905513
21
-3.8109083070866139
0
LINE
8
BLACK
6
CONTINUOUS
10
6.1507352755905513
20
-3.8109083070866139
11
6.149235472440945
21
-3.8116581889763776
0
LINE
8
BLACK
6
CONTINUOUS
10
6.149235472440945
20
-3.8116581889763776
11
6.1491784251968502
21
-3.8116737795275588
0
LINE
8
BLACK
6
CONTINUOUS
10
6.1491784251968502
20
-3.8116737795275588
11
6.1491592913385826
21
-3.8116929527559056
0
LINE
8
BLACK
6
CONTINUOUS
10
6.1491592913385826
20
-3.8116929527559056
11
6.1489734645669287
21
-3.8117298818897636
0
LINE
8
BLACK
6
CONTINUOUS
10
6.1489734645669287
20
-3.8117298818897636
11
6.1487909842519688
21
-3.8117798818897639
0
LINE
8
BLACK
6
CONTINUOUS
10
6.1487909842519688
20
-3.8117798818897639
11
6.1487653149606301
21
-3.8117712992125985
0
LINE
8
BLACK
6
CONTINUOUS
10
6.1487653149606301
20
-3.8117712992125985
11
6.1487072834645664
21
-3.8117828740157478
0
LINE
8
BLACK
6
CONTINUOUS
10
6.1487072834645664
20
-3.8117828740157478
11
6.1479574015748026
21
-3.8117828740157478
0
LINE
8
BLACK
6
CONTINUOUS
10
6.1479574015748026
20
-3.8117828740157478
11
6.1478993307086611
21
-3.8117712992125985
0
LINE
8
BLACK
6
CONTINUOUS
10
6.1478993307086611
20
-3.8117712992125985
11
6.1478737007874011
21
-3.8117798818897639
0
LINE
8
BLACK
6
CONTINUOUS
10
6.1478737007874011
20
-3.8117798818897639
11
6.1476911811023625
21
-3.8117298818897636
0
LINE
8
BLACK
6
CONTINUOUS
10
6.1476911811023625
20
-3.8117298818897636
11
6.1475053937007873
21
-3.8116929527559056
0
LINE
8
BLACK
6
CONTINUOUS
10
6.1475053937007873
20
-3.8116929527559056
11
6.147486220472441
21
-3.8116737795275588
0
LINE
8
BLACK
6
CONTINUOUS
10
6.147486220472441
20
-3.8116737795275588
11
6.1474292125984249
21
-3.8116581889763776
0
LINE
8
BLACK
6
CONTINUOUS
10
6.1474292125984249
20
-3.8116581889763776
11
6.1459293700787399
21
-3.8109083070866139
0
LINE
8
BLACK
6
CONTINUOUS
10
6.1459293700787399
20
-3.8109083070866139
11
6.145779724409449
21
-3.8107921653543304
0
LINE
8
BLACK
6
CONTINUOUS
10
6.145779724409449
20
-3.8107921653543304
11
6.1456223622047244
21
-3.8106870078740158
0
LINE
8
BLACK
6
CONTINUOUS
10
6.1456223622047244
20
-3.8106870078740158
11
6.1448724803149606
21
-3.809937125984252
0
LINE
8
BLACK
6
CONTINUOUS
10
6.1448724803149606
20
-3.809937125984252
11
6.1447672834645664
21
-3.8097796456692912
0
LINE
8
BLACK
6
CONTINUOUS
10
6.1447672834645664
20
-3.8097796456692912
11
6.1446512598425196
21
-3.8096301968503936
0
LINE
8
BLACK
6
CONTINUOUS
10
6.1446512598425196
20
-3.8096301968503936
11
6.1439013385826771
21
-3.8081303937007873
0
LINE
8
BLACK
6
CONTINUOUS
10
6.1439013385826771
20
-3.8081303937007873
11
6.1438857086614176
21
-3.8080733070866142
0
LINE
8
BLACK
6
CONTINUOUS
10
6.1438857086614176
20
-3.8080733070866142
11
6.1438665748031491
21
-3.8080541732283462
0
LINE
8
BLACK
6
CONTINUOUS
10
6.1438665748031491
20
-3.8080541732283462
11
6.1438296062992128
21
-3.8078683858267715
0
LINE
8
BLACK
6
CONTINUOUS
10
6.1438296062992128
20
-3.8078683858267715
11
6.1437796456692908
21
-3.8076858661417323
0
LINE
8
BLACK
6
CONTINUOUS
10
6.1437796456692908
20
-3.8076858661417323
11
6.1437881889763775
21
-3.8076601968503936
0
LINE
8
BLACK
6
CONTINUOUS
10
6.1437881889763775
20
-3.8076601968503936
11
6.1437766535433074
21
-3.8076021653543308
0
LINE
8
BLACK
6
CONTINUOUS
10
6.1437766535433074
20
-3.8076021653543308
11
6.1437766535433074
21
-3.8046025196850395
0
LINE
8
BLACK
6
CONTINUOUS
10
6.1437766535433074
20
-3.8046025196850395
11
6.1437881889763775
21
-3.8045444488188975
0
LINE
8
BLACK
6
CONTINUOUS
10
6.1437881889763775
20
-3.8045444488188975
11
6.1437796456692908
21
-3.8045188188976375
0
LINE
8
BLACK
6
CONTINUOUS
10
6.1437796456692908
20
-3.8045188188976375
11
6.1438296062992128
21
-3.8043362598425197
0
LINE
8
BLACK
6
CONTINUOUS
10
6.1438296062992128
20
-3.8043362598425197
11
6.1438665748031491
21
-3.8041505118110237
0
LINE
8
BLACK
6
CONTINUOUS
10
6.1438665748031491
20
-3.8041505118110237
11
6.1438857086614176
21
-3.8041313385826769
0
LINE
8
BLACK
6
CONTINUOUS
10
6.1438857086614176
20
-3.8041313385826769
11
6.1439013385826771
21
-3.8040742913385825
0
LINE
8
BLACK
6
CONTINUOUS
10
6.1439013385826771
20
-3.8040742913385825
11
6.1446512598425196
21
-3.8025744881889763
0
LINE
8
BLACK
6
CONTINUOUS
10
6.1446512598425196
20
-3.8025744881889763
11
6.1447674803149601
21
-3.8024247244094487
0
LINE
8
BLACK
6
CONTINUOUS
10
6.1447674803149601
20
-3.8024247244094487
11
6.1448725196850393
21
-3.8022675590551178
0
LINE
8
BLACK
6
CONTINUOUS
10
6.1448725196850393
20
-3.8022675590551178
11
6.1456224015748031
21
-3.8015176377952753
0
LINE
8
BLACK
6
CONTINUOUS
10
6.1456224015748031
20
-3.8015176377952753
11
6.1457801181102365
21
-3.8014122440944882
0
LINE
8
BLACK
6
CONTINUOUS
10
6.1457801181102365
20
-3.8014122440944882
11
6.1459293700787399
21
-3.8012964173228347
0
LINE
8
BLACK
6
CONTINUOUS
10
6.1459293700787399
20
-3.8012964173228347
11
6.1474292125984249
21
-3.8005464960629922
0
LINE
8
BLACK
6
CONTINUOUS
10
6.1474292125984249
20
-3.8005464960629922
11
6.147486220472441
21
-3.8005308661417323
0
LINE
8
BLACK
6
CONTINUOUS
10
6.147486220472441
20
-3.8005308661417323
11
6.1475053937007873
21
-3.8005117322834643
0
LINE
8
BLACK
6
CONTINUOUS
10
6.1475053937007873
20
-3.8005117322834643
11
6.1476908661417324
21
-3.8004748031496063
0
LINE
8
BLACK
6
CONTINUOUS
10
6.1476908661417324
20
-3.8004748031496063
11
6.1478737007874011
21
-3.8004247637795276
0
LINE
8
BLACK
6
CONTINUOUS
10
6.1478737007874011
20
-3.8004247637795276
11
6.1478994094488186
21
-3.8004333070866139
0
LINE
8
BLACK
6
CONTINUOUS
10
6.1478994094488186
20
-3.8004333070866139
11
6.1479574015748026
21
-3.8004218110236221
0
LINE
8
BLACK
6
CONTINUOUS
10
6.1479574015748026
20
-3.8004218110236221
11
6.1487072834645664
21
-3.8004218110236221
0
LINE
8
BLACK
6
CONTINUOUS
10
6.1487072834645664
20
-3.8004218110236221
11
6.1487653149606301
21
-3.8004333464566926
0
LINE
8
BLACK
6
CONTINUOUS
10
6.147157204724409
20
-3.8033235039370079
11
6.1466783464566932
21
-3.8038023228346454
0
LINE
8
BLACK
6
CONTINUOUS
10
6.1466783464566932
20
-3.8038023228346454
11
6.1461388582677161
21
-3.8048813779527557
0
LINE
8
BLACK
6
CONTINUOUS
10
6.1461388582677161
20
-3.8048813779527557
11
6.1461388582677161
21
-3.8073233070866142
0
LINE
8
BLACK
6
CONTINUOUS
10
6.1461388582677161
20
-3.8073233070866142
11
6.1466783464566932
21
-3.808402283464567
0
LINE
8
BLACK
6
CONTINUOUS
10
6.1466783464566932
20
-3.808402283464567
11
6.1471572440944877
21
-3.808881181102362
0
LINE
8
BLACK
6
CONTINUOUS
10
6.1471572440944877
20
-3.808881181102362
11
6.148236220472441
21
-3.8094206692913386
0
LINE
8
BLACK
6
CONTINUOUS
10
6.148236220472441
20
-3.8094206692913386
11
6.1484284645669289
21
-3.8094206692913386
0
LINE
8
BLACK
6
CONTINUOUS
10
6.1484284645669289
20
-3.8094206692913386
11
6.1495074803149601
21
-3.8088811417322832
0
LINE
8
BLACK
6
CONTINUOUS
10
6.1495074803149601
20
-3.8088811417322832
11
6.1499862598425192
21
-3.8084023622047245
0
LINE
8
BLACK
6
CONTINUOUS
10
6.1499862598425192
20
-3.8084023622047245
11
6.1505258267716538
21
-3.8073232677165354
0
LINE
8
BLACK
6
CONTINUOUS
10
6.1505258267716538
20
-3.8073232677165354
11
6.1505258267716538
21
-3.8048813779527557
0
LINE
8
BLACK
6
CONTINUOUS
10
6.1505258267716538
20
-3.8048813779527557
11
6.149986299212598
21
-3.8038023622047241
0
LINE
8
BLACK
6
CONTINUOUS
10
6.149986299212598
20
-3.8038023622047241
11
6.1495074015748026
21
-3.8033235039370079
0
LINE
8
BLACK
6
CONTINUOUS
10
6.1495074015748026
20
-3.8033235039370079
11
6.1484284251968502
21
-3.8027840157480313
0
LINE
8
BLACK
6
CONTINUOUS
10
6.1484284251968502
20
-3.8027840157480313
11
6.1482362598425198
21
-3.8027840157480313
0
LINE
8
BLACK
6
CONTINUOUS
10
6.1482362598425198
20
-3.8027840157480313
11
6.147157204724409
21
-3.8033235039370079
0
LINE
8
BLACK
6
CONTINUOUS
10
6.1539062992125979
20
-3.8033235433070867
11
6.1534274803149609
21
-3.8038023622047241
0
LINE
8
BLACK
6
CONTINUOUS
10
6.1534274803149609
20
-3.8038023622047241
11
6.1528880314960626
21
-3.8048812992125982
0
LINE
8
BLACK
6
CONTINUOUS
10
6.1528880314960626
20
-3.8048812992125982
11
6.1528880314960626
21
-3.8073233464566929
0
LINE
8
BLACK
6
CONTINUOUS
10
6.1528880314960626
20
-3.8073233464566929
11
6.1534275196850396
21
-3.8084023622047245
0
LINE
8
BLACK
6
CONTINUOUS
10
6.1534275196850396
20
-3.8084023622047245
11
6.1539062992125979
21
-3.8088811417322832
0
LINE
8
BLACK
6
CONTINUOUS
10
6.1539062992125979
20
-3.8088811417322832
11
6.1549853543307087
21
-3.8094206692913386
0
LINE
8
BLACK
6
CONTINUOUS
10
6.1549853543307087
20
-3.8094206692913386
11
6.1574273622047242
21
-3.8094206692913386
0
LINE
8
BLACK
6
CONTINUOUS
10
6.1574273622047242
20
-3.8094206692913386
11
6.1585063779527554
21
-3.8088811417322832
0
LINE
8
BLACK
6
CONTINUOUS
10
6.1585063779527554
20
-3.8088811417322832
11
6.1589851574803145
21
-3.8084023622047245
0
LINE
8
BLACK
6
CONTINUOUS
10
6.1589851574803145
20
-3.8084023622047245
11
6.1595246850393703
21
-3.8073233464566929
0
LINE
8
BLACK
6
CONTINUOUS
10
6.1595246850393703
20
-3.8073233464566929
11
6.1595246850393703
21
-3.8048812992125982
0
LINE
8
BLACK
6
CONTINUOUS
10
6.1595246850393703
20
-3.8048812992125982
11
6.158985236220472
21
-3.8038024015748029
0
LINE
8
BLACK
6
CONTINUOUS
10
6.158985236220472
20
-3.8038024015748029
11
6.1585062992125978
21
-3.8033235039370079
0
LINE
8
BLACK
6
CONTINUOUS
10
6.1585062992125978
20
-3.8033235039370079
11
6.1574273228346454
21
-3.8027840157480313
0
LINE
8
BLACK
6
CONTINUOUS
10
6.1574273228346454
20
-3.8027840157480313
11
6.1549853937007875
21
-3.8027840157480313
0
LINE
8
BLACK
6
CONTINUOUS
10
6.1549853937007875
20
-3.8027840157480313
11
6.1539062992125979
21
-3.8033235433070867
0
LINE
8
BLACK
6
CONTINUOUS
10
6.1611577952755905
20
-3.7855136220472438
11
6.1617969685039364
21
-3.7861527952755907
0
LINE
8
BLACK
6
CONTINUOUS
10
6.1617969685039364
20
-3.7861527952755907
11
6.1617969685039364
21
-3.7870568110236218
0
LINE
8
BLACK
6
CONTINUOUS
10
6.1617969685039364
20
-3.7870568110236218
11
6.1611577952755905
21
-3.7876959842519686
0
LINE
8
BLACK
6
CONTINUOUS
10
6.1611577952755905
20
-3.7876959842519686
11
6.1607057874015743
21
-3.7877859055118108
0
LINE
8
BLACK
6
CONTINUOUS
10
6.1607057874015743
20
-3.7877859055118108
11
6.1543878346456689
21
-3.7877859055118108
0
LINE
8
BLACK
6
CONTINUOUS
10
6.1543878346456689
20
-3.7877859055118108
11
6.1543878346456689
21
-3.7897393700787401
0
LINE
8
BLACK
6
CONTINUOUS
10
6.1543878346456689
20
-3.7897393700787401
11
6.1613830708661412
21
-3.7946360629921259
0
LINE
8
BLACK
6
CONTINUOUS
10
6.1613830708661412
20
-3.7946360629921259
11
6.1617018110236215
21
-3.7949689370078739
0
LINE
8
BLACK
6
CONTINUOUS
10
6.1617018110236215
20
-3.7949689370078739
11
6.1618588976377948
21
-3.7958590944881889
0
LINE
8
BLACK
6
CONTINUOUS
10
6.1618588976377948
20
-3.7958590944881889
11
6.1613405118110238
21
-3.7965996850393702
0
LINE
8
BLACK
6
CONTINUOUS
10
6.1613405118110238
20
-3.7965996850393702
11
6.16045031496063
21
-3.7967567716535431
0
LINE
8
BLACK
6
CONTINUOUS
10
6.16045031496063
20
-3.7967567716535431
11
6.1600284645669294
21
-3.7965712598425196
0
LINE
8
BLACK
6
CONTINUOUS
10
6.1600284645669294
20
-3.7965712598425196
11
6.1543845275590554
21
-3.7926205118110237
0
LINE
8
BLACK
6
CONTINUOUS
10
6.1543845275590554
20
-3.7926205118110237
11
6.1543762992125979
21
-3.7926620078740156
0
LINE
8
BLACK
6
CONTINUOUS
10
6.1543762992125979
20
-3.7926620078740156
11
6.1543848818897633
21
-3.7926877559055119
0
LINE
8
BLACK
6
CONTINUOUS
10
6.1543848818897633
20
-3.7926877559055119
11
6.1543348031496059
21
-3.7928705511811023
0
LINE
8
BLACK
6
CONTINUOUS
10
6.1543348031496059
20
-3.7928705511811023
11
6.1542979133858262
21
-3.7930560629921257
0
LINE
8
BLACK
6
CONTINUOUS
10
6.1542979133858262
20
-3.7930560629921257
11
6.1542787401574799
21
-3.7930751968503937
0
LINE
8
BLACK
6
CONTINUOUS
10
6.1542787401574799
20
-3.7930751968503937
11
6.1542631496062992
21
-3.7931322440944881
0
LINE
8
BLACK
6
CONTINUOUS
10
6.1542631496062992
20
-3.7931322440944881
11
6.1535132283464566
21
-3.7946320866141732
0
LINE
8
BLACK
6
CONTINUOUS
10
6.1535132283464566
20
-3.7946320866141732
11
6.1533972440944877
21
-3.7947814566929132
0
LINE
8
BLACK
6
CONTINUOUS
10
6.1533972440944877
20
-3.7947814566929132
11
6.1532920078740156
21
-3.7949390157480316
0
LINE
8
BLACK
6
CONTINUOUS
10
6.1532920078740156
20
-3.7949390157480316
11
6.1525420866141731
21
-3.7956888976377954
0
LINE
8
BLACK
6
CONTINUOUS
10
6.1525420866141731
20
-3.7956888976377954
11
6.1523848818897635
21
-3.7957938976377954
0
LINE
8
BLACK
6
CONTINUOUS
10
6.1523848818897635
20
-3.7957938976377954
11
6.1522351574803151
21
-3.7959101574803147
0
LINE
8
BLACK
6
CONTINUOUS
10
6.1522351574803151
20
-3.7959101574803147
11
6.1507352755905513
21
-3.7966600787401572
0
LINE
8
BLACK
6
CONTINUOUS
10
6.1507352755905513
20
-3.7966600787401572
11
6.1506782283464565
21
-3.7966756692913384
0
LINE
8
BLACK
6
CONTINUOUS
10
6.1506782283464565
20
-3.7966756692913384
11
6.1506590944881889
21
-3.7966948425196851
0
LINE
8
BLACK
6
CONTINUOUS
10
6.1506590944881889
20
-3.7966948425196851
11
6.150473267716535
21
-3.7967317716535431
0
LINE
8
BLACK
6
CONTINUOUS
10
6.150473267716535
20
-3.7967317716535431
11
6.1502907874015751
21
-3.796781771653543
0
LINE
8
BLACK
6
CONTINUOUS
10
6.1502907874015751
20
-3.796781771653543
11
6.1502651181102364
21
-3.7967731889763781
0
LINE
8
BLACK
6
CONTINUOUS
10
6.1502651181102364
20
-3.7967731889763781
11
6.1502070866141727
21
-3.7967847637795273
0
LINE
8
BLACK
6
CONTINUOUS
10
6.1502070866141727
20
-3.7967847637795273
11
6.1479574015748026
21
-3.7967847637795273
0
LINE
8
BLACK
6
CONTINUOUS
10
6.1479574015748026
20
-3.7967847637795273
11
6.1478994094488186
21
-3.7967732283464568
0
LINE
8
BLACK
6
CONTINUOUS
10
6.1478994094488186
20
-3.7967732283464568
11
6.1478737007874011
21
-3.7967818110236218
0
LINE
8
BLACK
6
CONTINUOUS
10
6.1478737007874011
20
-3.7967818110236218
11
6.1476908661417324
21
-3.7967317322834644
0
LINE
8
BLACK
6
CONTINUOUS
10
6.1476908661417324
20
-3.7967317322834644
11
6.1475053937007873
21
-3.7966948425196851
0
LINE
8
BLACK
6
CONTINUOUS
10
6.1475053937007873
20
-3.7966948425196851
11
6.147486220472441
21
-3.7966756692913384
0
LINE
8
BLACK
6
CONTINUOUS
10
6.147486220472441
20
-3.7966756692913384
11
6.1474292125984249
21
-3.7966600787401572
0
LINE
8
BLACK
6
CONTINUOUS
10
6.1474292125984249
20
-3.7966600787401572
11
6.1459293700787399
21
-3.7959101574803147
0
LINE
8
BLACK
6
CONTINUOUS
10
6.1459293700787399
20
-3.7959101574803147
11
6.1457801181102365
21
-3.7957942913385825
0
LINE
8
BLACK
6
CONTINUOUS
10
6.1457801181102365
20
-3.7957942913385825
11
6.1456224015748031
21
-3.7956889370078741
0
LINE
8
BLACK
6
CONTINUOUS
10
6.1456224015748031
20
-3.7956889370078741
11
6.1448725196850393
21
-3.7949390157480316
0
LINE
8
BLACK
6
CONTINUOUS
10
6.1448725196850393
20
-3.7949390157480316
11
6.1447674803149601
21
-3.794781811023622
0
LINE
8
BLACK
6
CONTINUOUS
10
6.1447674803149601
20
-3.794781811023622
11
6.1446512598425196
21
-3.7946320866141732
0
LINE
8
BLACK
6
CONTINUOUS
10
6.1446512598425196
20
-3.7946320866141732
11
6.1439013385826771
21
-3.7931322834645669
0
LINE
8
BLACK
6
CONTINUOUS
10
6.1439013385826771
20
-3.7931322834645669
11
6.1438857086614176
21
-3.7930751968503937
0
LINE
8
BLACK
6
CONTINUOUS
10
6.1438857086614176
20
-3.7930751968503937
11
6.1438665748031491
21
-3.7930560629921257
0
LINE
8
BLACK
6
CONTINUOUS
10
6.1438665748031491
20
-3.7930560629921257
11
6.1438296062992128
21
-3.792870275590551
0
LINE
8
BLACK
6
CONTINUOUS
10
6.1438296062992128
20
-3.792870275590551
11
6.1437796456692908
21
-3.7926877559055119
0
LINE
8
BLACK
6
CONTINUOUS
10
6.1437796456692908
20
-3.7926877559055119
11
6.1437881889763775
21
-3.7926620866141731
0
LINE
8
BLACK
6
CONTINUOUS
10
6.1437881889763775
20
-3.7926620866141731
11
6.1437766535433074
21
-3.7926040551181099
0
LINE
8
BLACK
6
CONTINUOUS
10
6.1437766535433074
20
-3.7926040551181099
11
6.1437766535433074
21
-3.786604803149606
0
LINE
8
BLACK
6
CONTINUOUS
10
6.1437766535433074
20
-3.786604803149606
11
6.1438665748031491
21
-3.7861527952755907
0
LINE
8
BLACK
6
CONTINUOUS
10
6.1438665748031491
20
-3.7861527952755907
11
6.144505748031496
21
-3.7855136220472438
0
LINE
8
BLACK
6
CONTINUOUS
10
6.144505748031496
20
-3.7855136220472438
11
6.1449577559055113
21
-3.7854237007874016
0
LINE
8
BLACK
6
CONTINUOUS
10
6.1449577559055113
20
-3.7854237007874016
11
6.1607057874015743
21
-3.7854237007874016
0
LINE
8
BLACK
6
CONTINUOUS
10
6.1607057874015743
20
-3.7854237007874016
11
6.1611577952755905
21
-3.7855136220472438
0
LINE
8
BLACK
6
CONTINUOUS
10
6.1461388582677161
20
-3.7923251968503937
11
6.1466783464566932
21
-3.7934042125984253
0
LINE
8
BLACK
6
CONTINUOUS
10
6.1466783464566932
20
-3.7934042125984253
11
6.147157204724409
21
-3.7938830314960628
0
LINE
8
BLACK
6
CONTINUOUS
10
6.147157204724409
20
-3.7938830314960628
11
6.1482362598425198
21
-3.7944225590551182
0
LINE
8
BLACK
6
CONTINUOUS
10
6.1482362598425198
20
-3.7944225590551182
11
6.1499282677165352
21
-3.7944225590551182
0
LINE
8
BLACK
6
CONTINUOUS
10
6.1499282677165352
20
-3.7944225590551182
11
6.1510072834645664
21
-3.7938830314960628
0
LINE
8
BLACK
6
CONTINUOUS
10
6.1510072834645664
20
-3.7938830314960628
11
6.1514860629921255
21
-3.7934042125984253
0
LINE
8
BLACK
6
CONTINUOUS
10
6.1514860629921255
20
-3.7934042125984253
11
6.1520256299212601
21
-3.792325157480315
0
LINE
8
BLACK
6
CONTINUOUS
10
6.1520256299212601
20
-3.792325157480315
11
6.1520256299212601
21
-3.7877859055118108
0
LINE
8
BLACK
6
CONTINUOUS
10
6.1520256299212601
20
-3.7877859055118108
11
6.1461388582677161
21
-3.7877859055118108
0
LINE
8
BLACK
6
CONTINUOUS
10
6.1461388582677161
20
-3.7877859055118108
11
6.1461388582677161
21
-3.7923251968503937
0
LINE
8
BLACK
6
CONTINUOUS
10
6.1705367716535431
20
-3.7649136220472439
11
6.1716021259842515
21
-3.7659789763779528
0
LINE
8
BLACK
6
CONTINUOUS
10
6.1716021259842515
20
-3.7659789763779528
11
6.171751968503937
21
-3.7667322834645667
0
LINE
8
BLACK
6
CONTINUOUS
10
6.171751968503937
20
-3.7667322834645667
11
6.171751968503937
21
-3.829724409448819
0
LINE
8
BLACK
6
CONTINUOUS
10
6.171751968503937
20
-3.829724409448819
11
6.1716021259842515
21
-3.8304777165354329
0
LINE
8
BLACK
6
CONTINUOUS
10
6.1716021259842515
20
-3.8304777165354329
11
6.1705367716535431
21
-3.8315430708661418
0
LINE
8
BLACK
6
CONTINUOUS
10
6.1705367716535431
20
-3.8315430708661418
11
6.1697834645669287
21
-3.8316929133858268
0
LINE
8
BLACK
6
CONTINUOUS
10
6.1697834645669287
20
-3.8316929133858268
11
6.1373031496062991
21
-3.8316929133858268
0
LINE
8
BLACK
6
CONTINUOUS
10
6.1373031496062991
20
-3.8316929133858268
11
6.1365498425196847
21
-3.8315430708661418
0
LINE
8
BLACK
6
CONTINUOUS
10
6.1365498425196847
20
-3.8315430708661418
11
6.1354844881889763
21
-3.8304777165354329
0
LINE
8
BLACK
6
CONTINUOUS
10
6.1354844881889763
20
-3.8304777165354329
11
6.1353346456692908
21
-3.829724409448819
0
LINE
8
BLACK
6
CONTINUOUS
10
6.1353346456692908
20
-3.829724409448819
11
6.1353346456692908
21
-3.7667322834645667
0
LINE
8
BLACK
6
CONTINUOUS
10
6.1353346456692908
20
-3.7667322834645667
11
6.1354844881889763
21
-3.7659789763779528
0
LINE
8
BLACK
6
CONTINUOUS
10
6.1354844881889763
20
-3.7659789763779528
11
6.1365498425196847
21
-3.7649136220472439
0
LINE
8
BLACK
6
CONTINUOUS
10
6.1365498425196847
20
-3.7649136220472439
11
6.1373031496062991
21
-3.7647637795275588
0
LINE
8
BLACK
6
CONTINUOUS
10
6.1373031496062991
20
-3.7647637795275588
11
6.1697834645669287
21
-3.7647637795275588
0
LINE
8
BLACK
6
CONTINUOUS
10
6.1697834645669287
20
-3.7647637795275588
11
6.1705367716535431
21
-3.7649136220472439
0
LINE
8
BLACK
6
CONTINUOUS
10
6.1392716535433065
20
-3.7687007874015745
11
6.1392716535433065
21
-3.8277559055118111
0
LINE
8
BLACK
6
CONTINUOUS
10
6.1392716535433065
20
-3.8277559055118111
11
6.1678149606299213
21
-3.8277559055118111
0
LINE
8
BLACK
6
CONTINUOUS
10
6.1678149606299213
20
-3.8277559055118111
11
6.1678149606299213
21
-3.7687007874015745
0
LINE
8
BLACK
6
CONTINUOUS
10
6.1678149606299213
20
-3.7687007874015745
11
6.1392716535433065
21
-3.7687007874015745
0
LINE
8
BLACK
6
CONTINUOUS
10
5.9721814173228349
20
-3.7938562992125981
11
5.9728205905511809
21
-3.794495472440945
0
LINE
8
BLACK
6
CONTINUOUS
10
5.9728205905511809
20
-3.794495472440945
11
5.9729105118110235
21
-3.7949474803149608
0
LINE
8
BLACK
6
CONTINUOUS
10
5.9729105118110235
20
-3.7949474803149608
11
5.9729105118110235
21
-3.8046962598425198
0
LINE
8
BLACK
6
CONTINUOUS
10
5.9729105118110235
20
-3.8046962598425198
11
5.9728205905511809
21
-3.8051482677165351
0
LINE
8
BLACK
6
CONTINUOUS
10
5.9728205905511809
20
-3.8051482677165351
11
5.9721814173228349
21
-3.805787440944882
0
LINE
8
BLACK
6
CONTINUOUS
10
5.9721814173228349
20
-3.805787440944882
11
5.9712774015748034
21
-3.805787440944882
0
LINE
8
BLACK
6
CONTINUOUS
10
5.9712774015748034
20
-3.805787440944882
11
5.9706382283464565
21
-3.8051482677165351
0
LINE
8
BLACK
6
CONTINUOUS
10
5.9706382283464565
20
-3.8051482677165351
11
5.9705483070866139
21
-3.8046962598425198
0
LINE
8
BLACK
6
CONTINUOUS
10
5.9705483070866139
20
-3.8046962598425198
11
5.9705483070866139
21
-3.797798897637795
0
LINE
8
BLACK
6
CONTINUOUS
10
5.9705483070866139
20
-3.797798897637795
11
5.9635657086614176
21
-3.804781535433071
0
LINE
8
BLACK
6
CONTINUOUS
10
5.9635657086614176
20
-3.804781535433071
11
5.9635164960629918
21
-3.80481437007874
0
LINE
8
BLACK
6
CONTINUOUS
10
5.9635164960629918
20
-3.80481437007874
11
5.9635044094488183
21
-3.8048386220472441
0
LINE
8
BLACK
6
CONTINUOUS
10
5.9635044094488183
20
-3.8048386220472441
11
5.9633397637795271
21
-3.8049324803149607
0
LINE
8
BLACK
6
CONTINUOUS
10
5.9633397637795271
20
-3.8049324803149607
11
5.9631825196850397
21
-3.8050375590551182
0
LINE
8
BLACK
6
CONTINUOUS
10
5.9631825196850397
20
-3.8050375590551182
11
5.9631555118110233
21
-3.8050375590551182
0
LINE
8
BLACK
6
CONTINUOUS
10
5.9631555118110233
20
-3.8050375590551182
11
5.9631040551181105
21
-3.8050668897637796
0
LINE
8
BLACK
6
CONTINUOUS
10
5.9631040551181105
20
-3.8050668897637796
11
5.9608543307086617
21
-3.8058167716535434
0
LINE
8
BLACK
6
CONTINUOUS
10
5.9608543307086617
20
-3.8058167716535434
11
5.9606664173228348
21
-3.8058404330708662
0
LINE
8
BLACK
6
CONTINUOUS
10
5.9606664173228348
20
-3.8058404330708662
11
5.9604808267716534
21
-3.8058773622047242
0
LINE
8
BLACK
6
CONTINUOUS
10
5.9604808267716534
20
-3.8058773622047242
11
5.9589810236220471
21
-3.8058773622047242
0
LINE
8
BLACK
6
CONTINUOUS
10
5.9589810236220471
20
-3.8058773622047242
11
5.9589229527559056
21
-3.8058657874015749
0
LINE
8
BLACK
6
CONTINUOUS
10
5.9589229527559056
20
-3.8058657874015749
11
5.9588973228346456
21
-3.8058743700787399
0
LINE
8
BLACK
6
CONTINUOUS
10
5.9588973228346456
20
-3.8058743700787399
11
5.958714803149606
21
-3.80582437007874
0
LINE
8
BLACK
6
CONTINUOUS
10
5.958714803149606
20
-3.80582437007874
11
5.9585290157480317
21
-3.805787440944882
0
LINE
8
BLACK
6
CONTINUOUS
10
5.9585290157480317
20
-3.805787440944882
11
5.9585098425196845
21
-3.8057682677165352
0
LINE
8
BLACK
6
CONTINUOUS
10
5.9585098425196845
20
-3.8057682677165352
11
5.9584528346456693
21
-3.805752677165354
0
LINE
8
BLACK
6
CONTINUOUS
10
5.9584528346456693
20
-3.805752677165354
11
5.9569529921259843
21
-3.8050027952755903
0
LINE
8
BLACK
6
CONTINUOUS
10
5.9569529921259843
20
-3.8050027952755903
11
5.9568033464566925
21
-3.8048866535433068
0
LINE
8
BLACK
6
CONTINUOUS
10
5.9568033464566925
20
-3.8048866535433068
11
5.9566459842519688
21
-3.8047814960629922
0
LINE
8
BLACK
6
CONTINUOUS
10
5.9566459842519688
20
-3.8047814960629922
11
5.955896102362205
21
-3.8040316141732284
0
LINE
8
BLACK
6
CONTINUOUS
10
5.955896102362205
20
-3.8040316141732284
11
5.9557909055118108
21
-3.8038741338582676
0
LINE
8
BLACK
6
CONTINUOUS
10
5.9557909055118108
20
-3.8038741338582676
11
5.955674881889764
21
-3.80372468503937
0
LINE
8
BLACK
6
CONTINUOUS
10
5.955674881889764
20
-3.80372468503937
11
5.9549249606299215
21
-3.8022248818897637
0
LINE
8
BLACK
6
CONTINUOUS
10
5.9549249606299215
20
-3.8022248818897637
11
5.9549093307086611
21
-3.8021677952755906
0
LINE
8
BLACK
6
CONTINUOUS
10
5.9549093307086611
20
-3.8021677952755906
11
5.9548901968503936
21
-3.8021486614173226
0
LINE
8
BLACK
6
CONTINUOUS
10
5.9548901968503936
20
-3.8021486614173226
11
5.9548532283464564
21
-3.8019628740157478
0
LINE
8
BLACK
6
CONTINUOUS
10
5.9548532283464564
20
-3.8019628740157478
11
5.9548032677165352
21
-3.8017803543307087
0
LINE
8
BLACK
6
CONTINUOUS
10
5.9548032677165352
20
-3.8017803543307087
11
5.9548118110236219
21
-3.80175468503937
0
LINE
8
BLACK
6
CONTINUOUS
10
5.9548118110236219
20
-3.80175468503937
11
5.9548002755905509
21
-3.8016966535433072
0
LINE
8
BLACK
6
CONTINUOUS
10
5.9548002755905509
20
-3.8016966535433072
11
5.9548002755905509
21
-3.7979471259842521
0
LINE
8
BLACK
6
CONTINUOUS
10
5.9548002755905509
20
-3.7979471259842521
11
5.9548118110236219
21
-3.7978890551181101
0
LINE
8
BLACK
6
CONTINUOUS
10
5.9548118110236219
20
-3.7978890551181101
11
5.9548032677165352
21
-3.7978634251968502
0
LINE
8
BLACK
6
CONTINUOUS
10
5.9548032677165352
20
-3.7978634251968502
11
5.9548532283464564
21
-3.7976808661417323
0
LINE
8
BLACK
6
CONTINUOUS
10
5.9548532283464564
20
-3.7976808661417323
11
5.9548901968503936
21
-3.7974951181102363
0
LINE
8
BLACK
6
CONTINUOUS
10
5.9548901968503936
20
-3.7974951181102363
11
5.9549093307086611
21
-3.7974759448818896
0
LINE
8
BLACK
6
CONTINUOUS
10
5.9549093307086611
20
-3.7974759448818896
11
5.9549249606299215
21
-3.7974188976377952
0
LINE
8
BLACK
6
CONTINUOUS
10
5.9549249606299215
20
-3.7974188976377952
11
5.955674881889764
21
-3.7959190944881889
0
LINE
8
BLACK
6
CONTINUOUS
10
5.955674881889764
20
-3.7959190944881889
11
5.9557909055118108
21
-3.7957696062992126
0
LINE
8
BLACK
6
CONTINUOUS
10
5.9557909055118108
20
-3.7957696062992126
11
5.955896102362205
21
-3.7956121653543304
0
LINE
8
BLACK
6
CONTINUOUS
10
5.955896102362205
20
-3.7956121653543304
11
5.9566459842519688
21
-3.7948622834645667
0
LINE
8
BLACK
6
CONTINUOUS
10
5.9566459842519688
20
-3.7948622834645667
11
5.9570291732283467
21
-3.7946062204724407
0
LINE
8
BLACK
6
CONTINUOUS
10
5.9570291732283467
20
-3.7946062204724407
11
5.9579331102362207
21
-3.7946061811023619
0
LINE
8
BLACK
6
CONTINUOUS
10
5.9579331102362207
20
-3.7946061811023619
11
5.9585723622047242
21
-3.7952454330708663
0
LINE
8
BLACK
6
CONTINUOUS
10
5.9585723622047242
20
-3.7952454330708663
11
5.9585724015748029
21
-3.7961493307086611
0
LINE
8
BLACK
6
CONTINUOUS
10
5.9585724015748029
20
-3.7961493307086611
11
5.9583163779527561
21
-3.7965325590551182
0
LINE
8
BLACK
6
CONTINUOUS
10
5.9583163779527561
20
-3.7965325590551182
11
5.9577019685039367
21
-3.7971469685039367
0
LINE
8
BLACK
6
CONTINUOUS
10
5.9577019685039367
20
-3.7971469685039367
11
5.9571624803149605
21
-3.7982259842519683
0
LINE
8
BLACK
6
CONTINUOUS
10
5.9571624803149605
20
-3.7982259842519683
11
5.9571624803149605
21
-3.8014177952755905
0
LINE
8
BLACK
6
CONTINUOUS
10
5.9571624803149605
20
-3.8014177952755905
11
5.9577019685039367
21
-3.8024967716535434
0
LINE
8
BLACK
6
CONTINUOUS
10
5.9577019685039367
20
-3.8024967716535434
11
5.9581808661417321
21
-3.8029756692913383
0
LINE
8
BLACK
6
CONTINUOUS
10
5.9581808661417321
20
-3.8029756692913383
11
5.9592598425196845
21
-3.803515157480315
0
LINE
8
BLACK
6
CONTINUOUS
10
5.9592598425196845
20
-3.803515157480315
11
5.9602890944881892
21
-3.803515157480315
0
LINE
8
BLACK
6
CONTINUOUS
10
5.9602890944881892
20
-3.803515157480315
11
5.9620925590551179
21
-3.8029140157480312
0
LINE
8
BLACK
6
CONTINUOUS
10
5.9620925590551179
20
-3.8029140157480312
11
5.9708942519685042
21
-3.7941123228346454
0
LINE
8
BLACK
6
CONTINUOUS
10
5.9708942519685042
20
-3.7941123228346454
11
5.9712772834645671
21
-3.7938563779527557
0
LINE
8
BLACK
6
CONTINUOUS
10
5.9712772834645671
20
-3.7938563779527557
11
5.9712774015748034
21
-3.7938562992125981
0
LINE
8
BLACK
6
CONTINUOUS
10
5.9712774015748034
20
-3.7938562992125981
11
5.9712774409448821
21
-3.7938562992125981
0
LINE
8
BLACK
6
CONTINUOUS
10
5.9712774409448821
20
-3.7938562992125981
11
5.9721813779527562
21
-3.7938562598425194
0
LINE
8
BLACK
6
CONTINUOUS
10
5.9721813779527562
20
-3.7938562598425194
11
5.9721814173228349
21
-3.7938562992125981
0
LINE
8
BLACK
6
CONTINUOUS
10
5.9651222440944878
20
-3.7787964960629918
11
5.9652667322834647
21
-3.7788035433070863
0
LINE
8
BLACK
6
CONTINUOUS
10
5.9652667322834647
20
-3.7788035433070863
11
5.9682663385826773
21
-3.7795534645669289
0
LINE
8
BLACK
6
CONTINUOUS
10
5.9682663385826773
20
-3.7795534645669289
11
5.9683832677165354
21
-3.7796087007874015
0
LINE
8
BLACK
6
CONTINUOUS
10
5.9683832677165354
20
-3.7796087007874015
11
5.9685080708661413
21
-3.7796428740157482
0
LINE
8
BLACK
6
CONTINUOUS
10
5.9685080708661413
20
-3.7796428740157482
11
5.9700078740157476
21
-3.7803927559055119
0
LINE
8
BLACK
6
CONTINUOUS
10
5.9700078740157476
20
-3.7803927559055119
11
5.9701573622047244
21
-3.7805087795275591
0
LINE
8
BLACK
6
CONTINUOUS
10
5.9701573622047244
20
-3.7805087795275591
11
5.9703148425196853
21
-3.7806140157480312
0
LINE
8
BLACK
6
CONTINUOUS
10
5.9703148425196853
20
-3.7806140157480312
11
5.9718146850393703
21
-3.7821137795275588
0
LINE
8
BLACK
6
CONTINUOUS
10
5.9718146850393703
20
-3.7821137795275588
11
5.9718475590551181
21
-3.7821629921259841
0
LINE
8
BLACK
6
CONTINUOUS
10
5.9718475590551181
20
-3.7821629921259841
11
5.971871771653543
21
-3.7821751181102363
0
LINE
8
BLACK
6
CONTINUOUS
10
5.971871771653543
20
-3.7821751181102363
11
5.9719655511811025
21
-3.7823396062992125
0
LINE
8
BLACK
6
CONTINUOUS
10
5.9719655511811025
20
-3.7823396062992125
11
5.9720707086614171
21
-3.7824970078740159
0
LINE
8
BLACK
6
CONTINUOUS
10
5.9720707086614171
20
-3.7824970078740159
11
5.9720707086614171
21
-3.7825240157480313
0
LINE
8
BLACK
6
CONTINUOUS
10
5.9720707086614171
20
-3.7825240157480313
11
5.9721000393700789
21
-3.7825754724409446
0
LINE
8
BLACK
6
CONTINUOUS
10
5.9721000393700789
20
-3.7825754724409446
11
5.9728499212598427
21
-3.7848252362204722
0
LINE
8
BLACK
6
CONTINUOUS
10
5.9728499212598427
20
-3.7848252362204722
11
5.9728735433070863
21
-3.7850130314960628
0
LINE
8
BLACK
6
CONTINUOUS
10
5.9728735433070863
20
-3.7850130314960628
11
5.9729105118110235
21
-3.7851987007874013
0
LINE
8
BLACK
6
CONTINUOUS
10
5.9729105118110235
20
-3.7851987007874013
11
5.9729105118110235
21
-3.7866985433070863
0
LINE
8
BLACK
6
CONTINUOUS
10
5.9729105118110235
20
-3.7866985433070863
11
5.9728735826771651
21
-3.7868841338582677
0
LINE
8
BLACK
6
CONTINUOUS
10
5.9728735826771651
20
-3.7868841338582677
11
5.9728499212598427
21
-3.7870720472440942
0
LINE
8
BLACK
6
CONTINUOUS
10
5.9728499212598427
20
-3.7870720472440942
11
5.9721000393700789
21
-3.7893217322834647
0
LINE
8
BLACK
6
CONTINUOUS
10
5.9721000393700789
20
-3.7893217322834647
11
5.9720707480314958
21
-3.7893730708661417
0
LINE
8
BLACK
6
CONTINUOUS
10
5.9720707480314958
20
-3.7893730708661417
11
5.9720707480314958
21
-3.7894001968503934
0
LINE
8
BLACK
6
CONTINUOUS
10
5.9720707480314958
20
-3.7894001968503934
11
5.971965472440945
21
-3.7895576771653543
0
LINE
8
BLACK
6
CONTINUOUS
10
5.971965472440945
20
-3.7895576771653543
11
5.971871771653543
21
-3.789722086614173
0
LINE
8
BLACK
6
CONTINUOUS
10
5.971871771653543
20
-3.789722086614173
11
5.9718475196850394
21
-3.7897341732283465
0
LINE
8
BLACK
6
CONTINUOUS
10
5.9718475196850394
20
-3.7897341732283465
11
5.9718146850393703
21
-3.7897833858267718
0
LINE
8
BLACK
6
CONTINUOUS
10
5.9718146850393703
20
-3.7897833858267718
11
5.9710647637795278
21
-3.7905333070866143
0
LINE
8
BLACK
6
CONTINUOUS
10
5.9710647637795278
20
-3.7905333070866143
11
5.9706815748031499
21
-3.7907893307086615
0
LINE
8
BLACK
6
CONTINUOUS
10
5.9706815748031499
20
-3.7907893307086615
11
5.9697776377952758
21
-3.7907893307086615
0
LINE
8
BLACK
6
CONTINUOUS
10
5.9697776377952758
20
-3.7907893307086615
11
5.9691384251968502
21
-3.7901501181102359
0
LINE
8
BLACK
6
CONTINUOUS
10
5.9691384251968502
20
-3.7901501181102359
11
5.9691384251968502
21
-3.7892461811023623
0
LINE
8
BLACK
6
CONTINUOUS
10
5.9691384251968502
20
-3.7892461811023623
11
5.9693944488188979
21
-3.788862992125984
0
LINE
8
BLACK
6
CONTINUOUS
10
5.9693944488188979
20
-3.788862992125984
11
5.9699471259842518
21
-3.7883102755905509
0
LINE
8
BLACK
6
CONTINUOUS
10
5.9699471259842518
20
-3.7883102755905509
11
5.9705483070866139
21
-3.7865068110236217
0
LINE
8
BLACK
6
CONTINUOUS
10
5.9705483070866139
20
-3.7865068110236217
11
5.9705483070866139
21
-3.7853903937007871
0
LINE
8
BLACK
6
CONTINUOUS
10
5.9705483070866139
20
-3.7853903937007871
11
5.9699471259842518
21
-3.783586929133858
0
LINE
8
BLACK
6
CONTINUOUS
10
5.9699471259842518
20
-3.783586929133858
11
5.9687800787401573
21
-3.7824198818897639
0
LINE
8
BLACK
6
CONTINUOUS
10
5.9687800787401573
20
-3.7824198818897639
11
5.9675675984251964
21
-3.781813622047244
0
LINE
8
BLACK
6
CONTINUOUS
10
5.9675675984251964
20
-3.781813622047244
11
5.9648349212598424
21
-3.7811304724409447
0
LINE
8
BLACK
6
CONTINUOUS
10
5.9648349212598424
20
-3.7811304724409447
11
5.9628759055118108
21
-3.7811304724409447
0
LINE
8
BLACK
6
CONTINUOUS
10
5.9628759055118108
20
-3.7811304724409447
11
5.9601431496062993
21
-3.7818136614173228
0
LINE
8
BLACK
6
CONTINUOUS
10
5.9601431496062993
20
-3.7818136614173228
11
5.9589307480314959
21
-3.7824198425196851
0
LINE
8
BLACK
6
CONTINUOUS
10
5.9589307480314959
20
-3.7824198425196851
11
5.9577635826771651
21
-3.7835869685039367
0
LINE
8
BLACK
6
CONTINUOUS
10
5.9577635826771651
20
-3.7835869685039367
11
5.9571624803149605
21
-3.7853903149606301
0
LINE
8
BLACK
6
CONTINUOUS
10
5.9571624803149605
20
-3.7853903149606301
11
5.9571624803149605
21
-3.7865068897637792
0
LINE
8
BLACK
6
CONTINUOUS
10
5.9571624803149605
20
-3.7865068897637792
11
5.9577635826771651
21
-3.7883101574803151
0
LINE
8
BLACK
6
CONTINUOUS
10
5.9577635826771651
20
-3.7883101574803151
11
5.9583163779527561
21
-3.788862992125984
0
LINE
8
BLACK
6
CONTINUOUS
10
5.9583163779527561
20
-3.788862992125984
11
5.9585724015748029
21
-3.7892462204724406
0
LINE
8
BLACK
6
CONTINUOUS
10
5.9585724015748029
20
-3.7892462204724406
11
5.9585723622047242
21
-3.7901501181102359
0
LINE
8
BLACK
6
CONTINUOUS
10
5.9585723622047242
20
-3.7901501181102359
11
5.9579331102362207
21
-3.7907893700787403
0
LINE
8
BLACK
6
CONTINUOUS
10
5.9579331102362207
20
-3.7907893700787403
11
5.9570291732283467
21
-3.7907893307086615
0
LINE
8
BLACK
6
CONTINUOUS
10
5.9570291732283467
20
-3.7907893307086615
11
5.9566459842519688
21
-3.7905332677165355
0
LINE
8
BLACK
6
CONTINUOUS
10
5.9566459842519688
20
-3.7905332677165355
11
5.955896102362205
21
-3.7897833858267718
0
LINE
8
BLACK
6
CONTINUOUS
10
5.955896102362205
20
-3.7897833858267718
11
5.9558631889763776
21
-3.7897341338582677
0
LINE
8
BLACK
6
CONTINUOUS
10
5.9558631889763776
20
-3.7897341338582677
11
5.9558390551181102
21
-3.789722086614173
0
LINE
8
BLACK
6
CONTINUOUS
10
5.9558390551181102
20
-3.789722086614173
11
5.9557454330708657
21
-3.7895578346456693
0
LINE
8
BLACK
6
CONTINUOUS
10
5.9557454330708657
20
-3.7895578346456693
11
5.9556400787401573
21
-3.7894001574803147
0
LINE
8
BLACK
6
CONTINUOUS
10
5.9556400787401573
20
-3.7894001574803147
11
5.9556400787401573
21
-3.789373031496063
0
LINE
8
BLACK
6
CONTINUOUS
10
5.9556400787401573
20
-3.789373031496063
11
5.955610826771653
21
-3.7893217322834647
0
LINE
8
BLACK
6
CONTINUOUS
10
5.955610826771653
20
-3.7893217322834647
11
5.9548609055118105
21
-3.7870720472440942
0
LINE
8
BLACK
6
CONTINUOUS
10
5.9548609055118105
20
-3.7870720472440942
11
5.9548372440944881
21
-3.786884409448819
0
LINE
8
BLACK
6
CONTINUOUS
10
5.9548372440944881
20
-3.786884409448819
11
5.9548002755905509
21
-3.7866985433070863
0
LINE
8
BLACK
6
CONTINUOUS
10
5.9548002755905509
20
-3.7866985433070863
11
5.9548002755905509
21
-3.7851987007874013
0
LINE
8
BLACK
6
CONTINUOUS
10
5.9548002755905509
20
-3.7851987007874013
11
5.9548372440944881
21
-3.7850127952755903
0
LINE
8
BLACK
6
CONTINUOUS
10
5.9548372440944881
20
-3.7850127952755903
11
5.9548609055118105
21
-3.7848251968503934
0
LINE
8
BLACK
6
CONTINUOUS
10
5.9548609055118105
20
-3.7848251968503934
11
5.955610826771653
21
-3.7825754724409446
0
LINE
8
BLACK
6
CONTINUOUS
10
5.955610826771653
20
-3.7825754724409446
11
5.9556401181102361
21
-3.7825240551181101
0
LINE
8
BLACK
6
CONTINUOUS
10
5.9556401181102361
20
-3.7825240551181101
11
5.9556401181102361
21
-3.7824970078740159
0
LINE
8
BLACK
6
CONTINUOUS
10
5.9556401181102361
20
-3.7824970078740159
11
5.9557452755905507
21
-3.7823395669291338
0
LINE
8
BLACK
6
CONTINUOUS
10
5.9557452755905507
20
-3.7823395669291338
11
5.9558390551181102
21
-3.7821751181102363
0
LINE
8
BLACK
6
CONTINUOUS
10
5.9558390551181102
20
-3.7821751181102363
11
5.9558632677165351
21
-3.7821629921259841
0
LINE
8
BLACK
6
CONTINUOUS
10
5.9558632677165351
20
-3.7821629921259841
11
5.9558961417322838
21
-3.7821138188976375
0
LINE
8
BLACK
6
CONTINUOUS
10
5.9558961417322838
20
-3.7821138188976375
11
5.9573959055118113
21
-3.7806140157480312
0
LINE
8
BLACK
6
CONTINUOUS
10
5.9573959055118113
20
-3.7806140157480312
11
5.957553267716535
21
-3.7805088582677167
0
LINE
8
BLACK
6
CONTINUOUS
10
5.957553267716535
20
-3.7805088582677167
11
5.9577029133858268
21
-3.7803927559055119
0
LINE
8
BLACK
6
CONTINUOUS
10
5.9577029133858268
20
-3.7803927559055119
11
5.9592027165354331
21
-3.7796428740157482
0
LINE
8
BLACK
6
CONTINUOUS
10
5.9592027165354331
20
-3.7796428740157482
11
5.9593274803149603
21
-3.7796087007874015
0
LINE
8
BLACK
6
CONTINUOUS
10
5.9593274803149603
20
-3.7796087007874015
11
5.9594444488188971
21
-3.7795534645669289
0
LINE
8
BLACK
6
CONTINUOUS
10
5.9594444488188971
20
-3.7795534645669289
11
5.9624440944881885
21
-3.7788035433070863
0
LINE
8
BLACK
6
CONTINUOUS
10
5.9624440944881885
20
-3.7788035433070863
11
5.9625885433070867
21
-3.7787964960629918
0
LINE
8
BLACK
6
CONTINUOUS
10
5.9625885433070867
20
-3.7787964960629918
11
5.9627305511811022
21
-3.7787682677165355
0
LINE
8
BLACK
6
CONTINUOUS
10
5.9627305511811022
20
-3.7787682677165355
11
5.964980275590551
21
-3.7787682677165355
0
LINE
8
BLACK
6
CONTINUOUS
10
5.964980275590551
20
-3.7787682677165355
11
5.9651222440944878
21
-3.7787964960629918
0
LINE
8
BLACK
6
CONTINUOUS
10
5.9810682677165357
20
-3.7590081102362203
11
5.9821336220472441
21
-3.7600734645669291
0
LINE
8
BLACK
6
CONTINUOUS
10
5.9821336220472441
20
-3.7600734645669291
11
5.9822834645669287
21
-3.7608267716535431
0
LINE
8
BLACK
6
CONTINUOUS
10
5.9822834645669287
20
-3.7608267716535431
11
5.9822834645669287
21
-3.8238188976377954
0
LINE
8
BLACK
6
CONTINUOUS
10
5.9822834645669287
20
-3.8238188976377954
11
5.9821336220472441
21
-3.8245722047244093
0
LINE
8
BLACK
6
CONTINUOUS
10
5.9821336220472441
20
-3.8245722047244093
11
5.9810682677165357
21
-3.8256375590551182
0
LINE
8
BLACK
6
CONTINUOUS
10
5.9810682677165357
20
-3.8256375590551182
11
5.9803149606299213
21
-3.8257874015748032
0
LINE
8
BLACK
6
CONTINUOUS
10
5.9803149606299213
20
-3.8257874015748032
11
5.9488188976377954
21
-3.8257874015748032
0
LINE
8
BLACK
6
CONTINUOUS
10
5.9488188976377954
20
-3.8257874015748032
11
5.948065590551181
21
-3.8256375590551182
0
LINE
8
BLACK
6
CONTINUOUS
10
5.948065590551181
20
-3.8256375590551182
11
5.9470002362204726
21
-3.8245722047244093
0
LINE
8
BLACK
6
CONTINUOUS
10
5.9470002362204726
20
-3.8245722047244093
11
5.9468503937007871
21
-3.8238188976377954
0
LINE
8
BLACK
6
CONTINUOUS
10
5.9468503937007871
20
-3.8238188976377954
11
5.9468503937007871
21
-3.7608267716535431
0
LINE
8
BLACK
6
CONTINUOUS
10
5.9468503937007871
20
-3.7608267716535431
11
5.9470002362204726
21
-3.7600734645669291
0
LINE
8
BLACK
6
CONTINUOUS
10
5.9470002362204726
20
-3.7600734645669291
11
5.948065590551181
21
-3.7590081102362203
0
LINE
8
BLACK
6
CONTINUOUS
10
5.948065590551181
20
-3.7590081102362203
11
5.9488188976377954
21
-3.7588582677165352
0
LINE
8
BLACK
6
CONTINUOUS
10
5.9488188976377954
20
-3.7588582677165352
11
5.9803149606299213
21
-3.7588582677165352
0
LINE
8
BLACK
6
CONTINUOUS
10
5.9803149606299213
20
-3.7588582677165352
11
5.9810682677165357
21
-3.7590081102362203
0
LINE
8
BLACK
6
CONTINUOUS
10
5.9507874015748028
20
-3.7627952755905509
11
5.9507874015748028
21
-3.8218503937007875
0
LINE
8
BLACK
6
CONTINUOUS
10
5.9507874015748028
20
-3.8218503937007875
11
5.978346456692913
21
-3.8218503937007875
0
LINE
8
BLACK
6
CONTINUOUS
10
5.978346456692913
20
-3.8218503937007875
11
5.978346456692913
21
-3.7627952755905509
0
LINE
8
BLACK
6
CONTINUOUS
10
5.978346456692913
20
-3.7627952755905509
11
5.9507874015748028
21
-3.7627952755905509
0
LINE
8
BLACK
6
CONTINUOUS
10
6.0376038188976375
20
-3.7946062204724407
11
6.0377982283464569
21
-3.7946062204724407
0
LINE
8
BLACK
6
CONTINUOUS
10
6.0377982283464569
20
-3.7946062204724407
11
6.0379926377952753
21
-3.7948006299212595
0
LINE
8
BLACK
6
CONTINUOUS
10
6.0379926377952753
20
-3.7948006299212595
11
6.0382384645669287
21
-3.7949235433070867
0
LINE
8
BLACK
6
CONTINUOUS
10
6.0382384645669287
20
-3.7949235433070867
11
6.0382999212598421
21
-3.7951079133858268
0
LINE
8
BLACK
6
CONTINUOUS
10
6.0382999212598421
20
-3.7951079133858268
11
6.0384374015748028
21
-3.7952453937007875
0
LINE
8
BLACK
6
CONTINUOUS
10
6.0384374015748028
20
-3.7952453937007875
11
6.0385273228346454
21
-3.7956974015748028
0
LINE
8
BLACK
6
CONTINUOUS
10
6.0385273228346454
20
-3.7956974015748028
11
6.0385273228346454
21
-3.8020153543307087
0
LINE
8
BLACK
6
CONTINUOUS
10
6.0385273228346454
20
-3.8020153543307087
11
6.042595551181102
21
-3.8020153543307087
0
LINE
8
BLACK
6
CONTINUOUS
10
6.042595551181102
20
-3.8020153543307087
11
6.0430475590551183
21
-3.8021052755905509
0
LINE
8
BLACK
6
CONTINUOUS
10
6.0430475590551183
20
-3.8021052755905509
11
6.0436867322834642
21
-3.8027444488188977
0
LINE
8
BLACK
6
CONTINUOUS
10
6.0436867322834642
20
-3.8027444488188977
11
6.0436867322834642
21
-3.8036484645669288
0
LINE
8
BLACK
6
CONTINUOUS
10
6.0436867322834642
20
-3.8036484645669288
11
6.0430475590551183
21
-3.8042876377952757
0
LINE
8
BLACK
6
CONTINUOUS
10
6.0430475590551183
20
-3.8042876377952757
11
6.042595551181102
21
-3.8043775590551179
0
LINE
8
BLACK
6
CONTINUOUS
10
6.042595551181102
20
-3.8043775590551179
11
6.0385273228346454
21
-3.8043775590551179
0
LINE
8
BLACK
6
CONTINUOUS
10
6.0385273228346454
20
-3.8043775590551179
11
6.0385273228346454
21
-3.8054461811023623
0
LINE
8
BLACK
6
CONTINUOUS
10
6.0385273228346454
20
-3.8054461811023623
11
6.0384374015748028
21
-3.8058981889763777
0
LINE
8
BLACK
6
CONTINUOUS
10
6.0384374015748028
20
-3.8058981889763777
11
6.0377982283464569
21
-3.8065373622047245
0
LINE
8
BLACK
6
CONTINUOUS
10
6.0377982283464569
20
-3.8065373622047245
11
6.0368942125984253
21
-3.8065373622047245
0
LINE
8
BLACK
6
CONTINUOUS
10
6.0368942125984253
20
-3.8065373622047245
11
6.0362550393700785
21
-3.8058981889763777
0
LINE
8
BLACK
6
CONTINUOUS
10
6.0362550393700785
20
-3.8058981889763777
11
6.0361651181102358
21
-3.8054461811023623
0
LINE
8
BLACK
6
CONTINUOUS
10
6.0361651181102358
20
-3.8054461811023623
11
6.0361651181102358
21
-3.8043775590551179
0
LINE
8
BLACK
6
CONTINUOUS
10
6.0361651181102358
20
-3.8043775590551179
11
6.0320968503937005
21
-3.8043775590551179
0
LINE
8
BLACK
6
CONTINUOUS
10
6.0320968503937005
20
-3.8043775590551179
11
6.0316448425196851
21
-3.8042876377952757
0
LINE
8
BLACK
6
CONTINUOUS
10
6.0316448425196851
20
-3.8042876377952757
11
6.0310056692913383
21
-3.8036484645669288
0
LINE
8
BLACK
6
CONTINUOUS
10
6.0310056692913383
20
-3.8036484645669288
11
6.0310056692913383
21
-3.8027444488188977
0
LINE
8
BLACK
6
CONTINUOUS
10
6.0310056692913383
20
-3.8027444488188977
11
6.0316448425196851
21
-3.8021052755905509
0
LINE
8
BLACK
6
CONTINUOUS
10
6.0316448425196851
20
-3.8021052755905509
11
6.0320968503937005
21
-3.8020153543307087
0
LINE
8
BLACK
6
CONTINUOUS
10
6.0320968503937005
20
-3.8020153543307087
11
6.0361651181102358
21
-3.8020153543307087
0
LINE
8
BLACK
6
CONTINUOUS
10
6.0361651181102358
20
-3.8020153543307087
11
6.0361651181102358
21
-3.7973360629921258
0
LINE
8
BLACK
6
CONTINUOUS
10
6.0361651181102358
20
-3.7973360629921258
11
6.0264711417322836
21
-3.8005674015748032
0
LINE
8
BLACK
6
CONTINUOUS
10
6.0264711417322836
20
-3.8005674015748032
11
6.026013897637795
21
-3.8006250393700785
0
LINE
8
BLACK
6
CONTINUOUS
10
6.026013897637795
20
-3.8006250393700785
11
6.0252053937007872
21
-3.8002207874015745
0
LINE
8
BLACK
6
CONTINUOUS
10
6.0252053937007872
20
-3.8002207874015745
11
6.0249195275590548
21
-3.7993631889763777
0
LINE
8
BLACK
6
CONTINUOUS
10
6.0249195275590548
20
-3.7993631889763777
11
6.0253237795275592
21
-3.7985546850393699
0
LINE
8
BLACK
6
CONTINUOUS
10
6.0253237795275592
20
-3.7985546850393699
11
6.0257241338582679
21
-3.7983264566929131
0
LINE
8
BLACK
6
CONTINUOUS
10
6.0257241338582679
20
-3.7983264566929131
11
6.0369727165354332
21
-3.794576929133858
0
LINE
8
BLACK
6
CONTINUOUS
10
6.0369727165354332
20
-3.794576929133858
11
6.0374299606299209
21
-3.7945192913385828
0
LINE
8
BLACK
6
CONTINUOUS
10
6.0374299606299209
20
-3.7945192913385828
11
6.0376038188976375
21
-3.7946062204724407
0
LINE
8
BLACK
6
CONTINUOUS
10
6.0359883858267711
20
-3.7787964960629918
11
6.0361328740157481
21
-3.7788035433070863
0
LINE
8
BLACK
6
CONTINUOUS
10
6.0361328740157481
20
-3.7788035433070863
11
6.0391324803149606
21
-3.7795534645669289
0
LINE
8
BLACK
6
CONTINUOUS
10
6.0391324803149606
20
-3.7795534645669289
11
6.0392494094488187
21
-3.7796087007874015
0
LINE
8
BLACK
6
CONTINUOUS
10
6.0392494094488187
20
-3.7796087007874015
11
6.0393742125984247
21
-3.7796428740157482
0
LINE
8
BLACK
6
CONTINUOUS
10
6.0393742125984247
20
-3.7796428740157482
11
6.040874015748031
21
-3.7803927559055119
0
LINE
8
BLACK
6
CONTINUOUS
10
6.040874015748031
20
-3.7803927559055119
11
6.0410235039370077
21
-3.7805087795275591
0
LINE
8
BLACK
6
CONTINUOUS
10
6.0410235039370077
20
-3.7805087795275591
11
6.0411809842519686
21
-3.7806140157480312
0
LINE
8
BLACK
6
CONTINUOUS
10
6.0411809842519686
20
-3.7806140157480312
11
6.0426808267716536
21
-3.7821137795275588
0
LINE
8
BLACK
6
CONTINUOUS
10
6.0426808267716536
20
-3.7821137795275588
11
6.0427137007874014
21
-3.7821629921259841
0
LINE
8
BLACK
6
CONTINUOUS
10
6.0427137007874014
20
-3.7821629921259841
11
6.0427379133858263
21
-3.7821751181102363
0
LINE
8
BLACK
6
CONTINUOUS
10
6.0427379133858263
20
-3.7821751181102363
11
6.0428316929133858
21
-3.7823396062992125
0
LINE
8
BLACK
6
CONTINUOUS
10
6.0428316929133858
20
-3.7823396062992125
11
6.0429368503937004
21
-3.7824970078740159
0
LINE
8
BLACK
6
CONTINUOUS
10
6.0429368503937004
20
-3.7824970078740159
11
6.0429368503937004
21
-3.7825240157480313
0
LINE
8
BLACK
6
CONTINUOUS
10
6.0429368503937004
20
-3.7825240157480313
11
6.0429661811023623
21
-3.7825754724409446
0
LINE
8
BLACK
6
CONTINUOUS
10
6.0429661811023623
20
-3.7825754724409446
11
6.043716062992126
21
-3.7848252362204722
0
LINE
8
BLACK
6
CONTINUOUS
10
6.043716062992126
20
-3.7848252362204722
11
6.0437396850393696
21
-3.7850130314960628
0
LINE
8
BLACK
6
CONTINUOUS
10
6.0437396850393696
20
-3.7850130314960628
11
6.0437766535433068
21
-3.7851987007874013
0
LINE
8
BLACK
6
CONTINUOUS
10
6.0437766535433068
20
-3.7851987007874013
11
6.0437766535433068
21
-3.7866985433070863
0
LINE
8
BLACK
6
CONTINUOUS
10
6.0437766535433068
20
-3.7866985433070863
11
6.0437397244094484
21
-3.7868841338582677
0
LINE
8
BLACK
6
CONTINUOUS
10
6.0437397244094484
20
-3.7868841338582677
11
6.043716062992126
21
-3.7870720472440942
0
LINE
8
BLACK
6
CONTINUOUS
10
6.043716062992126
20
-3.7870720472440942
11
6.0429661811023623
21
-3.7893217322834647
0
LINE
8
BLACK
6
CONTINUOUS
10
6.0429661811023623
20
-3.7893217322834647
11
6.0429368897637792
21
-3.7893730708661417
0
LINE
8
BLACK
6
CONTINUOUS
10
6.0429368897637792
20
-3.7893730708661417
11
6.0429368897637792
21
-3.7894001968503934
0
LINE
8
BLACK
6
CONTINUOUS
10
6.0429368897637792
20
-3.7894001968503934
11
6.0428316141732283
21
-3.7895576771653543
0
LINE
8
BLACK
6
CONTINUOUS
10
6.0428316141732283
20
-3.7895576771653543
11
6.0427379133858263
21
-3.789722086614173
0
LINE
8
BLACK
6
CONTINUOUS
10
6.0427379133858263
20
-3.789722086614173
11
6.0427136614173227
21
-3.7897341732283465
0
LINE
8
BLACK
6
CONTINUOUS
10
6.0427136614173227
20
-3.7897341732283465
11
6.0426808267716536
21
-3.7897833858267718
0
LINE
8
BLACK
6
CONTINUOUS
10
6.0426808267716536
20
-3.7897833858267718
11
6.0419309055118111
21
-3.7905333070866143
0
LINE
8
BLACK
6
CONTINUOUS
10
6.0419309055118111
20
-3.7905333070866143
11
6.0415477165354332
21
-3.7907893307086615
0
LINE
8
BLACK
6
CONTINUOUS
10
6.0415477165354332
20
-3.7907893307086615
11
6.0406437795275592
21
-3.7907893307086615
0
LINE
8
BLACK
6
CONTINUOUS
10
6.0406437795275592
20
-3.7907893307086615
11
6.0400045669291336
21
-3.7901501181102359
0
LINE
8
BLACK
6
CONTINUOUS
10
6.0400045669291336
20
-3.7901501181102359
11
6.0400045669291336
21
-3.7892461811023623
0
LINE
8
BLACK
6
CONTINUOUS
10
6.0400045669291336
20
-3.7892461811023623
11
6.0402605905511813
21
-3.788862992125984
0
LINE
8
BLACK
6
CONTINUOUS
10
6.0402605905511813
20
-3.788862992125984
11
6.0408132677165352
21
-3.7883102755905509
0
LINE
8
BLACK
6
CONTINUOUS
10
6.0408132677165352
20
-3.7883102755905509
11
6.0414144488188972
21
-3.7865068110236217
0
LINE
8
BLACK
6
CONTINUOUS
10
6.0414144488188972
20
-3.7865068110236217
11
6.0414144488188972
21
-3.7853903937007871
0
LINE
8
BLACK
6
CONTINUOUS
10
6.0414144488188972
20
-3.7853903937007871
11
6.0408132677165352
21
-3.783586929133858
0
LINE
8
BLACK
6
CONTINUOUS
10
6.0408132677165352
20
-3.783586929133858
11
6.0396462204724406
21
-3.7824198818897639
0
LINE
8
BLACK
6
CONTINUOUS
10
6.0396462204724406
20
-3.7824198818897639
11
6.0384337401574806
21
-3.781813622047244
0
LINE
8
BLACK
6
CONTINUOUS
10
6.0384337401574806
20
-3.781813622047244
11
6.0357010629921257
21
-3.7811304724409447
0
LINE
8
BLACK
6
CONTINUOUS
10
6.0357010629921257
20
-3.7811304724409447
11
6.0337420472440941
21
-3.7811304724409447
0
LINE
8
BLACK
6
CONTINUOUS
10
6.0337420472440941
20
-3.7811304724409447
11
6.0310092913385827
21
-3.7818136614173228
0
LINE
8
BLACK
6
CONTINUOUS
10
6.0310092913385827
20
-3.7818136614173228
11
6.0297968897637793
21
-3.7824198425196851
0
LINE
8
BLACK
6
CONTINUOUS
10
6.0297968897637793
20
-3.7824198425196851
11
6.0286297244094484
21
-3.7835869685039367
0
LINE
8
BLACK
6
CONTINUOUS
10
6.0286297244094484
20
-3.7835869685039367
11
6.0280286220472439
21
-3.7853903149606301
0
LINE
8
BLACK
6
CONTINUOUS
10
6.0280286220472439
20
-3.7853903149606301
11
6.0280286220472439
21
-3.7865068897637792
0
LINE
8
BLACK
6
CONTINUOUS
10
6.0280286220472439
20
-3.7865068897637792
11
6.0286297244094484
21
-3.7883101574803151
0
LINE
8
BLACK
6
CONTINUOUS
10
6.0286297244094484
20
-3.7883101574803151
11
6.0291825196850395
21
-3.788862992125984
0
LINE
8
BLACK
6
CONTINUOUS
10
6.0291825196850395
20
-3.788862992125984
11
6.0294385433070863
21
-3.7892462204724406
0
LINE
8
BLACK
6
CONTINUOUS
10
6.0294385433070863
20
-3.7892462204724406
11
6.0294385039370075
21
-3.7901501181102359
0
LINE
8
BLACK
6
CONTINUOUS
10
6.0294385039370075
20
-3.7901501181102359
11
6.0287992519685041
21
-3.7907893700787403
0
LINE
8
BLACK
6
CONTINUOUS
10
6.0287992519685041
20
-3.7907893700787403
11
6.02789531496063
21
-3.7907893307086615
0
LINE
8
BLACK
6
CONTINUOUS
10
6.02789531496063
20
-3.7907893307086615
11
6.0275121259842521
21
-3.7905332677165355
0
LINE
8
BLACK
6
CONTINUOUS
10
6.0275121259842521
20
-3.7905332677165355
11
6.0267622440944884
21
-3.7897833858267718
0
LINE
8
BLACK
6
CONTINUOUS
10
6.0267622440944884
20
-3.7897833858267718
11
6.0267293307086609
21
-3.7897341338582677
0
LINE
8
BLACK
6
CONTINUOUS
10
6.0267293307086609
20
-3.7897341338582677
11
6.0267051968503935
21
-3.789722086614173
0
LINE
8
BLACK
6
CONTINUOUS
10
6.0267051968503935
20
-3.789722086614173
11
6.0266115748031499
21
-3.7895578346456693
0
LINE
8
BLACK
6
CONTINUOUS
10
6.0266115748031499
20
-3.7895578346456693
11
6.0265062204724407
21
-3.7894001574803147
0
LINE
8
BLACK
6
CONTINUOUS
10
6.0265062204724407
20
-3.7894001574803147
11
6.0265062204724407
21
-3.789373031496063
0
LINE
8
BLACK
6
CONTINUOUS
10
6.0265062204724407
20
-3.789373031496063
11
6.0264769685039372
21
-3.7893217322834647
0
LINE
8
BLACK
6
CONTINUOUS
10
6.0264769685039372
20
-3.7893217322834647
11
6.0257270472440947
21
-3.7870720472440942
0
LINE
8
BLACK
6
CONTINUOUS
10
6.0257270472440947
20
-3.7870720472440942
11
6.0257033858267715
21
-3.786884409448819
0
LINE
8
BLACK
6
CONTINUOUS
10
6.0257033858267715
20
-3.786884409448819
11
6.0256664173228343
21
-3.7866985433070863
0
LINE
8
BLACK
6
CONTINUOUS
10
6.0256664173228343
20
-3.7866985433070863
11
6.0256664173228343
21
-3.7851987007874013
0
LINE
8
BLACK
6
CONTINUOUS
10
6.0256664173228343
20
-3.7851987007874013
11
6.0257033858267715
21
-3.7850127952755903
0
LINE
8
BLACK
6
CONTINUOUS
10
6.0257033858267715
20
-3.7850127952755903
11
6.0257270472440947
21
-3.7848251968503934
0
LINE
8
BLACK
6
CONTINUOUS
10
6.0257270472440947
20
-3.7848251968503934
11
6.0264769685039372
21
-3.7825754724409446
0
LINE
8
BLACK
6
CONTINUOUS
10
6.0264769685039372
20
-3.7825754724409446
11
6.0265062598425194
21
-3.7825240551181101
0
LINE
8
BLACK
6
CONTINUOUS
10
6.0265062598425194
20
-3.7825240551181101
11
6.0265062598425194
21
-3.7824970078740159
0
LINE
8
BLACK
6
CONTINUOUS
10
6.0265062598425194
20
-3.7824970078740159
11
6.0266114173228349
21
-3.7823395669291338
0
LINE
8
BLACK
6
CONTINUOUS
10
6.0266114173228349
20
-3.7823395669291338
11
6.0267051968503935
21
-3.7821751181102363
0
LINE
8
BLACK
6
CONTINUOUS
10
6.0267051968503935
20
-3.7821751181102363
11
6.0267294094488184
21
-3.7821629921259841
0
LINE
8
BLACK
6
CONTINUOUS
10
6.0267294094488184
20
-3.7821629921259841
11
6.0267622834645671
21
-3.7821138188976375
0
LINE
8
BLACK
6
CONTINUOUS
10
6.0267622834645671
20
-3.7821138188976375
11
6.0282620472440946
21
-3.7806140157480312
0
LINE
8
BLACK
6
CONTINUOUS
10
6.0282620472440946
20
-3.7806140157480312
11
6.0284194094488184
21
-3.7805088582677167
0
LINE
8
BLACK
6
CONTINUOUS
10
6.0284194094488184
20
-3.7805088582677167
11
6.0285690551181101
21
-3.7803927559055119
0
LINE
8
BLACK
6
CONTINUOUS
10
6.0285690551181101
20
-3.7803927559055119
11
6.0300688582677164
21
-3.7796428740157482
0
LINE
8
BLACK
6
CONTINUOUS
10
6.0300688582677164
20
-3.7796428740157482
11
6.0301936220472436
21
-3.7796087007874015
0
LINE
8
BLACK
6
CONTINUOUS
10
6.0301936220472436
20
-3.7796087007874015
11
6.0303105905511813
21
-3.7795534645669289
0
LINE
8
BLACK
6
CONTINUOUS
10
6.0303105905511813
20
-3.7795534645669289
11
6.0333102362204727
21
-3.7788035433070863
0
LINE
8
BLACK
6
CONTINUOUS
10
6.0333102362204727
20
-3.7788035433070863
11
6.03345468503937
21
-3.7787964960629918
0
LINE
8
BLACK
6
CONTINUOUS
10
6.03345468503937
20
-3.7787964960629918
11
6.0335966929133855
21
-3.7787682677165355
0
LINE
8
BLACK
6
CONTINUOUS
10
6.0335966929133855
20
-3.7787682677165355
11
6.0358464173228343
21
-3.7787682677165355
0
LINE
8
BLACK
6
CONTINUOUS
10
6.0358464173228343
20
-3.7787682677165355
11
6.0359883858267711
21
-3.7787964960629918
0
LINE
8
BLACK
6
CONTINUOUS
10
6.051934409448819
20
-3.7590081102362203
11
6.0529997637795274
21
-3.7600734645669291
0
LINE
8
BLACK
6
CONTINUOUS
10
6.0529997637795274
20
-3.7600734645669291
11
6.0531496062992121
21
-3.7608267716535431
0
LINE
8
BLACK
6
CONTINUOUS
10
6.0531496062992121
20
-3.7608267716535431
11
6.0531496062992121
21
-3.8238188976377954
0
LINE
8
BLACK
6
CONTINUOUS
10
6.0531496062992121
20
-3.8238188976377954
11
6.0529997637795274
21
-3.8245722047244093
0
LINE
8
BLACK
6
CONTINUOUS
10
6.0529997637795274
20
-3.8245722047244093
11
6.051934409448819
21
-3.8256375590551182
0
LINE
8
BLACK
6
CONTINUOUS
10
6.051934409448819
20
-3.8256375590551182
11
6.0511811023622046
21
-3.8257874015748032
0
LINE
8
BLACK
6
CONTINUOUS
10
6.0511811023622046
20
-3.8257874015748032
11
6.0196850393700787
21
-3.8257874015748032
0
LINE
8
BLACK
6
CONTINUOUS
10
6.0196850393700787
20
-3.8257874015748032
11
6.0189317322834643
21
-3.8256375590551182
0
LINE
8
BLACK
6
CONTINUOUS
10
6.0189317322834643
20
-3.8256375590551182
11
6.0178663779527559
21
-3.8245722047244093
0
LINE
8
BLACK
6
CONTINUOUS
10
6.0178663779527559
20
-3.8245722047244093
11
6.0177165354330704
21
-3.8238188976377954
0
LINE
8
BLACK
6
CONTINUOUS
10
6.0177165354330704
20
-3.8238188976377954
11
6.0177165354330704
21
-3.7608267716535431
0
LINE
8
BLACK
6
CONTINUOUS
10
6.0177165354330704
20
-3.7608267716535431
11
6.0178663779527559
21
-3.7600734645669291
0
LINE
8
BLACK
6
CONTINUOUS
10
6.0178663779527559
20
-3.7600734645669291
11
6.0189317322834643
21
-3.7590081102362203
0
LINE
8
BLACK
6
CONTINUOUS
10
6.0189317322834643
20
-3.7590081102362203
11
6.0196850393700787
21
-3.7588582677165352
0
LINE
8
BLACK
6
CONTINUOUS
10
6.0196850393700787
20
-3.7588582677165352
11
6.0511811023622046
21
-3.7588582677165352
0
LINE
8
BLACK
6
CONTINUOUS
10
6.0511811023622046
20
-3.7588582677165352
11
6.051934409448819
21
-3.7590081102362203
0
LINE
8
BLACK
6
CONTINUOUS
10
6.0216535433070861
20
-3.7627952755905509
11
6.0216535433070861
21
-3.8218503937007875
0
LINE
8
BLACK
6
CONTINUOUS
10
6.0216535433070861
20
-3.8218503937007875
11
6.0492125984251963
21
-3.8218503937007875
0
LINE
8
BLACK
6
CONTINUOUS
10
6.0492125984251963
20
-3.8218503937007875
11
6.0492125984251963
21
-3.7627952755905509
0
LINE
8
BLACK
6
CONTINUOUS
10
6.0492125984251963
20
-3.7627952755905509
11
6.0216535433070861
21
-3.7627952755905509
0
LINE
8
BLACK
6
CONTINUOUS
10
5.3478956299212594
20
-3.7329372440944879
11
5.3479181102362201
21
-3.7330502362204725
0
LINE
8
BLACK
6
CONTINUOUS
10
5.3479181102362201
20
-3.7330502362204725
11
5.3479181102362201
21
-3.7785245669291339
0
LINE
8
BLACK
6
CONTINUOUS
10
5.3479181102362201
20
-3.7785245669291339
11
5.3478956299212594
21
-3.778637559055118
0
LINE
8
BLACK
6
CONTINUOUS
10
5.3478956299212594
20
-3.778637559055118
11
5.347735826771653
21
-3.7787973622047244
0
LINE
8
BLACK
6
CONTINUOUS
10
5.347735826771653
20
-3.7787973622047244
11
5.3475098425196848
21
-3.7787973622047244
0
LINE
8
BLACK
6
CONTINUOUS
10
5.3475098425196848
20
-3.7787973622047244
11
5.3473500393700784
21
-3.778637559055118
0
LINE
8
BLACK
6
CONTINUOUS
10
5.3473500393700784
20
-3.778637559055118
11
5.3473275590551177
21
-3.7785245669291339
0
LINE
8
BLACK
6
CONTINUOUS
10
5.3473275590551177
20
-3.7785245669291339
11
5.3473275590551177
21
-3.7330502362204725
0
LINE
8
BLACK
6
CONTINUOUS
10
5.3473275590551177
20
-3.7330502362204725
11
5.3473500393700784
21
-3.7329372440944879
0
LINE
8
BLACK
6
CONTINUOUS
10
5.3473500393700784
20
-3.7329372440944879
11
5.3475098425196848
21
-3.732777440944882
0
LINE
8
BLACK
6
CONTINUOUS
10
5.3475098425196848
20
-3.732777440944882
11
5.347735826771653
21
-3.732777440944882
0
LINE
8
BLACK
6
CONTINUOUS
10
5.347735826771653
20
-3.732777440944882
11
5.3478956299212594
21
-3.7329372440944879
0
LINE
8
BLACK
6
CONTINUOUS
10
5.3638318110236218
20
-3.7459157874015747
11
5.3639916141732282
21
-3.7460755905511811
0
LINE
8
BLACK
6
CONTINUOUS
10
5.3639916141732282
20
-3.7460755905511811
11
5.3640140944881889
21
-3.7461885826771653
0
LINE
8
BLACK
6
CONTINUOUS
10
5.3640140944881889
20
-3.7461885826771653
11
5.3640140944881889
21
-3.7491881889763778
0
LINE
8
BLACK
6
CONTINUOUS
10
5.3640140944881889
20
-3.7491881889763778
11
5.3640048425196847
21
-3.7492346850393701
0
LINE
8
BLACK
6
CONTINUOUS
10
5.3640048425196847
20
-3.7492346850393701
11
5.3639989370078736
21
-3.7492815354330706
0
LINE
8
BLACK
6
CONTINUOUS
10
5.3639989370078736
20
-3.7492815354330706
11
5.3633990157480316
21
-3.7510813779527559
0
LINE
8
BLACK
6
CONTINUOUS
10
5.3633990157480316
20
-3.7510813779527559
11
5.3633916929133854
21
-3.7510942125984252
0
LINE
8
BLACK
6
CONTINUOUS
10
5.3633916929133854
20
-3.7510942125984252
11
5.3633916929133854
21
-3.7511009842519685
0
LINE
8
BLACK
6
CONTINUOUS
10
5.3633916929133854
20
-3.7511009842519685
11
5.3633653937007875
21
-3.7511402755905512
0
LINE
8
BLACK
6
CONTINUOUS
10
5.3633653937007875
20
-3.7511402755905512
11
5.3633419685039367
21
-3.7511814566929131
0
LINE
8
BLACK
6
CONTINUOUS
10
5.3633419685039367
20
-3.7511814566929131
11
5.3633359055118106
21
-3.7511844488188975
0
LINE
8
BLACK
6
CONTINUOUS
10
5.3633359055118106
20
-3.7511844488188975
11
5.363327677165354
21
-3.7511968110236218
0
LINE
8
BLACK
6
CONTINUOUS
10
5.363327677165354
20
-3.7511968110236218
11
5.3621277952755904
21
-3.7523966141732283
0
LINE
8
BLACK
6
CONTINUOUS
10
5.3621277952755904
20
-3.7523966141732283
11
5.3620885039370076
21
-3.7524228346456692
0
LINE
8
BLACK
6
CONTINUOUS
10
5.3620885039370076
20
-3.7524228346456692
11
5.3620510629921263
21
-3.7524519291338581
0
LINE
8
BLACK
6
CONTINUOUS
10
5.3620510629921263
20
-3.7524519291338581
11
5.3608512204724406
21
-3.7530518503937005
0
LINE
8
BLACK
6
CONTINUOUS
10
5.3608512204724406
20
-3.7530518503937005
11
5.3608200393700782
21
-3.7530603543307084
0
LINE
8
BLACK
6
CONTINUOUS
10
5.3608200393700782
20
-3.7530603543307084
11
5.3607907874015748
21
-3.7530742125984253
0
LINE
8
BLACK
6
CONTINUOUS
10
5.3607907874015748
20
-3.7530742125984253
11
5.3583911023622042
21
-3.7536741338582678
0
LINE
8
BLACK
6
CONTINUOUS
10
5.3583911023622042
20
-3.7536741338582678
11
5.3583549606299208
21
-3.753675866141732
0
LINE
8
BLACK
6
CONTINUOUS
10
5.3583549606299208
20
-3.753675866141732
11
5.3583194881889762
21
-3.7536829527559052
0
LINE
8
BLACK
6
CONTINUOUS
10
5.3583194881889762
20
-3.7536829527559052
11
5.3565196850393697
21
-3.7536829527559052
0
LINE
8
BLACK
6
CONTINUOUS
10
5.3565196850393697
20
-3.7536829527559052
11
5.3564841732283464
21
-3.753675866141732
0
LINE
8
BLACK
6
CONTINUOUS
10
5.3564841732283464
20
-3.753675866141732
11
5.3564480708661417
21
-3.7536741338582678
0
LINE
8
BLACK
6
CONTINUOUS
10
5.3564480708661417
20
-3.7536741338582678
11
5.3540483858267711
21
-3.7530742125984253
0
LINE
8
BLACK
6
CONTINUOUS
10
5.3540483858267711
20
-3.7530742125984253
11
5.3540190944881889
21
-3.7530603543307084
0
LINE
8
BLACK
6
CONTINUOUS
10
5.3540190944881889
20
-3.7530603543307084
11
5.3539879527559053
21
-3.7530518503937005
0
LINE
8
BLACK
6
CONTINUOUS
10
5.3539879527559053
20
-3.7530518503937005
11
5.3527881102362205
21
-3.7524519291338581
0
LINE
8
BLACK
6
CONTINUOUS
10
5.3527881102362205
20
-3.7524519291338581
11
5.3527508267716533
21
-3.7524229921259842
0
LINE
8
BLACK
6
CONTINUOUS
10
5.3527508267716533
20
-3.7524229921259842
11
5.3527113779527555
21
-3.7523966535433071
0
LINE
8
BLACK
6
CONTINUOUS
10
5.3527113779527555
20
-3.7523966535433071
11
5.3515115354330707
21
-3.751196771653543
0
LINE
8
BLACK
6
CONTINUOUS
10
5.3515115354330707
20
-3.751196771653543
11
5.351503307086614
21
-3.7511844881889762
0
LINE
8
BLACK
6
CONTINUOUS
10
5.351503307086614
20
-3.7511844881889762
11
5.3514972440944879
21
-3.7511814566929131
0
LINE
8
BLACK
6
CONTINUOUS
10
5.3514972440944879
20
-3.7511814566929131
11
5.3514737007874018
21
-3.7511401574803149
0
LINE
8
BLACK
6
CONTINUOUS
10
5.3514737007874018
20
-3.7511401574803149
11
5.3514475196850393
21
-3.7511009842519685
0
LINE
8
BLACK
6
CONTINUOUS
10
5.3514475196850393
20
-3.7511009842519685
11
5.3514475196850393
21
-3.7510942125984252
0
LINE
8
BLACK
6
CONTINUOUS
10
5.3514475196850393
20
-3.7510942125984252
11
5.351440196850394
21
-3.7510813779527559
0
LINE
8
BLACK
6
CONTINUOUS
10
5.351440196850394
20
-3.7510813779527559
11
5.3508402755905511
21
-3.7492815748031494
0
LINE
8
BLACK
6
CONTINUOUS
10
5.3508402755905511
20
-3.7492815748031494
11
5.3508343307086612
21
-3.7492346456692913
0
LINE
8
BLACK
6
CONTINUOUS
10
5.3508343307086612
20
-3.7492346456692913
11
5.3508251181102358
21
-3.7491881889763778
0
LINE
8
BLACK
6
CONTINUOUS
10
5.3508251181102358
20
-3.7491881889763778
11
5.3508251181102358
21
-3.7461885826771653
0
LINE
8
BLACK
6
CONTINUOUS
10
5.3508251181102358
20
-3.7461885826771653
11
5.3508475984251964
21
-3.7460755905511811
0
LINE
8
BLACK
6
CONTINUOUS
10
5.3508475984251964
20
-3.7460755905511811
11
5.3510074015748028
21
-3.7459157874015747
0
LINE
8
BLACK
6
CONTINUOUS
10
5.3510074015748028
20
-3.7459157874015747
11
5.3511203937007874
21
-3.7458933070866141
0
LINE
8
BLACK
6
CONTINUOUS
10
5.3511203937007874
20
-3.7458933070866141
11
5.3637188188976372
21
-3.7458933070866141
0
LINE
8
BLACK
6
CONTINUOUS
10
5.3637188188976372
20
-3.7458933070866141
11
5.3638318110236218
21
-3.7459157874015747
0
LINE
8
BLACK
6
CONTINUOUS
10
5.3514156692913382
20
-3.749140275590551
11
5.3519783858267713
21
-3.7508284645669292
0
LINE
8
BLACK
6
CONTINUOUS
10
5.3519783858267713
20
-3.7508284645669292
11
5.3530950787401572
21
-3.7519451574803151
0
LINE
8
BLACK
6
CONTINUOUS
10
5.3530950787401572
20
-3.7519451574803151
11
5.3542230314960628
21
-3.7525091338582675
0
LINE
8
BLACK
6
CONTINUOUS
10
5.3542230314960628
20
-3.7525091338582675
11
5.3565560236220469
21
-3.7530924015748033
0
LINE
8
BLACK
6
CONTINUOUS
10
5.3565560236220469
20
-3.7530924015748033
11
5.358283149606299
21
-3.7530924015748033
0
LINE
8
BLACK
6
CONTINUOUS
10
5.358283149606299
20
-3.7530924015748033
11
5.3606161417322831
21
-3.7525091338582675
0
LINE
8
BLACK
6
CONTINUOUS
10
5.3606161417322831
20
-3.7525091338582675
11
5.3617441338582674
21
-3.7519451181102363
0
LINE
8
BLACK
6
CONTINUOUS
10
5.3617441338582674
20
-3.7519451181102363
11
5.3628607874015746
21
-3.750828503937008
0
LINE
8
BLACK
6
CONTINUOUS
10
5.3628607874015746
20
-3.750828503937008
11
5.3634235433070865
21
-3.749140275590551
0
LINE
8
BLACK
6
CONTINUOUS
10
5.3634235433070865
20
-3.749140275590551
11
5.3634235433070865
21
-3.7464838582677165
0
LINE
8
BLACK
6
CONTINUOUS
10
5.3634235433070865
20
-3.7464838582677165
11
5.3514156692913382
21
-3.7464838582677165
0
LINE
8
BLACK
6
CONTINUOUS
10
5.3514156692913382
20
-3.7464838582677165
11
5.3514156692913382
21
-3.749140275590551
0
LINE
8
BLACK
6
CONTINUOUS
10
5.3638318110236218
20
-3.7345172047244093
11
5.3639916141732282
21
-3.7346770078740157
0
LINE
8
BLACK
6
CONTINUOUS
10
5.3639916141732282
20
-3.7346770078740157
11
5.3640140944881889
21
-3.7347899999999998
0
LINE
8
BLACK
6
CONTINUOUS
10
5.3640140944881889
20
-3.7347899999999998
11
5.3640140944881889
21
-3.7407892519685038
0
LINE
8
BLACK
6
CONTINUOUS
10
5.3640140944881889
20
-3.7407892519685038
11
5.3639916141732282
21
-3.7409022440944879
0
LINE
8
BLACK
6
CONTINUOUS
10
5.3639916141732282
20
-3.7409022440944879
11
5.3638318110236218
21
-3.7410620472440943
0
LINE
8
BLACK
6
CONTINUOUS
10
5.3638318110236218
20
-3.7410620472440943
11
5.3636058267716535
21
-3.7410620472440943
0
LINE
8
BLACK
6
CONTINUOUS
10
5.3636058267716535
20
-3.7410620472440943
11
5.3634460236220471
21
-3.7409022440944879
0
LINE
8
BLACK
6
CONTINUOUS
10
5.3634460236220471
20
-3.7409022440944879
11
5.3634235433070865
21
-3.7407892519685038
0
LINE
8
BLACK
6
CONTINUOUS
10
5.3634235433070865
20
-3.7407892519685038
11
5.3634235433070865
21
-3.735085275590551
0
LINE
8
BLACK
6
CONTINUOUS
10
5.3634235433070865
20
-3.735085275590551
11
5.3574149212598421
21
-3.735085275590551
0
LINE
8
BLACK
6
CONTINUOUS
10
5.3574149212598421
20
-3.735085275590551
11
5.3574149212598421
21
-3.7389894881889765
0
LINE
8
BLACK
6
CONTINUOUS
10
5.3574149212598421
20
-3.7389894881889765
11
5.3573924409448814
21
-3.7391024803149606
0
LINE
8
BLACK
6
CONTINUOUS
10
5.3573924409448814
20
-3.7391024803149606
11
5.357232637795275
21
-3.739262283464567
0
LINE
8
BLACK
6
CONTINUOUS
10
5.357232637795275
20
-3.739262283464567
11
5.3570066535433067
21
-3.739262283464567
0
LINE
8
BLACK
6
CONTINUOUS
10
5.3570066535433067
20
-3.739262283464567
11
5.3568468503937003
21
-3.7391024803149606
0
LINE
8
BLACK
6
CONTINUOUS
10
5.3568468503937003
20
-3.7391024803149606
11
5.3568243700787397
21
-3.7389894881889765
0
LINE
8
BLACK
6
CONTINUOUS
10
5.3568243700787397
20
-3.7389894881889765
11
5.3568243700787397
21
-3.735085275590551
0
LINE
8
BLACK
6
CONTINUOUS
10
5.3568243700787397
20
-3.735085275590551
11
5.3514156692913382
21
-3.735085275590551
0
LINE
8
BLACK
6
CONTINUOUS
10
5.3514156692913382
20
-3.735085275590551
11
5.3514156692913382
21
-3.7407892519685038
0
LINE
8
BLACK
6
CONTINUOUS
10
5.3514156692913382
20
-3.7407892519685038
11
5.3513931889763775
21
-3.7409022440944879
0
LINE
8
BLACK
6
CONTINUOUS
10
5.3513931889763775
20
-3.7409022440944879
11
5.3512333858267711
21
-3.7410620472440943
0
LINE
8
BLACK
6
CONTINUOUS
10
5.3512333858267711
20
-3.7410620472440943
11
5.3510074015748028
21
-3.7410620472440943
0
LINE
8
BLACK
6
CONTINUOUS
10
5.3510074015748028
20
-3.7410620472440943
11
5.3508475984251964
21
-3.7409022440944879
0
LINE
8
BLACK
6
CONTINUOUS
10
5.3508475984251964
20
-3.7409022440944879
11
5.3508251181102358
21
-3.7407892519685038
0
LINE
8
BLACK
6
CONTINUOUS
10
5.3508251181102358
20
-3.7407892519685038
11
5.3508251181102358
21
-3.7347899999999998
0
LINE
8
BLACK
6
CONTINUOUS
10
5.3508251181102358
20
-3.7347899999999998
11
5.3508475984251964
21
-3.7346770078740157
0
LINE
8
BLACK
6
CONTINUOUS
10
5.3508475984251964
20
-3.7346770078740157
11
5.3510074015748028
21
-3.7345172047244093
0
LINE
8
BLACK
6
CONTINUOUS
10
5.3510074015748028
20
-3.7345172047244093
11
5.3511203937007874
21
-3.7344947244094486
0
LINE
8
BLACK
6
CONTINUOUS
10
5.3511203937007874
20
-3.7344947244094486
11
5.3637188188976372
21
-3.7344947244094486
0
LINE
8
BLACK
6
CONTINUOUS
10
5.3637188188976372
20
-3.7344947244094486
11
5.3638318110236218
21
-3.7345172047244093
0
LINE
8
BLACK
6
CONTINUOUS
10
5.3638318110236218
20
-3.721918779527559
11
5.3639916141732282
21
-3.7220785826771654
0
LINE
8
BLACK
6
CONTINUOUS
10
5.3639916141732282
20
-3.7220785826771654
11
5.3640140944881889
21
-3.7221915748031495
0
LINE
8
BLACK
6
CONTINUOUS
10
5.3640140944881889
20
-3.7221915748031495
11
5.3640140944881889
21
-3.7269909842519686
0
LINE
8
BLACK
6
CONTINUOUS
10
5.3640140944881889
20
-3.7269909842519686
11
5.3640111811023621
21
-3.7270054724409447
0
LINE
8
BLACK
6
CONTINUOUS
10
5.3640111811023621
20
-3.7270054724409447
11
5.3640133464566926
21
-3.7270119291338584
0
LINE
8
BLACK
6
CONTINUOUS
10
5.3640133464566926
20
-3.7270119291338584
11
5.3640008267716537
21
-3.7270575196850393
0
LINE
8
BLACK
6
CONTINUOUS
10
5.3640008267716537
20
-3.7270575196850393
11
5.3639916141732282
21
-3.7271039763779528
0
LINE
8
BLACK
6
CONTINUOUS
10
5.3639916141732282
20
-3.7271039763779528
11
5.3639868110236222
21
-3.7271087401574801
0
LINE
8
BLACK
6
CONTINUOUS
10
5.3639868110236222
20
-3.7271087401574801
11
5.3639829133858266
21
-3.7271230314960628
0
LINE
8
BLACK
6
CONTINUOUS
10
5.3639829133858266
20
-3.7271230314960628
11
5.3633829921259846
21
-3.7283228740157481
0
LINE
8
BLACK
6
CONTINUOUS
10
5.3633829921259846
20
-3.7283228740157481
11
5.3633539763779527
21
-3.7283602362204724
0
LINE
8
BLACK
6
CONTINUOUS
10
5.3633539763779527
20
-3.7283602362204724
11
5.363327677165354
21
-3.7283996456692914
0
LINE
8
BLACK
6
CONTINUOUS
10
5.363327677165354
20
-3.7283996456692914
11
5.3627277165354332
21
-3.7289995275590551
0
LINE
8
BLACK
6
CONTINUOUS
10
5.3627277165354332
20
-3.7289995275590551
11
5.3626884251968505
21
-3.7290257480314959
0
LINE
8
BLACK
6
CONTINUOUS
10
5.3626884251968505
20
-3.7290257480314959
11
5.3626509842519683
21
-3.7290548425196848
0
LINE
8
BLACK
6
CONTINUOUS
10
5.3626509842519683
20
-3.7290548425196848
11
5.3614511417322834
21
-3.7296547637795276
0
LINE
8
BLACK
6
CONTINUOUS
10
5.3614511417322834
20
-3.7296547637795276
11
5.3614368503937007
21
-3.7296586614173228
0
LINE
8
BLACK
6
CONTINUOUS
10
5.3614368503937007
20
-3.7296586614173228
11
5.3614320866141734
21
-3.7296634645669289
0
LINE
8
BLACK
6
CONTINUOUS
10
5.3614320866141734
20
-3.7296634645669289
11
5.3613856299212594
21
-3.7296726771653543
0
LINE
8
BLACK
6
CONTINUOUS
10
5.3613856299212594
20
-3.7296726771653543
11
5.361340039370079
21
-3.7296851968503937
0
LINE
8
BLACK
6
CONTINUOUS
10
5.361340039370079
20
-3.7296851968503937
11
5.3613335826771653
21
-3.7296830314960627
0
LINE
8
BLACK
6
CONTINUOUS
10
5.3613335826771653
20
-3.7296830314960627
11
5.3613190944881888
21
-3.7296859448818895
0
LINE
8
BLACK
6
CONTINUOUS
10
5.3613190944881888
20
-3.7296859448818895
11
5.359519330708661
21
-3.7296859448818895
0
LINE
8
BLACK
6
CONTINUOUS
10
5.359519330708661
20
-3.7296859448818895
11
5.3595048031496058
21
-3.7296830314960627
0
LINE
8
BLACK
6
CONTINUOUS
10
5.3595048031496058
20
-3.7296830314960627
11
5.3594983858267717
21
-3.7296851968503937
0
LINE
8
BLACK
6
CONTINUOUS
10
5.3594983858267717
20
-3.7296851968503937
11
5.3594527559055116
21
-3.7296726771653543
0
LINE
8
BLACK
6
CONTINUOUS
10
5.3594527559055116
20
-3.7296726771653543
11
5.3594063385826773
21
-3.7296634645669289
0
LINE
8
BLACK
6
CONTINUOUS
10
5.3594063385826773
20
-3.7296634645669289
11
5.3594015354330704
21
-3.7296586614173228
0
LINE
8
BLACK
6
CONTINUOUS
10
5.3594015354330704
20
-3.7296586614173228
11
5.3593872834645664
21
-3.7296547637795276
0
LINE
8
BLACK
6
CONTINUOUS
10
5.3593872834645664
20
-3.7296547637795276
11
5.3581874409448815
21
-3.7290548425196848
0
LINE
8
BLACK
6
CONTINUOUS
10
5.3581874409448815
20
-3.7290548425196848
11
5.3581499606299214
21
-3.7290257480314959
0
LINE
8
BLACK
6
CONTINUOUS
10
5.3581499606299214
20
-3.7290257480314959
11
5.3581107086614175
21
-3.7289995275590551
0
LINE
8
BLACK
6
CONTINUOUS
10
5.3581107086614175
20
-3.7289995275590551
11
5.3575107874015746
21
-3.7283996062992126
0
LINE
8
BLACK
6
CONTINUOUS
10
5.3575107874015746
20
-3.7283996062992126
11
5.357502559055118
21
-3.7283873228346458
0
LINE
8
BLACK
6
CONTINUOUS
10
5.357502559055118
20
-3.7283873228346458
11
5.3574964960629918
21
-3.7283842913385827
0
LINE
8
BLACK
6
CONTINUOUS
10
5.3574964960629918
20
-3.7283842913385827
11
5.3574729527559057
21
-3.7283429921259841
0
LINE
8
BLACK
6
CONTINUOUS
10
5.3574729527559057
20
-3.7283429921259841
11
5.3574467716535432
21
-3.7283038188976376
0
LINE
8
BLACK
6
CONTINUOUS
10
5.3574467716535432
20
-3.7283038188976376
11
5.3574467716535432
21
-3.7282970472440944
0
LINE
8
BLACK
6
CONTINUOUS
10
5.3574467716535432
20
-3.7282970472440944
11
5.3574394488188979
21
-3.728284212598425
0
LINE
8
BLACK
6
CONTINUOUS
10
5.3574394488188979
20
-3.728284212598425
11
5.357064921259842
21
-3.7271606692913384
0
LINE
8
BLACK
6
CONTINUOUS
10
5.357064921259842
20
-3.7271606692913384
11
5.356783779527559
21
-3.7277229527559053
0
LINE
8
BLACK
6
CONTINUOUS
10
5.356783779527559
20
-3.7277229527559053
11
5.3567546850393697
21
-3.7277603937007875
0
LINE
8
BLACK
6
CONTINUOUS
10
5.3567546850393697
20
-3.7277603937007875
11
5.3567284645669293
21
-3.7277996850393702
0
LINE
8
BLACK
6
CONTINUOUS
10
5.3567284645669293
20
-3.7277996850393702
11
5.3561285433070864
21
-3.7283996062992126
0
LINE
8
BLACK
6
CONTINUOUS
10
5.3561285433070864
20
-3.7283996062992126
11
5.3560892519685037
21
-3.7284258267716535
0
LINE
8
BLACK
6
CONTINUOUS
10
5.3560892519685037
20
-3.7284258267716535
11
5.3560518110236215
21
-3.7284549212598423
0
LINE
8
BLACK
6
CONTINUOUS
10
5.3560518110236215
20
-3.7284549212598423
11
5.3548519685039366
21
-3.7290548425196848
0
LINE
8
BLACK
6
CONTINUOUS
10
5.3548519685039366
20
-3.7290548425196848
11
5.3548376771653539
21
-3.7290587401574804
0
LINE
8
BLACK
6
CONTINUOUS
10
5.3548376771653539
20
-3.7290587401574804
11
5.3548329133858266
21
-3.7290635433070864
0
LINE
8
BLACK
6
CONTINUOUS
10
5.3548329133858266
20
-3.7290635433070864
11
5.3547864566929135
21
-3.7290727559055119
0
LINE
8
BLACK
6
CONTINUOUS
10
5.3547864566929135
20
-3.7290727559055119
11
5.3547408661417322
21
-3.7290852755905513
0
LINE
8
BLACK
6
CONTINUOUS
10
5.3547408661417322
20
-3.7290852755905513
11
5.3547344094488185
21
-3.7290831102362203
0
LINE
8
BLACK
6
CONTINUOUS
10
5.3547344094488185
20
-3.7290831102362203
11
5.354719921259842
21
-3.7290860236220471
0
LINE
8
BLACK
6
CONTINUOUS
10
5.354719921259842
20
-3.7290860236220471
11
5.3535200787401571
21
-3.7290860236220471
0
LINE
8
BLACK
6
CONTINUOUS
10
5.3535200787401571
20
-3.7290860236220471
11
5.3535055511811018
21
-3.7290831102362203
0
LINE
8
BLACK
6
CONTINUOUS
10
5.3535055511811018
20
-3.7290831102362203
11
5.3534991338582678
21
-3.7290852755905513
0
LINE
8
BLACK
6
CONTINUOUS
10
5.3534991338582678
20
-3.7290852755905513
11
5.3534535039370077
21
-3.7290727559055119
0
LINE
8
BLACK
6
CONTINUOUS
10
5.3534535039370077
20
-3.7290727559055119
11
5.3534070866141734
21
-3.7290635433070864
0
LINE
8
BLACK
6
CONTINUOUS
10
5.3534070866141734
20
-3.7290635433070864
11
5.3534022834645665
21
-3.7290587401574804
0
LINE
8
BLACK
6
CONTINUOUS
10
5.3534022834645665
20
-3.7290587401574804
11
5.3533880314960625
21
-3.7290548425196848
0
LINE
8
BLACK
6
CONTINUOUS
10
5.3533880314960625
20
-3.7290548425196848
11
5.3521881889763776
21
-3.7284549212598423
0
LINE
8
BLACK
6
CONTINUOUS
10
5.3521881889763776
20
-3.7284549212598423
11
5.3521507086614175
21
-3.7284258267716535
0
LINE
8
BLACK
6
CONTINUOUS
10
5.3521507086614175
20
-3.7284258267716535
11
5.3521114566929135
21
-3.7283996062992126
0
LINE
8
BLACK
6
CONTINUOUS
10
5.3521114566929135
20
-3.7283996062992126
11
5.3515115354330707
21
-3.7277996850393702
0
LINE
8
BLACK
6
CONTINUOUS
10
5.3515115354330707
20
-3.7277996850393702
11
5.3514852755905506
21
-3.7277603937007875
0
LINE
8
BLACK
6
CONTINUOUS
10
5.3514852755905506
20
-3.7277603937007875
11
5.351456220472441
21
-3.7277229527559053
0
LINE
8
BLACK
6
CONTINUOUS
10
5.351456220472441
20
-3.7277229527559053
11
5.3508562992125981
21
-3.7265231102362204
0
LINE
8
BLACK
6
CONTINUOUS
10
5.3508562992125981
20
-3.7265231102362204
11
5.3508523622047246
21
-3.7265088188976376
0
LINE
8
BLACK
6
CONTINUOUS
10
5.3508523622047246
20
-3.7265088188976376
11
5.3508475984251964
21
-3.7265040551181103
0
LINE
8
BLACK
6
CONTINUOUS
10
5.3508475984251964
20
-3.7265040551181103
11
5.3508383464566931
21
-3.7264575984251969
0
LINE
8
BLACK
6
CONTINUOUS
10
5.3508383464566931
20
-3.7264575984251969
11
5.3508258661417321
21
-3.7264120078740155
0
LINE
8
BLACK
6
CONTINUOUS
10
5.3508258661417321
20
-3.7264120078740155
11
5.3508279921259838
21
-3.7264055511811023
0
LINE
8
BLACK
6
CONTINUOUS
10
5.3508279921259838
20
-3.7264055511811023
11
5.3508251181102358
21
-3.7263910629921257
0
LINE
8
BLACK
6
CONTINUOUS
10
5.3508251181102358
20
-3.7263910629921257
11
5.3508251181102358
21
-3.7221915748031495
0
LINE
8
BLACK
6
CONTINUOUS
10
5.3508251181102358
20
-3.7221915748031495
11
5.3508475984251964
21
-3.7220785826771654
0
LINE
8
BLACK
6
CONTINUOUS
10
5.3508475984251964
20
-3.7220785826771654
11
5.3510074015748028
21
-3.721918779527559
0
LINE
8
BLACK
6
CONTINUOUS
10
5.3510074015748028
20
-3.721918779527559
11
5.3511203937007874
21
-3.7218962992125983
0
LINE
8
BLACK
6
CONTINUOUS
10
5.3511203937007874
20
-3.7218962992125983
11
5.3637188188976372
21
-3.7218962992125983
0
LINE
8
BLACK
6
CONTINUOUS
10
5.3637188188976372
20
-3.7218962992125983
11
5.3638318110236218
21
-3.721918779527559
0
LINE
8
BLACK
6
CONTINUOUS
10
5.3574149212598421
20
-3.7263431496062993
11
5.3579776377952752
21
-3.7280313385826771
0
LINE
8
BLACK
6
CONTINUOUS
10
5.3579776377952752
20
-3.7280313385826771
11
5.3584943700787404
21
-3.7285480708661418
0
LINE
8
BLACK
6
CONTINUOUS
10
5.3584943700787404
20
-3.7285480708661418
11
5.359589015748031
21
-3.7290953937007871
0
LINE
8
BLACK
6
CONTINUOUS
10
5.359589015748031
20
-3.7290953937007871
11
5.3612494094488188
21
-3.7290953937007871
0
LINE
8
BLACK
6
CONTINUOUS
10
5.3612494094488188
20
-3.7290953937007871
11
5.3623440551181103
21
-3.7285480314960631
0
LINE
8
BLACK
6
CONTINUOUS
10
5.3623440551181103
20
-3.7285480314960631
11
5.3628762204724412
21
-3.7280159055118109
0
LINE
8
BLACK
6
CONTINUOUS
10
5.3628762204724412
20
-3.7280159055118109
11
5.3634235433070865
21
-3.7269212992125982
0
LINE
8
BLACK
6
CONTINUOUS
10
5.3634235433070865
20
-3.7269212992125982
11
5.3634235433070865
21
-3.7224868503937008
0
LINE
8
BLACK
6
CONTINUOUS
10
5.3634235433070865
20
-3.7224868503937008
11
5.3574149212598421
21
-3.7224868503937008
0
LINE
8
BLACK
6
CONTINUOUS
10
5.3574149212598421
20
-3.7224868503937008
11
5.3574149212598421
21
-3.7263431496062993
0
LINE
8
BLACK
6
CONTINUOUS
10
5.3514156692913382
20
-3.7263213779527558
11
5.3519629921259844
21
-3.7274160236220473
0
LINE
8
BLACK
6
CONTINUOUS
10
5.3519629921259844
20
-3.7274160236220473
11
5.3524951181102365
21
-3.7279481496062989
0
LINE
8
BLACK
6
CONTINUOUS
10
5.3524951181102365
20
-3.7279481496062989
11
5.3535897637795271
21
-3.7284954724409447
0
LINE
8
BLACK
6
CONTINUOUS
10
5.3535897637795271
20
-3.7284954724409447
11
5.354650236220472
21
-3.7284954724409447
0
LINE
8
BLACK
6
CONTINUOUS
10
5.354650236220472
20
-3.7284954724409447
11
5.3557448818897635
21
-3.7279481496062989
0
LINE
8
BLACK
6
CONTINUOUS
10
5.3557448818897635
20
-3.7279481496062989
11
5.3562770078740156
21
-3.7274159842519685
0
LINE
8
BLACK
6
CONTINUOUS
10
5.3562770078740156
20
-3.7274159842519685
11
5.3568243700787397
21
-3.7263212992125982
0
LINE
8
BLACK
6
CONTINUOUS
10
5.3568243700787397
20
-3.7263212992125982
11
5.3568243700787397
21
-3.7224868503937008
0
LINE
8
BLACK
6
CONTINUOUS
10
5.3568243700787397
20
-3.7224868503937008
11
5.3514156692913382
21
-3.7224868503937008
0
LINE
8
BLACK
6
CONTINUOUS
10
5.3514156692913382
20
-3.7224868503937008
11
5.3514156692913382
21
-3.7263213779527558
0
LINE
8
BLACK
6
CONTINUOUS
10
5.3583549606299208
20
-3.7087049999999997
11
5.3583911023622042
21
-3.7087067716535431
0
LINE
8
BLACK
6
CONTINUOUS
10
5.3583911023622042
20
-3.7087067716535431
11
5.3607907874015748
21
-3.7093066929133856
0
LINE
8
BLACK
6
CONTINUOUS
10
5.3607907874015748
20
-3.7093066929133856
11
5.3608200393700782
21
-3.7093205118110237
0
LINE
8
BLACK
6
CONTINUOUS
10
5.3608200393700782
20
-3.7093205118110237
11
5.3608512204724406
21
-3.70932905511811
0
LINE
8
BLACK
6
CONTINUOUS
10
5.3608512204724406
20
-3.70932905511811
11
5.3620510629921263
21
-3.7099289763779528
0
LINE
8
BLACK
6
CONTINUOUS
10
5.3620510629921263
20
-3.7099289763779528
11
5.3620885039370076
21
-3.709958031496063
0
LINE
8
BLACK
6
CONTINUOUS
10
5.3620885039370076
20
-3.709958031496063
11
5.3621277952755904
21
-3.7099842913385825
0
LINE
8
BLACK
6
CONTINUOUS
10
5.3621277952755904
20
-3.7099842913385825
11
5.363327677165354
21
-3.7111840944881891
0
LINE
8
BLACK
6
CONTINUOUS
10
5.363327677165354
20
-3.7111840944881891
11
5.3633359055118106
21
-3.7111964173228347
0
LINE
8
BLACK
6
CONTINUOUS
10
5.3633359055118106
20
-3.7111964173228347
11
5.3633419685039367
21
-3.7111994488188977
0
LINE
8
BLACK
6
CONTINUOUS
10
5.3633419685039367
20
-3.7111994488188977
11
5.3633653937007875
21
-3.7112405905511809
0
LINE
8
BLACK
6
CONTINUOUS
10
5.3633653937007875
20
-3.7112405905511809
11
5.3633916929133854
21
-3.7112799212598424
0
LINE
8
BLACK
6
CONTINUOUS
10
5.3633916929133854
20
-3.7112799212598424
11
5.3633916929133854
21
-3.7112866535433069
0
LINE
8
BLACK
6
CONTINUOUS
10
5.3633916929133854
20
-3.7112866535433069
11
5.3633990157480316
21
-3.711299527559055
0
LINE
8
BLACK
6
CONTINUOUS
10
5.3633990157480316
20
-3.711299527559055
11
5.3639989370078736
21
-3.7130993700787402
0
LINE
8
BLACK
6
CONTINUOUS
10
5.3639989370078736
20
-3.7130993700787402
11
5.3640048425196847
21
-3.7131461811023621
0
LINE
8
BLACK
6
CONTINUOUS
10
5.3640048425196847
20
-3.7131461811023621
11
5.3640140944881889
21
-3.713192716535433
0
LINE
8
BLACK
6
CONTINUOUS
10
5.3640140944881889
20
-3.713192716535433
11
5.3640140944881889
21
-3.7143925590551179
0
LINE
8
BLACK
6
CONTINUOUS
10
5.3640140944881889
20
-3.7143925590551179
11
5.3640048425196847
21
-3.7144390157480314
0
LINE
8
BLACK
6
CONTINUOUS
10
5.3640048425196847
20
-3.7144390157480314
11
5.3639989370078736
21
-3.7144859448818899
0
LINE
8
BLACK
6
CONTINUOUS
10
5.3639989370078736
20
-3.7144859448818899
11
5.3633990157480316
21
-3.7162857086614172
0
LINE
8
BLACK
6
CONTINUOUS
10
5.3633990157480316
20
-3.7162857086614172
11
5.3633916535433066
21
-3.716298622047244
0
LINE
8
BLACK
6
CONTINUOUS
10
5.3633916535433066
20
-3.716298622047244
11
5.3633916535433066
21
-3.7163053543307085
0
LINE
8
BLACK
6
CONTINUOUS
10
5.3633916535433066
20
-3.7163053543307085
11
5.363365472440945
21
-3.716344527559055
0
LINE
8
BLACK
6
CONTINUOUS
10
5.363365472440945
20
-3.716344527559055
11
5.3633419685039367
21
-3.7163857874015749
0
LINE
8
BLACK
6
CONTINUOUS
10
5.3633419685039367
20
-3.7163857874015749
11
5.3633359055118106
21
-3.7163887795275588
0
LINE
8
BLACK
6
CONTINUOUS
10
5.3633359055118106
20
-3.7163887795275588
11
5.363327677165354
21
-3.7164011417322835
0
LINE
8
BLACK
6
CONTINUOUS
10
5.363327677165354
20
-3.7164011417322835
11
5.3627277165354332
21
-3.7170010236220472
0
LINE
8
BLACK
6
CONTINUOUS
10
5.3627277165354332
20
-3.7170010236220472
11
5.3626319291338582
21
-3.7170650393700786
0
LINE
8
BLACK
6
CONTINUOUS
10
5.3626319291338582
20
-3.7170650393700786
11
5.3624059448818899
21
-3.7170650393700786
0
LINE
8
BLACK
6
CONTINUOUS
10
5.3624059448818899
20
-3.7170650393700786
11
5.3622461417322835
21
-3.7169052362204722
0
LINE
8
BLACK
6
CONTINUOUS
10
5.3622461417322835
20
-3.7169052362204722
11
5.3622461417322835
21
-3.7166792519685039
0
LINE
8
BLACK
6
CONTINUOUS
10
5.3622461417322835
20
-3.7166792519685039
11
5.3623101574803149
21
-3.7165834645669289
0
LINE
8
BLACK
6
CONTINUOUS
10
5.3623101574803149
20
-3.7165834645669289
11
5.3628607874015746
21
-3.7160328346456692
0
LINE
8
BLACK
6
CONTINUOUS
10
5.3628607874015746
20
-3.7160328346456692
11
5.3634235433070865
21
-3.7143446456692915
0
LINE
8
BLACK
6
CONTINUOUS
10
5.3634235433070865
20
-3.7143446456692915
11
5.3634235433070865
21
-3.7132405905511812
0
LINE
8
BLACK
6
CONTINUOUS
10
5.3634235433070865
20
-3.7132405905511812
11
5.3628607874015746
21
-3.7115523622047242
0
LINE
8
BLACK
6
CONTINUOUS
10
5.3628607874015746
20
-3.7115523622047242
11
5.3617441338582674
21
-3.7104357480314958
0
LINE
8
BLACK
6
CONTINUOUS
10
5.3617441338582674
20
-3.7104357480314958
11
5.3606161417322831
21
-3.7098717322834647
0
LINE
8
BLACK
6
CONTINUOUS
10
5.3606161417322831
20
-3.7098717322834647
11
5.358283149606299
21
-3.7092885039370076
0
LINE
8
BLACK
6
CONTINUOUS
10
5.358283149606299
20
-3.7092885039370076
11
5.3565560236220469
21
-3.7092885039370076
0
LINE
8
BLACK
6
CONTINUOUS
10
5.3565560236220469
20
-3.7092885039370076
11
5.3542230314960628
21
-3.7098717322834647
0
LINE
8
BLACK
6
CONTINUOUS
10
5.3542230314960628
20
-3.7098717322834647
11
5.3530950787401572
21
-3.710435708661417
0
LINE
8
BLACK
6
CONTINUOUS
10
5.3530950787401572
20
-3.710435708661417
11
5.3519783858267713
21
-3.7115524015748029
0
LINE
8
BLACK
6
CONTINUOUS
10
5.3519783858267713
20
-3.7115524015748029
11
5.3514156692913382
21
-3.7132405905511812
0
LINE
8
BLACK
6
CONTINUOUS
10
5.3514156692913382
20
-3.7132405905511812
11
5.3514156692913382
21
-3.7143446456692915
0
LINE
8
BLACK
6
CONTINUOUS
10
5.3514156692913382
20
-3.7143446456692915
11
5.3519783858267713
21
-3.7160328346456692
0
LINE
8
BLACK
6
CONTINUOUS
10
5.3519783858267713
20
-3.7160328346456692
11
5.352529015748031
21
-3.7165834645669289
0
LINE
8
BLACK
6
CONTINUOUS
10
5.352529015748031
20
-3.7165834645669289
11
5.3525930314960632
21
-3.7166792519685039
0
LINE
8
BLACK
6
CONTINUOUS
10
5.3525930314960632
20
-3.7166792519685039
11
5.3525930314960632
21
-3.7169052362204722
0
LINE
8
BLACK
6
CONTINUOUS
10
5.3525930314960632
20
-3.7169052362204722
11
5.3524332283464569
21
-3.7170650393700786
0
LINE
8
BLACK
6
CONTINUOUS
10
5.3524332283464569
20
-3.7170650393700786
11
5.3522072440944877
21
-3.7170650393700786
0
LINE
8
BLACK
6
CONTINUOUS
10
5.3522072440944877
20
-3.7170650393700786
11
5.3521114566929135
21
-3.7170010236220472
0
LINE
8
BLACK
6
CONTINUOUS
10
5.3521114566929135
20
-3.7170010236220472
11
5.3515115354330707
21
-3.7164011023622048
0
LINE
8
BLACK
6
CONTINUOUS
10
5.3515115354330707
20
-3.7164011023622048
11
5.351503307086614
21
-3.7163888188976375
0
LINE
8
BLACK
6
CONTINUOUS
10
5.351503307086614
20
-3.7163888188976375
11
5.3514972440944879
21
-3.7163857874015749
0
LINE
8
BLACK
6
CONTINUOUS
10
5.3514972440944879
20
-3.7163857874015749
11
5.3514737007874018
21
-3.7163444881889762
0
LINE
8
BLACK
6
CONTINUOUS
10
5.3514737007874018
20
-3.7163444881889762
11
5.3514475196850393
21
-3.7163053149606298
0
LINE
8
BLACK
6
CONTINUOUS
10
5.3514475196850393
20
-3.7163053149606298
11
5.3514475196850393
21
-3.7162985433070865
0
LINE
8
BLACK
6
CONTINUOUS
10
5.3514475196850393
20
-3.7162985433070865
11
5.351440196850394
21
-3.7162857086614172
0
LINE
8
BLACK
6
CONTINUOUS
10
5.351440196850394
20
-3.7162857086614172
11
5.3508402755905511
21
-3.7144859448818899
0
LINE
8
BLACK
6
CONTINUOUS
10
5.3508402755905511
20
-3.7144859448818899
11
5.3508343307086612
21
-3.7144390157480314
0
LINE
8
BLACK
6
CONTINUOUS
10
5.3508343307086612
20
-3.7144390157480314
11
5.3508251181102358
21
-3.7143925590551179
0
LINE
8
BLACK
6
CONTINUOUS
10
5.3508251181102358
20
-3.7143925590551179
11
5.3508251181102358
21
-3.713192716535433
0
LINE
8
BLACK
6
CONTINUOUS
10
5.3508251181102358
20
-3.713192716535433
11
5.3508343307086612
21
-3.7131462204724408
0
LINE
8
BLACK
6
CONTINUOUS
10
5.3508343307086612
20
-3.7131462204724408
11
5.3508402755905511
21
-3.7130993307086615
0
LINE
8
BLACK
6
CONTINUOUS
10
5.3508402755905511
20
-3.7130993307086615
11
5.351440196850394
21
-3.711299527559055
0
LINE
8
BLACK
6
CONTINUOUS
10
5.351440196850394
20
-3.711299527559055
11
5.3514475196850393
21
-3.7112866535433069
0
LINE
8
BLACK
6
CONTINUOUS
10
5.3514475196850393
20
-3.7112866535433069
11
5.3514475196850393
21
-3.7112799212598424
0
LINE
8
BLACK
6
CONTINUOUS
10
5.3514475196850393
20
-3.7112799212598424
11
5.3514737007874018
21
-3.7112407086614172
0
LINE
8
BLACK
6
CONTINUOUS
10
5.3514737007874018
20
-3.7112407086614172
11
5.3514972440944879
21
-3.7111994488188977
0
LINE
8
BLACK
6
CONTINUOUS
10
5.3514972440944879
20
-3.7111994488188977
11
5.351503307086614
21
-3.7111963779527559
0
LINE
8
BLACK
6
CONTINUOUS
10
5.351503307086614
20
-3.7111963779527559
11
5.3515115354330707
21
-3.7111841338582678
0
LINE
8
BLACK
6
CONTINUOUS
10
5.3515115354330707
20
-3.7111841338582678
11
5.3527113779527555
21
-3.7099842519685038
0
LINE
8
BLACK
6
CONTINUOUS
10
5.3527113779527555
20
-3.7099842519685038
11
5.3527508267716533
21
-3.7099578740157479
0
LINE
8
BLACK
6
CONTINUOUS
10
5.3527508267716533
20
-3.7099578740157479
11
5.3527881102362205
21
-3.7099289763779528
0
LINE
8
BLACK
6
CONTINUOUS
10
5.3527881102362205
20
-3.7099289763779528
11
5.3539879527559053
21
-3.70932905511811
0
LINE
8
BLACK
6
CONTINUOUS
10
5.3539879527559053
20
-3.70932905511811
11
5.3540190944881889
21
-3.7093205118110237
0
LINE
8
BLACK
6
CONTINUOUS
10
5.3540190944881889
20
-3.7093205118110237
11
5.3540483858267711
21
-3.7093066929133856
0
LINE
8
BLACK
6
CONTINUOUS
10
5.3540483858267711
20
-3.7093066929133856
11
5.3564480708661417
21
-3.7087067716535431
0
LINE
8
BLACK
6
CONTINUOUS
10
5.3564480708661417
20
-3.7087067716535431
11
5.3564841732283464
21
-3.7087049999999997
0
LINE
8
BLACK
6
CONTINUOUS
10
5.3564841732283464
20
-3.7087049999999997
11
5.3565196850393697
21
-3.7086979527559056
0
LINE
8
BLACK
6
CONTINUOUS
10
5.3565196850393697
20
-3.7086979527559056
11
5.3583194881889762
21
-3.7086979527559056
0
LINE
8
BLACK
6
CONTINUOUS
10
5.3583194881889762
20
-3.7086979527559056
11
5.3583549606299208
21
-3.7087049999999997
0
LINE
8
BLACK
6
CONTINUOUS
10
5.9661737795275593
20
-3.683236653543307
11
5.9668129527559053
21
-3.6838758267716534
0
LINE
8
BLACK
6
CONTINUOUS
10
5.9668129527559053
20
-3.6838758267716534
11
5.9668129527559053
21
-3.6847798425196849
0
LINE
8
BLACK
6
CONTINUOUS
10
5.9668129527559053
20
-3.6847798425196849
11
5.9661737795275593
21
-3.6854190157480313
0
LINE
8
BLACK
6
CONTINUOUS
10
5.9661737795275593
20
-3.6854190157480313
11
5.9657217716535431
21
-3.685508937007874
0
LINE
8
BLACK
6
CONTINUOUS
10
5.9657217716535431
20
-3.685508937007874
11
5.9585758661417323
21
-3.685508937007874
0
LINE
8
BLACK
6
CONTINUOUS
10
5.9585758661417323
20
-3.685508937007874
11
5.9621111811023617
21
-3.6895493307086613
0
LINE
8
BLACK
6
CONTINUOUS
10
5.9621111811023617
20
-3.6895493307086613
11
5.9622787795275594
21
-3.6898403543307086
0
LINE
8
BLACK
6
CONTINUOUS
10
5.9622787795275594
20
-3.6898403543307086
11
5.9623135039370077
21
-3.6898750787401573
0
LINE
8
BLACK
6
CONTINUOUS
10
5.9623135039370077
20
-3.6898750787401573
11
5.9623135039370077
21
-3.6899006299212598
0
LINE
8
BLACK
6
CONTINUOUS
10
5.9623135039370077
20
-3.6899006299212598
11
5.9623411811023619
21
-3.6899487007874017
0
LINE
8
BLACK
6
CONTINUOUS
10
5.9623411811023619
20
-3.6899487007874017
11
5.9623135039370077
21
-3.6903638976377953
0
LINE
8
BLACK
6
CONTINUOUS
10
5.9623135039370077
20
-3.6903638976377953
11
5.9623135039370077
21
-3.6907790944881889
0
LINE
8
BLACK
6
CONTINUOUS
10
5.9623135039370077
20
-3.6907790944881889
11
5.9622838188976379
21
-3.6908087401574803
0
LINE
8
BLACK
6
CONTINUOUS
10
5.9622838188976379
20
-3.6908087401574803
11
5.9622810629921261
21
-3.6908506299212598
0
LINE
8
BLACK
6
CONTINUOUS
10
5.9622810629921261
20
-3.6908506299212598
11
5.9619682677165349
21
-3.6911242913385824
0
LINE
8
BLACK
6
CONTINUOUS
10
5.9619682677165349
20
-3.6911242913385824
11
5.9616743307086617
21
-3.6914182677165353
0
LINE
8
BLACK
6
CONTINUOUS
10
5.9616743307086617
20
-3.6914182677165353
11
5.9616199606299212
21
-3.6914290551181104
0
LINE
8
BLACK
6
CONTINUOUS
10
5.9616199606299212
20
-3.6914290551181104
11
5.9616007086614173
21
-3.6914459448818895
0
LINE
8
BLACK
6
CONTINUOUS
10
5.9616007086614173
20
-3.6914459448818895
11
5.9615516141732279
21
-3.6914426377952756
0
LINE
8
BLACK
6
CONTINUOUS
10
5.9615516141732279
20
-3.6914426377952756
11
5.9612223228346455
21
-3.6915081889763779
0
LINE
8
BLACK
6
CONTINUOUS
10
5.9612223228346455
20
-3.6915081889763779
11
5.9592514566929129
21
-3.6915081889763779
0
LINE
8
BLACK
6
CONTINUOUS
10
5.9592514566929129
20
-3.6915081889763779
11
5.9581723622047242
21
-3.6920477165354328
0
LINE
8
BLACK
6
CONTINUOUS
10
5.9581723622047242
20
-3.6920477165354328
11
5.9576935433070863
21
-3.6925265354330707
0
LINE
8
BLACK
6
CONTINUOUS
10
5.9576935433070863
20
-3.6925265354330707
11
5.9571540944881889
21
-3.6936055118110236
0
LINE
8
BLACK
6
CONTINUOUS
10
5.9571540944881889
20
-3.6936055118110236
11
5.9571540944881889
21
-3.6967974409448816
0
LINE
8
BLACK
6
CONTINUOUS
10
5.9571540944881889
20
-3.6967974409448816
11
5.9576935826771651
21
-3.6978764566929132
0
LINE
8
BLACK
6
CONTINUOUS
10
5.9576935826771651
20
-3.6978764566929132
11
5.9581723622047242
21
-3.6983552362204724
0
LINE
8
BLACK
6
CONTINUOUS
10
5.9581723622047242
20
-3.6983552362204724
11
5.9592514173228341
21
-3.6988947637795273
0
LINE
8
BLACK
6
CONTINUOUS
10
5.9592514173228341
20
-3.6988947637795273
11
5.9631932283464568
21
-3.6988947637795273
0
LINE
8
BLACK
6
CONTINUOUS
10
5.9631932283464568
20
-3.6988947637795273
11
5.964272244094488
21
-3.6983552362204724
0
LINE
8
BLACK
6
CONTINUOUS
10
5.964272244094488
20
-3.6983552362204724
11
5.9648866141732286
21
-3.6977409055118109
0
LINE
8
BLACK
6
CONTINUOUS
10
5.9648866141732286
20
-3.6977409055118109
11
5.9652698031496065
21
-3.6974848425196849
0
LINE
8
BLACK
6
CONTINUOUS
10
5.9652698031496065
20
-3.6974848425196849
11
5.9661737401574806
21
-3.6974848425196849
0
LINE
8
BLACK
6
CONTINUOUS
10
5.9661737401574806
20
-3.6974848425196849
11
5.966812992125984
21
-3.6981240944881888
0
LINE
8
BLACK
6
CONTINUOUS
10
5.966812992125984
20
-3.6981240944881888
11
5.966812992125984
21
-3.6990280314960629
0
LINE
8
BLACK
6
CONTINUOUS
10
5.966812992125984
20
-3.6990280314960629
11
5.9665569291338585
21
-3.6994112204724408
0
LINE
8
BLACK
6
CONTINUOUS
10
5.9665569291338585
20
-3.6994112204724408
11
5.965807007874016
21
-3.7001611417322833
0
LINE
8
BLACK
6
CONTINUOUS
10
5.965807007874016
20
-3.7001611417322833
11
5.9656496456692913
21
-3.7002662204724408
0
LINE
8
BLACK
6
CONTINUOUS
10
5.9656496456692913
20
-3.7002662204724408
11
5.9655000393700783
21
-3.700382401574803
0
LINE
8
BLACK
6
CONTINUOUS
10
5.9655000393700783
20
-3.700382401574803
11
5.964000236220472
21
-3.7011322834645668
0
LINE
8
BLACK
6
CONTINUOUS
10
5.964000236220472
20
-3.7011322834645668
11
5.9639431889763781
21
-3.701147874015748
0
LINE
8
BLACK
6
CONTINUOUS
10
5.9639431889763781
20
-3.701147874015748
11
5.9639240551181105
21
-3.7011670472440943
0
LINE
8
BLACK
6
CONTINUOUS
10
5.9639240551181105
20
-3.7011670472440943
11
5.9637382283464566
21
-3.7012039763779527
0
LINE
8
BLACK
6
CONTINUOUS
10
5.9637382283464566
20
-3.7012039763779527
11
5.9635557480314958
21
-3.7012539763779526
0
LINE
8
BLACK
6
CONTINUOUS
10
5.9635557480314958
20
-3.7012539763779526
11
5.9635300787401571
21
-3.7012453937007872
0
LINE
8
BLACK
6
CONTINUOUS
10
5.9635300787401571
20
-3.7012453937007872
11
5.9634720472440943
21
-3.7012569685039369
0
LINE
8
BLACK
6
CONTINUOUS
10
5.9634720472440943
20
-3.7012569685039369
11
5.9589725984251967
21
-3.7012569685039369
0
LINE
8
BLACK
6
CONTINUOUS
10
5.9589725984251967
20
-3.7012569685039369
11
5.9589145275590552
21
-3.7012453937007872
0
LINE
8
BLACK
6
CONTINUOUS
10
5.9589145275590552
20
-3.7012453937007872
11
5.9588888976377952
21
-3.7012539763779526
0
LINE
8
BLACK
6
CONTINUOUS
10
5.9588888976377952
20
-3.7012539763779526
11
5.9587063779527556
21
-3.7012039763779527
0
LINE
8
BLACK
6
CONTINUOUS
10
5.9587063779527556
20
-3.7012039763779527
11
5.9585205905511813
21
-3.7011670472440943
0
LINE
8
BLACK
6
CONTINUOUS
10
5.9585205905511813
20
-3.7011670472440943
11
5.9585014173228341
21
-3.701147874015748
0
LINE
8
BLACK
6
CONTINUOUS
10
5.9585014173228341
20
-3.701147874015748
11
5.9584444094488189
21
-3.7011322834645668
0
LINE
8
BLACK
6
CONTINUOUS
10
5.9584444094488189
20
-3.7011322834645668
11
5.9569446062992126
21
-3.700382401574803
0
LINE
8
BLACK
6
CONTINUOUS
10
5.9569446062992126
20
-3.700382401574803
11
5.9567949606299209
21
-3.7002662598425196
0
LINE
8
BLACK
6
CONTINUOUS
10
5.9567949606299209
20
-3.7002662598425196
11
5.9566376377952759
21
-3.7001611417322833
0
LINE
8
BLACK
6
CONTINUOUS
10
5.9566376377952759
20
-3.7001611417322833
11
5.9558877165354334
21
-3.6994112204724408
0
LINE
8
BLACK
6
CONTINUOUS
10
5.9558877165354334
20
-3.6994112204724408
11
5.9557825984251966
21
-3.6992538582677166
0
LINE
8
BLACK
6
CONTINUOUS
10
5.9557825984251966
20
-3.6992538582677166
11
5.9556664566929136
21
-3.699104251968504
0
LINE
8
BLACK
6
CONTINUOUS
10
5.9556664566929136
20
-3.699104251968504
11
5.9549165748031498
21
-3.6976044488188977
0
LINE
8
BLACK
6
CONTINUOUS
10
5.9549165748031498
20
-3.6976044488188977
11
5.9549009448818895
21
-3.6975474015748029
0
LINE
8
BLACK
6
CONTINUOUS
10
5.9549009448818895
20
-3.6975474015748029
11
5.9548818110236219
21
-3.6975282677165353
0
LINE
8
BLACK
6
CONTINUOUS
10
5.9548818110236219
20
-3.6975282677165353
11
5.9548448425196847
21
-3.6973424409448818
0
LINE
8
BLACK
6
CONTINUOUS
10
5.9548448425196847
20
-3.6973424409448818
11
5.9547948818897636
21
-3.697159960629921
0
LINE
8
BLACK
6
CONTINUOUS
10
5.9547948818897636
20
-3.697159960629921
11
5.9548034251968502
21
-3.6971342913385827
0
LINE
8
BLACK
6
CONTINUOUS
10
5.9548034251968502
20
-3.6971342913385827
11
5.9547918897637793
21
-3.6970762598425195
0
LINE
8
BLACK
6
CONTINUOUS
10
5.9547918897637793
20
-3.6970762598425195
11
5.9547918897637793
21
-3.6933267322834644
0
LINE
8
BLACK
6
CONTINUOUS
10
5.9547918897637793
20
-3.6933267322834644
11
5.9548034251968502
21
-3.6932687007874017
0
LINE
8
BLACK
6
CONTINUOUS
10
5.9548034251968502
20
-3.6932687007874017
11
5.9547948818897636
21
-3.6932430708661417
0
LINE
8
BLACK
6
CONTINUOUS
10
5.9547948818897636
20
-3.6932430708661417
11
5.954844803149606
21
-3.6930605905511809
0
LINE
8
BLACK
6
CONTINUOUS
10
5.954844803149606
20
-3.6930605905511809
11
5.9548818110236219
21
-3.6928747244094486
0
LINE
8
BLACK
6
CONTINUOUS
10
5.9548818110236219
20
-3.6928747244094486
11
5.9549009448818895
21
-3.6928555511811023
0
LINE
8
BLACK
6
CONTINUOUS
10
5.9549009448818895
20
-3.6928555511811023
11
5.9549165748031498
21
-3.6927985433070867
0
LINE
8
BLACK
6
CONTINUOUS
10
5.9549165748031498
20
-3.6927985433070867
11
5.9556664566929136
21
-3.6912987007874016
0
LINE
8
BLACK
6
CONTINUOUS
10
5.9556664566929136
20
-3.6912987007874016
11
5.9557824015748029
21
-3.6911492913385824
0
LINE
8
BLACK
6
CONTINUOUS
10
5.9557824015748029
20
-3.6911492913385824
11
5.9558877165354334
21
-3.6909916929133857
0
LINE
8
BLACK
6
CONTINUOUS
10
5.9558877165354334
20
-3.6909916929133857
11
5.9566376377952759
21
-3.6902418110236219
0
LINE
8
BLACK
6
CONTINUOUS
10
5.9566376377952759
20
-3.6902418110236219
11
5.9567950787401571
21
-3.6901366141732281
0
LINE
8
BLACK
6
CONTINUOUS
10
5.9567950787401571
20
-3.6901366141732281
11
5.9569445669291339
21
-3.6900205905511809
0
LINE
8
BLACK
6
CONTINUOUS
10
5.9569445669291339
20
-3.6900205905511809
11
5.9584444094488189
21
-3.6892706692913384
0
LINE
8
BLACK
6
CONTINUOUS
10
5.9584444094488189
20
-3.6892706692913384
11
5.9585014173228341
21
-3.6892550393700785
0
LINE
8
BLACK
6
CONTINUOUS
10
5.9585014173228341
20
-3.6892550393700785
11
5.9585205905511813
21
-3.6892359055118109
0
LINE
8
BLACK
6
CONTINUOUS
10
5.9585205905511813
20
-3.6892359055118109
11
5.9586718110236223
21
-3.6892057874015749
0
LINE
8
BLACK
6
CONTINUOUS
10
5.9586718110236223
20
-3.6892057874015749
11
5.9550841338582678
21
-3.6851055905511809
0
LINE
8
BLACK
6
CONTINUOUS
10
5.9550841338582678
20
-3.6851055905511809
11
5.9549164960629923
21
-3.6848145275590549
0
LINE
8
BLACK
6
CONTINUOUS
10
5.9549164960629923
20
-3.6848145275590549
11
5.9548818110236219
21
-3.6847798425196849
0
LINE
8
BLACK
6
CONTINUOUS
10
5.9548818110236219
20
-3.6847798425196849
11
5.9548818110236219
21
-3.6847542519685037
0
LINE
8
BLACK
6
CONTINUOUS
10
5.9548818110236219
20
-3.6847542519685037
11
5.9548541338582677
21
-3.684706220472441
0
LINE
8
BLACK
6
CONTINUOUS
10
5.9548541338582677
20
-3.684706220472441
11
5.9548818110236219
21
-3.6842912598425195
0
LINE
8
BLACK
6
CONTINUOUS
10
5.9548818110236219
20
-3.6842912598425195
11
5.9548818110236219
21
-3.6838758267716534
0
LINE
8
BLACK
6
CONTINUOUS
10
5.9548818110236219
20
-3.6838758267716534
11
5.9549114960629916
21
-3.6838461023622044
0
LINE
8
BLACK
6
CONTINUOUS
10
5.9549114960629916
20
-3.6838461023622044
11
5.9549142913385822
21
-3.6838042913385824
0
LINE
8
BLACK
6
CONTINUOUS
10
5.9549142913385822
20
-3.6838042913385824
11
5.9552268503937009
21
-3.683530748031496
0
LINE
8
BLACK
6
CONTINUOUS
10
5.9552268503937009
20
-3.683530748031496
11
5.9555209842519687
21
-3.683236653543307
0
LINE
8
BLACK
6
CONTINUOUS
10
5.9555209842519687
20
-3.683236653543307
11
5.9555753149606296
21
-3.6832258267716536
0
LINE
8
BLACK
6
CONTINUOUS
10
5.9555753149606296
20
-3.6832258267716536
11
5.9555946062992122
21
-3.6832089763779527
0
LINE
8
BLACK
6
CONTINUOUS
10
5.9555946062992122
20
-3.6832089763779527
11
5.9556436614173229
21
-3.6832122440944879
0
LINE
8
BLACK
6
CONTINUOUS
10
5.9556436614173229
20
-3.6832122440944879
11
5.9559729921259841
21
-3.6831467322834643
0
LINE
8
BLACK
6
CONTINUOUS
10
5.9559729921259841
20
-3.6831467322834643
11
5.9657217716535431
21
-3.6831467322834643
0
LINE
8
BLACK
6
CONTINUOUS
10
5.9657217716535431
20
-3.6831467322834643
11
5.9661737795275593
21
-3.683236653543307
0
LINE
8
BLACK
6
CONTINUOUS
10
5.9804219685039373
20
-3.683236653543307
11
5.9810611417322832
21
-3.6838758267716534
0
LINE
8
BLACK
6
CONTINUOUS
10
5.9810611417322832
20
-3.6838758267716534
11
5.9811510629921258
21
-3.6843278346456692
0
LINE
8
BLACK
6
CONTINUOUS
10
5.9811510629921258
20
-3.6843278346456692
11
5.9811510629921258
21
-3.7000758661417321
0
LINE
8
BLACK
6
CONTINUOUS
10
5.9811510629921258
20
-3.7000758661417321
11
5.9810611417322832
21
-3.7005278740157479
0
LINE
8
BLACK
6
CONTINUOUS
10
5.9810611417322832
20
-3.7005278740157479
11
5.9804219685039373
21
-3.7011670472440943
0
LINE
8
BLACK
6
CONTINUOUS
10
5.9804219685039373
20
-3.7011670472440943
11
5.9795179527559057
21
-3.7011670472440943
0
LINE
8
BLACK
6
CONTINUOUS
10
5.9795179527559057
20
-3.7011670472440943
11
5.9788787795275589
21
-3.7005278740157479
0
LINE
8
BLACK
6
CONTINUOUS
10
5.9788787795275589
20
-3.7005278740157479
11
5.9787888582677162
21
-3.7000758661417321
0
LINE
8
BLACK
6
CONTINUOUS
10
5.9787888582677162
20
-3.7000758661417321
11
5.9787888582677162
21
-3.6937579133858267
0
LINE
8
BLACK
6
CONTINUOUS
10
5.9787888582677162
20
-3.6937579133858267
11
5.976835393700787
21
-3.6937579133858267
0
LINE
8
BLACK
6
CONTINUOUS
10
5.976835393700787
20
-3.6937579133858267
11
5.9719387007874012
21
-3.7007531889763778
0
LINE
8
BLACK
6
CONTINUOUS
10
5.9719387007874012
20
-3.7007531889763778
11
5.9716058267716532
21
-3.7010719291338581
0
LINE
8
BLACK
6
CONTINUOUS
10
5.9716058267716532
20
-3.7010719291338581
11
5.9707156692913381
21
-3.7012290157480314
0
LINE
8
BLACK
6
CONTINUOUS
10
5.9707156692913381
20
-3.7012290157480314
11
5.9699750393700786
21
-3.7007105905511812
0
LINE
8
BLACK
6
CONTINUOUS
10
5.9699750393700786
20
-3.7007105905511812
11
5.9698179527559052
21
-3.6998204330708662
0
LINE
8
BLACK
6
CONTINUOUS
10
5.9698179527559052
20
-3.6998204330708662
11
5.9700035039370078
21
-3.6993985433070864
0
LINE
8
BLACK
6
CONTINUOUS
10
5.9700035039370078
20
-3.6993985433070864
11
5.9739542125984251
21
-3.6937546062992124
0
LINE
8
BLACK
6
CONTINUOUS
10
5.9739542125984251
20
-3.6937546062992124
11
5.9739127165354331
21
-3.6937463779527557
0
LINE
8
BLACK
6
CONTINUOUS
10
5.9739127165354331
20
-3.6937463779527557
11
5.9738870078740156
21
-3.6937549606299211
0
LINE
8
BLACK
6
CONTINUOUS
10
5.9738870078740156
20
-3.6937549606299211
11
5.973704173228346
21
-3.6937048818897638
0
LINE
8
BLACK
6
CONTINUOUS
10
5.973704173228346
20
-3.6937048818897638
11
5.9735187007874018
21
-3.6936679921259841
0
LINE
8
BLACK
6
CONTINUOUS
10
5.9735187007874018
20
-3.6936679921259841
11
5.9734995275590546
21
-3.6936488188976377
0
LINE
8
BLACK
6
CONTINUOUS
10
5.9734995275590546
20
-3.6936488188976377
11
5.9734425196850394
21
-3.6936332283464566
0
LINE
8
BLACK
6
CONTINUOUS
10
5.9734425196850394
20
-3.6936332283464566
11
5.9719426771653543
21
-3.6928833070866141
0
LINE
8
BLACK
6
CONTINUOUS
10
5.9719426771653543
20
-3.6928833070866141
11
5.9717932677165351
21
-3.6927673228346456
0
LINE
8
BLACK
6
CONTINUOUS
10
5.9717932677165351
20
-3.6927673228346456
11
5.9716357480314963
21
-3.6926620866141731
0
LINE
8
BLACK
6
CONTINUOUS
10
5.9716357480314963
20
-3.6926620866141731
11
5.9708858661417326
21
-3.6919121653543305
0
LINE
8
BLACK
6
CONTINUOUS
10
5.9708858661417326
20
-3.6919121653543305
11
5.9707808267716533
21
-3.6917549606299214
0
LINE
8
BLACK
6
CONTINUOUS
10
5.9707808267716533
20
-3.6917549606299214
11
5.9706646062992128
21
-3.6916052362204725
0
LINE
8
BLACK
6
CONTINUOUS
10
5.9706646062992128
20
-3.6916052362204725
11
5.9699146850393703
21
-3.6901053543307087
0
LINE
8
BLACK
6
CONTINUOUS
10
5.9699146850393703
20
-3.6901053543307087
11
5.9698990551181099
21
-3.6900483070866139
0
LINE
8
BLACK
6
CONTINUOUS
10
5.9698990551181099
20
-3.6900483070866139
11
5.9698799212598423
21
-3.6900291732283463
0
LINE
8
BLACK
6
CONTINUOUS
10
5.9698799212598423
20
-3.6900291732283463
11
5.9698429527559052
21
-3.6898433464566929
0
LINE
8
BLACK
6
CONTINUOUS
10
5.9698429527559052
20
-3.6898433464566929
11
5.969792992125984
21
-3.6896608661417321
0
LINE
8
BLACK
6
CONTINUOUS
10
5.969792992125984
20
-3.6896608661417321
11
5.9698015354330707
21
-3.6896351968503938
0
LINE
8
BLACK
6
CONTINUOUS
10
5.9698015354330707
20
-3.6896351968503938
11
5.9697899999999997
21
-3.6895771653543306
0
LINE
8
BLACK
6
CONTINUOUS
10
5.9697899999999997
20
-3.6895771653543306
11
5.9697899999999997
21
-3.6873274803149605
0
LINE
8
BLACK
6
CONTINUOUS
10
5.9697899999999997
20
-3.6873274803149605
11
5.9698015354330707
21
-3.687269409448819
0
LINE
8
BLACK
6
CONTINUOUS
10
5.9698015354330707
20
-3.687269409448819
11
5.969792992125984
21
-3.687243779527559
0
LINE
8
BLACK
6
CONTINUOUS
10
5.969792992125984
20
-3.687243779527559
11
5.9698429527559052
21
-3.6870612598425194
0
LINE
8
BLACK
6
CONTINUOUS
10
5.9698429527559052
20
-3.6870612598425194
11
5.9698799212598423
21
-3.6868754724409447
0
LINE
8
BLACK
6
CONTINUOUS
10
5.9698799212598423
20
-3.6868754724409447
11
5.9698990551181099
21
-3.6868562992125984
0
LINE
8
BLACK
6
CONTINUOUS
10
5.9698990551181099
20
-3.6868562992125984
11
5.9699146850393703
21
-3.6867992913385828
0
LINE
8
BLACK
6
CONTINUOUS
10
5.9699146850393703
20
-3.6867992913385828
11
5.9706646062992128
21
-3.685299409448819
0
LINE
8
BLACK
6
CONTINUOUS
10
5.9706646062992128
20
-3.685299409448819
11
5.9707808267716533
21
-3.6851496456692914
0
LINE
8
BLACK
6
CONTINUOUS
10
5.9707808267716533
20
-3.6851496456692914
11
5.9708858661417326
21
-3.6849924803149605
0
LINE
8
BLACK
6
CONTINUOUS
10
5.9708858661417326
20
-3.6849924803149605
11
5.9716357480314963
21
-3.684242559055118
0
LINE
8
BLACK
6
CONTINUOUS
10
5.9716357480314963
20
-3.684242559055118
11
5.9717932677165351
21
-3.6841372834645667
0
LINE
8
BLACK
6
CONTINUOUS
10
5.9717932677165351
20
-3.6841372834645667
11
5.9719426771653543
21
-3.684021338582677
0
LINE
8
BLACK
6
CONTINUOUS
10
5.9719426771653543
20
-3.684021338582677
11
5.9734425196850394
21
-3.6832714173228345
0
LINE
8
BLACK
6
CONTINUOUS
10
5.9734425196850394
20
-3.6832714173228345
11
5.9734995275590546
21
-3.6832557874015746
0
LINE
8
BLACK
6
CONTINUOUS
10
5.9734995275590546
20
-3.6832557874015746
11
5.9735187007874018
21
-3.683236653543307
0
LINE
8
BLACK
6
CONTINUOUS
10
5.9735187007874018
20
-3.683236653543307
11
5.973704173228346
21
-3.6831997244094485
0
LINE
8
BLACK
6
CONTINUOUS
10
5.973704173228346
20
-3.6831997244094485
11
5.9738870078740156
21
-3.6831496850393699
0
LINE
8
BLACK
6
CONTINUOUS
10
5.9738870078740156
20
-3.6831496850393699
11
5.9739127165354331
21
-3.6831582283464566
0
LINE
8
BLACK
6
CONTINUOUS
10
5.9739127165354331
20
-3.6831582283464566
11
5.9739707086614171
21
-3.6831467322834643
0
LINE
8
BLACK
6
CONTINUOUS
10
5.9739707086614171
20
-3.6831467322834643
11
5.979969960629921
21
-3.6831467322834643
0
LINE
8
BLACK
6
CONTINUOUS
10
5.979969960629921
20
-3.6831467322834643
11
5.9804219685039373
21
-3.683236653543307
0
LINE
8
BLACK
6
CONTINUOUS
10
5.9731705118110234
20
-3.6860484645669289
11
5.9726916929133855
21
-3.6865272440944881
0
LINE
8
BLACK
6
CONTINUOUS
10
5.9726916929133855
20
-3.6865272440944881
11
5.9721522047244093
21
-3.6876062992125984
0
LINE
8
BLACK
6
CONTINUOUS
10
5.9721522047244093
20
-3.6876062992125984
11
5.9721522047244093
21
-3.6892983464566926
0
LINE
8
BLACK
6
CONTINUOUS
10
5.9721522047244093
20
-3.6892983464566926
11
5.9726916929133855
21
-3.6903773622047242
0
LINE
8
BLACK
6
CONTINUOUS
10
5.9726916929133855
20
-3.6903773622047242
11
5.9731705118110234
21
-3.6908561417322834
0
LINE
8
BLACK
6
CONTINUOUS
10
5.9731705118110234
20
-3.6908561417322834
11
5.9742495669291333
21
-3.6913957086614171
0
LINE
8
BLACK
6
CONTINUOUS
10
5.9742495669291333
20
-3.6913957086614171
11
5.9787888582677162
21
-3.6913957086614171
0
LINE
8
BLACK
6
CONTINUOUS
10
5.9787888582677162
20
-3.6913957086614171
11
5.9787888582677162
21
-3.685508937007874
0
LINE
8
BLACK
6
CONTINUOUS
10
5.9787888582677162
20
-3.685508937007874
11
5.9742495669291333
21
-3.685508937007874
0
LINE
8
BLACK
6
CONTINUOUS
10
5.9742495669291333
20
-3.685508937007874
11
5.9731705118110234
21
-3.6860484645669289
0
LINE
8
BLACK
6
CONTINUOUS
10
6.0005958267716535
20
-3.6748545669291337
11
6.0016611811023619
21
-3.6759199212598426
0
LINE
8
BLACK
6
CONTINUOUS
10
6.0016611811023619
20
-3.6759199212598426
11
6.0018110236220474
21
-3.6766732283464565
0
LINE
8
BLACK
6
CONTINUOUS
10
6.0018110236220474
20
-3.6766732283464565
11
6.0018110236220474
21
-3.7091535433070866
0
LINE
8
BLACK
6
CONTINUOUS
10
6.0018110236220474
20
-3.7091535433070866
11
6.0016611811023619
21
-3.7099068503937005
0
LINE
8
BLACK
6
CONTINUOUS
10
6.0016611811023619
20
-3.7099068503937005
11
6.0005958267716535
21
-3.7109722047244094
0
LINE
8
BLACK
6
CONTINUOUS
10
6.0005958267716535
20
-3.7109722047244094
11
5.9998425196850391
21
-3.7111220472440944
0
LINE
8
BLACK
6
CONTINUOUS
10
5.9998425196850391
20
-3.7111220472440944
11
5.9368503937007873
21
-3.7111220472440944
0
LINE
8
BLACK
6
CONTINUOUS
10
5.9368503937007873
20
-3.7111220472440944
11
5.9360970866141729
21
-3.7109722047244094
0
LINE
8
BLACK
6
CONTINUOUS
10
5.9360970866141729
20
-3.7109722047244094
11
5.9350317322834645
21
-3.7099068503937005
0
LINE
8
BLACK
6
CONTINUOUS
10
5.9350317322834645
20
-3.7099068503937005
11
5.934881889763779
21
-3.7091535433070866
0
LINE
8
BLACK
6
CONTINUOUS
10
5.934881889763779
20
-3.7091535433070866
11
5.934881889763779
21
-3.6766732283464565
0
LINE
8
BLACK
6
CONTINUOUS
10
5.934881889763779
20
-3.6766732283464565
11
5.9350317322834645
21
-3.6759199212598426
0
LINE
8
BLACK
6
CONTINUOUS
10
5.9350317322834645
20
-3.6759199212598426
11
5.9360970866141729
21
-3.6748545669291337
0
LINE
8
BLACK
6
CONTINUOUS
10
5.9360970866141729
20
-3.6748545669291337
11
5.9368503937007873
21
-3.6747047244094486
0
LINE
8
BLACK
6
CONTINUOUS
10
5.9368503937007873
20
-3.6747047244094486
11
5.9998425196850391
21
-3.6747047244094486
0
LINE
8
BLACK
6
CONTINUOUS
10
5.9998425196850391
20
-3.6747047244094486
11
6.0005958267716535
21
-3.6748545669291337
0
LINE
8
BLACK
6
CONTINUOUS
10
5.9388188976377956
20
-3.6786417322834644
11
5.9388188976377956
21
-3.7071850393700787
0
LINE
8
BLACK
6
CONTINUOUS
10
5.9388188976377956
20
-3.7071850393700787
11
5.9978740157480317
21
-3.7071850393700787
0
LINE
8
BLACK
6
CONTINUOUS
10
5.9978740157480317
20
-3.7071850393700787
11
5.9978740157480317
21
-3.6786417322834644
0
LINE
8
BLACK
6
CONTINUOUS
10
5.9978740157480317
20
-3.6786417322834644
11
5.9388188976377956
21
-3.6786417322834644
0
LINE
8
BLACK
6
CONTINUOUS
10
5.3638318110236218
20
-3.696721929133858
11
5.3639916141732282
21
-3.6968817322834644
0
LINE
8
BLACK
6
CONTINUOUS
10
5.3639916141732282
20
-3.6968817322834644
11
5.3639916141732282
21
-3.6971077165354331
0
LINE
8
BLACK
6
CONTINUOUS
10
5.3639916141732282
20
-3.6971077165354331
11
5.3638318110236218
21
-3.6972675196850391
0
LINE
8
BLACK
6
CONTINUOUS
10
5.3638318110236218
20
-3.6972675196850391
11
5.3637188188976372
21
-3.6972899999999997
0
LINE
8
BLACK
6
CONTINUOUS
10
5.3637188188976372
20
-3.6972899999999997
11
5.358014842519685
21
-3.6972899999999997
0
LINE
8
BLACK
6
CONTINUOUS
10
5.358014842519685
20
-3.6972899999999997
11
5.358014842519685
21
-3.7017941338582676
0
LINE
8
BLACK
6
CONTINUOUS
10
5.358014842519685
20
-3.7017941338582676
11
5.3580119291338582
21
-3.7018086220472441
0
LINE
8
BLACK
6
CONTINUOUS
10
5.3580119291338582
20
-3.7018086220472441
11
5.3580140944881887
21
-3.7018150787401574
0
LINE
8
BLACK
6
CONTINUOUS
10
5.3580140944881887
20
-3.7018150787401574
11
5.3580015748031498
21
-3.7018606692913383
0
LINE
8
BLACK
6
CONTINUOUS
10
5.3580015748031498
20
-3.7018606692913383
11
5.3579923622047243
21
-3.7019071259842518
0
LINE
8
BLACK
6
CONTINUOUS
10
5.3579923622047243
20
-3.7019071259842518
11
5.3579875590551183
21
-3.7019118897637795
0
LINE
8
BLACK
6
CONTINUOUS
10
5.3579875590551183
20
-3.7019118897637795
11
5.3579836614173226
21
-3.7019261811023623
0
LINE
8
BLACK
6
CONTINUOUS
10
5.3579836614173226
20
-3.7019261811023623
11
5.3573837401574798
21
-3.7031260236220471
0
LINE
8
BLACK
6
CONTINUOUS
10
5.3573837401574798
20
-3.7031260236220471
11
5.3573547244094488
21
-3.7031633858267714
0
LINE
8
BLACK
6
CONTINUOUS
10
5.3573547244094488
20
-3.7031633858267714
11
5.35732842519685
21
-3.7032027952755904
0
LINE
8
BLACK
6
CONTINUOUS
10
5.35732842519685
20
-3.7032027952755904
11
5.3567284645669293
21
-3.7038026771653541
0
LINE
8
BLACK
6
CONTINUOUS
10
5.3567284645669293
20
-3.7038026771653541
11
5.3566891732283466
21
-3.7038288976377953
0
LINE
8
BLACK
6
CONTINUOUS
10
5.3566891732283466
20
-3.7038288976377953
11
5.3566517322834644
21
-3.7038579921259842
0
LINE
8
BLACK
6
CONTINUOUS
10
5.3566517322834644
20
-3.7038579921259842
11
5.3554518897637795
21
-3.7044579133858266
0
LINE
8
BLACK
6
CONTINUOUS
10
5.3554518897637795
20
-3.7044579133858266
11
5.3554375984251967
21
-3.7044618110236218
0
LINE
8
BLACK
6
CONTINUOUS
10
5.3554375984251967
20
-3.7044618110236218
11
5.3554328346456694
21
-3.7044666141732283
0
LINE
8
BLACK
6
CONTINUOUS
10
5.3554328346456694
20
-3.7044666141732283
11
5.3553863779527555
21
-3.7044758267716533
0
LINE
8
BLACK
6
CONTINUOUS
10
5.3553863779527555
20
-3.7044758267716533
11
5.355340787401575
21
-3.7044883464566927
0
LINE
8
BLACK
6
CONTINUOUS
10
5.355340787401575
20
-3.7044883464566927
11
5.3553343307086614
21
-3.7044861811023622
0
LINE
8
BLACK
6
CONTINUOUS
10
5.3553343307086614
20
-3.7044861811023622
11
5.3553198425196848
21
-3.704489094488189
0
LINE
8
BLACK
6
CONTINUOUS
10
5.3553198425196848
20
-3.704489094488189
11
5.3535200787401571
21
-3.704489094488189
0
LINE
8
BLACK
6
CONTINUOUS
10
5.3535200787401571
20
-3.704489094488189
11
5.3535055511811018
21
-3.7044861811023622
0
LINE
8
BLACK
6
CONTINUOUS
10
5.3535055511811018
20
-3.7044861811023622
11
5.3534991338582678
21
-3.7044883464566927
0
LINE
8
BLACK
6
CONTINUOUS
10
5.3534991338582678
20
-3.7044883464566927
11
5.3534535039370077
21
-3.7044758267716533
0
LINE
8
BLACK
6
CONTINUOUS
10
5.3534535039370077
20
-3.7044758267716533
11
5.3534070866141734
21
-3.7044666141732283
0
LINE
8
BLACK
6
CONTINUOUS
10
5.3534070866141734
20
-3.7044666141732283
11
5.3534022834645665
21
-3.7044618110236218
0
LINE
8
BLACK
6
CONTINUOUS
10
5.3534022834645665
20
-3.7044618110236218
11
5.3533880314960625
21
-3.7044579133858266
0
LINE
8
BLACK
6
CONTINUOUS
10
5.3533880314960625
20
-3.7044579133858266
11
5.3521881889763776
21
-3.7038579921259842
0
LINE
8
BLACK
6
CONTINUOUS
10
5.3521881889763776
20
-3.7038579921259842
11
5.3521507086614175
21
-3.7038288976377953
0
LINE
8
BLACK
6
CONTINUOUS
10
5.3521507086614175
20
-3.7038288976377953
11
5.3521114566929135
21
-3.7038026771653541
0
LINE
8
BLACK
6
CONTINUOUS
10
5.3521114566929135
20
-3.7038026771653541
11
5.3515115354330707
21
-3.7032027559055116
0
LINE
8
BLACK
6
CONTINUOUS
10
5.3515115354330707
20
-3.7032027559055116
11
5.3514852755905506
21
-3.7031634645669289
0
LINE
8
BLACK
6
CONTINUOUS
10
5.3514852755905506
20
-3.7031634645669289
11
5.351456220472441
21
-3.7031260236220471
0
LINE
8
BLACK
6
CONTINUOUS
10
5.351456220472441
20
-3.7031260236220471
11
5.3508562992125981
21
-3.7019261811023623
0
LINE
8
BLACK
6
CONTINUOUS
10
5.3508562992125981
20
-3.7019261811023623
11
5.3508523622047246
21
-3.7019118897637795
0
LINE
8
BLACK
6
CONTINUOUS
10
5.3508523622047246
20
-3.7019118897637795
11
5.3508475984251964
21
-3.7019071259842518
0
LINE
8
BLACK
6
CONTINUOUS
10
5.3508475984251964
20
-3.7019071259842518
11
5.3508383464566931
21
-3.7018606692913383
0
LINE
8
BLACK
6
CONTINUOUS
10
5.3508383464566931
20
-3.7018606692913383
11
5.3508258661417321
21
-3.7018150787401574
0
LINE
8
BLACK
6
CONTINUOUS
10
5.3508258661417321
20
-3.7018150787401574
11
5.3508279921259838
21
-3.7018086220472441
0
LINE
8
BLACK
6
CONTINUOUS
10
5.3508279921259838
20
-3.7018086220472441
11
5.3508251181102358
21
-3.7017941338582676
0
LINE
8
BLACK
6
CONTINUOUS
10
5.3508251181102358
20
-3.7017941338582676
11
5.3508251181102358
21
-3.6969947244094485
0
LINE
8
BLACK
6
CONTINUOUS
10
5.3508251181102358
20
-3.6969947244094485
11
5.3508475984251964
21
-3.6968817322834644
0
LINE
8
BLACK
6
CONTINUOUS
10
5.3508475984251964
20
-3.6968817322834644
11
5.3510074015748028
21
-3.696721929133858
0
LINE
8
BLACK
6
CONTINUOUS
10
5.3510074015748028
20
-3.696721929133858
11
5.3511203937007874
21
-3.6966994488188973
0
LINE
8
BLACK
6
CONTINUOUS
10
5.3511203937007874
20
-3.6966994488188973
11
5.3637188188976372
21
-3.6966994488188973
0
LINE
8
BLACK
6
CONTINUOUS
10
5.3637188188976372
20
-3.6966994488188973
11
5.3638318110236218
21
-3.696721929133858
0
LINE
8
BLACK
6
CONTINUOUS
10
5.3514156692913382
20
-3.7017244488188976
11
5.3519629921259844
21
-3.7028190944881887
0
LINE
8
BLACK
6
CONTINUOUS
10
5.3519629921259844
20
-3.7028190944881887
11
5.3524951181102365
21
-3.7033512204724408
0
LINE
8
BLACK
6
CONTINUOUS
10
5.3524951181102365
20
-3.7033512204724408
11
5.3535897637795271
21
-3.7038985433070866
0
LINE
8
BLACK
6
CONTINUOUS
10
5.3535897637795271
20
-3.7038985433070866
11
5.3552501574803149
21
-3.7038985433070866
0
LINE
8
BLACK
6
CONTINUOUS
10
5.3552501574803149
20
-3.7038985433070866
11
5.3563448031496064
21
-3.7033511811023621
0
LINE
8
BLACK
6
CONTINUOUS
10
5.3563448031496064
20
-3.7033511811023621
11
5.3568769685039372
21
-3.7028190551181099
0
LINE
8
BLACK
6
CONTINUOUS
10
5.3568769685039372
20
-3.7028190551181099
11
5.3574242913385826
21
-3.7017244488188976
0
LINE
8
BLACK
6
CONTINUOUS
10
5.3574242913385826
20
-3.7017244488188976
11
5.3574242913385826
21
-3.6972899999999997
0
LINE
8
BLACK
6
CONTINUOUS
10
5.3574242913385826
20
-3.6972899999999997
11
5.3514156692913382
21
-3.6972899999999997
0
LINE
8
BLACK
6
CONTINUOUS
10
5.3514156692913382
20
-3.6972899999999997
11
5.3514156692913382
21
-3.7017244488188976
0
LINE
8
BLACK
6
CONTINUOUS
10
5.7025673622047242
20
-3.6397640551181101
11
5.7025930314960629
21
-3.6397555118110234
0
LINE
8
BLACK
6
CONTINUOUS
10
5.7025930314960629
20
-3.6397555118110234
11
5.7027755511811025
21
-3.639805472440945
0
LINE
8
BLACK
6
CONTINUOUS
10
5.7027755511811025
20
-3.639805472440945
11
5.7029613385826767
21
-3.6398424409448817
0
LINE
8
BLACK
6
CONTINUOUS
10
5.7029613385826767
20
-3.6398424409448817
11
5.7029804724409452
21
-3.6398615748031493
0
LINE
8
BLACK
6
CONTINUOUS
10
5.7029804724409452
20
-3.6398615748031493
11
5.7030375590551179
21
-3.6398772047244092
0
LINE
8
BLACK
6
CONTINUOUS
10
5.7030375590551179
20
-3.6398772047244092
11
5.7045373622047242
21
-3.6406271259842518
0
LINE
8
BLACK
6
CONTINUOUS
10
5.7045373622047242
20
-3.6406271259842518
11
5.7046868110236222
21
-3.640743149606299
0
LINE
8
BLACK
6
CONTINUOUS
10
5.7046868110236222
20
-3.640743149606299
11
5.7048442913385822
21
-3.6408483464566928
0
LINE
8
BLACK
6
CONTINUOUS
10
5.7048442913385822
20
-3.6408483464566928
11
5.7055941732283459
21
-3.6415982283464565
0
LINE
8
BLACK
6
CONTINUOUS
10
5.7055941732283459
20
-3.6415982283464565
11
5.7056992519685039
21
-3.6417554724409449
0
LINE
8
BLACK
6
CONTINUOUS
10
5.7056992519685039
20
-3.6417554724409449
11
5.7058154724409444
21
-3.6419052362204725
0
LINE
8
BLACK
6
CONTINUOUS
10
5.7058154724409444
20
-3.6419052362204725
11
5.7065653543307082
21
-3.6434050393700788
0
LINE
8
BLACK
6
CONTINUOUS
10
5.7065653543307082
20
-3.6434050393700788
11
5.7065809448818898
21
-3.6434620472440944
0
LINE
8
BLACK
6
CONTINUOUS
10
5.7065809448818898
20
-3.6434620472440944
11
5.7066001181102362
21
-3.6434812204724407
0
LINE
8
BLACK
6
CONTINUOUS
10
5.7066001181102362
20
-3.6434812204724407
11
5.7066370472440946
21
-3.6436670078740159
0
LINE
8
BLACK
6
CONTINUOUS
10
5.7066370472440946
20
-3.6436670078740159
11
5.7066870472440945
21
-3.643849527559055
0
LINE
8
BLACK
6
CONTINUOUS
10
5.7066870472440945
20
-3.643849527559055
11
5.7066784645669291
21
-3.643875157480315
0
LINE
8
BLACK
6
CONTINUOUS
10
5.7066784645669291
20
-3.643875157480315
11
5.7066900393700788
21
-3.6439332283464565
0
LINE
8
BLACK
6
CONTINUOUS
10
5.7066900393700788
20
-3.6439332283464565
11
5.7066900393700788
21
-3.6469328740157478
0
LINE
8
BLACK
6
CONTINUOUS
10
5.7066900393700788
20
-3.6469328740157478
11
5.7066784645669291
21
-3.646990905511811
0
LINE
8
BLACK
6
CONTINUOUS
10
5.7066784645669291
20
-3.646990905511811
11
5.7066870472440945
21
-3.6470165748031493
0
LINE
8
BLACK
6
CONTINUOUS
10
5.7066870472440945
20
-3.6470165748031493
11
5.7066370472440946
21
-3.6471990551181102
0
LINE
8
BLACK
6
CONTINUOUS
10
5.7066370472440946
20
-3.6471990551181102
11
5.7066001181102362
21
-3.6473848818897636
0
LINE
8
BLACK
6
CONTINUOUS
10
5.7066001181102362
20
-3.6473848818897636
11
5.7065809448818898
21
-3.6474040157480312
0
LINE
8
BLACK
6
CONTINUOUS
10
5.7065809448818898
20
-3.6474040157480312
11
5.7065653543307082
21
-3.647461062992126
0
LINE
8
BLACK
6
CONTINUOUS
10
5.7065653543307082
20
-3.647461062992126
11
5.7058154724409444
21
-3.6489608661417323
0
LINE
8
BLACK
6
CONTINUOUS
10
5.7058154724409444
20
-3.6489608661417323
11
5.7056993307086614
21
-3.6491104724409449
0
LINE
8
BLACK
6
CONTINUOUS
10
5.7056993307086614
20
-3.6491104724409449
11
5.7055942125984247
21
-3.6492678346456691
0
LINE
8
BLACK
6
CONTINUOUS
10
5.7055942125984247
20
-3.6492678346456691
11
5.7048442913385822
21
-3.6500177559055116
0
LINE
8
BLACK
6
CONTINUOUS
10
5.7048442913385822
20
-3.6500177559055116
11
5.7046869291338584
21
-3.6501228346456691
0
LINE
8
BLACK
6
CONTINUOUS
10
5.7046869291338584
20
-3.6501228346456691
11
5.7045373228346454
21
-3.6502390157480313
0
LINE
8
BLACK
6
CONTINUOUS
10
5.7045373228346454
20
-3.6502390157480313
11
5.7030375196850391
21
-3.6509888976377951
0
LINE
8
BLACK
6
CONTINUOUS
10
5.7030375196850391
20
-3.6509888976377951
11
5.7029804724409452
21
-3.6510044881889763
0
LINE
8
BLACK
6
CONTINUOUS
10
5.7029804724409452
20
-3.6510044881889763
11
5.7029613385826767
21
-3.6510236614173226
0
LINE
8
BLACK
6
CONTINUOUS
10
5.7029613385826767
20
-3.6510236614173226
11
5.7027755118110237
21
-3.651060590551181
0
LINE
8
BLACK
6
CONTINUOUS
10
5.7027755118110237
20
-3.651060590551181
11
5.7025930314960629
21
-3.6511105905511809
0
LINE
8
BLACK
6
CONTINUOUS
10
5.7025930314960629
20
-3.6511105905511809
11
5.7025673622047242
21
-3.6511020078740155
0
LINE
8
BLACK
6
CONTINUOUS
10
5.7025673622047242
20
-3.6511020078740155
11
5.7025093307086614
21
-3.6511135826771652
0
LINE
8
BLACK
6
CONTINUOUS
10
5.7025093307086614
20
-3.6511135826771652
11
5.6987598031496063
21
-3.6511135826771652
0
LINE
8
BLACK
6
CONTINUOUS
10
5.6987598031496063
20
-3.6511135826771652
11
5.6987017322834648
21
-3.6511020078740155
0
LINE
8
BLACK
6
CONTINUOUS
10
5.6987017322834648
20
-3.6511020078740155
11
5.6986761023622048
21
-3.6511105905511809
0
LINE
8
BLACK
6
CONTINUOUS
10
5.6986761023622048
20
-3.6511105905511809
11
5.6984935826771652
21
-3.651060590551181
0
LINE
8
BLACK
6
CONTINUOUS
10
5.6984935826771652
20
-3.651060590551181
11
5.6983077952755901
21
-3.6510236614173226
0
LINE
8
BLACK
6
CONTINUOUS
10
5.6983077952755901
20
-3.6510236614173226
11
5.6982886220472437
21
-3.6510044881889763
0
LINE
8
BLACK
6
CONTINUOUS
10
5.6982886220472437
20
-3.6510044881889763
11
5.6982316141732285
21
-3.6509888976377951
0
LINE
8
BLACK
6
CONTINUOUS
10
5.6982316141732285
20
-3.6509888976377951
11
5.6967317716535435
21
-3.6502390157480313
0
LINE
8
BLACK
6
CONTINUOUS
10
5.6967317716535435
20
-3.6502390157480313
11
5.6965821259842517
21
-3.6501228740157479
0
LINE
8
BLACK
6
CONTINUOUS
10
5.6965821259842517
20
-3.6501228740157479
11
5.6964247637795271
21
-3.6500177165354328
0
LINE
8
BLACK
6
CONTINUOUS
10
5.6964247637795271
20
-3.6500177165354328
11
5.6956748818897633
21
-3.6492678346456691
0
LINE
8
BLACK
6
CONTINUOUS
10
5.6956748818897633
20
-3.6492678346456691
11
5.69556968503937
21
-3.6491103543307086
0
LINE
8
BLACK
6
CONTINUOUS
10
5.69556968503937
20
-3.6491103543307086
11
5.6954536614173223
21
-3.6489609055118111
0
LINE
8
BLACK
6
CONTINUOUS
10
5.6954536614173223
20
-3.6489609055118111
11
5.6947037401574798
21
-3.6474611023622048
0
LINE
8
BLACK
6
CONTINUOUS
10
5.6947037401574798
20
-3.6474611023622048
11
5.6946881102362203
21
-3.6474040157480312
0
LINE
8
BLACK
6
CONTINUOUS
10
5.6946881102362203
20
-3.6474040157480312
11
5.6946689763779528
21
-3.6473848818897636
0
LINE
8
BLACK
6
CONTINUOUS
10
5.6946689763779528
20
-3.6473848818897636
11
5.6946320078740156
21
-3.6471990944881889
0
LINE
8
BLACK
6
CONTINUOUS
10
5.6946320078740156
20
-3.6471990944881889
11
5.6945820472440944
21
-3.6470165748031493
0
LINE
8
BLACK
6
CONTINUOUS
10
5.6945820472440944
20
-3.6470165748031493
11
5.6945905905511811
21
-3.646990905511811
0
LINE
8
BLACK
6
CONTINUOUS
10
5.6945905905511811
20
-3.646990905511811
11
5.6945790551181101
21
-3.6469328740157478
0
LINE
8
BLACK
6
CONTINUOUS
10
5.6945790551181101
20
-3.6469328740157478
11
5.6945790551181101
21
-3.6439332283464565
0
LINE
8
BLACK
6
CONTINUOUS
10
5.6945790551181101
20
-3.6439332283464565
11
5.6945905905511811
21
-3.643875157480315
0
LINE
8
BLACK
6
CONTINUOUS
10
5.6945905905511811
20
-3.643875157480315
11
5.6945820472440944
21
-3.643849527559055
0
LINE
8
BLACK
6
CONTINUOUS
10
5.6945820472440944
20
-3.643849527559055
11
5.6946320078740156
21
-3.6436669685039371
0
LINE
8
BLACK
6
CONTINUOUS
10
5.6946320078740156
20
-3.6436669685039371
11
5.6946689763779528
21
-3.6434812204724407
0
LINE
8
BLACK
6
CONTINUOUS
10
5.6946689763779528
20
-3.6434812204724407
11
5.6946881102362203
21
-3.6434620472440944
0
LINE
8
BLACK
6
CONTINUOUS
10
5.6946881102362203
20
-3.6434620472440944
11
5.6947037401574798
21
-3.643405
0
LINE
8
BLACK
6
CONTINUOUS
10
5.6947037401574798
20
-3.643405
11
5.6951622047244097
21
-3.6424879921259841
0
LINE
8
BLACK
6
CONTINUOUS
10
5.6951622047244097
20
-3.6424879921259841
11
5.6939954330708664
21
-3.6427797244094489
0
LINE
8
BLACK
6
CONTINUOUS
10
5.6939954330708664
20
-3.6427797244094489
11
5.6920131496062991
21
-3.6441012204724408
0
LINE
8
BLACK
6
CONTINUOUS
10
5.6920131496062991
20
-3.6441012204724408
11
5.691481496062992
21
-3.6446328346456691
0
LINE
8
BLACK
6
CONTINUOUS
10
5.691481496062992
20
-3.6446328346456691
11
5.6909420078740158
21
-3.6457118897637795
0
LINE
8
BLACK
6
CONTINUOUS
10
5.6909420078740158
20
-3.6457118897637795
11
5.6909420078740158
21
-3.6484326771653541
0
LINE
8
BLACK
6
CONTINUOUS
10
5.6909420078740158
20
-3.6484326771653541
11
5.6908520866141732
21
-3.6488846850393699
0
LINE
8
BLACK
6
CONTINUOUS
10
5.6908520866141732
20
-3.6488846850393699
11
5.6902129133858264
21
-3.6495238582677163
0
LINE
8
BLACK
6
CONTINUOUS
10
5.6902129133858264
20
-3.6495238582677163
11
5.6893088976377948
21
-3.6495238582677163
0
LINE
8
BLACK
6
CONTINUOUS
10
5.6893088976377948
20
-3.6495238582677163
11
5.6886697244094488
21
-3.6488846850393699
0
LINE
8
BLACK
6
CONTINUOUS
10
5.6886697244094488
20
-3.6488846850393699
11
5.6885798031496062
21
-3.6484326771653541
0
LINE
8
BLACK
6
CONTINUOUS
10
5.6885798031496062
20
-3.6484326771653541
11
5.6885798031496062
21
-3.6454330708661415
0
LINE
8
BLACK
6
CONTINUOUS
10
5.6885798031496062
20
-3.6454330708661415
11
5.6885913385826772
21
-3.645375
0
LINE
8
BLACK
6
CONTINUOUS
10
5.6885913385826772
20
-3.645375
11
5.6885827952755905
21
-3.64534937007874
0
LINE
8
BLACK
6
CONTINUOUS
10
5.6885827952755905
20
-3.64534937007874
11
5.6886327559055117
21
-3.6451668503937009
0
LINE
8
BLACK
6
CONTINUOUS
10
5.6886327559055117
20
-3.6451668503937009
11
5.6886697244094488
21
-3.6449810629921258
0
LINE
8
BLACK
6
CONTINUOUS
10
5.6886697244094488
20
-3.6449810629921258
11
5.6886888582677164
21
-3.6449618897637794
0
LINE
8
BLACK
6
CONTINUOUS
10
5.6886888582677164
20
-3.6449618897637794
11
5.6887044881889759
21
-3.6449048818897638
0
LINE
8
BLACK
6
CONTINUOUS
10
5.6887044881889759
20
-3.6449048818897638
11
5.6894544094488184
21
-3.643405
0
LINE
8
BLACK
6
CONTINUOUS
10
5.6894544094488184
20
-3.643405
11
5.6895706299212598
21
-3.6432552362204724
0
LINE
8
BLACK
6
CONTINUOUS
10
5.6895706299212598
20
-3.6432552362204724
11
5.6896756692913382
21
-3.6430980708661416
0
LINE
8
BLACK
6
CONTINUOUS
10
5.6896756692913382
20
-3.6430980708661416
11
5.6904255511811019
21
-3.642348149606299
0
LINE
8
BLACK
6
CONTINUOUS
10
5.6904255511811019
20
-3.642348149606299
11
5.690522755905512
21
-3.6422831496062993
0
LINE
8
BLACK
6
CONTINUOUS
10
5.690522755905512
20
-3.6422831496062993
11
5.6906055511811022
21
-3.6422005905511812
0
LINE
8
BLACK
6
CONTINUOUS
10
5.6906055511811022
20
-3.6422005905511812
11
5.692855275590551
21
-3.6407008267716536
0
LINE
8
BLACK
6
CONTINUOUS
10
5.692855275590551
20
-3.6407008267716536
11
5.6930416535433066
21
-3.6406238188976379
0
LINE
8
BLACK
6
CONTINUOUS
10
5.6930416535433066
20
-3.6406238188976379
11
5.6932239763779524
21
-3.6405377165354329
0
LINE
8
BLACK
6
CONTINUOUS
10
5.6932239763779524
20
-3.6405377165354329
11
5.6962236220472438
21
-3.6397877952755904
0
LINE
8
BLACK
6
CONTINUOUS
10
5.6962236220472438
20
-3.6397877952755904
11
5.6963680708661419
21
-3.6397807480314959
0
LINE
8
BLACK
6
CONTINUOUS
10
5.6963680708661419
20
-3.6397807480314959
11
5.6965100787401575
21
-3.6397525196850391
0
LINE
8
BLACK
6
CONTINUOUS
10
5.6965100787401575
20
-3.6397525196850391
11
5.7025093307086614
21
-3.6397525196850391
0
LINE
8
BLACK
6
CONTINUOUS
10
5.7025093307086614
20
-3.6397525196850391
11
5.7025673622047242
21
-3.6397640551181101
0
LINE
8
BLACK
6
CONTINUOUS
10
5.6979596062992126
20
-3.6426542125984249
11
5.697480748031496
21
-3.6431330314960628
0
LINE
8
BLACK
6
CONTINUOUS
10
5.697480748031496
20
-3.6431330314960628
11
5.6969412598425198
21
-3.6442120866141732
0
LINE
8
BLACK
6
CONTINUOUS
10
5.6969412598425198
20
-3.6442120866141732
11
5.6969412598425198
21
-3.6466540157480316
0
LINE
8
BLACK
6
CONTINUOUS
10
5.6969412598425198
20
-3.6466540157480316
11
5.697480748031496
21
-3.647732992125984
0
LINE
8
BLACK
6
CONTINUOUS
10
5.697480748031496
20
-3.647732992125984
11
5.6979596456692914
21
-3.6482118897637794
0
LINE
8
BLACK
6
CONTINUOUS
10
5.6979596456692914
20
-3.6482118897637794
11
5.6990386220472438
21
-3.6487513779527556
0
LINE
8
BLACK
6
CONTINUOUS
10
5.6990386220472438
20
-3.6487513779527556
11
5.7022305118110239
21
-3.6487513779527556
0
LINE
8
BLACK
6
CONTINUOUS
10
5.7022305118110239
20
-3.6487513779527556
11
5.7033095275590551
21
-3.6482118503937007
0
LINE
8
BLACK
6
CONTINUOUS
10
5.7033095275590551
20
-3.6482118503937007
11
5.7037883070866142
21
-3.6477330708661415
0
LINE
8
BLACK
6
CONTINUOUS
10
5.7037883070866142
20
-3.6477330708661415
11
5.7043278346456692
21
-3.6466540551181104
0
LINE
8
BLACK
6
CONTINUOUS
10
5.7043278346456692
20
-3.6466540551181104
11
5.7043278346456692
21
-3.6442120078740157
0
LINE
8
BLACK
6
CONTINUOUS
10
5.7043278346456692
20
-3.6442120078740157
11
5.7037883858267717
21
-3.6431331102362203
0
LINE
8
BLACK
6
CONTINUOUS
10
5.7037883858267717
20
-3.6431331102362203
11
5.7033094488188976
21
-3.6426542125984249
0
LINE
8
BLACK
6
CONTINUOUS
10
5.7033094488188976
20
-3.6426542125984249
11
5.7022304724409452
21
-3.6421147244094487
0
LINE
8
BLACK
6
CONTINUOUS
10
5.7022304724409452
20
-3.6421147244094487
11
5.6990386614173225
21
-3.6421147244094487
0
LINE
8
BLACK
6
CONTINUOUS
10
5.6990386614173225
20
-3.6421147244094487
11
5.6979596062992126
21
-3.6426542125984249
0
LINE
8
BLACK
6
CONTINUOUS
10
5.7059609448818893
20
-3.6248443307086613
11
5.7066001181102362
21
-3.6254835039370077
0
LINE
8
BLACK
6
CONTINUOUS
10
5.7066001181102362
20
-3.6254835039370077
11
5.7066001181102362
21
-3.6263875196850393
0
LINE
8
BLACK
6
CONTINUOUS
10
5.7066001181102362
20
-3.6263875196850393
11
5.7059609448818893
21
-3.6270266929133856
0
LINE
8
BLACK
6
CONTINUOUS
10
5.7059609448818893
20
-3.6270266929133856
11
5.705508937007874
21
-3.6271166141732283
0
LINE
8
BLACK
6
CONTINUOUS
10
5.705508937007874
20
-3.6271166141732283
11
5.6991909842519686
21
-3.6271166141732283
0
LINE
8
BLACK
6
CONTINUOUS
10
5.6991909842519686
20
-3.6271166141732283
11
5.6991909842519686
21
-3.6290700787401575
0
LINE
8
BLACK
6
CONTINUOUS
10
5.6991909842519686
20
-3.6290700787401575
11
5.706186220472441
21
-3.6339667716535433
0
LINE
8
BLACK
6
CONTINUOUS
10
5.706186220472441
20
-3.6339667716535433
11
5.7065049606299212
21
-3.6342996456692913
0
LINE
8
BLACK
6
CONTINUOUS
10
5.7065049606299212
20
-3.6342996456692913
11
5.7066620472440945
21
-3.6351898031496064
0
LINE
8
BLACK
6
CONTINUOUS
10
5.7066620472440945
20
-3.6351898031496064
11
5.7061436614173227
21
-3.6359303937007872
0
LINE
8
BLACK
6
CONTINUOUS
10
5.7061436614173227
20
-3.6359303937007872
11
5.7052534645669288
21
-3.6360874803149605
0
LINE
8
BLACK
6
CONTINUOUS
10
5.7052534645669288
20
-3.6360874803149605
11
5.7048316141732283
21
-3.6359019685039371
0
LINE
8
BLACK
6
CONTINUOUS
10
5.7048316141732283
20
-3.6359019685039371
11
5.6991876771653542
21
-3.6319512204724407
0
LINE
8
BLACK
6
CONTINUOUS
10
5.6991876771653542
20
-3.6319512204724407
11
5.6991794488188976
21
-3.6319927165354331
0
LINE
8
BLACK
6
CONTINUOUS
10
5.6991794488188976
20
-3.6319927165354331
11
5.699188031496063
21
-3.6320184645669289
0
LINE
8
BLACK
6
CONTINUOUS
10
5.699188031496063
20
-3.6320184645669289
11
5.6991379527559056
21
-3.6322012598425197
0
LINE
8
BLACK
6
CONTINUOUS
10
5.6991379527559056
20
-3.6322012598425197
11
5.6991010629921259
21
-3.6323867716535432
0
LINE
8
BLACK
6
CONTINUOUS
10
5.6991010629921259
20
-3.6323867716535432
11
5.6990818897637796
21
-3.6324059055118108
0
LINE
8
BLACK
6
CONTINUOUS
10
5.6990818897637796
20
-3.6324059055118108
11
5.699066299212598
21
-3.6324629527559056
0
LINE
8
BLACK
6
CONTINUOUS
10
5.699066299212598
20
-3.6324629527559056
11
5.6983163779527555
21
-3.6339627952755906
0
LINE
8
BLACK
6
CONTINUOUS
10
5.6983163779527555
20
-3.6339627952755906
11
5.6982003937007875
21
-3.6341121653543307
0
LINE
8
BLACK
6
CONTINUOUS
10
5.6982003937007875
20
-3.6341121653543307
11
5.6980951574803145
21
-3.6342697244094486
0
LINE
8
BLACK
6
CONTINUOUS
10
5.6980951574803145
20
-3.6342697244094486
11
5.697345236220472
21
-3.6350196062992124
0
LINE
8
BLACK
6
CONTINUOUS
10
5.697345236220472
20
-3.6350196062992124
11
5.6971880314960632
21
-3.6351246062992124
0
LINE
8
BLACK
6
CONTINUOUS
10
5.6971880314960632
20
-3.6351246062992124
11
5.697038307086614
21
-3.6352408661417321
0
LINE
8
BLACK
6
CONTINUOUS
10
5.697038307086614
20
-3.6352408661417321
11
5.6955384251968502
21
-3.6359907874015747
0
LINE
8
BLACK
6
CONTINUOUS
10
5.6955384251968502
20
-3.6359907874015747
11
5.6954813779527562
21
-3.6360063779527558
0
LINE
8
BLACK
6
CONTINUOUS
10
5.6954813779527562
20
-3.6360063779527558
11
5.6954622440944878
21
-3.6360255511811022
0
LINE
8
BLACK
6
CONTINUOUS
10
5.6954622440944878
20
-3.6360255511811022
11
5.6952764173228347
21
-3.6360624803149606
0
LINE
8
BLACK
6
CONTINUOUS
10
5.6952764173228347
20
-3.6360624803149606
11
5.6950939370078739
21
-3.6361124803149605
0
LINE
8
BLACK
6
CONTINUOUS
10
5.6950939370078739
20
-3.6361124803149605
11
5.6950682677165352
21
-3.6361038976377951
0
LINE
8
BLACK
6
CONTINUOUS
10
5.6950682677165352
20
-3.6361038976377951
11
5.6950102362204724
21
-3.6361154724409448
0
LINE
8
BLACK
6
CONTINUOUS
10
5.6950102362204724
20
-3.6361154724409448
11
5.6927605511811024
21
-3.6361154724409448
0
LINE
8
BLACK
6
CONTINUOUS
10
5.6927605511811024
20
-3.6361154724409448
11
5.6927025590551183
21
-3.6361039370078738
0
LINE
8
BLACK
6
CONTINUOUS
10
5.6927025590551183
20
-3.6361039370078738
11
5.6926768503937009
21
-3.6361125196850392
0
LINE
8
BLACK
6
CONTINUOUS
10
5.6926768503937009
20
-3.6361125196850392
11
5.6924940157480313
21
-3.6360624409448818
0
LINE
8
BLACK
6
CONTINUOUS
10
5.6924940157480313
20
-3.6360624409448818
11
5.6923085433070861
21
-3.6360255511811022
0
LINE
8
BLACK
6
CONTINUOUS
10
5.6923085433070861
20
-3.6360255511811022
11
5.6922893700787398
21
-3.6360063779527558
0
LINE
8
BLACK
6
CONTINUOUS
10
5.6922893700787398
20
-3.6360063779527558
11
5.6922323622047246
21
-3.6359907874015747
0
LINE
8
BLACK
6
CONTINUOUS
10
5.6922323622047246
20
-3.6359907874015747
11
5.6907325196850396
21
-3.6352408661417321
0
LINE
8
BLACK
6
CONTINUOUS
10
5.6907325196850396
20
-3.6352408661417321
11
5.6905832677165353
21
-3.6351249999999999
0
LINE
8
BLACK
6
CONTINUOUS
10
5.6905832677165353
20
-3.6351249999999999
11
5.6904255511811019
21
-3.6350196456692911
0
LINE
8
BLACK
6
CONTINUOUS
10
5.6904255511811019
20
-3.6350196456692911
11
5.6896756692913382
21
-3.6342697244094486
0
LINE
8
BLACK
6
CONTINUOUS
10
5.6896756692913382
20
-3.6342697244094486
11
5.6895706299212598
21
-3.6341125196850395
0
LINE
8
BLACK
6
CONTINUOUS
10
5.6895706299212598
20
-3.6341125196850395
11
5.6894544094488184
21
-3.6339627952755906
0
LINE
8
BLACK
6
CONTINUOUS
10
5.6894544094488184
20
-3.6339627952755906
11
5.6887044881889759
21
-3.6324629921259843
0
LINE
8
BLACK
6
CONTINUOUS
10
5.6887044881889759
20
-3.6324629921259843
11
5.6886888582677164
21
-3.6324059055118108
0
LINE
8
BLACK
6
CONTINUOUS
10
5.6886888582677164
20
-3.6324059055118108
11
5.6886697244094488
21
-3.6323867716535432
0
LINE
8
BLACK
6
CONTINUOUS
10
5.6886697244094488
20
-3.6323867716535432
11
5.6886327559055117
21
-3.6322009842519685
0
LINE
8
BLACK
6
CONTINUOUS
10
5.6886327559055117
20
-3.6322009842519685
11
5.6885827952755905
21
-3.6320184645669289
0
LINE
8
BLACK
6
CONTINUOUS
10
5.6885827952755905
20
-3.6320184645669289
11
5.6885913385826772
21
-3.6319927952755906
0
LINE
8
BLACK
6
CONTINUOUS
10
5.6885913385826772
20
-3.6319927952755906
11
5.6885798031496062
21
-3.6319347637795274
0
LINE
8
BLACK
6
CONTINUOUS
10
5.6885798031496062
20
-3.6319347637795274
11
5.6885798031496062
21
-3.6259355118110235
0
LINE
8
BLACK
6
CONTINUOUS
10
5.6885798031496062
20
-3.6259355118110235
11
5.6886697244094488
21
-3.6254835039370077
0
LINE
8
BLACK
6
CONTINUOUS
10
5.6886697244094488
20
-3.6254835039370077
11
5.6893088976377948
21
-3.6248443307086613
0
LINE
8
BLACK
6
CONTINUOUS
10
5.6893088976377948
20
-3.6248443307086613
11
5.689760905511811
21
-3.6247544094488187
0
LINE
8
BLACK
6
CONTINUOUS
10
5.689760905511811
20
-3.6247544094488187
11
5.705508937007874
21
-3.6247544094488187
0
LINE
8
BLACK
6
CONTINUOUS
10
5.705508937007874
20
-3.6247544094488187
11
5.7059609448818893
21
-3.6248443307086613
0
LINE
8
BLACK
6
CONTINUOUS
10
5.6909420078740158
20
-3.6316559055118107
11
5.691481496062992
21
-3.6327349212598423
0
LINE
8
BLACK
6
CONTINUOUS
10
5.691481496062992
20
-3.6327349212598423
11
5.6919603543307087
21
-3.6332137401574802
0
LINE
8
BLACK
6
CONTINUOUS
10
5.6919603543307087
20
-3.6332137401574802
11
5.6930394094488186
21
-3.6337532677165352
0
LINE
8
BLACK
6
CONTINUOUS
10
5.6930394094488186
20
-3.6337532677165352
11
5.6947314173228349
21
-3.6337532677165352
0
LINE
8
BLACK
6
CONTINUOUS
10
5.6947314173228349
20
-3.6337532677165352
11
5.6958104330708661
21
-3.6332137401574802
0
LINE
8
BLACK
6
CONTINUOUS
10
5.6958104330708661
20
-3.6332137401574802
11
5.6962892125984252
21
-3.6327349212598423
0
LINE
8
BLACK
6
CONTINUOUS
10
5.6962892125984252
20
-3.6327349212598423
11
5.696828779527559
21
-3.6316558661417324
0
LINE
8
BLACK
6
CONTINUOUS
10
5.696828779527559
20
-3.6316558661417324
11
5.696828779527559
21
-3.6271166141732283
0
LINE
8
BLACK
6
CONTINUOUS
10
5.696828779527559
20
-3.6271166141732283
11
5.6909420078740158
21
-3.6271166141732283
0
LINE
8
BLACK
6
CONTINUOUS
10
5.6909420078740158
20
-3.6271166141732283
11
5.6909420078740158
21
-3.6316559055118107
0
LINE
8
BLACK
6
CONTINUOUS
10
5.7153399212598428
20
-3.6042443307086613
11
5.7164052755905512
21
-3.6053096850393702
0
LINE
8
BLACK
6
CONTINUOUS
10
5.7164052755905512
20
-3.6053096850393702
11
5.7165551181102359
21
-3.6060629921259841
0
LINE
8
BLACK
6
CONTINUOUS
10
5.7165551181102359
20
-3.6060629921259841
11
5.7165551181102359
21
-3.669055118110236
0
LINE
8
BLACK
6
CONTINUOUS
10
5.7165551181102359
20
-3.669055118110236
11
5.7164052755905512
21
-3.6698084251968504
0
LINE
8
BLACK
6
CONTINUOUS
10
5.7164052755905512
20
-3.6698084251968504
11
5.7153399212598428
21
-3.6708737795275588
0
LINE
8
BLACK
6
CONTINUOUS
10
5.7153399212598428
20
-3.6708737795275588
11
5.7145866141732284
21
-3.6710236220472439
0
LINE
8
BLACK
6
CONTINUOUS
10
5.7145866141732284
20
-3.6710236220472439
11
5.6821062992125979
21
-3.6710236220472439
0
LINE
8
BLACK
6
CONTINUOUS
10
5.6821062992125979
20
-3.6710236220472439
11
5.6813529921259844
21
-3.6708737795275588
0
LINE
8
BLACK
6
CONTINUOUS
10
5.6813529921259844
20
-3.6708737795275588
11
5.6802876377952751
21
-3.6698084251968504
0
LINE
8
BLACK
6
CONTINUOUS
10
5.6802876377952751
20
-3.6698084251968504
11
5.6801377952755905
21
-3.669055118110236
0
LINE
8
BLACK
6
CONTINUOUS
10
5.6801377952755905
20
-3.669055118110236
11
5.6801377952755905
21
-3.6060629921259841
0
LINE
8
BLACK
6
CONTINUOUS
10
5.6801377952755905
20
-3.6060629921259841
11
5.6802876377952751
21
-3.6053096850393702
0
LINE
8
BLACK
6
CONTINUOUS
10
5.6802876377952751
20
-3.6053096850393702
11
5.6813529921259844
21
-3.6042443307086613
0
LINE
8
BLACK
6
CONTINUOUS
10
5.6813529921259844
20
-3.6042443307086613
11
5.6821062992125979
21
-3.6040944881889763
0
LINE
8
BLACK
6
CONTINUOUS
10
5.6821062992125979
20
-3.6040944881889763
11
5.7145866141732284
21
-3.6040944881889763
0
LINE
8
BLACK
6
CONTINUOUS
10
5.7145866141732284
20
-3.6040944881889763
11
5.7153399212598428
21
-3.6042443307086613
0
LINE
8
BLACK
6
CONTINUOUS
10
5.6840748031496062
20
-3.608031496062992
11
5.6840748031496062
21
-3.6670866141732281
0
LINE
8
BLACK
6
CONTINUOUS
10
5.6840748031496062
20
-3.6670866141732281
11
5.7126181102362201
21
-3.6670866141732281
0
LINE
8
BLACK
6
CONTINUOUS
10
5.7126181102362201
20
-3.6670866141732281
11
5.7126181102362201
21
-3.608031496062992
0
LINE
8
BLACK
6
CONTINUOUS
10
5.7126181102362201
20
-3.608031496062992
11
5.6840748031496062
21
-3.608031496062992
0
LINE
8
BLACK
6
CONTINUOUS
10
5.5001526377952752
20
-3.6401204330708659
11
5.5004385039370076
21
-3.6409779527559056
0
LINE
8
BLACK
6
CONTINUOUS
10
5.5004385039370076
20
-3.6409779527559056
11
5.5003167716535435
21
-3.6414224409448819
0
LINE
8
BLACK
6
CONTINUOUS
10
5.5003167716535435
20
-3.6414224409448819
11
5.499566850393701
21
-3.6429222834645669
0
LINE
8
BLACK
6
CONTINUOUS
10
5.499566850393701
20
-3.6429222834645669
11
5.4994507086614171
21
-3.6430718503937007
0
LINE
8
BLACK
6
CONTINUOUS
10
5.4994507086614171
20
-3.6430718503937007
11
5.4993455905511812
21
-3.6432292519685037
0
LINE
8
BLACK
6
CONTINUOUS
10
5.4993455905511812
20
-3.6432292519685037
11
5.4983622047244092
21
-3.644212598425197
0
LINE
8
BLACK
6
CONTINUOUS
10
5.4983622047244092
20
-3.644212598425197
11
5.5093278346456689
21
-3.644212598425197
0
LINE
8
BLACK
6
CONTINUOUS
10
5.5093278346456689
20
-3.644212598425197
11
5.5093278346456689
21
-3.6408942519685037
0
LINE
8
BLACK
6
CONTINUOUS
10
5.5093278346456689
20
-3.6408942519685037
11
5.5094177559055115
21
-3.6404422440944879
0
LINE
8
BLACK
6
CONTINUOUS
10
5.5094177559055115
20
-3.6404422440944879
11
5.5100569291338584
21
-3.6398030708661415
0
LINE
8
BLACK
6
CONTINUOUS
10
5.5100569291338584
20
-3.6398030708661415
11
5.5109609448818899
21
-3.6398030708661415
0
LINE
8
BLACK
6
CONTINUOUS
10
5.5109609448818899
20
-3.6398030708661415
11
5.5116001181102359
21
-3.6404422440944879
0
LINE
8
BLACK
6
CONTINUOUS
10
5.5116001181102359
20
-3.6404422440944879
11
5.5116900393700785
21
-3.6408942519685037
0
LINE
8
BLACK
6
CONTINUOUS
10
5.5116900393700785
20
-3.6408942519685037
11
5.5116900393700785
21
-3.6498931102362202
0
LINE
8
BLACK
6
CONTINUOUS
10
5.5116900393700785
20
-3.6498931102362202
11
5.5116001181102359
21
-3.650345118110236
0
LINE
8
BLACK
6
CONTINUOUS
10
5.5116001181102359
20
-3.650345118110236
11
5.5109609448818899
21
-3.6509842913385824
0
LINE
8
BLACK
6
CONTINUOUS
10
5.5109609448818899
20
-3.6509842913385824
11
5.5100569291338584
21
-3.6509842913385824
0
LINE
8
BLACK
6
CONTINUOUS
10
5.5100569291338584
20
-3.6509842913385824
11
5.5094177559055115
21
-3.650345118110236
0
LINE
8
BLACK
6
CONTINUOUS
10
5.5094177559055115
20
-3.650345118110236
11
5.5093278346456689
21
-3.6498931102362202
0
LINE
8
BLACK
6
CONTINUOUS
10
5.5093278346456689
20
-3.6498931102362202
11
5.5093278346456689
21
-3.6465748031496061
0
LINE
8
BLACK
6
CONTINUOUS
10
5.5093278346456689
20
-3.6465748031496061
11
5.4947609055118107
21
-3.6465748031496061
0
LINE
8
BLACK
6
CONTINUOUS
10
5.4947609055118107
20
-3.6465748031496061
11
5.4943088976377954
21
-3.6464848818897635
0
LINE
8
BLACK
6
CONTINUOUS
10
5.4943088976377954
20
-3.6464848818897635
11
5.4942229133858262
21
-3.6463988976377952
0
LINE
8
BLACK
6
CONTINUOUS
10
5.4942229133858262
20
-3.6463988976377952
11
5.4941037401574802
21
-3.6463750787401574
0
LINE
8
BLACK
6
CONTINUOUS
10
5.4941037401574802
20
-3.6463750787401574
11
5.4939129527559052
21
-3.6460889370078737
0
LINE
8
BLACK
6
CONTINUOUS
10
5.4939129527559052
20
-3.6460889370078737
11
5.4936697244094486
21
-3.6458457086614171
0
LINE
8
BLACK
6
CONTINUOUS
10
5.4936697244094486
20
-3.6458457086614171
11
5.4936697244094486
21
-3.6457240944881888
0
LINE
8
BLACK
6
CONTINUOUS
10
5.4936697244094486
20
-3.6457240944881888
11
5.4936022440944878
21
-3.6456229133858269
0
LINE
8
BLACK
6
CONTINUOUS
10
5.4936022440944878
20
-3.6456229133858269
11
5.4936697244094486
21
-3.6452855118110237
0
LINE
8
BLACK
6
CONTINUOUS
10
5.4936697244094486
20
-3.6452855118110237
11
5.4936697244094486
21
-3.6449416929133855
0
LINE
8
BLACK
6
CONTINUOUS
10
5.4936697244094486
20
-3.6449416929133855
11
5.4937556692913381
21
-3.6448557086614173
0
LINE
8
BLACK
6
CONTINUOUS
10
5.4937556692913381
20
-3.6448557086614173
11
5.4937795275590551
21
-3.6447365354330707
0
LINE
8
BLACK
6
CONTINUOUS
10
5.4937795275590551
20
-3.6447365354330707
11
5.4941057480314957
21
-3.6444109842519685
0
LINE
8
BLACK
6
CONTINUOUS
10
5.4941057480314957
20
-3.6444109842519685
11
5.4962582283464565
21
-3.6429759055118107
0
LINE
8
BLACK
6
CONTINUOUS
10
5.4962582283464565
20
-3.6429759055118107
11
5.4975397244094486
21
-3.6416944094488186
0
LINE
8
BLACK
6
CONTINUOUS
10
5.4975397244094486
20
-3.6416944094488186
11
5.4982039370078741
21
-3.6403660236220472
0
LINE
8
BLACK
6
CONTINUOUS
10
5.4982039370078741
20
-3.6403660236220472
11
5.498486535433071
21
-3.6400019685039369
0
LINE
8
BLACK
6
CONTINUOUS
10
5.498486535433071
20
-3.6400019685039369
11
5.4993440551181099
21
-3.6397161023622044
0
LINE
8
BLACK
6
CONTINUOUS
10
5.4993440551181099
20
-3.6397161023622044
11
5.5001526377952752
21
-3.6401204330708659
0
LINE
8
BLACK
6
CONTINUOUS
10
5.5109609448818899
20
-3.6248049606299211
11
5.5116001181102359
21
-3.6254441338582675
0
LINE
8
BLACK
6
CONTINUOUS
10
5.5116001181102359
20
-3.6254441338582675
11
5.5116001181102359
21
-3.626348149606299
0
LINE
8
BLACK
6
CONTINUOUS
10
5.5116001181102359
20
-3.626348149606299
11
5.5109609448818899
21
-3.6269873228346454
0
LINE
8
BLACK
6
CONTINUOUS
10
5.5109609448818899
20
-3.6269873228346454
11
5.5105089370078737
21
-3.6270772440944881
0
LINE
8
BLACK
6
CONTINUOUS
10
5.5105089370078737
20
-3.6270772440944881
11
5.5041909842519683
21
-3.6270772440944881
0
LINE
8
BLACK
6
CONTINUOUS
10
5.5041909842519683
20
-3.6270772440944881
11
5.5041909842519683
21
-3.6290307086614173
0
LINE
8
BLACK
6
CONTINUOUS
10
5.5041909842519683
20
-3.6290307086614173
11
5.5111862204724407
21
-3.6339274015748031
0
LINE
8
BLACK
6
CONTINUOUS
10
5.5111862204724407
20
-3.6339274015748031
11
5.5115049606299209
21
-3.6342602755905511
0
LINE
8
BLACK
6
CONTINUOUS
10
5.5115049606299209
20
-3.6342602755905511
11
5.5116620472440943
21
-3.6351504330708662
0
LINE
8
BLACK
6
CONTINUOUS
10
5.5116620472440943
20
-3.6351504330708662
11
5.5111436614173224
21
-3.635891023622047
0
LINE
8
BLACK
6
CONTINUOUS
10
5.5111436614173224
20
-3.635891023622047
11
5.5102534645669294
21
-3.6360481102362203
0
LINE
8
BLACK
6
CONTINUOUS
10
5.5102534645669294
20
-3.6360481102362203
11
5.509831614173228
21
-3.6358625984251969
0
LINE
8
BLACK
6
CONTINUOUS
10
5.509831614173228
20
-3.6358625984251969
11
5.504187677165354
21
-3.6319118503937009
0
LINE
8
BLACK
6
CONTINUOUS
10
5.504187677165354
20
-3.6319118503937009
11
5.5041794488188973
21
-3.6319533464566929
0
LINE
8
BLACK
6
CONTINUOUS
10
5.5041794488188973
20
-3.6319533464566929
11
5.5041880314960627
21
-3.6319790944881887
0
LINE
8
BLACK
6
CONTINUOUS
10
5.5041880314960627
20
-3.6319790944881887
11
5.5041379527559053
21
-3.6321618897637795
0
LINE
8
BLACK
6
CONTINUOUS
10
5.5041379527559053
20
-3.6321618897637795
11
5.5041010629921256
21
-3.632347401574803
0
LINE
8
BLACK
6
CONTINUOUS
10
5.5041010629921256
20
-3.632347401574803
11
5.5040818897637793
21
-3.632366535433071
0
LINE
8
BLACK
6
CONTINUOUS
10
5.5040818897637793
20
-3.632366535433071
11
5.5040662992125986
21
-3.6324235826771654
0
LINE
8
BLACK
6
CONTINUOUS
10
5.5040662992125986
20
-3.6324235826771654
11
5.5033163779527561
21
-3.6339234251968504
0
LINE
8
BLACK
6
CONTINUOUS
10
5.5033163779527561
20
-3.6339234251968504
11
5.5032003937007872
21
-3.6340727952755905
0
LINE
8
BLACK
6
CONTINUOUS
10
5.5032003937007872
20
-3.6340727952755905
11
5.5030951574803151
21
-3.6342303543307084
0
LINE
8
BLACK
6
CONTINUOUS
10
5.5030951574803151
20
-3.6342303543307084
11
5.5023452362204726
21
-3.6349802362204722
0
LINE
8
BLACK
6
CONTINUOUS
10
5.5023452362204726
20
-3.6349802362204722
11
5.5021880314960629
21
-3.6350852362204722
0
LINE
8
BLACK
6
CONTINUOUS
10
5.5021880314960629
20
-3.6350852362204722
11
5.5020383070866137
21
-3.6352014960629919
0
LINE
8
BLACK
6
CONTINUOUS
10
5.5020383070866137
20
-3.6352014960629919
11
5.5005384251968499
21
-3.6359514173228344
0
LINE
8
BLACK
6
CONTINUOUS
10
5.5005384251968499
20
-3.6359514173228344
11
5.5004813779527559
21
-3.6359670078740156
0
LINE
8
BLACK
6
CONTINUOUS
10
5.5004813779527559
20
-3.6359670078740156
11
5.5004622440944884
21
-3.6359861811023619
0
LINE
8
BLACK
6
CONTINUOUS
10
5.5004622440944884
20
-3.6359861811023619
11
5.5002764173228345
21
-3.6360231102362204
0
LINE
8
BLACK
6
CONTINUOUS
10
5.5002764173228345
20
-3.6360231102362204
11
5.5000939370078736
21
-3.6360731102362203
0
LINE
8
BLACK
6
CONTINUOUS
10
5.5000939370078736
20
-3.6360731102362203
11
5.5000682677165349
21
-3.6360645275590548
0
LINE
8
BLACK
6
CONTINUOUS
10
5.5000682677165349
20
-3.6360645275590548
11
5.5000102362204721
21
-3.6360761023622046
0
LINE
8
BLACK
6
CONTINUOUS
10
5.5000102362204721
20
-3.6360761023622046
11
5.4977605511811021
21
-3.6360761023622046
0
LINE
8
BLACK
6
CONTINUOUS
10
5.4977605511811021
20
-3.6360761023622046
11
5.4977025590551181
21
-3.6360645669291336
0
LINE
8
BLACK
6
CONTINUOUS
10
5.4977025590551181
20
-3.6360645669291336
11
5.4976768503937006
21
-3.636073149606299
0
LINE
8
BLACK
6
CONTINUOUS
10
5.4976768503937006
20
-3.636073149606299
11
5.497494015748031
21
-3.6360230708661416
0
LINE
8
BLACK
6
CONTINUOUS
10
5.497494015748031
20
-3.6360230708661416
11
5.4973085433070867
21
-3.6359861811023619
0
LINE
8
BLACK
6
CONTINUOUS
10
5.4973085433070867
20
-3.6359861811023619
11
5.4972893700787404
21
-3.6359670078740156
0
LINE
8
BLACK
6
CONTINUOUS
10
5.4972893700787404
20
-3.6359670078740156
11
5.4972323622047243
21
-3.6359514173228344
0
LINE
8
BLACK
6
CONTINUOUS
10
5.4972323622047243
20
-3.6359514173228344
11
5.4957325196850393
21
-3.6352014960629919
0
LINE
8
BLACK
6
CONTINUOUS
10
5.4957325196850393
20
-3.6352014960629919
11
5.495583267716535
21
-3.6350856299212597
0
LINE
8
BLACK
6
CONTINUOUS
10
5.495583267716535
20
-3.6350856299212597
11
5.4954255511811025
21
-3.6349802755905509
0
LINE
8
BLACK
6
CONTINUOUS
10
5.4954255511811025
20
-3.6349802755905509
11
5.4946756692913388
21
-3.6342303543307084
0
LINE
8
BLACK
6
CONTINUOUS
10
5.4946756692913388
20
-3.6342303543307084
11
5.4945706299212596
21
-3.6340731496062992
0
LINE
8
BLACK
6
CONTINUOUS
10
5.4945706299212596
20
-3.6340731496062992
11
5.494454409448819
21
-3.6339234251968504
0
LINE
8
BLACK
6
CONTINUOUS
10
5.494454409448819
20
-3.6339234251968504
11
5.4937044881889765
21
-3.6324236220472441
0
LINE
8
BLACK
6
CONTINUOUS
10
5.4937044881889765
20
-3.6324236220472441
11
5.4936888582677161
21
-3.632366535433071
0
LINE
8
BLACK
6
CONTINUOUS
10
5.4936888582677161
20
-3.632366535433071
11
5.4936697244094486
21
-3.632347401574803
0
LINE
8
BLACK
6
CONTINUOUS
10
5.4936697244094486
20
-3.632347401574803
11
5.4936327559055114
21
-3.6321616141732282
0
LINE
8
BLACK
6
CONTINUOUS
10
5.4936327559055114
20
-3.6321616141732282
11
5.4935827952755902
21
-3.6319790944881887
0
LINE
8
BLACK
6
CONTINUOUS
10
5.4935827952755902
20
-3.6319790944881887
11
5.4935913385826769
21
-3.6319534251968504
0
LINE
8
BLACK
6
CONTINUOUS
10
5.4935913385826769
20
-3.6319534251968504
11
5.4935798031496059
21
-3.6318953937007872
0
LINE
8
BLACK
6
CONTINUOUS
10
5.4935798031496059
20
-3.6318953937007872
11
5.4935798031496059
21
-3.6258961417322833
0
LINE
8
BLACK
6
CONTINUOUS
10
5.4935798031496059
20
-3.6258961417322833
11
5.4936697244094486
21
-3.6254441338582675
0
LINE
8
BLACK
6
CONTINUOUS
10
5.4936697244094486
20
-3.6254441338582675
11
5.4943088976377954
21
-3.6248049606299211
0
LINE
8
BLACK
6
CONTINUOUS
10
5.4943088976377954
20
-3.6248049606299211
11
5.4947609055118107
21
-3.6247150393700784
0
LINE
8
BLACK
6
CONTINUOUS
10
5.4947609055118107
20
-3.6247150393700784
11
5.5105089370078737
21
-3.6247150393700784
0
LINE
8
BLACK
6
CONTINUOUS
10
5.5105089370078737
20
-3.6247150393700784
11
5.5109609448818899
21
-3.6248049606299211
0
LINE
8
BLACK
6
CONTINUOUS
10
5.4959420078740155
20
-3.6316165354330709
11
5.4964814960629917
21
-3.6326955511811021
0
LINE
8
BLACK
6
CONTINUOUS
10
5.4964814960629917
20
-3.6326955511811021
11
5.4969603543307084
21
-3.63317437007874
0
LINE
8
BLACK
6
CONTINUOUS
10
5.4969603543307084
20
-3.63317437007874
11
5.4980394094488192
21
-3.6337138976377954
0
LINE
8
BLACK
6
CONTINUOUS
10
5.4980394094488192
20
-3.6337138976377954
11
5.4997314173228347
21
-3.6337138976377954
0
LINE
8
BLACK
6
CONTINUOUS
10
5.4997314173228347
20
-3.6337138976377954
11
5.5008104330708658
21
-3.63317437007874
0
LINE
8
BLACK
6
CONTINUOUS
10
5.5008104330708658
20
-3.63317437007874
11
5.501289212598425
21
-3.6326955511811021
0
LINE
8
BLACK
6
CONTINUOUS
10
5.501289212598425
20
-3.6326955511811021
11
5.5018287795275587
21
-3.6316164960629922
0
LINE
8
BLACK
6
CONTINUOUS
10
5.5018287795275587
20
-3.6316164960629922
11
5.5018287795275587
21
-3.6270772440944881
0
LINE
8
BLACK
6
CONTINUOUS
10
5.5018287795275587
20
-3.6270772440944881
11
5.4959420078740155
21
-3.6270772440944881
0
LINE
8
BLACK
6
CONTINUOUS
10
5.4959420078740155
20
-3.6270772440944881
11
5.4959420078740155
21
-3.6316165354330709
0
LINE
8
BLACK
6
CONTINUOUS
10
5.5203399212598425
20
-3.6042049606299211
11
5.5214052755905509
21
-3.60527031496063
0
LINE
8
BLACK
6
CONTINUOUS
10
5.5214052755905509
20
-3.60527031496063
11
5.5215551181102365
21
-3.6060236220472439
0
LINE
8
BLACK
6
CONTINUOUS
10
5.5215551181102365
20
-3.6060236220472439
11
5.5215551181102365
21
-3.6690157480314958
0
LINE
8
BLACK
6
CONTINUOUS
10
5.5215551181102365
20
-3.6690157480314958
11
5.5214052755905509
21
-3.6697690551181101
0
LINE
8
BLACK
6
CONTINUOUS
10
5.5214052755905509
20
-3.6697690551181101
11
5.5203399212598425
21
-3.670834409448819
0
LINE
8
BLACK
6
CONTINUOUS
10
5.5203399212598425
20
-3.670834409448819
11
5.5195866141732282
21
-3.6709842519685036
0
LINE
8
BLACK
6
CONTINUOUS
10
5.5195866141732282
20
-3.6709842519685036
11
5.4871062992125985
21
-3.6709842519685036
0
LINE
8
BLACK
6
CONTINUOUS
10
5.4871062992125985
20
-3.6709842519685036
11
5.4863529921259842
21
-3.670834409448819
0
LINE
8
BLACK
6
CONTINUOUS
10
5.4863529921259842
20
-3.670834409448819
11
5.4852876377952757
21
-3.6697690551181101
0
LINE
8
BLACK
6
CONTINUOUS
10
5.4852876377952757
20
-3.6697690551181101
11
5.4851377952755902
21
-3.6690157480314958
0
LINE
8
BLACK
6
CONTINUOUS
10
5.4851377952755902
20
-3.6690157480314958
11
5.4851377952755902
21
-3.6060236220472439
0
LINE
8
BLACK
6
CONTINUOUS
10
5.4851377952755902
20
-3.6060236220472439
11
5.4852876377952757
21
-3.60527031496063
0
LINE
8
BLACK
6
CONTINUOUS
10
5.4852876377952757
20
-3.60527031496063
11
5.4863529921259842
21
-3.6042049606299211
0
LINE
8
BLACK
6
CONTINUOUS
10
5.4863529921259842
20
-3.6042049606299211
11
5.4871062992125985
21
-3.604055118110236
0
LINE
8
BLACK
6
CONTINUOUS
10
5.4871062992125985
20
-3.604055118110236
11
5.5195866141732282
21
-3.604055118110236
0
LINE
8
BLACK
6
CONTINUOUS
10
5.5195866141732282
20
-3.604055118110236
11
5.5203399212598425
21
-3.6042049606299211
0
LINE
8
BLACK
6
CONTINUOUS
10
5.4890748031496059
20
-3.6079921259842518
11
5.4890748031496059
21
-3.6670472440944879
0
LINE
8
BLACK
6
CONTINUOUS
10
5.4890748031496059
20
-3.6670472440944879
11
5.5176181102362207
21
-3.6670472440944879
0
LINE
8
BLACK
6
CONTINUOUS
10
5.5176181102362207
20
-3.6670472440944879
11
5.5176181102362207
21
-3.6079921259842518
0
LINE
8
BLACK
6
CONTINUOUS
10
5.5176181102362207
20
-3.6079921259842518
11
5.4890748031496059
21
-3.6079921259842518
0
LINE
8
BLACK
6
CONTINUOUS
10
5.5959609448818899
20
-3.639053149606299
11
5.5966001181102358
21
-3.6396923228346454
0
LINE
8
BLACK
6
CONTINUOUS
10
5.5966001181102358
20
-3.6396923228346454
11
5.5966900393700785
21
-3.6401443307086612
0
LINE
8
BLACK
6
CONTINUOUS
10
5.5966900393700785
20
-3.6401443307086612
11
5.5966900393700785
21
-3.6498931102362202
0
LINE
8
BLACK
6
CONTINUOUS
10
5.5966900393700785
20
-3.6498931102362202
11
5.5966001181102358
21
-3.650345118110236
0
LINE
8
BLACK
6
CONTINUOUS
10
5.5966001181102358
20
-3.650345118110236
11
5.5959609448818899
21
-3.6509842913385824
0
LINE
8
BLACK
6
CONTINUOUS
10
5.5959609448818899
20
-3.6509842913385824
11
5.5950569291338583
21
-3.6509842913385824
0
LINE
8
BLACK
6
CONTINUOUS
10
5.5950569291338583
20
-3.6509842913385824
11
5.5944177559055115
21
-3.650345118110236
0
LINE
8
BLACK
6
CONTINUOUS
10
5.5944177559055115
20
-3.650345118110236
11
5.5943278346456689
21
-3.6498931102362202
0
LINE
8
BLACK
6
CONTINUOUS
10
5.5943278346456689
20
-3.6498931102362202
11
5.5943278346456689
21
-3.6429957480314958
0
LINE
8
BLACK
6
CONTINUOUS
10
5.5943278346456689
20
-3.6429957480314958
11
5.5873452362204725
21
-3.6499783858267714
0
LINE
8
BLACK
6
CONTINUOUS
10
5.5873452362204725
20
-3.6499783858267714
11
5.5872960236220468
21
-3.6500112204724409
0
LINE
8
BLACK
6
CONTINUOUS
10
5.5872960236220468
20
-3.6500112204724409
11
5.5872839370078742
21
-3.650035472440945
0
LINE
8
BLACK
6
CONTINUOUS
10
5.5872839370078742
20
-3.650035472440945
11
5.587119291338583
21
-3.6501293307086615
0
LINE
8
BLACK
6
CONTINUOUS
10
5.587119291338583
20
-3.6501293307086615
11
5.5869620472440946
21
-3.6502344094488186
0
LINE
8
BLACK
6
CONTINUOUS
10
5.5869620472440946
20
-3.6502344094488186
11
5.5869350393700783
21
-3.6502344094488186
0
LINE
8
BLACK
6
CONTINUOUS
10
5.5869350393700783
20
-3.6502344094488186
11
5.5868835826771654
21
-3.6502637401574805
0
LINE
8
BLACK
6
CONTINUOUS
10
5.5868835826771654
20
-3.6502637401574805
11
5.5846338582677166
21
-3.6510136220472442
0
LINE
8
BLACK
6
CONTINUOUS
10
5.5846338582677166
20
-3.6510136220472442
11
5.5844459448818897
21
-3.651037283464567
0
LINE
8
BLACK
6
CONTINUOUS
10
5.5844459448818897
20
-3.651037283464567
11
5.5842603543307083
21
-3.651074212598425
0
LINE
8
BLACK
6
CONTINUOUS
10
5.5842603543307083
20
-3.651074212598425
11
5.582760551181102
21
-3.651074212598425
0
LINE
8
BLACK
6
CONTINUOUS
10
5.582760551181102
20
-3.651074212598425
11
5.5827024803149605
21
-3.6510626377952753
0
LINE
8
BLACK
6
CONTINUOUS
10
5.5827024803149605
20
-3.6510626377952753
11
5.5826768503937005
21
-3.6510712204724407
0
LINE
8
BLACK
6
CONTINUOUS
10
5.5826768503937005
20
-3.6510712204724407
11
5.582494330708661
21
-3.6510212204724408
0
LINE
8
BLACK
6
CONTINUOUS
10
5.582494330708661
20
-3.6510212204724408
11
5.5823085433070867
21
-3.6509842913385824
0
LINE
8
BLACK
6
CONTINUOUS
10
5.5823085433070867
20
-3.6509842913385824
11
5.5822893700787404
21
-3.6509651181102361
0
LINE
8
BLACK
6
CONTINUOUS
10
5.5822893700787404
20
-3.6509651181102361
11
5.5822323622047243
21
-3.6509495275590549
0
LINE
8
BLACK
6
CONTINUOUS
10
5.5822323622047243
20
-3.6509495275590549
11
5.5807325196850393
21
-3.6501996456692911
0
LINE
8
BLACK
6
CONTINUOUS
10
5.5807325196850393
20
-3.6501996456692911
11
5.5805828740157475
21
-3.6500835039370076
0
LINE
8
BLACK
6
CONTINUOUS
10
5.5805828740157475
20
-3.6500835039370076
11
5.5804255118110238
21
-3.6499783464566926
0
LINE
8
BLACK
6
CONTINUOUS
10
5.5804255118110238
20
-3.6499783464566926
11
5.57967562992126
21
-3.6492284645669288
0
LINE
8
BLACK
6
CONTINUOUS
10
5.57967562992126
20
-3.6492284645669288
11
5.5795704330708658
21
-3.6490709842519684
0
LINE
8
BLACK
6
CONTINUOUS
10
5.5795704330708658
20
-3.6490709842519684
11
5.579454409448819
21
-3.6489215354330709
0
LINE
8
BLACK
6
CONTINUOUS
10
5.579454409448819
20
-3.6489215354330709
11
5.5787044881889765
21
-3.6474217322834646
0
LINE
8
BLACK
6
CONTINUOUS
10
5.5787044881889765
20
-3.6474217322834646
11
5.5786888582677161
21
-3.6473646456692914
0
LINE
8
BLACK
6
CONTINUOUS
10
5.5786888582677161
20
-3.6473646456692914
11
5.5786697244094485
21
-3.6473455118110234
0
LINE
8
BLACK
6
CONTINUOUS
10
5.5786697244094485
20
-3.6473455118110234
11
5.5786327559055113
21
-3.6471597244094487
0
LINE
8
BLACK
6
CONTINUOUS
10
5.5786327559055113
20
-3.6471597244094487
11
5.5785827952755902
21
-3.6469772047244096
0
LINE
8
BLACK
6
CONTINUOUS
10
5.5785827952755902
20
-3.6469772047244096
11
5.5785913385826769
21
-3.6469515354330708
0
LINE
8
BLACK
6
CONTINUOUS
10
5.5785913385826769
20
-3.6469515354330708
11
5.5785798031496059
21
-3.6468935039370076
0
LINE
8
BLACK
6
CONTINUOUS
10
5.5785798031496059
20
-3.6468935039370076
11
5.5785798031496059
21
-3.6431439763779525
0
LINE
8
BLACK
6
CONTINUOUS
10
5.5785798031496059
20
-3.6431439763779525
11
5.5785913385826769
21
-3.643085905511811
0
LINE
8
BLACK
6
CONTINUOUS
10
5.5785913385826769
20
-3.643085905511811
11
5.5785827952755902
21
-3.643060275590551
0
LINE
8
BLACK
6
CONTINUOUS
10
5.5785827952755902
20
-3.643060275590551
11
5.5786327559055113
21
-3.6428777165354331
0
LINE
8
BLACK
6
CONTINUOUS
10
5.5786327559055113
20
-3.6428777165354331
11
5.5786697244094485
21
-3.6426919685039367
0
LINE
8
BLACK
6
CONTINUOUS
10
5.5786697244094485
20
-3.6426919685039367
11
5.5786888582677161
21
-3.6426727952755904
0
LINE
8
BLACK
6
CONTINUOUS
10
5.5786888582677161
20
-3.6426727952755904
11
5.5787044881889765
21
-3.642615748031496
0
LINE
8
BLACK
6
CONTINUOUS
10
5.5787044881889765
20
-3.642615748031496
11
5.579454409448819
21
-3.6411159448818897
0
LINE
8
BLACK
6
CONTINUOUS
10
5.579454409448819
20
-3.6411159448818897
11
5.5795704330708658
21
-3.6409664566929134
0
LINE
8
BLACK
6
CONTINUOUS
10
5.5795704330708658
20
-3.6409664566929134
11
5.57967562992126
21
-3.6408090157480313
0
LINE
8
BLACK
6
CONTINUOUS
10
5.57967562992126
20
-3.6408090157480313
11
5.5804255118110238
21
-3.6400591338582675
0
LINE
8
BLACK
6
CONTINUOUS
10
5.5804255118110238
20
-3.6400591338582675
11
5.5808087007874017
21
-3.6398030708661415
0
LINE
8
BLACK
6
CONTINUOUS
10
5.5808087007874017
20
-3.6398030708661415
11
5.5817126377952757
21
-3.6398030314960628
0
LINE
8
BLACK
6
CONTINUOUS
10
5.5817126377952757
20
-3.6398030314960628
11
5.5823518897637792
21
-3.6404422834645667
0
LINE
8
BLACK
6
CONTINUOUS
10
5.5823518897637792
20
-3.6404422834645667
11
5.5823519291338579
21
-3.641346181102362
0
LINE
8
BLACK
6
CONTINUOUS
10
5.5823519291338579
20
-3.641346181102362
11
5.5820959055118111
21
-3.6417294094488186
0
LINE
8
BLACK
6
CONTINUOUS
10
5.5820959055118111
20
-3.6417294094488186
11
5.5814814960629917
21
-3.6423438188976376
0
LINE
8
BLACK
6
CONTINUOUS
10
5.5814814960629917
20
-3.6423438188976376
11
5.5809420078740155
21
-3.6434228346456692
0
LINE
8
BLACK
6
CONTINUOUS
10
5.5809420078740155
20
-3.6434228346456692
11
5.5809420078740155
21
-3.6466146456692914
0
LINE
8
BLACK
6
CONTINUOUS
10
5.5809420078740155
20
-3.6466146456692914
11
5.5814814960629917
21
-3.6476936220472442
0
LINE
8
BLACK
6
CONTINUOUS
10
5.5814814960629917
20
-3.6476936220472442
11
5.5819603937007871
21
-3.6481725196850392
0
LINE
8
BLACK
6
CONTINUOUS
10
5.5819603937007871
20
-3.6481725196850392
11
5.5830393700787404
21
-3.6487120078740158
0
LINE
8
BLACK
6
CONTINUOUS
10
5.5830393700787404
20
-3.6487120078740158
11
5.5840686220472442
21
-3.6487120078740158
0
LINE
8
BLACK
6
CONTINUOUS
10
5.5840686220472442
20
-3.6487120078740158
11
5.5858720866141729
21
-3.6481108661417321
0
LINE
8
BLACK
6
CONTINUOUS
10
5.5858720866141729
20
-3.6481108661417321
11
5.5946737795275592
21
-3.6393091732283462
0
LINE
8
BLACK
6
CONTINUOUS
10
5.5946737795275592
20
-3.6393091732283462
11
5.5950568110236221
21
-3.6390532283464565
0
LINE
8
BLACK
6
CONTINUOUS
10
5.5950568110236221
20
-3.6390532283464565
11
5.5950569291338583
21
-3.639053149606299
0
LINE
8
BLACK
6
CONTINUOUS
10
5.5950569291338583
20
-3.639053149606299
11
5.5950569685039371
21
-3.639053149606299
0
LINE
8
BLACK
6
CONTINUOUS
10
5.5950569685039371
20
-3.639053149606299
11
5.5959609055118111
21
-3.6390531102362202
0
LINE
8
BLACK
6
CONTINUOUS
10
5.5959609055118111
20
-3.6390531102362202
11
5.5959609448818899
21
-3.639053149606299
0
LINE
8
BLACK
6
CONTINUOUS
10
5.5959609448818899
20
-3.6248049606299211
11
5.5966001181102358
21
-3.6254441338582675
0
LINE
8
BLACK
6
CONTINUOUS
10
5.5966001181102358
20
-3.6254441338582675
11
5.5966001181102358
21
-3.626348149606299
0
LINE
8
BLACK
6
CONTINUOUS
10
5.5966001181102358
20
-3.626348149606299
11
5.5959609448818899
21
-3.6269873228346454
0
LINE
8
BLACK
6
CONTINUOUS
10
5.5959609448818899
20
-3.6269873228346454
11
5.5955089370078737
21
-3.6270772440944881
0
LINE
8
BLACK
6
CONTINUOUS
10
5.5955089370078737
20
-3.6270772440944881
11
5.5891909842519683
21
-3.6270772440944881
0
LINE
8
BLACK
6
CONTINUOUS
10
5.5891909842519683
20
-3.6270772440944881
11
5.5891909842519683
21
-3.6290307086614173
0
LINE
8
BLACK
6
CONTINUOUS
10
5.5891909842519683
20
-3.6290307086614173
11
5.5961862204724406
21
-3.6339274015748031
0
LINE
8
BLACK
6
CONTINUOUS
10
5.5961862204724406
20
-3.6339274015748031
11
5.5965049606299209
21
-3.6342602755905511
0
LINE
8
BLACK
6
CONTINUOUS
10
5.5965049606299209
20
-3.6342602755905511
11
5.5966620472440942
21
-3.6351504330708662
0
LINE
8
BLACK
6
CONTINUOUS
10
5.5966620472440942
20
-3.6351504330708662
11
5.5961436614173223
21
-3.635891023622047
0
LINE
8
BLACK
6
CONTINUOUS
10
5.5961436614173223
20
-3.635891023622047
11
5.5952534645669294
21
-3.6360481102362203
0
LINE
8
BLACK
6
CONTINUOUS
10
5.5952534645669294
20
-3.6360481102362203
11
5.5948316141732279
21
-3.6358625984251969
0
LINE
8
BLACK
6
CONTINUOUS
10
5.5948316141732279
20
-3.6358625984251969
11
5.5891876771653539
21
-3.6319118503937009
0
LINE
8
BLACK
6
CONTINUOUS
10
5.5891876771653539
20
-3.6319118503937009
11
5.5891794488188973
21
-3.6319533464566929
0
LINE
8
BLACK
6
CONTINUOUS
10
5.5891794488188973
20
-3.6319533464566929
11
5.5891880314960627
21
-3.6319790944881887
0
LINE
8
BLACK
6
CONTINUOUS
10
5.5891880314960627
20
-3.6319790944881887
11
5.5891379527559053
21
-3.6321618897637795
0
LINE
8
BLACK
6
CONTINUOUS
10
5.5891379527559053
20
-3.6321618897637795
11
5.5891010629921256
21
-3.632347401574803
0
LINE
8
BLACK
6
CONTINUOUS
10
5.5891010629921256
20
-3.632347401574803
11
5.5890818897637793
21
-3.632366535433071
0
LINE
8
BLACK
6
CONTINUOUS
10
5.5890818897637793
20
-3.632366535433071
11
5.5890662992125986
21
-3.6324235826771654
0
LINE
8
BLACK
6
CONTINUOUS
10
5.5890662992125986
20
-3.6324235826771654
11
5.588316377952756
21
-3.6339234251968504
0
LINE
8
BLACK
6
CONTINUOUS
10
5.588316377952756
20
-3.6339234251968504
11
5.5882003937007871
21
-3.6340727952755905
0
LINE
8
BLACK
6
CONTINUOUS
10
5.5882003937007871
20
-3.6340727952755905
11
5.588095157480315
21
-3.6342303543307084
0
LINE
8
BLACK
6
CONTINUOUS
10
5.588095157480315
20
-3.6342303543307084
11
5.5873452362204725
21
-3.6349802362204722
0
LINE
8
BLACK
6
CONTINUOUS
10
5.5873452362204725
20
-3.6349802362204722
11
5.5871880314960629
21
-3.6350852362204722
0
LINE
8
BLACK
6
CONTINUOUS
10
5.5871880314960629
20
-3.6350852362204722
11
5.5870383070866136
21
-3.6352014960629919
0
LINE
8
BLACK
6
CONTINUOUS
10
5.5870383070866136
20
-3.6352014960629919
11
5.5855384251968498
21
-3.6359514173228344
0
LINE
8
BLACK
6
CONTINUOUS
10
5.5855384251968498
20
-3.6359514173228344
11
5.5854813779527559
21
-3.6359670078740156
0
LINE
8
BLACK
6
CONTINUOUS
10
5.5854813779527559
20
-3.6359670078740156
11
5.5854622440944883
21
-3.6359861811023619
0
LINE
8
BLACK
6
CONTINUOUS
10
5.5854622440944883
20
-3.6359861811023619
11
5.5852764173228344
21
-3.6360231102362204
0
LINE
8
BLACK
6
CONTINUOUS
10
5.5852764173228344
20
-3.6360231102362204
11
5.5850939370078736
21
-3.6360731102362203
0
LINE
8
BLACK
6
CONTINUOUS
10
5.5850939370078736
20
-3.6360731102362203
11
5.5850682677165349
21
-3.6360645275590548
0
LINE
8
BLACK
6
CONTINUOUS
10
5.5850682677165349
20
-3.6360645275590548
11
5.5850102362204721
21
-3.6360761023622046
0
LINE
8
BLACK
6
CONTINUOUS
10
5.5850102362204721
20
-3.6360761023622046
11
5.582760551181102
21
-3.6360761023622046
0
LINE
8
BLACK
6
CONTINUOUS
10
5.582760551181102
20
-3.6360761023622046
11
5.582702559055118
21
-3.6360645669291336
0
LINE
8
BLACK
6
CONTINUOUS
10
5.582702559055118
20
-3.6360645669291336
11
5.5826768503937005
21
-3.636073149606299
0
LINE
8
BLACK
6
CONTINUOUS
10
5.5826768503937005
20
-3.636073149606299
11
5.5824940157480309
21
-3.6360230708661416
0
LINE
8
BLACK
6
CONTINUOUS
10
5.5824940157480309
20
-3.6360230708661416
11
5.5823085433070867
21
-3.6359861811023619
0
LINE
8
BLACK
6
CONTINUOUS
10
5.5823085433070867
20
-3.6359861811023619
11
5.5822893700787404
21
-3.6359670078740156
0
LINE
8
BLACK
6
CONTINUOUS
10
5.5822893700787404
20
-3.6359670078740156
11
5.5822323622047243
21
-3.6359514173228344
0
LINE
8
BLACK
6
CONTINUOUS
10
5.5822323622047243
20
-3.6359514173228344
11
5.5807325196850393
21
-3.6352014960629919
0
LINE
8
BLACK
6
CONTINUOUS
10
5.5807325196850393
20
-3.6352014960629919
11
5.580583267716535
21
-3.6350856299212597
0
LINE
8
BLACK
6
CONTINUOUS
10
5.580583267716535
20
-3.6350856299212597
11
5.5804255511811025
21
-3.6349802755905509
0
LINE
8
BLACK
6
CONTINUOUS
10
5.5804255511811025
20
-3.6349802755905509
11
5.5796756692913387
21
-3.6342303543307084
0
LINE
8
BLACK
6
CONTINUOUS
10
5.5796756692913387
20
-3.6342303543307084
11
5.5795706299212595
21
-3.6340731496062992
0
LINE
8
BLACK
6
CONTINUOUS
10
5.5795706299212595
20
-3.6340731496062992
11
5.579454409448819
21
-3.6339234251968504
0
LINE
8
BLACK
6
CONTINUOUS
10
5.579454409448819
20
-3.6339234251968504
11
5.5787044881889765
21
-3.6324236220472441
0
LINE
8
BLACK
6
CONTINUOUS
10
5.5787044881889765
20
-3.6324236220472441
11
5.5786888582677161
21
-3.632366535433071
0
LINE
8
BLACK
6
CONTINUOUS
10
5.5786888582677161
20
-3.632366535433071
11
5.5786697244094485
21
-3.632347401574803
0
LINE
8
BLACK
6
CONTINUOUS
10
5.5786697244094485
20
-3.632347401574803
11
5.5786327559055113
21
-3.6321616141732282
0
LINE
8
BLACK
6
CONTINUOUS
10
5.5786327559055113
20
-3.6321616141732282
11
5.5785827952755902
21
-3.6319790944881887
0
LINE
8
BLACK
6
CONTINUOUS
10
5.5785827952755902
20
-3.6319790944881887
11
5.5785913385826769
21
-3.6319534251968504
0
LINE
8
BLACK
6
CONTINUOUS
10
5.5785913385826769
20
-3.6319534251968504
11
5.5785798031496059
21
-3.6318953937007872
0
LINE
8
BLACK
6
CONTINUOUS
10
5.5785798031496059
20
-3.6318953937007872
11
5.5785798031496059
21
-3.6258961417322833
0
LINE
8
BLACK
6
CONTINUOUS
10
5.5785798031496059
20
-3.6258961417322833
11
5.5786697244094485
21
-3.6254441338582675
0
LINE
8
BLACK
6
CONTINUOUS
10
5.5786697244094485
20
-3.6254441338582675
11
5.5793088976377954
21
-3.6248049606299211
0
LINE
8
BLACK
6
CONTINUOUS
10
5.5793088976377954
20
-3.6248049606299211
11
5.5797609055118107
21
-3.6247150393700784
0
LINE
8
BLACK
6
CONTINUOUS
10
5.5797609055118107
20
-3.6247150393700784
11
5.5955089370078737
21
-3.6247150393700784
0
LINE
8
BLACK
6
CONTINUOUS
10
5.5955089370078737
20
-3.6247150393700784
11
5.5959609448818899
21
-3.6248049606299211
0
LINE
8
BLACK
6
CONTINUOUS
10
5.5809420078740155
20
-3.6316165354330709
11
5.5814814960629917
21
-3.6326955511811021
0
LINE
8
BLACK
6
CONTINUOUS
10
5.5814814960629917
20
-3.6326955511811021
11
5.5819603543307084
21
-3.63317437007874
0
LINE
8
BLACK
6
CONTINUOUS
10
5.5819603543307084
20
-3.63317437007874
11
5.5830394094488192
21
-3.6337138976377954
0
LINE
8
BLACK
6
CONTINUOUS
10
5.5830394094488192
20
-3.6337138976377954
11
5.5847314173228346
21
-3.6337138976377954
0
LINE
8
BLACK
6
CONTINUOUS
10
5.5847314173228346
20
-3.6337138976377954
11
5.5858104330708658
21
-3.63317437007874
0
LINE
8
BLACK
6
CONTINUOUS
10
5.5858104330708658
20
-3.63317437007874
11
5.5862892125984249
21
-3.6326955511811021
0
LINE
8
BLACK
6
CONTINUOUS
10
5.5862892125984249
20
-3.6326955511811021
11
5.5868287795275586
21
-3.6316164960629922
0
LINE
8
BLACK
6
CONTINUOUS
10
5.5868287795275586
20
-3.6316164960629922
11
5.5868287795275586
21
-3.6270772440944881
0
LINE
8
BLACK
6
CONTINUOUS
10
5.5868287795275586
20
-3.6270772440944881
11
5.5809420078740155
21
-3.6270772440944881
0
LINE
8
BLACK
6
CONTINUOUS
10
5.5809420078740155
20
-3.6270772440944881
11
5.5809420078740155
21
-3.6316165354330709
0
LINE
8
BLACK
6
CONTINUOUS
10
5.6053399212598425
20
-3.6042049606299211
11
5.6064052755905509
21
-3.60527031496063
0
LINE
8
BLACK
6
CONTINUOUS
10
5.6064052755905509
20
-3.60527031496063
11
5.6065551181102364
21
-3.6060236220472439
0
LINE
8
BLACK
6
CONTINUOUS
10
5.6065551181102364
20
-3.6060236220472439
11
5.6065551181102364
21
-3.6690157480314958
0
LINE
8
BLACK
6
CONTINUOUS
10
5.6065551181102364
20
-3.6690157480314958
11
5.6064052755905509
21
-3.6697690551181101
0
LINE
8
BLACK
6
CONTINUOUS
10
5.6064052755905509
20
-3.6697690551181101
11
5.6053399212598425
21
-3.670834409448819
0
LINE
8
BLACK
6
CONTINUOUS
10
5.6053399212598425
20
-3.670834409448819
11
5.6045866141732281
21
-3.6709842519685036
0
LINE
8
BLACK
6
CONTINUOUS
10
5.6045866141732281
20
-3.6709842519685036
11
5.5721062992125985
21
-3.6709842519685036
0
LINE
8
BLACK
6
CONTINUOUS
10
5.5721062992125985
20
-3.6709842519685036
11
5.5713529921259841
21
-3.670834409448819
0
LINE
8
BLACK
6
CONTINUOUS
10
5.5713529921259841
20
-3.670834409448819
11
5.5702876377952757
21
-3.6697690551181101
0
LINE
8
BLACK
6
CONTINUOUS
10
5.5702876377952757
20
-3.6697690551181101
11
5.5701377952755902
21
-3.6690157480314958
0
LINE
8
BLACK
6
CONTINUOUS
10
5.5701377952755902
20
-3.6690157480314958
11
5.5701377952755902
21
-3.6060236220472439
0
LINE
8
BLACK
6
CONTINUOUS
10
5.5701377952755902
20
-3.6060236220472439
11
5.5702876377952757
21
-3.60527031496063
0
LINE
8
BLACK
6
CONTINUOUS
10
5.5702876377952757
20
-3.60527031496063
11
5.5713529921259841
21
-3.6042049606299211
0
LINE
8
BLACK
6
CONTINUOUS
10
5.5713529921259841
20
-3.6042049606299211
11
5.5721062992125985
21
-3.604055118110236
0
LINE
8
BLACK
6
CONTINUOUS
10
5.5721062992125985
20
-3.604055118110236
11
5.6045866141732281
21
-3.604055118110236
0
LINE
8
BLACK
6
CONTINUOUS
10
5.6045866141732281
20
-3.604055118110236
11
5.6053399212598425
21
-3.6042049606299211
0
LINE
8
BLACK
6
CONTINUOUS
10
5.5740748031496059
20
-3.6079921259842518
11
5.5740748031496059
21
-3.6670472440944879
0
LINE
8
BLACK
6
CONTINUOUS
10
5.5740748031496059
20
-3.6670472440944879
11
5.6026181102362207
21
-3.6670472440944879
0
LINE
8
BLACK
6
CONTINUOUS
10
5.6026181102362207
20
-3.6670472440944879
11
5.6026181102362207
21
-3.6079921259842518
0
LINE
8
BLACK
6
CONTINUOUS
10
5.6026181102362207
20
-3.6079921259842518
11
5.5740748031496059
21
-3.6079921259842518
0
LINE
8
BLACK
6
CONTINUOUS
10
5.8026011417322829
20
-3.639763503937008
11
5.8026494488188973
21
-3.6398030314960628
0
LINE
8
BLACK
6
CONTINUOUS
10
5.8026494488188973
20
-3.6398030314960628
11
5.8027118897637795
21
-3.6398030314960628
0
LINE
8
BLACK
6
CONTINUOUS
10
5.8027118897637795
20
-3.6398030314960628
11
5.8029928346456687
21
-3.6400839763779529
0
LINE
8
BLACK
6
CONTINUOUS
10
5.8029928346456687
20
-3.6400839763779529
11
5.8033007480314955
21
-3.6403359055118107
0
LINE
8
BLACK
6
CONTINUOUS
10
5.8033007480314955
20
-3.6403359055118107
11
5.8033069685039367
21
-3.6403981102362204
0
LINE
8
BLACK
6
CONTINUOUS
10
5.8033069685039367
20
-3.6403981102362204
11
5.8033511417322829
21
-3.6404422834645667
0
LINE
8
BLACK
6
CONTINUOUS
10
5.8033511417322829
20
-3.6404422834645667
11
5.8033511417322829
21
-3.6408399606299211
0
LINE
8
BLACK
6
CONTINUOUS
10
5.8033511417322829
20
-3.6408399606299211
11
5.8033907086614169
21
-3.6412354330708663
0
LINE
8
BLACK
6
CONTINUOUS
10
5.8033907086614169
20
-3.6412354330708663
11
5.8033511417322829
21
-3.6412837401574802
0
LINE
8
BLACK
6
CONTINUOUS
10
5.8033511417322829
20
-3.6412837401574802
11
5.8033511811023617
21
-3.641346181102362
0
LINE
8
BLACK
6
CONTINUOUS
10
5.8033511811023617
20
-3.641346181102362
11
5.8030951574803149
21
-3.6417294094488186
0
LINE
8
BLACK
6
CONTINUOUS
10
5.8030951574803149
20
-3.6417294094488186
11
5.8024807480314955
21
-3.6423438188976376
0
LINE
8
BLACK
6
CONTINUOUS
10
5.8024807480314955
20
-3.6423438188976376
11
5.8019412598425193
21
-3.6434228346456692
0
LINE
8
BLACK
6
CONTINUOUS
10
5.8019412598425193
20
-3.6434228346456692
11
5.8019412598425193
21
-3.6466146456692914
0
LINE
8
BLACK
6
CONTINUOUS
10
5.8019412598425193
20
-3.6466146456692914
11
5.8024807480314955
21
-3.6476936220472442
0
LINE
8
BLACK
6
CONTINUOUS
10
5.8024807480314955
20
-3.6476936220472442
11
5.8029596456692909
21
-3.6481725196850392
0
LINE
8
BLACK
6
CONTINUOUS
10
5.8029596456692909
20
-3.6481725196850392
11
5.8040386220472442
21
-3.6487120078740158
0
LINE
8
BLACK
6
CONTINUOUS
10
5.8040386220472442
20
-3.6487120078740158
11
5.8072305118110235
21
-3.6487120078740158
0
LINE
8
BLACK
6
CONTINUOUS
10
5.8072305118110235
20
-3.6487120078740158
11
5.8083095275590546
21
-3.6481724803149604
0
LINE
8
BLACK
6
CONTINUOUS
10
5.8083095275590546
20
-3.6481724803149604
11
5.8087883070866138
21
-3.6476937007874013
0
LINE
8
BLACK
6
CONTINUOUS
10
5.8087883070866138
20
-3.6476937007874013
11
5.8093278346456696
21
-3.6466146850393701
0
LINE
8
BLACK
6
CONTINUOUS
10
5.8093278346456696
20
-3.6466146850393701
11
5.8093278346456696
21
-3.6434227559055117
0
LINE
8
BLACK
6
CONTINUOUS
10
5.8093278346456696
20
-3.6434227559055117
11
5.8087883070866138
21
-3.6423437401574801
0
LINE
8
BLACK
6
CONTINUOUS
10
5.8087883070866138
20
-3.6423437401574801
11
5.8081739763779527
21
-3.6417294094488186
0
LINE
8
BLACK
6
CONTINUOUS
10
5.8081739763779527
20
-3.6417294094488186
11
5.8079179527559051
21
-3.6413462204724407
0
LINE
8
BLACK
6
CONTINUOUS
10
5.8079179527559051
20
-3.6413462204724407
11
5.8079179527559051
21
-3.6404422834645667
0
LINE
8
BLACK
6
CONTINUOUS
10
5.8079179527559051
20
-3.6404422834645667
11
5.8085571653543306
21
-3.6398030708661415
0
LINE
8
BLACK
6
CONTINUOUS
10
5.8085571653543306
20
-3.6398030708661415
11
5.8094611023622047
21
-3.6398030708661415
0
LINE
8
BLACK
6
CONTINUOUS
10
5.8094611023622047
20
-3.6398030708661415
11
5.8098442913385826
21
-3.6400590944881888
0
LINE
8
BLACK
6
CONTINUOUS
10
5.8098442913385826
20
-3.6400590944881888
11
5.8105942125984251
21
-3.6408090157480313
0
LINE
8
BLACK
6
CONTINUOUS
10
5.8105942125984251
20
-3.6408090157480313
11
5.810699330708661
21
-3.6409663385826772
0
LINE
8
BLACK
6
CONTINUOUS
10
5.810699330708661
20
-3.6409663385826772
11
5.8108154724409449
21
-3.6411159842519685
0
LINE
8
BLACK
6
CONTINUOUS
10
5.8108154724409449
20
-3.6411159842519685
11
5.8115653543307086
21
-3.6426157874015748
0
LINE
8
BLACK
6
CONTINUOUS
10
5.8115653543307086
20
-3.6426157874015748
11
5.8115809448818894
21
-3.6426727952755904
0
LINE
8
BLACK
6
CONTINUOUS
10
5.8115809448818894
20
-3.6426727952755904
11
5.8116001181102357
21
-3.6426919685039367
0
LINE
8
BLACK
6
CONTINUOUS
10
5.8116001181102357
20
-3.6426919685039367
11
5.8116370472440941
21
-3.6428777559055119
0
LINE
8
BLACK
6
CONTINUOUS
10
5.8116370472440941
20
-3.6428777559055119
11
5.811687047244094
21
-3.643060275590551
0
LINE
8
BLACK
6
CONTINUOUS
10
5.811687047244094
20
-3.643060275590551
11
5.8116784645669286
21
-3.643085905511811
0
LINE
8
BLACK
6
CONTINUOUS
10
5.8116784645669286
20
-3.643085905511811
11
5.8116900393700783
21
-3.6431439763779525
0
LINE
8
BLACK
6
CONTINUOUS
10
5.8116900393700783
20
-3.6431439763779525
11
5.8116900393700783
21
-3.6468935039370076
0
LINE
8
BLACK
6
CONTINUOUS
10
5.8116900393700783
20
-3.6468935039370076
11
5.8116784645669286
21
-3.6469515354330708
0
LINE
8
BLACK
6
CONTINUOUS
10
5.8116784645669286
20
-3.6469515354330708
11
5.811687047244094
21
-3.6469772047244096
0
LINE
8
BLACK
6
CONTINUOUS
10
5.811687047244094
20
-3.6469772047244096
11
5.8116370472440941
21
-3.6471596850393699
0
LINE
8
BLACK
6
CONTINUOUS
10
5.8116370472440941
20
-3.6471596850393699
11
5.8116001181102357
21
-3.6473455118110234
0
LINE
8
BLACK
6
CONTINUOUS
10
5.8116001181102357
20
-3.6473455118110234
11
5.8115809448818894
21
-3.6473646456692914
0
LINE
8
BLACK
6
CONTINUOUS
10
5.8115809448818894
20
-3.6473646456692914
11
5.8115653543307086
21
-3.6474216929133858
0
LINE
8
BLACK
6
CONTINUOUS
10
5.8115653543307086
20
-3.6474216929133858
11
5.8108154724409449
21
-3.6489214960629921
0
LINE
8
BLACK
6
CONTINUOUS
10
5.8108154724409449
20
-3.6489214960629921
11
5.810699330708661
21
-3.6490711023622047
0
LINE
8
BLACK
6
CONTINUOUS
10
5.810699330708661
20
-3.6490711023622047
11
5.8105942125984251
21
-3.6492284645669288
0
LINE
8
BLACK
6
CONTINUOUS
10
5.8105942125984251
20
-3.6492284645669288
11
5.8098442913385826
21
-3.6499783858267714
0
LINE
8
BLACK
6
CONTINUOUS
10
5.8098442913385826
20
-3.6499783858267714
11
5.809686929133858
21
-3.6500834645669289
0
LINE
8
BLACK
6
CONTINUOUS
10
5.809686929133858
20
-3.6500834645669289
11
5.8095373228346459
21
-3.6501996456692911
0
LINE
8
BLACK
6
CONTINUOUS
10
5.8095373228346459
20
-3.6501996456692911
11
5.8080375196850396
21
-3.6509495275590549
0
LINE
8
BLACK
6
CONTINUOUS
10
5.8080375196850396
20
-3.6509495275590549
11
5.8079804724409447
21
-3.6509651181102361
0
LINE
8
BLACK
6
CONTINUOUS
10
5.8079804724409447
20
-3.6509651181102361
11
5.8079613385826772
21
-3.6509842913385824
0
LINE
8
BLACK
6
CONTINUOUS
10
5.8079613385826772
20
-3.6509842913385824
11
5.8077755118110233
21
-3.6510212204724408
0
LINE
8
BLACK
6
CONTINUOUS
10
5.8077755118110233
20
-3.6510212204724408
11
5.8075930314960624
21
-3.6510712204724407
0
LINE
8
BLACK
6
CONTINUOUS
10
5.8075930314960624
20
-3.6510712204724407
11
5.8075673622047246
21
-3.6510626377952753
0
LINE
8
BLACK
6
CONTINUOUS
10
5.8075673622047246
20
-3.6510626377952753
11
5.8075093307086609
21
-3.651074212598425
0
LINE
8
BLACK
6
CONTINUOUS
10
5.8075093307086609
20
-3.651074212598425
11
5.8037598031496058
21
-3.651074212598425
0
LINE
8
BLACK
6
CONTINUOUS
10
5.8037598031496058
20
-3.651074212598425
11
5.8037017322834643
21
-3.6510626377952753
0
LINE
8
BLACK
6
CONTINUOUS
10
5.8037017322834643
20
-3.6510626377952753
11
5.8036761023622043
21
-3.6510712204724407
0
LINE
8
BLACK
6
CONTINUOUS
10
5.8036761023622043
20
-3.6510712204724407
11
5.8034935826771656
21
-3.6510212204724408
0
LINE
8
BLACK
6
CONTINUOUS
10
5.8034935826771656
20
-3.6510212204724408
11
5.8033077952755905
21
-3.6509842913385824
0
LINE
8
BLACK
6
CONTINUOUS
10
5.8033077952755905
20
-3.6509842913385824
11
5.8032886220472442
21
-3.6509651181102361
0
LINE
8
BLACK
6
CONTINUOUS
10
5.8032886220472442
20
-3.6509651181102361
11
5.8032316141732281
21
-3.6509495275590549
0
LINE
8
BLACK
6
CONTINUOUS
10
5.8032316141732281
20
-3.6509495275590549
11
5.801731771653543
21
-3.6501996456692911
0
LINE
8
BLACK
6
CONTINUOUS
10
5.801731771653543
20
-3.6501996456692911
11
5.8015821259842522
21
-3.6500835039370076
0
LINE
8
BLACK
6
CONTINUOUS
10
5.8015821259842522
20
-3.6500835039370076
11
5.8014247637795275
21
-3.6499783464566926
0
LINE
8
BLACK
6
CONTINUOUS
10
5.8014247637795275
20
-3.6499783464566926
11
5.8006748818897638
21
-3.6492284645669288
0
LINE
8
BLACK
6
CONTINUOUS
10
5.8006748818897638
20
-3.6492284645669288
11
5.8005696850393695
21
-3.6490709842519684
0
LINE
8
BLACK
6
CONTINUOUS
10
5.8005696850393695
20
-3.6490709842519684
11
5.8004536614173228
21
-3.6489215354330709
0
LINE
8
BLACK
6
CONTINUOUS
10
5.8004536614173228
20
-3.6489215354330709
11
5.7997037401574802
21
-3.6474217322834646
0
LINE
8
BLACK
6
CONTINUOUS
10
5.7997037401574802
20
-3.6474217322834646
11
5.7996881102362208
21
-3.6473646456692914
0
LINE
8
BLACK
6
CONTINUOUS
10
5.7996881102362208
20
-3.6473646456692914
11
5.7996689763779523
21
-3.6473455118110234
0
LINE
8
BLACK
6
CONTINUOUS
10
5.7996689763779523
20
-3.6473455118110234
11
5.799632007874016
21
-3.6471597244094487
0
LINE
8
BLACK
6
CONTINUOUS
10
5.799632007874016
20
-3.6471597244094487
11
5.799582047244094
21
-3.6469772047244096
0
LINE
8
BLACK
6
CONTINUOUS
10
5.799582047244094
20
-3.6469772047244096
11
5.7995905905511806
21
-3.6469515354330708
0
LINE
8
BLACK
6
CONTINUOUS
10
5.7995905905511806
20
-3.6469515354330708
11
5.7995790551181097
21
-3.6468935039370076
0
LINE
8
BLACK
6
CONTINUOUS
10
5.7995790551181097
20
-3.6468935039370076
11
5.7995790551181097
21
-3.6431439763779525
0
LINE
8
BLACK
6
CONTINUOUS
10
5.7995790551181097
20
-3.6431439763779525
11
5.7995905905511806
21
-3.643085905511811
0
LINE
8
BLACK
6
CONTINUOUS
10
5.7995905905511806
20
-3.643085905511811
11
5.799582047244094
21
-3.643060275590551
0
LINE
8
BLACK
6
CONTINUOUS
10
5.799582047244094
20
-3.643060275590551
11
5.799632007874016
21
-3.6428777165354331
0
LINE
8
BLACK
6
CONTINUOUS
10
5.799632007874016
20
-3.6428777165354331
11
5.7996689763779523
21
-3.6426919685039367
0
LINE
8
BLACK
6
CONTINUOUS
10
5.7996689763779523
20
-3.6426919685039367
11
5.7996881102362208
21
-3.6426727952755904
0
LINE
8
BLACK
6
CONTINUOUS
10
5.7996881102362208
20
-3.6426727952755904
11
5.7997037401574802
21
-3.642615748031496
0
LINE
8
BLACK
6
CONTINUOUS
10
5.7997037401574802
20
-3.642615748031496
11
5.7998505118110231
21
-3.6423221653543307
0
LINE
8
BLACK
6
CONTINUOUS
10
5.7998505118110231
20
-3.6423221653543307
11
5.7959420078740154
21
-3.6427130314960627
0
LINE
8
BLACK
6
CONTINUOUS
10
5.7959420078740154
20
-3.6427130314960627
11
5.7959420078740154
21
-3.6491432283464564
0
LINE
8
BLACK
6
CONTINUOUS
10
5.7959420078740154
20
-3.6491432283464564
11
5.7958520866141727
21
-3.6495952362204722
0
LINE
8
BLACK
6
CONTINUOUS
10
5.7958520866141727
20
-3.6495952362204722
11
5.7952129133858268
21
-3.6502344094488186
0
LINE
8
BLACK
6
CONTINUOUS
10
5.7952129133858268
20
-3.6502344094488186
11
5.7943088976377952
21
-3.6502344094488186
0
LINE
8
BLACK
6
CONTINUOUS
10
5.7943088976377952
20
-3.6502344094488186
11
5.7936697244094484
21
-3.6495952362204722
0
LINE
8
BLACK
6
CONTINUOUS
10
5.7936697244094484
20
-3.6495952362204722
11
5.7935798031496057
21
-3.6491432283464564
0
LINE
8
BLACK
6
CONTINUOUS
10
5.7935798031496057
20
-3.6491432283464564
11
5.7935798031496057
21
-3.6416441732283462
0
LINE
8
BLACK
6
CONTINUOUS
10
5.7935798031496057
20
-3.6416441732283462
11
5.793635984251968
21
-3.6413615748031494
0
LINE
8
BLACK
6
CONTINUOUS
10
5.793635984251968
20
-3.6413615748031494
11
5.7936301574803144
21
-3.6413029921259841
0
LINE
8
BLACK
6
CONTINUOUS
10
5.7936301574803144
20
-3.6413029921259841
11
5.7936532677165351
21
-3.6412746850393698
0
LINE
8
BLACK
6
CONTINUOUS
10
5.7936532677165351
20
-3.6412746850393698
11
5.7936697244094484
21
-3.6411921653543304
0
LINE
8
BLACK
6
CONTINUOUS
10
5.7936697244094484
20
-3.6411921653543304
11
5.7939507874015748
21
-3.6409110629921257
0
LINE
8
BLACK
6
CONTINUOUS
10
5.7939507874015748
20
-3.6409110629921257
11
5.7942025590551181
21
-3.6406033858267715
0
LINE
8
BLACK
6
CONTINUOUS
10
5.7942025590551181
20
-3.6406033858267715
11
5.7942830314960627
21
-3.6405788188976378
0
LINE
8
BLACK
6
CONTINUOUS
10
5.7942830314960627
20
-3.6405788188976378
11
5.7943088976377952
21
-3.640552992125984
0
LINE
8
BLACK
6
CONTINUOUS
10
5.7943088976377952
20
-3.640552992125984
11
5.7943677952755905
21
-3.640552992125984
0
LINE
8
BLACK
6
CONTINUOUS
10
5.7943677952755905
20
-3.640552992125984
11
5.7946433858267712
21
-3.6404689370078738
0
LINE
8
BLACK
6
CONTINUOUS
10
5.7946433858267712
20
-3.6404689370078738
11
5.8021424409448814
21
-3.6397190157480313
0
LINE
8
BLACK
6
CONTINUOUS
10
5.8021424409448814
20
-3.6397190157480313
11
5.8026011417322829
21
-3.639763503937008
0
LINE
8
BLACK
6
CONTINUOUS
10
5.8109609448818897
20
-3.6248049606299211
11
5.8116001181102357
21
-3.6254441338582675
0
LINE
8
BLACK
6
CONTINUOUS
10
5.8116001181102357
20
-3.6254441338582675
11
5.8116001181102357
21
-3.626348149606299
0
LINE
8
BLACK
6
CONTINUOUS
10
5.8116001181102357
20
-3.626348149606299
11
5.8109609448818897
21
-3.6269873228346454
0
LINE
8
BLACK
6
CONTINUOUS
10
5.8109609448818897
20
-3.6269873228346454
11
5.8105089370078735
21
-3.6270772440944881
0
LINE
8
BLACK
6
CONTINUOUS
10
5.8105089370078735
20
-3.6270772440944881
11
5.8041909842519681
21
-3.6270772440944881
0
LINE
8
BLACK
6
CONTINUOUS
10
5.8041909842519681
20
-3.6270772440944881
11
5.8041909842519681
21
-3.6290307086614173
0
LINE
8
BLACK
6
CONTINUOUS
10
5.8041909842519681
20
-3.6290307086614173
11
5.8111862204724405
21
-3.6339274015748031
0
LINE
8
BLACK
6
CONTINUOUS
10
5.8111862204724405
20
-3.6339274015748031
11
5.8115049606299207
21
-3.6342602755905511
0
LINE
8
BLACK
6
CONTINUOUS
10
5.8115049606299207
20
-3.6342602755905511
11
5.8116620472440941
21
-3.6351504330708662
0
LINE
8
BLACK
6
CONTINUOUS
10
5.8116620472440941
20
-3.6351504330708662
11
5.8111436614173231
21
-3.635891023622047
0
LINE
8
BLACK
6
CONTINUOUS
10
5.8111436614173231
20
-3.635891023622047
11
5.8102534645669293
21
-3.6360481102362203
0
LINE
8
BLACK
6
CONTINUOUS
10
5.8102534645669293
20
-3.6360481102362203
11
5.8098316141732278
21
-3.6358625984251969
0
LINE
8
BLACK
6
CONTINUOUS
10
5.8098316141732278
20
-3.6358625984251969
11
5.8041876771653538
21
-3.6319118503937009
0
LINE
8
BLACK
6
CONTINUOUS
10
5.8041876771653538
20
-3.6319118503937009
11
5.8041794488188971
21
-3.6319533464566929
0
LINE
8
BLACK
6
CONTINUOUS
10
5.8041794488188971
20
-3.6319533464566929
11
5.8041880314960625
21
-3.6319790944881887
0
LINE
8
BLACK
6
CONTINUOUS
10
5.8041880314960625
20
-3.6319790944881887
11
5.8041379527559052
21
-3.6321618897637795
0
LINE
8
BLACK
6
CONTINUOUS
10
5.8041379527559052
20
-3.6321618897637795
11
5.8041010629921255
21
-3.632347401574803
0
LINE
8
BLACK
6
CONTINUOUS
10
5.8041010629921255
20
-3.632347401574803
11
5.8040818897637791
21
-3.632366535433071
0
LINE
8
BLACK
6
CONTINUOUS
10
5.8040818897637791
20
-3.632366535433071
11
5.8040662992125984
21
-3.6324235826771654
0
LINE
8
BLACK
6
CONTINUOUS
10
5.8040662992125984
20
-3.6324235826771654
11
5.8033163779527559
21
-3.6339234251968504
0
LINE
8
BLACK
6
CONTINUOUS
10
5.8033163779527559
20
-3.6339234251968504
11
5.803200393700787
21
-3.6340727952755905
0
LINE
8
BLACK
6
CONTINUOUS
10
5.803200393700787
20
-3.6340727952755905
11
5.8030951574803149
21
-3.6342303543307084
0
LINE
8
BLACK
6
CONTINUOUS
10
5.8030951574803149
20
-3.6342303543307084
11
5.8023452362204724
21
-3.6349802362204722
0
LINE
8
BLACK
6
CONTINUOUS
10
5.8023452362204724
20
-3.6349802362204722
11
5.8021880314960628
21
-3.6350852362204722
0
LINE
8
BLACK
6
CONTINUOUS
10
5.8021880314960628
20
-3.6350852362204722
11
5.8020383070866144
21
-3.6352014960629919
0
LINE
8
BLACK
6
CONTINUOUS
10
5.8020383070866144
20
-3.6352014960629919
11
5.8005384251968506
21
-3.6359514173228344
0
LINE
8
BLACK
6
CONTINUOUS
10
5.8005384251968506
20
-3.6359514173228344
11
5.8004813779527558
21
-3.6359670078740156
0
LINE
8
BLACK
6
CONTINUOUS
10
5.8004813779527558
20
-3.6359670078740156
11
5.8004622440944882
21
-3.6359861811023619
0
LINE
8
BLACK
6
CONTINUOUS
10
5.8004622440944882
20
-3.6359861811023619
11
5.8002764173228343
21
-3.6360231102362204
0
LINE
8
BLACK
6
CONTINUOUS
10
5.8002764173228343
20
-3.6360231102362204
11
5.8000939370078735
21
-3.6360731102362203
0
LINE
8
BLACK
6
CONTINUOUS
10
5.8000939370078735
20
-3.6360731102362203
11
5.8000682677165356
21
-3.6360645275590548
0
LINE
8
BLACK
6
CONTINUOUS
10
5.8000682677165356
20
-3.6360645275590548
11
5.800010236220472
21
-3.6360761023622046
0
LINE
8
BLACK
6
CONTINUOUS
10
5.800010236220472
20
-3.6360761023622046
11
5.7977605511811019
21
-3.6360761023622046
0
LINE
8
BLACK
6
CONTINUOUS
10
5.7977605511811019
20
-3.6360761023622046
11
5.7977025590551179
21
-3.6360645669291336
0
LINE
8
BLACK
6
CONTINUOUS
10
5.7977025590551179
20
-3.6360645669291336
11
5.7976768503937004
21
-3.636073149606299
0
LINE
8
BLACK
6
CONTINUOUS
10
5.7976768503937004
20
-3.636073149606299
11
5.7974940157480317
21
-3.6360230708661416
0
LINE
8
BLACK
6
CONTINUOUS
10
5.7974940157480317
20
-3.6360230708661416
11
5.7973085433070866
21
-3.6359861811023619
0
LINE
8
BLACK
6
CONTINUOUS
10
5.7973085433070866
20
-3.6359861811023619
11
5.7972893700787402
21
-3.6359670078740156
0
LINE
8
BLACK
6
CONTINUOUS
10
5.7972893700787402
20
-3.6359670078740156
11
5.7972323622047242
21
-3.6359514173228344
0
LINE
8
BLACK
6
CONTINUOUS
10
5.7972323622047242
20
-3.6359514173228344
11
5.7957325196850391
21
-3.6352014960629919
0
LINE
8
BLACK
6
CONTINUOUS
10
5.7957325196850391
20
-3.6352014960629919
11
5.7955832677165349
21
-3.6350856299212597
0
LINE
8
BLACK
6
CONTINUOUS
10
5.7955832677165349
20
-3.6350856299212597
11
5.7954255511811024
21
-3.6349802755905509
0
LINE
8
BLACK
6
CONTINUOUS
10
5.7954255511811024
20
-3.6349802755905509
11
5.7946756692913386
21
-3.6342303543307084
0
LINE
8
BLACK
6
CONTINUOUS
10
5.7946756692913386
20
-3.6342303543307084
11
5.7945706299212594
21
-3.6340731496062992
0
LINE
8
BLACK
6
CONTINUOUS
10
5.7945706299212594
20
-3.6340731496062992
11
5.7944544094488188
21
-3.6339234251968504
0
LINE
8
BLACK
6
CONTINUOUS
10
5.7944544094488188
20
-3.6339234251968504
11
5.7937044881889763
21
-3.6324236220472441
0
LINE
8
BLACK
6
CONTINUOUS
10
5.7937044881889763
20
-3.6324236220472441
11
5.7936888582677168
21
-3.632366535433071
0
LINE
8
BLACK
6
CONTINUOUS
10
5.7936888582677168
20
-3.632366535433071
11
5.7936697244094484
21
-3.632347401574803
0
LINE
8
BLACK
6
CONTINUOUS
10
5.7936697244094484
20
-3.632347401574803
11
5.7936327559055121
21
-3.6321616141732282
0
LINE
8
BLACK
6
CONTINUOUS
10
5.7936327559055121
20
-3.6321616141732282
11
5.7935827952755901
21
-3.6319790944881887
0
LINE
8
BLACK
6
CONTINUOUS
10
5.7935827952755901
20
-3.6319790944881887
11
5.7935913385826767
21
-3.6319534251968504
0
LINE
8
BLACK
6
CONTINUOUS
10
5.7935913385826767
20
-3.6319534251968504
11
5.7935798031496057
21
-3.6318953937007872
0
LINE
8
BLACK
6
CONTINUOUS
10
5.7935798031496057
20
-3.6318953937007872
11
5.7935798031496057
21
-3.6258961417322833
0
LINE
8
BLACK
6
CONTINUOUS
10
5.7935798031496057
20
-3.6258961417322833
11
5.7936697244094484
21
-3.6254441338582675
0
LINE
8
BLACK
6
CONTINUOUS
10
5.7936697244094484
20
-3.6254441338582675
11
5.7943088976377952
21
-3.6248049606299211
0
LINE
8
BLACK
6
CONTINUOUS
10
5.7943088976377952
20
-3.6248049606299211
11
5.7947609055118106
21
-3.6247150393700784
0
LINE
8
BLACK
6
CONTINUOUS
10
5.7947609055118106
20
-3.6247150393700784
11
5.8105089370078735
21
-3.6247150393700784
0
LINE
8
BLACK
6
CONTINUOUS
10
5.8105089370078735
20
-3.6247150393700784
11
5.8109609448818897
21
-3.6248049606299211
0
LINE
8
BLACK
6
CONTINUOUS
10
5.7959420078740154
20
-3.6316165354330709
11
5.7964814960629916
21
-3.6326955511811021
0
LINE
8
BLACK
6
CONTINUOUS
10
5.7964814960629916
20
-3.6326955511811021
11
5.7969603543307082
21
-3.63317437007874
0
LINE
8
BLACK
6
CONTINUOUS
10
5.7969603543307082
20
-3.63317437007874
11
5.798039409448819
21
-3.6337138976377954
0
LINE
8
BLACK
6
CONTINUOUS
10
5.798039409448819
20
-3.6337138976377954
11
5.7997314173228345
21
-3.6337138976377954
0
LINE
8
BLACK
6
CONTINUOUS
10
5.7997314173228345
20
-3.6337138976377954
11
5.8008104330708656
21
-3.63317437007874
0
LINE
8
BLACK
6
CONTINUOUS
10
5.8008104330708656
20
-3.63317437007874
11
5.8012892125984248
21
-3.6326955511811021
0
LINE
8
BLACK
6
CONTINUOUS
10
5.8012892125984248
20
-3.6326955511811021
11
5.8018287795275585
21
-3.6316164960629922
0
LINE
8
BLACK
6
CONTINUOUS
10
5.8018287795275585
20
-3.6316164960629922
11
5.8018287795275585
21
-3.6270772440944881
0
LINE
8
BLACK
6
CONTINUOUS
10
5.8018287795275585
20
-3.6270772440944881
11
5.7959420078740154
21
-3.6270772440944881
0
LINE
8
BLACK
6
CONTINUOUS
10
5.7959420078740154
20
-3.6270772440944881
11
5.7959420078740154
21
-3.6316165354330709
0
LINE
8
BLACK
6
CONTINUOUS
10
5.8203399212598423
20
-3.6042049606299211
11
5.8214052755905508
21
-3.60527031496063
0
LINE
8
BLACK
6
CONTINUOUS
10
5.8214052755905508
20
-3.60527031496063
11
5.8215551181102363
21
-3.6060236220472439
0
LINE
8
BLACK
6
CONTINUOUS
10
5.8215551181102363
20
-3.6060236220472439
11
5.8215551181102363
21
-3.6690157480314958
0
LINE
8
BLACK
6
CONTINUOUS
10
5.8215551181102363
20
-3.6690157480314958
11
5.8214052755905508
21
-3.6697690551181101
0
LINE
8
BLACK
6
CONTINUOUS
10
5.8214052755905508
20
-3.6697690551181101
11
5.8203399212598423
21
-3.670834409448819
0
LINE
8
BLACK
6
CONTINUOUS
10
5.8203399212598423
20
-3.670834409448819
11
5.819586614173228
21
-3.6709842519685036
0
LINE
8
BLACK
6
CONTINUOUS
10
5.819586614173228
20
-3.6709842519685036
11
5.7871062992125983
21
-3.6709842519685036
0
LINE
8
BLACK
6
CONTINUOUS
10
5.7871062992125983
20
-3.6709842519685036
11
5.786352992125984
21
-3.670834409448819
0
LINE
8
BLACK
6
CONTINUOUS
10
5.786352992125984
20
-3.670834409448819
11
5.7852876377952756
21
-3.6697690551181101
0
LINE
8
BLACK
6
CONTINUOUS
10
5.7852876377952756
20
-3.6697690551181101
11
5.78513779527559
21
-3.6690157480314958
0
LINE
8
BLACK
6
CONTINUOUS
10
5.78513779527559
20
-3.6690157480314958
11
5.78513779527559
21
-3.6060236220472439
0
LINE
8
BLACK
6
CONTINUOUS
10
5.78513779527559
20
-3.6060236220472439
11
5.7852876377952756
21
-3.60527031496063
0
LINE
8
BLACK
6
CONTINUOUS
10
5.7852876377952756
20
-3.60527031496063
11
5.786352992125984
21
-3.6042049606299211
0
LINE
8
BLACK
6
CONTINUOUS
10
5.786352992125984
20
-3.6042049606299211
11
5.7871062992125983
21
-3.604055118110236
0
LINE
8
BLACK
6
CONTINUOUS
10
5.7871062992125983
20
-3.604055118110236
11
5.819586614173228
21
-3.604055118110236
0
LINE
8
BLACK
6
CONTINUOUS
10
5.819586614173228
20
-3.604055118110236
11
5.8203399212598423
21
-3.6042049606299211
0
LINE
8
BLACK
6
CONTINUOUS
10
5.7890748031496058
20
-3.6079921259842518
11
5.7890748031496058
21
-3.6670472440944879
0
LINE
8
BLACK
6
CONTINUOUS
10
5.7890748031496058
20
-3.6670472440944879
11
5.8176181102362206
21
-3.6670472440944879
0
LINE
8
BLACK
6
CONTINUOUS
10
5.8176181102362206
20
-3.6670472440944879
11
5.8176181102362206
21
-3.6079921259842518
0
LINE
8
BLACK
6
CONTINUOUS
10
5.8176181102362206
20
-3.6079921259842518
11
5.7890748031496058
21
-3.6079921259842518
0
LINE
8
BLACK
6
CONTINUOUS
10
5.9804219685039373
20
-3.6203626377952753
11
5.9810611417322832
21
-3.6210018110236222
0
LINE
8
BLACK
6
CONTINUOUS
10
5.9810611417322832
20
-3.6210018110236222
11
5.9811510629921258
21
-3.6214538188976375
0
LINE
8
BLACK
6
CONTINUOUS
10
5.9811510629921258
20
-3.6214538188976375
11
5.9811510629921258
21
-3.6372018503937009
0
LINE
8
BLACK
6
CONTINUOUS
10
5.9811510629921258
20
-3.6372018503937009
11
5.9810611417322832
21
-3.6376538582677163
0
LINE
8
BLACK
6
CONTINUOUS
10
5.9810611417322832
20
-3.6376538582677163
11
5.9804219685039373
21
-3.6382930314960631
0
LINE
8
BLACK
6
CONTINUOUS
10
5.9804219685039373
20
-3.6382930314960631
11
5.9795179527559057
21
-3.6382930314960631
0
LINE
8
BLACK
6
CONTINUOUS
10
5.9795179527559057
20
-3.6382930314960631
11
5.9788787795275589
21
-3.6376538582677163
0
LINE
8
BLACK
6
CONTINUOUS
10
5.9788787795275589
20
-3.6376538582677163
11
5.9787888582677162
21
-3.6372018503937009
0
LINE
8
BLACK
6
CONTINUOUS
10
5.9787888582677162
20
-3.6372018503937009
11
5.9787888582677162
21
-3.6308838976377951
0
LINE
8
BLACK
6
CONTINUOUS
10
5.9787888582677162
20
-3.6308838976377951
11
5.976835393700787
21
-3.6308838976377951
0
LINE
8
BLACK
6
CONTINUOUS
10
5.976835393700787
20
-3.6308838976377951
11
5.9719387007874012
21
-3.6378791732283462
0
LINE
8
BLACK
6
CONTINUOUS
10
5.9719387007874012
20
-3.6378791732283462
11
5.9716058267716532
21
-3.6381979133858269
0
LINE
8
BLACK
6
CONTINUOUS
10
5.9716058267716532
20
-3.6381979133858269
11
5.9707156692913381
21
-3.6383549999999998
0
LINE
8
BLACK
6
CONTINUOUS
10
5.9707156692913381
20
-3.6383549999999998
11
5.9699750393700786
21
-3.6378365748031496
0
LINE
8
BLACK
6
CONTINUOUS
10
5.9699750393700786
20
-3.6378365748031496
11
5.9698179527559052
21
-3.6369464173228345
0
LINE
8
BLACK
6
CONTINUOUS
10
5.9698179527559052
20
-3.6369464173228345
11
5.9700035039370078
21
-3.6365245275590552
0
LINE
8
BLACK
6
CONTINUOUS
10
5.9700035039370078
20
-3.6365245275590552
11
5.9739542125984251
21
-3.6308805905511812
0
LINE
8
BLACK
6
CONTINUOUS
10
5.9739542125984251
20
-3.6308805905511812
11
5.9739127165354331
21
-3.6308723622047245
0
LINE
8
BLACK
6
CONTINUOUS
10
5.9739127165354331
20
-3.6308723622047245
11
5.9738870078740156
21
-3.6308809448818895
0
LINE
8
BLACK
6
CONTINUOUS
10
5.9738870078740156
20
-3.6308809448818895
11
5.973704173228346
21
-3.6308308661417321
0
LINE
8
BLACK
6
CONTINUOUS
10
5.973704173228346
20
-3.6308308661417321
11
5.9735187007874018
21
-3.6307939763779529
0
LINE
8
BLACK
6
CONTINUOUS
10
5.9735187007874018
20
-3.6307939763779529
11
5.9734995275590546
21
-3.6307748031496061
0
LINE
8
BLACK
6
CONTINUOUS
10
5.9734995275590546
20
-3.6307748031496061
11
5.9734425196850394
21
-3.6307592125984249
0
LINE
8
BLACK
6
CONTINUOUS
10
5.9734425196850394
20
-3.6307592125984249
11
5.9719426771653543
21
-3.6300092913385824
0
LINE
8
BLACK
6
CONTINUOUS
10
5.9719426771653543
20
-3.6300092913385824
11
5.9717932677165351
21
-3.629893307086614
0
LINE
8
BLACK
6
CONTINUOUS
10
5.9717932677165351
20
-3.629893307086614
11
5.9716357480314963
21
-3.6297880708661419
0
LINE
8
BLACK
6
CONTINUOUS
10
5.9716357480314963
20
-3.6297880708661419
11
5.9708858661417326
21
-3.6290381496062993
0
LINE
8
BLACK
6
CONTINUOUS
10
5.9708858661417326
20
-3.6290381496062993
11
5.9707808267716533
21
-3.6288809448818897
0
LINE
8
BLACK
6
CONTINUOUS
10
5.9707808267716533
20
-3.6288809448818897
11
5.9706646062992128
21
-3.6287312204724409
0
LINE
8
BLACK
6
CONTINUOUS
10
5.9706646062992128
20
-3.6287312204724409
11
5.9699146850393703
21
-3.6272313385826771
0
LINE
8
BLACK
6
CONTINUOUS
10
5.9699146850393703
20
-3.6272313385826771
11
5.9698990551181099
21
-3.6271742913385827
0
LINE
8
BLACK
6
CONTINUOUS
10
5.9698990551181099
20
-3.6271742913385827
11
5.9698799212598423
21
-3.6271551574803147
0
LINE
8
BLACK
6
CONTINUOUS
10
5.9698799212598423
20
-3.6271551574803147
11
5.9698429527559052
21
-3.6269693307086612
0
LINE
8
BLACK
6
CONTINUOUS
10
5.9698429527559052
20
-3.6269693307086612
11
5.969792992125984
21
-3.6267868503937009
0
LINE
8
BLACK
6
CONTINUOUS
10
5.969792992125984
20
-3.6267868503937009
11
5.9698015354330707
21
-3.6267611811023621
0
LINE
8
BLACK
6
CONTINUOUS
10
5.9698015354330707
20
-3.6267611811023621
11
5.9697899999999997
21
-3.6267031496062989
0
LINE
8
BLACK
6
CONTINUOUS
10
5.9697899999999997
20
-3.6267031496062989
11
5.9697899999999997
21
-3.6244534645669289
0
LINE
8
BLACK
6
CONTINUOUS
10
5.9697899999999997
20
-3.6244534645669289
11
5.9698015354330707
21
-3.6243953937007873
0
LINE
8
BLACK
6
CONTINUOUS
10
5.9698015354330707
20
-3.6243953937007873
11
5.969792992125984
21
-3.6243697637795274
0
LINE
8
BLACK
6
CONTINUOUS
10
5.969792992125984
20
-3.6243697637795274
11
5.9698429527559052
21
-3.6241872440944882
0
LINE
8
BLACK
6
CONTINUOUS
10
5.9698429527559052
20
-3.6241872440944882
11
5.9698799212598423
21
-3.6240014566929135
0
LINE
8
BLACK
6
CONTINUOUS
10
5.9698799212598423
20
-3.6240014566929135
11
5.9698990551181099
21
-3.6239822834645667
0
LINE
8
BLACK
6
CONTINUOUS
10
5.9698990551181099
20
-3.6239822834645667
11
5.9699146850393703
21
-3.6239252755905511
0
LINE
8
BLACK
6
CONTINUOUS
10
5.9699146850393703
20
-3.6239252755905511
11
5.9706646062992128
21
-3.6224253937007873
0
LINE
8
BLACK
6
CONTINUOUS
10
5.9706646062992128
20
-3.6224253937007873
11
5.9707808267716533
21
-3.6222756299212597
0
LINE
8
BLACK
6
CONTINUOUS
10
5.9707808267716533
20
-3.6222756299212597
11
5.9708858661417326
21
-3.6221184645669289
0
LINE
8
BLACK
6
CONTINUOUS
10
5.9708858661417326
20
-3.6221184645669289
11
5.9716357480314963
21
-3.6213685433070864
0
LINE
8
BLACK
6
CONTINUOUS
10
5.9716357480314963
20
-3.6213685433070864
11
5.9717932677165351
21
-3.6212632677165355
0
LINE
8
BLACK
6
CONTINUOUS
10
5.9717932677165351
20
-3.6212632677165355
11
5.9719426771653543
21
-3.6211473228346458
0
LINE
8
BLACK
6
CONTINUOUS
10
5.9719426771653543
20
-3.6211473228346458
11
5.9734425196850394
21
-3.6203974015748033
0
LINE
8
BLACK
6
CONTINUOUS
10
5.9734425196850394
20
-3.6203974015748033
11
5.9734995275590546
21
-3.6203817716535434
0
LINE
8
BLACK
6
CONTINUOUS
10
5.9734995275590546
20
-3.6203817716535434
11
5.9735187007874018
21
-3.6203626377952753
0
LINE
8
BLACK
6
CONTINUOUS
10
5.9735187007874018
20
-3.6203626377952753
11
5.973704173228346
21
-3.6203257086614173
0
LINE
8
BLACK
6
CONTINUOUS
10
5.973704173228346
20
-3.6203257086614173
11
5.9738870078740156
21
-3.6202756692913387
0
LINE
8
BLACK
6
CONTINUOUS
10
5.9738870078740156
20
-3.6202756692913387
11
5.9739127165354331
21
-3.6202842125984249
0
LINE
8
BLACK
6
CONTINUOUS
10
5.9739127165354331
20
-3.6202842125984249
11
5.9739707086614171
21
-3.6202727165354331
0
LINE
8
BLACK
6
CONTINUOUS
10
5.9739707086614171
20
-3.6202727165354331
11
5.979969960629921
21
-3.6202727165354331
0
LINE
8
BLACK
6
CONTINUOUS
10
5.979969960629921
20
-3.6202727165354331
11
5.9804219685039373
21
-3.6203626377952753
0
LINE
8
BLACK
6
CONTINUOUS
10
5.9731705118110234
20
-3.6231744488188977
11
5.9726916929133855
21
-3.6236532283464564
0
LINE
8
BLACK
6
CONTINUOUS
10
5.9726916929133855
20
-3.6236532283464564
11
5.9721522047244093
21
-3.6247322834645668
0
LINE
8
BLACK
6
CONTINUOUS
10
5.9721522047244093
20
-3.6247322834645668
11
5.9721522047244093
21
-3.6264243307086614
0
LINE
8
BLACK
6
CONTINUOUS
10
5.9721522047244093
20
-3.6264243307086614
11
5.9726916929133855
21
-3.627503346456693
0
LINE
8
BLACK
6
CONTINUOUS
10
5.9726916929133855
20
-3.627503346456693
11
5.9731705118110234
21
-3.6279821259842517
0
LINE
8
BLACK
6
CONTINUOUS
10
5.9731705118110234
20
-3.6279821259842517
11
5.9742495669291333
21
-3.6285216929133859
0
LINE
8
BLACK
6
CONTINUOUS
10
5.9742495669291333
20
-3.6285216929133859
11
5.9787888582677162
21
-3.6285216929133859
0
LINE
8
BLACK
6
CONTINUOUS
10
5.9787888582677162
20
-3.6285216929133859
11
5.9787888582677162
21
-3.6226349212598423
0
LINE
8
BLACK
6
CONTINUOUS
10
5.9787888582677162
20
-3.6226349212598423
11
5.9742495669291333
21
-3.6226349212598423
0
LINE
8
BLACK
6
CONTINUOUS
10
5.9742495669291333
20
-3.6226349212598423
11
5.9731705118110234
21
-3.6231744488188977
0
LINE
8
BLACK
6
CONTINUOUS
10
5.9621145669291336
20
-3.6199300787401576
11
5.9623427952755907
21
-3.6203304330708659
0
LINE
8
BLACK
6
CONTINUOUS
10
5.9623427952755907
20
-3.6203304330708659
11
5.9660923228346459
21
-3.6315790157480312
0
LINE
8
BLACK
6
CONTINUOUS
10
5.9660923228346459
20
-3.6315790157480312
11
5.9661499606299211
21
-3.6320362598425198
0
LINE
8
BLACK
6
CONTINUOUS
10
5.9661499606299211
20
-3.6320362598425198
11
5.9660630314960628
21
-3.632210118110236
0
LINE
8
BLACK
6
CONTINUOUS
10
5.9660630314960628
20
-3.632210118110236
11
5.9660630314960628
21
-3.6324045275590549
0
LINE
8
BLACK
6
CONTINUOUS
10
5.9660630314960628
20
-3.6324045275590549
11
5.9658686220472443
21
-3.6325989370078737
0
LINE
8
BLACK
6
CONTINUOUS
10
5.9658686220472443
20
-3.6325989370078737
11
5.9657457086614176
21
-3.6328447637795276
0
LINE
8
BLACK
6
CONTINUOUS
10
5.9657457086614176
20
-3.6328447637795276
11
5.9655613385826767
21
-3.6329062204724409
0
LINE
8
BLACK
6
CONTINUOUS
10
5.9655613385826767
20
-3.6329062204724409
11
5.9654238582677168
21
-3.6330437007874017
0
LINE
8
BLACK
6
CONTINUOUS
10
5.9654238582677168
20
-3.6330437007874017
11
5.9649718503937006
21
-3.6331336220472439
0
LINE
8
BLACK
6
CONTINUOUS
10
5.9649718503937006
20
-3.6331336220472439
11
5.9586538976377952
21
-3.6331336220472439
0
LINE
8
BLACK
6
CONTINUOUS
10
5.9586538976377952
20
-3.6331336220472439
11
5.9586538976377952
21
-3.6372018503937009
0
LINE
8
BLACK
6
CONTINUOUS
10
5.9586538976377952
20
-3.6372018503937009
11
5.9585639763779525
21
-3.6376538582677163
0
LINE
8
BLACK
6
CONTINUOUS
10
5.9585639763779525
20
-3.6376538582677163
11
5.9579248031496066
21
-3.6382930314960631
0
LINE
8
BLACK
6
CONTINUOUS
10
5.9579248031496066
20
-3.6382930314960631
11
5.957020787401575
21
-3.6382930314960631
0
LINE
8
BLACK
6
CONTINUOUS
10
5.957020787401575
20
-3.6382930314960631
11
5.9563816141732282
21
-3.6376538582677163
0
LINE
8
BLACK
6
CONTINUOUS
10
5.9563816141732282
20
-3.6376538582677163
11
5.9562916929133856
21
-3.6372018503937009
0
LINE
8
BLACK
6
CONTINUOUS
10
5.9562916929133856
20
-3.6372018503937009
11
5.9562916929133856
21
-3.6331336220472439
0
LINE
8
BLACK
6
CONTINUOUS
10
5.9562916929133856
20
-3.6331336220472439
11
5.9552230708661416
21
-3.6331336220472439
0
LINE
8
BLACK
6
CONTINUOUS
10
5.9552230708661416
20
-3.6331336220472439
11
5.9547710629921262
21
-3.6330437007874017
0
LINE
8
BLACK
6
CONTINUOUS
10
5.9547710629921262
20
-3.6330437007874017
11
5.9541318897637794
21
-3.6324045275590549
0
LINE
8
BLACK
6
CONTINUOUS
10
5.9541318897637794
20
-3.6324045275590549
11
5.9541318897637794
21
-3.6315005118110237
0
LINE
8
BLACK
6
CONTINUOUS
10
5.9541318897637794
20
-3.6315005118110237
11
5.9547710629921262
21
-3.6308613385826769
0
LINE
8
BLACK
6
CONTINUOUS
10
5.9547710629921262
20
-3.6308613385826769
11
5.9552230708661416
21
-3.6307714173228347
0
LINE
8
BLACK
6
CONTINUOUS
10
5.9552230708661416
20
-3.6307714173228347
11
5.9562916929133856
21
-3.6307714173228347
0
LINE
8
BLACK
6
CONTINUOUS
10
5.9562916929133856
20
-3.6307714173228347
11
5.9562916929133856
21
-3.6267031496062989
0
LINE
8
BLACK
6
CONTINUOUS
10
5.9562916929133856
20
-3.6267031496062989
11
5.9563816141732282
21
-3.6262511417322836
0
LINE
8
BLACK
6
CONTINUOUS
10
5.9563816141732282
20
-3.6262511417322836
11
5.957020787401575
21
-3.6256119685039367
0
LINE
8
BLACK
6
CONTINUOUS
10
5.957020787401575
20
-3.6256119685039367
11
5.9579248031496066
21
-3.6256119685039367
0
LINE
8
BLACK
6
CONTINUOUS
10
5.9579248031496066
20
-3.6256119685039367
11
5.9585639763779525
21
-3.6262511417322836
0
LINE
8
BLACK
6
CONTINUOUS
10
5.9585639763779525
20
-3.6262511417322836
11
5.9586538976377952
21
-3.6267031496062989
0
LINE
8
BLACK
6
CONTINUOUS
10
5.9586538976377952
20
-3.6267031496062989
11
5.9586538976377952
21
-3.6307714173228347
0
LINE
8
BLACK
6
CONTINUOUS
10
5.9586538976377952
20
-3.6307714173228347
11
5.9633331889763781
21
-3.6307714173228347
0
LINE
8
BLACK
6
CONTINUOUS
10
5.9633331889763781
20
-3.6307714173228347
11
5.9601018503937002
21
-3.6210774409448816
0
LINE
8
BLACK
6
CONTINUOUS
10
5.9601018503937002
20
-3.6210774409448816
11
5.960044212598425
21
-3.6206201968503935
0
LINE
8
BLACK
6
CONTINUOUS
10
5.960044212598425
20
-3.6206201968503935
11
5.9604484645669293
21
-3.6198116929133857
0
LINE
8
BLACK
6
CONTINUOUS
10
5.9604484645669293
20
-3.6198116929133857
11
5.9613060629921257
21
-3.6195258267716532
0
LINE
8
BLACK
6
CONTINUOUS
10
5.9613060629921257
20
-3.6195258267716532
11
5.9621145669291336
21
-3.6199300787401576
0
LINE
8
BLACK
6
CONTINUOUS
10
6.0005958267716535
20
-3.6119805511811021
11
6.0016611811023619
21
-3.6130459055118109
0
LINE
8
BLACK
6
CONTINUOUS
10
6.0016611811023619
20
-3.6130459055118109
11
6.0018110236220474
21
-3.6137992125984253
0
LINE
8
BLACK
6
CONTINUOUS
10
6.0018110236220474
20
-3.6137992125984253
11
6.0018110236220474
21
-3.6462795275590549
0
LINE
8
BLACK
6
CONTINUOUS
10
6.0018110236220474
20
-3.6462795275590549
11
6.0016611811023619
21
-3.6470328346456693
0
LINE
8
BLACK
6
CONTINUOUS
10
6.0016611811023619
20
-3.6470328346456693
11
6.0005958267716535
21
-3.6480981889763777
0
LINE
8
BLACK
6
CONTINUOUS
10
6.0005958267716535
20
-3.6480981889763777
11
5.9998425196850391
21
-3.6482480314960628
0
LINE
8
BLACK
6
CONTINUOUS
10
5.9998425196850391
20
-3.6482480314960628
11
5.9368503937007873
21
-3.6482480314960628
0
LINE
8
BLACK
6
CONTINUOUS
10
5.9368503937007873
20
-3.6482480314960628
11
5.9360970866141729
21
-3.6480981889763777
0
LINE
8
BLACK
6
CONTINUOUS
10
5.9360970866141729
20
-3.6480981889763777
11
5.9350317322834645
21
-3.6470328346456693
0
LINE
8
BLACK
6
CONTINUOUS
10
5.9350317322834645
20
-3.6470328346456693
11
5.934881889763779
21
-3.6462795275590549
0
LINE
8
BLACK
6
CONTINUOUS
10
5.934881889763779
20
-3.6462795275590549
11
5.934881889763779
21
-3.6137992125984253
0
LINE
8
BLACK
6
CONTINUOUS
10
5.934881889763779
20
-3.6137992125984253
11
5.9350317322834645
21
-3.6130459055118109
0
LINE
8
BLACK
6
CONTINUOUS
10
5.9350317322834645
20
-3.6130459055118109
11
5.9360970866141729
21
-3.6119805511811021
0
LINE
8
BLACK
6
CONTINUOUS
10
5.9360970866141729
20
-3.6119805511811021
11
5.9368503937007873
21
-3.6118307086614174
0
LINE
8
BLACK
6
CONTINUOUS
10
5.9368503937007873
20
-3.6118307086614174
11
5.9998425196850391
21
-3.6118307086614174
0
LINE
8
BLACK
6
CONTINUOUS
10
5.9998425196850391
20
-3.6118307086614174
11
6.0005958267716535
21
-3.6119805511811021
0
LINE
8
BLACK
6
CONTINUOUS
10
5.9388188976377956
20
-3.6157677165354332
11
5.9388188976377956
21
-3.6443110236220471
0
LINE
8
BLACK
6
CONTINUOUS
10
5.9388188976377956
20
-3.6443110236220471
11
5.9978740157480317
21
-3.6443110236220471
0
LINE
8
BLACK
6
CONTINUOUS
10
5.9978740157480317
20
-3.6443110236220471
11
5.9978740157480317
21
-3.6157677165354332
0
LINE
8
BLACK
6
CONTINUOUS
10
5.9978740157480317
20
-3.6157677165354332
11
5.9388188976377956
21
-3.6157677165354332
0
LINE
8
BLACK
6
CONTINUOUS
10
6.1376464173228342
20
-3.6012062204724407
11
6.1376635826771651
21
-3.6012005118110237
0
LINE
8
BLACK
6
CONTINUOUS
10
6.1376635826771651
20
-3.6012005118110237
11
6.1377851574803151
21
-3.6012338188976378
0
LINE
8
BLACK
6
CONTINUOUS
10
6.1377851574803151
20
-3.6012338188976378
11
6.1379090944881884
21
-3.601258464566929
0
LINE
8
BLACK
6
CONTINUOUS
10
6.1379090944881884
20
-3.601258464566929
11
6.1379218897637795
21
-3.6012712598425196
0
LINE
8
BLACK
6
CONTINUOUS
10
6.1379218897637795
20
-3.6012712598425196
11
6.1379599212598421
21
-3.601281692913386
0
LINE
8
BLACK
6
CONTINUOUS
10
6.1379599212598421
20
-3.601281692913386
11
6.1387097637795272
21
-3.6016566141732285
0
LINE
8
BLACK
6
CONTINUOUS
10
6.1387097637795272
20
-3.6016566141732285
11
6.1388094488188978
21
-3.6017339763779526
0
LINE
8
BLACK
6
CONTINUOUS
10
6.1388094488188978
20
-3.6017339763779526
11
6.1389144094488186
21
-3.6018041338582676
0
LINE
8
BLACK
6
CONTINUOUS
10
6.1389144094488186
20
-3.6018041338582676
11
6.1392893700787399
21
-3.6021790944881888
0
LINE
8
BLACK
6
CONTINUOUS
10
6.1392893700787399
20
-3.6021790944881888
11
6.1394600787401572
21
-3.6024345275590552
0
LINE
8
BLACK
6
CONTINUOUS
10
6.1394600787401572
20
-3.6024345275590552
11
6.1394600787401572
21
-3.6030372047244095
0
LINE
8
BLACK
6
CONTINUOUS
10
6.1394600787401572
20
-3.6030372047244095
11
6.1390339370078735
21
-3.6034633464566928
0
LINE
8
BLACK
6
CONTINUOUS
10
6.1390339370078735
20
-3.6034633464566928
11
6.1384312598425197
21
-3.6034633464566928
0
LINE
8
BLACK
6
CONTINUOUS
10
6.1384312598425197
20
-3.6034633464566928
11
6.1381758267716533
21
-3.6032926377952754
0
LINE
8
BLACK
6
CONTINUOUS
10
6.1381758267716533
20
-3.6032926377952754
11
6.1378911811023622
21
-3.6030079921259843
0
LINE
8
BLACK
6
CONTINUOUS
10
6.1378911811023622
20
-3.6030079921259843
11
6.1374218897637798
21
-3.6027733464566927
0
LINE
8
BLACK
6
CONTINUOUS
10
6.1374218897637798
20
-3.6027733464566927
11
6.1359188976377954
21
-3.6027733464566927
0
LINE
8
BLACK
6
CONTINUOUS
10
6.1359188976377954
20
-3.6027733464566927
11
6.1354494488188971
21
-3.6030080708661418
0
LINE
8
BLACK
6
CONTINUOUS
10
6.1354494488188971
20
-3.6030080708661418
11
6.1352552362204724
21
-3.6032022440944882
0
LINE
8
BLACK
6
CONTINUOUS
10
6.1352552362204724
20
-3.6032022440944882
11
6.1350205905511812
21
-3.6036716535433069
0
LINE
8
BLACK
6
CONTINUOUS
10
6.1350205905511812
20
-3.6036716535433069
11
6.1350205905511812
21
-3.6041078740157482
0
LINE
8
BLACK
6
CONTINUOUS
10
6.1350205905511812
20
-3.6041078740157482
11
6.1352963385826769
21
-3.6049352362204723
0
LINE
8
BLACK
6
CONTINUOUS
10
6.1352963385826769
20
-3.6049352362204723
11
6.1396643307086611
21
-3.6093031889763778
0
LINE
8
BLACK
6
CONTINUOUS
10
6.1396643307086611
20
-3.6093031889763778
11
6.1398350393700785
21
-3.6095586220472442
0
LINE
8
BLACK
6
CONTINUOUS
10
6.1398350393700785
20
-3.6095586220472442
11
6.1398350393700785
21
-3.6101612992125984
0
LINE
8
BLACK
6
CONTINUOUS
10
6.1398350393700785
20
-3.6101612992125984
11
6.1394088976377947
21
-3.6105874409448817
0
LINE
8
BLACK
6
CONTINUOUS
10
6.1394088976377947
20
-3.6105874409448817
11
6.1391075590551178
21
-3.6106473622047242
0
LINE
8
BLACK
6
CONTINUOUS
10
6.1391075590551178
20
-3.6106473622047242
11
6.1342331889763777
21
-3.6106473622047242
0
LINE
8
BLACK
6
CONTINUOUS
10
6.1342331889763777
20
-3.6106473622047242
11
6.1339318503937008
21
-3.6105874409448817
0
LINE
8
BLACK
6
CONTINUOUS
10
6.1339318503937008
20
-3.6105874409448817
11
6.1335057086614171
21
-3.6101612992125984
0
LINE
8
BLACK
6
CONTINUOUS
10
6.1335057086614171
20
-3.6101612992125984
11
6.1335057086614171
21
-3.6095586220472442
0
LINE
8
BLACK
6
CONTINUOUS
10
6.1335057086614171
20
-3.6095586220472442
11
6.1339318503937008
21
-3.6091324803149605
0
LINE
8
BLACK
6
CONTINUOUS
10
6.1339318503937008
20
-3.6091324803149605
11
6.1342331889763777
21
-3.609072559055118
0
LINE
8
BLACK
6
CONTINUOUS
10
6.1342331889763777
20
-3.609072559055118
11
6.1372066141732278
21
-3.609072559055118
0
LINE
8
BLACK
6
CONTINUOUS
10
6.1372066141732278
20
-3.609072559055118
11
6.1340513385826769
21
-3.6059173228346455
0
LINE
8
BLACK
6
CONTINUOUS
10
6.1340513385826769
20
-3.6059173228346455
11
6.1340294094488188
21
-3.6058845275590552
0
LINE
8
BLACK
6
CONTINUOUS
10
6.1340294094488188
20
-3.6058845275590552
11
6.1340132283464568
21
-3.6058764566929131
0
LINE
8
BLACK
6
CONTINUOUS
10
6.1340132283464568
20
-3.6058764566929131
11
6.1339506692913384
21
-3.6057666929133858
0
LINE
8
BLACK
6
CONTINUOUS
10
6.1339506692913384
20
-3.6057666929133858
11
6.1338806299212596
21
-3.6056618897637795
0
LINE
8
BLACK
6
CONTINUOUS
10
6.1338806299212596
20
-3.6056618897637795
11
6.1338806299212596
21
-3.6056437795275591
0
LINE
8
BLACK
6
CONTINUOUS
10
6.1338806299212596
20
-3.6056437795275591
11
6.1338611023622045
21
-3.6056095275590549
0
LINE
8
BLACK
6
CONTINUOUS
10
6.1338611023622045
20
-3.6056095275590549
11
6.133486181102362
21
-3.6044846456692912
0
LINE
8
BLACK
6
CONTINUOUS
10
6.133486181102362
20
-3.6044846456692912
11
6.1334703937007875
21
-3.6043594094488189
0
LINE
8
BLACK
6
CONTINUOUS
10
6.1334703937007875
20
-3.6043594094488189
11
6.1334457874015751
21
-3.6042356692913384
0
LINE
8
BLACK
6
CONTINUOUS
10
6.1334457874015751
20
-3.6042356692913384
11
6.1334457874015751
21
-3.6034857874015747
0
LINE
8
BLACK
6
CONTINUOUS
10
6.1334457874015751
20
-3.6034857874015747
11
6.1334534645669292
21
-3.603447125984252
0
LINE
8
BLACK
6
CONTINUOUS
10
6.1334534645669292
20
-3.603447125984252
11
6.1334477559055118
21
-3.6034299999999999
0
LINE
8
BLACK
6
CONTINUOUS
10
6.1334477559055118
20
-3.6034299999999999
11
6.1334810629921259
21
-3.6033082677165353
0
LINE
8
BLACK
6
CONTINUOUS
10
6.1334810629921259
20
-3.6033082677165353
11
6.1335057086614171
21
-3.6031844488188978
0
LINE
8
BLACK
6
CONTINUOUS
10
6.1335057086614171
20
-3.6031844488188978
11
6.1335184645669294
21
-3.6031716535433072
0
LINE
8
BLACK
6
CONTINUOUS
10
6.1335184645669294
20
-3.6031716535433072
11
6.1335288976377953
21
-3.6031336614173228
0
LINE
8
BLACK
6
CONTINUOUS
10
6.1335288976377953
20
-3.6031336614173228
11
6.1339038188976378
21
-3.6023837401574803
0
LINE
8
BLACK
6
CONTINUOUS
10
6.1339038188976378
20
-3.6023837401574803
11
6.1339812992125982
21
-3.6022838582677164
0
LINE
8
BLACK
6
CONTINUOUS
10
6.1339812992125982
20
-3.6022838582677164
11
6.1340513385826769
21
-3.6021790944881888
0
LINE
8
BLACK
6
CONTINUOUS
10
6.1340513385826769
20
-3.6021790944881888
11
6.1344262992125982
21
-3.6018041338582676
0
LINE
8
BLACK
6
CONTINUOUS
10
6.1344262992125982
20
-3.6018041338582676
11
6.1345311023622049
21
-3.6017340551181101
0
LINE
8
BLACK
6
CONTINUOUS
10
6.1345311023622049
20
-3.6017340551181101
11
6.1346309448818896
21
-3.6016566141732285
0
LINE
8
BLACK
6
CONTINUOUS
10
6.1346309448818896
20
-3.6016566141732285
11
6.1353808267716534
21
-3.601281692913386
0
LINE
8
BLACK
6
CONTINUOUS
10
6.1353808267716534
20
-3.601281692913386
11
6.1354188188976373
21
-3.6012712598425196
0
LINE
8
BLACK
6
CONTINUOUS
10
6.1354188188976373
20
-3.6012712598425196
11
6.1354316535433071
21
-3.601258464566929
0
LINE
8
BLACK
6
CONTINUOUS
10
6.1354316535433071
20
-3.601258464566929
11
6.1355555511811026
21
-3.6012338188976378
0
LINE
8
BLACK
6
CONTINUOUS
10
6.1355555511811026
20
-3.6012338188976378
11
6.1356771653543305
21
-3.6012005118110237
0
LINE
8
BLACK
6
CONTINUOUS
10
6.1356771653543305
20
-3.6012005118110237
11
6.1356942913385826
21
-3.6012062204724407
0
LINE
8
BLACK
6
CONTINUOUS
10
6.1356942913385826
20
-3.6012062204724407
11
6.135732992125984
21
-3.6011985433070866
0
LINE
8
BLACK
6
CONTINUOUS
10
6.135732992125984
20
-3.6011985433070866
11
6.1376077559055116
21
-3.6011985433070866
0
LINE
8
BLACK
6
CONTINUOUS
10
6.1376077559055116
20
-3.6011985433070866
11
6.1376464173228342
21
-3.6012062204724407
0
LINE
8
BLACK
6
CONTINUOUS
10
6.1465329921259837
20
-3.601258464566929
11
6.1469591338582674
21
-3.6016846062992127
0
LINE
8
BLACK
6
CONTINUOUS
10
6.1469591338582674
20
-3.6016846062992127
11
6.1470190551181103
21
-3.6019859448818896
0
LINE
8
BLACK
6
CONTINUOUS
10
6.1470190551181103
20
-3.6019859448818896
11
6.1470190551181103
21
-3.6098599606299211
0
LINE
8
BLACK
6
CONTINUOUS
10
6.1470190551181103
20
-3.6098599606299211
11
6.1469591338582674
21
-3.6101612992125984
0
LINE
8
BLACK
6
CONTINUOUS
10
6.1469591338582674
20
-3.6101612992125984
11
6.1465329921259837
21
-3.6105874409448817
0
LINE
8
BLACK
6
CONTINUOUS
10
6.1465329921259837
20
-3.6105874409448817
11
6.1462316535433068
21
-3.6106473622047242
0
LINE
8
BLACK
6
CONTINUOUS
10
6.1462316535433068
20
-3.6106473622047242
11
6.1443568897637793
21
-3.6106473622047242
0
LINE
8
BLACK
6
CONTINUOUS
10
6.1443568897637793
20
-3.6106473622047242
11
6.1442331496062987
21
-3.6106227559055117
0
LINE
8
BLACK
6
CONTINUOUS
10
6.1442331496062987
20
-3.6106227559055117
11
6.1441079133858265
21
-3.6106069685039368
0
LINE
8
BLACK
6
CONTINUOUS
10
6.1441079133858265
20
-3.6106069685039368
11
6.1429830708661415
21
-3.6102320472440943
0
LINE
8
BLACK
6
CONTINUOUS
10
6.1429830708661415
20
-3.6102320472440943
11
6.1429488188976373
21
-3.6102125196850392
0
LINE
8
BLACK
6
CONTINUOUS
10
6.1429488188976373
20
-3.6102125196850392
11
6.1429307086614173
21
-3.6102125196850392
0
LINE
8
BLACK
6
CONTINUOUS
10
6.1429307086614173
20
-3.6102125196850392
11
6.1428258661417319
21
-3.6101424409448817
0
LINE
8
BLACK
6
CONTINUOUS
10
6.1428258661417319
20
-3.6101424409448817
11
6.1427161417322838
21
-3.6100799212598425
0
LINE
8
BLACK
6
CONTINUOUS
10
6.1427161417322838
20
-3.6100799212598425
11
6.1427080314960625
21
-3.6100637007874017
0
LINE
8
BLACK
6
CONTINUOUS
10
6.1427080314960625
20
-3.6100637007874017
11
6.1426752755905509
21
-3.6100418110236219
0
LINE
8
BLACK
6
CONTINUOUS
10
6.1426752755905509
20
-3.6100418110236219
11
6.1419253543307084
21
-3.6092918897637793
0
LINE
8
BLACK
6
CONTINUOUS
10
6.1419253543307084
20
-3.6092918897637793
11
6.1418553149606296
21
-3.6091870866141731
0
LINE
8
BLACK
6
CONTINUOUS
10
6.1418553149606296
20
-3.6091870866141731
11
6.1417778346456693
21
-3.6090872440944879
0
LINE
8
BLACK
6
CONTINUOUS
10
6.1417778346456693
20
-3.6090872440944879
11
6.1414029133858268
21
-3.6083373228346454
0
LINE
8
BLACK
6
CONTINUOUS
10
6.1414029133858268
20
-3.6083373228346454
11
6.1413801181102361
21
-3.6082540944881889
0
LINE
8
BLACK
6
CONTINUOUS
10
6.1413801181102361
20
-3.6082540944881889
11
6.1413433070866139
21
-3.6081761417322835
0
LINE
8
BLACK
6
CONTINUOUS
10
6.1413433070866139
20
-3.6081761417322835
11
6.1409683464566927
21
-3.606676377952756
0
LINE
8
BLACK
6
CONTINUOUS
10
6.1409683464566927
20
-3.606676377952756
11
6.1409636220472441
21
-3.6065799212598426
0
LINE
8
BLACK
6
CONTINUOUS
10
6.1409636220472441
20
-3.6065799212598426
11
6.1409448425196853
21
-3.6064853937007872
0
LINE
8
BLACK
6
CONTINUOUS
10
6.1409448425196853
20
-3.6064853937007872
11
6.1409448425196853
21
-3.6053605511811022
0
LINE
8
BLACK
6
CONTINUOUS
10
6.1409448425196853
20
-3.6053605511811022
11
6.1409636220472441
21
-3.6052659842519685
0
LINE
8
BLACK
6
CONTINUOUS
10
6.1409636220472441
20
-3.6052659842519685
11
6.1409683464566927
21
-3.6051695669291339
0
LINE
8
BLACK
6
CONTINUOUS
10
6.1409683464566927
20
-3.6051695669291339
11
6.1413433070866139
21
-3.6036697637795276
0
LINE
8
BLACK
6
CONTINUOUS
10
6.1413433070866139
20
-3.6036697637795276
11
6.1413801181102361
21
-3.6035917716535431
0
LINE
8
BLACK
6
CONTINUOUS
10
6.1413801181102361
20
-3.6035917716535431
11
6.1414029133858268
21
-3.6035085826771653
0
LINE
8
BLACK
6
CONTINUOUS
10
6.1414029133858268
20
-3.6035085826771653
11
6.1417778346456693
21
-3.6027587007874016
0
LINE
8
BLACK
6
CONTINUOUS
10
6.1417778346456693
20
-3.6027587007874016
11
6.1418553149606296
21
-3.6026588188976376
0
LINE
8
BLACK
6
CONTINUOUS
10
6.1418553149606296
20
-3.6026588188976376
11
6.1419253543307084
21
-3.6025540551181101
0
LINE
8
BLACK
6
CONTINUOUS
10
6.1419253543307084
20
-3.6025540551181101
11
6.1426752755905509
21
-3.6018041338582676
0
LINE
8
BLACK
6
CONTINUOUS
10
6.1426752755905509
20
-3.6018041338582676
11
6.1427079921259837
21
-3.6017822440944882
0
LINE
8
BLACK
6
CONTINUOUS
10
6.1427079921259837
20
-3.6017822440944882
11
6.142716102362205
21
-3.6017660629921258
0
LINE
8
BLACK
6
CONTINUOUS
10
6.142716102362205
20
-3.6017660629921258
11
6.1428258661417319
21
-3.601703464566929
0
LINE
8
BLACK
6
CONTINUOUS
10
6.1428258661417319
20
-3.601703464566929
11
6.1429307086614173
21
-3.6016334251968503
0
LINE
8
BLACK
6
CONTINUOUS
10
6.1429307086614173
20
-3.6016334251968503
11
6.1429487795275586
21
-3.6016334251968503
0
LINE
8
BLACK
6
CONTINUOUS
10
6.1429487795275586
20
-3.6016334251968503
11
6.1429830314960627
21
-3.6016138976377952
0
LINE
8
BLACK
6
CONTINUOUS
10
6.1429830314960627
20
-3.6016138976377952
11
6.1441079133858265
21
-3.6012389370078739
0
LINE
8
BLACK
6
CONTINUOUS
10
6.1441079133858265
20
-3.6012389370078739
11
6.1442331496062987
21
-3.6012231102362202
0
LINE
8
BLACK
6
CONTINUOUS
10
6.1442331496062987
20
-3.6012231102362202
11
6.1443568897637793
21
-3.6011985433070866
0
LINE
8
BLACK
6
CONTINUOUS
10
6.1443568897637793
20
-3.6011985433070866
11
6.1462316535433068
21
-3.6011985433070866
0
LINE
8
BLACK
6
CONTINUOUS
10
6.1462316535433068
20
-3.6011985433070866
11
6.1465329921259837
21
-3.601258464566929
0
LINE
8
BLACK
6
CONTINUOUS
10
6.1436573228346454
20
-3.6030491338582675
11
6.1431292913385827
21
-3.6035771653543307
0
LINE
8
BLACK
6
CONTINUOUS
10
6.1431292913385827
20
-3.6035771653543307
11
6.1428501181102364
21
-3.6041355118110237
0
LINE
8
BLACK
6
CONTINUOUS
10
6.1428501181102364
20
-3.6041355118110237
11
6.1425196456692914
21
-3.6054575196850394
0
LINE
8
BLACK
6
CONTINUOUS
10
6.1425196456692914
20
-3.6054575196850394
11
6.1425196456692914
21
-3.6063883858267718
0
LINE
8
BLACK
6
CONTINUOUS
10
6.1425196456692914
20
-3.6063883858267718
11
6.1428501181102364
21
-3.6077103543307087
0
LINE
8
BLACK
6
CONTINUOUS
10
6.1428501181102364
20
-3.6077103543307087
11
6.1431292519685039
21
-3.6082687007874017
0
LINE
8
BLACK
6
CONTINUOUS
10
6.1431292519685039
20
-3.6082687007874017
11
6.1436573228346454
21
-3.6087967716535432
0
LINE
8
BLACK
6
CONTINUOUS
10
6.1436573228346454
20
-3.6087967716535432
11
6.1444846850393695
21
-3.609072559055118
0
LINE
8
BLACK
6
CONTINUOUS
10
6.1444846850393695
20
-3.609072559055118
11
6.1454442519685042
21
-3.609072559055118
0
LINE
8
BLACK
6
CONTINUOUS
10
6.1454442519685042
20
-3.609072559055118
11
6.1454442519685042
21
-3.6027733464566927
0
LINE
8
BLACK
6
CONTINUOUS
10
6.1454442519685042
20
-3.6027733464566927
11
6.1444846062992129
21
-3.6027733464566927
0
LINE
8
BLACK
6
CONTINUOUS
10
6.1444846062992129
20
-3.6027733464566927
11
6.1436573228346454
21
-3.6030491338582675
0
LINE
8
BLACK
6
CONTINUOUS
10
6.1507086614173225
20
-3.6016846062992127
11
6.1507685826771654
21
-3.6019859448818896
0
LINE
8
BLACK
6
CONTINUOUS
10
6.1507685826771654
20
-3.6019859448818896
11
6.1507685826771654
21
-3.6098599606299211
0
LINE
8
BLACK
6
CONTINUOUS
10
6.1507685826771654
20
-3.6098599606299211
11
6.1507086614173225
21
-3.6101612992125984
0
LINE
8
BLACK
6
CONTINUOUS
10
6.1507086614173225
20
-3.6101612992125984
11
6.1502825196850388
21
-3.6105874409448817
0
LINE
8
BLACK
6
CONTINUOUS
10
6.1502825196850388
20
-3.6105874409448817
11
6.149679842519685
21
-3.6105874409448817
0
LINE
8
BLACK
6
CONTINUOUS
10
6.149679842519685
20
-3.6105874409448817
11
6.1492537007874013
21
-3.6101612992125984
0
LINE
8
BLACK
6
CONTINUOUS
10
6.1492537007874013
20
-3.6101612992125984
11
6.1491937795275593
21
-3.6098599606299211
0
LINE
8
BLACK
6
CONTINUOUS
10
6.1491937795275593
20
-3.6098599606299211
11
6.1491937795275593
21
-3.6019859448818896
0
LINE
8
BLACK
6
CONTINUOUS
10
6.1491937795275593
20
-3.6019859448818896
11
6.1492537007874013
21
-3.6016846062992127
0
LINE
8
BLACK
6
CONTINUOUS
10
6.1492537007874013
20
-3.6016846062992127
11
6.149679842519685
21
-3.601258464566929
0
LINE
8
BLACK
6
CONTINUOUS
10
6.149679842519685
20
-3.601258464566929
11
6.1502825196850388
21
-3.601258464566929
0
LINE
8
BLACK
6
CONTINUOUS
10
6.1502825196850388
20
-3.601258464566929
11
6.1507086614173225
21
-3.6016846062992127
0
LINE
8
BLACK
6
CONTINUOUS
10
6.1570316929133853
20
-3.601258464566929
11
6.157457834645669
21
-3.6016846062992127
0
LINE
8
BLACK
6
CONTINUOUS
10
6.157457834645669
20
-3.6016846062992127
11
6.1575177559055119
21
-3.6019859448818896
0
LINE
8
BLACK
6
CONTINUOUS
10
6.1575177559055119
20
-3.6019859448818896
11
6.1575177559055119
21
-3.6098599606299211
0
LINE
8
BLACK
6
CONTINUOUS
10
6.1575177559055119
20
-3.6098599606299211
11
6.157457834645669
21
-3.6101612992125984
0
LINE
8
BLACK
6
CONTINUOUS
10
6.157457834645669
20
-3.6101612992125984
11
6.1570316929133853
21
-3.6105874409448817
0
LINE
8
BLACK
6
CONTINUOUS
10
6.1570316929133853
20
-3.6105874409448817
11
6.1564290157480315
21
-3.6105874409448817
0
LINE
8
BLACK
6
CONTINUOUS
10
6.1564290157480315
20
-3.6105874409448817
11
6.1560028740157478
21
-3.6101612992125984
0
LINE
8
BLACK
6
CONTINUOUS
10
6.1560028740157478
20
-3.6101612992125984
11
6.1559429527559058
21
-3.6098599606299211
0
LINE
8
BLACK
6
CONTINUOUS
10
6.1559429527559058
20
-3.6098599606299211
11
6.1559429527559058
21
-3.6065228740157478
0
LINE
8
BLACK
6
CONTINUOUS
10
6.1559429527559058
20
-3.6065228740157478
11
6.154105708661417
21
-3.6065228740157478
0
LINE
8
BLACK
6
CONTINUOUS
10
6.154105708661417
20
-3.6065228740157478
11
6.1538043700787401
21
-3.6064629527559053
0
LINE
8
BLACK
6
CONTINUOUS
10
6.1538043700787401
20
-3.6064629527559053
11
6.1533782283464564
21
-3.6060368110236221
0
LINE
8
BLACK
6
CONTINUOUS
10
6.1533782283464564
20
-3.6060368110236221
11
6.1533782283464564
21
-3.6054341338582678
0
LINE
8
BLACK
6
CONTINUOUS
10
6.1533782283464564
20
-3.6054341338582678
11
6.1538043700787401
21
-3.6050079921259841
0
LINE
8
BLACK
6
CONTINUOUS
10
6.1538043700787401
20
-3.6050079921259841
11
6.154105708661417
21
-3.6049480708661417
0
LINE
8
BLACK
6
CONTINUOUS
10
6.154105708661417
20
-3.6049480708661417
11
6.1559429527559058
21
-3.6049480708661417
0
LINE
8
BLACK
6
CONTINUOUS
10
6.1559429527559058
20
-3.6049480708661417
11
6.1559429527559058
21
-3.6027733464566927
0
LINE
8
BLACK
6
CONTINUOUS
10
6.1559429527559058
20
-3.6027733464566927
11
6.1529808267716533
21
-3.6027733464566927
0
LINE
8
BLACK
6
CONTINUOUS
10
6.1529808267716533
20
-3.6027733464566927
11
6.1526794881889764
21
-3.6027134251968502
0
LINE
8
BLACK
6
CONTINUOUS
10
6.1526794881889764
20
-3.6027134251968502
11
6.1522533464566926
21
-3.6022872834645669
0
LINE
8
BLACK
6
CONTINUOUS
10
6.1522533464566926
20
-3.6022872834645669
11
6.1522533464566926
21
-3.6016846062992127
0
LINE
8
BLACK
6
CONTINUOUS
10
6.1522533464566926
20
-3.6016846062992127
11
6.1526794881889764
21
-3.601258464566929
0
LINE
8
BLACK
6
CONTINUOUS
10
6.1526794881889764
20
-3.601258464566929
11
6.1529808267716533
21
-3.6011985433070866
0
LINE
8
BLACK
6
CONTINUOUS
10
6.1529808267716533
20
-3.6011985433070866
11
6.1567303543307084
21
-3.6011985433070866
0
LINE
8
BLACK
6
CONTINUOUS
10
6.1567303543307084
20
-3.6011985433070866
11
6.1570316929133853
21
-3.601258464566929
0
LINE
8
BLACK
6
CONTINUOUS
10
6.1539557480314961
20
-3.5862939370078739
11
6.1588511417322831
21
-3.5891203149606299
0
LINE
8
BLACK
6
CONTINUOUS
10
6.1588511417322831
20
-3.5891203149606299
11
6.162848188976378
21
-3.5931173622047243
0
LINE
8
BLACK
6
CONTINUOUS
10
6.162848188976378
20
-3.5931173622047243
11
6.165674566929134
21
-3.5980127559055117
0
LINE
8
BLACK
6
CONTINUOUS
10
6.165674566929134
20
-3.5980127559055117
11
6.1671375984251968
21
-3.6034728740157478
0
LINE
8
BLACK
6
CONTINUOUS
10
6.1671375984251968
20
-3.6034728740157478
11
6.1671375984251968
21
-3.6091255511811022
0
LINE
8
BLACK
6
CONTINUOUS
10
6.1671375984251968
20
-3.6091255511811022
11
6.165674566929134
21
-3.6145856692913383
0
LINE
8
BLACK
6
CONTINUOUS
10
6.165674566929134
20
-3.6145856692913383
11
6.162848188976378
21
-3.6194810629921257
0
LINE
8
BLACK
6
CONTINUOUS
10
6.162848188976378
20
-3.6194810629921257
11
6.1588511417322831
21
-3.6234781102362206
0
LINE
8
BLACK
6
CONTINUOUS
10
6.1588511417322831
20
-3.6234781102362206
11
6.1539557480314961
21
-3.6263044881889761
0
LINE
8
BLACK
6
CONTINUOUS
10
6.1539557480314961
20
-3.6263044881889761
11
6.1484956299212596
21
-3.6277675196850394
0
LINE
8
BLACK
6
CONTINUOUS
10
6.1484956299212596
20
-3.6277675196850394
11
6.1428429527559052
21
-3.6277675196850394
0
LINE
8
BLACK
6
CONTINUOUS
10
6.1428429527559052
20
-3.6277675196850394
11
6.1373828346456696
21
-3.6263044881889761
0
LINE
8
BLACK
6
CONTINUOUS
10
6.1373828346456696
20
-3.6263044881889761
11
6.1324874409448817
21
-3.6234781102362206
0
LINE
8
BLACK
6
CONTINUOUS
10
6.1324874409448817
20
-3.6234781102362206
11
6.1284903937007869
21
-3.6194810629921257
0
LINE
8
BLACK
6
CONTINUOUS
10
6.1284903937007869
20
-3.6194810629921257
11
6.1256640157480318
21
-3.6145856692913383
0
LINE
8
BLACK
6
CONTINUOUS
10
6.1256640157480318
20
-3.6145856692913383
11
6.124200984251968
21
-3.6091255511811022
0
LINE
8
BLACK
6
CONTINUOUS
10
6.124200984251968
20
-3.6091255511811022
11
6.124200984251968
21
-3.6039667716535431
0
LINE
8
BLACK
6
CONTINUOUS
10
6.124200984251968
20
-3.6039667716535431
11
6.124200984251968
21
-3.6034728740157478
0
LINE
8
BLACK
6
CONTINUOUS
10
6.124200984251968
20
-3.6034728740157478
11
6.1256640157480318
21
-3.5980127559055117
0
LINE
8
BLACK
6
CONTINUOUS
10
6.1256640157480318
20
-3.5980127559055117
11
6.1284903937007869
21
-3.5931173622047243
0
LINE
8
BLACK
6
CONTINUOUS
10
6.1284903937007869
20
-3.5931173622047243
11
6.1324874409448817
21
-3.5891203149606299
0
LINE
8
BLACK
6
CONTINUOUS
10
6.1324874409448817
20
-3.5891203149606299
11
6.1373828346456696
21
-3.5862939370078739
0
LINE
8
BLACK
6
CONTINUOUS
10
6.1373828346456696
20
-3.5862939370078739
11
6.1428429527559052
21
-3.584830905511811
0
LINE
8
BLACK
6
CONTINUOUS
10
6.1428429527559052
20
-3.584830905511811
11
6.1484956299212596
21
-3.584830905511811
0
LINE
8
BLACK
6
CONTINUOUS
10
6.1484956299212596
20
-3.584830905511811
11
6.1539557480314961
21
-3.5862939370078739
0
LINE
8
BLACK
6
CONTINUOUS
10
6.127952755905512
20
-3.6086316535433069
11
6.129160118110236
21
-3.6131375590551182
0
LINE
8
BLACK
6
CONTINUOUS
10
6.129160118110236
20
-3.6131375590551182
11
6.1314925196850396
21
-3.6171774015748031
0
LINE
8
BLACK
6
CONTINUOUS
10
6.1314925196850396
20
-3.6171774015748031
11
6.1347911023622048
21
-3.6204759842519683
0
LINE
8
BLACK
6
CONTINUOUS
10
6.1347911023622048
20
-3.6204759842519683
11
6.1388309448818896
21
-3.6228083858267714
0
LINE
8
BLACK
6
CONTINUOUS
10
6.1388309448818896
20
-3.6228083858267714
11
6.1433368503937009
21
-3.6240157480314958
0
LINE
8
BLACK
6
CONTINUOUS
10
6.1433368503937009
20
-3.6240157480314958
11
6.1480017322834648
21
-3.6240157480314958
0
LINE
8
BLACK
6
CONTINUOUS
10
6.1480017322834648
20
-3.6240157480314958
11
6.1525076377952752
21
-3.6228083858267714
0
LINE
8
BLACK
6
CONTINUOUS
10
6.1525076377952752
20
-3.6228083858267714
11
6.1565474803149609
21
-3.6204759842519683
0
LINE
8
BLACK
6
CONTINUOUS
10
6.1565474803149609
20
-3.6204759842519683
11
6.1598460629921261
21
-3.6171774015748031
0
LINE
8
BLACK
6
CONTINUOUS
10
6.1598460629921261
20
-3.6171774015748031
11
6.1621784645669289
21
-3.6131375590551182
0
LINE
8
BLACK
6
CONTINUOUS
10
6.1621784645669289
20
-3.6131375590551182
11
6.1633858267716537
21
-3.6086316535433069
0
LINE
8
BLACK
6
CONTINUOUS
10
6.1633858267716537
20
-3.6086316535433069
11
6.1633858267716537
21
-3.6039667716535431
0
LINE
8
BLACK
6
CONTINUOUS
10
6.1633858267716537
20
-3.6039667716535431
11
6.1621784645669289
21
-3.5994608661417322
0
LINE
8
BLACK
6
CONTINUOUS
10
6.1621784645669289
20
-3.5994608661417322
11
6.1598460629921261
21
-3.595421023622047
0
LINE
8
BLACK
6
CONTINUOUS
10
6.1598460629921261
20
-3.595421023622047
11
6.1565474803149609
21
-3.5921224409448818
0
LINE
8
BLACK
6
CONTINUOUS
10
6.1565474803149609
20
-3.5921224409448818
11
6.1525076377952752
21
-3.5897900393700786
0
LINE
8
BLACK
6
CONTINUOUS
10
6.1525076377952752
20
-3.5897900393700786
11
6.1480017322834648
21
-3.5885826771653542
0
LINE
8
BLACK
6
CONTINUOUS
10
6.1480017322834648
20
-3.5885826771653542
11
6.1433368503937009
21
-3.5885826771653542
0
LINE
8
BLACK
6
CONTINUOUS
10
6.1433368503937009
20
-3.5885826771653542
11
6.1388309448818896
21
-3.5897900393700786
0
LINE
8
BLACK
6
CONTINUOUS
10
6.1388309448818896
20
-3.5897900393700786
11
6.1347911023622048
21
-3.5921224409448818
0
LINE
8
BLACK
6
CONTINUOUS
10
6.1347911023622048
20
-3.5921224409448818
11
6.1314925196850396
21
-3.595421023622047
0
LINE
8
BLACK
6
CONTINUOUS
10
6.1314925196850396
20
-3.595421023622047
11
6.129160118110236
21
-3.5994608661417322
0
LINE
8
BLACK
6
CONTINUOUS
10
6.129160118110236
20
-3.5994608661417322
11
6.127952755905512
21
-3.6039667716535431
0
LINE
8
BLACK
6
CONTINUOUS
10
6.127952755905512
20
-3.6039667716535431
11
6.127952755905512
21
-3.6086316535433069
0
LINE
8
BLACK
6
CONTINUOUS
10
6.1083413385826768
20
-3.5114249606299213
11
6.1087999999999996
21
-3.5114249606299213
0
LINE
8
BLACK
6
CONTINUOUS
10
6.1087999999999996
20
-3.5114249606299213
11
6.1089146456692909
21
-3.5115396062992126
0
LINE
8
BLACK
6
CONTINUOUS
10
6.1089146456692909
20
-3.5115396062992126
11
6.1090736614173231
21
-3.5115714173228345
0
LINE
8
BLACK
6
CONTINUOUS
10
6.1090736614173231
20
-3.5115714173228345
11
6.1095076771653538
21
-3.512006338582677
0
LINE
8
BLACK
6
CONTINUOUS
10
6.1095076771653538
20
-3.512006338582677
11
6.1112959448818893
21
-3.514688779527559
0
LINE
8
BLACK
6
CONTINUOUS
10
6.1112959448818893
20
-3.514688779527559
11
6.1128797637795271
21
-3.516272559055118
0
LINE
8
BLACK
6
CONTINUOUS
10
6.1128797637795271
20
-3.516272559055118
11
6.1145259055118109
21
-3.5170956299212599
0
LINE
8
BLACK
6
CONTINUOUS
10
6.1145259055118109
20
-3.5170956299212599
11
6.1150112992125987
21
-3.5174723228346454
0
LINE
8
BLACK
6
CONTINUOUS
10
6.1150112992125987
20
-3.5174723228346454
11
6.1153924803149602
21
-3.5186157874015747
0
LINE
8
BLACK
6
CONTINUOUS
10
6.1153924803149602
20
-3.5186157874015747
11
6.114853464566929
21
-3.5196938188976379
0
LINE
8
BLACK
6
CONTINUOUS
10
6.114853464566929
20
-3.5196938188976379
11
6.1137100000000002
21
-3.5200749999999998
0
LINE
8
BLACK
6
CONTINUOUS
10
6.1137100000000002
20
-3.5200749999999998
11
6.1131173622047239
21
-3.5199127165354329
0
LINE
8
BLACK
6
CONTINUOUS
10
6.1131173622047239
20
-3.5199127165354329
11
6.1112426377952751
21
-3.5189753543307085
0
LINE
8
BLACK
6
CONTINUOUS
10
6.1112426377952751
20
-3.5189753543307085
11
6.1110434251968506
21
-3.5188207480314961
0
LINE
8
BLACK
6
CONTINUOUS
10
6.1110434251968506
20
-3.5188207480314961
11
6.1108333070866143
21
-3.5186803543307086
0
LINE
8
BLACK
6
CONTINUOUS
10
6.1108333070866143
20
-3.5186803543307086
11
6.1097721653543307
21
-3.5176191732283462
0
LINE
8
BLACK
6
CONTINUOUS
10
6.1097721653543307
20
-3.5176191732283462
11
6.1097721653543307
21
-3.5309901181102363
0
LINE
8
BLACK
6
CONTINUOUS
10
6.1097721653543307
20
-3.5309901181102363
11
6.1138216535433072
21
-3.5309901181102363
0
LINE
8
BLACK
6
CONTINUOUS
10
6.1138216535433072
20
-3.5309901181102363
11
6.1144242913385822
21
-3.53111
0
LINE
8
BLACK
6
CONTINUOUS
10
6.1144242913385822
20
-3.53111
11
6.1152765748031497
21
-3.531962283464567
0
LINE
8
BLACK
6
CONTINUOUS
10
6.1152765748031497
20
-3.531962283464567
11
6.1152765748031497
21
-3.5331675590551179
0
LINE
8
BLACK
6
CONTINUOUS
10
6.1152765748031497
20
-3.5331675590551179
11
6.1144242913385822
21
-3.5340198425196849
0
LINE
8
BLACK
6
CONTINUOUS
10
6.1144242913385822
20
-3.5340198425196849
11
6.1138216535433072
21
-3.5341397244094486
0
LINE
8
BLACK
6
CONTINUOUS
10
6.1138216535433072
20
-3.5341397244094486
11
6.1025730708661419
21
-3.5341397244094486
0
LINE
8
BLACK
6
CONTINUOUS
10
6.1025730708661419
20
-3.5341397244094486
11
6.101970433070866
21
-3.5340198425196849
0
LINE
8
BLACK
6
CONTINUOUS
10
6.101970433070866
20
-3.5340198425196849
11
6.1011181496062994
21
-3.5331675590551179
0
LINE
8
BLACK
6
CONTINUOUS
10
6.1011181496062994
20
-3.5331675590551179
11
6.1011181496062994
21
-3.531962283464567
0
LINE
8
BLACK
6
CONTINUOUS
10
6.1011181496062994
20
-3.531962283464567
11
6.101970433070866
21
-3.53111
0
LINE
8
BLACK
6
CONTINUOUS
10
6.101970433070866
20
-3.53111
11
6.1025730708661419
21
-3.5309901181102363
0
LINE
8
BLACK
6
CONTINUOUS
10
6.1025730708661419
20
-3.5309901181102363
11
6.1066225590551175
21
-3.5309901181102363
0
LINE
8
BLACK
6
CONTINUOUS
10
6.1066225590551175
20
-3.5309901181102363
11
6.1066225590551175
21
-3.5128798818897637
0
LINE
8
BLACK
6
CONTINUOUS
10
6.1066225590551175
20
-3.5128798818897637
11
6.1067424409448821
21
-3.5122772440944883
0
LINE
8
BLACK
6
CONTINUOUS
10
6.1067424409448821
20
-3.5122772440944883
11
6.1068570866141734
21
-3.5121625590551182
0
LINE
8
BLACK
6
CONTINUOUS
10
6.1068570866141734
20
-3.5121625590551182
11
6.1068888976377949
21
-3.5120035826771652
0
LINE
8
BLACK
6
CONTINUOUS
10
6.1068888976377949
20
-3.5120035826771652
11
6.1072704724409448
21
-3.5117491732283463
0
LINE
8
BLACK
6
CONTINUOUS
10
6.1072704724409448
20
-3.5117491732283463
11
6.1075947244094486
21
-3.5114249606299213
0
LINE
8
BLACK
6
CONTINUOUS
10
6.1075947244094486
20
-3.5114249606299213
11
6.1077568503937005
21
-3.5114249606299213
0
LINE
8
BLACK
6
CONTINUOUS
10
6.1077568503937005
20
-3.5114249606299213
11
6.1078917322834645
21
-3.5113350393700786
0
LINE
8
BLACK
6
CONTINUOUS
10
6.1078917322834645
20
-3.5113350393700786
11
6.1083413385826768
21
-3.5114249606299213
0
LINE
8
BLACK
6
CONTINUOUS
10
6.1303598031496058
20
-3.5114249606299213
11
6.1312120866141733
21
-3.5122772440944883
0
LINE
8
BLACK
6
CONTINUOUS
10
6.1312120866141733
20
-3.5122772440944883
11
6.1313319685039369
21
-3.5128798818897637
0
LINE
8
BLACK
6
CONTINUOUS
10
6.1313319685039369
20
-3.5128798818897637
11
6.1313319685039369
21
-3.5325649212598424
0
LINE
8
BLACK
6
CONTINUOUS
10
6.1313319685039369
20
-3.5325649212598424
11
6.1312120866141733
21
-3.5331675590551179
0
LINE
8
BLACK
6
CONTINUOUS
10
6.1312120866141733
20
-3.5331675590551179
11
6.1303598031496058
21
-3.5340198425196849
0
LINE
8
BLACK
6
CONTINUOUS
10
6.1303598031496058
20
-3.5340198425196849
11
6.1291545275590549
21
-3.5340198425196849
0
LINE
8
BLACK
6
CONTINUOUS
10
6.1291545275590549
20
-3.5340198425196849
11
6.1283022440944883
21
-3.5331675590551179
0
LINE
8
BLACK
6
CONTINUOUS
10
6.1283022440944883
20
-3.5331675590551179
11
6.1281823622047247
21
-3.5325649212598424
0
LINE
8
BLACK
6
CONTINUOUS
10
6.1281823622047247
20
-3.5325649212598424
11
6.1281823622047247
21
-3.5238285039370076
0
LINE
8
BLACK
6
CONTINUOUS
10
6.1281823622047247
20
-3.5238285039370076
11
6.123195472440945
21
-3.5238285039370076
0
LINE
8
BLACK
6
CONTINUOUS
10
6.123195472440945
20
-3.5238285039370076
11
6.1225928346456691
21
-3.523708622047244
0
LINE
8
BLACK
6
CONTINUOUS
10
6.1225928346456691
20
-3.523708622047244
11
6.1217405511811025
21
-3.522856338582677
0
LINE
8
BLACK
6
CONTINUOUS
10
6.1217405511811025
20
-3.522856338582677
11
6.1217405511811025
21
-3.521651062992126
0
LINE
8
BLACK
6
CONTINUOUS
10
6.1217405511811025
20
-3.521651062992126
11
6.1225928346456691
21
-3.520798779527559
0
LINE
8
BLACK
6
CONTINUOUS
10
6.1225928346456691
20
-3.520798779527559
11
6.123195472440945
21
-3.5206788976377954
0
LINE
8
BLACK
6
CONTINUOUS
10
6.123195472440945
20
-3.5206788976377954
11
6.1281823622047247
21
-3.5206788976377954
0
LINE
8
BLACK
6
CONTINUOUS
10
6.1281823622047247
20
-3.5206788976377954
11
6.1281823622047247
21
-3.5144546850393699
0
LINE
8
BLACK
6
CONTINUOUS
10
6.1281823622047247
20
-3.5144546850393699
11
6.120383346456693
21
-3.5144546850393699
0
LINE
8
BLACK
6
CONTINUOUS
10
6.120383346456693
20
-3.5144546850393699
11
6.1197807086614171
21
-3.5143348031496062
0
LINE
8
BLACK
6
CONTINUOUS
10
6.1197807086614171
20
-3.5143348031496062
11
6.1189284251968505
21
-3.5134825196850392
0
LINE
8
BLACK
6
CONTINUOUS
10
6.1189284251968505
20
-3.5134825196850392
11
6.1189284251968505
21
-3.5122772440944883
0
LINE
8
BLACK
6
CONTINUOUS
10
6.1189284251968505
20
-3.5122772440944883
11
6.1197807086614171
21
-3.5114249606299213
0
LINE
8
BLACK
6
CONTINUOUS
10
6.1197807086614171
20
-3.5114249606299213
11
6.120383346456693
21
-3.5113050787401572
0
LINE
8
BLACK
6
CONTINUOUS
10
6.120383346456693
20
-3.5113050787401572
11
6.1297571653543308
21
-3.5113050787401572
0
LINE
8
BLACK
6
CONTINUOUS
10
6.1297571653543308
20
-3.5113050787401572
11
6.1303598031496058
21
-3.5114249606299213
0
LINE
8
BLACK
6
CONTINUOUS
10
6.1567572440944884
20
-3.4981813385826772
11
6.1578225984251969
21
-3.4992466929133856
0
LINE
8
BLACK
6
CONTINUOUS
10
6.1578225984251969
20
-3.4992466929133856
11
6.1579724409448815
21
-3.5
0
LINE
8
BLACK
6
CONTINUOUS
10
6.1579724409448815
20
-3.5
11
6.1579724409448815
21
-3.5472440944881889
0
LINE
8
BLACK
6
CONTINUOUS
10
6.1579724409448815
20
-3.5472440944881889
11
6.1578225984251969
21
-3.5479974015748033
0
LINE
8
BLACK
6
CONTINUOUS
10
6.1578225984251969
20
-3.5479974015748033
11
6.1567572440944884
21
-3.5490627559055117
0
LINE
8
BLACK
6
CONTINUOUS
10
6.1567572440944884
20
-3.5490627559055117
11
6.1560039370078741
21
-3.5492125984251968
0
LINE
8
BLACK
6
CONTINUOUS
10
6.1560039370078741
20
-3.5492125984251968
11
6.0772637795275593
21
-3.5492125984251968
0
LINE
8
BLACK
6
CONTINUOUS
10
6.0772637795275593
20
-3.5492125984251968
11
6.0765104724409449
21
-3.5490627559055117
0
LINE
8
BLACK
6
CONTINUOUS
10
6.0765104724409449
20
-3.5490627559055117
11
6.0754451181102365
21
-3.5479974015748033
0
LINE
8
BLACK
6
CONTINUOUS
10
6.0754451181102365
20
-3.5479974015748033
11
6.0752952755905509
21
-3.5472440944881889
0
LINE
8
BLACK
6
CONTINUOUS
10
6.0752952755905509
20
-3.5472440944881889
11
6.0752952755905509
21
-3.5
0
LINE
8
BLACK
6
CONTINUOUS
10
6.0752952755905509
20
-3.5
11
6.0754451181102365
21
-3.4992466929133856
0
LINE
8
BLACK
6
CONTINUOUS
10
6.0754451181102365
20
-3.4992466929133856
11
6.0765104724409449
21
-3.4981813385826772
0
LINE
8
BLACK
6
CONTINUOUS
10
6.0765104724409449
20
-3.4981813385826772
11
6.0772637795275593
21
-3.4980314960629921
0
LINE
8
BLACK
6
CONTINUOUS
10
6.0772637795275593
20
-3.4980314960629921
11
6.1560039370078741
21
-3.4980314960629921
0
LINE
8
BLACK
6
CONTINUOUS
10
6.1560039370078741
20
-3.4980314960629921
11
6.1567572440944884
21
-3.4981813385826772
0
LINE
8
BLACK
6
CONTINUOUS
10
6.0792322834645667
20
-3.5019685039370079
11
6.0792322834645667
21
-3.545275590551181
0
LINE
8
BLACK
6
CONTINUOUS
10
6.0792322834645667
20
-3.545275590551181
11
6.1540354330708658
21
-3.545275590551181
0
LINE
8
BLACK
6
CONTINUOUS
10
6.1540354330708658
20
-3.545275590551181
11
6.1540354330708658
21
-3.5019685039370079
0
LINE
8
BLACK
6
CONTINUOUS
10
6.1540354330708658
20
-3.5019685039370079
11
6.0792322834645667
21
-3.5019685039370079
0
LINE
8
BLACK
6
CONTINUOUS
10
5.4937372834645668
20
-3.5251448818897635
11
5.494801692913386
21
-3.5255857874015746
0
LINE
8
BLACK
6
CONTINUOUS
10
5.494801692913386
20
-3.5255857874015746
11
5.4956163385826766
21
-3.526400433070866
0
LINE
8
BLACK
6
CONTINUOUS
10
5.4956163385826766
20
-3.526400433070866
11
5.4960572440944881
21
-3.5274648425196848
0
LINE
8
BLACK
6
CONTINUOUS
10
5.4960572440944881
20
-3.5274648425196848
11
5.4960572440944881
21
-3.528616968503937
0
LINE
8
BLACK
6
CONTINUOUS
10
5.4960572440944881
20
-3.528616968503937
11
5.4956163385826766
21
-3.5296813779527558
0
LINE
8
BLACK
6
CONTINUOUS
10
5.4956163385826766
20
-3.5296813779527558
11
5.494801692913386
21
-3.5304960236220473
0
LINE
8
BLACK
6
CONTINUOUS
10
5.494801692913386
20
-3.5304960236220473
11
5.4937372834645668
21
-3.5309369291338584
0
LINE
8
BLACK
6
CONTINUOUS
10
5.4937372834645668
20
-3.5309369291338584
11
5.4931612204724409
21
-3.5309936614173227
0
LINE
8
BLACK
6
CONTINUOUS
10
5.4931612204724409
20
-3.5309936614173227
11
5.4727838976377949
21
-3.5309936614173227
0
LINE
8
BLACK
6
CONTINUOUS
10
5.4727838976377949
20
-3.5309936614173227
11
5.4946261811023618
21
-3.5434749606299212
0
LINE
8
BLACK
6
CONTINUOUS
10
5.4946261811023618
20
-3.5434749606299212
11
5.494747559055118
21
-3.5435611023622045
0
LINE
8
BLACK
6
CONTINUOUS
10
5.494747559055118
20
-3.5435611023622045
11
5.494801692913386
21
-3.5435835433070864
0
LINE
8
BLACK
6
CONTINUOUS
10
5.494801692913386
20
-3.5435835433070864
11
5.4948567716535432
21
-3.543638622047244
0
LINE
8
BLACK
6
CONTINUOUS
10
5.4948567716535432
20
-3.543638622047244
11
5.4950982283464569
21
-3.5438100000000001
0
LINE
8
BLACK
6
CONTINUOUS
10
5.4950982283464569
20
-3.5438100000000001
11
5.4953387007874017
21
-3.5441205511811025
0
LINE
8
BLACK
6
CONTINUOUS
10
5.4953387007874017
20
-3.5441205511811025
11
5.4956163385826766
21
-3.5443981889763778
0
LINE
8
BLACK
6
CONTINUOUS
10
5.4956163385826766
20
-3.5443981889763778
11
5.4956883858267718
21
-3.544572125984252
0
LINE
8
BLACK
6
CONTINUOUS
10
5.4956883858267718
20
-3.544572125984252
11
5.4958036220472444
21
-3.5447209448818895
0
LINE
8
BLACK
6
CONTINUOUS
10
5.4958036220472444
20
-3.5447209448818895
11
5.4959069291338585
21
-3.5450997244094489
0
LINE
8
BLACK
6
CONTINUOUS
10
5.4959069291338585
20
-3.5450997244094489
11
5.4960572440944881
21
-3.5454625984251966
0
LINE
8
BLACK
6
CONTINUOUS
10
5.4960572440944881
20
-3.5454625984251966
11
5.4960572440944881
21
-3.5456507874015748
0
LINE
8
BLACK
6
CONTINUOUS
10
5.4960572440944881
20
-3.5456507874015748
11
5.496106771653543
21
-3.5458324015748031
0
LINE
8
BLACK
6
CONTINUOUS
10
5.496106771653543
20
-3.5458324015748031
11
5.4960572440944881
21
-3.5462220078740159
0
LINE
8
BLACK
6
CONTINUOUS
10
5.4960572440944881
20
-3.5462220078740159
11
5.4960572440944881
21
-3.5466147244094488
0
LINE
8
BLACK
6
CONTINUOUS
10
5.4960572440944881
20
-3.5466147244094488
11
5.4959851968503939
21
-3.5467885433070867
0
LINE
8
BLACK
6
CONTINUOUS
10
5.4959851968503939
20
-3.5467885433070867
11
5.4959614960629919
21
-3.5469753149606298
0
LINE
8
BLACK
6
CONTINUOUS
10
5.4959614960629919
20
-3.5469753149606298
11
5.4957665748031497
21
-3.5473164173228344
0
LINE
8
BLACK
6
CONTINUOUS
10
5.4957665748031497
20
-3.5473164173228344
11
5.4956163385826766
21
-3.5476791338582676
0
LINE
8
BLACK
6
CONTINUOUS
10
5.4956163385826766
20
-3.5476791338582676
11
5.495483307086614
21
-3.5478121259842519
0
LINE
8
BLACK
6
CONTINUOUS
10
5.495483307086614
20
-3.5478121259842519
11
5.4953898818897633
21
-3.5479756692913385
0
LINE
8
BLACK
6
CONTINUOUS
10
5.4953898818897633
20
-3.5479756692913385
11
5.4950792519685034
21
-3.548216181102362
0
LINE
8
BLACK
6
CONTINUOUS
10
5.4950792519685034
20
-3.548216181102362
11
5.494801692913386
21
-3.5484937795275591
0
LINE
8
BLACK
6
CONTINUOUS
10
5.494801692913386
20
-3.5484937795275591
11
5.4946277952755906
21
-3.5485657874015746
0
LINE
8
BLACK
6
CONTINUOUS
10
5.4946277952755906
20
-3.5485657874015746
11
5.4944789763779527
21
-3.5486810629921259
0
LINE
8
BLACK
6
CONTINUOUS
10
5.4944789763779527
20
-3.5486810629921259
11
5.494100078740157
21
-3.54878437007874
0
LINE
8
BLACK
6
CONTINUOUS
10
5.494100078740157
20
-3.54878437007874
11
5.4937372834645668
21
-3.5489346850393702
0
LINE
8
BLACK
6
CONTINUOUS
10
5.4937372834645668
20
-3.5489346850393702
11
5.4934426771653539
21
-3.5489636614173228
0
LINE
8
BLACK
6
CONTINUOUS
10
5.4934426771653539
20
-3.5489636614173228
11
5.4933674803149604
21
-3.548984212598425
0
LINE
8
BLACK
6
CONTINUOUS
10
5.4933674803149604
20
-3.548984212598425
11
5.4933093700787401
21
-3.5489768110236222
0
LINE
8
BLACK
6
CONTINUOUS
10
5.4933093700787401
20
-3.5489768110236222
11
5.4931612204724409
21
-3.5489914173228345
0
LINE
8
BLACK
6
CONTINUOUS
10
5.4931612204724409
20
-3.5489914173228345
11
5.461665157480315
21
-3.5489914173228345
0
LINE
8
BLACK
6
CONTINUOUS
10
5.461665157480315
20
-3.5489914173228345
11
5.4610890944881891
21
-3.5489346850393702
0
LINE
8
BLACK
6
CONTINUOUS
10
5.4610890944881891
20
-3.5489346850393702
11
5.4600246850393699
21
-3.5484937795275591
0
LINE
8
BLACK
6
CONTINUOUS
10
5.4600246850393699
20
-3.5484937795275591
11
5.4592100393700784
21
-3.5476791338582676
0
LINE
8
BLACK
6
CONTINUOUS
10
5.4592100393700784
20
-3.5476791338582676
11
5.4587691338582678
21
-3.5466147244094488
0
LINE
8
BLACK
6
CONTINUOUS
10
5.4587691338582678
20
-3.5466147244094488
11
5.4587691338582678
21
-3.5454625984251966
0
LINE
8
BLACK
6
CONTINUOUS
10
5.4587691338582678
20
-3.5454625984251966
11
5.4592100393700784
21
-3.5443981889763778
0
LINE
8
BLACK
6
CONTINUOUS
10
5.4592100393700784
20
-3.5443981889763778
11
5.4600246850393699
21
-3.5435835433070864
0
LINE
8
BLACK
6
CONTINUOUS
10
5.4600246850393699
20
-3.5435835433070864
11
5.4610890944881891
21
-3.5431426377952757
0
LINE
8
BLACK
6
CONTINUOUS
10
5.4610890944881891
20
-3.5431426377952757
11
5.461665157480315
21
-3.5430859055118109
0
LINE
8
BLACK
6
CONTINUOUS
10
5.461665157480315
20
-3.5430859055118109
11
5.4820424803149601
21
-3.5430859055118109
0
LINE
8
BLACK
6
CONTINUOUS
10
5.4820424803149601
20
-3.5430859055118109
11
5.4602001968503933
21
-3.5306046062992125
0
LINE
8
BLACK
6
CONTINUOUS
10
5.4602001968503933
20
-3.5306046062992125
11
5.4600787795275592
21
-3.5305184251968504
0
LINE
8
BLACK
6
CONTINUOUS
10
5.4600787795275592
20
-3.5305184251968504
11
5.4600246850393699
21
-3.5304960236220473
0
LINE
8
BLACK
6
CONTINUOUS
10
5.4600246850393699
20
-3.5304960236220473
11
5.4599695669291339
21
-3.5304409055118109
0
LINE
8
BLACK
6
CONTINUOUS
10
5.4599695669291339
20
-3.5304409055118109
11
5.459728149606299
21
-3.530269566929134
0
LINE
8
BLACK
6
CONTINUOUS
10
5.459728149606299
20
-3.530269566929134
11
5.4594875984251967
21
-3.5299589370078741
0
LINE
8
BLACK
6
CONTINUOUS
10
5.4594875984251967
20
-3.5299589370078741
11
5.4592100393700784
21
-3.5296813779527558
0
LINE
8
BLACK
6
CONTINUOUS
10
5.4592100393700784
20
-3.5296813779527558
11
5.4591379921259842
21
-3.5295074803149604
0
LINE
8
BLACK
6
CONTINUOUS
10
5.4591379921259842
20
-3.5295074803149604
11
5.4590227559055116
21
-3.5293586614173229
0
LINE
8
BLACK
6
CONTINUOUS
10
5.4590227559055116
20
-3.5293586614173229
11
5.4589194094488187
21
-3.5289797637795273
0
LINE
8
BLACK
6
CONTINUOUS
10
5.4589194094488187
20
-3.5289797637795273
11
5.4587691338582678
21
-3.528616968503937
0
LINE
8
BLACK
6
CONTINUOUS
10
5.4587691338582678
20
-3.528616968503937
11
5.4587691338582678
21
-3.5284287401574801
0
LINE
8
BLACK
6
CONTINUOUS
10
5.4587691338582678
20
-3.5284287401574801
11
5.458719606299212
21
-3.5282471653543306
0
LINE
8
BLACK
6
CONTINUOUS
10
5.458719606299212
20
-3.5282471653543306
11
5.4587691338582678
21
-3.5278575196850395
0
LINE
8
BLACK
6
CONTINUOUS
10
5.4587691338582678
20
-3.5278575196850395
11
5.4587691338582678
21
-3.5274648425196848
0
LINE
8
BLACK
6
CONTINUOUS
10
5.4587691338582678
20
-3.5274648425196848
11
5.4588411417322833
21
-3.5272909842519686
0
LINE
8
BLACK
6
CONTINUOUS
10
5.4588411417322833
20
-3.5272909842519686
11
5.458864881889764
21
-3.5271042519685039
0
LINE
8
BLACK
6
CONTINUOUS
10
5.458864881889764
20
-3.5271042519685039
11
5.4590597637795275
21
-3.5267631102362205
0
LINE
8
BLACK
6
CONTINUOUS
10
5.4590597637795275
20
-3.5267631102362205
11
5.4592100393700784
21
-3.526400433070866
0
LINE
8
BLACK
6
CONTINUOUS
10
5.4592100393700784
20
-3.526400433070866
11
5.4593430314960631
21
-3.526267401574803
0
LINE
8
BLACK
6
CONTINUOUS
10
5.4593430314960631
20
-3.526267401574803
11
5.4594364960629918
21
-3.5261038976377952
0
LINE
8
BLACK
6
CONTINUOUS
10
5.4594364960629918
20
-3.5261038976377952
11
5.4597470866141729
21
-3.5258633464566929
0
LINE
8
BLACK
6
CONTINUOUS
10
5.4597470866141729
20
-3.5258633464566929
11
5.4600246850393699
21
-3.5255857874015746
0
LINE
8
BLACK
6
CONTINUOUS
10
5.4600246850393699
20
-3.5255857874015746
11
5.4601985433070865
21
-3.5255137401574803
0
LINE
8
BLACK
6
CONTINUOUS
10
5.4601985433070865
20
-3.5255137401574803
11
5.4603474015748032
21
-3.5253985039370077
0
LINE
8
BLACK
6
CONTINUOUS
10
5.4603474015748032
20
-3.5253985039370077
11
5.4607262598425192
21
-3.5252951574803149
0
LINE
8
BLACK
6
CONTINUOUS
10
5.4607262598425192
20
-3.5252951574803149
11
5.4610890944881891
21
-3.5251448818897635
0
LINE
8
BLACK
6
CONTINUOUS
10
5.4610890944881891
20
-3.5251448818897635
11
5.4613836614173223
21
-3.5251158661417321
0
LINE
8
BLACK
6
CONTINUOUS
10
5.4613836614173223
20
-3.5251158661417321
11
5.4614588976377956
21
-3.5250953543307086
0
LINE
8
BLACK
6
CONTINUOUS
10
5.4614588976377956
20
-3.5250953543307086
11
5.4615169685039371
21
-3.5251027165354332
0
LINE
8
BLACK
6
CONTINUOUS
10
5.4615169685039371
20
-3.5251027165354332
11
5.461665157480315
21
-3.5250881496062991
0
LINE
8
BLACK
6
CONTINUOUS
10
5.461665157480315
20
-3.5250881496062991
11
5.4931612204724409
21
-3.5250881496062991
0
LINE
8
BLACK
6
CONTINUOUS
10
5.4931612204724409
20
-3.5250881496062991
11
5.4937372834645668
21
-3.5251448818897635
0
LINE
8
BLACK
6
CONTINUOUS
10
5.611847519685039
20
-3.4958985039370076
11
5.6129119291338583
21
-3.4963394094488187
0
LINE
8
BLACK
6
CONTINUOUS
10
5.6129119291338583
20
-3.4963394094488187
11
5.6137265748031497
21
-3.4971540551181102
0
LINE
8
BLACK
6
CONTINUOUS
10
5.6137265748031497
20
-3.4971540551181102
11
5.6141674803149604
21
-3.498218464566929
0
LINE
8
BLACK
6
CONTINUOUS
10
5.6141674803149604
20
-3.498218464566929
11
5.6142242125984252
21
-3.4987945275590548
0
LINE
8
BLACK
6
CONTINUOUS
10
5.6142242125984252
20
-3.4987945275590548
11
5.6142242125984252
21
-3.5062935826771651
0
LINE
8
BLACK
6
CONTINUOUS
10
5.6142242125984252
20
-3.5062935826771651
11
5.6141954724409446
21
-3.5065851181102361
0
LINE
8
BLACK
6
CONTINUOUS
10
5.6141954724409446
20
-3.5065851181102361
11
5.614201023622047
21
-3.5066628740157482
0
LINE
8
BLACK
6
CONTINUOUS
10
5.614201023622047
20
-3.5066628740157482
11
5.6141777559055113
21
-3.5067651181102359
0
LINE
8
BLACK
6
CONTINUOUS
10
5.6141777559055113
20
-3.5067651181102359
11
5.6141674803149604
21
-3.5068696456692914
0
LINE
8
BLACK
6
CONTINUOUS
10
5.6141674803149604
20
-3.5068696456692914
11
5.6141375984251969
21
-3.5069417322834644
0
LINE
8
BLACK
6
CONTINUOUS
10
5.6141375984251969
20
-3.5069417322834644
11
5.6140726771653542
21
-3.5072273228346456
0
LINE
8
BLACK
6
CONTINUOUS
10
5.6140726771653542
20
-3.5072273228346456
11
5.6125728740157479
21
-3.5117267716535432
0
LINE
8
BLACK
6
CONTINUOUS
10
5.6125728740157479
20
-3.5117267716535432
11
5.6123368897637791
21
-3.5122553149606297
0
LINE
8
BLACK
6
CONTINUOUS
10
5.6123368897637791
20
-3.5122553149606297
11
5.6122673622047241
21
-3.512335433070866
0
LINE
8
BLACK
6
CONTINUOUS
10
5.6122673622047241
20
-3.512335433070866
11
5.6122267716535434
21
-3.5124335039370078
0
LINE
8
BLACK
6
CONTINUOUS
10
5.6122267716535434
20
-3.5124335039370078
11
5.6118595669291338
21
-3.5128809448818896
0
LINE
8
BLACK
6
CONTINUOUS
10
5.6118595669291338
20
-3.5128809448818896
11
5.6088599212598425
21
-3.5158805511811022
0
LINE
8
BLACK
6
CONTINUOUS
10
5.6088599212598425
20
-3.5158805511811022
11
5.6086335433070866
21
-3.5160662992125982
0
LINE
8
BLACK
6
CONTINUOUS
10
5.6086335433070866
20
-3.5160662992125982
11
5.6085824015748029
21
-3.5161253149606297
0
LINE
8
BLACK
6
CONTINUOUS
10
5.6085824015748029
20
-3.5161253149606297
11
5.6084934645669291
21
-3.5161812598425195
0
LINE
8
BLACK
6
CONTINUOUS
10
5.6084934645669291
20
-3.5161812598425195
11
5.6084124409448819
21
-3.5162477952755906
0
LINE
8
BLACK
6
CONTINUOUS
10
5.6084124409448819
20
-3.5162477952755906
11
5.6083403937007876
21
-3.5162775984251966
0
LINE
8
BLACK
6
CONTINUOUS
10
5.6083403937007876
20
-3.5162775984251966
11
5.6080925196850391
21
-3.5164336614173228
0
LINE
8
BLACK
6
CONTINUOUS
10
5.6080925196850391
20
-3.5164336614173228
11
5.6050929133858265
21
-3.5179334645669291
0
LINE
8
BLACK
6
CONTINUOUS
10
5.6050929133858265
20
-3.5179334645669291
11
5.6050507874015745
21
-3.5179495669291336
0
LINE
8
BLACK
6
CONTINUOUS
10
5.6050507874015745
20
-3.5179495669291336
11
5.6050336614173224
21
-3.5179622834645667
0
LINE
8
BLACK
6
CONTINUOUS
10
5.6050336614173224
20
-3.5179622834645667
11
5.6047914566929133
21
-3.5180488188976375
0
LINE
8
BLACK
6
CONTINUOUS
10
5.6047914566929133
20
-3.5180488188976375
11
5.6045522834645665
21
-3.5181403543307086
0
LINE
8
BLACK
6
CONTINUOUS
10
5.6045522834645665
20
-3.5181403543307086
11
5.6045310629921259
21
-3.5181418503937008
0
LINE
8
BLACK
6
CONTINUOUS
10
5.6045310629921259
20
-3.5181418503937008
11
5.6044885826771651
21
-3.5181570472440944
0
LINE
8
BLACK
6
CONTINUOUS
10
5.6044885826771651
20
-3.5181570472440944
11
5.5984893307086612
21
-3.5196568897637794
0
LINE
8
BLACK
6
CONTINUOUS
10
5.5984893307086612
20
-3.5196568897637794
11
5.5983893700787402
21
-3.5196716535433068
0
LINE
8
BLACK
6
CONTINUOUS
10
5.5983893700787402
20
-3.5196716535433068
11
5.5983492125984249
21
-3.5196883070866143
0
LINE
8
BLACK
6
CONTINUOUS
10
5.5983492125984249
20
-3.5196883070866143
11
5.5981322047244095
21
-3.5197096456692911
0
LINE
8
BLACK
6
CONTINUOUS
10
5.5981322047244095
20
-3.5197096456692911
11
5.5979166929133859
21
-3.519741535433071
0
LINE
8
BLACK
6
CONTINUOUS
10
5.5979166929133859
20
-3.519741535433071
11
5.5978736614173226
21
-3.5197351181102361
0
LINE
8
BLACK
6
CONTINUOUS
10
5.5978736614173226
20
-3.5197351181102361
11
5.597773149606299
21
-3.5197450393700787
0
LINE
8
BLACK
6
CONTINUOUS
10
5.597773149606299
20
-3.5197450393700787
11
5.5932737007874014
21
-3.5197450393700787
0
LINE
8
BLACK
6
CONTINUOUS
10
5.5932737007874014
20
-3.5197450393700787
11
5.5931731496062991
21
-3.5197351181102361
0
LINE
8
BLACK
6
CONTINUOUS
10
5.5931731496062991
20
-3.5197351181102361
11
5.5931301574803145
21
-3.519741535433071
0
LINE
8
BLACK
6
CONTINUOUS
10
5.5931301574803145
20
-3.519741535433071
11
5.5929146456692909
21
-3.5197096456692911
0
LINE
8
BLACK
6
CONTINUOUS
10
5.5929146456692909
20
-3.5197096456692911
11
5.5926976377952755
21
-3.5196883070866143
0
LINE
8
BLACK
6
CONTINUOUS
10
5.5926976377952755
20
-3.5196883070866143
11
5.5926574015748027
21
-3.5196716535433068
0
LINE
8
BLACK
6
CONTINUOUS
10
5.5926574015748027
20
-3.5196716535433068
11
5.592557559055118
21
-3.5196568897637794
0
LINE
8
BLACK
6
CONTINUOUS
10
5.592557559055118
20
-3.5196568897637794
11
5.5865582677165353
21
-3.5181570472440944
0
LINE
8
BLACK
6
CONTINUOUS
10
5.5865582677165353
20
-3.5181570472440944
11
5.5865157480314958
21
-3.5181418503937008
0
LINE
8
BLACK
6
CONTINUOUS
10
5.5865157480314958
20
-3.5181418503937008
11
5.5864945669291339
21
-3.5181403543307086
0
LINE
8
BLACK
6
CONTINUOUS
10
5.5864945669291339
20
-3.5181403543307086
11
5.5862553543307083
21
-3.5180488188976375
0
LINE
8
BLACK
6
CONTINUOUS
10
5.5862553543307083
20
-3.5180488188976375
11
5.586013188976378
21
-3.5179622834645667
0
LINE
8
BLACK
6
CONTINUOUS
10
5.586013188976378
20
-3.5179622834645667
11
5.5859960236220472
21
-3.5179495669291336
0
LINE
8
BLACK
6
CONTINUOUS
10
5.5859960236220472
20
-3.5179495669291336
11
5.5859539370078739
21
-3.5179334645669291
0
LINE
8
BLACK
6
CONTINUOUS
10
5.5859539370078739
20
-3.5179334645669291
11
5.5829542913385826
21
-3.5164336614173228
0
LINE
8
BLACK
6
CONTINUOUS
10
5.5829542913385826
20
-3.5164336614173228
11
5.5827064566929137
21
-3.5162776377952754
0
LINE
8
BLACK
6
CONTINUOUS
10
5.5827064566929137
20
-3.5162776377952754
11
5.582634330708661
21
-3.5162477952755906
0
LINE
8
BLACK
6
CONTINUOUS
10
5.582634330708661
20
-3.5162477952755906
11
5.5825531496062988
21
-3.516181181102362
0
LINE
8
BLACK
6
CONTINUOUS
10
5.5825531496062988
20
-3.516181181102362
11
5.5824644094488187
21
-3.5161253149606297
0
LINE
8
BLACK
6
CONTINUOUS
10
5.5824644094488187
20
-3.5161253149606297
11
5.582413267716535
21
-3.5160663779527557
0
LINE
8
BLACK
6
CONTINUOUS
10
5.582413267716535
20
-3.5160663779527557
11
5.5821868897637792
21
-3.5158805511811022
0
LINE
8
BLACK
6
CONTINUOUS
10
5.5821868897637792
20
-3.5158805511811022
11
5.5791872834645666
21
-3.5128809448818896
0
LINE
8
BLACK
6
CONTINUOUS
10
5.5791872834645666
20
-3.5128809448818896
11
5.578820078740157
21
-3.5124335039370078
0
LINE
8
BLACK
6
CONTINUOUS
10
5.578820078740157
20
-3.5124335039370078
11
5.5787794488188975
21
-3.512335433070866
0
LINE
8
BLACK
6
CONTINUOUS
10
5.5787794488188975
20
-3.512335433070866
11
5.5787099606299213
21
-3.5122553149606297
0
LINE
8
BLACK
6
CONTINUOUS
10
5.5787099606299213
20
-3.5122553149606297
11
5.5784739763779525
21
-3.5117267716535432
0
LINE
8
BLACK
6
CONTINUOUS
10
5.5784739763779525
20
-3.5117267716535432
11
5.5769741732283462
21
-3.5072273228346456
0
LINE
8
BLACK
6
CONTINUOUS
10
5.5769741732283462
20
-3.5072273228346456
11
5.5769092125984248
21
-3.5069417322834644
0
LINE
8
BLACK
6
CONTINUOUS
10
5.5769092125984248
20
-3.5069417322834644
11
5.57687937007874
21
-3.5068696456692914
0
LINE
8
BLACK
6
CONTINUOUS
10
5.57687937007874
20
-3.5068696456692914
11
5.5768690551181104
21
-3.5067651181102359
0
LINE
8
BLACK
6
CONTINUOUS
10
5.5768690551181104
20
-3.5067651181102359
11
5.5768458267716534
21
-3.5066628740157482
0
LINE
8
BLACK
6
CONTINUOUS
10
5.5768458267716534
20
-3.5066628740157482
11
5.576851338582677
21
-3.5065851181102361
0
LINE
8
BLACK
6
CONTINUOUS
10
5.576851338582677
20
-3.5065851181102361
11
5.5768226377952752
21
-3.5062935826771651
0
LINE
8
BLACK
6
CONTINUOUS
10
5.5768226377952752
20
-3.5062935826771651
11
5.5768226377952752
21
-3.4987945275590548
0
LINE
8
BLACK
6
CONTINUOUS
10
5.5768226377952752
20
-3.4987945275590548
11
5.57687937007874
21
-3.498218464566929
0
LINE
8
BLACK
6
CONTINUOUS
10
5.57687937007874
20
-3.498218464566929
11
5.5773202755905507
21
-3.4971540551181102
0
LINE
8
BLACK
6
CONTINUOUS
10
5.5773202755905507
20
-3.4971540551181102
11
5.5781349212598421
21
-3.4963394094488187
0
LINE
8
BLACK
6
CONTINUOUS
10
5.5781349212598421
20
-3.4963394094488187
11
5.5791993307086614
21
-3.4958985039370076
0
LINE
8
BLACK
6
CONTINUOUS
10
5.5791993307086614
20
-3.4958985039370076
11
5.5797753937007872
21
-3.4958417716535433
0
LINE
8
BLACK
6
CONTINUOUS
10
5.5797753937007872
20
-3.4958417716535433
11
5.6112714566929132
21
-3.4958417716535433
0
LINE
8
BLACK
6
CONTINUOUS
10
5.6112714566929132
20
-3.4958417716535433
11
5.611847519685039
21
-3.4958985039370076
0
LINE
8
BLACK
6
CONTINUOUS
10
5.5827281496062993
20
-3.5058144488188976
11
5.5838559842519686
21
-3.5091979921259844
0
LINE
8
BLACK
6
CONTINUOUS
10
5.5838559842519686
20
-3.5091979921259844
11
5.5860238582677164
21
-3.5113658661417322
0
LINE
8
BLACK
6
CONTINUOUS
10
5.5860238582677164
20
-3.5113658661417322
11
5.5883049212598426
21
-3.5125064173228346
0
LINE
8
BLACK
6
CONTINUOUS
10
5.5883049212598426
20
-3.5125064173228346
11
5.5936372834645667
21
-3.513839527559055
0
LINE
8
BLACK
6
CONTINUOUS
10
5.5936372834645667
20
-3.513839527559055
11
5.5974095669291337
21
-3.513839527559055
0
LINE
8
BLACK
6
CONTINUOUS
10
5.5974095669291337
20
-3.513839527559055
11
5.6027418110236216
21
-3.5125064173228346
0
LINE
8
BLACK
6
CONTINUOUS
10
5.6027418110236216
20
-3.5125064173228346
11
5.6050229133858265
21
-3.5113658661417322
0
LINE
8
BLACK
6
CONTINUOUS
10
5.6050229133858265
20
-3.5113658661417322
11
5.6071908661417318
21
-3.5091979527559056
0
LINE
8
BLACK
6
CONTINUOUS
10
5.6071908661417318
20
-3.5091979527559056
11
5.6083187007874011
21
-3.5058144488188976
0
LINE
8
BLACK
6
CONTINUOUS
10
5.6083187007874011
20
-3.5058144488188976
11
5.6083187007874011
21
-3.5017472834645669
0
LINE
8
BLACK
6
CONTINUOUS
10
5.6083187007874011
20
-3.5017472834645669
11
5.5827281496062993
21
-3.5017472834645669
0
LINE
8
BLACK
6
CONTINUOUS
10
5.5827281496062993
20
-3.5017472834645669
11
5.5827281496062993
21
-3.5058144488188976
0
LINE
8
BLACK
6
CONTINUOUS
10
5.4937372834645668
20
-3.4966484251968502
11
5.494801692913386
21
-3.4970893307086612
0
LINE
8
BLACK
6
CONTINUOUS
10
5.494801692913386
20
-3.4970893307086612
11
5.4956163385826766
21
-3.4979039763779527
0
LINE
8
BLACK
6
CONTINUOUS
10
5.4956163385826766
20
-3.4979039763779527
11
5.4960572440944881
21
-3.4989683858267715
0
LINE
8
BLACK
6
CONTINUOUS
10
5.4960572440944881
20
-3.4989683858267715
11
5.496113976377953
21
-3.4995444488188974
0
LINE
8
BLACK
6
CONTINUOUS
10
5.496113976377953
20
-3.4995444488188974
11
5.496113976377953
21
-3.5145425590551178
0
LINE
8
BLACK
6
CONTINUOUS
10
5.496113976377953
20
-3.5145425590551178
11
5.4960572440944881
21
-3.5151186220472441
0
LINE
8
BLACK
6
CONTINUOUS
10
5.4960572440944881
20
-3.5151186220472441
11
5.4956163385826766
21
-3.5161830314960629
0
LINE
8
BLACK
6
CONTINUOUS
10
5.4956163385826766
20
-3.5161830314960629
11
5.494801692913386
21
-3.5169976771653544
0
LINE
8
BLACK
6
CONTINUOUS
10
5.494801692913386
20
-3.5169976771653544
11
5.4937372834645668
21
-3.5174385826771655
0
LINE
8
BLACK
6
CONTINUOUS
10
5.4937372834645668
20
-3.5174385826771655
11
5.4925851574803151
21
-3.5174385826771655
0
LINE
8
BLACK
6
CONTINUOUS
10
5.4925851574803151
20
-3.5174385826771655
11
5.4915207480314958
21
-3.5169976771653544
0
LINE
8
BLACK
6
CONTINUOUS
10
5.4915207480314958
20
-3.5169976771653544
11
5.4907061023622044
21
-3.5161830314960629
0
LINE
8
BLACK
6
CONTINUOUS
10
5.4907061023622044
20
-3.5161830314960629
11
5.4902651968503937
21
-3.5151186220472441
0
LINE
8
BLACK
6
CONTINUOUS
10
5.4902651968503937
20
-3.5151186220472441
11
5.4902084645669289
21
-3.5145425590551178
0
LINE
8
BLACK
6
CONTINUOUS
10
5.4902084645669289
20
-3.5145425590551178
11
5.4902084645669289
21
-3.5024972047244094
0
LINE
8
BLACK
6
CONTINUOUS
10
5.4902084645669289
20
-3.5024972047244094
11
5.4796160236220475
21
-3.5024972047244094
0
LINE
8
BLACK
6
CONTINUOUS
10
5.4796160236220475
20
-3.5024972047244094
11
5.4796160236220475
21
-3.5100431102362202
0
LINE
8
BLACK
6
CONTINUOUS
10
5.4796160236220475
20
-3.5100431102362202
11
5.4795592913385827
21
-3.5106191732283465
0
LINE
8
BLACK
6
CONTINUOUS
10
5.4795592913385827
20
-3.5106191732283465
11
5.4791183858267711
21
-3.5116835826771653
0
LINE
8
BLACK
6
CONTINUOUS
10
5.4791183858267711
20
-3.5116835826771653
11
5.4783037401574806
21
-3.5124982283464568
0
LINE
8
BLACK
6
CONTINUOUS
10
5.4783037401574806
20
-3.5124982283464568
11
5.4772393307086613
21
-3.5129391338582678
0
LINE
8
BLACK
6
CONTINUOUS
10
5.4772393307086613
20
-3.5129391338582678
11
5.4760872047244096
21
-3.5129391338582678
0
LINE
8
BLACK
6
CONTINUOUS
10
5.4760872047244096
20
-3.5129391338582678
11
5.4750227952755903
21
-3.5124982283464568
0
LINE
8
BLACK
6
CONTINUOUS
10
5.4750227952755903
20
-3.5124982283464568
11
5.4742081496062989
21
-3.5116835826771653
0
LINE
8
BLACK
6
CONTINUOUS
10
5.4742081496062989
20
-3.5116835826771653
11
5.4737672440944882
21
-3.5106191732283465
0
LINE
8
BLACK
6
CONTINUOUS
10
5.4737672440944882
20
-3.5106191732283465
11
5.4737105118110234
21
-3.5100431102362202
0
LINE
8
BLACK
6
CONTINUOUS
10
5.4737105118110234
20
-3.5100431102362202
11
5.4737105118110234
21
-3.5024972047244094
0
LINE
8
BLACK
6
CONTINUOUS
10
5.4737105118110234
20
-3.5024972047244094
11
5.464617913385827
21
-3.5024972047244094
0
LINE
8
BLACK
6
CONTINUOUS
10
5.464617913385827
20
-3.5024972047244094
11
5.464617913385827
21
-3.5145425590551178
0
LINE
8
BLACK
6
CONTINUOUS
10
5.464617913385827
20
-3.5145425590551178
11
5.4645611811023622
21
-3.5151186220472441
0
LINE
8
BLACK
6
CONTINUOUS
10
5.4645611811023622
20
-3.5151186220472441
11
5.4641202755905507
21
-3.5161830314960629
0
LINE
8
BLACK
6
CONTINUOUS
10
5.4641202755905507
20
-3.5161830314960629
11
5.4633056299212601
21
-3.5169976771653544
0
LINE
8
BLACK
6
CONTINUOUS
10
5.4633056299212601
20
-3.5169976771653544
11
5.4622412204724409
21
-3.5174385826771655
0
LINE
8
BLACK
6
CONTINUOUS
10
5.4622412204724409
20
-3.5174385826771655
11
5.4610890944881891
21
-3.5174385826771655
0
LINE
8
BLACK
6
CONTINUOUS
10
5.4610890944881891
20
-3.5174385826771655
11
5.4600246850393699
21
-3.5169976771653544
0
LINE
8
BLACK
6
CONTINUOUS
10
5.4600246850393699
20
-3.5169976771653544
11
5.4592100393700784
21
-3.5161830314960629
0
LINE
8
BLACK
6
CONTINUOUS
10
5.4592100393700784
20
-3.5161830314960629
11
5.4587691338582678
21
-3.5151186220472441
0
LINE
8
BLACK
6
CONTINUOUS
10
5.4587691338582678
20
-3.5151186220472441
11
5.458712401574803
21
-3.5145425590551178
0
LINE
8
BLACK
6
CONTINUOUS
10
5.458712401574803
20
-3.5145425590551178
11
5.458712401574803
21
-3.4995444488188974
0
LINE
8
BLACK
6
CONTINUOUS
10
5.458712401574803
20
-3.4995444488188974
11
5.4587691338582678
21
-3.4989683858267715
0
LINE
8
BLACK
6
CONTINUOUS
10
5.4587691338582678
20
-3.4989683858267715
11
5.4592100393700784
21
-3.4979039763779527
0
LINE
8
BLACK
6
CONTINUOUS
10
5.4592100393700784
20
-3.4979039763779527
11
5.4600246850393699
21
-3.4970893307086612
0
LINE
8
BLACK
6
CONTINUOUS
10
5.4600246850393699
20
-3.4970893307086612
11
5.4610890944881891
21
-3.4966484251968502
0
LINE
8
BLACK
6
CONTINUOUS
10
5.4610890944881891
20
-3.4966484251968502
11
5.461665157480315
21
-3.4965916929133858
0
LINE
8
BLACK
6
CONTINUOUS
10
5.461665157480315
20
-3.4965916929133858
11
5.4931612204724409
21
-3.4965916929133858
0
LINE
8
BLACK
6
CONTINUOUS
10
5.4931612204724409
20
-3.4965916929133858
11
5.4937372834645668
21
-3.4966484251968502
0
LINE
8
BLACK
6
CONTINUOUS
10
5.5277024803149608
20
-3.4792198818897635
11
5.5277924015748034
21
-3.4796718897637793
0
LINE
8
BLACK
6
CONTINUOUS
10
5.5277924015748034
20
-3.4796718897637793
11
5.5277924015748034
21
-3.4868177952755905
0
LINE
8
BLACK
6
CONTINUOUS
10
5.5277924015748034
20
-3.4868177952755905
11
5.5318327952755908
21
-3.4832824803149607
0
LINE
8
BLACK
6
CONTINUOUS
10
5.5318327952755908
20
-3.4832824803149607
11
5.532123818897638
21
-3.4831148425196852
0
LINE
8
BLACK
6
CONTINUOUS
10
5.532123818897638
20
-3.4831148425196852
11
5.5321585433070863
21
-3.4830801574803147
0
LINE
8
BLACK
6
CONTINUOUS
10
5.5321585433070863
20
-3.4830801574803147
11
5.5321840944881888
21
-3.4830801574803147
0
LINE
8
BLACK
6
CONTINUOUS
10
5.5321840944881888
20
-3.4830801574803147
11
5.5322321653543307
21
-3.4830524803149605
0
LINE
8
BLACK
6
CONTINUOUS
10
5.5322321653543307
20
-3.4830524803149605
11
5.5326474015748026
21
-3.4830801574803147
0
LINE
8
BLACK
6
CONTINUOUS
10
5.5326474015748026
20
-3.4830801574803147
11
5.5330625590551179
21
-3.4830801574803147
0
LINE
8
BLACK
6
CONTINUOUS
10
5.5330625590551179
20
-3.4830801574803147
11
5.5330922047244089
21
-3.4831098031496062
0
LINE
8
BLACK
6
CONTINUOUS
10
5.5330922047244089
20
-3.4831098031496062
11
5.5331340944881893
21
-3.4831125984251967
0
LINE
8
BLACK
6
CONTINUOUS
10
5.5331340944881893
20
-3.4831125984251967
11
5.5334077559055119
21
-3.4834253543307088
0
LINE
8
BLACK
6
CONTINUOUS
10
5.5334077559055119
20
-3.4834253543307088
11
5.5337017322834647
21
-3.4837193307086611
0
LINE
8
BLACK
6
CONTINUOUS
10
5.5337017322834647
20
-3.4837193307086611
11
5.5337125196850394
21
-3.4837736614173229
0
LINE
8
BLACK
6
CONTINUOUS
10
5.5337125196850394
20
-3.4837736614173229
11
5.533729409448819
21
-3.4837929527559055
0
LINE
8
BLACK
6
CONTINUOUS
10
5.533729409448819
20
-3.4837929527559055
11
5.5337261023622046
21
-3.4838420078740158
0
LINE
8
BLACK
6
CONTINUOUS
10
5.5337261023622046
20
-3.4838420078740158
11
5.5337916535433074
21
-3.4841713385826769
0
LINE
8
BLACK
6
CONTINUOUS
10
5.5337916535433074
20
-3.4841713385826769
11
5.5337916535433074
21
-3.4861422047244095
0
LINE
8
BLACK
6
CONTINUOUS
10
5.5337916535433074
20
-3.4861422047244095
11
5.5343311417322836
21
-3.4872211811023623
0
LINE
8
BLACK
6
CONTINUOUS
10
5.5343311417322836
20
-3.4872211811023623
11
5.534810039370079
21
-3.4877000787401573
0
LINE
8
BLACK
6
CONTINUOUS
10
5.534810039370079
20
-3.4877000787401573
11
5.5358890157480314
21
-3.488239566929134
0
LINE
8
BLACK
6
CONTINUOUS
10
5.5358890157480314
20
-3.488239566929134
11
5.5390809055118106
21
-3.488239566929134
0
LINE
8
BLACK
6
CONTINUOUS
10
5.5390809055118106
20
-3.488239566929134
11
5.5401599212598427
21
-3.4877000393700786
0
LINE
8
BLACK
6
CONTINUOUS
10
5.5401599212598427
20
-3.4877000393700786
11
5.5406387007874018
21
-3.4872212598425194
0
LINE
8
BLACK
6
CONTINUOUS
10
5.5406387007874018
20
-3.4872212598425194
11
5.5411782283464568
21
-3.4861422440944883
0
LINE
8
BLACK
6
CONTINUOUS
10
5.5411782283464568
20
-3.4861422440944883
11
5.5411782283464568
21
-3.4822003937007873
0
LINE
8
BLACK
6
CONTINUOUS
10
5.5411782283464568
20
-3.4822003937007873
11
5.5406387007874018
21
-3.4811213779527557
0
LINE
8
BLACK
6
CONTINUOUS
10
5.5406387007874018
20
-3.4811213779527557
11
5.5400243700787399
21
-3.4805070472440942
0
LINE
8
BLACK
6
CONTINUOUS
10
5.5400243700787399
20
-3.4805070472440942
11
5.5397683464566931
21
-3.4801238582677163
0
LINE
8
BLACK
6
CONTINUOUS
10
5.5397683464566931
20
-3.4801238582677163
11
5.5397683464566931
21
-3.4792199212598423
0
LINE
8
BLACK
6
CONTINUOUS
10
5.5397683464566931
20
-3.4792199212598423
11
5.5404075590551178
21
-3.4785807086614171
0
LINE
8
BLACK
6
CONTINUOUS
10
5.5404075590551178
20
-3.4785807086614171
11
5.5413114960629919
21
-3.4785807086614171
0
LINE
8
BLACK
6
CONTINUOUS
10
5.5413114960629919
20
-3.4785807086614171
11
5.5416946850393698
21
-3.4788367322834644
0
LINE
8
BLACK
6
CONTINUOUS
10
5.5416946850393698
20
-3.4788367322834644
11
5.5424446062992123
21
-3.4795866535433069
0
LINE
8
BLACK
6
CONTINUOUS
10
5.5424446062992123
20
-3.4795866535433069
11
5.542549724409449
21
-3.4797439763779527
0
LINE
8
BLACK
6
CONTINUOUS
10
5.542549724409449
20
-3.4797439763779527
11
5.5426658661417321
21
-3.4798936220472441
0
LINE
8
BLACK
6
CONTINUOUS
10
5.5426658661417321
20
-3.4798936220472441
11
5.5434157480314958
21
-3.4813934251968504
0
LINE
8
BLACK
6
CONTINUOUS
10
5.5434157480314958
20
-3.4813934251968504
11
5.5434313385826774
21
-3.481450433070866
0
LINE
8
BLACK
6
CONTINUOUS
10
5.5434313385826774
20
-3.481450433070866
11
5.5434505118110238
21
-3.4814696062992123
0
LINE
8
BLACK
6
CONTINUOUS
10
5.5434505118110238
20
-3.4814696062992123
11
5.5434874409448813
21
-3.4816553937007875
0
LINE
8
BLACK
6
CONTINUOUS
10
5.5434874409448813
20
-3.4816553937007875
11
5.5435374409448821
21
-3.4818379133858266
0
LINE
8
BLACK
6
CONTINUOUS
10
5.5435374409448821
20
-3.4818379133858266
11
5.5435288582677167
21
-3.4818635433070866
0
LINE
8
BLACK
6
CONTINUOUS
10
5.5435288582677167
20
-3.4818635433070866
11
5.5435404330708664
21
-3.4819216141732281
0
LINE
8
BLACK
6
CONTINUOUS
10
5.5435404330708664
20
-3.4819216141732281
11
5.5435404330708664
21
-3.4864210629921257
0
LINE
8
BLACK
6
CONTINUOUS
10
5.5435404330708664
20
-3.4864210629921257
11
5.5435288582677167
21
-3.4864790944881889
0
LINE
8
BLACK
6
CONTINUOUS
10
5.5435288582677167
20
-3.4864790944881889
11
5.5435374409448821
21
-3.4865047637795277
0
LINE
8
BLACK
6
CONTINUOUS
10
5.5435374409448821
20
-3.4865047637795277
11
5.5434874409448813
21
-3.486687244094488
0
LINE
8
BLACK
6
CONTINUOUS
10
5.5434874409448813
20
-3.486687244094488
11
5.5434505118110238
21
-3.4868730708661415
0
LINE
8
BLACK
6
CONTINUOUS
10
5.5434505118110238
20
-3.4868730708661415
11
5.5434313385826774
21
-3.4868922047244095
0
LINE
8
BLACK
6
CONTINUOUS
10
5.5434313385826774
20
-3.4868922047244095
11
5.5434157480314958
21
-3.4869492519685039
0
LINE
8
BLACK
6
CONTINUOUS
10
5.5434157480314958
20
-3.4869492519685039
11
5.5426658661417321
21
-3.4884490551181102
0
LINE
8
BLACK
6
CONTINUOUS
10
5.5426658661417321
20
-3.4884490551181102
11
5.542549724409449
21
-3.4885986614173228
0
LINE
8
BLACK
6
CONTINUOUS
10
5.542549724409449
20
-3.4885986614173228
11
5.5424446062992123
21
-3.488756023622047
0
LINE
8
BLACK
6
CONTINUOUS
10
5.5424446062992123
20
-3.488756023622047
11
5.5416946850393698
21
-3.4895059448818895
0
LINE
8
BLACK
6
CONTINUOUS
10
5.5416946850393698
20
-3.4895059448818895
11
5.5415373228346452
21
-3.489611023622047
0
LINE
8
BLACK
6
CONTINUOUS
10
5.5415373228346452
20
-3.489611023622047
11
5.5413877165354331
21
-3.4897272047244092
0
LINE
8
BLACK
6
CONTINUOUS
10
5.5413877165354331
20
-3.4897272047244092
11
5.5398879133858268
21
-3.490477086614173
0
LINE
8
BLACK
6
CONTINUOUS
10
5.5398879133858268
20
-3.490477086614173
11
5.5398308661417319
21
-3.4904926771653542
0
LINE
8
BLACK
6
CONTINUOUS
10
5.5398308661417319
20
-3.4904926771653542
11
5.5398117322834644
21
-3.4905118503937005
0
LINE
8
BLACK
6
CONTINUOUS
10
5.5398117322834644
20
-3.4905118503937005
11
5.5396259055118113
21
-3.4905487795275589
0
LINE
8
BLACK
6
CONTINUOUS
10
5.5396259055118113
20
-3.4905487795275589
11
5.5394434251968505
21
-3.4905987795275588
0
LINE
8
BLACK
6
CONTINUOUS
10
5.5394434251968505
20
-3.4905987795275588
11
5.5394177559055118
21
-3.4905901968503934
0
LINE
8
BLACK
6
CONTINUOUS
10
5.5394177559055118
20
-3.4905901968503934
11
5.539359724409449
21
-3.4906017716535431
0
LINE
8
BLACK
6
CONTINUOUS
10
5.539359724409449
20
-3.4906017716535431
11
5.5356101968503939
21
-3.4906017716535431
0
LINE
8
BLACK
6
CONTINUOUS
10
5.5356101968503939
20
-3.4906017716535431
11
5.5355521259842515
21
-3.4905901968503934
0
LINE
8
BLACK
6
CONTINUOUS
10
5.5355521259842515
20
-3.4905901968503934
11
5.5355264960629924
21
-3.4905987795275588
0
LINE
8
BLACK
6
CONTINUOUS
10
5.5355264960629924
20
-3.4905987795275588
11
5.5353439763779528
21
-3.4905487795275589
0
LINE
8
BLACK
6
CONTINUOUS
10
5.5353439763779528
20
-3.4905487795275589
11
5.5351581889763777
21
-3.4905118503937005
0
LINE
8
BLACK
6
CONTINUOUS
10
5.5351581889763777
20
-3.4905118503937005
11
5.5351390157480314
21
-3.4904926771653542
0
LINE
8
BLACK
6
CONTINUOUS
10
5.5351390157480314
20
-3.4904926771653542
11
5.5350820078740153
21
-3.490477086614173
0
LINE
8
BLACK
6
CONTINUOUS
10
5.5350820078740153
20
-3.490477086614173
11
5.5335821653543302
21
-3.4897272047244092
0
LINE
8
BLACK
6
CONTINUOUS
10
5.5335821653543302
20
-3.4897272047244092
11
5.5334325196850394
21
-3.4896110629921258
0
LINE
8
BLACK
6
CONTINUOUS
10
5.5334325196850394
20
-3.4896110629921258
11
5.5332751574803147
21
-3.4895059055118107
0
LINE
8
BLACK
6
CONTINUOUS
10
5.5332751574803147
20
-3.4895059055118107
11
5.532525275590551
21
-3.488756023622047
0
LINE
8
BLACK
6
CONTINUOUS
10
5.532525275590551
20
-3.488756023622047
11
5.5324200787401576
21
-3.4885985433070865
0
LINE
8
BLACK
6
CONTINUOUS
10
5.5324200787401576
20
-3.4885985433070865
11
5.53230405511811
21
-3.488449094488189
0
LINE
8
BLACK
6
CONTINUOUS
10
5.53230405511811
20
-3.488449094488189
11
5.5315541338582674
21
-3.4869492913385827
0
LINE
8
BLACK
6
CONTINUOUS
10
5.5315541338582674
20
-3.4869492913385827
11
5.531538503937008
21
-3.4868922047244095
0
LINE
8
BLACK
6
CONTINUOUS
10
5.531538503937008
20
-3.4868922047244095
11
5.5315193700787404
21
-3.4868730708661415
0
LINE
8
BLACK
6
CONTINUOUS
10
5.5315193700787404
20
-3.4868730708661415
11
5.5314892519685035
21
-3.4867218110236218
0
LINE
8
BLACK
6
CONTINUOUS
10
5.5314892519685035
20
-3.4867218110236218
11
5.5273890551181104
21
-3.490309527559055
0
LINE
8
BLACK
6
CONTINUOUS
10
5.5273890551181104
20
-3.490309527559055
11
5.5270979921259844
21
-3.4904771259842517
0
LINE
8
BLACK
6
CONTINUOUS
10
5.5270979921259844
20
-3.4904771259842517
11
5.527063307086614
21
-3.4905118503937005
0
LINE
8
BLACK
6
CONTINUOUS
10
5.527063307086614
20
-3.4905118503937005
11
5.5270377559055115
21
-3.4905118503937005
0
LINE
8
BLACK
6
CONTINUOUS
10
5.5270377559055115
20
-3.4905118503937005
11
5.5269896850393696
21
-3.4905395275590552
0
LINE
8
BLACK
6
CONTINUOUS
10
5.5269896850393696
20
-3.4905395275590552
11
5.526574724409449
21
-3.4905118503937005
0
LINE
8
BLACK
6
CONTINUOUS
10
5.526574724409449
20
-3.4905118503937005
11
5.5261592913385824
21
-3.4905118503937005
0
LINE
8
BLACK
6
CONTINUOUS
10
5.5261592913385824
20
-3.4905118503937005
11
5.5261295669291339
21
-3.490482125984252
0
LINE
8
BLACK
6
CONTINUOUS
10
5.5261295669291339
20
-3.490482125984252
11
5.5260877559055119
21
-3.4904793700787402
0
LINE
8
BLACK
6
CONTINUOUS
10
5.5260877559055119
20
-3.4904793700787402
11
5.5258142125984246
21
-3.4901667716535432
0
LINE
8
BLACK
6
CONTINUOUS
10
5.5258142125984246
20
-3.4901667716535432
11
5.5255201181102365
21
-3.4898726771653541
0
LINE
8
BLACK
6
CONTINUOUS
10
5.5255201181102365
20
-3.4898726771653541
11
5.5255092913385822
21
-3.489818307086614
0
LINE
8
BLACK
6
CONTINUOUS
10
5.5255092913385822
20
-3.489818307086614
11
5.5254924409448813
21
-3.4897990551181102
0
LINE
8
BLACK
6
CONTINUOUS
10
5.5254924409448813
20
-3.4897990551181102
11
5.5254957086614169
21
-3.4897499606299212
0
LINE
8
BLACK
6
CONTINUOUS
10
5.5254957086614169
20
-3.4897499606299212
11
5.5254301968503938
21
-3.4894206692913383
0
LINE
8
BLACK
6
CONTINUOUS
10
5.5254301968503938
20
-3.4894206692913383
11
5.5254301968503938
21
-3.4796718897637793
0
LINE
8
BLACK
6
CONTINUOUS
10
5.5254301968503938
20
-3.4796718897637793
11
5.5255201181102365
21
-3.4792198818897635
0
LINE
8
BLACK
6
CONTINUOUS
10
5.5255201181102365
20
-3.4792198818897635
11
5.5261592913385824
21
-3.4785807086614171
0
LINE
8
BLACK
6
CONTINUOUS
10
5.5261592913385824
20
-3.4785807086614171
11
5.527063307086614
21
-3.4785807086614171
0
LINE
8
BLACK
6
CONTINUOUS
10
5.527063307086614
20
-3.4785807086614171
11
5.5277024803149608
21
-3.4792198818897635
0
LINE
8
BLACK
6
CONTINUOUS
10
5.5428113385826769
20
-3.4643325196850392
11
5.5434505118110238
21
-3.4649716929133856
0
LINE
8
BLACK
6
CONTINUOUS
10
5.5434505118110238
20
-3.4649716929133856
11
5.5435404330708664
21
-3.4654237007874014
0
LINE
8
BLACK
6
CONTINUOUS
10
5.5435404330708664
20
-3.4654237007874014
11
5.5435404330708664
21
-3.4691732283464565
0
LINE
8
BLACK
6
CONTINUOUS
10
5.5435404330708664
20
-3.4691732283464565
11
5.5435034645669292
21
-3.4693588582677166
0
LINE
8
BLACK
6
CONTINUOUS
10
5.5435034645669292
20
-3.4693588582677166
11
5.5434798425196847
21
-3.4695466929133856
0
LINE
8
BLACK
6
CONTINUOUS
10
5.5434798425196847
20
-3.4695466929133856
11
5.542729960629921
21
-3.4717964566929131
0
LINE
8
BLACK
6
CONTINUOUS
10
5.542729960629921
20
-3.4717964566929131
11
5.54270062992126
21
-3.4718478740157481
0
LINE
8
BLACK
6
CONTINUOUS
10
5.54270062992126
20
-3.4718478740157481
11
5.54270062992126
21
-3.4718749212598423
0
LINE
8
BLACK
6
CONTINUOUS
10
5.54270062992126
20
-3.4718749212598423
11
5.5425954724409445
21
-3.4720322834645669
0
LINE
8
BLACK
6
CONTINUOUS
10
5.5425954724409445
20
-3.4720322834645669
11
5.5425016929133859
21
-3.4721968110236219
0
LINE
8
BLACK
6
CONTINUOUS
10
5.5425016929133859
20
-3.4721968110236219
11
5.5424774803149601
21
-3.4722088976377954
0
LINE
8
BLACK
6
CONTINUOUS
10
5.5424774803149601
20
-3.4722088976377954
11
5.5424446062992123
21
-3.472258149606299
0
LINE
8
BLACK
6
CONTINUOUS
10
5.5424446062992123
20
-3.472258149606299
11
5.5409447637795273
21
-3.4737579133858265
0
LINE
8
BLACK
6
CONTINUOUS
10
5.5409447637795273
20
-3.4737579133858265
11
5.5407872834645664
21
-3.4738631102362203
0
LINE
8
BLACK
6
CONTINUOUS
10
5.5407872834645664
20
-3.4738631102362203
11
5.5406377952755905
21
-3.4739791732283463
0
LINE
8
BLACK
6
CONTINUOUS
10
5.5406377952755905
20
-3.4739791732283463
11
5.5391379921259842
21
-3.47472905511811
0
LINE
8
BLACK
6
CONTINUOUS
10
5.5391379921259842
20
-3.47472905511811
11
5.5390131889763774
21
-3.4747631889763779
0
LINE
8
BLACK
6
CONTINUOUS
10
5.5390131889763774
20
-3.4747631889763779
11
5.5388962598425193
21
-3.4748184645669289
0
LINE
8
BLACK
6
CONTINUOUS
10
5.5388962598425193
20
-3.4748184645669289
11
5.5358966535433067
21
-3.4755683858267714
0
LINE
8
BLACK
6
CONTINUOUS
10
5.5358966535433067
20
-3.4755683858267714
11
5.5357521653543307
21
-3.4755753937007872
0
LINE
8
BLACK
6
CONTINUOUS
10
5.5357521653543307
20
-3.4755753937007872
11
5.5356101968503939
21
-3.4756036614173227
0
LINE
8
BLACK
6
CONTINUOUS
10
5.5356101968503939
20
-3.4756036614173227
11
5.5333604724409451
21
-3.4756036614173227
0
LINE
8
BLACK
6
CONTINUOUS
10
5.5333604724409451
20
-3.4756036614173227
11
5.5332184645669287
21
-3.4755753937007872
0
LINE
8
BLACK
6
CONTINUOUS
10
5.5332184645669287
20
-3.4755753937007872
11
5.5330740157480314
21
-3.4755683858267714
0
LINE
8
BLACK
6
CONTINUOUS
10
5.5330740157480314
20
-3.4755683858267714
11
5.53007437007874
21
-3.4748184645669289
0
LINE
8
BLACK
6
CONTINUOUS
10
5.53007437007874
20
-3.4748184645669289
11
5.5299574015748032
21
-3.4747631889763779
0
LINE
8
BLACK
6
CONTINUOUS
10
5.5299574015748032
20
-3.4747631889763779
11
5.5298326377952751
21
-3.47472905511811
0
LINE
8
BLACK
6
CONTINUOUS
10
5.5298326377952751
20
-3.47472905511811
11
5.5283328346456688
21
-3.4739791732283463
0
LINE
8
BLACK
6
CONTINUOUS
10
5.5283328346456688
20
-3.4739791732283463
11
5.5281831889763779
21
-3.4738630314960628
0
LINE
8
BLACK
6
CONTINUOUS
10
5.5281831889763779
20
-3.4738630314960628
11
5.5280258267716533
21
-3.4737579133858265
0
LINE
8
BLACK
6
CONTINUOUS
10
5.5280258267716533
20
-3.4737579133858265
11
5.5265260629921258
21
-3.4722581102362202
0
LINE
8
BLACK
6
CONTINUOUS
10
5.5265260629921258
20
-3.4722581102362202
11
5.526493188976378
21
-3.4722088976377954
0
LINE
8
BLACK
6
CONTINUOUS
10
5.526493188976378
20
-3.4722088976377954
11
5.5264689763779522
21
-3.4721968110236219
0
LINE
8
BLACK
6
CONTINUOUS
10
5.5264689763779522
20
-3.4721968110236219
11
5.5263751968503936
21
-3.4720323228346457
0
LINE
8
BLACK
6
CONTINUOUS
10
5.5263751968503936
20
-3.4720323228346457
11
5.526270039370079
21
-3.4718749212598423
0
LINE
8
BLACK
6
CONTINUOUS
10
5.526270039370079
20
-3.4718749212598423
11
5.526270039370079
21
-3.4718478346456694
0
LINE
8
BLACK
6
CONTINUOUS
10
5.526270039370079
20
-3.4718478346456694
11
5.5262407480314959
21
-3.4717964566929131
0
LINE
8
BLACK
6
CONTINUOUS
10
5.5262407480314959
20
-3.4717964566929131
11
5.5254908267716534
21
-3.4695467322834643
0
LINE
8
BLACK
6
CONTINUOUS
10
5.5254908267716534
20
-3.4695467322834643
11
5.525467165354331
21
-3.4693590944881887
0
LINE
8
BLACK
6
CONTINUOUS
10
5.525467165354331
20
-3.4693590944881887
11
5.5254301968503938
21
-3.4691732283464565
0
LINE
8
BLACK
6
CONTINUOUS
10
5.5254301968503938
20
-3.4691732283464565
11
5.5254301968503938
21
-3.4654237007874014
0
LINE
8
BLACK
6
CONTINUOUS
10
5.5254301968503938
20
-3.4654237007874014
11
5.5255201181102365
21
-3.4649716929133856
0
LINE
8
BLACK
6
CONTINUOUS
10
5.5255201181102365
20
-3.4649716929133856
11
5.5261592913385824
21
-3.4643325196850392
0
LINE
8
BLACK
6
CONTINUOUS
10
5.5261592913385824
20
-3.4643325196850392
11
5.5266112992125986
21
-3.4642425984251966
0
LINE
8
BLACK
6
CONTINUOUS
10
5.5266112992125986
20
-3.4642425984251966
11
5.5423593307086616
21
-3.4642425984251966
0
LINE
8
BLACK
6
CONTINUOUS
10
5.5423593307086616
20
-3.4642425984251966
11
5.5428113385826769
21
-3.4643325196850392
0
LINE
8
BLACK
6
CONTINUOUS
10
5.5277924015748034
20
-3.4689815748031494
11
5.528393503937008
21
-3.4707849212598423
0
LINE
8
BLACK
6
CONTINUOUS
10
5.528393503937008
20
-3.4707849212598423
11
5.5295606692913388
21
-3.4719520472440943
0
LINE
8
BLACK
6
CONTINUOUS
10
5.5295606692913388
20
-3.4719520472440943
11
5.5307730708661413
21
-3.4725582283464567
0
LINE
8
BLACK
6
CONTINUOUS
10
5.5307730708661413
20
-3.4725582283464567
11
5.5335058267716537
21
-3.4732414566929135
0
LINE
8
BLACK
6
CONTINUOUS
10
5.5335058267716537
20
-3.4732414566929135
11
5.5354648425196853
21
-3.4732414566929135
0
LINE
8
BLACK
6
CONTINUOUS
10
5.5354648425196853
20
-3.4732414566929135
11
5.5381975196850393
21
-3.4725582677165354
0
LINE
8
BLACK
6
CONTINUOUS
10
5.5381975196850393
20
-3.4725582677165354
11
5.5394100000000002
21
-3.4719520078740156
0
LINE
8
BLACK
6
CONTINUOUS
10
5.5394100000000002
20
-3.4719520078740156
11
5.5405770472440947
21
-3.470784960629921
0
LINE
8
BLACK
6
CONTINUOUS
10
5.5405770472440947
20
-3.470784960629921
11
5.5411782283464568
21
-3.4689814960629919
0
LINE
8
BLACK
6
CONTINUOUS
10
5.5411782283464568
20
-3.4689814960629919
11
5.5411782283464568
21
-3.4666048031496062
0
LINE
8
BLACK
6
CONTINUOUS
10
5.5411782283464568
20
-3.4666048031496062
11
5.5277924015748034
21
-3.4666048031496062
0
LINE
8
BLACK
6
CONTINUOUS
10
5.5277924015748034
20
-3.4666048031496062
11
5.5277924015748034
21
-3.4689815748031494
0
LINE
8
BLACK
6
CONTINUOUS
10
5.5516981889763777
20
-3.4437325196850392
11
5.5527635433070861
21
-3.4447978740157481
0
LINE
8
BLACK
6
CONTINUOUS
10
5.5527635433070861
20
-3.4447978740157481
11
5.5529133858267716
21
-3.445551181102362
0
LINE
8
BLACK
6
CONTINUOUS
10
5.5529133858267716
20
-3.445551181102362
11
5.5529133858267716
21
-3.4967322834645667
0
LINE
8
BLACK
6
CONTINUOUS
10
5.5529133858267716
20
-3.4967322834645667
11
5.5527635433070861
21
-3.497485590551181
0
LINE
8
BLACK
6
CONTINUOUS
10
5.5527635433070861
20
-3.497485590551181
11
5.552336811023622
21
-3.4981242125984253
0
LINE
8
BLACK
6
CONTINUOUS
10
5.552336811023622
20
-3.4981242125984253
11
5.5405257874015748
21
-3.5099352362204725
0
LINE
8
BLACK
6
CONTINUOUS
10
5.5405257874015748
20
-3.5099352362204725
11
5.5398871653543305
21
-3.5103619685039371
0
LINE
8
BLACK
6
CONTINUOUS
10
5.5398871653543305
20
-3.5103619685039371
11
5.5391338582677161
21
-3.5105118110236218
0
LINE
8
BLACK
6
CONTINUOUS
10
5.5391338582677161
20
-3.5105118110236218
11
5.5194488188976374
21
-3.5105118110236218
0
LINE
8
BLACK
6
CONTINUOUS
10
5.5194488188976374
20
-3.5105118110236218
11
5.5186955118110239
21
-3.5103619685039371
0
LINE
8
BLACK
6
CONTINUOUS
10
5.5186955118110239
20
-3.5103619685039371
11
5.5176301574803146
21
-3.5092966141732282
0
LINE
8
BLACK
6
CONTINUOUS
10
5.5176301574803146
20
-3.5092966141732282
11
5.51748031496063
21
-3.5085433070866139
0
LINE
8
BLACK
6
CONTINUOUS
10
5.51748031496063
20
-3.5085433070866139
11
5.51748031496063
21
-3.445551181102362
0
LINE
8
BLACK
6
CONTINUOUS
10
5.51748031496063
20
-3.445551181102362
11
5.5176301574803146
21
-3.4447978740157481
0
LINE
8
BLACK
6
CONTINUOUS
10
5.5176301574803146
20
-3.4447978740157481
11
5.5186955118110239
21
-3.4437325196850392
0
LINE
8
BLACK
6
CONTINUOUS
10
5.5186955118110239
20
-3.4437325196850392
11
5.5194488188976374
21
-3.4435826771653542
0
LINE
8
BLACK
6
CONTINUOUS
10
5.5194488188976374
20
-3.4435826771653542
11
5.5509448818897633
21
-3.4435826771653542
0
LINE
8
BLACK
6
CONTINUOUS
10
5.5509448818897633
20
-3.4435826771653542
11
5.5516981889763777
21
-3.4437325196850392
0
LINE
8
BLACK
6
CONTINUOUS
10
5.5214173228346457
20
-3.4475196850393699
11
5.5214173228346457
21
-3.506574803149606
0
LINE
8
BLACK
6
CONTINUOUS
10
5.5214173228346457
20
-3.506574803149606
11
5.538318503937008
21
-3.506574803149606
0
LINE
8
BLACK
6
CONTINUOUS
10
5.538318503937008
20
-3.506574803149606
11
5.5489763779527559
21
-3.4959169291338581
0
LINE
8
BLACK
6
CONTINUOUS
10
5.5489763779527559
20
-3.4959169291338581
11
5.5489763779527559
21
-3.4475196850393699
0
LINE
8
BLACK
6
CONTINUOUS
10
5.5489763779527559
20
-3.4475196850393699
11
5.5214173228346457
21
-3.4475196850393699
0
LINE
8
BLACK
6
CONTINUOUS
10
5.6609215748031492
20
-3.4785807086614171
11
5.661560748031496
21
-3.4792198818897635
0
LINE
8
BLACK
6
CONTINUOUS
10
5.661560748031496
20
-3.4792198818897635
11
5.6616506692913386
21
-3.4796718897637793
0
LINE
8
BLACK
6
CONTINUOUS
10
5.6616506692913386
20
-3.4796718897637793
11
5.6616506692913386
21
-3.4894206692913383
0
LINE
8
BLACK
6
CONTINUOUS
10
5.6616506692913386
20
-3.4894206692913383
11
5.661560748031496
21
-3.4898726771653541
0
LINE
8
BLACK
6
CONTINUOUS
10
5.661560748031496
20
-3.4898726771653541
11
5.6609215748031492
21
-3.4905118503937005
0
LINE
8
BLACK
6
CONTINUOUS
10
5.6609215748031492
20
-3.4905118503937005
11
5.6600175590551176
21
-3.4905118503937005
0
LINE
8
BLACK
6
CONTINUOUS
10
5.6600175590551176
20
-3.4905118503937005
11
5.6593783858267717
21
-3.4898726771653541
0
LINE
8
BLACK
6
CONTINUOUS
10
5.6593783858267717
20
-3.4898726771653541
11
5.659288464566929
21
-3.4894206692913383
0
LINE
8
BLACK
6
CONTINUOUS
10
5.659288464566929
20
-3.4894206692913383
11
5.659288464566929
21
-3.482523307086614
0
LINE
8
BLACK
6
CONTINUOUS
10
5.659288464566929
20
-3.482523307086614
11
5.6523058661417318
21
-3.4895059448818895
0
LINE
8
BLACK
6
CONTINUOUS
10
5.6523058661417318
20
-3.4895059448818895
11
5.652256653543307
21
-3.489538779527559
0
LINE
8
BLACK
6
CONTINUOUS
10
5.652256653543307
20
-3.489538779527559
11
5.6522445669291335
21
-3.4895630314960631
0
LINE
8
BLACK
6
CONTINUOUS
10
5.6522445669291335
20
-3.4895630314960631
11
5.6520799212598423
21
-3.4896568897637796
0
LINE
8
BLACK
6
CONTINUOUS
10
5.6520799212598423
20
-3.4896568897637796
11
5.6519226771653539
21
-3.4897619685039367
0
LINE
8
BLACK
6
CONTINUOUS
10
5.6519226771653539
20
-3.4897619685039367
11
5.6518956692913385
21
-3.4897619685039367
0
LINE
8
BLACK
6
CONTINUOUS
10
5.6518956692913385
20
-3.4897619685039367
11
5.6518442125984247
21
-3.4897912992125986
0
LINE
8
BLACK
6
CONTINUOUS
10
5.6518442125984247
20
-3.4897912992125986
11
5.6495944881889759
21
-3.4905411811023623
0
LINE
8
BLACK
6
CONTINUOUS
10
5.6495944881889759
20
-3.4905411811023623
11
5.6494065748031499
21
-3.4905648425196851
0
LINE
8
BLACK
6
CONTINUOUS
10
5.6494065748031499
20
-3.4905648425196851
11
5.6492209842519685
21
-3.4906017716535431
0
LINE
8
BLACK
6
CONTINUOUS
10
5.6492209842519685
20
-3.4906017716535431
11
5.6477211811023622
21
-3.4906017716535431
0
LINE
8
BLACK
6
CONTINUOUS
10
5.6477211811023622
20
-3.4906017716535431
11
5.6476631102362207
21
-3.4905901968503934
0
LINE
8
BLACK
6
CONTINUOUS
10
5.6476631102362207
20
-3.4905901968503934
11
5.6476374803149607
21
-3.4905987795275588
0
LINE
8
BLACK
6
CONTINUOUS
10
5.6476374803149607
20
-3.4905987795275588
11
5.6474549606299211
21
-3.4905487795275589
0
LINE
8
BLACK
6
CONTINUOUS
10
5.6474549606299211
20
-3.4905487795275589
11
5.647269173228346
21
-3.4905118503937005
0
LINE
8
BLACK
6
CONTINUOUS
10
5.647269173228346
20
-3.4905118503937005
11
5.6472499999999997
21
-3.4904926771653542
0
LINE
8
BLACK
6
CONTINUOUS
10
5.6472499999999997
20
-3.4904926771653542
11
5.6471929921259845
21
-3.490477086614173
0
LINE
8
BLACK
6
CONTINUOUS
10
5.6471929921259845
20
-3.490477086614173
11
5.6456931496062994
21
-3.4897272047244092
0
LINE
8
BLACK
6
CONTINUOUS
10
5.6456931496062994
20
-3.4897272047244092
11
5.6455435039370077
21
-3.4896110629921258
0
LINE
8
BLACK
6
CONTINUOUS
10
5.6455435039370077
20
-3.4896110629921258
11
5.645386141732283
21
-3.4895059055118107
0
LINE
8
BLACK
6
CONTINUOUS
10
5.645386141732283
20
-3.4895059055118107
11
5.6446362598425193
21
-3.488756023622047
0
LINE
8
BLACK
6
CONTINUOUS
10
5.6446362598425193
20
-3.488756023622047
11
5.6445310629921259
21
-3.4885985433070865
0
LINE
8
BLACK
6
CONTINUOUS
10
5.6445310629921259
20
-3.4885985433070865
11
5.6444150393700783
21
-3.488449094488189
0
LINE
8
BLACK
6
CONTINUOUS
10
5.6444150393700783
20
-3.488449094488189
11
5.6436651181102357
21
-3.4869492913385827
0
LINE
8
BLACK
6
CONTINUOUS
10
5.6436651181102357
20
-3.4869492913385827
11
5.6436494881889763
21
-3.4868922047244095
0
LINE
8
BLACK
6
CONTINUOUS
10
5.6436494881889763
20
-3.4868922047244095
11
5.6436303543307087
21
-3.4868730708661415
0
LINE
8
BLACK
6
CONTINUOUS
10
5.6436303543307087
20
-3.4868730708661415
11
5.6435933858267715
21
-3.4866872834645668
0
LINE
8
BLACK
6
CONTINUOUS
10
5.6435933858267715
20
-3.4866872834645668
11
5.6435434251968504
21
-3.4865047637795277
0
LINE
8
BLACK
6
CONTINUOUS
10
5.6435434251968504
20
-3.4865047637795277
11
5.643551968503937
21
-3.4864790944881889
0
LINE
8
BLACK
6
CONTINUOUS
10
5.643551968503937
20
-3.4864790944881889
11
5.6435404330708661
21
-3.4864210629921257
0
LINE
8
BLACK
6
CONTINUOUS
10
5.6435404330708661
20
-3.4864210629921257
11
5.6435404330708661
21
-3.4826715354330706
0
LINE
8
BLACK
6
CONTINUOUS
10
5.6435404330708661
20
-3.4826715354330706
11
5.643551968503937
21
-3.4826134645669291
0
LINE
8
BLACK
6
CONTINUOUS
10
5.643551968503937
20
-3.4826134645669291
11
5.6435434251968504
21
-3.4825878346456691
0
LINE
8
BLACK
6
CONTINUOUS
10
5.6435434251968504
20
-3.4825878346456691
11
5.6435933858267715
21
-3.4824052755905512
0
LINE
8
BLACK
6
CONTINUOUS
10
5.6435933858267715
20
-3.4824052755905512
11
5.6436303543307087
21
-3.4822195275590548
0
LINE
8
BLACK
6
CONTINUOUS
10
5.6436303543307087
20
-3.4822195275590548
11
5.6436494881889763
21
-3.4822003543307085
0
LINE
8
BLACK
6
CONTINUOUS
10
5.6436494881889763
20
-3.4822003543307085
11
5.6436651181102357
21
-3.4821433070866141
0
LINE
8
BLACK
6
CONTINUOUS
10
5.6436651181102357
20
-3.4821433070866141
11
5.6444150393700783
21
-3.4806435039370078
0
LINE
8
BLACK
6
CONTINUOUS
10
5.6444150393700783
20
-3.4806435039370078
11
5.6445310629921259
21
-3.4804940157480315
0
LINE
8
BLACK
6
CONTINUOUS
10
5.6445310629921259
20
-3.4804940157480315
11
5.6446362598425193
21
-3.4803365748031494
0
LINE
8
BLACK
6
CONTINUOUS
10
5.6446362598425193
20
-3.4803365748031494
11
5.645386141732283
21
-3.4795866929133856
0
LINE
8
BLACK
6
CONTINUOUS
10
5.645386141732283
20
-3.4795866929133856
11
5.6457693307086609
21
-3.4793306299212596
0
LINE
8
BLACK
6
CONTINUOUS
10
5.6457693307086609
20
-3.4793306299212596
11
5.646673267716535
21
-3.4793305905511809
0
LINE
8
BLACK
6
CONTINUOUS
10
5.646673267716535
20
-3.4793305905511809
11
5.6473125196850393
21
-3.4799698425196848
0
LINE
8
BLACK
6
CONTINUOUS
10
5.6473125196850393
20
-3.4799698425196848
11
5.6473125590551181
21
-3.4808737401574801
0
LINE
8
BLACK
6
CONTINUOUS
10
5.6473125590551181
20
-3.4808737401574801
11
5.6470565354330704
21
-3.4812569685039367
0
LINE
8
BLACK
6
CONTINUOUS
10
5.6470565354330704
20
-3.4812569685039367
11
5.6464421259842519
21
-3.4818713779527557
0
LINE
8
BLACK
6
CONTINUOUS
10
5.6464421259842519
20
-3.4818713779527557
11
5.6459026377952757
21
-3.4829503937007873
0
LINE
8
BLACK
6
CONTINUOUS
10
5.6459026377952757
20
-3.4829503937007873
11
5.6459026377952757
21
-3.4861422047244095
0
LINE
8
BLACK
6
CONTINUOUS
10
5.6459026377952757
20
-3.4861422047244095
11
5.6464421259842519
21
-3.4872211811023623
0
LINE
8
BLACK
6
CONTINUOUS
10
5.6464421259842519
20
-3.4872211811023623
11
5.6469210236220473
21
-3.4877000787401573
0
LINE
8
BLACK
6
CONTINUOUS
10
5.6469210236220473
20
-3.4877000787401573
11
5.6479999999999997
21
-3.488239566929134
0
LINE
8
BLACK
6
CONTINUOUS
10
5.6479999999999997
20
-3.488239566929134
11
5.6490292519685035
21
-3.488239566929134
0
LINE
8
BLACK
6
CONTINUOUS
10
5.6490292519685035
20
-3.488239566929134
11
5.6508327165354331
21
-3.4876384251968502
0
LINE
8
BLACK
6
CONTINUOUS
10
5.6508327165354331
20
-3.4876384251968502
11
5.6596344094488185
21
-3.4788367322834644
0
LINE
8
BLACK
6
CONTINUOUS
10
5.6596344094488185
20
-3.4788367322834644
11
5.6600174409448814
21
-3.4785807874015746
0
LINE
8
BLACK
6
CONTINUOUS
10
5.6600174409448814
20
-3.4785807874015746
11
5.6600175590551176
21
-3.4785807086614171
0
LINE
8
BLACK
6
CONTINUOUS
10
5.6600175590551176
20
-3.4785807086614171
11
5.6600175984251964
21
-3.4785807086614171
0
LINE
8
BLACK
6
CONTINUOUS
10
5.6600175984251964
20
-3.4785807086614171
11
5.6609215354330704
21
-3.4785806692913384
0
LINE
8
BLACK
6
CONTINUOUS
10
5.6609215354330704
20
-3.4785806692913384
11
5.6609215748031492
21
-3.4785807086614171
0
LINE
8
BLACK
6
CONTINUOUS
10
5.6609215748031492
20
-3.4643325196850392
11
5.661560748031496
21
-3.4649716929133856
0
LINE
8
BLACK
6
CONTINUOUS
10
5.661560748031496
20
-3.4649716929133856
11
5.6616506692913386
21
-3.4654237007874014
0
LINE
8
BLACK
6
CONTINUOUS
10
5.6616506692913386
20
-3.4654237007874014
11
5.6616506692913386
21
-3.4691732283464565
0
LINE
8
BLACK
6
CONTINUOUS
10
5.6616506692913386
20
-3.4691732283464565
11
5.6616137007874014
21
-3.4693588582677166
0
LINE
8
BLACK
6
CONTINUOUS
10
5.6616137007874014
20
-3.4693588582677166
11
5.661590078740157
21
-3.4695466929133856
0
LINE
8
BLACK
6
CONTINUOUS
10
5.661590078740157
20
-3.4695466929133856
11
5.6608401968503932
21
-3.4717964566929131
0
LINE
8
BLACK
6
CONTINUOUS
10
5.6608401968503932
20
-3.4717964566929131
11
5.6608108661417322
21
-3.4718478740157481
0
LINE
8
BLACK
6
CONTINUOUS
10
5.6608108661417322
20
-3.4718478740157481
11
5.6608108661417322
21
-3.4718749212598423
0
LINE
8
BLACK
6
CONTINUOUS
10
5.6608108661417322
20
-3.4718749212598423
11
5.6607057086614168
21
-3.4720322834645669
0
LINE
8
BLACK
6
CONTINUOUS
10
5.6607057086614168
20
-3.4720322834645669
11
5.6606119291338581
21
-3.4721968110236219
0
LINE
8
BLACK
6
CONTINUOUS
10
5.6606119291338581
20
-3.4721968110236219
11
5.6605877165354332
21
-3.4722088976377954
0
LINE
8
BLACK
6
CONTINUOUS
10
5.6605877165354332
20
-3.4722088976377954
11
5.6605548425196845
21
-3.472258149606299
0
LINE
8
BLACK
6
CONTINUOUS
10
5.6605548425196845
20
-3.472258149606299
11
5.6590549999999995
21
-3.4737579133858265
0
LINE
8
BLACK
6
CONTINUOUS
10
5.6590549999999995
20
-3.4737579133858265
11
5.6588975196850395
21
-3.4738631102362203
0
LINE
8
BLACK
6
CONTINUOUS
10
5.6588975196850395
20
-3.4738631102362203
11
5.6587480314960628
21
-3.4739791732283463
0
LINE
8
BLACK
6
CONTINUOUS
10
5.6587480314960628
20
-3.4739791732283463
11
5.6572482283464565
21
-3.47472905511811
0
LINE
8
BLACK
6
CONTINUOUS
10
5.6572482283464565
20
-3.47472905511811
11
5.6571234251968505
21
-3.4747631889763779
0
LINE
8
BLACK
6
CONTINUOUS
10
5.6571234251968505
20
-3.4747631889763779
11
5.6570064960629924
21
-3.4748184645669289
0
LINE
8
BLACK
6
CONTINUOUS
10
5.6570064960629924
20
-3.4748184645669289
11
5.654006889763779
21
-3.4755683858267714
0
LINE
8
BLACK
6
CONTINUOUS
10
5.654006889763779
20
-3.4755683858267714
11
5.6538624015748029
21
-3.4755753937007872
0
LINE
8
BLACK
6
CONTINUOUS
10
5.6538624015748029
20
-3.4755753937007872
11
5.6537204330708661
21
-3.4756036614173227
0
LINE
8
BLACK
6
CONTINUOUS
10
5.6537204330708661
20
-3.4756036614173227
11
5.6514707086614173
21
-3.4756036614173227
0
LINE
8
BLACK
6
CONTINUOUS
10
5.6514707086614173
20
-3.4756036614173227
11
5.6513287007874018
21
-3.4755753937007872
0
LINE
8
BLACK
6
CONTINUOUS
10
5.6513287007874018
20
-3.4755753937007872
11
5.6511842519685036
21
-3.4755683858267714
0
LINE
8
BLACK
6
CONTINUOUS
10
5.6511842519685036
20
-3.4755683858267714
11
5.6481846062992123
21
-3.4748184645669289
0
LINE
8
BLACK
6
CONTINUOUS
10
5.6481846062992123
20
-3.4748184645669289
11
5.6480676377952754
21
-3.4747631889763779
0
LINE
8
BLACK
6
CONTINUOUS
10
5.6480676377952754
20
-3.4747631889763779
11
5.6479428740157482
21
-3.47472905511811
0
LINE
8
BLACK
6
CONTINUOUS
10
5.6479428740157482
20
-3.47472905511811
11
5.6464430708661419
21
-3.4739791732283463
0
LINE
8
BLACK
6
CONTINUOUS
10
5.6464430708661419
20
-3.4739791732283463
11
5.6462934251968502
21
-3.4738630314960628
0
LINE
8
BLACK
6
CONTINUOUS
10
5.6462934251968502
20
-3.4738630314960628
11
5.6461360629921256
21
-3.4737579133858265
0
LINE
8
BLACK
6
CONTINUOUS
10
5.6461360629921256
20
-3.4737579133858265
11
5.644636299212598
21
-3.4722581102362202
0
LINE
8
BLACK
6
CONTINUOUS
10
5.644636299212598
20
-3.4722581102362202
11
5.6446034251968502
21
-3.4722088976377954
0
LINE
8
BLACK
6
CONTINUOUS
10
5.6446034251968502
20
-3.4722088976377954
11
5.6445792125984253
21
-3.4721968110236219
0
LINE
8
BLACK
6
CONTINUOUS
10
5.6445792125984253
20
-3.4721968110236219
11
5.6444854330708658
21
-3.4720323228346457
0
LINE
8
BLACK
6
CONTINUOUS
10
5.6444854330708658
20
-3.4720323228346457
11
5.6443802755905512
21
-3.4718749212598423
0
LINE
8
BLACK
6
CONTINUOUS
10
5.6443802755905512
20
-3.4718749212598423
11
5.6443802755905512
21
-3.4718478346456694
0
LINE
8
BLACK
6
CONTINUOUS
10
5.6443802755905512
20
-3.4718478346456694
11
5.6443509842519681
21
-3.4717964566929131
0
LINE
8
BLACK
6
CONTINUOUS
10
5.6443509842519681
20
-3.4717964566929131
11
5.6436010629921256
21
-3.4695467322834643
0
LINE
8
BLACK
6
CONTINUOUS
10
5.6436010629921256
20
-3.4695467322834643
11
5.6435774015748033
21
-3.4693590944881887
0
LINE
8
BLACK
6
CONTINUOUS
10
5.6435774015748033
20
-3.4693590944881887
11
5.6435404330708661
21
-3.4691732283464565
0
LINE
8
BLACK
6
CONTINUOUS
10
5.6435404330708661
20
-3.4691732283464565
11
5.6435404330708661
21
-3.4654237007874014
0
LINE
8
BLACK
6
CONTINUOUS
10
5.6435404330708661
20
-3.4654237007874014
11
5.6436303543307087
21
-3.4649716929133856
0
LINE
8
BLACK
6
CONTINUOUS
10
5.6436303543307087
20
-3.4649716929133856
11
5.6442695275590546
21
-3.4643325196850392
0
LINE
8
BLACK
6
CONTINUOUS
10
5.6442695275590546
20
-3.4643325196850392
11
5.6447215354330709
21
-3.4642425984251966
0
LINE
8
BLACK
6
CONTINUOUS
10
5.6447215354330709
20
-3.4642425984251966
11
5.6604695669291338
21
-3.4642425984251966
0
LINE
8
BLACK
6
CONTINUOUS
10
5.6604695669291338
20
-3.4642425984251966
11
5.6609215748031492
21
-3.4643325196850392
0
LINE
8
BLACK
6
CONTINUOUS
10
5.6459026377952757
20
-3.4689815748031494
11
5.6465037401574802
21
-3.4707849212598423
0
LINE
8
BLACK
6
CONTINUOUS
10
5.6465037401574802
20
-3.4707849212598423
11
5.6476709055118111
21
-3.4719520472440943
0
LINE
8
BLACK
6
CONTINUOUS
10
5.6476709055118111
20
-3.4719520472440943
11
5.6488833070866145
21
-3.4725582283464567
0
LINE
8
BLACK
6
CONTINUOUS
10
5.6488833070866145
20
-3.4725582283464567
11
5.6516160629921259
21
-3.4732414566929135
0
LINE
8
BLACK
6
CONTINUOUS
10
5.6516160629921259
20
-3.4732414566929135
11
5.6535750787401575
21
-3.4732414566929135
0
LINE
8
BLACK
6
CONTINUOUS
10
5.6535750787401575
20
-3.4732414566929135
11
5.6563077559055115
21
-3.4725582677165354
0
LINE
8
BLACK
6
CONTINUOUS
10
5.6563077559055115
20
-3.4725582677165354
11
5.6575202362204724
21
-3.4719520078740156
0
LINE
8
BLACK
6
CONTINUOUS
10
5.6575202362204724
20
-3.4719520078740156
11
5.658687283464567
21
-3.470784960629921
0
LINE
8
BLACK
6
CONTINUOUS
10
5.658687283464567
20
-3.470784960629921
11
5.659288464566929
21
-3.4689814960629919
0
LINE
8
BLACK
6
CONTINUOUS
10
5.659288464566929
20
-3.4689814960629919
11
5.659288464566929
21
-3.4666048031496062
0
LINE
8
BLACK
6
CONTINUOUS
10
5.659288464566929
20
-3.4666048031496062
11
5.6459026377952757
21
-3.4666048031496062
0
LINE
8
BLACK
6
CONTINUOUS
10
5.6459026377952757
20
-3.4666048031496062
11
5.6459026377952757
21
-3.4689815748031494
0
LINE
8
BLACK
6
CONTINUOUS
10
5.6698084251968499
20
-3.4437325196850392
11
5.6708737795275592
21
-3.4447978740157481
0
LINE
8
BLACK
6
CONTINUOUS
10
5.6708737795275592
20
-3.4447978740157481
11
5.6710236220472439
21
-3.445551181102362
0
LINE
8
BLACK
6
CONTINUOUS
10
5.6710236220472439
20
-3.445551181102362
11
5.6710236220472439
21
-3.4967322834645667
0
LINE
8
BLACK
6
CONTINUOUS
10
5.6710236220472439
20
-3.4967322834645667
11
5.6708737795275592
21
-3.497485590551181
0
LINE
8
BLACK
6
CONTINUOUS
10
5.6708737795275592
20
-3.497485590551181
11
5.6704470472440942
21
-3.4981242125984253
0
LINE
8
BLACK
6
CONTINUOUS
10
5.6704470472440942
20
-3.4981242125984253
11
5.658636023622047
21
-3.5099352362204725
0
LINE
8
BLACK
6
CONTINUOUS
10
5.658636023622047
20
-3.5099352362204725
11
5.6579974015748027
21
-3.5103619685039371
0
LINE
8
BLACK
6
CONTINUOUS
10
5.6579974015748027
20
-3.5103619685039371
11
5.6572440944881892
21
-3.5105118110236218
0
LINE
8
BLACK
6
CONTINUOUS
10
5.6572440944881892
20
-3.5105118110236218
11
5.6375590551181105
21
-3.5105118110236218
0
LINE
8
BLACK
6
CONTINUOUS
10
5.6375590551181105
20
-3.5105118110236218
11
5.6368057480314961
21
-3.5103619685039371
0
LINE
8
BLACK
6
CONTINUOUS
10
5.6368057480314961
20
-3.5103619685039371
11
5.6357403937007868
21
-3.5092966141732282
0
LINE
8
BLACK
6
CONTINUOUS
10
5.6357403937007868
20
-3.5092966141732282
11
5.6355905511811022
21
-3.5085433070866139
0
LINE
8
BLACK
6
CONTINUOUS
10
5.6355905511811022
20
-3.5085433070866139
11
5.6355905511811022
21
-3.445551181102362
0
LINE
8
BLACK
6
CONTINUOUS
10
5.6355905511811022
20
-3.445551181102362
11
5.6357403937007868
21
-3.4447978740157481
0
LINE
8
BLACK
6
CONTINUOUS
10
5.6357403937007868
20
-3.4447978740157481
11
5.6368057480314961
21
-3.4437325196850392
0
LINE
8
BLACK
6
CONTINUOUS
10
5.6368057480314961
20
-3.4437325196850392
11
5.6375590551181105
21
-3.4435826771653542
0
LINE
8
BLACK
6
CONTINUOUS
10
5.6375590551181105
20
-3.4435826771653542
11
5.6690551181102364
21
-3.4435826771653542
0
LINE
8
BLACK
6
CONTINUOUS
10
5.6690551181102364
20
-3.4435826771653542
11
5.6698084251968499
21
-3.4437325196850392
0
LINE
8
BLACK
6
CONTINUOUS
10
5.6395275590551179
20
-3.4475196850393699
11
5.6395275590551179
21
-3.506574803149606
0
LINE
8
BLACK
6
CONTINUOUS
10
5.6395275590551179
20
-3.506574803149606
11
5.6564287401574802
21
-3.506574803149606
0
LINE
8
BLACK
6
CONTINUOUS
10
5.6564287401574802
20
-3.506574803149606
11
5.6670866141732281
21
-3.4959169291338581
0
LINE
8
BLACK
6
CONTINUOUS
10
5.6670866141732281
20
-3.4959169291338581
11
5.6670866141732281
21
-3.4475196850393699
0
LINE
8
BLACK
6
CONTINUOUS
10
5.6670866141732281
20
-3.4475196850393699
11
5.6395275590551179
21
-3.4475196850393699
0
LINE
8
BLACK
6
CONTINUOUS
10
5.4937372834645668
20
-3.4681519685039368
11
5.494801692913386
21
-3.4685928740157479
0
LINE
8
BLACK
6
CONTINUOUS
10
5.494801692913386
20
-3.4685928740157479
11
5.4956163385826766
21
-3.4694075196850394
0
LINE
8
BLACK
6
CONTINUOUS
10
5.4956163385826766
20
-3.4694075196850394
11
5.4960572440944881
21
-3.4704719291338582
0
LINE
8
BLACK
6
CONTINUOUS
10
5.4960572440944881
20
-3.4704719291338582
11
5.496113976377953
21
-3.471047992125984
0
LINE
8
BLACK
6
CONTINUOUS
10
5.496113976377953
20
-3.471047992125984
11
5.496113976377953
21
-3.4860461023622045
0
LINE
8
BLACK
6
CONTINUOUS
10
5.496113976377953
20
-3.4860461023622045
11
5.4960572440944881
21
-3.4866221653543308
0
LINE
8
BLACK
6
CONTINUOUS
10
5.4960572440944881
20
-3.4866221653543308
11
5.4956163385826766
21
-3.4876865748031496
0
LINE
8
BLACK
6
CONTINUOUS
10
5.4956163385826766
20
-3.4876865748031496
11
5.494801692913386
21
-3.488501220472441
0
LINE
8
BLACK
6
CONTINUOUS
10
5.494801692913386
20
-3.488501220472441
11
5.4937372834645668
21
-3.4889421259842517
0
LINE
8
BLACK
6
CONTINUOUS
10
5.4937372834645668
20
-3.4889421259842517
11
5.4925851574803151
21
-3.4889421259842517
0
LINE
8
BLACK
6
CONTINUOUS
10
5.4925851574803151
20
-3.4889421259842517
11
5.4915207480314958
21
-3.488501220472441
0
LINE
8
BLACK
6
CONTINUOUS
10
5.4915207480314958
20
-3.488501220472441
11
5.4907061023622044
21
-3.4876865748031496
0
LINE
8
BLACK
6
CONTINUOUS
10
5.4907061023622044
20
-3.4876865748031496
11
5.4902651968503937
21
-3.4866221653543308
0
LINE
8
BLACK
6
CONTINUOUS
10
5.4902651968503937
20
-3.4866221653543308
11
5.4902084645669289
21
-3.4860461023622045
0
LINE
8
BLACK
6
CONTINUOUS
10
5.4902084645669289
20
-3.4860461023622045
11
5.4902084645669289
21
-3.4740007480314961
0
LINE
8
BLACK
6
CONTINUOUS
10
5.4902084645669289
20
-3.4740007480314961
11
5.4796160236220475
21
-3.4740007480314961
0
LINE
8
BLACK
6
CONTINUOUS
10
5.4796160236220475
20
-3.4740007480314961
11
5.4796160236220475
21
-3.4815466535433068
0
LINE
8
BLACK
6
CONTINUOUS
10
5.4796160236220475
20
-3.4815466535433068
11
5.4795592913385827
21
-3.4821227165354331
0
LINE
8
BLACK
6
CONTINUOUS
10
5.4795592913385827
20
-3.4821227165354331
11
5.4791183858267711
21
-3.483187125984252
0
LINE
8
BLACK
6
CONTINUOUS
10
5.4791183858267711
20
-3.483187125984252
11
5.4783037401574806
21
-3.4840017716535434
0
LINE
8
BLACK
6
CONTINUOUS
10
5.4783037401574806
20
-3.4840017716535434
11
5.4772393307086613
21
-3.4844426771653541
0
LINE
8
BLACK
6
CONTINUOUS
10
5.4772393307086613
20
-3.4844426771653541
11
5.4760872047244096
21
-3.4844426771653541
0
LINE
8
BLACK
6
CONTINUOUS
10
5.4760872047244096
20
-3.4844426771653541
11
5.4750227952755903
21
-3.4840017716535434
0
LINE
8
BLACK
6
CONTINUOUS
10
5.4750227952755903
20
-3.4840017716535434
11
5.4742081496062989
21
-3.483187125984252
0
LINE
8
BLACK
6
CONTINUOUS
10
5.4742081496062989
20
-3.483187125984252
11
5.4737672440944882
21
-3.4821227165354331
0
LINE
8
BLACK
6
CONTINUOUS
10
5.4737672440944882
20
-3.4821227165354331
11
5.4737105118110234
21
-3.4815466535433068
0
LINE
8
BLACK
6
CONTINUOUS
10
5.4737105118110234
20
-3.4815466535433068
11
5.4737105118110234
21
-3.4740007480314961
0
LINE
8
BLACK
6
CONTINUOUS
10
5.4737105118110234
20
-3.4740007480314961
11
5.464617913385827
21
-3.4740007480314961
0
LINE
8
BLACK
6
CONTINUOUS
10
5.464617913385827
20
-3.4740007480314961
11
5.464617913385827
21
-3.4860461023622045
0
LINE
8
BLACK
6
CONTINUOUS
10
5.464617913385827
20
-3.4860461023622045
11
5.4645611811023622
21
-3.4866221653543308
0
LINE
8
BLACK
6
CONTINUOUS
10
5.4645611811023622
20
-3.4866221653543308
11
5.4641202755905507
21
-3.4876865748031496
0
LINE
8
BLACK
6
CONTINUOUS
10
5.4641202755905507
20
-3.4876865748031496
11
5.4633056299212601
21
-3.488501220472441
0
LINE
8
BLACK
6
CONTINUOUS
10
5.4633056299212601
20
-3.488501220472441
11
5.4622412204724409
21
-3.4889421259842517
0
LINE
8
BLACK
6
CONTINUOUS
10
5.4622412204724409
20
-3.4889421259842517
11
5.4610890944881891
21
-3.4889421259842517
0
LINE
8
BLACK
6
CONTINUOUS
10
5.4610890944881891
20
-3.4889421259842517
11
5.4600246850393699
21
-3.488501220472441
0
LINE
8
BLACK
6
CONTINUOUS
10
5.4600246850393699
20
-3.488501220472441
11
5.4592100393700784
21
-3.4876865748031496
0
LINE
8
BLACK
6
CONTINUOUS
10
5.4592100393700784
20
-3.4876865748031496
11
5.4587691338582678
21
-3.4866221653543308
0
LINE
8
BLACK
6
CONTINUOUS
10
5.4587691338582678
20
-3.4866221653543308
11
5.458712401574803
21
-3.4860461023622045
0
LINE
8
BLACK
6
CONTINUOUS
10
5.458712401574803
20
-3.4860461023622045
11
5.458712401574803
21
-3.471047992125984
0
LINE
8
BLACK
6
CONTINUOUS
10
5.458712401574803
20
-3.471047992125984
11
5.4587691338582678
21
-3.4704719291338582
0
LINE
8
BLACK
6
CONTINUOUS
10
5.4587691338582678
20
-3.4704719291338582
11
5.4592100393700784
21
-3.4694075196850394
0
LINE
8
BLACK
6
CONTINUOUS
10
5.4592100393700784
20
-3.4694075196850394
11
5.4600246850393699
21
-3.4685928740157479
0
LINE
8
BLACK
6
CONTINUOUS
10
5.4600246850393699
20
-3.4685928740157479
11
5.4610890944881891
21
-3.4681519685039368
0
LINE
8
BLACK
6
CONTINUOUS
10
5.4610890944881891
20
-3.4681519685039368
11
5.461665157480315
21
-3.4680952362204724
0
LINE
8
BLACK
6
CONTINUOUS
10
5.461665157480315
20
-3.4680952362204724
11
5.4931612204724409
21
-3.4680952362204724
0
LINE
8
BLACK
6
CONTINUOUS
10
5.4931612204724409
20
-3.4680952362204724
11
5.4937372834645668
21
-3.4681519685039368
0
LINE
8
BLACK
6
CONTINUOUS
10
5.611847519685039
20
-3.4674020472440943
11
5.6129119291338583
21
-3.4678429527559054
0
LINE
8
BLACK
6
CONTINUOUS
10
5.6129119291338583
20
-3.4678429527559054
11
5.6137265748031497
21
-3.4686575984251968
0
LINE
8
BLACK
6
CONTINUOUS
10
5.6137265748031497
20
-3.4686575984251968
11
5.6141674803149604
21
-3.4697220078740156
0
LINE
8
BLACK
6
CONTINUOUS
10
5.6141674803149604
20
-3.4697220078740156
11
5.6142242125984252
21
-3.4702980708661415
0
LINE
8
BLACK
6
CONTINUOUS
10
5.6142242125984252
20
-3.4702980708661415
11
5.6142242125984252
21
-3.4852961811023619
0
LINE
8
BLACK
6
CONTINUOUS
10
5.6142242125984252
20
-3.4852961811023619
11
5.6141674803149604
21
-3.4858722440944883
0
LINE
8
BLACK
6
CONTINUOUS
10
5.6141674803149604
20
-3.4858722440944883
11
5.6137265748031497
21
-3.4869366535433071
0
LINE
8
BLACK
6
CONTINUOUS
10
5.6137265748031497
20
-3.4869366535433071
11
5.6129119291338583
21
-3.4877512992125985
0
LINE
8
BLACK
6
CONTINUOUS
10
5.6129119291338583
20
-3.4877512992125985
11
5.611847519685039
21
-3.4881922047244092
0
LINE
8
BLACK
6
CONTINUOUS
10
5.611847519685039
20
-3.4881922047244092
11
5.6106953937007873
21
-3.4881922047244092
0
LINE
8
BLACK
6
CONTINUOUS
10
5.6106953937007873
20
-3.4881922047244092
11
5.609630984251968
21
-3.4877512992125985
0
LINE
8
BLACK
6
CONTINUOUS
10
5.609630984251968
20
-3.4877512992125985
11
5.6088163385826775
21
-3.4869366535433071
0
LINE
8
BLACK
6
CONTINUOUS
10
5.6088163385826775
20
-3.4869366535433071
11
5.6083754330708659
21
-3.4858722440944883
0
LINE
8
BLACK
6
CONTINUOUS
10
5.6083754330708659
20
-3.4858722440944883
11
5.6083187007874011
21
-3.4852961811023619
0
LINE
8
BLACK
6
CONTINUOUS
10
5.6083187007874011
20
-3.4852961811023619
11
5.6083187007874011
21
-3.4732508267716535
0
LINE
8
BLACK
6
CONTINUOUS
10
5.6083187007874011
20
-3.4732508267716535
11
5.5977262598425197
21
-3.4732508267716535
0
LINE
8
BLACK
6
CONTINUOUS
10
5.5977262598425197
20
-3.4732508267716535
11
5.5977262598425197
21
-3.4807967322834643
0
LINE
8
BLACK
6
CONTINUOUS
10
5.5977262598425197
20
-3.4807967322834643
11
5.5976695275590549
21
-3.4813727952755906
0
LINE
8
BLACK
6
CONTINUOUS
10
5.5976695275590549
20
-3.4813727952755906
11
5.5972286220472443
21
-3.4824372047244094
0
LINE
8
BLACK
6
CONTINUOUS
10
5.5972286220472443
20
-3.4824372047244094
11
5.5964139763779528
21
-3.4832518503937009
0
LINE
8
BLACK
6
CONTINUOUS
10
5.5964139763779528
20
-3.4832518503937009
11
5.5953495669291335
21
-3.4836927559055115
0
LINE
8
BLACK
6
CONTINUOUS
10
5.5953495669291335
20
-3.4836927559055115
11
5.5941974409448818
21
-3.4836927559055115
0
LINE
8
BLACK
6
CONTINUOUS
10
5.5941974409448818
20
-3.4836927559055115
11
5.5931330314960626
21
-3.4832518503937009
0
LINE
8
BLACK
6
CONTINUOUS
10
5.5931330314960626
20
-3.4832518503937009
11
5.5923183858267711
21
-3.4824372047244094
0
LINE
8
BLACK
6
CONTINUOUS
10
5.5923183858267711
20
-3.4824372047244094
11
5.5918774803149605
21
-3.4813727952755906
0
LINE
8
BLACK
6
CONTINUOUS
10
5.5918774803149605
20
-3.4813727952755906
11
5.5918207480314956
21
-3.4807967322834643
0
LINE
8
BLACK
6
CONTINUOUS
10
5.5918207480314956
20
-3.4807967322834643
11
5.5918207480314956
21
-3.4732508267716535
0
LINE
8
BLACK
6
CONTINUOUS
10
5.5918207480314956
20
-3.4732508267716535
11
5.5827281496062993
21
-3.4732508267716535
0
LINE
8
BLACK
6
CONTINUOUS
10
5.5827281496062993
20
-3.4732508267716535
11
5.5827281496062993
21
-3.4852961811023619
0
LINE
8
BLACK
6
CONTINUOUS
10
5.5827281496062993
20
-3.4852961811023619
11
5.5826714173228345
21
-3.4858722440944883
0
LINE
8
BLACK
6
CONTINUOUS
10
5.5826714173228345
20
-3.4858722440944883
11
5.5822305118110238
21
-3.4869366535433071
0
LINE
8
BLACK
6
CONTINUOUS
10
5.5822305118110238
20
-3.4869366535433071
11
5.5814158661417324
21
-3.4877512992125985
0
LINE
8
BLACK
6
CONTINUOUS
10
5.5814158661417324
20
-3.4877512992125985
11
5.5803514566929131
21
-3.4881922047244092
0
LINE
8
BLACK
6
CONTINUOUS
10
5.5803514566929131
20
-3.4881922047244092
11
5.5791993307086614
21
-3.4881922047244092
0
LINE
8
BLACK
6
CONTINUOUS
10
5.5791993307086614
20
-3.4881922047244092
11
5.5781349212598421
21
-3.4877512992125985
0
LINE
8
BLACK
6
CONTINUOUS
10
5.5781349212598421
20
-3.4877512992125985
11
5.5773202755905507
21
-3.4869366535433071
0
LINE
8
BLACK
6
CONTINUOUS
10
5.5773202755905507
20
-3.4869366535433071
11
5.57687937007874
21
-3.4858722440944883
0
LINE
8
BLACK
6
CONTINUOUS
10
5.57687937007874
20
-3.4858722440944883
11
5.5768226377952752
21
-3.4852961811023619
0
LINE
8
BLACK
6
CONTINUOUS
10
5.5768226377952752
20
-3.4852961811023619
11
5.5768226377952752
21
-3.4702980708661415
0
LINE
8
BLACK
6
CONTINUOUS
10
5.5768226377952752
20
-3.4702980708661415
11
5.57687937007874
21
-3.4697220078740156
0
LINE
8
BLACK
6
CONTINUOUS
10
5.57687937007874
20
-3.4697220078740156
11
5.5773202755905507
21
-3.4686575984251968
0
LINE
8
BLACK
6
CONTINUOUS
10
5.5773202755905507
20
-3.4686575984251968
11
5.5781349212598421
21
-3.4678429527559054
0
LINE
8
BLACK
6
CONTINUOUS
10
5.5781349212598421
20
-3.4678429527559054
11
5.5791993307086614
21
-3.4674020472440943
0
LINE
8
BLACK
6
CONTINUOUS
10
5.5791993307086614
20
-3.4674020472440943
11
5.5797753937007872
21
-3.4673453149606299
0
LINE
8
BLACK
6
CONTINUOUS
10
5.5797753937007872
20
-3.4673453149606299
11
5.6112714566929132
21
-3.4673453149606299
0
LINE
8
BLACK
6
CONTINUOUS
10
5.6112714566929132
20
-3.4673453149606299
11
5.611847519685039
21
-3.4674020472440943
0
LINE
8
BLACK
6
CONTINUOUS
10
5.4937372834645668
20
-3.4366559055118109
11
5.494801692913386
21
-3.437096811023622
0
LINE
8
BLACK
6
CONTINUOUS
10
5.494801692913386
20
-3.437096811023622
11
5.4956163385826766
21
-3.4379114566929134
0
LINE
8
BLACK
6
CONTINUOUS
10
5.4956163385826766
20
-3.4379114566929134
11
5.4960572440944881
21
-3.4389758661417322
0
LINE
8
BLACK
6
CONTINUOUS
10
5.4960572440944881
20
-3.4389758661417322
11
5.4960572440944881
21
-3.440127992125984
0
LINE
8
BLACK
6
CONTINUOUS
10
5.4960572440944881
20
-3.440127992125984
11
5.4956163385826766
21
-3.4411924015748032
0
LINE
8
BLACK
6
CONTINUOUS
10
5.4956163385826766
20
-3.4411924015748032
11
5.494801692913386
21
-3.4420070472440942
0
LINE
8
BLACK
6
CONTINUOUS
10
5.494801692913386
20
-3.4420070472440942
11
5.4937372834645668
21
-3.4424479527559053
0
LINE
8
BLACK
6
CONTINUOUS
10
5.4937372834645668
20
-3.4424479527559053
11
5.4931612204724409
21
-3.4425046850393701
0
LINE
8
BLACK
6
CONTINUOUS
10
5.4931612204724409
20
-3.4425046850393701
11
5.4811158267716538
21
-3.4425046850393701
0
LINE
8
BLACK
6
CONTINUOUS
10
5.4811158267716538
20
-3.4425046850393701
11
5.4811158267716538
21
-3.4455135826771652
0
LINE
8
BLACK
6
CONTINUOUS
10
5.4811158267716538
20
-3.4455135826771652
11
5.4948544881889765
21
-3.4551306692913384
0
LINE
8
BLACK
6
CONTINUOUS
10
5.4948544881889765
20
-3.4551306692913384
11
5.4952938976377954
21
-3.4555075196850393
0
LINE
8
BLACK
6
CONTINUOUS
10
5.4952938976377954
20
-3.4555075196850393
11
5.4959130708661412
21
-3.4564791338582674
0
LINE
8
BLACK
6
CONTINUOUS
10
5.4959130708661412
20
-3.4564791338582674
11
5.4961132677165354
21
-3.457613661417323
0
LINE
8
BLACK
6
CONTINUOUS
10
5.4961132677165354
20
-3.457613661417323
11
5.4958640944881889
21
-3.458738503937008
0
LINE
8
BLACK
6
CONTINUOUS
10
5.4958640944881889
20
-3.458738503937008
11
5.4952033858267715
21
-3.4596823622047244
0
LINE
8
BLACK
6
CONTINUOUS
10
5.4952033858267715
20
-3.4596823622047244
11
5.4942317716535429
21
-3.4603015354330706
0
LINE
8
BLACK
6
CONTINUOUS
10
5.4942317716535429
20
-3.4603015354330706
11
5.4930972047244095
21
-3.4605017322834644
0
LINE
8
BLACK
6
CONTINUOUS
10
5.4930972047244095
20
-3.4605017322834644
11
5.4919723622047245
21
-3.4602525590551179
0
LINE
8
BLACK
6
CONTINUOUS
10
5.4919723622047245
20
-3.4602525590551179
11
5.4914679133858266
21
-3.4599686614173226
0
LINE
8
BLACK
6
CONTINUOUS
10
5.4914679133858266
20
-3.4599686614173226
11
5.4809148425196845
21
-3.4525814960629919
0
LINE
8
BLACK
6
CONTINUOUS
10
5.4809148425196845
20
-3.4525814960629919
11
5.4808040944881888
21
-3.4528709448818895
0
LINE
8
BLACK
6
CONTINUOUS
10
5.4808040944881888
20
-3.4528709448818895
11
5.4793042913385825
21
-3.4558705511811021
0
LINE
8
BLACK
6
CONTINUOUS
10
5.4793042913385825
20
-3.4558705511811021
11
5.479148188976378
21
-3.4561185433070865
0
LINE
8
BLACK
6
CONTINUOUS
10
5.479148188976378
20
-3.4561185433070865
11
5.4791183858267711
21
-3.4561905118110237
0
LINE
8
BLACK
6
CONTINUOUS
10
5.4791183858267711
20
-3.4561905118110237
11
5.4790518897637792
21
-3.4562714566929134
0
LINE
8
BLACK
6
CONTINUOUS
10
5.4790518897637792
20
-3.4562714566929134
11
5.4789959448818895
21
-3.4563604330708659
0
LINE
8
BLACK
6
CONTINUOUS
10
5.4789959448818895
20
-3.4563604330708659
11
5.4789369291338579
21
-3.4564115748031496
0
LINE
8
BLACK
6
CONTINUOUS
10
5.4789369291338579
20
-3.4564115748031496
11
5.4787511811023624
21
-3.4566379527559055
0
LINE
8
BLACK
6
CONTINUOUS
10
5.4787511811023624
20
-3.4566379527559055
11
5.4772513779527561
21
-3.4581377559055118
0
LINE
8
BLACK
6
CONTINUOUS
10
5.4772513779527561
20
-3.4581377559055118
11
5.477024881889764
21
-3.4583235826771652
0
LINE
8
BLACK
6
CONTINUOUS
10
5.477024881889764
20
-3.4583235826771652
11
5.4769738582677165
21
-3.4583824803149605
0
LINE
8
BLACK
6
CONTINUOUS
10
5.4769738582677165
20
-3.4583824803149605
11
5.4768850787401577
21
-3.4584383464566928
0
LINE
8
BLACK
6
CONTINUOUS
10
5.4768850787401577
20
-3.4584383464566928
11
5.4768039370078743
21
-3.458504960629921
0
LINE
8
BLACK
6
CONTINUOUS
10
5.4768039370078743
20
-3.458504960629921
11
5.4767318503937004
21
-3.4585348031496062
0
LINE
8
BLACK
6
CONTINUOUS
10
5.4767318503937004
20
-3.4585348031496062
11
5.4764839763779527
21
-3.4586908661417324
0
LINE
8
BLACK
6
CONTINUOUS
10
5.4764839763779527
20
-3.4586908661417324
11
5.4734843307086614
21
-3.4601907086614174
0
LINE
8
BLACK
6
CONTINUOUS
10
5.4734843307086614
20
-3.4601907086614174
11
5.4729437401574801
21
-3.4603975984251969
0
LINE
8
BLACK
6
CONTINUOUS
10
5.4729437401574801
20
-3.4603975984251969
11
5.4728378346456692
21
-3.460405118110236
0
LINE
8
BLACK
6
CONTINUOUS
10
5.4728378346456692
20
-3.460405118110236
11
5.4727398818897637
21
-3.4604457086614171
0
LINE
8
BLACK
6
CONTINUOUS
10
5.4727398818897637
20
-3.4604457086614171
11
5.4721638188976378
21
-3.4605024409448819
0
LINE
8
BLACK
6
CONTINUOUS
10
5.4721638188976378
20
-3.4605024409448819
11
5.4676644094488189
21
-3.4605024409448819
0
LINE
8
BLACK
6
CONTINUOUS
10
5.4676644094488189
20
-3.4605024409448819
11
5.4670883464566931
21
-3.4604457086614171
0
LINE
8
BLACK
6
CONTINUOUS
10
5.4670883464566931
20
-3.4604457086614171
11
5.4669903543307088
21
-3.460405118110236
0
LINE
8
BLACK
6
CONTINUOUS
10
5.4669903543307088
20
-3.460405118110236
11
5.4668844881889767
21
-3.4603975984251969
0
LINE
8
BLACK
6
CONTINUOUS
10
5.4668844881889767
20
-3.4603975984251969
11
5.4663438582677166
21
-3.4601907086614174
0
LINE
8
BLACK
6
CONTINUOUS
10
5.4663438582677166
20
-3.4601907086614174
11
5.463344251968504
21
-3.4586908661417324
0
LINE
8
BLACK
6
CONTINUOUS
10
5.463344251968504
20
-3.4586908661417324
11
5.4630963385826767
21
-3.4585348031496062
0
LINE
8
BLACK
6
CONTINUOUS
10
5.4630963385826767
20
-3.4585348031496062
11
5.4630242913385825
21
-3.458504960629921
0
LINE
8
BLACK
6
CONTINUOUS
10
5.4630242913385825
20
-3.458504960629921
11
5.4629431102362203
21
-3.4584383464566928
0
LINE
8
BLACK
6
CONTINUOUS
10
5.4629431102362203
20
-3.4584383464566928
11
5.4628543700787402
21
-3.4583824803149605
0
LINE
8
BLACK
6
CONTINUOUS
10
5.4628543700787402
20
-3.4583824803149605
11
5.462803307086614
21
-3.4583235826771652
0
LINE
8
BLACK
6
CONTINUOUS
10
5.462803307086614
20
-3.4583235826771652
11
5.4625768503937007
21
-3.4581377559055118
0
LINE
8
BLACK
6
CONTINUOUS
10
5.4625768503937007
20
-3.4581377559055118
11
5.4610770472440944
21
-3.4566379527559055
0
LINE
8
BLACK
6
CONTINUOUS
10
5.4610770472440944
20
-3.4566379527559055
11
5.4608912598425192
21
-3.4564115748031496
0
LINE
8
BLACK
6
CONTINUOUS
10
5.4608912598425192
20
-3.4564115748031496
11
5.4608322834645664
21
-3.4563604330708659
0
LINE
8
BLACK
6
CONTINUOUS
10
5.4608322834645664
20
-3.4563604330708659
11
5.4607762992125979
21
-3.4562714566929134
0
LINE
8
BLACK
6
CONTINUOUS
10
5.4607762992125979
20
-3.4562714566929134
11
5.4607098425196847
21
-3.4561905118110237
0
LINE
8
BLACK
6
CONTINUOUS
10
5.4607098425196847
20
-3.4561905118110237
11
5.46068
21
-3.4561185433070865
0
LINE
8
BLACK
6
CONTINUOUS
10
5.46068
20
-3.4561185433070865
11
5.4605239370078742
21
-3.4558705511811021
0
LINE
8
BLACK
6
CONTINUOUS
10
5.4605239370078742
20
-3.4558705511811021
11
5.4590241338582679
21
-3.4528709448818895
0
LINE
8
BLACK
6
CONTINUOUS
10
5.4590241338582679
20
-3.4528709448818895
11
5.4588172440944884
21
-3.4523303149606299
0
LINE
8
BLACK
6
CONTINUOUS
10
5.4588172440944884
20
-3.4523303149606299
11
5.4588097244094484
21
-3.4522244881889761
0
LINE
8
BLACK
6
CONTINUOUS
10
5.4588097244094484
20
-3.4522244881889761
11
5.4587691338582678
21
-3.4521264960629923
0
LINE
8
BLACK
6
CONTINUOUS
10
5.4587691338582678
20
-3.4521264960629923
11
5.458712401574803
21
-3.451550433070866
0
LINE
8
BLACK
6
CONTINUOUS
10
5.458712401574803
20
-3.451550433070866
11
5.458712401574803
21
-3.4395519291338581
0
LINE
8
BLACK
6
CONTINUOUS
10
5.458712401574803
20
-3.4395519291338581
11
5.4587691338582678
21
-3.4389758661417322
0
LINE
8
BLACK
6
CONTINUOUS
10
5.4587691338582678
20
-3.4389758661417322
11
5.4592100393700784
21
-3.4379114566929134
0
LINE
8
BLACK
6
CONTINUOUS
10
5.4592100393700784
20
-3.4379114566929134
11
5.4600246850393699
21
-3.437096811023622
0
LINE
8
BLACK
6
CONTINUOUS
10
5.4600246850393699
20
-3.437096811023622
11
5.4610890944881891
21
-3.4366559055118109
0
LINE
8
BLACK
6
CONTINUOUS
10
5.4610890944881891
20
-3.4366559055118109
11
5.461665157480315
21
-3.4365991732283465
0
LINE
8
BLACK
6
CONTINUOUS
10
5.461665157480315
20
-3.4365991732283465
11
5.4931612204724409
21
-3.4365991732283465
0
LINE
8
BLACK
6
CONTINUOUS
10
5.4931612204724409
20
-3.4365991732283465
11
5.4937372834645668
21
-3.4366559055118109
0
LINE
8
BLACK
6
CONTINUOUS
10
5.464617913385827
20
-3.4508533858267714
11
5.4655916929133861
21
-3.4528009448818895
0
LINE
8
BLACK
6
CONTINUOUS
10
5.4655916929133861
20
-3.4528009448818895
11
5.4664138582677166
21
-3.4536231102362205
0
LINE
8
BLACK
6
CONTINUOUS
10
5.4664138582677166
20
-3.4536231102362205
11
5.4683614566929135
21
-3.4545969291338583
0
LINE
8
BLACK
6
CONTINUOUS
10
5.4683614566929135
20
-3.4545969291338583
11
5.4714667716535432
21
-3.4545969291338583
0
LINE
8
BLACK
6
CONTINUOUS
10
5.4714667716535432
20
-3.4545969291338583
11
5.4734143700787401
21
-3.4536230708661417
0
LINE
8
BLACK
6
CONTINUOUS
10
5.4734143700787401
20
-3.4536230708661417
11
5.4742365354330706
21
-3.4528009448818895
0
LINE
8
BLACK
6
CONTINUOUS
10
5.4742365354330706
20
-3.4528009448818895
11
5.4752103149606297
21
-3.4508533858267714
0
LINE
8
BLACK
6
CONTINUOUS
10
5.4752103149606297
20
-3.4508533858267714
11
5.4752103149606297
21
-3.4425046850393701
0
LINE
8
BLACK
6
CONTINUOUS
10
5.4752103149606297
20
-3.4425046850393701
11
5.464617913385827
21
-3.4425046850393701
0
LINE
8
BLACK
6
CONTINUOUS
10
5.464617913385827
20
-3.4425046850393701
11
5.464617913385827
21
-3.4508533858267714
0
LINE
8
BLACK
6
CONTINUOUS
10
5.611847519685039
20
-3.4359059842519684
11
5.6129119291338583
21
-3.4363468897637794
0
LINE
8
BLACK
6
CONTINUOUS
10
5.6129119291338583
20
-3.4363468897637794
11
5.6137265748031497
21
-3.4371615354330709
0
LINE
8
BLACK
6
CONTINUOUS
10
5.6137265748031497
20
-3.4371615354330709
11
5.6141674803149604
21
-3.4382259448818897
0
LINE
8
BLACK
6
CONTINUOUS
10
5.6141674803149604
20
-3.4382259448818897
11
5.6141674803149604
21
-3.4393780708661414
0
LINE
8
BLACK
6
CONTINUOUS
10
5.6141674803149604
20
-3.4393780708661414
11
5.6137265748031497
21
-3.4404424803149607
0
LINE
8
BLACK
6
CONTINUOUS
10
5.6137265748031497
20
-3.4404424803149607
11
5.6129119291338583
21
-3.4412571259842517
0
LINE
8
BLACK
6
CONTINUOUS
10
5.6129119291338583
20
-3.4412571259842517
11
5.611847519685039
21
-3.4416980314960628
0
LINE
8
BLACK
6
CONTINUOUS
10
5.611847519685039
20
-3.4416980314960628
11
5.6112714566929132
21
-3.4417547637795276
0
LINE
8
BLACK
6
CONTINUOUS
10
5.6112714566929132
20
-3.4417547637795276
11
5.599226062992126
21
-3.4417547637795276
0
LINE
8
BLACK
6
CONTINUOUS
10
5.599226062992126
20
-3.4417547637795276
11
5.599226062992126
21
-3.4447636614173227
0
LINE
8
BLACK
6
CONTINUOUS
10
5.599226062992126
20
-3.4447636614173227
11
5.6129647244094487
21
-3.4543807480314959
0
LINE
8
BLACK
6
CONTINUOUS
10
5.6129647244094487
20
-3.4543807480314959
11
5.6134041338582676
21
-3.4547575984251968
0
LINE
8
BLACK
6
CONTINUOUS
10
5.6134041338582676
20
-3.4547575984251968
11
5.6140233070866143
21
-3.4557292125984249
0
LINE
8
BLACK
6
CONTINUOUS
10
5.6140233070866143
20
-3.4557292125984249
11
5.6142235039370076
21
-3.4568637401574804
0
LINE
8
BLACK
6
CONTINUOUS
10
5.6142235039370076
20
-3.4568637401574804
11
5.6139743307086611
21
-3.4579885826771655
0
LINE
8
BLACK
6
CONTINUOUS
10
5.6139743307086611
20
-3.4579885826771655
11
5.6133136220472437
21
-3.4589324409448818
0
LINE
8
BLACK
6
CONTINUOUS
10
5.6133136220472437
20
-3.4589324409448818
11
5.612342007874016
21
-3.4595516141732281
0
LINE
8
BLACK
6
CONTINUOUS
10
5.612342007874016
20
-3.4595516141732281
11
5.6112074409448818
21
-3.4597518110236218
0
LINE
8
BLACK
6
CONTINUOUS
10
5.6112074409448818
20
-3.4597518110236218
11
5.6100825984251967
21
-3.4595026377952753
0
LINE
8
BLACK
6
CONTINUOUS
10
5.6100825984251967
20
-3.4595026377952753
11
5.6095781496062989
21
-3.4592187401574801
0
LINE
8
BLACK
6
CONTINUOUS
10
5.6095781496062989
20
-3.4592187401574801
11
5.5990250787401576
21
-3.4518315748031494
0
LINE
8
BLACK
6
CONTINUOUS
10
5.5990250787401576
20
-3.4518315748031494
11
5.5989143307086611
21
-3.452121023622047
0
LINE
8
BLACK
6
CONTINUOUS
10
5.5989143307086611
20
-3.452121023622047
11
5.5974145275590548
21
-3.4551206299212596
0
LINE
8
BLACK
6
CONTINUOUS
10
5.5974145275590548
20
-3.4551206299212596
11
5.5972584251968502
21
-3.4553686220472439
0
LINE
8
BLACK
6
CONTINUOUS
10
5.5972584251968502
20
-3.4553686220472439
11
5.5972286220472443
21
-3.4554405905511811
0
LINE
8
BLACK
6
CONTINUOUS
10
5.5972286220472443
20
-3.4554405905511811
11
5.5971621259842514
21
-3.4555215354330708
0
LINE
8
BLACK
6
CONTINUOUS
10
5.5971621259842514
20
-3.4555215354330708
11
5.5971061811023617
21
-3.4556105118110234
0
LINE
8
BLACK
6
CONTINUOUS
10
5.5971061811023617
20
-3.4556105118110234
11
5.597047165354331
21
-3.4556616535433071
0
LINE
8
BLACK
6
CONTINUOUS
10
5.597047165354331
20
-3.4556616535433071
11
5.5968614173228346
21
-3.4558880314960629
0
LINE
8
BLACK
6
CONTINUOUS
10
5.5968614173228346
20
-3.4558880314960629
11
5.5953616141732283
21
-3.4573878346456692
0
LINE
8
BLACK
6
CONTINUOUS
10
5.5953616141732283
20
-3.4573878346456692
11
5.5951351181102362
21
-3.4575736614173227
0
LINE
8
BLACK
6
CONTINUOUS
10
5.5951351181102362
20
-3.4575736614173227
11
5.5950840944881888
21
-3.457632559055118
0
LINE
8
BLACK
6
CONTINUOUS
10
5.5950840944881888
20
-3.457632559055118
11
5.59499531496063
21
-3.4576884251968503
0
LINE
8
BLACK
6
CONTINUOUS
10
5.59499531496063
20
-3.4576884251968503
11
5.5949141732283465
21
-3.4577550393700784
0
LINE
8
BLACK
6
CONTINUOUS
10
5.5949141732283465
20
-3.4577550393700784
11
5.5948420866141735
21
-3.4577848818897636
0
LINE
8
BLACK
6
CONTINUOUS
10
5.5948420866141735
20
-3.4577848818897636
11
5.5945942125984249
21
-3.4579409448818899
0
LINE
8
BLACK
6
CONTINUOUS
10
5.5945942125984249
20
-3.4579409448818899
11
5.5915945669291336
21
-3.4594407874015749
0
LINE
8
BLACK
6
CONTINUOUS
10
5.5915945669291336
20
-3.4594407874015749
11
5.5910539763779523
21
-3.4596476771653544
0
LINE
8
BLACK
6
CONTINUOUS
10
5.5910539763779523
20
-3.4596476771653544
11
5.5909480708661414
21
-3.4596551968503935
0
LINE
8
BLACK
6
CONTINUOUS
10
5.5909480708661414
20
-3.4596551968503935
11
5.5908501181102359
21
-3.4596957874015746
0
LINE
8
BLACK
6
CONTINUOUS
10
5.5908501181102359
20
-3.4596957874015746
11
5.59027405511811
21
-3.4597525196850394
0
LINE
8
BLACK
6
CONTINUOUS
10
5.59027405511811
20
-3.4597525196850394
11
5.5857746456692912
21
-3.4597525196850394
0
LINE
8
BLACK
6
CONTINUOUS
10
5.5857746456692912
20
-3.4597525196850394
11
5.5851985826771653
21
-3.4596957874015746
0
LINE
8
BLACK
6
CONTINUOUS
10
5.5851985826771653
20
-3.4596957874015746
11
5.585100590551181
21
-3.4596551968503935
0
LINE
8
BLACK
6
CONTINUOUS
10
5.585100590551181
20
-3.4596551968503935
11
5.5849947244094489
21
-3.4596476771653544
0
LINE
8
BLACK
6
CONTINUOUS
10
5.5849947244094489
20
-3.4596476771653544
11
5.5844540944881889
21
-3.4594407874015749
0
LINE
8
BLACK
6
CONTINUOUS
10
5.5844540944881889
20
-3.4594407874015749
11
5.5814544881889763
21
-3.4579409448818899
0
LINE
8
BLACK
6
CONTINUOUS
10
5.5814544881889763
20
-3.4579409448818899
11
5.5812065748031499
21
-3.4577848818897636
0
LINE
8
BLACK
6
CONTINUOUS
10
5.5812065748031499
20
-3.4577848818897636
11
5.5811345275590547
21
-3.4577550393700784
0
LINE
8
BLACK
6
CONTINUOUS
10
5.5811345275590547
20
-3.4577550393700784
11
5.5810533464566925
21
-3.4576884251968503
0
LINE
8
BLACK
6
CONTINUOUS
10
5.5810533464566925
20
-3.4576884251968503
11
5.5809646062992124
21
-3.457632559055118
0
LINE
8
BLACK
6
CONTINUOUS
10
5.5809646062992124
20
-3.457632559055118
11
5.5809135433070862
21
-3.4575736614173227
0
LINE
8
BLACK
6
CONTINUOUS
10
5.5809135433070862
20
-3.4575736614173227
11
5.5806870866141729
21
-3.4573878346456692
0
LINE
8
BLACK
6
CONTINUOUS
10
5.5806870866141729
20
-3.4573878346456692
11
5.5791872834645666
21
-3.4558880314960629
0
LINE
8
BLACK
6
CONTINUOUS
10
5.5791872834645666
20
-3.4558880314960629
11
5.5790014960629923
21
-3.4556616535433071
0
LINE
8
BLACK
6
CONTINUOUS
10
5.5790014960629923
20
-3.4556616535433071
11
5.5789425196850395
21
-3.4556105118110234
0
LINE
8
BLACK
6
CONTINUOUS
10
5.5789425196850395
20
-3.4556105118110234
11
5.578886535433071
21
-3.4555215354330708
0
LINE
8
BLACK
6
CONTINUOUS
10
5.578886535433071
20
-3.4555215354330708
11
5.578820078740157
21
-3.4554405905511811
0
LINE
8
BLACK
6
CONTINUOUS
10
5.578820078740157
20
-3.4554405905511811
11
5.5787902362204722
21
-3.4553686220472439
0
LINE
8
BLACK
6
CONTINUOUS
10
5.5787902362204722
20
-3.4553686220472439
11
5.5786341732283464
21
-3.4551206299212596
0
LINE
8
BLACK
6
CONTINUOUS
10
5.5786341732283464
20
-3.4551206299212596
11
5.5771343700787401
21
-3.452121023622047
0
LINE
8
BLACK
6
CONTINUOUS
10
5.5771343700787401
20
-3.452121023622047
11
5.5769274803149607
21
-3.4515803937007874
0
LINE
8
BLACK
6
CONTINUOUS
10
5.5769274803149607
20
-3.4515803937007874
11
5.5769199606299216
21
-3.4514745669291336
0
LINE
8
BLACK
6
CONTINUOUS
10
5.5769199606299216
20
-3.4514745669291336
11
5.57687937007874
21
-3.4513765748031497
0
LINE
8
BLACK
6
CONTINUOUS
10
5.57687937007874
20
-3.4513765748031497
11
5.5768226377952752
21
-3.4508005118110234
0
LINE
8
BLACK
6
CONTINUOUS
10
5.5768226377952752
20
-3.4508005118110234
11
5.5768226377952752
21
-3.4388020078740156
0
LINE
8
BLACK
6
CONTINUOUS
10
5.5768226377952752
20
-3.4388020078740156
11
5.57687937007874
21
-3.4382259448818897
0
LINE
8
BLACK
6
CONTINUOUS
10
5.57687937007874
20
-3.4382259448818897
11
5.5773202755905507
21
-3.4371615354330709
0
LINE
8
BLACK
6
CONTINUOUS
10
5.5773202755905507
20
-3.4371615354330709
11
5.5781349212598421
21
-3.4363468897637794
0
LINE
8
BLACK
6
CONTINUOUS
10
5.5781349212598421
20
-3.4363468897637794
11
5.5791993307086614
21
-3.4359059842519684
0
LINE
8
BLACK
6
CONTINUOUS
10
5.5791993307086614
20
-3.4359059842519684
11
5.5797753937007872
21
-3.435849251968504
0
LINE
8
BLACK
6
CONTINUOUS
10
5.5797753937007872
20
-3.435849251968504
11
5.6112714566929132
21
-3.435849251968504
0
LINE
8
BLACK
6
CONTINUOUS
10
5.6112714566929132
20
-3.435849251968504
11
5.611847519685039
21
-3.4359059842519684
0
LINE
8
BLACK
6
CONTINUOUS
10
5.5827281496062993
20
-3.4501034645669288
11
5.5837019291338583
21
-3.452051023622047
0
LINE
8
BLACK
6
CONTINUOUS
10
5.5837019291338583
20
-3.452051023622047
11
5.5845240944881889
21
-3.452873188976378
0
LINE
8
BLACK
6
CONTINUOUS
10
5.5845240944881889
20
-3.452873188976378
11
5.5864716929133857
21
-3.4538470078740158
0
LINE
8
BLACK
6
CONTINUOUS
10
5.5864716929133857
20
-3.4538470078740158
11
5.5895770078740155
21
-3.4538470078740158
0
LINE
8
BLACK
6
CONTINUOUS
10
5.5895770078740155
20
-3.4538470078740158
11
5.5915246062992123
21
-3.4528731496062992
0
LINE
8
BLACK
6
CONTINUOUS
10
5.5915246062992123
20
-3.4528731496062992
11
5.5923467716535429
21
-3.452051023622047
0
LINE
8
BLACK
6
CONTINUOUS
10
5.5923467716535429
20
-3.452051023622047
11
5.5933205511811019
21
-3.4501034645669288
0
LINE
8
BLACK
6
CONTINUOUS
10
5.5933205511811019
20
-3.4501034645669288
11
5.5933205511811019
21
-3.4417547637795276
0
LINE
8
BLACK
6
CONTINUOUS
10
5.5933205511811019
20
-3.4417547637795276
11
5.5827281496062993
21
-3.4417547637795276
0
LINE
8
BLACK
6
CONTINUOUS
10
5.5827281496062993
20
-3.4417547637795276
11
5.5827281496062993
21
-3.4501034645669288
0
LINE
8
BLACK
6
CONTINUOUS
10
5.4797634251968503
20
-3.4036131496062993
11
5.4798064566929137
21
-3.4036067716535432
0
LINE
8
BLACK
6
CONTINUOUS
10
5.4798064566929137
20
-3.4036067716535432
11
5.4800219685039373
21
-3.4036386220472439
0
LINE
8
BLACK
6
CONTINUOUS
10
5.4800219685039373
20
-3.4036386220472439
11
5.4802389763779527
21
-3.4036599999999999
0
LINE
8
BLACK
6
CONTINUOUS
10
5.4802389763779527
20
-3.4036599999999999
11
5.4802791338582679
21
-3.4036766141732282
0
LINE
8
BLACK
6
CONTINUOUS
10
5.4802791338582679
20
-3.4036766141732282
11
5.4803790944881889
21
-3.4036914173228348
0
LINE
8
BLACK
6
CONTINUOUS
10
5.4803790944881889
20
-3.4036914173228348
11
5.4863783464566929
21
-3.4051912598425198
0
LINE
8
BLACK
6
CONTINUOUS
10
5.4863783464566929
20
-3.4051912598425198
11
5.4864208267716537
21
-3.4052064173228347
0
LINE
8
BLACK
6
CONTINUOUS
10
5.4864208267716537
20
-3.4052064173228347
11
5.4864420472440942
21
-3.4052079527559056
0
LINE
8
BLACK
6
CONTINUOUS
10
5.4864420472440942
20
-3.4052079527559056
11
5.4866812204724411
21
-3.4052994488188975
0
LINE
8
BLACK
6
CONTINUOUS
10
5.4866812204724411
20
-3.4052994488188975
11
5.4869234251968502
21
-3.405386023622047
0
LINE
8
BLACK
6
CONTINUOUS
10
5.4869234251968502
20
-3.405386023622047
11
5.4869405511811022
21
-3.4053987007874014
0
LINE
8
BLACK
6
CONTINUOUS
10
5.4869405511811022
20
-3.4053987007874014
11
5.4869826771653543
21
-3.4054148425196851
0
LINE
8
BLACK
6
CONTINUOUS
10
5.4869826771653543
20
-3.4054148425196851
11
5.4899822834645668
21
-3.4069146456692914
0
LINE
8
BLACK
6
CONTINUOUS
10
5.4899822834645668
20
-3.4069146456692914
11
5.4902301574803145
21
-3.4070706692913384
0
LINE
8
BLACK
6
CONTINUOUS
10
5.4902301574803145
20
-3.4070706692913384
11
5.4903022047244097
21
-3.4071005118110236
0
LINE
8
BLACK
6
CONTINUOUS
10
5.4903022047244097
20
-3.4071005118110236
11
5.4903832283464569
21
-3.4071670078740155
0
LINE
8
BLACK
6
CONTINUOUS
10
5.4903832283464569
20
-3.4071670078740155
11
5.4904721653543307
21
-3.407222992125984
0
LINE
8
BLACK
6
CONTINUOUS
10
5.4904721653543307
20
-3.407222992125984
11
5.4905233070866144
21
-3.4072819685039368
0
LINE
8
BLACK
6
CONTINUOUS
10
5.4905233070866144
20
-3.4072819685039368
11
5.4907496850393702
21
-3.4074677559055115
0
LINE
8
BLACK
6
CONTINUOUS
10
5.4907496850393702
20
-3.4074677559055115
11
5.4937493307086616
21
-3.4104673622047241
0
LINE
8
BLACK
6
CONTINUOUS
10
5.4937493307086616
20
-3.4104673622047241
11
5.4941165354330703
21
-3.4109148031496064
0
LINE
8
BLACK
6
CONTINUOUS
10
5.4941165354330703
20
-3.4109148031496064
11
5.4941571259842519
21
-3.4110128346456694
0
LINE
8
BLACK
6
CONTINUOUS
10
5.4941571259842519
20
-3.4110128346456694
11
5.4942266535433069
21
-3.411092992125984
0
LINE
8
BLACK
6
CONTINUOUS
10
5.4942266535433069
20
-3.411092992125984
11
5.4944626377952757
21
-3.411621535433071
0
LINE
8
BLACK
6
CONTINUOUS
10
5.4944626377952757
20
-3.411621535433071
11
5.495962440944882
21
-3.4161209842519686
0
LINE
8
BLACK
6
CONTINUOUS
10
5.495962440944882
20
-3.4161209842519686
11
5.4960273622047247
21
-3.4164065354330706
0
LINE
8
BLACK
6
CONTINUOUS
10
5.4960273622047247
20
-3.4164065354330706
11
5.4960572440944881
21
-3.4164786614173228
0
LINE
8
BLACK
6
CONTINUOUS
10
5.4960572440944881
20
-3.4164786614173228
11
5.496067519685039
21
-3.4165831496062991
0
LINE
8
BLACK
6
CONTINUOUS
10
5.496067519685039
20
-3.4165831496062991
11
5.4960907874015748
21
-3.416685433070866
0
LINE
8
BLACK
6
CONTINUOUS
10
5.4960907874015748
20
-3.416685433070866
11
5.4960852362204724
21
-3.4167631496062993
0
LINE
8
BLACK
6
CONTINUOUS
10
5.4960852362204724
20
-3.4167631496062993
11
5.496113976377953
21
-3.4170547244094487
0
LINE
8
BLACK
6
CONTINUOUS
10
5.496113976377953
20
-3.4170547244094487
11
5.496113976377953
21
-3.42005437007874
0
LINE
8
BLACK
6
CONTINUOUS
10
5.496113976377953
20
-3.42005437007874
11
5.4960852362204724
21
-3.4203459055118111
0
LINE
8
BLACK
6
CONTINUOUS
10
5.4960852362204724
20
-3.4203459055118111
11
5.4960907874015748
21
-3.4204236614173227
0
LINE
8
BLACK
6
CONTINUOUS
10
5.4960907874015748
20
-3.4204236614173227
11
5.496067519685039
21
-3.4205259055118109
0
LINE
8
BLACK
6
CONTINUOUS
10
5.496067519685039
20
-3.4205259055118109
11
5.4960572440944881
21
-3.4206304330708659
0
LINE
8
BLACK
6
CONTINUOUS
10
5.4960572440944881
20
-3.4206304330708659
11
5.4960273622047247
21
-3.4207025196850394
0
LINE
8
BLACK
6
CONTINUOUS
10
5.4960273622047247
20
-3.4207025196850394
11
5.495962440944882
21
-3.4209881102362205
0
LINE
8
BLACK
6
CONTINUOUS
10
5.495962440944882
20
-3.4209881102362205
11
5.4944626377952757
21
-3.4254875196850394
0
LINE
8
BLACK
6
CONTINUOUS
10
5.4944626377952757
20
-3.4254875196850394
11
5.4942266535433069
21
-3.4260161023622047
0
LINE
8
BLACK
6
CONTINUOUS
10
5.4942266535433069
20
-3.4260161023622047
11
5.4941571653543306
21
-3.4260961811023622
0
LINE
8
BLACK
6
CONTINUOUS
10
5.4941571653543306
20
-3.4260961811023622
11
5.4941165748031491
21
-3.426194251968504
0
LINE
8
BLACK
6
CONTINUOUS
10
5.4941165748031491
20
-3.426194251968504
11
5.4937493307086616
21
-3.4266416929133858
0
LINE
8
BLACK
6
CONTINUOUS
10
5.4937493307086616
20
-3.4266416929133858
11
5.4922494881889765
21
-3.4281415354330709
0
LINE
8
BLACK
6
CONTINUOUS
10
5.4922494881889765
20
-3.4281415354330709
11
5.4918020472440947
21
-3.4285087401574801
0
LINE
8
BLACK
6
CONTINUOUS
10
5.4918020472440947
20
-3.4285087401574801
11
5.4907376377952755
21
-3.4289496456692912
0
LINE
8
BLACK
6
CONTINUOUS
10
5.4907376377952755
20
-3.4289496456692912
11
5.4901615748031496
21
-3.429006377952756
0
LINE
8
BLACK
6
CONTINUOUS
10
5.4901615748031496
20
-3.429006377952756
11
5.4796629133858268
21
-3.429006377952756
0
LINE
8
BLACK
6
CONTINUOUS
10
5.4796629133858268
20
-3.429006377952756
11
5.4790868503937009
21
-3.4289496456692912
0
LINE
8
BLACK
6
CONTINUOUS
10
5.4790868503937009
20
-3.4289496456692912
11
5.4780224409448817
21
-3.4285087401574801
0
LINE
8
BLACK
6
CONTINUOUS
10
5.4780224409448817
20
-3.4285087401574801
11
5.4772077952755902
21
-3.4276940944881891
0
LINE
8
BLACK
6
CONTINUOUS
10
5.4772077952755902
20
-3.4276940944881891
11
5.4767668897637796
21
-3.4266296850393698
0
LINE
8
BLACK
6
CONTINUOUS
10
5.4767668897637796
20
-3.4266296850393698
11
5.4767668897637796
21
-3.4266296456692911
0
LINE
8
BLACK
6
CONTINUOUS
10
5.4767668897637796
20
-3.4266296456692911
11
5.4767101574803148
21
-3.426053622047244
0
LINE
8
BLACK
6
CONTINUOUS
10
5.4767101574803148
20
-3.426053622047244
11
5.4767101574803148
21
-3.42005437007874
0
LINE
8
BLACK
6
CONTINUOUS
10
5.4767101574803148
20
-3.42005437007874
11
5.4767668897637796
21
-3.4194783070866142
0
LINE
8
BLACK
6
CONTINUOUS
10
5.4767668897637796
20
-3.4194783070866142
11
5.4772077952755902
21
-3.4184138976377954
0
LINE
8
BLACK
6
CONTINUOUS
10
5.4772077952755902
20
-3.4184138976377954
11
5.4780224409448817
21
-3.4175992519685039
0
LINE
8
BLACK
6
CONTINUOUS
10
5.4780224409448817
20
-3.4175992519685039
11
5.4790868503937009
21
-3.4171583464566928
0
LINE
8
BLACK
6
CONTINUOUS
10
5.4790868503937009
20
-3.4171583464566928
11
5.4802389763779527
21
-3.4171583464566928
0
LINE
8
BLACK
6
CONTINUOUS
10
5.4802389763779527
20
-3.4171583464566928
11
5.4813033858267719
21
-3.4175992519685039
0
LINE
8
BLACK
6
CONTINUOUS
10
5.4813033858267719
20
-3.4175992519685039
11
5.4821180314960625
21
-3.4184138976377954
0
LINE
8
BLACK
6
CONTINUOUS
10
5.4821180314960625
20
-3.4184138976377954
11
5.482558937007874
21
-3.4194783070866142
0
LINE
8
BLACK
6
CONTINUOUS
10
5.482558937007874
20
-3.4194783070866142
11
5.4826156692913388
21
-3.42005437007874
0
LINE
8
BLACK
6
CONTINUOUS
10
5.4826156692913388
20
-3.42005437007874
11
5.4826156692913388
21
-3.4231008661417324
0
LINE
8
BLACK
6
CONTINUOUS
10
5.4826156692913388
20
-3.4231008661417324
11
5.4889385039370078
21
-3.4231008661417324
0
LINE
8
BLACK
6
CONTINUOUS
10
5.4889385039370078
20
-3.4231008661417324
11
5.4890806299212596
21
-3.4229587401574801
0
LINE
8
BLACK
6
CONTINUOUS
10
5.4890806299212596
20
-3.4229587401574801
11
5.4902084645669289
21
-3.4195752362204725
0
LINE
8
BLACK
6
CONTINUOUS
10
5.4902084645669289
20
-3.4195752362204725
11
5.4902084645669289
21
-3.4175338188976379
0
LINE
8
BLACK
6
CONTINUOUS
10
5.4902084645669289
20
-3.4175338188976379
11
5.4890806299212596
21
-3.4141503149606298
0
LINE
8
BLACK
6
CONTINUOUS
10
5.4890806299212596
20
-3.4141503149606298
11
5.4869126771653542
21
-3.4119824015748033
0
LINE
8
BLACK
6
CONTINUOUS
10
5.4869126771653542
20
-3.4119824015748033
11
5.4846315748031493
21
-3.4108418503937008
0
LINE
8
BLACK
6
CONTINUOUS
10
5.4846315748031493
20
-3.4108418503937008
11
5.4792993307086615
21
-3.4095087795275592
0
LINE
8
BLACK
6
CONTINUOUS
10
5.4792993307086615
20
-3.4095087795275592
11
5.4755270472440944
21
-3.4095087795275592
0
LINE
8
BLACK
6
CONTINUOUS
10
5.4755270472440944
20
-3.4095087795275592
11
5.4701946850393703
21
-3.4108418503937008
0
LINE
8
BLACK
6
CONTINUOUS
10
5.4701946850393703
20
-3.4108418503937008
11
5.4679136220472442
21
-3.4119824015748033
0
LINE
8
BLACK
6
CONTINUOUS
10
5.4679136220472442
20
-3.4119824015748033
11
5.4657457480314964
21
-3.4141502755905511
0
LINE
8
BLACK
6
CONTINUOUS
10
5.4657457480314964
20
-3.4141502755905511
11
5.464617913385827
21
-3.4175338188976379
0
LINE
8
BLACK
6
CONTINUOUS
10
5.464617913385827
20
-3.4175338188976379
11
5.464617913385827
21
-3.4208571259842517
0
LINE
8
BLACK
6
CONTINUOUS
10
5.464617913385827
20
-3.4208571259842517
11
5.4658059842519684
21
-3.4232332677165354
0
LINE
8
BLACK
6
CONTINUOUS
10
5.4658059842519684
20
-3.4232332677165354
11
5.4660128740157479
21
-3.4237738976377954
0
LINE
8
BLACK
6
CONTINUOUS
10
5.4660128740157479
20
-3.4237738976377954
11
5.4660945275590551
21
-3.4249231102362203
0
LINE
8
BLACK
6
CONTINUOUS
10
5.4660945275590551
20
-3.4249231102362203
11
5.4657301968503935
21
-3.4260160629921259
0
LINE
8
BLACK
6
CONTINUOUS
10
5.4657301968503935
20
-3.4260160629921259
11
5.4649753543307087
21
-3.4268864566929134
0
LINE
8
BLACK
6
CONTINUOUS
10
5.4649753543307087
20
-3.4268864566929134
11
5.4639448425196848
21
-3.4274016929133859
0
LINE
8
BLACK
6
CONTINUOUS
10
5.4639448425196848
20
-3.4274016929133859
11
5.4627956299212599
21
-3.4274833464566927
0
LINE
8
BLACK
6
CONTINUOUS
10
5.4627956299212599
20
-3.4274833464566927
11
5.4617026771653538
21
-3.4271190157480316
0
LINE
8
BLACK
6
CONTINUOUS
10
5.4617026771653538
20
-3.4271190157480316
11
5.4608322834645664
21
-3.4263641732283463
0
LINE
8
BLACK
6
CONTINUOUS
10
5.4608322834645664
20
-3.4263641732283463
11
5.4605239370078742
21
-3.4258742913385825
0
LINE
8
BLACK
6
CONTINUOUS
10
5.4605239370078742
20
-3.4258742913385825
11
5.4590241338582679
21
-3.4228746850393699
0
LINE
8
BLACK
6
CONTINUOUS
10
5.4590241338582679
20
-3.4228746850393699
11
5.4588172440944884
21
-3.4223340551181103
0
LINE
8
BLACK
6
CONTINUOUS
10
5.4588172440944884
20
-3.4223340551181103
11
5.4588097244094484
21
-3.4222282283464565
0
LINE
8
BLACK
6
CONTINUOUS
10
5.4588097244094484
20
-3.4222282283464565
11
5.4587691338582678
21
-3.4221302362204722
0
LINE
8
BLACK
6
CONTINUOUS
10
5.4587691338582678
20
-3.4221302362204722
11
5.458712401574803
21
-3.4215541732283463
0
LINE
8
BLACK
6
CONTINUOUS
10
5.458712401574803
20
-3.4215541732283463
11
5.458712401574803
21
-3.4170547244094487
0
LINE
8
BLACK
6
CONTINUOUS
10
5.458712401574803
20
-3.4170547244094487
11
5.4587411023622048
21
-3.4167631496062993
0
LINE
8
BLACK
6
CONTINUOUS
10
5.4587411023622048
20
-3.4167631496062993
11
5.4587355905511812
21
-3.416685433070866
0
LINE
8
BLACK
6
CONTINUOUS
10
5.4587355905511812
20
-3.416685433070866
11
5.4587588188976373
21
-3.4165831496062991
0
LINE
8
BLACK
6
CONTINUOUS
10
5.4587588188976373
20
-3.4165831496062991
11
5.4587691338582678
21
-3.4164786614173228
0
LINE
8
BLACK
6
CONTINUOUS
10
5.4587691338582678
20
-3.4164786614173228
11
5.4587989763779525
21
-3.4164065354330706
0
LINE
8
BLACK
6
CONTINUOUS
10
5.4587989763779525
20
-3.4164065354330706
11
5.458863937007874
21
-3.4161209842519686
0
LINE
8
BLACK
6
CONTINUOUS
10
5.458863937007874
20
-3.4161209842519686
11
5.4603637401574803
21
-3.411621535433071
0
LINE
8
BLACK
6
CONTINUOUS
10
5.4603637401574803
20
-3.411621535433071
11
5.4605997244094491
21
-3.411092992125984
0
LINE
8
BLACK
6
CONTINUOUS
10
5.4605997244094491
20
-3.411092992125984
11
5.4606692125984253
21
-3.4110128346456694
0
LINE
8
BLACK
6
CONTINUOUS
10
5.4606692125984253
20
-3.4110128346456694
11
5.4607098425196847
21
-3.4109148031496064
0
LINE
8
BLACK
6
CONTINUOUS
10
5.4607098425196847
20
-3.4109148031496064
11
5.4610770472440944
21
-3.4104673622047241
0
LINE
8
BLACK
6
CONTINUOUS
10
5.4610770472440944
20
-3.4104673622047241
11
5.464076653543307
21
-3.4074677559055115
0
LINE
8
BLACK
6
CONTINUOUS
10
5.464076653543307
20
-3.4074677559055115
11
5.4643030314960628
21
-3.4072818897637793
0
LINE
8
BLACK
6
CONTINUOUS
10
5.4643030314960628
20
-3.4072818897637793
11
5.4643541732283465
21
-3.407222992125984
0
LINE
8
BLACK
6
CONTINUOUS
10
5.4643541732283465
20
-3.407222992125984
11
5.4644429133858266
21
-3.407167086614173
0
LINE
8
BLACK
6
CONTINUOUS
10
5.4644429133858266
20
-3.407167086614173
11
5.4645240944881888
21
-3.4071005118110236
0
LINE
8
BLACK
6
CONTINUOUS
10
5.4645240944881888
20
-3.4071005118110236
11
5.4645962204724405
21
-3.4070706299212596
0
LINE
8
BLACK
6
CONTINUOUS
10
5.4645962204724405
20
-3.4070706299212596
11
5.4648440551181103
21
-3.4069146456692914
0
LINE
8
BLACK
6
CONTINUOUS
10
5.4648440551181103
20
-3.4069146456692914
11
5.4678437007874017
21
-3.4054148425196851
0
LINE
8
BLACK
6
CONTINUOUS
10
5.4678437007874017
20
-3.4054148425196851
11
5.4678857874015749
21
-3.4053987007874014
0
LINE
8
BLACK
6
CONTINUOUS
10
5.4678857874015749
20
-3.4053987007874014
11
5.4679029527559058
21
-3.405386023622047
0
LINE
8
BLACK
6
CONTINUOUS
10
5.4679029527559058
20
-3.405386023622047
11
5.4681451181102361
21
-3.4052994488188975
0
LINE
8
BLACK
6
CONTINUOUS
10
5.4681451181102361
20
-3.4052994488188975
11
5.4683843307086617
21
-3.4052079527559056
0
LINE
8
BLACK
6
CONTINUOUS
10
5.4683843307086617
20
-3.4052079527559056
11
5.4684055118110235
21
-3.4052064173228347
0
LINE
8
BLACK
6
CONTINUOUS
10
5.4684055118110235
20
-3.4052064173228347
11
5.4684480314960631
21
-3.4051912598425198
0
LINE
8
BLACK
6
CONTINUOUS
10
5.4684480314960631
20
-3.4051912598425198
11
5.4744473228346457
21
-3.4036914173228348
0
LINE
8
BLACK
6
CONTINUOUS
10
5.4744473228346457
20
-3.4036914173228348
11
5.4745471653543305
21
-3.4036766141732282
0
LINE
8
BLACK
6
CONTINUOUS
10
5.4745471653543305
20
-3.4036766141732282
11
5.4745874015748033
21
-3.4036599999999999
0
LINE
8
BLACK
6
CONTINUOUS
10
5.4745874015748033
20
-3.4036599999999999
11
5.4748044094488186
21
-3.4036386220472439
0
LINE
8
BLACK
6
CONTINUOUS
10
5.4748044094488186
20
-3.4036386220472439
11
5.4750199212598423
21
-3.4036067716535432
0
LINE
8
BLACK
6
CONTINUOUS
10
5.4750199212598423
20
-3.4036067716535432
11
5.4750629133858268
21
-3.4036131496062993
0
LINE
8
BLACK
6
CONTINUOUS
10
5.4750629133858268
20
-3.4036131496062993
11
5.4751634645669292
21
-3.4036032677165355
0
LINE
8
BLACK
6
CONTINUOUS
10
5.4751634645669292
20
-3.4036032677165355
11
5.4796629133858268
21
-3.4036032677165355
0
LINE
8
BLACK
6
CONTINUOUS
10
5.4796629133858268
20
-3.4036032677165355
11
5.4797634251968503
21
-3.4036131496062993
0
CIRCLE
8
BLACK
10
5.8304724409448818
20
-3.3589370078740157
40
0.0068897637795276
0
CIRCLE
8
BLACK
10
6.2241732283464568
20
-4.5400393700787403
40
0.0068897637795276
0
CIRCLE
8
BLACK
10
5.4367716535433068
20
-4.5400393700787403
40
0.0068897637795276
0
CIRCLE
8
BLACK
10
6.2241732283464568
20
-3.3589370078740157
40
0.0068897637795276
0
CIRCLE
8
BLACK
10
5.8304724409448818
20
-4.5400393700787403
40
0.0068897637795276
0
CIRCLE
8
BLACK
10
5.4367716535433068
20
-3.3589370078740157
40
0.0068897637795276
0
CIRCLE
8
BLACK
10
5.6012283464566925
20
-4.0632677165354334
40
0.0068897637795276
0
CIRCLE
8
BLACK
10
5.6012283464566925
20
-3.8357086614173226
40
0.0068897637795276
0
LINE
8
BLACK
6
CONTINUOUS
10
5.4736361417322836
20
-4.1078569685039366
11
5.4766143700787397
21
-4.108654960629921
0
LINE
8
BLACK
6
CONTINUOUS
10
5.4766143700787397
20
-4.108654960629921
11
5.4792845669291337
21
-4.110196614173228
0
LINE
8
BLACK
6
CONTINUOUS
10
5.4792845669291337
20
-4.110196614173228
11
5.4814648031496063
21
-4.1123768503937006
0
LINE
8
BLACK
6
CONTINUOUS
10
5.4814648031496063
20
-4.1123768503937006
11
5.4830064566929133
21
-4.1150470472440945
0
LINE
8
BLACK
6
CONTINUOUS
10
5.4830064566929133
20
-4.1150470472440945
11
5.4838044488188977
21
-4.1180252755905506
0
LINE
8
BLACK
6
CONTINUOUS
10
5.4838044488188977
20
-4.1180252755905506
11
5.4838044488188977
21
-4.1211085826771656
0
LINE
8
BLACK
6
CONTINUOUS
10
5.4838044488188977
20
-4.1211085826771656
11
5.4830064566929133
21
-4.1240868110236217
0
LINE
8
BLACK
6
CONTINUOUS
10
5.4830064566929133
20
-4.1240868110236217
11
5.4814648031496063
21
-4.1267570078740157
0
LINE
8
BLACK
6
CONTINUOUS
10
5.4814648031496063
20
-4.1267570078740157
11
5.4792845669291337
21
-4.1289372440944883
0
LINE
8
BLACK
6
CONTINUOUS
10
5.4792845669291337
20
-4.1289372440944883
11
5.4766143700787397
21
-4.1304788976377953
0
LINE
8
BLACK
6
CONTINUOUS
10
5.4766143700787397
20
-4.1304788976377953
11
5.4736361417322836
21
-4.1312768897637797
0
LINE
8
BLACK
6
CONTINUOUS
10
5.4736361417322836
20
-4.1312768897637797
11
5.4720944881889766
21
-4.1313779527559058
0
LINE
8
BLACK
6
CONTINUOUS
10
5.4720944881889766
20
-4.1313779527559058
11
5.4405984251968507
21
-4.1313779527559058
0
LINE
8
BLACK
6
CONTINUOUS
10
5.4405984251968507
20
-4.1313779527559058
11
5.4390567716535436
21
-4.1312768897637797
0
LINE
8
BLACK
6
CONTINUOUS
10
5.4390567716535436
20
-4.1312768897637797
11
5.4360785433070866
21
-4.1304788976377953
0
LINE
8
BLACK
6
CONTINUOUS
10
5.4360785433070866
20
-4.1304788976377953
11
5.4334083464566927
21
-4.1289372440944883
0
LINE
8
BLACK
6
CONTINUOUS
10
5.4334083464566927
20
-4.1289372440944883
11
5.4312281102362201
21
-4.1267570078740157
0
LINE
8
BLACK
6
CONTINUOUS
10
5.4312281102362201
20
-4.1267570078740157
11
5.4296864566929131
21
-4.1240868110236217
0
LINE
8
BLACK
6
CONTINUOUS
10
5.4296864566929131
20
-4.1240868110236217
11
5.4288884645669286
21
-4.1211085826771656
0
LINE
8
BLACK
6
CONTINUOUS
10
5.4288884645669286
20
-4.1211085826771656
11
5.4288884645669286
21
-4.1180252755905506
0
LINE
8
BLACK
6
CONTINUOUS
10
5.4288884645669286
20
-4.1180252755905506
11
5.4296864566929131
21
-4.1150470472440945
0
LINE
8
BLACK
6
CONTINUOUS
10
5.4296864566929131
20
-4.1150470472440945
11
5.4312281102362201
21
-4.1123768503937006
0
LINE
8
BLACK
6
CONTINUOUS
10
5.4312281102362201
20
-4.1123768503937006
11
5.4334083464566927
21
-4.110196614173228
0
LINE
8
BLACK
6
CONTINUOUS
10
5.4334083464566927
20
-4.110196614173228
11
5.4360785433070866
21
-4.108654960629921
0
LINE
8
BLACK
6
CONTINUOUS
10
5.4360785433070866
20
-4.108654960629921
11
5.4390567716535436
21
-4.1078569685039366
0
LINE
8
BLACK
6
CONTINUOUS
10
5.4390567716535436
20
-4.1078569685039366
11
5.4405984251968507
21
-4.1077559055118114
0
LINE
8
BLACK
6
CONTINUOUS
10
5.4405984251968507
20
-4.1077559055118114
11
5.4720944881889766
21
-4.1077559055118114
0
LINE
8
BLACK
6
CONTINUOUS
10
5.4720944881889766
20
-4.1077559055118114
11
5.4736361417322836
21
-4.1078569685039366
0
LINE
8
BLACK
6
CONTINUOUS
10
5.4736361417322836
20
-3.7676994881889763
11
5.4766143700787397
21
-3.7684974803149607
0
LINE
8
BLACK
6
CONTINUOUS
10
5.4766143700787397
20
-3.7684974803149607
11
5.4792845669291337
21
-3.7700391338582677
0
LINE
8
BLACK
6
CONTINUOUS
10
5.4792845669291337
20
-3.7700391338582677
11
5.4814648031496063
21
-3.7722193700787399
0
LINE
8
BLACK
6
CONTINUOUS
10
5.4814648031496063
20
-3.7722193700787399
11
5.4830064566929133
21
-3.7748895669291338
0
LINE
8
BLACK
6
CONTINUOUS
10
5.4830064566929133
20
-3.7748895669291338
11
5.4838044488188977
21
-3.7778677952755904
0
LINE
8
BLACK
6
CONTINUOUS
10
5.4838044488188977
20
-3.7778677952755904
11
5.4838044488188977
21
-3.7809511023622044
0
LINE
8
BLACK
6
CONTINUOUS
10
5.4838044488188977
20
-3.7809511023622044
11
5.4830064566929133
21
-3.7839293307086614
0
LINE
8
BLACK
6
CONTINUOUS
10
5.4830064566929133
20
-3.7839293307086614
11
5.4814648031496063
21
-3.7865995275590549
0
LINE
8
BLACK
6
CONTINUOUS
10
5.4814648031496063
20
-3.7865995275590549
11
5.4792845669291337
21
-3.7887797637795275
0
LINE
8
BLACK
6
CONTINUOUS
10
5.4792845669291337
20
-3.7887797637795275
11
5.4766143700787397
21
-3.7903214173228346
0
LINE
8
BLACK
6
CONTINUOUS
10
5.4766143700787397
20
-3.7903214173228346
11
5.4736361417322836
21
-3.791119409448819
0
LINE
8
BLACK
6
CONTINUOUS
10
5.4736361417322836
20
-3.791119409448819
11
5.4720944881889766
21
-3.7912204724409446
0
LINE
8
BLACK
6
CONTINUOUS
10
5.4720944881889766
20
-3.7912204724409446
11
5.4405984251968507
21
-3.7912204724409446
0
LINE
8
BLACK
6
CONTINUOUS
10
5.4405984251968507
20
-3.7912204724409446
11
5.4390567716535436
21
-3.791119409448819
0
LINE
8
BLACK
6
CONTINUOUS
10
5.4390567716535436
20
-3.791119409448819
11
5.4360785433070866
21
-3.7903214173228346
0
LINE
8
BLACK
6
CONTINUOUS
10
5.4360785433070866
20
-3.7903214173228346
11
5.4334083464566927
21
-3.7887797637795275
0
LINE
8
BLACK
6
CONTINUOUS
10
5.4334083464566927
20
-3.7887797637795275
11
5.4312281102362201
21
-3.7865995275590549
0
LINE
8
BLACK
6
CONTINUOUS
10
5.4312281102362201
20
-3.7865995275590549
11
5.4296864566929131
21
-3.7839293307086614
0
LINE
8
BLACK
6
CONTINUOUS
10
5.4296864566929131
20
-3.7839293307086614
11
5.4288884645669286
21
-3.7809511023622044
0
LINE
8
BLACK
6
CONTINUOUS
10
5.4288884645669286
20
-3.7809511023622044
11
5.4288884645669286
21
-3.7778677952755904
0
LINE
8
BLACK
6
CONTINUOUS
10
5.4288884645669286
20
-3.7778677952755904
11
5.4296864566929131
21
-3.7748895669291338
0
LINE
8
BLACK
6
CONTINUOUS
10
5.4296864566929131
20
-3.7748895669291338
11
5.4312281102362201
21
-3.7722193700787399
0
LINE
8
BLACK
6
CONTINUOUS
10
5.4312281102362201
20
-3.7722193700787399
11
5.4334083464566927
21
-3.7700391338582677
0
LINE
8
BLACK
6
CONTINUOUS
10
5.4334083464566927
20
-3.7700391338582677
11
5.4360785433070866
21
-3.7684974803149607
0
LINE
8
BLACK
6
CONTINUOUS
10
5.4360785433070866
20
-3.7684974803149607
11
5.4390567716535436
21
-3.7676994881889763
0
LINE
8
BLACK
6
CONTINUOUS
10
5.4390567716535436
20
-3.7676994881889763
11
5.4405984251968507
21
-3.7675984251968502
0
LINE
8
BLACK
6
CONTINUOUS
10
5.4405984251968507
20
-3.7675984251968502
11
5.4720944881889766
21
-3.7675984251968502
0
LINE
8
BLACK
6
CONTINUOUS
10
5.4720944881889766
20
-3.7675984251968502
11
5.4736361417322836
21
-3.7676994881889763
0
LINE
8
BLACK
6
CONTINUOUS
10
5.6441085826771653
20
-4.1078569685039366
11
5.6470868110236223
21
-4.108654960629921
0
LINE
8
BLACK
6
CONTINUOUS
10
5.6470868110236223
20
-4.108654960629921
11
5.6497570078740154
21
-4.110196614173228
0
LINE
8
BLACK
6
CONTINUOUS
10
5.6497570078740154
20
-4.110196614173228
11
5.6519372440944879
21
-4.1123768503937006
0
LINE
8
BLACK
6
CONTINUOUS
10
5.6519372440944879
20
-4.1123768503937006
11
5.653478897637795
21
-4.1150470472440945
0
LINE
8
BLACK
6
CONTINUOUS
10
5.653478897637795
20
-4.1150470472440945
11
5.6542768897637794
21
-4.1180252755905506
0
LINE
8
BLACK
6
CONTINUOUS
10
5.6542768897637794
20
-4.1180252755905506
11
5.6542768897637794
21
-4.1211085826771656
0
LINE
8
BLACK
6
CONTINUOUS
10
5.6542768897637794
20
-4.1211085826771656
11
5.653478897637795
21
-4.1240868110236217
0
LINE
8
BLACK
6
CONTINUOUS
10
5.653478897637795
20
-4.1240868110236217
11
5.6519372440944879
21
-4.1267570078740157
0
LINE
8
BLACK
6
CONTINUOUS
10
5.6519372440944879
20
-4.1267570078740157
11
5.6497570078740154
21
-4.1289372440944883
0
LINE
8
BLACK
6
CONTINUOUS
10
5.6497570078740154
20
-4.1289372440944883
11
5.6470868110236223
21
-4.1304788976377953
0
LINE
8
BLACK
6
CONTINUOUS
10
5.6470868110236223
20
-4.1304788976377953
11
5.6441085826771653
21
-4.1312768897637797
0
LINE
8
BLACK
6
CONTINUOUS
10
5.6441085826771653
20
-4.1312768897637797
11
5.6425669291338583
21
-4.1313779527559058
0
LINE
8
BLACK
6
CONTINUOUS
10
5.6425669291338583
20
-4.1313779527559058
11
5.5992598425196851
21
-4.1313779527559058
0
LINE
8
BLACK
6
CONTINUOUS
10
5.5992598425196851
20
-4.1313779527559058
11
5.5977181889763781
21
-4.1312768897637797
0
LINE
8
BLACK
6
CONTINUOUS
10
5.5977181889763781
20
-4.1312768897637797
11
5.5947399606299211
21
-4.1304788976377953
0
LINE
8
BLACK
6
CONTINUOUS
10
5.5947399606299211
20
-4.1304788976377953
11
5.5920697637795271
21
-4.1289372440944883
0
LINE
8
BLACK
6
CONTINUOUS
10
5.5920697637795271
20
-4.1289372440944883
11
5.5898895275590545
21
-4.1267570078740157
0
LINE
8
BLACK
6
CONTINUOUS
10
5.5898895275590545
20
-4.1267570078740157
11
5.5883478740157475
21
-4.1240868110236217
0
LINE
8
BLACK
6
CONTINUOUS
10
5.5883478740157475
20
-4.1240868110236217
11
5.587549881889764
21
-4.1211085826771656
0
LINE
8
BLACK
6
CONTINUOUS
10
5.587549881889764
20
-4.1211085826771656
11
5.587549881889764
21
-4.1180252755905506
0
LINE
8
BLACK
6
CONTINUOUS
10
5.587549881889764
20
-4.1180252755905506
11
5.5883478740157475
21
-4.1150470472440945
0
LINE
8
BLACK
6
CONTINUOUS
10
5.5883478740157475
20
-4.1150470472440945
11
5.5898895275590545
21
-4.1123768503937006
0
LINE
8
BLACK
6
CONTINUOUS
10
5.5898895275590545
20
-4.1123768503937006
11
5.5920697637795271
21
-4.110196614173228
0
LINE
8
BLACK
6
CONTINUOUS
10
5.5920697637795271
20
-4.110196614173228
11
5.5947399606299211
21
-4.108654960629921
0
LINE
8
BLACK
6
CONTINUOUS
10
5.5947399606299211
20
-4.108654960629921
11
5.5977181889763781
21
-4.1078569685039366
0
LINE
8
BLACK
6
CONTINUOUS
10
5.5977181889763781
20
-4.1078569685039366
11
5.5992598425196851
21
-4.1077559055118114
0
LINE
8
BLACK
6
CONTINUOUS
10
5.5992598425196851
20
-4.1077559055118114
11
5.6425669291338583
21
-4.1077559055118114
0
LINE
8
BLACK
6
CONTINUOUS
10
5.6425669291338583
20
-4.1077559055118114
11
5.6441085826771653
21
-4.1078569685039366
0
LINE
8
BLACK
6
CONTINUOUS
10
5.6441085826771653
20
-3.7676994881889763
11
5.6470868110236223
21
-3.7684974803149607
0
LINE
8
BLACK
6
CONTINUOUS
10
5.6470868110236223
20
-3.7684974803149607
11
5.6497570078740154
21
-3.7700391338582677
0
LINE
8
BLACK
6
CONTINUOUS
10
5.6497570078740154
20
-3.7700391338582677
11
5.6519372440944879
21
-3.7722193700787399
0
LINE
8
BLACK
6
CONTINUOUS
10
5.6519372440944879
20
-3.7722193700787399
11
5.653478897637795
21
-3.7748895669291338
0
LINE
8
BLACK
6
CONTINUOUS
10
5.653478897637795
20
-3.7748895669291338
11
5.6542768897637794
21
-3.7778677952755904
0
LINE
8
BLACK
6
CONTINUOUS
10
5.6542768897637794
20
-3.7778677952755904
11
5.6542768897637794
21
-3.7809511023622044
0
LINE
8
BLACK
6
CONTINUOUS
10
5.6542768897637794
20
-3.7809511023622044
11
5.653478897637795
21
-3.7839293307086614
0
LINE
8
BLACK
6
CONTINUOUS
10
5.653478897637795
20
-3.7839293307086614
11
5.6519372440944879
21
-3.7865995275590549
0
LINE
8
BLACK
6
CONTINUOUS
10
5.6519372440944879
20
-3.7865995275590549
11
5.6497570078740154
21
-3.7887797637795275
0
LINE
8
BLACK
6
CONTINUOUS
10
5.6497570078740154
20
-3.7887797637795275
11
5.6470868110236223
21
-3.7903214173228346
0
LINE
8
BLACK
6
CONTINUOUS
10
5.6470868110236223
20
-3.7903214173228346
11
5.6441085826771653
21
-3.791119409448819
0
LINE
8
BLACK
6
CONTINUOUS
10
5.6441085826771653
20
-3.791119409448819
11
5.6425669291338583
21
-3.7912204724409446
0
LINE
8
BLACK
6
CONTINUOUS
10
5.6425669291338583
20
-3.7912204724409446
11
5.5992598425196851
21
-3.7912204724409446
0
LINE
8
BLACK
6
CONTINUOUS
10
5.5992598425196851
20
-3.7912204724409446
11
5.5977181889763781
21
-3.791119409448819
0
LINE
8
BLACK
6
CONTINUOUS
10
5.5977181889763781
20
-3.791119409448819
11
5.5947399606299211
21
-3.7903214173228346
0
LINE
8
BLACK
6
CONTINUOUS
10
5.5947399606299211
20
-3.7903214173228346
11
5.5920697637795271
21
-3.7887797637795275
0
LINE
8
BLACK
6
CONTINUOUS
10
5.5920697637795271
20
-3.7887797637795275
11
5.5898895275590545
21
-3.7865995275590549
0
LINE
8
BLACK
6
CONTINUOUS
10
5.5898895275590545
20
-3.7865995275590549
11
5.5883478740157475
21
-3.7839293307086614
0
LINE
8
BLACK
6
CONTINUOUS
10
5.5883478740157475
20
-3.7839293307086614
11
5.587549881889764
21
-3.7809511023622044
0
LINE
8
BLACK
6
CONTINUOUS
10
5.587549881889764
20
-3.7809511023622044
11
5.587549881889764
21
-3.7778677952755904
0
LINE
8
BLACK
6
CONTINUOUS
10
5.587549881889764
20
-3.7778677952755904
11
5.5883478740157475
21
-3.7748895669291338
0
LINE
8
BLACK
6
CONTINUOUS
10
5.5883478740157475
20
-3.7748895669291338
11
5.5898895275590545
21
-3.7722193700787399
0
LINE
8
BLACK
6
CONTINUOUS
10
5.5898895275590545
20
-3.7722193700787399
11
5.5920697637795271
21
-3.7700391338582677
0
LINE
8
BLACK
6
CONTINUOUS
10
5.5920697637795271
20
-3.7700391338582677
11
5.5947399606299211
21
-3.7684974803149607
0
LINE
8
BLACK
6
CONTINUOUS
10
5.5947399606299211
20
-3.7684974803149607
11
5.5977181889763781
21
-3.7676994881889763
0
LINE
8
BLACK
6
CONTINUOUS
10
5.5977181889763781
20
-3.7676994881889763
11
5.5992598425196851
21
-3.7675984251968502
0
LINE
8
BLACK
6
CONTINUOUS
10
5.5992598425196851
20
-3.7675984251968502
11
5.6425669291338583
21
-3.7675984251968502
0
LINE
8
BLACK
6
CONTINUOUS
10
5.6425669291338583
20
-3.7675984251968502
11
5.6441085826771653
21
-3.7676994881889763
0
CIRCLE
8
BLACK
10
5.8304724409448818
20
-3.3589370078740157
40
0.0068897637795276
0
CIRCLE
8
BLACK
10
6.2241732283464568
20
-4.5400393700787403
40
0.0068897637795276
0
CIRCLE
8
BLACK
10
5.4367716535433068
20
-4.5400393700787403
40
0.0068897637795276
0
CIRCLE
8
BLACK
10
6.2241732283464568
20
-3.3589370078740157
40
0.0068897637795276
0
CIRCLE
8
BLACK
10
5.8304724409448818
20
-4.5400393700787403
40
0.0068897637795276
0
CIRCLE
8
BLACK
10
5.4367716535433068
20
-3.3589370078740157
40
0.0068897637795276
0
CIRCLE
8
BLACK
10
5.6012283464566925
20
-4.0632677165354334
40
0.0068897637795276
0
CIRCLE
8
BLACK
10
5.6012283464566925
20
-3.8357086614173226
40
0.0068897637795276
0
LINE
8
BLACK
6
CONTINUOUS
10
5.4405984251968507
20
-4.1313779527559058
11
5.4720944881889766
21
-4.1313779527559058
0
ARC
8
BLACK
10
5.4720944881889766
20
-4.1195669291338586
40
0.0118110236220472
50
-90.00000000
51
90.00000000
0
LINE
8
BLACK
6
CONTINUOUS
10
5.4720944881889766
20
-4.1077559055118114
11
5.4405984251968507
21
-4.1077559055118114
0
ARC
8
BLACK
10
5.4405984251968507
20
-4.1195669291338586
40
0.0118110236220472
50
90.00000000
51
270.00000000
0
LINE
8
BLACK
6
CONTINUOUS
10
5.4405984251968507
20
-3.7912204724409446
11
5.4720944881889766
21
-3.7912204724409446
0
ARC
8
BLACK
10
5.4720944881889766
20
-3.7794094488188974
40
0.0118110236220472
50
-90.00000000
51
90.00000000
0
LINE
8
BLACK
6
CONTINUOUS
10
5.4720944881889766
20
-3.7675984251968502
11
5.4405984251968507
21
-3.7675984251968502
0
ARC
8
BLACK
10
5.4405984251968507
20
-3.7794094488188974
40
0.0118110236220472
50
90.00000000
51
270.00000000
0
LINE
8
BLACK
6
CONTINUOUS
10
5.5992598425196851
20
-4.1313779527559058
11
5.6425669291338583
21
-4.1313779527559058
0
ARC
8
BLACK
10
5.6425669291338583
20
-4.1195669291338586
40
0.0118110236220472
50
-90.00000000
51
90.00000000
0
LINE
8
BLACK
6
CONTINUOUS
10
5.6425669291338583
20
-4.1077559055118114
11
5.5992598425196851
21
-4.1077559055118114
0
ARC
8
BLACK
10
5.5992598425196851
20
-4.1195669291338586
40
0.0118110236220472
50
90.00000000
51
270.00000000
0
LINE
8
BLACK
6
CONTINUOUS
10
5.5992598425196851
20
-3.7912204724409446
11
5.6425669291338583
21
-3.7912204724409446
0
ARC
8
BLACK
10
5.6425669291338583
20
-3.7794094488188974
40
0.0118110236220472
50
-90.00000000
51
90.00000000
0
LINE
8
BLACK
6
CONTINUOUS
10
5.6425669291338583
20
-3.7675984251968502
11
5.5992598425196851
21
-3.7675984251968502
0
ARC
8
BLACK
10
5.5992598425196851
20
-3.7794094488188974
40
0.0118110236220472
50
90.00000000
51
270.00000000
  0
ENDSEC
  0
EOF
