  0
SECTION
  2
HEADER
  9
$ANGBASE
  50
0.0
  9
$ANGDIR
  70
1
  9
$MEASUREMENT
  70
0
  0
ENDSEC
  0
SECTION
  2
TABLES
  0
TABLE
  2
LTYPE
  70
4
  0
LTYPE
  5
40F
  2
CONTINUOUS
  70
0
  3
Solid line
  72
65
  73
0
  40
0.0
  0
LTYPE
  5
410
  2
DASHDOT
 70
0
  3
Dash Dot ____ _ ____ _
 72
65
 73
4
 40
2.0
 49
1.25
 49
-0.25
 49
0.25
 49
-0.25
  0
LTYPE
  5
411
  2
DASHED
 70
0
  3
Dashed __ __ __ __ __
 72
65
 73
2
 40
0.75
 49
0.5
 49
-0.25
  0
LTYPE
  5
43B
  2
DOTTED
 70
0
  3
Dotted .  .  .  .
 72
65
 73
2
 40
0.2
 49
0.0
 49
-0.2
  0
ENDTAB
  0
TABLE
  2
STYLE
  70
4
  0
STYLE
  2
KICAD
  70
0
  40
0
  41
1
  42
1
  50
0
  71
0
  3
isocp.shx
  0
STYLE
  2
KICADB
  70
0
  40
0
  41
1
  42
1
  50
0
  71
0
  3
isocp.shx
  0
STYLE
  2
KICADI
  70
0
  40
0
  41
1
  42
1
  50
15
  71
0
  3
isocp.shx
  0
STYLE
  2
KICADBI
  70
0
  40
0
  41
1
  42
1
  50
15
  71
0
  3
isocp.shx
  0
ENDTAB
  0
TABLE
  2
LAYER
  70
1
  0
LAYER
  2
BLACK
  70
0
  62
7
  6
CONTINUOUS
  0
ENDTAB
  0
ENDSEC
  0
SECTION
  2
ENTITIES
0
LINE
8
BLACK
6
CONTINUOUS
10
6.4935697244094488
20
-4.4367728346456694
11
6.4967628740157481
21
-4.4389064173228343
0
LINE
8
BLACK
6
CONTINUOUS
10
6.4967628740157481
20
-4.4389064173228343
11
6.498896456692913
21
-4.4420995669291337
0
LINE
8
BLACK
6
CONTINUOUS
10
6.498896456692913
20
-4.4420995669291337
11
6.499645669291338
21
-4.4458661417322833
0
LINE
8
BLACK
6
CONTINUOUS
10
6.499645669291338
20
-4.4458661417322833
11
6.499645669291338
21
-4.465551181102362
0
LINE
8
BLACK
6
CONTINUOUS
10
6.499645669291338
20
-4.465551181102362
11
6.498896456692913
21
-4.4693177559055117
0
LINE
8
BLACK
6
CONTINUOUS
10
6.498896456692913
20
-4.4693177559055117
11
6.4967628740157481
21
-4.4725109055118111
0
LINE
8
BLACK
6
CONTINUOUS
10
6.4967628740157481
20
-4.4725109055118111
11
6.4935697244094488
21
-4.474644488188976
0
LINE
8
BLACK
6
CONTINUOUS
10
6.4935697244094488
20
-4.474644488188976
11
6.4898031496062991
21
-4.4753937007874018
0
LINE
8
BLACK
6
CONTINUOUS
10
6.4898031496062991
20
-4.4753937007874018
11
6.4031889763779528
21
-4.4753937007874018
0
LINE
8
BLACK
6
CONTINUOUS
10
6.4031889763779528
20
-4.4753937007874018
11
6.3994224015748031
21
-4.474644488188976
0
LINE
8
BLACK
6
CONTINUOUS
10
6.3994224015748031
20
-4.474644488188976
11
6.3962292519685038
21
-4.4725109055118111
0
LINE
8
BLACK
6
CONTINUOUS
10
6.3962292519685038
20
-4.4725109055118111
11
6.3940956692913389
21
-4.4693177559055117
0
LINE
8
BLACK
6
CONTINUOUS
10
6.3940956692913389
20
-4.4693177559055117
11
6.393346456692913
21
-4.465551181102362
0
LINE
8
BLACK
6
CONTINUOUS
10
6.393346456692913
20
-4.465551181102362
11
6.393346456692913
21
-4.4458661417322833
0
LINE
8
BLACK
6
CONTINUOUS
10
6.393346456692913
20
-4.4458661417322833
11
6.3940956692913389
21
-4.4420995669291337
0
LINE
8
BLACK
6
CONTINUOUS
10
6.3940956692913389
20
-4.4420995669291337
11
6.3962292519685038
21
-4.4389064173228343
0
LINE
8
BLACK
6
CONTINUOUS
10
6.3962292519685038
20
-4.4389064173228343
11
6.3994224015748031
21
-4.4367728346456694
0
LINE
8
BLACK
6
CONTINUOUS
10
6.3994224015748031
20
-4.4367728346456694
11
6.4031889763779528
21
-4.4360236220472444
0
LINE
8
BLACK
6
CONTINUOUS
10
6.4031889763779528
20
-4.4360236220472444
11
6.4898031496062991
21
-4.4360236220472444
0
LINE
8
BLACK
6
CONTINUOUS
10
6.4898031496062991
20
-4.4360236220472444
11
6.4935697244094488
21
-4.4367728346456694
0
LINE
8
BLACK
6
CONTINUOUS
10
5.6162022440944881
20
-4.4277647244094487
11
5.6187567322834644
21
-4.4294716141732282
0
LINE
8
BLACK
6
CONTINUOUS
10
5.6187567322834644
20
-4.4294716141732282
11
5.6204636220472439
21
-4.4320261023622045
0
LINE
8
BLACK
6
CONTINUOUS
10
5.6204636220472439
20
-4.4320261023622045
11
5.6210629921259843
21
-4.4350393700787398
0
LINE
8
BLACK
6
CONTINUOUS
10
5.6210629921259843
20
-4.4350393700787398
11
5.6210629921259843
21
-4.4507874015748028
0
LINE
8
BLACK
6
CONTINUOUS
10
5.6210629921259843
20
-4.4507874015748028
11
5.6204636220472439
21
-4.4538006692913381
0
LINE
8
BLACK
6
CONTINUOUS
10
5.6204636220472439
20
-4.4538006692913381
11
5.6187567322834644
21
-4.4563551574803153
0
LINE
8
BLACK
6
CONTINUOUS
10
5.6187567322834644
20
-4.4563551574803153
11
5.6162022440944881
21
-4.4580620472440948
0
LINE
8
BLACK
6
CONTINUOUS
10
5.6162022440944881
20
-4.4580620472440948
11
5.6131889763779528
21
-4.4586614173228343
0
LINE
8
BLACK
6
CONTINUOUS
10
5.6131889763779528
20
-4.4586614173228343
11
5.5915354330708658
21
-4.4586614173228343
0
LINE
8
BLACK
6
CONTINUOUS
10
5.5915354330708658
20
-4.4586614173228343
11
5.5885221653543304
21
-4.4580620472440948
0
LINE
8
BLACK
6
CONTINUOUS
10
5.5885221653543304
20
-4.4580620472440948
11
5.5859676771653541
21
-4.4563551574803153
0
LINE
8
BLACK
6
CONTINUOUS
10
5.5859676771653541
20
-4.4563551574803153
11
5.5842607874015746
21
-4.4538006692913381
0
LINE
8
BLACK
6
CONTINUOUS
10
5.5842607874015746
20
-4.4538006692913381
11
5.5836614173228343
21
-4.4507874015748028
0
LINE
8
BLACK
6
CONTINUOUS
10
5.5836614173228343
20
-4.4507874015748028
11
5.5836614173228343
21
-4.4350393700787398
0
LINE
8
BLACK
6
CONTINUOUS
10
5.5836614173228343
20
-4.4350393700787398
11
5.5842607874015746
21
-4.4320261023622045
0
LINE
8
BLACK
6
CONTINUOUS
10
5.5842607874015746
20
-4.4320261023622045
11
5.5859676771653541
21
-4.4294716141732282
0
LINE
8
BLACK
6
CONTINUOUS
10
5.5859676771653541
20
-4.4294716141732282
11
5.5885221653543304
21
-4.4277647244094487
0
LINE
8
BLACK
6
CONTINUOUS
10
5.5885221653543304
20
-4.4277647244094487
11
5.5915354330708658
21
-4.4271653543307083
0
LINE
8
BLACK
6
CONTINUOUS
10
5.5915354330708658
20
-4.4271653543307083
11
5.6131889763779528
21
-4.4271653543307083
0
LINE
8
BLACK
6
CONTINUOUS
10
5.6131889763779528
20
-4.4271653543307083
11
5.6162022440944881
21
-4.4277647244094487
0
LINE
8
BLACK
6
CONTINUOUS
10
5.5488174015748033
20
-4.4238838976377952
11
5.5516114173228344
21
-4.4257507874015749
0
LINE
8
BLACK
6
CONTINUOUS
10
5.5516114173228344
20
-4.4257507874015749
11
5.5534783070866141
21
-4.428544803149606
0
LINE
8
BLACK
6
CONTINUOUS
10
5.5534783070866141
20
-4.428544803149606
11
5.5541338582677167
21
-4.4318405511811019
0
LINE
8
BLACK
6
CONTINUOUS
10
5.5541338582677167
20
-4.4318405511811019
11
5.5541338582677167
21
-4.4490649606299213
0
LINE
8
BLACK
6
CONTINUOUS
10
5.5541338582677167
20
-4.4490649606299213
11
5.5534783070866141
21
-4.4523607086614172
0
LINE
8
BLACK
6
CONTINUOUS
10
5.5534783070866141
20
-4.4523607086614172
11
5.5516114173228344
21
-4.4551547244094492
0
LINE
8
BLACK
6
CONTINUOUS
10
5.5516114173228344
20
-4.4551547244094492
11
5.5488174015748033
21
-4.457021614173228
0
LINE
8
BLACK
6
CONTINUOUS
10
5.5488174015748033
20
-4.457021614173228
11
5.5455216535433074
21
-4.4576771653543306
0
LINE
8
BLACK
6
CONTINUOUS
10
5.5455216535433074
20
-4.4576771653543306
11
5.5253444881889759
21
-4.4576771653543306
0
LINE
8
BLACK
6
CONTINUOUS
10
5.5253444881889759
20
-4.4576771653543306
11
5.52204874015748
21
-4.457021614173228
0
LINE
8
BLACK
6
CONTINUOUS
10
5.52204874015748
20
-4.457021614173228
11
5.519254724409449
21
-4.4551547244094492
0
LINE
8
BLACK
6
CONTINUOUS
10
5.519254724409449
20
-4.4551547244094492
11
5.5173878346456693
21
-4.4523607086614172
0
LINE
8
BLACK
6
CONTINUOUS
10
5.5173878346456693
20
-4.4523607086614172
11
5.5167322834645667
21
-4.4490649606299213
0
LINE
8
BLACK
6
CONTINUOUS
10
5.5167322834645667
20
-4.4490649606299213
11
5.5167322834645667
21
-4.4318405511811019
0
LINE
8
BLACK
6
CONTINUOUS
10
5.5167322834645667
20
-4.4318405511811019
11
5.5173878346456693
21
-4.428544803149606
0
LINE
8
BLACK
6
CONTINUOUS
10
5.5173878346456693
20
-4.428544803149606
11
5.519254724409449
21
-4.4257507874015749
0
LINE
8
BLACK
6
CONTINUOUS
10
5.519254724409449
20
-4.4257507874015749
11
5.52204874015748
21
-4.4238838976377952
0
LINE
8
BLACK
6
CONTINUOUS
10
5.52204874015748
20
-4.4238838976377952
11
5.5253444881889759
21
-4.4232283464566926
0
LINE
8
BLACK
6
CONTINUOUS
10
5.5253444881889759
20
-4.4232283464566926
11
5.5455216535433074
21
-4.4232283464566926
0
LINE
8
BLACK
6
CONTINUOUS
10
5.5455216535433074
20
-4.4232283464566926
11
5.5488174015748033
21
-4.4238838976377952
0
LINE
8
BLACK
6
CONTINUOUS
10
5.5488174015748033
20
-4.3618760236220471
11
5.5516114173228344
21
-4.3637429133858268
0
LINE
8
BLACK
6
CONTINUOUS
10
5.5516114173228344
20
-4.3637429133858268
11
5.5534783070866141
21
-4.3665369291338578
0
LINE
8
BLACK
6
CONTINUOUS
10
5.5534783070866141
20
-4.3665369291338578
11
5.5541338582677167
21
-4.3698326771653546
0
LINE
8
BLACK
6
CONTINUOUS
10
5.5541338582677167
20
-4.3698326771653546
11
5.5541338582677167
21
-4.3870570866141732
0
LINE
8
BLACK
6
CONTINUOUS
10
5.5541338582677167
20
-4.3870570866141732
11
5.5534783070866141
21
-4.3903528346456691
0
LINE
8
BLACK
6
CONTINUOUS
10
5.5534783070866141
20
-4.3903528346456691
11
5.5516114173228344
21
-4.393146850393701
0
LINE
8
BLACK
6
CONTINUOUS
10
5.5516114173228344
20
-4.393146850393701
11
5.5488174015748033
21
-4.3950137401574798
0
LINE
8
BLACK
6
CONTINUOUS
10
5.5488174015748033
20
-4.3950137401574798
11
5.5455216535433074
21
-4.3956692913385824
0
LINE
8
BLACK
6
CONTINUOUS
10
5.5455216535433074
20
-4.3956692913385824
11
5.5253444881889759
21
-4.3956692913385824
0
LINE
8
BLACK
6
CONTINUOUS
10
5.5253444881889759
20
-4.3956692913385824
11
5.52204874015748
21
-4.3950137401574798
0
LINE
8
BLACK
6
CONTINUOUS
10
5.52204874015748
20
-4.3950137401574798
11
5.519254724409449
21
-4.393146850393701
0
LINE
8
BLACK
6
CONTINUOUS
10
5.519254724409449
20
-4.393146850393701
11
5.5173878346456693
21
-4.3903528346456691
0
LINE
8
BLACK
6
CONTINUOUS
10
5.5173878346456693
20
-4.3903528346456691
11
5.5167322834645667
21
-4.3870570866141732
0
LINE
8
BLACK
6
CONTINUOUS
10
5.5167322834645667
20
-4.3870570866141732
11
5.5167322834645667
21
-4.3698326771653546
0
LINE
8
BLACK
6
CONTINUOUS
10
5.5167322834645667
20
-4.3698326771653546
11
5.5173878346456693
21
-4.3665369291338578
0
LINE
8
BLACK
6
CONTINUOUS
10
5.5173878346456693
20
-4.3665369291338578
11
5.519254724409449
21
-4.3637429133858268
0
LINE
8
BLACK
6
CONTINUOUS
10
5.519254724409449
20
-4.3637429133858268
11
5.52204874015748
21
-4.3618760236220471
0
LINE
8
BLACK
6
CONTINUOUS
10
5.52204874015748
20
-4.3618760236220471
11
5.5253444881889759
21
-4.3612204724409445
0
LINE
8
BLACK
6
CONTINUOUS
10
5.5253444881889759
20
-4.3612204724409445
11
5.5455216535433074
21
-4.3612204724409445
0
LINE
8
BLACK
6
CONTINUOUS
10
5.5455216535433074
20
-4.3612204724409445
11
5.5488174015748033
21
-4.3618760236220471
0
LINE
8
BLACK
6
CONTINUOUS
10
6.3503308267716534
20
-4.3715125196850391
11
6.3522466929133854
21
-4.3727926771653545
0
LINE
8
BLACK
6
CONTINUOUS
10
6.3522466929133854
20
-4.3727926771653545
11
6.3535268503937008
21
-4.3747085433070865
0
LINE
8
BLACK
6
CONTINUOUS
10
6.3535268503937008
20
-4.3747085433070865
11
6.3539763779527556
21
-4.3769685039370074
0
LINE
8
BLACK
6
CONTINUOUS
10
6.3539763779527556
20
-4.3769685039370074
11
6.3539763779527556
21
-4.3887795275590546
0
LINE
8
BLACK
6
CONTINUOUS
10
6.3539763779527556
20
-4.3887795275590546
11
6.3535268503937008
21
-4.3910394881889765
0
LINE
8
BLACK
6
CONTINUOUS
10
6.3535268503937008
20
-4.3910394881889765
11
6.3522466929133854
21
-4.3929553543307085
0
LINE
8
BLACK
6
CONTINUOUS
10
6.3522466929133854
20
-4.3929553543307085
11
6.3503308267716534
21
-4.3942355118110239
0
LINE
8
BLACK
6
CONTINUOUS
10
6.3503308267716534
20
-4.3942355118110239
11
6.3480708661417324
21
-4.3946850393700787
0
LINE
8
BLACK
6
CONTINUOUS
10
6.3480708661417324
20
-4.3946850393700787
11
6.2929527559055121
21
-4.3946850393700787
0
LINE
8
BLACK
6
CONTINUOUS
10
6.2929527559055121
20
-4.3946850393700787
11
6.2906927952755902
21
-4.3942355118110239
0
LINE
8
BLACK
6
CONTINUOUS
10
6.2906927952755902
20
-4.3942355118110239
11
6.2887769291338582
21
-4.3929553543307085
0
LINE
8
BLACK
6
CONTINUOUS
10
6.2887769291338582
20
-4.3929553543307085
11
6.2874967716535428
21
-4.3910394881889765
0
LINE
8
BLACK
6
CONTINUOUS
10
6.2874967716535428
20
-4.3910394881889765
11
6.287047244094488
21
-4.3887795275590546
0
LINE
8
BLACK
6
CONTINUOUS
10
6.287047244094488
20
-4.3887795275590546
11
6.287047244094488
21
-4.3769685039370074
0
LINE
8
BLACK
6
CONTINUOUS
10
6.287047244094488
20
-4.3769685039370074
11
6.2874967716535428
21
-4.3747085433070865
0
LINE
8
BLACK
6
CONTINUOUS
10
6.2874967716535428
20
-4.3747085433070865
11
6.2887769291338582
21
-4.3727926771653545
0
LINE
8
BLACK
6
CONTINUOUS
10
6.2887769291338582
20
-4.3727926771653545
11
6.2906927952755902
21
-4.3715125196850391
0
LINE
8
BLACK
6
CONTINUOUS
10
6.2906927952755902
20
-4.3715125196850391
11
6.2929527559055121
21
-4.3710629921259843
0
LINE
8
BLACK
6
CONTINUOUS
10
6.2929527559055121
20
-4.3710629921259843
11
6.3480708661417324
21
-4.3710629921259843
0
LINE
8
BLACK
6
CONTINUOUS
10
6.3480708661417324
20
-4.3710629921259843
11
6.3503308267716534
21
-4.3715125196850391
0
LINE
8
BLACK
6
CONTINUOUS
10
5.6162022440944881
20
-4.3628040944881885
11
5.6187567322834644
21
-4.364510984251968
0
LINE
8
BLACK
6
CONTINUOUS
10
5.6187567322834644
20
-4.364510984251968
11
5.6204636220472439
21
-4.3670654724409443
0
LINE
8
BLACK
6
CONTINUOUS
10
5.6204636220472439
20
-4.3670654724409443
11
5.6210629921259843
21
-4.3700787401574805
0
LINE
8
BLACK
6
CONTINUOUS
10
5.6210629921259843
20
-4.3700787401574805
11
5.6210629921259843
21
-4.3858267716535435
0
LINE
8
BLACK
6
CONTINUOUS
10
5.6210629921259843
20
-4.3858267716535435
11
5.6204636220472439
21
-4.3888400393700788
0
LINE
8
BLACK
6
CONTINUOUS
10
5.6204636220472439
20
-4.3888400393700788
11
5.6187567322834644
21
-4.3913945275590551
0
LINE
8
BLACK
6
CONTINUOUS
10
5.6187567322834644
20
-4.3913945275590551
11
5.6162022440944881
21
-4.3931014173228347
0
LINE
8
BLACK
6
CONTINUOUS
10
5.6162022440944881
20
-4.3931014173228347
11
5.6131889763779528
21
-4.393700787401575
0
LINE
8
BLACK
6
CONTINUOUS
10
5.6131889763779528
20
-4.393700787401575
11
5.5915354330708658
21
-4.393700787401575
0
LINE
8
BLACK
6
CONTINUOUS
10
5.5915354330708658
20
-4.393700787401575
11
5.5885221653543304
21
-4.3931014173228347
0
LINE
8
BLACK
6
CONTINUOUS
10
5.5885221653543304
20
-4.3931014173228347
11
5.5859676771653541
21
-4.3913945275590551
0
LINE
8
BLACK
6
CONTINUOUS
10
5.5859676771653541
20
-4.3913945275590551
11
5.5842607874015746
21
-4.3888400393700788
0
LINE
8
BLACK
6
CONTINUOUS
10
5.5842607874015746
20
-4.3888400393700788
11
5.5836614173228343
21
-4.3858267716535435
0
LINE
8
BLACK
6
CONTINUOUS
10
5.5836614173228343
20
-4.3858267716535435
11
5.5836614173228343
21
-4.3700787401574805
0
LINE
8
BLACK
6
CONTINUOUS
10
5.5836614173228343
20
-4.3700787401574805
11
5.5842607874015746
21
-4.3670654724409443
0
LINE
8
BLACK
6
CONTINUOUS
10
5.5842607874015746
20
-4.3670654724409443
11
5.5859676771653541
21
-4.364510984251968
0
LINE
8
BLACK
6
CONTINUOUS
10
5.5859676771653541
20
-4.364510984251968
11
5.5885221653543304
21
-4.3628040944881885
0
LINE
8
BLACK
6
CONTINUOUS
10
5.5885221653543304
20
-4.3628040944881885
11
5.5915354330708658
21
-4.3622047244094491
0
LINE
8
BLACK
6
CONTINUOUS
10
5.5915354330708658
20
-4.3622047244094491
11
5.6131889763779528
21
-4.3622047244094491
0
LINE
8
BLACK
6
CONTINUOUS
10
5.6131889763779528
20
-4.3622047244094491
11
5.6162022440944881
21
-4.3628040944881885
0
LINE
8
BLACK
6
CONTINUOUS
10
6.3503308267716534
20
-4.3222999212598427
11
6.3522466929133854
21
-4.3235800787401573
0
LINE
8
BLACK
6
CONTINUOUS
10
6.3522466929133854
20
-4.3235800787401573
11
6.3535268503937008
21
-4.3254959448818893
0
LINE
8
BLACK
6
CONTINUOUS
10
6.3535268503937008
20
-4.3254959448818893
11
6.3539763779527556
21
-4.3277559055118111
0
LINE
8
BLACK
6
CONTINUOUS
10
6.3539763779527556
20
-4.3277559055118111
11
6.3539763779527556
21
-4.3395669291338583
0
LINE
8
BLACK
6
CONTINUOUS
10
6.3539763779527556
20
-4.3395669291338583
11
6.3535268503937008
21
-4.3418268897637793
0
LINE
8
BLACK
6
CONTINUOUS
10
6.3535268503937008
20
-4.3418268897637793
11
6.3522466929133854
21
-4.3437427559055113
0
LINE
8
BLACK
6
CONTINUOUS
10
6.3522466929133854
20
-4.3437427559055113
11
6.3503308267716534
21
-4.3450229133858267
0
LINE
8
BLACK
6
CONTINUOUS
10
6.3503308267716534
20
-4.3450229133858267
11
6.3480708661417324
21
-4.3454724409448815
0
LINE
8
BLACK
6
CONTINUOUS
10
6.3480708661417324
20
-4.3454724409448815
11
6.2929527559055121
21
-4.3454724409448815
0
LINE
8
BLACK
6
CONTINUOUS
10
6.2929527559055121
20
-4.3454724409448815
11
6.2906927952755902
21
-4.3450229133858267
0
LINE
8
BLACK
6
CONTINUOUS
10
6.2906927952755902
20
-4.3450229133858267
11
6.2887769291338582
21
-4.3437427559055113
0
LINE
8
BLACK
6
CONTINUOUS
10
6.2887769291338582
20
-4.3437427559055113
11
6.2874967716535428
21
-4.3418268897637793
0
LINE
8
BLACK
6
CONTINUOUS
10
6.2874967716535428
20
-4.3418268897637793
11
6.287047244094488
21
-4.3395669291338583
0
LINE
8
BLACK
6
CONTINUOUS
10
6.287047244094488
20
-4.3395669291338583
11
6.287047244094488
21
-4.3277559055118111
0
LINE
8
BLACK
6
CONTINUOUS
10
6.287047244094488
20
-4.3277559055118111
11
6.2874967716535428
21
-4.3254959448818893
0
LINE
8
BLACK
6
CONTINUOUS
10
6.2874967716535428
20
-4.3254959448818893
11
6.2887769291338582
21
-4.3235800787401573
0
LINE
8
BLACK
6
CONTINUOUS
10
6.2887769291338582
20
-4.3235800787401573
11
6.2906927952755902
21
-4.3222999212598427
0
LINE
8
BLACK
6
CONTINUOUS
10
6.2906927952755902
20
-4.3222999212598427
11
6.2929527559055121
21
-4.3218503937007871
0
LINE
8
BLACK
6
CONTINUOUS
10
6.2929527559055121
20
-4.3218503937007871
11
6.3480708661417324
21
-4.3218503937007871
0
LINE
8
BLACK
6
CONTINUOUS
10
6.3480708661417324
20
-4.3218503937007871
11
6.3503308267716534
21
-4.3222999212598427
0
LINE
8
BLACK
6
CONTINUOUS
10
6.3503308267716534
20
-4.2730873228346455
11
6.3522466929133854
21
-4.2743674803149609
0
LINE
8
BLACK
6
CONTINUOUS
10
6.3522466929133854
20
-4.2743674803149609
11
6.3535268503937008
21
-4.2762833464566929
0
LINE
8
BLACK
6
CONTINUOUS
10
6.3535268503937008
20
-4.2762833464566929
11
6.3539763779527556
21
-4.2785433070866139
0
LINE
8
BLACK
6
CONTINUOUS
10
6.3539763779527556
20
-4.2785433070866139
11
6.3539763779527556
21
-4.2903543307086611
0
LINE
8
BLACK
6
CONTINUOUS
10
6.3539763779527556
20
-4.2903543307086611
11
6.3535268503937008
21
-4.292614291338583
0
LINE
8
BLACK
6
CONTINUOUS
10
6.3535268503937008
20
-4.292614291338583
11
6.3522466929133854
21
-4.294530157480315
0
LINE
8
BLACK
6
CONTINUOUS
10
6.3522466929133854
20
-4.294530157480315
11
6.3503308267716534
21
-4.2958103149606295
0
LINE
8
BLACK
6
CONTINUOUS
10
6.3503308267716534
20
-4.2958103149606295
11
6.3480708661417324
21
-4.2962598425196852
0
LINE
8
BLACK
6
CONTINUOUS
10
6.3480708661417324
20
-4.2962598425196852
11
6.2929527559055121
21
-4.2962598425196852
0
LINE
8
BLACK
6
CONTINUOUS
10
6.2929527559055121
20
-4.2962598425196852
11
6.2906927952755902
21
-4.2958103149606295
0
LINE
8
BLACK
6
CONTINUOUS
10
6.2906927952755902
20
-4.2958103149606295
11
6.2887769291338582
21
-4.294530157480315
0
LINE
8
BLACK
6
CONTINUOUS
10
6.2887769291338582
20
-4.294530157480315
11
6.2874967716535428
21
-4.292614291338583
0
LINE
8
BLACK
6
CONTINUOUS
10
6.2874967716535428
20
-4.292614291338583
11
6.287047244094488
21
-4.2903543307086611
0
LINE
8
BLACK
6
CONTINUOUS
10
6.287047244094488
20
-4.2903543307086611
11
6.287047244094488
21
-4.2785433070866139
0
LINE
8
BLACK
6
CONTINUOUS
10
6.287047244094488
20
-4.2785433070866139
11
6.2874967716535428
21
-4.2762833464566929
0
LINE
8
BLACK
6
CONTINUOUS
10
6.2874967716535428
20
-4.2762833464566929
11
6.2887769291338582
21
-4.2743674803149609
0
LINE
8
BLACK
6
CONTINUOUS
10
6.2887769291338582
20
-4.2743674803149609
11
6.2906927952755902
21
-4.2730873228346455
0
LINE
8
BLACK
6
CONTINUOUS
10
6.2906927952755902
20
-4.2730873228346455
11
6.2929527559055121
21
-4.2726377952755907
0
LINE
8
BLACK
6
CONTINUOUS
10
6.2929527559055121
20
-4.2726377952755907
11
6.3480708661417324
21
-4.2726377952755907
0
LINE
8
BLACK
6
CONTINUOUS
10
6.3480708661417324
20
-4.2726377952755907
11
6.3503308267716534
21
-4.2730873228346455
0
LINE
8
BLACK
6
CONTINUOUS
10
5.7140198425196846
20
-4.2290207480314956
11
5.7168936614173225
21
-4.2309409842519683
0
LINE
8
BLACK
6
CONTINUOUS
10
5.7168936614173225
20
-4.2309409842519683
11
5.7188138976377951
21
-4.2338148031496061
0
LINE
8
BLACK
6
CONTINUOUS
10
5.7188138976377951
20
-4.2338148031496061
11
5.7194881889763778
21
-4.2372047244094491
0
LINE
8
BLACK
6
CONTINUOUS
10
5.7194881889763778
20
-4.2372047244094491
11
5.7194881889763778
21
-4.2549212598425195
0
LINE
8
BLACK
6
CONTINUOUS
10
5.7194881889763778
20
-4.2549212598425195
11
5.7188138976377951
21
-4.2583111811023624
0
LINE
8
BLACK
6
CONTINUOUS
10
5.7188138976377951
20
-4.2583111811023624
11
5.7168936614173225
21
-4.2611850000000002
0
LINE
8
BLACK
6
CONTINUOUS
10
5.7168936614173225
20
-4.2611850000000002
11
5.7140198425196846
21
-4.263105236220472
0
LINE
8
BLACK
6
CONTINUOUS
10
5.7140198425196846
20
-4.263105236220472
11
5.7106299212598426
21
-4.2637795275590546
0
LINE
8
BLACK
6
CONTINUOUS
10
5.7106299212598426
20
-4.2637795275590546
11
5.6909448818897639
21
-4.2637795275590546
0
LINE
8
BLACK
6
CONTINUOUS
10
5.6909448818897639
20
-4.2637795275590546
11
5.6875549606299209
21
-4.263105236220472
0
LINE
8
BLACK
6
CONTINUOUS
10
5.6875549606299209
20
-4.263105236220472
11
5.6846811417322831
21
-4.2611850000000002
0
LINE
8
BLACK
6
CONTINUOUS
10
5.6846811417322831
20
-4.2611850000000002
11
5.6827609055118105
21
-4.2583111811023624
0
LINE
8
BLACK
6
CONTINUOUS
10
5.6827609055118105
20
-4.2583111811023624
11
5.6820866141732278
21
-4.2549212598425195
0
LINE
8
BLACK
6
CONTINUOUS
10
5.6820866141732278
20
-4.2549212598425195
11
5.6820866141732278
21
-4.2372047244094491
0
LINE
8
BLACK
6
CONTINUOUS
10
5.6820866141732278
20
-4.2372047244094491
11
5.6827609055118105
21
-4.2338148031496061
0
LINE
8
BLACK
6
CONTINUOUS
10
5.6827609055118105
20
-4.2338148031496061
11
5.6846811417322831
21
-4.2309409842519683
0
LINE
8
BLACK
6
CONTINUOUS
10
5.6846811417322831
20
-4.2309409842519683
11
5.6875549606299209
21
-4.2290207480314956
0
LINE
8
BLACK
6
CONTINUOUS
10
5.6875549606299209
20
-4.2290207480314956
11
5.6909448818897639
21
-4.228346456692913
0
LINE
8
BLACK
6
CONTINUOUS
10
5.6909448818897639
20
-4.228346456692913
11
5.7106299212598426
21
-4.228346456692913
0
LINE
8
BLACK
6
CONTINUOUS
10
5.7106299212598426
20
-4.228346456692913
11
5.7140198425196846
21
-4.2290207480314956
0
LINE
8
BLACK
6
CONTINUOUS
10
6.3503308267716534
20
-4.2238747244094483
11
6.3522466929133854
21
-4.2251548818897637
0
LINE
8
BLACK
6
CONTINUOUS
10
6.3522466929133854
20
-4.2251548818897637
11
6.3535268503937008
21
-4.2270707480314957
0
LINE
8
BLACK
6
CONTINUOUS
10
6.3535268503937008
20
-4.2270707480314957
11
6.3539763779527556
21
-4.2293307086614176
0
LINE
8
BLACK
6
CONTINUOUS
10
6.3539763779527556
20
-4.2293307086614176
11
6.3539763779527556
21
-4.2411417322834648
0
LINE
8
BLACK
6
CONTINUOUS
10
6.3539763779527556
20
-4.2411417322834648
11
6.3535268503937008
21
-4.2434016929133858
0
LINE
8
BLACK
6
CONTINUOUS
10
6.3535268503937008
20
-4.2434016929133858
11
6.3522466929133854
21
-4.2453175590551178
0
LINE
8
BLACK
6
CONTINUOUS
10
6.3522466929133854
20
-4.2453175590551178
11
6.3503308267716534
21
-4.2465977165354332
0
LINE
8
BLACK
6
CONTINUOUS
10
6.3503308267716534
20
-4.2465977165354332
11
6.3480708661417324
21
-4.247047244094488
0
LINE
8
BLACK
6
CONTINUOUS
10
6.3480708661417324
20
-4.247047244094488
11
6.2929527559055121
21
-4.247047244094488
0
LINE
8
BLACK
6
CONTINUOUS
10
6.2929527559055121
20
-4.247047244094488
11
6.2906927952755902
21
-4.2465977165354332
0
LINE
8
BLACK
6
CONTINUOUS
10
6.2906927952755902
20
-4.2465977165354332
11
6.2887769291338582
21
-4.2453175590551178
0
LINE
8
BLACK
6
CONTINUOUS
10
6.2887769291338582
20
-4.2453175590551178
11
6.2874967716535428
21
-4.2434016929133858
0
LINE
8
BLACK
6
CONTINUOUS
10
6.2874967716535428
20
-4.2434016929133858
11
6.287047244094488
21
-4.2411417322834648
0
LINE
8
BLACK
6
CONTINUOUS
10
6.287047244094488
20
-4.2411417322834648
11
6.287047244094488
21
-4.2293307086614176
0
LINE
8
BLACK
6
CONTINUOUS
10
6.287047244094488
20
-4.2293307086614176
11
6.2874967716535428
21
-4.2270707480314957
0
LINE
8
BLACK
6
CONTINUOUS
10
6.2874967716535428
20
-4.2270707480314957
11
6.2887769291338582
21
-4.2251548818897637
0
LINE
8
BLACK
6
CONTINUOUS
10
6.2887769291338582
20
-4.2251548818897637
11
6.2906927952755902
21
-4.2238747244094483
0
LINE
8
BLACK
6
CONTINUOUS
10
6.2906927952755902
20
-4.2238747244094483
11
6.2929527559055121
21
-4.2234251968503935
0
LINE
8
BLACK
6
CONTINUOUS
10
6.2929527559055121
20
-4.2234251968503935
11
6.3480708661417324
21
-4.2234251968503935
0
LINE
8
BLACK
6
CONTINUOUS
10
6.3480708661417324
20
-4.2234251968503935
11
6.3503308267716534
21
-4.2238747244094483
0
LINE
8
BLACK
6
CONTINUOUS
10
5.7866520472440941
20
-4.2024272047244091
11
5.7894460629921261
21
-4.2042940944881888
0
LINE
8
BLACK
6
CONTINUOUS
10
5.7894460629921261
20
-4.2042940944881888
11
5.7913129527559057
21
-4.2070881102362208
0
LINE
8
BLACK
6
CONTINUOUS
10
5.7913129527559057
20
-4.2070881102362208
11
5.7919685039370075
21
-4.2103838582677167
0
LINE
8
BLACK
6
CONTINUOUS
10
5.7919685039370075
20
-4.2103838582677167
11
5.7919685039370075
21
-4.2276082677165352
0
LINE
8
BLACK
6
CONTINUOUS
10
5.7919685039370075
20
-4.2276082677165352
11
5.7913129527559057
21
-4.2309040157480311
0
LINE
8
BLACK
6
CONTINUOUS
10
5.7913129527559057
20
-4.2309040157480311
11
5.7894460629921261
21
-4.2336980314960631
0
LINE
8
BLACK
6
CONTINUOUS
10
5.7894460629921261
20
-4.2336980314960631
11
5.7866520472440941
21
-4.2355649212598427
0
LINE
8
BLACK
6
CONTINUOUS
10
5.7866520472440941
20
-4.2355649212598427
11
5.7833562992125982
21
-4.2362204724409445
0
LINE
8
BLACK
6
CONTINUOUS
10
5.7833562992125982
20
-4.2362204724409445
11
5.7533366141732278
21
-4.2362204724409445
0
LINE
8
BLACK
6
CONTINUOUS
10
5.7533366141732278
20
-4.2362204724409445
11
5.7500408661417319
21
-4.2355649212598427
0
LINE
8
BLACK
6
CONTINUOUS
10
5.7500408661417319
20
-4.2355649212598427
11
5.7472468503937009
21
-4.2336980314960631
0
LINE
8
BLACK
6
CONTINUOUS
10
5.7472468503937009
20
-4.2336980314960631
11
5.7453799606299212
21
-4.2309040157480311
0
LINE
8
BLACK
6
CONTINUOUS
10
5.7453799606299212
20
-4.2309040157480311
11
5.7447244094488186
21
-4.2276082677165352
0
LINE
8
BLACK
6
CONTINUOUS
10
5.7447244094488186
20
-4.2276082677165352
11
5.7447244094488186
21
-4.2103838582677167
0
LINE
8
BLACK
6
CONTINUOUS
10
5.7447244094488186
20
-4.2103838582677167
11
5.7453799606299212
21
-4.2070881102362208
0
LINE
8
BLACK
6
CONTINUOUS
10
5.7453799606299212
20
-4.2070881102362208
11
5.7472468503937009
21
-4.2042940944881888
0
LINE
8
BLACK
6
CONTINUOUS
10
5.7472468503937009
20
-4.2042940944881888
11
5.7500408661417319
21
-4.2024272047244091
0
LINE
8
BLACK
6
CONTINUOUS
10
5.7500408661417319
20
-4.2024272047244091
11
5.7533366141732278
21
-4.2017716535433074
0
LINE
8
BLACK
6
CONTINUOUS
10
5.7533366141732278
20
-4.2017716535433074
11
5.7833562992125982
21
-4.2017716535433074
0
LINE
8
BLACK
6
CONTINUOUS
10
5.7833562992125982
20
-4.2017716535433074
11
5.7866520472440941
21
-4.2024272047244091
0
LINE
8
BLACK
6
CONTINUOUS
10
6.0650211417322835
20
-4.1984340157480311
11
6.0675756299212598
21
-4.2001409055118106
0
LINE
8
BLACK
6
CONTINUOUS
10
6.0675756299212598
20
-4.2001409055118106
11
6.0692825196850393
21
-4.2026953937007869
0
LINE
8
BLACK
6
CONTINUOUS
10
6.0692825196850393
20
-4.2026953937007869
11
6.0698818897637796
21
-4.2057086614173231
0
LINE
8
BLACK
6
CONTINUOUS
10
6.0698818897637796
20
-4.2057086614173231
11
6.0698818897637796
21
-4.2214566929133861
0
LINE
8
BLACK
6
CONTINUOUS
10
6.0698818897637796
20
-4.2214566929133861
11
6.0692825196850393
21
-4.2244699606299214
0
LINE
8
BLACK
6
CONTINUOUS
10
6.0692825196850393
20
-4.2244699606299214
11
6.0675756299212598
21
-4.2270244488188977
0
LINE
8
BLACK
6
CONTINUOUS
10
6.0675756299212598
20
-4.2270244488188977
11
6.0650211417322835
21
-4.2287313385826772
0
LINE
8
BLACK
6
CONTINUOUS
10
6.0650211417322835
20
-4.2287313385826772
11
6.0620078740157481
21
-4.2293307086614176
0
LINE
8
BLACK
6
CONTINUOUS
10
6.0620078740157481
20
-4.2293307086614176
11
6.0403543307086611
21
-4.2293307086614176
0
LINE
8
BLACK
6
CONTINUOUS
10
6.0403543307086611
20
-4.2293307086614176
11
6.0373410629921258
21
-4.2287313385826772
0
LINE
8
BLACK
6
CONTINUOUS
10
6.0373410629921258
20
-4.2287313385826772
11
6.0347865748031495
21
-4.2270244488188977
0
LINE
8
BLACK
6
CONTINUOUS
10
6.0347865748031495
20
-4.2270244488188977
11
6.03307968503937
21
-4.2244699606299214
0
LINE
8
BLACK
6
CONTINUOUS
10
6.03307968503937
20
-4.2244699606299214
11
6.0324803149606296
21
-4.2214566929133861
0
LINE
8
BLACK
6
CONTINUOUS
10
6.0324803149606296
20
-4.2214566929133861
11
6.0324803149606296
21
-4.2057086614173231
0
LINE
8
BLACK
6
CONTINUOUS
10
6.0324803149606296
20
-4.2057086614173231
11
6.03307968503937
21
-4.2026953937007869
0
LINE
8
BLACK
6
CONTINUOUS
10
6.03307968503937
20
-4.2026953937007869
11
6.0347865748031495
21
-4.2001409055118106
0
LINE
8
BLACK
6
CONTINUOUS
10
6.0347865748031495
20
-4.2001409055118106
11
6.0373410629921258
21
-4.1984340157480311
0
LINE
8
BLACK
6
CONTINUOUS
10
6.0373410629921258
20
-4.1984340157480311
11
6.0403543307086611
21
-4.1978346456692917
0
LINE
8
BLACK
6
CONTINUOUS
10
6.0403543307086611
20
-4.1978346456692917
11
6.0620078740157481
21
-4.1978346456692917
0
LINE
8
BLACK
6
CONTINUOUS
10
6.0620078740157481
20
-4.1978346456692917
11
6.0650211417322835
21
-4.1984340157480311
0
LINE
8
BLACK
6
CONTINUOUS
10
5.8478781102362207
20
-4.1827609055118113
11
5.8507519291338586
21
-4.1846811417322831
0
LINE
8
BLACK
6
CONTINUOUS
10
5.8507519291338586
20
-4.1846811417322831
11
5.8526721653543303
21
-4.1875549606299209
0
LINE
8
BLACK
6
CONTINUOUS
10
5.8526721653543303
20
-4.1875549606299209
11
5.853346456692913
21
-4.1909448818897639
0
LINE
8
BLACK
6
CONTINUOUS
10
5.853346456692913
20
-4.1909448818897639
11
5.853346456692913
21
-4.2086614173228343
0
LINE
8
BLACK
6
CONTINUOUS
10
5.853346456692913
20
-4.2086614173228343
11
5.8526721653543303
21
-4.2120513385826772
0
LINE
8
BLACK
6
CONTINUOUS
10
5.8526721653543303
20
-4.2120513385826772
11
5.8507519291338586
21
-4.214925157480315
0
LINE
8
BLACK
6
CONTINUOUS
10
5.8507519291338586
20
-4.214925157480315
11
5.8478781102362207
21
-4.2168453937007877
0
LINE
8
BLACK
6
CONTINUOUS
10
5.8478781102362207
20
-4.2168453937007877
11
5.8444881889763778
21
-4.2175196850393704
0
LINE
8
BLACK
6
CONTINUOUS
10
5.8444881889763778
20
-4.2175196850393704
11
5.8248031496062991
21
-4.2175196850393704
0
LINE
8
BLACK
6
CONTINUOUS
10
5.8248031496062991
20
-4.2175196850393704
11
5.8214132283464561
21
-4.2168453937007877
0
LINE
8
BLACK
6
CONTINUOUS
10
5.8214132283464561
20
-4.2168453937007877
11
5.8185394094488192
21
-4.214925157480315
0
LINE
8
BLACK
6
CONTINUOUS
10
5.8185394094488192
20
-4.214925157480315
11
5.8166191732283465
21
-4.2120513385826772
0
LINE
8
BLACK
6
CONTINUOUS
10
5.8166191732283465
20
-4.2120513385826772
11
5.8159448818897639
21
-4.2086614173228343
0
LINE
8
BLACK
6
CONTINUOUS
10
5.8159448818897639
20
-4.2086614173228343
11
5.8159448818897639
21
-4.1909448818897639
0
LINE
8
BLACK
6
CONTINUOUS
10
5.8159448818897639
20
-4.1909448818897639
11
5.8166191732283465
21
-4.1875549606299209
0
LINE
8
BLACK
6
CONTINUOUS
10
5.8166191732283465
20
-4.1875549606299209
11
5.8185394094488192
21
-4.1846811417322831
0
LINE
8
BLACK
6
CONTINUOUS
10
5.8185394094488192
20
-4.1846811417322831
11
5.8214132283464561
21
-4.1827609055118113
0
LINE
8
BLACK
6
CONTINUOUS
10
5.8214132283464561
20
-4.1827609055118113
11
5.8248031496062991
21
-4.1820866141732287
0
LINE
8
BLACK
6
CONTINUOUS
10
5.8248031496062991
20
-4.1820866141732287
11
5.8444881889763778
21
-4.1820866141732287
0
LINE
8
BLACK
6
CONTINUOUS
10
5.8444881889763778
20
-4.1820866141732287
11
5.8478781102362207
21
-4.1827609055118113
0
LINE
8
BLACK
6
CONTINUOUS
10
5.9075408267716538
20
-4.1866229921259839
11
5.9100953149606301
21
-4.1883298818897634
0
LINE
8
BLACK
6
CONTINUOUS
10
5.9100953149606301
20
-4.1883298818897634
11
5.9118022047244096
21
-4.1908843700787397
0
LINE
8
BLACK
6
CONTINUOUS
10
5.9118022047244096
20
-4.1908843700787397
11
5.9124015748031491
21
-4.1938976377952759
0
LINE
8
BLACK
6
CONTINUOUS
10
5.9124015748031491
20
-4.1938976377952759
11
5.9124015748031491
21
-4.2096456692913389
0
LINE
8
BLACK
6
CONTINUOUS
10
5.9124015748031491
20
-4.2096456692913389
11
5.9118022047244096
21
-4.2126589370078742
0
LINE
8
BLACK
6
CONTINUOUS
10
5.9118022047244096
20
-4.2126589370078742
11
5.9100953149606301
21
-4.2152134251968505
0
LINE
8
BLACK
6
CONTINUOUS
10
5.9100953149606301
20
-4.2152134251968505
11
5.9075408267716538
21
-4.21692031496063
0
LINE
8
BLACK
6
CONTINUOUS
10
5.9075408267716538
20
-4.21692031496063
11
5.9045275590551176
21
-4.2175196850393704
0
LINE
8
BLACK
6
CONTINUOUS
10
5.9045275590551176
20
-4.2175196850393704
11
5.8828740157480315
21
-4.2175196850393704
0
LINE
8
BLACK
6
CONTINUOUS
10
5.8828740157480315
20
-4.2175196850393704
11
5.8798607480314962
21
-4.21692031496063
0
LINE
8
BLACK
6
CONTINUOUS
10
5.8798607480314962
20
-4.21692031496063
11
5.8773062598425199
21
-4.2152134251968505
0
LINE
8
BLACK
6
CONTINUOUS
10
5.8773062598425199
20
-4.2152134251968505
11
5.8755993700787403
21
-4.2126589370078742
0
LINE
8
BLACK
6
CONTINUOUS
10
5.8755993700787403
20
-4.2126589370078742
11
5.875
21
-4.2096456692913389
0
LINE
8
BLACK
6
CONTINUOUS
10
5.875
20
-4.2096456692913389
11
5.875
21
-4.1938976377952759
0
LINE
8
BLACK
6
CONTINUOUS
10
5.875
20
-4.1938976377952759
11
5.8755993700787403
21
-4.1908843700787397
0
LINE
8
BLACK
6
CONTINUOUS
10
5.8755993700787403
20
-4.1908843700787397
11
5.8773062598425199
21
-4.1883298818897634
0
LINE
8
BLACK
6
CONTINUOUS
10
5.8773062598425199
20
-4.1883298818897634
11
5.8798607480314962
21
-4.1866229921259839
0
LINE
8
BLACK
6
CONTINUOUS
10
5.8798607480314962
20
-4.1866229921259839
11
5.8828740157480315
21
-4.1860236220472444
0
LINE
8
BLACK
6
CONTINUOUS
10
5.8828740157480315
20
-4.1860236220472444
11
5.9045275590551176
21
-4.1860236220472444
0
LINE
8
BLACK
6
CONTINUOUS
10
5.9045275590551176
20
-4.1860236220472444
11
5.9075408267716538
21
-4.1866229921259839
0
LINE
8
BLACK
6
CONTINUOUS
10
5.7140198425196846
20
-4.1679971259842521
11
5.7168936614173225
21
-4.1699173622047248
0
LINE
8
BLACK
6
CONTINUOUS
10
5.7168936614173225
20
-4.1699173622047248
11
5.7188138976377951
21
-4.1727911811023617
0
LINE
8
BLACK
6
CONTINUOUS
10
5.7188138976377951
20
-4.1727911811023617
11
5.7194881889763778
21
-4.1761811023622046
0
LINE
8
BLACK
6
CONTINUOUS
10
5.7194881889763778
20
-4.1761811023622046
11
5.7194881889763778
21
-4.1938976377952759
0
LINE
8
BLACK
6
CONTINUOUS
10
5.7194881889763778
20
-4.1938976377952759
11
5.7188138976377951
21
-4.197287559055118
0
LINE
8
BLACK
6
CONTINUOUS
10
5.7188138976377951
20
-4.197287559055118
11
5.7168936614173225
21
-4.2001613779527558
0
LINE
8
BLACK
6
CONTINUOUS
10
5.7168936614173225
20
-4.2001613779527558
11
5.7140198425196846
21
-4.2020816141732285
0
LINE
8
BLACK
6
CONTINUOUS
10
5.7140198425196846
20
-4.2020816141732285
11
5.7106299212598426
21
-4.2027559055118111
0
LINE
8
BLACK
6
CONTINUOUS
10
5.7106299212598426
20
-4.2027559055118111
11
5.6909448818897639
21
-4.2027559055118111
0
LINE
8
BLACK
6
CONTINUOUS
10
5.6909448818897639
20
-4.2027559055118111
11
5.6875549606299209
21
-4.2020816141732285
0
LINE
8
BLACK
6
CONTINUOUS
10
5.6875549606299209
20
-4.2020816141732285
11
5.6846811417322831
21
-4.2001613779527558
0
LINE
8
BLACK
6
CONTINUOUS
10
5.6846811417322831
20
-4.2001613779527558
11
5.6827609055118105
21
-4.197287559055118
0
LINE
8
BLACK
6
CONTINUOUS
10
5.6827609055118105
20
-4.197287559055118
11
5.6820866141732278
21
-4.1938976377952759
0
LINE
8
BLACK
6
CONTINUOUS
10
5.6820866141732278
20
-4.1938976377952759
11
5.6820866141732278
21
-4.1761811023622046
0
LINE
8
BLACK
6
CONTINUOUS
10
5.6820866141732278
20
-4.1761811023622046
11
5.6827609055118105
21
-4.1727911811023617
0
LINE
8
BLACK
6
CONTINUOUS
10
5.6827609055118105
20
-4.1727911811023617
11
5.6846811417322831
21
-4.1699173622047248
0
LINE
8
BLACK
6
CONTINUOUS
10
5.6846811417322831
20
-4.1699173622047248
11
5.6875549606299209
21
-4.1679971259842521
0
LINE
8
BLACK
6
CONTINUOUS
10
5.6875549606299209
20
-4.1679971259842521
11
5.6909448818897639
21
-4.1673228346456694
0
LINE
8
BLACK
6
CONTINUOUS
10
5.6909448818897639
20
-4.1673228346456694
11
5.7106299212598426
21
-4.1673228346456694
0
LINE
8
BLACK
6
CONTINUOUS
10
5.7106299212598426
20
-4.1673228346456694
11
5.7140198425196846
21
-4.1679971259842521
0
LINE
8
BLACK
6
CONTINUOUS
10
6.3503308267716534
20
-4.174662125984252
11
6.3522466929133854
21
-4.1759422834645665
0
LINE
8
BLACK
6
CONTINUOUS
10
6.3522466929133854
20
-4.1759422834645665
11
6.3535268503937008
21
-4.1778581496062994
0
LINE
8
BLACK
6
CONTINUOUS
10
6.3535268503937008
20
-4.1778581496062994
11
6.3539763779527556
21
-4.1801181102362204
0
LINE
8
BLACK
6
CONTINUOUS
10
6.3539763779527556
20
-4.1801181102362204
11
6.3539763779527556
21
-4.1919291338582676
0
LINE
8
BLACK
6
CONTINUOUS
10
6.3539763779527556
20
-4.1919291338582676
11
6.3535268503937008
21
-4.1941890944881886
0
LINE
8
BLACK
6
CONTINUOUS
10
6.3535268503937008
20
-4.1941890944881886
11
6.3522466929133854
21
-4.1961049606299214
0
LINE
8
BLACK
6
CONTINUOUS
10
6.3522466929133854
20
-4.1961049606299214
11
6.3503308267716534
21
-4.197385118110236
0
LINE
8
BLACK
6
CONTINUOUS
10
6.3503308267716534
20
-4.197385118110236
11
6.3480708661417324
21
-4.1978346456692917
0
LINE
8
BLACK
6
CONTINUOUS
10
6.3480708661417324
20
-4.1978346456692917
11
6.2929527559055121
21
-4.1978346456692917
0
LINE
8
BLACK
6
CONTINUOUS
10
6.2929527559055121
20
-4.1978346456692917
11
6.2906927952755902
21
-4.197385118110236
0
LINE
8
BLACK
6
CONTINUOUS
10
6.2906927952755902
20
-4.197385118110236
11
6.2887769291338582
21
-4.1961049606299214
0
LINE
8
BLACK
6
CONTINUOUS
10
6.2887769291338582
20
-4.1961049606299214
11
6.2874967716535428
21
-4.1941890944881886
0
LINE
8
BLACK
6
CONTINUOUS
10
6.2874967716535428
20
-4.1941890944881886
11
6.287047244094488
21
-4.1919291338582676
0
LINE
8
BLACK
6
CONTINUOUS
10
6.287047244094488
20
-4.1919291338582676
11
6.287047244094488
21
-4.1801181102362204
0
LINE
8
BLACK
6
CONTINUOUS
10
6.287047244094488
20
-4.1801181102362204
11
6.2874967716535428
21
-4.1778581496062994
0
LINE
8
BLACK
6
CONTINUOUS
10
6.2874967716535428
20
-4.1778581496062994
11
6.2887769291338582
21
-4.1759422834645665
0
LINE
8
BLACK
6
CONTINUOUS
10
6.2887769291338582
20
-4.1759422834645665
11
6.2906927952755902
21
-4.174662125984252
0
LINE
8
BLACK
6
CONTINUOUS
10
6.2906927952755902
20
-4.174662125984252
11
6.2929527559055121
21
-4.1742125984251963
0
LINE
8
BLACK
6
CONTINUOUS
10
6.2929527559055121
20
-4.1742125984251963
11
6.3480708661417324
21
-4.1742125984251963
0
LINE
8
BLACK
6
CONTINUOUS
10
6.3480708661417324
20
-4.1742125984251963
11
6.3503308267716534
21
-4.174662125984252
0
LINE
8
BLACK
6
CONTINUOUS
10
6.1274056692913383
20
-4.1512648425196845
11
6.1302794881889762
21
-4.1531850787401572
0
LINE
8
BLACK
6
CONTINUOUS
10
6.1302794881889762
20
-4.1531850787401572
11
6.1321997244094488
21
-4.156058897637795
0
LINE
8
BLACK
6
CONTINUOUS
10
6.1321997244094488
20
-4.156058897637795
11
6.1328740157480315
21
-4.159448818897638
0
LINE
8
BLACK
6
CONTINUOUS
10
6.1328740157480315
20
-4.159448818897638
11
6.1328740157480315
21
-4.1771653543307083
0
LINE
8
BLACK
6
CONTINUOUS
10
6.1328740157480315
20
-4.1771653543307083
11
6.1321997244094488
21
-4.1805552755905513
0
LINE
8
BLACK
6
CONTINUOUS
10
6.1321997244094488
20
-4.1805552755905513
11
6.1302794881889762
21
-4.1834290944881891
0
LINE
8
BLACK
6
CONTINUOUS
10
6.1302794881889762
20
-4.1834290944881891
11
6.1274056692913383
21
-4.1853493307086609
0
LINE
8
BLACK
6
CONTINUOUS
10
6.1274056692913383
20
-4.1853493307086609
11
6.1240157480314963
21
-4.1860236220472444
0
LINE
8
BLACK
6
CONTINUOUS
10
6.1240157480314963
20
-4.1860236220472444
11
6.1043307086614176
21
-4.1860236220472444
0
LINE
8
BLACK
6
CONTINUOUS
10
6.1043307086614176
20
-4.1860236220472444
11
6.1009407874015746
21
-4.1853493307086609
0
LINE
8
BLACK
6
CONTINUOUS
10
6.1009407874015746
20
-4.1853493307086609
11
6.0980669685039368
21
-4.1834290944881891
0
LINE
8
BLACK
6
CONTINUOUS
10
6.0980669685039368
20
-4.1834290944881891
11
6.0961467322834642
21
-4.1805552755905513
0
LINE
8
BLACK
6
CONTINUOUS
10
6.0961467322834642
20
-4.1805552755905513
11
6.0954724409448815
21
-4.1771653543307083
0
LINE
8
BLACK
6
CONTINUOUS
10
6.0954724409448815
20
-4.1771653543307083
11
6.0954724409448815
21
-4.159448818897638
0
LINE
8
BLACK
6
CONTINUOUS
10
6.0954724409448815
20
-4.159448818897638
11
6.0961467322834642
21
-4.156058897637795
0
LINE
8
BLACK
6
CONTINUOUS
10
6.0961467322834642
20
-4.156058897637795
11
6.0980669685039368
21
-4.1531850787401572
0
LINE
8
BLACK
6
CONTINUOUS
10
6.0980669685039368
20
-4.1531850787401572
11
6.1009407874015746
21
-4.1512648425196845
0
LINE
8
BLACK
6
CONTINUOUS
10
6.1009407874015746
20
-4.1512648425196845
11
6.1043307086614176
21
-4.1505905511811019
0
LINE
8
BLACK
6
CONTINUOUS
10
6.1043307086614176
20
-4.1505905511811019
11
6.1240157480314963
21
-4.1505905511811019
0
LINE
8
BLACK
6
CONTINUOUS
10
6.1240157480314963
20
-4.1505905511811019
11
6.1274056692913383
21
-4.1512648425196845
0
LINE
8
BLACK
6
CONTINUOUS
10
6.0650211417322835
20
-4.1334733858267718
11
6.0675756299212598
21
-4.1351802755905513
0
LINE
8
BLACK
6
CONTINUOUS
10
6.0675756299212598
20
-4.1351802755905513
11
6.0692825196850393
21
-4.1377347637795276
0
LINE
8
BLACK
6
CONTINUOUS
10
6.0692825196850393
20
-4.1377347637795276
11
6.0698818897637796
21
-4.140748031496063
0
LINE
8
BLACK
6
CONTINUOUS
10
6.0698818897637796
20
-4.140748031496063
11
6.0698818897637796
21
-4.1564960629921259
0
LINE
8
BLACK
6
CONTINUOUS
10
6.0698818897637796
20
-4.1564960629921259
11
6.0692825196850393
21
-4.1595093307086612
0
LINE
8
BLACK
6
CONTINUOUS
10
6.0692825196850393
20
-4.1595093307086612
11
6.0675756299212598
21
-4.1620638188976375
0
LINE
8
BLACK
6
CONTINUOUS
10
6.0675756299212598
20
-4.1620638188976375
11
6.0650211417322835
21
-4.1637707086614171
0
LINE
8
BLACK
6
CONTINUOUS
10
6.0650211417322835
20
-4.1637707086614171
11
6.0620078740157481
21
-4.1643700787401574
0
LINE
8
BLACK
6
CONTINUOUS
10
6.0620078740157481
20
-4.1643700787401574
11
6.0403543307086611
21
-4.1643700787401574
0
LINE
8
BLACK
6
CONTINUOUS
10
6.0403543307086611
20
-4.1643700787401574
11
6.0373410629921258
21
-4.1637707086614171
0
LINE
8
BLACK
6
CONTINUOUS
10
6.0373410629921258
20
-4.1637707086614171
11
6.0347865748031495
21
-4.1620638188976375
0
LINE
8
BLACK
6
CONTINUOUS
10
6.0347865748031495
20
-4.1620638188976375
11
6.03307968503937
21
-4.1595093307086612
0
LINE
8
BLACK
6
CONTINUOUS
10
6.03307968503937
20
-4.1595093307086612
11
6.0324803149606296
21
-4.1564960629921259
0
LINE
8
BLACK
6
CONTINUOUS
10
6.0324803149606296
20
-4.1564960629921259
11
6.0324803149606296
21
-4.140748031496063
0
LINE
8
BLACK
6
CONTINUOUS
10
6.0324803149606296
20
-4.140748031496063
11
6.03307968503937
21
-4.1377347637795276
0
LINE
8
BLACK
6
CONTINUOUS
10
6.03307968503937
20
-4.1377347637795276
11
6.0347865748031495
21
-4.1351802755905513
0
LINE
8
BLACK
6
CONTINUOUS
10
6.0347865748031495
20
-4.1351802755905513
11
6.0373410629921258
21
-4.1334733858267718
0
LINE
8
BLACK
6
CONTINUOUS
10
6.0373410629921258
20
-4.1334733858267718
11
6.0403543307086611
21
-4.1328740157480315
0
LINE
8
BLACK
6
CONTINUOUS
10
6.0403543307086611
20
-4.1328740157480315
11
6.0620078740157481
21
-4.1328740157480315
0
LINE
8
BLACK
6
CONTINUOUS
10
6.0620078740157481
20
-4.1328740157480315
11
6.0650211417322835
21
-4.1334733858267718
0
LINE
8
BLACK
6
CONTINUOUS
10
5.8478781102362207
20
-4.1217372834645669
11
5.8507519291338586
21
-4.1236575196850396
0
LINE
8
BLACK
6
CONTINUOUS
10
5.8507519291338586
20
-4.1236575196850396
11
5.8526721653543303
21
-4.1265313385826774
0
LINE
8
BLACK
6
CONTINUOUS
10
5.8526721653543303
20
-4.1265313385826774
11
5.853346456692913
21
-4.1299212598425195
0
LINE
8
BLACK
6
CONTINUOUS
10
5.853346456692913
20
-4.1299212598425195
11
5.853346456692913
21
-4.1476377952755907
0
LINE
8
BLACK
6
CONTINUOUS
10
5.853346456692913
20
-4.1476377952755907
11
5.8526721653543303
21
-4.1510277165354328
0
LINE
8
BLACK
6
CONTINUOUS
10
5.8526721653543303
20
-4.1510277165354328
11
5.8507519291338586
21
-4.1539015354330706
0
LINE
8
BLACK
6
CONTINUOUS
10
5.8507519291338586
20
-4.1539015354330706
11
5.8478781102362207
21
-4.1558217716535433
0
LINE
8
BLACK
6
CONTINUOUS
10
5.8478781102362207
20
-4.1558217716535433
11
5.8444881889763778
21
-4.1564960629921259
0
LINE
8
BLACK
6
CONTINUOUS
10
5.8444881889763778
20
-4.1564960629921259
11
5.8248031496062991
21
-4.1564960629921259
0
LINE
8
BLACK
6
CONTINUOUS
10
5.8248031496062991
20
-4.1564960629921259
11
5.8214132283464561
21
-4.1558217716535433
0
LINE
8
BLACK
6
CONTINUOUS
10
5.8214132283464561
20
-4.1558217716535433
11
5.8185394094488192
21
-4.1539015354330706
0
LINE
8
BLACK
6
CONTINUOUS
10
5.8185394094488192
20
-4.1539015354330706
11
5.8166191732283465
21
-4.1510277165354328
0
LINE
8
BLACK
6
CONTINUOUS
10
5.8166191732283465
20
-4.1510277165354328
11
5.8159448818897639
21
-4.1476377952755907
0
LINE
8
BLACK
6
CONTINUOUS
10
5.8159448818897639
20
-4.1476377952755907
11
5.8159448818897639
21
-4.1299212598425195
0
LINE
8
BLACK
6
CONTINUOUS
10
5.8159448818897639
20
-4.1299212598425195
11
5.8166191732283465
21
-4.1265313385826774
0
LINE
8
BLACK
6
CONTINUOUS
10
5.8166191732283465
20
-4.1265313385826774
11
5.8185394094488192
21
-4.1236575196850396
0
LINE
8
BLACK
6
CONTINUOUS
10
5.8185394094488192
20
-4.1236575196850396
11
5.8214132283464561
21
-4.1217372834645669
0
LINE
8
BLACK
6
CONTINUOUS
10
5.8214132283464561
20
-4.1217372834645669
11
5.8248031496062991
21
-4.1210629921259843
0
LINE
8
BLACK
6
CONTINUOUS
10
5.8248031496062991
20
-4.1210629921259843
11
5.8444881889763778
21
-4.1210629921259843
0
LINE
8
BLACK
6
CONTINUOUS
10
5.8444881889763778
20
-4.1210629921259843
11
5.8478781102362207
21
-4.1217372834645669
0
LINE
8
BLACK
6
CONTINUOUS
10
5.7866520472440941
20
-4.1187657874015748
11
5.7894460629921261
21
-4.1206326771653545
0
LINE
8
BLACK
6
CONTINUOUS
10
5.7894460629921261
20
-4.1206326771653545
11
5.7913129527559057
21
-4.1234266929133856
0
LINE
8
BLACK
6
CONTINUOUS
10
5.7913129527559057
20
-4.1234266929133856
11
5.7919685039370075
21
-4.1267224409448815
0
LINE
8
BLACK
6
CONTINUOUS
10
5.7919685039370075
20
-4.1267224409448815
11
5.7919685039370075
21
-4.1439468503937009
0
LINE
8
BLACK
6
CONTINUOUS
10
5.7919685039370075
20
-4.1439468503937009
11
5.7913129527559057
21
-4.1472425984251968
0
LINE
8
BLACK
6
CONTINUOUS
10
5.7913129527559057
20
-4.1472425984251968
11
5.7894460629921261
21
-4.1500366141732279
0
LINE
8
BLACK
6
CONTINUOUS
10
5.7894460629921261
20
-4.1500366141732279
11
5.7866520472440941
21
-4.1519035039370076
0
LINE
8
BLACK
6
CONTINUOUS
10
5.7866520472440941
20
-4.1519035039370076
11
5.7833562992125982
21
-4.1525590551181102
0
LINE
8
BLACK
6
CONTINUOUS
10
5.7833562992125982
20
-4.1525590551181102
11
5.7533366141732278
21
-4.1525590551181102
0
LINE
8
BLACK
6
CONTINUOUS
10
5.7533366141732278
20
-4.1525590551181102
11
5.7500408661417319
21
-4.1519035039370076
0
LINE
8
BLACK
6
CONTINUOUS
10
5.7500408661417319
20
-4.1519035039370076
11
5.7472468503937009
21
-4.1500366141732279
0
LINE
8
BLACK
6
CONTINUOUS
10
5.7472468503937009
20
-4.1500366141732279
11
5.7453799606299212
21
-4.1472425984251968
0
LINE
8
BLACK
6
CONTINUOUS
10
5.7453799606299212
20
-4.1472425984251968
11
5.7447244094488186
21
-4.1439468503937009
0
LINE
8
BLACK
6
CONTINUOUS
10
5.7447244094488186
20
-4.1439468503937009
11
5.7447244094488186
21
-4.1267224409448815
0
LINE
8
BLACK
6
CONTINUOUS
10
5.7447244094488186
20
-4.1267224409448815
11
5.7453799606299212
21
-4.1234266929133856
0
LINE
8
BLACK
6
CONTINUOUS
10
5.7453799606299212
20
-4.1234266929133856
11
5.7472468503937009
21
-4.1206326771653545
0
LINE
8
BLACK
6
CONTINUOUS
10
5.7472468503937009
20
-4.1206326771653545
11
5.7500408661417319
21
-4.1187657874015748
0
LINE
8
BLACK
6
CONTINUOUS
10
5.7500408661417319
20
-4.1187657874015748
11
5.7533366141732278
21
-4.1181102362204722
0
LINE
8
BLACK
6
CONTINUOUS
10
5.7533366141732278
20
-4.1181102362204722
11
5.7833562992125982
21
-4.1181102362204722
0
LINE
8
BLACK
6
CONTINUOUS
10
5.7833562992125982
20
-4.1181102362204722
11
5.7866520472440941
21
-4.1187657874015748
0
LINE
8
BLACK
6
CONTINUOUS
10
5.9075408267716538
20
-4.1216623622047246
11
5.9100953149606301
21
-4.1233692519685041
0
LINE
8
BLACK
6
CONTINUOUS
10
5.9100953149606301
20
-4.1233692519685041
11
5.9118022047244096
21
-4.1259237401574804
0
LINE
8
BLACK
6
CONTINUOUS
10
5.9118022047244096
20
-4.1259237401574804
11
5.9124015748031491
21
-4.1289370078740157
0
LINE
8
BLACK
6
CONTINUOUS
10
5.9124015748031491
20
-4.1289370078740157
11
5.9124015748031491
21
-4.1446850393700787
0
LINE
8
BLACK
6
CONTINUOUS
10
5.9124015748031491
20
-4.1446850393700787
11
5.9118022047244096
21
-4.147698307086614
0
LINE
8
BLACK
6
CONTINUOUS
10
5.9118022047244096
20
-4.147698307086614
11
5.9100953149606301
21
-4.1502527952755903
0
LINE
8
BLACK
6
CONTINUOUS
10
5.9100953149606301
20
-4.1502527952755903
11
5.9075408267716538
21
-4.1519596850393699
0
LINE
8
BLACK
6
CONTINUOUS
10
5.9075408267716538
20
-4.1519596850393699
11
5.9045275590551176
21
-4.1525590551181102
0
LINE
8
BLACK
6
CONTINUOUS
10
5.9045275590551176
20
-4.1525590551181102
11
5.8828740157480315
21
-4.1525590551181102
0
LINE
8
BLACK
6
CONTINUOUS
10
5.8828740157480315
20
-4.1525590551181102
11
5.8798607480314962
21
-4.1519596850393699
0
LINE
8
BLACK
6
CONTINUOUS
10
5.8798607480314962
20
-4.1519596850393699
11
5.8773062598425199
21
-4.1502527952755903
0
LINE
8
BLACK
6
CONTINUOUS
10
5.8773062598425199
20
-4.1502527952755903
11
5.8755993700787403
21
-4.147698307086614
0
LINE
8
BLACK
6
CONTINUOUS
10
5.8755993700787403
20
-4.147698307086614
11
5.875
21
-4.1446850393700787
0
LINE
8
BLACK
6
CONTINUOUS
10
5.875
20
-4.1446850393700787
11
5.875
21
-4.1289370078740157
0
LINE
8
BLACK
6
CONTINUOUS
10
5.875
20
-4.1289370078740157
11
5.8755993700787403
21
-4.1259237401574804
0
LINE
8
BLACK
6
CONTINUOUS
10
5.8755993700787403
20
-4.1259237401574804
11
5.8773062598425199
21
-4.1233692519685041
0
LINE
8
BLACK
6
CONTINUOUS
10
5.8773062598425199
20
-4.1233692519685041
11
5.8798607480314962
21
-4.1216623622047246
0
LINE
8
BLACK
6
CONTINUOUS
10
5.8798607480314962
20
-4.1216623622047246
11
5.8828740157480315
21
-4.1210629921259843
0
LINE
8
BLACK
6
CONTINUOUS
10
5.8828740157480315
20
-4.1210629921259843
11
5.9045275590551176
21
-4.1210629921259843
0
LINE
8
BLACK
6
CONTINUOUS
10
5.9045275590551176
20
-4.1210629921259843
11
5.9075408267716538
21
-4.1216623622047246
0
LINE
8
BLACK
6
CONTINUOUS
10
6.3503308267716534
20
-4.1254495275590548
11
6.3522466929133854
21
-4.1267296850393702
0
LINE
8
BLACK
6
CONTINUOUS
10
6.3522466929133854
20
-4.1267296850393702
11
6.3535268503937008
21
-4.1286455511811022
0
LINE
8
BLACK
6
CONTINUOUS
10
6.3535268503937008
20
-4.1286455511811022
11
6.3539763779527556
21
-4.1309055118110232
0
LINE
8
BLACK
6
CONTINUOUS
10
6.3539763779527556
20
-4.1309055118110232
11
6.3539763779527556
21
-4.1427165354330704
0
LINE
8
BLACK
6
CONTINUOUS
10
6.3539763779527556
20
-4.1427165354330704
11
6.3535268503937008
21
-4.1449764960629922
0
LINE
8
BLACK
6
CONTINUOUS
10
6.3535268503937008
20
-4.1449764960629922
11
6.3522466929133854
21
-4.1468923622047242
0
LINE
8
BLACK
6
CONTINUOUS
10
6.3522466929133854
20
-4.1468923622047242
11
6.3503308267716534
21
-4.1481725196850396
0
LINE
8
BLACK
6
CONTINUOUS
10
6.3503308267716534
20
-4.1481725196850396
11
6.3480708661417324
21
-4.1486220472440944
0
LINE
8
BLACK
6
CONTINUOUS
10
6.3480708661417324
20
-4.1486220472440944
11
6.2929527559055121
21
-4.1486220472440944
0
LINE
8
BLACK
6
CONTINUOUS
10
6.2929527559055121
20
-4.1486220472440944
11
6.2906927952755902
21
-4.1481725196850396
0
LINE
8
BLACK
6
CONTINUOUS
10
6.2906927952755902
20
-4.1481725196850396
11
6.2887769291338582
21
-4.1468923622047242
0
LINE
8
BLACK
6
CONTINUOUS
10
6.2887769291338582
20
-4.1468923622047242
11
6.2874967716535428
21
-4.1449764960629922
0
LINE
8
BLACK
6
CONTINUOUS
10
6.2874967716535428
20
-4.1449764960629922
11
6.287047244094488
21
-4.1427165354330704
0
LINE
8
BLACK
6
CONTINUOUS
10
6.287047244094488
20
-4.1427165354330704
11
6.287047244094488
21
-4.1309055118110232
0
LINE
8
BLACK
6
CONTINUOUS
10
6.287047244094488
20
-4.1309055118110232
11
6.2874967716535428
21
-4.1286455511811022
0
LINE
8
BLACK
6
CONTINUOUS
10
6.2874967716535428
20
-4.1286455511811022
11
6.2887769291338582
21
-4.1267296850393702
0
LINE
8
BLACK
6
CONTINUOUS
10
6.2887769291338582
20
-4.1267296850393702
11
6.2906927952755902
21
-4.1254495275590548
0
LINE
8
BLACK
6
CONTINUOUS
10
6.2906927952755902
20
-4.1254495275590548
11
6.2929527559055121
21
-4.125
0
LINE
8
BLACK
6
CONTINUOUS
10
6.2929527559055121
20
-4.125
11
6.3480708661417324
21
-4.125
0
LINE
8
BLACK
6
CONTINUOUS
10
6.3480708661417324
20
-4.125
11
6.3503308267716534
21
-4.1254495275590548
0
LINE
8
BLACK
6
CONTINUOUS
10
6.1274056692913383
20
-4.090241220472441
11
6.1302794881889762
21
-4.0921614566929136
0
LINE
8
BLACK
6
CONTINUOUS
10
6.1302794881889762
20
-4.0921614566929136
11
6.1321997244094488
21
-4.0950352755905515
0
LINE
8
BLACK
6
CONTINUOUS
10
6.1321997244094488
20
-4.0950352755905515
11
6.1328740157480315
21
-4.0984251968503935
0
LINE
8
BLACK
6
CONTINUOUS
10
6.1328740157480315
20
-4.0984251968503935
11
6.1328740157480315
21
-4.1161417322834648
0
LINE
8
BLACK
6
CONTINUOUS
10
6.1328740157480315
20
-4.1161417322834648
11
6.1321997244094488
21
-4.1195316535433069
0
LINE
8
BLACK
6
CONTINUOUS
10
6.1321997244094488
20
-4.1195316535433069
11
6.1302794881889762
21
-4.1224054724409447
0
LINE
8
BLACK
6
CONTINUOUS
10
6.1302794881889762
20
-4.1224054724409447
11
6.1274056692913383
21
-4.1243257086614173
0
LINE
8
BLACK
6
CONTINUOUS
10
6.1274056692913383
20
-4.1243257086614173
11
6.1240157480314963
21
-4.125
0
LINE
8
BLACK
6
CONTINUOUS
10
6.1240157480314963
20
-4.125
11
6.1043307086614176
21
-4.125
0
LINE
8
BLACK
6
CONTINUOUS
10
6.1043307086614176
20
-4.125
11
6.1009407874015746
21
-4.1243257086614173
0
LINE
8
BLACK
6
CONTINUOUS
10
6.1009407874015746
20
-4.1243257086614173
11
6.0980669685039368
21
-4.1224054724409447
0
LINE
8
BLACK
6
CONTINUOUS
10
6.0980669685039368
20
-4.1224054724409447
11
6.0961467322834642
21
-4.1195316535433069
0
LINE
8
BLACK
6
CONTINUOUS
10
6.0961467322834642
20
-4.1195316535433069
11
6.0954724409448815
21
-4.1161417322834648
0
LINE
8
BLACK
6
CONTINUOUS
10
6.0954724409448815
20
-4.1161417322834648
11
6.0954724409448815
21
-4.0984251968503935
0
LINE
8
BLACK
6
CONTINUOUS
10
6.0954724409448815
20
-4.0984251968503935
11
6.0961467322834642
21
-4.0950352755905515
0
LINE
8
BLACK
6
CONTINUOUS
10
6.0961467322834642
20
-4.0950352755905515
11
6.0980669685039368
21
-4.0921614566929136
0
LINE
8
BLACK
6
CONTINUOUS
10
6.0980669685039368
20
-4.0921614566929136
11
6.1009407874015746
21
-4.090241220472441
0
LINE
8
BLACK
6
CONTINUOUS
10
6.1009407874015746
20
-4.090241220472441
11
6.1043307086614176
21
-4.0895669291338583
0
LINE
8
BLACK
6
CONTINUOUS
10
6.1043307086614176
20
-4.0895669291338583
11
6.1240157480314963
21
-4.0895669291338583
0
LINE
8
BLACK
6
CONTINUOUS
10
6.1240157480314963
20
-4.0895669291338583
11
6.1274056692913383
21
-4.090241220472441
0
LINE
8
BLACK
6
CONTINUOUS
10
5.6661889763779527
20
-4.0872834645669291
11
5.6209133858267712
21
-4.0872834645669291
0
LINE
8
BLACK
6
CONTINUOUS
10
5.6209133858267712
20
-4.0872834645669291
11
5.6209133858267712
21
-4.0636614173228347
0
LINE
8
BLACK
6
CONTINUOUS
10
5.6209133858267712
20
-4.0636614173228347
11
5.6661889763779527
21
-4.0636614173228347
0
LINE
8
BLACK
6
CONTINUOUS
10
5.6661889763779527
20
-4.0636614173228347
11
5.6661889763779527
21
-4.0872834645669291
0
LINE
8
BLACK
6
CONTINUOUS
10
6.4935697244094488
20
-4.0450405511811018
11
6.4967628740157481
21
-4.0471741338582676
0
LINE
8
BLACK
6
CONTINUOUS
10
6.4967628740157481
20
-4.0471741338582676
11
6.498896456692913
21
-4.050367283464567
0
LINE
8
BLACK
6
CONTINUOUS
10
6.498896456692913
20
-4.050367283464567
11
6.499645669291338
21
-4.0541338582677167
0
LINE
8
BLACK
6
CONTINUOUS
10
6.499645669291338
20
-4.0541338582677167
11
6.499645669291338
21
-4.0738188976377954
0
LINE
8
BLACK
6
CONTINUOUS
10
6.499645669291338
20
-4.0738188976377954
11
6.498896456692913
21
-4.077585472440945
0
LINE
8
BLACK
6
CONTINUOUS
10
6.498896456692913
20
-4.077585472440945
11
6.4967628740157481
21
-4.0807786220472444
0
LINE
8
BLACK
6
CONTINUOUS
10
6.4967628740157481
20
-4.0807786220472444
11
6.4935697244094488
21
-4.0829122047244093
0
LINE
8
BLACK
6
CONTINUOUS
10
6.4935697244094488
20
-4.0829122047244093
11
6.4898031496062991
21
-4.0836614173228343
0
LINE
8
BLACK
6
CONTINUOUS
10
6.4898031496062991
20
-4.0836614173228343
11
6.4031889763779528
21
-4.0836614173228343
0
LINE
8
BLACK
6
CONTINUOUS
10
6.4031889763779528
20
-4.0836614173228343
11
6.3994224015748031
21
-4.0829122047244093
0
LINE
8
BLACK
6
CONTINUOUS
10
6.3994224015748031
20
-4.0829122047244093
11
6.3962292519685038
21
-4.0807786220472444
0
LINE
8
BLACK
6
CONTINUOUS
10
6.3962292519685038
20
-4.0807786220472444
11
6.3940956692913389
21
-4.077585472440945
0
LINE
8
BLACK
6
CONTINUOUS
10
6.3940956692913389
20
-4.077585472440945
11
6.393346456692913
21
-4.0738188976377954
0
LINE
8
BLACK
6
CONTINUOUS
10
6.393346456692913
20
-4.0738188976377954
11
6.393346456692913
21
-4.0541338582677167
0
LINE
8
BLACK
6
CONTINUOUS
10
6.393346456692913
20
-4.0541338582677167
11
6.3940956692913389
21
-4.050367283464567
0
LINE
8
BLACK
6
CONTINUOUS
10
6.3940956692913389
20
-4.050367283464567
11
6.3962292519685038
21
-4.0471741338582676
0
LINE
8
BLACK
6
CONTINUOUS
10
6.3962292519685038
20
-4.0471741338582676
11
6.3994224015748031
21
-4.0450405511811018
0
LINE
8
BLACK
6
CONTINUOUS
10
6.3994224015748031
20
-4.0450405511811018
11
6.4031889763779528
21
-4.0442913385826769
0
LINE
8
BLACK
6
CONTINUOUS
10
6.4031889763779528
20
-4.0442913385826769
11
6.4898031496062991
21
-4.0442913385826769
0
LINE
8
BLACK
6
CONTINUOUS
10
6.4898031496062991
20
-4.0442913385826769
11
6.4935697244094488
21
-4.0450405511811018
0
LINE
8
BLACK
6
CONTINUOUS
10
6.1870683858267714
20
-4.0380009448818894
11
6.1896228740157477
21
-4.039707834645669
0
LINE
8
BLACK
6
CONTINUOUS
10
6.1896228740157477
20
-4.039707834645669
11
6.1913297637795273
21
-4.0422623228346453
0
LINE
8
BLACK
6
CONTINUOUS
10
6.1913297637795273
20
-4.0422623228346453
11
6.1919291338582676
21
-4.0452755905511806
0
LINE
8
BLACK
6
CONTINUOUS
10
6.1919291338582676
20
-4.0452755905511806
11
6.1919291338582676
21
-4.0610236220472444
0
LINE
8
BLACK
6
CONTINUOUS
10
6.1919291338582676
20
-4.0610236220472444
11
6.1913297637795273
21
-4.0640368897637797
0
LINE
8
BLACK
6
CONTINUOUS
10
6.1913297637795273
20
-4.0640368897637797
11
6.1896228740157477
21
-4.066591377952756
0
LINE
8
BLACK
6
CONTINUOUS
10
6.1896228740157477
20
-4.066591377952756
11
6.1870683858267714
21
-4.0682982677165356
0
LINE
8
BLACK
6
CONTINUOUS
10
6.1870683858267714
20
-4.0682982677165356
11
6.1840551181102361
21
-4.0688976377952759
0
LINE
8
BLACK
6
CONTINUOUS
10
6.1840551181102361
20
-4.0688976377952759
11
6.1624015748031491
21
-4.0688976377952759
0
LINE
8
BLACK
6
CONTINUOUS
10
6.1624015748031491
20
-4.0688976377952759
11
6.1593883070866138
21
-4.0682982677165356
0
LINE
8
BLACK
6
CONTINUOUS
10
6.1593883070866138
20
-4.0682982677165356
11
6.1568338188976375
21
-4.066591377952756
0
LINE
8
BLACK
6
CONTINUOUS
10
6.1568338188976375
20
-4.066591377952756
11
6.1551269291338579
21
-4.0640368897637797
0
LINE
8
BLACK
6
CONTINUOUS
10
6.1551269291338579
20
-4.0640368897637797
11
6.1545275590551176
21
-4.0610236220472444
0
LINE
8
BLACK
6
CONTINUOUS
10
6.1545275590551176
20
-4.0610236220472444
11
6.1545275590551176
21
-4.0452755905511806
0
LINE
8
BLACK
6
CONTINUOUS
10
6.1545275590551176
20
-4.0452755905511806
11
6.1551269291338579
21
-4.0422623228346453
0
LINE
8
BLACK
6
CONTINUOUS
10
6.1551269291338579
20
-4.0422623228346453
11
6.1568338188976375
21
-4.039707834645669
0
LINE
8
BLACK
6
CONTINUOUS
10
6.1568338188976375
20
-4.039707834645669
11
6.1593883070866138
21
-4.0380009448818894
0
LINE
8
BLACK
6
CONTINUOUS
10
6.1593883070866138
20
-4.0380009448818894
11
6.1624015748031491
21
-4.0374015748031491
0
LINE
8
BLACK
6
CONTINUOUS
10
6.1624015748031491
20
-4.0374015748031491
11
6.1840551181102361
21
-4.0374015748031491
0
LINE
8
BLACK
6
CONTINUOUS
10
6.1840551181102361
20
-4.0374015748031491
11
6.1870683858267714
21
-4.0380009448818894
0
LINE
8
BLACK
6
CONTINUOUS
10
6.0034022834645668
20
-4.0247936220472438
11
6.0042005511811025
21
-4.025327007874016
0
LINE
8
BLACK
6
CONTINUOUS
10
6.0042005511811025
20
-4.025327007874016
11
6.0047339370078738
21
-4.0261252755905508
0
LINE
8
BLACK
6
CONTINUOUS
10
6.0047339370078738
20
-4.0261252755905508
11
6.0049212598425195
21
-4.0270669291338583
0
LINE
8
BLACK
6
CONTINUOUS
10
6.0049212598425195
20
-4.0270669291338583
11
6.0049212598425195
21
-4.0546259842519685
0
LINE
8
BLACK
6
CONTINUOUS
10
6.0049212598425195
20
-4.0546259842519685
11
6.0047339370078738
21
-4.0555676377952752
0
LINE
8
BLACK
6
CONTINUOUS
10
6.0047339370078738
20
-4.0555676377952752
11
6.0042005511811025
21
-4.0563659055118109
0
LINE
8
BLACK
6
CONTINUOUS
10
6.0042005511811025
20
-4.0563659055118109
11
6.0034022834645668
21
-4.0568992913385822
0
LINE
8
BLACK
6
CONTINUOUS
10
6.0034022834645668
20
-4.0568992913385822
11
6.0024606299212593
21
-4.0570866141732287
0
LINE
8
BLACK
6
CONTINUOUS
10
6.0024606299212593
20
-4.0570866141732287
11
5.9975393700787398
21
-4.0570866141732287
0
LINE
8
BLACK
6
CONTINUOUS
10
5.9975393700787398
20
-4.0570866141732287
11
5.9965977165354332
21
-4.0568992913385822
0
LINE
8
BLACK
6
CONTINUOUS
10
5.9965977165354332
20
-4.0568992913385822
11
5.9957994488188975
21
-4.0563659055118109
0
LINE
8
BLACK
6
CONTINUOUS
10
5.9957994488188975
20
-4.0563659055118109
11
5.9952660629921262
21
-4.0555676377952752
0
LINE
8
BLACK
6
CONTINUOUS
10
5.9952660629921262
20
-4.0555676377952752
11
5.9950787401574805
21
-4.0546259842519685
0
LINE
8
BLACK
6
CONTINUOUS
10
5.9950787401574805
20
-4.0546259842519685
11
5.9950787401574805
21
-4.0270669291338583
0
LINE
8
BLACK
6
CONTINUOUS
10
5.9950787401574805
20
-4.0270669291338583
11
5.9952660629921262
21
-4.0261252755905508
0
LINE
8
BLACK
6
CONTINUOUS
10
5.9952660629921262
20
-4.0261252755905508
11
5.9957994488188975
21
-4.025327007874016
0
LINE
8
BLACK
6
CONTINUOUS
10
5.9957994488188975
20
-4.025327007874016
11
5.9965977165354332
21
-4.0247936220472438
0
LINE
8
BLACK
6
CONTINUOUS
10
5.9965977165354332
20
-4.0247936220472438
11
5.9975393700787398
21
-4.0246062992125982
0
LINE
8
BLACK
6
CONTINUOUS
10
5.9975393700787398
20
-4.0246062992125982
11
6.0024606299212593
21
-4.0246062992125982
0
LINE
8
BLACK
6
CONTINUOUS
10
6.0024606299212593
20
-4.0246062992125982
11
6.0034022834645668
21
-4.0247936220472438
0
LINE
8
BLACK
6
CONTINUOUS
10
6.0230873228346455
20
-4.0247936220472438
11
6.0238855905511812
21
-4.025327007874016
0
LINE
8
BLACK
6
CONTINUOUS
10
6.0238855905511812
20
-4.025327007874016
11
6.0244189763779525
21
-4.0261252755905508
0
LINE
8
BLACK
6
CONTINUOUS
10
6.0244189763779525
20
-4.0261252755905508
11
6.0246062992125982
21
-4.0270669291338583
0
LINE
8
BLACK
6
CONTINUOUS
10
6.0246062992125982
20
-4.0270669291338583
11
6.0246062992125982
21
-4.0546259842519685
0
LINE
8
BLACK
6
CONTINUOUS
10
6.0246062992125982
20
-4.0546259842519685
11
6.0244189763779525
21
-4.0555676377952752
0
LINE
8
BLACK
6
CONTINUOUS
10
6.0244189763779525
20
-4.0555676377952752
11
6.0238855905511812
21
-4.0563659055118109
0
LINE
8
BLACK
6
CONTINUOUS
10
6.0238855905511812
20
-4.0563659055118109
11
6.0230873228346455
21
-4.0568992913385822
0
LINE
8
BLACK
6
CONTINUOUS
10
6.0230873228346455
20
-4.0568992913385822
11
6.0221456692913389
21
-4.0570866141732287
0
LINE
8
BLACK
6
CONTINUOUS
10
6.0221456692913389
20
-4.0570866141732287
11
6.0172244094488185
21
-4.0570866141732287
0
LINE
8
BLACK
6
CONTINUOUS
10
6.0172244094488185
20
-4.0570866141732287
11
6.0162827559055119
21
-4.0568992913385822
0
LINE
8
BLACK
6
CONTINUOUS
10
6.0162827559055119
20
-4.0568992913385822
11
6.0154844881889762
21
-4.0563659055118109
0
LINE
8
BLACK
6
CONTINUOUS
10
6.0154844881889762
20
-4.0563659055118109
11
6.0149511023622049
21
-4.0555676377952752
0
LINE
8
BLACK
6
CONTINUOUS
10
6.0149511023622049
20
-4.0555676377952752
11
6.0147637795275593
21
-4.0546259842519685
0
LINE
8
BLACK
6
CONTINUOUS
10
6.0147637795275593
20
-4.0546259842519685
11
6.0147637795275593
21
-4.0270669291338583
0
LINE
8
BLACK
6
CONTINUOUS
10
6.0147637795275593
20
-4.0270669291338583
11
6.0149511023622049
21
-4.0261252755905508
0
LINE
8
BLACK
6
CONTINUOUS
10
6.0149511023622049
20
-4.0261252755905508
11
6.0154844881889762
21
-4.025327007874016
0
LINE
8
BLACK
6
CONTINUOUS
10
6.0154844881889762
20
-4.025327007874016
11
6.0162827559055119
21
-4.0247936220472438
0
LINE
8
BLACK
6
CONTINUOUS
10
6.0162827559055119
20
-4.0247936220472438
11
6.0172244094488185
21
-4.0246062992125982
0
LINE
8
BLACK
6
CONTINUOUS
10
6.0172244094488185
20
-4.0246062992125982
11
6.0221456692913389
21
-4.0246062992125982
0
LINE
8
BLACK
6
CONTINUOUS
10
6.0221456692913389
20
-4.0246062992125982
11
6.0230873228346455
21
-4.0247936220472438
0
LINE
8
BLACK
6
CONTINUOUS
10
6.0427723622047242
20
-4.0247936220472438
11
6.0435706299212599
21
-4.025327007874016
0
LINE
8
BLACK
6
CONTINUOUS
10
6.0435706299212599
20
-4.025327007874016
11
6.0441040157480312
21
-4.0261252755905508
0
LINE
8
BLACK
6
CONTINUOUS
10
6.0441040157480312
20
-4.0261252755905508
11
6.0442913385826769
21
-4.0270669291338583
0
LINE
8
BLACK
6
CONTINUOUS
10
6.0442913385826769
20
-4.0270669291338583
11
6.0442913385826769
21
-4.0546259842519685
0
LINE
8
BLACK
6
CONTINUOUS
10
6.0442913385826769
20
-4.0546259842519685
11
6.0441040157480312
21
-4.0555676377952752
0
LINE
8
BLACK
6
CONTINUOUS
10
6.0441040157480312
20
-4.0555676377952752
11
6.0435706299212599
21
-4.0563659055118109
0
LINE
8
BLACK
6
CONTINUOUS
10
6.0435706299212599
20
-4.0563659055118109
11
6.0427723622047242
21
-4.0568992913385822
0
LINE
8
BLACK
6
CONTINUOUS
10
6.0427723622047242
20
-4.0568992913385822
11
6.0418307086614176
21
-4.0570866141732287
0
LINE
8
BLACK
6
CONTINUOUS
10
6.0418307086614176
20
-4.0570866141732287
11
6.0369094488188972
21
-4.0570866141732287
0
LINE
8
BLACK
6
CONTINUOUS
10
6.0369094488188972
20
-4.0570866141732287
11
6.0359677952755906
21
-4.0568992913385822
0
LINE
8
BLACK
6
CONTINUOUS
10
6.0359677952755906
20
-4.0568992913385822
11
6.0351695275590549
21
-4.0563659055118109
0
LINE
8
BLACK
6
CONTINUOUS
10
6.0351695275590549
20
-4.0563659055118109
11
6.0346361417322836
21
-4.0555676377952752
0
LINE
8
BLACK
6
CONTINUOUS
10
6.0346361417322836
20
-4.0555676377952752
11
6.034448818897638
21
-4.0546259842519685
0
LINE
8
BLACK
6
CONTINUOUS
10
6.034448818897638
20
-4.0546259842519685
11
6.034448818897638
21
-4.0270669291338583
0
LINE
8
BLACK
6
CONTINUOUS
10
6.034448818897638
20
-4.0270669291338583
11
6.0346361417322836
21
-4.0261252755905508
0
LINE
8
BLACK
6
CONTINUOUS
10
6.0346361417322836
20
-4.0261252755905508
11
6.0351695275590549
21
-4.025327007874016
0
LINE
8
BLACK
6
CONTINUOUS
10
6.0351695275590549
20
-4.025327007874016
11
6.0359677952755906
21
-4.0247936220472438
0
LINE
8
BLACK
6
CONTINUOUS
10
6.0359677952755906
20
-4.0247936220472438
11
6.0369094488188972
21
-4.0246062992125982
0
LINE
8
BLACK
6
CONTINUOUS
10
6.0369094488188972
20
-4.0246062992125982
11
6.0418307086614176
21
-4.0246062992125982
0
LINE
8
BLACK
6
CONTINUOUS
10
6.0418307086614176
20
-4.0246062992125982
11
6.0427723622047242
21
-4.0247936220472438
0
LINE
8
BLACK
6
CONTINUOUS
10
6.062457401574803
20
-4.0247936220472438
11
6.0632556692913386
21
-4.025327007874016
0
LINE
8
BLACK
6
CONTINUOUS
10
6.0632556692913386
20
-4.025327007874016
11
6.0637890551181099
21
-4.0261252755905508
0
LINE
8
BLACK
6
CONTINUOUS
10
6.0637890551181099
20
-4.0261252755905508
11
6.0639763779527556
21
-4.0270669291338583
0
LINE
8
BLACK
6
CONTINUOUS
10
6.0639763779527556
20
-4.0270669291338583
11
6.0639763779527556
21
-4.0546259842519685
0
LINE
8
BLACK
6
CONTINUOUS
10
6.0639763779527556
20
-4.0546259842519685
11
6.0637890551181099
21
-4.0555676377952752
0
LINE
8
BLACK
6
CONTINUOUS
10
6.0637890551181099
20
-4.0555676377952752
11
6.0632556692913386
21
-4.0563659055118109
0
LINE
8
BLACK
6
CONTINUOUS
10
6.0632556692913386
20
-4.0563659055118109
11
6.062457401574803
21
-4.0568992913385822
0
LINE
8
BLACK
6
CONTINUOUS
10
6.062457401574803
20
-4.0568992913385822
11
6.0615157480314963
21
-4.0570866141732287
0
LINE
8
BLACK
6
CONTINUOUS
10
6.0615157480314963
20
-4.0570866141732287
11
6.0565944881889759
21
-4.0570866141732287
0
LINE
8
BLACK
6
CONTINUOUS
10
6.0565944881889759
20
-4.0570866141732287
11
6.0556528346456693
21
-4.0568992913385822
0
LINE
8
BLACK
6
CONTINUOUS
10
6.0556528346456693
20
-4.0568992913385822
11
6.0548545669291336
21
-4.0563659055118109
0
LINE
8
BLACK
6
CONTINUOUS
10
6.0548545669291336
20
-4.0563659055118109
11
6.0543211811023623
21
-4.0555676377952752
0
LINE
8
BLACK
6
CONTINUOUS
10
6.0543211811023623
20
-4.0555676377952752
11
6.0541338582677167
21
-4.0546259842519685
0
LINE
8
BLACK
6
CONTINUOUS
10
6.0541338582677167
20
-4.0546259842519685
11
6.0541338582677167
21
-4.0270669291338583
0
LINE
8
BLACK
6
CONTINUOUS
10
6.0541338582677167
20
-4.0270669291338583
11
6.0543211811023623
21
-4.0261252755905508
0
LINE
8
BLACK
6
CONTINUOUS
10
6.0543211811023623
20
-4.0261252755905508
11
6.0548545669291336
21
-4.025327007874016
0
LINE
8
BLACK
6
CONTINUOUS
10
6.0548545669291336
20
-4.025327007874016
11
6.0556528346456693
21
-4.0247936220472438
0
LINE
8
BLACK
6
CONTINUOUS
10
6.0556528346456693
20
-4.0247936220472438
11
6.0565944881889759
21
-4.0246062992125982
0
LINE
8
BLACK
6
CONTINUOUS
10
6.0565944881889759
20
-4.0246062992125982
11
6.0615157480314963
21
-4.0246062992125982
0
LINE
8
BLACK
6
CONTINUOUS
10
6.0615157480314963
20
-4.0246062992125982
11
6.062457401574803
21
-4.0247936220472438
0
LINE
8
BLACK
6
CONTINUOUS
10
6.0821424409448817
20
-4.0247936220472438
11
6.0829407086614173
21
-4.025327007874016
0
LINE
8
BLACK
6
CONTINUOUS
10
6.0829407086614173
20
-4.025327007874016
11
6.0834740944881887
21
-4.0261252755905508
0
LINE
8
BLACK
6
CONTINUOUS
10
6.0834740944881887
20
-4.0261252755905508
11
6.0836614173228343
21
-4.0270669291338583
0
LINE
8
BLACK
6
CONTINUOUS
10
6.0836614173228343
20
-4.0270669291338583
11
6.0836614173228343
21
-4.0546259842519685
0
LINE
8
BLACK
6
CONTINUOUS
10
6.0836614173228343
20
-4.0546259842519685
11
6.0834740944881887
21
-4.0555676377952752
0
LINE
8
BLACK
6
CONTINUOUS
10
6.0834740944881887
20
-4.0555676377952752
11
6.0829407086614173
21
-4.0563659055118109
0
LINE
8
BLACK
6
CONTINUOUS
10
6.0829407086614173
20
-4.0563659055118109
11
6.0821424409448817
21
-4.0568992913385822
0
LINE
8
BLACK
6
CONTINUOUS
10
6.0821424409448817
20
-4.0568992913385822
11
6.081200787401575
21
-4.0570866141732287
0
LINE
8
BLACK
6
CONTINUOUS
10
6.081200787401575
20
-4.0570866141732287
11
6.0762795275590546
21
-4.0570866141732287
0
LINE
8
BLACK
6
CONTINUOUS
10
6.0762795275590546
20
-4.0570866141732287
11
6.075337874015748
21
-4.0568992913385822
0
LINE
8
BLACK
6
CONTINUOUS
10
6.075337874015748
20
-4.0568992913385822
11
6.0745396062992123
21
-4.0563659055118109
0
LINE
8
BLACK
6
CONTINUOUS
10
6.0745396062992123
20
-4.0563659055118109
11
6.074006220472441
21
-4.0555676377952752
0
LINE
8
BLACK
6
CONTINUOUS
10
6.074006220472441
20
-4.0555676377952752
11
6.0738188976377954
21
-4.0546259842519685
0
LINE
8
BLACK
6
CONTINUOUS
10
6.0738188976377954
20
-4.0546259842519685
11
6.0738188976377954
21
-4.0270669291338583
0
LINE
8
BLACK
6
CONTINUOUS
10
6.0738188976377954
20
-4.0270669291338583
11
6.074006220472441
21
-4.0261252755905508
0
LINE
8
BLACK
6
CONTINUOUS
10
6.074006220472441
20
-4.0261252755905508
11
6.0745396062992123
21
-4.025327007874016
0
LINE
8
BLACK
6
CONTINUOUS
10
6.0745396062992123
20
-4.025327007874016
11
6.075337874015748
21
-4.0247936220472438
0
LINE
8
BLACK
6
CONTINUOUS
10
6.075337874015748
20
-4.0247936220472438
11
6.0762795275590546
21
-4.0246062992125982
0
LINE
8
BLACK
6
CONTINUOUS
10
6.0762795275590546
20
-4.0246062992125982
11
6.081200787401575
21
-4.0246062992125982
0
LINE
8
BLACK
6
CONTINUOUS
10
6.081200787401575
20
-4.0246062992125982
11
6.0821424409448817
21
-4.0247936220472438
0
LINE
8
BLACK
6
CONTINUOUS
10
5.6661889763779527
20
-4.0557874015748032
11
5.6209133858267712
21
-4.0557874015748032
0
LINE
8
BLACK
6
CONTINUOUS
10
5.6209133858267712
20
-4.0557874015748032
11
5.6209133858267712
21
-4.0321653543307088
0
LINE
8
BLACK
6
CONTINUOUS
10
5.6209133858267712
20
-4.0321653543307088
11
5.6661889763779527
21
-4.0321653543307088
0
LINE
8
BLACK
6
CONTINUOUS
10
5.6661889763779527
20
-4.0321653543307088
11
5.6661889763779527
21
-4.0557874015748032
0
LINE
8
BLACK
6
CONTINUOUS
10
5.6661889763779527
20
-4.0242913385826773
11
5.6209133858267712
21
-4.0242913385826773
0
LINE
8
BLACK
6
CONTINUOUS
10
5.6209133858267712
20
-4.0242913385826773
11
5.6209133858267712
21
-4.0124803149606301
0
LINE
8
BLACK
6
CONTINUOUS
10
5.6209133858267712
20
-4.0124803149606301
11
5.6661889763779527
21
-4.0124803149606301
0
LINE
8
BLACK
6
CONTINUOUS
10
5.6661889763779527
20
-4.0124803149606301
11
5.6661889763779527
21
-4.0242913385826773
0
LINE
8
BLACK
6
CONTINUOUS
10
6.0285697244094489
20
-3.9700405511811021
11
6.0317628740157483
21
-3.9721741338582675
0
LINE
8
BLACK
6
CONTINUOUS
10
6.0317628740157483
20
-3.9721741338582675
11
6.0338964566929132
21
-3.9753672834645668
0
LINE
8
BLACK
6
CONTINUOUS
10
6.0338964566929132
20
-3.9753672834645668
11
6.0346456692913382
21
-3.9791338582677165
0
LINE
8
BLACK
6
CONTINUOUS
10
6.0346456692913382
20
-3.9791338582677165
11
6.0346456692913382
21
-3.9992125984251969
0
LINE
8
BLACK
6
CONTINUOUS
10
6.0346456692913382
20
-3.9992125984251969
11
6.0338964566929132
21
-4.0029791732283462
0
LINE
8
BLACK
6
CONTINUOUS
10
6.0338964566929132
20
-4.0029791732283462
11
6.0317628740157483
21
-4.0061723228346455
0
LINE
8
BLACK
6
CONTINUOUS
10
6.0317628740157483
20
-4.0061723228346455
11
6.0285697244094489
21
-4.0083059055118113
0
LINE
8
BLACK
6
CONTINUOUS
10
6.0285697244094489
20
-4.0083059055118113
11
6.0248031496062993
21
-4.0090551181102363
0
LINE
8
BLACK
6
CONTINUOUS
10
6.0248031496062993
20
-4.0090551181102363
11
6.0047244094488184
21
-4.0090551181102363
0
LINE
8
BLACK
6
CONTINUOUS
10
6.0047244094488184
20
-4.0090551181102363
11
6.0009578346456696
21
-4.0083059055118113
0
LINE
8
BLACK
6
CONTINUOUS
10
6.0009578346456696
20
-4.0083059055118113
11
5.9977646850393702
21
-4.0061723228346455
0
LINE
8
BLACK
6
CONTINUOUS
10
5.9977646850393702
20
-4.0061723228346455
11
5.9956311023622044
21
-4.0029791732283462
0
LINE
8
BLACK
6
CONTINUOUS
10
5.9956311023622044
20
-4.0029791732283462
11
5.9948818897637794
21
-3.9992125984251969
0
LINE
8
BLACK
6
CONTINUOUS
10
5.9948818897637794
20
-3.9992125984251969
11
5.9948818897637794
21
-3.9791338582677165
0
LINE
8
BLACK
6
CONTINUOUS
10
5.9948818897637794
20
-3.9791338582677165
11
5.9956311023622044
21
-3.9753672834645668
0
LINE
8
BLACK
6
CONTINUOUS
10
5.9956311023622044
20
-3.9753672834645668
11
5.9977646850393702
21
-3.9721741338582675
0
LINE
8
BLACK
6
CONTINUOUS
10
5.9977646850393702
20
-3.9721741338582675
11
6.0009578346456696
21
-3.9700405511811021
0
LINE
8
BLACK
6
CONTINUOUS
10
6.0009578346456696
20
-3.9700405511811021
11
6.0047244094488184
21
-3.9692913385826771
0
LINE
8
BLACK
6
CONTINUOUS
10
6.0047244094488184
20
-3.9692913385826771
11
6.0248031496062993
21
-3.9692913385826771
0
LINE
8
BLACK
6
CONTINUOUS
10
6.0248031496062993
20
-3.9692913385826771
11
6.0285697244094489
21
-3.9700405511811021
0
LINE
8
BLACK
6
CONTINUOUS
10
6.0777823228346453
20
-3.9700405511811021
11
6.0809754724409446
21
-3.9721741338582675
0
LINE
8
BLACK
6
CONTINUOUS
10
6.0809754724409446
20
-3.9721741338582675
11
6.0831090551181104
21
-3.9753672834645668
0
LINE
8
BLACK
6
CONTINUOUS
10
6.0831090551181104
20
-3.9753672834645668
11
6.0838582677165354
21
-3.9791338582677165
0
LINE
8
BLACK
6
CONTINUOUS
10
6.0838582677165354
20
-3.9791338582677165
11
6.0838582677165354
21
-3.9992125984251969
0
LINE
8
BLACK
6
CONTINUOUS
10
6.0838582677165354
20
-3.9992125984251969
11
6.0831090551181104
21
-4.0029791732283462
0
LINE
8
BLACK
6
CONTINUOUS
10
6.0831090551181104
20
-4.0029791732283462
11
6.0809754724409446
21
-4.0061723228346455
0
LINE
8
BLACK
6
CONTINUOUS
10
6.0809754724409446
20
-4.0061723228346455
11
6.0777823228346453
21
-4.0083059055118113
0
LINE
8
BLACK
6
CONTINUOUS
10
6.0777823228346453
20
-4.0083059055118113
11
6.0740157480314956
21
-4.0090551181102363
0
LINE
8
BLACK
6
CONTINUOUS
10
6.0740157480314956
20
-4.0090551181102363
11
6.0539370078740156
21
-4.0090551181102363
0
LINE
8
BLACK
6
CONTINUOUS
10
6.0539370078740156
20
-4.0090551181102363
11
6.0501704330708659
21
-4.0083059055118113
0
LINE
8
BLACK
6
CONTINUOUS
10
6.0501704330708659
20
-4.0083059055118113
11
6.0469772834645665
21
-4.0061723228346455
0
LINE
8
BLACK
6
CONTINUOUS
10
6.0469772834645665
20
-4.0061723228346455
11
6.0448437007874016
21
-4.0029791732283462
0
LINE
8
BLACK
6
CONTINUOUS
10
6.0448437007874016
20
-4.0029791732283462
11
6.0440944881889767
21
-3.9992125984251969
0
LINE
8
BLACK
6
CONTINUOUS
10
6.0440944881889767
20
-3.9992125984251969
11
6.0440944881889767
21
-3.9791338582677165
0
LINE
8
BLACK
6
CONTINUOUS
10
6.0440944881889767
20
-3.9791338582677165
11
6.0448437007874016
21
-3.9753672834645668
0
LINE
8
BLACK
6
CONTINUOUS
10
6.0448437007874016
20
-3.9753672834645668
11
6.0469772834645665
21
-3.9721741338582675
0
LINE
8
BLACK
6
CONTINUOUS
10
6.0469772834645665
20
-3.9721741338582675
11
6.0501704330708659
21
-3.9700405511811021
0
LINE
8
BLACK
6
CONTINUOUS
10
6.0501704330708659
20
-3.9700405511811021
11
6.0539370078740156
21
-3.9692913385826771
0
LINE
8
BLACK
6
CONTINUOUS
10
6.0539370078740156
20
-3.9692913385826771
11
6.0740157480314956
21
-3.9692913385826771
0
LINE
8
BLACK
6
CONTINUOUS
10
6.0740157480314956
20
-3.9692913385826771
11
6.0777823228346453
21
-3.9700405511811021
0
LINE
8
BLACK
6
CONTINUOUS
10
5.9778117322834641
20
-3.9992030708661415
11
5.9786099999999998
21
-3.9997364566929132
0
LINE
8
BLACK
6
CONTINUOUS
10
5.9786099999999998
20
-3.9997364566929132
11
5.979143385826772
21
-4.0005347244094489
0
LINE
8
BLACK
6
CONTINUOUS
10
5.979143385826772
20
-4.0005347244094489
11
5.9793307086614176
21
-4.0014763779527556
0
LINE
8
BLACK
6
CONTINUOUS
10
5.9793307086614176
20
-4.0014763779527556
11
5.9793307086614176
21
-4.0063976377952759
0
LINE
8
BLACK
6
CONTINUOUS
10
5.9793307086614176
20
-4.0063976377952759
11
5.979143385826772
21
-4.0073392913385826
0
LINE
8
BLACK
6
CONTINUOUS
10
5.979143385826772
20
-4.0073392913385826
11
5.9786099999999998
21
-4.0081375590551183
0
LINE
8
BLACK
6
CONTINUOUS
10
5.9786099999999998
20
-4.0081375590551183
11
5.9778117322834641
21
-4.0086709448818896
0
LINE
8
BLACK
6
CONTINUOUS
10
5.9778117322834641
20
-4.0086709448818896
11
5.9768700787401574
21
-4.0088582677165352
0
LINE
8
BLACK
6
CONTINUOUS
10
5.9768700787401574
20
-4.0088582677165352
11
5.9493110236220472
21
-4.0088582677165352
0
LINE
8
BLACK
6
CONTINUOUS
10
5.9493110236220472
20
-4.0088582677165352
11
5.9483693700787397
21
-4.0086709448818896
0
LINE
8
BLACK
6
CONTINUOUS
10
5.9483693700787397
20
-4.0086709448818896
11
5.9475711023622049
21
-4.0081375590551183
0
LINE
8
BLACK
6
CONTINUOUS
10
5.9475711023622049
20
-4.0081375590551183
11
5.9470377165354327
21
-4.0073392913385826
0
LINE
8
BLACK
6
CONTINUOUS
10
5.9470377165354327
20
-4.0073392913385826
11
5.9468503937007871
21
-4.0063976377952759
0
LINE
8
BLACK
6
CONTINUOUS
10
5.9468503937007871
20
-4.0063976377952759
11
5.9468503937007871
21
-4.0014763779527556
0
LINE
8
BLACK
6
CONTINUOUS
10
5.9468503937007871
20
-4.0014763779527556
11
5.9470377165354327
21
-4.0005347244094489
0
LINE
8
BLACK
6
CONTINUOUS
10
5.9470377165354327
20
-4.0005347244094489
11
5.9475711023622049
21
-3.9997364566929132
0
LINE
8
BLACK
6
CONTINUOUS
10
5.9475711023622049
20
-3.9997364566929132
11
5.9483693700787397
21
-3.9992030708661415
0
LINE
8
BLACK
6
CONTINUOUS
10
5.9483693700787397
20
-3.9992030708661415
11
5.9493110236220472
21
-3.9990157480314958
0
LINE
8
BLACK
6
CONTINUOUS
10
5.9493110236220472
20
-3.9990157480314958
11
5.9768700787401574
21
-3.9990157480314958
0
LINE
8
BLACK
6
CONTINUOUS
10
5.9768700787401574
20
-3.9990157480314958
11
5.9778117322834641
21
-3.9992030708661415
0
LINE
8
BLACK
6
CONTINUOUS
10
6.1303707874015743
20
-3.9992030708661415
11
6.1311690551181099
21
-3.9997364566929132
0
LINE
8
BLACK
6
CONTINUOUS
10
6.1311690551181099
20
-3.9997364566929132
11
6.1317024409448821
21
-4.0005347244094489
0
LINE
8
BLACK
6
CONTINUOUS
10
6.1317024409448821
20
-4.0005347244094489
11
6.1318897637795278
21
-4.0014763779527556
0
LINE
8
BLACK
6
CONTINUOUS
10
6.1318897637795278
20
-4.0014763779527556
11
6.1318897637795278
21
-4.0063976377952759
0
LINE
8
BLACK
6
CONTINUOUS
10
6.1318897637795278
20
-4.0063976377952759
11
6.1317024409448821
21
-4.0073392913385826
0
LINE
8
BLACK
6
CONTINUOUS
10
6.1317024409448821
20
-4.0073392913385826
11
6.1311690551181099
21
-4.0081375590551183
0
LINE
8
BLACK
6
CONTINUOUS
10
6.1311690551181099
20
-4.0081375590551183
11
6.1303707874015743
21
-4.0086709448818896
0
LINE
8
BLACK
6
CONTINUOUS
10
6.1303707874015743
20
-4.0086709448818896
11
6.1294291338582676
21
-4.0088582677165352
0
LINE
8
BLACK
6
CONTINUOUS
10
6.1294291338582676
20
-4.0088582677165352
11
6.1018700787401574
21
-4.0088582677165352
0
LINE
8
BLACK
6
CONTINUOUS
10
6.1018700787401574
20
-4.0088582677165352
11
6.1009284251968499
21
-4.0086709448818896
0
LINE
8
BLACK
6
CONTINUOUS
10
6.1009284251968499
20
-4.0086709448818896
11
6.1001301574803151
21
-4.0081375590551183
0
LINE
8
BLACK
6
CONTINUOUS
10
6.1001301574803151
20
-4.0081375590551183
11
6.0995967716535429
21
-4.0073392913385826
0
LINE
8
BLACK
6
CONTINUOUS
10
6.0995967716535429
20
-4.0073392913385826
11
6.0994094488188972
21
-4.0063976377952759
0
LINE
8
BLACK
6
CONTINUOUS
10
6.0994094488188972
20
-4.0063976377952759
11
6.0994094488188972
21
-4.0014763779527556
0
LINE
8
BLACK
6
CONTINUOUS
10
6.0994094488188972
20
-4.0014763779527556
11
6.0995967716535429
21
-4.0005347244094489
0
LINE
8
BLACK
6
CONTINUOUS
10
6.0995967716535429
20
-4.0005347244094489
11
6.1001301574803151
21
-3.9997364566929132
0
LINE
8
BLACK
6
CONTINUOUS
10
6.1001301574803151
20
-3.9997364566929132
11
6.1009284251968499
21
-3.9992030708661415
0
LINE
8
BLACK
6
CONTINUOUS
10
6.1009284251968499
20
-3.9992030708661415
11
6.1018700787401574
21
-3.9990157480314958
0
LINE
8
BLACK
6
CONTINUOUS
10
6.1018700787401574
20
-3.9990157480314958
11
6.1294291338582676
21
-3.9990157480314958
0
LINE
8
BLACK
6
CONTINUOUS
10
6.1294291338582676
20
-3.9990157480314958
11
6.1303707874015743
21
-3.9992030708661415
0
LINE
8
BLACK
6
CONTINUOUS
10
5.6661889763779527
20
-4.0046062992125986
11
5.6209133858267712
21
-4.0046062992125986
0
LINE
8
BLACK
6
CONTINUOUS
10
5.6209133858267712
20
-4.0046062992125986
11
5.6209133858267712
21
-3.9927952755905509
0
LINE
8
BLACK
6
CONTINUOUS
10
5.6209133858267712
20
-3.9927952755905509
11
5.6661889763779527
21
-3.9927952755905509
0
LINE
8
BLACK
6
CONTINUOUS
10
5.6661889763779527
20
-3.9927952755905509
11
5.6661889763779527
21
-4.0046062992125986
0
LINE
8
BLACK
6
CONTINUOUS
10
6.1870683858267714
20
-3.9730403149606297
11
6.1896228740157477
21
-3.9747472047244092
0
LINE
8
BLACK
6
CONTINUOUS
10
6.1896228740157477
20
-3.9747472047244092
11
6.1913297637795273
21
-3.9773016929133855
0
LINE
8
BLACK
6
CONTINUOUS
10
6.1913297637795273
20
-3.9773016929133855
11
6.1919291338582676
21
-3.9803149606299213
0
LINE
8
BLACK
6
CONTINUOUS
10
6.1919291338582676
20
-3.9803149606299213
11
6.1919291338582676
21
-3.9960629921259843
0
LINE
8
BLACK
6
CONTINUOUS
10
6.1919291338582676
20
-3.9960629921259843
11
6.1913297637795273
21
-3.9990762598425196
0
LINE
8
BLACK
6
CONTINUOUS
10
6.1913297637795273
20
-3.9990762598425196
11
6.1896228740157477
21
-4.0016307480314959
0
LINE
8
BLACK
6
CONTINUOUS
10
6.1896228740157477
20
-4.0016307480314959
11
6.1870683858267714
21
-4.0033376377952754
0
LINE
8
BLACK
6
CONTINUOUS
10
6.1870683858267714
20
-4.0033376377952754
11
6.1840551181102361
21
-4.0039370078740157
0
LINE
8
BLACK
6
CONTINUOUS
10
6.1840551181102361
20
-4.0039370078740157
11
6.1624015748031491
21
-4.0039370078740157
0
LINE
8
BLACK
6
CONTINUOUS
10
6.1624015748031491
20
-4.0039370078740157
11
6.1593883070866138
21
-4.0033376377952754
0
LINE
8
BLACK
6
CONTINUOUS
10
6.1593883070866138
20
-4.0033376377952754
11
6.1568338188976375
21
-4.0016307480314959
0
LINE
8
BLACK
6
CONTINUOUS
10
6.1568338188976375
20
-4.0016307480314959
11
6.1551269291338579
21
-3.9990762598425196
0
LINE
8
BLACK
6
CONTINUOUS
10
6.1551269291338579
20
-3.9990762598425196
11
6.1545275590551176
21
-3.9960629921259843
0
LINE
8
BLACK
6
CONTINUOUS
10
6.1545275590551176
20
-3.9960629921259843
11
6.1545275590551176
21
-3.9803149606299213
0
LINE
8
BLACK
6
CONTINUOUS
10
6.1545275590551176
20
-3.9803149606299213
11
6.1551269291338579
21
-3.9773016929133855
0
LINE
8
BLACK
6
CONTINUOUS
10
6.1551269291338579
20
-3.9773016929133855
11
6.1568338188976375
21
-3.9747472047244092
0
LINE
8
BLACK
6
CONTINUOUS
10
6.1568338188976375
20
-3.9747472047244092
11
6.1593883070866138
21
-3.9730403149606297
0
LINE
8
BLACK
6
CONTINUOUS
10
6.1593883070866138
20
-3.9730403149606297
11
6.1624015748031491
21
-3.9724409448818898
0
LINE
8
BLACK
6
CONTINUOUS
10
6.1624015748031491
20
-3.9724409448818898
11
6.1840551181102361
21
-3.9724409448818898
0
LINE
8
BLACK
6
CONTINUOUS
10
6.1840551181102361
20
-3.9724409448818898
11
6.1870683858267714
21
-3.9730403149606297
0
LINE
8
BLACK
6
CONTINUOUS
10
5.8059016929133858
20
-3.9755282677165353
11
5.8078175590551178
21
-3.9768084251968503
0
LINE
8
BLACK
6
CONTINUOUS
10
5.8078175590551178
20
-3.9768084251968503
11
5.8090977165354332
21
-3.9787242913385827
0
LINE
8
BLACK
6
CONTINUOUS
10
5.8090977165354332
20
-3.9787242913385827
11
5.809547244094488
21
-3.9809842519685037
0
LINE
8
BLACK
6
CONTINUOUS
10
5.809547244094488
20
-3.9809842519685037
11
5.809547244094488
21
-3.9927952755905509
0
LINE
8
BLACK
6
CONTINUOUS
10
5.809547244094488
20
-3.9927952755905509
11
5.8090977165354332
21
-3.9950552362204723
0
LINE
8
BLACK
6
CONTINUOUS
10
5.8090977165354332
20
-3.9950552362204723
11
5.8078175590551178
21
-3.9969711023622048
0
LINE
8
BLACK
6
CONTINUOUS
10
5.8078175590551178
20
-3.9969711023622048
11
5.8059016929133858
21
-3.9982512598425197
0
LINE
8
BLACK
6
CONTINUOUS
10
5.8059016929133858
20
-3.9982512598425197
11
5.8036417322834648
21
-3.9987007874015745
0
LINE
8
BLACK
6
CONTINUOUS
10
5.8036417322834648
20
-3.9987007874015745
11
5.7632874015748028
21
-3.9987007874015745
0
LINE
8
BLACK
6
CONTINUOUS
10
5.7632874015748028
20
-3.9987007874015745
11
5.7610274409448818
21
-3.9982512598425197
0
LINE
8
BLACK
6
CONTINUOUS
10
5.7610274409448818
20
-3.9982512598425197
11
5.7591115748031498
21
-3.9969711023622048
0
LINE
8
BLACK
6
CONTINUOUS
10
5.7591115748031498
20
-3.9969711023622048
11
5.7578314173228344
21
-3.9950552362204723
0
LINE
8
BLACK
6
CONTINUOUS
10
5.7578314173228344
20
-3.9950552362204723
11
5.7573818897637796
21
-3.9927952755905509
0
LINE
8
BLACK
6
CONTINUOUS
10
5.7573818897637796
20
-3.9927952755905509
11
5.7573818897637796
21
-3.9809842519685037
0
LINE
8
BLACK
6
CONTINUOUS
10
5.7573818897637796
20
-3.9809842519685037
11
5.7578314173228344
21
-3.9787242913385827
0
LINE
8
BLACK
6
CONTINUOUS
10
5.7578314173228344
20
-3.9787242913385827
11
5.7591115748031498
21
-3.9768084251968503
0
LINE
8
BLACK
6
CONTINUOUS
10
5.7591115748031498
20
-3.9768084251968503
11
5.7610274409448818
21
-3.9755282677165353
0
LINE
8
BLACK
6
CONTINUOUS
10
5.7610274409448818
20
-3.9755282677165353
11
5.7632874015748028
21
-3.9750787401574801
0
LINE
8
BLACK
6
CONTINUOUS
10
5.7632874015748028
20
-3.9750787401574801
11
5.8036417322834648
21
-3.9750787401574801
0
LINE
8
BLACK
6
CONTINUOUS
10
5.8036417322834648
20
-3.9750787401574801
11
5.8059016929133858
21
-3.9755282677165353
0
LINE
8
BLACK
6
CONTINUOUS
10
5.8954686220472441
20
-3.9755282677165353
11
5.8973844881889761
21
-3.9768084251968503
0
LINE
8
BLACK
6
CONTINUOUS
10
5.8973844881889761
20
-3.9768084251968503
11
5.8986646456692915
21
-3.9787242913385827
0
LINE
8
BLACK
6
CONTINUOUS
10
5.8986646456692915
20
-3.9787242913385827
11
5.8991141732283463
21
-3.9809842519685037
0
LINE
8
BLACK
6
CONTINUOUS
10
5.8991141732283463
20
-3.9809842519685037
11
5.8991141732283463
21
-3.9927952755905509
0
LINE
8
BLACK
6
CONTINUOUS
10
5.8991141732283463
20
-3.9927952755905509
11
5.8986646456692915
21
-3.9950552362204723
0
LINE
8
BLACK
6
CONTINUOUS
10
5.8986646456692915
20
-3.9950552362204723
11
5.8973844881889761
21
-3.9969711023622048
0
LINE
8
BLACK
6
CONTINUOUS
10
5.8973844881889761
20
-3.9969711023622048
11
5.8954686220472441
21
-3.9982512598425197
0
LINE
8
BLACK
6
CONTINUOUS
10
5.8954686220472441
20
-3.9982512598425197
11
5.8932086614173231
21
-3.9987007874015745
0
LINE
8
BLACK
6
CONTINUOUS
10
5.8932086614173231
20
-3.9987007874015745
11
5.8528543307086611
21
-3.9987007874015745
0
LINE
8
BLACK
6
CONTINUOUS
10
5.8528543307086611
20
-3.9987007874015745
11
5.8505943700787402
21
-3.9982512598425197
0
LINE
8
BLACK
6
CONTINUOUS
10
5.8505943700787402
20
-3.9982512598425197
11
5.8486785039370082
21
-3.9969711023622048
0
LINE
8
BLACK
6
CONTINUOUS
10
5.8486785039370082
20
-3.9969711023622048
11
5.8473983464566928
21
-3.9950552362204723
0
LINE
8
BLACK
6
CONTINUOUS
10
5.8473983464566928
20
-3.9950552362204723
11
5.846948818897638
21
-3.9927952755905509
0
LINE
8
BLACK
6
CONTINUOUS
10
5.846948818897638
20
-3.9927952755905509
11
5.846948818897638
21
-3.9809842519685037
0
LINE
8
BLACK
6
CONTINUOUS
10
5.846948818897638
20
-3.9809842519685037
11
5.8473983464566928
21
-3.9787242913385827
0
LINE
8
BLACK
6
CONTINUOUS
10
5.8473983464566928
20
-3.9787242913385827
11
5.8486785039370082
21
-3.9768084251968503
0
LINE
8
BLACK
6
CONTINUOUS
10
5.8486785039370082
20
-3.9768084251968503
11
5.8505943700787402
21
-3.9755282677165353
0
LINE
8
BLACK
6
CONTINUOUS
10
5.8505943700787402
20
-3.9755282677165353
11
5.8528543307086611
21
-3.9750787401574801
0
LINE
8
BLACK
6
CONTINUOUS
10
5.8528543307086611
20
-3.9750787401574801
11
5.8932086614173231
21
-3.9750787401574801
0
LINE
8
BLACK
6
CONTINUOUS
10
5.8932086614173231
20
-3.9750787401574801
11
5.8954686220472441
21
-3.9755282677165353
0
LINE
8
BLACK
6
CONTINUOUS
10
5.9778117322834641
20
-3.9795180314960628
11
5.9786099999999998
21
-3.9800514173228345
0
LINE
8
BLACK
6
CONTINUOUS
10
5.9786099999999998
20
-3.9800514173228345
11
5.979143385826772
21
-3.9808496850393702
0
LINE
8
BLACK
6
CONTINUOUS
10
5.979143385826772
20
-3.9808496850393702
11
5.9793307086614176
21
-3.9817913385826769
0
LINE
8
BLACK
6
CONTINUOUS
10
5.9793307086614176
20
-3.9817913385826769
11
5.9793307086614176
21
-3.9867125984251968
0
LINE
8
BLACK
6
CONTINUOUS
10
5.9793307086614176
20
-3.9867125984251968
11
5.979143385826772
21
-3.9876542519685039
0
LINE
8
BLACK
6
CONTINUOUS
10
5.979143385826772
20
-3.9876542519685039
11
5.9786099999999998
21
-3.9884525196850391
0
LINE
8
BLACK
6
CONTINUOUS
10
5.9786099999999998
20
-3.9884525196850391
11
5.9778117322834641
21
-3.9889859055118109
0
LINE
8
BLACK
6
CONTINUOUS
10
5.9778117322834641
20
-3.9889859055118109
11
5.9768700787401574
21
-3.9891732283464565
0
LINE
8
BLACK
6
CONTINUOUS
10
5.9768700787401574
20
-3.9891732283464565
11
5.9493110236220472
21
-3.9891732283464565
0
LINE
8
BLACK
6
CONTINUOUS
10
5.9493110236220472
20
-3.9891732283464565
11
5.9483693700787397
21
-3.9889859055118109
0
LINE
8
BLACK
6
CONTINUOUS
10
5.9483693700787397
20
-3.9889859055118109
11
5.9475711023622049
21
-3.9884525196850391
0
LINE
8
BLACK
6
CONTINUOUS
10
5.9475711023622049
20
-3.9884525196850391
11
5.9470377165354327
21
-3.9876542519685039
0
LINE
8
BLACK
6
CONTINUOUS
10
5.9470377165354327
20
-3.9876542519685039
11
5.9468503937007871
21
-3.9867125984251968
0
LINE
8
BLACK
6
CONTINUOUS
10
5.9468503937007871
20
-3.9867125984251968
11
5.9468503937007871
21
-3.9817913385826769
0
LINE
8
BLACK
6
CONTINUOUS
10
5.9468503937007871
20
-3.9817913385826769
11
5.9470377165354327
21
-3.9808496850393702
0
LINE
8
BLACK
6
CONTINUOUS
10
5.9470377165354327
20
-3.9808496850393702
11
5.9475711023622049
21
-3.9800514173228345
0
LINE
8
BLACK
6
CONTINUOUS
10
5.9475711023622049
20
-3.9800514173228345
11
5.9483693700787397
21
-3.9795180314960628
0
LINE
8
BLACK
6
CONTINUOUS
10
5.9483693700787397
20
-3.9795180314960628
11
5.9493110236220472
21
-3.9793307086614171
0
LINE
8
BLACK
6
CONTINUOUS
10
5.9493110236220472
20
-3.9793307086614171
11
5.9768700787401574
21
-3.9793307086614171
0
LINE
8
BLACK
6
CONTINUOUS
10
5.9768700787401574
20
-3.9793307086614171
11
5.9778117322834641
21
-3.9795180314960628
0
LINE
8
BLACK
6
CONTINUOUS
10
6.1303707874015743
20
-3.9795180314960628
11
6.1311690551181099
21
-3.9800514173228345
0
LINE
8
BLACK
6
CONTINUOUS
10
6.1311690551181099
20
-3.9800514173228345
11
6.1317024409448821
21
-3.9808496850393702
0
LINE
8
BLACK
6
CONTINUOUS
10
6.1317024409448821
20
-3.9808496850393702
11
6.1318897637795278
21
-3.9817913385826769
0
LINE
8
BLACK
6
CONTINUOUS
10
6.1318897637795278
20
-3.9817913385826769
11
6.1318897637795278
21
-3.9867125984251968
0
LINE
8
BLACK
6
CONTINUOUS
10
6.1318897637795278
20
-3.9867125984251968
11
6.1317024409448821
21
-3.9876542519685039
0
LINE
8
BLACK
6
CONTINUOUS
10
6.1317024409448821
20
-3.9876542519685039
11
6.1311690551181099
21
-3.9884525196850391
0
LINE
8
BLACK
6
CONTINUOUS
10
6.1311690551181099
20
-3.9884525196850391
11
6.1303707874015743
21
-3.9889859055118109
0
LINE
8
BLACK
6
CONTINUOUS
10
6.1303707874015743
20
-3.9889859055118109
11
6.1294291338582676
21
-3.9891732283464565
0
LINE
8
BLACK
6
CONTINUOUS
10
6.1294291338582676
20
-3.9891732283464565
11
6.1018700787401574
21
-3.9891732283464565
0
LINE
8
BLACK
6
CONTINUOUS
10
6.1018700787401574
20
-3.9891732283464565
11
6.1009284251968499
21
-3.9889859055118109
0
LINE
8
BLACK
6
CONTINUOUS
10
6.1009284251968499
20
-3.9889859055118109
11
6.1001301574803151
21
-3.9884525196850391
0
LINE
8
BLACK
6
CONTINUOUS
10
6.1001301574803151
20
-3.9884525196850391
11
6.0995967716535429
21
-3.9876542519685039
0
LINE
8
BLACK
6
CONTINUOUS
10
6.0995967716535429
20
-3.9876542519685039
11
6.0994094488188972
21
-3.9867125984251968
0
LINE
8
BLACK
6
CONTINUOUS
10
6.0994094488188972
20
-3.9867125984251968
11
6.0994094488188972
21
-3.9817913385826769
0
LINE
8
BLACK
6
CONTINUOUS
10
6.0994094488188972
20
-3.9817913385826769
11
6.0995967716535429
21
-3.9808496850393702
0
LINE
8
BLACK
6
CONTINUOUS
10
6.0995967716535429
20
-3.9808496850393702
11
6.1001301574803151
21
-3.9800514173228345
0
LINE
8
BLACK
6
CONTINUOUS
10
6.1001301574803151
20
-3.9800514173228345
11
6.1009284251968499
21
-3.9795180314960628
0
LINE
8
BLACK
6
CONTINUOUS
10
6.1009284251968499
20
-3.9795180314960628
11
6.1018700787401574
21
-3.9793307086614171
0
LINE
8
BLACK
6
CONTINUOUS
10
6.1018700787401574
20
-3.9793307086614171
11
6.1294291338582676
21
-3.9793307086614171
0
LINE
8
BLACK
6
CONTINUOUS
10
6.1294291338582676
20
-3.9793307086614171
11
6.1303707874015743
21
-3.9795180314960628
0
LINE
8
BLACK
6
CONTINUOUS
10
5.6661889763779527
20
-3.9849212598425194
11
5.6209133858267712
21
-3.9849212598425194
0
LINE
8
BLACK
6
CONTINUOUS
10
5.6209133858267712
20
-3.9849212598425194
11
5.6209133858267712
21
-3.9731102362204722
0
LINE
8
BLACK
6
CONTINUOUS
10
5.6209133858267712
20
-3.9731102362204722
11
5.6661889763779527
21
-3.9731102362204722
0
LINE
8
BLACK
6
CONTINUOUS
10
5.6661889763779527
20
-3.9731102362204722
11
5.6661889763779527
21
-3.9849212598425194
0
LINE
8
BLACK
6
CONTINUOUS
10
5.9778117322834641
20
-3.9598329921259841
11
5.9786099999999998
21
-3.9603663779527558
0
LINE
8
BLACK
6
CONTINUOUS
10
5.9786099999999998
20
-3.9603663779527558
11
5.979143385826772
21
-3.9611646456692911
0
LINE
8
BLACK
6
CONTINUOUS
10
5.979143385826772
20
-3.9611646456692911
11
5.9793307086614176
21
-3.9621062992125982
0
LINE
8
BLACK
6
CONTINUOUS
10
5.9793307086614176
20
-3.9621062992125982
11
5.9793307086614176
21
-3.9670275590551181
0
LINE
8
BLACK
6
CONTINUOUS
10
5.9793307086614176
20
-3.9670275590551181
11
5.979143385826772
21
-3.9679692125984252
0
LINE
8
BLACK
6
CONTINUOUS
10
5.979143385826772
20
-3.9679692125984252
11
5.9786099999999998
21
-3.9687674803149604
0
LINE
8
BLACK
6
CONTINUOUS
10
5.9786099999999998
20
-3.9687674803149604
11
5.9778117322834641
21
-3.9693008661417322
0
LINE
8
BLACK
6
CONTINUOUS
10
5.9778117322834641
20
-3.9693008661417322
11
5.9768700787401574
21
-3.9694881889763778
0
LINE
8
BLACK
6
CONTINUOUS
10
5.9768700787401574
20
-3.9694881889763778
11
5.9493110236220472
21
-3.9694881889763778
0
LINE
8
BLACK
6
CONTINUOUS
10
5.9493110236220472
20
-3.9694881889763778
11
5.9483693700787397
21
-3.9693008661417322
0
LINE
8
BLACK
6
CONTINUOUS
10
5.9483693700787397
20
-3.9693008661417322
11
5.9475711023622049
21
-3.9687674803149604
0
LINE
8
BLACK
6
CONTINUOUS
10
5.9475711023622049
20
-3.9687674803149604
11
5.9470377165354327
21
-3.9679692125984252
0
LINE
8
BLACK
6
CONTINUOUS
10
5.9470377165354327
20
-3.9679692125984252
11
5.9468503937007871
21
-3.9670275590551181
0
LINE
8
BLACK
6
CONTINUOUS
10
5.9468503937007871
20
-3.9670275590551181
11
5.9468503937007871
21
-3.9621062992125982
0
LINE
8
BLACK
6
CONTINUOUS
10
5.9468503937007871
20
-3.9621062992125982
11
5.9470377165354327
21
-3.9611646456692911
0
LINE
8
BLACK
6
CONTINUOUS
10
5.9470377165354327
20
-3.9611646456692911
11
5.9475711023622049
21
-3.9603663779527558
0
LINE
8
BLACK
6
CONTINUOUS
10
5.9475711023622049
20
-3.9603663779527558
11
5.9483693700787397
21
-3.9598329921259841
0
LINE
8
BLACK
6
CONTINUOUS
10
5.9483693700787397
20
-3.9598329921259841
11
5.9493110236220472
21
-3.9596456692913384
0
LINE
8
BLACK
6
CONTINUOUS
10
5.9493110236220472
20
-3.9596456692913384
11
5.9768700787401574
21
-3.9596456692913384
0
LINE
8
BLACK
6
CONTINUOUS
10
5.9768700787401574
20
-3.9596456692913384
11
5.9778117322834641
21
-3.9598329921259841
0
LINE
8
BLACK
6
CONTINUOUS
10
6.1303707874015743
20
-3.9598329921259841
11
6.1311690551181099
21
-3.9603663779527558
0
LINE
8
BLACK
6
CONTINUOUS
10
6.1311690551181099
20
-3.9603663779527558
11
6.1317024409448821
21
-3.9611646456692911
0
LINE
8
BLACK
6
CONTINUOUS
10
6.1317024409448821
20
-3.9611646456692911
11
6.1318897637795278
21
-3.9621062992125982
0
LINE
8
BLACK
6
CONTINUOUS
10
6.1318897637795278
20
-3.9621062992125982
11
6.1318897637795278
21
-3.9670275590551181
0
LINE
8
BLACK
6
CONTINUOUS
10
6.1318897637795278
20
-3.9670275590551181
11
6.1317024409448821
21
-3.9679692125984252
0
LINE
8
BLACK
6
CONTINUOUS
10
6.1317024409448821
20
-3.9679692125984252
11
6.1311690551181099
21
-3.9687674803149604
0
LINE
8
BLACK
6
CONTINUOUS
10
6.1311690551181099
20
-3.9687674803149604
11
6.1303707874015743
21
-3.9693008661417322
0
LINE
8
BLACK
6
CONTINUOUS
10
6.1303707874015743
20
-3.9693008661417322
11
6.1294291338582676
21
-3.9694881889763778
0
LINE
8
BLACK
6
CONTINUOUS
10
6.1294291338582676
20
-3.9694881889763778
11
6.1018700787401574
21
-3.9694881889763778
0
LINE
8
BLACK
6
CONTINUOUS
10
6.1018700787401574
20
-3.9694881889763778
11
6.1009284251968499
21
-3.9693008661417322
0
LINE
8
BLACK
6
CONTINUOUS
10
6.1009284251968499
20
-3.9693008661417322
11
6.1001301574803151
21
-3.9687674803149604
0
LINE
8
BLACK
6
CONTINUOUS
10
6.1001301574803151
20
-3.9687674803149604
11
6.0995967716535429
21
-3.9679692125984252
0
LINE
8
BLACK
6
CONTINUOUS
10
6.0995967716535429
20
-3.9679692125984252
11
6.0994094488188972
21
-3.9670275590551181
0
LINE
8
BLACK
6
CONTINUOUS
10
6.0994094488188972
20
-3.9670275590551181
11
6.0994094488188972
21
-3.9621062992125982
0
LINE
8
BLACK
6
CONTINUOUS
10
6.0994094488188972
20
-3.9621062992125982
11
6.0995967716535429
21
-3.9611646456692911
0
LINE
8
BLACK
6
CONTINUOUS
10
6.0995967716535429
20
-3.9611646456692911
11
6.1001301574803151
21
-3.9603663779527558
0
LINE
8
BLACK
6
CONTINUOUS
10
6.1001301574803151
20
-3.9603663779527558
11
6.1009284251968499
21
-3.9598329921259841
0
LINE
8
BLACK
6
CONTINUOUS
10
6.1009284251968499
20
-3.9598329921259841
11
6.1018700787401574
21
-3.9596456692913384
0
LINE
8
BLACK
6
CONTINUOUS
10
6.1018700787401574
20
-3.9596456692913384
11
6.1294291338582676
21
-3.9596456692913384
0
LINE
8
BLACK
6
CONTINUOUS
10
6.1294291338582676
20
-3.9596456692913384
11
6.1303707874015743
21
-3.9598329921259841
0
LINE
8
BLACK
6
CONTINUOUS
10
6.3266012204724404
20
-3.9298830708661416
11
6.3297943700787398
21
-3.932016653543307
0
LINE
8
BLACK
6
CONTINUOUS
10
6.3297943700787398
20
-3.932016653543307
11
6.3319279527559056
21
-3.9352098031496063
0
LINE
8
BLACK
6
CONTINUOUS
10
6.3319279527559056
20
-3.9352098031496063
11
6.3326771653543306
21
-3.938976377952756
0
LINE
8
BLACK
6
CONTINUOUS
10
6.3326771653543306
20
-3.938976377952756
11
6.3326771653543306
21
-3.9586614173228347
0
LINE
8
BLACK
6
CONTINUOUS
10
6.3326771653543306
20
-3.9586614173228347
11
6.3319279527559056
21
-3.962427992125984
0
LINE
8
BLACK
6
CONTINUOUS
10
6.3319279527559056
20
-3.962427992125984
11
6.3297943700787398
21
-3.9656211417322833
0
LINE
8
BLACK
6
CONTINUOUS
10
6.3297943700787398
20
-3.9656211417322833
11
6.3266012204724404
21
-3.9677547244094487
0
LINE
8
BLACK
6
CONTINUOUS
10
6.3266012204724404
20
-3.9677547244094487
11
6.3228346456692908
21
-3.9685039370078741
0
LINE
8
BLACK
6
CONTINUOUS
10
6.3228346456692908
20
-3.9685039370078741
11
6.3031496062992121
21
-3.9685039370078741
0
LINE
8
BLACK
6
CONTINUOUS
10
6.3031496062992121
20
-3.9685039370078741
11
6.2993830314960633
21
-3.9677547244094487
0
LINE
8
BLACK
6
CONTINUOUS
10
6.2993830314960633
20
-3.9677547244094487
11
6.2961898818897639
21
-3.9656211417322833
0
LINE
8
BLACK
6
CONTINUOUS
10
6.2961898818897639
20
-3.9656211417322833
11
6.2940562992125981
21
-3.962427992125984
0
LINE
8
BLACK
6
CONTINUOUS
10
6.2940562992125981
20
-3.962427992125984
11
6.2933070866141732
21
-3.9586614173228347
0
LINE
8
BLACK
6
CONTINUOUS
10
6.2933070866141732
20
-3.9586614173228347
11
6.2933070866141732
21
-3.938976377952756
0
LINE
8
BLACK
6
CONTINUOUS
10
6.2933070866141732
20
-3.938976377952756
11
6.2940562992125981
21
-3.9352098031496063
0
LINE
8
BLACK
6
CONTINUOUS
10
6.2940562992125981
20
-3.9352098031496063
11
6.2961898818897639
21
-3.932016653543307
0
LINE
8
BLACK
6
CONTINUOUS
10
6.2961898818897639
20
-3.932016653543307
11
6.2993830314960633
21
-3.9298830708661416
0
LINE
8
BLACK
6
CONTINUOUS
10
6.2993830314960633
20
-3.9298830708661416
11
6.3031496062992121
21
-3.9291338582677167
0
LINE
8
BLACK
6
CONTINUOUS
10
6.3031496062992121
20
-3.9291338582677167
11
6.3228346456692908
21
-3.9291338582677167
0
LINE
8
BLACK
6
CONTINUOUS
10
6.3228346456692908
20
-3.9291338582677167
11
6.3266012204724404
21
-3.9298830708661416
0
LINE
8
BLACK
6
CONTINUOUS
10
6.4250264173228349
20
-3.9298830708661416
11
6.4282195669291333
21
-3.932016653543307
0
LINE
8
BLACK
6
CONTINUOUS
10
6.4282195669291333
20
-3.932016653543307
11
6.4303531496062991
21
-3.9352098031496063
0
LINE
8
BLACK
6
CONTINUOUS
10
6.4303531496062991
20
-3.9352098031496063
11
6.4311023622047241
21
-3.938976377952756
0
LINE
8
BLACK
6
CONTINUOUS
10
6.4311023622047241
20
-3.938976377952756
11
6.4311023622047241
21
-3.9586614173228347
0
LINE
8
BLACK
6
CONTINUOUS
10
6.4311023622047241
20
-3.9586614173228347
11
6.4303531496062991
21
-3.962427992125984
0
LINE
8
BLACK
6
CONTINUOUS
10
6.4303531496062991
20
-3.962427992125984
11
6.4282195669291333
21
-3.9656211417322833
0
LINE
8
BLACK
6
CONTINUOUS
10
6.4282195669291333
20
-3.9656211417322833
11
6.4250264173228349
21
-3.9677547244094487
0
LINE
8
BLACK
6
CONTINUOUS
10
6.4250264173228349
20
-3.9677547244094487
11
6.4212598425196852
21
-3.9685039370078741
0
LINE
8
BLACK
6
CONTINUOUS
10
6.4212598425196852
20
-3.9685039370078741
11
6.4015748031496065
21
-3.9685039370078741
0
LINE
8
BLACK
6
CONTINUOUS
10
6.4015748031496065
20
-3.9685039370078741
11
6.3978082283464568
21
-3.9677547244094487
0
LINE
8
BLACK
6
CONTINUOUS
10
6.3978082283464568
20
-3.9677547244094487
11
6.3946150787401574
21
-3.9656211417322833
0
LINE
8
BLACK
6
CONTINUOUS
10
6.3946150787401574
20
-3.9656211417322833
11
6.3924814960629917
21
-3.962427992125984
0
LINE
8
BLACK
6
CONTINUOUS
10
6.3924814960629917
20
-3.962427992125984
11
6.3917322834645667
21
-3.9586614173228347
0
LINE
8
BLACK
6
CONTINUOUS
10
6.3917322834645667
20
-3.9586614173228347
11
6.3917322834645667
21
-3.938976377952756
0
LINE
8
BLACK
6
CONTINUOUS
10
6.3917322834645667
20
-3.938976377952756
11
6.3924814960629917
21
-3.9352098031496063
0
LINE
8
BLACK
6
CONTINUOUS
10
6.3924814960629917
20
-3.9352098031496063
11
6.3946150787401574
21
-3.932016653543307
0
LINE
8
BLACK
6
CONTINUOUS
10
6.3946150787401574
20
-3.932016653543307
11
6.3978082283464568
21
-3.9298830708661416
0
LINE
8
BLACK
6
CONTINUOUS
10
6.3978082283464568
20
-3.9298830708661416
11
6.4015748031496065
21
-3.9291338582677167
0
LINE
8
BLACK
6
CONTINUOUS
10
6.4015748031496065
20
-3.9291338582677167
11
6.4212598425196852
21
-3.9291338582677167
0
LINE
8
BLACK
6
CONTINUOUS
10
6.4212598425196852
20
-3.9291338582677167
11
6.4250264173228349
21
-3.9298830708661416
0
LINE
8
BLACK
6
CONTINUOUS
10
5.6661889763779527
20
-3.9652362204724407
11
5.6209133858267712
21
-3.9652362204724407
0
LINE
8
BLACK
6
CONTINUOUS
10
5.6209133858267712
20
-3.9652362204724407
11
5.6209133858267712
21
-3.9534251968503935
0
LINE
8
BLACK
6
CONTINUOUS
10
5.6209133858267712
20
-3.9534251968503935
11
5.6661889763779527
21
-3.9534251968503935
0
LINE
8
BLACK
6
CONTINUOUS
10
5.6661889763779527
20
-3.9534251968503935
11
5.6661889763779527
21
-3.9652362204724407
0
LINE
8
BLACK
6
CONTINUOUS
10
5.8059016929133858
20
-3.9381266929133858
11
5.8078175590551178
21
-3.9394068503937008
0
LINE
8
BLACK
6
CONTINUOUS
10
5.8078175590551178
20
-3.9394068503937008
11
5.8090977165354332
21
-3.9413227165354332
0
LINE
8
BLACK
6
CONTINUOUS
10
5.8090977165354332
20
-3.9413227165354332
11
5.809547244094488
21
-3.9435826771653542
0
LINE
8
BLACK
6
CONTINUOUS
10
5.809547244094488
20
-3.9435826771653542
11
5.809547244094488
21
-3.9553937007874014
0
LINE
8
BLACK
6
CONTINUOUS
10
5.809547244094488
20
-3.9553937007874014
11
5.8090977165354332
21
-3.9576536614173228
0
LINE
8
BLACK
6
CONTINUOUS
10
5.8090977165354332
20
-3.9576536614173228
11
5.8078175590551178
21
-3.9595695275590552
0
LINE
8
BLACK
6
CONTINUOUS
10
5.8078175590551178
20
-3.9595695275590552
11
5.8059016929133858
21
-3.9608496850393702
0
LINE
8
BLACK
6
CONTINUOUS
10
5.8059016929133858
20
-3.9608496850393702
11
5.8036417322834648
21
-3.961299212598425
0
LINE
8
BLACK
6
CONTINUOUS
10
5.8036417322834648
20
-3.961299212598425
11
5.7632874015748028
21
-3.961299212598425
0
LINE
8
BLACK
6
CONTINUOUS
10
5.7632874015748028
20
-3.961299212598425
11
5.7610274409448818
21
-3.9608496850393702
0
LINE
8
BLACK
6
CONTINUOUS
10
5.7610274409448818
20
-3.9608496850393702
11
5.7591115748031498
21
-3.9595695275590552
0
LINE
8
BLACK
6
CONTINUOUS
10
5.7591115748031498
20
-3.9595695275590552
11
5.7578314173228344
21
-3.9576536614173228
0
LINE
8
BLACK
6
CONTINUOUS
10
5.7578314173228344
20
-3.9576536614173228
11
5.7573818897637796
21
-3.9553937007874014
0
LINE
8
BLACK
6
CONTINUOUS
10
5.7573818897637796
20
-3.9553937007874014
11
5.7573818897637796
21
-3.9435826771653542
0
LINE
8
BLACK
6
CONTINUOUS
10
5.7573818897637796
20
-3.9435826771653542
11
5.7578314173228344
21
-3.9413227165354332
0
LINE
8
BLACK
6
CONTINUOUS
10
5.7578314173228344
20
-3.9413227165354332
11
5.7591115748031498
21
-3.9394068503937008
0
LINE
8
BLACK
6
CONTINUOUS
10
5.7591115748031498
20
-3.9394068503937008
11
5.7610274409448818
21
-3.9381266929133858
0
LINE
8
BLACK
6
CONTINUOUS
10
5.7610274409448818
20
-3.9381266929133858
11
5.7632874015748028
21
-3.9376771653543305
0
LINE
8
BLACK
6
CONTINUOUS
10
5.7632874015748028
20
-3.9376771653543305
11
5.8036417322834648
21
-3.9376771653543305
0
LINE
8
BLACK
6
CONTINUOUS
10
5.8036417322834648
20
-3.9376771653543305
11
5.8059016929133858
21
-3.9381266929133858
0
LINE
8
BLACK
6
CONTINUOUS
10
5.8954686220472441
20
-3.9381266929133858
11
5.8973844881889761
21
-3.9394068503937008
0
LINE
8
BLACK
6
CONTINUOUS
10
5.8973844881889761
20
-3.9394068503937008
11
5.8986646456692915
21
-3.9413227165354332
0
LINE
8
BLACK
6
CONTINUOUS
10
5.8986646456692915
20
-3.9413227165354332
11
5.8991141732283463
21
-3.9435826771653542
0
LINE
8
BLACK
6
CONTINUOUS
10
5.8991141732283463
20
-3.9435826771653542
11
5.8991141732283463
21
-3.9553937007874014
0
LINE
8
BLACK
6
CONTINUOUS
10
5.8991141732283463
20
-3.9553937007874014
11
5.8986646456692915
21
-3.9576536614173228
0
LINE
8
BLACK
6
CONTINUOUS
10
5.8986646456692915
20
-3.9576536614173228
11
5.8973844881889761
21
-3.9595695275590552
0
LINE
8
BLACK
6
CONTINUOUS
10
5.8973844881889761
20
-3.9595695275590552
11
5.8954686220472441
21
-3.9608496850393702
0
LINE
8
BLACK
6
CONTINUOUS
10
5.8954686220472441
20
-3.9608496850393702
11
5.8932086614173231
21
-3.961299212598425
0
LINE
8
BLACK
6
CONTINUOUS
10
5.8932086614173231
20
-3.961299212598425
11
5.8528543307086611
21
-3.961299212598425
0
LINE
8
BLACK
6
CONTINUOUS
10
5.8528543307086611
20
-3.961299212598425
11
5.8505943700787402
21
-3.9608496850393702
0
LINE
8
BLACK
6
CONTINUOUS
10
5.8505943700787402
20
-3.9608496850393702
11
5.8486785039370082
21
-3.9595695275590552
0
LINE
8
BLACK
6
CONTINUOUS
10
5.8486785039370082
20
-3.9595695275590552
11
5.8473983464566928
21
-3.9576536614173228
0
LINE
8
BLACK
6
CONTINUOUS
10
5.8473983464566928
20
-3.9576536614173228
11
5.846948818897638
21
-3.9553937007874014
0
LINE
8
BLACK
6
CONTINUOUS
10
5.846948818897638
20
-3.9553937007874014
11
5.846948818897638
21
-3.9435826771653542
0
LINE
8
BLACK
6
CONTINUOUS
10
5.846948818897638
20
-3.9435826771653542
11
5.8473983464566928
21
-3.9413227165354332
0
LINE
8
BLACK
6
CONTINUOUS
10
5.8473983464566928
20
-3.9413227165354332
11
5.8486785039370082
21
-3.9394068503937008
0
LINE
8
BLACK
6
CONTINUOUS
10
5.8486785039370082
20
-3.9394068503937008
11
5.8505943700787402
21
-3.9381266929133858
0
LINE
8
BLACK
6
CONTINUOUS
10
5.8505943700787402
20
-3.9381266929133858
11
5.8528543307086611
21
-3.9376771653543305
0
LINE
8
BLACK
6
CONTINUOUS
10
5.8528543307086611
20
-3.9376771653543305
11
5.8932086614173231
21
-3.9376771653543305
0
LINE
8
BLACK
6
CONTINUOUS
10
5.8932086614173231
20
-3.9376771653543305
11
5.8954686220472441
21
-3.9381266929133858
0
LINE
8
BLACK
6
CONTINUOUS
10
6.0285697244094489
20
-3.9208279527559053
11
6.0317628740157483
21
-3.9229615354330707
0
LINE
8
BLACK
6
CONTINUOUS
10
6.0317628740157483
20
-3.9229615354330707
11
6.0338964566929132
21
-3.92615468503937
0
LINE
8
BLACK
6
CONTINUOUS
10
6.0338964566929132
20
-3.92615468503937
11
6.0346456692913382
21
-3.9299212598425197
0
LINE
8
BLACK
6
CONTINUOUS
10
6.0346456692913382
20
-3.9299212598425197
11
6.0346456692913382
21
-3.9499999999999997
0
LINE
8
BLACK
6
CONTINUOUS
10
6.0346456692913382
20
-3.9499999999999997
11
6.0338964566929132
21
-3.9537665748031494
0
LINE
8
BLACK
6
CONTINUOUS
10
6.0338964566929132
20
-3.9537665748031494
11
6.0317628740157483
21
-3.9569597244094488
0
LINE
8
BLACK
6
CONTINUOUS
10
6.0317628740157483
20
-3.9569597244094488
11
6.0285697244094489
21
-3.9590933070866141
0
LINE
8
BLACK
6
CONTINUOUS
10
6.0285697244094489
20
-3.9590933070866141
11
6.0248031496062993
21
-3.9598425196850391
0
LINE
8
BLACK
6
CONTINUOUS
10
6.0248031496062993
20
-3.9598425196850391
11
6.0047244094488184
21
-3.9598425196850391
0
LINE
8
BLACK
6
CONTINUOUS
10
6.0047244094488184
20
-3.9598425196850391
11
6.0009578346456696
21
-3.9590933070866141
0
LINE
8
BLACK
6
CONTINUOUS
10
6.0009578346456696
20
-3.9590933070866141
11
5.9977646850393702
21
-3.9569597244094488
0
LINE
8
BLACK
6
CONTINUOUS
10
5.9977646850393702
20
-3.9569597244094488
11
5.9956311023622044
21
-3.9537665748031494
0
LINE
8
BLACK
6
CONTINUOUS
10
5.9956311023622044
20
-3.9537665748031494
11
5.9948818897637794
21
-3.9499999999999997
0
LINE
8
BLACK
6
CONTINUOUS
10
5.9948818897637794
20
-3.9499999999999997
11
5.9948818897637794
21
-3.9299212598425197
0
LINE
8
BLACK
6
CONTINUOUS
10
5.9948818897637794
20
-3.9299212598425197
11
5.9956311023622044
21
-3.92615468503937
0
LINE
8
BLACK
6
CONTINUOUS
10
5.9956311023622044
20
-3.92615468503937
11
5.9977646850393702
21
-3.9229615354330707
0
LINE
8
BLACK
6
CONTINUOUS
10
5.9977646850393702
20
-3.9229615354330707
11
6.0009578346456696
21
-3.9208279527559053
0
LINE
8
BLACK
6
CONTINUOUS
10
6.0009578346456696
20
-3.9208279527559053
11
6.0047244094488184
21
-3.9200787401574804
0
LINE
8
BLACK
6
CONTINUOUS
10
6.0047244094488184
20
-3.9200787401574804
11
6.0248031496062993
21
-3.9200787401574804
0
LINE
8
BLACK
6
CONTINUOUS
10
6.0248031496062993
20
-3.9200787401574804
11
6.0285697244094489
21
-3.9208279527559053
0
LINE
8
BLACK
6
CONTINUOUS
10
6.0777823228346453
20
-3.9208279527559053
11
6.0809754724409446
21
-3.9229615354330707
0
LINE
8
BLACK
6
CONTINUOUS
10
6.0809754724409446
20
-3.9229615354330707
11
6.0831090551181104
21
-3.92615468503937
0
LINE
8
BLACK
6
CONTINUOUS
10
6.0831090551181104
20
-3.92615468503937
11
6.0838582677165354
21
-3.9299212598425197
0
LINE
8
BLACK
6
CONTINUOUS
10
6.0838582677165354
20
-3.9299212598425197
11
6.0838582677165354
21
-3.9499999999999997
0
LINE
8
BLACK
6
CONTINUOUS
10
6.0838582677165354
20
-3.9499999999999997
11
6.0831090551181104
21
-3.9537665748031494
0
LINE
8
BLACK
6
CONTINUOUS
10
6.0831090551181104
20
-3.9537665748031494
11
6.0809754724409446
21
-3.9569597244094488
0
LINE
8
BLACK
6
CONTINUOUS
10
6.0809754724409446
20
-3.9569597244094488
11
6.0777823228346453
21
-3.9590933070866141
0
LINE
8
BLACK
6
CONTINUOUS
10
6.0777823228346453
20
-3.9590933070866141
11
6.0740157480314956
21
-3.9598425196850391
0
LINE
8
BLACK
6
CONTINUOUS
10
6.0740157480314956
20
-3.9598425196850391
11
6.0539370078740156
21
-3.9598425196850391
0
LINE
8
BLACK
6
CONTINUOUS
10
6.0539370078740156
20
-3.9598425196850391
11
6.0501704330708659
21
-3.9590933070866141
0
LINE
8
BLACK
6
CONTINUOUS
10
6.0501704330708659
20
-3.9590933070866141
11
6.0469772834645665
21
-3.9569597244094488
0
LINE
8
BLACK
6
CONTINUOUS
10
6.0469772834645665
20
-3.9569597244094488
11
6.0448437007874016
21
-3.9537665748031494
0
LINE
8
BLACK
6
CONTINUOUS
10
6.0448437007874016
20
-3.9537665748031494
11
6.0440944881889767
21
-3.9499999999999997
0
LINE
8
BLACK
6
CONTINUOUS
10
6.0440944881889767
20
-3.9499999999999997
11
6.0440944881889767
21
-3.9299212598425197
0
LINE
8
BLACK
6
CONTINUOUS
10
6.0440944881889767
20
-3.9299212598425197
11
6.0448437007874016
21
-3.92615468503937
0
LINE
8
BLACK
6
CONTINUOUS
10
6.0448437007874016
20
-3.92615468503937
11
6.0469772834645665
21
-3.9229615354330707
0
LINE
8
BLACK
6
CONTINUOUS
10
6.0469772834645665
20
-3.9229615354330707
11
6.0501704330708659
21
-3.9208279527559053
0
LINE
8
BLACK
6
CONTINUOUS
10
6.0501704330708659
20
-3.9208279527559053
11
6.0539370078740156
21
-3.9200787401574804
0
LINE
8
BLACK
6
CONTINUOUS
10
6.0539370078740156
20
-3.9200787401574804
11
6.0740157480314956
21
-3.9200787401574804
0
LINE
8
BLACK
6
CONTINUOUS
10
6.0740157480314956
20
-3.9200787401574804
11
6.0777823228346453
21
-3.9208279527559053
0
LINE
8
BLACK
6
CONTINUOUS
10
5.9778117322834641
20
-3.9401479527559053
11
5.9786099999999998
21
-3.9406813385826771
0
LINE
8
BLACK
6
CONTINUOUS
10
5.9786099999999998
20
-3.9406813385826771
11
5.979143385826772
21
-3.9414796062992123
0
LINE
8
BLACK
6
CONTINUOUS
10
5.979143385826772
20
-3.9414796062992123
11
5.9793307086614176
21
-3.9424212598425195
0
LINE
8
BLACK
6
CONTINUOUS
10
5.9793307086614176
20
-3.9424212598425195
11
5.9793307086614176
21
-3.9473425196850394
0
LINE
8
BLACK
6
CONTINUOUS
10
5.9793307086614176
20
-3.9473425196850394
11
5.979143385826772
21
-3.9482841732283465
0
LINE
8
BLACK
6
CONTINUOUS
10
5.979143385826772
20
-3.9482841732283465
11
5.9786099999999998
21
-3.9490824409448817
0
LINE
8
BLACK
6
CONTINUOUS
10
5.9786099999999998
20
-3.9490824409448817
11
5.9778117322834641
21
-3.9496158267716535
0
LINE
8
BLACK
6
CONTINUOUS
10
5.9778117322834641
20
-3.9496158267716535
11
5.9768700787401574
21
-3.9498031496062991
0
LINE
8
BLACK
6
CONTINUOUS
10
5.9768700787401574
20
-3.9498031496062991
11
5.9493110236220472
21
-3.9498031496062991
0
LINE
8
BLACK
6
CONTINUOUS
10
5.9493110236220472
20
-3.9498031496062991
11
5.9483693700787397
21
-3.9496158267716535
0
LINE
8
BLACK
6
CONTINUOUS
10
5.9483693700787397
20
-3.9496158267716535
11
5.9475711023622049
21
-3.9490824409448817
0
LINE
8
BLACK
6
CONTINUOUS
10
5.9475711023622049
20
-3.9490824409448817
11
5.9470377165354327
21
-3.9482841732283465
0
LINE
8
BLACK
6
CONTINUOUS
10
5.9470377165354327
20
-3.9482841732283465
11
5.9468503937007871
21
-3.9473425196850394
0
LINE
8
BLACK
6
CONTINUOUS
10
5.9468503937007871
20
-3.9473425196850394
11
5.9468503937007871
21
-3.9424212598425195
0
LINE
8
BLACK
6
CONTINUOUS
10
5.9468503937007871
20
-3.9424212598425195
11
5.9470377165354327
21
-3.9414796062992123
0
LINE
8
BLACK
6
CONTINUOUS
10
5.9470377165354327
20
-3.9414796062992123
11
5.9475711023622049
21
-3.9406813385826771
0
LINE
8
BLACK
6
CONTINUOUS
10
5.9475711023622049
20
-3.9406813385826771
11
5.9483693700787397
21
-3.9401479527559053
0
LINE
8
BLACK
6
CONTINUOUS
10
5.9483693700787397
20
-3.9401479527559053
11
5.9493110236220472
21
-3.9399606299212597
0
LINE
8
BLACK
6
CONTINUOUS
10
5.9493110236220472
20
-3.9399606299212597
11
5.9768700787401574
21
-3.9399606299212597
0
LINE
8
BLACK
6
CONTINUOUS
10
5.9768700787401574
20
-3.9399606299212597
11
5.9778117322834641
21
-3.9401479527559053
0
LINE
8
BLACK
6
CONTINUOUS
10
6.1303707874015743
20
-3.9401479527559053
11
6.1311690551181099
21
-3.9406813385826771
0
LINE
8
BLACK
6
CONTINUOUS
10
6.1311690551181099
20
-3.9406813385826771
11
6.1317024409448821
21
-3.9414796062992123
0
LINE
8
BLACK
6
CONTINUOUS
10
6.1317024409448821
20
-3.9414796062992123
11
6.1318897637795278
21
-3.9424212598425195
0
LINE
8
BLACK
6
CONTINUOUS
10
6.1318897637795278
20
-3.9424212598425195
11
6.1318897637795278
21
-3.9473425196850394
0
LINE
8
BLACK
6
CONTINUOUS
10
6.1318897637795278
20
-3.9473425196850394
11
6.1317024409448821
21
-3.9482841732283465
0
LINE
8
BLACK
6
CONTINUOUS
10
6.1317024409448821
20
-3.9482841732283465
11
6.1311690551181099
21
-3.9490824409448817
0
LINE
8
BLACK
6
CONTINUOUS
10
6.1311690551181099
20
-3.9490824409448817
11
6.1303707874015743
21
-3.9496158267716535
0
LINE
8
BLACK
6
CONTINUOUS
10
6.1303707874015743
20
-3.9496158267716535
11
6.1294291338582676
21
-3.9498031496062991
0
LINE
8
BLACK
6
CONTINUOUS
10
6.1294291338582676
20
-3.9498031496062991
11
6.1018700787401574
21
-3.9498031496062991
0
LINE
8
BLACK
6
CONTINUOUS
10
6.1018700787401574
20
-3.9498031496062991
11
6.1009284251968499
21
-3.9496158267716535
0
LINE
8
BLACK
6
CONTINUOUS
10
6.1009284251968499
20
-3.9496158267716535
11
6.1001301574803151
21
-3.9490824409448817
0
LINE
8
BLACK
6
CONTINUOUS
10
6.1001301574803151
20
-3.9490824409448817
11
6.0995967716535429
21
-3.9482841732283465
0
LINE
8
BLACK
6
CONTINUOUS
10
6.0995967716535429
20
-3.9482841732283465
11
6.0994094488188972
21
-3.9473425196850394
0
LINE
8
BLACK
6
CONTINUOUS
10
6.0994094488188972
20
-3.9473425196850394
11
6.0994094488188972
21
-3.9424212598425195
0
LINE
8
BLACK
6
CONTINUOUS
10
6.0994094488188972
20
-3.9424212598425195
11
6.0995967716535429
21
-3.9414796062992123
0
LINE
8
BLACK
6
CONTINUOUS
10
6.0995967716535429
20
-3.9414796062992123
11
6.1001301574803151
21
-3.9406813385826771
0
LINE
8
BLACK
6
CONTINUOUS
10
6.1001301574803151
20
-3.9406813385826771
11
6.1009284251968499
21
-3.9401479527559053
0
LINE
8
BLACK
6
CONTINUOUS
10
6.1009284251968499
20
-3.9401479527559053
11
6.1018700787401574
21
-3.9399606299212597
0
LINE
8
BLACK
6
CONTINUOUS
10
6.1018700787401574
20
-3.9399606299212597
11
6.1294291338582676
21
-3.9399606299212597
0
LINE
8
BLACK
6
CONTINUOUS
10
6.1294291338582676
20
-3.9399606299212597
11
6.1303707874015743
21
-3.9401479527559053
0
LINE
8
BLACK
6
CONTINUOUS
10
5.6661889763779527
20
-3.945551181102362
11
5.6209133858267712
21
-3.945551181102362
0
LINE
8
BLACK
6
CONTINUOUS
10
5.6209133858267712
20
-3.945551181102362
11
5.6209133858267712
21
-3.9337401574803148
0
LINE
8
BLACK
6
CONTINUOUS
10
5.6209133858267712
20
-3.9337401574803148
11
5.6661889763779527
21
-3.9337401574803148
0
LINE
8
BLACK
6
CONTINUOUS
10
5.6661889763779527
20
-3.9337401574803148
11
5.6661889763779527
21
-3.945551181102362
0
LINE
8
BLACK
6
CONTINUOUS
10
5.9778117322834641
20
-3.9204629133858266
11
5.9786099999999998
21
-3.9209962992125984
0
LINE
8
BLACK
6
CONTINUOUS
10
5.9786099999999998
20
-3.9209962992125984
11
5.979143385826772
21
-3.9217945669291336
0
LINE
8
BLACK
6
CONTINUOUS
10
5.979143385826772
20
-3.9217945669291336
11
5.9793307086614176
21
-3.9227362204724407
0
LINE
8
BLACK
6
CONTINUOUS
10
5.9793307086614176
20
-3.9227362204724407
11
5.9793307086614176
21
-3.9276574803149606
0
LINE
8
BLACK
6
CONTINUOUS
10
5.9793307086614176
20
-3.9276574803149606
11
5.979143385826772
21
-3.9285991338582678
0
LINE
8
BLACK
6
CONTINUOUS
10
5.979143385826772
20
-3.9285991338582678
11
5.9786099999999998
21
-3.929397401574803
0
LINE
8
BLACK
6
CONTINUOUS
10
5.9786099999999998
20
-3.929397401574803
11
5.9778117322834641
21
-3.9299307874015748
0
LINE
8
BLACK
6
CONTINUOUS
10
5.9778117322834641
20
-3.9299307874015748
11
5.9768700787401574
21
-3.9301181102362204
0
LINE
8
BLACK
6
CONTINUOUS
10
5.9768700787401574
20
-3.9301181102362204
11
5.9493110236220472
21
-3.9301181102362204
0
LINE
8
BLACK
6
CONTINUOUS
10
5.9493110236220472
20
-3.9301181102362204
11
5.9483693700787397
21
-3.9299307874015748
0
LINE
8
BLACK
6
CONTINUOUS
10
5.9483693700787397
20
-3.9299307874015748
11
5.9475711023622049
21
-3.929397401574803
0
LINE
8
BLACK
6
CONTINUOUS
10
5.9475711023622049
20
-3.929397401574803
11
5.9470377165354327
21
-3.9285991338582678
0
LINE
8
BLACK
6
CONTINUOUS
10
5.9470377165354327
20
-3.9285991338582678
11
5.9468503937007871
21
-3.9276574803149606
0
LINE
8
BLACK
6
CONTINUOUS
10
5.9468503937007871
20
-3.9276574803149606
11
5.9468503937007871
21
-3.9227362204724407
0
LINE
8
BLACK
6
CONTINUOUS
10
5.9468503937007871
20
-3.9227362204724407
11
5.9470377165354327
21
-3.9217945669291336
0
LINE
8
BLACK
6
CONTINUOUS
10
5.9470377165354327
20
-3.9217945669291336
11
5.9475711023622049
21
-3.9209962992125984
0
LINE
8
BLACK
6
CONTINUOUS
10
5.9475711023622049
20
-3.9209962992125984
11
5.9483693700787397
21
-3.9204629133858266
0
LINE
8
BLACK
6
CONTINUOUS
10
5.9483693700787397
20
-3.9204629133858266
11
5.9493110236220472
21
-3.920275590551181
0
LINE
8
BLACK
6
CONTINUOUS
10
5.9493110236220472
20
-3.920275590551181
11
5.9768700787401574
21
-3.920275590551181
0
LINE
8
BLACK
6
CONTINUOUS
10
5.9768700787401574
20
-3.920275590551181
11
5.9778117322834641
21
-3.9204629133858266
0
LINE
8
BLACK
6
CONTINUOUS
10
6.1303707874015743
20
-3.9204629133858266
11
6.1311690551181099
21
-3.9209962992125984
0
LINE
8
BLACK
6
CONTINUOUS
10
6.1311690551181099
20
-3.9209962992125984
11
6.1317024409448821
21
-3.9217945669291336
0
LINE
8
BLACK
6
CONTINUOUS
10
6.1317024409448821
20
-3.9217945669291336
11
6.1318897637795278
21
-3.9227362204724407
0
LINE
8
BLACK
6
CONTINUOUS
10
6.1318897637795278
20
-3.9227362204724407
11
6.1318897637795278
21
-3.9276574803149606
0
LINE
8
BLACK
6
CONTINUOUS
10
6.1318897637795278
20
-3.9276574803149606
11
6.1317024409448821
21
-3.9285991338582678
0
LINE
8
BLACK
6
CONTINUOUS
10
6.1317024409448821
20
-3.9285991338582678
11
6.1311690551181099
21
-3.929397401574803
0
LINE
8
BLACK
6
CONTINUOUS
10
6.1311690551181099
20
-3.929397401574803
11
6.1303707874015743
21
-3.9299307874015748
0
LINE
8
BLACK
6
CONTINUOUS
10
6.1303707874015743
20
-3.9299307874015748
11
6.1294291338582676
21
-3.9301181102362204
0
LINE
8
BLACK
6
CONTINUOUS
10
6.1294291338582676
20
-3.9301181102362204
11
6.1018700787401574
21
-3.9301181102362204
0
LINE
8
BLACK
6
CONTINUOUS
10
6.1018700787401574
20
-3.9301181102362204
11
6.1009284251968499
21
-3.9299307874015748
0
LINE
8
BLACK
6
CONTINUOUS
10
6.1009284251968499
20
-3.9299307874015748
11
6.1001301574803151
21
-3.929397401574803
0
LINE
8
BLACK
6
CONTINUOUS
10
6.1001301574803151
20
-3.929397401574803
11
6.0995967716535429
21
-3.9285991338582678
0
LINE
8
BLACK
6
CONTINUOUS
10
6.0995967716535429
20
-3.9285991338582678
11
6.0994094488188972
21
-3.9276574803149606
0
LINE
8
BLACK
6
CONTINUOUS
10
6.0994094488188972
20
-3.9276574803149606
11
6.0994094488188972
21
-3.9227362204724407
0
LINE
8
BLACK
6
CONTINUOUS
10
6.0994094488188972
20
-3.9227362204724407
11
6.0995967716535429
21
-3.9217945669291336
0
LINE
8
BLACK
6
CONTINUOUS
10
6.0995967716535429
20
-3.9217945669291336
11
6.1001301574803151
21
-3.9209962992125984
0
LINE
8
BLACK
6
CONTINUOUS
10
6.1001301574803151
20
-3.9209962992125984
11
6.1009284251968499
21
-3.9204629133858266
0
LINE
8
BLACK
6
CONTINUOUS
10
6.1009284251968499
20
-3.9204629133858266
11
6.1018700787401574
21
-3.920275590551181
0
LINE
8
BLACK
6
CONTINUOUS
10
6.1018700787401574
20
-3.920275590551181
11
6.1294291338582676
21
-3.920275590551181
0
LINE
8
BLACK
6
CONTINUOUS
10
6.1294291338582676
20
-3.920275590551181
11
6.1303707874015743
21
-3.9204629133858266
0
LINE
8
BLACK
6
CONTINUOUS
10
5.6661889763779527
20
-3.9258661417322833
11
5.6209133858267712
21
-3.9258661417322833
0
LINE
8
BLACK
6
CONTINUOUS
10
5.6209133858267712
20
-3.9258661417322833
11
5.6209133858267712
21
-3.9140551181102361
0
LINE
8
BLACK
6
CONTINUOUS
10
5.6209133858267712
20
-3.9140551181102361
11
5.6661889763779527
21
-3.9140551181102361
0
LINE
8
BLACK
6
CONTINUOUS
10
5.6661889763779527
20
-3.9140551181102361
11
5.6661889763779527
21
-3.9258661417322833
0
LINE
8
BLACK
6
CONTINUOUS
10
5.8059016929133858
20
-3.9007251181102363
11
5.8078175590551178
21
-3.9020052755905512
0
LINE
8
BLACK
6
CONTINUOUS
10
5.8078175590551178
20
-3.9020052755905512
11
5.8090977165354332
21
-3.9039211417322832
0
LINE
8
BLACK
6
CONTINUOUS
10
5.8090977165354332
20
-3.9039211417322832
11
5.809547244094488
21
-3.9061811023622046
0
LINE
8
BLACK
6
CONTINUOUS
10
5.809547244094488
20
-3.9061811023622046
11
5.809547244094488
21
-3.9179921259842518
0
LINE
8
BLACK
6
CONTINUOUS
10
5.809547244094488
20
-3.9179921259842518
11
5.8090977165354332
21
-3.9202520866141732
0
LINE
8
BLACK
6
CONTINUOUS
10
5.8090977165354332
20
-3.9202520866141732
11
5.8078175590551178
21
-3.9221679527559052
0
LINE
8
BLACK
6
CONTINUOUS
10
5.8078175590551178
20
-3.9221679527559052
11
5.8059016929133858
21
-3.9234481102362202
0
LINE
8
BLACK
6
CONTINUOUS
10
5.8059016929133858
20
-3.9234481102362202
11
5.8036417322834648
21
-3.9238976377952755
0
LINE
8
BLACK
6
CONTINUOUS
10
5.8036417322834648
20
-3.9238976377952755
11
5.7632874015748028
21
-3.9238976377952755
0
LINE
8
BLACK
6
CONTINUOUS
10
5.7632874015748028
20
-3.9238976377952755
11
5.7610274409448818
21
-3.9234481102362202
0
LINE
8
BLACK
6
CONTINUOUS
10
5.7610274409448818
20
-3.9234481102362202
11
5.7591115748031498
21
-3.9221679527559052
0
LINE
8
BLACK
6
CONTINUOUS
10
5.7591115748031498
20
-3.9221679527559052
11
5.7578314173228344
21
-3.9202520866141732
0
LINE
8
BLACK
6
CONTINUOUS
10
5.7578314173228344
20
-3.9202520866141732
11
5.7573818897637796
21
-3.9179921259842518
0
LINE
8
BLACK
6
CONTINUOUS
10
5.7573818897637796
20
-3.9179921259842518
11
5.7573818897637796
21
-3.9061811023622046
0
LINE
8
BLACK
6
CONTINUOUS
10
5.7573818897637796
20
-3.9061811023622046
11
5.7578314173228344
21
-3.9039211417322832
0
LINE
8
BLACK
6
CONTINUOUS
10
5.7578314173228344
20
-3.9039211417322832
11
5.7591115748031498
21
-3.9020052755905512
0
LINE
8
BLACK
6
CONTINUOUS
10
5.7591115748031498
20
-3.9020052755905512
11
5.7610274409448818
21
-3.9007251181102363
0
LINE
8
BLACK
6
CONTINUOUS
10
5.7610274409448818
20
-3.9007251181102363
11
5.7632874015748028
21
-3.900275590551181
0
LINE
8
BLACK
6
CONTINUOUS
10
5.7632874015748028
20
-3.900275590551181
11
5.8036417322834648
21
-3.900275590551181
0
LINE
8
BLACK
6
CONTINUOUS
10
5.8036417322834648
20
-3.900275590551181
11
5.8059016929133858
21
-3.9007251181102363
0
LINE
8
BLACK
6
CONTINUOUS
10
5.8954686220472441
20
-3.9007251181102363
11
5.8973844881889761
21
-3.9020052755905512
0
LINE
8
BLACK
6
CONTINUOUS
10
5.8973844881889761
20
-3.9020052755905512
11
5.8986646456692915
21
-3.9039211417322832
0
LINE
8
BLACK
6
CONTINUOUS
10
5.8986646456692915
20
-3.9039211417322832
11
5.8991141732283463
21
-3.9061811023622046
0
LINE
8
BLACK
6
CONTINUOUS
10
5.8991141732283463
20
-3.9061811023622046
11
5.8991141732283463
21
-3.9179921259842518
0
LINE
8
BLACK
6
CONTINUOUS
10
5.8991141732283463
20
-3.9179921259842518
11
5.8986646456692915
21
-3.9202520866141732
0
LINE
8
BLACK
6
CONTINUOUS
10
5.8986646456692915
20
-3.9202520866141732
11
5.8973844881889761
21
-3.9221679527559052
0
LINE
8
BLACK
6
CONTINUOUS
10
5.8973844881889761
20
-3.9221679527559052
11
5.8954686220472441
21
-3.9234481102362202
0
LINE
8
BLACK
6
CONTINUOUS
10
5.8954686220472441
20
-3.9234481102362202
11
5.8932086614173231
21
-3.9238976377952755
0
LINE
8
BLACK
6
CONTINUOUS
10
5.8932086614173231
20
-3.9238976377952755
11
5.8528543307086611
21
-3.9238976377952755
0
LINE
8
BLACK
6
CONTINUOUS
10
5.8528543307086611
20
-3.9238976377952755
11
5.8505943700787402
21
-3.9234481102362202
0
LINE
8
BLACK
6
CONTINUOUS
10
5.8505943700787402
20
-3.9234481102362202
11
5.8486785039370082
21
-3.9221679527559052
0
LINE
8
BLACK
6
CONTINUOUS
10
5.8486785039370082
20
-3.9221679527559052
11
5.8473983464566928
21
-3.9202520866141732
0
LINE
8
BLACK
6
CONTINUOUS
10
5.8473983464566928
20
-3.9202520866141732
11
5.846948818897638
21
-3.9179921259842518
0
LINE
8
BLACK
6
CONTINUOUS
10
5.846948818897638
20
-3.9179921259842518
11
5.846948818897638
21
-3.9061811023622046
0
LINE
8
BLACK
6
CONTINUOUS
10
5.846948818897638
20
-3.9061811023622046
11
5.8473983464566928
21
-3.9039211417322832
0
LINE
8
BLACK
6
CONTINUOUS
10
5.8473983464566928
20
-3.9039211417322832
11
5.8486785039370082
21
-3.9020052755905512
0
LINE
8
BLACK
6
CONTINUOUS
10
5.8486785039370082
20
-3.9020052755905512
11
5.8505943700787402
21
-3.9007251181102363
0
LINE
8
BLACK
6
CONTINUOUS
10
5.8505943700787402
20
-3.9007251181102363
11
5.8528543307086611
21
-3.900275590551181
0
LINE
8
BLACK
6
CONTINUOUS
10
5.8528543307086611
20
-3.900275590551181
11
5.8932086614173231
21
-3.900275590551181
0
LINE
8
BLACK
6
CONTINUOUS
10
5.8932086614173231
20
-3.900275590551181
11
5.8954686220472441
21
-3.9007251181102363
0
LINE
8
BLACK
6
CONTINUOUS
10
5.6661889763779527
20
-3.9061811023622046
11
5.6209133858267712
21
-3.9061811023622046
0
LINE
8
BLACK
6
CONTINUOUS
10
5.6209133858267712
20
-3.9061811023622046
11
5.6209133858267712
21
-3.8943700787401574
0
LINE
8
BLACK
6
CONTINUOUS
10
5.6209133858267712
20
-3.8943700787401574
11
5.6661889763779527
21
-3.8943700787401574
0
LINE
8
BLACK
6
CONTINUOUS
10
5.6661889763779527
20
-3.8943700787401574
11
5.6661889763779527
21
-3.9061811023622046
0
LINE
8
BLACK
6
CONTINUOUS
10
6.0034022834645668
20
-3.8722345669291336
11
6.0042005511811025
21
-3.8727679527559054
0
LINE
8
BLACK
6
CONTINUOUS
10
6.0042005511811025
20
-3.8727679527559054
11
6.0047339370078738
21
-3.873566220472441
0
LINE
8
BLACK
6
CONTINUOUS
10
6.0047339370078738
20
-3.873566220472441
11
6.0049212598425195
21
-3.8745078740157481
0
LINE
8
BLACK
6
CONTINUOUS
10
6.0049212598425195
20
-3.8745078740157481
11
6.0049212598425195
21
-3.9020669291338583
0
LINE
8
BLACK
6
CONTINUOUS
10
6.0049212598425195
20
-3.9020669291338583
11
6.0047339370078738
21
-3.9030085826771654
0
LINE
8
BLACK
6
CONTINUOUS
10
6.0047339370078738
20
-3.9030085826771654
11
6.0042005511811025
21
-3.9038068503937007
0
LINE
8
BLACK
6
CONTINUOUS
10
6.0042005511811025
20
-3.9038068503937007
11
6.0034022834645668
21
-3.9043402362204724
0
LINE
8
BLACK
6
CONTINUOUS
10
6.0034022834645668
20
-3.9043402362204724
11
6.0024606299212593
21
-3.9045275590551181
0
LINE
8
BLACK
6
CONTINUOUS
10
6.0024606299212593
20
-3.9045275590551181
11
5.9975393700787398
21
-3.9045275590551181
0
LINE
8
BLACK
6
CONTINUOUS
10
5.9975393700787398
20
-3.9045275590551181
11
5.9965977165354332
21
-3.9043402362204724
0
LINE
8
BLACK
6
CONTINUOUS
10
5.9965977165354332
20
-3.9043402362204724
11
5.9957994488188975
21
-3.9038068503937007
0
LINE
8
BLACK
6
CONTINUOUS
10
5.9957994488188975
20
-3.9038068503937007
11
5.9952660629921262
21
-3.9030085826771654
0
LINE
8
BLACK
6
CONTINUOUS
10
5.9952660629921262
20
-3.9030085826771654
11
5.9950787401574805
21
-3.9020669291338583
0
LINE
8
BLACK
6
CONTINUOUS
10
5.9950787401574805
20
-3.9020669291338583
11
5.9950787401574805
21
-3.8745078740157481
0
LINE
8
BLACK
6
CONTINUOUS
10
5.9950787401574805
20
-3.8745078740157481
11
5.9952660629921262
21
-3.873566220472441
0
LINE
8
BLACK
6
CONTINUOUS
10
5.9952660629921262
20
-3.873566220472441
11
5.9957994488188975
21
-3.8727679527559054
0
LINE
8
BLACK
6
CONTINUOUS
10
5.9957994488188975
20
-3.8727679527559054
11
5.9965977165354332
21
-3.8722345669291336
0
LINE
8
BLACK
6
CONTINUOUS
10
5.9965977165354332
20
-3.8722345669291336
11
5.9975393700787398
21
-3.872047244094488
0
LINE
8
BLACK
6
CONTINUOUS
10
5.9975393700787398
20
-3.872047244094488
11
6.0024606299212593
21
-3.872047244094488
0
LINE
8
BLACK
6
CONTINUOUS
10
6.0024606299212593
20
-3.872047244094488
11
6.0034022834645668
21
-3.8722345669291336
0
LINE
8
BLACK
6
CONTINUOUS
10
6.0230873228346455
20
-3.8722345669291336
11
6.0238855905511812
21
-3.8727679527559054
0
LINE
8
BLACK
6
CONTINUOUS
10
6.0238855905511812
20
-3.8727679527559054
11
6.0244189763779525
21
-3.873566220472441
0
LINE
8
BLACK
6
CONTINUOUS
10
6.0244189763779525
20
-3.873566220472441
11
6.0246062992125982
21
-3.8745078740157481
0
LINE
8
BLACK
6
CONTINUOUS
10
6.0246062992125982
20
-3.8745078740157481
11
6.0246062992125982
21
-3.9020669291338583
0
LINE
8
BLACK
6
CONTINUOUS
10
6.0246062992125982
20
-3.9020669291338583
11
6.0244189763779525
21
-3.9030085826771654
0
LINE
8
BLACK
6
CONTINUOUS
10
6.0244189763779525
20
-3.9030085826771654
11
6.0238855905511812
21
-3.9038068503937007
0
LINE
8
BLACK
6
CONTINUOUS
10
6.0238855905511812
20
-3.9038068503937007
11
6.0230873228346455
21
-3.9043402362204724
0
LINE
8
BLACK
6
CONTINUOUS
10
6.0230873228346455
20
-3.9043402362204724
11
6.0221456692913389
21
-3.9045275590551181
0
LINE
8
BLACK
6
CONTINUOUS
10
6.0221456692913389
20
-3.9045275590551181
11
6.0172244094488185
21
-3.9045275590551181
0
LINE
8
BLACK
6
CONTINUOUS
10
6.0172244094488185
20
-3.9045275590551181
11
6.0162827559055119
21
-3.9043402362204724
0
LINE
8
BLACK
6
CONTINUOUS
10
6.0162827559055119
20
-3.9043402362204724
11
6.0154844881889762
21
-3.9038068503937007
0
LINE
8
BLACK
6
CONTINUOUS
10
6.0154844881889762
20
-3.9038068503937007
11
6.0149511023622049
21
-3.9030085826771654
0
LINE
8
BLACK
6
CONTINUOUS
10
6.0149511023622049
20
-3.9030085826771654
11
6.0147637795275593
21
-3.9020669291338583
0
LINE
8
BLACK
6
CONTINUOUS
10
6.0147637795275593
20
-3.9020669291338583
11
6.0147637795275593
21
-3.8745078740157481
0
LINE
8
BLACK
6
CONTINUOUS
10
6.0147637795275593
20
-3.8745078740157481
11
6.0149511023622049
21
-3.873566220472441
0
LINE
8
BLACK
6
CONTINUOUS
10
6.0149511023622049
20
-3.873566220472441
11
6.0154844881889762
21
-3.8727679527559054
0
LINE
8
BLACK
6
CONTINUOUS
10
6.0154844881889762
20
-3.8727679527559054
11
6.0162827559055119
21
-3.8722345669291336
0
LINE
8
BLACK
6
CONTINUOUS
10
6.0162827559055119
20
-3.8722345669291336
11
6.0172244094488185
21
-3.872047244094488
0
LINE
8
BLACK
6
CONTINUOUS
10
6.0172244094488185
20
-3.872047244094488
11
6.0221456692913389
21
-3.872047244094488
0
LINE
8
BLACK
6
CONTINUOUS
10
6.0221456692913389
20
-3.872047244094488
11
6.0230873228346455
21
-3.8722345669291336
0
LINE
8
BLACK
6
CONTINUOUS
10
6.0427723622047242
20
-3.8722345669291336
11
6.0435706299212599
21
-3.8727679527559054
0
LINE
8
BLACK
6
CONTINUOUS
10
6.0435706299212599
20
-3.8727679527559054
11
6.0441040157480312
21
-3.873566220472441
0
LINE
8
BLACK
6
CONTINUOUS
10
6.0441040157480312
20
-3.873566220472441
11
6.0442913385826769
21
-3.8745078740157481
0
LINE
8
BLACK
6
CONTINUOUS
10
6.0442913385826769
20
-3.8745078740157481
11
6.0442913385826769
21
-3.9020669291338583
0
LINE
8
BLACK
6
CONTINUOUS
10
6.0442913385826769
20
-3.9020669291338583
11
6.0441040157480312
21
-3.9030085826771654
0
LINE
8
BLACK
6
CONTINUOUS
10
6.0441040157480312
20
-3.9030085826771654
11
6.0435706299212599
21
-3.9038068503937007
0
LINE
8
BLACK
6
CONTINUOUS
10
6.0435706299212599
20
-3.9038068503937007
11
6.0427723622047242
21
-3.9043402362204724
0
LINE
8
BLACK
6
CONTINUOUS
10
6.0427723622047242
20
-3.9043402362204724
11
6.0418307086614176
21
-3.9045275590551181
0
LINE
8
BLACK
6
CONTINUOUS
10
6.0418307086614176
20
-3.9045275590551181
11
6.0369094488188972
21
-3.9045275590551181
0
LINE
8
BLACK
6
CONTINUOUS
10
6.0369094488188972
20
-3.9045275590551181
11
6.0359677952755906
21
-3.9043402362204724
0
LINE
8
BLACK
6
CONTINUOUS
10
6.0359677952755906
20
-3.9043402362204724
11
6.0351695275590549
21
-3.9038068503937007
0
LINE
8
BLACK
6
CONTINUOUS
10
6.0351695275590549
20
-3.9038068503937007
11
6.0346361417322836
21
-3.9030085826771654
0
LINE
8
BLACK
6
CONTINUOUS
10
6.0346361417322836
20
-3.9030085826771654
11
6.034448818897638
21
-3.9020669291338583
0
LINE
8
BLACK
6
CONTINUOUS
10
6.034448818897638
20
-3.9020669291338583
11
6.034448818897638
21
-3.8745078740157481
0
LINE
8
BLACK
6
CONTINUOUS
10
6.034448818897638
20
-3.8745078740157481
11
6.0346361417322836
21
-3.873566220472441
0
LINE
8
BLACK
6
CONTINUOUS
10
6.0346361417322836
20
-3.873566220472441
11
6.0351695275590549
21
-3.8727679527559054
0
LINE
8
BLACK
6
CONTINUOUS
10
6.0351695275590549
20
-3.8727679527559054
11
6.0359677952755906
21
-3.8722345669291336
0
LINE
8
BLACK
6
CONTINUOUS
10
6.0359677952755906
20
-3.8722345669291336
11
6.0369094488188972
21
-3.872047244094488
0
LINE
8
BLACK
6
CONTINUOUS
10
6.0369094488188972
20
-3.872047244094488
11
6.0418307086614176
21
-3.872047244094488
0
LINE
8
BLACK
6
CONTINUOUS
10
6.0418307086614176
20
-3.872047244094488
11
6.0427723622047242
21
-3.8722345669291336
0
LINE
8
BLACK
6
CONTINUOUS
10
6.062457401574803
20
-3.8722345669291336
11
6.0632556692913386
21
-3.8727679527559054
0
LINE
8
BLACK
6
CONTINUOUS
10
6.0632556692913386
20
-3.8727679527559054
11
6.0637890551181099
21
-3.873566220472441
0
LINE
8
BLACK
6
CONTINUOUS
10
6.0637890551181099
20
-3.873566220472441
11
6.0639763779527556
21
-3.8745078740157481
0
LINE
8
BLACK
6
CONTINUOUS
10
6.0639763779527556
20
-3.8745078740157481
11
6.0639763779527556
21
-3.9020669291338583
0
LINE
8
BLACK
6
CONTINUOUS
10
6.0639763779527556
20
-3.9020669291338583
11
6.0637890551181099
21
-3.9030085826771654
0
LINE
8
BLACK
6
CONTINUOUS
10
6.0637890551181099
20
-3.9030085826771654
11
6.0632556692913386
21
-3.9038068503937007
0
LINE
8
BLACK
6
CONTINUOUS
10
6.0632556692913386
20
-3.9038068503937007
11
6.062457401574803
21
-3.9043402362204724
0
LINE
8
BLACK
6
CONTINUOUS
10
6.062457401574803
20
-3.9043402362204724
11
6.0615157480314963
21
-3.9045275590551181
0
LINE
8
BLACK
6
CONTINUOUS
10
6.0615157480314963
20
-3.9045275590551181
11
6.0565944881889759
21
-3.9045275590551181
0
LINE
8
BLACK
6
CONTINUOUS
10
6.0565944881889759
20
-3.9045275590551181
11
6.0556528346456693
21
-3.9043402362204724
0
LINE
8
BLACK
6
CONTINUOUS
10
6.0556528346456693
20
-3.9043402362204724
11
6.0548545669291336
21
-3.9038068503937007
0
LINE
8
BLACK
6
CONTINUOUS
10
6.0548545669291336
20
-3.9038068503937007
11
6.0543211811023623
21
-3.9030085826771654
0
LINE
8
BLACK
6
CONTINUOUS
10
6.0543211811023623
20
-3.9030085826771654
11
6.0541338582677167
21
-3.9020669291338583
0
LINE
8
BLACK
6
CONTINUOUS
10
6.0541338582677167
20
-3.9020669291338583
11
6.0541338582677167
21
-3.8745078740157481
0
LINE
8
BLACK
6
CONTINUOUS
10
6.0541338582677167
20
-3.8745078740157481
11
6.0543211811023623
21
-3.873566220472441
0
LINE
8
BLACK
6
CONTINUOUS
10
6.0543211811023623
20
-3.873566220472441
11
6.0548545669291336
21
-3.8727679527559054
0
LINE
8
BLACK
6
CONTINUOUS
10
6.0548545669291336
20
-3.8727679527559054
11
6.0556528346456693
21
-3.8722345669291336
0
LINE
8
BLACK
6
CONTINUOUS
10
6.0556528346456693
20
-3.8722345669291336
11
6.0565944881889759
21
-3.872047244094488
0
LINE
8
BLACK
6
CONTINUOUS
10
6.0565944881889759
20
-3.872047244094488
11
6.0615157480314963
21
-3.872047244094488
0
LINE
8
BLACK
6
CONTINUOUS
10
6.0615157480314963
20
-3.872047244094488
11
6.062457401574803
21
-3.8722345669291336
0
LINE
8
BLACK
6
CONTINUOUS
10
6.0821424409448817
20
-3.8722345669291336
11
6.0829407086614173
21
-3.8727679527559054
0
LINE
8
BLACK
6
CONTINUOUS
10
6.0829407086614173
20
-3.8727679527559054
11
6.0834740944881887
21
-3.873566220472441
0
LINE
8
BLACK
6
CONTINUOUS
10
6.0834740944881887
20
-3.873566220472441
11
6.0836614173228343
21
-3.8745078740157481
0
LINE
8
BLACK
6
CONTINUOUS
10
6.0836614173228343
20
-3.8745078740157481
11
6.0836614173228343
21
-3.9020669291338583
0
LINE
8
BLACK
6
CONTINUOUS
10
6.0836614173228343
20
-3.9020669291338583
11
6.0834740944881887
21
-3.9030085826771654
0
LINE
8
BLACK
6
CONTINUOUS
10
6.0834740944881887
20
-3.9030085826771654
11
6.0829407086614173
21
-3.9038068503937007
0
LINE
8
BLACK
6
CONTINUOUS
10
6.0829407086614173
20
-3.9038068503937007
11
6.0821424409448817
21
-3.9043402362204724
0
LINE
8
BLACK
6
CONTINUOUS
10
6.0821424409448817
20
-3.9043402362204724
11
6.081200787401575
21
-3.9045275590551181
0
LINE
8
BLACK
6
CONTINUOUS
10
6.081200787401575
20
-3.9045275590551181
11
6.0762795275590546
21
-3.9045275590551181
0
LINE
8
BLACK
6
CONTINUOUS
10
6.0762795275590546
20
-3.9045275590551181
11
6.075337874015748
21
-3.9043402362204724
0
LINE
8
BLACK
6
CONTINUOUS
10
6.075337874015748
20
-3.9043402362204724
11
6.0745396062992123
21
-3.9038068503937007
0
LINE
8
BLACK
6
CONTINUOUS
10
6.0745396062992123
20
-3.9038068503937007
11
6.074006220472441
21
-3.9030085826771654
0
LINE
8
BLACK
6
CONTINUOUS
10
6.074006220472441
20
-3.9030085826771654
11
6.0738188976377954
21
-3.9020669291338583
0
LINE
8
BLACK
6
CONTINUOUS
10
6.0738188976377954
20
-3.9020669291338583
11
6.0738188976377954
21
-3.8745078740157481
0
LINE
8
BLACK
6
CONTINUOUS
10
6.0738188976377954
20
-3.8745078740157481
11
6.074006220472441
21
-3.873566220472441
0
LINE
8
BLACK
6
CONTINUOUS
10
6.074006220472441
20
-3.873566220472441
11
6.0745396062992123
21
-3.8727679527559054
0
LINE
8
BLACK
6
CONTINUOUS
10
6.0745396062992123
20
-3.8727679527559054
11
6.075337874015748
21
-3.8722345669291336
0
LINE
8
BLACK
6
CONTINUOUS
10
6.075337874015748
20
-3.8722345669291336
11
6.0762795275590546
21
-3.872047244094488
0
LINE
8
BLACK
6
CONTINUOUS
10
6.0762795275590546
20
-3.872047244094488
11
6.081200787401575
21
-3.872047244094488
0
LINE
8
BLACK
6
CONTINUOUS
10
6.081200787401575
20
-3.872047244094488
11
6.0821424409448817
21
-3.8722345669291336
0
LINE
8
BLACK
6
CONTINUOUS
10
5.6661889763779527
20
-3.8864960629921259
11
5.6209133858267712
21
-3.8864960629921259
0
LINE
8
BLACK
6
CONTINUOUS
10
5.6209133858267712
20
-3.8864960629921259
11
5.6209133858267712
21
-3.8746850393700787
0
LINE
8
BLACK
6
CONTINUOUS
10
5.6209133858267712
20
-3.8746850393700787
11
5.6661889763779527
21
-3.8746850393700787
0
LINE
8
BLACK
6
CONTINUOUS
10
5.6661889763779527
20
-3.8746850393700787
11
5.6661889763779527
21
-3.8864960629921259
0
LINE
8
BLACK
6
CONTINUOUS
10
5.6661889763779527
20
-3.8668110236220472
11
5.6209133858267712
21
-3.8668110236220472
0
LINE
8
BLACK
6
CONTINUOUS
10
5.6209133858267712
20
-3.8668110236220472
11
5.6209133858267712
21
-3.8431889763779528
0
LINE
8
BLACK
6
CONTINUOUS
10
5.6209133858267712
20
-3.8431889763779528
11
5.6661889763779527
21
-3.8431889763779528
0
LINE
8
BLACK
6
CONTINUOUS
10
5.6661889763779527
20
-3.8431889763779528
11
5.6661889763779527
21
-3.8668110236220472
0
LINE
8
BLACK
6
CONTINUOUS
10
6.4935697244094488
20
-3.814725590551181
11
6.4967628740157481
21
-3.8168591732283463
0
LINE
8
BLACK
6
CONTINUOUS
10
6.4967628740157481
20
-3.8168591732283463
11
6.498896456692913
21
-3.8200523228346457
0
LINE
8
BLACK
6
CONTINUOUS
10
6.498896456692913
20
-3.8200523228346457
11
6.499645669291338
21
-3.8238188976377954
0
LINE
8
BLACK
6
CONTINUOUS
10
6.499645669291338
20
-3.8238188976377954
11
6.499645669291338
21
-3.8435039370078741
0
LINE
8
BLACK
6
CONTINUOUS
10
6.499645669291338
20
-3.8435039370078741
11
6.498896456692913
21
-3.8472705118110238
0
LINE
8
BLACK
6
CONTINUOUS
10
6.498896456692913
20
-3.8472705118110238
11
6.4967628740157481
21
-3.8504636614173227
0
LINE
8
BLACK
6
CONTINUOUS
10
6.4967628740157481
20
-3.8504636614173227
11
6.4935697244094488
21
-3.852597244094488
0
LINE
8
BLACK
6
CONTINUOUS
10
6.4935697244094488
20
-3.852597244094488
11
6.4898031496062991
21
-3.8533464566929134
0
LINE
8
BLACK
6
CONTINUOUS
10
6.4898031496062991
20
-3.8533464566929134
11
6.4031889763779528
21
-3.8533464566929134
0
LINE
8
BLACK
6
CONTINUOUS
10
6.4031889763779528
20
-3.8533464566929134
11
6.3994224015748031
21
-3.852597244094488
0
LINE
8
BLACK
6
CONTINUOUS
10
6.3994224015748031
20
-3.852597244094488
11
6.3962292519685038
21
-3.8504636614173227
0
LINE
8
BLACK
6
CONTINUOUS
10
6.3962292519685038
20
-3.8504636614173227
11
6.3940956692913389
21
-3.8472705118110238
0
LINE
8
BLACK
6
CONTINUOUS
10
6.3940956692913389
20
-3.8472705118110238
11
6.393346456692913
21
-3.8435039370078741
0
LINE
8
BLACK
6
CONTINUOUS
10
6.393346456692913
20
-3.8435039370078741
11
6.393346456692913
21
-3.8238188976377954
0
LINE
8
BLACK
6
CONTINUOUS
10
6.393346456692913
20
-3.8238188976377954
11
6.3940956692913389
21
-3.8200523228346457
0
LINE
8
BLACK
6
CONTINUOUS
10
6.3940956692913389
20
-3.8200523228346457
11
6.3962292519685038
21
-3.8168591732283463
0
LINE
8
BLACK
6
CONTINUOUS
10
6.3962292519685038
20
-3.8168591732283463
11
6.3994224015748031
21
-3.814725590551181
0
LINE
8
BLACK
6
CONTINUOUS
10
6.3994224015748031
20
-3.814725590551181
11
6.4031889763779528
21
-3.813976377952756
0
LINE
8
BLACK
6
CONTINUOUS
10
6.4031889763779528
20
-3.813976377952756
11
6.4898031496062991
21
-3.813976377952756
0
LINE
8
BLACK
6
CONTINUOUS
10
6.4898031496062991
20
-3.813976377952756
11
6.4935697244094488
21
-3.814725590551181
0
LINE
8
BLACK
6
CONTINUOUS
10
6.1673833464566927
20
-3.8155600000000001
11
6.169937834645669
21
-3.8172668897637796
0
LINE
8
BLACK
6
CONTINUOUS
10
6.169937834645669
20
-3.8172668897637796
11
6.1716447244094486
21
-3.8198213779527559
0
LINE
8
BLACK
6
CONTINUOUS
10
6.1716447244094486
20
-3.8198213779527559
11
6.1722440944881889
21
-3.8228346456692912
0
LINE
8
BLACK
6
CONTINUOUS
10
6.1722440944881889
20
-3.8228346456692912
11
6.1722440944881889
21
-3.8385826771653542
0
LINE
8
BLACK
6
CONTINUOUS
10
6.1722440944881889
20
-3.8385826771653542
11
6.1716447244094486
21
-3.8415959448818895
0
LINE
8
BLACK
6
CONTINUOUS
10
6.1716447244094486
20
-3.8415959448818895
11
6.169937834645669
21
-3.8441504330708662
0
LINE
8
BLACK
6
CONTINUOUS
10
6.169937834645669
20
-3.8441504330708662
11
6.1673833464566927
21
-3.8458573228346458
0
LINE
8
BLACK
6
CONTINUOUS
10
6.1673833464566927
20
-3.8458573228346458
11
6.1643700787401574
21
-3.8464566929133857
0
LINE
8
BLACK
6
CONTINUOUS
10
6.1643700787401574
20
-3.8464566929133857
11
6.1427165354330704
21
-3.8464566929133857
0
LINE
8
BLACK
6
CONTINUOUS
10
6.1427165354330704
20
-3.8464566929133857
11
6.1397032677165351
21
-3.8458573228346458
0
LINE
8
BLACK
6
CONTINUOUS
10
6.1397032677165351
20
-3.8458573228346458
11
6.1371487795275588
21
-3.8441504330708662
0
LINE
8
BLACK
6
CONTINUOUS
10
6.1371487795275588
20
-3.8441504330708662
11
6.1354418897637792
21
-3.8415959448818895
0
LINE
8
BLACK
6
CONTINUOUS
10
6.1354418897637792
20
-3.8415959448818895
11
6.1348425196850389
21
-3.8385826771653542
0
LINE
8
BLACK
6
CONTINUOUS
10
6.1348425196850389
20
-3.8385826771653542
11
6.1348425196850389
21
-3.8228346456692912
0
LINE
8
BLACK
6
CONTINUOUS
10
6.1348425196850389
20
-3.8228346456692912
11
6.1354418897637792
21
-3.8198213779527559
0
LINE
8
BLACK
6
CONTINUOUS
10
6.1354418897637792
20
-3.8198213779527559
11
6.1371487795275588
21
-3.8172668897637796
0
LINE
8
BLACK
6
CONTINUOUS
10
6.1371487795275588
20
-3.8172668897637796
11
6.1397032677165351
21
-3.8155600000000001
0
LINE
8
BLACK
6
CONTINUOUS
10
6.1397032677165351
20
-3.8155600000000001
11
6.1427165354330704
21
-3.8149606299212597
0
LINE
8
BLACK
6
CONTINUOUS
10
6.1427165354330704
20
-3.8149606299212597
11
6.1643700787401574
21
-3.8149606299212597
0
LINE
8
BLACK
6
CONTINUOUS
10
6.1643700787401574
20
-3.8149606299212597
11
6.1673833464566927
21
-3.8155600000000001
0
LINE
8
BLACK
6
CONTINUOUS
10
5.9777993700787402
20
-3.805792401574803
11
5.980673188976378
21
-3.8077126377952757
0
LINE
8
BLACK
6
CONTINUOUS
10
5.980673188976378
20
-3.8077126377952757
11
5.9825934251968507
21
-3.8105864566929135
0
LINE
8
BLACK
6
CONTINUOUS
10
5.9825934251968507
20
-3.8105864566929135
11
5.9832677165354333
21
-3.813976377952756
0
LINE
8
BLACK
6
CONTINUOUS
10
5.9832677165354333
20
-3.813976377952756
11
5.9832677165354333
21
-3.8316929133858268
0
LINE
8
BLACK
6
CONTINUOUS
10
5.9832677165354333
20
-3.8316929133858268
11
5.9825934251968507
21
-3.8350828346456693
0
LINE
8
BLACK
6
CONTINUOUS
10
5.9825934251968507
20
-3.8350828346456693
11
5.980673188976378
21
-3.8379566535433072
0
LINE
8
BLACK
6
CONTINUOUS
10
5.980673188976378
20
-3.8379566535433072
11
5.9777993700787402
21
-3.8398768897637794
0
LINE
8
BLACK
6
CONTINUOUS
10
5.9777993700787402
20
-3.8398768897637794
11
5.9744094488188972
21
-3.840551181102362
0
LINE
8
BLACK
6
CONTINUOUS
10
5.9744094488188972
20
-3.840551181102362
11
5.9547244094488185
21
-3.840551181102362
0
LINE
8
BLACK
6
CONTINUOUS
10
5.9547244094488185
20
-3.840551181102362
11
5.9513344881889765
21
-3.8398768897637794
0
LINE
8
BLACK
6
CONTINUOUS
10
5.9513344881889765
20
-3.8398768897637794
11
5.9484606692913387
21
-3.8379566535433072
0
LINE
8
BLACK
6
CONTINUOUS
10
5.9484606692913387
20
-3.8379566535433072
11
5.946540433070866
21
-3.8350828346456693
0
LINE
8
BLACK
6
CONTINUOUS
10
5.946540433070866
20
-3.8350828346456693
11
5.9458661417322833
21
-3.8316929133858268
0
LINE
8
BLACK
6
CONTINUOUS
10
5.9458661417322833
20
-3.8316929133858268
11
5.9458661417322833
21
-3.813976377952756
0
LINE
8
BLACK
6
CONTINUOUS
10
5.9458661417322833
20
-3.813976377952756
11
5.946540433070866
21
-3.8105864566929135
0
LINE
8
BLACK
6
CONTINUOUS
10
5.946540433070866
20
-3.8105864566929135
11
5.9484606692913387
21
-3.8077126377952757
0
LINE
8
BLACK
6
CONTINUOUS
10
5.9484606692913387
20
-3.8077126377952757
11
5.9513344881889765
21
-3.805792401574803
0
LINE
8
BLACK
6
CONTINUOUS
10
5.9513344881889765
20
-3.805792401574803
11
5.9547244094488185
21
-3.8051181102362204
0
LINE
8
BLACK
6
CONTINUOUS
10
5.9547244094488185
20
-3.8051181102362204
11
5.9744094488188972
21
-3.8051181102362204
0
LINE
8
BLACK
6
CONTINUOUS
10
5.9744094488188972
20
-3.8051181102362204
11
5.9777993700787402
21
-3.805792401574803
0
LINE
8
BLACK
6
CONTINUOUS
10
6.0486655118110235
20
-3.805792401574803
11
6.0515393307086613
21
-3.8077126377952757
0
LINE
8
BLACK
6
CONTINUOUS
10
6.0515393307086613
20
-3.8077126377952757
11
6.053459566929134
21
-3.8105864566929135
0
LINE
8
BLACK
6
CONTINUOUS
10
6.053459566929134
20
-3.8105864566929135
11
6.0541338582677167
21
-3.813976377952756
0
LINE
8
BLACK
6
CONTINUOUS
10
6.0541338582677167
20
-3.813976377952756
11
6.0541338582677167
21
-3.8316929133858268
0
LINE
8
BLACK
6
CONTINUOUS
10
6.0541338582677167
20
-3.8316929133858268
11
6.053459566929134
21
-3.8350828346456693
0
LINE
8
BLACK
6
CONTINUOUS
10
6.053459566929134
20
-3.8350828346456693
11
6.0515393307086613
21
-3.8379566535433072
0
LINE
8
BLACK
6
CONTINUOUS
10
6.0515393307086613
20
-3.8379566535433072
11
6.0486655118110235
21
-3.8398768897637794
0
LINE
8
BLACK
6
CONTINUOUS
10
6.0486655118110235
20
-3.8398768897637794
11
6.0452755905511806
21
-3.840551181102362
0
LINE
8
BLACK
6
CONTINUOUS
10
6.0452755905511806
20
-3.840551181102362
11
6.0255905511811019
21
-3.840551181102362
0
LINE
8
BLACK
6
CONTINUOUS
10
6.0255905511811019
20
-3.840551181102362
11
6.0222006299212598
21
-3.8398768897637794
0
LINE
8
BLACK
6
CONTINUOUS
10
6.0222006299212598
20
-3.8398768897637794
11
6.019326811023622
21
-3.8379566535433072
0
LINE
8
BLACK
6
CONTINUOUS
10
6.019326811023622
20
-3.8379566535433072
11
6.0174065748031493
21
-3.8350828346456693
0
LINE
8
BLACK
6
CONTINUOUS
10
6.0174065748031493
20
-3.8350828346456693
11
6.0167322834645667
21
-3.8316929133858268
0
LINE
8
BLACK
6
CONTINUOUS
10
6.0167322834645667
20
-3.8316929133858268
11
6.0167322834645667
21
-3.813976377952756
0
LINE
8
BLACK
6
CONTINUOUS
10
6.0167322834645667
20
-3.813976377952756
11
6.0174065748031493
21
-3.8105864566929135
0
LINE
8
BLACK
6
CONTINUOUS
10
6.0174065748031493
20
-3.8105864566929135
11
6.019326811023622
21
-3.8077126377952757
0
LINE
8
BLACK
6
CONTINUOUS
10
6.019326811023622
20
-3.8077126377952757
11
6.0222006299212598
21
-3.805792401574803
0
LINE
8
BLACK
6
CONTINUOUS
10
6.0222006299212598
20
-3.805792401574803
11
6.0255905511811019
21
-3.8051181102362204
0
LINE
8
BLACK
6
CONTINUOUS
10
6.0255905511811019
20
-3.8051181102362204
11
6.0452755905511806
21
-3.8051181102362204
0
LINE
8
BLACK
6
CONTINUOUS
10
6.0452755905511806
20
-3.8051181102362204
11
6.0486655118110235
21
-3.805792401574803
0
LINE
8
BLACK
6
CONTINUOUS
10
5.6661889763779527
20
-3.8353149606299213
11
5.6209133858267712
21
-3.8353149606299213
0
LINE
8
BLACK
6
CONTINUOUS
10
5.6209133858267712
20
-3.8353149606299213
11
5.6209133858267712
21
-3.8116929133858268
0
LINE
8
BLACK
6
CONTINUOUS
10
5.6209133858267712
20
-3.8116929133858268
11
5.6661889763779527
21
-3.8116929133858268
0
LINE
8
BLACK
6
CONTINUOUS
10
5.6661889763779527
20
-3.8116929133858268
11
5.6661889763779527
21
-3.8353149606299213
0
LINE
8
BLACK
6
CONTINUOUS
10
6.1673833464566927
20
-3.7505993700787399
11
6.169937834645669
21
-3.7523062598425194
0
LINE
8
BLACK
6
CONTINUOUS
10
6.169937834645669
20
-3.7523062598425194
11
6.1716447244094486
21
-3.7548607480314962
0
LINE
8
BLACK
6
CONTINUOUS
10
6.1716447244094486
20
-3.7548607480314962
11
6.1722440944881889
21
-3.7578740157480315
0
LINE
8
BLACK
6
CONTINUOUS
10
6.1722440944881889
20
-3.7578740157480315
11
6.1722440944881889
21
-3.7736220472440944
0
LINE
8
BLACK
6
CONTINUOUS
10
6.1722440944881889
20
-3.7736220472440944
11
6.1716447244094486
21
-3.7766353149606298
0
LINE
8
BLACK
6
CONTINUOUS
10
6.1716447244094486
20
-3.7766353149606298
11
6.169937834645669
21
-3.7791898031496061
0
LINE
8
BLACK
6
CONTINUOUS
10
6.169937834645669
20
-3.7791898031496061
11
6.1673833464566927
21
-3.7808966929133856
0
LINE
8
BLACK
6
CONTINUOUS
10
6.1673833464566927
20
-3.7808966929133856
11
6.1643700787401574
21
-3.7814960629921259
0
LINE
8
BLACK
6
CONTINUOUS
10
6.1643700787401574
20
-3.7814960629921259
11
6.1427165354330704
21
-3.7814960629921259
0
LINE
8
BLACK
6
CONTINUOUS
10
6.1427165354330704
20
-3.7814960629921259
11
6.1397032677165351
21
-3.7808966929133856
0
LINE
8
BLACK
6
CONTINUOUS
10
6.1397032677165351
20
-3.7808966929133856
11
6.1371487795275588
21
-3.7791898031496061
0
LINE
8
BLACK
6
CONTINUOUS
10
6.1371487795275588
20
-3.7791898031496061
11
6.1354418897637792
21
-3.7766353149606298
0
LINE
8
BLACK
6
CONTINUOUS
10
6.1354418897637792
20
-3.7766353149606298
11
6.1348425196850389
21
-3.7736220472440944
0
LINE
8
BLACK
6
CONTINUOUS
10
6.1348425196850389
20
-3.7736220472440944
11
6.1348425196850389
21
-3.7578740157480315
0
LINE
8
BLACK
6
CONTINUOUS
10
6.1348425196850389
20
-3.7578740157480315
11
6.1354418897637792
21
-3.7548607480314962
0
LINE
8
BLACK
6
CONTINUOUS
10
6.1354418897637792
20
-3.7548607480314962
11
6.1371487795275588
21
-3.7523062598425194
0
LINE
8
BLACK
6
CONTINUOUS
10
6.1371487795275588
20
-3.7523062598425194
11
6.1397032677165351
21
-3.7505993700787399
0
LINE
8
BLACK
6
CONTINUOUS
10
6.1397032677165351
20
-3.7505993700787399
11
6.1427165354330704
21
-3.75
0
LINE
8
BLACK
6
CONTINUOUS
10
6.1427165354330704
20
-3.75
11
6.1643700787401574
21
-3.75
0
LINE
8
BLACK
6
CONTINUOUS
10
6.1643700787401574
20
-3.75
11
6.1673833464566927
21
-3.7505993700787399
0
LINE
8
BLACK
6
CONTINUOUS
10
5.9777993700787402
20
-3.744768779527559
11
5.980673188976378
21
-3.7466890157480313
0
LINE
8
BLACK
6
CONTINUOUS
10
5.980673188976378
20
-3.7466890157480313
11
5.9825934251968507
21
-3.7495628346456691
0
LINE
8
BLACK
6
CONTINUOUS
10
5.9825934251968507
20
-3.7495628346456691
11
5.9832677165354333
21
-3.7529527559055116
0
LINE
8
BLACK
6
CONTINUOUS
10
5.9832677165354333
20
-3.7529527559055116
11
5.9832677165354333
21
-3.7706692913385824
0
LINE
8
BLACK
6
CONTINUOUS
10
5.9832677165354333
20
-3.7706692913385824
11
5.9825934251968507
21
-3.7740592125984249
0
LINE
8
BLACK
6
CONTINUOUS
10
5.9825934251968507
20
-3.7740592125984249
11
5.980673188976378
21
-3.7769330314960627
0
LINE
8
BLACK
6
CONTINUOUS
10
5.980673188976378
20
-3.7769330314960627
11
5.9777993700787402
21
-3.7788532677165354
0
LINE
8
BLACK
6
CONTINUOUS
10
5.9777993700787402
20
-3.7788532677165354
11
5.9744094488188972
21
-3.7795275590551181
0
LINE
8
BLACK
6
CONTINUOUS
10
5.9744094488188972
20
-3.7795275590551181
11
5.9547244094488185
21
-3.7795275590551181
0
LINE
8
BLACK
6
CONTINUOUS
10
5.9547244094488185
20
-3.7795275590551181
11
5.9513344881889765
21
-3.7788532677165354
0
LINE
8
BLACK
6
CONTINUOUS
10
5.9513344881889765
20
-3.7788532677165354
11
5.9484606692913387
21
-3.7769330314960627
0
LINE
8
BLACK
6
CONTINUOUS
10
5.9484606692913387
20
-3.7769330314960627
11
5.946540433070866
21
-3.7740592125984249
0
LINE
8
BLACK
6
CONTINUOUS
10
5.946540433070866
20
-3.7740592125984249
11
5.9458661417322833
21
-3.7706692913385824
0
LINE
8
BLACK
6
CONTINUOUS
10
5.9458661417322833
20
-3.7706692913385824
11
5.9458661417322833
21
-3.7529527559055116
0
LINE
8
BLACK
6
CONTINUOUS
10
5.9458661417322833
20
-3.7529527559055116
11
5.946540433070866
21
-3.7495628346456691
0
LINE
8
BLACK
6
CONTINUOUS
10
5.946540433070866
20
-3.7495628346456691
11
5.9484606692913387
21
-3.7466890157480313
0
LINE
8
BLACK
6
CONTINUOUS
10
5.9484606692913387
20
-3.7466890157480313
11
5.9513344881889765
21
-3.744768779527559
0
LINE
8
BLACK
6
CONTINUOUS
10
5.9513344881889765
20
-3.744768779527559
11
5.9547244094488185
21
-3.7440944881889764
0
LINE
8
BLACK
6
CONTINUOUS
10
5.9547244094488185
20
-3.7440944881889764
11
5.9744094488188972
21
-3.7440944881889764
0
LINE
8
BLACK
6
CONTINUOUS
10
5.9744094488188972
20
-3.7440944881889764
11
5.9777993700787402
21
-3.744768779527559
0
LINE
8
BLACK
6
CONTINUOUS
10
6.0486655118110235
20
-3.744768779527559
11
6.0515393307086613
21
-3.7466890157480313
0
LINE
8
BLACK
6
CONTINUOUS
10
6.0515393307086613
20
-3.7466890157480313
11
6.053459566929134
21
-3.7495628346456691
0
LINE
8
BLACK
6
CONTINUOUS
10
6.053459566929134
20
-3.7495628346456691
11
6.0541338582677167
21
-3.7529527559055116
0
LINE
8
BLACK
6
CONTINUOUS
10
6.0541338582677167
20
-3.7529527559055116
11
6.0541338582677167
21
-3.7706692913385824
0
LINE
8
BLACK
6
CONTINUOUS
10
6.0541338582677167
20
-3.7706692913385824
11
6.053459566929134
21
-3.7740592125984249
0
LINE
8
BLACK
6
CONTINUOUS
10
6.053459566929134
20
-3.7740592125984249
11
6.0515393307086613
21
-3.7769330314960627
0
LINE
8
BLACK
6
CONTINUOUS
10
6.0515393307086613
20
-3.7769330314960627
11
6.0486655118110235
21
-3.7788532677165354
0
LINE
8
BLACK
6
CONTINUOUS
10
6.0486655118110235
20
-3.7788532677165354
11
6.0452755905511806
21
-3.7795275590551181
0
LINE
8
BLACK
6
CONTINUOUS
10
6.0452755905511806
20
-3.7795275590551181
11
6.0255905511811019
21
-3.7795275590551181
0
LINE
8
BLACK
6
CONTINUOUS
10
6.0255905511811019
20
-3.7795275590551181
11
6.0222006299212598
21
-3.7788532677165354
0
LINE
8
BLACK
6
CONTINUOUS
10
6.0222006299212598
20
-3.7788532677165354
11
6.019326811023622
21
-3.7769330314960627
0
LINE
8
BLACK
6
CONTINUOUS
10
6.019326811023622
20
-3.7769330314960627
11
6.0174065748031493
21
-3.7740592125984249
0
LINE
8
BLACK
6
CONTINUOUS
10
6.0174065748031493
20
-3.7740592125984249
11
6.0167322834645667
21
-3.7706692913385824
0
LINE
8
BLACK
6
CONTINUOUS
10
6.0167322834645667
20
-3.7706692913385824
11
6.0167322834645667
21
-3.7529527559055116
0
LINE
8
BLACK
6
CONTINUOUS
10
6.0167322834645667
20
-3.7529527559055116
11
6.0174065748031493
21
-3.7495628346456691
0
LINE
8
BLACK
6
CONTINUOUS
10
6.0174065748031493
20
-3.7495628346456691
11
6.019326811023622
21
-3.7466890157480313
0
LINE
8
BLACK
6
CONTINUOUS
10
6.019326811023622
20
-3.7466890157480313
11
6.0222006299212598
21
-3.744768779527559
0
LINE
8
BLACK
6
CONTINUOUS
10
6.0222006299212598
20
-3.744768779527559
11
6.0255905511811019
21
-3.7440944881889764
0
LINE
8
BLACK
6
CONTINUOUS
10
6.0255905511811019
20
-3.7440944881889764
11
6.0452755905511806
21
-3.7440944881889764
0
LINE
8
BLACK
6
CONTINUOUS
10
6.0452755905511806
20
-3.7440944881889764
11
6.0486655118110235
21
-3.744768779527559
0
LINE
8
BLACK
6
CONTINUOUS
10
6.3503308267716534
20
-3.7494652755905511
11
6.3522466929133854
21
-3.7507454330708661
0
LINE
8
BLACK
6
CONTINUOUS
10
6.3522466929133854
20
-3.7507454330708661
11
6.3535268503937008
21
-3.7526612992125985
0
LINE
8
BLACK
6
CONTINUOUS
10
6.3535268503937008
20
-3.7526612992125985
11
6.3539763779527556
21
-3.7549212598425195
0
LINE
8
BLACK
6
CONTINUOUS
10
6.3539763779527556
20
-3.7549212598425195
11
6.3539763779527556
21
-3.7667322834645667
0
LINE
8
BLACK
6
CONTINUOUS
10
6.3539763779527556
20
-3.7667322834645667
11
6.3535268503937008
21
-3.7689922440944881
0
LINE
8
BLACK
6
CONTINUOUS
10
6.3535268503937008
20
-3.7689922440944881
11
6.3522466929133854
21
-3.7709081102362205
0
LINE
8
BLACK
6
CONTINUOUS
10
6.3522466929133854
20
-3.7709081102362205
11
6.3503308267716534
21
-3.7721882677165355
0
LINE
8
BLACK
6
CONTINUOUS
10
6.3503308267716534
20
-3.7721882677165355
11
6.3480708661417324
21
-3.7726377952755903
0
LINE
8
BLACK
6
CONTINUOUS
10
6.3480708661417324
20
-3.7726377952755903
11
6.2929527559055121
21
-3.7726377952755903
0
LINE
8
BLACK
6
CONTINUOUS
10
6.2929527559055121
20
-3.7726377952755903
11
6.2906927952755902
21
-3.7721882677165355
0
LINE
8
BLACK
6
CONTINUOUS
10
6.2906927952755902
20
-3.7721882677165355
11
6.2887769291338582
21
-3.7709081102362205
0
LINE
8
BLACK
6
CONTINUOUS
10
6.2887769291338582
20
-3.7709081102362205
11
6.2874967716535428
21
-3.7689922440944881
0
LINE
8
BLACK
6
CONTINUOUS
10
6.2874967716535428
20
-3.7689922440944881
11
6.287047244094488
21
-3.7667322834645667
0
LINE
8
BLACK
6
CONTINUOUS
10
6.287047244094488
20
-3.7667322834645667
11
6.287047244094488
21
-3.7549212598425195
0
LINE
8
BLACK
6
CONTINUOUS
10
6.287047244094488
20
-3.7549212598425195
11
6.2874967716535428
21
-3.7526612992125985
0
LINE
8
BLACK
6
CONTINUOUS
10
6.2874967716535428
20
-3.7526612992125985
11
6.2887769291338582
21
-3.7507454330708661
0
LINE
8
BLACK
6
CONTINUOUS
10
6.2887769291338582
20
-3.7507454330708661
11
6.2906927952755902
21
-3.7494652755905511
0
LINE
8
BLACK
6
CONTINUOUS
10
6.2906927952755902
20
-3.7494652755905511
11
6.2929527559055121
21
-3.7490157480314958
0
LINE
8
BLACK
6
CONTINUOUS
10
6.2929527559055121
20
-3.7490157480314958
11
6.3480708661417324
21
-3.7490157480314958
0
LINE
8
BLACK
6
CONTINUOUS
10
6.3480708661417324
20
-3.7490157480314958
11
6.3503308267716534
21
-3.7494652755905511
0
LINE
8
BLACK
6
CONTINUOUS
10
6.3503308267716534
20
-3.7002526771653543
11
6.3522466929133854
21
-3.7015328346456693
0
LINE
8
BLACK
6
CONTINUOUS
10
6.3522466929133854
20
-3.7015328346456693
11
6.3535268503937008
21
-3.7034487007874013
0
LINE
8
BLACK
6
CONTINUOUS
10
6.3535268503937008
20
-3.7034487007874013
11
6.3539763779527556
21
-3.7057086614173227
0
LINE
8
BLACK
6
CONTINUOUS
10
6.3539763779527556
20
-3.7057086614173227
11
6.3539763779527556
21
-3.7175196850393699
0
LINE
8
BLACK
6
CONTINUOUS
10
6.3539763779527556
20
-3.7175196850393699
11
6.3535268503937008
21
-3.7197796456692913
0
LINE
8
BLACK
6
CONTINUOUS
10
6.3535268503937008
20
-3.7197796456692913
11
6.3522466929133854
21
-3.7216955118110233
0
LINE
8
BLACK
6
CONTINUOUS
10
6.3522466929133854
20
-3.7216955118110233
11
6.3503308267716534
21
-3.7229756692913387
0
LINE
8
BLACK
6
CONTINUOUS
10
6.3503308267716534
20
-3.7229756692913387
11
6.3480708661417324
21
-3.7234251968503935
0
LINE
8
BLACK
6
CONTINUOUS
10
6.3480708661417324
20
-3.7234251968503935
11
6.2929527559055121
21
-3.7234251968503935
0
LINE
8
BLACK
6
CONTINUOUS
10
6.2929527559055121
20
-3.7234251968503935
11
6.2906927952755902
21
-3.7229756692913387
0
LINE
8
BLACK
6
CONTINUOUS
10
6.2906927952755902
20
-3.7229756692913387
11
6.2887769291338582
21
-3.7216955118110233
0
LINE
8
BLACK
6
CONTINUOUS
10
6.2887769291338582
20
-3.7216955118110233
11
6.2874967716535428
21
-3.7197796456692913
0
LINE
8
BLACK
6
CONTINUOUS
10
6.2874967716535428
20
-3.7197796456692913
11
6.287047244094488
21
-3.7175196850393699
0
LINE
8
BLACK
6
CONTINUOUS
10
6.287047244094488
20
-3.7175196850393699
11
6.287047244094488
21
-3.7057086614173227
0
LINE
8
BLACK
6
CONTINUOUS
10
6.287047244094488
20
-3.7057086614173227
11
6.2874967716535428
21
-3.7034487007874013
0
LINE
8
BLACK
6
CONTINUOUS
10
6.2874967716535428
20
-3.7034487007874013
11
6.2887769291338582
21
-3.7015328346456693
0
LINE
8
BLACK
6
CONTINUOUS
10
6.2887769291338582
20
-3.7015328346456693
11
6.2906927952755902
21
-3.7002526771653543
0
LINE
8
BLACK
6
CONTINUOUS
10
6.2906927952755902
20
-3.7002526771653543
11
6.2929527559055121
21
-3.6998031496062991
0
LINE
8
BLACK
6
CONTINUOUS
10
6.2929527559055121
20
-3.6998031496062991
11
6.3480708661417324
21
-3.6998031496062991
0
LINE
8
BLACK
6
CONTINUOUS
10
6.3480708661417324
20
-3.6998031496062991
11
6.3503308267716534
21
-3.7002526771653543
0
LINE
8
BLACK
6
CONTINUOUS
10
5.9467534251968504
20
-3.6748119685039371
11
5.9493079133858267
21
-3.6765188582677166
0
LINE
8
BLACK
6
CONTINUOUS
10
5.9493079133858267
20
-3.6765188582677166
11
5.9510148031496062
21
-3.6790733464566929
0
LINE
8
BLACK
6
CONTINUOUS
10
5.9510148031496062
20
-3.6790733464566929
11
5.9516141732283465
21
-3.6820866141732282
0
LINE
8
BLACK
6
CONTINUOUS
10
5.9516141732283465
20
-3.6820866141732282
11
5.9516141732283465
21
-3.7037401574803148
0
LINE
8
BLACK
6
CONTINUOUS
10
5.9516141732283465
20
-3.7037401574803148
11
5.9510148031496062
21
-3.7067534251968501
0
LINE
8
BLACK
6
CONTINUOUS
10
5.9510148031496062
20
-3.7067534251968501
11
5.9493079133858267
21
-3.7093079133858269
0
LINE
8
BLACK
6
CONTINUOUS
10
5.9493079133858267
20
-3.7093079133858269
11
5.9467534251968504
21
-3.7110148031496064
0
LINE
8
BLACK
6
CONTINUOUS
10
5.9467534251968504
20
-3.7110148031496064
11
5.943740157480315
21
-3.7116141732283463
0
LINE
8
BLACK
6
CONTINUOUS
10
5.943740157480315
20
-3.7116141732283463
11
5.9279921259842521
21
-3.7116141732283463
0
LINE
8
BLACK
6
CONTINUOUS
10
5.9279921259842521
20
-3.7116141732283463
11
5.9249788582677168
21
-3.7110148031496064
0
LINE
8
BLACK
6
CONTINUOUS
10
5.9249788582677168
20
-3.7110148031496064
11
5.9224243700787405
21
-3.7093079133858269
0
LINE
8
BLACK
6
CONTINUOUS
10
5.9224243700787405
20
-3.7093079133858269
11
5.9207174803149609
21
-3.7067534251968501
0
LINE
8
BLACK
6
CONTINUOUS
10
5.9207174803149609
20
-3.7067534251968501
11
5.9201181102362206
21
-3.7037401574803148
0
LINE
8
BLACK
6
CONTINUOUS
10
5.9201181102362206
20
-3.7037401574803148
11
5.9201181102362206
21
-3.6820866141732282
0
LINE
8
BLACK
6
CONTINUOUS
10
5.9201181102362206
20
-3.6820866141732282
11
5.9207174803149609
21
-3.6790733464566929
0
LINE
8
BLACK
6
CONTINUOUS
10
5.9207174803149609
20
-3.6790733464566929
11
5.9224243700787405
21
-3.6765188582677166
0
LINE
8
BLACK
6
CONTINUOUS
10
5.9224243700787405
20
-3.6765188582677166
11
5.9249788582677168
21
-3.6748119685039371
0
LINE
8
BLACK
6
CONTINUOUS
10
5.9249788582677168
20
-3.6748119685039371
11
5.9279921259842521
21
-3.6742125984251968
0
LINE
8
BLACK
6
CONTINUOUS
10
5.9279921259842521
20
-3.6742125984251968
11
5.943740157480315
21
-3.6742125984251968
0
LINE
8
BLACK
6
CONTINUOUS
10
5.943740157480315
20
-3.6742125984251968
11
5.9467534251968504
21
-3.6748119685039371
0
LINE
8
BLACK
6
CONTINUOUS
10
6.0117140551181105
20
-3.6748119685039371
11
6.0142685433070868
21
-3.6765188582677166
0
LINE
8
BLACK
6
CONTINUOUS
10
6.0142685433070868
20
-3.6765188582677166
11
6.0159754330708664
21
-3.6790733464566929
0
LINE
8
BLACK
6
CONTINUOUS
10
6.0159754330708664
20
-3.6790733464566929
11
6.0165748031496058
21
-3.6820866141732282
0
LINE
8
BLACK
6
CONTINUOUS
10
6.0165748031496058
20
-3.6820866141732282
11
6.0165748031496058
21
-3.7037401574803148
0
LINE
8
BLACK
6
CONTINUOUS
10
6.0165748031496058
20
-3.7037401574803148
11
6.0159754330708664
21
-3.7067534251968501
0
LINE
8
BLACK
6
CONTINUOUS
10
6.0159754330708664
20
-3.7067534251968501
11
6.0142685433070868
21
-3.7093079133858269
0
LINE
8
BLACK
6
CONTINUOUS
10
6.0142685433070868
20
-3.7093079133858269
11
6.0117140551181105
21
-3.7110148031496064
0
LINE
8
BLACK
6
CONTINUOUS
10
6.0117140551181105
20
-3.7110148031496064
11
6.0087007874015743
21
-3.7116141732283463
0
LINE
8
BLACK
6
CONTINUOUS
10
6.0087007874015743
20
-3.7116141732283463
11
5.9929527559055114
21
-3.7116141732283463
0
LINE
8
BLACK
6
CONTINUOUS
10
5.9929527559055114
20
-3.7116141732283463
11
5.989939488188976
21
-3.7110148031496064
0
LINE
8
BLACK
6
CONTINUOUS
10
5.989939488188976
20
-3.7110148031496064
11
5.9873849999999997
21
-3.7093079133858269
0
LINE
8
BLACK
6
CONTINUOUS
10
5.9873849999999997
20
-3.7093079133858269
11
5.9856781102362202
21
-3.7067534251968501
0
LINE
8
BLACK
6
CONTINUOUS
10
5.9856781102362202
20
-3.7067534251968501
11
5.9850787401574799
21
-3.7037401574803148
0
LINE
8
BLACK
6
CONTINUOUS
10
5.9850787401574799
20
-3.7037401574803148
11
5.9850787401574799
21
-3.6820866141732282
0
LINE
8
BLACK
6
CONTINUOUS
10
5.9850787401574799
20
-3.6820866141732282
11
5.9856781102362202
21
-3.6790733464566929
0
LINE
8
BLACK
6
CONTINUOUS
10
5.9856781102362202
20
-3.6790733464566929
11
5.9873849999999997
21
-3.6765188582677166
0
LINE
8
BLACK
6
CONTINUOUS
10
5.9873849999999997
20
-3.6765188582677166
11
5.989939488188976
21
-3.6748119685039371
0
LINE
8
BLACK
6
CONTINUOUS
10
5.989939488188976
20
-3.6748119685039371
11
5.9929527559055114
21
-3.6742125984251968
0
LINE
8
BLACK
6
CONTINUOUS
10
5.9929527559055114
20
-3.6742125984251968
11
6.0087007874015743
21
-3.6742125984251968
0
LINE
8
BLACK
6
CONTINUOUS
10
6.0087007874015743
20
-3.6742125984251968
11
6.0117140551181105
21
-3.6748119685039371
0
LINE
8
BLACK
6
CONTINUOUS
10
5.7121864960629916
20
-3.6548907086614171
11
5.7147409842519687
21
-3.6565975984251966
0
LINE
8
BLACK
6
CONTINUOUS
10
5.7147409842519687
20
-3.6565975984251966
11
5.7164478740157483
21
-3.6591520866141733
0
LINE
8
BLACK
6
CONTINUOUS
10
5.7164478740157483
20
-3.6591520866141733
11
5.7170472440944877
21
-3.6621653543307087
0
LINE
8
BLACK
6
CONTINUOUS
10
5.7170472440944877
20
-3.6621653543307087
11
5.7170472440944877
21
-3.6779133858267716
0
LINE
8
BLACK
6
CONTINUOUS
10
5.7170472440944877
20
-3.6779133858267716
11
5.7164478740157483
21
-3.6809266535433069
0
LINE
8
BLACK
6
CONTINUOUS
10
5.7164478740157483
20
-3.6809266535433069
11
5.7147409842519687
21
-3.6834811417322832
0
LINE
8
BLACK
6
CONTINUOUS
10
5.7147409842519687
20
-3.6834811417322832
11
5.7121864960629916
21
-3.6851880314960628
0
LINE
8
BLACK
6
CONTINUOUS
10
5.7121864960629916
20
-3.6851880314960628
11
5.7091732283464562
21
-3.6857874015748031
0
LINE
8
BLACK
6
CONTINUOUS
10
5.7091732283464562
20
-3.6857874015748031
11
5.6875196850393701
21
-3.6857874015748031
0
LINE
8
BLACK
6
CONTINUOUS
10
5.6875196850393701
20
-3.6857874015748031
11
5.6845064173228348
21
-3.6851880314960628
0
LINE
8
BLACK
6
CONTINUOUS
10
5.6845064173228348
20
-3.6851880314960628
11
5.6819519291338585
21
-3.6834811417322832
0
LINE
8
BLACK
6
CONTINUOUS
10
5.6819519291338585
20
-3.6834811417322832
11
5.680245039370079
21
-3.6809266535433069
0
LINE
8
BLACK
6
CONTINUOUS
10
5.680245039370079
20
-3.6809266535433069
11
5.6796456692913386
21
-3.6779133858267716
0
LINE
8
BLACK
6
CONTINUOUS
10
5.6796456692913386
20
-3.6779133858267716
11
5.6796456692913386
21
-3.6621653543307087
0
LINE
8
BLACK
6
CONTINUOUS
10
5.6796456692913386
20
-3.6621653543307087
11
5.680245039370079
21
-3.6591520866141733
0
LINE
8
BLACK
6
CONTINUOUS
10
5.680245039370079
20
-3.6591520866141733
11
5.6819519291338585
21
-3.6565975984251966
0
LINE
8
BLACK
6
CONTINUOUS
10
5.6819519291338585
20
-3.6565975984251966
11
5.6845064173228348
21
-3.6548907086614171
0
LINE
8
BLACK
6
CONTINUOUS
10
5.6845064173228348
20
-3.6548907086614171
11
5.6875196850393701
21
-3.6542913385826772
0
LINE
8
BLACK
6
CONTINUOUS
10
5.6875196850393701
20
-3.6542913385826772
11
5.7091732283464562
21
-3.6542913385826772
0
LINE
8
BLACK
6
CONTINUOUS
10
5.7091732283464562
20
-3.6542913385826772
11
5.7121864960629916
21
-3.6548907086614171
0
LINE
8
BLACK
6
CONTINUOUS
10
5.5171864960629922
20
-3.6548513385826773
11
5.5197409842519685
21
-3.6565582283464568
0
LINE
8
BLACK
6
CONTINUOUS
10
5.5197409842519685
20
-3.6565582283464568
11
5.521447874015748
21
-3.6591127165354331
0
LINE
8
BLACK
6
CONTINUOUS
10
5.521447874015748
20
-3.6591127165354331
11
5.5220472440944883
21
-3.6621259842519684
0
LINE
8
BLACK
6
CONTINUOUS
10
5.5220472440944883
20
-3.6621259842519684
11
5.5220472440944883
21
-3.6778740157480314
0
LINE
8
BLACK
6
CONTINUOUS
10
5.5220472440944883
20
-3.6778740157480314
11
5.521447874015748
21
-3.6808872834645667
0
LINE
8
BLACK
6
CONTINUOUS
10
5.521447874015748
20
-3.6808872834645667
11
5.5197409842519685
21
-3.683441771653543
0
LINE
8
BLACK
6
CONTINUOUS
10
5.5197409842519685
20
-3.683441771653543
11
5.5171864960629922
21
-3.6851486614173226
0
LINE
8
BLACK
6
CONTINUOUS
10
5.5171864960629922
20
-3.6851486614173226
11
5.5141732283464568
21
-3.6857480314960629
0
LINE
8
BLACK
6
CONTINUOUS
10
5.5141732283464568
20
-3.6857480314960629
11
5.4925196850393698
21
-3.6857480314960629
0
LINE
8
BLACK
6
CONTINUOUS
10
5.4925196850393698
20
-3.6857480314960629
11
5.4895064173228345
21
-3.6851486614173226
0
LINE
8
BLACK
6
CONTINUOUS
10
5.4895064173228345
20
-3.6851486614173226
11
5.4869519291338582
21
-3.683441771653543
0
LINE
8
BLACK
6
CONTINUOUS
10
5.4869519291338582
20
-3.683441771653543
11
5.4852450393700787
21
-3.6808872834645667
0
LINE
8
BLACK
6
CONTINUOUS
10
5.4852450393700787
20
-3.6808872834645667
11
5.4846456692913383
21
-3.6778740157480314
0
LINE
8
BLACK
6
CONTINUOUS
10
5.4846456692913383
20
-3.6778740157480314
11
5.4846456692913383
21
-3.6621259842519684
0
LINE
8
BLACK
6
CONTINUOUS
10
5.4846456692913383
20
-3.6621259842519684
11
5.4852450393700787
21
-3.6591127165354331
0
LINE
8
BLACK
6
CONTINUOUS
10
5.4852450393700787
20
-3.6591127165354331
11
5.4869519291338582
21
-3.6565582283464568
0
LINE
8
BLACK
6
CONTINUOUS
10
5.4869519291338582
20
-3.6565582283464568
11
5.4895064173228345
21
-3.6548513385826773
0
LINE
8
BLACK
6
CONTINUOUS
10
5.4895064173228345
20
-3.6548513385826773
11
5.4925196850393698
21
-3.654251968503937
0
LINE
8
BLACK
6
CONTINUOUS
10
5.4925196850393698
20
-3.654251968503937
11
5.5141732283464568
21
-3.654251968503937
0
LINE
8
BLACK
6
CONTINUOUS
10
5.5141732283464568
20
-3.654251968503937
11
5.5171864960629922
21
-3.6548513385826773
0
LINE
8
BLACK
6
CONTINUOUS
10
5.6021864960629921
20
-3.6548513385826773
11
5.6047409842519684
21
-3.6565582283464568
0
LINE
8
BLACK
6
CONTINUOUS
10
5.6047409842519684
20
-3.6565582283464568
11
5.606447874015748
21
-3.6591127165354331
0
LINE
8
BLACK
6
CONTINUOUS
10
5.606447874015748
20
-3.6591127165354331
11
5.6070472440944883
21
-3.6621259842519684
0
LINE
8
BLACK
6
CONTINUOUS
10
5.6070472440944883
20
-3.6621259842519684
11
5.6070472440944883
21
-3.6778740157480314
0
LINE
8
BLACK
6
CONTINUOUS
10
5.6070472440944883
20
-3.6778740157480314
11
5.606447874015748
21
-3.6808872834645667
0
LINE
8
BLACK
6
CONTINUOUS
10
5.606447874015748
20
-3.6808872834645667
11
5.6047409842519684
21
-3.683441771653543
0
LINE
8
BLACK
6
CONTINUOUS
10
5.6047409842519684
20
-3.683441771653543
11
5.6021864960629921
21
-3.6851486614173226
0
LINE
8
BLACK
6
CONTINUOUS
10
5.6021864960629921
20
-3.6851486614173226
11
5.5991732283464568
21
-3.6857480314960629
0
LINE
8
BLACK
6
CONTINUOUS
10
5.5991732283464568
20
-3.6857480314960629
11
5.5775196850393698
21
-3.6857480314960629
0
LINE
8
BLACK
6
CONTINUOUS
10
5.5775196850393698
20
-3.6857480314960629
11
5.5745064173228345
21
-3.6851486614173226
0
LINE
8
BLACK
6
CONTINUOUS
10
5.5745064173228345
20
-3.6851486614173226
11
5.5719519291338582
21
-3.683441771653543
0
LINE
8
BLACK
6
CONTINUOUS
10
5.5719519291338582
20
-3.683441771653543
11
5.5702450393700786
21
-3.6808872834645667
0
LINE
8
BLACK
6
CONTINUOUS
10
5.5702450393700786
20
-3.6808872834645667
11
5.5696456692913383
21
-3.6778740157480314
0
LINE
8
BLACK
6
CONTINUOUS
10
5.5696456692913383
20
-3.6778740157480314
11
5.5696456692913383
21
-3.6621259842519684
0
LINE
8
BLACK
6
CONTINUOUS
10
5.5696456692913383
20
-3.6621259842519684
11
5.5702450393700786
21
-3.6591127165354331
0
LINE
8
BLACK
6
CONTINUOUS
10
5.5702450393700786
20
-3.6591127165354331
11
5.5719519291338582
21
-3.6565582283464568
0
LINE
8
BLACK
6
CONTINUOUS
10
5.5719519291338582
20
-3.6565582283464568
11
5.5745064173228345
21
-3.6548513385826773
0
LINE
8
BLACK
6
CONTINUOUS
10
5.5745064173228345
20
-3.6548513385826773
11
5.5775196850393698
21
-3.654251968503937
0
LINE
8
BLACK
6
CONTINUOUS
10
5.5775196850393698
20
-3.654251968503937
11
5.5991732283464568
21
-3.654251968503937
0
LINE
8
BLACK
6
CONTINUOUS
10
5.5991732283464568
20
-3.654251968503937
11
5.6021864960629921
21
-3.6548513385826773
0
LINE
8
BLACK
6
CONTINUOUS
10
5.817186496062992
20
-3.6548513385826773
11
5.8197409842519683
21
-3.6565582283464568
0
LINE
8
BLACK
6
CONTINUOUS
10
5.8197409842519683
20
-3.6565582283464568
11
5.8214478740157478
21
-3.6591127165354331
0
LINE
8
BLACK
6
CONTINUOUS
10
5.8214478740157478
20
-3.6591127165354331
11
5.8220472440944881
21
-3.6621259842519684
0
LINE
8
BLACK
6
CONTINUOUS
10
5.8220472440944881
20
-3.6621259842519684
11
5.8220472440944881
21
-3.6778740157480314
0
LINE
8
BLACK
6
CONTINUOUS
10
5.8220472440944881
20
-3.6778740157480314
11
5.8214478740157478
21
-3.6808872834645667
0
LINE
8
BLACK
6
CONTINUOUS
10
5.8214478740157478
20
-3.6808872834645667
11
5.8197409842519683
21
-3.683441771653543
0
LINE
8
BLACK
6
CONTINUOUS
10
5.8197409842519683
20
-3.683441771653543
11
5.817186496062992
21
-3.6851486614173226
0
LINE
8
BLACK
6
CONTINUOUS
10
5.817186496062992
20
-3.6851486614173226
11
5.8141732283464567
21
-3.6857480314960629
0
LINE
8
BLACK
6
CONTINUOUS
10
5.8141732283464567
20
-3.6857480314960629
11
5.7925196850393696
21
-3.6857480314960629
0
LINE
8
BLACK
6
CONTINUOUS
10
5.7925196850393696
20
-3.6857480314960629
11
5.7895064173228343
21
-3.6851486614173226
0
LINE
8
BLACK
6
CONTINUOUS
10
5.7895064173228343
20
-3.6851486614173226
11
5.786951929133858
21
-3.683441771653543
0
LINE
8
BLACK
6
CONTINUOUS
10
5.786951929133858
20
-3.683441771653543
11
5.7852450393700785
21
-3.6808872834645667
0
LINE
8
BLACK
6
CONTINUOUS
10
5.7852450393700785
20
-3.6808872834645667
11
5.7846456692913382
21
-3.6778740157480314
0
LINE
8
BLACK
6
CONTINUOUS
10
5.7846456692913382
20
-3.6778740157480314
11
5.7846456692913382
21
-3.6621259842519684
0
LINE
8
BLACK
6
CONTINUOUS
10
5.7846456692913382
20
-3.6621259842519684
11
5.7852450393700785
21
-3.6591127165354331
0
LINE
8
BLACK
6
CONTINUOUS
10
5.7852450393700785
20
-3.6591127165354331
11
5.786951929133858
21
-3.6565582283464568
0
LINE
8
BLACK
6
CONTINUOUS
10
5.786951929133858
20
-3.6565582283464568
11
5.7895064173228343
21
-3.6548513385826773
0
LINE
8
BLACK
6
CONTINUOUS
10
5.7895064173228343
20
-3.6548513385826773
11
5.7925196850393696
21
-3.654251968503937
0
LINE
8
BLACK
6
CONTINUOUS
10
5.7925196850393696
20
-3.654251968503937
11
5.8141732283464567
21
-3.654251968503937
0
LINE
8
BLACK
6
CONTINUOUS
10
5.8141732283464567
20
-3.654251968503937
11
5.817186496062992
21
-3.6548513385826773
0
LINE
8
BLACK
6
CONTINUOUS
10
6.3503308267716534
20
-3.6510400787401576
11
6.3522466929133854
21
-3.6523202362204725
0
LINE
8
BLACK
6
CONTINUOUS
10
6.3522466929133854
20
-3.6523202362204725
11
6.3535268503937008
21
-3.6542361023622045
0
LINE
8
BLACK
6
CONTINUOUS
10
6.3535268503937008
20
-3.6542361023622045
11
6.3539763779527556
21
-3.6564960629921259
0
LINE
8
BLACK
6
CONTINUOUS
10
6.3539763779527556
20
-3.6564960629921259
11
6.3539763779527556
21
-3.6683070866141732
0
LINE
8
BLACK
6
CONTINUOUS
10
6.3539763779527556
20
-3.6683070866141732
11
6.3535268503937008
21
-3.6705670472440945
0
LINE
8
BLACK
6
CONTINUOUS
10
6.3535268503937008
20
-3.6705670472440945
11
6.3522466929133854
21
-3.6724829133858266
0
LINE
8
BLACK
6
CONTINUOUS
10
6.3522466929133854
20
-3.6724829133858266
11
6.3503308267716534
21
-3.6737630708661415
0
LINE
8
BLACK
6
CONTINUOUS
10
6.3503308267716534
20
-3.6737630708661415
11
6.3480708661417324
21
-3.6742125984251968
0
LINE
8
BLACK
6
CONTINUOUS
10
6.3480708661417324
20
-3.6742125984251968
11
6.2929527559055121
21
-3.6742125984251968
0
LINE
8
BLACK
6
CONTINUOUS
10
6.2929527559055121
20
-3.6742125984251968
11
6.2906927952755902
21
-3.6737630708661415
0
LINE
8
BLACK
6
CONTINUOUS
10
6.2906927952755902
20
-3.6737630708661415
11
6.2887769291338582
21
-3.6724829133858266
0
LINE
8
BLACK
6
CONTINUOUS
10
6.2887769291338582
20
-3.6724829133858266
11
6.2874967716535428
21
-3.6705670472440945
0
LINE
8
BLACK
6
CONTINUOUS
10
6.2874967716535428
20
-3.6705670472440945
11
6.287047244094488
21
-3.6683070866141732
0
LINE
8
BLACK
6
CONTINUOUS
10
6.287047244094488
20
-3.6683070866141732
11
6.287047244094488
21
-3.6564960629921259
0
LINE
8
BLACK
6
CONTINUOUS
10
6.287047244094488
20
-3.6564960629921259
11
6.2874967716535428
21
-3.6542361023622045
0
LINE
8
BLACK
6
CONTINUOUS
10
6.2874967716535428
20
-3.6542361023622045
11
6.2887769291338582
21
-3.6523202362204725
0
LINE
8
BLACK
6
CONTINUOUS
10
6.2887769291338582
20
-3.6523202362204725
11
6.2906927952755902
21
-3.6510400787401576
0
LINE
8
BLACK
6
CONTINUOUS
10
6.2906927952755902
20
-3.6510400787401576
11
6.2929527559055121
21
-3.6505905511811023
0
LINE
8
BLACK
6
CONTINUOUS
10
6.2929527559055121
20
-3.6505905511811023
11
6.3480708661417324
21
-3.6505905511811023
0
LINE
8
BLACK
6
CONTINUOUS
10
6.3480708661417324
20
-3.6505905511811023
11
6.3503308267716534
21
-3.6510400787401576
0
LINE
8
BLACK
6
CONTINUOUS
10
5.9467534251968504
20
-3.6119379527559055
11
5.9493079133858267
21
-3.613644842519685
0
LINE
8
BLACK
6
CONTINUOUS
10
5.9493079133858267
20
-3.613644842519685
11
5.9510148031496062
21
-3.6161993307086613
0
LINE
8
BLACK
6
CONTINUOUS
10
5.9510148031496062
20
-3.6161993307086613
11
5.9516141732283465
21
-3.6192125984251966
0
LINE
8
BLACK
6
CONTINUOUS
10
5.9516141732283465
20
-3.6192125984251966
11
5.9516141732283465
21
-3.6408661417322832
0
LINE
8
BLACK
6
CONTINUOUS
10
5.9516141732283465
20
-3.6408661417322832
11
5.9510148031496062
21
-3.6438794094488189
0
LINE
8
BLACK
6
CONTINUOUS
10
5.9510148031496062
20
-3.6438794094488189
11
5.9493079133858267
21
-3.6464338976377952
0
LINE
8
BLACK
6
CONTINUOUS
10
5.9493079133858267
20
-3.6464338976377952
11
5.9467534251968504
21
-3.6481407874015748
0
LINE
8
BLACK
6
CONTINUOUS
10
5.9467534251968504
20
-3.6481407874015748
11
5.943740157480315
21
-3.6487401574803147
0
LINE
8
BLACK
6
CONTINUOUS
10
5.943740157480315
20
-3.6487401574803147
11
5.9279921259842521
21
-3.6487401574803147
0
LINE
8
BLACK
6
CONTINUOUS
10
5.9279921259842521
20
-3.6487401574803147
11
5.9249788582677168
21
-3.6481407874015748
0
LINE
8
BLACK
6
CONTINUOUS
10
5.9249788582677168
20
-3.6481407874015748
11
5.9224243700787405
21
-3.6464338976377952
0
LINE
8
BLACK
6
CONTINUOUS
10
5.9224243700787405
20
-3.6464338976377952
11
5.9207174803149609
21
-3.6438794094488189
0
LINE
8
BLACK
6
CONTINUOUS
10
5.9207174803149609
20
-3.6438794094488189
11
5.9201181102362206
21
-3.6408661417322832
0
LINE
8
BLACK
6
CONTINUOUS
10
5.9201181102362206
20
-3.6408661417322832
11
5.9201181102362206
21
-3.6192125984251966
0
LINE
8
BLACK
6
CONTINUOUS
10
5.9201181102362206
20
-3.6192125984251966
11
5.9207174803149609
21
-3.6161993307086613
0
LINE
8
BLACK
6
CONTINUOUS
10
5.9207174803149609
20
-3.6161993307086613
11
5.9224243700787405
21
-3.613644842519685
0
LINE
8
BLACK
6
CONTINUOUS
10
5.9224243700787405
20
-3.613644842519685
11
5.9249788582677168
21
-3.6119379527559055
0
LINE
8
BLACK
6
CONTINUOUS
10
5.9249788582677168
20
-3.6119379527559055
11
5.9279921259842521
21
-3.6113385826771651
0
LINE
8
BLACK
6
CONTINUOUS
10
5.9279921259842521
20
-3.6113385826771651
11
5.943740157480315
21
-3.6113385826771651
0
LINE
8
BLACK
6
CONTINUOUS
10
5.943740157480315
20
-3.6113385826771651
11
5.9467534251968504
21
-3.6119379527559055
0
LINE
8
BLACK
6
CONTINUOUS
10
6.0117140551181105
20
-3.6119379527559055
11
6.0142685433070868
21
-3.613644842519685
0
LINE
8
BLACK
6
CONTINUOUS
10
6.0142685433070868
20
-3.613644842519685
11
6.0159754330708664
21
-3.6161993307086613
0
LINE
8
BLACK
6
CONTINUOUS
10
6.0159754330708664
20
-3.6161993307086613
11
6.0165748031496058
21
-3.6192125984251966
0
LINE
8
BLACK
6
CONTINUOUS
10
6.0165748031496058
20
-3.6192125984251966
11
6.0165748031496058
21
-3.6408661417322832
0
LINE
8
BLACK
6
CONTINUOUS
10
6.0165748031496058
20
-3.6408661417322832
11
6.0159754330708664
21
-3.6438794094488189
0
LINE
8
BLACK
6
CONTINUOUS
10
6.0159754330708664
20
-3.6438794094488189
11
6.0142685433070868
21
-3.6464338976377952
0
LINE
8
BLACK
6
CONTINUOUS
10
6.0142685433070868
20
-3.6464338976377952
11
6.0117140551181105
21
-3.6481407874015748
0
LINE
8
BLACK
6
CONTINUOUS
10
6.0117140551181105
20
-3.6481407874015748
11
6.0087007874015743
21
-3.6487401574803147
0
LINE
8
BLACK
6
CONTINUOUS
10
6.0087007874015743
20
-3.6487401574803147
11
5.9929527559055114
21
-3.6487401574803147
0
LINE
8
BLACK
6
CONTINUOUS
10
5.9929527559055114
20
-3.6487401574803147
11
5.989939488188976
21
-3.6481407874015748
0
LINE
8
BLACK
6
CONTINUOUS
10
5.989939488188976
20
-3.6481407874015748
11
5.9873849999999997
21
-3.6464338976377952
0
LINE
8
BLACK
6
CONTINUOUS
10
5.9873849999999997
20
-3.6464338976377952
11
5.9856781102362202
21
-3.6438794094488189
0
LINE
8
BLACK
6
CONTINUOUS
10
5.9856781102362202
20
-3.6438794094488189
11
5.9850787401574799
21
-3.6408661417322832
0
LINE
8
BLACK
6
CONTINUOUS
10
5.9850787401574799
20
-3.6408661417322832
11
5.9850787401574799
21
-3.6192125984251966
0
LINE
8
BLACK
6
CONTINUOUS
10
5.9850787401574799
20
-3.6192125984251966
11
5.9856781102362202
21
-3.6161993307086613
0
LINE
8
BLACK
6
CONTINUOUS
10
5.9856781102362202
20
-3.6161993307086613
11
5.9873849999999997
21
-3.613644842519685
0
LINE
8
BLACK
6
CONTINUOUS
10
5.9873849999999997
20
-3.613644842519685
11
5.989939488188976
21
-3.6119379527559055
0
LINE
8
BLACK
6
CONTINUOUS
10
5.989939488188976
20
-3.6119379527559055
11
5.9929527559055114
21
-3.6113385826771651
0
LINE
8
BLACK
6
CONTINUOUS
10
5.9929527559055114
20
-3.6113385826771651
11
6.0087007874015743
21
-3.6113385826771651
0
LINE
8
BLACK
6
CONTINUOUS
10
6.0087007874015743
20
-3.6113385826771651
11
6.0117140551181105
21
-3.6119379527559055
0
LINE
8
BLACK
6
CONTINUOUS
10
6.3503308267716534
20
-3.6018274803149604
11
6.3522466929133854
21
-3.6031076377952753
0
LINE
8
BLACK
6
CONTINUOUS
10
6.3522466929133854
20
-3.6031076377952753
11
6.3535268503937008
21
-3.6050235039370078
0
LINE
8
BLACK
6
CONTINUOUS
10
6.3535268503937008
20
-3.6050235039370078
11
6.3539763779527556
21
-3.6072834645669292
0
LINE
8
BLACK
6
CONTINUOUS
10
6.3539763779527556
20
-3.6072834645669292
11
6.3539763779527556
21
-3.6190944881889764
0
LINE
8
BLACK
6
CONTINUOUS
10
6.3539763779527556
20
-3.6190944881889764
11
6.3535268503937008
21
-3.6213544488188973
0
LINE
8
BLACK
6
CONTINUOUS
10
6.3535268503937008
20
-3.6213544488188973
11
6.3522466929133854
21
-3.6232703149606298
0
LINE
8
BLACK
6
CONTINUOUS
10
6.3522466929133854
20
-3.6232703149606298
11
6.3503308267716534
21
-3.6245504724409447
0
LINE
8
BLACK
6
CONTINUOUS
10
6.3503308267716534
20
-3.6245504724409447
11
6.3480708661417324
21
-3.625
0
LINE
8
BLACK
6
CONTINUOUS
10
6.3480708661417324
20
-3.625
11
6.2929527559055121
21
-3.625
0
LINE
8
BLACK
6
CONTINUOUS
10
6.2929527559055121
20
-3.625
11
6.2906927952755902
21
-3.6245504724409447
0
LINE
8
BLACK
6
CONTINUOUS
10
6.2906927952755902
20
-3.6245504724409447
11
6.2887769291338582
21
-3.6232703149606298
0
LINE
8
BLACK
6
CONTINUOUS
10
6.2887769291338582
20
-3.6232703149606298
11
6.2874967716535428
21
-3.6213544488188973
0
LINE
8
BLACK
6
CONTINUOUS
10
6.2874967716535428
20
-3.6213544488188973
11
6.287047244094488
21
-3.6190944881889764
0
LINE
8
BLACK
6
CONTINUOUS
10
6.287047244094488
20
-3.6190944881889764
11
6.287047244094488
21
-3.6072834645669292
0
LINE
8
BLACK
6
CONTINUOUS
10
6.287047244094488
20
-3.6072834645669292
11
6.2874967716535428
21
-3.6050235039370078
0
LINE
8
BLACK
6
CONTINUOUS
10
6.2874967716535428
20
-3.6050235039370078
11
6.2887769291338582
21
-3.6031076377952753
0
LINE
8
BLACK
6
CONTINUOUS
10
6.2887769291338582
20
-3.6031076377952753
11
6.2906927952755902
21
-3.6018274803149604
0
LINE
8
BLACK
6
CONTINUOUS
10
6.2906927952755902
20
-3.6018274803149604
11
6.2929527559055121
21
-3.6013779527559056
0
LINE
8
BLACK
6
CONTINUOUS
10
6.2929527559055121
20
-3.6013779527559056
11
6.3480708661417324
21
-3.6013779527559056
0
LINE
8
BLACK
6
CONTINUOUS
10
6.3480708661417324
20
-3.6013779527559056
11
6.3503308267716534
21
-3.6018274803149604
0
LINE
8
BLACK
6
CONTINUOUS
10
5.7121864960629916
20
-3.5899300787401573
11
5.7147409842519687
21
-3.5916369685039369
0
LINE
8
BLACK
6
CONTINUOUS
10
5.7147409842519687
20
-3.5916369685039369
11
5.7164478740157483
21
-3.5941914566929132
0
LINE
8
BLACK
6
CONTINUOUS
10
5.7164478740157483
20
-3.5941914566929132
11
5.7170472440944877
21
-3.5972047244094489
0
LINE
8
BLACK
6
CONTINUOUS
10
5.7170472440944877
20
-3.5972047244094489
11
5.7170472440944877
21
-3.6129527559055119
0
LINE
8
BLACK
6
CONTINUOUS
10
5.7170472440944877
20
-3.6129527559055119
11
5.7164478740157483
21
-3.6159660236220472
0
LINE
8
BLACK
6
CONTINUOUS
10
5.7164478740157483
20
-3.6159660236220472
11
5.7147409842519687
21
-3.6185205118110235
0
LINE
8
BLACK
6
CONTINUOUS
10
5.7147409842519687
20
-3.6185205118110235
11
5.7121864960629916
21
-3.6202274015748031
0
LINE
8
BLACK
6
CONTINUOUS
10
5.7121864960629916
20
-3.6202274015748031
11
5.7091732283464562
21
-3.6208267716535434
0
LINE
8
BLACK
6
CONTINUOUS
10
5.7091732283464562
20
-3.6208267716535434
11
5.6875196850393701
21
-3.6208267716535434
0
LINE
8
BLACK
6
CONTINUOUS
10
5.6875196850393701
20
-3.6208267716535434
11
5.6845064173228348
21
-3.6202274015748031
0
LINE
8
BLACK
6
CONTINUOUS
10
5.6845064173228348
20
-3.6202274015748031
11
5.6819519291338585
21
-3.6185205118110235
0
LINE
8
BLACK
6
CONTINUOUS
10
5.6819519291338585
20
-3.6185205118110235
11
5.680245039370079
21
-3.6159660236220472
0
LINE
8
BLACK
6
CONTINUOUS
10
5.680245039370079
20
-3.6159660236220472
11
5.6796456692913386
21
-3.6129527559055119
0
LINE
8
BLACK
6
CONTINUOUS
10
5.6796456692913386
20
-3.6129527559055119
11
5.6796456692913386
21
-3.5972047244094489
0
LINE
8
BLACK
6
CONTINUOUS
10
5.6796456692913386
20
-3.5972047244094489
11
5.680245039370079
21
-3.5941914566929132
0
LINE
8
BLACK
6
CONTINUOUS
10
5.680245039370079
20
-3.5941914566929132
11
5.6819519291338585
21
-3.5916369685039369
0
LINE
8
BLACK
6
CONTINUOUS
10
5.6819519291338585
20
-3.5916369685039369
11
5.6845064173228348
21
-3.5899300787401573
0
LINE
8
BLACK
6
CONTINUOUS
10
5.6845064173228348
20
-3.5899300787401573
11
5.6875196850393701
21
-3.5893307086614175
0
LINE
8
BLACK
6
CONTINUOUS
10
5.6875196850393701
20
-3.5893307086614175
11
5.7091732283464562
21
-3.5893307086614175
0
LINE
8
BLACK
6
CONTINUOUS
10
5.7091732283464562
20
-3.5893307086614175
11
5.7121864960629916
21
-3.5899300787401573
0
LINE
8
BLACK
6
CONTINUOUS
10
5.5171864960629922
20
-3.5898907086614171
11
5.5197409842519685
21
-3.5915975984251967
0
LINE
8
BLACK
6
CONTINUOUS
10
5.5197409842519685
20
-3.5915975984251967
11
5.521447874015748
21
-3.594152086614173
0
LINE
8
BLACK
6
CONTINUOUS
10
5.521447874015748
20
-3.594152086614173
11
5.5220472440944883
21
-3.5971653543307087
0
LINE
8
BLACK
6
CONTINUOUS
10
5.5220472440944883
20
-3.5971653543307087
11
5.5220472440944883
21
-3.6129133858267717
0
LINE
8
BLACK
6
CONTINUOUS
10
5.5220472440944883
20
-3.6129133858267717
11
5.521447874015748
21
-3.615926653543307
0
LINE
8
BLACK
6
CONTINUOUS
10
5.521447874015748
20
-3.615926653543307
11
5.5197409842519685
21
-3.6184811417322833
0
LINE
8
BLACK
6
CONTINUOUS
10
5.5197409842519685
20
-3.6184811417322833
11
5.5171864960629922
21
-3.6201880314960628
0
LINE
8
BLACK
6
CONTINUOUS
10
5.5171864960629922
20
-3.6201880314960628
11
5.5141732283464568
21
-3.6207874015748032
0
LINE
8
BLACK
6
CONTINUOUS
10
5.5141732283464568
20
-3.6207874015748032
11
5.4925196850393698
21
-3.6207874015748032
0
LINE
8
BLACK
6
CONTINUOUS
10
5.4925196850393698
20
-3.6207874015748032
11
5.4895064173228345
21
-3.6201880314960628
0
LINE
8
BLACK
6
CONTINUOUS
10
5.4895064173228345
20
-3.6201880314960628
11
5.4869519291338582
21
-3.6184811417322833
0
LINE
8
BLACK
6
CONTINUOUS
10
5.4869519291338582
20
-3.6184811417322833
11
5.4852450393700787
21
-3.615926653543307
0
LINE
8
BLACK
6
CONTINUOUS
10
5.4852450393700787
20
-3.615926653543307
11
5.4846456692913383
21
-3.6129133858267717
0
LINE
8
BLACK
6
CONTINUOUS
10
5.4846456692913383
20
-3.6129133858267717
11
5.4846456692913383
21
-3.5971653543307087
0
LINE
8
BLACK
6
CONTINUOUS
10
5.4846456692913383
20
-3.5971653543307087
11
5.4852450393700787
21
-3.594152086614173
0
LINE
8
BLACK
6
CONTINUOUS
10
5.4852450393700787
20
-3.594152086614173
11
5.4869519291338582
21
-3.5915975984251967
0
LINE
8
BLACK
6
CONTINUOUS
10
5.4869519291338582
20
-3.5915975984251967
11
5.4895064173228345
21
-3.5898907086614171
0
LINE
8
BLACK
6
CONTINUOUS
10
5.4895064173228345
20
-3.5898907086614171
11
5.4925196850393698
21
-3.5892913385826772
0
LINE
8
BLACK
6
CONTINUOUS
10
5.4925196850393698
20
-3.5892913385826772
11
5.5141732283464568
21
-3.5892913385826772
0
LINE
8
BLACK
6
CONTINUOUS
10
5.5141732283464568
20
-3.5892913385826772
11
5.5171864960629922
21
-3.5898907086614171
0
LINE
8
BLACK
6
CONTINUOUS
10
5.6021864960629921
20
-3.5898907086614171
11
5.6047409842519684
21
-3.5915975984251967
0
LINE
8
BLACK
6
CONTINUOUS
10
5.6047409842519684
20
-3.5915975984251967
11
5.606447874015748
21
-3.594152086614173
0
LINE
8
BLACK
6
CONTINUOUS
10
5.606447874015748
20
-3.594152086614173
11
5.6070472440944883
21
-3.5971653543307087
0
LINE
8
BLACK
6
CONTINUOUS
10
5.6070472440944883
20
-3.5971653543307087
11
5.6070472440944883
21
-3.6129133858267717
0
LINE
8
BLACK
6
CONTINUOUS
10
5.6070472440944883
20
-3.6129133858267717
11
5.606447874015748
21
-3.615926653543307
0
LINE
8
BLACK
6
CONTINUOUS
10
5.606447874015748
20
-3.615926653543307
11
5.6047409842519684
21
-3.6184811417322833
0
LINE
8
BLACK
6
CONTINUOUS
10
5.6047409842519684
20
-3.6184811417322833
11
5.6021864960629921
21
-3.6201880314960628
0
LINE
8
BLACK
6
CONTINUOUS
10
5.6021864960629921
20
-3.6201880314960628
11
5.5991732283464568
21
-3.6207874015748032
0
LINE
8
BLACK
6
CONTINUOUS
10
5.5991732283464568
20
-3.6207874015748032
11
5.5775196850393698
21
-3.6207874015748032
0
LINE
8
BLACK
6
CONTINUOUS
10
5.5775196850393698
20
-3.6207874015748032
11
5.5745064173228345
21
-3.6201880314960628
0
LINE
8
BLACK
6
CONTINUOUS
10
5.5745064173228345
20
-3.6201880314960628
11
5.5719519291338582
21
-3.6184811417322833
0
LINE
8
BLACK
6
CONTINUOUS
10
5.5719519291338582
20
-3.6184811417322833
11
5.5702450393700786
21
-3.615926653543307
0
LINE
8
BLACK
6
CONTINUOUS
10
5.5702450393700786
20
-3.615926653543307
11
5.5696456692913383
21
-3.6129133858267717
0
LINE
8
BLACK
6
CONTINUOUS
10
5.5696456692913383
20
-3.6129133858267717
11
5.5696456692913383
21
-3.5971653543307087
0
LINE
8
BLACK
6
CONTINUOUS
10
5.5696456692913383
20
-3.5971653543307087
11
5.5702450393700786
21
-3.594152086614173
0
LINE
8
BLACK
6
CONTINUOUS
10
5.5702450393700786
20
-3.594152086614173
11
5.5719519291338582
21
-3.5915975984251967
0
LINE
8
BLACK
6
CONTINUOUS
10
5.5719519291338582
20
-3.5915975984251967
11
5.5745064173228345
21
-3.5898907086614171
0
LINE
8
BLACK
6
CONTINUOUS
10
5.5745064173228345
20
-3.5898907086614171
11
5.5775196850393698
21
-3.5892913385826772
0
LINE
8
BLACK
6
CONTINUOUS
10
5.5775196850393698
20
-3.5892913385826772
11
5.5991732283464568
21
-3.5892913385826772
0
LINE
8
BLACK
6
CONTINUOUS
10
5.5991732283464568
20
-3.5892913385826772
11
5.6021864960629921
21
-3.5898907086614171
0
LINE
8
BLACK
6
CONTINUOUS
10
5.817186496062992
20
-3.5898907086614171
11
5.8197409842519683
21
-3.5915975984251967
0
LINE
8
BLACK
6
CONTINUOUS
10
5.8197409842519683
20
-3.5915975984251967
11
5.8214478740157478
21
-3.594152086614173
0
LINE
8
BLACK
6
CONTINUOUS
10
5.8214478740157478
20
-3.594152086614173
11
5.8220472440944881
21
-3.5971653543307087
0
LINE
8
BLACK
6
CONTINUOUS
10
5.8220472440944881
20
-3.5971653543307087
11
5.8220472440944881
21
-3.6129133858267717
0
LINE
8
BLACK
6
CONTINUOUS
10
5.8220472440944881
20
-3.6129133858267717
11
5.8214478740157478
21
-3.615926653543307
0
LINE
8
BLACK
6
CONTINUOUS
10
5.8214478740157478
20
-3.615926653543307
11
5.8197409842519683
21
-3.6184811417322833
0
LINE
8
BLACK
6
CONTINUOUS
10
5.8197409842519683
20
-3.6184811417322833
11
5.817186496062992
21
-3.6201880314960628
0
LINE
8
BLACK
6
CONTINUOUS
10
5.817186496062992
20
-3.6201880314960628
11
5.8141732283464567
21
-3.6207874015748032
0
LINE
8
BLACK
6
CONTINUOUS
10
5.8141732283464567
20
-3.6207874015748032
11
5.7925196850393696
21
-3.6207874015748032
0
LINE
8
BLACK
6
CONTINUOUS
10
5.7925196850393696
20
-3.6207874015748032
11
5.7895064173228343
21
-3.6201880314960628
0
LINE
8
BLACK
6
CONTINUOUS
10
5.7895064173228343
20
-3.6201880314960628
11
5.786951929133858
21
-3.6184811417322833
0
LINE
8
BLACK
6
CONTINUOUS
10
5.786951929133858
20
-3.6184811417322833
11
5.7852450393700785
21
-3.615926653543307
0
LINE
8
BLACK
6
CONTINUOUS
10
5.7852450393700785
20
-3.615926653543307
11
5.7846456692913382
21
-3.6129133858267717
0
LINE
8
BLACK
6
CONTINUOUS
10
5.7846456692913382
20
-3.6129133858267717
11
5.7846456692913382
21
-3.5971653543307087
0
LINE
8
BLACK
6
CONTINUOUS
10
5.7846456692913382
20
-3.5971653543307087
11
5.7852450393700785
21
-3.594152086614173
0
LINE
8
BLACK
6
CONTINUOUS
10
5.7852450393700785
20
-3.594152086614173
11
5.786951929133858
21
-3.5915975984251967
0
LINE
8
BLACK
6
CONTINUOUS
10
5.786951929133858
20
-3.5915975984251967
11
5.7895064173228343
21
-3.5898907086614171
0
LINE
8
BLACK
6
CONTINUOUS
10
5.7895064173228343
20
-3.5898907086614171
11
5.7925196850393696
21
-3.5892913385826772
0
LINE
8
BLACK
6
CONTINUOUS
10
5.7925196850393696
20
-3.5892913385826772
11
5.8141732283464567
21
-3.5892913385826772
0
LINE
8
BLACK
6
CONTINUOUS
10
5.8141732283464567
20
-3.5892913385826772
11
5.817186496062992
21
-3.5898907086614171
0
LINE
8
BLACK
6
CONTINUOUS
10
6.3503308267716534
20
-3.5526148818897636
11
6.3522466929133854
21
-3.5538950393700786
0
LINE
8
BLACK
6
CONTINUOUS
10
6.3522466929133854
20
-3.5538950393700786
11
6.3535268503937008
21
-3.555810905511811
0
LINE
8
BLACK
6
CONTINUOUS
10
6.3535268503937008
20
-3.555810905511811
11
6.3539763779527556
21
-3.5580708661417324
0
LINE
8
BLACK
6
CONTINUOUS
10
6.3539763779527556
20
-3.5580708661417324
11
6.3539763779527556
21
-3.5698818897637796
0
LINE
8
BLACK
6
CONTINUOUS
10
6.3539763779527556
20
-3.5698818897637796
11
6.3535268503937008
21
-3.5721418503937006
0
LINE
8
BLACK
6
CONTINUOUS
10
6.3535268503937008
20
-3.5721418503937006
11
6.3522466929133854
21
-3.574057716535433
0
LINE
8
BLACK
6
CONTINUOUS
10
6.3522466929133854
20
-3.574057716535433
11
6.3503308267716534
21
-3.575337874015748
0
LINE
8
BLACK
6
CONTINUOUS
10
6.3503308267716534
20
-3.575337874015748
11
6.3480708661417324
21
-3.5757874015748032
0
LINE
8
BLACK
6
CONTINUOUS
10
6.3480708661417324
20
-3.5757874015748032
11
6.2929527559055121
21
-3.5757874015748032
0
LINE
8
BLACK
6
CONTINUOUS
10
6.2929527559055121
20
-3.5757874015748032
11
6.2906927952755902
21
-3.575337874015748
0
LINE
8
BLACK
6
CONTINUOUS
10
6.2906927952755902
20
-3.575337874015748
11
6.2887769291338582
21
-3.574057716535433
0
LINE
8
BLACK
6
CONTINUOUS
10
6.2887769291338582
20
-3.574057716535433
11
6.2874967716535428
21
-3.5721418503937006
0
LINE
8
BLACK
6
CONTINUOUS
10
6.2874967716535428
20
-3.5721418503937006
11
6.287047244094488
21
-3.5698818897637796
0
LINE
8
BLACK
6
CONTINUOUS
10
6.287047244094488
20
-3.5698818897637796
11
6.287047244094488
21
-3.5580708661417324
0
LINE
8
BLACK
6
CONTINUOUS
10
6.287047244094488
20
-3.5580708661417324
11
6.2874967716535428
21
-3.555810905511811
0
LINE
8
BLACK
6
CONTINUOUS
10
6.2874967716535428
20
-3.555810905511811
11
6.2887769291338582
21
-3.5538950393700786
0
LINE
8
BLACK
6
CONTINUOUS
10
6.2887769291338582
20
-3.5538950393700786
11
6.2906927952755902
21
-3.5526148818897636
0
LINE
8
BLACK
6
CONTINUOUS
10
6.2906927952755902
20
-3.5526148818897636
11
6.2929527559055121
21
-3.5521653543307088
0
LINE
8
BLACK
6
CONTINUOUS
10
6.2929527559055121
20
-3.5521653543307088
11
6.3480708661417324
21
-3.5521653543307088
0
LINE
8
BLACK
6
CONTINUOUS
10
6.3480708661417324
20
-3.5521653543307088
11
6.3503308267716534
21
-3.5526148818897636
0
LINE
8
BLACK
6
CONTINUOUS
10
6.092993267716535
20
-3.4967934645669292
11
6.0961065748031498
21
-3.4988737401574803
0
LINE
8
BLACK
6
CONTINUOUS
10
6.0961065748031498
20
-3.4988737401574803
11
6.0981868503937005
21
-3.5019870472440946
0
LINE
8
BLACK
6
CONTINUOUS
10
6.0981868503937005
20
-3.5019870472440946
11
6.0989173228346454
21
-3.5056594488188977
0
LINE
8
BLACK
6
CONTINUOUS
10
6.0989173228346454
20
-3.5056594488188977
11
6.0989173228346454
21
-3.5415846456692912
0
LINE
8
BLACK
6
CONTINUOUS
10
6.0989173228346454
20
-3.5415846456692912
11
6.0981868503937005
21
-3.5452570472440943
0
LINE
8
BLACK
6
CONTINUOUS
10
6.0981868503937005
20
-3.5452570472440943
11
6.0961065748031498
21
-3.5483703543307086
0
LINE
8
BLACK
6
CONTINUOUS
10
6.0961065748031498
20
-3.5483703543307086
11
6.092993267716535
21
-3.5504506299212597
0
LINE
8
BLACK
6
CONTINUOUS
10
6.092993267716535
20
-3.5504506299212597
11
6.0893208661417324
21
-3.5511811023622046
0
LINE
8
BLACK
6
CONTINUOUS
10
6.0893208661417324
20
-3.5511811023622046
11
6.0701279527559056
21
-3.5511811023622046
0
LINE
8
BLACK
6
CONTINUOUS
10
6.0701279527559056
20
-3.5511811023622046
11
6.066455551181102
21
-3.5504506299212597
0
LINE
8
BLACK
6
CONTINUOUS
10
6.066455551181102
20
-3.5504506299212597
11
6.0633422440944882
21
-3.5483703543307086
0
LINE
8
BLACK
6
CONTINUOUS
10
6.0633422440944882
20
-3.5483703543307086
11
6.0612619685039366
21
-3.5452570472440943
0
LINE
8
BLACK
6
CONTINUOUS
10
6.0612619685039366
20
-3.5452570472440943
11
6.0605314960629917
21
-3.5415846456692912
0
LINE
8
BLACK
6
CONTINUOUS
10
6.0605314960629917
20
-3.5415846456692912
11
6.0605314960629917
21
-3.5056594488188977
0
LINE
8
BLACK
6
CONTINUOUS
10
6.0605314960629917
20
-3.5056594488188977
11
6.0612619685039366
21
-3.5019870472440946
0
LINE
8
BLACK
6
CONTINUOUS
10
6.0612619685039366
20
-3.5019870472440946
11
6.0633422440944882
21
-3.4988737401574803
0
LINE
8
BLACK
6
CONTINUOUS
10
6.0633422440944882
20
-3.4988737401574803
11
6.066455551181102
21
-3.4967934645669292
0
LINE
8
BLACK
6
CONTINUOUS
10
6.066455551181102
20
-3.4967934645669292
11
6.0701279527559056
21
-3.4960629921259843
0
LINE
8
BLACK
6
CONTINUOUS
10
6.0701279527559056
20
-3.4960629921259843
11
6.0893208661417324
21
-3.4960629921259843
0
LINE
8
BLACK
6
CONTINUOUS
10
6.0893208661417324
20
-3.4960629921259843
11
6.092993267716535
21
-3.4967934645669292
0
LINE
8
BLACK
6
CONTINUOUS
10
6.1668121653543304
20
-3.4967934645669292
11
6.1699254724409451
21
-3.4988737401574803
0
LINE
8
BLACK
6
CONTINUOUS
10
6.1699254724409451
20
-3.4988737401574803
11
6.1720057480314958
21
-3.5019870472440946
0
LINE
8
BLACK
6
CONTINUOUS
10
6.1720057480314958
20
-3.5019870472440946
11
6.1727362204724407
21
-3.5056594488188977
0
LINE
8
BLACK
6
CONTINUOUS
10
6.1727362204724407
20
-3.5056594488188977
11
6.1727362204724407
21
-3.5415846456692912
0
LINE
8
BLACK
6
CONTINUOUS
10
6.1727362204724407
20
-3.5415846456692912
11
6.1720057480314958
21
-3.5452570472440943
0
LINE
8
BLACK
6
CONTINUOUS
10
6.1720057480314958
20
-3.5452570472440943
11
6.1699254724409451
21
-3.5483703543307086
0
LINE
8
BLACK
6
CONTINUOUS
10
6.1699254724409451
20
-3.5483703543307086
11
6.1668121653543304
21
-3.5504506299212597
0
LINE
8
BLACK
6
CONTINUOUS
10
6.1668121653543304
20
-3.5504506299212597
11
6.1631397637795278
21
-3.5511811023622046
0
LINE
8
BLACK
6
CONTINUOUS
10
6.1631397637795278
20
-3.5511811023622046
11
6.1439468503937009
21
-3.5511811023622046
0
LINE
8
BLACK
6
CONTINUOUS
10
6.1439468503937009
20
-3.5511811023622046
11
6.1402744488188974
21
-3.5504506299212597
0
LINE
8
BLACK
6
CONTINUOUS
10
6.1402744488188974
20
-3.5504506299212597
11
6.1371611417322836
21
-3.5483703543307086
0
LINE
8
BLACK
6
CONTINUOUS
10
6.1371611417322836
20
-3.5483703543307086
11
6.135080866141732
21
-3.5452570472440943
0
LINE
8
BLACK
6
CONTINUOUS
10
6.135080866141732
20
-3.5452570472440943
11
6.1343503937007871
21
-3.5415846456692912
0
LINE
8
BLACK
6
CONTINUOUS
10
6.1343503937007871
20
-3.5415846456692912
11
6.1343503937007871
21
-3.5056594488188977
0
LINE
8
BLACK
6
CONTINUOUS
10
6.1343503937007871
20
-3.5056594488188977
11
6.135080866141732
21
-3.5019870472440946
0
LINE
8
BLACK
6
CONTINUOUS
10
6.135080866141732
20
-3.5019870472440946
11
6.1371611417322836
21
-3.4988737401574803
0
LINE
8
BLACK
6
CONTINUOUS
10
6.1371611417322836
20
-3.4988737401574803
11
6.1402744488188974
21
-3.4967934645669292
0
LINE
8
BLACK
6
CONTINUOUS
10
6.1402744488188974
20
-3.4967934645669292
11
6.1439468503937009
21
-3.4960629921259843
0
LINE
8
BLACK
6
CONTINUOUS
10
6.1439468503937009
20
-3.4960629921259843
11
6.1631397637795278
21
-3.4960629921259843
0
LINE
8
BLACK
6
CONTINUOUS
10
6.1631397637795278
20
-3.4960629921259843
11
6.1668121653543304
21
-3.4967934645669292
0
LINE
8
BLACK
6
CONTINUOUS
10
6.3503308267716534
20
-3.5034022834645668
11
6.3522466929133854
21
-3.5046824409448818
0
LINE
8
BLACK
6
CONTINUOUS
10
6.3522466929133854
20
-3.5046824409448818
11
6.3535268503937008
21
-3.5065983070866142
0
LINE
8
BLACK
6
CONTINUOUS
10
6.3535268503937008
20
-3.5065983070866142
11
6.3539763779527556
21
-3.5088582677165352
0
LINE
8
BLACK
6
CONTINUOUS
10
6.3539763779527556
20
-3.5088582677165352
11
6.3539763779527556
21
-3.5206692913385824
0
LINE
8
BLACK
6
CONTINUOUS
10
6.3539763779527556
20
-3.5206692913385824
11
6.3535268503937008
21
-3.5229292519685038
0
LINE
8
BLACK
6
CONTINUOUS
10
6.3535268503937008
20
-3.5229292519685038
11
6.3522466929133854
21
-3.5248451181102363
0
LINE
8
BLACK
6
CONTINUOUS
10
6.3522466929133854
20
-3.5248451181102363
11
6.3503308267716534
21
-3.5261252755905512
0
LINE
8
BLACK
6
CONTINUOUS
10
6.3503308267716534
20
-3.5261252755905512
11
6.3480708661417324
21
-3.526574803149606
0
LINE
8
BLACK
6
CONTINUOUS
10
6.3480708661417324
20
-3.526574803149606
11
6.2929527559055121
21
-3.526574803149606
0
LINE
8
BLACK
6
CONTINUOUS
10
6.2929527559055121
20
-3.526574803149606
11
6.2906927952755902
21
-3.5261252755905512
0
LINE
8
BLACK
6
CONTINUOUS
10
6.2906927952755902
20
-3.5261252755905512
11
6.2887769291338582
21
-3.5248451181102363
0
LINE
8
BLACK
6
CONTINUOUS
10
6.2887769291338582
20
-3.5248451181102363
11
6.2874967716535428
21
-3.5229292519685038
0
LINE
8
BLACK
6
CONTINUOUS
10
6.2874967716535428
20
-3.5229292519685038
11
6.287047244094488
21
-3.5206692913385824
0
LINE
8
BLACK
6
CONTINUOUS
10
6.287047244094488
20
-3.5206692913385824
11
6.287047244094488
21
-3.5088582677165352
0
LINE
8
BLACK
6
CONTINUOUS
10
6.287047244094488
20
-3.5088582677165352
11
6.2874967716535428
21
-3.5065983070866142
0
LINE
8
BLACK
6
CONTINUOUS
10
6.2874967716535428
20
-3.5065983070866142
11
6.2887769291338582
21
-3.5046824409448818
0
LINE
8
BLACK
6
CONTINUOUS
10
6.2887769291338582
20
-3.5046824409448818
11
6.2906927952755902
21
-3.5034022834645668
0
LINE
8
BLACK
6
CONTINUOUS
10
6.2906927952755902
20
-3.5034022834645668
11
6.2929527559055121
21
-3.5029527559055116
0
LINE
8
BLACK
6
CONTINUOUS
10
6.2929527559055121
20
-3.5029527559055116
11
6.3480708661417324
21
-3.5029527559055116
0
LINE
8
BLACK
6
CONTINUOUS
10
6.3480708661417324
20
-3.5029527559055116
11
6.3503308267716534
21
-3.5034022834645668
0
LINE
8
BLACK
6
CONTINUOUS
10
5.548581181102362
20
-3.4914823228346457
11
5.5513751968503939
21
-3.4933492125984249
0
LINE
8
BLACK
6
CONTINUOUS
10
5.5513751968503939
20
-3.4933492125984249
11
5.5532420866141727
21
-3.4961432283464564
0
LINE
8
BLACK
6
CONTINUOUS
10
5.5532420866141727
20
-3.4961432283464564
11
5.5538976377952753
21
-3.4994389763779528
0
LINE
8
BLACK
6
CONTINUOUS
10
5.5538976377952753
20
-3.4994389763779528
11
5.5538976377952753
21
-3.5166633858267717
0
LINE
8
BLACK
6
CONTINUOUS
10
5.5538976377952753
20
-3.5166633858267717
11
5.5532420866141727
21
-3.5199591338582676
0
LINE
8
BLACK
6
CONTINUOUS
10
5.5532420866141727
20
-3.5199591338582676
11
5.5513751968503939
21
-3.5227531496062992
0
LINE
8
BLACK
6
CONTINUOUS
10
5.5513751968503939
20
-3.5227531496062992
11
5.548581181102362
21
-3.5246200393700788
0
LINE
8
BLACK
6
CONTINUOUS
10
5.548581181102362
20
-3.5246200393700788
11
5.5452854330708661
21
-3.525275590551181
0
LINE
8
BLACK
6
CONTINUOUS
10
5.5452854330708661
20
-3.525275590551181
11
5.5251082677165355
21
-3.525275590551181
0
LINE
8
BLACK
6
CONTINUOUS
10
5.5251082677165355
20
-3.525275590551181
11
5.5218125196850396
21
-3.5246200393700788
0
LINE
8
BLACK
6
CONTINUOUS
10
5.5218125196850396
20
-3.5246200393700788
11
5.5190185039370077
21
-3.5227531496062992
0
LINE
8
BLACK
6
CONTINUOUS
10
5.5190185039370077
20
-3.5227531496062992
11
5.517151614173228
21
-3.5199591338582676
0
LINE
8
BLACK
6
CONTINUOUS
10
5.517151614173228
20
-3.5199591338582676
11
5.5164960629921262
21
-3.5166633858267717
0
LINE
8
BLACK
6
CONTINUOUS
10
5.5164960629921262
20
-3.5166633858267717
11
5.5164960629921262
21
-3.4994389763779528
0
LINE
8
BLACK
6
CONTINUOUS
10
5.5164960629921262
20
-3.4994389763779528
11
5.517151614173228
21
-3.4961432283464564
0
LINE
8
BLACK
6
CONTINUOUS
10
5.517151614173228
20
-3.4961432283464564
11
5.5190185039370077
21
-3.4933492125984249
0
LINE
8
BLACK
6
CONTINUOUS
10
5.5190185039370077
20
-3.4933492125984249
11
5.5218125196850396
21
-3.4914823228346457
0
LINE
8
BLACK
6
CONTINUOUS
10
5.5218125196850396
20
-3.4914823228346457
11
5.5251082677165355
21
-3.490826771653543
0
LINE
8
BLACK
6
CONTINUOUS
10
5.5251082677165355
20
-3.490826771653543
11
5.5452854330708661
21
-3.490826771653543
0
LINE
8
BLACK
6
CONTINUOUS
10
5.5452854330708661
20
-3.490826771653543
11
5.548581181102362
21
-3.4914823228346457
0
LINE
8
BLACK
6
CONTINUOUS
10
5.6666914173228342
20
-3.4914823228346457
11
5.6694854330708662
21
-3.4933492125984249
0
LINE
8
BLACK
6
CONTINUOUS
10
5.6694854330708662
20
-3.4933492125984249
11
5.6713523228346459
21
-3.4961432283464564
0
LINE
8
BLACK
6
CONTINUOUS
10
5.6713523228346459
20
-3.4961432283464564
11
5.6720078740157476
21
-3.4994389763779528
0
LINE
8
BLACK
6
CONTINUOUS
10
5.6720078740157476
20
-3.4994389763779528
11
5.6720078740157476
21
-3.5166633858267717
0
LINE
8
BLACK
6
CONTINUOUS
10
5.6720078740157476
20
-3.5166633858267717
11
5.6713523228346459
21
-3.5199591338582676
0
LINE
8
BLACK
6
CONTINUOUS
10
5.6713523228346459
20
-3.5199591338582676
11
5.6694854330708662
21
-3.5227531496062992
0
LINE
8
BLACK
6
CONTINUOUS
10
5.6694854330708662
20
-3.5227531496062992
11
5.6666914173228342
21
-3.5246200393700788
0
LINE
8
BLACK
6
CONTINUOUS
10
5.6666914173228342
20
-3.5246200393700788
11
5.6633956692913383
21
-3.525275590551181
0
LINE
8
BLACK
6
CONTINUOUS
10
5.6633956692913383
20
-3.525275590551181
11
5.6432185039370077
21
-3.525275590551181
0
LINE
8
BLACK
6
CONTINUOUS
10
5.6432185039370077
20
-3.525275590551181
11
5.6399227559055118
21
-3.5246200393700788
0
LINE
8
BLACK
6
CONTINUOUS
10
5.6399227559055118
20
-3.5246200393700788
11
5.6371287401574799
21
-3.5227531496062992
0
LINE
8
BLACK
6
CONTINUOUS
10
5.6371287401574799
20
-3.5227531496062992
11
5.6352618503937011
21
-3.5199591338582676
0
LINE
8
BLACK
6
CONTINUOUS
10
5.6352618503937011
20
-3.5199591338582676
11
5.6346062992125985
21
-3.5166633858267717
0
LINE
8
BLACK
6
CONTINUOUS
10
5.6346062992125985
20
-3.5166633858267717
11
5.6346062992125985
21
-3.4994389763779528
0
LINE
8
BLACK
6
CONTINUOUS
10
5.6346062992125985
20
-3.4994389763779528
11
5.6352618503937011
21
-3.4961432283464564
0
LINE
8
BLACK
6
CONTINUOUS
10
5.6352618503937011
20
-3.4961432283464564
11
5.6371287401574799
21
-3.4933492125984249
0
LINE
8
BLACK
6
CONTINUOUS
10
5.6371287401574799
20
-3.4933492125984249
11
5.6399227559055118
21
-3.4914823228346457
0
LINE
8
BLACK
6
CONTINUOUS
10
5.6399227559055118
20
-3.4914823228346457
11
5.6432185039370077
21
-3.490826771653543
0
LINE
8
BLACK
6
CONTINUOUS
10
5.6432185039370077
20
-3.490826771653543
11
5.6633956692913383
21
-3.490826771653543
0
LINE
8
BLACK
6
CONTINUOUS
10
5.6633956692913383
20
-3.490826771653543
11
5.6666914173228342
21
-3.4914823228346457
0
LINE
8
BLACK
6
CONTINUOUS
10
5.548581181102362
20
-3.4294744488188975
11
5.5513751968503939
21
-3.4313413385826772
0
LINE
8
BLACK
6
CONTINUOUS
10
5.5513751968503939
20
-3.4313413385826772
11
5.5532420866141727
21
-3.4341353543307087
0
LINE
8
BLACK
6
CONTINUOUS
10
5.5532420866141727
20
-3.4341353543307087
11
5.5538976377952753
21
-3.4374311023622046
0
LINE
8
BLACK
6
CONTINUOUS
10
5.5538976377952753
20
-3.4374311023622046
11
5.5538976377952753
21
-3.4546555118110236
0
LINE
8
BLACK
6
CONTINUOUS
10
5.5538976377952753
20
-3.4546555118110236
11
5.5532420866141727
21
-3.4579512598425195
0
LINE
8
BLACK
6
CONTINUOUS
10
5.5532420866141727
20
-3.4579512598425195
11
5.5513751968503939
21
-3.460745275590551
0
LINE
8
BLACK
6
CONTINUOUS
10
5.5513751968503939
20
-3.460745275590551
11
5.548581181102362
21
-3.4626121653543307
0
LINE
8
BLACK
6
CONTINUOUS
10
5.548581181102362
20
-3.4626121653543307
11
5.5452854330708661
21
-3.4632677165354329
0
LINE
8
BLACK
6
CONTINUOUS
10
5.5452854330708661
20
-3.4632677165354329
11
5.5251082677165355
21
-3.4632677165354329
0
LINE
8
BLACK
6
CONTINUOUS
10
5.5251082677165355
20
-3.4632677165354329
11
5.5218125196850396
21
-3.4626121653543307
0
LINE
8
BLACK
6
CONTINUOUS
10
5.5218125196850396
20
-3.4626121653543307
11
5.5190185039370077
21
-3.460745275590551
0
LINE
8
BLACK
6
CONTINUOUS
10
5.5190185039370077
20
-3.460745275590551
11
5.517151614173228
21
-3.4579512598425195
0
LINE
8
BLACK
6
CONTINUOUS
10
5.517151614173228
20
-3.4579512598425195
11
5.5164960629921262
21
-3.4546555118110236
0
LINE
8
BLACK
6
CONTINUOUS
10
5.5164960629921262
20
-3.4546555118110236
11
5.5164960629921262
21
-3.4374311023622046
0
LINE
8
BLACK
6
CONTINUOUS
10
5.5164960629921262
20
-3.4374311023622046
11
5.517151614173228
21
-3.4341353543307087
0
LINE
8
BLACK
6
CONTINUOUS
10
5.517151614173228
20
-3.4341353543307087
11
5.5190185039370077
21
-3.4313413385826772
0
LINE
8
BLACK
6
CONTINUOUS
10
5.5190185039370077
20
-3.4313413385826772
11
5.5218125196850396
21
-3.4294744488188975
0
LINE
8
BLACK
6
CONTINUOUS
10
5.5218125196850396
20
-3.4294744488188975
11
5.5251082677165355
21
-3.4288188976377953
0
LINE
8
BLACK
6
CONTINUOUS
10
5.5251082677165355
20
-3.4288188976377953
11
5.5452854330708661
21
-3.4288188976377953
0
LINE
8
BLACK
6
CONTINUOUS
10
5.5452854330708661
20
-3.4288188976377953
11
5.548581181102362
21
-3.4294744488188975
0
LINE
8
BLACK
6
CONTINUOUS
10
5.6666914173228342
20
-3.4294744488188975
11
5.6694854330708662
21
-3.4313413385826772
0
LINE
8
BLACK
6
CONTINUOUS
10
5.6694854330708662
20
-3.4313413385826772
11
5.6713523228346459
21
-3.4341353543307087
0
LINE
8
BLACK
6
CONTINUOUS
10
5.6713523228346459
20
-3.4341353543307087
11
5.6720078740157476
21
-3.4374311023622046
0
LINE
8
BLACK
6
CONTINUOUS
10
5.6720078740157476
20
-3.4374311023622046
11
5.6720078740157476
21
-3.4546555118110236
0
LINE
8
BLACK
6
CONTINUOUS
10
5.6720078740157476
20
-3.4546555118110236
11
5.6713523228346459
21
-3.4579512598425195
0
LINE
8
BLACK
6
CONTINUOUS
10
5.6713523228346459
20
-3.4579512598425195
11
5.6694854330708662
21
-3.460745275590551
0
LINE
8
BLACK
6
CONTINUOUS
10
5.6694854330708662
20
-3.460745275590551
11
5.6666914173228342
21
-3.4626121653543307
0
LINE
8
BLACK
6
CONTINUOUS
10
5.6666914173228342
20
-3.4626121653543307
11
5.6633956692913383
21
-3.4632677165354329
0
LINE
8
BLACK
6
CONTINUOUS
10
5.6633956692913383
20
-3.4632677165354329
11
5.6432185039370077
21
-3.4632677165354329
0
LINE
8
BLACK
6
CONTINUOUS
10
5.6432185039370077
20
-3.4632677165354329
11
5.6399227559055118
21
-3.4626121653543307
0
LINE
8
BLACK
6
CONTINUOUS
10
5.6399227559055118
20
-3.4626121653543307
11
5.6371287401574799
21
-3.460745275590551
0
LINE
8
BLACK
6
CONTINUOUS
10
5.6371287401574799
20
-3.460745275590551
11
5.6352618503937011
21
-3.4579512598425195
0
LINE
8
BLACK
6
CONTINUOUS
10
5.6352618503937011
20
-3.4579512598425195
11
5.6346062992125985
21
-3.4546555118110236
0
LINE
8
BLACK
6
CONTINUOUS
10
5.6346062992125985
20
-3.4546555118110236
11
5.6346062992125985
21
-3.4374311023622046
0
LINE
8
BLACK
6
CONTINUOUS
10
5.6346062992125985
20
-3.4374311023622046
11
5.6352618503937011
21
-3.4341353543307087
0
LINE
8
BLACK
6
CONTINUOUS
10
5.6352618503937011
20
-3.4341353543307087
11
5.6371287401574799
21
-3.4313413385826772
0
LINE
8
BLACK
6
CONTINUOUS
10
5.6371287401574799
20
-3.4313413385826772
11
5.6399227559055118
21
-3.4294744488188975
0
LINE
8
BLACK
6
CONTINUOUS
10
5.6399227559055118
20
-3.4294744488188975
11
5.6432185039370077
21
-3.4288188976377953
0
LINE
8
BLACK
6
CONTINUOUS
10
5.6432185039370077
20
-3.4288188976377953
11
5.6633956692913383
21
-3.4288188976377953
0
LINE
8
BLACK
6
CONTINUOUS
10
5.6633956692913383
20
-3.4288188976377953
11
5.6666914173228342
21
-3.4294744488188975
0
LINE
8
BLACK
6
CONTINUOUS
10
6.4935697244094488
20
-3.4229933070866143
11
6.4967628740157481
21
-3.4251268897637797
0
LINE
8
BLACK
6
CONTINUOUS
10
6.4967628740157481
20
-3.4251268897637797
11
6.498896456692913
21
-3.4283200393700786
0
LINE
8
BLACK
6
CONTINUOUS
10
6.498896456692913
20
-3.4283200393700786
11
6.499645669291338
21
-3.4320866141732282
0
LINE
8
BLACK
6
CONTINUOUS
10
6.499645669291338
20
-3.4320866141732282
11
6.499645669291338
21
-3.451771653543307
0
LINE
8
BLACK
6
CONTINUOUS
10
6.499645669291338
20
-3.451771653543307
11
6.498896456692913
21
-3.4555382283464566
0
LINE
8
BLACK
6
CONTINUOUS
10
6.498896456692913
20
-3.4555382283464566
11
6.4967628740157481
21
-3.458731377952756
0
LINE
8
BLACK
6
CONTINUOUS
10
6.4967628740157481
20
-3.458731377952756
11
6.4935697244094488
21
-3.4608649606299213
0
LINE
8
BLACK
6
CONTINUOUS
10
6.4935697244094488
20
-3.4608649606299213
11
6.4898031496062991
21
-3.4616141732283463
0
LINE
8
BLACK
6
CONTINUOUS
10
6.4898031496062991
20
-3.4616141732283463
11
6.4031889763779528
21
-3.4616141732283463
0
LINE
8
BLACK
6
CONTINUOUS
10
6.4031889763779528
20
-3.4616141732283463
11
6.3994224015748031
21
-3.4608649606299213
0
LINE
8
BLACK
6
CONTINUOUS
10
6.3994224015748031
20
-3.4608649606299213
11
6.3962292519685038
21
-3.458731377952756
0
LINE
8
BLACK
6
CONTINUOUS
10
6.3962292519685038
20
-3.458731377952756
11
6.3940956692913389
21
-3.4555382283464566
0
LINE
8
BLACK
6
CONTINUOUS
10
6.3940956692913389
20
-3.4555382283464566
11
6.393346456692913
21
-3.451771653543307
0
LINE
8
BLACK
6
CONTINUOUS
10
6.393346456692913
20
-3.451771653543307
11
6.393346456692913
21
-3.4320866141732282
0
LINE
8
BLACK
6
CONTINUOUS
10
6.393346456692913
20
-3.4320866141732282
11
6.3940956692913389
21
-3.4283200393700786
0
LINE
8
BLACK
6
CONTINUOUS
10
6.3940956692913389
20
-3.4283200393700786
11
6.3962292519685038
21
-3.4251268897637797
0
LINE
8
BLACK
6
CONTINUOUS
10
6.3962292519685038
20
-3.4251268897637797
11
6.3994224015748031
21
-3.4229933070866143
0
LINE
8
BLACK
6
CONTINUOUS
10
6.3994224015748031
20
-3.4229933070866143
11
6.4031889763779528
21
-3.4222440944881889
0
LINE
8
BLACK
6
CONTINUOUS
10
6.4031889763779528
20
-3.4222440944881889
11
6.4898031496062991
21
-3.4222440944881889
0
LINE
8
BLACK
6
CONTINUOUS
10
6.4898031496062991
20
-3.4222440944881889
11
6.4935697244094488
21
-3.4229933070866143
0
CIRCLE
8
BLACK
10
5.8304724409448818
20
-3.3589370078740157
40
0.0068897637795276
0
CIRCLE
8
BLACK
10
6.2241732283464568
20
-4.5400393700787403
40
0.0068897637795276
0
CIRCLE
8
BLACK
10
5.4367716535433068
20
-4.5400393700787403
40
0.0068897637795276
0
CIRCLE
8
BLACK
10
6.2241732283464568
20
-3.3589370078740157
40
0.0068897637795276
0
CIRCLE
8
BLACK
10
5.8304724409448818
20
-4.5400393700787403
40
0.0068897637795276
0
CIRCLE
8
BLACK
10
5.4367716535433068
20
-3.3589370078740157
40
0.0068897637795276
0
CIRCLE
8
BLACK
10
5.6012283464566925
20
-4.0632677165354334
40
0.0068897637795276
0
CIRCLE
8
BLACK
10
5.6012283464566925
20
-3.8357086614173226
40
0.0068897637795276
0
LINE
8
BLACK
6
CONTINUOUS
10
5.4405984251968507
20
-4.1313779527559058
11
5.4720944881889766
21
-4.1313779527559058
0
ARC
8
BLACK
10
5.4720944881889766
20
-4.1195669291338586
40
0.0118110236220472
50
-90.00000000
51
90.00000000
0
LINE
8
BLACK
6
CONTINUOUS
10
5.4720944881889766
20
-4.1077559055118114
11
5.4405984251968507
21
-4.1077559055118114
0
ARC
8
BLACK
10
5.4405984251968507
20
-4.1195669291338586
40
0.0118110236220472
50
90.00000000
51
270.00000000
0
LINE
8
BLACK
6
CONTINUOUS
10
5.4405984251968507
20
-3.7912204724409446
11
5.4720944881889766
21
-3.7912204724409446
0
ARC
8
BLACK
10
5.4720944881889766
20
-3.7794094488188974
40
0.0118110236220472
50
-90.00000000
51
90.00000000
0
LINE
8
BLACK
6
CONTINUOUS
10
5.4720944881889766
20
-3.7675984251968502
11
5.4405984251968507
21
-3.7675984251968502
0
ARC
8
BLACK
10
5.4405984251968507
20
-3.7794094488188974
40
0.0118110236220472
50
90.00000000
51
270.00000000
0
LINE
8
BLACK
6
CONTINUOUS
10
5.5992598425196851
20
-4.1313779527559058
11
5.6425669291338583
21
-4.1313779527559058
0
ARC
8
BLACK
10
5.6425669291338583
20
-4.1195669291338586
40
0.0118110236220472
50
-90.00000000
51
90.00000000
0
LINE
8
BLACK
6
CONTINUOUS
10
5.6425669291338583
20
-4.1077559055118114
11
5.5992598425196851
21
-4.1077559055118114
0
ARC
8
BLACK
10
5.5992598425196851
20
-4.1195669291338586
40
0.0118110236220472
50
90.00000000
51
270.00000000
0
LINE
8
BLACK
6
CONTINUOUS
10
5.5992598425196851
20
-3.7912204724409446
11
5.6425669291338583
21
-3.7912204724409446
0
ARC
8
BLACK
10
5.6425669291338583
20
-3.7794094488188974
40
0.0118110236220472
50
-90.00000000
51
90.00000000
0
LINE
8
BLACK
6
CONTINUOUS
10
5.6425669291338583
20
-3.7675984251968502
11
5.5992598425196851
21
-3.7675984251968502
0
ARC
8
BLACK
10
5.5992598425196851
20
-3.7794094488188974
40
0.0118110236220472
50
90.00000000
51
270.00000000
  0
ENDSEC
  0
EOF
