  0
SECTION
  2
HEADER
  9
$ANGBASE
  50
0.0
  9
$ANGDIR
  70
1
  9
$MEASUREMENT
  70
0
  0
ENDSEC
  0
SECTION
  2
TABLES
  0
TABLE
  2
LTYPE
  70
4
  0
LTYPE
  5
40F
  2
CONTINUOUS
  70
0
  3
Solid line
  72
65
  73
0
  40
0.0
  0
LTYPE
  5
410
  2
DASHDOT
 70
0
  3
Dash Dot ____ _ ____ _
 72
65
 73
4
 40
2.0
 49
1.25
 49
-0.25
 49
0.25
 49
-0.25
  0
LTYPE
  5
411
  2
DASHED
 70
0
  3
Dashed __ __ __ __ __
 72
65
 73
2
 40
0.75
 49
0.5
 49
-0.25
  0
LTYPE
  5
43B
  2
DOTTED
 70
0
  3
Dotted .  .  .  .
 72
65
 73
2
 40
0.2
 49
0.0
 49
-0.2
  0
ENDTAB
  0
TABLE
  2
STYLE
  70
4
  0
STYLE
  2
KICAD
  70
0
  40
0
  41
1
  42
1
  50
0
  71
0
  3
isocp.shx
  0
STYLE
  2
KICADB
  70
0
  40
0
  41
1
  42
1
  50
0
  71
0
  3
isocp.shx
  0
STYLE
  2
KICADI
  70
0
  40
0
  41
1
  42
1
  50
15
  71
0
  3
isocp.shx
  0
STYLE
  2
KICADBI
  70
0
  40
0
  41
1
  42
1
  50
15
  71
0
  3
isocp.shx
  0
ENDTAB
  0
TABLE
  2
LAYER
  70
1
  0
LAYER
  2
BLACK
  70
0
  62
7
  6
CONTINUOUS
  0
ENDTAB
  0
ENDSEC
  0
SECTION
  2
ENTITIES
0
LINE
8
BLACK
6
CONTINUOUS
10
5.7619120472440946
20
-4.4121708661417323
11
5.7622978346456692
21
-4.4121708661417323
0
LINE
8
BLACK
6
CONTINUOUS
10
5.7622978346456692
20
-4.4121708661417323
11
5.762657992125984
21
-4.412320039370079
0
LINE
8
BLACK
6
CONTINUOUS
10
5.762657992125984
20
-4.412320039370079
11
5.7630401968503939
21
-4.4123964960629918
0
LINE
8
BLACK
6
CONTINUOUS
10
5.7630401968503939
20
-4.4123964960629918
11
5.7633606692913384
21
-4.412611102362205
0
LINE
8
BLACK
6
CONTINUOUS
10
5.7633606692913384
20
-4.412611102362205
11
5.7637170472440946
21
-4.4127587401574804
0
LINE
8
BLACK
6
CONTINUOUS
10
5.7637170472440946
20
-4.4127587401574804
11
5.7639925984251965
21
-4.4130342913385823
0
LINE
8
BLACK
6
CONTINUOUS
10
5.7639925984251965
20
-4.4130342913385823
11
5.7643165748031491
21
-4.4132512598425198
0
LINE
8
BLACK
6
CONTINUOUS
10
5.7643165748031491
20
-4.4132512598425198
11
5.7648003543307089
21
-4.4138420472440947
0
LINE
8
BLACK
6
CONTINUOUS
10
5.7648003543307089
20
-4.4138420472440947
11
5.7648032677165357
21
-4.4138449606299215
0
LINE
8
BLACK
6
CONTINUOUS
10
5.7648032677165357
20
-4.4138449606299215
11
5.7648037795275586
21
-4.4138462204724407
0
LINE
8
BLACK
6
CONTINUOUS
10
5.7648037795275586
20
-4.4138462204724407
11
5.7648055511811025
21
-4.4138483858267712
0
LINE
8
BLACK
6
CONTINUOUS
10
5.7648055511811025
20
-4.4138483858267712
11
5.7683387795275589
21
-4.4191482283464563
0
LINE
8
BLACK
6
CONTINUOUS
10
5.7683387795275589
20
-4.4191482283464563
11
5.7713609842519684
21
-4.4221704330708658
0
LINE
8
BLACK
6
CONTINUOUS
10
5.7713609842519684
20
-4.4221704330708658
11
5.7745390157480312
21
-4.4237594488188972
0
LINE
8
BLACK
6
CONTINUOUS
10
5.7745390157480312
20
-4.4237594488188972
11
5.7751921653543308
21
-4.4241705905511806
0
LINE
8
BLACK
6
CONTINUOUS
10
5.7751921653543308
20
-4.4241705905511806
11
5.7761986614173226
21
-4.4253311023622048
0
LINE
8
BLACK
6
CONTINUOUS
10
5.7761986614173226
20
-4.4253311023622048
11
5.7766844094488183
21
-4.4267884251968503
0
LINE
8
BLACK
6
CONTINUOUS
10
5.7766844094488183
20
-4.4267884251968503
11
5.7765755511811019
21
-4.4283207086614169
0
LINE
8
BLACK
6
CONTINUOUS
10
5.7765755511811019
20
-4.4283207086614169
11
5.7758885826771653
21
-4.4296946456692909
0
LINE
8
BLACK
6
CONTINUOUS
10
5.7758885826771653
20
-4.4296946456692909
11
5.7747280708661419
21
-4.4307011417322837
0
LINE
8
BLACK
6
CONTINUOUS
10
5.7747280708661419
20
-4.4307011417322837
11
5.7732707480314955
21
-4.4311869291338581
0
LINE
8
BLACK
6
CONTINUOUS
10
5.7732707480314955
20
-4.4311869291338581
11
5.771738464566929
21
-4.4310780314960629
0
LINE
8
BLACK
6
CONTINUOUS
10
5.771738464566929
20
-4.4310780314960629
11
5.7710176377952758
21
-4.4308022047244098
0
LINE
8
BLACK
6
CONTINUOUS
10
5.7710176377952758
20
-4.4308022047244098
11
5.7672681496062994
21
-4.4289274409448822
0
LINE
8
BLACK
6
CONTINUOUS
10
5.7672681496062994
20
-4.4289274409448822
11
5.7669374803149607
21
-4.4287192913385827
0
LINE
8
BLACK
6
CONTINUOUS
10
5.7669374803149607
20
-4.4287192913385827
11
5.7668415354330707
21
-4.4286795669291337
0
LINE
8
BLACK
6
CONTINUOUS
10
5.7668415354330707
20
-4.4286795669291337
11
5.766733503937008
21
-4.4285909055118111
0
LINE
8
BLACK
6
CONTINUOUS
10
5.766733503937008
20
-4.4285909055118111
11
5.7666149606299211
21
-4.4285162992125979
0
LINE
8
BLACK
6
CONTINUOUS
10
5.7666149606299211
20
-4.4285162992125979
11
5.766546732283464
21
-4.4284376377952759
0
LINE
8
BLACK
6
CONTINUOUS
10
5.766546732283464
20
-4.4284376377952759
11
5.7662449212598421
21
-4.4281899606299211
0
LINE
8
BLACK
6
CONTINUOUS
10
5.7662449212598421
20
-4.4281899606299211
11
5.7654667716535428
21
-4.4274118110236218
0
LINE
8
BLACK
6
CONTINUOUS
10
5.7654667716535428
20
-4.4274118110236218
11
5.7654667716535428
21
-4.4514653149606298
0
LINE
8
BLACK
6
CONTINUOUS
10
5.7654667716535428
20
-4.4514653149606298
11
5.7727783464566924
21
-4.4514653149606298
0
LINE
8
BLACK
6
CONTINUOUS
10
5.7727783464566924
20
-4.4514653149606298
11
5.7735464173228346
21
-4.4515409448818897
0
LINE
8
BLACK
6
CONTINUOUS
10
5.7735464173228346
20
-4.4515409448818897
11
5.7749656299212599
21
-4.4521288188976378
0
LINE
8
BLACK
6
CONTINUOUS
10
5.7749656299212599
20
-4.4521288188976378
11
5.7760518503937011
21
-4.4532150393700789
0
LINE
8
BLACK
6
CONTINUOUS
10
5.7760518503937011
20
-4.4532150393700789
11
5.7766397244094483
21
-4.4546342519685043
0
LINE
8
BLACK
6
CONTINUOUS
10
5.7766397244094483
20
-4.4546342519685043
11
5.7766397244094483
21
-4.4561703937007877
0
LINE
8
BLACK
6
CONTINUOUS
10
5.7766397244094483
20
-4.4561703937007877
11
5.7760518503937011
21
-4.4575896062992122
0
LINE
8
BLACK
6
CONTINUOUS
10
5.7760518503937011
20
-4.4575896062992122
11
5.7749656299212599
21
-4.4586758267716533
0
LINE
8
BLACK
6
CONTINUOUS
10
5.7749656299212599
20
-4.4586758267716533
11
5.7735464173228346
21
-4.4592637007874014
0
LINE
8
BLACK
6
CONTINUOUS
10
5.7735464173228346
20
-4.4592637007874014
11
5.7727783464566924
21
-4.4593393307086613
0
LINE
8
BLACK
6
CONTINUOUS
10
5.7727783464566924
20
-4.4593393307086613
11
5.7502811811023617
21
-4.4593393307086613
0
LINE
8
BLACK
6
CONTINUOUS
10
5.7502811811023617
20
-4.4593393307086613
11
5.7495131102362205
21
-4.4592637007874014
0
LINE
8
BLACK
6
CONTINUOUS
10
5.7495131102362205
20
-4.4592637007874014
11
5.7480938976377951
21
-4.4586758267716533
0
LINE
8
BLACK
6
CONTINUOUS
10
5.7480938976377951
20
-4.4586758267716533
11
5.747007677165354
21
-4.4575896062992122
0
LINE
8
BLACK
6
CONTINUOUS
10
5.747007677165354
20
-4.4575896062992122
11
5.7464198031496059
21
-4.4561703937007877
0
LINE
8
BLACK
6
CONTINUOUS
10
5.7464198031496059
20
-4.4561703937007877
11
5.7464198031496059
21
-4.4546342519685043
0
LINE
8
BLACK
6
CONTINUOUS
10
5.7464198031496059
20
-4.4546342519685043
11
5.747007677165354
21
-4.4532150393700789
0
LINE
8
BLACK
6
CONTINUOUS
10
5.747007677165354
20
-4.4532150393700789
11
5.7480938976377951
21
-4.4521288188976378
0
LINE
8
BLACK
6
CONTINUOUS
10
5.7480938976377951
20
-4.4521288188976378
11
5.7495131102362205
21
-4.4515409448818897
0
LINE
8
BLACK
6
CONTINUOUS
10
5.7495131102362205
20
-4.4515409448818897
11
5.7502811811023617
21
-4.4514653149606298
0
LINE
8
BLACK
6
CONTINUOUS
10
5.7502811811023617
20
-4.4514653149606298
11
5.7575927559055113
21
-4.4514653149606298
0
LINE
8
BLACK
6
CONTINUOUS
10
5.7575927559055113
20
-4.4514653149606298
11
5.7575927559055113
21
-4.4160322440944881
0
LINE
8
BLACK
6
CONTINUOUS
10
5.7575927559055113
20
-4.4160322440944881
11
5.7575929921259839
21
-4.4160294488188976
0
LINE
8
BLACK
6
CONTINUOUS
10
5.7575929921259839
20
-4.4160294488188976
11
5.7575927559055113
21
-4.41602811023622
0
LINE
8
BLACK
6
CONTINUOUS
10
5.7575927559055113
20
-4.41602811023622
11
5.7575935433070864
21
-4.416024094488189
0
LINE
8
BLACK
6
CONTINUOUS
10
5.7575935433070864
20
-4.416024094488189
11
5.7576683858267712
21
-4.415264173228346
0
LINE
8
BLACK
6
CONTINUOUS
10
5.7576683858267712
20
-4.415264173228346
11
5.7578175590551179
21
-4.4149039763779525
0
LINE
8
BLACK
6
CONTINUOUS
10
5.7578175590551179
20
-4.4149039763779525
11
5.7578940157480316
21
-4.4145218110236222
0
LINE
8
BLACK
6
CONTINUOUS
10
5.7578940157480316
20
-4.4145218110236222
11
5.7581086220472439
21
-4.4142012992125981
0
LINE
8
BLACK
6
CONTINUOUS
10
5.7581086220472439
20
-4.4142012992125981
11
5.7582562598425193
21
-4.4138449606299215
0
LINE
8
BLACK
6
CONTINUOUS
10
5.7582562598425193
20
-4.4138449606299215
11
5.7585318110236221
21
-4.41356937007874
0
LINE
8
BLACK
6
CONTINUOUS
10
5.7585318110236221
20
-4.41356937007874
11
5.7587487795275587
21
-4.4132454330708661
0
LINE
8
BLACK
6
CONTINUOUS
10
5.7587487795275587
20
-4.4132454330708661
11
5.7590697637795278
21
-4.4130314173228342
0
LINE
8
BLACK
6
CONTINUOUS
10
5.7590697637795278
20
-4.4130314173228342
11
5.7593424803149604
21
-4.4127587401574804
0
LINE
8
BLACK
6
CONTINUOUS
10
5.7593424803149604
20
-4.4127587401574804
11
5.7597025590551176
21
-4.4126095669291336
0
LINE
8
BLACK
6
CONTINUOUS
10
5.7597025590551176
20
-4.4126095669291336
11
5.7600269291338577
21
-4.4123933464566925
0
LINE
8
BLACK
6
CONTINUOUS
10
5.7600269291338577
20
-4.4123933464566925
11
5.7604052755905508
21
-4.4123184645669289
0
LINE
8
BLACK
6
CONTINUOUS
10
5.7604052755905508
20
-4.4123184645669289
11
5.7607616929133858
21
-4.4121708661417323
0
LINE
8
BLACK
6
CONTINUOUS
10
5.7607616929133858
20
-4.4121708661417323
11
5.7611515748031499
21
-4.4121708661417323
0
LINE
8
BLACK
6
CONTINUOUS
10
5.7611515748031499
20
-4.4121708661417323
11
5.7615338976377952
21
-4.4120952362204724
0
LINE
8
BLACK
6
CONTINUOUS
10
5.7615338976377952
20
-4.4120952362204724
11
5.7619120472440946
21
-4.4121708661417323
0
LINE
8
BLACK
6
CONTINUOUS
10
5.8016679133858267
20
-4.4121708661417323
11
5.8017986220472437
21
-4.4122250000000003
0
LINE
8
BLACK
6
CONTINUOUS
10
5.8017986220472437
20
-4.4122250000000003
11
5.8019397244094488
21
-4.4122350393700787
0
LINE
8
BLACK
6
CONTINUOUS
10
5.8019397244094488
20
-4.4122350393700787
11
5.8026605118110233
21
-4.4125108661417318
0
LINE
8
BLACK
6
CONTINUOUS
10
5.8026605118110233
20
-4.4125108661417318
11
5.8064100393700784
21
-4.4143856299212594
0
LINE
8
BLACK
6
CONTINUOUS
10
5.8064100393700784
20
-4.4143856299212594
11
5.8067405905511809
21
-4.4145937007874014
0
LINE
8
BLACK
6
CONTINUOUS
10
5.8067405905511809
20
-4.4145937007874014
11
5.8068366535433071
21
-4.4146335039370079
0
LINE
8
BLACK
6
CONTINUOUS
10
5.8068366535433071
20
-4.4146335039370079
11
5.8069447637795273
21
-4.4147222047244092
0
LINE
8
BLACK
6
CONTINUOUS
10
5.8069447637795273
20
-4.4147222047244092
11
5.807063188976378
21
-4.4147967716535428
0
LINE
8
BLACK
6
CONTINUOUS
10
5.807063188976378
20
-4.4147967716535428
11
5.80713125984252
21
-4.4148752755905507
0
LINE
8
BLACK
6
CONTINUOUS
10
5.80713125984252
20
-4.4148752755905507
11
5.8074332677165357
21
-4.4151231102362205
0
LINE
8
BLACK
6
CONTINUOUS
10
5.8074332677165357
20
-4.4151231102362205
11
5.8093079921259845
21
-4.4169978740157481
0
LINE
8
BLACK
6
CONTINUOUS
10
5.8093079921259845
20
-4.4169978740157481
11
5.8095557086614171
21
-4.41729968503937
0
LINE
8
BLACK
6
CONTINUOUS
10
5.8095557086614171
20
-4.41729968503937
11
5.8096343700787401
21
-4.417367913385827
0
LINE
8
BLACK
6
CONTINUOUS
10
5.8096343700787401
20
-4.417367913385827
11
5.8097088976377949
21
-4.4174863385826768
0
LINE
8
BLACK
6
CONTINUOUS
10
5.8097088976377949
20
-4.4174863385826768
11
5.8097976377952758
21
-4.4175944488188978
0
LINE
8
BLACK
6
CONTINUOUS
10
5.8097976377952758
20
-4.4175944488188978
11
5.8098374015748027
21
-4.4176905118110232
0
LINE
8
BLACK
6
CONTINUOUS
10
5.8098374015748027
20
-4.4176905118110232
11
5.8100455118110235
21
-4.4180211023622045
0
LINE
8
BLACK
6
CONTINUOUS
10
5.8100455118110235
20
-4.4180211023622045
11
5.811920275590551
21
-4.4217705905511808
0
LINE
8
BLACK
6
CONTINUOUS
10
5.811920275590551
20
-4.4217705905511808
11
5.8119417716535429
21
-4.4218268110236219
0
LINE
8
BLACK
6
CONTINUOUS
10
5.8119417716535429
20
-4.4218268110236219
11
5.8119587007874012
21
-4.4218496456692913
0
LINE
8
BLACK
6
CONTINUOUS
10
5.8119587007874012
20
-4.4218496456692913
11
5.8120737007874013
21
-4.4221715354330708
0
LINE
8
BLACK
6
CONTINUOUS
10
5.8120737007874013
20
-4.4221715354330708
11
5.8121961023622042
21
-4.4224914173228349
0
LINE
8
BLACK
6
CONTINUOUS
10
5.8121961023622042
20
-4.4224914173228349
11
5.8121981102362206
21
-4.422519763779527
0
LINE
8
BLACK
6
CONTINUOUS
10
5.8121981102362206
20
-4.422519763779527
11
5.8122183464566932
21
-4.4225764173228344
0
LINE
8
BLACK
6
CONTINUOUS
10
5.8122183464566932
20
-4.4225764173228344
11
5.8140931102362208
21
-4.4300754724409446
0
LINE
8
BLACK
6
CONTINUOUS
10
5.8140931102362208
20
-4.4300754724409446
11
5.81411279527559
21
-4.4302085826771656
0
LINE
8
BLACK
6
CONTINUOUS
10
5.81411279527559
20
-4.4302085826771656
11
5.814135039370079
21
-4.4302622834645664
0
LINE
8
BLACK
6
CONTINUOUS
10
5.814135039370079
20
-4.4302622834645664
11
5.8141635039370074
21
-4.4305516535433069
0
LINE
8
BLACK
6
CONTINUOUS
10
5.8141635039370074
20
-4.4305516535433069
11
5.814206023622047
21
-4.4308389763779523
0
LINE
8
BLACK
6
CONTINUOUS
10
5.814206023622047
20
-4.4308389763779523
11
5.8141974409448816
21
-4.4308963779527559
0
LINE
8
BLACK
6
CONTINUOUS
10
5.8141974409448816
20
-4.4308963779527559
11
5.814210669291338
21
-4.4310303543307086
0
LINE
8
BLACK
6
CONTINUOUS
10
5.814210669291338
20
-4.4310303543307086
11
5.814210669291338
21
-4.4404041732283464
0
LINE
8
BLACK
6
CONTINUOUS
10
5.814210669291338
20
-4.4404041732283464
11
5.8141974409448816
21
-4.4405381102362202
0
LINE
8
BLACK
6
CONTINUOUS
10
5.8141974409448816
20
-4.4405381102362202
11
5.814206023622047
21
-4.4405955511811026
0
LINE
8
BLACK
6
CONTINUOUS
10
5.814206023622047
20
-4.4405955511811026
11
5.8141635039370074
21
-4.4408828346456692
0
LINE
8
BLACK
6
CONTINUOUS
10
5.8141635039370074
20
-4.4408828346456692
11
5.814135039370079
21
-4.4411722440944885
0
LINE
8
BLACK
6
CONTINUOUS
10
5.814135039370079
20
-4.4411722440944885
11
5.81411279527559
21
-4.4412259055118106
0
LINE
8
BLACK
6
CONTINUOUS
10
5.81411279527559
20
-4.4412259055118106
11
5.8140931102362208
21
-4.4413590551181104
0
LINE
8
BLACK
6
CONTINUOUS
10
5.8140931102362208
20
-4.4413590551181104
11
5.8122183464566932
21
-4.4488581102362206
0
LINE
8
BLACK
6
CONTINUOUS
10
5.8122183464566932
20
-4.4488581102362206
11
5.8121981102362206
21
-4.4489147244094491
0
LINE
8
BLACK
6
CONTINUOUS
10
5.8121981102362206
20
-4.4489147244094491
11
5.8121961023622042
21
-4.44894311023622
0
LINE
8
BLACK
6
CONTINUOUS
10
5.8121961023622042
20
-4.44894311023622
11
5.8120737007874013
21
-4.4492629527559053
0
LINE
8
BLACK
6
CONTINUOUS
10
5.8120737007874013
20
-4.4492629527559053
11
5.8119587007874012
21
-4.4495848818897636
0
LINE
8
BLACK
6
CONTINUOUS
10
5.8119587007874012
20
-4.4495848818897636
11
5.8119417716535429
21
-4.4496076771653543
0
LINE
8
BLACK
6
CONTINUOUS
10
5.8119417716535429
20
-4.4496076771653543
11
5.811920275590551
21
-4.4496639370078741
0
LINE
8
BLACK
6
CONTINUOUS
10
5.811920275590551
20
-4.4496639370078741
11
5.8100455118110235
21
-4.4534134251968505
0
LINE
8
BLACK
6
CONTINUOUS
10
5.8100455118110235
20
-4.4534134251968505
11
5.8098374803149602
21
-4.4537438976377954
0
LINE
8
BLACK
6
CONTINUOUS
10
5.8098374803149602
20
-4.4537438976377954
11
5.8097976771653546
21
-4.4538400393700783
0
LINE
8
BLACK
6
CONTINUOUS
10
5.8097976771653546
20
-4.4538400393700783
11
5.8097088976377949
21
-4.4539481889763781
0
LINE
8
BLACK
6
CONTINUOUS
10
5.8097088976377949
20
-4.4539481889763781
11
5.8096343700787401
21
-4.4540666141732279
0
LINE
8
BLACK
6
CONTINUOUS
10
5.8096343700787401
20
-4.4540666141732279
11
5.8095557480314959
21
-4.4541347637795274
0
LINE
8
BLACK
6
CONTINUOUS
10
5.8095557480314959
20
-4.4541347637795274
11
5.8093080314960632
21
-4.4544366141732281
0
LINE
8
BLACK
6
CONTINUOUS
10
5.8093080314960632
20
-4.4544366141732281
11
5.8074332677165357
21
-4.4563114173228344
0
LINE
8
BLACK
6
CONTINUOUS
10
5.8074332677165357
20
-4.4563114173228344
11
5.8071312992125979
21
-4.4565592519685042
0
LINE
8
BLACK
6
CONTINUOUS
10
5.8071312992125979
20
-4.4565592519685042
11
5.807063188976378
21
-4.45663779527559
0
LINE
8
BLACK
6
CONTINUOUS
10
5.807063188976378
20
-4.45663779527559
11
5.8069448425196848
21
-4.4567122440944882
0
LINE
8
BLACK
6
CONTINUOUS
10
5.8069448425196848
20
-4.4567122440944882
11
5.8068366929133859
21
-4.4568010629921258
0
LINE
8
BLACK
6
CONTINUOUS
10
5.8068366929133859
20
-4.4568010629921258
11
5.8067405511811021
21
-4.4568408661417322
0
LINE
8
BLACK
6
CONTINUOUS
10
5.8067405511811021
20
-4.4568408661417322
11
5.8064100393700784
21
-4.4570489370078743
0
LINE
8
BLACK
6
CONTINUOUS
10
5.8064100393700784
20
-4.4570489370078743
11
5.8026605118110233
21
-4.4589237007874019
0
LINE
8
BLACK
6
CONTINUOUS
10
5.8026605118110233
20
-4.4589237007874019
11
5.8019397244094488
21
-4.459199527559055
0
LINE
8
BLACK
6
CONTINUOUS
10
5.8019397244094488
20
-4.459199527559055
11
5.8017986220472437
21
-4.4592095275590546
0
LINE
8
BLACK
6
CONTINUOUS
10
5.8017986220472437
20
-4.4592095275590546
11
5.8016679133858267
21
-4.4592637007874014
0
LINE
8
BLACK
6
CONTINUOUS
10
5.8016679133858267
20
-4.4592637007874014
11
5.8008998425196845
21
-4.4593393307086613
0
LINE
8
BLACK
6
CONTINUOUS
10
5.8008998425196845
20
-4.4593393307086613
11
5.7971503149606294
21
-4.4593393307086613
0
LINE
8
BLACK
6
CONTINUOUS
10
5.7971503149606294
20
-4.4593393307086613
11
5.7963822440944881
21
-4.4592637007874014
0
LINE
8
BLACK
6
CONTINUOUS
10
5.7963822440944881
20
-4.4592637007874014
11
5.7962514960629923
21
-4.4592095275590546
0
LINE
8
BLACK
6
CONTINUOUS
10
5.7962514960629923
20
-4.4592095275590546
11
5.7961104330708659
21
-4.459199527559055
0
LINE
8
BLACK
6
CONTINUOUS
10
5.7961104330708659
20
-4.459199527559055
11
5.7953896062992127
21
-4.4589237007874019
0
LINE
8
BLACK
6
CONTINUOUS
10
5.7953896062992127
20
-4.4589237007874019
11
5.7916401181102364
21
-4.4570489370078743
0
LINE
8
BLACK
6
CONTINUOUS
10
5.7916401181102364
20
-4.4570489370078743
11
5.7913095275590551
21
-4.4568408267716535
0
LINE
8
BLACK
6
CONTINUOUS
10
5.7913095275590551
20
-4.4568408267716535
11
5.7912134645669289
21
-4.4568010629921258
0
LINE
8
BLACK
6
CONTINUOUS
10
5.7912134645669289
20
-4.4568010629921258
11
5.7911053543307087
21
-4.4567123228346457
0
LINE
8
BLACK
6
CONTINUOUS
10
5.7911053543307087
20
-4.4567123228346457
11
5.790986929133858
21
-4.45663779527559
0
LINE
8
BLACK
6
CONTINUOUS
10
5.790986929133858
20
-4.45663779527559
11
5.7909187401574798
21
-4.4565591732283467
0
LINE
8
BLACK
6
CONTINUOUS
10
5.7909187401574798
20
-4.4565591732283467
11
5.7906168503937003
21
-4.4563114173228344
0
LINE
8
BLACK
6
CONTINUOUS
10
5.7906168503937003
20
-4.4563114173228344
11
5.7887421259842515
21
-4.4544366141732281
0
LINE
8
BLACK
6
CONTINUOUS
10
5.7887421259842515
20
-4.4544366141732281
11
5.7884942913385826
21
-4.4541346456692912
0
LINE
8
BLACK
6
CONTINUOUS
10
5.7884942913385826
20
-4.4541346456692912
11
5.7884157874015747
21
-4.4540665748031492
0
LINE
8
BLACK
6
CONTINUOUS
10
5.7884157874015747
20
-4.4540665748031492
11
5.7883412992125987
21
-4.4539482677165356
0
LINE
8
BLACK
6
CONTINUOUS
10
5.7883412992125987
20
-4.4539482677165356
11
5.7882524803149602
21
-4.4538400393700783
0
LINE
8
BLACK
6
CONTINUOUS
10
5.7882524803149602
20
-4.4538400393700783
11
5.7882126377952758
21
-4.4537438188976379
0
LINE
8
BLACK
6
CONTINUOUS
10
5.7882126377952758
20
-4.4537438188976379
11
5.7880046456692913
21
-4.4534134251968505
0
LINE
8
BLACK
6
CONTINUOUS
10
5.7880046456692913
20
-4.4534134251968505
11
5.7861298818897637
21
-4.4496638976377954
0
LINE
8
BLACK
6
CONTINUOUS
10
5.7861298818897637
20
-4.4496638976377954
11
5.7861083858267719
21
-4.4496077165354331
0
LINE
8
BLACK
6
CONTINUOUS
10
5.7861083858267719
20
-4.4496077165354331
11
5.7860914566929136
21
-4.4495848818897636
0
LINE
8
BLACK
6
CONTINUOUS
10
5.7860914566929136
20
-4.4495848818897636
11
5.7859764173228347
21
-4.4492629527559053
0
LINE
8
BLACK
6
CONTINUOUS
10
5.7859764173228347
20
-4.4492629527559053
11
5.7858540551181097
21
-4.44894311023622
0
LINE
8
BLACK
6
CONTINUOUS
10
5.7858540551181097
20
-4.44894311023622
11
5.7858520078740154
21
-4.4489146456692916
0
LINE
8
BLACK
6
CONTINUOUS
10
5.7858520078740154
20
-4.4489146456692916
11
5.7858318110236215
21
-4.4488580708661418
0
LINE
8
BLACK
6
CONTINUOUS
10
5.7858318110236215
20
-4.4488580708661418
11
5.783957047244094
21
-4.4413590551181104
0
LINE
8
BLACK
6
CONTINUOUS
10
5.783957047244094
20
-4.4413590551181104
11
5.7839373228346451
21
-4.4412259055118106
0
LINE
8
BLACK
6
CONTINUOUS
10
5.7839373228346451
20
-4.4412259055118106
11
5.7839151181102357
21
-4.4411722440944885
0
LINE
8
BLACK
6
CONTINUOUS
10
5.7839151181102357
20
-4.4411722440944885
11
5.7838866141732286
21
-4.4408828346456692
0
LINE
8
BLACK
6
CONTINUOUS
10
5.7838866141732286
20
-4.4408828346456692
11
5.7838441338582678
21
-4.4405955511811026
0
LINE
8
BLACK
6
CONTINUOUS
10
5.7838441338582678
20
-4.4405955511811026
11
5.7838526771653545
21
-4.4405381102362202
0
LINE
8
BLACK
6
CONTINUOUS
10
5.7838526771653545
20
-4.4405381102362202
11
5.7838394881889759
21
-4.4404041732283464
0
LINE
8
BLACK
6
CONTINUOUS
10
5.7838394881889759
20
-4.4404041732283464
11
5.7838394881889759
21
-4.4310303543307086
0
LINE
8
BLACK
6
CONTINUOUS
10
5.7838394881889759
20
-4.4310303543307086
11
5.7838526771653545
21
-4.4308963779527559
0
LINE
8
BLACK
6
CONTINUOUS
10
5.7838526771653545
20
-4.4308963779527559
11
5.7838441338582678
21
-4.4308389763779523
0
LINE
8
BLACK
6
CONTINUOUS
10
5.7838441338582678
20
-4.4308389763779523
11
5.7838866141732286
21
-4.4305516535433069
0
LINE
8
BLACK
6
CONTINUOUS
10
5.7838866141732286
20
-4.4305516535433069
11
5.7839151181102357
21
-4.4302622834645664
0
LINE
8
BLACK
6
CONTINUOUS
10
5.7839151181102357
20
-4.4302622834645664
11
5.7839373228346451
21
-4.4302085826771656
0
LINE
8
BLACK
6
CONTINUOUS
10
5.7839373228346451
20
-4.4302085826771656
11
5.783957047244094
21
-4.4300754724409446
0
LINE
8
BLACK
6
CONTINUOUS
10
5.783957047244094
20
-4.4300754724409446
11
5.7858318110236215
21
-4.4225764566929131
0
LINE
8
BLACK
6
CONTINUOUS
10
5.7858318110236215
20
-4.4225764566929131
11
5.7858520078740154
21
-4.4225198425196846
0
LINE
8
BLACK
6
CONTINUOUS
10
5.7858520078740154
20
-4.4225198425196846
11
5.7858540551181097
21
-4.4224914173228349
0
LINE
8
BLACK
6
CONTINUOUS
10
5.7858540551181097
20
-4.4224914173228349
11
5.7859764173228347
21
-4.4221715354330708
0
LINE
8
BLACK
6
CONTINUOUS
10
5.7859764173228347
20
-4.4221715354330708
11
5.7860914566929136
21
-4.4218496456692913
0
LINE
8
BLACK
6
CONTINUOUS
10
5.7860914566929136
20
-4.4218496456692913
11
5.7861083858267719
21
-4.4218267716535431
0
LINE
8
BLACK
6
CONTINUOUS
10
5.7861083858267719
20
-4.4218267716535431
11
5.7861298818897637
21
-4.4217706299212596
0
LINE
8
BLACK
6
CONTINUOUS
10
5.7861298818897637
20
-4.4217706299212596
11
5.7880046456692913
21
-4.4180211023622045
0
LINE
8
BLACK
6
CONTINUOUS
10
5.7880046456692913
20
-4.4180211023622045
11
5.7882127165354333
21
-4.4176905118110232
0
LINE
8
BLACK
6
CONTINUOUS
10
5.7882127165354333
20
-4.4176905118110232
11
5.788252519685039
21
-4.4175944881889766
0
LINE
8
BLACK
6
CONTINUOUS
10
5.788252519685039
20
-4.4175944881889766
11
5.7883412204724412
21
-4.4174863385826768
0
LINE
8
BLACK
6
CONTINUOUS
10
5.7883412204724412
20
-4.4174863385826768
11
5.7884157874015747
21
-4.4173679527559058
0
LINE
8
BLACK
6
CONTINUOUS
10
5.7884157874015747
20
-4.4173679527559058
11
5.7884942913385826
21
-4.417299842519685
0
LINE
8
BLACK
6
CONTINUOUS
10
5.7884942913385826
20
-4.417299842519685
11
5.7887421259842515
21
-4.4169978740157481
0
LINE
8
BLACK
6
CONTINUOUS
10
5.7887421259842515
20
-4.4169978740157481
11
5.7906168897637791
21
-4.4151231496062993
0
LINE
8
BLACK
6
CONTINUOUS
10
5.7906168897637791
20
-4.4151231496062993
11
5.790918700787401
21
-4.414875393700787
0
LINE
8
BLACK
6
CONTINUOUS
10
5.790918700787401
20
-4.414875393700787
11
5.790986929133858
21
-4.4147967716535428
0
LINE
8
BLACK
6
CONTINUOUS
10
5.790986929133858
20
-4.4147967716535428
11
5.7911053543307087
21
-4.4147222047244092
0
LINE
8
BLACK
6
CONTINUOUS
10
5.7911053543307087
20
-4.4147222047244092
11
5.7912134645669289
21
-4.4146335039370079
0
LINE
8
BLACK
6
CONTINUOUS
10
5.7912134645669289
20
-4.4146335039370079
11
5.7913095275590551
21
-4.4145937007874014
0
LINE
8
BLACK
6
CONTINUOUS
10
5.7913095275590551
20
-4.4145937007874014
11
5.7916401181102364
21
-4.4143856299212594
0
LINE
8
BLACK
6
CONTINUOUS
10
5.7916401181102364
20
-4.4143856299212594
11
5.7953896062992127
21
-4.4125108661417318
0
LINE
8
BLACK
6
CONTINUOUS
10
5.7953896062992127
20
-4.4125108661417318
11
5.7961104330708659
21
-4.4122350393700787
0
LINE
8
BLACK
6
CONTINUOUS
10
5.7961104330708659
20
-4.4122350393700787
11
5.7962514960629923
21
-4.4122250000000003
0
LINE
8
BLACK
6
CONTINUOUS
10
5.7962514960629923
20
-4.4122250000000003
11
5.7963822440944881
21
-4.4121708661417323
0
LINE
8
BLACK
6
CONTINUOUS
10
5.7963822440944881
20
-4.4121708661417323
11
5.7971503149606294
21
-4.4120952362204724
0
LINE
8
BLACK
6
CONTINUOUS
10
5.7971503149606294
20
-4.4120952362204724
11
5.8008998425196845
21
-4.4120952362204724
0
LINE
8
BLACK
6
CONTINUOUS
10
5.8008998425196845
20
-4.4120952362204724
11
5.8016679133858267
21
-4.4121708661417323
0
LINE
8
BLACK
6
CONTINUOUS
10
5.7957328740157479
20
-4.4211426377952758
11
5.7947616929133856
21
-4.4221138582677169
0
LINE
8
BLACK
6
CONTINUOUS
10
5.7947616929133856
20
-4.4221138582677169
11
5.7933658661417322
21
-4.4249054724409449
0
LINE
8
BLACK
6
CONTINUOUS
10
5.7933658661417322
20
-4.4249054724409449
11
5.7917135039370073
21
-4.4315150000000001
0
LINE
8
BLACK
6
CONTINUOUS
10
5.7917135039370073
20
-4.4315150000000001
11
5.7917135039370073
21
-4.4399195275590548
0
LINE
8
BLACK
6
CONTINUOUS
10
5.7917135039370073
20
-4.4399195275590548
11
5.7933658661417322
21
-4.4465290157480313
0
LINE
8
BLACK
6
CONTINUOUS
10
5.7933658661417322
20
-4.4465290157480313
11
5.7947617322834644
21
-4.4493207086614168
0
LINE
8
BLACK
6
CONTINUOUS
10
5.7947617322834644
20
-4.4493207086614168
11
5.7957328740157479
21
-4.4502918897637791
0
LINE
8
BLACK
6
CONTINUOUS
10
5.7957328740157479
20
-4.4502918897637791
11
5.7980797244094484
21
-4.4514653149606298
0
LINE
8
BLACK
6
CONTINUOUS
10
5.7980797244094484
20
-4.4514653149606298
11
5.7999704330708663
21
-4.4514653149606298
0
LINE
8
BLACK
6
CONTINUOUS
10
5.7999704330708663
20
-4.4514653149606298
11
5.8023172440944881
21
-4.4502918503937003
0
LINE
8
BLACK
6
CONTINUOUS
10
5.8023172440944881
20
-4.4502918503937003
11
5.8032884645669292
21
-4.4493205905511806
0
LINE
8
BLACK
6
CONTINUOUS
10
5.8032884645669292
20
-4.4493205905511806
11
5.8046842519685038
21
-4.4465290157480313
0
LINE
8
BLACK
6
CONTINUOUS
10
5.8046842519685038
20
-4.4465290157480313
11
5.8063366535433065
21
-4.4399195275590548
0
LINE
8
BLACK
6
CONTINUOUS
10
5.8063366535433065
20
-4.4399195275590548
11
5.8063366535433065
21
-4.4315149606299213
0
LINE
8
BLACK
6
CONTINUOUS
10
5.8063366535433065
20
-4.4315149606299213
11
5.8046842519685038
21
-4.4249054724409449
0
LINE
8
BLACK
6
CONTINUOUS
10
5.8046842519685038
20
-4.4249054724409449
11
5.8032884645669292
21
-4.4221138582677169
0
LINE
8
BLACK
6
CONTINUOUS
10
5.8032884645669292
20
-4.4221138582677169
11
5.8023172440944881
21
-4.4211426771653546
0
LINE
8
BLACK
6
CONTINUOUS
10
5.8023172440944881
20
-4.4211426771653546
11
5.7999704330708663
21
-4.4199692519685039
0
LINE
8
BLACK
6
CONTINUOUS
10
5.7999704330708663
20
-4.4199692519685039
11
5.7980797244094484
21
-4.4199692519685039
0
LINE
8
BLACK
6
CONTINUOUS
10
5.7980797244094484
20
-4.4199692519685039
11
5.7957328740157479
21
-4.4211426377952758
0
LINE
8
BLACK
6
CONTINUOUS
10
5.8424572047244094
20
-4.4127587401574804
11
5.8435434251968505
21
-4.4138449606299215
0
LINE
8
BLACK
6
CONTINUOUS
10
5.8435434251968505
20
-4.4138449606299215
11
5.8441312992125987
21
-4.415264173228346
0
LINE
8
BLACK
6
CONTINUOUS
10
5.8441312992125987
20
-4.415264173228346
11
5.8442069291338585
21
-4.4160322440944881
0
LINE
8
BLACK
6
CONTINUOUS
10
5.8442069291338585
20
-4.4160322440944881
11
5.8442069291338585
21
-4.4554023228346455
0
LINE
8
BLACK
6
CONTINUOUS
10
5.8442069291338585
20
-4.4554023228346455
11
5.8441312992125987
21
-4.4561703937007877
0
LINE
8
BLACK
6
CONTINUOUS
10
5.8441312992125987
20
-4.4561703937007877
11
5.8435434251968505
21
-4.4575896062992122
0
LINE
8
BLACK
6
CONTINUOUS
10
5.8435434251968505
20
-4.4575896062992122
11
5.8424572047244094
21
-4.4586758267716533
0
LINE
8
BLACK
6
CONTINUOUS
10
5.8424572047244094
20
-4.4586758267716533
11
5.8410379921259841
21
-4.4592637007874014
0
LINE
8
BLACK
6
CONTINUOUS
10
5.8410379921259841
20
-4.4592637007874014
11
5.8402699212598428
21
-4.4593393307086613
0
LINE
8
BLACK
6
CONTINUOUS
10
5.8402699212598428
20
-4.4593393307086613
11
5.8215222834645672
21
-4.4593393307086613
0
LINE
8
BLACK
6
CONTINUOUS
10
5.8215222834645672
20
-4.4593393307086613
11
5.8207542125984251
21
-4.4592637007874014
0
LINE
8
BLACK
6
CONTINUOUS
10
5.8207542125984251
20
-4.4592637007874014
11
5.8193349999999997
21
-4.4586758267716533
0
LINE
8
BLACK
6
CONTINUOUS
10
5.8193349999999997
20
-4.4586758267716533
11
5.8182487795275586
21
-4.4575896062992122
0
LINE
8
BLACK
6
CONTINUOUS
10
5.8182487795275586
20
-4.4575896062992122
11
5.8176609055118105
21
-4.4561703937007877
0
LINE
8
BLACK
6
CONTINUOUS
10
5.8176609055118105
20
-4.4561703937007877
11
5.8176609055118105
21
-4.4546342519685043
0
LINE
8
BLACK
6
CONTINUOUS
10
5.8176609055118105
20
-4.4546342519685043
11
5.8182487795275586
21
-4.4532150393700789
0
LINE
8
BLACK
6
CONTINUOUS
10
5.8182487795275586
20
-4.4532150393700789
11
5.8193349999999997
21
-4.4521288188976378
0
LINE
8
BLACK
6
CONTINUOUS
10
5.8193349999999997
20
-4.4521288188976378
11
5.8207542125984251
21
-4.4515409448818897
0
LINE
8
BLACK
6
CONTINUOUS
10
5.8207542125984251
20
-4.4515409448818897
11
5.8215222834645672
21
-4.4514653149606298
0
LINE
8
BLACK
6
CONTINUOUS
10
5.8215222834645672
20
-4.4514653149606298
11
5.836332913385827
21
-4.4514653149606298
0
LINE
8
BLACK
6
CONTINUOUS
10
5.836332913385827
20
-4.4514653149606298
11
5.836332913385827
21
-4.4160322440944881
0
LINE
8
BLACK
6
CONTINUOUS
10
5.836332913385827
20
-4.4160322440944881
11
5.8364085433070869
21
-4.415264173228346
0
LINE
8
BLACK
6
CONTINUOUS
10
5.8364085433070869
20
-4.415264173228346
11
5.8369964173228341
21
-4.4138449606299215
0
LINE
8
BLACK
6
CONTINUOUS
10
5.8369964173228341
20
-4.4138449606299215
11
5.8380826377952753
21
-4.4127587401574804
0
LINE
8
BLACK
6
CONTINUOUS
10
5.8380826377952753
20
-4.4127587401574804
11
5.8395018503937006
21
-4.4121708661417323
0
LINE
8
BLACK
6
CONTINUOUS
10
5.8395018503937006
20
-4.4121708661417323
11
5.8410379921259841
21
-4.4121708661417323
0
LINE
8
BLACK
6
CONTINUOUS
10
5.8410379921259841
20
-4.4121708661417323
11
5.8424572047244094
21
-4.4127587401574804
0
LINE
8
BLACK
6
CONTINUOUS
10
5.9685220472440941
20
-4.4121708661417323
11
5.9699412598425194
21
-4.4127587401574804
0
LINE
8
BLACK
6
CONTINUOUS
10
5.9699412598425194
20
-4.4127587401574804
11
5.9710274803149606
21
-4.4138449606299215
0
LINE
8
BLACK
6
CONTINUOUS
10
5.9710274803149606
20
-4.4138449606299215
11
5.9716153543307087
21
-4.415264173228346
0
LINE
8
BLACK
6
CONTINUOUS
10
5.9716153543307087
20
-4.415264173228346
11
5.9716909842519685
21
-4.4160322440944881
0
LINE
8
BLACK
6
CONTINUOUS
10
5.9716909842519685
20
-4.4160322440944881
11
5.9716909842519685
21
-4.4554023228346455
0
LINE
8
BLACK
6
CONTINUOUS
10
5.9716909842519685
20
-4.4554023228346455
11
5.9716153543307087
21
-4.4561703937007877
0
LINE
8
BLACK
6
CONTINUOUS
10
5.9716153543307087
20
-4.4561703937007877
11
5.9710274803149606
21
-4.4575896062992122
0
LINE
8
BLACK
6
CONTINUOUS
10
5.9710274803149606
20
-4.4575896062992122
11
5.9699412598425194
21
-4.4586758267716533
0
LINE
8
BLACK
6
CONTINUOUS
10
5.9699412598425194
20
-4.4586758267716533
11
5.9685220472440941
21
-4.4592637007874014
0
LINE
8
BLACK
6
CONTINUOUS
10
5.9685220472440941
20
-4.4592637007874014
11
5.9677539763779528
21
-4.4593393307086613
0
LINE
8
BLACK
6
CONTINUOUS
10
5.9677539763779528
20
-4.4593393307086613
11
5.9490063385826772
21
-4.4593393307086613
0
LINE
8
BLACK
6
CONTINUOUS
10
5.9490063385826772
20
-4.4593393307086613
11
5.9482382677165351
21
-4.4592637007874014
0
LINE
8
BLACK
6
CONTINUOUS
10
5.9482382677165351
20
-4.4592637007874014
11
5.9468190551181097
21
-4.4586758267716533
0
LINE
8
BLACK
6
CONTINUOUS
10
5.9468190551181097
20
-4.4586758267716533
11
5.9457328346456695
21
-4.4575896062992122
0
LINE
8
BLACK
6
CONTINUOUS
10
5.9457328346456695
20
-4.4575896062992122
11
5.9451449606299214
21
-4.4561703937007877
0
LINE
8
BLACK
6
CONTINUOUS
10
5.9451449606299214
20
-4.4561703937007877
11
5.9451449606299214
21
-4.4546342519685043
0
LINE
8
BLACK
6
CONTINUOUS
10
5.9451449606299214
20
-4.4546342519685043
11
5.9457328346456695
21
-4.4532150393700789
0
LINE
8
BLACK
6
CONTINUOUS
10
5.9457328346456695
20
-4.4532150393700789
11
5.9468190551181097
21
-4.4521288188976378
0
LINE
8
BLACK
6
CONTINUOUS
10
5.9468190551181097
20
-4.4521288188976378
11
5.9482382677165351
21
-4.4515409448818897
0
LINE
8
BLACK
6
CONTINUOUS
10
5.9482382677165351
20
-4.4515409448818897
11
5.9490063385826772
21
-4.4514653149606298
0
LINE
8
BLACK
6
CONTINUOUS
10
5.9490063385826772
20
-4.4514653149606298
11
5.9638169685039371
21
-4.4514653149606298
0
LINE
8
BLACK
6
CONTINUOUS
10
5.9638169685039371
20
-4.4514653149606298
11
5.9638169685039371
21
-4.4387168897637794
0
LINE
8
BLACK
6
CONTINUOUS
10
5.9638169685039371
20
-4.4387168897637794
11
5.9546306299212599
21
-4.4387168897637794
0
LINE
8
BLACK
6
CONTINUOUS
10
5.9546306299212599
20
-4.4387168897637794
11
5.9538625590551177
21
-4.4386412598425196
0
LINE
8
BLACK
6
CONTINUOUS
10
5.9538625590551177
20
-4.4386412598425196
11
5.9524433464566924
21
-4.4380533858267714
0
LINE
8
BLACK
6
CONTINUOUS
10
5.9524433464566924
20
-4.4380533858267714
11
5.9513571259842521
21
-4.4369671653543303
0
LINE
8
BLACK
6
CONTINUOUS
10
5.9513571259842521
20
-4.4369671653543303
11
5.950769251968504
21
-4.4355479527559059
0
LINE
8
BLACK
6
CONTINUOUS
10
5.950769251968504
20
-4.4355479527559059
11
5.950769251968504
21
-4.4340118110236215
0
LINE
8
BLACK
6
CONTINUOUS
10
5.950769251968504
20
-4.4340118110236215
11
5.9513571259842521
21
-4.432592598425197
0
LINE
8
BLACK
6
CONTINUOUS
10
5.9513571259842521
20
-4.432592598425197
11
5.9524433464566924
21
-4.4315063779527559
0
LINE
8
BLACK
6
CONTINUOUS
10
5.9524433464566924
20
-4.4315063779527559
11
5.9538625590551177
21
-4.4309185039370078
0
LINE
8
BLACK
6
CONTINUOUS
10
5.9538625590551177
20
-4.4309185039370078
11
5.9546306299212599
21
-4.4308428740157479
0
LINE
8
BLACK
6
CONTINUOUS
10
5.9546306299212599
20
-4.4308428740157479
11
5.9638169685039371
21
-4.4308428740157479
0
LINE
8
BLACK
6
CONTINUOUS
10
5.9638169685039371
20
-4.4308428740157479
11
5.9638169685039371
21
-4.4199692519685039
0
LINE
8
BLACK
6
CONTINUOUS
10
5.9638169685039371
20
-4.4199692519685039
11
5.9490063385826772
21
-4.4199692519685039
0
LINE
8
BLACK
6
CONTINUOUS
10
5.9490063385826772
20
-4.4199692519685039
11
5.9482382677165351
21
-4.419893622047244
0
LINE
8
BLACK
6
CONTINUOUS
10
5.9482382677165351
20
-4.419893622047244
11
5.9468190551181097
21
-4.4193057480314959
0
LINE
8
BLACK
6
CONTINUOUS
10
5.9468190551181097
20
-4.4193057480314959
11
5.9457328346456695
21
-4.4182195275590548
0
LINE
8
BLACK
6
CONTINUOUS
10
5.9457328346456695
20
-4.4182195275590548
11
5.9451449606299214
21
-4.4168003149606294
0
LINE
8
BLACK
6
CONTINUOUS
10
5.9451449606299214
20
-4.4168003149606294
11
5.9451449606299214
21
-4.415264173228346
0
LINE
8
BLACK
6
CONTINUOUS
10
5.9451449606299214
20
-4.415264173228346
11
5.9457328346456695
21
-4.4138449606299215
0
LINE
8
BLACK
6
CONTINUOUS
10
5.9457328346456695
20
-4.4138449606299215
11
5.9468190551181097
21
-4.4127587401574804
0
LINE
8
BLACK
6
CONTINUOUS
10
5.9468190551181097
20
-4.4127587401574804
11
5.9482382677165351
21
-4.4121708661417323
0
LINE
8
BLACK
6
CONTINUOUS
10
5.9482382677165351
20
-4.4121708661417323
11
5.9490063385826772
21
-4.4120952362204724
0
LINE
8
BLACK
6
CONTINUOUS
10
5.9490063385826772
20
-4.4120952362204724
11
5.9677539763779528
21
-4.4120952362204724
0
LINE
8
BLACK
6
CONTINUOUS
10
5.9677539763779528
20
-4.4120952362204724
11
5.9685220472440941
21
-4.4121708661417323
0
LINE
8
BLACK
6
CONTINUOUS
10
6.0003930708661413
20
-4.4121708661417323
11
6.0005237795275592
21
-4.4122250000000003
0
LINE
8
BLACK
6
CONTINUOUS
10
6.0005237795275592
20
-4.4122250000000003
11
6.0006648818897634
21
-4.4122350393700787
0
LINE
8
BLACK
6
CONTINUOUS
10
6.0006648818897634
20
-4.4122350393700787
11
6.0013856692913388
21
-4.4125108661417318
0
LINE
8
BLACK
6
CONTINUOUS
10
6.0013856692913388
20
-4.4125108661417318
11
6.0051351968503939
21
-4.4143856299212594
0
LINE
8
BLACK
6
CONTINUOUS
10
6.0051351968503939
20
-4.4143856299212594
11
6.0054657480314964
21
-4.4145937007874014
0
LINE
8
BLACK
6
CONTINUOUS
10
6.0054657480314964
20
-4.4145937007874014
11
6.0055618110236217
21
-4.4146335039370079
0
LINE
8
BLACK
6
CONTINUOUS
10
6.0055618110236217
20
-4.4146335039370079
11
6.0056699212598428
21
-4.4147222047244092
0
LINE
8
BLACK
6
CONTINUOUS
10
6.0056699212598428
20
-4.4147222047244092
11
6.0057883464566926
21
-4.4147967716535428
0
LINE
8
BLACK
6
CONTINUOUS
10
6.0057883464566926
20
-4.4147967716535428
11
6.0058564173228346
21
-4.4148752755905507
0
LINE
8
BLACK
6
CONTINUOUS
10
6.0058564173228346
20
-4.4148752755905507
11
6.0061584251968503
21
-4.4151231102362205
0
LINE
8
BLACK
6
CONTINUOUS
10
6.0061584251968503
20
-4.4151231102362205
11
6.0080331496062991
21
-4.4169978740157481
0
LINE
8
BLACK
6
CONTINUOUS
10
6.0080331496062991
20
-4.4169978740157481
11
6.0082808661417317
21
-4.41729968503937
0
LINE
8
BLACK
6
CONTINUOUS
10
6.0082808661417317
20
-4.41729968503937
11
6.0083595275590547
21
-4.417367913385827
0
LINE
8
BLACK
6
CONTINUOUS
10
6.0083595275590547
20
-4.417367913385827
11
6.0084340551181104
21
-4.4174863385826768
0
LINE
8
BLACK
6
CONTINUOUS
10
6.0084340551181104
20
-4.4174863385826768
11
6.0085227952755904
21
-4.4175944488188978
0
LINE
8
BLACK
6
CONTINUOUS
10
6.0085227952755904
20
-4.4175944488188978
11
6.0085625590551182
21
-4.4176905118110232
0
LINE
8
BLACK
6
CONTINUOUS
10
6.0085625590551182
20
-4.4176905118110232
11
6.0087706692913381
21
-4.4180211023622045
0
LINE
8
BLACK
6
CONTINUOUS
10
6.0087706692913381
20
-4.4180211023622045
11
6.0106454330708656
21
-4.4217705905511808
0
LINE
8
BLACK
6
CONTINUOUS
10
6.0106454330708656
20
-4.4217705905511808
11
6.0109212598425197
21
-4.4224914173228349
0
LINE
8
BLACK
6
CONTINUOUS
10
6.0109212598425197
20
-4.4224914173228349
11
6.0109312598425193
21
-4.4226324803149604
0
LINE
8
BLACK
6
CONTINUOUS
10
6.0109312598425193
20
-4.4226324803149604
11
6.0109854330708661
21
-4.4227632283464562
0
LINE
8
BLACK
6
CONTINUOUS
10
6.0109854330708661
20
-4.4227632283464562
11
6.0110610629921259
21
-4.4235312992125984
0
LINE
8
BLACK
6
CONTINUOUS
10
6.0110610629921259
20
-4.4235312992125984
11
6.0110610629921259
21
-4.4272808267716535
0
LINE
8
BLACK
6
CONTINUOUS
10
6.0110610629921259
20
-4.4272808267716535
11
6.0109854330708661
21
-4.4280488976377947
0
LINE
8
BLACK
6
CONTINUOUS
10
6.0109854330708661
20
-4.4280488976377947
11
6.0109312598425193
21
-4.4281796062992127
0
LINE
8
BLACK
6
CONTINUOUS
10
6.0109312598425193
20
-4.4281796062992127
11
6.0109212598425197
21
-4.4283207086614169
0
LINE
8
BLACK
6
CONTINUOUS
10
6.0109212598425197
20
-4.4283207086614169
11
6.0106454330708656
21
-4.429041535433071
0
LINE
8
BLACK
6
CONTINUOUS
10
6.0106454330708656
20
-4.429041535433071
11
6.0087706692913381
21
-4.4327910236220474
0
LINE
8
BLACK
6
CONTINUOUS
10
6.0087706692913381
20
-4.4327910236220474
11
6.0085625590551182
21
-4.4331215748031498
0
LINE
8
BLACK
6
CONTINUOUS
10
6.0085625590551182
20
-4.4331215748031498
11
6.0085227952755904
21
-4.433217677165354
0
LINE
8
BLACK
6
CONTINUOUS
10
6.0085227952755904
20
-4.433217677165354
11
6.0084340551181104
21
-4.4333257480314963
0
LINE
8
BLACK
6
CONTINUOUS
10
6.0084340551181104
20
-4.4333257480314963
11
6.0083595275590547
21
-4.4334442125984248
0
LINE
8
BLACK
6
CONTINUOUS
10
6.0083595275590547
20
-4.4334442125984248
11
6.0082808661417317
21
-4.4335124015748031
0
LINE
8
BLACK
6
CONTINUOUS
10
6.0082808661417317
20
-4.4335124015748031
11
6.0080331496062991
21
-4.4338142519685038
0
LINE
8
BLACK
6
CONTINUOUS
10
6.0080331496062991
20
-4.4338142519685038
11
6.0061584251968503
21
-4.4356890157480313
0
LINE
8
BLACK
6
CONTINUOUS
10
6.0061584251968503
20
-4.4356890157480313
11
6.0058564173228346
21
-4.4359368110236224
0
LINE
8
BLACK
6
CONTINUOUS
10
6.0058564173228346
20
-4.4359368110236224
11
6.0057883464566926
21
-4.4360153543307081
0
LINE
8
BLACK
6
CONTINUOUS
10
6.0057883464566926
20
-4.4360153543307081
11
6.0056699212598428
21
-4.4360898818897638
0
LINE
8
BLACK
6
CONTINUOUS
10
6.0056699212598428
20
-4.4360898818897638
11
6.0055618110236217
21
-4.4361786220472439
0
LINE
8
BLACK
6
CONTINUOUS
10
6.0055618110236217
20
-4.4361786220472439
11
6.0054657480314964
21
-4.4362183858267716
0
LINE
8
BLACK
6
CONTINUOUS
10
6.0054657480314964
20
-4.4362183858267716
11
6.0051351968503939
21
-4.4364264960629924
0
LINE
8
BLACK
6
CONTINUOUS
10
6.0051351968503939
20
-4.4364264960629924
11
6.0013856692913388
21
-4.43830125984252
0
LINE
8
BLACK
6
CONTINUOUS
10
6.0013856692913388
20
-4.43830125984252
11
6.0013294881889765
21
-4.4383227165354331
0
LINE
8
BLACK
6
CONTINUOUS
10
6.0013294881889765
20
-4.4383227165354331
11
6.0013066535433071
21
-4.4383396850393702
0
LINE
8
BLACK
6
CONTINUOUS
10
6.0013066535433071
20
-4.4383396850393702
11
6.0009847244094487
21
-4.4384546850393702
0
LINE
8
BLACK
6
CONTINUOUS
10
6.0009847244094487
20
-4.4384546850393702
11
6.0006648818897634
21
-4.4385770866141732
0
LINE
8
BLACK
6
CONTINUOUS
10
6.0006648818897634
20
-4.4385770866141732
11
6.0006364173228341
21
-4.4385790944881887
0
LINE
8
BLACK
6
CONTINUOUS
10
6.0006364173228341
20
-4.4385790944881887
11
6.0005798425196852
21
-4.4385993307086613
0
LINE
8
BLACK
6
CONTINUOUS
10
6.0005798425196852
20
-4.4385993307086613
11
5.9935001181102363
21
-4.4403692519685034
0
LINE
8
BLACK
6
CONTINUOUS
10
5.9935001181102363
20
-4.4403692519685034
11
5.9907085039370074
21
-4.4417650393700789
0
LINE
8
BLACK
6
CONTINUOUS
10
5.9907085039370074
20
-4.4417650393700789
11
5.9897373228346451
21
-4.44273625984252
0
LINE
8
BLACK
6
CONTINUOUS
10
5.9897373228346451
20
-4.44273625984252
11
5.9885638976377953
21
-4.4450831102362205
0
LINE
8
BLACK
6
CONTINUOUS
10
5.9885638976377953
20
-4.4450831102362205
11
5.9885638976377953
21
-4.4469737795275588
0
LINE
8
BLACK
6
CONTINUOUS
10
5.9885638976377953
20
-4.4469737795275588
11
5.9897373622047239
21
-4.4493207086614168
0
LINE
8
BLACK
6
CONTINUOUS
10
5.9897373622047239
20
-4.4493207086614168
11
5.9907085039370074
21
-4.4502918897637791
0
LINE
8
BLACK
6
CONTINUOUS
10
5.9907085039370074
20
-4.4502918897637791
11
5.9930553543307088
21
-4.4514653149606298
0
LINE
8
BLACK
6
CONTINUOUS
10
5.9930553543307088
20
-4.4514653149606298
11
6.0008609055118107
21
-4.4514653149606298
0
LINE
8
BLACK
6
CONTINUOUS
10
6.0008609055118107
20
-4.4514653149606298
11
6.0058790551181103
21
-4.4497925984251969
0
LINE
8
BLACK
6
CONTINUOUS
10
6.0058790551181103
20
-4.4497925984251969
11
6.0066316141732283
21
-4.4496214566929133
0
LINE
8
BLACK
6
CONTINUOUS
10
6.0066316141732283
20
-4.4496214566929133
11
6.0081638976377949
21
-4.4497303543307085
0
LINE
8
BLACK
6
CONTINUOUS
10
6.0081638976377949
20
-4.4497303543307085
11
6.0095378740157477
21
-4.4504173622047247
0
LINE
8
BLACK
6
CONTINUOUS
10
6.0095378740157477
20
-4.4504173622047247
11
6.0105443700787404
21
-4.4515778346456694
0
LINE
8
BLACK
6
CONTINUOUS
10
6.0105443700787404
20
-4.4515778346456694
11
6.0110301574803149
21
-4.4530351574803149
0
LINE
8
BLACK
6
CONTINUOUS
10
6.0110301574803149
20
-4.4530351574803149
11
6.0109212204724409
21
-4.4545674409448814
0
LINE
8
BLACK
6
CONTINUOUS
10
6.0109212204724409
20
-4.4545674409448814
11
6.0102342519685035
21
-4.4559414173228342
0
LINE
8
BLACK
6
CONTINUOUS
10
6.0102342519685035
20
-4.4559414173228342
11
6.0090737795275588
21
-4.456947913385827
0
LINE
8
BLACK
6
CONTINUOUS
10
6.0090737795275588
20
-4.456947913385827
11
6.0083690157480314
21
-4.4572625196850391
0
LINE
8
BLACK
6
CONTINUOUS
10
6.0083690157480314
20
-4.4572625196850391
11
6.0027447637795275
21
-4.4591372834645666
0
LINE
8
BLACK
6
CONTINUOUS
10
6.0027447637795275
20
-4.4591372834645666
11
6.0023639763779526
21
-4.4592238582677162
0
LINE
8
BLACK
6
CONTINUOUS
10
6.0023639763779526
20
-4.4592238582677162
11
6.0022678346456688
21
-4.4592637007874014
0
LINE
8
BLACK
6
CONTINUOUS
10
6.0022678346456688
20
-4.4592637007874014
11
6.0021285039370076
21
-4.4592774015748029
0
LINE
8
BLACK
6
CONTINUOUS
10
6.0021285039370076
20
-4.4592774015748029
11
6.0019921653543307
21
-4.4593084251968502
0
LINE
8
BLACK
6
CONTINUOUS
10
6.0019921653543307
20
-4.4593084251968502
11
6.001888464566929
21
-4.4593010236220474
0
LINE
8
BLACK
6
CONTINUOUS
10
6.001888464566929
20
-4.4593010236220474
11
6.0014997637795275
21
-4.4593393307086613
0
LINE
8
BLACK
6
CONTINUOUS
10
6.0014997637795275
20
-4.4593393307086613
11
5.9921259448818898
21
-4.4593393307086613
0
LINE
8
BLACK
6
CONTINUOUS
10
5.9921259448818898
20
-4.4593393307086613
11
5.9913578740157476
21
-4.4592637007874014
0
LINE
8
BLACK
6
CONTINUOUS
10
5.9913578740157476
20
-4.4592637007874014
11
5.9912271259842518
21
-4.4592095275590546
0
LINE
8
BLACK
6
CONTINUOUS
10
5.9912271259842518
20
-4.4592095275590546
11
5.9910860629921254
21
-4.459199527559055
0
LINE
8
BLACK
6
CONTINUOUS
10
5.9910860629921254
20
-4.459199527559055
11
5.9903652362204722
21
-4.4589237007874019
0
LINE
8
BLACK
6
CONTINUOUS
10
5.9903652362204722
20
-4.4589237007874019
11
5.9866157480314959
21
-4.4570489370078743
0
LINE
8
BLACK
6
CONTINUOUS
10
5.9866157480314959
20
-4.4570489370078743
11
5.9862851574803146
21
-4.4568408267716535
0
LINE
8
BLACK
6
CONTINUOUS
10
5.9862851574803146
20
-4.4568408267716535
11
5.9861890944881893
21
-4.4568010629921258
0
LINE
8
BLACK
6
CONTINUOUS
10
5.9861890944881893
20
-4.4568010629921258
11
5.9860809842519682
21
-4.4567123228346457
0
LINE
8
BLACK
6
CONTINUOUS
10
5.9860809842519682
20
-4.4567123228346457
11
5.9859625590551175
21
-4.45663779527559
0
LINE
8
BLACK
6
CONTINUOUS
10
5.9859625590551175
20
-4.45663779527559
11
5.9858943700787401
21
-4.4565591732283467
0
LINE
8
BLACK
6
CONTINUOUS
10
5.9858943700787401
20
-4.4565591732283467
11
5.9855924803149607
21
-4.4563114173228344
0
LINE
8
BLACK
6
CONTINUOUS
10
5.9855924803149607
20
-4.4563114173228344
11
5.9837177559055119
21
-4.4544366141732281
0
LINE
8
BLACK
6
CONTINUOUS
10
5.9837177559055119
20
-4.4544366141732281
11
5.9834699212598421
21
-4.4541346456692912
0
LINE
8
BLACK
6
CONTINUOUS
10
5.9834699212598421
20
-4.4541346456692912
11
5.9833914173228342
21
-4.4540665748031492
0
LINE
8
BLACK
6
CONTINUOUS
10
5.9833914173228342
20
-4.4540665748031492
11
5.9833169291338582
21
-4.4539482677165356
0
LINE
8
BLACK
6
CONTINUOUS
10
5.9833169291338582
20
-4.4539482677165356
11
5.9832281102362206
21
-4.4538400393700783
0
LINE
8
BLACK
6
CONTINUOUS
10
5.9832281102362206
20
-4.4538400393700783
11
5.9831882677165353
21
-4.4537438188976379
0
LINE
8
BLACK
6
CONTINUOUS
10
5.9831882677165353
20
-4.4537438188976379
11
5.9829802755905508
21
-4.4534134251968505
0
LINE
8
BLACK
6
CONTINUOUS
10
5.9829802755905508
20
-4.4534134251968505
11
5.9811055118110232
21
-4.4496638976377954
0
LINE
8
BLACK
6
CONTINUOUS
10
5.9811055118110232
20
-4.4496638976377954
11
5.9808296850393701
21
-4.44894311023622
0
LINE
8
BLACK
6
CONTINUOUS
10
5.9808296850393701
20
-4.44894311023622
11
5.9808196456692908
21
-4.4488020078740158
0
LINE
8
BLACK
6
CONTINUOUS
10
5.9808196456692908
20
-4.4488020078740158
11
5.9807655118110237
21
-4.4486712992125987
0
LINE
8
BLACK
6
CONTINUOUS
10
5.9807655118110237
20
-4.4486712992125987
11
5.9806898818897638
21
-4.4479032283464566
0
LINE
8
BLACK
6
CONTINUOUS
10
5.9806898818897638
20
-4.4479032283464566
11
5.9806898818897638
21
-4.4441537007874015
0
LINE
8
BLACK
6
CONTINUOUS
10
5.9806898818897638
20
-4.4441537007874015
11
5.9807655118110237
21
-4.4433856299212602
0
LINE
8
BLACK
6
CONTINUOUS
10
5.9807655118110237
20
-4.4433856299212602
11
5.9808196456692908
21
-4.4432548818897635
0
LINE
8
BLACK
6
CONTINUOUS
10
5.9808196456692908
20
-4.4432548818897635
11
5.9808296850393701
21
-4.443113818897638
0
LINE
8
BLACK
6
CONTINUOUS
10
5.9808296850393701
20
-4.443113818897638
11
5.9811055118110232
21
-4.4423930314960627
0
LINE
8
BLACK
6
CONTINUOUS
10
5.9811055118110232
20
-4.4423930314960627
11
5.9829802755905508
21
-4.4386435039370076
0
LINE
8
BLACK
6
CONTINUOUS
10
5.9829802755905508
20
-4.4386435039370076
11
5.9831883464566928
21
-4.4383129133858263
0
LINE
8
BLACK
6
CONTINUOUS
10
5.9831883464566928
20
-4.4383129133858263
11
5.9832281496062993
21
-4.4382168897637797
0
LINE
8
BLACK
6
CONTINUOUS
10
5.9832281496062993
20
-4.4382168897637797
11
5.9833168503937006
21
-4.4381087401574799
0
LINE
8
BLACK
6
CONTINUOUS
10
5.9833168503937006
20
-4.4381087401574799
11
5.9833914173228342
21
-4.4379903543307089
0
LINE
8
BLACK
6
CONTINUOUS
10
5.9833914173228342
20
-4.4379903543307089
11
5.9834699212598421
21
-4.4379222440944881
0
LINE
8
BLACK
6
CONTINUOUS
10
5.9834699212598421
20
-4.4379222440944881
11
5.9837177559055119
21
-4.4376202755905512
0
LINE
8
BLACK
6
CONTINUOUS
10
5.9837177559055119
20
-4.4376202755905512
11
5.9855925196850395
21
-4.4357455511811024
0
LINE
8
BLACK
6
CONTINUOUS
10
5.9855925196850395
20
-4.4357455511811024
11
5.9858943307086614
21
-4.4354977952755901
0
LINE
8
BLACK
6
CONTINUOUS
10
5.9858943307086614
20
-4.4354977952755901
11
5.9859625590551175
21
-4.4354191732283468
0
LINE
8
BLACK
6
CONTINUOUS
10
5.9859625590551175
20
-4.4354191732283468
11
5.9860809842519682
21
-4.4353446062992123
0
LINE
8
BLACK
6
CONTINUOUS
10
5.9860809842519682
20
-4.4353446062992123
11
5.9861890944881893
21
-4.435255905511811
0
LINE
8
BLACK
6
CONTINUOUS
10
5.9861890944881893
20
-4.435255905511811
11
5.9862851574803146
21
-4.4352161023622045
0
LINE
8
BLACK
6
CONTINUOUS
10
5.9862851574803146
20
-4.4352161023622045
11
5.9866157480314959
21
-4.4350080314960625
0
LINE
8
BLACK
6
CONTINUOUS
10
5.9866157480314959
20
-4.4350080314960625
11
5.9903652362204722
21
-4.4331332677165349
0
LINE
8
BLACK
6
CONTINUOUS
10
5.9903652362204722
20
-4.4331332677165349
11
5.9904214566929133
21
-4.4331117322834643
0
LINE
8
BLACK
6
CONTINUOUS
10
5.9904214566929133
20
-4.4331117322834643
11
5.9904442913385827
21
-4.4330948425196848
0
LINE
8
BLACK
6
CONTINUOUS
10
5.9904442913385827
20
-4.4330948425196848
11
5.9907661811023623
21
-4.4329798031496059
0
LINE
8
BLACK
6
CONTINUOUS
10
5.9907661811023623
20
-4.4329798031496059
11
5.9910860629921254
21
-4.4328574409448818
0
LINE
8
BLACK
6
CONTINUOUS
10
5.9910860629921254
20
-4.4328574409448818
11
5.9911144094488185
21
-4.4328553937007875
0
LINE
8
BLACK
6
CONTINUOUS
10
5.9911144094488185
20
-4.4328553937007875
11
5.9911710629921258
21
-4.4328351968503936
0
LINE
8
BLACK
6
CONTINUOUS
10
5.9911710629921258
20
-4.4328351968503936
11
5.9982507874015747
21
-4.4310652362204728
0
LINE
8
BLACK
6
CONTINUOUS
10
5.9982507874015747
20
-4.4310652362204728
11
6.0010424015748027
21
-4.4296694094488185
0
LINE
8
BLACK
6
CONTINUOUS
10
6.0010424015748027
20
-4.4296694094488185
11
6.0020136220472438
21
-4.4286982283464562
0
LINE
8
BLACK
6
CONTINUOUS
10
6.0020136220472438
20
-4.4286982283464562
11
6.0031870472440945
21
-4.4263514173228344
0
LINE
8
BLACK
6
CONTINUOUS
10
6.0031870472440945
20
-4.4263514173228344
11
6.0031870472440945
21
-4.4244607086614174
0
LINE
8
BLACK
6
CONTINUOUS
10
6.0031870472440945
20
-4.4244607086614174
11
6.0020136220472438
21
-4.4221138582677169
0
LINE
8
BLACK
6
CONTINUOUS
10
6.0020136220472438
20
-4.4221138582677169
11
6.0010424015748027
21
-4.4211426771653546
0
LINE
8
BLACK
6
CONTINUOUS
10
6.0010424015748027
20
-4.4211426771653546
11
5.998695590551181
21
-4.4199692519685039
0
LINE
8
BLACK
6
CONTINUOUS
10
5.998695590551181
20
-4.4199692519685039
11
5.9908900000000003
21
-4.4199692519685039
0
LINE
8
BLACK
6
CONTINUOUS
10
5.9908900000000003
20
-4.4199692519685039
11
5.9858718897637795
21
-4.4216419685039368
0
LINE
8
BLACK
6
CONTINUOUS
10
5.9858718897637795
20
-4.4216419685039368
11
5.9851192913385827
21
-4.4218131102362204
0
LINE
8
BLACK
6
CONTINUOUS
10
5.9851192913385827
20
-4.4218131102362204
11
5.9835870078740152
21
-4.4217042125984252
0
LINE
8
BLACK
6
CONTINUOUS
10
5.9835870078740152
20
-4.4217042125984252
11
5.9822130314960624
21
-4.421017204724409
0
LINE
8
BLACK
6
CONTINUOUS
10
5.9822130314960624
20
-4.421017204724409
11
5.9812065354330706
21
-4.4198567322834643
0
LINE
8
BLACK
6
CONTINUOUS
10
5.9812065354330706
20
-4.4198567322834643
11
5.9807207874015749
21
-4.4183994094488188
0
LINE
8
BLACK
6
CONTINUOUS
10
5.9807207874015749
20
-4.4183994094488188
11
5.9808296850393701
21
-4.4168671259842522
0
LINE
8
BLACK
6
CONTINUOUS
10
5.9808296850393701
20
-4.4168671259842522
11
5.9815166929133854
21
-4.4154931496062995
0
LINE
8
BLACK
6
CONTINUOUS
10
5.9815166929133854
20
-4.4154931496062995
11
5.9826771653543309
21
-4.4144866535433067
0
LINE
8
BLACK
6
CONTINUOUS
10
5.9826771653543309
20
-4.4144866535433067
11
5.9833818897637796
21
-4.4141720472440946
0
LINE
8
BLACK
6
CONTINUOUS
10
5.9833818897637796
20
-4.4141720472440946
11
5.9890061811023623
21
-4.4122972834645671
0
LINE
8
BLACK
6
CONTINUOUS
10
5.9890061811023623
20
-4.4122972834645671
11
5.9893869685039371
21
-4.4122106692913388
0
LINE
8
BLACK
6
CONTINUOUS
10
5.9893869685039371
20
-4.4122106692913388
11
5.98948311023622
21
-4.4121708661417323
0
LINE
8
BLACK
6
CONTINUOUS
10
5.98948311023622
20
-4.4121708661417323
11
5.9896223622047247
21
-4.412157125984252
0
LINE
8
BLACK
6
CONTINUOUS
10
5.9896223622047247
20
-4.412157125984252
11
5.9897587401574803
21
-4.4121261417322835
0
LINE
8
BLACK
6
CONTINUOUS
10
5.9897587401574803
20
-4.4121261417322835
11
5.989862440944882
21
-4.4121335039370075
0
LINE
8
BLACK
6
CONTINUOUS
10
5.989862440944882
20
-4.4121335039370075
11
5.9902511811023622
21
-4.4120952362204724
0
LINE
8
BLACK
6
CONTINUOUS
10
5.9902511811023622
20
-4.4120952362204724
11
5.999625
21
-4.4120952362204724
0
LINE
8
BLACK
6
CONTINUOUS
10
5.999625
20
-4.4120952362204724
11
6.0003930708661413
21
-4.4121708661417323
0
LINE
8
BLACK
6
CONTINUOUS
10
6.0453874409448813
20
-4.4121708661417323
11
6.0468066535433067
21
-4.4127587401574804
0
LINE
8
BLACK
6
CONTINUOUS
10
6.0468066535433067
20
-4.4127587401574804
11
6.0478928740157478
21
-4.4138449606299215
0
LINE
8
BLACK
6
CONTINUOUS
10
6.0478928740157478
20
-4.4138449606299215
11
6.0484807480314959
21
-4.415264173228346
0
LINE
8
BLACK
6
CONTINUOUS
10
6.0484807480314959
20
-4.415264173228346
11
6.0485563779527558
21
-4.4160322440944881
0
LINE
8
BLACK
6
CONTINUOUS
10
6.0485563779527558
20
-4.4160322440944881
11
6.0485563779527558
21
-4.4554023228346455
0
LINE
8
BLACK
6
CONTINUOUS
10
6.0485563779527558
20
-4.4554023228346455
11
6.0484807480314959
21
-4.4561703937007877
0
LINE
8
BLACK
6
CONTINUOUS
10
6.0484807480314959
20
-4.4561703937007877
11
6.0478928740157478
21
-4.4575896062992122
0
LINE
8
BLACK
6
CONTINUOUS
10
6.0478928740157478
20
-4.4575896062992122
11
6.0468066535433067
21
-4.4586758267716533
0
LINE
8
BLACK
6
CONTINUOUS
10
6.0468066535433067
20
-4.4586758267716533
11
6.0453874409448813
21
-4.4592637007874014
0
LINE
8
BLACK
6
CONTINUOUS
10
6.0453874409448813
20
-4.4592637007874014
11
6.0446193700787401
21
-4.4593393307086613
0
LINE
8
BLACK
6
CONTINUOUS
10
6.0446193700787401
20
-4.4593393307086613
11
6.0296212598425196
21
-4.4593393307086613
0
LINE
8
BLACK
6
CONTINUOUS
10
6.0296212598425196
20
-4.4593393307086613
11
6.0288531889763775
21
-4.4592637007874014
0
LINE
8
BLACK
6
CONTINUOUS
10
6.0288531889763775
20
-4.4592637007874014
11
6.0287224409448816
21
-4.4592095275590546
0
LINE
8
BLACK
6
CONTINUOUS
10
6.0287224409448816
20
-4.4592095275590546
11
6.0285813779527562
21
-4.459199527559055
0
LINE
8
BLACK
6
CONTINUOUS
10
6.0285813779527562
20
-4.459199527559055
11
6.0278605511811021
21
-4.4589237007874019
0
LINE
8
BLACK
6
CONTINUOUS
10
6.0278605511811021
20
-4.4589237007874019
11
6.0241110629921257
21
-4.4570489370078743
0
LINE
8
BLACK
6
CONTINUOUS
10
6.0241110629921257
20
-4.4570489370078743
11
6.0237804724409445
21
-4.4568408267716535
0
LINE
8
BLACK
6
CONTINUOUS
10
6.0237804724409445
20
-4.4568408267716535
11
6.0236844094488191
21
-4.4568010629921258
0
LINE
8
BLACK
6
CONTINUOUS
10
6.0236844094488191
20
-4.4568010629921258
11
6.0235762992125981
21
-4.4567123228346457
0
LINE
8
BLACK
6
CONTINUOUS
10
6.0235762992125981
20
-4.4567123228346457
11
6.0234578740157483
21
-4.45663779527559
0
LINE
8
BLACK
6
CONTINUOUS
10
6.0234578740157483
20
-4.45663779527559
11
6.02338968503937
21
-4.4565591732283467
0
LINE
8
BLACK
6
CONTINUOUS
10
6.02338968503937
20
-4.4565591732283467
11
6.0230877952755906
21
-4.4563114173228344
0
LINE
8
BLACK
6
CONTINUOUS
10
6.0230877952755906
20
-4.4563114173228344
11
6.0212130708661418
21
-4.4544366141732281
0
LINE
8
BLACK
6
CONTINUOUS
10
6.0212130708661418
20
-4.4544366141732281
11
6.020965236220472
21
-4.4541346456692912
0
LINE
8
BLACK
6
CONTINUOUS
10
6.020965236220472
20
-4.4541346456692912
11
6.020886732283464
21
-4.4540665748031492
0
LINE
8
BLACK
6
CONTINUOUS
10
6.020886732283464
20
-4.4540665748031492
11
6.020812244094488
21
-4.4539482677165356
0
LINE
8
BLACK
6
CONTINUOUS
10
6.020812244094488
20
-4.4539482677165356
11
6.0207234251968504
21
-4.4538400393700783
0
LINE
8
BLACK
6
CONTINUOUS
10
6.0207234251968504
20
-4.4538400393700783
11
6.0206835826771652
21
-4.4537438188976379
0
LINE
8
BLACK
6
CONTINUOUS
10
6.0206835826771652
20
-4.4537438188976379
11
6.0204755905511806
21
-4.4534134251968505
0
LINE
8
BLACK
6
CONTINUOUS
10
6.0204755905511806
20
-4.4534134251968505
11
6.0186008267716531
21
-4.4496638976377954
0
LINE
8
BLACK
6
CONTINUOUS
10
6.0186008267716531
20
-4.4496638976377954
11
6.0183249999999999
21
-4.44894311023622
0
LINE
8
BLACK
6
CONTINUOUS
10
6.0183249999999999
20
-4.44894311023622
11
6.0183149606299216
21
-4.4488020078740158
0
LINE
8
BLACK
6
CONTINUOUS
10
6.0183149606299216
20
-4.4488020078740158
11
6.0182608267716535
21
-4.4486712992125987
0
LINE
8
BLACK
6
CONTINUOUS
10
6.0182608267716535
20
-4.4486712992125987
11
6.0181851968503937
21
-4.4479032283464566
0
LINE
8
BLACK
6
CONTINUOUS
10
6.0181851968503937
20
-4.4479032283464566
11
6.0181851968503937
21
-4.4422789370078739
0
LINE
8
BLACK
6
CONTINUOUS
10
6.0181851968503937
20
-4.4422789370078739
11
6.0182608267716535
21
-4.4415108661417317
0
LINE
8
BLACK
6
CONTINUOUS
10
6.0182608267716535
20
-4.4415108661417317
11
6.0183149606299216
21
-4.4413801181102359
0
LINE
8
BLACK
6
CONTINUOUS
10
6.0183149606299216
20
-4.4413801181102359
11
6.0183249999999999
21
-4.4412390551181105
0
LINE
8
BLACK
6
CONTINUOUS
10
6.0183249999999999
20
-4.4412390551181105
11
6.0186008267716531
21
-4.4405182677165351
0
LINE
8
BLACK
6
CONTINUOUS
10
6.0186008267716531
20
-4.4405182677165351
11
6.0204755905511806
21
-4.43676874015748
0
LINE
8
BLACK
6
CONTINUOUS
10
6.0204755905511806
20
-4.43676874015748
11
6.0206836614173227
21
-4.4364381496062988
0
LINE
8
BLACK
6
CONTINUOUS
10
6.0206836614173227
20
-4.4364381496062988
11
6.0207234645669292
21
-4.4363421259842521
0
LINE
8
BLACK
6
CONTINUOUS
10
6.0207234645669292
20
-4.4363421259842521
11
6.0208121653543305
21
-4.4362339763779524
0
LINE
8
BLACK
6
CONTINUOUS
10
6.0208121653543305
20
-4.4362339763779524
11
6.020886732283464
21
-4.4361155905511813
0
LINE
8
BLACK
6
CONTINUOUS
10
6.020886732283464
20
-4.4361155905511813
11
6.020965236220472
21
-4.4360474803149605
0
LINE
8
BLACK
6
CONTINUOUS
10
6.020965236220472
20
-4.4360474803149605
11
6.0212130708661418
21
-4.4357455118110236
0
LINE
8
BLACK
6
CONTINUOUS
10
6.0212130708661418
20
-4.4357455118110236
11
6.0230878346456693
21
-4.4338707874015748
0
LINE
8
BLACK
6
CONTINUOUS
10
6.0230878346456693
20
-4.4338707874015748
11
6.0231188582677166
21
-4.4338452755905511
0
LINE
8
BLACK
6
CONTINUOUS
10
6.0231188582677166
20
-4.4338452755905511
11
6.0230878346456693
21
-4.4338142519685038
0
LINE
8
BLACK
6
CONTINUOUS
10
6.0230878346456693
20
-4.4338142519685038
11
6.0228399999999995
21
-4.4335122440944881
0
LINE
8
BLACK
6
CONTINUOUS
10
6.0228399999999995
20
-4.4335122440944881
11
6.0227614960629916
21
-4.4334441732283461
0
LINE
8
BLACK
6
CONTINUOUS
10
6.0227614960629916
20
-4.4334441732283461
11
6.0226869291338581
21
-4.4333257480314963
0
LINE
8
BLACK
6
CONTINUOUS
10
6.0226869291338581
20
-4.4333257480314963
11
6.0225982283464568
21
-4.4332176377952752
0
LINE
8
BLACK
6
CONTINUOUS
10
6.0225982283464568
20
-4.4332176377952752
11
6.0225584251968503
21
-4.4331215748031498
0
LINE
8
BLACK
6
CONTINUOUS
10
6.0225584251968503
20
-4.4331215748031498
11
6.0223503543307082
21
-4.4327910236220474
0
LINE
8
BLACK
6
CONTINUOUS
10
6.0223503543307082
20
-4.4327910236220474
11
6.0204755905511806
21
-4.4290414960629922
0
LINE
8
BLACK
6
CONTINUOUS
10
6.0204755905511806
20
-4.4290414960629922
11
6.0201997637795275
21
-4.4283207086614169
0
LINE
8
BLACK
6
CONTINUOUS
10
6.0201997637795275
20
-4.4283207086614169
11
6.0201897244094491
21
-4.4281796062992127
0
LINE
8
BLACK
6
CONTINUOUS
10
6.0201897244094491
20
-4.4281796062992127
11
6.0201355905511811
21
-4.4280488976377947
0
LINE
8
BLACK
6
CONTINUOUS
10
6.0201355905511811
20
-4.4280488976377947
11
6.0200599606299212
21
-4.4272808267716535
0
LINE
8
BLACK
6
CONTINUOUS
10
6.0200599606299212
20
-4.4272808267716535
11
6.0200599606299212
21
-4.4235312992125984
0
LINE
8
BLACK
6
CONTINUOUS
10
6.0200599606299212
20
-4.4235312992125984
11
6.0201355905511811
21
-4.4227632283464562
0
LINE
8
BLACK
6
CONTINUOUS
10
6.0201355905511811
20
-4.4227632283464562
11
6.0201897244094491
21
-4.4226324803149604
0
LINE
8
BLACK
6
CONTINUOUS
10
6.0201897244094491
20
-4.4226324803149604
11
6.0201997637795275
21
-4.4224914173228349
0
LINE
8
BLACK
6
CONTINUOUS
10
6.0201997637795275
20
-4.4224914173228349
11
6.0204755905511806
21
-4.4217706299212596
0
LINE
8
BLACK
6
CONTINUOUS
10
6.0204755905511806
20
-4.4217706299212596
11
6.0223503543307082
21
-4.4180211023622045
0
LINE
8
BLACK
6
CONTINUOUS
10
6.0223503543307082
20
-4.4180211023622045
11
6.0225584251968503
21
-4.4176905118110232
0
LINE
8
BLACK
6
CONTINUOUS
10
6.0225584251968503
20
-4.4176905118110232
11
6.0225982283464568
21
-4.4175944881889766
0
LINE
8
BLACK
6
CONTINUOUS
10
6.0225982283464568
20
-4.4175944881889766
11
6.0226869291338581
21
-4.4174863385826768
0
LINE
8
BLACK
6
CONTINUOUS
10
6.0226869291338581
20
-4.4174863385826768
11
6.0227614960629916
21
-4.4173679527559058
0
LINE
8
BLACK
6
CONTINUOUS
10
6.0227614960629916
20
-4.4173679527559058
11
6.0228399999999995
21
-4.417299842519685
0
LINE
8
BLACK
6
CONTINUOUS
10
6.0228399999999995
20
-4.417299842519685
11
6.0230878346456693
21
-4.4169978740157481
0
LINE
8
BLACK
6
CONTINUOUS
10
6.0230878346456693
20
-4.4169978740157481
11
6.0249625984251969
21
-4.4151231496062993
0
LINE
8
BLACK
6
CONTINUOUS
10
6.0249625984251969
20
-4.4151231496062993
11
6.0252644094488188
21
-4.414875393700787
0
LINE
8
BLACK
6
CONTINUOUS
10
6.0252644094488188
20
-4.414875393700787
11
6.0253326377952758
21
-4.4147967716535428
0
LINE
8
BLACK
6
CONTINUOUS
10
6.0253326377952758
20
-4.4147967716535428
11
6.0254510629921256
21
-4.4147222047244092
0
LINE
8
BLACK
6
CONTINUOUS
10
6.0254510629921256
20
-4.4147222047244092
11
6.0255591732283467
21
-4.4146335039370079
0
LINE
8
BLACK
6
CONTINUOUS
10
6.0255591732283467
20
-4.4146335039370079
11
6.0256552362204721
21
-4.4145937007874014
0
LINE
8
BLACK
6
CONTINUOUS
10
6.0256552362204721
20
-4.4145937007874014
11
6.0259858267716533
21
-4.4143856299212594
0
LINE
8
BLACK
6
CONTINUOUS
10
6.0259858267716533
20
-4.4143856299212594
11
6.0297353149606296
21
-4.4125108661417318
0
LINE
8
BLACK
6
CONTINUOUS
10
6.0297353149606296
20
-4.4125108661417318
11
6.0304561417322837
21
-4.4122350393700787
0
LINE
8
BLACK
6
CONTINUOUS
10
6.0304561417322837
20
-4.4122350393700787
11
6.0305972047244092
21
-4.4122250000000003
0
LINE
8
BLACK
6
CONTINUOUS
10
6.0305972047244092
20
-4.4122250000000003
11
6.030727952755905
21
-4.4121708661417323
0
LINE
8
BLACK
6
CONTINUOUS
10
6.030727952755905
20
-4.4121708661417323
11
6.0314960236220472
21
-4.4120952362204724
0
LINE
8
BLACK
6
CONTINUOUS
10
6.0314960236220472
20
-4.4120952362204724
11
6.0446193700787401
21
-4.4120952362204724
0
LINE
8
BLACK
6
CONTINUOUS
10
6.0446193700787401
20
-4.4120952362204724
11
6.0453874409448813
21
-4.4121708661417323
0
LINE
8
BLACK
6
CONTINUOUS
10
6.0279984251968504
20
-4.4400956692913383
11
6.0272326377952758
21
-4.4408614960629924
0
LINE
8
BLACK
6
CONTINUOUS
10
6.0272326377952758
20
-4.4408614960629924
11
6.0260592125984251
21
-4.4432083464566929
0
LINE
8
BLACK
6
CONTINUOUS
10
6.0260592125984251
20
-4.4432083464566929
11
6.0260592125984251
21
-4.4469737795275588
0
LINE
8
BLACK
6
CONTINUOUS
10
6.0260592125984251
20
-4.4469737795275588
11
6.0272326771653546
21
-4.4493207086614168
0
LINE
8
BLACK
6
CONTINUOUS
10
6.0272326771653546
20
-4.4493207086614168
11
6.0282038188976372
21
-4.4502918897637791
0
LINE
8
BLACK
6
CONTINUOUS
10
6.0282038188976372
20
-4.4502918897637791
11
6.0305506692913387
21
-4.4514653149606298
0
LINE
8
BLACK
6
CONTINUOUS
10
6.0305506692913387
20
-4.4514653149606298
11
6.0406823622047243
21
-4.4514653149606298
0
LINE
8
BLACK
6
CONTINUOUS
10
6.0406823622047243
20
-4.4514653149606298
11
6.0406823622047243
21
-4.4387168897637794
0
LINE
8
BLACK
6
CONTINUOUS
10
6.0406823622047243
20
-4.4387168897637794
11
6.0321348425196852
21
-4.4387168897637794
0
LINE
8
BLACK
6
CONTINUOUS
10
6.0321348425196852
20
-4.4387168897637794
11
6.0279984251968504
21
-4.4400956692913383
0
LINE
8
BLACK
6
CONTINUOUS
10
6.0300785826771648
20
-4.4211426377952758
11
6.0291074015748034
21
-4.4221138582677169
0
LINE
8
BLACK
6
CONTINUOUS
10
6.0291074015748034
20
-4.4221138582677169
11
6.0279339763779527
21
-4.4244607086614174
0
LINE
8
BLACK
6
CONTINUOUS
10
6.0279339763779527
20
-4.4244607086614174
11
6.0279339763779527
21
-4.4263513779527557
0
LINE
8
BLACK
6
CONTINUOUS
10
6.0279339763779527
20
-4.4263513779527557
11
6.0291074015748034
21
-4.4286982283464562
0
LINE
8
BLACK
6
CONTINUOUS
10
6.0291074015748034
20
-4.4286982283464562
11
6.0300785826771648
21
-4.4296694488188972
0
LINE
8
BLACK
6
CONTINUOUS
10
6.0300785826771648
20
-4.4296694488188972
11
6.0324254330708662
21
-4.4308428740157479
0
LINE
8
BLACK
6
CONTINUOUS
10
6.0324254330708662
20
-4.4308428740157479
11
6.0406823622047243
21
-4.4308428740157479
0
LINE
8
BLACK
6
CONTINUOUS
10
6.0406823622047243
20
-4.4308428740157479
11
6.0406823622047243
21
-4.4199692519685039
0
LINE
8
BLACK
6
CONTINUOUS
10
6.0406823622047243
20
-4.4199692519685039
11
6.0324254330708662
21
-4.4199692519685039
0
LINE
8
BLACK
6
CONTINUOUS
10
6.0324254330708662
20
-4.4199692519685039
11
6.0300785826771648
21
-4.4211426377952758
0
LINE
8
BLACK
6
CONTINUOUS
10
6.0772584645669294
20
-4.4121708661417323
11
6.0773891732283465
21
-4.4122250000000003
0
LINE
8
BLACK
6
CONTINUOUS
10
6.0773891732283465
20
-4.4122250000000003
11
6.0775302755905507
21
-4.4122350393700787
0
LINE
8
BLACK
6
CONTINUOUS
10
6.0775302755905507
20
-4.4122350393700787
11
6.078251062992126
21
-4.4125108661417318
0
LINE
8
BLACK
6
CONTINUOUS
10
6.078251062992126
20
-4.4125108661417318
11
6.0820005905511811
21
-4.4143856299212594
0
LINE
8
BLACK
6
CONTINUOUS
10
6.0820005905511811
20
-4.4143856299212594
11
6.0823311417322836
21
-4.4145937007874014
0
LINE
8
BLACK
6
CONTINUOUS
10
6.0823311417322836
20
-4.4145937007874014
11
6.082427204724409
21
-4.4146335039370079
0
LINE
8
BLACK
6
CONTINUOUS
10
6.082427204724409
20
-4.4146335039370079
11
6.08253531496063
21
-4.4147222047244092
0
LINE
8
BLACK
6
CONTINUOUS
10
6.08253531496063
20
-4.4147222047244092
11
6.0826537401574798
21
-4.4147967716535428
0
LINE
8
BLACK
6
CONTINUOUS
10
6.0826537401574798
20
-4.4147967716535428
11
6.0827218110236219
21
-4.4148752755905507
0
LINE
8
BLACK
6
CONTINUOUS
10
6.0827218110236219
20
-4.4148752755905507
11
6.0830238188976375
21
-4.4151231102362205
0
LINE
8
BLACK
6
CONTINUOUS
10
6.0830238188976375
20
-4.4151231102362205
11
6.0848985433070863
21
-4.4169978740157481
0
LINE
8
BLACK
6
CONTINUOUS
10
6.0848985433070863
20
-4.4169978740157481
11
6.0851462598425199
21
-4.41729968503937
0
LINE
8
BLACK
6
CONTINUOUS
10
6.0851462598425199
20
-4.41729968503937
11
6.0852249212598428
21
-4.417367913385827
0
LINE
8
BLACK
6
CONTINUOUS
10
6.0852249212598428
20
-4.417367913385827
11
6.0852994488188976
21
-4.4174863385826768
0
LINE
8
BLACK
6
CONTINUOUS
10
6.0852994488188976
20
-4.4174863385826768
11
6.0853881889763777
21
-4.4175944488188978
0
LINE
8
BLACK
6
CONTINUOUS
10
6.0853881889763777
20
-4.4175944488188978
11
6.0854279527559054
21
-4.4176905118110232
0
LINE
8
BLACK
6
CONTINUOUS
10
6.0854279527559054
20
-4.4176905118110232
11
6.0856360629921262
21
-4.4180211023622045
0
LINE
8
BLACK
6
CONTINUOUS
10
6.0856360629921262
20
-4.4180211023622045
11
6.0875108267716538
21
-4.4217705905511808
0
LINE
8
BLACK
6
CONTINUOUS
10
6.0875108267716538
20
-4.4217705905511808
11
6.0877866535433069
21
-4.4224914173228349
0
LINE
8
BLACK
6
CONTINUOUS
10
6.0877866535433069
20
-4.4224914173228349
11
6.0877966535433066
21
-4.4226324803149604
0
LINE
8
BLACK
6
CONTINUOUS
10
6.0877966535433066
20
-4.4226324803149604
11
6.0878508267716533
21
-4.4227632283464562
0
LINE
8
BLACK
6
CONTINUOUS
10
6.0878508267716533
20
-4.4227632283464562
11
6.0879264566929132
21
-4.4235312992125984
0
LINE
8
BLACK
6
CONTINUOUS
10
6.0879264566929132
20
-4.4235312992125984
11
6.0879264566929132
21
-4.4272808267716535
0
LINE
8
BLACK
6
CONTINUOUS
10
6.0879264566929132
20
-4.4272808267716535
11
6.0878508267716533
21
-4.4280488976377947
0
LINE
8
BLACK
6
CONTINUOUS
10
6.0878508267716533
20
-4.4280488976377947
11
6.0877966535433066
21
-4.4281796062992127
0
LINE
8
BLACK
6
CONTINUOUS
10
6.0877966535433066
20
-4.4281796062992127
11
6.0877866535433069
21
-4.4283207086614169
0
LINE
8
BLACK
6
CONTINUOUS
10
6.0877866535433069
20
-4.4283207086614169
11
6.0875108267716538
21
-4.429041535433071
0
LINE
8
BLACK
6
CONTINUOUS
10
6.0875108267716538
20
-4.429041535433071
11
6.0856360629921262
21
-4.4327910236220474
0
LINE
8
BLACK
6
CONTINUOUS
10
6.0856360629921262
20
-4.4327910236220474
11
6.0854279527559054
21
-4.4331215748031498
0
LINE
8
BLACK
6
CONTINUOUS
10
6.0854279527559054
20
-4.4331215748031498
11
6.0853881889763777
21
-4.433217677165354
0
LINE
8
BLACK
6
CONTINUOUS
10
6.0853881889763777
20
-4.433217677165354
11
6.0852994488188976
21
-4.4333257480314963
0
LINE
8
BLACK
6
CONTINUOUS
10
6.0852994488188976
20
-4.4333257480314963
11
6.0852249212598428
21
-4.4334442125984248
0
LINE
8
BLACK
6
CONTINUOUS
10
6.0852249212598428
20
-4.4334442125984248
11
6.0851462598425199
21
-4.4335124015748031
0
LINE
8
BLACK
6
CONTINUOUS
10
6.0851462598425199
20
-4.4335124015748031
11
6.0848985433070863
21
-4.4338142519685038
0
LINE
8
BLACK
6
CONTINUOUS
10
6.0848985433070863
20
-4.4338142519685038
11
6.0830238188976375
21
-4.4356890157480313
0
LINE
8
BLACK
6
CONTINUOUS
10
6.0830238188976375
20
-4.4356890157480313
11
6.0827218110236219
21
-4.4359368110236224
0
LINE
8
BLACK
6
CONTINUOUS
10
6.0827218110236219
20
-4.4359368110236224
11
6.0826537401574798
21
-4.4360153543307081
0
LINE
8
BLACK
6
CONTINUOUS
10
6.0826537401574798
20
-4.4360153543307081
11
6.08253531496063
21
-4.4360898818897638
0
LINE
8
BLACK
6
CONTINUOUS
10
6.08253531496063
20
-4.4360898818897638
11
6.082427204724409
21
-4.4361786220472439
0
LINE
8
BLACK
6
CONTINUOUS
10
6.082427204724409
20
-4.4361786220472439
11
6.0823311417322836
21
-4.4362183858267716
0
LINE
8
BLACK
6
CONTINUOUS
10
6.0823311417322836
20
-4.4362183858267716
11
6.0820005905511811
21
-4.4364264960629924
0
LINE
8
BLACK
6
CONTINUOUS
10
6.0820005905511811
20
-4.4364264960629924
11
6.078251062992126
21
-4.43830125984252
0
LINE
8
BLACK
6
CONTINUOUS
10
6.078251062992126
20
-4.43830125984252
11
6.0781948818897638
21
-4.4383227165354331
0
LINE
8
BLACK
6
CONTINUOUS
10
6.0781948818897638
20
-4.4383227165354331
11
6.0781720472440943
21
-4.4383396850393702
0
LINE
8
BLACK
6
CONTINUOUS
10
6.0781720472440943
20
-4.4383396850393702
11
6.077850118110236
21
-4.4384546850393702
0
LINE
8
BLACK
6
CONTINUOUS
10
6.077850118110236
20
-4.4384546850393702
11
6.0775302755905507
21
-4.4385770866141732
0
LINE
8
BLACK
6
CONTINUOUS
10
6.0775302755905507
20
-4.4385770866141732
11
6.0775018110236223
21
-4.4385790944881887
0
LINE
8
BLACK
6
CONTINUOUS
10
6.0775018110236223
20
-4.4385790944881887
11
6.0774452362204725
21
-4.4385993307086613
0
LINE
8
BLACK
6
CONTINUOUS
10
6.0774452362204725
20
-4.4385993307086613
11
6.0703655118110236
21
-4.4403692519685034
0
LINE
8
BLACK
6
CONTINUOUS
10
6.0703655118110236
20
-4.4403692519685034
11
6.0675738976377955
21
-4.4417650393700789
0
LINE
8
BLACK
6
CONTINUOUS
10
6.0675738976377955
20
-4.4417650393700789
11
6.0666027165354333
21
-4.44273625984252
0
LINE
8
BLACK
6
CONTINUOUS
10
6.0666027165354333
20
-4.44273625984252
11
6.0654292913385826
21
-4.4450831102362205
0
LINE
8
BLACK
6
CONTINUOUS
10
6.0654292913385826
20
-4.4450831102362205
11
6.0654292913385826
21
-4.4469737795275588
0
LINE
8
BLACK
6
CONTINUOUS
10
6.0654292913385826
20
-4.4469737795275588
11
6.066602755905512
21
-4.4493207086614168
0
LINE
8
BLACK
6
CONTINUOUS
10
6.066602755905512
20
-4.4493207086614168
11
6.0675738976377955
21
-4.4502918897637791
0
LINE
8
BLACK
6
CONTINUOUS
10
6.0675738976377955
20
-4.4502918897637791
11
6.0699207480314961
21
-4.4514653149606298
0
LINE
8
BLACK
6
CONTINUOUS
10
6.0699207480314961
20
-4.4514653149606298
11
6.077726299212598
21
-4.4514653149606298
0
LINE
8
BLACK
6
CONTINUOUS
10
6.077726299212598
20
-4.4514653149606298
11
6.0827444488188975
21
-4.4497925984251969
0
LINE
8
BLACK
6
CONTINUOUS
10
6.0827444488188975
20
-4.4497925984251969
11
6.0834970078740156
21
-4.4496214566929133
0
LINE
8
BLACK
6
CONTINUOUS
10
6.0834970078740156
20
-4.4496214566929133
11
6.0850292913385822
21
-4.4497303543307085
0
LINE
8
BLACK
6
CONTINUOUS
10
6.0850292913385822
20
-4.4497303543307085
11
6.0864032677165349
21
-4.4504173622047247
0
LINE
8
BLACK
6
CONTINUOUS
10
6.0864032677165349
20
-4.4504173622047247
11
6.0874097637795277
21
-4.4515778346456694
0
LINE
8
BLACK
6
CONTINUOUS
10
6.0874097637795277
20
-4.4515778346456694
11
6.0878955511811021
21
-4.4530351574803149
0
LINE
8
BLACK
6
CONTINUOUS
10
6.0878955511811021
20
-4.4530351574803149
11
6.0877866141732282
21
-4.4545674409448814
0
LINE
8
BLACK
6
CONTINUOUS
10
6.0877866141732282
20
-4.4545674409448814
11
6.0870996456692916
21
-4.4559414173228342
0
LINE
8
BLACK
6
CONTINUOUS
10
6.0870996456692916
20
-4.4559414173228342
11
6.0859391732283461
21
-4.456947913385827
0
LINE
8
BLACK
6
CONTINUOUS
10
6.0859391732283461
20
-4.456947913385827
11
6.0852344094488187
21
-4.4572625196850391
0
LINE
8
BLACK
6
CONTINUOUS
10
6.0852344094488187
20
-4.4572625196850391
11
6.0796101574803147
21
-4.4591372834645666
0
LINE
8
BLACK
6
CONTINUOUS
10
6.0796101574803147
20
-4.4591372834645666
11
6.0792293700787399
21
-4.4592238582677162
0
LINE
8
BLACK
6
CONTINUOUS
10
6.0792293700787399
20
-4.4592238582677162
11
6.079133228346457
21
-4.4592637007874014
0
LINE
8
BLACK
6
CONTINUOUS
10
6.079133228346457
20
-4.4592637007874014
11
6.0789938976377949
21
-4.4592774015748029
0
LINE
8
BLACK
6
CONTINUOUS
10
6.0789938976377949
20
-4.4592774015748029
11
6.0788575590551179
21
-4.4593084251968502
0
LINE
8
BLACK
6
CONTINUOUS
10
6.0788575590551179
20
-4.4593084251968502
11
6.0787538582677163
21
-4.4593010236220474
0
LINE
8
BLACK
6
CONTINUOUS
10
6.0787538582677163
20
-4.4593010236220474
11
6.0783651574803148
21
-4.4593393307086613
0
LINE
8
BLACK
6
CONTINUOUS
10
6.0783651574803148
20
-4.4593393307086613
11
6.068991338582677
21
-4.4593393307086613
0
LINE
8
BLACK
6
CONTINUOUS
10
6.068991338582677
20
-4.4593393307086613
11
6.0682232677165349
21
-4.4592637007874014
0
LINE
8
BLACK
6
CONTINUOUS
10
6.0682232677165349
20
-4.4592637007874014
11
6.068092519685039
21
-4.4592095275590546
0
LINE
8
BLACK
6
CONTINUOUS
10
6.068092519685039
20
-4.4592095275590546
11
6.0679514566929136
21
-4.459199527559055
0
LINE
8
BLACK
6
CONTINUOUS
10
6.0679514566929136
20
-4.459199527559055
11
6.0672306299212595
21
-4.4589237007874019
0
LINE
8
BLACK
6
CONTINUOUS
10
6.0672306299212595
20
-4.4589237007874019
11
6.0634811417322831
21
-4.4570489370078743
0
LINE
8
BLACK
6
CONTINUOUS
10
6.0634811417322831
20
-4.4570489370078743
11
6.0631505511811019
21
-4.4568408267716535
0
LINE
8
BLACK
6
CONTINUOUS
10
6.0631505511811019
20
-4.4568408267716535
11
6.0630544881889765
21
-4.4568010629921258
0
LINE
8
BLACK
6
CONTINUOUS
10
6.0630544881889765
20
-4.4568010629921258
11
6.0629463779527555
21
-4.4567123228346457
0
LINE
8
BLACK
6
CONTINUOUS
10
6.0629463779527555
20
-4.4567123228346457
11
6.0628279527559057
21
-4.45663779527559
0
LINE
8
BLACK
6
CONTINUOUS
10
6.0628279527559057
20
-4.45663779527559
11
6.0627597637795274
21
-4.4565591732283467
0
LINE
8
BLACK
6
CONTINUOUS
10
6.0627597637795274
20
-4.4565591732283467
11
6.062457874015748
21
-4.4563114173228344
0
LINE
8
BLACK
6
CONTINUOUS
10
6.062457874015748
20
-4.4563114173228344
11
6.0605831496062992
21
-4.4544366141732281
0
LINE
8
BLACK
6
CONTINUOUS
10
6.0605831496062992
20
-4.4544366141732281
11
6.0603353149606294
21
-4.4541346456692912
0
LINE
8
BLACK
6
CONTINUOUS
10
6.0603353149606294
20
-4.4541346456692912
11
6.0602568110236223
21
-4.4540665748031492
0
LINE
8
BLACK
6
CONTINUOUS
10
6.0602568110236223
20
-4.4540665748031492
11
6.0601823228346454
21
-4.4539482677165356
0
LINE
8
BLACK
6
CONTINUOUS
10
6.0601823228346454
20
-4.4539482677165356
11
6.0600935039370079
21
-4.4538400393700783
0
LINE
8
BLACK
6
CONTINUOUS
10
6.0600935039370079
20
-4.4538400393700783
11
6.0600536614173226
21
-4.4537438188976379
0
LINE
8
BLACK
6
CONTINUOUS
10
6.0600536614173226
20
-4.4537438188976379
11
6.0598456692913381
21
-4.4534134251968505
0
LINE
8
BLACK
6
CONTINUOUS
10
6.0598456692913381
20
-4.4534134251968505
11
6.0579709055118105
21
-4.4496638976377954
0
LINE
8
BLACK
6
CONTINUOUS
10
6.0579709055118105
20
-4.4496638976377954
11
6.0576950787401573
21
-4.44894311023622
0
LINE
8
BLACK
6
CONTINUOUS
10
6.0576950787401573
20
-4.44894311023622
11
6.057685039370079
21
-4.4488020078740158
0
LINE
8
BLACK
6
CONTINUOUS
10
6.057685039370079
20
-4.4488020078740158
11
6.0576309055118109
21
-4.4486712992125987
0
LINE
8
BLACK
6
CONTINUOUS
10
6.0576309055118109
20
-4.4486712992125987
11
6.0575552755905511
21
-4.4479032283464566
0
LINE
8
BLACK
6
CONTINUOUS
10
6.0575552755905511
20
-4.4479032283464566
11
6.0575552755905511
21
-4.4441537007874015
0
LINE
8
BLACK
6
CONTINUOUS
10
6.0575552755905511
20
-4.4441537007874015
11
6.0576309055118109
21
-4.4433856299212602
0
LINE
8
BLACK
6
CONTINUOUS
10
6.0576309055118109
20
-4.4433856299212602
11
6.057685039370079
21
-4.4432548818897635
0
LINE
8
BLACK
6
CONTINUOUS
10
6.057685039370079
20
-4.4432548818897635
11
6.0576950787401573
21
-4.443113818897638
0
LINE
8
BLACK
6
CONTINUOUS
10
6.0576950787401573
20
-4.443113818897638
11
6.0579709055118105
21
-4.4423930314960627
0
LINE
8
BLACK
6
CONTINUOUS
10
6.0579709055118105
20
-4.4423930314960627
11
6.0598456692913381
21
-4.4386435039370076
0
LINE
8
BLACK
6
CONTINUOUS
10
6.0598456692913381
20
-4.4386435039370076
11
6.0600537401574801
21
-4.4383129133858263
0
LINE
8
BLACK
6
CONTINUOUS
10
6.0600537401574801
20
-4.4383129133858263
11
6.0600935433070866
21
-4.4382168897637797
0
LINE
8
BLACK
6
CONTINUOUS
10
6.0600935433070866
20
-4.4382168897637797
11
6.0601822440944879
21
-4.4381087401574799
0
LINE
8
BLACK
6
CONTINUOUS
10
6.0601822440944879
20
-4.4381087401574799
11
6.0602568110236223
21
-4.4379903543307089
0
LINE
8
BLACK
6
CONTINUOUS
10
6.0602568110236223
20
-4.4379903543307089
11
6.0603353149606294
21
-4.4379222440944881
0
LINE
8
BLACK
6
CONTINUOUS
10
6.0603353149606294
20
-4.4379222440944881
11
6.0605831496062992
21
-4.4376202755905512
0
LINE
8
BLACK
6
CONTINUOUS
10
6.0605831496062992
20
-4.4376202755905512
11
6.0624579133858267
21
-4.4357455511811024
0
LINE
8
BLACK
6
CONTINUOUS
10
6.0624579133858267
20
-4.4357455511811024
11
6.0627597244094487
21
-4.4354977952755901
0
LINE
8
BLACK
6
CONTINUOUS
10
6.0627597244094487
20
-4.4354977952755901
11
6.0628279527559057
21
-4.4354191732283468
0
LINE
8
BLACK
6
CONTINUOUS
10
6.0628279527559057
20
-4.4354191732283468
11
6.0629463779527555
21
-4.4353446062992123
0
LINE
8
BLACK
6
CONTINUOUS
10
6.0629463779527555
20
-4.4353446062992123
11
6.0630544881889765
21
-4.435255905511811
0
LINE
8
BLACK
6
CONTINUOUS
10
6.0630544881889765
20
-4.435255905511811
11
6.0631505511811019
21
-4.4352161023622045
0
LINE
8
BLACK
6
CONTINUOUS
10
6.0631505511811019
20
-4.4352161023622045
11
6.0634811417322831
21
-4.4350080314960625
0
LINE
8
BLACK
6
CONTINUOUS
10
6.0634811417322831
20
-4.4350080314960625
11
6.0672306299212595
21
-4.4331332677165349
0
LINE
8
BLACK
6
CONTINUOUS
10
6.0672306299212595
20
-4.4331332677165349
11
6.0672868503937005
21
-4.4331117322834643
0
LINE
8
BLACK
6
CONTINUOUS
10
6.0672868503937005
20
-4.4331117322834643
11
6.06730968503937
21
-4.4330948425196848
0
LINE
8
BLACK
6
CONTINUOUS
10
6.06730968503937
20
-4.4330948425196848
11
6.0676315748031495
21
-4.4329798031496059
0
LINE
8
BLACK
6
CONTINUOUS
10
6.0676315748031495
20
-4.4329798031496059
11
6.0679514566929136
21
-4.4328574409448818
0
LINE
8
BLACK
6
CONTINUOUS
10
6.0679514566929136
20
-4.4328574409448818
11
6.0679798031496057
21
-4.4328553937007875
0
LINE
8
BLACK
6
CONTINUOUS
10
6.0679798031496057
20
-4.4328553937007875
11
6.068036456692913
21
-4.4328351968503936
0
LINE
8
BLACK
6
CONTINUOUS
10
6.068036456692913
20
-4.4328351968503936
11
6.075116181102362
21
-4.4310652362204728
0
LINE
8
BLACK
6
CONTINUOUS
10
6.075116181102362
20
-4.4310652362204728
11
6.07790779527559
21
-4.4296694094488185
0
LINE
8
BLACK
6
CONTINUOUS
10
6.07790779527559
20
-4.4296694094488185
11
6.078879015748031
21
-4.4286982283464562
0
LINE
8
BLACK
6
CONTINUOUS
10
6.078879015748031
20
-4.4286982283464562
11
6.0800524409448817
21
-4.4263514173228344
0
LINE
8
BLACK
6
CONTINUOUS
10
6.0800524409448817
20
-4.4263514173228344
11
6.0800524409448817
21
-4.4244607086614174
0
LINE
8
BLACK
6
CONTINUOUS
10
6.0800524409448817
20
-4.4244607086614174
11
6.078879015748031
21
-4.4221138582677169
0
LINE
8
BLACK
6
CONTINUOUS
10
6.078879015748031
20
-4.4221138582677169
11
6.07790779527559
21
-4.4211426771653546
0
LINE
8
BLACK
6
CONTINUOUS
10
6.07790779527559
20
-4.4211426771653546
11
6.0755609842519682
21
-4.4199692519685039
0
LINE
8
BLACK
6
CONTINUOUS
10
6.0755609842519682
20
-4.4199692519685039
11
6.0677553937007875
21
-4.4199692519685039
0
LINE
8
BLACK
6
CONTINUOUS
10
6.0677553937007875
20
-4.4199692519685039
11
6.0627372834645668
21
-4.4216419685039368
0
LINE
8
BLACK
6
CONTINUOUS
10
6.0627372834645668
20
-4.4216419685039368
11
6.0619846850393699
21
-4.4218131102362204
0
LINE
8
BLACK
6
CONTINUOUS
10
6.0619846850393699
20
-4.4218131102362204
11
6.0604524015748034
21
-4.4217042125984252
0
LINE
8
BLACK
6
CONTINUOUS
10
6.0604524015748034
20
-4.4217042125984252
11
6.0590784251968506
21
-4.421017204724409
0
LINE
8
BLACK
6
CONTINUOUS
10
6.0590784251968506
20
-4.421017204724409
11
6.0580719291338578
21
-4.4198567322834643
0
LINE
8
BLACK
6
CONTINUOUS
10
6.0580719291338578
20
-4.4198567322834643
11
6.0575861811023621
21
-4.4183994094488188
0
LINE
8
BLACK
6
CONTINUOUS
10
6.0575861811023621
20
-4.4183994094488188
11
6.0576950787401573
21
-4.4168671259842522
0
LINE
8
BLACK
6
CONTINUOUS
10
6.0576950787401573
20
-4.4168671259842522
11
6.0583820866141727
21
-4.4154931496062995
0
LINE
8
BLACK
6
CONTINUOUS
10
6.0583820866141727
20
-4.4154931496062995
11
6.0595425590551182
21
-4.4144866535433067
0
LINE
8
BLACK
6
CONTINUOUS
10
6.0595425590551182
20
-4.4144866535433067
11
6.0602472834645669
21
-4.4141720472440946
0
LINE
8
BLACK
6
CONTINUOUS
10
6.0602472834645669
20
-4.4141720472440946
11
6.0658715748031495
21
-4.4122972834645671
0
LINE
8
BLACK
6
CONTINUOUS
10
6.0658715748031495
20
-4.4122972834645671
11
6.0662523622047244
21
-4.4122106692913388
0
LINE
8
BLACK
6
CONTINUOUS
10
6.0662523622047244
20
-4.4122106692913388
11
6.0663485039370073
21
-4.4121708661417323
0
LINE
8
BLACK
6
CONTINUOUS
10
6.0663485039370073
20
-4.4121708661417323
11
6.0664877559055119
21
-4.412157125984252
0
LINE
8
BLACK
6
CONTINUOUS
10
6.0664877559055119
20
-4.412157125984252
11
6.0666241338582676
21
-4.4121261417322835
0
LINE
8
BLACK
6
CONTINUOUS
10
6.0666241338582676
20
-4.4121261417322835
11
6.0667278346456692
21
-4.4121335039370075
0
LINE
8
BLACK
6
CONTINUOUS
10
6.0667278346456692
20
-4.4121335039370075
11
6.0671165748031495
21
-4.4120952362204724
0
LINE
8
BLACK
6
CONTINUOUS
10
6.0671165748031495
20
-4.4120952362204724
11
6.0764903937007873
21
-4.4120952362204724
0
LINE
8
BLACK
6
CONTINUOUS
10
6.0764903937007873
20
-4.4120952362204724
11
6.0772584645669294
21
-4.4121708661417323
0
LINE
8
BLACK
6
CONTINUOUS
10
6.1030496456692909
20
-4.4127587401574804
11
6.104135866141732
21
-4.4138449606299215
0
LINE
8
BLACK
6
CONTINUOUS
10
6.104135866141732
20
-4.4138449606299215
11
6.1047237401574801
21
-4.415264173228346
0
LINE
8
BLACK
6
CONTINUOUS
10
6.1047237401574801
20
-4.415264173228346
11
6.10479937007874
21
-4.4160322440944881
0
LINE
8
BLACK
6
CONTINUOUS
10
6.10479937007874
20
-4.4160322440944881
11
6.10479937007874
21
-4.4469737795275588
0
LINE
8
BLACK
6
CONTINUOUS
10
6.10479937007874
20
-4.4469737795275588
11
6.1059728346456694
21
-4.4493207086614168
0
LINE
8
BLACK
6
CONTINUOUS
10
6.1059728346456694
20
-4.4493207086614168
11
6.1069439763779529
21
-4.4502918897637791
0
LINE
8
BLACK
6
CONTINUOUS
10
6.1069439763779529
20
-4.4502918897637791
11
6.1092908267716535
21
-4.4514653149606298
0
LINE
8
BLACK
6
CONTINUOUS
10
6.1092908267716535
20
-4.4514653149606298
11
6.1149310629921256
21
-4.4514653149606298
0
LINE
8
BLACK
6
CONTINUOUS
10
6.1149310629921256
20
-4.4514653149606298
11
6.1172778740157483
21
-4.4502918503937003
0
LINE
8
BLACK
6
CONTINUOUS
10
6.1172778740157483
20
-4.4502918503937003
11
6.1182490944881884
21
-4.4493205905511806
0
LINE
8
BLACK
6
CONTINUOUS
10
6.1182490944881884
20
-4.4493205905511806
11
6.1194225196850391
21
-4.4469738188976375
0
LINE
8
BLACK
6
CONTINUOUS
10
6.1194225196850391
20
-4.4469738188976375
11
6.1194225196850391
21
-4.4160322440944881
0
LINE
8
BLACK
6
CONTINUOUS
10
6.1194225196850391
20
-4.4160322440944881
11
6.119498149606299
21
-4.415264173228346
0
LINE
8
BLACK
6
CONTINUOUS
10
6.119498149606299
20
-4.415264173228346
11
6.1200860236220471
21
-4.4138449606299215
0
LINE
8
BLACK
6
CONTINUOUS
10
6.1200860236220471
20
-4.4138449606299215
11
6.1211722440944882
21
-4.4127587401574804
0
LINE
8
BLACK
6
CONTINUOUS
10
6.1211722440944882
20
-4.4127587401574804
11
6.1225914566929136
21
-4.4121708661417323
0
LINE
8
BLACK
6
CONTINUOUS
10
6.1225914566929136
20
-4.4121708661417323
11
6.124127598425197
21
-4.4121708661417323
0
LINE
8
BLACK
6
CONTINUOUS
10
6.124127598425197
20
-4.4121708661417323
11
6.1255468110236215
21
-4.4127587401574804
0
LINE
8
BLACK
6
CONTINUOUS
10
6.1255468110236215
20
-4.4127587401574804
11
6.1266330314960626
21
-4.4138449606299215
0
LINE
8
BLACK
6
CONTINUOUS
10
6.1266330314960626
20
-4.4138449606299215
11
6.1272209055118108
21
-4.415264173228346
0
LINE
8
BLACK
6
CONTINUOUS
10
6.1272209055118108
20
-4.415264173228346
11
6.1272965354330706
21
-4.4160322440944881
0
LINE
8
BLACK
6
CONTINUOUS
10
6.1272965354330706
20
-4.4160322440944881
11
6.1272965354330706
21
-4.4479032283464566
0
LINE
8
BLACK
6
CONTINUOUS
10
6.1272965354330706
20
-4.4479032283464566
11
6.1272209055118108
21
-4.4486712992125987
0
LINE
8
BLACK
6
CONTINUOUS
10
6.1272209055118108
20
-4.4486712992125987
11
6.1271667322834649
21
-4.4488020078740158
0
LINE
8
BLACK
6
CONTINUOUS
10
6.1271667322834649
20
-4.4488020078740158
11
6.1271567322834644
21
-4.44894311023622
0
LINE
8
BLACK
6
CONTINUOUS
10
6.1271567322834644
20
-4.44894311023622
11
6.1268809055118112
21
-4.4496639370078741
0
LINE
8
BLACK
6
CONTINUOUS
10
6.1268809055118112
20
-4.4496639370078741
11
6.1250061417322836
21
-4.4534134251968505
0
LINE
8
BLACK
6
CONTINUOUS
10
6.1250061417322836
20
-4.4534134251968505
11
6.1247981102362203
21
-4.4537438976377954
0
LINE
8
BLACK
6
CONTINUOUS
10
6.1247981102362203
20
-4.4537438976377954
11
6.1247583070866138
21
-4.4538400393700783
0
LINE
8
BLACK
6
CONTINUOUS
10
6.1247583070866138
20
-4.4538400393700783
11
6.124669527559055
21
-4.4539481889763781
0
LINE
8
BLACK
6
CONTINUOUS
10
6.124669527559055
20
-4.4539481889763781
11
6.1245950000000002
21
-4.4540666141732279
0
LINE
8
BLACK
6
CONTINUOUS
10
6.1245950000000002
20
-4.4540666141732279
11
6.1245163779527561
21
-4.4541347637795274
0
LINE
8
BLACK
6
CONTINUOUS
10
6.1245163779527561
20
-4.4541347637795274
11
6.1242686614173225
21
-4.4544366141732281
0
LINE
8
BLACK
6
CONTINUOUS
10
6.1242686614173225
20
-4.4544366141732281
11
6.122393897637795
21
-4.4563114173228344
0
LINE
8
BLACK
6
CONTINUOUS
10
6.122393897637795
20
-4.4563114173228344
11
6.122091929133858
21
-4.4565592519685042
0
LINE
8
BLACK
6
CONTINUOUS
10
6.122091929133858
20
-4.4565592519685042
11
6.1220238188976372
21
-4.45663779527559
0
LINE
8
BLACK
6
CONTINUOUS
10
6.1220238188976372
20
-4.45663779527559
11
6.121905472440945
21
-4.4567122440944882
0
LINE
8
BLACK
6
CONTINUOUS
10
6.121905472440945
20
-4.4567122440944882
11
6.1217973228346452
21
-4.4568010629921258
0
LINE
8
BLACK
6
CONTINUOUS
10
6.1217973228346452
20
-4.4568010629921258
11
6.1217011811023623
21
-4.4568408661417322
0
LINE
8
BLACK
6
CONTINUOUS
10
6.1217011811023623
20
-4.4568408661417322
11
6.1213706692913386
21
-4.4570489370078743
0
LINE
8
BLACK
6
CONTINUOUS
10
6.1213706692913386
20
-4.4570489370078743
11
6.1176211417322834
21
-4.4589237007874019
0
LINE
8
BLACK
6
CONTINUOUS
10
6.1176211417322834
20
-4.4589237007874019
11
6.1169003543307081
21
-4.459199527559055
0
LINE
8
BLACK
6
CONTINUOUS
10
6.1169003543307081
20
-4.459199527559055
11
6.1167592519685039
21
-4.4592095275590546
0
LINE
8
BLACK
6
CONTINUOUS
10
6.1167592519685039
20
-4.4592095275590546
11
6.1166285433070868
21
-4.4592637007874014
0
LINE
8
BLACK
6
CONTINUOUS
10
6.1166285433070868
20
-4.4592637007874014
11
6.1158604724409447
21
-4.4593393307086613
0
LINE
8
BLACK
6
CONTINUOUS
10
6.1158604724409447
20
-4.4593393307086613
11
6.1083614173228344
21
-4.4593393307086613
0
LINE
8
BLACK
6
CONTINUOUS
10
6.1083614173228344
20
-4.4593393307086613
11
6.1075933464566932
21
-4.4592637007874014
0
LINE
8
BLACK
6
CONTINUOUS
10
6.1075933464566932
20
-4.4592637007874014
11
6.1074625984251965
21
-4.4592095275590546
0
LINE
8
BLACK
6
CONTINUOUS
10
6.1074625984251965
20
-4.4592095275590546
11
6.107321535433071
21
-4.459199527559055
0
LINE
8
BLACK
6
CONTINUOUS
10
6.107321535433071
20
-4.459199527559055
11
6.1066007086614169
21
-4.4589237007874019
0
LINE
8
BLACK
6
CONTINUOUS
10
6.1066007086614169
20
-4.4589237007874019
11
6.1028512204724406
21
-4.4570489370078743
0
LINE
8
BLACK
6
CONTINUOUS
10
6.1028512204724406
20
-4.4570489370078743
11
6.1025206299212593
21
-4.4568408267716535
0
LINE
8
BLACK
6
CONTINUOUS
10
6.1025206299212593
20
-4.4568408267716535
11
6.1024245669291339
21
-4.4568010629921258
0
LINE
8
BLACK
6
CONTINUOUS
10
6.1024245669291339
20
-4.4568010629921258
11
6.1023164566929129
21
-4.4567123228346457
0
LINE
8
BLACK
6
CONTINUOUS
10
6.1023164566929129
20
-4.4567123228346457
11
6.1021980314960631
21
-4.45663779527559
0
LINE
8
BLACK
6
CONTINUOUS
10
6.1021980314960631
20
-4.45663779527559
11
6.1021298425196848
21
-4.4565591732283467
0
LINE
8
BLACK
6
CONTINUOUS
10
6.1021298425196848
20
-4.4565591732283467
11
6.1018279527559054
21
-4.4563114173228344
0
LINE
8
BLACK
6
CONTINUOUS
10
6.1018279527559054
20
-4.4563114173228344
11
6.0999532283464566
21
-4.4544366141732281
0
LINE
8
BLACK
6
CONTINUOUS
10
6.0999532283464566
20
-4.4544366141732281
11
6.0997053937007877
21
-4.4541346456692912
0
LINE
8
BLACK
6
CONTINUOUS
10
6.0997053937007877
20
-4.4541346456692912
11
6.0996268897637798
21
-4.4540665748031492
0
LINE
8
BLACK
6
CONTINUOUS
10
6.0996268897637798
20
-4.4540665748031492
11
6.0995524015748028
21
-4.4539482677165356
0
LINE
8
BLACK
6
CONTINUOUS
10
6.0995524015748028
20
-4.4539482677165356
11
6.0994635826771653
21
-4.4538400393700783
0
LINE
8
BLACK
6
CONTINUOUS
10
6.0994635826771653
20
-4.4538400393700783
11
6.09942374015748
21
-4.4537438188976379
0
LINE
8
BLACK
6
CONTINUOUS
10
6.09942374015748
20
-4.4537438188976379
11
6.0992157480314964
21
-4.4534134251968505
0
LINE
8
BLACK
6
CONTINUOUS
10
6.0992157480314964
20
-4.4534134251968505
11
6.0973409842519688
21
-4.4496638976377954
0
LINE
8
BLACK
6
CONTINUOUS
10
6.0973409842519688
20
-4.4496638976377954
11
6.0970651574803147
21
-4.44894311023622
0
LINE
8
BLACK
6
CONTINUOUS
10
6.0970651574803147
20
-4.44894311023622
11
6.0970551181102364
21
-4.4488020078740158
0
LINE
8
BLACK
6
CONTINUOUS
10
6.0970551181102364
20
-4.4488020078740158
11
6.0970009842519683
21
-4.4486712992125987
0
LINE
8
BLACK
6
CONTINUOUS
10
6.0970009842519683
20
-4.4486712992125987
11
6.0969253543307085
21
-4.4479032283464566
0
LINE
8
BLACK
6
CONTINUOUS
10
6.0969253543307085
20
-4.4479032283464566
11
6.0969253543307085
21
-4.4160322440944881
0
LINE
8
BLACK
6
CONTINUOUS
10
6.0969253543307085
20
-4.4160322440944881
11
6.0970009842519683
21
-4.415264173228346
0
LINE
8
BLACK
6
CONTINUOUS
10
6.0970009842519683
20
-4.415264173228346
11
6.0975888582677165
21
-4.4138449606299215
0
LINE
8
BLACK
6
CONTINUOUS
10
6.0975888582677165
20
-4.4138449606299215
11
6.0986750787401576
21
-4.4127587401574804
0
LINE
8
BLACK
6
CONTINUOUS
10
6.0986750787401576
20
-4.4127587401574804
11
6.1000942913385829
21
-4.4121708661417323
0
LINE
8
BLACK
6
CONTINUOUS
10
6.1000942913385829
20
-4.4121708661417323
11
6.1016304330708664
21
-4.4121708661417323
0
LINE
8
BLACK
6
CONTINUOUS
10
6.1016304330708664
20
-4.4121708661417323
11
6.1030496456692909
21
-4.4127587401574804
0
LINE
8
BLACK
6
CONTINUOUS
10
5.9329014960629918
20
-4.4121708661417323
11
5.9343207086614171
21
-4.4127587401574804
0
LINE
8
BLACK
6
CONTINUOUS
10
5.9343207086614171
20
-4.4127587401574804
11
5.9354069291338583
21
-4.4138449606299215
0
LINE
8
BLACK
6
CONTINUOUS
10
5.9354069291338583
20
-4.4138449606299215
11
5.9359948031496064
21
-4.415264173228346
0
LINE
8
BLACK
6
CONTINUOUS
10
5.9359948031496064
20
-4.415264173228346
11
5.9360704330708662
21
-4.4160322440944881
0
LINE
8
BLACK
6
CONTINUOUS
10
5.9360704330708662
20
-4.4160322440944881
11
5.9360704330708662
21
-4.4554023228346455
0
LINE
8
BLACK
6
CONTINUOUS
10
5.9360704330708662
20
-4.4554023228346455
11
5.9359948031496064
21
-4.4561703937007877
0
LINE
8
BLACK
6
CONTINUOUS
10
5.9359948031496064
20
-4.4561703937007877
11
5.9354069291338583
21
-4.4575896062992122
0
LINE
8
BLACK
6
CONTINUOUS
10
5.9354069291338583
20
-4.4575896062992122
11
5.9343207086614171
21
-4.4586758267716533
0
LINE
8
BLACK
6
CONTINUOUS
10
5.9343207086614171
20
-4.4586758267716533
11
5.9329014960629918
21
-4.4592637007874014
0
LINE
8
BLACK
6
CONTINUOUS
10
5.9329014960629918
20
-4.4592637007874014
11
5.9313653543307083
21
-4.4592637007874014
0
LINE
8
BLACK
6
CONTINUOUS
10
5.9313653543307083
20
-4.4592637007874014
11
5.929946141732283
21
-4.4586758267716533
0
LINE
8
BLACK
6
CONTINUOUS
10
5.929946141732283
20
-4.4586758267716533
11
5.9288599212598427
21
-4.4575896062992122
0
LINE
8
BLACK
6
CONTINUOUS
10
5.9288599212598427
20
-4.4575896062992122
11
5.9282720472440946
21
-4.4561703937007877
0
LINE
8
BLACK
6
CONTINUOUS
10
5.9282720472440946
20
-4.4561703937007877
11
5.9281964173228348
21
-4.4554023228346455
0
LINE
8
BLACK
6
CONTINUOUS
10
5.9281964173228348
20
-4.4554023228346455
11
5.9281964173228348
21
-4.440591653543307
0
LINE
8
BLACK
6
CONTINUOUS
10
5.9281964173228348
20
-4.440591653543307
11
5.9248094094488186
21
-4.440591653543307
0
LINE
8
BLACK
6
CONTINUOUS
10
5.9248094094488186
20
-4.440591653543307
11
5.9128615748031494
21
-4.4576600393700785
0
LINE
8
BLACK
6
CONTINUOUS
10
5.9128615748031494
20
-4.4576600393700785
11
5.9123591732283467
21
-4.4582459055118111
0
LINE
8
BLACK
6
CONTINUOUS
10
5.9123591732283467
20
-4.4582459055118111
11
5.9110637007874018
21
-4.4590714566929135
0
LINE
8
BLACK
6
CONTINUOUS
10
5.9110637007874018
20
-4.4590714566929135
11
5.9095509055118107
21
-4.45933842519685
0
LINE
8
BLACK
6
CONTINUOUS
10
5.9095509055118107
20
-4.45933842519685
11
5.9080511417322832
21
-4.4590061417322833
0
LINE
8
BLACK
6
CONTINUOUS
10
5.9080511417322832
20
-4.4590061417322833
11
5.9067926771653543
21
-4.4581252362204724
0
LINE
8
BLACK
6
CONTINUOUS
10
5.9067926771653543
20
-4.4581252362204724
11
5.9059671259842519
21
-4.4568297637795276
0
LINE
8
BLACK
6
CONTINUOUS
10
5.9059671259842519
20
-4.4568297637795276
11
5.9057001574803145
21
-4.4553169685039373
0
LINE
8
BLACK
6
CONTINUOUS
10
5.9057001574803145
20
-4.4553169685039373
11
5.9060324409448821
21
-4.4538172047244098
0
LINE
8
BLACK
6
CONTINUOUS
10
5.9060324409448821
20
-4.4538172047244098
11
5.9064109448818893
21
-4.4531446062992126
0
LINE
8
BLACK
6
CONTINUOUS
10
5.9064109448818893
20
-4.4531446062992126
11
5.9154647637795277
21
-4.4402105118110233
0
LINE
8
BLACK
6
CONTINUOUS
10
5.9154647637795277
20
-4.4402105118110233
11
5.9153746062992125
21
-4.4401760236220476
0
LINE
8
BLACK
6
CONTINUOUS
10
5.9153746062992125
20
-4.4401760236220476
11
5.9116251181102362
21
-4.43830125984252
0
LINE
8
BLACK
6
CONTINUOUS
10
5.9116251181102362
20
-4.43830125984252
11
5.9112945275590549
21
-4.4380931496062992
0
LINE
8
BLACK
6
CONTINUOUS
10
5.9112945275590549
20
-4.4380931496062992
11
5.9111984645669287
21
-4.4380533858267714
0
LINE
8
BLACK
6
CONTINUOUS
10
5.9111984645669287
20
-4.4380533858267714
11
5.9110903543307085
21
-4.4379646456692914
0
LINE
8
BLACK
6
CONTINUOUS
10
5.9110903543307085
20
-4.4379646456692914
11
5.9109719291338578
21
-4.4378901181102357
0
LINE
8
BLACK
6
CONTINUOUS
10
5.9109719291338578
20
-4.4378901181102357
11
5.9109037007874017
21
-4.4378114566929137
0
LINE
8
BLACK
6
CONTINUOUS
10
5.9109037007874017
20
-4.4378114566929137
11
5.9106018897637798
21
-4.4375637401574801
0
LINE
8
BLACK
6
CONTINUOUS
10
5.9106018897637798
20
-4.4375637401574801
11
5.9087271259842522
21
-4.4356890157480313
0
LINE
8
BLACK
6
CONTINUOUS
10
5.9087271259842522
20
-4.4356890157480313
11
5.9084792913385824
21
-4.4353870078740156
0
LINE
8
BLACK
6
CONTINUOUS
10
5.9084792913385824
20
-4.4353870078740156
11
5.9084007874015745
21
-4.4353189370078736
0
LINE
8
BLACK
6
CONTINUOUS
10
5.9084007874015745
20
-4.4353189370078736
11
5.9083262204724409
21
-4.4352005118110238
0
LINE
8
BLACK
6
CONTINUOUS
10
5.9083262204724409
20
-4.4352005118110238
11
5.9082375196850396
21
-4.4350924015748028
0
LINE
8
BLACK
6
CONTINUOUS
10
5.9082375196850396
20
-4.4350924015748028
11
5.9081977165354331
21
-4.4349963385826774
0
LINE
8
BLACK
6
CONTINUOUS
10
5.9081977165354331
20
-4.4349963385826774
11
5.9079896456692911
21
-4.4346657874015749
0
LINE
8
BLACK
6
CONTINUOUS
10
5.9079896456692911
20
-4.4346657874015749
11
5.9061148818897635
21
-4.4309162598425198
0
LINE
8
BLACK
6
CONTINUOUS
10
5.9061148818897635
20
-4.4309162598425198
11
5.9058390551181104
21
-4.4301954724409445
0
LINE
8
BLACK
6
CONTINUOUS
10
5.9058390551181104
20
-4.4301954724409445
11
5.9058290157480311
21
-4.4300543700787403
0
LINE
8
BLACK
6
CONTINUOUS
10
5.9058290157480311
20
-4.4300543700787403
11
5.905774881889764
21
-4.4299236614173223
0
LINE
8
BLACK
6
CONTINUOUS
10
5.905774881889764
20
-4.4299236614173223
11
5.9056992519685041
21
-4.429155590551181
0
LINE
8
BLACK
6
CONTINUOUS
10
5.9056992519685041
20
-4.429155590551181
11
5.9056992519685041
21
-4.4235312992125984
0
LINE
8
BLACK
6
CONTINUOUS
10
5.9056992519685041
20
-4.4235312992125984
11
5.905774881889764
21
-4.4227632283464562
0
LINE
8
BLACK
6
CONTINUOUS
10
5.905774881889764
20
-4.4227632283464562
11
5.9058290157480311
21
-4.4226324803149604
0
LINE
8
BLACK
6
CONTINUOUS
10
5.9058290157480311
20
-4.4226324803149604
11
5.9058390551181104
21
-4.4224914173228349
0
LINE
8
BLACK
6
CONTINUOUS
10
5.9058390551181104
20
-4.4224914173228349
11
5.9061148818897635
21
-4.4217706299212596
0
LINE
8
BLACK
6
CONTINUOUS
10
5.9061148818897635
20
-4.4217706299212596
11
5.9079896456692911
21
-4.4180211023622045
0
LINE
8
BLACK
6
CONTINUOUS
10
5.9079896456692911
20
-4.4180211023622045
11
5.9081977165354331
21
-4.4176905118110232
0
LINE
8
BLACK
6
CONTINUOUS
10
5.9081977165354331
20
-4.4176905118110232
11
5.9082375196850396
21
-4.4175944881889766
0
LINE
8
BLACK
6
CONTINUOUS
10
5.9082375196850396
20
-4.4175944881889766
11
5.9083262204724409
21
-4.4174863385826768
0
LINE
8
BLACK
6
CONTINUOUS
10
5.9083262204724409
20
-4.4174863385826768
11
5.9084007874015745
21
-4.4173679527559058
0
LINE
8
BLACK
6
CONTINUOUS
10
5.9084007874015745
20
-4.4173679527559058
11
5.9084792913385824
21
-4.417299842519685
0
LINE
8
BLACK
6
CONTINUOUS
10
5.9084792913385824
20
-4.417299842519685
11
5.9087271259842522
21
-4.4169978740157481
0
LINE
8
BLACK
6
CONTINUOUS
10
5.9087271259842522
20
-4.4169978740157481
11
5.9106018897637798
21
-4.4151231496062993
0
LINE
8
BLACK
6
CONTINUOUS
10
5.9106018897637798
20
-4.4151231496062993
11
5.9109037007874017
21
-4.414875393700787
0
LINE
8
BLACK
6
CONTINUOUS
10
5.9109037007874017
20
-4.414875393700787
11
5.9109719291338578
21
-4.4147967716535428
0
LINE
8
BLACK
6
CONTINUOUS
10
5.9109719291338578
20
-4.4147967716535428
11
5.9110903543307085
21
-4.4147222047244092
0
LINE
8
BLACK
6
CONTINUOUS
10
5.9110903543307085
20
-4.4147222047244092
11
5.9111984645669287
21
-4.4146335039370079
0
LINE
8
BLACK
6
CONTINUOUS
10
5.9111984645669287
20
-4.4146335039370079
11
5.9112945275590549
21
-4.4145937007874014
0
LINE
8
BLACK
6
CONTINUOUS
10
5.9112945275590549
20
-4.4145937007874014
11
5.9116251181102362
21
-4.4143856299212594
0
LINE
8
BLACK
6
CONTINUOUS
10
5.9116251181102362
20
-4.4143856299212594
11
5.9153746062992125
21
-4.4125108661417318
0
LINE
8
BLACK
6
CONTINUOUS
10
5.9153746062992125
20
-4.4125108661417318
11
5.9160954330708657
21
-4.4122350393700787
0
LINE
8
BLACK
6
CONTINUOUS
10
5.9160954330708657
20
-4.4122350393700787
11
5.9162364960629921
21
-4.4122250000000003
0
LINE
8
BLACK
6
CONTINUOUS
10
5.9162364960629921
20
-4.4122250000000003
11
5.9163672440944879
21
-4.4121708661417323
0
LINE
8
BLACK
6
CONTINUOUS
10
5.9163672440944879
20
-4.4121708661417323
11
5.9171353149606301
21
-4.4120952362204724
0
LINE
8
BLACK
6
CONTINUOUS
10
5.9171353149606301
20
-4.4120952362204724
11
5.9321334251968505
21
-4.4120952362204724
0
LINE
8
BLACK
6
CONTINUOUS
10
5.9321334251968505
20
-4.4120952362204724
11
5.9329014960629918
21
-4.4121708661417323
0
LINE
8
BLACK
6
CONTINUOUS
10
5.9157178740157477
20
-4.4211426377952758
11
5.9147466929133854
21
-4.4221138582677169
0
LINE
8
BLACK
6
CONTINUOUS
10
5.9147466929133854
20
-4.4221138582677169
11
5.9135732677165356
21
-4.4244607086614174
0
LINE
8
BLACK
6
CONTINUOUS
10
5.9135732677165356
20
-4.4244607086614174
11
5.9135732677165356
21
-4.4282261417322832
0
LINE
8
BLACK
6
CONTINUOUS
10
5.9135732677165356
20
-4.4282261417322832
11
5.9147466929133854
21
-4.4305729921259838
0
LINE
8
BLACK
6
CONTINUOUS
10
5.9147466929133854
20
-4.4305729921259838
11
5.9157178740157477
21
-4.4315442125984248
0
LINE
8
BLACK
6
CONTINUOUS
10
5.9157178740157477
20
-4.4315442125984248
11
5.9180647244094491
21
-4.4327176377952755
0
LINE
8
BLACK
6
CONTINUOUS
10
5.9180647244094491
20
-4.4327176377952755
11
5.9281964173228348
21
-4.4327176377952755
0
LINE
8
BLACK
6
CONTINUOUS
10
5.9281964173228348
20
-4.4327176377952755
11
5.9281964173228348
21
-4.4199692519685039
0
LINE
8
BLACK
6
CONTINUOUS
10
5.9281964173228348
20
-4.4199692519685039
11
5.9180647244094491
21
-4.4199692519685039
0
LINE
8
BLACK
6
CONTINUOUS
10
5.9180647244094491
20
-4.4199692519685039
11
5.9157178740157477
21
-4.4211426377952758
0
LINE
8
BLACK
6
CONTINUOUS
10
5.726668464566929
20
-4.4122150787401573
11
5.7269490944881891
21
-4.4122350393700787
0
LINE
8
BLACK
6
CONTINUOUS
10
5.7269490944881891
20
-4.4122350393700787
11
5.7273906692913386
21
-4.4124558267716534
0
LINE
8
BLACK
6
CONTINUOUS
10
5.7273906692913386
20
-4.4124558267716534
11
5.7278589370078743
21
-4.4126119291338579
0
LINE
8
BLACK
6
CONTINUOUS
10
5.7278589370078743
20
-4.4126119291338579
11
5.7280714173228349
21
-4.4127961811023617
0
LINE
8
BLACK
6
CONTINUOUS
10
5.7280714173228349
20
-4.4127961811023617
11
5.7283230708661419
21
-4.412922047244094
0
LINE
8
BLACK
6
CONTINUOUS
10
5.7283230708661419
20
-4.412922047244094
11
5.7286466141732282
21
-4.4132950787401573
0
LINE
8
BLACK
6
CONTINUOUS
10
5.7286466141732282
20
-4.4132950787401573
11
5.7290194094488189
21
-4.4136184251968507
0
LINE
8
BLACK
6
CONTINUOUS
10
5.7290194094488189
20
-4.4136184251968507
11
5.7291451181102362
21
-4.4138698425196852
0
LINE
8
BLACK
6
CONTINUOUS
10
5.7291451181102362
20
-4.4138698425196852
11
5.7293295669291338
21
-4.4140825196850395
0
LINE
8
BLACK
6
CONTINUOUS
10
5.7293295669291338
20
-4.4140825196850395
11
5.7296441732283467
21
-4.4147872440944882
0
LINE
8
BLACK
6
CONTINUOUS
10
5.7296441732283467
20
-4.4147872440944882
11
5.7427675196850396
21
-4.4541573228346456
0
LINE
8
BLACK
6
CONTINUOUS
10
5.7427675196850396
20
-4.4541573228346456
11
5.7429386614173223
21
-4.4549098818897637
0
LINE
8
BLACK
6
CONTINUOUS
10
5.7429386614173223
20
-4.4549098818897637
11
5.7428297637795271
21
-4.4564421653543302
0
LINE
8
BLACK
6
CONTINUOUS
10
5.7428297637795271
20
-4.4564421653543302
11
5.7421427559055118
21
-4.457816141732283
0
LINE
8
BLACK
6
CONTINUOUS
10
5.7421427559055118
20
-4.457816141732283
11
5.7409822834645672
21
-4.4588226377952758
0
LINE
8
BLACK
6
CONTINUOUS
10
5.7409822834645672
20
-4.4588226377952758
11
5.7395249606299208
21
-4.4593084251968502
0
LINE
8
BLACK
6
CONTINUOUS
10
5.7395249606299208
20
-4.4593084251968502
11
5.7379926771653542
21
-4.4591994881889763
0
LINE
8
BLACK
6
CONTINUOUS
10
5.7379926771653542
20
-4.4591994881889763
11
5.7366187007874014
21
-4.4585125196850397
0
LINE
8
BLACK
6
CONTINUOUS
10
5.7366187007874014
20
-4.4585125196850397
11
5.7356122047244096
21
-4.4573520472440942
0
LINE
8
BLACK
6
CONTINUOUS
10
5.7356122047244096
20
-4.4573520472440942
11
5.7352975984251966
21
-4.4566472834645667
0
LINE
8
BLACK
6
CONTINUOUS
10
5.7352975984251966
20
-4.4566472834645667
11
5.7324453937007869
21
-4.4480907086614172
0
LINE
8
BLACK
6
CONTINUOUS
10
5.7324453937007869
20
-4.4480907086614172
11
5.7193730314960627
21
-4.4480907086614172
0
LINE
8
BLACK
6
CONTINUOUS
10
5.7193730314960627
20
-4.4480907086614172
11
5.7165208267716539
21
-4.4566473228346455
0
LINE
8
BLACK
6
CONTINUOUS
10
5.7165208267716539
20
-4.4566473228346455
11
5.7162062204724409
21
-4.4573520472440942
0
LINE
8
BLACK
6
CONTINUOUS
10
5.7162062204724409
20
-4.4573520472440942
11
5.715199724409449
21
-4.4585125196850397
0
LINE
8
BLACK
6
CONTINUOUS
10
5.715199724409449
20
-4.4585125196850397
11
5.7138257480314962
21
-4.459199527559055
0
LINE
8
BLACK
6
CONTINUOUS
10
5.7138257480314962
20
-4.459199527559055
11
5.7122934645669288
21
-4.4593084251968502
0
LINE
8
BLACK
6
CONTINUOUS
10
5.7122934645669288
20
-4.4593084251968502
11
5.7108361417322833
21
-4.4588226771653545
0
LINE
8
BLACK
6
CONTINUOUS
10
5.7108361417322833
20
-4.4588226771653545
11
5.7096756692913386
21
-4.4578161811023618
0
LINE
8
BLACK
6
CONTINUOUS
10
5.7096756692913386
20
-4.4578161811023618
11
5.7089886614173224
21
-4.456442204724409
0
LINE
8
BLACK
6
CONTINUOUS
10
5.7089886614173224
20
-4.456442204724409
11
5.7088797637795272
21
-4.4549099212598424
0
LINE
8
BLACK
6
CONTINUOUS
10
5.7088797637795272
20
-4.4549099212598424
11
5.7090509055118108
21
-4.4541573228346456
0
LINE
8
BLACK
6
CONTINUOUS
10
5.7090509055118108
20
-4.4541573228346456
11
5.7221742519685037
21
-4.4147872834645669
0
LINE
8
BLACK
6
CONTINUOUS
10
5.7221742519685037
20
-4.4147872834645669
11
5.7224888582677167
21
-4.4140825196850395
0
LINE
8
BLACK
6
CONTINUOUS
10
5.7224888582677167
20
-4.4140825196850395
11
5.7226732283464568
21
-4.4138699212598427
0
LINE
8
BLACK
6
CONTINUOUS
10
5.7226732283464568
20
-4.4138699212598427
11
5.7227990157480315
21
-4.4136183858267719
0
LINE
8
BLACK
6
CONTINUOUS
10
5.7227990157480315
20
-4.4136183858267719
11
5.7231718897637798
21
-4.4132949212598422
0
LINE
8
BLACK
6
CONTINUOUS
10
5.7231718897637798
20
-4.4132949212598422
11
5.7234953543307086
21
-4.412922047244094
0
LINE
8
BLACK
6
CONTINUOUS
10
5.7234953543307086
20
-4.412922047244094
11
5.7237468503937006
21
-4.4127962598425192
0
LINE
8
BLACK
6
CONTINUOUS
10
5.7237468503937006
20
-4.4127962598425192
11
5.7239594881889762
21
-4.4126118897637792
0
LINE
8
BLACK
6
CONTINUOUS
10
5.7239594881889762
20
-4.4126118897637792
11
5.7244280314960632
21
-4.4124556692913384
0
LINE
8
BLACK
6
CONTINUOUS
10
5.7244280314960632
20
-4.4124556692913384
11
5.7248693307086613
21
-4.4122350787401574
0
LINE
8
BLACK
6
CONTINUOUS
10
5.7248693307086613
20
-4.4122350787401574
11
5.7251498031496064
21
-4.412215118110236
0
LINE
8
BLACK
6
CONTINUOUS
10
5.7251498031496064
20
-4.412215118110236
11
5.7254168110236217
21
-4.4121261417322835
0
LINE
8
BLACK
6
CONTINUOUS
10
5.7254168110236217
20
-4.4121261417322835
11
5.7259092913385823
21
-4.412161141732283
0
LINE
8
BLACK
6
CONTINUOUS
10
5.7259092913385823
20
-4.412161141732283
11
5.7264016141732279
21
-4.4121261417322835
0
LINE
8
BLACK
6
CONTINUOUS
10
5.7264016141732279
20
-4.4121261417322835
11
5.726668464566929
21
-4.4122150787401573
0
LINE
8
BLACK
6
CONTINUOUS
10
5.7219977165354328
20
-4.4402166929133857
11
5.7298207480314955
21
-4.4402166929133857
0
LINE
8
BLACK
6
CONTINUOUS
10
5.7298207480314955
20
-4.4402166929133857
11
5.7259092125984248
21
-4.4284821259842522
0
LINE
8
BLACK
6
CONTINUOUS
10
5.7259092125984248
20
-4.4284821259842522
11
5.7219977165354328
21
-4.4402166929133857
0
LINE
8
BLACK
6
CONTINUOUS
10
5.8672759055118107
20
-4.4122150787401573
11
5.8675565354330708
21
-4.4122350393700787
0
LINE
8
BLACK
6
CONTINUOUS
10
5.8675565354330708
20
-4.4122350393700787
11
5.8679981102362202
21
-4.4124558267716534
0
LINE
8
BLACK
6
CONTINUOUS
10
5.8679981102362202
20
-4.4124558267716534
11
5.8684663779527559
21
-4.4126119291338579
0
LINE
8
BLACK
6
CONTINUOUS
10
5.8684663779527559
20
-4.4126119291338579
11
5.8686788582677165
21
-4.4127961811023617
0
LINE
8
BLACK
6
CONTINUOUS
10
5.8686788582677165
20
-4.4127961811023617
11
5.8689305118110235
21
-4.412922047244094
0
LINE
8
BLACK
6
CONTINUOUS
10
5.8689305118110235
20
-4.412922047244094
11
5.8692540551181098
21
-4.4132950787401573
0
LINE
8
BLACK
6
CONTINUOUS
10
5.8692540551181098
20
-4.4132950787401573
11
5.8696268503937006
21
-4.4136184251968507
0
LINE
8
BLACK
6
CONTINUOUS
10
5.8696268503937006
20
-4.4136184251968507
11
5.8697525590551178
21
-4.4138698425196852
0
LINE
8
BLACK
6
CONTINUOUS
10
5.8697525590551178
20
-4.4138698425196852
11
5.8699370078740154
21
-4.4140825196850395
0
LINE
8
BLACK
6
CONTINUOUS
10
5.8699370078740154
20
-4.4140825196850395
11
5.8702516141732284
21
-4.4147872440944882
0
LINE
8
BLACK
6
CONTINUOUS
10
5.8702516141732284
20
-4.4147872440944882
11
5.8833749606299213
21
-4.4541573228346456
0
LINE
8
BLACK
6
CONTINUOUS
10
5.8833749606299213
20
-4.4541573228346456
11
5.8835461023622049
21
-4.4549098818897637
0
LINE
8
BLACK
6
CONTINUOUS
10
5.8835461023622049
20
-4.4549098818897637
11
5.8834372047244097
21
-4.4564421653543302
0
LINE
8
BLACK
6
CONTINUOUS
10
5.8834372047244097
20
-4.4564421653543302
11
5.8827501968503935
21
-4.457816141732283
0
LINE
8
BLACK
6
CONTINUOUS
10
5.8827501968503935
20
-4.457816141732283
11
5.8815897244094488
21
-4.4588226377952758
0
LINE
8
BLACK
6
CONTINUOUS
10
5.8815897244094488
20
-4.4588226377952758
11
5.8801324015748033
21
-4.4593084251968502
0
LINE
8
BLACK
6
CONTINUOUS
10
5.8801324015748033
20
-4.4593084251968502
11
5.8786001181102359
21
-4.4591994881889763
0
LINE
8
BLACK
6
CONTINUOUS
10
5.8786001181102359
20
-4.4591994881889763
11
5.8772261417322831
21
-4.4585125196850397
0
LINE
8
BLACK
6
CONTINUOUS
10
5.8772261417322831
20
-4.4585125196850397
11
5.8762196456692912
21
-4.4573520472440942
0
LINE
8
BLACK
6
CONTINUOUS
10
5.8762196456692912
20
-4.4573520472440942
11
5.8759050393700782
21
-4.4566472834645667
0
LINE
8
BLACK
6
CONTINUOUS
10
5.8759050393700782
20
-4.4566472834645667
11
5.8730528346456694
21
-4.4480907086614172
0
LINE
8
BLACK
6
CONTINUOUS
10
5.8730528346456694
20
-4.4480907086614172
11
5.8599804724409443
21
-4.4480907086614172
0
LINE
8
BLACK
6
CONTINUOUS
10
5.8599804724409443
20
-4.4480907086614172
11
5.8571282677165355
21
-4.4566473228346455
0
LINE
8
BLACK
6
CONTINUOUS
10
5.8571282677165355
20
-4.4566473228346455
11
5.8568136614173225
21
-4.4573520472440942
0
LINE
8
BLACK
6
CONTINUOUS
10
5.8568136614173225
20
-4.4573520472440942
11
5.8558071653543307
21
-4.4585125196850397
0
LINE
8
BLACK
6
CONTINUOUS
10
5.8558071653543307
20
-4.4585125196850397
11
5.8544331889763779
21
-4.459199527559055
0
LINE
8
BLACK
6
CONTINUOUS
10
5.8544331889763779
20
-4.459199527559055
11
5.8529009055118113
21
-4.4593084251968502
0
LINE
8
BLACK
6
CONTINUOUS
10
5.8529009055118113
20
-4.4593084251968502
11
5.8514435826771649
21
-4.4588226771653545
0
LINE
8
BLACK
6
CONTINUOUS
10
5.8514435826771649
20
-4.4588226771653545
11
5.8502831102362203
21
-4.4578161811023618
0
LINE
8
BLACK
6
CONTINUOUS
10
5.8502831102362203
20
-4.4578161811023618
11
5.849596102362205
21
-4.456442204724409
0
LINE
8
BLACK
6
CONTINUOUS
10
5.849596102362205
20
-4.456442204724409
11
5.8494872047244098
21
-4.4549099212598424
0
LINE
8
BLACK
6
CONTINUOUS
10
5.8494872047244098
20
-4.4549099212598424
11
5.8496583464566925
21
-4.4541573228346456
0
LINE
8
BLACK
6
CONTINUOUS
10
5.8496583464566925
20
-4.4541573228346456
11
5.8627816929133854
21
-4.4147872834645669
0
LINE
8
BLACK
6
CONTINUOUS
10
5.8627816929133854
20
-4.4147872834645669
11
5.8630962992125983
21
-4.4140825196850395
0
LINE
8
BLACK
6
CONTINUOUS
10
5.8630962992125983
20
-4.4140825196850395
11
5.8632806692913384
21
-4.4138699212598427
0
LINE
8
BLACK
6
CONTINUOUS
10
5.8632806692913384
20
-4.4138699212598427
11
5.8634064566929132
21
-4.4136183858267719
0
LINE
8
BLACK
6
CONTINUOUS
10
5.8634064566929132
20
-4.4136183858267719
11
5.8637793307086614
21
-4.4132949212598422
0
LINE
8
BLACK
6
CONTINUOUS
10
5.8637793307086614
20
-4.4132949212598422
11
5.8641027952755902
21
-4.412922047244094
0
LINE
8
BLACK
6
CONTINUOUS
10
5.8641027952755902
20
-4.412922047244094
11
5.8643542913385822
21
-4.4127962598425192
0
LINE
8
BLACK
6
CONTINUOUS
10
5.8643542913385822
20
-4.4127962598425192
11
5.8645669291338578
21
-4.4126118897637792
0
LINE
8
BLACK
6
CONTINUOUS
10
5.8645669291338578
20
-4.4126118897637792
11
5.8650354724409448
21
-4.4124556692913384
0
LINE
8
BLACK
6
CONTINUOUS
10
5.8650354724409448
20
-4.4124556692913384
11
5.865476771653543
21
-4.4122350787401574
0
LINE
8
BLACK
6
CONTINUOUS
10
5.865476771653543
20
-4.4122350787401574
11
5.8657572440944881
21
-4.412215118110236
0
LINE
8
BLACK
6
CONTINUOUS
10
5.8657572440944881
20
-4.412215118110236
11
5.8660242519685042
21
-4.4121261417322835
0
LINE
8
BLACK
6
CONTINUOUS
10
5.8660242519685042
20
-4.4121261417322835
11
5.8665167322834648
21
-4.412161141732283
0
LINE
8
BLACK
6
CONTINUOUS
10
5.8665167322834648
20
-4.412161141732283
11
5.8670090551181104
21
-4.4121261417322835
0
LINE
8
BLACK
6
CONTINUOUS
10
5.8670090551181104
20
-4.4121261417322835
11
5.8672759055118107
21
-4.4122150787401573
0
LINE
8
BLACK
6
CONTINUOUS
10
5.8626051574803144
20
-4.4402166929133857
11
5.8704281889763781
21
-4.4402166929133857
0
LINE
8
BLACK
6
CONTINUOUS
10
5.8704281889763781
20
-4.4402166929133857
11
5.8665166535433073
21
-4.4284821259842522
0
LINE
8
BLACK
6
CONTINUOUS
10
5.8665166535433073
20
-4.4284821259842522
11
5.8626051574803144
21
-4.4402166929133857
0
LINE
8
BLACK
6
CONTINUOUS
10
5.8949506299212597
20
-4.4127587401574804
11
5.8960368503937008
21
-4.4138449606299215
0
LINE
8
BLACK
6
CONTINUOUS
10
5.8960368503937008
20
-4.4138449606299215
11
5.896624724409449
21
-4.415264173228346
0
LINE
8
BLACK
6
CONTINUOUS
10
5.896624724409449
20
-4.415264173228346
11
5.8967003543307088
21
-4.4160322440944881
0
LINE
8
BLACK
6
CONTINUOUS
10
5.8967003543307088
20
-4.4160322440944881
11
5.8967003543307088
21
-4.4554023228346455
0
LINE
8
BLACK
6
CONTINUOUS
10
5.8967003543307088
20
-4.4554023228346455
11
5.896624724409449
21
-4.4561703937007877
0
LINE
8
BLACK
6
CONTINUOUS
10
5.896624724409449
20
-4.4561703937007877
11
5.8960368503937008
21
-4.4575896062992122
0
LINE
8
BLACK
6
CONTINUOUS
10
5.8960368503937008
20
-4.4575896062992122
11
5.8949506299212597
21
-4.4586758267716533
0
LINE
8
BLACK
6
CONTINUOUS
10
5.8949506299212597
20
-4.4586758267716533
11
5.8935314173228344
21
-4.4592637007874014
0
LINE
8
BLACK
6
CONTINUOUS
10
5.8935314173228344
20
-4.4592637007874014
11
5.8919952755905509
21
-4.4592637007874014
0
LINE
8
BLACK
6
CONTINUOUS
10
5.8919952755905509
20
-4.4592637007874014
11
5.8905760629921256
21
-4.4586758267716533
0
LINE
8
BLACK
6
CONTINUOUS
10
5.8905760629921256
20
-4.4586758267716533
11
5.8894898425196853
21
-4.4575896062992122
0
LINE
8
BLACK
6
CONTINUOUS
10
5.8894898425196853
20
-4.4575896062992122
11
5.8889019685039372
21
-4.4561703937007877
0
LINE
8
BLACK
6
CONTINUOUS
10
5.8889019685039372
20
-4.4561703937007877
11
5.8888263385826773
21
-4.4554023228346455
0
LINE
8
BLACK
6
CONTINUOUS
10
5.8888263385826773
20
-4.4554023228346455
11
5.8888263385826773
21
-4.4160322440944881
0
LINE
8
BLACK
6
CONTINUOUS
10
5.8888263385826773
20
-4.4160322440944881
11
5.8889019685039372
21
-4.415264173228346
0
LINE
8
BLACK
6
CONTINUOUS
10
5.8889019685039372
20
-4.415264173228346
11
5.8894898425196853
21
-4.4138449606299215
0
LINE
8
BLACK
6
CONTINUOUS
10
5.8894898425196853
20
-4.4138449606299215
11
5.8905760629921256
21
-4.4127587401574804
0
LINE
8
BLACK
6
CONTINUOUS
10
5.8905760629921256
20
-4.4127587401574804
11
5.8919952755905509
21
-4.4121708661417323
0
LINE
8
BLACK
6
CONTINUOUS
10
5.8919952755905509
20
-4.4121708661417323
11
5.8935314173228344
21
-4.4121708661417323
0
LINE
8
BLACK
6
CONTINUOUS
10
5.8935314173228344
20
-4.4121708661417323
11
5.8949506299212597
21
-4.4127587401574804
0
LINE
8
BLACK
6
CONTINUOUS
10
6.1578733858267718
20
-4.4121708661417323
11
6.1592925984251963
21
-4.4127587401574804
0
LINE
8
BLACK
6
CONTINUOUS
10
6.1592925984251963
20
-4.4127587401574804
11
6.1603788188976374
21
-4.4138449606299215
0
LINE
8
BLACK
6
CONTINUOUS
10
6.1603788188976374
20
-4.4138449606299215
11
6.1609666929133855
21
-4.415264173228346
0
LINE
8
BLACK
6
CONTINUOUS
10
6.1609666929133855
20
-4.415264173228346
11
6.1610423228346454
21
-4.4160322440944881
0
LINE
8
BLACK
6
CONTINUOUS
10
6.1610423228346454
20
-4.4160322440944881
11
6.1610423228346454
21
-4.4554023228346455
0
LINE
8
BLACK
6
CONTINUOUS
10
6.1610423228346454
20
-4.4554023228346455
11
6.1609666929133855
21
-4.4561703937007877
0
LINE
8
BLACK
6
CONTINUOUS
10
6.1609666929133855
20
-4.4561703937007877
11
6.1603788188976374
21
-4.4575896062992122
0
LINE
8
BLACK
6
CONTINUOUS
10
6.1603788188976374
20
-4.4575896062992122
11
6.1592925984251963
21
-4.4586758267716533
0
LINE
8
BLACK
6
CONTINUOUS
10
6.1592925984251963
20
-4.4586758267716533
11
6.1578733858267718
21
-4.4592637007874014
0
LINE
8
BLACK
6
CONTINUOUS
10
6.1578733858267718
20
-4.4592637007874014
11
6.1563372440944883
21
-4.4592637007874014
0
LINE
8
BLACK
6
CONTINUOUS
10
6.1563372440944883
20
-4.4592637007874014
11
6.154918031496063
21
-4.4586758267716533
0
LINE
8
BLACK
6
CONTINUOUS
10
6.154918031496063
20
-4.4586758267716533
11
6.1538318110236219
21
-4.4575896062992122
0
LINE
8
BLACK
6
CONTINUOUS
10
6.1538318110236219
20
-4.4575896062992122
11
6.1532439370078738
21
-4.4561703937007877
0
LINE
8
BLACK
6
CONTINUOUS
10
6.1532439370078738
20
-4.4561703937007877
11
6.1531683070866139
21
-4.4554023228346455
0
LINE
8
BLACK
6
CONTINUOUS
10
6.1531683070866139
20
-4.4554023228346455
11
6.1531683070866139
21
-4.4387168897637794
0
LINE
8
BLACK
6
CONTINUOUS
10
6.1531683070866139
20
-4.4387168897637794
11
6.1439819685039367
21
-4.4387168897637794
0
LINE
8
BLACK
6
CONTINUOUS
10
6.1439819685039367
20
-4.4387168897637794
11
6.1432138976377955
21
-4.4386412598425196
0
LINE
8
BLACK
6
CONTINUOUS
10
6.1432138976377955
20
-4.4386412598425196
11
6.1417946850393701
21
-4.4380533858267714
0
LINE
8
BLACK
6
CONTINUOUS
10
6.1417946850393701
20
-4.4380533858267714
11
6.140708464566929
21
-4.4369671653543303
0
LINE
8
BLACK
6
CONTINUOUS
10
6.140708464566929
20
-4.4369671653543303
11
6.1401205905511809
21
-4.4355479527559059
0
LINE
8
BLACK
6
CONTINUOUS
10
6.1401205905511809
20
-4.4355479527559059
11
6.1401205905511809
21
-4.4340118110236215
0
LINE
8
BLACK
6
CONTINUOUS
10
6.1401205905511809
20
-4.4340118110236215
11
6.140708464566929
21
-4.432592598425197
0
LINE
8
BLACK
6
CONTINUOUS
10
6.140708464566929
20
-4.432592598425197
11
6.1417946850393701
21
-4.4315063779527559
0
LINE
8
BLACK
6
CONTINUOUS
10
6.1417946850393701
20
-4.4315063779527559
11
6.1432138976377955
21
-4.4309185039370078
0
LINE
8
BLACK
6
CONTINUOUS
10
6.1432138976377955
20
-4.4309185039370078
11
6.1439819685039367
21
-4.4308428740157479
0
LINE
8
BLACK
6
CONTINUOUS
10
6.1439819685039367
20
-4.4308428740157479
11
6.1531683070866139
21
-4.4308428740157479
0
LINE
8
BLACK
6
CONTINUOUS
10
6.1531683070866139
20
-4.4308428740157479
11
6.1531683070866139
21
-4.4199692519685039
0
LINE
8
BLACK
6
CONTINUOUS
10
6.1531683070866139
20
-4.4199692519685039
11
6.1383576771653541
21
-4.4199692519685039
0
LINE
8
BLACK
6
CONTINUOUS
10
6.1383576771653541
20
-4.4199692519685039
11
6.1375896062992128
21
-4.419893622047244
0
LINE
8
BLACK
6
CONTINUOUS
10
6.1375896062992128
20
-4.419893622047244
11
6.1361703937007874
21
-4.4193057480314959
0
LINE
8
BLACK
6
CONTINUOUS
10
6.1361703937007874
20
-4.4193057480314959
11
6.1350841732283463
21
-4.4182195275590548
0
LINE
8
BLACK
6
CONTINUOUS
10
6.1350841732283463
20
-4.4182195275590548
11
6.1344962992125982
21
-4.4168003149606294
0
LINE
8
BLACK
6
CONTINUOUS
10
6.1344962992125982
20
-4.4168003149606294
11
6.1344962992125982
21
-4.415264173228346
0
LINE
8
BLACK
6
CONTINUOUS
10
6.1344962992125982
20
-4.415264173228346
11
6.1350841732283463
21
-4.4138449606299215
0
LINE
8
BLACK
6
CONTINUOUS
10
6.1350841732283463
20
-4.4138449606299215
11
6.1361703937007874
21
-4.4127587401574804
0
LINE
8
BLACK
6
CONTINUOUS
10
6.1361703937007874
20
-4.4127587401574804
11
6.1375896062992128
21
-4.4121708661417323
0
LINE
8
BLACK
6
CONTINUOUS
10
6.1375896062992128
20
-4.4121708661417323
11
6.1383576771653541
21
-4.4120952362204724
0
LINE
8
BLACK
6
CONTINUOUS
10
6.1383576771653541
20
-4.4120952362204724
11
6.1571053149606296
21
-4.4120952362204724
0
LINE
8
BLACK
6
CONTINUOUS
10
6.1571053149606296
20
-4.4120952362204724
11
6.1578733858267718
21
-4.4121708661417323
0
LINE
8
BLACK
6
CONTINUOUS
10
6.1934939370078741
20
-4.4121708661417323
11
6.1949131496062995
21
-4.4127587401574804
0
LINE
8
BLACK
6
CONTINUOUS
10
6.1949131496062995
20
-4.4127587401574804
11
6.1959993700787397
21
-4.4138449606299215
0
LINE
8
BLACK
6
CONTINUOUS
10
6.1959993700787397
20
-4.4138449606299215
11
6.1965872440944878
21
-4.415264173228346
0
LINE
8
BLACK
6
CONTINUOUS
10
6.1965872440944878
20
-4.415264173228346
11
6.1965872440944878
21
-4.4168003149606294
0
LINE
8
BLACK
6
CONTINUOUS
10
6.1965872440944878
20
-4.4168003149606294
11
6.1959993700787397
21
-4.4182195275590548
0
LINE
8
BLACK
6
CONTINUOUS
10
6.1959993700787397
20
-4.4182195275590548
11
6.1949131496062995
21
-4.4193057480314959
0
LINE
8
BLACK
6
CONTINUOUS
10
6.1949131496062995
20
-4.4193057480314959
11
6.1934939370078741
21
-4.419893622047244
0
LINE
8
BLACK
6
CONTINUOUS
10
6.1934939370078741
20
-4.419893622047244
11
6.1927258661417319
21
-4.4199692519685039
0
LINE
8
BLACK
6
CONTINUOUS
10
6.1927258661417319
20
-4.4199692519685039
11
6.1854142913385823
21
-4.4199692519685039
0
LINE
8
BLACK
6
CONTINUOUS
10
6.1854142913385823
20
-4.4199692519685039
11
6.1854142913385823
21
-4.4554023228346455
0
LINE
8
BLACK
6
CONTINUOUS
10
6.1854142913385823
20
-4.4554023228346455
11
6.1853386614173225
21
-4.4561703937007877
0
LINE
8
BLACK
6
CONTINUOUS
10
6.1853386614173225
20
-4.4561703937007877
11
6.1847507874015744
21
-4.4575896062992122
0
LINE
8
BLACK
6
CONTINUOUS
10
6.1847507874015744
20
-4.4575896062992122
11
6.1836645669291341
21
-4.4586758267716533
0
LINE
8
BLACK
6
CONTINUOUS
10
6.1836645669291341
20
-4.4586758267716533
11
6.1822453543307088
21
-4.4592637007874014
0
LINE
8
BLACK
6
CONTINUOUS
10
6.1822453543307088
20
-4.4592637007874014
11
6.1807092125984253
21
-4.4592637007874014
0
LINE
8
BLACK
6
CONTINUOUS
10
6.1807092125984253
20
-4.4592637007874014
11
6.1792899999999999
21
-4.4586758267716533
0
LINE
8
BLACK
6
CONTINUOUS
10
6.1792899999999999
20
-4.4586758267716533
11
6.1782037795275588
21
-4.4575896062992122
0
LINE
8
BLACK
6
CONTINUOUS
10
6.1782037795275588
20
-4.4575896062992122
11
6.1776159055118107
21
-4.4561703937007877
0
LINE
8
BLACK
6
CONTINUOUS
10
6.1776159055118107
20
-4.4561703937007877
11
6.1775402755905509
21
-4.4554023228346455
0
LINE
8
BLACK
6
CONTINUOUS
10
6.1775402755905509
20
-4.4554023228346455
11
6.1775402755905509
21
-4.4199692519685039
0
LINE
8
BLACK
6
CONTINUOUS
10
6.1775402755905509
20
-4.4199692519685039
11
6.1702287007874013
21
-4.4199692519685039
0
LINE
8
BLACK
6
CONTINUOUS
10
6.1702287007874013
20
-4.4199692519685039
11
6.16946062992126
21
-4.419893622047244
0
LINE
8
BLACK
6
CONTINUOUS
10
6.16946062992126
20
-4.419893622047244
11
6.1680414173228346
21
-4.4193057480314959
0
LINE
8
BLACK
6
CONTINUOUS
10
6.1680414173228346
20
-4.4193057480314959
11
6.1669551968503935
21
-4.4182195275590548
0
LINE
8
BLACK
6
CONTINUOUS
10
6.1669551968503935
20
-4.4182195275590548
11
6.1663673228346454
21
-4.4168003149606294
0
LINE
8
BLACK
6
CONTINUOUS
10
6.1663673228346454
20
-4.4168003149606294
11
6.1663673228346454
21
-4.415264173228346
0
LINE
8
BLACK
6
CONTINUOUS
10
6.1663673228346454
20
-4.415264173228346
11
6.1669551968503935
21
-4.4138449606299215
0
LINE
8
BLACK
6
CONTINUOUS
10
6.1669551968503935
20
-4.4138449606299215
11
6.1680414173228346
21
-4.4127587401574804
0
LINE
8
BLACK
6
CONTINUOUS
10
6.1680414173228346
20
-4.4127587401574804
11
6.16946062992126
21
-4.4121708661417323
0
LINE
8
BLACK
6
CONTINUOUS
10
6.16946062992126
20
-4.4121708661417323
11
6.1702287007874013
21
-4.4120952362204724
0
LINE
8
BLACK
6
CONTINUOUS
10
6.1702287007874013
20
-4.4120952362204724
11
6.1927258661417319
21
-4.4120952362204724
0
LINE
8
BLACK
6
CONTINUOUS
10
6.1927258661417319
20
-4.4120952362204724
11
6.1934939370078741
21
-4.4121708661417323
0
LINE
8
BLACK
6
CONTINUOUS
10
5.5488174015748033
20
-4.4238838976377952
11
5.5516114173228344
21
-4.4257507874015749
0
LINE
8
BLACK
6
CONTINUOUS
10
5.5516114173228344
20
-4.4257507874015749
11
5.5534783070866141
21
-4.428544803149606
0
LINE
8
BLACK
6
CONTINUOUS
10
5.5534783070866141
20
-4.428544803149606
11
5.5541338582677167
21
-4.4318405511811019
0
LINE
8
BLACK
6
CONTINUOUS
10
5.5541338582677167
20
-4.4318405511811019
11
5.5541338582677167
21
-4.434547244094488
0
LINE
8
BLACK
6
CONTINUOUS
10
5.5541338582677167
20
-4.434547244094488
11
5.5837592913385823
21
-4.434547244094488
0
LINE
8
BLACK
6
CONTINUOUS
10
5.5837592913385823
20
-4.434547244094488
11
5.5842607874015746
21
-4.4320261023622045
0
LINE
8
BLACK
6
CONTINUOUS
10
5.5842607874015746
20
-4.4320261023622045
11
5.5859676771653541
21
-4.4294716141732282
0
LINE
8
BLACK
6
CONTINUOUS
10
5.5859676771653541
20
-4.4294716141732282
11
5.5885221653543304
21
-4.4277647244094487
0
LINE
8
BLACK
6
CONTINUOUS
10
5.5885221653543304
20
-4.4277647244094487
11
5.5915354330708658
21
-4.4271653543307083
0
LINE
8
BLACK
6
CONTINUOUS
10
5.5915354330708658
20
-4.4271653543307083
11
5.6131889763779528
21
-4.4271653543307083
0
LINE
8
BLACK
6
CONTINUOUS
10
5.6131889763779528
20
-4.4271653543307083
11
5.6162022440944881
21
-4.4277647244094487
0
LINE
8
BLACK
6
CONTINUOUS
10
5.6162022440944881
20
-4.4277647244094487
11
5.6187567322834644
21
-4.4294716141732282
0
LINE
8
BLACK
6
CONTINUOUS
10
5.6187567322834644
20
-4.4294716141732282
11
5.6204636220472439
21
-4.4320261023622045
0
LINE
8
BLACK
6
CONTINUOUS
10
5.6204636220472439
20
-4.4320261023622045
11
5.6210629921259843
21
-4.4350393700787398
0
LINE
8
BLACK
6
CONTINUOUS
10
5.6210629921259843
20
-4.4350393700787398
11
5.6210629921259843
21
-4.4507874015748028
0
LINE
8
BLACK
6
CONTINUOUS
10
5.6210629921259843
20
-4.4507874015748028
11
5.6204636220472439
21
-4.4538006692913381
0
LINE
8
BLACK
6
CONTINUOUS
10
5.6204636220472439
20
-4.4538006692913381
11
5.6187567322834644
21
-4.4563551574803153
0
LINE
8
BLACK
6
CONTINUOUS
10
5.6187567322834644
20
-4.4563551574803153
11
5.6162022440944881
21
-4.4580620472440948
0
LINE
8
BLACK
6
CONTINUOUS
10
5.6162022440944881
20
-4.4580620472440948
11
5.6131889763779528
21
-4.4586614173228343
0
LINE
8
BLACK
6
CONTINUOUS
10
5.6131889763779528
20
-4.4586614173228343
11
5.5915354330708658
21
-4.4586614173228343
0
LINE
8
BLACK
6
CONTINUOUS
10
5.5915354330708658
20
-4.4586614173228343
11
5.5885221653543304
21
-4.4580620472440948
0
LINE
8
BLACK
6
CONTINUOUS
10
5.5885221653543304
20
-4.4580620472440948
11
5.5859676771653541
21
-4.4563551574803153
0
LINE
8
BLACK
6
CONTINUOUS
10
5.5859676771653541
20
-4.4563551574803153
11
5.5842607874015746
21
-4.4538006692913381
0
LINE
8
BLACK
6
CONTINUOUS
10
5.5842607874015746
20
-4.4538006692913381
11
5.5836614173228343
21
-4.4507874015748028
0
LINE
8
BLACK
6
CONTINUOUS
10
5.5836614173228343
20
-4.4507874015748028
11
5.5836614173228343
21
-4.4463582677165352
0
LINE
8
BLACK
6
CONTINUOUS
10
5.5836614173228343
20
-4.4463582677165352
11
5.5541338582677167
21
-4.4463582677165352
0
LINE
8
BLACK
6
CONTINUOUS
10
5.5541338582677167
20
-4.4463582677165352
11
5.5541338582677167
21
-4.4490649606299213
0
LINE
8
BLACK
6
CONTINUOUS
10
5.5541338582677167
20
-4.4490649606299213
11
5.5534783070866141
21
-4.4523607086614172
0
LINE
8
BLACK
6
CONTINUOUS
10
5.5534783070866141
20
-4.4523607086614172
11
5.5516114173228344
21
-4.4551547244094492
0
LINE
8
BLACK
6
CONTINUOUS
10
5.5516114173228344
20
-4.4551547244094492
11
5.5488174015748033
21
-4.457021614173228
0
LINE
8
BLACK
6
CONTINUOUS
10
5.5488174015748033
20
-4.457021614173228
11
5.5455216535433074
21
-4.4576771653543306
0
LINE
8
BLACK
6
CONTINUOUS
10
5.5455216535433074
20
-4.4576771653543306
11
5.5253444881889759
21
-4.4576771653543306
0
LINE
8
BLACK
6
CONTINUOUS
10
5.5253444881889759
20
-4.4576771653543306
11
5.52204874015748
21
-4.457021614173228
0
LINE
8
BLACK
6
CONTINUOUS
10
5.52204874015748
20
-4.457021614173228
11
5.519254724409449
21
-4.4551547244094492
0
LINE
8
BLACK
6
CONTINUOUS
10
5.519254724409449
20
-4.4551547244094492
11
5.5173878346456693
21
-4.4523607086614172
0
LINE
8
BLACK
6
CONTINUOUS
10
5.5173878346456693
20
-4.4523607086614172
11
5.5167322834645667
21
-4.4490649606299213
0
LINE
8
BLACK
6
CONTINUOUS
10
5.5167322834645667
20
-4.4490649606299213
11
5.5167322834645667
21
-4.4318405511811019
0
LINE
8
BLACK
6
CONTINUOUS
10
5.5167322834645667
20
-4.4318405511811019
11
5.5173878346456693
21
-4.428544803149606
0
LINE
8
BLACK
6
CONTINUOUS
10
5.5173878346456693
20
-4.428544803149606
11
5.519254724409449
21
-4.4257507874015749
0
LINE
8
BLACK
6
CONTINUOUS
10
5.519254724409449
20
-4.4257507874015749
11
5.52204874015748
21
-4.4238838976377952
0
LINE
8
BLACK
6
CONTINUOUS
10
5.52204874015748
20
-4.4238838976377952
11
5.5253444881889759
21
-4.4232283464566926
0
LINE
8
BLACK
6
CONTINUOUS
10
5.5253444881889759
20
-4.4232283464566926
11
5.5455216535433074
21
-4.4232283464566926
0
LINE
8
BLACK
6
CONTINUOUS
10
5.5455216535433074
20
-4.4232283464566926
11
5.5488174015748033
21
-4.4238838976377952
0
LINE
8
BLACK
6
CONTINUOUS
10
5.5296485433070863
20
-4.1547420472440946
11
5.5332088582677166
21
-4.1567975984251966
0
LINE
8
BLACK
6
CONTINUOUS
10
5.5332088582677166
20
-4.1567975984251966
11
5.5361157874015747
21
-4.1597045275590547
0
LINE
8
BLACK
6
CONTINUOUS
10
5.5361157874015747
20
-4.1597045275590547
11
5.5381713385826767
21
-4.163264842519685
0
LINE
8
BLACK
6
CONTINUOUS
10
5.5381713385826767
20
-4.163264842519685
11
5.5392353543307085
21
-4.1672358267716536
0
LINE
8
BLACK
6
CONTINUOUS
10
5.5392353543307085
20
-4.1672358267716536
11
5.5392353543307085
21
-4.171346850393701
0
LINE
8
BLACK
6
CONTINUOUS
10
5.5392353543307085
20
-4.171346850393701
11
5.5381713385826767
21
-4.1753178346456696
0
LINE
8
BLACK
6
CONTINUOUS
10
5.5381713385826767
20
-4.1753178346456696
11
5.5361157874015747
21
-4.178878149606299
0
LINE
8
BLACK
6
CONTINUOUS
10
5.5361157874015747
20
-4.178878149606299
11
5.5332088582677166
21
-4.1817850787401571
0
LINE
8
BLACK
6
CONTINUOUS
10
5.5332088582677166
20
-4.1817850787401571
11
5.5296485433070863
21
-4.18384062992126
0
LINE
8
BLACK
6
CONTINUOUS
10
5.5296485433070863
20
-4.18384062992126
11
5.5275590551181102
21
-4.1844004724409452
0
LINE
8
BLACK
6
CONTINUOUS
10
5.5275590551181102
20
-4.1844004724409452
11
5.5275590551181102
21
-4.2447699999999999
0
LINE
8
BLACK
6
CONTINUOUS
10
5.5275590551181102
20
-4.2447699999999999
11
5.5807086220472444
21
-4.2979195669291341
0
LINE
8
BLACK
6
CONTINUOUS
10
5.5807086220472444
20
-4.2979195669291341
11
5.6381330314960625
21
-4.2404951968503939
0
LINE
8
BLACK
6
CONTINUOUS
10
5.6381330314960625
20
-4.2404951968503939
11
5.6393262204724408
21
-4.2395159842519687
0
LINE
8
BLACK
6
CONTINUOUS
10
5.6393262204724408
20
-4.2395159842519687
11
5.6421646456692915
21
-4.2383402755905513
0
LINE
8
BLACK
6
CONTINUOUS
10
5.6421646456692915
20
-4.2383402755905513
11
5.643700787401575
21
-4.2381889763779528
0
LINE
8
BLACK
6
CONTINUOUS
10
5.643700787401575
20
-4.2381889763779528
11
5.6820866141732278
21
-4.2381889763779528
0
LINE
8
BLACK
6
CONTINUOUS
10
5.6820866141732278
20
-4.2381889763779528
11
5.6820866141732278
21
-4.2372047244094491
0
LINE
8
BLACK
6
CONTINUOUS
10
5.6820866141732278
20
-4.2372047244094491
11
5.6827609055118105
21
-4.2338148031496061
0
LINE
8
BLACK
6
CONTINUOUS
10
5.6827609055118105
20
-4.2338148031496061
11
5.6846811417322831
21
-4.2309409842519683
0
LINE
8
BLACK
6
CONTINUOUS
10
5.6846811417322831
20
-4.2309409842519683
11
5.6875549606299209
21
-4.2290207480314956
0
LINE
8
BLACK
6
CONTINUOUS
10
5.6875549606299209
20
-4.2290207480314956
11
5.6909448818897639
21
-4.228346456692913
0
LINE
8
BLACK
6
CONTINUOUS
10
5.6909448818897639
20
-4.228346456692913
11
5.7106299212598426
21
-4.228346456692913
0
LINE
8
BLACK
6
CONTINUOUS
10
5.7106299212598426
20
-4.228346456692913
11
5.7140198425196846
21
-4.2290207480314956
0
LINE
8
BLACK
6
CONTINUOUS
10
5.7140198425196846
20
-4.2290207480314956
11
5.7168936614173225
21
-4.2309409842519683
0
LINE
8
BLACK
6
CONTINUOUS
10
5.7168936614173225
20
-4.2309409842519683
11
5.7188138976377951
21
-4.2338148031496061
0
LINE
8
BLACK
6
CONTINUOUS
10
5.7188138976377951
20
-4.2338148031496061
11
5.719292401574803
21
-4.2362204724409445
0
LINE
8
BLACK
6
CONTINUOUS
10
5.719292401574803
20
-4.2362204724409445
11
5.7301750393700788
21
-4.2362204724409445
0
LINE
8
BLACK
6
CONTINUOUS
10
5.7301750393700788
20
-4.2362204724409445
11
5.7447244094488186
21
-4.2216711023622047
0
LINE
8
BLACK
6
CONTINUOUS
10
5.7447244094488186
20
-4.2216711023622047
11
5.7447244094488186
21
-4.2103838582677167
0
LINE
8
BLACK
6
CONTINUOUS
10
5.7447244094488186
20
-4.2103838582677167
11
5.7453799606299212
21
-4.2070881102362208
0
LINE
8
BLACK
6
CONTINUOUS
10
5.7453799606299212
20
-4.2070881102362208
11
5.7472468503937009
21
-4.2042940944881888
0
LINE
8
BLACK
6
CONTINUOUS
10
5.7472468503937009
20
-4.2042940944881888
11
5.7500408661417319
21
-4.2024272047244091
0
LINE
8
BLACK
6
CONTINUOUS
10
5.7500408661417319
20
-4.2024272047244091
11
5.7533366141732278
21
-4.2017716535433074
0
LINE
8
BLACK
6
CONTINUOUS
10
5.7533366141732278
20
-4.2017716535433074
11
5.7833562992125982
21
-4.2017716535433074
0
LINE
8
BLACK
6
CONTINUOUS
10
5.7833562992125982
20
-4.2017716535433074
11
5.7866520472440941
21
-4.2024272047244091
0
LINE
8
BLACK
6
CONTINUOUS
10
5.7866520472440941
20
-4.2024272047244091
11
5.7894460629921261
21
-4.2042940944881888
0
LINE
8
BLACK
6
CONTINUOUS
10
5.7894460629921261
20
-4.2042940944881888
11
5.7913129527559057
21
-4.2070881102362208
0
LINE
8
BLACK
6
CONTINUOUS
10
5.7913129527559057
20
-4.2070881102362208
11
5.7919685039370075
21
-4.2103838582677167
0
LINE
8
BLACK
6
CONTINUOUS
10
5.7919685039370075
20
-4.2103838582677167
11
5.7919685039370075
21
-4.2276082677165352
0
LINE
8
BLACK
6
CONTINUOUS
10
5.7919685039370075
20
-4.2276082677165352
11
5.7913129527559057
21
-4.2309040157480311
0
LINE
8
BLACK
6
CONTINUOUS
10
5.7913129527559057
20
-4.2309040157480311
11
5.7894460629921261
21
-4.2336980314960631
0
LINE
8
BLACK
6
CONTINUOUS
10
5.7894460629921261
20
-4.2336980314960631
11
5.7866520472440941
21
-4.2355649212598427
0
LINE
8
BLACK
6
CONTINUOUS
10
5.7866520472440941
20
-4.2355649212598427
11
5.7833562992125982
21
-4.2362204724409445
0
LINE
8
BLACK
6
CONTINUOUS
10
5.7833562992125982
20
-4.2362204724409445
11
5.758013937007874
21
-4.2362204724409445
0
LINE
8
BLACK
6
CONTINUOUS
10
5.758013937007874
20
-4.2362204724409445
11
5.7412116929133861
21
-4.2530227165354333
0
LINE
8
BLACK
6
CONTINUOUS
10
5.7412116929133861
20
-4.2530227165354333
11
5.7397203543307089
21
-4.2542465354330705
0
LINE
8
BLACK
6
CONTINUOUS
10
5.7397203543307089
20
-4.2542465354330705
11
5.7397201968503939
21
-4.2542467322834643
0
LINE
8
BLACK
6
CONTINUOUS
10
5.7397201968503939
20
-4.2542467322834643
11
5.7361721653543309
21
-4.2557163779527558
0
LINE
8
BLACK
6
CONTINUOUS
10
5.7361721653543309
20
-4.2557163779527558
11
5.734251968503937
21
-4.2559055118110232
0
LINE
8
BLACK
6
CONTINUOUS
10
5.734251968503937
20
-4.2559055118110232
11
5.719292401574803
21
-4.2559055118110232
0
LINE
8
BLACK
6
CONTINUOUS
10
5.719292401574803
20
-4.2559055118110232
11
5.7188138976377951
21
-4.2583111811023624
0
LINE
8
BLACK
6
CONTINUOUS
10
5.7188138976377951
20
-4.2583111811023624
11
5.7168936614173225
21
-4.2611850000000002
0
LINE
8
BLACK
6
CONTINUOUS
10
5.7168936614173225
20
-4.2611850000000002
11
5.7140198425196846
21
-4.263105236220472
0
LINE
8
BLACK
6
CONTINUOUS
10
5.7140198425196846
20
-4.263105236220472
11
5.7106299212598426
21
-4.2637795275590546
0
LINE
8
BLACK
6
CONTINUOUS
10
5.7106299212598426
20
-4.2637795275590546
11
5.6909448818897639
21
-4.2637795275590546
0
LINE
8
BLACK
6
CONTINUOUS
10
5.6909448818897639
20
-4.2637795275590546
11
5.6875549606299209
21
-4.263105236220472
0
LINE
8
BLACK
6
CONTINUOUS
10
5.6875549606299209
20
-4.263105236220472
11
5.6846811417322831
21
-4.2611850000000002
0
LINE
8
BLACK
6
CONTINUOUS
10
5.6846811417322831
20
-4.2611850000000002
11
5.6827609055118105
21
-4.2583111811023624
0
LINE
8
BLACK
6
CONTINUOUS
10
5.6827609055118105
20
-4.2583111811023624
11
5.6820866141732278
21
-4.2549212598425195
0
LINE
8
BLACK
6
CONTINUOUS
10
5.6820866141732278
20
-4.2549212598425195
11
5.6820866141732278
21
-4.2539370078740157
0
LINE
8
BLACK
6
CONTINUOUS
10
5.6820866141732278
20
-4.2539370078740157
11
5.6469623228346455
21
-4.2539370078740157
0
LINE
8
BLACK
6
CONTINUOUS
10
5.6469623228346455
20
-4.2539370078740157
11
5.5862766141732285
21
-4.3146226377952752
0
LINE
8
BLACK
6
CONTINUOUS
10
5.5862766141732285
20
-4.3146226377952752
11
5.5862764566929135
21
-4.3146228740157477
0
LINE
8
BLACK
6
CONTINUOUS
10
5.5862764566929135
20
-4.3146228740157477
11
5.5433070866141732
21
-4.3575922047244093
0
LINE
8
BLACK
6
CONTINUOUS
10
5.5433070866141732
20
-4.3575922047244093
11
5.5433070866141732
21
-4.3612204724409445
0
LINE
8
BLACK
6
CONTINUOUS
10
5.5433070866141732
20
-4.3612204724409445
11
5.5455216535433074
21
-4.3612204724409445
0
LINE
8
BLACK
6
CONTINUOUS
10
5.5455216535433074
20
-4.3612204724409445
11
5.5488174015748033
21
-4.3618760236220471
0
LINE
8
BLACK
6
CONTINUOUS
10
5.5488174015748033
20
-4.3618760236220471
11
5.5516114173228344
21
-4.3637429133858268
0
LINE
8
BLACK
6
CONTINUOUS
10
5.5516114173228344
20
-4.3637429133858268
11
5.5534783070866141
21
-4.3665369291338578
0
LINE
8
BLACK
6
CONTINUOUS
10
5.5534783070866141
20
-4.3665369291338578
11
5.5541338582677167
21
-4.3698326771653546
0
LINE
8
BLACK
6
CONTINUOUS
10
5.5541338582677167
20
-4.3698326771653546
11
5.5541338582677167
21
-4.3870570866141732
0
LINE
8
BLACK
6
CONTINUOUS
10
5.5541338582677167
20
-4.3870570866141732
11
5.5534783070866141
21
-4.3903528346456691
0
LINE
8
BLACK
6
CONTINUOUS
10
5.5534783070866141
20
-4.3903528346456691
11
5.5516114173228344
21
-4.393146850393701
0
LINE
8
BLACK
6
CONTINUOUS
10
5.5516114173228344
20
-4.393146850393701
11
5.5488174015748033
21
-4.3950137401574798
0
LINE
8
BLACK
6
CONTINUOUS
10
5.5488174015748033
20
-4.3950137401574798
11
5.5455216535433074
21
-4.3956692913385824
0
LINE
8
BLACK
6
CONTINUOUS
10
5.5455216535433074
20
-4.3956692913385824
11
5.5253444881889759
21
-4.3956692913385824
0
LINE
8
BLACK
6
CONTINUOUS
10
5.5253444881889759
20
-4.3956692913385824
11
5.52204874015748
21
-4.3950137401574798
0
LINE
8
BLACK
6
CONTINUOUS
10
5.52204874015748
20
-4.3950137401574798
11
5.519254724409449
21
-4.393146850393701
0
LINE
8
BLACK
6
CONTINUOUS
10
5.519254724409449
20
-4.393146850393701
11
5.5173878346456693
21
-4.3903528346456691
0
LINE
8
BLACK
6
CONTINUOUS
10
5.5173878346456693
20
-4.3903528346456691
11
5.5167322834645667
21
-4.3870570866141732
0
LINE
8
BLACK
6
CONTINUOUS
10
5.5167322834645667
20
-4.3870570866141732
11
5.5167322834645667
21
-4.3698326771653546
0
LINE
8
BLACK
6
CONTINUOUS
10
5.5167322834645667
20
-4.3698326771653546
11
5.5173878346456693
21
-4.3665369291338578
0
LINE
8
BLACK
6
CONTINUOUS
10
5.5173878346456693
20
-4.3665369291338578
11
5.519254724409449
21
-4.3637429133858268
0
LINE
8
BLACK
6
CONTINUOUS
10
5.519254724409449
20
-4.3637429133858268
11
5.52204874015748
21
-4.3618760236220471
0
LINE
8
BLACK
6
CONTINUOUS
10
5.52204874015748
20
-4.3618760236220471
11
5.5253444881889759
21
-4.3612204724409445
0
LINE
8
BLACK
6
CONTINUOUS
10
5.5253444881889759
20
-4.3612204724409445
11
5.5275590551181102
21
-4.3612204724409445
0
LINE
8
BLACK
6
CONTINUOUS
10
5.5275590551181102
20
-4.3612204724409445
11
5.5275590551181102
21
-4.3543307086614176
0
LINE
8
BLACK
6
CONTINUOUS
10
5.5275590551181102
20
-4.3543307086614176
11
5.5277103543307087
21
-4.3527945669291341
0
LINE
8
BLACK
6
CONTINUOUS
10
5.5277103543307087
20
-4.3527945669291341
11
5.5288860629921261
21
-4.3499561417322834
0
LINE
8
BLACK
6
CONTINUOUS
10
5.5288860629921261
20
-4.3499561417322834
11
5.5298653149606301
21
-4.3487629527559051
0
LINE
8
BLACK
6
CONTINUOUS
10
5.5298653149606301
20
-4.3487629527559051
11
5.5695731102362203
21
-4.3090550787401574
0
LINE
8
BLACK
6
CONTINUOUS
10
5.5695731102362203
20
-4.3090550787401574
11
5.5141172834645671
21
-4.2535992519685042
0
LINE
8
BLACK
6
CONTINUOUS
10
5.5141172834645671
20
-4.2535992519685042
11
5.5131380314960632
21
-4.2524060629921259
0
LINE
8
BLACK
6
CONTINUOUS
10
5.5131380314960632
20
-4.2524060629921259
11
5.5119623228346457
21
-4.2495676377952751
0
LINE
8
BLACK
6
CONTINUOUS
10
5.5119623228346457
20
-4.2495676377952751
11
5.5118110236220472
21
-4.2480314960629917
0
LINE
8
BLACK
6
CONTINUOUS
10
5.5118110236220472
20
-4.2480314960629917
11
5.5118110236220472
21
-4.1795608661417321
0
LINE
8
BLACK
6
CONTINUOUS
10
5.5118110236220472
20
-4.1795608661417321
11
5.5111283070866142
21
-4.178878149606299
0
LINE
8
BLACK
6
CONTINUOUS
10
5.5111283070866142
20
-4.178878149606299
11
5.5090727559055113
21
-4.1753178346456696
0
LINE
8
BLACK
6
CONTINUOUS
10
5.5090727559055113
20
-4.1753178346456696
11
5.5080087401574804
21
-4.171346850393701
0
LINE
8
BLACK
6
CONTINUOUS
10
5.5080087401574804
20
-4.171346850393701
11
5.5080087401574804
21
-4.1672358267716536
0
LINE
8
BLACK
6
CONTINUOUS
10
5.5080087401574804
20
-4.1672358267716536
11
5.5090727559055113
21
-4.163264842519685
0
LINE
8
BLACK
6
CONTINUOUS
10
5.5090727559055113
20
-4.163264842519685
11
5.5111283070866142
21
-4.1597045275590547
0
LINE
8
BLACK
6
CONTINUOUS
10
5.5111283070866142
20
-4.1597045275590547
11
5.5140352362204723
21
-4.1567975984251966
0
LINE
8
BLACK
6
CONTINUOUS
10
5.5140352362204723
20
-4.1567975984251966
11
5.5175955511811026
21
-4.1547420472440946
0
LINE
8
BLACK
6
CONTINUOUS
10
5.5175955511811026
20
-4.1547420472440946
11
5.5215665354330703
21
-4.1536780314960629
0
LINE
8
BLACK
6
CONTINUOUS
10
5.5215665354330703
20
-4.1536780314960629
11
5.5256775590551177
21
-4.1536780314960629
0
LINE
8
BLACK
6
CONTINUOUS
10
5.5256775590551177
20
-4.1536780314960629
11
5.5296485433070863
21
-4.1547420472440946
0
LINE
8
BLACK
6
CONTINUOUS
10
5.9075408267716538
20
-4.1866229921259839
11
5.9100953149606301
21
-4.1883298818897634
0
LINE
8
BLACK
6
CONTINUOUS
10
5.9100953149606301
20
-4.1883298818897634
11
5.9118022047244096
21
-4.1908843700787397
0
LINE
8
BLACK
6
CONTINUOUS
10
5.9118022047244096
20
-4.1908843700787397
11
5.9124015748031491
21
-4.1938976377952759
0
LINE
8
BLACK
6
CONTINUOUS
10
5.9124015748031491
20
-4.1938976377952759
11
5.9124015748031491
21
-4.2096456692913389
0
LINE
8
BLACK
6
CONTINUOUS
10
5.9124015748031491
20
-4.2096456692913389
11
5.9118022047244096
21
-4.2126589370078742
0
LINE
8
BLACK
6
CONTINUOUS
10
5.9118022047244096
20
-4.2126589370078742
11
5.9100953149606301
21
-4.2152134251968505
0
LINE
8
BLACK
6
CONTINUOUS
10
5.9100953149606301
20
-4.2152134251968505
11
5.9075408267716538
21
-4.21692031496063
0
LINE
8
BLACK
6
CONTINUOUS
10
5.9075408267716538
20
-4.21692031496063
11
5.9045275590551176
21
-4.2175196850393704
0
LINE
8
BLACK
6
CONTINUOUS
10
5.9045275590551176
20
-4.2175196850393704
11
5.8996062992125982
21
-4.2175196850393704
0
LINE
8
BLACK
6
CONTINUOUS
10
5.8996062992125982
20
-4.2175196850393704
11
5.8996062992125982
21
-4.2219633070866145
0
LINE
8
BLACK
6
CONTINUOUS
10
5.8996062992125982
20
-4.2219633070866145
11
6.0063831496062994
21
-4.3287401574803148
0
LINE
8
BLACK
6
CONTINUOUS
10
6.0063831496062994
20
-4.3287401574803148
11
6.287047244094488
21
-4.3287401574803148
0
LINE
8
BLACK
6
CONTINUOUS
10
6.287047244094488
20
-4.3287401574803148
11
6.287047244094488
21
-4.3277559055118111
0
LINE
8
BLACK
6
CONTINUOUS
10
6.287047244094488
20
-4.3277559055118111
11
6.2874967716535428
21
-4.3254959448818893
0
LINE
8
BLACK
6
CONTINUOUS
10
6.2874967716535428
20
-4.3254959448818893
11
6.2887769291338582
21
-4.3235800787401573
0
LINE
8
BLACK
6
CONTINUOUS
10
6.2887769291338582
20
-4.3235800787401573
11
6.2906927952755902
21
-4.3222999212598427
0
LINE
8
BLACK
6
CONTINUOUS
10
6.2906927952755902
20
-4.3222999212598427
11
6.2929527559055121
21
-4.3218503937007871
0
LINE
8
BLACK
6
CONTINUOUS
10
6.2929527559055121
20
-4.3218503937007871
11
6.3480708661417324
21
-4.3218503937007871
0
LINE
8
BLACK
6
CONTINUOUS
10
6.3480708661417324
20
-4.3218503937007871
11
6.3503308267716534
21
-4.3222999212598427
0
LINE
8
BLACK
6
CONTINUOUS
10
6.3503308267716534
20
-4.3222999212598427
11
6.3522466929133854
21
-4.3235800787401573
0
LINE
8
BLACK
6
CONTINUOUS
10
6.3522466929133854
20
-4.3235800787401573
11
6.3535268503937008
21
-4.3254959448818893
0
LINE
8
BLACK
6
CONTINUOUS
10
6.3535268503937008
20
-4.3254959448818893
11
6.3539763779527556
21
-4.3277559055118111
0
LINE
8
BLACK
6
CONTINUOUS
10
6.3539763779527556
20
-4.3277559055118111
11
6.3835869291338581
21
-4.3277559055118111
0
LINE
8
BLACK
6
CONTINUOUS
10
6.3835869291338581
20
-4.3277559055118111
11
6.3851440551181105
21
-4.3250588582677167
0
LINE
8
BLACK
6
CONTINUOUS
10
6.3851440551181105
20
-4.3250588582677167
11
6.3880509842519686
21
-4.3221519291338586
0
LINE
8
BLACK
6
CONTINUOUS
10
6.3880509842519686
20
-4.3221519291338586
11
6.391611299212598
21
-4.3200963779527557
0
LINE
8
BLACK
6
CONTINUOUS
10
6.391611299212598
20
-4.3200963779527557
11
6.3955822834645666
21
-4.319032362204724
0
LINE
8
BLACK
6
CONTINUOUS
10
6.3955822834645666
20
-4.319032362204724
11
6.399693307086614
21
-4.319032362204724
0
LINE
8
BLACK
6
CONTINUOUS
10
6.399693307086614
20
-4.319032362204724
11
6.4036642913385826
21
-4.3200963779527557
0
LINE
8
BLACK
6
CONTINUOUS
10
6.4036642913385826
20
-4.3200963779527557
11
6.4072246062992129
21
-4.3221519291338586
0
LINE
8
BLACK
6
CONTINUOUS
10
6.4072246062992129
20
-4.3221519291338586
11
6.410131535433071
21
-4.3250588582677167
0
LINE
8
BLACK
6
CONTINUOUS
10
6.410131535433071
20
-4.3250588582677167
11
6.412187086614173
21
-4.3286191732283461
0
LINE
8
BLACK
6
CONTINUOUS
10
6.412187086614173
20
-4.3286191732283461
11
6.4132511023622047
21
-4.3325901574803147
0
LINE
8
BLACK
6
CONTINUOUS
10
6.4132511023622047
20
-4.3325901574803147
11
6.4132511023622047
21
-4.3367011811023621
0
LINE
8
BLACK
6
CONTINUOUS
10
6.4132511023622047
20
-4.3367011811023621
11
6.412187086614173
21
-4.3406721653543308
0
LINE
8
BLACK
6
CONTINUOUS
10
6.412187086614173
20
-4.3406721653543308
11
6.410131535433071
21
-4.3442324803149601
0
LINE
8
BLACK
6
CONTINUOUS
10
6.410131535433071
20
-4.3442324803149601
11
6.4072246062992129
21
-4.3471394094488192
0
LINE
8
BLACK
6
CONTINUOUS
10
6.4072246062992129
20
-4.3471394094488192
11
6.4036642913385826
21
-4.3491949606299212
0
LINE
8
BLACK
6
CONTINUOUS
10
6.4036642913385826
20
-4.3491949606299212
11
6.399693307086614
21
-4.3502589763779529
0
LINE
8
BLACK
6
CONTINUOUS
10
6.399693307086614
20
-4.3502589763779529
11
6.3955822834645666
21
-4.3502589763779529
0
LINE
8
BLACK
6
CONTINUOUS
10
6.3955822834645666
20
-4.3502589763779529
11
6.391611299212598
21
-4.3491949606299212
0
LINE
8
BLACK
6
CONTINUOUS
10
6.391611299212598
20
-4.3491949606299212
11
6.3880509842519686
21
-4.3471394094488192
0
LINE
8
BLACK
6
CONTINUOUS
10
6.3880509842519686
20
-4.3471394094488192
11
6.3851440551181105
21
-4.3442324803149601
0
LINE
8
BLACK
6
CONTINUOUS
10
6.3851440551181105
20
-4.3442324803149601
11
6.3830885039370076
21
-4.3406721653543308
0
LINE
8
BLACK
6
CONTINUOUS
10
6.3830885039370076
20
-4.3406721653543308
11
6.3827923622047242
21
-4.3395669291338583
0
LINE
8
BLACK
6
CONTINUOUS
10
6.3827923622047242
20
-4.3395669291338583
11
6.3539763779527556
21
-4.3395669291338583
0
LINE
8
BLACK
6
CONTINUOUS
10
6.3539763779527556
20
-4.3395669291338583
11
6.3535268503937008
21
-4.3418268897637793
0
LINE
8
BLACK
6
CONTINUOUS
10
6.3535268503937008
20
-4.3418268897637793
11
6.3522466929133854
21
-4.3437427559055113
0
LINE
8
BLACK
6
CONTINUOUS
10
6.3522466929133854
20
-4.3437427559055113
11
6.3503308267716534
21
-4.3450229133858267
0
LINE
8
BLACK
6
CONTINUOUS
10
6.3503308267716534
20
-4.3450229133858267
11
6.3480708661417324
21
-4.3454724409448815
0
LINE
8
BLACK
6
CONTINUOUS
10
6.3480708661417324
20
-4.3454724409448815
11
6.2929527559055121
21
-4.3454724409448815
0
LINE
8
BLACK
6
CONTINUOUS
10
6.2929527559055121
20
-4.3454724409448815
11
6.2906927952755902
21
-4.3450229133858267
0
LINE
8
BLACK
6
CONTINUOUS
10
6.2906927952755902
20
-4.3450229133858267
11
6.2887769291338582
21
-4.3437427559055113
0
LINE
8
BLACK
6
CONTINUOUS
10
6.2887769291338582
20
-4.3437427559055113
11
6.2874967716535428
21
-4.3418268897637793
0
LINE
8
BLACK
6
CONTINUOUS
10
6.2874967716535428
20
-4.3418268897637793
11
6.2872430314960628
21
-4.340551181102362
0
LINE
8
BLACK
6
CONTINUOUS
10
6.2872430314960628
20
-4.340551181102362
11
6.0039370078740157
21
-4.340551181102362
0
LINE
8
BLACK
6
CONTINUOUS
10
6.0039370078740157
20
-4.340551181102362
11
6.002784881889764
21
-4.3404377165354333
0
LINE
8
BLACK
6
CONTINUOUS
10
6.002784881889764
20
-4.3404377165354333
11
6.0019031102362206
21
-4.3400724409448816
0
LINE
8
BLACK
6
CONTINUOUS
10
6.0019031102362206
20
-4.3400724409448816
11
6.0006561023622043
21
-4.3395559448818899
0
LINE
8
BLACK
6
CONTINUOUS
10
6.0006561023622043
20
-4.3395559448818899
11
5.9997611811023619
21
-4.3388214960629918
0
LINE
8
BLACK
6
CONTINUOUS
10
5.9997611811023619
20
-4.3388214960629918
11
5.8895249606299211
21
-4.2285852755905511
0
LINE
8
BLACK
6
CONTINUOUS
10
5.8895249606299211
20
-4.2285852755905511
11
5.8887905118110231
21
-4.2276903543307087
0
LINE
8
BLACK
6
CONTINUOUS
10
5.8887905118110231
20
-4.2276903543307087
11
5.888215433070866
21
-4.2263020078740157
0
LINE
8
BLACK
6
CONTINUOUS
10
5.888215433070866
20
-4.2263020078740157
11
5.8879087401574806
21
-4.2255615748031499
0
LINE
8
BLACK
6
CONTINUOUS
10
5.8879087401574806
20
-4.2255615748031499
11
5.8877952755905509
21
-4.2244094488188972
0
LINE
8
BLACK
6
CONTINUOUS
10
5.8877952755905509
20
-4.2244094488188972
11
5.8877952755905509
21
-4.2175196850393704
0
LINE
8
BLACK
6
CONTINUOUS
10
5.8877952755905509
20
-4.2175196850393704
11
5.8828740157480315
21
-4.2175196850393704
0
LINE
8
BLACK
6
CONTINUOUS
10
5.8828740157480315
20
-4.2175196850393704
11
5.8798607480314962
21
-4.21692031496063
0
LINE
8
BLACK
6
CONTINUOUS
10
5.8798607480314962
20
-4.21692031496063
11
5.8773062598425199
21
-4.2152134251968505
0
LINE
8
BLACK
6
CONTINUOUS
10
5.8773062598425199
20
-4.2152134251968505
11
5.8755993700787403
21
-4.2126589370078742
0
LINE
8
BLACK
6
CONTINUOUS
10
5.8755993700787403
20
-4.2126589370078742
11
5.875
21
-4.2096456692913389
0
LINE
8
BLACK
6
CONTINUOUS
10
5.875
20
-4.2096456692913389
11
5.875
21
-4.1938976377952759
0
LINE
8
BLACK
6
CONTINUOUS
10
5.875
20
-4.1938976377952759
11
5.8755993700787403
21
-4.1908843700787397
0
LINE
8
BLACK
6
CONTINUOUS
10
5.8755993700787403
20
-4.1908843700787397
11
5.8773062598425199
21
-4.1883298818897634
0
LINE
8
BLACK
6
CONTINUOUS
10
5.8773062598425199
20
-4.1883298818897634
11
5.8798607480314962
21
-4.1866229921259839
0
LINE
8
BLACK
6
CONTINUOUS
10
5.8798607480314962
20
-4.1866229921259839
11
5.8828740157480315
21
-4.1860236220472444
0
LINE
8
BLACK
6
CONTINUOUS
10
5.8828740157480315
20
-4.1860236220472444
11
5.9045275590551176
21
-4.1860236220472444
0
LINE
8
BLACK
6
CONTINUOUS
10
5.9045275590551176
20
-4.1860236220472444
11
5.9075408267716538
21
-4.1866229921259839
0
LINE
8
BLACK
6
CONTINUOUS
10
5.6661889763779527
20
-4.0361023622047245
11
5.7611417322834644
21
-4.0361023622047245
0
LINE
8
BLACK
6
CONTINUOUS
10
5.7611417322834644
20
-4.0361023622047245
11
5.7626778740157478
21
-4.036253661417323
0
LINE
8
BLACK
6
CONTINUOUS
10
5.7626778740157478
20
-4.036253661417323
11
5.763091614173228
21
-4.0364250393700782
0
LINE
8
BLACK
6
CONTINUOUS
10
5.763091614173228
20
-4.0364250393700782
11
5.7662909448818898
21
-4.0355677952755906
0
LINE
8
BLACK
6
CONTINUOUS
10
5.7662909448818898
20
-4.0355677952755906
11
5.7704019685039372
21
-4.0355677952755906
0
LINE
8
BLACK
6
CONTINUOUS
10
5.7704019685039372
20
-4.0355677952755906
11
5.7743729527559058
21
-4.0366318110236223
0
LINE
8
BLACK
6
CONTINUOUS
10
5.7743729527559058
20
-4.0366318110236223
11
5.7779332677165351
21
-4.0386873622047244
0
LINE
8
BLACK
6
CONTINUOUS
10
5.7779332677165351
20
-4.0386873622047244
11
5.7808401968503933
21
-4.0415942913385825
0
LINE
8
BLACK
6
CONTINUOUS
10
5.7808401968503933
20
-4.0415942913385825
11
5.7828957480314962
21
-4.0451546062992128
0
LINE
8
BLACK
6
CONTINUOUS
10
5.7828957480314962
20
-4.0451546062992128
11
5.783959763779527
21
-4.0491255905511814
0
LINE
8
BLACK
6
CONTINUOUS
10
5.783959763779527
20
-4.0491255905511814
11
5.783959763779527
21
-4.0532366141732279
0
LINE
8
BLACK
6
CONTINUOUS
10
5.783959763779527
20
-4.0532366141732279
11
5.7828957480314962
21
-4.0572075984251965
0
LINE
8
BLACK
6
CONTINUOUS
10
5.7828957480314962
20
-4.0572075984251965
11
5.7808401968503933
21
-4.0607679133858268
0
LINE
8
BLACK
6
CONTINUOUS
10
5.7808401968503933
20
-4.0607679133858268
11
5.7779332677165351
21
-4.0636748425196849
0
LINE
8
BLACK
6
CONTINUOUS
10
5.7779332677165351
20
-4.0636748425196849
11
5.7762204724409445
21
-4.0646637007874018
0
LINE
8
BLACK
6
CONTINUOUS
10
5.7762204724409445
20
-4.0646637007874018
11
5.7762204724409445
21
-4.1181102362204722
0
LINE
8
BLACK
6
CONTINUOUS
10
5.7762204724409445
20
-4.1181102362204722
11
5.7833562992125982
21
-4.1181102362204722
0
LINE
8
BLACK
6
CONTINUOUS
10
5.7833562992125982
20
-4.1181102362204722
11
5.7866520472440941
21
-4.1187657874015748
0
LINE
8
BLACK
6
CONTINUOUS
10
5.7866520472440941
20
-4.1187657874015748
11
5.7894460629921261
21
-4.1206326771653545
0
LINE
8
BLACK
6
CONTINUOUS
10
5.7894460629921261
20
-4.1206326771653545
11
5.7913129527559057
21
-4.1234266929133856
0
LINE
8
BLACK
6
CONTINUOUS
10
5.7913129527559057
20
-4.1234266929133856
11
5.7919685039370075
21
-4.1267224409448815
0
LINE
8
BLACK
6
CONTINUOUS
10
5.7919685039370075
20
-4.1267224409448815
11
5.7919685039370075
21
-4.1439468503937009
0
LINE
8
BLACK
6
CONTINUOUS
10
5.7919685039370075
20
-4.1439468503937009
11
5.7913129527559057
21
-4.1472425984251968
0
LINE
8
BLACK
6
CONTINUOUS
10
5.7913129527559057
20
-4.1472425984251968
11
5.7894460629921261
21
-4.1500366141732279
0
LINE
8
BLACK
6
CONTINUOUS
10
5.7894460629921261
20
-4.1500366141732279
11
5.7866520472440941
21
-4.1519035039370076
0
LINE
8
BLACK
6
CONTINUOUS
10
5.7866520472440941
20
-4.1519035039370076
11
5.7833562992125982
21
-4.1525590551181102
0
LINE
8
BLACK
6
CONTINUOUS
10
5.7833562992125982
20
-4.1525590551181102
11
5.782957952755905
21
-4.1525590551181102
0
LINE
8
BLACK
6
CONTINUOUS
10
5.782957952755905
20
-4.1525590551181102
11
5.8171537401574804
21
-4.1867548425196848
0
LINE
8
BLACK
6
CONTINUOUS
10
5.8171537401574804
20
-4.1867548425196848
11
5.8185394094488192
21
-4.1846811417322831
0
LINE
8
BLACK
6
CONTINUOUS
10
5.8185394094488192
20
-4.1846811417322831
11
5.8214132283464561
21
-4.1827609055118113
0
LINE
8
BLACK
6
CONTINUOUS
10
5.8214132283464561
20
-4.1827609055118113
11
5.8248031496062991
21
-4.1820866141732287
0
LINE
8
BLACK
6
CONTINUOUS
10
5.8248031496062991
20
-4.1820866141732287
11
5.8444881889763778
21
-4.1820866141732287
0
LINE
8
BLACK
6
CONTINUOUS
10
5.8444881889763778
20
-4.1820866141732287
11
5.8478781102362207
21
-4.1827609055118113
0
LINE
8
BLACK
6
CONTINUOUS
10
5.8478781102362207
20
-4.1827609055118113
11
5.8507519291338586
21
-4.1846811417322831
0
LINE
8
BLACK
6
CONTINUOUS
10
5.8507519291338586
20
-4.1846811417322831
11
5.8526721653543303
21
-4.1875549606299209
0
LINE
8
BLACK
6
CONTINUOUS
10
5.8526721653543303
20
-4.1875549606299209
11
5.853346456692913
21
-4.1909448818897639
0
LINE
8
BLACK
6
CONTINUOUS
10
5.853346456692913
20
-4.1909448818897639
11
5.853346456692913
21
-4.2086614173228343
0
LINE
8
BLACK
6
CONTINUOUS
10
5.853346456692913
20
-4.2086614173228343
11
5.8526721653543303
21
-4.2120513385826772
0
LINE
8
BLACK
6
CONTINUOUS
10
5.8526721653543303
20
-4.2120513385826772
11
5.8507519291338586
21
-4.214925157480315
0
LINE
8
BLACK
6
CONTINUOUS
10
5.8507519291338586
20
-4.214925157480315
11
5.8478781102362207
21
-4.2168453937007877
0
LINE
8
BLACK
6
CONTINUOUS
10
5.8478781102362207
20
-4.2168453937007877
11
5.8444881889763778
21
-4.2175196850393704
0
LINE
8
BLACK
6
CONTINUOUS
10
5.8444881889763778
20
-4.2175196850393704
11
5.8248031496062991
21
-4.2175196850393704
0
LINE
8
BLACK
6
CONTINUOUS
10
5.8248031496062991
20
-4.2175196850393704
11
5.8214132283464561
21
-4.2168453937007877
0
LINE
8
BLACK
6
CONTINUOUS
10
5.8214132283464561
20
-4.2168453937007877
11
5.8185394094488192
21
-4.214925157480315
0
LINE
8
BLACK
6
CONTINUOUS
10
5.8185394094488192
20
-4.214925157480315
11
5.8166191732283465
21
-4.2120513385826772
0
LINE
8
BLACK
6
CONTINUOUS
10
5.8166191732283465
20
-4.2120513385826772
11
5.8159448818897639
21
-4.2086614173228343
0
LINE
8
BLACK
6
CONTINUOUS
10
5.8159448818897639
20
-4.2086614173228343
11
5.8159448818897639
21
-4.2022492913385827
0
LINE
8
BLACK
6
CONTINUOUS
10
5.8159448818897639
20
-4.2022492913385827
11
5.7662546456692914
21
-4.1525590551181102
0
LINE
8
BLACK
6
CONTINUOUS
10
5.7662546456692914
20
-4.1525590551181102
11
5.7533366141732278
21
-4.1525590551181102
0
LINE
8
BLACK
6
CONTINUOUS
10
5.7533366141732278
20
-4.1525590551181102
11
5.7500408661417319
21
-4.1519035039370076
0
LINE
8
BLACK
6
CONTINUOUS
10
5.7500408661417319
20
-4.1519035039370076
11
5.7472468503937009
21
-4.1500366141732279
0
LINE
8
BLACK
6
CONTINUOUS
10
5.7472468503937009
20
-4.1500366141732279
11
5.7453799606299212
21
-4.1472425984251968
0
LINE
8
BLACK
6
CONTINUOUS
10
5.7453799606299212
20
-4.1472425984251968
11
5.7447244094488186
21
-4.1439468503937009
0
LINE
8
BLACK
6
CONTINUOUS
10
5.7447244094488186
20
-4.1439468503937009
11
5.7447244094488186
21
-4.1267224409448815
0
LINE
8
BLACK
6
CONTINUOUS
10
5.7447244094488186
20
-4.1267224409448815
11
5.7453799606299212
21
-4.1234266929133856
0
LINE
8
BLACK
6
CONTINUOUS
10
5.7453799606299212
20
-4.1234266929133856
11
5.7472468503937009
21
-4.1206326771653545
0
LINE
8
BLACK
6
CONTINUOUS
10
5.7472468503937009
20
-4.1206326771653545
11
5.7500408661417319
21
-4.1187657874015748
0
LINE
8
BLACK
6
CONTINUOUS
10
5.7500408661417319
20
-4.1187657874015748
11
5.7533366141732278
21
-4.1181102362204722
0
LINE
8
BLACK
6
CONTINUOUS
10
5.7533366141732278
20
-4.1181102362204722
11
5.7604724409448815
21
-4.1181102362204722
0
LINE
8
BLACK
6
CONTINUOUS
10
5.7604724409448815
20
-4.1181102362204722
11
5.7604724409448815
21
-4.0646637007874018
0
LINE
8
BLACK
6
CONTINUOUS
10
5.7604724409448815
20
-4.0646637007874018
11
5.7587596456692909
21
-4.0636748425196849
0
LINE
8
BLACK
6
CONTINUOUS
10
5.7587596456692909
20
-4.0636748425196849
11
5.7558527165354327
21
-4.0607679133858268
0
LINE
8
BLACK
6
CONTINUOUS
10
5.7558527165354327
20
-4.0607679133858268
11
5.7537971653543307
21
-4.0572075984251965
0
LINE
8
BLACK
6
CONTINUOUS
10
5.7537971653543307
20
-4.0572075984251965
11
5.752733149606299
21
-4.0532366141732279
0
LINE
8
BLACK
6
CONTINUOUS
10
5.752733149606299
20
-4.0532366141732279
11
5.752733149606299
21
-4.0518503937007875
0
LINE
8
BLACK
6
CONTINUOUS
10
5.752733149606299
20
-4.0518503937007875
11
5.6661889763779527
21
-4.0518503937007875
0
LINE
8
BLACK
6
CONTINUOUS
10
5.6661889763779527
20
-4.0518503937007875
11
5.6661889763779527
21
-4.0557874015748032
0
LINE
8
BLACK
6
CONTINUOUS
10
5.6661889763779527
20
-4.0557874015748032
11
5.6209133858267712
21
-4.0557874015748032
0
LINE
8
BLACK
6
CONTINUOUS
10
5.6209133858267712
20
-4.0557874015748032
11
5.6209133858267712
21
-4.0321653543307088
0
LINE
8
BLACK
6
CONTINUOUS
10
5.6209133858267712
20
-4.0321653543307088
11
5.6661889763779527
21
-4.0321653543307088
0
LINE
8
BLACK
6
CONTINUOUS
10
5.6661889763779527
20
-4.0321653543307088
11
5.6661889763779527
21
-4.0361023622047245
0
LINE
8
BLACK
6
CONTINUOUS
10
5.6661889763779527
20
-4.0242913385826773
11
5.6209133858267712
21
-4.0242913385826773
0
LINE
8
BLACK
6
CONTINUOUS
10
5.6209133858267712
20
-4.0242913385826773
11
5.6209133858267712
21
-4.0124803149606301
0
LINE
8
BLACK
6
CONTINUOUS
10
5.6209133858267712
20
-4.0124803149606301
11
5.6661889763779527
21
-4.0124803149606301
0
LINE
8
BLACK
6
CONTINUOUS
10
5.6661889763779527
20
-4.0124803149606301
11
5.6661889763779527
21
-4.0242913385826773
0
LINE
8
BLACK
6
CONTINUOUS
10
5.5171864960629922
20
-3.6548513385826773
11
5.5197409842519685
21
-3.6565582283464568
0
LINE
8
BLACK
6
CONTINUOUS
10
5.5197409842519685
20
-3.6565582283464568
11
5.521447874015748
21
-3.6591127165354331
0
LINE
8
BLACK
6
CONTINUOUS
10
5.521447874015748
20
-3.6591127165354331
11
5.5220472440944883
21
-3.6621259842519684
0
LINE
8
BLACK
6
CONTINUOUS
10
5.5220472440944883
20
-3.6621259842519684
11
5.5220472440944883
21
-3.6778740157480314
0
LINE
8
BLACK
6
CONTINUOUS
10
5.5220472440944883
20
-3.6778740157480314
11
5.521447874015748
21
-3.6808872834645667
0
LINE
8
BLACK
6
CONTINUOUS
10
5.521447874015748
20
-3.6808872834645667
11
5.5198849606299207
21
-3.6832262204724411
0
LINE
8
BLACK
6
CONTINUOUS
10
5.5198849606299207
20
-3.6832262204724411
11
5.5199238582677168
21
-3.6832651181102363
0
LINE
8
BLACK
6
CONTINUOUS
10
5.5199238582677168
20
-3.6832651181102363
11
5.520658307086614
21
-3.6841599999999999
0
LINE
8
BLACK
6
CONTINUOUS
10
5.520658307086614
20
-3.6841599999999999
11
5.521085196850394
21
-3.6851906692913383
0
LINE
8
BLACK
6
CONTINUOUS
10
5.521085196850394
20
-3.6851906692913383
11
5.5215400787401574
21
-3.6862888188976379
0
LINE
8
BLACK
6
CONTINUOUS
10
5.5215400787401574
20
-3.6862888188976379
11
5.5216535433070861
21
-3.6874409448818897
0
LINE
8
BLACK
6
CONTINUOUS
10
5.5216535433070861
20
-3.6874409448818897
11
5.5216535433070861
21
-3.9542467716535432
0
LINE
8
BLACK
6
CONTINUOUS
10
5.5216535433070861
20
-3.9542467716535432
11
5.5602020472440943
21
-3.9927952755905509
0
LINE
8
BLACK
6
CONTINUOUS
10
5.5602020472440943
20
-3.9927952755905509
11
5.643551181102362
21
-3.9927952755905509
0
LINE
8
BLACK
6
CONTINUOUS
10
5.643551181102362
20
-3.9927952755905509
11
5.6661889763779527
21
-3.9927952755905509
0
LINE
8
BLACK
6
CONTINUOUS
10
5.6661889763779527
20
-3.9927952755905509
11
5.6661889763779527
21
-4.0046062992125986
0
LINE
8
BLACK
6
CONTINUOUS
10
5.6661889763779527
20
-4.0046062992125986
11
5.6209133858267712
21
-4.0046062992125986
0
LINE
8
BLACK
6
CONTINUOUS
10
5.6209133858267712
20
-4.0046062992125986
11
5.5577559055118106
21
-4.0046062992125986
0
LINE
8
BLACK
6
CONTINUOUS
10
5.5577559055118106
20
-4.0046062992125986
11
5.5566037795275589
21
-4.004492834645669
0
LINE
8
BLACK
6
CONTINUOUS
10
5.5566037795275589
20
-4.004492834645669
11
5.5551885433070867
21
-4.0039066141732285
0
LINE
8
BLACK
6
CONTINUOUS
10
5.5551885433070867
20
-4.0039066141732285
11
5.5544750000000001
21
-4.0036110629921255
0
LINE
8
BLACK
6
CONTINUOUS
10
5.5544750000000001
20
-4.0036110629921255
11
5.5535800787401577
21
-4.0028766141732284
0
LINE
8
BLACK
6
CONTINUOUS
10
5.5535800787401577
20
-4.0028766141732284
11
5.5115722047244091
21
-3.9608687401574803
0
LINE
8
BLACK
6
CONTINUOUS
10
5.5115722047244091
20
-3.9608687401574803
11
5.5108377559055119
21
-3.9599738188976379
0
LINE
8
BLACK
6
CONTINUOUS
10
5.5108377559055119
20
-3.9599738188976379
11
5.5102312598425192
21
-3.9585096062992124
0
LINE
8
BLACK
6
CONTINUOUS
10
5.5102312598425192
20
-3.9585096062992124
11
5.5099559842519685
21
-3.9578450393700786
0
LINE
8
BLACK
6
CONTINUOUS
10
5.5099559842519685
20
-3.9578450393700786
11
5.5098425196850389
21
-3.9566929133858268
0
LINE
8
BLACK
6
CONTINUOUS
10
5.5098425196850389
20
-3.9566929133858268
11
5.5098425196850389
21
-3.6898870866141733
0
LINE
8
BLACK
6
CONTINUOUS
10
5.5098425196850389
20
-3.6898870866141733
11
5.5057034645669294
21
-3.6857480314960629
0
LINE
8
BLACK
6
CONTINUOUS
10
5.5057034645669294
20
-3.6857480314960629
11
5.4925196850393698
21
-3.6857480314960629
0
LINE
8
BLACK
6
CONTINUOUS
10
5.4925196850393698
20
-3.6857480314960629
11
5.4895064173228345
21
-3.6851486614173226
0
LINE
8
BLACK
6
CONTINUOUS
10
5.4895064173228345
20
-3.6851486614173226
11
5.4869519291338582
21
-3.683441771653543
0
LINE
8
BLACK
6
CONTINUOUS
10
5.4869519291338582
20
-3.683441771653543
11
5.4852450393700787
21
-3.6808872834645667
0
LINE
8
BLACK
6
CONTINUOUS
10
5.4852450393700787
20
-3.6808872834645667
11
5.4846456692913383
21
-3.6778740157480314
0
LINE
8
BLACK
6
CONTINUOUS
10
5.4846456692913383
20
-3.6778740157480314
11
5.4846456692913383
21
-3.6621259842519684
0
LINE
8
BLACK
6
CONTINUOUS
10
5.4846456692913383
20
-3.6621259842519684
11
5.4852450393700787
21
-3.6591127165354331
0
LINE
8
BLACK
6
CONTINUOUS
10
5.4852450393700787
20
-3.6591127165354331
11
5.4869519291338582
21
-3.6565582283464568
0
LINE
8
BLACK
6
CONTINUOUS
10
5.4869519291338582
20
-3.6565582283464568
11
5.4895064173228345
21
-3.6548513385826773
0
LINE
8
BLACK
6
CONTINUOUS
10
5.4895064173228345
20
-3.6548513385826773
11
5.4925196850393698
21
-3.654251968503937
0
LINE
8
BLACK
6
CONTINUOUS
10
5.4925196850393698
20
-3.654251968503937
11
5.5141732283464568
21
-3.654251968503937
0
LINE
8
BLACK
6
CONTINUOUS
10
5.5141732283464568
20
-3.654251968503937
11
5.5171864960629922
21
-3.6548513385826773
0
LINE
8
BLACK
6
CONTINUOUS
10
5.6661889763779527
20
-3.9534251968503935
11
5.7090551181102365
21
-3.9534251968503935
0
LINE
8
BLACK
6
CONTINUOUS
10
5.7090551181102365
20
-3.9534251968503935
11
5.7090553937007869
21
-3.9534251968503935
0
LINE
8
BLACK
6
CONTINUOUS
10
5.7090553937007869
20
-3.9534251968503935
11
5.7090555511811019
21
-3.9534251968503935
0
LINE
8
BLACK
6
CONTINUOUS
10
5.7090555511811019
20
-3.9534251968503935
11
5.7167369291338579
21
-3.9539291732283464
0
LINE
8
BLACK
6
CONTINUOUS
10
5.7167369291338579
20
-3.9539291732283464
11
5.7242868110236218
21
-3.9554312992125982
0
LINE
8
BLACK
6
CONTINUOUS
10
5.7242868110236218
20
-3.9554312992125982
11
5.7315761023622045
21
-3.9579058661417323
0
LINE
8
BLACK
6
CONTINUOUS
10
5.7315761023622045
20
-3.9579058661417323
11
5.7384801181102363
21
-3.961310590551181
0
LINE
8
BLACK
6
CONTINUOUS
10
5.7384801181102363
20
-3.961310590551181
11
5.7448807086614169
21
-3.9655872047244092
0
LINE
8
BLACK
6
CONTINUOUS
10
5.7448807086614169
20
-3.9655872047244092
11
5.750668464566929
21
-3.9706625984251969
0
LINE
8
BLACK
6
CONTINUOUS
10
5.750668464566929
20
-3.9706625984251969
11
5.7506681102362203
21
-3.9706629133858269
0
LINE
8
BLACK
6
CONTINUOUS
10
5.7506681102362203
20
-3.9706629133858269
11
5.750668149606299
21
-3.9706629527559056
0
LINE
8
BLACK
6
CONTINUOUS
10
5.750668149606299
20
-3.9706629527559056
11
5.750668307086614
21
-3.9706631102362202
0
LINE
8
BLACK
6
CONTINUOUS
10
5.750668307086614
20
-3.9706631102362202
11
5.7509833464566924
21
-3.970978149606299
0
LINE
8
BLACK
6
CONTINUOUS
10
5.7509833464566924
20
-3.970978149606299
11
5.7509834251968499
21
-3.9709782677165353
0
LINE
8
BLACK
6
CONTINUOUS
10
5.7509834251968499
20
-3.9709782677165353
11
5.7509835826771649
21
-3.9709783858267715
0
LINE
8
BLACK
6
CONTINUOUS
10
5.7509835826771649
20
-3.9709783858267715
11
5.7548456299212596
21
-3.974840866141732
0
LINE
8
BLACK
6
CONTINUOUS
10
5.7548456299212596
20
-3.974840866141732
11
5.7548457086614171
21
-3.9748409448818895
0
LINE
8
BLACK
6
CONTINUOUS
10
5.7548457086614171
20
-3.9748409448818895
11
5.7548462598425196
21
-3.9748404330708662
0
LINE
8
BLACK
6
CONTINUOUS
10
5.7548462598425196
20
-3.9748404330708662
11
5.756306811023622
21
-3.9763012204724411
0
LINE
8
BLACK
6
CONTINUOUS
10
5.756306811023622
20
-3.9763012204724411
11
5.7584800393700784
21
-3.9777535433070863
0
LINE
8
BLACK
6
CONTINUOUS
10
5.7584800393700784
20
-3.9777535433070863
11
5.7591115748031498
21
-3.9768084251968503
0
LINE
8
BLACK
6
CONTINUOUS
10
5.7591115748031498
20
-3.9768084251968503
11
5.7610274409448818
21
-3.9755282677165353
0
LINE
8
BLACK
6
CONTINUOUS
10
5.7610274409448818
20
-3.9755282677165353
11
5.7632874015748028
21
-3.9750787401574801
0
LINE
8
BLACK
6
CONTINUOUS
10
5.7632874015748028
20
-3.9750787401574801
11
5.8036417322834648
21
-3.9750787401574801
0
LINE
8
BLACK
6
CONTINUOUS
10
5.8036417322834648
20
-3.9750787401574801
11
5.8059016929133858
21
-3.9755282677165353
0
LINE
8
BLACK
6
CONTINUOUS
10
5.8059016929133858
20
-3.9755282677165353
11
5.8078175590551178
21
-3.9768084251968503
0
LINE
8
BLACK
6
CONTINUOUS
10
5.8078175590551178
20
-3.9768084251968503
11
5.8090977165354332
21
-3.9787242913385827
0
LINE
8
BLACK
6
CONTINUOUS
10
5.8090977165354332
20
-3.9787242913385827
11
5.809547244094488
21
-3.9809842519685037
0
LINE
8
BLACK
6
CONTINUOUS
10
5.809547244094488
20
-3.9809842519685037
11
5.809547244094488
21
-3.9927952755905509
0
LINE
8
BLACK
6
CONTINUOUS
10
5.809547244094488
20
-3.9927952755905509
11
5.8090977165354332
21
-3.9950552362204723
0
LINE
8
BLACK
6
CONTINUOUS
10
5.8090977165354332
20
-3.9950552362204723
11
5.8078175590551178
21
-3.9969711023622048
0
LINE
8
BLACK
6
CONTINUOUS
10
5.8078175590551178
20
-3.9969711023622048
11
5.8059016929133858
21
-3.9982512598425197
0
LINE
8
BLACK
6
CONTINUOUS
10
5.8059016929133858
20
-3.9982512598425197
11
5.8036417322834648
21
-3.9987007874015745
0
LINE
8
BLACK
6
CONTINUOUS
10
5.8036417322834648
20
-3.9987007874015745
11
5.7632874015748028
21
-3.9987007874015745
0
LINE
8
BLACK
6
CONTINUOUS
10
5.7632874015748028
20
-3.9987007874015745
11
5.7610274409448818
21
-3.9982512598425197
0
LINE
8
BLACK
6
CONTINUOUS
10
5.7610274409448818
20
-3.9982512598425197
11
5.7591115748031498
21
-3.9969711023622048
0
LINE
8
BLACK
6
CONTINUOUS
10
5.7591115748031498
20
-3.9969711023622048
11
5.7578314173228344
21
-3.9950552362204723
0
LINE
8
BLACK
6
CONTINUOUS
10
5.7578314173228344
20
-3.9950552362204723
11
5.7573818897637796
21
-3.9927952755905509
0
LINE
8
BLACK
6
CONTINUOUS
10
5.7573818897637796
20
-3.9927952755905509
11
5.7573818897637796
21
-3.9902940944881888
0
LINE
8
BLACK
6
CONTINUOUS
10
5.7573818897637796
20
-3.9902940944881888
11
5.7547919291338578
21
-3.9892211417322834
0
LINE
8
BLACK
6
CONTINUOUS
10
5.7547919291338578
20
-3.9892211417322834
11
5.7504056692913386
21
-3.986532834645669
0
LINE
8
BLACK
6
CONTINUOUS
10
5.7504056692913386
20
-3.986532834645669
11
5.74652342519685
21
-3.9832166141732284
0
LINE
8
BLACK
6
CONTINUOUS
10
5.74652342519685
20
-3.9832166141732284
11
5.7464935039370078
21
-3.9831920472440943
0
LINE
8
BLACK
6
CONTINUOUS
10
5.7464935039370078
20
-3.9831920472440943
11
5.7426314566929131
21
-3.9793295669291338
0
LINE
8
BLACK
6
CONTINUOUS
10
5.7426314566929131
20
-3.9793295669291338
11
5.7423166535433072
21
-3.9790147637795275
0
LINE
8
BLACK
6
CONTINUOUS
10
5.7423166535433072
20
-3.9790147637795275
11
5.7423135826771654
21
-3.9790110236220473
0
LINE
8
BLACK
6
CONTINUOUS
10
5.7423135826771654
20
-3.9790110236220473
11
5.7396992913385825
21
-3.9763968897637794
0
LINE
8
BLACK
6
CONTINUOUS
10
5.7396992913385825
20
-3.9763968897637794
11
5.7337089763779527
21
-3.9720448818897638
0
LINE
8
BLACK
6
CONTINUOUS
10
5.7337089763779527
20
-3.9720448818897638
11
5.7271117322834648
21
-3.9686833464566926
0
LINE
8
BLACK
6
CONTINUOUS
10
5.7271117322834648
20
-3.9686833464566926
11
5.7232511023622044
21
-3.9674288188976377
0
LINE
8
BLACK
6
CONTINUOUS
10
5.7232511023622044
20
-3.9674288188976377
11
5.7232511023622044
21
-3.9712090551181101
0
LINE
8
BLACK
6
CONTINUOUS
10
5.7232511023622044
20
-3.9712090551181101
11
5.7221870866141735
21
-3.9751800393700787
0
LINE
8
BLACK
6
CONTINUOUS
10
5.7221870866141735
20
-3.9751800393700787
11
5.7201315354330706
21
-3.9787403543307085
0
LINE
8
BLACK
6
CONTINUOUS
10
5.7201315354330706
20
-3.9787403543307085
11
5.7172246062992125
21
-3.9816472834645666
0
LINE
8
BLACK
6
CONTINUOUS
10
5.7172246062992125
20
-3.9816472834645666
11
5.7136642913385822
21
-3.9837028346456691
0
LINE
8
BLACK
6
CONTINUOUS
10
5.7136642913385822
20
-3.9837028346456691
11
5.7096933070866136
21
-3.9847668503937008
0
LINE
8
BLACK
6
CONTINUOUS
10
5.7096933070866136
20
-3.9847668503937008
11
5.7055822834645671
21
-3.9847668503937008
0
LINE
8
BLACK
6
CONTINUOUS
10
5.7055822834645671
20
-3.9847668503937008
11
5.7016112992125985
21
-3.9837028346456691
0
LINE
8
BLACK
6
CONTINUOUS
10
5.7016112992125985
20
-3.9837028346456691
11
5.6980509842519682
21
-3.9816472834645666
0
LINE
8
BLACK
6
CONTINUOUS
10
5.6980509842519682
20
-3.9816472834645666
11
5.6951440551181101
21
-3.9787403543307085
0
LINE
8
BLACK
6
CONTINUOUS
10
5.6951440551181101
20
-3.9787403543307085
11
5.693088503937008
21
-3.9751800393700787
0
LINE
8
BLACK
6
CONTINUOUS
10
5.693088503937008
20
-3.9751800393700787
11
5.6920244881889763
21
-3.9712090551181101
0
LINE
8
BLACK
6
CONTINUOUS
10
5.6920244881889763
20
-3.9712090551181101
11
5.6920244881889763
21
-3.9670980314960631
0
LINE
8
BLACK
6
CONTINUOUS
10
5.6920244881889763
20
-3.9670980314960631
11
5.6925233464566931
21
-3.9652362204724407
0
LINE
8
BLACK
6
CONTINUOUS
10
5.6925233464566931
20
-3.9652362204724407
11
5.643551181102362
21
-3.9652362204724407
0
LINE
8
BLACK
6
CONTINUOUS
10
5.643551181102362
20
-3.9652362204724407
11
5.6209133858267712
21
-3.9652362204724407
0
LINE
8
BLACK
6
CONTINUOUS
10
5.6209133858267712
20
-3.9652362204724407
11
5.6209133858267712
21
-3.9534251968503935
0
LINE
8
BLACK
6
CONTINUOUS
10
5.6209133858267712
20
-3.9534251968503935
11
5.6661889763779527
21
-3.9534251968503935
0
LINE
8
BLACK
6
CONTINUOUS
10
5.8059016929133858
20
-3.9007251181102363
11
5.8078175590551178
21
-3.9020052755905512
0
LINE
8
BLACK
6
CONTINUOUS
10
5.8078175590551178
20
-3.9020052755905512
11
5.8090977165354332
21
-3.9039211417322832
0
LINE
8
BLACK
6
CONTINUOUS
10
5.8090977165354332
20
-3.9039211417322832
11
5.809547244094488
21
-3.9061811023622046
0
LINE
8
BLACK
6
CONTINUOUS
10
5.809547244094488
20
-3.9061811023622046
11
5.809547244094488
21
-3.9179921259842518
0
LINE
8
BLACK
6
CONTINUOUS
10
5.809547244094488
20
-3.9179921259842518
11
5.8090977165354332
21
-3.9202520866141732
0
LINE
8
BLACK
6
CONTINUOUS
10
5.8090977165354332
20
-3.9202520866141732
11
5.8078175590551178
21
-3.9221679527559052
0
LINE
8
BLACK
6
CONTINUOUS
10
5.8078175590551178
20
-3.9221679527559052
11
5.8059016929133858
21
-3.9234481102362202
0
LINE
8
BLACK
6
CONTINUOUS
10
5.8059016929133858
20
-3.9234481102362202
11
5.8036417322834648
21
-3.9238976377952755
0
LINE
8
BLACK
6
CONTINUOUS
10
5.8036417322834648
20
-3.9238976377952755
11
5.7632874015748028
21
-3.9238976377952755
0
LINE
8
BLACK
6
CONTINUOUS
10
5.7632874015748028
20
-3.9238976377952755
11
5.7610274409448818
21
-3.9234481102362202
0
LINE
8
BLACK
6
CONTINUOUS
10
5.7610274409448818
20
-3.9234481102362202
11
5.7591115748031498
21
-3.9221679527559052
0
LINE
8
BLACK
6
CONTINUOUS
10
5.7591115748031498
20
-3.9221679527559052
11
5.7583595669291334
21
-3.9210425196850394
0
LINE
8
BLACK
6
CONTINUOUS
10
5.7583595669291334
20
-3.9210425196850394
11
5.7579733858267712
21
-3.9212025196850391
0
LINE
8
BLACK
6
CONTINUOUS
10
5.7579733858267712
20
-3.9212025196850391
11
5.7533526377952757
21
-3.9242902362204726
0
LINE
8
BLACK
6
CONTINUOUS
10
5.7533526377952757
20
-3.9242902362204726
11
5.7513878346456693
21
-3.9262551574803148
0
LINE
8
BLACK
6
CONTINUOUS
10
5.7513878346456693
20
-3.9262551574803148
11
5.751387559055118
21
-3.9262552755905511
0
LINE
8
BLACK
6
CONTINUOUS
10
5.751387559055118
20
-3.9262552755905511
11
5.7513874409448817
21
-3.9262555511811024
0
LINE
8
BLACK
6
CONTINUOUS
10
5.7513874409448817
20
-3.9262555511811024
11
5.7513874409448817
21
-3.9262555118110236
0
LINE
8
BLACK
6
CONTINUOUS
10
5.7513874409448817
20
-3.9262555118110236
11
5.7449077559055119
21
-3.9319373622047245
0
LINE
8
BLACK
6
CONTINUOUS
10
5.7449077559055119
20
-3.9319373622047245
11
5.7377419291338585
21
-3.9367249606299213
0
LINE
8
BLACK
6
CONTINUOUS
10
5.7377419291338585
20
-3.9367249606299213
11
5.7300125984251968
21
-3.9405363385826773
0
LINE
8
BLACK
6
CONTINUOUS
10
5.7300125984251968
20
-3.9405363385826773
11
5.7218518897637791
21
-3.9433063385826772
0
LINE
8
BLACK
6
CONTINUOUS
10
5.7218518897637791
20
-3.9433063385826772
11
5.7133994881889762
21
-3.944987559055118
0
LINE
8
BLACK
6
CONTINUOUS
10
5.7133994881889762
20
-3.944987559055118
11
5.7047999606299209
21
-3.9455512598425195
0
LINE
8
BLACK
6
CONTINUOUS
10
5.7047999606299209
20
-3.9455512598425195
11
5.7047999606299209
21
-3.945551181102362
0
LINE
8
BLACK
6
CONTINUOUS
10
5.7047999606299209
20
-3.945551181102362
11
5.7047999212598421
21
-3.9455511417322833
0
LINE
8
BLACK
6
CONTINUOUS
10
5.7047999212598421
20
-3.9455511417322833
11
5.7047998818897634
21
-3.945551181102362
0
LINE
8
BLACK
6
CONTINUOUS
10
5.7047998818897634
20
-3.945551181102362
11
5.643551181102362
21
-3.945551181102362
0
LINE
8
BLACK
6
CONTINUOUS
10
5.643551181102362
20
-3.945551181102362
11
5.6209133858267712
21
-3.945551181102362
0
LINE
8
BLACK
6
CONTINUOUS
10
5.6209133858267712
20
-3.945551181102362
11
5.6181102362204722
21
-3.945551181102362
0
LINE
8
BLACK
6
CONTINUOUS
10
5.6181102362204722
20
-3.945551181102362
11
5.616296141732283
21
-3.945551181102362
0
LINE
8
BLACK
6
CONTINUOUS
10
5.616296141732283
20
-3.945551181102362
11
5.6127915354330709
21
-3.9464902362204723
0
LINE
8
BLACK
6
CONTINUOUS
10
5.6127915354330709
20
-3.9464902362204723
11
5.609649409448819
21
-3.9483043307086612
0
LINE
8
BLACK
6
CONTINUOUS
10
5.609649409448819
20
-3.9483043307086612
11
5.6070838582677167
21
-3.9508698818897638
0
LINE
8
BLACK
6
CONTINUOUS
10
5.6070838582677167
20
-3.9508698818897638
11
5.6052697637795275
21
-3.9540120078740157
0
LINE
8
BLACK
6
CONTINUOUS
10
5.6052697637795275
20
-3.9540120078740157
11
5.6043307086614176
21
-3.9575166141732283
0
LINE
8
BLACK
6
CONTINUOUS
10
5.6043307086614176
20
-3.9575166141732283
11
5.6043307086614176
21
-3.9593307086614171
0
LINE
8
BLACK
6
CONTINUOUS
10
5.6043307086614176
20
-3.9593307086614171
11
5.6043307086614176
21
-3.9611448031496064
0
LINE
8
BLACK
6
CONTINUOUS
10
5.6043307086614176
20
-3.9611448031496064
11
5.6052697637795275
21
-3.9646494094488189
0
LINE
8
BLACK
6
CONTINUOUS
10
5.6052697637795275
20
-3.9646494094488189
11
5.6070838582677167
21
-3.9677915354330708
0
LINE
8
BLACK
6
CONTINUOUS
10
5.6070838582677167
20
-3.9677915354330708
11
5.609649409448819
21
-3.9703570866141731
0
LINE
8
BLACK
6
CONTINUOUS
10
5.609649409448819
20
-3.9703570866141731
11
5.6127915354330709
21
-3.9721711811023623
0
LINE
8
BLACK
6
CONTINUOUS
10
5.6127915354330709
20
-3.9721711811023623
11
5.616296141732283
21
-3.9731102362204722
0
LINE
8
BLACK
6
CONTINUOUS
10
5.616296141732283
20
-3.9731102362204722
11
5.6181102362204722
21
-3.9731102362204722
0
LINE
8
BLACK
6
CONTINUOUS
10
5.6181102362204722
20
-3.9731102362204722
11
5.643551181102362
21
-3.9731102362204722
0
LINE
8
BLACK
6
CONTINUOUS
10
5.643551181102362
20
-3.9731102362204722
11
5.6661889763779527
21
-3.9731102362204722
0
LINE
8
BLACK
6
CONTINUOUS
10
5.6661889763779527
20
-3.9731102362204722
11
5.6661889763779527
21
-3.9849212598425194
0
LINE
8
BLACK
6
CONTINUOUS
10
5.6661889763779527
20
-3.9849212598425194
11
5.6209133858267712
21
-3.9849212598425194
0
LINE
8
BLACK
6
CONTINUOUS
10
5.6209133858267712
20
-3.9849212598425194
11
5.6181102362204722
21
-3.9849212598425194
0
LINE
8
BLACK
6
CONTINUOUS
10
5.6181102362204722
20
-3.9849212598425194
11
5.6169581102362205
21
-3.9848077952755903
0
LINE
8
BLACK
6
CONTINUOUS
10
5.6169581102362205
20
-3.9848077952755903
11
5.6169038582677162
21
-3.98478531496063
0
LINE
8
BLACK
6
CONTINUOUS
10
5.6169038582677162
20
-3.98478531496063
11
5.6124157874015745
21
-3.9842796456692913
0
LINE
8
BLACK
6
CONTINUOUS
10
5.6124157874015745
20
-3.9842796456692913
11
5.607006929133858
21
-3.9823870078740158
0
LINE
8
BLACK
6
CONTINUOUS
10
5.607006929133858
20
-3.9823870078740158
11
5.602154803149606
21
-3.9793381889763779
0
LINE
8
BLACK
6
CONTINUOUS
10
5.602154803149606
20
-3.9793381889763779
11
5.5981027559055114
21
-3.9752861417322833
0
LINE
8
BLACK
6
CONTINUOUS
10
5.5981027559055114
20
-3.9752861417322833
11
5.595053937007874
21
-3.9704340157480313
0
LINE
8
BLACK
6
CONTINUOUS
10
5.595053937007874
20
-3.9704340157480313
11
5.5931612992125981
21
-3.9650251574803148
0
LINE
8
BLACK
6
CONTINUOUS
10
5.5931612992125981
20
-3.9650251574803148
11
5.5925196850393704
21
-3.9593307086614171
0
LINE
8
BLACK
6
CONTINUOUS
10
5.5925196850393704
20
-3.9593307086614171
11
5.5931612992125981
21
-3.9536362598425194
0
LINE
8
BLACK
6
CONTINUOUS
10
5.5931612992125981
20
-3.9536362598425194
11
5.595053937007874
21
-3.9482274015748029
0
LINE
8
BLACK
6
CONTINUOUS
10
5.595053937007874
20
-3.9482274015748029
11
5.5981027559055114
21
-3.9433752755905509
0
LINE
8
BLACK
6
CONTINUOUS
10
5.5981027559055114
20
-3.9433752755905509
11
5.602154803149606
21
-3.9393232283464568
0
LINE
8
BLACK
6
CONTINUOUS
10
5.602154803149606
20
-3.9393232283464568
11
5.607006929133858
21
-3.9362744094488189
0
LINE
8
BLACK
6
CONTINUOUS
10
5.607006929133858
20
-3.9362744094488189
11
5.6124157874015745
21
-3.9343817716535434
0
LINE
8
BLACK
6
CONTINUOUS
10
5.6124157874015745
20
-3.9343817716535434
11
5.6169038582677162
21
-3.9338760629921259
0
LINE
8
BLACK
6
CONTINUOUS
10
5.6169038582677162
20
-3.9338760629921259
11
5.6169581102362205
21
-3.933853622047244
0
LINE
8
BLACK
6
CONTINUOUS
10
5.6169581102362205
20
-3.933853622047244
11
5.6181102362204722
21
-3.9337401574803148
0
LINE
8
BLACK
6
CONTINUOUS
10
5.6181102362204722
20
-3.9337401574803148
11
5.643551181102362
21
-3.9337401574803148
0
LINE
8
BLACK
6
CONTINUOUS
10
5.643551181102362
20
-3.9337401574803148
11
5.6661889763779527
21
-3.9337401574803148
0
LINE
8
BLACK
6
CONTINUOUS
10
5.6661889763779527
20
-3.9337401574803148
11
5.7047998818897634
21
-3.9337401574803148
0
LINE
8
BLACK
6
CONTINUOUS
10
5.7047998818897634
20
-3.9337401574803148
11
5.7048006692913384
21
-3.9337401968503936
0
LINE
8
BLACK
6
CONTINUOUS
10
5.7048006692913384
20
-3.9337401968503936
11
5.7083439763779529
21
-3.9337401968503936
0
LINE
8
BLACK
6
CONTINUOUS
10
5.7083439763779529
20
-3.9337401968503936
11
5.7153716929133855
21
-3.9328149999999997
0
LINE
8
BLACK
6
CONTINUOUS
10
5.7153716929133855
20
-3.9328149999999997
11
5.7222185433070862
21
-3.930980472440945
0
LINE
8
BLACK
6
CONTINUOUS
10
5.7222185433070862
20
-3.930980472440945
11
5.7287674015748031
21
-3.9282680708661415
0
LINE
8
BLACK
6
CONTINUOUS
10
5.7287674015748031
20
-3.9282680708661415
11
5.7349062598425196
21
-3.9247241338582675
0
LINE
8
BLACK
6
CONTINUOUS
10
5.7349062598425196
20
-3.9247241338582675
11
5.7405300393700784
21
-3.9204092913385824
0
LINE
8
BLACK
6
CONTINUOUS
10
5.7405300393700784
20
-3.9204092913385824
11
5.7430362992125987
21
-3.917903346456693
0
LINE
8
BLACK
6
CONTINUOUS
10
5.7430362992125987
20
-3.917903346456693
11
5.7430363385826766
21
-3.917903346456693
0
LINE
8
BLACK
6
CONTINUOUS
10
5.7430363385826766
20
-3.917903346456693
11
5.7430365748031491
21
-3.9179031496062993
0
LINE
8
BLACK
6
CONTINUOUS
10
5.7430365748031491
20
-3.9179031496062993
11
5.7478114566929133
21
-3.9138248031496063
0
LINE
8
BLACK
6
CONTINUOUS
10
5.7478114566929133
20
-3.9138248031496063
11
5.753166299212598
21
-3.9105430708661415
0
LINE
8
BLACK
6
CONTINUOUS
10
5.753166299212598
20
-3.9105430708661415
11
5.7573818897637796
21
-3.9087966929133859
0
LINE
8
BLACK
6
CONTINUOUS
10
5.7573818897637796
20
-3.9087966929133859
11
5.7573818897637796
21
-3.9061811023622046
0
LINE
8
BLACK
6
CONTINUOUS
10
5.7573818897637796
20
-3.9061811023622046
11
5.7578314173228344
21
-3.9039211417322832
0
LINE
8
BLACK
6
CONTINUOUS
10
5.7578314173228344
20
-3.9039211417322832
11
5.7591115748031498
21
-3.9020052755905512
0
LINE
8
BLACK
6
CONTINUOUS
10
5.7591115748031498
20
-3.9020052755905512
11
5.7610274409448818
21
-3.9007251181102363
0
LINE
8
BLACK
6
CONTINUOUS
10
5.7610274409448818
20
-3.9007251181102363
11
5.7632874015748028
21
-3.900275590551181
0
LINE
8
BLACK
6
CONTINUOUS
10
5.7632874015748028
20
-3.900275590551181
11
5.8036417322834648
21
-3.900275590551181
0
LINE
8
BLACK
6
CONTINUOUS
10
5.8036417322834648
20
-3.900275590551181
11
5.8059016929133858
21
-3.9007251181102363
0
LINE
8
BLACK
6
CONTINUOUS
10
5.7682288582677161
20
-3.9342701574803147
11
5.7717891732283464
21
-3.9363257086614172
0
LINE
8
BLACK
6
CONTINUOUS
10
5.7717891732283464
20
-3.9363257086614172
11
5.7731406299212598
21
-3.9376771653543305
0
LINE
8
BLACK
6
CONTINUOUS
10
5.7731406299212598
20
-3.9376771653543305
11
5.8036417322834648
21
-3.9376771653543305
0
LINE
8
BLACK
6
CONTINUOUS
10
5.8036417322834648
20
-3.9376771653543305
11
5.8059016929133858
21
-3.9381266929133858
0
LINE
8
BLACK
6
CONTINUOUS
10
5.8059016929133858
20
-3.9381266929133858
11
5.8078175590551178
21
-3.9394068503937008
0
LINE
8
BLACK
6
CONTINUOUS
10
5.8078175590551178
20
-3.9394068503937008
11
5.8090977165354332
21
-3.9413227165354332
0
LINE
8
BLACK
6
CONTINUOUS
10
5.8090977165354332
20
-3.9413227165354332
11
5.809547244094488
21
-3.9435826771653542
0
LINE
8
BLACK
6
CONTINUOUS
10
5.809547244094488
20
-3.9435826771653542
11
5.809547244094488
21
-3.9553937007874014
0
LINE
8
BLACK
6
CONTINUOUS
10
5.809547244094488
20
-3.9553937007874014
11
5.8090977165354332
21
-3.9576536614173228
0
LINE
8
BLACK
6
CONTINUOUS
10
5.8090977165354332
20
-3.9576536614173228
11
5.8078175590551178
21
-3.9595695275590552
0
LINE
8
BLACK
6
CONTINUOUS
10
5.8078175590551178
20
-3.9595695275590552
11
5.8059016929133858
21
-3.9608496850393702
0
LINE
8
BLACK
6
CONTINUOUS
10
5.8059016929133858
20
-3.9608496850393702
11
5.8036417322834648
21
-3.961299212598425
0
LINE
8
BLACK
6
CONTINUOUS
10
5.8036417322834648
20
-3.961299212598425
11
5.7718031496062991
21
-3.961299212598425
0
LINE
8
BLACK
6
CONTINUOUS
10
5.7718031496062991
20
-3.961299212598425
11
5.7717891732283464
21
-3.9613131889763777
0
LINE
8
BLACK
6
CONTINUOUS
10
5.7717891732283464
20
-3.9613131889763777
11
5.7682288582677161
21
-3.9633687401574802
0
LINE
8
BLACK
6
CONTINUOUS
10
5.7682288582677161
20
-3.9633687401574802
11
5.7642578740157475
21
-3.9644327559055119
0
LINE
8
BLACK
6
CONTINUOUS
10
5.7642578740157475
20
-3.9644327559055119
11
5.760146850393701
21
-3.9644327559055119
0
LINE
8
BLACK
6
CONTINUOUS
10
5.760146850393701
20
-3.9644327559055119
11
5.7561758661417324
21
-3.9633687401574802
0
LINE
8
BLACK
6
CONTINUOUS
10
5.7561758661417324
20
-3.9633687401574802
11
5.7526155511811021
21
-3.9613131889763777
0
LINE
8
BLACK
6
CONTINUOUS
10
5.7526155511811021
20
-3.9613131889763777
11
5.749708622047244
21
-3.9584062598425196
0
LINE
8
BLACK
6
CONTINUOUS
10
5.749708622047244
20
-3.9584062598425196
11
5.747653070866142
21
-3.9548459448818898
0
LINE
8
BLACK
6
CONTINUOUS
10
5.747653070866142
20
-3.9548459448818898
11
5.7465890551181102
21
-3.9508749606299212
0
LINE
8
BLACK
6
CONTINUOUS
10
5.7465890551181102
20
-3.9508749606299212
11
5.7465890551181102
21
-3.9467639370078738
0
LINE
8
BLACK
6
CONTINUOUS
10
5.7465890551181102
20
-3.9467639370078738
11
5.747653070866142
21
-3.9427929527559056
0
LINE
8
BLACK
6
CONTINUOUS
10
5.747653070866142
20
-3.9427929527559056
11
5.749708622047244
21
-3.9392326377952753
0
LINE
8
BLACK
6
CONTINUOUS
10
5.749708622047244
20
-3.9392326377952753
11
5.7526155511811021
21
-3.9363257086614172
0
LINE
8
BLACK
6
CONTINUOUS
10
5.7526155511811021
20
-3.9363257086614172
11
5.7561758661417324
21
-3.9342701574803147
0
LINE
8
BLACK
6
CONTINUOUS
10
5.7561758661417324
20
-3.9342701574803147
11
5.760146850393701
21
-3.9332061417322834
0
LINE
8
BLACK
6
CONTINUOUS
10
5.760146850393701
20
-3.9332061417322834
11
5.7642578740157475
21
-3.9332061417322834
0
LINE
8
BLACK
6
CONTINUOUS
10
5.7642578740157475
20
-3.9332061417322834
11
5.7682288582677161
21
-3.9342701574803147
0
LINE
8
BLACK
6
CONTINUOUS
10
5.7143410629921263
20
-3.8953272047244094
11
5.7179013779527557
21
-3.8973827559055119
0
LINE
8
BLACK
6
CONTINUOUS
10
5.7179013779527557
20
-3.8973827559055119
11
5.7208083070866138
21
-3.90028968503937
0
LINE
8
BLACK
6
CONTINUOUS
10
5.7208083070866138
20
-3.90028968503937
11
5.7228638582677167
21
-3.9038499999999998
0
LINE
8
BLACK
6
CONTINUOUS
10
5.7228638582677167
20
-3.9038499999999998
11
5.7239278740157475
21
-3.9078209842519684
0
LINE
8
BLACK
6
CONTINUOUS
10
5.7239278740157475
20
-3.9078209842519684
11
5.7239278740157475
21
-3.9119320078740158
0
LINE
8
BLACK
6
CONTINUOUS
10
5.7239278740157475
20
-3.9119320078740158
11
5.7228638582677167
21
-3.915902992125984
0
LINE
8
BLACK
6
CONTINUOUS
10
5.7228638582677167
20
-3.915902992125984
11
5.7208083070866138
21
-3.9194633070866143
0
LINE
8
BLACK
6
CONTINUOUS
10
5.7208083070866138
20
-3.9194633070866143
11
5.7179013779527557
21
-3.9223702362204724
0
LINE
8
BLACK
6
CONTINUOUS
10
5.7179013779527557
20
-3.9223702362204724
11
5.7143410629921263
21
-3.9244257874015749
0
LINE
8
BLACK
6
CONTINUOUS
10
5.7143410629921263
20
-3.9244257874015749
11
5.7103700787401577
21
-3.9254898031496062
0
LINE
8
BLACK
6
CONTINUOUS
10
5.7103700787401577
20
-3.9254898031496062
11
5.7062590551181103
21
-3.9254898031496062
0
LINE
8
BLACK
6
CONTINUOUS
10
5.7062590551181103
20
-3.9254898031496062
11
5.7022880708661416
21
-3.9244257874015749
0
LINE
8
BLACK
6
CONTINUOUS
10
5.7022880708661416
20
-3.9244257874015749
11
5.7021504724409446
21
-3.9243463385826769
0
LINE
8
BLACK
6
CONTINUOUS
10
5.7021504724409446
20
-3.9243463385826769
11
5.7015113385826774
21
-3.9248709055118107
0
LINE
8
BLACK
6
CONTINUOUS
10
5.7015113385826774
20
-3.9248709055118107
11
5.7003122834645668
21
-3.9253675590551178
0
LINE
8
BLACK
6
CONTINUOUS
10
5.7003122834645668
20
-3.9253675590551178
11
5.6993825590551177
21
-3.9257526771653541
0
LINE
8
BLACK
6
CONTINUOUS
10
5.6993825590551177
20
-3.9257526771653541
11
5.698230433070866
21
-3.9258661417322833
0
LINE
8
BLACK
6
CONTINUOUS
10
5.698230433070866
20
-3.9258661417322833
11
5.643551181102362
21
-3.9258661417322833
0
LINE
8
BLACK
6
CONTINUOUS
10
5.643551181102362
20
-3.9258661417322833
11
5.6209133858267712
21
-3.9258661417322833
0
LINE
8
BLACK
6
CONTINUOUS
10
5.6209133858267712
20
-3.9258661417322833
11
5.6209133858267712
21
-3.9140551181102361
0
LINE
8
BLACK
6
CONTINUOUS
10
5.6209133858267712
20
-3.9140551181102361
11
5.6661889763779527
21
-3.9140551181102361
0
LINE
8
BLACK
6
CONTINUOUS
10
5.6661889763779527
20
-3.9140551181102361
11
5.6932701574803151
21
-3.9140551181102361
0
LINE
8
BLACK
6
CONTINUOUS
10
5.6932701574803151
20
-3.9140551181102361
11
5.6927012598425195
21
-3.9119320078740158
0
LINE
8
BLACK
6
CONTINUOUS
10
5.6927012598425195
20
-3.9119320078740158
11
5.6927012598425195
21
-3.9078209842519684
0
LINE
8
BLACK
6
CONTINUOUS
10
5.6927012598425195
20
-3.9078209842519684
11
5.6937652755905512
21
-3.9038499999999998
0
LINE
8
BLACK
6
CONTINUOUS
10
5.6937652755905512
20
-3.9038499999999998
11
5.6958208267716532
21
-3.90028968503937
0
LINE
8
BLACK
6
CONTINUOUS
10
5.6958208267716532
20
-3.90028968503937
11
5.6987277559055114
21
-3.8973827559055119
0
LINE
8
BLACK
6
CONTINUOUS
10
5.6987277559055114
20
-3.8973827559055119
11
5.7022880708661416
21
-3.8953272047244094
0
LINE
8
BLACK
6
CONTINUOUS
10
5.7022880708661416
20
-3.8953272047244094
11
5.7062590551181103
21
-3.8942631889763777
0
LINE
8
BLACK
6
CONTINUOUS
10
5.7062590551181103
20
-3.8942631889763777
11
5.7103700787401577
21
-3.8942631889763777
0
LINE
8
BLACK
6
CONTINUOUS
10
5.7103700787401577
20
-3.8942631889763777
11
5.7143410629921263
21
-3.8953272047244094
0
LINE
8
BLACK
6
CONTINUOUS
10
5.6661889763779527
20
-3.9061811023622046
11
5.6209133858267712
21
-3.9061811023622046
0
LINE
8
BLACK
6
CONTINUOUS
10
5.6209133858267712
20
-3.9061811023622046
11
5.6209133858267712
21
-3.8943700787401574
0
LINE
8
BLACK
6
CONTINUOUS
10
5.6209133858267712
20
-3.8943700787401574
11
5.6661889763779527
21
-3.8943700787401574
0
LINE
8
BLACK
6
CONTINUOUS
10
5.6661889763779527
20
-3.8943700787401574
11
5.6661889763779527
21
-3.9061811023622046
0
LINE
8
BLACK
6
CONTINUOUS
10
5.6021864960629921
20
-3.6548513385826773
11
5.6047409842519684
21
-3.6565582283464568
0
LINE
8
BLACK
6
CONTINUOUS
10
5.6047409842519684
20
-3.6565582283464568
11
5.606447874015748
21
-3.6591127165354331
0
LINE
8
BLACK
6
CONTINUOUS
10
5.606447874015748
20
-3.6591127165354331
11
5.6070472440944883
21
-3.6621259842519684
0
LINE
8
BLACK
6
CONTINUOUS
10
5.6070472440944883
20
-3.6621259842519684
11
5.6070472440944883
21
-3.6778740157480314
0
LINE
8
BLACK
6
CONTINUOUS
10
5.6070472440944883
20
-3.6778740157480314
11
5.606447874015748
21
-3.6808872834645667
0
LINE
8
BLACK
6
CONTINUOUS
10
5.606447874015748
20
-3.6808872834645667
11
5.6047409842519684
21
-3.683441771653543
0
LINE
8
BLACK
6
CONTINUOUS
10
5.6047409842519684
20
-3.683441771653543
11
5.6021864960629921
21
-3.6851486614173226
0
LINE
8
BLACK
6
CONTINUOUS
10
5.6021864960629921
20
-3.6851486614173226
11
5.5991732283464568
21
-3.6857480314960629
0
LINE
8
BLACK
6
CONTINUOUS
10
5.5991732283464568
20
-3.6857480314960629
11
5.5809500787401571
21
-3.6857480314960629
0
LINE
8
BLACK
6
CONTINUOUS
10
5.5809500787401571
20
-3.6857480314960629
11
5.5531496062992121
21
-3.713548503937008
0
LINE
8
BLACK
6
CONTINUOUS
10
5.5531496062992121
20
-3.713548503937008
11
5.5531496062992121
21
-3.8564908661417321
0
LINE
8
BLACK
6
CONTINUOUS
10
5.5531496062992121
20
-3.8564908661417321
11
5.5713437795275587
21
-3.8746850393700787
0
LINE
8
BLACK
6
CONTINUOUS
10
5.5713437795275587
20
-3.8746850393700787
11
5.643551181102362
21
-3.8746850393700787
0
LINE
8
BLACK
6
CONTINUOUS
10
5.643551181102362
20
-3.8746850393700787
11
5.6661889763779527
21
-3.8746850393700787
0
LINE
8
BLACK
6
CONTINUOUS
10
5.6661889763779527
20
-3.8746850393700787
11
5.6661889763779527
21
-3.8864960629921259
0
LINE
8
BLACK
6
CONTINUOUS
10
5.6661889763779527
20
-3.8864960629921259
11
5.6209133858267712
21
-3.8864960629921259
0
LINE
8
BLACK
6
CONTINUOUS
10
5.6209133858267712
20
-3.8864960629921259
11
5.568897637795275
21
-3.8864960629921259
0
LINE
8
BLACK
6
CONTINUOUS
10
5.568897637795275
20
-3.8864960629921259
11
5.5677455118110233
21
-3.8863825984251967
0
LINE
8
BLACK
6
CONTINUOUS
10
5.5677455118110233
20
-3.8863825984251967
11
5.5664984645669291
21
-3.885866023622047
0
LINE
8
BLACK
6
CONTINUOUS
10
5.5664984645669291
20
-3.885866023622047
11
5.5656166929133857
21
-3.8855008267716533
0
LINE
8
BLACK
6
CONTINUOUS
10
5.5656166929133857
20
-3.8855008267716533
11
5.5647218110236221
21
-3.8847663779527557
0
LINE
8
BLACK
6
CONTINUOUS
10
5.5647218110236221
20
-3.8847663779527557
11
5.543068267716535
21
-3.8631128346456691
0
LINE
8
BLACK
6
CONTINUOUS
10
5.543068267716535
20
-3.8631128346456691
11
5.5423338188976379
21
-3.8622179133858268
0
LINE
8
BLACK
6
CONTINUOUS
10
5.5423338188976379
20
-3.8622179133858268
11
5.5414520472440945
21
-3.8600890944881887
0
LINE
8
BLACK
6
CONTINUOUS
10
5.5414520472440945
20
-3.8600890944881887
11
5.5413385826771648
21
-3.8589370078740157
0
LINE
8
BLACK
6
CONTINUOUS
10
5.5413385826771648
20
-3.8589370078740157
11
5.5413385826771648
21
-3.7111023622047243
0
LINE
8
BLACK
6
CONTINUOUS
10
5.5413385826771648
20
-3.7111023622047243
11
5.5414520472440945
21
-3.7099502362204722
0
LINE
8
BLACK
6
CONTINUOUS
10
5.5414520472440945
20
-3.7099502362204722
11
5.5419810236220473
21
-3.7086731889763778
0
LINE
8
BLACK
6
CONTINUOUS
10
5.5419810236220473
20
-3.7086731889763778
11
5.5423338188976379
21
-3.7078214566929133
0
LINE
8
BLACK
6
CONTINUOUS
10
5.5423338188976379
20
-3.7078214566929133
11
5.543068267716535
21
-3.7069265354330709
0
LINE
8
BLACK
6
CONTINUOUS
10
5.543068267716535
20
-3.7069265354330709
11
5.5700562992125979
21
-3.6799384645669289
0
LINE
8
BLACK
6
CONTINUOUS
10
5.5700562992125979
20
-3.6799384645669289
11
5.5696456692913383
21
-3.6778740157480314
0
LINE
8
BLACK
6
CONTINUOUS
10
5.5696456692913383
20
-3.6778740157480314
11
5.5696456692913383
21
-3.6621259842519684
0
LINE
8
BLACK
6
CONTINUOUS
10
5.5696456692913383
20
-3.6621259842519684
11
5.5702450393700786
21
-3.6591127165354331
0
LINE
8
BLACK
6
CONTINUOUS
10
5.5702450393700786
20
-3.6591127165354331
11
5.5719519291338582
21
-3.6565582283464568
0
LINE
8
BLACK
6
CONTINUOUS
10
5.5719519291338582
20
-3.6565582283464568
11
5.5745064173228345
21
-3.6548513385826773
0
LINE
8
BLACK
6
CONTINUOUS
10
5.5745064173228345
20
-3.6548513385826773
11
5.5775196850393698
21
-3.654251968503937
0
LINE
8
BLACK
6
CONTINUOUS
10
5.5775196850393698
20
-3.654251968503937
11
5.5991732283464568
21
-3.654251968503937
0
LINE
8
BLACK
6
CONTINUOUS
10
5.5991732283464568
20
-3.654251968503937
11
5.6021864960629921
21
-3.6548513385826773
0
LINE
8
BLACK
6
CONTINUOUS
10
5.9467534251968504
20
-3.6748119685039371
11
5.9493079133858267
21
-3.6765188582677166
0
LINE
8
BLACK
6
CONTINUOUS
10
5.9493079133858267
20
-3.6765188582677166
11
5.9510148031496062
21
-3.6790733464566929
0
LINE
8
BLACK
6
CONTINUOUS
10
5.9510148031496062
20
-3.6790733464566929
11
5.9516141732283465
21
-3.6820866141732282
0
LINE
8
BLACK
6
CONTINUOUS
10
5.9516141732283465
20
-3.6820866141732282
11
5.9516141732283465
21
-3.7037401574803148
0
LINE
8
BLACK
6
CONTINUOUS
10
5.9516141732283465
20
-3.7037401574803148
11
5.9510148031496062
21
-3.7067534251968501
0
LINE
8
BLACK
6
CONTINUOUS
10
5.9510148031496062
20
-3.7067534251968501
11
5.9493079133858267
21
-3.7093079133858269
0
LINE
8
BLACK
6
CONTINUOUS
10
5.9493079133858267
20
-3.7093079133858269
11
5.9467534251968504
21
-3.7110148031496064
0
LINE
8
BLACK
6
CONTINUOUS
10
5.9467534251968504
20
-3.7110148031496064
11
5.943740157480315
21
-3.7116141732283463
0
LINE
8
BLACK
6
CONTINUOUS
10
5.943740157480315
20
-3.7116141732283463
11
5.9283009055118105
21
-3.7116141732283463
0
LINE
8
BLACK
6
CONTINUOUS
10
5.9283009055118105
20
-3.7116141732283463
11
5.7833298425196853
21
-3.8565851968503937
0
LINE
8
BLACK
6
CONTINUOUS
10
5.7833298425196853
20
-3.8565851968503937
11
5.7833298425196853
21
-3.8570555118110237
0
LINE
8
BLACK
6
CONTINUOUS
10
5.7833298425196853
20
-3.8570555118110237
11
5.7822658267716536
21
-3.8610264960629919
0
LINE
8
BLACK
6
CONTINUOUS
10
5.7822658267716536
20
-3.8610264960629919
11
5.7802102755905507
21
-3.8645868110236221
0
LINE
8
BLACK
6
CONTINUOUS
10
5.7802102755905507
20
-3.8645868110236221
11
5.7773033464566925
21
-3.8674937401574803
0
LINE
8
BLACK
6
CONTINUOUS
10
5.7773033464566925
20
-3.8674937401574803
11
5.7737430314960632
21
-3.8695492913385827
0
LINE
8
BLACK
6
CONTINUOUS
10
5.7737430314960632
20
-3.8695492913385827
11
5.7697720472440945
21
-3.870613307086614
0
LINE
8
BLACK
6
CONTINUOUS
10
5.7697720472440945
20
-3.870613307086614
11
5.7656610236220471
21
-3.870613307086614
0
LINE
8
BLACK
6
CONTINUOUS
10
5.7656610236220471
20
-3.870613307086614
11
5.7616900393700785
21
-3.8695492913385827
0
LINE
8
BLACK
6
CONTINUOUS
10
5.7616900393700785
20
-3.8695492913385827
11
5.7581297244094483
21
-3.8674937401574803
0
LINE
8
BLACK
6
CONTINUOUS
10
5.7581297244094483
20
-3.8674937401574803
11
5.7552227952755901
21
-3.8645868110236221
0
LINE
8
BLACK
6
CONTINUOUS
10
5.7552227952755901
20
-3.8645868110236221
11
5.7542338976377954
21
-3.8628740157480315
0
LINE
8
BLACK
6
CONTINUOUS
10
5.7542338976377954
20
-3.8628740157480315
11
5.6661889763779527
21
-3.8628740157480315
0
LINE
8
BLACK
6
CONTINUOUS
10
5.6661889763779527
20
-3.8628740157480315
11
5.6661889763779527
21
-3.8668110236220472
0
LINE
8
BLACK
6
CONTINUOUS
10
5.6661889763779527
20
-3.8668110236220472
11
5.6209133858267712
21
-3.8668110236220472
0
LINE
8
BLACK
6
CONTINUOUS
10
5.6209133858267712
20
-3.8668110236220472
11
5.6209133858267712
21
-3.8431889763779528
0
LINE
8
BLACK
6
CONTINUOUS
10
5.6209133858267712
20
-3.8431889763779528
11
5.6661889763779527
21
-3.8431889763779528
0
LINE
8
BLACK
6
CONTINUOUS
10
5.6661889763779527
20
-3.8431889763779528
11
5.6661889763779527
21
-3.8471259842519685
0
LINE
8
BLACK
6
CONTINUOUS
10
5.6661889763779527
20
-3.8471259842519685
11
5.7542338976377954
21
-3.8471259842519685
0
LINE
8
BLACK
6
CONTINUOUS
10
5.7542338976377954
20
-3.8471259842519685
11
5.7552227952755901
21
-3.8454131889763778
0
LINE
8
BLACK
6
CONTINUOUS
10
5.7552227952755901
20
-3.8454131889763778
11
5.7581297244094483
21
-3.8425062598425197
0
LINE
8
BLACK
6
CONTINUOUS
10
5.7581297244094483
20
-3.8425062598425197
11
5.7616900393700785
21
-3.8404507086614172
0
LINE
8
BLACK
6
CONTINUOUS
10
5.7616900393700785
20
-3.8404507086614172
11
5.7656610236220471
21
-3.8393866929133855
0
LINE
8
BLACK
6
CONTINUOUS
10
5.7656610236220471
20
-3.8393866929133855
11
5.7697720472440945
21
-3.8393866929133855
0
LINE
8
BLACK
6
CONTINUOUS
10
5.7697720472440945
20
-3.8393866929133855
11
5.7737430314960632
21
-3.8404507086614172
0
LINE
8
BLACK
6
CONTINUOUS
10
5.7737430314960632
20
-3.8404507086614172
11
5.7759303937007873
21
-3.8417135826771651
0
LINE
8
BLACK
6
CONTINUOUS
10
5.7759303937007873
20
-3.8417135826771651
11
5.9201181102362206
21
-3.6975258661417323
0
LINE
8
BLACK
6
CONTINUOUS
10
5.9201181102362206
20
-3.6975258661417323
11
5.9201181102362206
21
-3.6820866141732282
0
LINE
8
BLACK
6
CONTINUOUS
10
5.9201181102362206
20
-3.6820866141732282
11
5.9207174803149609
21
-3.6790733464566929
0
LINE
8
BLACK
6
CONTINUOUS
10
5.9207174803149609
20
-3.6790733464566929
11
5.9224243700787405
21
-3.6765188582677166
0
LINE
8
BLACK
6
CONTINUOUS
10
5.9224243700787405
20
-3.6765188582677166
11
5.9249788582677168
21
-3.6748119685039371
0
LINE
8
BLACK
6
CONTINUOUS
10
5.9249788582677168
20
-3.6748119685039371
11
5.9279921259842521
21
-3.6742125984251968
0
LINE
8
BLACK
6
CONTINUOUS
10
5.9279921259842521
20
-3.6742125984251968
11
5.943740157480315
21
-3.6742125984251968
0
LINE
8
BLACK
6
CONTINUOUS
10
5.943740157480315
20
-3.6742125984251968
11
5.9467534251968504
21
-3.6748119685039371
0
LINE
8
BLACK
6
CONTINUOUS
10
6.3503308267716534
20
-3.7002526771653543
11
6.3522466929133854
21
-3.7015328346456693
0
LINE
8
BLACK
6
CONTINUOUS
10
6.3522466929133854
20
-3.7015328346456693
11
6.3535268503937008
21
-3.7034487007874013
0
LINE
8
BLACK
6
CONTINUOUS
10
6.3535268503937008
20
-3.7034487007874013
11
6.3539763779527556
21
-3.7057086614173227
0
LINE
8
BLACK
6
CONTINUOUS
10
6.3539763779527556
20
-3.7057086614173227
11
6.3572834645669287
21
-3.7057086614173227
0
LINE
8
BLACK
6
CONTINUOUS
10
6.3572834645669287
20
-3.7057086614173227
11
6.3584355905511813
21
-3.7058221259842519
0
LINE
8
BLACK
6
CONTINUOUS
10
6.3584355905511813
20
-3.7058221259842519
11
6.3587585433070863
21
-3.7059559055118108
0
LINE
8
BLACK
6
CONTINUOUS
10
6.3587585433070863
20
-3.7059559055118108
11
6.3605643700787402
21
-3.7067038976377953
0
LINE
8
BLACK
6
CONTINUOUS
10
6.3605643700787402
20
-3.7067038976377953
11
6.3614592913385826
21
-3.7074383464566929
0
LINE
8
BLACK
6
CONTINUOUS
10
6.3614592913385826
20
-3.7074383464566929
11
6.3719317322834641
21
-3.7179107874015749
0
LINE
8
BLACK
6
CONTINUOUS
10
6.3719317322834641
20
-3.7179107874015749
11
6.3726661811023622
21
-3.7188057086614172
0
LINE
8
BLACK
6
CONTINUOUS
10
6.3726661811023622
20
-3.7188057086614172
11
6.3729570078740156
21
-3.7195078346456691
0
LINE
8
BLACK
6
CONTINUOUS
10
6.3729570078740156
20
-3.7195078346456691
11
6.3735479527559056
21
-3.7209344881889761
0
LINE
8
BLACK
6
CONTINUOUS
10
6.3735479527559056
20
-3.7209344881889761
11
6.3736614173228343
21
-3.7220866141732283
0
LINE
8
BLACK
6
CONTINUOUS
10
6.3736614173228343
20
-3.7220866141732283
11
6.3736614173228343
21
-4.2739763779527555
0
LINE
8
BLACK
6
CONTINUOUS
10
6.3736614173228343
20
-4.2739763779527555
11
6.3735479527559056
21
-4.2751284645669294
0
LINE
8
BLACK
6
CONTINUOUS
10
6.3735479527559056
20
-4.2751284645669294
11
6.3726661811023622
21
-4.277257283464567
0
LINE
8
BLACK
6
CONTINUOUS
10
6.3726661811023622
20
-4.277257283464567
11
6.3719317322834641
21
-4.2781522047244094
0
LINE
8
BLACK
6
CONTINUOUS
10
6.3719317322834641
20
-4.2781522047244094
11
6.3614592913385826
21
-4.2886246456692909
0
LINE
8
BLACK
6
CONTINUOUS
10
6.3614592913385826
20
-4.2886246456692909
11
6.3605643700787402
21
-4.289359094488189
0
LINE
8
BLACK
6
CONTINUOUS
10
6.3605643700787402
20
-4.289359094488189
11
6.3593173622047239
21
-4.2898755905511807
0
LINE
8
BLACK
6
CONTINUOUS
10
6.3593173622047239
20
-4.2898755905511807
11
6.3584355905511813
21
-4.2902408661417324
0
LINE
8
BLACK
6
CONTINUOUS
10
6.3584355905511813
20
-4.2902408661417324
11
6.3572834645669287
21
-4.2903543307086611
0
LINE
8
BLACK
6
CONTINUOUS
10
6.3572834645669287
20
-4.2903543307086611
11
6.3539763779527556
21
-4.2903543307086611
0
LINE
8
BLACK
6
CONTINUOUS
10
6.3539763779527556
20
-4.2903543307086611
11
6.3535268503937008
21
-4.292614291338583
0
LINE
8
BLACK
6
CONTINUOUS
10
6.3535268503937008
20
-4.292614291338583
11
6.3522466929133854
21
-4.294530157480315
0
LINE
8
BLACK
6
CONTINUOUS
10
6.3522466929133854
20
-4.294530157480315
11
6.3503308267716534
21
-4.2958103149606295
0
LINE
8
BLACK
6
CONTINUOUS
10
6.3503308267716534
20
-4.2958103149606295
11
6.3480708661417324
21
-4.2962598425196852
0
LINE
8
BLACK
6
CONTINUOUS
10
6.3480708661417324
20
-4.2962598425196852
11
6.2929527559055121
21
-4.2962598425196852
0
LINE
8
BLACK
6
CONTINUOUS
10
6.2929527559055121
20
-4.2962598425196852
11
6.2906927952755902
21
-4.2958103149606295
0
LINE
8
BLACK
6
CONTINUOUS
10
6.2906927952755902
20
-4.2958103149606295
11
6.2887769291338582
21
-4.294530157480315
0
LINE
8
BLACK
6
CONTINUOUS
10
6.2887769291338582
20
-4.294530157480315
11
6.2874967716535428
21
-4.292614291338583
0
LINE
8
BLACK
6
CONTINUOUS
10
6.2874967716535428
20
-4.292614291338583
11
6.287047244094488
21
-4.2903543307086611
0
LINE
8
BLACK
6
CONTINUOUS
10
6.287047244094488
20
-4.2903543307086611
11
6.2568897637795278
21
-4.2903543307086611
0
LINE
8
BLACK
6
CONTINUOUS
10
6.2568897637795278
20
-4.2903543307086611
11
6.2557376377952751
21
-4.2902408661417324
0
LINE
8
BLACK
6
CONTINUOUS
10
6.2557376377952751
20
-4.2902408661417324
11
6.2548558661417317
21
-4.2898755905511807
0
LINE
8
BLACK
6
CONTINUOUS
10
6.2548558661417317
20
-4.2898755905511807
11
6.2536088582677163
21
-4.289359094488189
0
LINE
8
BLACK
6
CONTINUOUS
10
6.2536088582677163
20
-4.289359094488189
11
6.2527139370078739
21
-4.2886246456692909
0
LINE
8
BLACK
6
CONTINUOUS
10
6.2527139370078739
20
-4.2886246456692909
11
6.1690525196850396
21
-4.2049632283464566
0
LINE
8
BLACK
6
CONTINUOUS
10
6.1690525196850396
20
-4.2049632283464566
11
6.1683180708661416
21
-4.2040683070866143
0
LINE
8
BLACK
6
CONTINUOUS
10
6.1683180708661416
20
-4.2040683070866143
11
6.1674579921259838
21
-4.2019918503937008
0
LINE
8
BLACK
6
CONTINUOUS
10
6.1674579921259838
20
-4.2019918503937008
11
6.1674362992125982
21
-4.2019395275590554
0
LINE
8
BLACK
6
CONTINUOUS
10
6.1674362992125982
20
-4.2019395275590554
11
6.1673228346456694
21
-4.2007874015748028
0
LINE
8
BLACK
6
CONTINUOUS
10
6.1673228346456694
20
-4.2007874015748028
11
6.1673228346456694
21
-4.0688976377952759
0
LINE
8
BLACK
6
CONTINUOUS
10
6.1673228346456694
20
-4.0688976377952759
11
6.1624015748031491
21
-4.0688976377952759
0
LINE
8
BLACK
6
CONTINUOUS
10
6.1624015748031491
20
-4.0688976377952759
11
6.1593883070866138
21
-4.0682982677165356
0
LINE
8
BLACK
6
CONTINUOUS
10
6.1593883070866138
20
-4.0682982677165356
11
6.1568338188976375
21
-4.066591377952756
0
LINE
8
BLACK
6
CONTINUOUS
10
6.1568338188976375
20
-4.066591377952756
11
6.1551269291338579
21
-4.0640368897637797
0
LINE
8
BLACK
6
CONTINUOUS
10
6.1551269291338579
20
-4.0640368897637797
11
6.1545275590551176
21
-4.0610236220472444
0
LINE
8
BLACK
6
CONTINUOUS
10
6.1545275590551176
20
-4.0610236220472444
11
6.1545275590551176
21
-4.0452755905511806
0
LINE
8
BLACK
6
CONTINUOUS
10
6.1545275590551176
20
-4.0452755905511806
11
6.1551269291338579
21
-4.0422623228346453
0
LINE
8
BLACK
6
CONTINUOUS
10
6.1551269291338579
20
-4.0422623228346453
11
6.1568338188976375
21
-4.039707834645669
0
LINE
8
BLACK
6
CONTINUOUS
10
6.1568338188976375
20
-4.039707834645669
11
6.1593883070866138
21
-4.0380009448818894
0
LINE
8
BLACK
6
CONTINUOUS
10
6.1593883070866138
20
-4.0380009448818894
11
6.1624015748031491
21
-4.0374015748031491
0
LINE
8
BLACK
6
CONTINUOUS
10
6.1624015748031491
20
-4.0374015748031491
11
6.1840551181102361
21
-4.0374015748031491
0
LINE
8
BLACK
6
CONTINUOUS
10
6.1840551181102361
20
-4.0374015748031491
11
6.1870683858267714
21
-4.0380009448818894
0
LINE
8
BLACK
6
CONTINUOUS
10
6.1870683858267714
20
-4.0380009448818894
11
6.1896228740157477
21
-4.039707834645669
0
LINE
8
BLACK
6
CONTINUOUS
10
6.1896228740157477
20
-4.039707834645669
11
6.1913297637795273
21
-4.0422623228346453
0
LINE
8
BLACK
6
CONTINUOUS
10
6.1913297637795273
20
-4.0422623228346453
11
6.1919291338582676
21
-4.0452755905511806
0
LINE
8
BLACK
6
CONTINUOUS
10
6.1919291338582676
20
-4.0452755905511806
11
6.1919291338582676
21
-4.0610236220472444
0
LINE
8
BLACK
6
CONTINUOUS
10
6.1919291338582676
20
-4.0610236220472444
11
6.1913297637795273
21
-4.0640368897637797
0
LINE
8
BLACK
6
CONTINUOUS
10
6.1913297637795273
20
-4.0640368897637797
11
6.1896228740157477
21
-4.066591377952756
0
LINE
8
BLACK
6
CONTINUOUS
10
6.1896228740157477
20
-4.066591377952756
11
6.1870683858267714
21
-4.0682982677165356
0
LINE
8
BLACK
6
CONTINUOUS
10
6.1870683858267714
20
-4.0682982677165356
11
6.1840551181102361
21
-4.0688976377952759
0
LINE
8
BLACK
6
CONTINUOUS
10
6.1840551181102361
20
-4.0688976377952759
11
6.1791338582677167
21
-4.0688976377952759
0
LINE
8
BLACK
6
CONTINUOUS
10
6.1791338582677167
20
-4.0688976377952759
11
6.1791338582677167
21
-4.1983412598425192
0
LINE
8
BLACK
6
CONTINUOUS
10
6.1791338582677167
20
-4.1983412598425192
11
6.2593359055118105
21
-4.2785433070866139
0
LINE
8
BLACK
6
CONTINUOUS
10
6.2593359055118105
20
-4.2785433070866139
11
6.287047244094488
21
-4.2785433070866139
0
LINE
8
BLACK
6
CONTINUOUS
10
6.287047244094488
20
-4.2785433070866139
11
6.2874967716535428
21
-4.2762833464566929
0
LINE
8
BLACK
6
CONTINUOUS
10
6.2874967716535428
20
-4.2762833464566929
11
6.2887769291338582
21
-4.2743674803149609
0
LINE
8
BLACK
6
CONTINUOUS
10
6.2887769291338582
20
-4.2743674803149609
11
6.2906927952755902
21
-4.2730873228346455
0
LINE
8
BLACK
6
CONTINUOUS
10
6.2906927952755902
20
-4.2730873228346455
11
6.2929527559055121
21
-4.2726377952755907
0
LINE
8
BLACK
6
CONTINUOUS
10
6.2929527559055121
20
-4.2726377952755907
11
6.3480708661417324
21
-4.2726377952755907
0
LINE
8
BLACK
6
CONTINUOUS
10
6.3480708661417324
20
-4.2726377952755907
11
6.3503308267716534
21
-4.2730873228346455
0
LINE
8
BLACK
6
CONTINUOUS
10
6.3503308267716534
20
-4.2730873228346455
11
6.3522466929133854
21
-4.2743674803149609
0
LINE
8
BLACK
6
CONTINUOUS
10
6.3522466929133854
20
-4.2743674803149609
11
6.3535268503937008
21
-4.2762833464566929
0
LINE
8
BLACK
6
CONTINUOUS
10
6.3535268503937008
20
-4.2762833464566929
11
6.3539763779527556
21
-4.2785433070866139
0
LINE
8
BLACK
6
CONTINUOUS
10
6.3539763779527556
20
-4.2785433070866139
11
6.3548373228346451
21
-4.2785433070866139
0
LINE
8
BLACK
6
CONTINUOUS
10
6.3548373228346451
20
-4.2785433070866139
11
6.3618503937007871
21
-4.2715302362204728
0
LINE
8
BLACK
6
CONTINUOUS
10
6.3618503937007871
20
-4.2715302362204728
11
6.3618503937007871
21
-3.7245327559055119
0
LINE
8
BLACK
6
CONTINUOUS
10
6.3618503937007871
20
-3.7245327559055119
11
6.3548373228346451
21
-3.7175196850393699
0
LINE
8
BLACK
6
CONTINUOUS
10
6.3548373228346451
20
-3.7175196850393699
11
6.3539763779527556
21
-3.7175196850393699
0
LINE
8
BLACK
6
CONTINUOUS
10
6.3539763779527556
20
-3.7175196850393699
11
6.3535268503937008
21
-3.7197796456692913
0
LINE
8
BLACK
6
CONTINUOUS
10
6.3535268503937008
20
-3.7197796456692913
11
6.3522466929133854
21
-3.7216955118110233
0
LINE
8
BLACK
6
CONTINUOUS
10
6.3522466929133854
20
-3.7216955118110233
11
6.3503308267716534
21
-3.7229756692913387
0
LINE
8
BLACK
6
CONTINUOUS
10
6.3503308267716534
20
-3.7229756692913387
11
6.3480708661417324
21
-3.7234251968503935
0
LINE
8
BLACK
6
CONTINUOUS
10
6.3480708661417324
20
-3.7234251968503935
11
6.2929527559055121
21
-3.7234251968503935
0
LINE
8
BLACK
6
CONTINUOUS
10
6.2929527559055121
20
-3.7234251968503935
11
6.2906927952755902
21
-3.7229756692913387
0
LINE
8
BLACK
6
CONTINUOUS
10
6.2906927952755902
20
-3.7229756692913387
11
6.2887769291338582
21
-3.7216955118110233
0
LINE
8
BLACK
6
CONTINUOUS
10
6.2887769291338582
20
-3.7216955118110233
11
6.2874967716535428
21
-3.7197796456692913
0
LINE
8
BLACK
6
CONTINUOUS
10
6.2874967716535428
20
-3.7197796456692913
11
6.287047244094488
21
-3.7175196850393699
0
LINE
8
BLACK
6
CONTINUOUS
10
6.287047244094488
20
-3.7175196850393699
11
6.287047244094488
21
-3.7057086614173227
0
LINE
8
BLACK
6
CONTINUOUS
10
6.287047244094488
20
-3.7057086614173227
11
6.2874967716535428
21
-3.7034487007874013
0
LINE
8
BLACK
6
CONTINUOUS
10
6.2874967716535428
20
-3.7034487007874013
11
6.2887769291338582
21
-3.7015328346456693
0
LINE
8
BLACK
6
CONTINUOUS
10
6.2887769291338582
20
-3.7015328346456693
11
6.2906927952755902
21
-3.7002526771653543
0
LINE
8
BLACK
6
CONTINUOUS
10
6.2906927952755902
20
-3.7002526771653543
11
6.2929527559055121
21
-3.6998031496062991
0
LINE
8
BLACK
6
CONTINUOUS
10
6.2929527559055121
20
-3.6998031496062991
11
6.3480708661417324
21
-3.6998031496062991
0
LINE
8
BLACK
6
CONTINUOUS
10
6.3480708661417324
20
-3.6998031496062991
11
6.3503308267716534
21
-3.7002526771653543
0
LINE
8
BLACK
6
CONTINUOUS
10
6.2737430314960632
20
-4.0641908661417325
11
6.2773033464566925
21
-4.0662464173228345
0
LINE
8
BLACK
6
CONTINUOUS
10
6.2773033464566925
20
-4.0662464173228345
11
6.2802102755905507
21
-4.0691533464566927
0
LINE
8
BLACK
6
CONTINUOUS
10
6.2802102755905507
20
-4.0691533464566927
11
6.2822658267716536
21
-4.0727136614173229
0
LINE
8
BLACK
6
CONTINUOUS
10
6.2822658267716536
20
-4.0727136614173229
11
6.2833298425196853
21
-4.0766846456692916
0
LINE
8
BLACK
6
CONTINUOUS
10
6.2833298425196853
20
-4.0766846456692916
11
6.2833298425196853
21
-4.0807956692913381
0
LINE
8
BLACK
6
CONTINUOUS
10
6.2833298425196853
20
-4.0807956692913381
11
6.2822658267716536
21
-4.0847666535433067
0
LINE
8
BLACK
6
CONTINUOUS
10
6.2822658267716536
20
-4.0847666535433067
11
6.2802102755905507
21
-4.088326968503937
0
LINE
8
BLACK
6
CONTINUOUS
10
6.2802102755905507
20
-4.088326968503937
11
6.2773033464566925
21
-4.0912338976377951
0
LINE
8
BLACK
6
CONTINUOUS
10
6.2773033464566925
20
-4.0912338976377951
11
6.2737430314960632
21
-4.0932894488188971
0
LINE
8
BLACK
6
CONTINUOUS
10
6.2737430314960632
20
-4.0932894488188971
11
6.2697720472440945
21
-4.0943534645669288
0
LINE
8
BLACK
6
CONTINUOUS
10
6.2697720472440945
20
-4.0943534645669288
11
6.2656610236220471
21
-4.0943534645669288
0
LINE
8
BLACK
6
CONTINUOUS
10
6.2656610236220471
20
-4.0943534645669288
11
6.2616900393700785
21
-4.0932894488188971
0
LINE
8
BLACK
6
CONTINUOUS
10
6.2616900393700785
20
-4.0932894488188971
11
6.2615815354330708
21
-4.0932267716535433
0
LINE
8
BLACK
6
CONTINUOUS
10
6.2615815354330708
20
-4.0932267716535433
11
6.2519685039370074
21
-4.1028398425196846
0
LINE
8
BLACK
6
CONTINUOUS
10
6.2519685039370074
20
-4.1028398425196846
11
6.2519685039370074
21
-4.211346377952756
0
LINE
8
BLACK
6
CONTINUOUS
10
6.2519685039370074
20
-4.211346377952756
11
6.269952834645669
21
-4.2293307086614176
0
LINE
8
BLACK
6
CONTINUOUS
10
6.269952834645669
20
-4.2293307086614176
11
6.287047244094488
21
-4.2293307086614176
0
LINE
8
BLACK
6
CONTINUOUS
10
6.287047244094488
20
-4.2293307086614176
11
6.2874967716535428
21
-4.2270707480314957
0
LINE
8
BLACK
6
CONTINUOUS
10
6.2874967716535428
20
-4.2270707480314957
11
6.2887769291338582
21
-4.2251548818897637
0
LINE
8
BLACK
6
CONTINUOUS
10
6.2887769291338582
20
-4.2251548818897637
11
6.2906927952755902
21
-4.2238747244094483
0
LINE
8
BLACK
6
CONTINUOUS
10
6.2906927952755902
20
-4.2238747244094483
11
6.2929527559055121
21
-4.2234251968503935
0
LINE
8
BLACK
6
CONTINUOUS
10
6.2929527559055121
20
-4.2234251968503935
11
6.3480708661417324
21
-4.2234251968503935
0
LINE
8
BLACK
6
CONTINUOUS
10
6.3480708661417324
20
-4.2234251968503935
11
6.3503308267716534
21
-4.2238747244094483
0
LINE
8
BLACK
6
CONTINUOUS
10
6.3503308267716534
20
-4.2238747244094483
11
6.3522466929133854
21
-4.2251548818897637
0
LINE
8
BLACK
6
CONTINUOUS
10
6.3522466929133854
20
-4.2251548818897637
11
6.3535268503937008
21
-4.2270707480314957
0
LINE
8
BLACK
6
CONTINUOUS
10
6.3535268503937008
20
-4.2270707480314957
11
6.3539763779527556
21
-4.2293307086614176
0
LINE
8
BLACK
6
CONTINUOUS
10
6.3539763779527556
20
-4.2293307086614176
11
6.3539763779527556
21
-4.2411417322834648
0
LINE
8
BLACK
6
CONTINUOUS
10
6.3539763779527556
20
-4.2411417322834648
11
6.3535268503937008
21
-4.2434016929133858
0
LINE
8
BLACK
6
CONTINUOUS
10
6.3535268503937008
20
-4.2434016929133858
11
6.3522466929133854
21
-4.2453175590551178
0
LINE
8
BLACK
6
CONTINUOUS
10
6.3522466929133854
20
-4.2453175590551178
11
6.3503308267716534
21
-4.2465977165354332
0
LINE
8
BLACK
6
CONTINUOUS
10
6.3503308267716534
20
-4.2465977165354332
11
6.3480708661417324
21
-4.247047244094488
0
LINE
8
BLACK
6
CONTINUOUS
10
6.3480708661417324
20
-4.247047244094488
11
6.2929527559055121
21
-4.247047244094488
0
LINE
8
BLACK
6
CONTINUOUS
10
6.2929527559055121
20
-4.247047244094488
11
6.2906927952755902
21
-4.2465977165354332
0
LINE
8
BLACK
6
CONTINUOUS
10
6.2906927952755902
20
-4.2465977165354332
11
6.2887769291338582
21
-4.2453175590551178
0
LINE
8
BLACK
6
CONTINUOUS
10
6.2887769291338582
20
-4.2453175590551178
11
6.2874967716535428
21
-4.2434016929133858
0
LINE
8
BLACK
6
CONTINUOUS
10
6.2874967716535428
20
-4.2434016929133858
11
6.287047244094488
21
-4.2411417322834648
0
LINE
8
BLACK
6
CONTINUOUS
10
6.287047244094488
20
-4.2411417322834648
11
6.2675066929133854
21
-4.2411417322834648
0
LINE
8
BLACK
6
CONTINUOUS
10
6.2675066929133854
20
-4.2411417322834648
11
6.2663545669291336
21
-4.2410282677165352
0
LINE
8
BLACK
6
CONTINUOUS
10
6.2663545669291336
20
-4.2410282677165352
11
6.2653080314960627
21
-4.2405947637795274
0
LINE
8
BLACK
6
CONTINUOUS
10
6.2653080314960627
20
-4.2405947637795274
11
6.2642257874015748
21
-4.2401464960629918
0
LINE
8
BLACK
6
CONTINUOUS
10
6.2642257874015748
20
-4.2401464960629918
11
6.2633308661417324
21
-4.2394120472440946
0
LINE
8
BLACK
6
CONTINUOUS
10
6.2633308661417324
20
-4.2394120472440946
11
6.2418871653543304
21
-4.2179683464566926
0
LINE
8
BLACK
6
CONTINUOUS
10
6.2418871653543304
20
-4.2179683464566926
11
6.2411527165354332
21
-4.2170734251968502
0
LINE
8
BLACK
6
CONTINUOUS
10
6.2411527165354332
20
-4.2170734251968502
11
6.2404526771653543
21
-4.2153833464566928
0
LINE
8
BLACK
6
CONTINUOUS
10
6.2404526771653543
20
-4.2153833464566928
11
6.2402709448818898
21
-4.2149446456692914
0
LINE
8
BLACK
6
CONTINUOUS
10
6.2402709448818898
20
-4.2149446456692914
11
6.2401574803149602
21
-4.2137925196850397
0
LINE
8
BLACK
6
CONTINUOUS
10
6.2401574803149602
20
-4.2137925196850397
11
6.2401574803149602
21
-4.1003937007874018
0
LINE
8
BLACK
6
CONTINUOUS
10
6.2401574803149602
20
-4.1003937007874018
11
6.2402709448818898
21
-4.0992415748031492
0
LINE
8
BLACK
6
CONTINUOUS
10
6.2402709448818898
20
-4.0992415748031492
11
6.2407919291338585
21
-4.0979838582677166
0
LINE
8
BLACK
6
CONTINUOUS
10
6.2407919291338585
20
-4.0979838582677166
11
6.2411527165354332
21
-4.0971127952755904
0
LINE
8
BLACK
6
CONTINUOUS
10
6.2411527165354332
20
-4.0971127952755904
11
6.2418871653543304
21
-4.096217874015748
0
LINE
8
BLACK
6
CONTINUOUS
10
6.2418871653543304
20
-4.096217874015748
11
6.253229881889764
21
-4.0848751181102365
0
LINE
8
BLACK
6
CONTINUOUS
10
6.253229881889764
20
-4.0848751181102365
11
6.2531672440944881
21
-4.0847666535433067
0
LINE
8
BLACK
6
CONTINUOUS
10
6.2531672440944881
20
-4.0847666535433067
11
6.2521032283464564
21
-4.0807956692913381
0
LINE
8
BLACK
6
CONTINUOUS
10
6.2521032283464564
20
-4.0807956692913381
11
6.2521032283464564
21
-4.0766846456692916
0
LINE
8
BLACK
6
CONTINUOUS
10
6.2521032283464564
20
-4.0766846456692916
11
6.2531672440944881
21
-4.0727136614173229
0
LINE
8
BLACK
6
CONTINUOUS
10
6.2531672440944881
20
-4.0727136614173229
11
6.2552227952755901
21
-4.0691533464566927
0
LINE
8
BLACK
6
CONTINUOUS
10
6.2552227952755901
20
-4.0691533464566927
11
6.2581297244094483
21
-4.0662464173228345
0
LINE
8
BLACK
6
CONTINUOUS
10
6.2581297244094483
20
-4.0662464173228345
11
6.2616900393700785
21
-4.0641908661417325
0
LINE
8
BLACK
6
CONTINUOUS
10
6.2616900393700785
20
-4.0641908661417325
11
6.2656610236220471
21
-4.0631268503937008
0
LINE
8
BLACK
6
CONTINUOUS
10
6.2656610236220471
20
-4.0631268503937008
11
6.2697720472440945
21
-4.0631268503937008
0
LINE
8
BLACK
6
CONTINUOUS
10
6.2697720472440945
20
-4.0631268503937008
11
6.2737430314960632
21
-4.0641908661417325
0
LINE
8
BLACK
6
CONTINUOUS
10
6.3503308267716534
20
-4.174662125984252
11
6.3522466929133854
21
-4.1759422834645665
0
LINE
8
BLACK
6
CONTINUOUS
10
6.3522466929133854
20
-4.1759422834645665
11
6.3535268503937008
21
-4.1778581496062994
0
LINE
8
BLACK
6
CONTINUOUS
10
6.3535268503937008
20
-4.1778581496062994
11
6.3539763779527556
21
-4.1801181102362204
0
LINE
8
BLACK
6
CONTINUOUS
10
6.3539763779527556
20
-4.1801181102362204
11
6.3539763779527556
21
-4.1919291338582676
0
LINE
8
BLACK
6
CONTINUOUS
10
6.3539763779527556
20
-4.1919291338582676
11
6.3535268503937008
21
-4.1941890944881886
0
LINE
8
BLACK
6
CONTINUOUS
10
6.3535268503937008
20
-4.1941890944881886
11
6.3522466929133854
21
-4.1961049606299214
0
LINE
8
BLACK
6
CONTINUOUS
10
6.3522466929133854
20
-4.1961049606299214
11
6.3503308267716534
21
-4.197385118110236
0
LINE
8
BLACK
6
CONTINUOUS
10
6.3503308267716534
20
-4.197385118110236
11
6.3480708661417324
21
-4.1978346456692917
0
LINE
8
BLACK
6
CONTINUOUS
10
6.3480708661417324
20
-4.1978346456692917
11
6.2929527559055121
21
-4.1978346456692917
0
LINE
8
BLACK
6
CONTINUOUS
10
6.2929527559055121
20
-4.1978346456692917
11
6.2906927952755902
21
-4.197385118110236
0
LINE
8
BLACK
6
CONTINUOUS
10
6.2906927952755902
20
-4.197385118110236
11
6.2905771259842522
21
-4.1973078346456694
0
LINE
8
BLACK
6
CONTINUOUS
10
6.2905771259842522
20
-4.1973078346456694
11
6.2901398425196851
21
-4.1989398818897641
0
LINE
8
BLACK
6
CONTINUOUS
10
6.2901398425196851
20
-4.1989398818897641
11
6.2880842913385822
21
-4.2025001968503934
0
LINE
8
BLACK
6
CONTINUOUS
10
6.2880842913385822
20
-4.2025001968503934
11
6.285177362204724
21
-4.2054071259842516
0
LINE
8
BLACK
6
CONTINUOUS
10
6.285177362204724
20
-4.2054071259842516
11
6.2816170472440946
21
-4.2074626771653545
0
LINE
8
BLACK
6
CONTINUOUS
10
6.2816170472440946
20
-4.2074626771653545
11
6.277646062992126
21
-4.2085266929133853
0
LINE
8
BLACK
6
CONTINUOUS
10
6.277646062992126
20
-4.2085266929133853
11
6.2735350393700786
21
-4.2085266929133853
0
LINE
8
BLACK
6
CONTINUOUS
10
6.2735350393700786
20
-4.2085266929133853
11
6.26956405511811
21
-4.2074626771653545
0
LINE
8
BLACK
6
CONTINUOUS
10
6.26956405511811
20
-4.2074626771653545
11
6.2660037401574797
21
-4.2054071259842516
0
LINE
8
BLACK
6
CONTINUOUS
10
6.2660037401574797
20
-4.2054071259842516
11
6.2630968110236216
21
-4.2025001968503934
0
LINE
8
BLACK
6
CONTINUOUS
10
6.2630968110236216
20
-4.2025001968503934
11
6.2610412598425196
21
-4.1989398818897641
0
LINE
8
BLACK
6
CONTINUOUS
10
6.2610412598425196
20
-4.1989398818897641
11
6.2599772440944879
21
-4.1949688976377955
0
LINE
8
BLACK
6
CONTINUOUS
10
6.2599772440944879
20
-4.1949688976377955
11
6.2599772440944879
21
-4.1908578740157481
0
LINE
8
BLACK
6
CONTINUOUS
10
6.2599772440944879
20
-4.1908578740157481
11
6.2610412598425196
21
-4.1868868897637794
0
LINE
8
BLACK
6
CONTINUOUS
10
6.2610412598425196
20
-4.1868868897637794
11
6.2630968110236216
21
-4.1833265748031492
0
LINE
8
BLACK
6
CONTINUOUS
10
6.2630968110236216
20
-4.1833265748031492
11
6.2660037401574797
21
-4.180419645669291
0
LINE
8
BLACK
6
CONTINUOUS
10
6.2660037401574797
20
-4.180419645669291
11
6.26956405511811
21
-4.178364094488189
0
LINE
8
BLACK
6
CONTINUOUS
10
6.26956405511811
20
-4.178364094488189
11
6.2735350393700786
21
-4.1773000787401573
0
LINE
8
BLACK
6
CONTINUOUS
10
6.2735350393700786
20
-4.1773000787401573
11
6.277646062992126
21
-4.1773000787401573
0
LINE
8
BLACK
6
CONTINUOUS
10
6.277646062992126
20
-4.1773000787401573
11
6.2816170472440946
21
-4.178364094488189
0
LINE
8
BLACK
6
CONTINUOUS
10
6.2816170472440946
20
-4.178364094488189
11
6.285177362204724
21
-4.180419645669291
0
LINE
8
BLACK
6
CONTINUOUS
10
6.285177362204724
20
-4.180419645669291
11
6.287047244094488
21
-4.182289527559055
0
LINE
8
BLACK
6
CONTINUOUS
10
6.287047244094488
20
-4.182289527559055
11
6.287047244094488
21
-4.1801181102362204
0
LINE
8
BLACK
6
CONTINUOUS
10
6.287047244094488
20
-4.1801181102362204
11
6.2874967716535428
21
-4.1778581496062994
0
LINE
8
BLACK
6
CONTINUOUS
10
6.2874967716535428
20
-4.1778581496062994
11
6.2887769291338582
21
-4.1759422834645665
0
LINE
8
BLACK
6
CONTINUOUS
10
6.2887769291338582
20
-4.1759422834645665
11
6.2906927952755902
21
-4.174662125984252
0
LINE
8
BLACK
6
CONTINUOUS
10
6.2906927952755902
20
-4.174662125984252
11
6.2929527559055121
21
-4.1742125984251963
0
LINE
8
BLACK
6
CONTINUOUS
10
6.2929527559055121
20
-4.1742125984251963
11
6.3480708661417324
21
-4.1742125984251963
0
LINE
8
BLACK
6
CONTINUOUS
10
6.3480708661417324
20
-4.1742125984251963
11
6.3503308267716534
21
-4.174662125984252
0
LINE
8
BLACK
6
CONTINUOUS
10
6.3266012204724404
20
-3.9298830708661416
11
6.3297943700787398
21
-3.932016653543307
0
LINE
8
BLACK
6
CONTINUOUS
10
6.3297943700787398
20
-3.932016653543307
11
6.3319279527559056
21
-3.9352098031496063
0
LINE
8
BLACK
6
CONTINUOUS
10
6.3319279527559056
20
-3.9352098031496063
11
6.3326771653543306
21
-3.938976377952756
0
LINE
8
BLACK
6
CONTINUOUS
10
6.3326771653543306
20
-3.938976377952756
11
6.3326771653543306
21
-3.9586614173228347
0
LINE
8
BLACK
6
CONTINUOUS
10
6.3326771653543306
20
-3.9586614173228347
11
6.3319279527559056
21
-3.962427992125984
0
LINE
8
BLACK
6
CONTINUOUS
10
6.3319279527559056
20
-3.962427992125984
11
6.3307086614173222
21
-3.9642527952755904
0
LINE
8
BLACK
6
CONTINUOUS
10
6.3307086614173222
20
-3.9642527952755904
11
6.3307086614173222
21
-4.125
0
LINE
8
BLACK
6
CONTINUOUS
10
6.3307086614173222
20
-4.125
11
6.3480708661417324
21
-4.125
0
LINE
8
BLACK
6
CONTINUOUS
10
6.3480708661417324
20
-4.125
11
6.3503308267716534
21
-4.1254495275590548
0
LINE
8
BLACK
6
CONTINUOUS
10
6.3503308267716534
20
-4.1254495275590548
11
6.3522466929133854
21
-4.1267296850393702
0
LINE
8
BLACK
6
CONTINUOUS
10
6.3522466929133854
20
-4.1267296850393702
11
6.3535268503937008
21
-4.1286455511811022
0
LINE
8
BLACK
6
CONTINUOUS
10
6.3535268503937008
20
-4.1286455511811022
11
6.3539763779527556
21
-4.1309055118110232
0
LINE
8
BLACK
6
CONTINUOUS
10
6.3539763779527556
20
-4.1309055118110232
11
6.3539763779527556
21
-4.1427165354330704
0
LINE
8
BLACK
6
CONTINUOUS
10
6.3539763779527556
20
-4.1427165354330704
11
6.3535268503937008
21
-4.1449764960629922
0
LINE
8
BLACK
6
CONTINUOUS
10
6.3535268503937008
20
-4.1449764960629922
11
6.3522466929133854
21
-4.1468923622047242
0
LINE
8
BLACK
6
CONTINUOUS
10
6.3522466929133854
20
-4.1468923622047242
11
6.3503308267716534
21
-4.1481725196850396
0
LINE
8
BLACK
6
CONTINUOUS
10
6.3503308267716534
20
-4.1481725196850396
11
6.3480708661417324
21
-4.1486220472440944
0
LINE
8
BLACK
6
CONTINUOUS
10
6.3480708661417324
20
-4.1486220472440944
11
6.2929527559055121
21
-4.1486220472440944
0
LINE
8
BLACK
6
CONTINUOUS
10
6.2929527559055121
20
-4.1486220472440944
11
6.2906927952755902
21
-4.1481725196850396
0
LINE
8
BLACK
6
CONTINUOUS
10
6.2906927952755902
20
-4.1481725196850396
11
6.2887769291338582
21
-4.1468923622047242
0
LINE
8
BLACK
6
CONTINUOUS
10
6.2887769291338582
20
-4.1468923622047242
11
6.2874967716535428
21
-4.1449764960629922
0
LINE
8
BLACK
6
CONTINUOUS
10
6.2874967716535428
20
-4.1449764960629922
11
6.287047244094488
21
-4.1427165354330704
0
LINE
8
BLACK
6
CONTINUOUS
10
6.287047244094488
20
-4.1427165354330704
11
6.287047244094488
21
-4.1309055118110232
0
LINE
8
BLACK
6
CONTINUOUS
10
6.287047244094488
20
-4.1309055118110232
11
6.2874967716535428
21
-4.1286455511811022
0
LINE
8
BLACK
6
CONTINUOUS
10
6.2874967716535428
20
-4.1286455511811022
11
6.2887769291338582
21
-4.1267296850393702
0
LINE
8
BLACK
6
CONTINUOUS
10
6.2887769291338582
20
-4.1267296850393702
11
6.2906927952755902
21
-4.1254495275590548
0
LINE
8
BLACK
6
CONTINUOUS
10
6.2906927952755902
20
-4.1254495275590548
11
6.2929527559055121
21
-4.125
0
LINE
8
BLACK
6
CONTINUOUS
10
6.2929527559055121
20
-4.125
11
6.3149606299212593
21
-4.125
0
LINE
8
BLACK
6
CONTINUOUS
10
6.3149606299212593
20
-4.125
11
6.3149606299212593
21
-3.9685039370078741
0
LINE
8
BLACK
6
CONTINUOUS
10
6.3149606299212593
20
-3.9685039370078741
11
6.3031496062992121
21
-3.9685039370078741
0
LINE
8
BLACK
6
CONTINUOUS
10
6.3031496062992121
20
-3.9685039370078741
11
6.2993830314960633
21
-3.9677547244094487
0
LINE
8
BLACK
6
CONTINUOUS
10
6.2993830314960633
20
-3.9677547244094487
11
6.2961898818897639
21
-3.9656211417322833
0
LINE
8
BLACK
6
CONTINUOUS
10
6.2961898818897639
20
-3.9656211417322833
11
6.2940562992125981
21
-3.962427992125984
0
LINE
8
BLACK
6
CONTINUOUS
10
6.2940562992125981
20
-3.962427992125984
11
6.2933070866141732
21
-3.9586614173228347
0
LINE
8
BLACK
6
CONTINUOUS
10
6.2933070866141732
20
-3.9586614173228347
11
6.2933070866141732
21
-3.938976377952756
0
LINE
8
BLACK
6
CONTINUOUS
10
6.2933070866141732
20
-3.938976377952756
11
6.2940562992125981
21
-3.9352098031496063
0
LINE
8
BLACK
6
CONTINUOUS
10
6.2940562992125981
20
-3.9352098031496063
11
6.2961898818897639
21
-3.932016653543307
0
LINE
8
BLACK
6
CONTINUOUS
10
6.2961898818897639
20
-3.932016653543307
11
6.2993830314960633
21
-3.9298830708661416
0
LINE
8
BLACK
6
CONTINUOUS
10
6.2993830314960633
20
-3.9298830708661416
11
6.3031496062992121
21
-3.9291338582677167
0
LINE
8
BLACK
6
CONTINUOUS
10
6.3031496062992121
20
-3.9291338582677167
11
6.3228346456692908
21
-3.9291338582677167
0
LINE
8
BLACK
6
CONTINUOUS
10
6.3228346456692908
20
-3.9291338582677167
11
6.3266012204724404
21
-3.9298830708661416
0
LINE
8
BLACK
6
CONTINUOUS
10
6.4509083858267715
20
-3.898836535433071
11
6.4544687007874018
21
-3.900892086614173
0
LINE
8
BLACK
6
CONTINUOUS
10
6.4544687007874018
20
-3.900892086614173
11
6.4573756299212599
21
-3.9037990157480316
0
LINE
8
BLACK
6
CONTINUOUS
10
6.4573756299212599
20
-3.9037990157480316
11
6.4594311811023619
21
-3.9073593307086614
0
LINE
8
BLACK
6
CONTINUOUS
10
6.4594311811023619
20
-3.9073593307086614
11
6.4604951968503936
21
-3.91133031496063
0
LINE
8
BLACK
6
CONTINUOUS
10
6.4604951968503936
20
-3.91133031496063
11
6.4604951968503936
21
-3.915441338582677
0
LINE
8
BLACK
6
CONTINUOUS
10
6.4604951968503936
20
-3.915441338582677
11
6.4594311811023619
21
-3.9194123228346456
0
LINE
8
BLACK
6
CONTINUOUS
10
6.4594311811023619
20
-3.9194123228346456
11
6.4573756299212599
21
-3.9229726377952754
0
LINE
8
BLACK
6
CONTINUOUS
10
6.4573756299212599
20
-3.9229726377952754
11
6.4544687007874018
21
-3.925879566929134
0
LINE
8
BLACK
6
CONTINUOUS
10
6.4544687007874018
20
-3.925879566929134
11
6.4509083858267715
21
-3.927935118110236
0
LINE
8
BLACK
6
CONTINUOUS
10
6.4509083858267715
20
-3.927935118110236
11
6.4469374015748029
21
-3.9289991338582677
0
LINE
8
BLACK
6
CONTINUOUS
10
6.4469374015748029
20
-3.9289991338582677
11
6.443187992125984
21
-3.9289991338582677
0
LINE
8
BLACK
6
CONTINUOUS
10
6.443187992125984
20
-3.9289991338582677
11
6.4311023622047241
21
-3.9410847637795277
0
LINE
8
BLACK
6
CONTINUOUS
10
6.4311023622047241
20
-3.9410847637795277
11
6.4311023622047241
21
-3.9586614173228347
0
LINE
8
BLACK
6
CONTINUOUS
10
6.4311023622047241
20
-3.9586614173228347
11
6.4303531496062991
21
-3.962427992125984
0
LINE
8
BLACK
6
CONTINUOUS
10
6.4303531496062991
20
-3.962427992125984
11
6.4282195669291333
21
-3.9656211417322833
0
LINE
8
BLACK
6
CONTINUOUS
10
6.4282195669291333
20
-3.9656211417322833
11
6.4250264173228349
21
-3.9677547244094487
0
LINE
8
BLACK
6
CONTINUOUS
10
6.4250264173228349
20
-3.9677547244094487
11
6.4212598425196852
21
-3.9685039370078741
0
LINE
8
BLACK
6
CONTINUOUS
10
6.4212598425196852
20
-3.9685039370078741
11
6.4015748031496065
21
-3.9685039370078741
0
LINE
8
BLACK
6
CONTINUOUS
10
6.4015748031496065
20
-3.9685039370078741
11
6.3978082283464568
21
-3.9677547244094487
0
LINE
8
BLACK
6
CONTINUOUS
10
6.3978082283464568
20
-3.9677547244094487
11
6.3946150787401574
21
-3.9656211417322833
0
LINE
8
BLACK
6
CONTINUOUS
10
6.3946150787401574
20
-3.9656211417322833
11
6.3924814960629917
21
-3.962427992125984
0
LINE
8
BLACK
6
CONTINUOUS
10
6.3924814960629917
20
-3.962427992125984
11
6.3917322834645667
21
-3.9586614173228347
0
LINE
8
BLACK
6
CONTINUOUS
10
6.3917322834645667
20
-3.9586614173228347
11
6.3917322834645667
21
-3.938976377952756
0
LINE
8
BLACK
6
CONTINUOUS
10
6.3917322834645667
20
-3.938976377952756
11
6.3924814960629917
21
-3.9352098031496063
0
LINE
8
BLACK
6
CONTINUOUS
10
6.3924814960629917
20
-3.9352098031496063
11
6.3946150787401574
21
-3.932016653543307
0
LINE
8
BLACK
6
CONTINUOUS
10
6.3946150787401574
20
-3.932016653543307
11
6.3978082283464568
21
-3.9298830708661416
0
LINE
8
BLACK
6
CONTINUOUS
10
6.3978082283464568
20
-3.9298830708661416
11
6.4015748031496065
21
-3.9291338582677167
0
LINE
8
BLACK
6
CONTINUOUS
10
6.4015748031496065
20
-3.9291338582677167
11
6.4152144094488186
21
-3.9291338582677167
0
LINE
8
BLACK
6
CONTINUOUS
10
6.4152144094488186
20
-3.9291338582677167
11
6.4292685826771656
21
-3.9150796850393701
0
LINE
8
BLACK
6
CONTINUOUS
10
6.4292685826771656
20
-3.9150796850393701
11
6.4292685826771656
21
-3.91133031496063
0
LINE
8
BLACK
6
CONTINUOUS
10
6.4292685826771656
20
-3.91133031496063
11
6.4303325984251964
21
-3.9073593307086614
0
LINE
8
BLACK
6
CONTINUOUS
10
6.4303325984251964
20
-3.9073593307086614
11
6.4323881496062993
21
-3.9037990157480316
0
LINE
8
BLACK
6
CONTINUOUS
10
6.4323881496062993
20
-3.9037990157480316
11
6.4352950787401575
21
-3.900892086614173
0
LINE
8
BLACK
6
CONTINUOUS
10
6.4352950787401575
20
-3.900892086614173
11
6.4388553937007869
21
-3.898836535433071
0
LINE
8
BLACK
6
CONTINUOUS
10
6.4388553937007869
20
-3.898836535433071
11
6.4428263779527555
21
-3.8977725196850392
0
LINE
8
BLACK
6
CONTINUOUS
10
6.4428263779527555
20
-3.8977725196850392
11
6.4469374015748029
21
-3.8977725196850392
0
LINE
8
BLACK
6
CONTINUOUS
10
6.4469374015748029
20
-3.8977725196850392
11
6.4509083858267715
21
-3.898836535433071
0
LINE
8
BLACK
6
CONTINUOUS
10
5.8873579921259838
20
-4.2674068110236218
11
5.8900735039370078
21
-4.2701223228346459
0
LINE
8
BLACK
6
CONTINUOUS
10
5.8900735039370078
20
-4.2701223228346459
11
5.8915431496062993
21
-4.2736703543307089
0
LINE
8
BLACK
6
CONTINUOUS
10
5.8915431496062993
20
-4.2736703543307089
11
5.8915431496062993
21
-4.2775107480314958
0
LINE
8
BLACK
6
CONTINUOUS
10
5.8915431496062993
20
-4.2775107480314958
11
5.8900735039370078
21
-4.2810587795275588
0
LINE
8
BLACK
6
CONTINUOUS
10
5.8900735039370078
20
-4.2810587795275588
11
5.8873579921259838
21
-4.2837742913385828
0
LINE
8
BLACK
6
CONTINUOUS
10
5.8873579921259838
20
-4.2837742913385828
11
5.8838099606299208
21
-4.2852439370078743
0
LINE
8
BLACK
6
CONTINUOUS
10
5.8838099606299208
20
-4.2852439370078743
11
5.8799695669291339
21
-4.2852439370078743
0
LINE
8
BLACK
6
CONTINUOUS
10
5.8799695669291339
20
-4.2852439370078743
11
5.8764215354330709
21
-4.2837742913385828
0
LINE
8
BLACK
6
CONTINUOUS
10
5.8764215354330709
20
-4.2837742913385828
11
5.8737060236220469
21
-4.2810587795275588
0
LINE
8
BLACK
6
CONTINUOUS
10
5.8737060236220469
20
-4.2810587795275588
11
5.8722363779527562
21
-4.2775107480314958
0
LINE
8
BLACK
6
CONTINUOUS
10
5.8722363779527562
20
-4.2775107480314958
11
5.8722363779527562
21
-4.2736703543307089
0
LINE
8
BLACK
6
CONTINUOUS
10
5.8722363779527562
20
-4.2736703543307089
11
5.8737060236220469
21
-4.2701223228346459
0
LINE
8
BLACK
6
CONTINUOUS
10
5.8737060236220469
20
-4.2701223228346459
11
5.8764215354330709
21
-4.2674068110236218
0
LINE
8
BLACK
6
CONTINUOUS
10
5.8764215354330709
20
-4.2674068110236218
11
5.8799695669291339
21
-4.2659371653543303
0
LINE
8
BLACK
6
CONTINUOUS
10
5.8799695669291339
20
-4.2659371653543303
11
5.8838099606299208
21
-4.2659371653543303
0
LINE
8
BLACK
6
CONTINUOUS
10
5.8838099606299208
20
-4.2659371653543303
11
5.8873579921259838
21
-4.2674068110236218
0
LINE
8
BLACK
6
CONTINUOUS
10
6.0650211417322835
20
-4.1984340157480311
11
6.0675756299212598
21
-4.2001409055118106
0
LINE
8
BLACK
6
CONTINUOUS
10
6.0675756299212598
20
-4.2001409055118106
11
6.0692825196850393
21
-4.2026953937007869
0
LINE
8
BLACK
6
CONTINUOUS
10
6.0692825196850393
20
-4.2026953937007869
11
6.0698818897637796
21
-4.2057086614173231
0
LINE
8
BLACK
6
CONTINUOUS
10
6.0698818897637796
20
-4.2057086614173231
11
6.0698818897637796
21
-4.2106299212598426
0
LINE
8
BLACK
6
CONTINUOUS
10
6.0698818897637796
20
-4.2106299212598426
11
6.0956545275590548
21
-4.2106299212598426
0
LINE
8
BLACK
6
CONTINUOUS
10
6.0956545275590548
20
-4.2106299212598426
11
6.0956869291338585
21
-4.2105089370078739
0
LINE
8
BLACK
6
CONTINUOUS
10
6.0956869291338585
20
-4.2105089370078739
11
6.0977424803149605
21
-4.2069486220472436
0
LINE
8
BLACK
6
CONTINUOUS
10
6.0977424803149605
20
-4.2069486220472436
11
6.1006494094488186
21
-4.2040416929133855
0
LINE
8
BLACK
6
CONTINUOUS
10
6.1006494094488186
20
-4.2040416929133855
11
6.1042097244094489
21
-4.2019861417322835
0
LINE
8
BLACK
6
CONTINUOUS
10
6.1042097244094489
20
-4.2019861417322835
11
6.1081807086614175
21
-4.2009221259842517
0
LINE
8
BLACK
6
CONTINUOUS
10
6.1081807086614175
20
-4.2009221259842517
11
6.112291732283464
21
-4.2009221259842517
0
LINE
8
BLACK
6
CONTINUOUS
10
6.112291732283464
20
-4.2009221259842517
11
6.1162627165354326
21
-4.2019861417322835
0
LINE
8
BLACK
6
CONTINUOUS
10
6.1162627165354326
20
-4.2019861417322835
11
6.1198230314960629
21
-4.2040416929133855
0
LINE
8
BLACK
6
CONTINUOUS
10
6.1198230314960629
20
-4.2040416929133855
11
6.122729960629921
21
-4.2069486220472436
0
LINE
8
BLACK
6
CONTINUOUS
10
6.122729960629921
20
-4.2069486220472436
11
6.124785511811023
21
-4.2105089370078739
0
LINE
8
BLACK
6
CONTINUOUS
10
6.124785511811023
20
-4.2105089370078739
11
6.1258495275590548
21
-4.2144799212598425
0
LINE
8
BLACK
6
CONTINUOUS
10
6.1258495275590548
20
-4.2144799212598425
11
6.1258495275590548
21
-4.2185909448818899
0
LINE
8
BLACK
6
CONTINUOUS
10
6.1258495275590548
20
-4.2185909448818899
11
6.124785511811023
21
-4.2225619291338585
0
LINE
8
BLACK
6
CONTINUOUS
10
6.124785511811023
20
-4.2225619291338585
11
6.122729960629921
21
-4.2261222440944879
0
LINE
8
BLACK
6
CONTINUOUS
10
6.122729960629921
20
-4.2261222440944879
11
6.1198230314960629
21
-4.229029173228346
0
LINE
8
BLACK
6
CONTINUOUS
10
6.1198230314960629
20
-4.229029173228346
11
6.1162627165354326
21
-4.2310847244094489
0
LINE
8
BLACK
6
CONTINUOUS
10
6.1162627165354326
20
-4.2310847244094489
11
6.112291732283464
21
-4.2321487401574807
0
LINE
8
BLACK
6
CONTINUOUS
10
6.112291732283464
20
-4.2321487401574807
11
6.1081807086614175
21
-4.2321487401574807
0
LINE
8
BLACK
6
CONTINUOUS
10
6.1081807086614175
20
-4.2321487401574807
11
6.1042097244094489
21
-4.2310847244094489
0
LINE
8
BLACK
6
CONTINUOUS
10
6.1042097244094489
20
-4.2310847244094489
11
6.1006494094488186
21
-4.229029173228346
0
LINE
8
BLACK
6
CONTINUOUS
10
6.1006494094488186
20
-4.229029173228346
11
6.0977424803149605
21
-4.2261222440944879
0
LINE
8
BLACK
6
CONTINUOUS
10
6.0977424803149605
20
-4.2261222440944879
11
6.0956869291338585
21
-4.2225619291338585
0
LINE
8
BLACK
6
CONTINUOUS
10
6.0956869291338585
20
-4.2225619291338585
11
6.0956545275590548
21
-4.2224409448818898
0
LINE
8
BLACK
6
CONTINUOUS
10
6.0956545275590548
20
-4.2224409448818898
11
6.0696861023622048
21
-4.2224409448818898
0
LINE
8
BLACK
6
CONTINUOUS
10
6.0696861023622048
20
-4.2224409448818898
11
6.0692825196850393
21
-4.2244699606299214
0
LINE
8
BLACK
6
CONTINUOUS
10
6.0692825196850393
20
-4.2244699606299214
11
6.0675756299212598
21
-4.2270244488188977
0
LINE
8
BLACK
6
CONTINUOUS
10
6.0675756299212598
20
-4.2270244488188977
11
6.0650211417322835
21
-4.2287313385826772
0
LINE
8
BLACK
6
CONTINUOUS
10
6.0650211417322835
20
-4.2287313385826772
11
6.0620078740157481
21
-4.2293307086614176
0
LINE
8
BLACK
6
CONTINUOUS
10
6.0620078740157481
20
-4.2293307086614176
11
6.0403543307086611
21
-4.2293307086614176
0
LINE
8
BLACK
6
CONTINUOUS
10
6.0403543307086611
20
-4.2293307086614176
11
6.0373410629921258
21
-4.2287313385826772
0
LINE
8
BLACK
6
CONTINUOUS
10
6.0373410629921258
20
-4.2287313385826772
11
6.0347865748031495
21
-4.2270244488188977
0
LINE
8
BLACK
6
CONTINUOUS
10
6.0347865748031495
20
-4.2270244488188977
11
6.03307968503937
21
-4.2244699606299214
0
LINE
8
BLACK
6
CONTINUOUS
10
6.03307968503937
20
-4.2244699606299214
11
6.0324803149606296
21
-4.2214566929133861
0
LINE
8
BLACK
6
CONTINUOUS
10
6.0324803149606296
20
-4.2214566929133861
11
6.0324803149606296
21
-4.2057086614173231
0
LINE
8
BLACK
6
CONTINUOUS
10
6.0324803149606296
20
-4.2057086614173231
11
6.03307968503937
21
-4.2026953937007869
0
LINE
8
BLACK
6
CONTINUOUS
10
6.03307968503937
20
-4.2026953937007869
11
6.0347865748031495
21
-4.2001409055118106
0
LINE
8
BLACK
6
CONTINUOUS
10
6.0347865748031495
20
-4.2001409055118106
11
6.0373410629921258
21
-4.1984340157480311
0
LINE
8
BLACK
6
CONTINUOUS
10
6.0373410629921258
20
-4.1984340157480311
11
6.0403543307086611
21
-4.1978346456692917
0
LINE
8
BLACK
6
CONTINUOUS
10
6.0403543307086611
20
-4.1978346456692917
11
6.0620078740157481
21
-4.1978346456692917
0
LINE
8
BLACK
6
CONTINUOUS
10
6.0620078740157481
20
-4.1978346456692917
11
6.0650211417322835
21
-4.1984340157480311
0
LINE
8
BLACK
6
CONTINUOUS
10
6.0230873228346455
20
-4.0247936220472438
11
6.0238855905511812
21
-4.025327007874016
0
LINE
8
BLACK
6
CONTINUOUS
10
6.0238855905511812
20
-4.025327007874016
11
6.0244189763779525
21
-4.0261252755905508
0
LINE
8
BLACK
6
CONTINUOUS
10
6.0244189763779525
20
-4.0261252755905508
11
6.0246062992125982
21
-4.0270669291338583
0
LINE
8
BLACK
6
CONTINUOUS
10
6.0246062992125982
20
-4.0270669291338583
11
6.0246062992125982
21
-4.0375920866141728
0
LINE
8
BLACK
6
CONTINUOUS
10
6.0246062992125982
20
-4.0375920866141728
11
6.0254770866141731
21
-4.0396943307086612
0
LINE
8
BLACK
6
CONTINUOUS
10
6.0254770866141731
20
-4.0396943307086612
11
6.0255905511811019
21
-4.040846456692913
0
LINE
8
BLACK
6
CONTINUOUS
10
6.0255905511811019
20
-4.040846456692913
11
6.0255905511811019
21
-4.0649606299212602
0
LINE
8
BLACK
6
CONTINUOUS
10
6.0255905511811019
20
-4.0649606299212602
11
6.0254770866141731
21
-4.0661127559055119
0
LINE
8
BLACK
6
CONTINUOUS
10
6.0254770866141731
20
-4.0661127559055119
11
6.0254186614173229
21
-4.0662537795275586
0
LINE
8
BLACK
6
CONTINUOUS
10
6.0254186614173229
20
-4.0662537795275586
11
6.0245953149606297
21
-4.0682415354330708
0
LINE
8
BLACK
6
CONTINUOUS
10
6.0245953149606297
20
-4.0682415354330708
11
6.0238608661417326
21
-4.0691364566929131
0
LINE
8
BLACK
6
CONTINUOUS
10
6.0238608661417326
20
-4.0691364566929131
11
5.9940944881889759
21
-4.0989028346456688
0
LINE
8
BLACK
6
CONTINUOUS
10
5.9940944881889759
20
-4.0989028346456688
11
5.9940944881889759
21
-4.1889763779527556
0
LINE
8
BLACK
6
CONTINUOUS
10
5.9940944881889759
20
-4.1889763779527556
11
5.994051220472441
21
-4.1894156692913382
0
LINE
8
BLACK
6
CONTINUOUS
10
5.994051220472441
20
-4.1894156692913382
11
5.9948642519685036
21
-4.1908238976377952
0
LINE
8
BLACK
6
CONTINUOUS
10
5.9948642519685036
20
-4.1908238976377952
11
5.9959282677165353
21
-4.1947948818897638
0
LINE
8
BLACK
6
CONTINUOUS
10
5.9959282677165353
20
-4.1947948818897638
11
5.9959282677165353
21
-4.1989059055118112
0
LINE
8
BLACK
6
CONTINUOUS
10
5.9959282677165353
20
-4.1989059055118112
11
5.9948642519685036
21
-4.2028768897637798
0
LINE
8
BLACK
6
CONTINUOUS
10
5.9948642519685036
20
-4.2028768897637798
11
5.9928087007874016
21
-4.2064372047244092
0
LINE
8
BLACK
6
CONTINUOUS
10
5.9928087007874016
20
-4.2064372047244092
11
5.9899017716535434
21
-4.2093441338582673
0
LINE
8
BLACK
6
CONTINUOUS
10
5.9899017716535434
20
-4.2093441338582673
11
5.9863414566929132
21
-4.2113996850393702
0
LINE
8
BLACK
6
CONTINUOUS
10
5.9863414566929132
20
-4.2113996850393702
11
5.9823704724409446
21
-4.2124637007874011
0
LINE
8
BLACK
6
CONTINUOUS
10
5.9823704724409446
20
-4.2124637007874011
11
5.9782594488188971
21
-4.2124637007874011
0
LINE
8
BLACK
6
CONTINUOUS
10
5.9782594488188971
20
-4.2124637007874011
11
5.9742884645669294
21
-4.2113996850393702
0
LINE
8
BLACK
6
CONTINUOUS
10
5.9742884645669294
20
-4.2113996850393702
11
5.9707281496062992
21
-4.2093441338582673
0
LINE
8
BLACK
6
CONTINUOUS
10
5.9707281496062992
20
-4.2093441338582673
11
5.967821220472441
21
-4.2064372047244092
0
LINE
8
BLACK
6
CONTINUOUS
10
5.967821220472441
20
-4.2064372047244092
11
5.9657656692913381
21
-4.2028768897637798
0
LINE
8
BLACK
6
CONTINUOUS
10
5.9657656692913381
20
-4.2028768897637798
11
5.9647016535433073
21
-4.1989059055118112
0
LINE
8
BLACK
6
CONTINUOUS
10
5.9647016535433073
20
-4.1989059055118112
11
5.9647016535433073
21
-4.1947948818897638
0
LINE
8
BLACK
6
CONTINUOUS
10
5.9647016535433073
20
-4.1947948818897638
11
5.9657656692913381
21
-4.1908238976377952
0
LINE
8
BLACK
6
CONTINUOUS
10
5.9657656692913381
20
-4.1908238976377952
11
5.967821220472441
21
-4.1872635826771649
0
LINE
8
BLACK
6
CONTINUOUS
10
5.967821220472441
20
-4.1872635826771649
11
5.9707281496062992
21
-4.1843566535433068
0
LINE
8
BLACK
6
CONTINUOUS
10
5.9707281496062992
20
-4.1843566535433068
11
5.9742884645669294
21
-4.1823011023622048
0
LINE
8
BLACK
6
CONTINUOUS
10
5.9742884645669294
20
-4.1823011023622048
11
5.9782594488188971
21
-4.181237086614173
0
LINE
8
BLACK
6
CONTINUOUS
10
5.9782594488188971
20
-4.181237086614173
11
5.9822834645669287
21
-4.181237086614173
0
LINE
8
BLACK
6
CONTINUOUS
10
5.9822834645669287
20
-4.181237086614173
11
5.9822834645669287
21
-4.0964566929133861
0
LINE
8
BLACK
6
CONTINUOUS
10
5.9822834645669287
20
-4.0964566929133861
11
5.9823969291338583
21
-4.0953045669291335
0
LINE
8
BLACK
6
CONTINUOUS
10
5.9823969291338583
20
-4.0953045669291335
11
5.983017874015748
21
-4.0938054724409447
0
LINE
8
BLACK
6
CONTINUOUS
10
5.983017874015748
20
-4.0938054724409447
11
5.9832787007874018
21
-4.0931757874015746
0
LINE
8
BLACK
6
CONTINUOUS
10
5.9832787007874018
20
-4.0931757874015746
11
5.9840131496062989
21
-4.0922808661417323
0
LINE
8
BLACK
6
CONTINUOUS
10
5.9840131496062989
20
-4.0922808661417323
11
6.0137795275590546
21
-4.0625144881889765
0
LINE
8
BLACK
6
CONTINUOUS
10
6.0137795275590546
20
-4.0625144881889765
11
6.0137795275590546
21
-4.040846456692913
0
LINE
8
BLACK
6
CONTINUOUS
10
6.0137795275590546
20
-4.040846456692913
11
6.0138929921259843
21
-4.0396943307086612
0
LINE
8
BLACK
6
CONTINUOUS
10
6.0138929921259843
20
-4.0396943307086612
11
6.0147637795275593
21
-4.0375920866141728
0
LINE
8
BLACK
6
CONTINUOUS
10
6.0147637795275593
20
-4.0375920866141728
11
6.0147637795275593
21
-4.0270669291338583
0
LINE
8
BLACK
6
CONTINUOUS
10
6.0147637795275593
20
-4.0270669291338583
11
6.0149511023622049
21
-4.0261252755905508
0
LINE
8
BLACK
6
CONTINUOUS
10
6.0149511023622049
20
-4.0261252755905508
11
6.0154844881889762
21
-4.025327007874016
0
LINE
8
BLACK
6
CONTINUOUS
10
6.0154844881889762
20
-4.025327007874016
11
6.0162827559055119
21
-4.0247936220472438
0
LINE
8
BLACK
6
CONTINUOUS
10
6.0162827559055119
20
-4.0247936220472438
11
6.0172244094488185
21
-4.0246062992125982
0
LINE
8
BLACK
6
CONTINUOUS
10
6.0172244094488185
20
-4.0246062992125982
11
6.0221456692913389
21
-4.0246062992125982
0
LINE
8
BLACK
6
CONTINUOUS
10
6.0221456692913389
20
-4.0246062992125982
11
6.0230873228346455
21
-4.0247936220472438
0
LINE
8
BLACK
6
CONTINUOUS
10
6.0034022834645668
20
-4.0247936220472438
11
6.0042005511811025
21
-4.025327007874016
0
LINE
8
BLACK
6
CONTINUOUS
10
6.0042005511811025
20
-4.025327007874016
11
6.0047339370078738
21
-4.0261252755905508
0
LINE
8
BLACK
6
CONTINUOUS
10
6.0047339370078738
20
-4.0261252755905508
11
6.0049212598425195
21
-4.0270669291338583
0
LINE
8
BLACK
6
CONTINUOUS
10
6.0049212598425195
20
-4.0270669291338583
11
6.0049212598425195
21
-4.0375920866141728
0
LINE
8
BLACK
6
CONTINUOUS
10
6.0049212598425195
20
-4.0375920866141728
11
6.0057920472440944
21
-4.0396943307086612
0
LINE
8
BLACK
6
CONTINUOUS
10
6.0057920472440944
20
-4.0396943307086612
11
6.0059055118110232
21
-4.040846456692913
0
LINE
8
BLACK
6
CONTINUOUS
10
6.0059055118110232
20
-4.040846456692913
11
6.0059055118110232
21
-4.0551181102362204
0
LINE
8
BLACK
6
CONTINUOUS
10
6.0059055118110232
20
-4.0551181102362204
11
6.0057920472440944
21
-4.0562702362204721
0
LINE
8
BLACK
6
CONTINUOUS
10
6.0057920472440944
20
-4.0562702362204721
11
6.0054538976377954
21
-4.0570866141732287
0
LINE
8
BLACK
6
CONTINUOUS
10
6.0054538976377954
20
-4.0570866141732287
11
6.004910275590551
21
-4.058399015748031
0
LINE
8
BLACK
6
CONTINUOUS
10
6.004910275590551
20
-4.058399015748031
11
6.0041758267716538
21
-4.0592939370078742
0
LINE
8
BLACK
6
CONTINUOUS
10
6.0041758267716538
20
-4.0592939370078742
11
5.9665354330708658
21
-4.0969343307086614
0
LINE
8
BLACK
6
CONTINUOUS
10
5.9665354330708658
20
-4.0969343307086614
11
5.9665354330708658
21
-4.1417523622047243
0
LINE
8
BLACK
6
CONTINUOUS
10
5.9665354330708658
20
-4.1417523622047243
11
5.9664967716535431
21
-4.1421448031496064
0
LINE
8
BLACK
6
CONTINUOUS
10
5.9664967716535431
20
-4.1421448031496064
11
5.967325275590551
21
-4.1435798031496063
0
LINE
8
BLACK
6
CONTINUOUS
10
5.967325275590551
20
-4.1435798031496063
11
5.9683892913385828
21
-4.1475507874015749
0
LINE
8
BLACK
6
CONTINUOUS
10
5.9683892913385828
20
-4.1475507874015749
11
5.9683892913385828
21
-4.1516618110236223
0
LINE
8
BLACK
6
CONTINUOUS
10
5.9683892913385828
20
-4.1516618110236223
11
5.967325275590551
21
-4.15563279527559
0
LINE
8
BLACK
6
CONTINUOUS
10
5.967325275590551
20
-4.15563279527559
11
5.965269724409449
21
-4.1591931102362203
0
LINE
8
BLACK
6
CONTINUOUS
10
5.965269724409449
20
-4.1591931102362203
11
5.96236279527559
21
-4.1621000393700784
0
LINE
8
BLACK
6
CONTINUOUS
10
5.96236279527559
20
-4.1621000393700784
11
5.9588024803149606
21
-4.1641555905511813
0
LINE
8
BLACK
6
CONTINUOUS
10
5.9588024803149606
20
-4.1641555905511813
11
5.954831496062992
21
-4.1652196062992122
0
LINE
8
BLACK
6
CONTINUOUS
10
5.954831496062992
20
-4.1652196062992122
11
5.9507204724409446
21
-4.1652196062992122
0
LINE
8
BLACK
6
CONTINUOUS
10
5.9507204724409446
20
-4.1652196062992122
11
5.946749488188976
21
-4.1641555905511813
0
LINE
8
BLACK
6
CONTINUOUS
10
5.946749488188976
20
-4.1641555905511813
11
5.9431891732283466
21
-4.1621000393700784
0
LINE
8
BLACK
6
CONTINUOUS
10
5.9431891732283466
20
-4.1621000393700784
11
5.9402822440944885
21
-4.1591931102362203
0
LINE
8
BLACK
6
CONTINUOUS
10
5.9402822440944885
20
-4.1591931102362203
11
5.9382266929133856
21
-4.15563279527559
0
LINE
8
BLACK
6
CONTINUOUS
10
5.9382266929133856
20
-4.15563279527559
11
5.9371626771653538
21
-4.1516618110236223
0
LINE
8
BLACK
6
CONTINUOUS
10
5.9371626771653538
20
-4.1516618110236223
11
5.9371626771653538
21
-4.1475507874015749
0
LINE
8
BLACK
6
CONTINUOUS
10
5.9371626771653538
20
-4.1475507874015749
11
5.9382266929133856
21
-4.1435798031496063
0
LINE
8
BLACK
6
CONTINUOUS
10
5.9382266929133856
20
-4.1435798031496063
11
5.9402822440944885
21
-4.140019488188976
0
LINE
8
BLACK
6
CONTINUOUS
10
5.9402822440944885
20
-4.140019488188976
11
5.9431891732283466
21
-4.1371125590551179
0
LINE
8
BLACK
6
CONTINUOUS
10
5.9431891732283466
20
-4.1371125590551179
11
5.946749488188976
21
-4.1350570078740159
0
LINE
8
BLACK
6
CONTINUOUS
10
5.946749488188976
20
-4.1350570078740159
11
5.9507204724409446
21
-4.1339929921259841
0
LINE
8
BLACK
6
CONTINUOUS
10
5.9507204724409446
20
-4.1339929921259841
11
5.9547244094488185
21
-4.1339929921259841
0
LINE
8
BLACK
6
CONTINUOUS
10
5.9547244094488185
20
-4.1339929921259841
11
5.9547244094488185
21
-4.0944881889763778
0
LINE
8
BLACK
6
CONTINUOUS
10
5.9547244094488185
20
-4.0944881889763778
11
5.9548378740157482
21
-4.093336062992126
0
LINE
8
BLACK
6
CONTINUOUS
10
5.9548378740157482
20
-4.093336062992126
11
5.9553880314960628
21
-4.0920078740157475
0
LINE
8
BLACK
6
CONTINUOUS
10
5.9553880314960628
20
-4.0920078740157475
11
5.9557196456692916
21
-4.0912072834645672
0
LINE
8
BLACK
6
CONTINUOUS
10
5.9557196456692916
20
-4.0912072834645672
11
5.9564540944881887
21
-4.0903123622047239
0
LINE
8
BLACK
6
CONTINUOUS
10
5.9564540944881887
20
-4.0903123622047239
11
5.9940944881889759
21
-4.0526719685039367
0
LINE
8
BLACK
6
CONTINUOUS
10
5.9940944881889759
20
-4.0526719685039367
11
5.9940944881889759
21
-4.040846456692913
0
LINE
8
BLACK
6
CONTINUOUS
10
5.9940944881889759
20
-4.040846456692913
11
5.9942079527559056
21
-4.0396943307086612
0
LINE
8
BLACK
6
CONTINUOUS
10
5.9942079527559056
20
-4.0396943307086612
11
5.9950787401574805
21
-4.0375920866141728
0
LINE
8
BLACK
6
CONTINUOUS
10
5.9950787401574805
20
-4.0375920866141728
11
5.9950787401574805
21
-4.0270669291338583
0
LINE
8
BLACK
6
CONTINUOUS
10
5.9950787401574805
20
-4.0270669291338583
11
5.9952660629921262
21
-4.0261252755905508
0
LINE
8
BLACK
6
CONTINUOUS
10
5.9952660629921262
20
-4.0261252755905508
11
5.9957994488188975
21
-4.025327007874016
0
LINE
8
BLACK
6
CONTINUOUS
10
5.9957994488188975
20
-4.025327007874016
11
5.9965977165354332
21
-4.0247936220472438
0
LINE
8
BLACK
6
CONTINUOUS
10
5.9965977165354332
20
-4.0247936220472438
11
5.9975393700787398
21
-4.0246062992125982
0
LINE
8
BLACK
6
CONTINUOUS
10
5.9975393700787398
20
-4.0246062992125982
11
6.0024606299212593
21
-4.0246062992125982
0
LINE
8
BLACK
6
CONTINUOUS
10
6.0024606299212593
20
-4.0246062992125982
11
6.0034022834645668
21
-4.0247936220472438
0
LINE
8
BLACK
6
CONTINUOUS
10
5.9663448818897633
20
-3.9990157480314958
11
5.9768700787401574
21
-3.9990157480314958
0
LINE
8
BLACK
6
CONTINUOUS
10
5.9768700787401574
20
-3.9990157480314958
11
5.9778117322834641
21
-3.9992030708661415
0
LINE
8
BLACK
6
CONTINUOUS
10
5.9778117322834641
20
-3.9992030708661415
11
5.9786099999999998
21
-3.9997364566929132
0
LINE
8
BLACK
6
CONTINUOUS
10
5.9786099999999998
20
-3.9997364566929132
11
5.979143385826772
21
-4.0005347244094489
0
LINE
8
BLACK
6
CONTINUOUS
10
5.979143385826772
20
-4.0005347244094489
11
5.9793307086614176
21
-4.0014763779527556
0
LINE
8
BLACK
6
CONTINUOUS
10
5.9793307086614176
20
-4.0014763779527556
11
5.9793307086614176
21
-4.0063976377952759
0
LINE
8
BLACK
6
CONTINUOUS
10
5.9793307086614176
20
-4.0063976377952759
11
5.979143385826772
21
-4.0073392913385826
0
LINE
8
BLACK
6
CONTINUOUS
10
5.979143385826772
20
-4.0073392913385826
11
5.9786099999999998
21
-4.0081375590551183
0
LINE
8
BLACK
6
CONTINUOUS
10
5.9786099999999998
20
-4.0081375590551183
11
5.9778117322834641
21
-4.0086709448818896
0
LINE
8
BLACK
6
CONTINUOUS
10
5.9778117322834641
20
-4.0086709448818896
11
5.9768700787401574
21
-4.0088582677165352
0
LINE
8
BLACK
6
CONTINUOUS
10
5.9768700787401574
20
-4.0088582677165352
11
5.9689960629921259
21
-4.0088582677165352
0
LINE
8
BLACK
6
CONTINUOUS
10
5.9689960629921259
20
-4.0088582677165352
11
5.9689960629921259
21
-4.0211614173228343
0
LINE
8
BLACK
6
CONTINUOUS
10
5.9689960629921259
20
-4.0211614173228343
11
5.9688825984251963
21
-4.0223135039370082
0
LINE
8
BLACK
6
CONTINUOUS
10
5.9688825984251963
20
-4.0223135039370082
11
5.9680008267716538
21
-4.0244423622047245
0
LINE
8
BLACK
6
CONTINUOUS
10
5.9680008267716538
20
-4.0244423622047245
11
5.9672663779527557
21
-4.0253372440944881
0
LINE
8
BLACK
6
CONTINUOUS
10
5.9672663779527557
20
-4.0253372440944881
11
5.8996062992125982
21
-4.0929973228346457
0
LINE
8
BLACK
6
CONTINUOUS
10
5.8996062992125982
20
-4.0929973228346457
11
5.8996062992125982
21
-4.1210629921259843
0
LINE
8
BLACK
6
CONTINUOUS
10
5.8996062992125982
20
-4.1210629921259843
11
5.9045275590551176
21
-4.1210629921259843
0
LINE
8
BLACK
6
CONTINUOUS
10
5.9045275590551176
20
-4.1210629921259843
11
5.9075408267716538
21
-4.1216623622047246
0
LINE
8
BLACK
6
CONTINUOUS
10
5.9075408267716538
20
-4.1216623622047246
11
5.9100953149606301
21
-4.1233692519685041
0
LINE
8
BLACK
6
CONTINUOUS
10
5.9100953149606301
20
-4.1233692519685041
11
5.9118022047244096
21
-4.1259237401574804
0
LINE
8
BLACK
6
CONTINUOUS
10
5.9118022047244096
20
-4.1259237401574804
11
5.9124015748031491
21
-4.1289370078740157
0
LINE
8
BLACK
6
CONTINUOUS
10
5.9124015748031491
20
-4.1289370078740157
11
5.9124015748031491
21
-4.1446850393700787
0
LINE
8
BLACK
6
CONTINUOUS
10
5.9124015748031491
20
-4.1446850393700787
11
5.9118022047244096
21
-4.147698307086614
0
LINE
8
BLACK
6
CONTINUOUS
10
5.9118022047244096
20
-4.147698307086614
11
5.9100953149606301
21
-4.1502527952755903
0
LINE
8
BLACK
6
CONTINUOUS
10
5.9100953149606301
20
-4.1502527952755903
11
5.9075408267716538
21
-4.1519596850393699
0
LINE
8
BLACK
6
CONTINUOUS
10
5.9075408267716538
20
-4.1519596850393699
11
5.9045275590551176
21
-4.1525590551181102
0
LINE
8
BLACK
6
CONTINUOUS
10
5.9045275590551176
20
-4.1525590551181102
11
5.8828740157480315
21
-4.1525590551181102
0
LINE
8
BLACK
6
CONTINUOUS
10
5.8828740157480315
20
-4.1525590551181102
11
5.8798607480314962
21
-4.1519596850393699
0
LINE
8
BLACK
6
CONTINUOUS
10
5.8798607480314962
20
-4.1519596850393699
11
5.8773062598425199
21
-4.1502527952755903
0
LINE
8
BLACK
6
CONTINUOUS
10
5.8773062598425199
20
-4.1502527952755903
11
5.8755993700787403
21
-4.147698307086614
0
LINE
8
BLACK
6
CONTINUOUS
10
5.8755993700787403
20
-4.147698307086614
11
5.875
21
-4.1446850393700787
0
LINE
8
BLACK
6
CONTINUOUS
10
5.875
20
-4.1446850393700787
11
5.875
21
-4.1289370078740157
0
LINE
8
BLACK
6
CONTINUOUS
10
5.875
20
-4.1289370078740157
11
5.8755993700787403
21
-4.1259237401574804
0
LINE
8
BLACK
6
CONTINUOUS
10
5.8755993700787403
20
-4.1259237401574804
11
5.8773062598425199
21
-4.1233692519685041
0
LINE
8
BLACK
6
CONTINUOUS
10
5.8773062598425199
20
-4.1233692519685041
11
5.8798607480314962
21
-4.1216623622047246
0
LINE
8
BLACK
6
CONTINUOUS
10
5.8798607480314962
20
-4.1216623622047246
11
5.8828740157480315
21
-4.1210629921259843
0
LINE
8
BLACK
6
CONTINUOUS
10
5.8828740157480315
20
-4.1210629921259843
11
5.8877952755905509
21
-4.1210629921259843
0
LINE
8
BLACK
6
CONTINUOUS
10
5.8877952755905509
20
-4.1210629921259843
11
5.8877952755905509
21
-4.090551181102362
0
LINE
8
BLACK
6
CONTINUOUS
10
5.8877952755905509
20
-4.090551181102362
11
5.8879087401574806
21
-4.0893990551181103
0
LINE
8
BLACK
6
CONTINUOUS
10
5.8879087401574806
20
-4.0893990551181103
11
5.8883528346456693
21
-4.088326968503937
0
LINE
8
BLACK
6
CONTINUOUS
10
5.8883528346456693
20
-4.088326968503937
11
5.8887905118110231
21
-4.0872702755905514
0
LINE
8
BLACK
6
CONTINUOUS
10
5.8887905118110231
20
-4.0872702755905514
11
5.8895249606299211
21
-4.0863753543307082
0
LINE
8
BLACK
6
CONTINUOUS
10
5.8895249606299211
20
-4.0863753543307082
11
5.9571850393700787
21
-4.0187152755905515
0
LINE
8
BLACK
6
CONTINUOUS
10
5.9571850393700787
20
-4.0187152755905515
11
5.9571850393700787
21
-4.0088582677165352
0
LINE
8
BLACK
6
CONTINUOUS
10
5.9571850393700787
20
-4.0088582677165352
11
5.9493110236220472
21
-4.0088582677165352
0
LINE
8
BLACK
6
CONTINUOUS
10
5.9493110236220472
20
-4.0088582677165352
11
5.9483693700787397
21
-4.0086709448818896
0
LINE
8
BLACK
6
CONTINUOUS
10
5.9483693700787397
20
-4.0086709448818896
11
5.9475711023622049
21
-4.0081375590551183
0
LINE
8
BLACK
6
CONTINUOUS
10
5.9475711023622049
20
-4.0081375590551183
11
5.9470377165354327
21
-4.0073392913385826
0
LINE
8
BLACK
6
CONTINUOUS
10
5.9470377165354327
20
-4.0073392913385826
11
5.9468503937007871
21
-4.0063976377952759
0
LINE
8
BLACK
6
CONTINUOUS
10
5.9468503937007871
20
-4.0063976377952759
11
5.9468503937007871
21
-4.0014763779527556
0
LINE
8
BLACK
6
CONTINUOUS
10
5.9468503937007871
20
-4.0014763779527556
11
5.9470377165354327
21
-4.0005347244094489
0
LINE
8
BLACK
6
CONTINUOUS
10
5.9470377165354327
20
-4.0005347244094489
11
5.9475711023622049
21
-3.9997364566929132
0
LINE
8
BLACK
6
CONTINUOUS
10
5.9475711023622049
20
-3.9997364566929132
11
5.9483693700787397
21
-3.9992030708661415
0
LINE
8
BLACK
6
CONTINUOUS
10
5.9483693700787397
20
-3.9992030708661415
11
5.9493110236220472
21
-3.9990157480314958
0
LINE
8
BLACK
6
CONTINUOUS
10
5.9493110236220472
20
-3.9990157480314958
11
5.9598362204724404
21
-3.9990157480314958
0
LINE
8
BLACK
6
CONTINUOUS
10
5.9598362204724404
20
-3.9990157480314958
11
5.9619384251968501
21
-3.9981449606299213
0
LINE
8
BLACK
6
CONTINUOUS
10
5.9619384251968501
20
-3.9981449606299213
11
5.9642426771653545
21
-3.9981449606299213
0
LINE
8
BLACK
6
CONTINUOUS
10
5.9642426771653545
20
-3.9981449606299213
11
5.9663448818897633
21
-3.9990157480314958
0
LINE
8
BLACK
6
CONTINUOUS
10
5.9630905511811019
20
-3.9793307086614171
11
5.9768700787401574
21
-3.9793307086614171
0
LINE
8
BLACK
6
CONTINUOUS
10
5.9768700787401574
20
-3.9793307086614171
11
5.9778117322834641
21
-3.9795180314960628
0
LINE
8
BLACK
6
CONTINUOUS
10
5.9778117322834641
20
-3.9795180314960628
11
5.9786099999999998
21
-3.9800514173228345
0
LINE
8
BLACK
6
CONTINUOUS
10
5.9786099999999998
20
-3.9800514173228345
11
5.979143385826772
21
-3.9808496850393702
0
LINE
8
BLACK
6
CONTINUOUS
10
5.979143385826772
20
-3.9808496850393702
11
5.9793307086614176
21
-3.9817913385826769
0
LINE
8
BLACK
6
CONTINUOUS
10
5.9793307086614176
20
-3.9817913385826769
11
5.9793307086614176
21
-3.9867125984251968
0
LINE
8
BLACK
6
CONTINUOUS
10
5.9793307086614176
20
-3.9867125984251968
11
5.979143385826772
21
-3.9876542519685039
0
LINE
8
BLACK
6
CONTINUOUS
10
5.979143385826772
20
-3.9876542519685039
11
5.9786099999999998
21
-3.9884525196850391
0
LINE
8
BLACK
6
CONTINUOUS
10
5.9786099999999998
20
-3.9884525196850391
11
5.9778117322834641
21
-3.9889859055118109
0
LINE
8
BLACK
6
CONTINUOUS
10
5.9778117322834641
20
-3.9889859055118109
11
5.9768700787401574
21
-3.9891732283464565
0
LINE
8
BLACK
6
CONTINUOUS
10
5.9768700787401574
20
-3.9891732283464565
11
5.9493110236220472
21
-3.9891732283464565
0
LINE
8
BLACK
6
CONTINUOUS
10
5.9493110236220472
20
-3.9891732283464565
11
5.9456870472440944
21
-3.9891732283464565
0
LINE
8
BLACK
6
CONTINUOUS
10
5.9456870472440944
20
-3.9891732283464565
11
5.9312262992125984
21
-4.0036339370078737
0
LINE
8
BLACK
6
CONTINUOUS
10
5.9312262992125984
20
-4.0036339370078737
11
5.9337535826771655
21
-4.0061612204724408
0
LINE
8
BLACK
6
CONTINUOUS
10
5.9337535826771655
20
-4.0061612204724408
11
5.9358091338582675
21
-4.0097215354330711
0
LINE
8
BLACK
6
CONTINUOUS
10
5.9358091338582675
20
-4.0097215354330711
11
5.9368731496062992
21
-4.0136925196850397
0
LINE
8
BLACK
6
CONTINUOUS
10
5.9368731496062992
20
-4.0136925196850397
11
5.9368731496062992
21
-4.0178035433070862
0
LINE
8
BLACK
6
CONTINUOUS
10
5.9368731496062992
20
-4.0178035433070862
11
5.9358091338582675
21
-4.0217745275590548
0
LINE
8
BLACK
6
CONTINUOUS
10
5.9358091338582675
20
-4.0217745275590548
11
5.9337535826771655
21
-4.0253348425196851
0
LINE
8
BLACK
6
CONTINUOUS
10
5.9337535826771655
20
-4.0253348425196851
11
5.9308466535433073
21
-4.0282417716535432
0
LINE
8
BLACK
6
CONTINUOUS
10
5.9308466535433073
20
-4.0282417716535432
11
5.9272863385826771
21
-4.0302973228346453
0
LINE
8
BLACK
6
CONTINUOUS
10
5.9272863385826771
20
-4.0302973228346453
11
5.9233153543307084
21
-4.031361338582677
0
LINE
8
BLACK
6
CONTINUOUS
10
5.9233153543307084
20
-4.031361338582677
11
5.919204330708661
21
-4.031361338582677
0
LINE
8
BLACK
6
CONTINUOUS
10
5.919204330708661
20
-4.031361338582677
11
5.9152333464566924
21
-4.0302973228346453
0
LINE
8
BLACK
6
CONTINUOUS
10
5.9152333464566924
20
-4.0302973228346453
11
5.911673031496063
21
-4.0282417716535432
0
LINE
8
BLACK
6
CONTINUOUS
10
5.911673031496063
20
-4.0282417716535432
11
5.9087661023622049
21
-4.0253348425196851
0
LINE
8
BLACK
6
CONTINUOUS
10
5.9087661023622049
20
-4.0253348425196851
11
5.906710551181102
21
-4.0217745275590548
0
LINE
8
BLACK
6
CONTINUOUS
10
5.906710551181102
20
-4.0217745275590548
11
5.9056465354330712
21
-4.0178035433070862
0
LINE
8
BLACK
6
CONTINUOUS
10
5.9056465354330712
20
-4.0178035433070862
11
5.9056465354330712
21
-4.0136925196850397
0
LINE
8
BLACK
6
CONTINUOUS
10
5.9056465354330712
20
-4.0136925196850397
11
5.906710551181102
21
-4.0097215354330711
0
LINE
8
BLACK
6
CONTINUOUS
10
5.906710551181102
20
-4.0097215354330711
11
5.9087661023622049
21
-4.0061612204724408
0
LINE
8
BLACK
6
CONTINUOUS
10
5.9087661023622049
20
-4.0061612204724408
11
5.911673031496063
21
-4.0032542913385827
0
LINE
8
BLACK
6
CONTINUOUS
10
5.911673031496063
20
-4.0032542913385827
11
5.9152333464566924
21
-4.0011987401574798
0
LINE
8
BLACK
6
CONTINUOUS
10
5.9152333464566924
20
-4.0011987401574798
11
5.919204330708661
21
-4.0001347244094489
0
LINE
8
BLACK
6
CONTINUOUS
10
5.919204330708661
20
-4.0001347244094489
11
5.9208061417322835
21
-4.0001347244094489
0
LINE
8
BLACK
6
CONTINUOUS
10
5.9208061417322835
20
-4.0001347244094489
11
5.9401687007874013
21
-3.9807721259842519
0
LINE
8
BLACK
6
CONTINUOUS
10
5.9401687007874013
20
-3.9807721259842519
11
5.9409144488188979
21
-3.980160118110236
0
LINE
8
BLACK
6
CONTINUOUS
10
5.9409144488188979
20
-3.980160118110236
11
5.9409144881889766
21
-3.9801600787401572
0
LINE
8
BLACK
6
CONTINUOUS
10
5.9409144881889766
20
-3.9801600787401572
11
5.9420860629921259
21
-3.9796748031496061
0
LINE
8
BLACK
6
CONTINUOUS
10
5.9420860629921259
20
-3.9796748031496061
11
5.9426884645669293
21
-3.9794252755905513
0
LINE
8
BLACK
6
CONTINUOUS
10
5.9426884645669293
20
-3.9794252755905513
11
5.9426885039370081
21
-3.9794252755905513
0
LINE
8
BLACK
6
CONTINUOUS
10
5.9426885039370081
20
-3.9794252755905513
11
5.9436485826771648
21
-3.9793307086614171
0
LINE
8
BLACK
6
CONTINUOUS
10
5.9436485826771648
20
-3.9793307086614171
11
5.9630905511811019
21
-3.9793307086614171
0
LINE
8
BLACK
6
CONTINUOUS
10
5.9418403937007875
20
-3.9586614173228347
11
5.9429574015748035
21
-3.9589162598425194
0
LINE
8
BLACK
6
CONTINUOUS
10
5.9429574015748035
20
-3.9589162598425194
11
5.9432987401574806
21
-3.9587748818897639
0
LINE
8
BLACK
6
CONTINUOUS
10
5.9432987401574806
20
-3.9587748818897639
11
5.9444508661417323
21
-3.9586614173228347
0
LINE
8
BLACK
6
CONTINUOUS
10
5.9444508661417323
20
-3.9586614173228347
11
5.9630905511811019
21
-3.9586614173228347
0
LINE
8
BLACK
6
CONTINUOUS
10
5.9630905511811019
20
-3.9586614173228347
11
5.9642426771653545
21
-3.9587748818897639
0
LINE
8
BLACK
6
CONTINUOUS
10
5.9642426771653545
20
-3.9587748818897639
11
5.9663448818897633
21
-3.9596456692913384
0
LINE
8
BLACK
6
CONTINUOUS
10
5.9663448818897633
20
-3.9596456692913384
11
5.9768700787401574
21
-3.9596456692913384
0
LINE
8
BLACK
6
CONTINUOUS
10
5.9768700787401574
20
-3.9596456692913384
11
5.9778117322834641
21
-3.9598329921259841
0
LINE
8
BLACK
6
CONTINUOUS
10
5.9778117322834641
20
-3.9598329921259841
11
5.9786099999999998
21
-3.9603663779527558
0
LINE
8
BLACK
6
CONTINUOUS
10
5.9786099999999998
20
-3.9603663779527558
11
5.979143385826772
21
-3.9611646456692911
0
LINE
8
BLACK
6
CONTINUOUS
10
5.979143385826772
20
-3.9611646456692911
11
5.9793307086614176
21
-3.9621062992125982
0
LINE
8
BLACK
6
CONTINUOUS
10
5.9793307086614176
20
-3.9621062992125982
11
5.9793307086614176
21
-3.9670275590551181
0
LINE
8
BLACK
6
CONTINUOUS
10
5.9793307086614176
20
-3.9670275590551181
11
5.979143385826772
21
-3.9679692125984252
0
LINE
8
BLACK
6
CONTINUOUS
10
5.979143385826772
20
-3.9679692125984252
11
5.9786099999999998
21
-3.9687674803149604
0
LINE
8
BLACK
6
CONTINUOUS
10
5.9786099999999998
20
-3.9687674803149604
11
5.9778117322834641
21
-3.9693008661417322
0
LINE
8
BLACK
6
CONTINUOUS
10
5.9778117322834641
20
-3.9693008661417322
11
5.9768700787401574
21
-3.9694881889763778
0
LINE
8
BLACK
6
CONTINUOUS
10
5.9768700787401574
20
-3.9694881889763778
11
5.9663448818897633
21
-3.9694881889763778
0
LINE
8
BLACK
6
CONTINUOUS
10
5.9663448818897633
20
-3.9694881889763778
11
5.9642426771653545
21
-3.9703589763779528
0
LINE
8
BLACK
6
CONTINUOUS
10
5.9642426771653545
20
-3.9703589763779528
11
5.9630905511811019
21
-3.9704724409448819
0
LINE
8
BLACK
6
CONTINUOUS
10
5.9630905511811019
20
-3.9704724409448819
11
5.9444508661417323
21
-3.9704724409448819
0
LINE
8
BLACK
6
CONTINUOUS
10
5.9444508661417323
20
-3.9704724409448819
11
5.9432987401574806
21
-3.9703589763779528
0
LINE
8
BLACK
6
CONTINUOUS
10
5.9432987401574806
20
-3.9703589763779528
11
5.9429574409448813
21
-3.9702175984251968
0
LINE
8
BLACK
6
CONTINUOUS
10
5.9429574409448813
20
-3.9702175984251968
11
5.9418414173228342
21
-3.9704724409448819
0
LINE
8
BLACK
6
CONTINUOUS
10
5.9418414173228342
20
-3.9704724409448819
11
5.9418414173228342
21
-3.9704709842519685
0
LINE
8
BLACK
6
CONTINUOUS
10
5.9418414173228342
20
-3.9704709842519685
11
5.9402529921259841
21
-3.9704711417322835
0
LINE
8
BLACK
6
CONTINUOUS
10
5.9402529921259841
20
-3.9704711417322835
11
5.9371844488188978
21
-3.9712937401574804
0
LINE
8
BLACK
6
CONTINUOUS
10
5.9371844488188978
20
-3.9712937401574804
11
5.9344333858267717
21
-3.972882559055118
0
LINE
8
BLACK
6
CONTINUOUS
10
5.9344333858267717
20
-3.972882559055118
11
5.9333103543307084
21
-3.9740059055118109
0
LINE
8
BLACK
6
CONTINUOUS
10
5.9333103543307084
20
-3.9740059055118109
11
5.9333103149606297
21
-3.9740059055118109
0
LINE
8
BLACK
6
CONTINUOUS
10
5.9333103149606297
20
-3.9740059055118109
11
5.9333100393700784
21
-3.9740060629921259
0
LINE
8
BLACK
6
CONTINUOUS
10
5.9333100393700784
20
-3.9740060629921259
11
5.9333098818897634
21
-3.9740063385826772
0
LINE
8
BLACK
6
CONTINUOUS
10
5.9333098818897634
20
-3.9740063385826772
11
5.9333098818897634
21
-3.9740062992125984
0
LINE
8
BLACK
6
CONTINUOUS
10
5.9333098818897634
20
-3.9740062992125984
11
5.927001692913386
21
-3.9795389370078738
0
LINE
8
BLACK
6
CONTINUOUS
10
5.927001692913386
20
-3.9795389370078738
11
5.9200253149606299
21
-3.9842007480314958
0
LINE
8
BLACK
6
CONTINUOUS
10
5.9200253149606299
20
-3.9842007480314958
11
5.9125000787401572
21
-3.9879120472440945
0
LINE
8
BLACK
6
CONTINUOUS
10
5.9125000787401572
20
-3.9879120472440945
11
5.9045547637795277
21
-3.9906092913385827
0
LINE
8
BLACK
6
CONTINUOUS
10
5.9045547637795277
20
-3.9906092913385827
11
5.8991141732283463
21
-3.9916915354330706
0
LINE
8
BLACK
6
CONTINUOUS
10
5.8991141732283463
20
-3.9916915354330706
11
5.8991141732283463
21
-3.9927952755905509
0
LINE
8
BLACK
6
CONTINUOUS
10
5.8991141732283463
20
-3.9927952755905509
11
5.8986646456692915
21
-3.9950552362204723
0
LINE
8
BLACK
6
CONTINUOUS
10
5.8986646456692915
20
-3.9950552362204723
11
5.8973844881889761
21
-3.9969711023622048
0
LINE
8
BLACK
6
CONTINUOUS
10
5.8973844881889761
20
-3.9969711023622048
11
5.8954686220472441
21
-3.9982512598425197
0
LINE
8
BLACK
6
CONTINUOUS
10
5.8954686220472441
20
-3.9982512598425197
11
5.8932086614173231
21
-3.9987007874015745
0
LINE
8
BLACK
6
CONTINUOUS
10
5.8932086614173231
20
-3.9987007874015745
11
5.8528543307086611
21
-3.9987007874015745
0
LINE
8
BLACK
6
CONTINUOUS
10
5.8528543307086611
20
-3.9987007874015745
11
5.8505943700787402
21
-3.9982512598425197
0
LINE
8
BLACK
6
CONTINUOUS
10
5.8505943700787402
20
-3.9982512598425197
11
5.8486785039370082
21
-3.9969711023622048
0
LINE
8
BLACK
6
CONTINUOUS
10
5.8486785039370082
20
-3.9969711023622048
11
5.8473983464566928
21
-3.9950552362204723
0
LINE
8
BLACK
6
CONTINUOUS
10
5.8473983464566928
20
-3.9950552362204723
11
5.846948818897638
21
-3.9927952755905509
0
LINE
8
BLACK
6
CONTINUOUS
10
5.846948818897638
20
-3.9927952755905509
11
5.846948818897638
21
-3.9809842519685037
0
LINE
8
BLACK
6
CONTINUOUS
10
5.846948818897638
20
-3.9809842519685037
11
5.8473983464566928
21
-3.9787242913385827
0
LINE
8
BLACK
6
CONTINUOUS
10
5.8473983464566928
20
-3.9787242913385827
11
5.8486785039370082
21
-3.9768084251968503
0
LINE
8
BLACK
6
CONTINUOUS
10
5.8486785039370082
20
-3.9768084251968503
11
5.8505943700787402
21
-3.9755282677165353
0
LINE
8
BLACK
6
CONTINUOUS
10
5.8505943700787402
20
-3.9755282677165353
11
5.8528543307086611
21
-3.9750787401574801
0
LINE
8
BLACK
6
CONTINUOUS
10
5.8528543307086611
20
-3.9750787401574801
11
5.8932086614173231
21
-3.9750787401574801
0
LINE
8
BLACK
6
CONTINUOUS
10
5.8932086614173231
20
-3.9750787401574801
11
5.8954686220472441
21
-3.9755282677165353
0
LINE
8
BLACK
6
CONTINUOUS
10
5.8954686220472441
20
-3.9755282677165353
11
5.8973844881889761
21
-3.9768084251968503
0
LINE
8
BLACK
6
CONTINUOUS
10
5.8973844881889761
20
-3.9768084251968503
11
5.8986646456692915
21
-3.9787242913385827
0
LINE
8
BLACK
6
CONTINUOUS
10
5.8986646456692915
20
-3.9787242913385827
11
5.8988979527559051
21
-3.9798973622047242
0
LINE
8
BLACK
6
CONTINUOUS
10
5.8988979527559051
20
-3.9798973622047242
11
5.9048109055118108
21
-3.9783129133858268
0
LINE
8
BLACK
6
CONTINUOUS
10
5.9048109055118108
20
-3.9783129133858268
11
5.9111489370078738
21
-3.9756874409448817
0
LINE
8
BLACK
6
CONTINUOUS
10
5.9111489370078738
20
-3.9756874409448817
11
5.91709
21
-3.9722571259842518
0
LINE
8
BLACK
6
CONTINUOUS
10
5.91709
20
-3.9722571259842518
11
5.9225324409448818
21
-3.9680806299212596
0
LINE
8
BLACK
6
CONTINUOUS
10
5.9225324409448818
20
-3.9680806299212596
11
5.9249577952755903
21
-3.9656550787401574
0
LINE
8
BLACK
6
CONTINUOUS
10
5.9249577952755903
20
-3.9656550787401574
11
5.9249578346456691
21
-3.9656550787401574
0
LINE
8
BLACK
6
CONTINUOUS
10
5.9249578346456691
20
-3.9656550787401574
11
5.9249584251968503
21
-3.9656546850393699
0
LINE
8
BLACK
6
CONTINUOUS
10
5.9249584251968503
20
-3.9656546850393699
11
5.9285752755905508
21
-3.9626855511811021
0
LINE
8
BLACK
6
CONTINUOUS
10
5.9285752755905508
20
-3.9626855511811021
11
5.9327030708661415
21
-3.9604785039370078
0
LINE
8
BLACK
6
CONTINUOUS
10
5.9327030708661415
20
-3.9604785039370078
11
5.9371821653543302
21
-3.9591192125984249
0
LINE
8
BLACK
6
CONTINUOUS
10
5.9371821653543302
20
-3.9591192125984249
11
5.9418403937007875
21
-3.9586599606299213
0
LINE
8
BLACK
6
CONTINUOUS
10
5.9418403937007875
20
-3.9586599606299213
11
5.9418403937007875
21
-3.9586614173228347
0
LINE
8
BLACK
6
CONTINUOUS
10
5.8954686220472441
20
-3.9007251181102363
11
5.8973844881889761
21
-3.9020052755905512
0
LINE
8
BLACK
6
CONTINUOUS
10
5.8973844881889761
20
-3.9020052755905512
11
5.8986646456692915
21
-3.9039211417322832
0
LINE
8
BLACK
6
CONTINUOUS
10
5.8986646456692915
20
-3.9039211417322832
11
5.8991141732283463
21
-3.9061811023622046
0
LINE
8
BLACK
6
CONTINUOUS
10
5.8991141732283463
20
-3.9061811023622046
11
5.8991141732283463
21
-3.907067283464567
0
LINE
8
BLACK
6
CONTINUOUS
10
5.8991141732283463
20
-3.907067283464567
11
5.9036993700787397
21
-3.9081679921259842
0
LINE
8
BLACK
6
CONTINUOUS
10
5.9036993700787397
20
-3.9081679921259842
11
5.9095855905511812
21
-3.9106059842519683
0
LINE
8
BLACK
6
CONTINUOUS
10
5.9095855905511812
20
-3.9106059842519683
11
5.9150179921259838
21
-3.9139347244094487
0
LINE
8
BLACK
6
CONTINUOUS
10
5.9150179921259838
20
-3.9139347244094487
11
5.9198627559055117
21
-3.9180722834645669
0
LINE
8
BLACK
6
CONTINUOUS
10
5.9198627559055117
20
-3.9180722834645669
11
5.9198622047244092
21
-3.9180727952755903
0
LINE
8
BLACK
6
CONTINUOUS
10
5.9198622047244092
20
-3.9180727952755903
11
5.9198622047244092
21
-3.918072834645669
0
LINE
8
BLACK
6
CONTINUOUS
10
5.9198622047244092
20
-3.918072834645669
11
5.9198623622047242
21
-3.9180729527559053
0
LINE
8
BLACK
6
CONTINUOUS
10
5.9198623622047242
20
-3.9180729527559053
11
5.9333016535433067
21
-3.9315122440944883
0
LINE
8
BLACK
6
CONTINUOUS
10
5.9333016535433067
20
-3.9315122440944883
11
5.9333016929133855
21
-3.9315123228346458
0
LINE
8
BLACK
6
CONTINUOUS
10
5.9333016929133855
20
-3.9315123228346458
11
5.933301771653543
21
-3.9315123622047241
0
LINE
8
BLACK
6
CONTINUOUS
10
5.933301771653543
20
-3.9315123622047241
11
5.9333023228346455
21
-3.9315117716535433
0
LINE
8
BLACK
6
CONTINUOUS
10
5.9333023228346455
20
-3.9315117716535433
11
5.9350770472440946
21
-3.9332866141732281
0
LINE
8
BLACK
6
CONTINUOUS
10
5.9350770472440946
20
-3.9332866141732281
11
5.939250866141732
21
-3.9360756299212598
0
LINE
8
BLACK
6
CONTINUOUS
10
5.939250866141732
20
-3.9360756299212598
11
5.9438885826771655
21
-3.9379968110236221
0
LINE
8
BLACK
6
CONTINUOUS
10
5.9438885826771655
20
-3.9379968110236221
11
5.9488119685039367
21
-3.9389762992125985
0
LINE
8
BLACK
6
CONTINUOUS
10
5.9488119685039367
20
-3.9389762992125985
11
5.9513218897637792
21
-3.938976377952756
0
LINE
8
BLACK
6
CONTINUOUS
10
5.9513218897637792
20
-3.938976377952756
11
5.9630905511811019
21
-3.938976377952756
0
LINE
8
BLACK
6
CONTINUOUS
10
5.9630905511811019
20
-3.938976377952756
11
5.9642426771653545
21
-3.9390898425196847
0
LINE
8
BLACK
6
CONTINUOUS
10
5.9642426771653545
20
-3.9390898425196847
11
5.9663448818897633
21
-3.9399606299212597
0
LINE
8
BLACK
6
CONTINUOUS
10
5.9663448818897633
20
-3.9399606299212597
11
5.9768700787401574
21
-3.9399606299212597
0
LINE
8
BLACK
6
CONTINUOUS
10
5.9768700787401574
20
-3.9399606299212597
11
5.9778117322834641
21
-3.9401479527559053
0
LINE
8
BLACK
6
CONTINUOUS
10
5.9778117322834641
20
-3.9401479527559053
11
5.9786099999999998
21
-3.9406813385826771
0
LINE
8
BLACK
6
CONTINUOUS
10
5.9786099999999998
20
-3.9406813385826771
11
5.979143385826772
21
-3.9414796062992123
0
LINE
8
BLACK
6
CONTINUOUS
10
5.979143385826772
20
-3.9414796062992123
11
5.9793307086614176
21
-3.9424212598425195
0
LINE
8
BLACK
6
CONTINUOUS
10
5.9793307086614176
20
-3.9424212598425195
11
5.9793307086614176
21
-3.9473425196850394
0
LINE
8
BLACK
6
CONTINUOUS
10
5.9793307086614176
20
-3.9473425196850394
11
5.979143385826772
21
-3.9482841732283465
0
LINE
8
BLACK
6
CONTINUOUS
10
5.979143385826772
20
-3.9482841732283465
11
5.9786099999999998
21
-3.9490824409448817
0
LINE
8
BLACK
6
CONTINUOUS
10
5.9786099999999998
20
-3.9490824409448817
11
5.9778117322834641
21
-3.9496158267716535
0
LINE
8
BLACK
6
CONTINUOUS
10
5.9778117322834641
20
-3.9496158267716535
11
5.9768700787401574
21
-3.9498031496062991
0
LINE
8
BLACK
6
CONTINUOUS
10
5.9768700787401574
20
-3.9498031496062991
11
5.9663448818897633
21
-3.9498031496062991
0
LINE
8
BLACK
6
CONTINUOUS
10
5.9663448818897633
20
-3.9498031496062991
11
5.9642426771653545
21
-3.9506739370078741
0
LINE
8
BLACK
6
CONTINUOUS
10
5.9642426771653545
20
-3.9506739370078741
11
5.9630905511811019
21
-3.9507874015748032
0
LINE
8
BLACK
6
CONTINUOUS
10
5.9630905511811019
20
-3.9507874015748032
11
5.9513216929133854
21
-3.9507874015748032
0
LINE
8
BLACK
6
CONTINUOUS
10
5.9513216929133854
20
-3.9507874015748032
11
5.9513215354330704
21
-3.9507873622047245
0
LINE
8
BLACK
6
CONTINUOUS
10
5.9513215354330704
20
-3.9507873622047245
11
5.9513214960629917
21
-3.9507874015748032
0
LINE
8
BLACK
6
CONTINUOUS
10
5.9513214960629917
20
-3.9507874015748032
11
5.9454873228346452
21
-3.9503280314960629
0
LINE
8
BLACK
6
CONTINUOUS
10
5.9454873228346452
20
-3.9503280314960629
11
5.9397968503937006
21
-3.9489616929133859
0
LINE
8
BLACK
6
CONTINUOUS
10
5.9397968503937006
20
-3.9489616929133859
11
5.9343901574803146
21
-3.9467219685039368
0
LINE
8
BLACK
6
CONTINUOUS
10
5.9343901574803146
20
-3.9467219685039368
11
5.9294004330708656
21
-3.9436640551181101
0
LINE
8
BLACK
6
CONTINUOUS
10
5.9294004330708656
20
-3.9436640551181101
11
5.9249820472440939
21
-3.9398901968503934
0
LINE
8
BLACK
6
CONTINUOUS
10
5.9249820472440939
20
-3.9398901968503934
11
5.9249499999999999
21
-3.9398638976377951
0
LINE
8
BLACK
6
CONTINUOUS
10
5.9249499999999999
20
-3.9398638976377951
11
5.9115107086614174
21
-3.9264246062992125
0
LINE
8
BLACK
6
CONTINUOUS
10
5.9115107086614174
20
-3.9264246062992125
11
5.9115058267716538
21
-3.9264186614173227
0
LINE
8
BLACK
6
CONTINUOUS
10
5.9115058267716538
20
-3.9264186614173227
11
5.9095062204724407
21
-3.9244191732283462
0
LINE
8
BLACK
6
CONTINUOUS
10
5.9095062204724407
20
-3.9244191732283462
11
5.9047906299212594
21
-3.9212685433070864
0
LINE
8
BLACK
6
CONTINUOUS
10
5.9047906299212594
20
-3.9212685433070864
11
5.8995509842519684
21
-3.9190983858267714
0
LINE
8
BLACK
6
CONTINUOUS
10
5.8995509842519684
20
-3.9190983858267714
11
5.8989190944881891
21
-3.9189726771653541
0
LINE
8
BLACK
6
CONTINUOUS
10
5.8989190944881891
20
-3.9189726771653541
11
5.8986646456692915
21
-3.9202520866141732
0
LINE
8
BLACK
6
CONTINUOUS
10
5.8986646456692915
20
-3.9202520866141732
11
5.8973844881889761
21
-3.9221679527559052
0
LINE
8
BLACK
6
CONTINUOUS
10
5.8973844881889761
20
-3.9221679527559052
11
5.8954686220472441
21
-3.9234481102362202
0
LINE
8
BLACK
6
CONTINUOUS
10
5.8954686220472441
20
-3.9234481102362202
11
5.8932086614173231
21
-3.9238976377952755
0
LINE
8
BLACK
6
CONTINUOUS
10
5.8932086614173231
20
-3.9238976377952755
11
5.8528543307086611
21
-3.9238976377952755
0
LINE
8
BLACK
6
CONTINUOUS
10
5.8528543307086611
20
-3.9238976377952755
11
5.8505943700787402
21
-3.9234481102362202
0
LINE
8
BLACK
6
CONTINUOUS
10
5.8505943700787402
20
-3.9234481102362202
11
5.8486785039370082
21
-3.9221679527559052
0
LINE
8
BLACK
6
CONTINUOUS
10
5.8486785039370082
20
-3.9221679527559052
11
5.8473983464566928
21
-3.9202520866141732
0
LINE
8
BLACK
6
CONTINUOUS
10
5.8473983464566928
20
-3.9202520866141732
11
5.846948818897638
21
-3.9179921259842518
0
LINE
8
BLACK
6
CONTINUOUS
10
5.846948818897638
20
-3.9179921259842518
11
5.846948818897638
21
-3.9061811023622046
0
LINE
8
BLACK
6
CONTINUOUS
10
5.846948818897638
20
-3.9061811023622046
11
5.8473983464566928
21
-3.9039211417322832
0
LINE
8
BLACK
6
CONTINUOUS
10
5.8473983464566928
20
-3.9039211417322832
11
5.8486785039370082
21
-3.9020052755905512
0
LINE
8
BLACK
6
CONTINUOUS
10
5.8486785039370082
20
-3.9020052755905512
11
5.8505943700787402
21
-3.9007251181102363
0
LINE
8
BLACK
6
CONTINUOUS
10
5.8505943700787402
20
-3.9007251181102363
11
5.8528543307086611
21
-3.900275590551181
0
LINE
8
BLACK
6
CONTINUOUS
10
5.8528543307086611
20
-3.900275590551181
11
5.8932086614173231
21
-3.900275590551181
0
LINE
8
BLACK
6
CONTINUOUS
10
5.8932086614173231
20
-3.900275590551181
11
5.8954686220472441
21
-3.9007251181102363
0
LINE
8
BLACK
6
CONTINUOUS
10
5.9777993700787402
20
-3.805792401574803
11
5.980673188976378
21
-3.8077126377952757
0
LINE
8
BLACK
6
CONTINUOUS
10
5.980673188976378
20
-3.8077126377952757
11
5.9825934251968507
21
-3.8105864566929135
0
LINE
8
BLACK
6
CONTINUOUS
10
5.9825934251968507
20
-3.8105864566929135
11
5.9832677165354333
21
-3.813976377952756
0
LINE
8
BLACK
6
CONTINUOUS
10
5.9832677165354333
20
-3.813976377952756
11
5.9832677165354333
21
-3.8316929133858268
0
LINE
8
BLACK
6
CONTINUOUS
10
5.9832677165354333
20
-3.8316929133858268
11
5.9825934251968507
21
-3.8350828346456693
0
LINE
8
BLACK
6
CONTINUOUS
10
5.9825934251968507
20
-3.8350828346456693
11
5.980673188976378
21
-3.8379566535433072
0
LINE
8
BLACK
6
CONTINUOUS
10
5.980673188976378
20
-3.8379566535433072
11
5.9777993700787402
21
-3.8398768897637794
0
LINE
8
BLACK
6
CONTINUOUS
10
5.9777993700787402
20
-3.8398768897637794
11
5.9744094488188972
21
-3.840551181102362
0
LINE
8
BLACK
6
CONTINUOUS
10
5.9744094488188972
20
-3.840551181102362
11
5.9744094488188972
21
-3.8981520078740157
0
LINE
8
BLACK
6
CONTINUOUS
10
5.9744094488188972
20
-3.8981520078740157
11
5.9751792125984249
21
-3.8994853149606299
0
LINE
8
BLACK
6
CONTINUOUS
10
5.9751792125984249
20
-3.8994853149606299
11
5.9762432283464566
21
-3.9034562992125985
0
LINE
8
BLACK
6
CONTINUOUS
10
5.9762432283464566
20
-3.9034562992125985
11
5.9762432283464566
21
-3.9075673228346455
0
LINE
8
BLACK
6
CONTINUOUS
10
5.9762432283464566
20
-3.9075673228346455
11
5.9751792125984249
21
-3.9115383070866141
0
LINE
8
BLACK
6
CONTINUOUS
10
5.9751792125984249
20
-3.9115383070866141
11
5.9744094488188972
21
-3.9128715748031495
0
LINE
8
BLACK
6
CONTINUOUS
10
5.9744094488188972
20
-3.9128715748031495
11
5.9744094488188972
21
-3.920275590551181
0
LINE
8
BLACK
6
CONTINUOUS
10
5.9744094488188972
20
-3.920275590551181
11
5.9768700787401574
21
-3.920275590551181
0
LINE
8
BLACK
6
CONTINUOUS
10
5.9768700787401574
20
-3.920275590551181
11
5.9778117322834641
21
-3.9204629133858266
0
LINE
8
BLACK
6
CONTINUOUS
10
5.9778117322834641
20
-3.9204629133858266
11
5.9786099999999998
21
-3.9209962992125984
0
LINE
8
BLACK
6
CONTINUOUS
10
5.9786099999999998
20
-3.9209962992125984
11
5.979143385826772
21
-3.9217945669291336
0
LINE
8
BLACK
6
CONTINUOUS
10
5.979143385826772
20
-3.9217945669291336
11
5.9793307086614176
21
-3.9227362204724407
0
LINE
8
BLACK
6
CONTINUOUS
10
5.9793307086614176
20
-3.9227362204724407
11
5.9793307086614176
21
-3.9276574803149606
0
LINE
8
BLACK
6
CONTINUOUS
10
5.9793307086614176
20
-3.9276574803149606
11
5.979143385826772
21
-3.9285991338582678
0
LINE
8
BLACK
6
CONTINUOUS
10
5.979143385826772
20
-3.9285991338582678
11
5.9786099999999998
21
-3.929397401574803
0
LINE
8
BLACK
6
CONTINUOUS
10
5.9786099999999998
20
-3.929397401574803
11
5.9778117322834641
21
-3.9299307874015748
0
LINE
8
BLACK
6
CONTINUOUS
10
5.9778117322834641
20
-3.9299307874015748
11
5.9768700787401574
21
-3.9301181102362204
0
LINE
8
BLACK
6
CONTINUOUS
10
5.9768700787401574
20
-3.9301181102362204
11
5.9493110236220472
21
-3.9301181102362204
0
LINE
8
BLACK
6
CONTINUOUS
10
5.9493110236220472
20
-3.9301181102362204
11
5.9483693700787397
21
-3.9299307874015748
0
LINE
8
BLACK
6
CONTINUOUS
10
5.9483693700787397
20
-3.9299307874015748
11
5.9475711023622049
21
-3.929397401574803
0
LINE
8
BLACK
6
CONTINUOUS
10
5.9475711023622049
20
-3.929397401574803
11
5.9470377165354327
21
-3.9285991338582678
0
LINE
8
BLACK
6
CONTINUOUS
10
5.9470377165354327
20
-3.9285991338582678
11
5.9468503937007871
21
-3.9276574803149606
0
LINE
8
BLACK
6
CONTINUOUS
10
5.9468503937007871
20
-3.9276574803149606
11
5.9468503937007871
21
-3.9227362204724407
0
LINE
8
BLACK
6
CONTINUOUS
10
5.9468503937007871
20
-3.9227362204724407
11
5.9470377165354327
21
-3.9217945669291336
0
LINE
8
BLACK
6
CONTINUOUS
10
5.9470377165354327
20
-3.9217945669291336
11
5.9475711023622049
21
-3.9209962992125984
0
LINE
8
BLACK
6
CONTINUOUS
10
5.9475711023622049
20
-3.9209962992125984
11
5.9483693700787397
21
-3.9204629133858266
0
LINE
8
BLACK
6
CONTINUOUS
10
5.9483693700787397
20
-3.9204629133858266
11
5.9493110236220472
21
-3.920275590551181
0
LINE
8
BLACK
6
CONTINUOUS
10
5.9493110236220472
20
-3.920275590551181
11
5.9554038976377948
21
-3.920275590551181
0
LINE
8
BLACK
6
CONTINUOUS
10
5.9554038976377948
20
-3.920275590551181
11
5.9546034251968498
21
-3.9200611023622045
0
LINE
8
BLACK
6
CONTINUOUS
10
5.9546034251968498
20
-3.9200611023622045
11
5.9510431102362205
21
-3.9180055511811021
0
LINE
8
BLACK
6
CONTINUOUS
10
5.9510431102362205
20
-3.9180055511811021
11
5.9481361811023623
21
-3.9150986220472439
0
LINE
8
BLACK
6
CONTINUOUS
10
5.9481361811023623
20
-3.9150986220472439
11
5.9460806299212594
21
-3.9115383070866141
0
LINE
8
BLACK
6
CONTINUOUS
10
5.9460806299212594
20
-3.9115383070866141
11
5.9450166141732286
21
-3.9075673228346455
0
LINE
8
BLACK
6
CONTINUOUS
10
5.9450166141732286
20
-3.9075673228346455
11
5.9450166141732286
21
-3.9034562992125985
0
LINE
8
BLACK
6
CONTINUOUS
10
5.9450166141732286
20
-3.9034562992125985
11
5.9460806299212594
21
-3.8994853149606299
0
LINE
8
BLACK
6
CONTINUOUS
10
5.9460806299212594
20
-3.8994853149606299
11
5.9481361811023623
21
-3.8959250000000001
0
LINE
8
BLACK
6
CONTINUOUS
10
5.9481361811023623
20
-3.8959250000000001
11
5.9510431102362205
21
-3.8930180708661415
0
LINE
8
BLACK
6
CONTINUOUS
10
5.9510431102362205
20
-3.8930180708661415
11
5.9546034251968498
21
-3.8909625196850395
0
LINE
8
BLACK
6
CONTINUOUS
10
5.9546034251968498
20
-3.8909625196850395
11
5.9585744094488184
21
-3.8898985039370078
0
LINE
8
BLACK
6
CONTINUOUS
10
5.9585744094488184
20
-3.8898985039370078
11
5.96259842519685
21
-3.8898985039370078
0
LINE
8
BLACK
6
CONTINUOUS
10
5.96259842519685
20
-3.8898985039370078
11
5.96259842519685
21
-3.840551181102362
0
LINE
8
BLACK
6
CONTINUOUS
10
5.96259842519685
20
-3.840551181102362
11
5.9547244094488185
21
-3.840551181102362
0
LINE
8
BLACK
6
CONTINUOUS
10
5.9547244094488185
20
-3.840551181102362
11
5.9513344881889765
21
-3.8398768897637794
0
LINE
8
BLACK
6
CONTINUOUS
10
5.9513344881889765
20
-3.8398768897637794
11
5.9484606692913387
21
-3.8379566535433072
0
LINE
8
BLACK
6
CONTINUOUS
10
5.9484606692913387
20
-3.8379566535433072
11
5.946540433070866
21
-3.8350828346456693
0
LINE
8
BLACK
6
CONTINUOUS
10
5.946540433070866
20
-3.8350828346456693
11
5.9458661417322833
21
-3.8316929133858268
0
LINE
8
BLACK
6
CONTINUOUS
10
5.9458661417322833
20
-3.8316929133858268
11
5.9458661417322833
21
-3.813976377952756
0
LINE
8
BLACK
6
CONTINUOUS
10
5.9458661417322833
20
-3.813976377952756
11
5.946540433070866
21
-3.8105864566929135
0
LINE
8
BLACK
6
CONTINUOUS
10
5.946540433070866
20
-3.8105864566929135
11
5.9484606692913387
21
-3.8077126377952757
0
LINE
8
BLACK
6
CONTINUOUS
10
5.9484606692913387
20
-3.8077126377952757
11
5.9513344881889765
21
-3.805792401574803
0
LINE
8
BLACK
6
CONTINUOUS
10
5.9513344881889765
20
-3.805792401574803
11
5.9547244094488185
21
-3.8051181102362204
0
LINE
8
BLACK
6
CONTINUOUS
10
5.9547244094488185
20
-3.8051181102362204
11
5.9744094488188972
21
-3.8051181102362204
0
LINE
8
BLACK
6
CONTINUOUS
10
5.9744094488188972
20
-3.8051181102362204
11
5.9777993700787402
21
-3.805792401574803
0
LINE
8
BLACK
6
CONTINUOUS
10
6.0117140551181105
20
-3.6119379527559055
11
6.0142685433070868
21
-3.613644842519685
0
LINE
8
BLACK
6
CONTINUOUS
10
6.0142685433070868
20
-3.613644842519685
11
6.0159754330708664
21
-3.6161993307086613
0
LINE
8
BLACK
6
CONTINUOUS
10
6.0159754330708664
20
-3.6161993307086613
11
6.0165748031496058
21
-3.6192125984251966
0
LINE
8
BLACK
6
CONTINUOUS
10
6.0165748031496058
20
-3.6192125984251966
11
6.0165748031496058
21
-3.6408661417322832
0
LINE
8
BLACK
6
CONTINUOUS
10
6.0165748031496058
20
-3.6408661417322832
11
6.0159754330708664
21
-3.6438794094488189
0
LINE
8
BLACK
6
CONTINUOUS
10
6.0159754330708664
20
-3.6438794094488189
11
6.0142685433070868
21
-3.6464338976377952
0
LINE
8
BLACK
6
CONTINUOUS
10
6.0142685433070868
20
-3.6464338976377952
11
6.0117140551181105
21
-3.6481407874015748
0
LINE
8
BLACK
6
CONTINUOUS
10
6.0117140551181105
20
-3.6481407874015748
11
6.0087007874015743
21
-3.6487401574803147
0
LINE
8
BLACK
6
CONTINUOUS
10
6.0087007874015743
20
-3.6487401574803147
11
6.0067322834645669
21
-3.6487401574803147
0
LINE
8
BLACK
6
CONTINUOUS
10
6.0067322834645669
20
-3.6487401574803147
11
6.0067322834645669
21
-3.6742125984251968
0
LINE
8
BLACK
6
CONTINUOUS
10
6.0067322834645669
20
-3.6742125984251968
11
6.0087007874015743
21
-3.6742125984251968
0
LINE
8
BLACK
6
CONTINUOUS
10
6.0087007874015743
20
-3.6742125984251968
11
6.0117140551181105
21
-3.6748119685039371
0
LINE
8
BLACK
6
CONTINUOUS
10
6.0117140551181105
20
-3.6748119685039371
11
6.0142685433070868
21
-3.6765188582677166
0
LINE
8
BLACK
6
CONTINUOUS
10
6.0142685433070868
20
-3.6765188582677166
11
6.0159754330708664
21
-3.6790733464566929
0
LINE
8
BLACK
6
CONTINUOUS
10
6.0159754330708664
20
-3.6790733464566929
11
6.0165748031496058
21
-3.6820866141732282
0
LINE
8
BLACK
6
CONTINUOUS
10
6.0165748031496058
20
-3.6820866141732282
11
6.0165748031496058
21
-3.7037401574803148
0
LINE
8
BLACK
6
CONTINUOUS
10
6.0165748031496058
20
-3.7037401574803148
11
6.0159754330708664
21
-3.7067534251968501
0
LINE
8
BLACK
6
CONTINUOUS
10
6.0159754330708664
20
-3.7067534251968501
11
6.0142685433070868
21
-3.7093079133858269
0
LINE
8
BLACK
6
CONTINUOUS
10
6.0142685433070868
20
-3.7093079133858269
11
6.0117140551181105
21
-3.7110148031496064
0
LINE
8
BLACK
6
CONTINUOUS
10
6.0117140551181105
20
-3.7110148031496064
11
6.0087007874015743
21
-3.7116141732283463
0
LINE
8
BLACK
6
CONTINUOUS
10
6.0087007874015743
20
-3.7116141732283463
11
6.0064437401574802
21
-3.7116141732283463
0
LINE
8
BLACK
6
CONTINUOUS
10
6.0064437401574802
20
-3.7116141732283463
11
6.0061785039370079
21
-3.7122544488188978
0
LINE
8
BLACK
6
CONTINUOUS
10
6.0061785039370079
20
-3.7122544488188978
11
6.0059055118110232
21
-3.7129135433070863
0
LINE
8
BLACK
6
CONTINUOUS
10
6.0059055118110232
20
-3.7129135433070863
11
6.0059055118110232
21
-3.8882874015748032
0
LINE
8
BLACK
6
CONTINUOUS
10
6.0059055118110232
20
-3.8882874015748032
11
6.0057920472440944
21
-3.889439527559055
0
LINE
8
BLACK
6
CONTINUOUS
10
6.0057920472440944
20
-3.889439527559055
11
6.0049212598425195
21
-3.8915417322834647
0
LINE
8
BLACK
6
CONTINUOUS
10
6.0049212598425195
20
-3.8915417322834647
11
6.0049212598425195
21
-3.9020669291338583
0
LINE
8
BLACK
6
CONTINUOUS
10
6.0049212598425195
20
-3.9020669291338583
11
6.0047339370078738
21
-3.9030085826771654
0
LINE
8
BLACK
6
CONTINUOUS
10
6.0047339370078738
20
-3.9030085826771654
11
6.0042005511811025
21
-3.9038068503937007
0
LINE
8
BLACK
6
CONTINUOUS
10
6.0042005511811025
20
-3.9038068503937007
11
6.0034022834645668
21
-3.9043402362204724
0
LINE
8
BLACK
6
CONTINUOUS
10
6.0034022834645668
20
-3.9043402362204724
11
6.0024606299212593
21
-3.9045275590551181
0
LINE
8
BLACK
6
CONTINUOUS
10
6.0024606299212593
20
-3.9045275590551181
11
5.9975393700787398
21
-3.9045275590551181
0
LINE
8
BLACK
6
CONTINUOUS
10
5.9975393700787398
20
-3.9045275590551181
11
5.9965977165354332
21
-3.9043402362204724
0
LINE
8
BLACK
6
CONTINUOUS
10
5.9965977165354332
20
-3.9043402362204724
11
5.9957994488188975
21
-3.9038068503937007
0
LINE
8
BLACK
6
CONTINUOUS
10
5.9957994488188975
20
-3.9038068503937007
11
5.9952660629921262
21
-3.9030085826771654
0
LINE
8
BLACK
6
CONTINUOUS
10
5.9952660629921262
20
-3.9030085826771654
11
5.9950787401574805
21
-3.9020669291338583
0
LINE
8
BLACK
6
CONTINUOUS
10
5.9950787401574805
20
-3.9020669291338583
11
5.9950787401574805
21
-3.8915417322834647
0
LINE
8
BLACK
6
CONTINUOUS
10
5.9950787401574805
20
-3.8915417322834647
11
5.9942079527559056
21
-3.889439527559055
0
LINE
8
BLACK
6
CONTINUOUS
10
5.9942079527559056
20
-3.889439527559055
11
5.9940944881889759
21
-3.8882874015748032
0
LINE
8
BLACK
6
CONTINUOUS
10
5.9940944881889759
20
-3.8882874015748032
11
5.9940944881889759
21
-3.7116141732283463
0
LINE
8
BLACK
6
CONTINUOUS
10
5.9940944881889759
20
-3.7116141732283463
11
5.9929527559055114
21
-3.7116141732283463
0
LINE
8
BLACK
6
CONTINUOUS
10
5.9929527559055114
20
-3.7116141732283463
11
5.989939488188976
21
-3.7110148031496064
0
LINE
8
BLACK
6
CONTINUOUS
10
5.989939488188976
20
-3.7110148031496064
11
5.9873849999999997
21
-3.7093079133858269
0
LINE
8
BLACK
6
CONTINUOUS
10
5.9873849999999997
20
-3.7093079133858269
11
5.9856781102362202
21
-3.7067534251968501
0
LINE
8
BLACK
6
CONTINUOUS
10
5.9856781102362202
20
-3.7067534251968501
11
5.9850787401574799
21
-3.7037401574803148
0
LINE
8
BLACK
6
CONTINUOUS
10
5.9850787401574799
20
-3.7037401574803148
11
5.9850787401574799
21
-3.6820866141732282
0
LINE
8
BLACK
6
CONTINUOUS
10
5.9850787401574799
20
-3.6820866141732282
11
5.9856781102362202
21
-3.6790733464566929
0
LINE
8
BLACK
6
CONTINUOUS
10
5.9856781102362202
20
-3.6790733464566929
11
5.9873849999999997
21
-3.6765188582677166
0
LINE
8
BLACK
6
CONTINUOUS
10
5.9873849999999997
20
-3.6765188582677166
11
5.989939488188976
21
-3.6748119685039371
0
LINE
8
BLACK
6
CONTINUOUS
10
5.989939488188976
20
-3.6748119685039371
11
5.9929527559055114
21
-3.6742125984251968
0
LINE
8
BLACK
6
CONTINUOUS
10
5.9929527559055114
20
-3.6742125984251968
11
5.9949212598425197
21
-3.6742125984251968
0
LINE
8
BLACK
6
CONTINUOUS
10
5.9949212598425197
20
-3.6742125984251968
11
5.9949212598425197
21
-3.6487401574803147
0
LINE
8
BLACK
6
CONTINUOUS
10
5.9949212598425197
20
-3.6487401574803147
11
5.9929527559055114
21
-3.6487401574803147
0
LINE
8
BLACK
6
CONTINUOUS
10
5.9929527559055114
20
-3.6487401574803147
11
5.989939488188976
21
-3.6481407874015748
0
LINE
8
BLACK
6
CONTINUOUS
10
5.989939488188976
20
-3.6481407874015748
11
5.9873849999999997
21
-3.6464338976377952
0
LINE
8
BLACK
6
CONTINUOUS
10
5.9873849999999997
20
-3.6464338976377952
11
5.9856781102362202
21
-3.6438794094488189
0
LINE
8
BLACK
6
CONTINUOUS
10
5.9856781102362202
20
-3.6438794094488189
11
5.9850787401574799
21
-3.6408661417322832
0
LINE
8
BLACK
6
CONTINUOUS
10
5.9850787401574799
20
-3.6408661417322832
11
5.9850787401574799
21
-3.6192125984251966
0
LINE
8
BLACK
6
CONTINUOUS
10
5.9850787401574799
20
-3.6192125984251966
11
5.9856781102362202
21
-3.6161993307086613
0
LINE
8
BLACK
6
CONTINUOUS
10
5.9856781102362202
20
-3.6161993307086613
11
5.9873849999999997
21
-3.613644842519685
0
LINE
8
BLACK
6
CONTINUOUS
10
5.9873849999999997
20
-3.613644842519685
11
5.989939488188976
21
-3.6119379527559055
0
LINE
8
BLACK
6
CONTINUOUS
10
5.989939488188976
20
-3.6119379527559055
11
5.9929527559055114
21
-3.6113385826771651
0
LINE
8
BLACK
6
CONTINUOUS
10
5.9929527559055114
20
-3.6113385826771651
11
6.0087007874015743
21
-3.6113385826771651
0
LINE
8
BLACK
6
CONTINUOUS
10
6.0087007874015743
20
-3.6113385826771651
11
6.0117140551181105
21
-3.6119379527559055
0
LINE
8
BLACK
6
CONTINUOUS
10
5.548581181102362
20
-3.4294744488188975
11
5.5513751968503939
21
-3.4313413385826772
0
LINE
8
BLACK
6
CONTINUOUS
10
5.5513751968503939
20
-3.4313413385826772
11
5.5532420866141727
21
-3.4341353543307087
0
LINE
8
BLACK
6
CONTINUOUS
10
5.5532420866141727
20
-3.4341353543307087
11
5.5538487007874018
21
-3.4371850393700787
0
LINE
8
BLACK
6
CONTINUOUS
10
5.5538487007874018
20
-3.4371850393700787
11
5.634655236220472
21
-3.4371850393700787
0
LINE
8
BLACK
6
CONTINUOUS
10
5.634655236220472
20
-3.4371850393700787
11
5.6352618503937011
21
-3.4341353543307087
0
LINE
8
BLACK
6
CONTINUOUS
10
5.6352618503937011
20
-3.4341353543307087
11
5.6371287401574799
21
-3.4313413385826772
0
LINE
8
BLACK
6
CONTINUOUS
10
5.6371287401574799
20
-3.4313413385826772
11
5.6399227559055118
21
-3.4294744488188975
0
LINE
8
BLACK
6
CONTINUOUS
10
5.6399227559055118
20
-3.4294744488188975
11
5.6432185039370077
21
-3.4288188976377953
0
LINE
8
BLACK
6
CONTINUOUS
10
5.6432185039370077
20
-3.4288188976377953
11
5.6633956692913383
21
-3.4288188976377953
0
LINE
8
BLACK
6
CONTINUOUS
10
5.6633956692913383
20
-3.4288188976377953
11
5.6666914173228342
21
-3.4294744488188975
0
LINE
8
BLACK
6
CONTINUOUS
10
5.6666914173228342
20
-3.4294744488188975
11
5.6694854330708662
21
-3.4313413385826772
0
LINE
8
BLACK
6
CONTINUOUS
10
5.6694854330708662
20
-3.4313413385826772
11
5.6713523228346459
21
-3.4341353543307087
0
LINE
8
BLACK
6
CONTINUOUS
10
5.6713523228346459
20
-3.4341353543307087
11
5.671958937007874
21
-3.4371850393700787
0
LINE
8
BLACK
6
CONTINUOUS
10
5.671958937007874
20
-3.4371850393700787
11
5.7683267716535429
21
-3.4371850393700787
0
LINE
8
BLACK
6
CONTINUOUS
10
5.7683267716535429
20
-3.4371850393700787
11
5.7698629133858264
21
-3.4373363385826772
0
LINE
8
BLACK
6
CONTINUOUS
10
5.7698629133858264
20
-3.4373363385826772
11
5.7727013385826771
21
-3.4385120472440942
0
LINE
8
BLACK
6
CONTINUOUS
10
5.7727013385826771
20
-3.4385120472440942
11
5.7738945275590554
21
-3.4394912992125986
0
LINE
8
BLACK
6
CONTINUOUS
10
5.7738945275590554
20
-3.4394912992125986
11
5.85771031496063
21
-3.5233070866141731
0
LINE
8
BLACK
6
CONTINUOUS
10
5.85771031496063
20
-3.5233070866141731
11
6.0605314960629917
21
-3.5233070866141731
0
LINE
8
BLACK
6
CONTINUOUS
10
6.0605314960629917
20
-3.5233070866141731
11
6.0605314960629917
21
-3.5056594488188977
0
LINE
8
BLACK
6
CONTINUOUS
10
6.0605314960629917
20
-3.5056594488188977
11
6.0612619685039366
21
-3.5019870472440946
0
LINE
8
BLACK
6
CONTINUOUS
10
6.0612619685039366
20
-3.5019870472440946
11
6.0633422440944882
21
-3.4988737401574803
0
LINE
8
BLACK
6
CONTINUOUS
10
6.0633422440944882
20
-3.4988737401574803
11
6.066455551181102
21
-3.4967934645669292
0
LINE
8
BLACK
6
CONTINUOUS
10
6.066455551181102
20
-3.4967934645669292
11
6.0701279527559056
21
-3.4960629921259843
0
LINE
8
BLACK
6
CONTINUOUS
10
6.0701279527559056
20
-3.4960629921259843
11
6.0893208661417324
21
-3.4960629921259843
0
LINE
8
BLACK
6
CONTINUOUS
10
6.0893208661417324
20
-3.4960629921259843
11
6.092993267716535
21
-3.4967934645669292
0
LINE
8
BLACK
6
CONTINUOUS
10
6.092993267716535
20
-3.4967934645669292
11
6.0961065748031498
21
-3.4988737401574803
0
LINE
8
BLACK
6
CONTINUOUS
10
6.0961065748031498
20
-3.4988737401574803
11
6.0981868503937005
21
-3.5019870472440946
0
LINE
8
BLACK
6
CONTINUOUS
10
6.0981868503937005
20
-3.5019870472440946
11
6.0989173228346454
21
-3.5056594488188977
0
LINE
8
BLACK
6
CONTINUOUS
10
6.0989173228346454
20
-3.5056594488188977
11
6.0989173228346454
21
-3.5415846456692912
0
LINE
8
BLACK
6
CONTINUOUS
10
6.0989173228346454
20
-3.5415846456692912
11
6.0981868503937005
21
-3.5452570472440943
0
LINE
8
BLACK
6
CONTINUOUS
10
6.0981868503937005
20
-3.5452570472440943
11
6.0961065748031498
21
-3.5483703543307086
0
LINE
8
BLACK
6
CONTINUOUS
10
6.0961065748031498
20
-3.5483703543307086
11
6.092993267716535
21
-3.5504506299212597
0
LINE
8
BLACK
6
CONTINUOUS
10
6.092993267716535
20
-3.5504506299212597
11
6.0893208661417324
21
-3.5511811023622046
0
LINE
8
BLACK
6
CONTINUOUS
10
6.0893208661417324
20
-3.5511811023622046
11
6.0866141732283463
21
-3.5511811023622046
0
LINE
8
BLACK
6
CONTINUOUS
10
6.0866141732283463
20
-3.5511811023622046
11
6.0866141732283463
21
-3.7775590551181102
0
LINE
8
BLACK
6
CONTINUOUS
10
6.0866141732283463
20
-3.7775590551181102
11
6.0864628740157478
21
-3.7790951968503936
0
LINE
8
BLACK
6
CONTINUOUS
10
6.0864628740157478
20
-3.7790951968503936
11
6.0852871653543303
21
-3.7819336220472439
0
LINE
8
BLACK
6
CONTINUOUS
10
6.0852871653543303
20
-3.7819336220472439
11
6.0843079527559052
21
-3.7831268110236218
0
LINE
8
BLACK
6
CONTINUOUS
10
6.0843079527559052
20
-3.7831268110236218
11
6.0540217716535434
21
-3.8134129133858266
0
LINE
8
BLACK
6
CONTINUOUS
10
6.0540217716535434
20
-3.8134129133858266
11
6.0541338582677167
21
-3.813976377952756
0
LINE
8
BLACK
6
CONTINUOUS
10
6.0541338582677167
20
-3.813976377952756
11
6.0541338582677167
21
-3.8316929133858268
0
LINE
8
BLACK
6
CONTINUOUS
10
6.0541338582677167
20
-3.8316929133858268
11
6.053459566929134
21
-3.8350828346456693
0
LINE
8
BLACK
6
CONTINUOUS
10
6.053459566929134
20
-3.8350828346456693
11
6.0515393307086613
21
-3.8379566535433072
0
LINE
8
BLACK
6
CONTINUOUS
10
6.0515393307086613
20
-3.8379566535433072
11
6.0486655118110235
21
-3.8398768897637794
0
LINE
8
BLACK
6
CONTINUOUS
10
6.0486655118110235
20
-3.8398768897637794
11
6.0452755905511806
21
-3.840551181102362
0
LINE
8
BLACK
6
CONTINUOUS
10
6.0452755905511806
20
-3.840551181102362
11
6.0255905511811019
21
-3.840551181102362
0
LINE
8
BLACK
6
CONTINUOUS
10
6.0255905511811019
20
-3.840551181102362
11
6.0255905511811019
21
-3.8882874015748032
0
LINE
8
BLACK
6
CONTINUOUS
10
6.0255905511811019
20
-3.8882874015748032
11
6.0254770866141731
21
-3.889439527559055
0
LINE
8
BLACK
6
CONTINUOUS
10
6.0254770866141731
20
-3.889439527559055
11
6.0246062992125982
21
-3.8915417322834647
0
LINE
8
BLACK
6
CONTINUOUS
10
6.0246062992125982
20
-3.8915417322834647
11
6.0246062992125982
21
-3.9020669291338583
0
LINE
8
BLACK
6
CONTINUOUS
10
6.0246062992125982
20
-3.9020669291338583
11
6.0244189763779525
21
-3.9030085826771654
0
LINE
8
BLACK
6
CONTINUOUS
10
6.0244189763779525
20
-3.9030085826771654
11
6.0238855905511812
21
-3.9038068503937007
0
LINE
8
BLACK
6
CONTINUOUS
10
6.0238855905511812
20
-3.9038068503937007
11
6.0230873228346455
21
-3.9043402362204724
0
LINE
8
BLACK
6
CONTINUOUS
10
6.0230873228346455
20
-3.9043402362204724
11
6.0221456692913389
21
-3.9045275590551181
0
LINE
8
BLACK
6
CONTINUOUS
10
6.0221456692913389
20
-3.9045275590551181
11
6.0172244094488185
21
-3.9045275590551181
0
LINE
8
BLACK
6
CONTINUOUS
10
6.0172244094488185
20
-3.9045275590551181
11
6.0162827559055119
21
-3.9043402362204724
0
LINE
8
BLACK
6
CONTINUOUS
10
6.0162827559055119
20
-3.9043402362204724
11
6.0154844881889762
21
-3.9038068503937007
0
LINE
8
BLACK
6
CONTINUOUS
10
6.0154844881889762
20
-3.9038068503937007
11
6.0149511023622049
21
-3.9030085826771654
0
LINE
8
BLACK
6
CONTINUOUS
10
6.0149511023622049
20
-3.9030085826771654
11
6.0147637795275593
21
-3.9020669291338583
0
LINE
8
BLACK
6
CONTINUOUS
10
6.0147637795275593
20
-3.9020669291338583
11
6.0147637795275593
21
-3.8915417322834647
0
LINE
8
BLACK
6
CONTINUOUS
10
6.0147637795275593
20
-3.8915417322834647
11
6.0138929921259843
21
-3.889439527559055
0
LINE
8
BLACK
6
CONTINUOUS
10
6.0138929921259843
20
-3.889439527559055
11
6.0137795275590546
21
-3.8882874015748032
0
LINE
8
BLACK
6
CONTINUOUS
10
6.0137795275590546
20
-3.8882874015748032
11
6.0137795275590546
21
-3.8366141732283463
0
LINE
8
BLACK
6
CONTINUOUS
10
6.0137795275590546
20
-3.8366141732283463
11
6.0138929921259843
21
-3.8354620472440946
0
LINE
8
BLACK
6
CONTINUOUS
10
6.0138929921259843
20
-3.8354620472440946
11
6.0146342913385826
21
-3.8336724409448819
0
LINE
8
BLACK
6
CONTINUOUS
10
6.0146342913385826
20
-3.8336724409448819
11
6.0147747637795277
21
-3.8333332677165353
0
LINE
8
BLACK
6
CONTINUOUS
10
6.0147747637795277
20
-3.8333332677165353
11
6.0155092125984249
21
-3.8324383464566929
0
LINE
8
BLACK
6
CONTINUOUS
10
6.0155092125984249
20
-3.8324383464566929
11
6.0167322834645667
21
-3.8312152755905511
0
LINE
8
BLACK
6
CONTINUOUS
10
6.0167322834645667
20
-3.8312152755905511
11
6.0167322834645667
21
-3.813976377952756
0
LINE
8
BLACK
6
CONTINUOUS
10
6.0167322834645667
20
-3.813976377952756
11
6.0174065748031493
21
-3.8105864566929135
0
LINE
8
BLACK
6
CONTINUOUS
10
6.0174065748031493
20
-3.8105864566929135
11
6.019326811023622
21
-3.8077126377952757
0
LINE
8
BLACK
6
CONTINUOUS
10
6.019326811023622
20
-3.8077126377952757
11
6.0222006299212598
21
-3.805792401574803
0
LINE
8
BLACK
6
CONTINUOUS
10
6.0222006299212598
20
-3.805792401574803
11
6.0255905511811019
21
-3.8051181102362204
0
LINE
8
BLACK
6
CONTINUOUS
10
6.0255905511811019
20
-3.8051181102362204
11
6.0400455905511814
21
-3.8051181102362204
0
LINE
8
BLACK
6
CONTINUOUS
10
6.0400455905511814
20
-3.8051181102362204
11
6.0708661417322833
21
-3.7742975196850392
0
LINE
8
BLACK
6
CONTINUOUS
10
6.0708661417322833
20
-3.7742975196850392
11
6.0708661417322833
21
-3.5511811023622046
0
LINE
8
BLACK
6
CONTINUOUS
10
6.0708661417322833
20
-3.5511811023622046
11
6.0701279527559056
21
-3.5511811023622046
0
LINE
8
BLACK
6
CONTINUOUS
10
6.0701279527559056
20
-3.5511811023622046
11
6.066455551181102
21
-3.5504506299212597
0
LINE
8
BLACK
6
CONTINUOUS
10
6.066455551181102
20
-3.5504506299212597
11
6.0633422440944882
21
-3.5483703543307086
0
LINE
8
BLACK
6
CONTINUOUS
10
6.0633422440944882
20
-3.5483703543307086
11
6.0612619685039366
21
-3.5452570472440943
0
LINE
8
BLACK
6
CONTINUOUS
10
6.0612619685039366
20
-3.5452570472440943
11
6.0605314960629917
21
-3.5415846456692912
0
LINE
8
BLACK
6
CONTINUOUS
10
6.0605314960629917
20
-3.5415846456692912
11
6.0605314960629917
21
-3.5390551181102361
0
LINE
8
BLACK
6
CONTINUOUS
10
6.0605314960629917
20
-3.5390551181102361
11
5.8544488188976374
21
-3.5390551181102361
0
LINE
8
BLACK
6
CONTINUOUS
10
5.8544488188976374
20
-3.5390551181102361
11
5.8529126771653539
21
-3.5389038188976376
0
LINE
8
BLACK
6
CONTINUOUS
10
5.8529126771653539
20
-3.5389038188976376
11
5.8500742519685041
21
-3.5377281102362206
0
LINE
8
BLACK
6
CONTINUOUS
10
5.8500742519685041
20
-3.5377281102362206
11
5.8488810629921257
21
-3.5367488582677162
0
LINE
8
BLACK
6
CONTINUOUS
10
5.8488810629921257
20
-3.5367488582677162
11
5.7650652755905512
21
-3.4529330708661417
0
LINE
8
BLACK
6
CONTINUOUS
10
5.7650652755905512
20
-3.4529330708661417
11
5.6720078740157476
21
-3.4529330708661417
0
LINE
8
BLACK
6
CONTINUOUS
10
5.6720078740157476
20
-3.4529330708661417
11
5.6720078740157476
21
-3.4546555118110236
0
LINE
8
BLACK
6
CONTINUOUS
10
5.6720078740157476
20
-3.4546555118110236
11
5.6713523228346459
21
-3.4579512598425195
0
LINE
8
BLACK
6
CONTINUOUS
10
5.6713523228346459
20
-3.4579512598425195
11
5.6694854330708662
21
-3.460745275590551
0
LINE
8
BLACK
6
CONTINUOUS
10
5.6694854330708662
20
-3.460745275590551
11
5.6666914173228342
21
-3.4626121653543307
0
LINE
8
BLACK
6
CONTINUOUS
10
5.6666914173228342
20
-3.4626121653543307
11
5.6633956692913383
21
-3.4632677165354329
0
LINE
8
BLACK
6
CONTINUOUS
10
5.6633956692913383
20
-3.4632677165354329
11
5.6432185039370077
21
-3.4632677165354329
0
LINE
8
BLACK
6
CONTINUOUS
10
5.6432185039370077
20
-3.4632677165354329
11
5.6399227559055118
21
-3.4626121653543307
0
LINE
8
BLACK
6
CONTINUOUS
10
5.6399227559055118
20
-3.4626121653543307
11
5.6371287401574799
21
-3.460745275590551
0
LINE
8
BLACK
6
CONTINUOUS
10
5.6371287401574799
20
-3.460745275590551
11
5.6352618503937011
21
-3.4579512598425195
0
LINE
8
BLACK
6
CONTINUOUS
10
5.6352618503937011
20
-3.4579512598425195
11
5.6346062992125985
21
-3.4546555118110236
0
LINE
8
BLACK
6
CONTINUOUS
10
5.6346062992125985
20
-3.4546555118110236
11
5.6346062992125985
21
-3.4529330708661417
0
LINE
8
BLACK
6
CONTINUOUS
10
5.6346062992125985
20
-3.4529330708661417
11
5.5538976377952753
21
-3.4529330708661417
0
LINE
8
BLACK
6
CONTINUOUS
10
5.5538976377952753
20
-3.4529330708661417
11
5.5538976377952753
21
-3.4546555118110236
0
LINE
8
BLACK
6
CONTINUOUS
10
5.5538976377952753
20
-3.4546555118110236
11
5.5532420866141727
21
-3.4579512598425195
0
LINE
8
BLACK
6
CONTINUOUS
10
5.5532420866141727
20
-3.4579512598425195
11
5.5513751968503939
21
-3.460745275590551
0
LINE
8
BLACK
6
CONTINUOUS
10
5.5513751968503939
20
-3.460745275590551
11
5.548581181102362
21
-3.4626121653543307
0
LINE
8
BLACK
6
CONTINUOUS
10
5.548581181102362
20
-3.4626121653543307
11
5.5452854330708661
21
-3.4632677165354329
0
LINE
8
BLACK
6
CONTINUOUS
10
5.5452854330708661
20
-3.4632677165354329
11
5.5251082677165355
21
-3.4632677165354329
0
LINE
8
BLACK
6
CONTINUOUS
10
5.5251082677165355
20
-3.4632677165354329
11
5.5218125196850396
21
-3.4626121653543307
0
LINE
8
BLACK
6
CONTINUOUS
10
5.5218125196850396
20
-3.4626121653543307
11
5.5190185039370077
21
-3.460745275590551
0
LINE
8
BLACK
6
CONTINUOUS
10
5.5190185039370077
20
-3.460745275590551
11
5.5189414173228348
21
-3.4606299212598426
0
LINE
8
BLACK
6
CONTINUOUS
10
5.5189414173228348
20
-3.4606299212598426
11
5.5095456299212593
21
-3.4606299212598426
0
LINE
8
BLACK
6
CONTINUOUS
10
5.5095456299212593
20
-3.4606299212598426
11
5.5085567322834645
21
-3.4623427165354328
0
LINE
8
BLACK
6
CONTINUOUS
10
5.5085567322834645
20
-3.4623427165354328
11
5.5056498031496064
21
-3.4652496456692914
0
LINE
8
BLACK
6
CONTINUOUS
10
5.5056498031496064
20
-3.4652496456692914
11
5.5020894881889761
21
-3.4673051968503934
0
LINE
8
BLACK
6
CONTINUOUS
10
5.5020894881889761
20
-3.4673051968503934
11
5.4981185039370075
21
-3.4683692125984251
0
LINE
8
BLACK
6
CONTINUOUS
10
5.4981185039370075
20
-3.4683692125984251
11
5.4940074803149601
21
-3.4683692125984251
0
LINE
8
BLACK
6
CONTINUOUS
10
5.4940074803149601
20
-3.4683692125984251
11
5.4900364960629924
21
-3.4673051968503934
0
LINE
8
BLACK
6
CONTINUOUS
10
5.4900364960629924
20
-3.4673051968503934
11
5.4864761811023621
21
-3.4652496456692914
0
LINE
8
BLACK
6
CONTINUOUS
10
5.4864761811023621
20
-3.4652496456692914
11
5.483569251968504
21
-3.4623427165354328
0
LINE
8
BLACK
6
CONTINUOUS
10
5.483569251968504
20
-3.4623427165354328
11
5.4815137007874011
21
-3.458782401574803
0
LINE
8
BLACK
6
CONTINUOUS
10
5.4815137007874011
20
-3.458782401574803
11
5.4804496850393702
21
-3.4548114173228344
0
LINE
8
BLACK
6
CONTINUOUS
10
5.4804496850393702
20
-3.4548114173228344
11
5.4804496850393702
21
-3.4507003937007874
0
LINE
8
BLACK
6
CONTINUOUS
10
5.4804496850393702
20
-3.4507003937007874
11
5.4815137007874011
21
-3.4467294094488188
0
LINE
8
BLACK
6
CONTINUOUS
10
5.4815137007874011
20
-3.4467294094488188
11
5.483569251968504
21
-3.443169094488189
0
LINE
8
BLACK
6
CONTINUOUS
10
5.483569251968504
20
-3.443169094488189
11
5.4864761811023621
21
-3.4402621653543308
0
LINE
8
BLACK
6
CONTINUOUS
10
5.4864761811023621
20
-3.4402621653543308
11
5.4900364960629924
21
-3.4382066141732284
0
LINE
8
BLACK
6
CONTINUOUS
10
5.4900364960629924
20
-3.4382066141732284
11
5.4940074803149601
21
-3.4371425984251966
0
LINE
8
BLACK
6
CONTINUOUS
10
5.4940074803149601
20
-3.4371425984251966
11
5.4981185039370075
21
-3.4371425984251966
0
LINE
8
BLACK
6
CONTINUOUS
10
5.4981185039370075
20
-3.4371425984251966
11
5.5020894881889761
21
-3.4382066141732284
0
LINE
8
BLACK
6
CONTINUOUS
10
5.5020894881889761
20
-3.4382066141732284
11
5.5056498031496064
21
-3.4402621653543308
0
LINE
8
BLACK
6
CONTINUOUS
10
5.5056498031496064
20
-3.4402621653543308
11
5.5085567322834645
21
-3.443169094488189
0
LINE
8
BLACK
6
CONTINUOUS
10
5.5085567322834645
20
-3.443169094488189
11
5.5095456299212593
21
-3.4448818897637796
0
LINE
8
BLACK
6
CONTINUOUS
10
5.5095456299212593
20
-3.4448818897637796
11
5.5164960629921262
21
-3.4448818897637796
0
LINE
8
BLACK
6
CONTINUOUS
10
5.5164960629921262
20
-3.4448818897637796
11
5.5164960629921262
21
-3.4374311023622046
0
LINE
8
BLACK
6
CONTINUOUS
10
5.5164960629921262
20
-3.4374311023622046
11
5.517151614173228
21
-3.4341353543307087
0
LINE
8
BLACK
6
CONTINUOUS
10
5.517151614173228
20
-3.4341353543307087
11
5.5190185039370077
21
-3.4313413385826772
0
LINE
8
BLACK
6
CONTINUOUS
10
5.5190185039370077
20
-3.4313413385826772
11
5.5218125196850396
21
-3.4294744488188975
0
LINE
8
BLACK
6
CONTINUOUS
10
5.5218125196850396
20
-3.4294744488188975
11
5.5251082677165355
21
-3.4288188976377953
0
LINE
8
BLACK
6
CONTINUOUS
10
5.5251082677165355
20
-3.4288188976377953
11
5.5452854330708661
21
-3.4288188976377953
0
LINE
8
BLACK
6
CONTINUOUS
10
5.5452854330708661
20
-3.4288188976377953
11
5.548581181102362
21
-3.4294744488188975
0
LINE
8
BLACK
6
CONTINUOUS
10
6.0821424409448817
20
-4.0247936220472438
11
6.0829407086614173
21
-4.025327007874016
0
LINE
8
BLACK
6
CONTINUOUS
10
6.0829407086614173
20
-4.025327007874016
11
6.0834740944881887
21
-4.0261252755905508
0
LINE
8
BLACK
6
CONTINUOUS
10
6.0834740944881887
20
-4.0261252755905508
11
6.0836614173228343
21
-4.0270669291338583
0
LINE
8
BLACK
6
CONTINUOUS
10
6.0836614173228343
20
-4.0270669291338583
11
6.0836614173228343
21
-4.0375920866141728
0
LINE
8
BLACK
6
CONTINUOUS
10
6.0836614173228343
20
-4.0375920866141728
11
6.0845322047244093
21
-4.0396943307086612
0
LINE
8
BLACK
6
CONTINUOUS
10
6.0845322047244093
20
-4.0396943307086612
11
6.0846456692913389
21
-4.040846456692913
0
LINE
8
BLACK
6
CONTINUOUS
10
6.0846456692913389
20
-4.040846456692913
11
6.0846456692913389
21
-4.1210629921259843
0
LINE
8
BLACK
6
CONTINUOUS
10
6.0846456692913389
20
-4.1210629921259843
11
6.0845322047244093
21
-4.122215118110236
0
LINE
8
BLACK
6
CONTINUOUS
10
6.0845322047244093
20
-4.122215118110236
11
6.0840541338582677
21
-4.1233692519685041
0
LINE
8
BLACK
6
CONTINUOUS
10
6.0840541338582677
20
-4.1233692519685041
11
6.0836504330708658
21
-4.1243439370078736
0
LINE
8
BLACK
6
CONTINUOUS
10
6.0836504330708658
20
-4.1243439370078736
11
6.0829159842519687
21
-4.1252388188976381
0
LINE
8
BLACK
6
CONTINUOUS
10
6.0829159842519687
20
-4.1252388188976381
11
6.0694712204724404
21
-4.1386835433070868
0
LINE
8
BLACK
6
CONTINUOUS
10
6.0694712204724404
20
-4.1386835433070868
11
6.0698818897637796
21
-4.140748031496063
0
LINE
8
BLACK
6
CONTINUOUS
10
6.0698818897637796
20
-4.140748031496063
11
6.0698818897637796
21
-4.1564960629921259
0
LINE
8
BLACK
6
CONTINUOUS
10
6.0698818897637796
20
-4.1564960629921259
11
6.0692825196850393
21
-4.1595093307086612
0
LINE
8
BLACK
6
CONTINUOUS
10
6.0692825196850393
20
-4.1595093307086612
11
6.0675756299212598
21
-4.1620638188976375
0
LINE
8
BLACK
6
CONTINUOUS
10
6.0675756299212598
20
-4.1620638188976375
11
6.0650211417322835
21
-4.1637707086614171
0
LINE
8
BLACK
6
CONTINUOUS
10
6.0650211417322835
20
-4.1637707086614171
11
6.0620078740157481
21
-4.1643700787401574
0
LINE
8
BLACK
6
CONTINUOUS
10
6.0620078740157481
20
-4.1643700787401574
11
6.0403543307086611
21
-4.1643700787401574
0
LINE
8
BLACK
6
CONTINUOUS
10
6.0403543307086611
20
-4.1643700787401574
11
6.0373410629921258
21
-4.1637707086614171
0
LINE
8
BLACK
6
CONTINUOUS
10
6.0373410629921258
20
-4.1637707086614171
11
6.0347865748031495
21
-4.1620638188976375
0
LINE
8
BLACK
6
CONTINUOUS
10
6.0347865748031495
20
-4.1620638188976375
11
6.03307968503937
21
-4.1595093307086612
0
LINE
8
BLACK
6
CONTINUOUS
10
6.03307968503937
20
-4.1595093307086612
11
6.0324803149606296
21
-4.1564960629921259
0
LINE
8
BLACK
6
CONTINUOUS
10
6.0324803149606296
20
-4.1564960629921259
11
6.0324803149606296
21
-4.140748031496063
0
LINE
8
BLACK
6
CONTINUOUS
10
6.0324803149606296
20
-4.140748031496063
11
6.03307968503937
21
-4.1377347637795276
0
LINE
8
BLACK
6
CONTINUOUS
10
6.03307968503937
20
-4.1377347637795276
11
6.0347865748031495
21
-4.1351802755905513
0
LINE
8
BLACK
6
CONTINUOUS
10
6.0347865748031495
20
-4.1351802755905513
11
6.0373410629921258
21
-4.1334733858267718
0
LINE
8
BLACK
6
CONTINUOUS
10
6.0373410629921258
20
-4.1334733858267718
11
6.0403543307086611
21
-4.1328740157480315
0
LINE
8
BLACK
6
CONTINUOUS
10
6.0403543307086611
20
-4.1328740157480315
11
6.0585774803149608
21
-4.1328740157480315
0
LINE
8
BLACK
6
CONTINUOUS
10
6.0585774803149608
20
-4.1328740157480315
11
6.0728346456692908
21
-4.1186168503937006
0
LINE
8
BLACK
6
CONTINUOUS
10
6.0728346456692908
20
-4.1186168503937006
11
6.0728346456692908
21
-4.040846456692913
0
LINE
8
BLACK
6
CONTINUOUS
10
6.0728346456692908
20
-4.040846456692913
11
6.0729481102362204
21
-4.0396943307086612
0
LINE
8
BLACK
6
CONTINUOUS
10
6.0729481102362204
20
-4.0396943307086612
11
6.0738188976377954
21
-4.0375920866141728
0
LINE
8
BLACK
6
CONTINUOUS
10
6.0738188976377954
20
-4.0375920866141728
11
6.0738188976377954
21
-4.0270669291338583
0
LINE
8
BLACK
6
CONTINUOUS
10
6.0738188976377954
20
-4.0270669291338583
11
6.074006220472441
21
-4.0261252755905508
0
LINE
8
BLACK
6
CONTINUOUS
10
6.074006220472441
20
-4.0261252755905508
11
6.0745396062992123
21
-4.025327007874016
0
LINE
8
BLACK
6
CONTINUOUS
10
6.0745396062992123
20
-4.025327007874016
11
6.075337874015748
21
-4.0247936220472438
0
LINE
8
BLACK
6
CONTINUOUS
10
6.075337874015748
20
-4.0247936220472438
11
6.0762795275590546
21
-4.0246062992125982
0
LINE
8
BLACK
6
CONTINUOUS
10
6.0762795275590546
20
-4.0246062992125982
11
6.081200787401575
21
-4.0246062992125982
0
LINE
8
BLACK
6
CONTINUOUS
10
6.081200787401575
20
-4.0246062992125982
11
6.0821424409448817
21
-4.0247936220472438
0
LINE
8
BLACK
6
CONTINUOUS
10
6.1303707874015743
20
-3.9992030708661415
11
6.1311690551181099
21
-3.9997364566929132
0
LINE
8
BLACK
6
CONTINUOUS
10
6.1311690551181099
20
-3.9997364566929132
11
6.1317024409448821
21
-4.0005347244094489
0
LINE
8
BLACK
6
CONTINUOUS
10
6.1317024409448821
20
-4.0005347244094489
11
6.1318897637795278
21
-4.0014763779527556
0
LINE
8
BLACK
6
CONTINUOUS
10
6.1318897637795278
20
-4.0014763779527556
11
6.1318897637795278
21
-4.0063976377952759
0
LINE
8
BLACK
6
CONTINUOUS
10
6.1318897637795278
20
-4.0063976377952759
11
6.1317024409448821
21
-4.0073392913385826
0
LINE
8
BLACK
6
CONTINUOUS
10
6.1317024409448821
20
-4.0073392913385826
11
6.1311690551181099
21
-4.0081375590551183
0
LINE
8
BLACK
6
CONTINUOUS
10
6.1311690551181099
20
-4.0081375590551183
11
6.1303707874015743
21
-4.0086709448818896
0
LINE
8
BLACK
6
CONTINUOUS
10
6.1303707874015743
20
-4.0086709448818896
11
6.1294291338582676
21
-4.0088582677165352
0
LINE
8
BLACK
6
CONTINUOUS
10
6.1294291338582676
20
-4.0088582677165352
11
6.1122047244094491
21
-4.0088582677165352
0
LINE
8
BLACK
6
CONTINUOUS
10
6.1122047244094491
20
-4.0088582677165352
11
6.1122047244094491
21
-4.0321401968503938
0
LINE
8
BLACK
6
CONTINUOUS
10
6.1122047244094491
20
-4.0321401968503938
11
6.1142745275590551
21
-4.0326948031496066
0
LINE
8
BLACK
6
CONTINUOUS
10
6.1142745275590551
20
-4.0326948031496066
11
6.1178348425196845
21
-4.0347503543307086
0
LINE
8
BLACK
6
CONTINUOUS
10
6.1178348425196845
20
-4.0347503543307086
11
6.1207417716535435
21
-4.0376572834645668
0
LINE
8
BLACK
6
CONTINUOUS
10
6.1207417716535435
20
-4.0376572834645668
11
6.1227973228346455
21
-4.041217598425197
0
LINE
8
BLACK
6
CONTINUOUS
10
6.1227973228346455
20
-4.041217598425197
11
6.1238613385826772
21
-4.0451885826771656
0
LINE
8
BLACK
6
CONTINUOUS
10
6.1238613385826772
20
-4.0451885826771656
11
6.1238613385826772
21
-4.0492996062992122
0
LINE
8
BLACK
6
CONTINUOUS
10
6.1238613385826772
20
-4.0492996062992122
11
6.1227973228346455
21
-4.0532705905511808
0
LINE
8
BLACK
6
CONTINUOUS
10
6.1227973228346455
20
-4.0532705905511808
11
6.1207417716535435
21
-4.056830905511811
0
LINE
8
BLACK
6
CONTINUOUS
10
6.1207417716535435
20
-4.056830905511811
11
6.1178348425196845
21
-4.0597378346456692
0
LINE
8
BLACK
6
CONTINUOUS
10
6.1178348425196845
20
-4.0597378346456692
11
6.1142745275590551
21
-4.0617933858267712
0
LINE
8
BLACK
6
CONTINUOUS
10
6.1142745275590551
20
-4.0617933858267712
11
6.1122047244094491
21
-4.0623479527559052
0
LINE
8
BLACK
6
CONTINUOUS
10
6.1122047244094491
20
-4.0623479527559052
11
6.1122047244094491
21
-4.0895669291338583
0
LINE
8
BLACK
6
CONTINUOUS
10
6.1122047244094491
20
-4.0895669291338583
11
6.1240157480314963
21
-4.0895669291338583
0
LINE
8
BLACK
6
CONTINUOUS
10
6.1240157480314963
20
-4.0895669291338583
11
6.1274056692913383
21
-4.090241220472441
0
LINE
8
BLACK
6
CONTINUOUS
10
6.1274056692913383
20
-4.090241220472441
11
6.1302794881889762
21
-4.0921614566929136
0
LINE
8
BLACK
6
CONTINUOUS
10
6.1302794881889762
20
-4.0921614566929136
11
6.1321997244094488
21
-4.0950352755905515
0
LINE
8
BLACK
6
CONTINUOUS
10
6.1321997244094488
20
-4.0950352755905515
11
6.1328740157480315
21
-4.0984251968503935
0
LINE
8
BLACK
6
CONTINUOUS
10
6.1328740157480315
20
-4.0984251968503935
11
6.1328740157480315
21
-4.1161417322834648
0
LINE
8
BLACK
6
CONTINUOUS
10
6.1328740157480315
20
-4.1161417322834648
11
6.1321997244094488
21
-4.1195316535433069
0
LINE
8
BLACK
6
CONTINUOUS
10
6.1321997244094488
20
-4.1195316535433069
11
6.1302794881889762
21
-4.1224054724409447
0
LINE
8
BLACK
6
CONTINUOUS
10
6.1302794881889762
20
-4.1224054724409447
11
6.1274056692913383
21
-4.1243257086614173
0
LINE
8
BLACK
6
CONTINUOUS
10
6.1274056692913383
20
-4.1243257086614173
11
6.1240157480314963
21
-4.125
0
LINE
8
BLACK
6
CONTINUOUS
10
6.1240157480314963
20
-4.125
11
6.1043307086614176
21
-4.125
0
LINE
8
BLACK
6
CONTINUOUS
10
6.1043307086614176
20
-4.125
11
6.1009407874015746
21
-4.1243257086614173
0
LINE
8
BLACK
6
CONTINUOUS
10
6.1009407874015746
20
-4.1243257086614173
11
6.0980669685039368
21
-4.1224054724409447
0
LINE
8
BLACK
6
CONTINUOUS
10
6.0980669685039368
20
-4.1224054724409447
11
6.0961467322834642
21
-4.1195316535433069
0
LINE
8
BLACK
6
CONTINUOUS
10
6.0961467322834642
20
-4.1195316535433069
11
6.0954724409448815
21
-4.1161417322834648
0
LINE
8
BLACK
6
CONTINUOUS
10
6.0954724409448815
20
-4.1161417322834648
11
6.0954724409448815
21
-4.0984251968503935
0
LINE
8
BLACK
6
CONTINUOUS
10
6.0954724409448815
20
-4.0984251968503935
11
6.0961467322834642
21
-4.0950352755905515
0
LINE
8
BLACK
6
CONTINUOUS
10
6.0961467322834642
20
-4.0950352755905515
11
6.0980669685039368
21
-4.0921614566929136
0
LINE
8
BLACK
6
CONTINUOUS
10
6.0980669685039368
20
-4.0921614566929136
11
6.1003937007874018
21
-4.090606771653543
0
LINE
8
BLACK
6
CONTINUOUS
10
6.1003937007874018
20
-4.090606771653543
11
6.1003937007874018
21
-4.060738070866142
0
LINE
8
BLACK
6
CONTINUOUS
10
6.1003937007874018
20
-4.060738070866142
11
6.0986612204724411
21
-4.0597378346456692
0
LINE
8
BLACK
6
CONTINUOUS
10
6.0986612204724411
20
-4.0597378346456692
11
6.0957542913385829
21
-4.056830905511811
0
LINE
8
BLACK
6
CONTINUOUS
10
6.0957542913385829
20
-4.056830905511811
11
6.09369874015748
21
-4.0532705905511808
0
LINE
8
BLACK
6
CONTINUOUS
10
6.09369874015748
20
-4.0532705905511808
11
6.0926347244094483
21
-4.0492996062992122
0
LINE
8
BLACK
6
CONTINUOUS
10
6.0926347244094483
20
-4.0492996062992122
11
6.0926347244094483
21
-4.0451885826771656
0
LINE
8
BLACK
6
CONTINUOUS
10
6.0926347244094483
20
-4.0451885826771656
11
6.09369874015748
21
-4.041217598425197
0
LINE
8
BLACK
6
CONTINUOUS
10
6.09369874015748
20
-4.041217598425197
11
6.0957542913385829
21
-4.0376572834645668
0
LINE
8
BLACK
6
CONTINUOUS
10
6.0957542913385829
20
-4.0376572834645668
11
6.0986612204724411
21
-4.0347503543307086
0
LINE
8
BLACK
6
CONTINUOUS
10
6.0986612204724411
20
-4.0347503543307086
11
6.1003937007874018
21
-4.033750078740157
0
LINE
8
BLACK
6
CONTINUOUS
10
6.1003937007874018
20
-4.033750078740157
11
6.1003937007874018
21
-4.0083136220472442
0
LINE
8
BLACK
6
CONTINUOUS
10
6.1003937007874018
20
-4.0083136220472442
11
6.1001301574803151
21
-4.0081375590551183
0
LINE
8
BLACK
6
CONTINUOUS
10
6.1001301574803151
20
-4.0081375590551183
11
6.0995967716535429
21
-4.0073392913385826
0
LINE
8
BLACK
6
CONTINUOUS
10
6.0995967716535429
20
-4.0073392913385826
11
6.0994094488188972
21
-4.0063976377952759
0
LINE
8
BLACK
6
CONTINUOUS
10
6.0994094488188972
20
-4.0063976377952759
11
6.0994094488188972
21
-4.0014763779527556
0
LINE
8
BLACK
6
CONTINUOUS
10
6.0994094488188972
20
-4.0014763779527556
11
6.0995967716535429
21
-4.0005347244094489
0
LINE
8
BLACK
6
CONTINUOUS
10
6.0995967716535429
20
-4.0005347244094489
11
6.1001301574803151
21
-3.9997364566929132
0
LINE
8
BLACK
6
CONTINUOUS
10
6.1001301574803151
20
-3.9997364566929132
11
6.1009284251968499
21
-3.9992030708661415
0
LINE
8
BLACK
6
CONTINUOUS
10
6.1009284251968499
20
-3.9992030708661415
11
6.1018700787401574
21
-3.9990157480314958
0
LINE
8
BLACK
6
CONTINUOUS
10
6.1018700787401574
20
-3.9990157480314958
11
6.1294291338582676
21
-3.9990157480314958
0
LINE
8
BLACK
6
CONTINUOUS
10
6.1294291338582676
20
-3.9990157480314958
11
6.1303707874015743
21
-3.9992030708661415
0
LINE
8
BLACK
6
CONTINUOUS
10
6.062457401574803
20
-4.0247936220472438
11
6.0632556692913386
21
-4.025327007874016
0
LINE
8
BLACK
6
CONTINUOUS
10
6.0632556692913386
20
-4.025327007874016
11
6.0637890551181099
21
-4.0261252755905508
0
LINE
8
BLACK
6
CONTINUOUS
10
6.0637890551181099
20
-4.0261252755905508
11
6.0639763779527556
21
-4.0270669291338583
0
LINE
8
BLACK
6
CONTINUOUS
10
6.0639763779527556
20
-4.0270669291338583
11
6.0639763779527556
21
-4.0375920866141728
0
LINE
8
BLACK
6
CONTINUOUS
10
6.0639763779527556
20
-4.0375920866141728
11
6.0648471653543305
21
-4.0396943307086612
0
LINE
8
BLACK
6
CONTINUOUS
10
6.0648471653543305
20
-4.0396943307086612
11
6.0649606299212593
21
-4.040846456692913
0
LINE
8
BLACK
6
CONTINUOUS
10
6.0649606299212593
20
-4.040846456692913
11
6.0649606299212593
21
-4.0964763779527562
0
LINE
8
BLACK
6
CONTINUOUS
10
6.0649606299212593
20
-4.0964763779527562
11
6.0648471653543305
21
-4.0976285039370079
0
LINE
8
BLACK
6
CONTINUOUS
10
6.0648471653543305
20
-4.0976285039370079
11
6.0647424015748026
21
-4.0978814173228342
0
LINE
8
BLACK
6
CONTINUOUS
10
6.0647424015748026
20
-4.0978814173228342
11
6.0639653937007871
21
-4.0997573228346456
0
LINE
8
BLACK
6
CONTINUOUS
10
6.0639653937007871
20
-4.0997573228346456
11
6.0636827952755903
21
-4.1001016141732283
0
LINE
8
BLACK
6
CONTINUOUS
10
6.0636827952755903
20
-4.1001016141732283
11
6.0637815748031496
21
-4.1002727165354331
0
LINE
8
BLACK
6
CONTINUOUS
10
6.0637815748031496
20
-4.1002727165354331
11
6.0648455905511813
21
-4.1042437007874017
0
LINE
8
BLACK
6
CONTINUOUS
10
6.0648455905511813
20
-4.1042437007874017
11
6.0648455905511813
21
-4.1083547244094492
0
LINE
8
BLACK
6
CONTINUOUS
10
6.0648455905511813
20
-4.1083547244094492
11
6.0637815748031496
21
-4.1123257086614169
0
LINE
8
BLACK
6
CONTINUOUS
10
6.0637815748031496
20
-4.1123257086614169
11
6.0617260236220467
21
-4.1158860236220471
0
LINE
8
BLACK
6
CONTINUOUS
10
6.0617260236220467
20
-4.1158860236220471
11
6.0588190944881886
21
-4.1187929527559053
0
LINE
8
BLACK
6
CONTINUOUS
10
6.0588190944881886
20
-4.1187929527559053
11
6.0552587795275592
21
-4.1208485039370082
0
LINE
8
BLACK
6
CONTINUOUS
10
6.0552587795275592
20
-4.1208485039370082
11
6.0512877952755906
21
-4.121912519685039
0
LINE
8
BLACK
6
CONTINUOUS
10
6.0512877952755906
20
-4.121912519685039
11
6.0471767716535432
21
-4.121912519685039
0
LINE
8
BLACK
6
CONTINUOUS
10
6.0471767716535432
20
-4.121912519685039
11
6.0432057874015745
21
-4.1208485039370082
0
LINE
8
BLACK
6
CONTINUOUS
10
6.0432057874015745
20
-4.1208485039370082
11
6.0396454724409452
21
-4.1187929527559053
0
LINE
8
BLACK
6
CONTINUOUS
10
6.0396454724409452
20
-4.1187929527559053
11
6.0367385433070861
21
-4.1158860236220471
0
LINE
8
BLACK
6
CONTINUOUS
10
6.0367385433070861
20
-4.1158860236220471
11
6.0346829921259841
21
-4.1123257086614169
0
LINE
8
BLACK
6
CONTINUOUS
10
6.0346829921259841
20
-4.1123257086614169
11
6.0336189763779524
21
-4.1083547244094492
0
LINE
8
BLACK
6
CONTINUOUS
10
6.0336189763779524
20
-4.1083547244094492
11
6.0336189763779524
21
-4.1042437007874017
0
LINE
8
BLACK
6
CONTINUOUS
10
6.0336189763779524
20
-4.1042437007874017
11
6.0346829921259841
21
-4.1002727165354331
0
LINE
8
BLACK
6
CONTINUOUS
10
6.0346829921259841
20
-4.1002727165354331
11
6.0367385433070861
21
-4.0967124015748029
0
LINE
8
BLACK
6
CONTINUOUS
10
6.0367385433070861
20
-4.0967124015748029
11
6.0396454724409452
21
-4.0938054724409447
0
LINE
8
BLACK
6
CONTINUOUS
10
6.0396454724409452
20
-4.0938054724409447
11
6.0432057874015745
21
-4.0917499212598427
0
LINE
8
BLACK
6
CONTINUOUS
10
6.0432057874015745
20
-4.0917499212598427
11
6.0471767716535432
21
-4.090685905511811
0
LINE
8
BLACK
6
CONTINUOUS
10
6.0471767716535432
20
-4.090685905511811
11
6.0512877952755906
21
-4.090685905511811
0
LINE
8
BLACK
6
CONTINUOUS
10
6.0512877952755906
20
-4.090685905511811
11
6.0531496062992121
21
-4.0911847637795278
0
LINE
8
BLACK
6
CONTINUOUS
10
6.0531496062992121
20
-4.0911847637795278
11
6.0531496062992121
21
-4.040846456692913
0
LINE
8
BLACK
6
CONTINUOUS
10
6.0531496062992121
20
-4.040846456692913
11
6.0532630708661417
21
-4.0396943307086612
0
LINE
8
BLACK
6
CONTINUOUS
10
6.0532630708661417
20
-4.0396943307086612
11
6.0541338582677167
21
-4.0375920866141728
0
LINE
8
BLACK
6
CONTINUOUS
10
6.0541338582677167
20
-4.0375920866141728
11
6.0541338582677167
21
-4.0270669291338583
0
LINE
8
BLACK
6
CONTINUOUS
10
6.0541338582677167
20
-4.0270669291338583
11
6.0543211811023623
21
-4.0261252755905508
0
LINE
8
BLACK
6
CONTINUOUS
10
6.0543211811023623
20
-4.0261252755905508
11
6.0548545669291336
21
-4.025327007874016
0
LINE
8
BLACK
6
CONTINUOUS
10
6.0548545669291336
20
-4.025327007874016
11
6.0556528346456693
21
-4.0247936220472438
0
LINE
8
BLACK
6
CONTINUOUS
10
6.0556528346456693
20
-4.0247936220472438
11
6.0565944881889759
21
-4.0246062992125982
0
LINE
8
BLACK
6
CONTINUOUS
10
6.0565944881889759
20
-4.0246062992125982
11
6.0615157480314963
21
-4.0246062992125982
0
LINE
8
BLACK
6
CONTINUOUS
10
6.0615157480314963
20
-4.0246062992125982
11
6.062457401574803
21
-4.0247936220472438
0
LINE
8
BLACK
6
CONTINUOUS
10
6.1870683858267714
20
-3.9730403149606297
11
6.1896228740157477
21
-3.9747472047244092
0
LINE
8
BLACK
6
CONTINUOUS
10
6.1896228740157477
20
-3.9747472047244092
11
6.1913297637795273
21
-3.9773016929133855
0
LINE
8
BLACK
6
CONTINUOUS
10
6.1913297637795273
20
-3.9773016929133855
11
6.1919291338582676
21
-3.9803149606299213
0
LINE
8
BLACK
6
CONTINUOUS
10
6.1919291338582676
20
-3.9803149606299213
11
6.1919291338582676
21
-3.9960629921259843
0
LINE
8
BLACK
6
CONTINUOUS
10
6.1919291338582676
20
-3.9960629921259843
11
6.1913297637795273
21
-3.9990762598425196
0
LINE
8
BLACK
6
CONTINUOUS
10
6.1913297637795273
20
-3.9990762598425196
11
6.1896228740157477
21
-4.0016307480314959
0
LINE
8
BLACK
6
CONTINUOUS
10
6.1896228740157477
20
-4.0016307480314959
11
6.1870683858267714
21
-4.0033376377952754
0
LINE
8
BLACK
6
CONTINUOUS
10
6.1870683858267714
20
-4.0033376377952754
11
6.1840551181102361
21
-4.0039370078740157
0
LINE
8
BLACK
6
CONTINUOUS
10
6.1840551181102361
20
-4.0039370078740157
11
6.1624015748031491
21
-4.0039370078740157
0
LINE
8
BLACK
6
CONTINUOUS
10
6.1624015748031491
20
-4.0039370078740157
11
6.1593883070866138
21
-4.0033376377952754
0
LINE
8
BLACK
6
CONTINUOUS
10
6.1593883070866138
20
-4.0033376377952754
11
6.1568338188976375
21
-4.0016307480314959
0
LINE
8
BLACK
6
CONTINUOUS
10
6.1568338188976375
20
-4.0016307480314959
11
6.1551269291338579
21
-3.9990762598425196
0
LINE
8
BLACK
6
CONTINUOUS
10
6.1551269291338579
20
-3.9990762598425196
11
6.1545275590551176
21
-3.9960629921259843
0
LINE
8
BLACK
6
CONTINUOUS
10
6.1545275590551176
20
-3.9960629921259843
11
6.1545275590551176
21
-3.9901574803149606
0
LINE
8
BLACK
6
CONTINUOUS
10
6.1545275590551176
20
-3.9901574803149606
11
6.1156496062992121
21
-3.9901574803149606
0
LINE
8
BLACK
6
CONTINUOUS
10
6.1156496062992121
20
-3.9901574803149606
11
6.1144974803149603
21
-3.9900440157480315
0
LINE
8
BLACK
6
CONTINUOUS
10
6.1144974803149603
20
-3.9900440157480315
11
6.1123952755905506
21
-3.9891732283464565
0
LINE
8
BLACK
6
CONTINUOUS
10
6.1123952755905506
20
-3.9891732283464565
11
6.1018700787401574
21
-3.9891732283464565
0
LINE
8
BLACK
6
CONTINUOUS
10
6.1018700787401574
20
-3.9891732283464565
11
6.1009284251968499
21
-3.9889859055118109
0
LINE
8
BLACK
6
CONTINUOUS
10
6.1009284251968499
20
-3.9889859055118109
11
6.1001301574803151
21
-3.9884525196850391
0
LINE
8
BLACK
6
CONTINUOUS
10
6.1001301574803151
20
-3.9884525196850391
11
6.0995967716535429
21
-3.9876542519685039
0
LINE
8
BLACK
6
CONTINUOUS
10
6.0995967716535429
20
-3.9876542519685039
11
6.0994094488188972
21
-3.9867125984251968
0
LINE
8
BLACK
6
CONTINUOUS
10
6.0994094488188972
20
-3.9867125984251968
11
6.0994094488188972
21
-3.9817913385826769
0
LINE
8
BLACK
6
CONTINUOUS
10
6.0994094488188972
20
-3.9817913385826769
11
6.0995967716535429
21
-3.9808496850393702
0
LINE
8
BLACK
6
CONTINUOUS
10
6.0995967716535429
20
-3.9808496850393702
11
6.1001301574803151
21
-3.9800514173228345
0
LINE
8
BLACK
6
CONTINUOUS
10
6.1001301574803151
20
-3.9800514173228345
11
6.1009284251968499
21
-3.9795180314960628
0
LINE
8
BLACK
6
CONTINUOUS
10
6.1009284251968499
20
-3.9795180314960628
11
6.1018700787401574
21
-3.9793307086614171
0
LINE
8
BLACK
6
CONTINUOUS
10
6.1018700787401574
20
-3.9793307086614171
11
6.1123952755905506
21
-3.9793307086614171
0
LINE
8
BLACK
6
CONTINUOUS
10
6.1123952755905506
20
-3.9793307086614171
11
6.1144974803149603
21
-3.9784599212598426
0
LINE
8
BLACK
6
CONTINUOUS
10
6.1144974803149603
20
-3.9784599212598426
11
6.1156496062992121
21
-3.9783464566929134
0
LINE
8
BLACK
6
CONTINUOUS
10
6.1156496062992121
20
-3.9783464566929134
11
6.1549191338582672
21
-3.9783464566929134
0
LINE
8
BLACK
6
CONTINUOUS
10
6.1549191338582672
20
-3.9783464566929134
11
6.1551269291338579
21
-3.9773016929133855
0
LINE
8
BLACK
6
CONTINUOUS
10
6.1551269291338579
20
-3.9773016929133855
11
6.1568338188976375
21
-3.9747472047244092
0
LINE
8
BLACK
6
CONTINUOUS
10
6.1568338188976375
20
-3.9747472047244092
11
6.1593883070866138
21
-3.9730403149606297
0
LINE
8
BLACK
6
CONTINUOUS
10
6.1593883070866138
20
-3.9730403149606297
11
6.1624015748031491
21
-3.9724409448818898
0
LINE
8
BLACK
6
CONTINUOUS
10
6.1624015748031491
20
-3.9724409448818898
11
6.1840551181102361
21
-3.9724409448818898
0
LINE
8
BLACK
6
CONTINUOUS
10
6.1840551181102361
20
-3.9724409448818898
11
6.1870683858267714
21
-3.9730403149606297
0
LINE
8
BLACK
6
CONTINUOUS
10
6.1792548425196845
20
-3.9342696062992126
11
6.1828151574803147
21
-3.9363251574803151
0
LINE
8
BLACK
6
CONTINUOUS
10
6.1828151574803147
20
-3.9363251574803151
11
6.1857220866141729
21
-3.9392320866141732
0
LINE
8
BLACK
6
CONTINUOUS
10
6.1857220866141729
20
-3.9392320866141732
11
6.1877776377952758
21
-3.942792401574803
0
LINE
8
BLACK
6
CONTINUOUS
10
6.1877776377952758
20
-3.942792401574803
11
6.1888416535433066
21
-3.9467633858267717
0
LINE
8
BLACK
6
CONTINUOUS
10
6.1888416535433066
20
-3.9467633858267717
11
6.1888416535433066
21
-3.9508744094488186
0
LINE
8
BLACK
6
CONTINUOUS
10
6.1888416535433066
20
-3.9508744094488186
11
6.1877776377952758
21
-3.9548453937007872
0
LINE
8
BLACK
6
CONTINUOUS
10
6.1877776377952758
20
-3.9548453937007872
11
6.1857220866141729
21
-3.9584057086614171
0
LINE
8
BLACK
6
CONTINUOUS
10
6.1857220866141729
20
-3.9584057086614171
11
6.1828151574803147
21
-3.9613126377952756
0
LINE
8
BLACK
6
CONTINUOUS
10
6.1828151574803147
20
-3.9613126377952756
11
6.1792548425196845
21
-3.9633681889763777
0
LINE
8
BLACK
6
CONTINUOUS
10
6.1792548425196845
20
-3.9633681889763777
11
6.1752838582677168
21
-3.9644322047244094
0
LINE
8
BLACK
6
CONTINUOUS
10
6.1752838582677168
20
-3.9644322047244094
11
6.1711728346456693
21
-3.9644322047244094
0
LINE
8
BLACK
6
CONTINUOUS
10
6.1711728346456693
20
-3.9644322047244094
11
6.1672018503937007
21
-3.9633681889763777
0
LINE
8
BLACK
6
CONTINUOUS
10
6.1672018503937007
20
-3.9633681889763777
11
6.1636415354330705
21
-3.9613126377952756
0
LINE
8
BLACK
6
CONTINUOUS
10
6.1636415354330705
20
-3.9613126377952756
11
6.1613871653543306
21
-3.9590582677165354
0
LINE
8
BLACK
6
CONTINUOUS
10
6.1613871653543306
20
-3.9590582677165354
11
6.151702716535433
21
-3.9687427559055117
0
LINE
8
BLACK
6
CONTINUOUS
10
6.151702716535433
20
-3.9687427559055117
11
6.1508077952755906
21
-3.9694772047244093
0
LINE
8
BLACK
6
CONTINUOUS
10
6.1508077952755906
20
-3.9694772047244093
11
6.1498175590551183
21
-3.9698873622047244
0
LINE
8
BLACK
6
CONTINUOUS
10
6.1498175590551183
20
-3.9698873622047244
11
6.1486790157480318
21
-3.9703589763779528
0
LINE
8
BLACK
6
CONTINUOUS
10
6.1486790157480318
20
-3.9703589763779528
11
6.1475268897637791
21
-3.9704724409448819
0
LINE
8
BLACK
6
CONTINUOUS
10
6.1475268897637791
20
-3.9704724409448819
11
6.1156496062992121
21
-3.9704724409448819
0
LINE
8
BLACK
6
CONTINUOUS
10
6.1156496062992121
20
-3.9704724409448819
11
6.1144974803149603
21
-3.9703589763779528
0
LINE
8
BLACK
6
CONTINUOUS
10
6.1144974803149603
20
-3.9703589763779528
11
6.1123952755905506
21
-3.9694881889763778
0
LINE
8
BLACK
6
CONTINUOUS
10
6.1123952755905506
20
-3.9694881889763778
11
6.1018700787401574
21
-3.9694881889763778
0
LINE
8
BLACK
6
CONTINUOUS
10
6.1018700787401574
20
-3.9694881889763778
11
6.1009284251968499
21
-3.9693008661417322
0
LINE
8
BLACK
6
CONTINUOUS
10
6.1009284251968499
20
-3.9693008661417322
11
6.1001301574803151
21
-3.9687674803149604
0
LINE
8
BLACK
6
CONTINUOUS
10
6.1001301574803151
20
-3.9687674803149604
11
6.0995967716535429
21
-3.9679692125984252
0
LINE
8
BLACK
6
CONTINUOUS
10
6.0995967716535429
20
-3.9679692125984252
11
6.0994094488188972
21
-3.9670275590551181
0
LINE
8
BLACK
6
CONTINUOUS
10
6.0994094488188972
20
-3.9670275590551181
11
6.0994094488188972
21
-3.9621062992125982
0
LINE
8
BLACK
6
CONTINUOUS
10
6.0994094488188972
20
-3.9621062992125982
11
6.0995967716535429
21
-3.9611646456692911
0
LINE
8
BLACK
6
CONTINUOUS
10
6.0995967716535429
20
-3.9611646456692911
11
6.1001301574803151
21
-3.9603663779527558
0
LINE
8
BLACK
6
CONTINUOUS
10
6.1001301574803151
20
-3.9603663779527558
11
6.1009284251968499
21
-3.9598329921259841
0
LINE
8
BLACK
6
CONTINUOUS
10
6.1009284251968499
20
-3.9598329921259841
11
6.1018700787401574
21
-3.9596456692913384
0
LINE
8
BLACK
6
CONTINUOUS
10
6.1018700787401574
20
-3.9596456692913384
11
6.1123952755905506
21
-3.9596456692913384
0
LINE
8
BLACK
6
CONTINUOUS
10
6.1123952755905506
20
-3.9596456692913384
11
6.1144974803149603
21
-3.9587748818897639
0
LINE
8
BLACK
6
CONTINUOUS
10
6.1144974803149603
20
-3.9587748818897639
11
6.1156496062992121
21
-3.9586614173228347
0
LINE
8
BLACK
6
CONTINUOUS
10
6.1156496062992121
20
-3.9586614173228347
11
6.1450807480314955
21
-3.9586614173228347
0
LINE
8
BLACK
6
CONTINUOUS
10
6.1450807480314955
20
-3.9586614173228347
11
6.1578479133858268
21
-3.9458942125984251
0
LINE
8
BLACK
6
CONTINUOUS
10
6.1578479133858268
20
-3.9458942125984251
11
6.1586790551181103
21
-3.942792401574803
0
LINE
8
BLACK
6
CONTINUOUS
10
6.1586790551181103
20
-3.942792401574803
11
6.1607346062992123
21
-3.9392320866141732
0
LINE
8
BLACK
6
CONTINUOUS
10
6.1607346062992123
20
-3.9392320866141732
11
6.1636415354330705
21
-3.9363251574803151
0
LINE
8
BLACK
6
CONTINUOUS
10
6.1636415354330705
20
-3.9363251574803151
11
6.1672018503937007
21
-3.9342696062992126
0
LINE
8
BLACK
6
CONTINUOUS
10
6.1672018503937007
20
-3.9342696062992126
11
6.1711728346456693
21
-3.9332055905511809
0
LINE
8
BLACK
6
CONTINUOUS
10
6.1711728346456693
20
-3.9332055905511809
11
6.1752838582677168
21
-3.9332055905511809
0
LINE
8
BLACK
6
CONTINUOUS
10
6.1752838582677168
20
-3.9332055905511809
11
6.1792548425196845
21
-3.9342696062992126
0
LINE
8
BLACK
6
CONTINUOUS
10
6.1673833464566927
20
-3.8155600000000001
11
6.169937834645669
21
-3.8172668897637796
0
LINE
8
BLACK
6
CONTINUOUS
10
6.169937834645669
20
-3.8172668897637796
11
6.1716447244094486
21
-3.8198213779527559
0
LINE
8
BLACK
6
CONTINUOUS
10
6.1716447244094486
20
-3.8198213779527559
11
6.1722440944881889
21
-3.8228346456692912
0
LINE
8
BLACK
6
CONTINUOUS
10
6.1722440944881889
20
-3.8228346456692912
11
6.1722440944881889
21
-3.8385826771653542
0
LINE
8
BLACK
6
CONTINUOUS
10
6.1722440944881889
20
-3.8385826771653542
11
6.1716447244094486
21
-3.8415959448818895
0
LINE
8
BLACK
6
CONTINUOUS
10
6.1716447244094486
20
-3.8415959448818895
11
6.169937834645669
21
-3.8441504330708662
0
LINE
8
BLACK
6
CONTINUOUS
10
6.169937834645669
20
-3.8441504330708662
11
6.1673833464566927
21
-3.8458573228346458
0
LINE
8
BLACK
6
CONTINUOUS
10
6.1673833464566927
20
-3.8458573228346458
11
6.1643700787401574
21
-3.8464566929133857
0
LINE
8
BLACK
6
CONTINUOUS
10
6.1643700787401574
20
-3.8464566929133857
11
6.1515748031496065
21
-3.8464566929133857
0
LINE
8
BLACK
6
CONTINUOUS
10
6.1515748031496065
20
-3.8464566929133857
11
6.1515748031496065
21
-3.9370078740157481
0
LINE
8
BLACK
6
CONTINUOUS
10
6.1515748031496065
20
-3.9370078740157481
11
6.1514613385826769
21
-3.9381599999999999
0
LINE
8
BLACK
6
CONTINUOUS
10
6.1514613385826769
20
-3.9381599999999999
11
6.1512514566929131
21
-3.938666653543307
0
LINE
8
BLACK
6
CONTINUOUS
10
6.1512514566929131
20
-3.938666653543307
11
6.1505795669291334
21
-3.9402887795275592
0
LINE
8
BLACK
6
CONTINUOUS
10
6.1505795669291334
20
-3.9402887795275592
11
6.1498451181102363
21
-3.9411837007874015
0
LINE
8
BLACK
6
CONTINUOUS
10
6.1498451181102363
20
-3.9411837007874015
11
6.1419711023622048
21
-3.949057716535433
0
LINE
8
BLACK
6
CONTINUOUS
10
6.1419711023622048
20
-3.949057716535433
11
6.1410761811023624
21
-3.9497921653543306
0
LINE
8
BLACK
6
CONTINUOUS
10
6.1410761811023624
20
-3.9497921653543306
11
6.1398291732283461
21
-3.9503086614173228
0
LINE
8
BLACK
6
CONTINUOUS
10
6.1398291732283461
20
-3.9503086614173228
11
6.1389474015748027
21
-3.9506739370078741
0
LINE
8
BLACK
6
CONTINUOUS
10
6.1389474015748027
20
-3.9506739370078741
11
6.1377952755905509
21
-3.9507874015748032
0
LINE
8
BLACK
6
CONTINUOUS
10
6.1377952755905509
20
-3.9507874015748032
11
6.1156496062992121
21
-3.9507874015748032
0
LINE
8
BLACK
6
CONTINUOUS
10
6.1156496062992121
20
-3.9507874015748032
11
6.1144974803149603
21
-3.9506739370078741
0
LINE
8
BLACK
6
CONTINUOUS
10
6.1144974803149603
20
-3.9506739370078741
11
6.1123952755905506
21
-3.9498031496062991
0
LINE
8
BLACK
6
CONTINUOUS
10
6.1123952755905506
20
-3.9498031496062991
11
6.1018700787401574
21
-3.9498031496062991
0
LINE
8
BLACK
6
CONTINUOUS
10
6.1018700787401574
20
-3.9498031496062991
11
6.1009284251968499
21
-3.9496158267716535
0
LINE
8
BLACK
6
CONTINUOUS
10
6.1009284251968499
20
-3.9496158267716535
11
6.1001301574803151
21
-3.9490824409448817
0
LINE
8
BLACK
6
CONTINUOUS
10
6.1001301574803151
20
-3.9490824409448817
11
6.0995967716535429
21
-3.9482841732283465
0
LINE
8
BLACK
6
CONTINUOUS
10
6.0995967716535429
20
-3.9482841732283465
11
6.0994094488188972
21
-3.9473425196850394
0
LINE
8
BLACK
6
CONTINUOUS
10
6.0994094488188972
20
-3.9473425196850394
11
6.0994094488188972
21
-3.9424212598425195
0
LINE
8
BLACK
6
CONTINUOUS
10
6.0994094488188972
20
-3.9424212598425195
11
6.0995967716535429
21
-3.9414796062992123
0
LINE
8
BLACK
6
CONTINUOUS
10
6.0995967716535429
20
-3.9414796062992123
11
6.1001301574803151
21
-3.9406813385826771
0
LINE
8
BLACK
6
CONTINUOUS
10
6.1001301574803151
20
-3.9406813385826771
11
6.1009284251968499
21
-3.9401479527559053
0
LINE
8
BLACK
6
CONTINUOUS
10
6.1009284251968499
20
-3.9401479527559053
11
6.1018700787401574
21
-3.9399606299212597
0
LINE
8
BLACK
6
CONTINUOUS
10
6.1018700787401574
20
-3.9399606299212597
11
6.1123952755905506
21
-3.9399606299212597
0
LINE
8
BLACK
6
CONTINUOUS
10
6.1123952755905506
20
-3.9399606299212597
11
6.1144974803149603
21
-3.9390898425196847
0
LINE
8
BLACK
6
CONTINUOUS
10
6.1144974803149603
20
-3.9390898425196847
11
6.1156496062992121
21
-3.938976377952756
0
LINE
8
BLACK
6
CONTINUOUS
10
6.1156496062992121
20
-3.938976377952756
11
6.1353491338582673
21
-3.938976377952756
0
LINE
8
BLACK
6
CONTINUOUS
10
6.1353491338582673
20
-3.938976377952756
11
6.1397637795275593
21
-3.9345617322834645
0
LINE
8
BLACK
6
CONTINUOUS
10
6.1397637795275593
20
-3.9345617322834645
11
6.1397637795275593
21
-3.8458693307086613
0
LINE
8
BLACK
6
CONTINUOUS
10
6.1397637795275593
20
-3.8458693307086613
11
6.1397032677165351
21
-3.8458573228346458
0
LINE
8
BLACK
6
CONTINUOUS
10
6.1397032677165351
20
-3.8458573228346458
11
6.1371487795275588
21
-3.8441504330708662
0
LINE
8
BLACK
6
CONTINUOUS
10
6.1371487795275588
20
-3.8441504330708662
11
6.1354418897637792
21
-3.8415959448818895
0
LINE
8
BLACK
6
CONTINUOUS
10
6.1354418897637792
20
-3.8415959448818895
11
6.1348425196850389
21
-3.8385826771653542
0
LINE
8
BLACK
6
CONTINUOUS
10
6.1348425196850389
20
-3.8385826771653542
11
6.1348425196850389
21
-3.8228346456692912
0
LINE
8
BLACK
6
CONTINUOUS
10
6.1348425196850389
20
-3.8228346456692912
11
6.1354418897637792
21
-3.8198213779527559
0
LINE
8
BLACK
6
CONTINUOUS
10
6.1354418897637792
20
-3.8198213779527559
11
6.1371487795275588
21
-3.8172668897637796
0
LINE
8
BLACK
6
CONTINUOUS
10
6.1371487795275588
20
-3.8172668897637796
11
6.1397032677165351
21
-3.8155600000000001
0
LINE
8
BLACK
6
CONTINUOUS
10
6.1397032677165351
20
-3.8155600000000001
11
6.1427165354330704
21
-3.8149606299212597
0
LINE
8
BLACK
6
CONTINUOUS
10
6.1427165354330704
20
-3.8149606299212597
11
6.1643700787401574
21
-3.8149606299212597
0
LINE
8
BLACK
6
CONTINUOUS
10
6.1643700787401574
20
-3.8149606299212597
11
6.1673833464566927
21
-3.8155600000000001
0
LINE
8
BLACK
6
CONTINUOUS
10
6.1303707874015743
20
-3.9204629133858266
11
6.1311690551181099
21
-3.9209962992125984
0
LINE
8
BLACK
6
CONTINUOUS
10
6.1311690551181099
20
-3.9209962992125984
11
6.1317024409448821
21
-3.9217945669291336
0
LINE
8
BLACK
6
CONTINUOUS
10
6.1317024409448821
20
-3.9217945669291336
11
6.1318897637795278
21
-3.9227362204724407
0
LINE
8
BLACK
6
CONTINUOUS
10
6.1318897637795278
20
-3.9227362204724407
11
6.1318897637795278
21
-3.9276574803149606
0
LINE
8
BLACK
6
CONTINUOUS
10
6.1318897637795278
20
-3.9276574803149606
11
6.1317024409448821
21
-3.9285991338582678
0
LINE
8
BLACK
6
CONTINUOUS
10
6.1317024409448821
20
-3.9285991338582678
11
6.1311690551181099
21
-3.929397401574803
0
LINE
8
BLACK
6
CONTINUOUS
10
6.1311690551181099
20
-3.929397401574803
11
6.1303707874015743
21
-3.9299307874015748
0
LINE
8
BLACK
6
CONTINUOUS
10
6.1303707874015743
20
-3.9299307874015748
11
6.1294291338582676
21
-3.9301181102362204
0
LINE
8
BLACK
6
CONTINUOUS
10
6.1294291338582676
20
-3.9301181102362204
11
6.1018700787401574
21
-3.9301181102362204
0
LINE
8
BLACK
6
CONTINUOUS
10
6.1018700787401574
20
-3.9301181102362204
11
6.1009284251968499
21
-3.9299307874015748
0
LINE
8
BLACK
6
CONTINUOUS
10
6.1009284251968499
20
-3.9299307874015748
11
6.1001301574803151
21
-3.929397401574803
0
LINE
8
BLACK
6
CONTINUOUS
10
6.1001301574803151
20
-3.929397401574803
11
6.0995967716535429
21
-3.9285991338582678
0
LINE
8
BLACK
6
CONTINUOUS
10
6.0995967716535429
20
-3.9285991338582678
11
6.0994094488188972
21
-3.9276574803149606
0
LINE
8
BLACK
6
CONTINUOUS
10
6.0994094488188972
20
-3.9276574803149606
11
6.0994094488188972
21
-3.9227362204724407
0
LINE
8
BLACK
6
CONTINUOUS
10
6.0994094488188972
20
-3.9227362204724407
11
6.0995967716535429
21
-3.9217945669291336
0
LINE
8
BLACK
6
CONTINUOUS
10
6.0995967716535429
20
-3.9217945669291336
11
6.1001301574803151
21
-3.9209962992125984
0
LINE
8
BLACK
6
CONTINUOUS
10
6.1001301574803151
20
-3.9209962992125984
11
6.1009284251968499
21
-3.9204629133858266
0
LINE
8
BLACK
6
CONTINUOUS
10
6.1009284251968499
20
-3.9204629133858266
11
6.1018700787401574
21
-3.920275590551181
0
LINE
8
BLACK
6
CONTINUOUS
10
6.1018700787401574
20
-3.920275590551181
11
6.1294291338582676
21
-3.920275590551181
0
LINE
8
BLACK
6
CONTINUOUS
10
6.1294291338582676
20
-3.920275590551181
11
6.1303707874015743
21
-3.9204629133858266
0
LINE
8
BLACK
6
CONTINUOUS
10
6.130503622047244
20
-3.8541611023622044
11
6.1317623622047241
21
-3.856214960629921
0
LINE
8
BLACK
6
CONTINUOUS
10
6.1317623622047241
20
-3.856214960629921
11
6.1318700787401577
21
-3.8571249999999999
0
LINE
8
BLACK
6
CONTINUOUS
10
6.1318700787401577
20
-3.8571249999999999
11
6.1318700787401577
21
-3.9084842519685039
0
LINE
8
BLACK
6
CONTINUOUS
10
6.1318700787401577
20
-3.9084842519685039
11
6.1311257086614175
21
-3.9107752362204722
0
LINE
8
BLACK
6
CONTINUOUS
10
6.1311257086614175
20
-3.9107752362204722
11
6.1291768897637793
21
-3.9121911417322832
0
LINE
8
BLACK
6
CONTINUOUS
10
6.1291768897637793
20
-3.9121911417322832
11
6.1279724409448821
21
-3.9123818897637794
0
LINE
8
BLACK
6
CONTINUOUS
10
6.1279724409448821
20
-3.9123818897637794
11
6.1008504724409445
21
-3.9123818897637794
0
LINE
8
BLACK
6
CONTINUOUS
10
6.1008504724409445
20
-3.9123818897637794
11
6.1008500787401569
21
-3.9123819291338582
0
LINE
8
BLACK
6
CONTINUOUS
10
6.1008500787401569
20
-3.9123819291338582
11
6.0991819685039372
21
-3.9127137401574803
0
LINE
8
BLACK
6
CONTINUOUS
10
6.0991819685039372
20
-3.9127137401574803
11
6.0967898031496057
21
-3.9124305511811022
0
LINE
8
BLACK
6
CONTINUOUS
10
6.0967898031496057
20
-3.9124305511811022
11
6.0956656299212595
21
-3.9116470472440943
0
LINE
8
BLACK
6
CONTINUOUS
10
6.0956656299212595
20
-3.9116470472440943
11
6.0922899606299215
21
-3.9082714173228346
0
LINE
8
BLACK
6
CONTINUOUS
10
6.0922899606299215
20
-3.9082714173228346
11
6.0919088976377953
21
-3.9075235826771655
0
LINE
8
BLACK
6
CONTINUOUS
10
6.0919088976377953
20
-3.9075235826771655
11
6.0913892519685042
21
-3.906864409448819
0
LINE
8
BLACK
6
CONTINUOUS
10
6.0913892519685042
20
-3.906864409448819
11
6.0913556692913389
21
-3.9064378346456694
0
LINE
8
BLACK
6
CONTINUOUS
10
6.0913556692913389
20
-3.9064378346456694
11
6.0911963385826766
21
-3.9061251181102361
0
LINE
8
BLACK
6
CONTINUOUS
10
6.0911963385826766
20
-3.9061251181102361
11
6.0912863385826768
21
-3.9055566929133856
0
LINE
8
BLACK
6
CONTINUOUS
10
6.0912863385826768
20
-3.9055566929133856
11
6.0912232677165354
21
-3.9047548818897635
0
LINE
8
BLACK
6
CONTINUOUS
10
6.0912232677165354
20
-3.9047548818897635
11
6.0915550787401571
21
-3.9030869291338584
0
LINE
8
BLACK
6
CONTINUOUS
10
6.0915550787401571
20
-3.9030869291338584
11
6.0915550787401571
21
-3.9030868503937008
0
LINE
8
BLACK
6
CONTINUOUS
10
6.0915550787401571
20
-3.9030868503937008
11
6.0915551181102359
21
-3.9030866535433071
0
LINE
8
BLACK
6
CONTINUOUS
10
6.0915551181102359
20
-3.9030866535433071
11
6.0915550787401571
21
-3.8734881889763777
0
LINE
8
BLACK
6
CONTINUOUS
10
6.0915550787401571
20
-3.8734881889763777
11
6.0915550787401571
21
-3.8734881496062989
0
LINE
8
BLACK
6
CONTINUOUS
10
6.0915550787401571
20
-3.8734881496062989
11
6.0915550787401571
21
-3.8732967322834644
0
LINE
8
BLACK
6
CONTINUOUS
10
6.0915550787401571
20
-3.8732967322834644
11
6.0915987007874017
21
-3.8732967322834644
0
LINE
8
BLACK
6
CONTINUOUS
10
6.0915987007874017
20
-3.8732967322834644
11
6.092071850393701
21
-3.8711402755905513
0
LINE
8
BLACK
6
CONTINUOUS
10
6.092071850393701
20
-3.8711402755905513
11
6.0938725590551179
21
-3.8695402362204723
0
LINE
8
BLACK
6
CONTINUOUS
10
6.0938725590551179
20
-3.8695402362204723
11
6.0962698031496059
21
-3.8693041732283464
0
LINE
8
BLACK
6
CONTINUOUS
10
6.0962698031496059
20
-3.8693041732283464
11
6.0964423622047246
21
-3.8693461811023622
0
LINE
8
BLACK
6
CONTINUOUS
10
6.0964423622047246
20
-3.8693461811023622
11
6.0992497244094483
21
-3.8700984251968502
0
LINE
8
BLACK
6
CONTINUOUS
10
6.0992497244094483
20
-3.8700984251968502
11
6.0992497637795271
21
-3.8700984251968502
0
LINE
8
BLACK
6
CONTINUOUS
10
6.0992497637795271
20
-3.8700984251968502
11
6.1054746062992127
21
-3.8700984251968502
0
LINE
8
BLACK
6
CONTINUOUS
10
6.1054746062992127
20
-3.8700984251968502
11
6.1054746850393702
21
-3.8700984251968502
0
LINE
8
BLACK
6
CONTINUOUS
10
6.1054746850393702
20
-3.8700984251968502
11
6.1114875590551181
21
-3.8684872834645669
0
LINE
8
BLACK
6
CONTINUOUS
10
6.1114875590551181
20
-3.8684872834645669
11
6.116878582677165
21
-3.865374803149606
0
LINE
8
BLACK
6
CONTINUOUS
10
6.116878582677165
20
-3.865374803149606
11
6.1212803149606296
21
-3.8609730708661418
0
LINE
8
BLACK
6
CONTINUOUS
10
6.1212803149606296
20
-3.8609730708661418
11
6.1243927952755906
21
-3.8555820472440945
0
LINE
8
BLACK
6
CONTINUOUS
10
6.1243927952755906
20
-3.8555820472440945
11
6.1243927952755906
21
-3.8555819291338582
0
LINE
8
BLACK
6
CONTINUOUS
10
6.1243927952755906
20
-3.8555819291338582
11
6.1245205118110233
21
-3.8553607874015747
0
LINE
8
BLACK
6
CONTINUOUS
10
6.1245205118110233
20
-3.8553607874015747
11
6.1245766535433068
21
-3.8553931889763779
0
LINE
8
BLACK
6
CONTINUOUS
10
6.1245766535433068
20
-3.8553931889763779
11
6.1259357874015743
21
-3.8538018110236218
0
LINE
8
BLACK
6
CONTINUOUS
10
6.1259357874015743
20
-3.8538018110236218
11
6.1282780708661413
21
-3.85323937007874
0
LINE
8
BLACK
6
CONTINUOUS
10
6.1282780708661413
20
-3.85323937007874
11
6.130503622047244
21
-3.8541611023622044
0
LINE
8
BLACK
6
CONTINUOUS
10
6.1083887007874011
20
-3.8319074015748029
11
6.1119490157480314
21
-3.8339629527559054
0
LINE
8
BLACK
6
CONTINUOUS
10
6.1119490157480314
20
-3.8339629527559054
11
6.1148559448818895
21
-3.8368698818897635
0
LINE
8
BLACK
6
CONTINUOUS
10
6.1148559448818895
20
-3.8368698818897635
11
6.1169114960629916
21
-3.8404301968503938
0
LINE
8
BLACK
6
CONTINUOUS
10
6.1169114960629916
20
-3.8404301968503938
11
6.1179755118110233
21
-3.844401181102362
0
LINE
8
BLACK
6
CONTINUOUS
10
6.1179755118110233
20
-3.844401181102362
11
6.1179755118110233
21
-3.8485122047244094
0
LINE
8
BLACK
6
CONTINUOUS
10
6.1179755118110233
20
-3.8485122047244094
11
6.1169114960629916
21
-3.852483188976378
0
LINE
8
BLACK
6
CONTINUOUS
10
6.1169114960629916
20
-3.852483188976378
11
6.1148559448818895
21
-3.8560435039370078
0
LINE
8
BLACK
6
CONTINUOUS
10
6.1148559448818895
20
-3.8560435039370078
11
6.1119490157480314
21
-3.8589504330708659
0
LINE
8
BLACK
6
CONTINUOUS
10
6.1119490157480314
20
-3.8589504330708659
11
6.1083887007874011
21
-3.8610059842519684
0
LINE
8
BLACK
6
CONTINUOUS
10
6.1083887007874011
20
-3.8610059842519684
11
6.1044177165354325
21
-3.8620700000000001
0
LINE
8
BLACK
6
CONTINUOUS
10
6.1044177165354325
20
-3.8620700000000001
11
6.100306692913386
21
-3.8620700000000001
0
LINE
8
BLACK
6
CONTINUOUS
10
6.100306692913386
20
-3.8620700000000001
11
6.0963357086614174
21
-3.8610059842519684
0
LINE
8
BLACK
6
CONTINUOUS
10
6.0963357086614174
20
-3.8610059842519684
11
6.0927753937007871
21
-3.8589504330708659
0
LINE
8
BLACK
6
CONTINUOUS
10
6.0927753937007871
20
-3.8589504330708659
11
6.089868464566929
21
-3.8560435039370078
0
LINE
8
BLACK
6
CONTINUOUS
10
6.089868464566929
20
-3.8560435039370078
11
6.087812913385827
21
-3.852483188976378
0
LINE
8
BLACK
6
CONTINUOUS
10
6.087812913385827
20
-3.852483188976378
11
6.0872530314960631
21
-3.8503937007874014
0
LINE
8
BLACK
6
CONTINUOUS
10
6.0872530314960631
20
-3.8503937007874014
11
6.0843079527559052
21
-3.8503937007874014
0
LINE
8
BLACK
6
CONTINUOUS
10
6.0843079527559052
20
-3.8503937007874014
11
6.0629921259842519
21
-3.8717095275590552
0
LINE
8
BLACK
6
CONTINUOUS
10
6.0629921259842519
20
-3.8717095275590552
11
6.0629921259842519
21
-3.8725918503937007
0
LINE
8
BLACK
6
CONTINUOUS
10
6.0629921259842519
20
-3.8725918503937007
11
6.0632556692913386
21
-3.8727679527559054
0
LINE
8
BLACK
6
CONTINUOUS
10
6.0632556692913386
20
-3.8727679527559054
11
6.0637890551181099
21
-3.873566220472441
0
LINE
8
BLACK
6
CONTINUOUS
10
6.0637890551181099
20
-3.873566220472441
11
6.0639763779527556
21
-3.8745078740157481
0
LINE
8
BLACK
6
CONTINUOUS
10
6.0639763779527556
20
-3.8745078740157481
11
6.0639763779527556
21
-3.9020669291338583
0
LINE
8
BLACK
6
CONTINUOUS
10
6.0639763779527556
20
-3.9020669291338583
11
6.0637890551181099
21
-3.9030085826771654
0
LINE
8
BLACK
6
CONTINUOUS
10
6.0637890551181099
20
-3.9030085826771654
11
6.0632556692913386
21
-3.9038068503937007
0
LINE
8
BLACK
6
CONTINUOUS
10
6.0632556692913386
20
-3.9038068503937007
11
6.062457401574803
21
-3.9043402362204724
0
LINE
8
BLACK
6
CONTINUOUS
10
6.062457401574803
20
-3.9043402362204724
11
6.0615157480314963
21
-3.9045275590551181
0
LINE
8
BLACK
6
CONTINUOUS
10
6.0615157480314963
20
-3.9045275590551181
11
6.0565944881889759
21
-3.9045275590551181
0
LINE
8
BLACK
6
CONTINUOUS
10
6.0565944881889759
20
-3.9045275590551181
11
6.0556528346456693
21
-3.9043402362204724
0
LINE
8
BLACK
6
CONTINUOUS
10
6.0556528346456693
20
-3.9043402362204724
11
6.0548545669291336
21
-3.9038068503937007
0
LINE
8
BLACK
6
CONTINUOUS
10
6.0548545669291336
20
-3.9038068503937007
11
6.0543211811023623
21
-3.9030085826771654
0
LINE
8
BLACK
6
CONTINUOUS
10
6.0543211811023623
20
-3.9030085826771654
11
6.0541338582677167
21
-3.9020669291338583
0
LINE
8
BLACK
6
CONTINUOUS
10
6.0541338582677167
20
-3.9020669291338583
11
6.0541338582677167
21
-3.8745078740157481
0
LINE
8
BLACK
6
CONTINUOUS
10
6.0541338582677167
20
-3.8745078740157481
11
6.0543211811023623
21
-3.873566220472441
0
LINE
8
BLACK
6
CONTINUOUS
10
6.0543211811023623
20
-3.873566220472441
11
6.0548545669291336
21
-3.8727679527559054
0
LINE
8
BLACK
6
CONTINUOUS
10
6.0548545669291336
20
-3.8727679527559054
11
6.0551181102362204
21
-3.8725918503937007
0
LINE
8
BLACK
6
CONTINUOUS
10
6.0551181102362204
20
-3.8725918503937007
11
6.0551181102362204
21
-3.8700787401574801
0
LINE
8
BLACK
6
CONTINUOUS
10
6.0551181102362204
20
-3.8700787401574801
11
6.0551937401574802
21
-3.8693106692913384
0
LINE
8
BLACK
6
CONTINUOUS
10
6.0551937401574802
20
-3.8693106692913384
11
6.0557816141732284
21
-3.8678914566929135
0
LINE
8
BLACK
6
CONTINUOUS
10
6.0557816141732284
20
-3.8678914566929135
11
6.0562712204724409
21
-3.8672948425196849
0
LINE
8
BLACK
6
CONTINUOUS
10
6.0562712204724409
20
-3.8672948425196849
11
6.0798932677165354
21
-3.8436727952755905
0
LINE
8
BLACK
6
CONTINUOUS
10
6.0798932677165354
20
-3.8436727952755905
11
6.0804898818897639
21
-3.8431831889763779
0
LINE
8
BLACK
6
CONTINUOUS
10
6.0804898818897639
20
-3.8431831889763779
11
6.0819090944881884
21
-3.8425953149606298
0
LINE
8
BLACK
6
CONTINUOUS
10
6.0819090944881884
20
-3.8425953149606298
11
6.0826771653543306
21
-3.8425196850393699
0
LINE
8
BLACK
6
CONTINUOUS
10
6.0826771653543306
20
-3.8425196850393699
11
6.0872530314960631
21
-3.8425196850393699
0
LINE
8
BLACK
6
CONTINUOUS
10
6.0872530314960631
20
-3.8425196850393699
11
6.087812913385827
21
-3.8404301968503938
0
LINE
8
BLACK
6
CONTINUOUS
10
6.087812913385827
20
-3.8404301968503938
11
6.089868464566929
21
-3.8368698818897635
0
LINE
8
BLACK
6
CONTINUOUS
10
6.089868464566929
20
-3.8368698818897635
11
6.0927753937007871
21
-3.8339629527559054
0
LINE
8
BLACK
6
CONTINUOUS
10
6.0927753937007871
20
-3.8339629527559054
11
6.0963357086614174
21
-3.8319074015748029
0
LINE
8
BLACK
6
CONTINUOUS
10
6.0963357086614174
20
-3.8319074015748029
11
6.100306692913386
21
-3.8308433858267716
0
LINE
8
BLACK
6
CONTINUOUS
10
6.100306692913386
20
-3.8308433858267716
11
6.1044177165354325
21
-3.8308433858267716
0
LINE
8
BLACK
6
CONTINUOUS
10
6.1044177165354325
20
-3.8308433858267716
11
6.1083887007874011
21
-3.8319074015748029
0
LINE
8
BLACK
6
CONTINUOUS
10
6.0821424409448817
20
-3.8722345669291336
11
6.0829407086614173
21
-3.8727679527559054
0
LINE
8
BLACK
6
CONTINUOUS
10
6.0829407086614173
20
-3.8727679527559054
11
6.0834740944881887
21
-3.873566220472441
0
LINE
8
BLACK
6
CONTINUOUS
10
6.0834740944881887
20
-3.873566220472441
11
6.0836614173228343
21
-3.8745078740157481
0
LINE
8
BLACK
6
CONTINUOUS
10
6.0836614173228343
20
-3.8745078740157481
11
6.0836614173228343
21
-3.9020669291338583
0
LINE
8
BLACK
6
CONTINUOUS
10
6.0836614173228343
20
-3.9020669291338583
11
6.0834740944881887
21
-3.9030085826771654
0
LINE
8
BLACK
6
CONTINUOUS
10
6.0834740944881887
20
-3.9030085826771654
11
6.0829407086614173
21
-3.9038068503937007
0
LINE
8
BLACK
6
CONTINUOUS
10
6.0829407086614173
20
-3.9038068503937007
11
6.0821424409448817
21
-3.9043402362204724
0
LINE
8
BLACK
6
CONTINUOUS
10
6.0821424409448817
20
-3.9043402362204724
11
6.081200787401575
21
-3.9045275590551181
0
LINE
8
BLACK
6
CONTINUOUS
10
6.081200787401575
20
-3.9045275590551181
11
6.0762795275590546
21
-3.9045275590551181
0
LINE
8
BLACK
6
CONTINUOUS
10
6.0762795275590546
20
-3.9045275590551181
11
6.075337874015748
21
-3.9043402362204724
0
LINE
8
BLACK
6
CONTINUOUS
10
6.075337874015748
20
-3.9043402362204724
11
6.0745396062992123
21
-3.9038068503937007
0
LINE
8
BLACK
6
CONTINUOUS
10
6.0745396062992123
20
-3.9038068503937007
11
6.074006220472441
21
-3.9030085826771654
0
LINE
8
BLACK
6
CONTINUOUS
10
6.074006220472441
20
-3.9030085826771654
11
6.0738188976377954
21
-3.9020669291338583
0
LINE
8
BLACK
6
CONTINUOUS
10
6.0738188976377954
20
-3.9020669291338583
11
6.0738188976377954
21
-3.8745078740157481
0
LINE
8
BLACK
6
CONTINUOUS
10
6.0738188976377954
20
-3.8745078740157481
11
6.074006220472441
21
-3.873566220472441
0
LINE
8
BLACK
6
CONTINUOUS
10
6.074006220472441
20
-3.873566220472441
11
6.0745396062992123
21
-3.8727679527559054
0
LINE
8
BLACK
6
CONTINUOUS
10
6.0745396062992123
20
-3.8727679527559054
11
6.075337874015748
21
-3.8722345669291336
0
LINE
8
BLACK
6
CONTINUOUS
10
6.075337874015748
20
-3.8722345669291336
11
6.0762795275590546
21
-3.872047244094488
0
LINE
8
BLACK
6
CONTINUOUS
10
6.0762795275590546
20
-3.872047244094488
11
6.081200787401575
21
-3.872047244094488
0
LINE
8
BLACK
6
CONTINUOUS
10
6.081200787401575
20
-3.872047244094488
11
6.0821424409448817
21
-3.8722345669291336
0
LINE
8
BLACK
6
CONTINUOUS
10
6.3503308267716534
20
-3.6018274803149604
11
6.3522466929133854
21
-3.6031076377952753
0
LINE
8
BLACK
6
CONTINUOUS
10
6.3522466929133854
20
-3.6031076377952753
11
6.3535268503937008
21
-3.6050235039370078
0
LINE
8
BLACK
6
CONTINUOUS
10
6.3535268503937008
20
-3.6050235039370078
11
6.3539763779527556
21
-3.6072834645669292
0
LINE
8
BLACK
6
CONTINUOUS
10
6.3539763779527556
20
-3.6072834645669292
11
6.3539763779527556
21
-3.6190944881889764
0
LINE
8
BLACK
6
CONTINUOUS
10
6.3539763779527556
20
-3.6190944881889764
11
6.3535268503937008
21
-3.6213544488188973
0
LINE
8
BLACK
6
CONTINUOUS
10
6.3535268503937008
20
-3.6213544488188973
11
6.3522466929133854
21
-3.6232703149606298
0
LINE
8
BLACK
6
CONTINUOUS
10
6.3522466929133854
20
-3.6232703149606298
11
6.3503308267716534
21
-3.6245504724409447
0
LINE
8
BLACK
6
CONTINUOUS
10
6.3503308267716534
20
-3.6245504724409447
11
6.3480708661417324
21
-3.625
0
LINE
8
BLACK
6
CONTINUOUS
10
6.3480708661417324
20
-3.625
11
6.2929527559055121
21
-3.625
0
LINE
8
BLACK
6
CONTINUOUS
10
6.2929527559055121
20
-3.625
11
6.2906927952755902
21
-3.6245504724409447
0
LINE
8
BLACK
6
CONTINUOUS
10
6.2906927952755902
20
-3.6245504724409447
11
6.2887769291338582
21
-3.6232703149606298
0
LINE
8
BLACK
6
CONTINUOUS
10
6.2887769291338582
20
-3.6232703149606298
11
6.2874967716535428
21
-3.6213544488188973
0
LINE
8
BLACK
6
CONTINUOUS
10
6.2874967716535428
20
-3.6213544488188973
11
6.287047244094488
21
-3.6190944881889764
0
LINE
8
BLACK
6
CONTINUOUS
10
6.287047244094488
20
-3.6190944881889764
11
6.282957952755905
21
-3.6190944881889764
0
LINE
8
BLACK
6
CONTINUOUS
10
6.282957952755905
20
-3.6190944881889764
11
6.2224409448818898
21
-3.679611496062992
0
LINE
8
BLACK
6
CONTINUOUS
10
6.2224409448818898
20
-3.679611496062992
11
6.2224409448818898
21
-3.8554970078740158
0
LINE
8
BLACK
6
CONTINUOUS
10
6.2224409448818898
20
-3.8554970078740158
11
6.2225619291338585
21
-3.8555294488188974
0
LINE
8
BLACK
6
CONTINUOUS
10
6.2225619291338585
20
-3.8555294488188974
11
6.2261222440944879
21
-3.8575849999999998
0
LINE
8
BLACK
6
CONTINUOUS
10
6.2261222440944879
20
-3.8575849999999998
11
6.229029173228346
21
-3.860491929133858
0
LINE
8
BLACK
6
CONTINUOUS
10
6.229029173228346
20
-3.860491929133858
11
6.2310847244094489
21
-3.8640522440944882
0
LINE
8
BLACK
6
CONTINUOUS
10
6.2310847244094489
20
-3.8640522440944882
11
6.2321487401574798
21
-3.8680232283464564
0
LINE
8
BLACK
6
CONTINUOUS
10
6.2321487401574798
20
-3.8680232283464564
11
6.2321487401574798
21
-3.8721342519685038
0
LINE
8
BLACK
6
CONTINUOUS
10
6.2321487401574798
20
-3.8721342519685038
11
6.2310847244094489
21
-3.8761052362204724
0
LINE
8
BLACK
6
CONTINUOUS
10
6.2310847244094489
20
-3.8761052362204724
11
6.229029173228346
21
-3.8796655511811022
0
LINE
8
BLACK
6
CONTINUOUS
10
6.229029173228346
20
-3.8796655511811022
11
6.2261222440944879
21
-3.8825724803149604
0
LINE
8
BLACK
6
CONTINUOUS
10
6.2261222440944879
20
-3.8825724803149604
11
6.2225619291338585
21
-3.8846280314960628
0
LINE
8
BLACK
6
CONTINUOUS
10
6.2225619291338585
20
-3.8846280314960628
11
6.2185909448818899
21
-3.8856920472440946
0
LINE
8
BLACK
6
CONTINUOUS
10
6.2185909448818899
20
-3.8856920472440946
11
6.2144799212598425
21
-3.8856920472440946
0
LINE
8
BLACK
6
CONTINUOUS
10
6.2144799212598425
20
-3.8856920472440946
11
6.2105089370078739
21
-3.8846280314960628
0
LINE
8
BLACK
6
CONTINUOUS
10
6.2105089370078739
20
-3.8846280314960628
11
6.2069486220472436
21
-3.8825724803149604
0
LINE
8
BLACK
6
CONTINUOUS
10
6.2069486220472436
20
-3.8825724803149604
11
6.2040416929133855
21
-3.8796655511811022
0
LINE
8
BLACK
6
CONTINUOUS
10
6.2040416929133855
20
-3.8796655511811022
11
6.2019861417322835
21
-3.8761052362204724
0
LINE
8
BLACK
6
CONTINUOUS
10
6.2019861417322835
20
-3.8761052362204724
11
6.2009221259842517
21
-3.8721342519685038
0
LINE
8
BLACK
6
CONTINUOUS
10
6.2009221259842517
20
-3.8721342519685038
11
6.2009221259842517
21
-3.8680232283464564
0
LINE
8
BLACK
6
CONTINUOUS
10
6.2009221259842517
20
-3.8680232283464564
11
6.2019861417322835
21
-3.8640522440944882
0
LINE
8
BLACK
6
CONTINUOUS
10
6.2019861417322835
20
-3.8640522440944882
11
6.2040416929133855
21
-3.860491929133858
0
LINE
8
BLACK
6
CONTINUOUS
10
6.2040416929133855
20
-3.860491929133858
11
6.2069486220472436
21
-3.8575849999999998
0
LINE
8
BLACK
6
CONTINUOUS
10
6.2069486220472436
20
-3.8575849999999998
11
6.2105089370078739
21
-3.8555294488188974
0
LINE
8
BLACK
6
CONTINUOUS
10
6.2105089370078739
20
-3.8555294488188974
11
6.2106299212598426
21
-3.8554970078740158
0
LINE
8
BLACK
6
CONTINUOUS
10
6.2106299212598426
20
-3.8554970078740158
11
6.2106299212598426
21
-3.6771653543307088
0
LINE
8
BLACK
6
CONTINUOUS
10
6.2106299212598426
20
-3.6771653543307088
11
6.2107433858267713
21
-3.6760132283464566
0
LINE
8
BLACK
6
CONTINUOUS
10
6.2107433858267713
20
-3.6760132283464566
11
6.2114892519685041
21
-3.6742125984251968
0
LINE
8
BLACK
6
CONTINUOUS
10
6.2114892519685041
20
-3.6742125984251968
11
6.2116251574803147
21
-3.6738844488188978
0
LINE
8
BLACK
6
CONTINUOUS
10
6.2116251574803147
20
-3.6738844488188978
11
6.2123596062992128
21
-3.6729895275590549
0
LINE
8
BLACK
6
CONTINUOUS
10
6.2123596062992128
20
-3.6729895275590549
11
6.2763359842519684
21
-3.6090131496062989
0
LINE
8
BLACK
6
CONTINUOUS
10
6.2763359842519684
20
-3.6090131496062989
11
6.2772309055118107
21
-3.6082787007874013
0
LINE
8
BLACK
6
CONTINUOUS
10
6.2772309055118107
20
-3.6082787007874013
11
6.2784779133858271
21
-3.6077621653543308
0
LINE
8
BLACK
6
CONTINUOUS
10
6.2784779133858271
20
-3.6077621653543308
11
6.2793596850393696
21
-3.6073969291338583
0
LINE
8
BLACK
6
CONTINUOUS
10
6.2793596850393696
20
-3.6073969291338583
11
6.2805118110236222
21
-3.6072834645669292
0
LINE
8
BLACK
6
CONTINUOUS
10
6.2805118110236222
20
-3.6072834645669292
11
6.287047244094488
21
-3.6072834645669292
0
LINE
8
BLACK
6
CONTINUOUS
10
6.287047244094488
20
-3.6072834645669292
11
6.2874967716535428
21
-3.6050235039370078
0
LINE
8
BLACK
6
CONTINUOUS
10
6.2874967716535428
20
-3.6050235039370078
11
6.2887769291338582
21
-3.6031076377952753
0
LINE
8
BLACK
6
CONTINUOUS
10
6.2887769291338582
20
-3.6031076377952753
11
6.2906927952755902
21
-3.6018274803149604
0
LINE
8
BLACK
6
CONTINUOUS
10
6.2906927952755902
20
-3.6018274803149604
11
6.2929527559055121
21
-3.6013779527559056
0
LINE
8
BLACK
6
CONTINUOUS
10
6.2929527559055121
20
-3.6013779527559056
11
6.3480708661417324
21
-3.6013779527559056
0
LINE
8
BLACK
6
CONTINUOUS
10
6.3480708661417324
20
-3.6013779527559056
11
6.3503308267716534
21
-3.6018274803149604
0
LINE
8
BLACK
6
CONTINUOUS
10
5.7121864960629916
20
-3.6548907086614171
11
5.7147409842519687
21
-3.6565975984251966
0
LINE
8
BLACK
6
CONTINUOUS
10
5.7147409842519687
20
-3.6565975984251966
11
5.7164478740157483
21
-3.6591520866141733
0
LINE
8
BLACK
6
CONTINUOUS
10
5.7164478740157483
20
-3.6591520866141733
11
5.7170472440944877
21
-3.6621653543307087
0
LINE
8
BLACK
6
CONTINUOUS
10
5.7170472440944877
20
-3.6621653543307087
11
5.7170472440944877
21
-3.6779133858267716
0
LINE
8
BLACK
6
CONTINUOUS
10
5.7170472440944877
20
-3.6779133858267716
11
5.7164478740157483
21
-3.6809266535433069
0
LINE
8
BLACK
6
CONTINUOUS
10
5.7164478740157483
20
-3.6809266535433069
11
5.7147409842519687
21
-3.6834811417322832
0
LINE
8
BLACK
6
CONTINUOUS
10
5.7147409842519687
20
-3.6834811417322832
11
5.7121864960629916
21
-3.6851880314960628
0
LINE
8
BLACK
6
CONTINUOUS
10
5.7121864960629916
20
-3.6851880314960628
11
5.7091732283464562
21
-3.6857874015748031
0
LINE
8
BLACK
6
CONTINUOUS
10
5.7091732283464562
20
-3.6857874015748031
11
5.7042519685039368
21
-3.6857874015748031
0
LINE
8
BLACK
6
CONTINUOUS
10
5.7042519685039368
20
-3.6857874015748031
11
5.7042519685039368
21
-3.7234593700787402
0
LINE
8
BLACK
6
CONTINUOUS
10
5.7042519685039368
20
-3.7234593700787402
11
5.751739015748031
21
-3.7709464173228344
0
LINE
8
BLACK
6
CONTINUOUS
10
5.751739015748031
20
-3.7709464173228344
11
5.7518475196850396
21
-3.7708837795275589
0
LINE
8
BLACK
6
CONTINUOUS
10
5.7518475196850396
20
-3.7708837795275589
11
5.7558185039370073
21
-3.7698197637795277
0
LINE
8
BLACK
6
CONTINUOUS
10
5.7558185039370073
20
-3.7698197637795277
11
5.7599295275590547
21
-3.7698197637795277
0
LINE
8
BLACK
6
CONTINUOUS
10
5.7599295275590547
20
-3.7698197637795277
11
5.7639005118110234
21
-3.7708837795275589
0
LINE
8
BLACK
6
CONTINUOUS
10
5.7639005118110234
20
-3.7708837795275589
11
5.7674608267716536
21
-3.7729393307086614
0
LINE
8
BLACK
6
CONTINUOUS
10
5.7674608267716536
20
-3.7729393307086614
11
5.7703677559055118
21
-3.7758462598425195
0
LINE
8
BLACK
6
CONTINUOUS
10
5.7703677559055118
20
-3.7758462598425195
11
5.7724233070866138
21
-3.7794065748031493
0
LINE
8
BLACK
6
CONTINUOUS
10
5.7724233070866138
20
-3.7794065748031493
11
5.7734873228346455
21
-3.783377559055118
0
LINE
8
BLACK
6
CONTINUOUS
10
5.7734873228346455
20
-3.783377559055118
11
5.7734873228346455
21
-3.7874885826771654
0
LINE
8
BLACK
6
CONTINUOUS
10
5.7734873228346455
20
-3.7874885826771654
11
5.7724233070866138
21
-3.7914595669291336
0
LINE
8
BLACK
6
CONTINUOUS
10
5.7724233070866138
20
-3.7914595669291336
11
5.7703677559055118
21
-3.7950198818897638
0
LINE
8
BLACK
6
CONTINUOUS
10
5.7703677559055118
20
-3.7950198818897638
11
5.7674608267716536
21
-3.797926811023622
0
LINE
8
BLACK
6
CONTINUOUS
10
5.7674608267716536
20
-3.797926811023622
11
5.7639005118110234
21
-3.7999823622047244
0
LINE
8
BLACK
6
CONTINUOUS
10
5.7639005118110234
20
-3.7999823622047244
11
5.7599295275590547
21
-3.8010463779527557
0
LINE
8
BLACK
6
CONTINUOUS
10
5.7599295275590547
20
-3.8010463779527557
11
5.7558185039370073
21
-3.8010463779527557
0
LINE
8
BLACK
6
CONTINUOUS
10
5.7558185039370073
20
-3.8010463779527557
11
5.7518475196850396
21
-3.7999823622047244
0
LINE
8
BLACK
6
CONTINUOUS
10
5.7518475196850396
20
-3.7999823622047244
11
5.7482872047244093
21
-3.797926811023622
0
LINE
8
BLACK
6
CONTINUOUS
10
5.7482872047244093
20
-3.797926811023622
11
5.7453802755905512
21
-3.7950198818897638
0
LINE
8
BLACK
6
CONTINUOUS
10
5.7453802755905512
20
-3.7950198818897638
11
5.7433247244094483
21
-3.7914595669291336
0
LINE
8
BLACK
6
CONTINUOUS
10
5.7433247244094483
20
-3.7914595669291336
11
5.7422607086614175
21
-3.7874885826771654
0
LINE
8
BLACK
6
CONTINUOUS
10
5.7422607086614175
20
-3.7874885826771654
11
5.7422607086614175
21
-3.783377559055118
0
LINE
8
BLACK
6
CONTINUOUS
10
5.7422607086614175
20
-3.783377559055118
11
5.7433247244094483
21
-3.7794065748031493
0
LINE
8
BLACK
6
CONTINUOUS
10
5.7433247244094483
20
-3.7794065748031493
11
5.7433873622047242
21
-3.7792980708661417
0
LINE
8
BLACK
6
CONTINUOUS
10
5.7433873622047242
20
-3.7792980708661417
11
5.6941706299212598
21
-3.7300813385826772
0
LINE
8
BLACK
6
CONTINUOUS
10
5.6941706299212598
20
-3.7300813385826772
11
5.6934361811023617
21
-3.7291864173228344
0
LINE
8
BLACK
6
CONTINUOUS
10
5.6934361811023617
20
-3.7291864173228344
11
5.6925544094488192
21
-3.7270575984251968
0
LINE
8
BLACK
6
CONTINUOUS
10
5.6925544094488192
20
-3.7270575984251968
11
5.6924409448818896
21
-3.7259055118110234
0
LINE
8
BLACK
6
CONTINUOUS
10
5.6924409448818896
20
-3.7259055118110234
11
5.6924409448818896
21
-3.6857874015748031
0
LINE
8
BLACK
6
CONTINUOUS
10
5.6924409448818896
20
-3.6857874015748031
11
5.6875196850393701
21
-3.6857874015748031
0
LINE
8
BLACK
6
CONTINUOUS
10
5.6875196850393701
20
-3.6857874015748031
11
5.6845064173228348
21
-3.6851880314960628
0
LINE
8
BLACK
6
CONTINUOUS
10
5.6845064173228348
20
-3.6851880314960628
11
5.6819519291338585
21
-3.6834811417322832
0
LINE
8
BLACK
6
CONTINUOUS
10
5.6819519291338585
20
-3.6834811417322832
11
5.680245039370079
21
-3.6809266535433069
0
LINE
8
BLACK
6
CONTINUOUS
10
5.680245039370079
20
-3.6809266535433069
11
5.6796456692913386
21
-3.6779133858267716
0
LINE
8
BLACK
6
CONTINUOUS
10
5.6796456692913386
20
-3.6779133858267716
11
5.6796456692913386
21
-3.6621653543307087
0
LINE
8
BLACK
6
CONTINUOUS
10
5.6796456692913386
20
-3.6621653543307087
11
5.680245039370079
21
-3.6591520866141733
0
LINE
8
BLACK
6
CONTINUOUS
10
5.680245039370079
20
-3.6591520866141733
11
5.6819519291338585
21
-3.6565975984251966
0
LINE
8
BLACK
6
CONTINUOUS
10
5.6819519291338585
20
-3.6565975984251966
11
5.6845064173228348
21
-3.6548907086614171
0
LINE
8
BLACK
6
CONTINUOUS
10
5.6845064173228348
20
-3.6548907086614171
11
5.6875196850393701
21
-3.6542913385826772
0
LINE
8
BLACK
6
CONTINUOUS
10
5.6875196850393701
20
-3.6542913385826772
11
5.7091732283464562
21
-3.6542913385826772
0
LINE
8
BLACK
6
CONTINUOUS
10
5.7091732283464562
20
-3.6542913385826772
11
5.7121864960629916
21
-3.6548907086614171
0
LINE
8
BLACK
6
CONTINUOUS
10
6.3503308267716534
20
-3.5526148818897636
11
6.3522466929133854
21
-3.5538950393700786
0
LINE
8
BLACK
6
CONTINUOUS
10
6.3522466929133854
20
-3.5538950393700786
11
6.3535268503937008
21
-3.555810905511811
0
LINE
8
BLACK
6
CONTINUOUS
10
6.3535268503937008
20
-3.555810905511811
11
6.3539763779527556
21
-3.5580708661417324
0
LINE
8
BLACK
6
CONTINUOUS
10
6.3539763779527556
20
-3.5580708661417324
11
6.3539763779527556
21
-3.5698818897637796
0
LINE
8
BLACK
6
CONTINUOUS
10
6.3539763779527556
20
-3.5698818897637796
11
6.3535268503937008
21
-3.5721418503937006
0
LINE
8
BLACK
6
CONTINUOUS
10
6.3535268503937008
20
-3.5721418503937006
11
6.3522466929133854
21
-3.574057716535433
0
LINE
8
BLACK
6
CONTINUOUS
10
6.3522466929133854
20
-3.574057716535433
11
6.3503308267716534
21
-3.575337874015748
0
LINE
8
BLACK
6
CONTINUOUS
10
6.3503308267716534
20
-3.575337874015748
11
6.3480708661417324
21
-3.5757874015748032
0
LINE
8
BLACK
6
CONTINUOUS
10
6.3480708661417324
20
-3.5757874015748032
11
6.2929527559055121
21
-3.5757874015748032
0
LINE
8
BLACK
6
CONTINUOUS
10
6.2929527559055121
20
-3.5757874015748032
11
6.2906927952755902
21
-3.575337874015748
0
LINE
8
BLACK
6
CONTINUOUS
10
6.2906927952755902
20
-3.575337874015748
11
6.2887769291338582
21
-3.574057716535433
0
LINE
8
BLACK
6
CONTINUOUS
10
6.2887769291338582
20
-3.574057716535433
11
6.2874967716535428
21
-3.5721418503937006
0
LINE
8
BLACK
6
CONTINUOUS
10
6.2874967716535428
20
-3.5721418503937006
11
6.287047244094488
21
-3.5698818897637796
0
LINE
8
BLACK
6
CONTINUOUS
10
6.287047244094488
20
-3.5698818897637796
11
6.2770524409448818
21
-3.5698818897637796
0
LINE
8
BLACK
6
CONTINUOUS
10
6.2770524409448818
20
-3.5698818897637796
11
6.159448818897638
21
-3.6874855118110235
0
LINE
8
BLACK
6
CONTINUOUS
10
6.159448818897638
20
-3.6874855118110235
11
6.159448818897638
21
-3.7334497637795274
0
LINE
8
BLACK
6
CONTINUOUS
10
6.159448818897638
20
-3.7334497637795274
11
6.1595698031496058
21
-3.7334822047244094
0
LINE
8
BLACK
6
CONTINUOUS
10
6.1595698031496058
20
-3.7334822047244094
11
6.163130118110236
21
-3.7355377559055118
0
LINE
8
BLACK
6
CONTINUOUS
10
6.163130118110236
20
-3.7355377559055118
11
6.1660370472440942
21
-3.73844468503937
0
LINE
8
BLACK
6
CONTINUOUS
10
6.1660370472440942
20
-3.73844468503937
11
6.1680925984251971
21
-3.7420049999999998
0
LINE
8
BLACK
6
CONTINUOUS
10
6.1680925984251971
20
-3.7420049999999998
11
6.1691566141732279
21
-3.7459759842519684
0
LINE
8
BLACK
6
CONTINUOUS
10
6.1691566141732279
20
-3.7459759842519684
11
6.1691566141732279
21
-3.7500870078740158
0
LINE
8
BLACK
6
CONTINUOUS
10
6.1691566141732279
20
-3.7500870078740158
11
6.168770866141732
21
-3.7515264960629922
0
LINE
8
BLACK
6
CONTINUOUS
10
6.168770866141732
20
-3.7515264960629922
11
6.169937834645669
21
-3.7523062598425194
0
LINE
8
BLACK
6
CONTINUOUS
10
6.169937834645669
20
-3.7523062598425194
11
6.1716447244094486
21
-3.7548607480314962
0
LINE
8
BLACK
6
CONTINUOUS
10
6.1716447244094486
20
-3.7548607480314962
11
6.1722440944881889
21
-3.7578740157480315
0
LINE
8
BLACK
6
CONTINUOUS
10
6.1722440944881889
20
-3.7578740157480315
11
6.1722440944881889
21
-3.7736220472440944
0
LINE
8
BLACK
6
CONTINUOUS
10
6.1722440944881889
20
-3.7736220472440944
11
6.1716447244094486
21
-3.7766353149606298
0
LINE
8
BLACK
6
CONTINUOUS
10
6.1716447244094486
20
-3.7766353149606298
11
6.169937834645669
21
-3.7791898031496061
0
LINE
8
BLACK
6
CONTINUOUS
10
6.169937834645669
20
-3.7791898031496061
11
6.1673833464566927
21
-3.7808966929133856
0
LINE
8
BLACK
6
CONTINUOUS
10
6.1673833464566927
20
-3.7808966929133856
11
6.1643700787401574
21
-3.7814960629921259
0
LINE
8
BLACK
6
CONTINUOUS
10
6.1643700787401574
20
-3.7814960629921259
11
6.1427165354330704
21
-3.7814960629921259
0
LINE
8
BLACK
6
CONTINUOUS
10
6.1427165354330704
20
-3.7814960629921259
11
6.1397032677165351
21
-3.7808966929133856
0
LINE
8
BLACK
6
CONTINUOUS
10
6.1397032677165351
20
-3.7808966929133856
11
6.1371487795275588
21
-3.7791898031496061
0
LINE
8
BLACK
6
CONTINUOUS
10
6.1371487795275588
20
-3.7791898031496061
11
6.1354418897637792
21
-3.7766353149606298
0
LINE
8
BLACK
6
CONTINUOUS
10
6.1354418897637792
20
-3.7766353149606298
11
6.1348425196850389
21
-3.7736220472440944
0
LINE
8
BLACK
6
CONTINUOUS
10
6.1348425196850389
20
-3.7736220472440944
11
6.1348425196850389
21
-3.7578740157480315
0
LINE
8
BLACK
6
CONTINUOUS
10
6.1348425196850389
20
-3.7578740157480315
11
6.1354418897637792
21
-3.7548607480314962
0
LINE
8
BLACK
6
CONTINUOUS
10
6.1354418897637792
20
-3.7548607480314962
11
6.1371487795275588
21
-3.7523062598425194
0
LINE
8
BLACK
6
CONTINUOUS
10
6.1371487795275588
20
-3.7523062598425194
11
6.1383157086614171
21
-3.7515264960629922
0
LINE
8
BLACK
6
CONTINUOUS
10
6.1383157086614171
20
-3.7515264960629922
11
6.1379299999999999
21
-3.7500870078740158
0
LINE
8
BLACK
6
CONTINUOUS
10
6.1379299999999999
20
-3.7500870078740158
11
6.1379299999999999
21
-3.7459759842519684
0
LINE
8
BLACK
6
CONTINUOUS
10
6.1379299999999999
20
-3.7459759842519684
11
6.1389940157480316
21
-3.7420049999999998
0
LINE
8
BLACK
6
CONTINUOUS
10
6.1389940157480316
20
-3.7420049999999998
11
6.1410495669291336
21
-3.73844468503937
0
LINE
8
BLACK
6
CONTINUOUS
10
6.1410495669291336
20
-3.73844468503937
11
6.1439564960629918
21
-3.7355377559055118
0
LINE
8
BLACK
6
CONTINUOUS
10
6.1439564960629918
20
-3.7355377559055118
11
6.147516811023622
21
-3.7334822047244094
0
LINE
8
BLACK
6
CONTINUOUS
10
6.147516811023622
20
-3.7334822047244094
11
6.1476377952755907
21
-3.7334497637795274
0
LINE
8
BLACK
6
CONTINUOUS
10
6.1476377952755907
20
-3.7334497637795274
11
6.1476377952755907
21
-3.6850393700787403
0
LINE
8
BLACK
6
CONTINUOUS
10
6.1476377952755907
20
-3.6850393700787403
11
6.1477512598425195
21
-3.6838872440944881
0
LINE
8
BLACK
6
CONTINUOUS
10
6.1477512598425195
20
-3.6838872440944881
11
6.1481987007874013
21
-3.6828070472440944
0
LINE
8
BLACK
6
CONTINUOUS
10
6.1481987007874013
20
-3.6828070472440944
11
6.1486330314960629
21
-3.6817584645669292
0
LINE
8
BLACK
6
CONTINUOUS
10
6.1486330314960629
20
-3.6817584645669292
11
6.1493674803149601
21
-3.6808635433070864
0
LINE
8
BLACK
6
CONTINUOUS
10
6.1493674803149601
20
-3.6808635433070864
11
6.2704304724409443
21
-3.5598005511811022
0
LINE
8
BLACK
6
CONTINUOUS
10
6.2704304724409443
20
-3.5598005511811022
11
6.2713253937007876
21
-3.5590661023622046
0
LINE
8
BLACK
6
CONTINUOUS
10
6.2713253937007876
20
-3.5590661023622046
11
6.272572401574803
21
-3.5585495669291336
0
LINE
8
BLACK
6
CONTINUOUS
10
6.272572401574803
20
-3.5585495669291336
11
6.2734541732283464
21
-3.5581843307086611
0
LINE
8
BLACK
6
CONTINUOUS
10
6.2734541732283464
20
-3.5581843307086611
11
6.2746062992125982
21
-3.5580708661417324
0
LINE
8
BLACK
6
CONTINUOUS
10
6.2746062992125982
20
-3.5580708661417324
11
6.287047244094488
21
-3.5580708661417324
0
LINE
8
BLACK
6
CONTINUOUS
10
6.287047244094488
20
-3.5580708661417324
11
6.2874967716535428
21
-3.555810905511811
0
LINE
8
BLACK
6
CONTINUOUS
10
6.2874967716535428
20
-3.555810905511811
11
6.2887769291338582
21
-3.5538950393700786
0
LINE
8
BLACK
6
CONTINUOUS
10
6.2887769291338582
20
-3.5538950393700786
11
6.2906927952755902
21
-3.5526148818897636
0
LINE
8
BLACK
6
CONTINUOUS
10
6.2906927952755902
20
-3.5526148818897636
11
6.2929527559055121
21
-3.5521653543307088
0
LINE
8
BLACK
6
CONTINUOUS
10
6.2929527559055121
20
-3.5521653543307088
11
6.3480708661417324
21
-3.5521653543307088
0
LINE
8
BLACK
6
CONTINUOUS
10
6.3480708661417324
20
-3.5521653543307088
11
6.3503308267716534
21
-3.5526148818897636
0
LINE
8
BLACK
6
CONTINUOUS
10
5.817186496062992
20
-3.6548513385826773
11
5.8197409842519683
21
-3.6565582283464568
0
LINE
8
BLACK
6
CONTINUOUS
10
5.8197409842519683
20
-3.6565582283464568
11
5.8214478740157478
21
-3.6591127165354331
0
LINE
8
BLACK
6
CONTINUOUS
10
5.8214478740157478
20
-3.6591127165354331
11
5.8218206692913386
21
-3.6609869291338581
0
LINE
8
BLACK
6
CONTINUOUS
10
5.8218206692913386
20
-3.6609869291338581
11
5.8221519291338577
21
-3.6604131889763778
0
LINE
8
BLACK
6
CONTINUOUS
10
5.8221519291338577
20
-3.6604131889763778
11
5.8250588582677167
21
-3.6575062598425196
0
LINE
8
BLACK
6
CONTINUOUS
10
5.8250588582677167
20
-3.6575062598425196
11
5.8286191732283461
21
-3.6554507086614172
0
LINE
8
BLACK
6
CONTINUOUS
10
5.8286191732283461
20
-3.6554507086614172
11
5.8325901574803147
21
-3.6543866929133859
0
LINE
8
BLACK
6
CONTINUOUS
10
5.8325901574803147
20
-3.6543866929133859
11
5.8367011811023621
21
-3.6543866929133859
0
LINE
8
BLACK
6
CONTINUOUS
10
5.8367011811023621
20
-3.6543866929133859
11
5.8406721653543308
21
-3.6554507086614172
0
LINE
8
BLACK
6
CONTINUOUS
10
5.8406721653543308
20
-3.6554507086614172
11
5.8442324803149601
21
-3.6575062598425196
0
LINE
8
BLACK
6
CONTINUOUS
10
5.8442324803149601
20
-3.6575062598425196
11
5.8471394094488192
21
-3.6604131889763778
0
LINE
8
BLACK
6
CONTINUOUS
10
5.8471394094488192
20
-3.6604131889763778
11
5.8491949606299212
21
-3.6639735039370076
0
LINE
8
BLACK
6
CONTINUOUS
10
5.8491949606299212
20
-3.6639735039370076
11
5.8502589763779529
21
-3.6679444881889762
0
LINE
8
BLACK
6
CONTINUOUS
10
5.8502589763779529
20
-3.6679444881889762
11
5.8502589763779529
21
-3.6720555118110236
0
LINE
8
BLACK
6
CONTINUOUS
10
5.8502589763779529
20
-3.6720555118110236
11
5.8491949606299212
21
-3.6760264960629923
0
LINE
8
BLACK
6
CONTINUOUS
10
5.8491949606299212
20
-3.6760264960629923
11
5.8471394094488192
21
-3.6795868110236221
0
LINE
8
BLACK
6
CONTINUOUS
10
5.8471394094488192
20
-3.6795868110236221
11
5.8442324803149601
21
-3.6824937401574802
0
LINE
8
BLACK
6
CONTINUOUS
10
5.8442324803149601
20
-3.6824937401574802
11
5.8406721653543308
21
-3.6845492913385827
0
LINE
8
BLACK
6
CONTINUOUS
10
5.8406721653543308
20
-3.6845492913385827
11
5.8367011811023621
21
-3.6856133070866139
0
LINE
8
BLACK
6
CONTINUOUS
10
5.8367011811023621
20
-3.6856133070866139
11
5.8325901574803147
21
-3.6856133070866139
0
LINE
8
BLACK
6
CONTINUOUS
10
5.8325901574803147
20
-3.6856133070866139
11
5.8286191732283461
21
-3.6845492913385827
0
LINE
8
BLACK
6
CONTINUOUS
10
5.8286191732283461
20
-3.6845492913385827
11
5.8250588582677167
21
-3.6824937401574802
0
LINE
8
BLACK
6
CONTINUOUS
10
5.8250588582677167
20
-3.6824937401574802
11
5.8221519291338577
21
-3.6795868110236221
0
LINE
8
BLACK
6
CONTINUOUS
10
5.8221519291338577
20
-3.6795868110236221
11
5.8218206692913386
21
-3.679013031496063
0
LINE
8
BLACK
6
CONTINUOUS
10
5.8218206692913386
20
-3.679013031496063
11
5.8214478740157478
21
-3.6808872834645667
0
LINE
8
BLACK
6
CONTINUOUS
10
5.8214478740157478
20
-3.6808872834645667
11
5.8197409842519683
21
-3.683441771653543
0
LINE
8
BLACK
6
CONTINUOUS
10
5.8197409842519683
20
-3.683441771653543
11
5.817186496062992
21
-3.6851486614173226
0
LINE
8
BLACK
6
CONTINUOUS
10
5.817186496062992
20
-3.6851486614173226
11
5.8141732283464567
21
-3.6857480314960629
0
LINE
8
BLACK
6
CONTINUOUS
10
5.8141732283464567
20
-3.6857480314960629
11
5.7925196850393696
21
-3.6857480314960629
0
LINE
8
BLACK
6
CONTINUOUS
10
5.7925196850393696
20
-3.6857480314960629
11
5.7895064173228343
21
-3.6851486614173226
0
LINE
8
BLACK
6
CONTINUOUS
10
5.7895064173228343
20
-3.6851486614173226
11
5.786951929133858
21
-3.683441771653543
0
LINE
8
BLACK
6
CONTINUOUS
10
5.786951929133858
20
-3.683441771653543
11
5.7852450393700785
21
-3.6808872834645667
0
LINE
8
BLACK
6
CONTINUOUS
10
5.7852450393700785
20
-3.6808872834645667
11
5.7846456692913382
21
-3.6778740157480314
0
LINE
8
BLACK
6
CONTINUOUS
10
5.7846456692913382
20
-3.6778740157480314
11
5.7846456692913382
21
-3.6621259842519684
0
LINE
8
BLACK
6
CONTINUOUS
10
5.7846456692913382
20
-3.6621259842519684
11
5.7852450393700785
21
-3.6591127165354331
0
LINE
8
BLACK
6
CONTINUOUS
10
5.7852450393700785
20
-3.6591127165354331
11
5.786951929133858
21
-3.6565582283464568
0
LINE
8
BLACK
6
CONTINUOUS
10
5.786951929133858
20
-3.6565582283464568
11
5.7895064173228343
21
-3.6548513385826773
0
LINE
8
BLACK
6
CONTINUOUS
10
5.7895064173228343
20
-3.6548513385826773
11
5.7925196850393696
21
-3.654251968503937
0
LINE
8
BLACK
6
CONTINUOUS
10
5.7925196850393696
20
-3.654251968503937
11
5.8141732283464567
21
-3.654251968503937
0
LINE
8
BLACK
6
CONTINUOUS
10
5.8141732283464567
20
-3.654251968503937
11
5.817186496062992
21
-3.6548513385826773
0
LINE
8
BLACK
6
CONTINUOUS
10
6.3879162598425197
20
-3.6468680314960631
11
6.3914765748031499
21
-3.6489235826771651
0
LINE
8
BLACK
6
CONTINUOUS
10
6.3914765748031499
20
-3.6489235826771651
11
6.3943835039370081
21
-3.6518305118110237
0
LINE
8
BLACK
6
CONTINUOUS
10
6.3943835039370081
20
-3.6518305118110237
11
6.3964390551181101
21
-3.6553908267716535
0
LINE
8
BLACK
6
CONTINUOUS
10
6.3964390551181101
20
-3.6553908267716535
11
6.3975030708661418
21
-3.6593618110236221
0
LINE
8
BLACK
6
CONTINUOUS
10
6.3975030708661418
20
-3.6593618110236221
11
6.3975030708661418
21
-3.6634728346456691
0
LINE
8
BLACK
6
CONTINUOUS
10
6.3975030708661418
20
-3.6634728346456691
11
6.3964390551181101
21
-3.6674438188976377
0
LINE
8
BLACK
6
CONTINUOUS
10
6.3964390551181101
20
-3.6674438188976377
11
6.3943835039370081
21
-3.6710041338582675
0
LINE
8
BLACK
6
CONTINUOUS
10
6.3943835039370081
20
-3.6710041338582675
11
6.3914765748031499
21
-3.6739110629921261
0
LINE
8
BLACK
6
CONTINUOUS
10
6.3914765748031499
20
-3.6739110629921261
11
6.3879162598425197
21
-3.6759666141732281
0
LINE
8
BLACK
6
CONTINUOUS
10
6.3879162598425197
20
-3.6759666141732281
11
6.383945275590551
21
-3.6770306299212598
0
LINE
8
BLACK
6
CONTINUOUS
10
6.383945275590551
20
-3.6770306299212598
11
6.3798342519685036
21
-3.6770306299212598
0
LINE
8
BLACK
6
CONTINUOUS
10
6.3798342519685036
20
-3.6770306299212598
11
6.375863267716535
21
-3.6759666141732281
0
LINE
8
BLACK
6
CONTINUOUS
10
6.375863267716535
20
-3.6759666141732281
11
6.3723029527559056
21
-3.6739110629921261
0
LINE
8
BLACK
6
CONTINUOUS
10
6.3723029527559056
20
-3.6739110629921261
11
6.3693960236220475
21
-3.6710041338582675
0
LINE
8
BLACK
6
CONTINUOUS
10
6.3693960236220475
20
-3.6710041338582675
11
6.3678388976377951
21
-3.6683070866141732
0
LINE
8
BLACK
6
CONTINUOUS
10
6.3678388976377951
20
-3.6683070866141732
11
6.3539763779527556
21
-3.6683070866141732
0
LINE
8
BLACK
6
CONTINUOUS
10
6.3539763779527556
20
-3.6683070866141732
11
6.3535268503937008
21
-3.6705670472440945
0
LINE
8
BLACK
6
CONTINUOUS
10
6.3535268503937008
20
-3.6705670472440945
11
6.3522466929133854
21
-3.6724829133858266
0
LINE
8
BLACK
6
CONTINUOUS
10
6.3522466929133854
20
-3.6724829133858266
11
6.3503308267716534
21
-3.6737630708661415
0
LINE
8
BLACK
6
CONTINUOUS
10
6.3503308267716534
20
-3.6737630708661415
11
6.3480708661417324
21
-3.6742125984251968
0
LINE
8
BLACK
6
CONTINUOUS
10
6.3480708661417324
20
-3.6742125984251968
11
6.2929527559055121
21
-3.6742125984251968
0
LINE
8
BLACK
6
CONTINUOUS
10
6.2929527559055121
20
-3.6742125984251968
11
6.2906927952755902
21
-3.6737630708661415
0
LINE
8
BLACK
6
CONTINUOUS
10
6.2906927952755902
20
-3.6737630708661415
11
6.2887769291338582
21
-3.6724829133858266
0
LINE
8
BLACK
6
CONTINUOUS
10
6.2887769291338582
20
-3.6724829133858266
11
6.2874967716535428
21
-3.6705670472440945
0
LINE
8
BLACK
6
CONTINUOUS
10
6.2874967716535428
20
-3.6705670472440945
11
6.287047244094488
21
-3.6683070866141732
0
LINE
8
BLACK
6
CONTINUOUS
10
6.287047244094488
20
-3.6683070866141732
11
6.287047244094488
21
-3.6564960629921259
0
LINE
8
BLACK
6
CONTINUOUS
10
6.287047244094488
20
-3.6564960629921259
11
6.2874967716535428
21
-3.6542361023622045
0
LINE
8
BLACK
6
CONTINUOUS
10
6.2874967716535428
20
-3.6542361023622045
11
6.2887769291338582
21
-3.6523202362204725
0
LINE
8
BLACK
6
CONTINUOUS
10
6.2887769291338582
20
-3.6523202362204725
11
6.2906927952755902
21
-3.6510400787401576
0
LINE
8
BLACK
6
CONTINUOUS
10
6.2906927952755902
20
-3.6510400787401576
11
6.2929527559055121
21
-3.6505905511811023
0
LINE
8
BLACK
6
CONTINUOUS
10
6.2929527559055121
20
-3.6505905511811023
11
6.3480708661417324
21
-3.6505905511811023
0
LINE
8
BLACK
6
CONTINUOUS
10
6.3480708661417324
20
-3.6505905511811023
11
6.3503308267716534
21
-3.6510400787401576
0
LINE
8
BLACK
6
CONTINUOUS
10
6.3503308267716534
20
-3.6510400787401576
11
6.3522466929133854
21
-3.6523202362204725
0
LINE
8
BLACK
6
CONTINUOUS
10
6.3522466929133854
20
-3.6523202362204725
11
6.3535268503937008
21
-3.6542361023622045
0
LINE
8
BLACK
6
CONTINUOUS
10
6.3535268503937008
20
-3.6542361023622045
11
6.3539763779527556
21
-3.6564960629921259
0
LINE
8
BLACK
6
CONTINUOUS
10
6.3539763779527556
20
-3.6564960629921259
11
6.3670443307086613
21
-3.6564960629921259
0
LINE
8
BLACK
6
CONTINUOUS
10
6.3670443307086613
20
-3.6564960629921259
11
6.3673404724409446
21
-3.6553908267716535
0
LINE
8
BLACK
6
CONTINUOUS
10
6.3673404724409446
20
-3.6553908267716535
11
6.3693960236220475
21
-3.6518305118110237
0
LINE
8
BLACK
6
CONTINUOUS
10
6.3693960236220475
20
-3.6518305118110237
11
6.3723029527559056
21
-3.6489235826771651
0
LINE
8
BLACK
6
CONTINUOUS
10
6.3723029527559056
20
-3.6489235826771651
11
6.375863267716535
21
-3.6468680314960631
0
LINE
8
BLACK
6
CONTINUOUS
10
6.375863267716535
20
-3.6468680314960631
11
6.3798342519685036
21
-3.6458040157480314
0
LINE
8
BLACK
6
CONTINUOUS
10
6.3798342519685036
20
-3.6458040157480314
11
6.383945275590551
21
-3.6458040157480314
0
LINE
8
BLACK
6
CONTINUOUS
10
6.383945275590551
20
-3.6458040157480314
11
6.3879162598425197
21
-3.6468680314960631
0
LINE
8
BLACK
6
CONTINUOUS
10
5.548581181102362
20
-3.4914823228346457
11
5.5513751968503939
21
-3.4933492125984249
0
LINE
8
BLACK
6
CONTINUOUS
10
5.5513751968503939
20
-3.4933492125984249
11
5.5532420866141727
21
-3.4961432283464564
0
LINE
8
BLACK
6
CONTINUOUS
10
5.5532420866141727
20
-3.4961432283464564
11
5.5538976377952753
21
-3.4994389763779528
0
LINE
8
BLACK
6
CONTINUOUS
10
5.5538976377952753
20
-3.4994389763779528
11
5.5538976377952753
21
-3.5031299212598426
0
LINE
8
BLACK
6
CONTINUOUS
10
5.5538976377952753
20
-3.5031299212598426
11
5.5641535433070866
21
-3.5031299212598426
0
LINE
8
BLACK
6
CONTINUOUS
10
5.5641535433070866
20
-3.5031299212598426
11
5.5653056692913383
21
-3.5032433858267717
0
LINE
8
BLACK
6
CONTINUOUS
10
5.5653056692913383
20
-3.5032433858267717
11
5.5660515748031498
21
-3.5035523622047244
0
LINE
8
BLACK
6
CONTINUOUS
10
5.5660515748031498
20
-3.5035523622047244
11
5.5674344488188972
21
-3.5041251574803147
0
LINE
8
BLACK
6
CONTINUOUS
10
5.5674344488188972
20
-3.5041251574803147
11
5.5683293700787404
21
-3.5048596062992123
0
LINE
8
BLACK
6
CONTINUOUS
10
5.5683293700787404
20
-3.5048596062992123
11
5.662642992125984
21
-3.5991732283464568
0
LINE
8
BLACK
6
CONTINUOUS
10
5.662642992125984
20
-3.5991732283464568
11
5.6796456692913386
21
-3.5991732283464568
0
LINE
8
BLACK
6
CONTINUOUS
10
5.6796456692913386
20
-3.5991732283464568
11
5.6796456692913386
21
-3.5972047244094489
0
LINE
8
BLACK
6
CONTINUOUS
10
5.6796456692913386
20
-3.5972047244094489
11
5.680245039370079
21
-3.5941914566929132
0
LINE
8
BLACK
6
CONTINUOUS
10
5.680245039370079
20
-3.5941914566929132
11
5.6819519291338585
21
-3.5916369685039369
0
LINE
8
BLACK
6
CONTINUOUS
10
5.6819519291338585
20
-3.5916369685039369
11
5.6845064173228348
21
-3.5899300787401573
0
LINE
8
BLACK
6
CONTINUOUS
10
5.6845064173228348
20
-3.5899300787401573
11
5.6875196850393701
21
-3.5893307086614175
0
LINE
8
BLACK
6
CONTINUOUS
10
5.6875196850393701
20
-3.5893307086614175
11
5.7091732283464562
21
-3.5893307086614175
0
LINE
8
BLACK
6
CONTINUOUS
10
5.7091732283464562
20
-3.5893307086614175
11
5.7121864960629916
21
-3.5899300787401573
0
LINE
8
BLACK
6
CONTINUOUS
10
5.7121864960629916
20
-3.5899300787401573
11
5.7147409842519687
21
-3.5916369685039369
0
LINE
8
BLACK
6
CONTINUOUS
10
5.7147409842519687
20
-3.5916369685039369
11
5.7164478740157483
21
-3.5941914566929132
0
LINE
8
BLACK
6
CONTINUOUS
10
5.7164478740157483
20
-3.5941914566929132
11
5.7170472440944877
21
-3.5972047244094489
0
LINE
8
BLACK
6
CONTINUOUS
10
5.7170472440944877
20
-3.5972047244094489
11
5.7170472440944877
21
-3.6129527559055119
0
LINE
8
BLACK
6
CONTINUOUS
10
5.7170472440944877
20
-3.6129527559055119
11
5.7164478740157483
21
-3.6159660236220472
0
LINE
8
BLACK
6
CONTINUOUS
10
5.7164478740157483
20
-3.6159660236220472
11
5.7147409842519687
21
-3.6185205118110235
0
LINE
8
BLACK
6
CONTINUOUS
10
5.7147409842519687
20
-3.6185205118110235
11
5.7121864960629916
21
-3.6202274015748031
0
LINE
8
BLACK
6
CONTINUOUS
10
5.7121864960629916
20
-3.6202274015748031
11
5.7091732283464562
21
-3.6208267716535434
0
LINE
8
BLACK
6
CONTINUOUS
10
5.7091732283464562
20
-3.6208267716535434
11
5.6875196850393701
21
-3.6208267716535434
0
LINE
8
BLACK
6
CONTINUOUS
10
5.6875196850393701
20
-3.6208267716535434
11
5.6845064173228348
21
-3.6202274015748031
0
LINE
8
BLACK
6
CONTINUOUS
10
5.6845064173228348
20
-3.6202274015748031
11
5.6819519291338585
21
-3.6185205118110235
0
LINE
8
BLACK
6
CONTINUOUS
10
5.6819519291338585
20
-3.6185205118110235
11
5.680245039370079
21
-3.6159660236220472
0
LINE
8
BLACK
6
CONTINUOUS
10
5.680245039370079
20
-3.6159660236220472
11
5.6796456692913386
21
-3.6129527559055119
0
LINE
8
BLACK
6
CONTINUOUS
10
5.6796456692913386
20
-3.6129527559055119
11
5.6796456692913386
21
-3.610984251968504
0
LINE
8
BLACK
6
CONTINUOUS
10
5.6796456692913386
20
-3.610984251968504
11
5.6601968503937004
21
-3.610984251968504
0
LINE
8
BLACK
6
CONTINUOUS
10
5.6601968503937004
20
-3.610984251968504
11
5.6590447244094486
21
-3.6108707874015749
0
LINE
8
BLACK
6
CONTINUOUS
10
5.6590447244094486
20
-3.6108707874015749
11
5.6581629527559052
21
-3.6105055118110236
0
LINE
8
BLACK
6
CONTINUOUS
10
5.6581629527559052
20
-3.6105055118110236
11
5.6569159448818898
21
-3.6099890157480314
0
LINE
8
BLACK
6
CONTINUOUS
10
5.6569159448818898
20
-3.6099890157480314
11
5.6560210236220474
21
-3.6092545669291338
0
LINE
8
BLACK
6
CONTINUOUS
10
5.6560210236220474
20
-3.6092545669291338
11
5.5617074015748029
21
-3.5149409448818898
0
LINE
8
BLACK
6
CONTINUOUS
10
5.5617074015748029
20
-3.5149409448818898
11
5.5538976377952753
21
-3.5149409448818898
0
LINE
8
BLACK
6
CONTINUOUS
10
5.5538976377952753
20
-3.5149409448818898
11
5.5538976377952753
21
-3.5166633858267717
0
LINE
8
BLACK
6
CONTINUOUS
10
5.5538976377952753
20
-3.5166633858267717
11
5.5532420866141727
21
-3.5199591338582676
0
LINE
8
BLACK
6
CONTINUOUS
10
5.5532420866141727
20
-3.5199591338582676
11
5.5513751968503939
21
-3.5227531496062992
0
LINE
8
BLACK
6
CONTINUOUS
10
5.5513751968503939
20
-3.5227531496062992
11
5.548581181102362
21
-3.5246200393700788
0
LINE
8
BLACK
6
CONTINUOUS
10
5.548581181102362
20
-3.5246200393700788
11
5.5452854330708661
21
-3.525275590551181
0
LINE
8
BLACK
6
CONTINUOUS
10
5.5452854330708661
20
-3.525275590551181
11
5.5251082677165355
21
-3.525275590551181
0
LINE
8
BLACK
6
CONTINUOUS
10
5.5251082677165355
20
-3.525275590551181
11
5.5218125196850396
21
-3.5246200393700788
0
LINE
8
BLACK
6
CONTINUOUS
10
5.5218125196850396
20
-3.5246200393700788
11
5.5190185039370077
21
-3.5227531496062992
0
LINE
8
BLACK
6
CONTINUOUS
10
5.5190185039370077
20
-3.5227531496062992
11
5.517151614173228
21
-3.5199591338582676
0
LINE
8
BLACK
6
CONTINUOUS
10
5.517151614173228
20
-3.5199591338582676
11
5.5164960629921262
21
-3.5166633858267717
0
LINE
8
BLACK
6
CONTINUOUS
10
5.5164960629921262
20
-3.5166633858267717
11
5.5164960629921262
21
-3.4994389763779528
0
LINE
8
BLACK
6
CONTINUOUS
10
5.5164960629921262
20
-3.4994389763779528
11
5.517151614173228
21
-3.4961432283464564
0
LINE
8
BLACK
6
CONTINUOUS
10
5.517151614173228
20
-3.4961432283464564
11
5.5190185039370077
21
-3.4933492125984249
0
LINE
8
BLACK
6
CONTINUOUS
10
5.5190185039370077
20
-3.4933492125984249
11
5.5218125196850396
21
-3.4914823228346457
0
LINE
8
BLACK
6
CONTINUOUS
10
5.5218125196850396
20
-3.4914823228346457
11
5.5251082677165355
21
-3.490826771653543
0
LINE
8
BLACK
6
CONTINUOUS
10
5.5251082677165355
20
-3.490826771653543
11
5.5452854330708661
21
-3.490826771653543
0
LINE
8
BLACK
6
CONTINUOUS
10
5.5452854330708661
20
-3.490826771653543
11
5.548581181102362
21
-3.4914823228346457
0
LINE
8
BLACK
6
CONTINUOUS
10
5.6666914173228342
20
-3.4914823228346457
11
5.6694854330708662
21
-3.4933492125984249
0
LINE
8
BLACK
6
CONTINUOUS
10
5.6694854330708662
20
-3.4933492125984249
11
5.6713523228346459
21
-3.4961432283464564
0
LINE
8
BLACK
6
CONTINUOUS
10
5.6713523228346459
20
-3.4961432283464564
11
5.6720078740157476
21
-3.4994389763779528
0
LINE
8
BLACK
6
CONTINUOUS
10
5.6720078740157476
20
-3.4994389763779528
11
5.6720078740157476
21
-3.5166633858267717
0
LINE
8
BLACK
6
CONTINUOUS
10
5.6720078740157476
20
-3.5166633858267717
11
5.671556377952756
21
-3.5189330708661415
0
LINE
8
BLACK
6
CONTINUOUS
10
5.671556377952756
20
-3.5189330708661415
11
5.7517571653543307
21
-3.5991338582677166
0
LINE
8
BLACK
6
CONTINUOUS
10
5.7517571653543307
20
-3.5991338582677166
11
5.7846456692913382
21
-3.5991338582677166
0
LINE
8
BLACK
6
CONTINUOUS
10
5.7846456692913382
20
-3.5991338582677166
11
5.7846456692913382
21
-3.5971653543307087
0
LINE
8
BLACK
6
CONTINUOUS
10
5.7846456692913382
20
-3.5971653543307087
11
5.7852450393700785
21
-3.594152086614173
0
LINE
8
BLACK
6
CONTINUOUS
10
5.7852450393700785
20
-3.594152086614173
11
5.786951929133858
21
-3.5915975984251967
0
LINE
8
BLACK
6
CONTINUOUS
10
5.786951929133858
20
-3.5915975984251967
11
5.7895064173228343
21
-3.5898907086614171
0
LINE
8
BLACK
6
CONTINUOUS
10
5.7895064173228343
20
-3.5898907086614171
11
5.7925196850393696
21
-3.5892913385826772
0
LINE
8
BLACK
6
CONTINUOUS
10
5.7925196850393696
20
-3.5892913385826772
11
5.8141732283464567
21
-3.5892913385826772
0
LINE
8
BLACK
6
CONTINUOUS
10
5.8141732283464567
20
-3.5892913385826772
11
5.817186496062992
21
-3.5898907086614171
0
LINE
8
BLACK
6
CONTINUOUS
10
5.817186496062992
20
-3.5898907086614171
11
5.8197409842519683
21
-3.5915975984251967
0
LINE
8
BLACK
6
CONTINUOUS
10
5.8197409842519683
20
-3.5915975984251967
11
5.8214478740157478
21
-3.594152086614173
0
LINE
8
BLACK
6
CONTINUOUS
10
5.8214478740157478
20
-3.594152086614173
11
5.8220472440944881
21
-3.5971653543307087
0
LINE
8
BLACK
6
CONTINUOUS
10
5.8220472440944881
20
-3.5971653543307087
11
5.8220472440944881
21
-3.6129133858267717
0
LINE
8
BLACK
6
CONTINUOUS
10
5.8220472440944881
20
-3.6129133858267717
11
5.8214478740157478
21
-3.615926653543307
0
LINE
8
BLACK
6
CONTINUOUS
10
5.8214478740157478
20
-3.615926653543307
11
5.8197409842519683
21
-3.6184811417322833
0
LINE
8
BLACK
6
CONTINUOUS
10
5.8197409842519683
20
-3.6184811417322833
11
5.817186496062992
21
-3.6201880314960628
0
LINE
8
BLACK
6
CONTINUOUS
10
5.817186496062992
20
-3.6201880314960628
11
5.8141732283464567
21
-3.6207874015748032
0
LINE
8
BLACK
6
CONTINUOUS
10
5.8141732283464567
20
-3.6207874015748032
11
5.7925196850393696
21
-3.6207874015748032
0
LINE
8
BLACK
6
CONTINUOUS
10
5.7925196850393696
20
-3.6207874015748032
11
5.7895064173228343
21
-3.6201880314960628
0
LINE
8
BLACK
6
CONTINUOUS
10
5.7895064173228343
20
-3.6201880314960628
11
5.786951929133858
21
-3.6184811417322833
0
LINE
8
BLACK
6
CONTINUOUS
10
5.786951929133858
20
-3.6184811417322833
11
5.7852450393700785
21
-3.615926653543307
0
LINE
8
BLACK
6
CONTINUOUS
10
5.7852450393700785
20
-3.615926653543307
11
5.7846456692913382
21
-3.6129133858267717
0
LINE
8
BLACK
6
CONTINUOUS
10
5.7846456692913382
20
-3.6129133858267717
11
5.7846456692913382
21
-3.6109448818897638
0
LINE
8
BLACK
6
CONTINUOUS
10
5.7846456692913382
20
-3.6109448818897638
11
5.749311023622047
21
-3.6109448818897638
0
LINE
8
BLACK
6
CONTINUOUS
10
5.749311023622047
20
-3.6109448818897638
11
5.7481588976377953
21
-3.6108314173228346
0
LINE
8
BLACK
6
CONTINUOUS
10
5.7481588976377953
20
-3.6108314173228346
11
5.7472771259842519
21
-3.6104661417322834
0
LINE
8
BLACK
6
CONTINUOUS
10
5.7472771259842519
20
-3.6104661417322834
11
5.7460301181102365
21
-3.6099496456692912
0
LINE
8
BLACK
6
CONTINUOUS
10
5.7460301181102365
20
-3.6099496456692912
11
5.7451351968503932
21
-3.6092151968503936
0
LINE
8
BLACK
6
CONTINUOUS
10
5.7451351968503932
20
-3.6092151968503936
11
5.6611955905511806
21
-3.525275590551181
0
LINE
8
BLACK
6
CONTINUOUS
10
5.6611955905511806
20
-3.525275590551181
11
5.6432185039370077
21
-3.525275590551181
0
LINE
8
BLACK
6
CONTINUOUS
10
5.6432185039370077
20
-3.525275590551181
11
5.6399227559055118
21
-3.5246200393700788
0
LINE
8
BLACK
6
CONTINUOUS
10
5.6399227559055118
20
-3.5246200393700788
11
5.6371287401574799
21
-3.5227531496062992
0
LINE
8
BLACK
6
CONTINUOUS
10
5.6371287401574799
20
-3.5227531496062992
11
5.6352618503937011
21
-3.5199591338582676
0
LINE
8
BLACK
6
CONTINUOUS
10
5.6352618503937011
20
-3.5199591338582676
11
5.6346062992125985
21
-3.5166633858267717
0
LINE
8
BLACK
6
CONTINUOUS
10
5.6346062992125985
20
-3.5166633858267717
11
5.6346062992125985
21
-3.4994389763779528
0
LINE
8
BLACK
6
CONTINUOUS
10
5.6346062992125985
20
-3.4994389763779528
11
5.6352618503937011
21
-3.4961432283464564
0
LINE
8
BLACK
6
CONTINUOUS
10
5.6352618503937011
20
-3.4961432283464564
11
5.6371287401574799
21
-3.4933492125984249
0
LINE
8
BLACK
6
CONTINUOUS
10
5.6371287401574799
20
-3.4933492125984249
11
5.6399227559055118
21
-3.4914823228346457
0
LINE
8
BLACK
6
CONTINUOUS
10
5.6399227559055118
20
-3.4914823228346457
11
5.6432185039370077
21
-3.490826771653543
0
LINE
8
BLACK
6
CONTINUOUS
10
5.6432185039370077
20
-3.490826771653543
11
5.6633956692913383
21
-3.490826771653543
0
LINE
8
BLACK
6
CONTINUOUS
10
5.6633956692913383
20
-3.490826771653543
11
5.6666914173228342
21
-3.4914823228346457
0
LINE
8
BLACK
6
CONTINUOUS
10
6.1511375196850393
20
-3.598115472440945
11
6.1538530314960624
21
-3.6008309842519686
0
LINE
8
BLACK
6
CONTINUOUS
10
6.1538530314960624
20
-3.6008309842519686
11
6.155322677165354
21
-3.6043790157480315
0
LINE
8
BLACK
6
CONTINUOUS
10
6.155322677165354
20
-3.6043790157480315
11
6.155322677165354
21
-3.6082194094488189
0
LINE
8
BLACK
6
CONTINUOUS
10
6.155322677165354
20
-3.6082194094488189
11
6.1538530314960624
21
-3.6117674409448819
0
LINE
8
BLACK
6
CONTINUOUS
10
6.1538530314960624
20
-3.6117674409448819
11
6.1511375196850393
21
-3.6144829527559055
0
LINE
8
BLACK
6
CONTINUOUS
10
6.1511375196850393
20
-3.6144829527559055
11
6.1475894881889763
21
-3.6159525984251966
0
LINE
8
BLACK
6
CONTINUOUS
10
6.1475894881889763
20
-3.6159525984251966
11
6.1437490944881885
21
-3.6159525984251966
0
LINE
8
BLACK
6
CONTINUOUS
10
6.1437490944881885
20
-3.6159525984251966
11
6.1402010629921255
21
-3.6144829527559055
0
LINE
8
BLACK
6
CONTINUOUS
10
6.1402010629921255
20
-3.6144829527559055
11
6.1374855511811024
21
-3.6117674409448819
0
LINE
8
BLACK
6
CONTINUOUS
10
6.1374855511811024
20
-3.6117674409448819
11
6.1360159055118109
21
-3.6082194094488189
0
LINE
8
BLACK
6
CONTINUOUS
10
6.1360159055118109
20
-3.6082194094488189
11
6.1360159055118109
21
-3.6043790157480315
0
LINE
8
BLACK
6
CONTINUOUS
10
6.1360159055118109
20
-3.6043790157480315
11
6.1374855511811024
21
-3.6008309842519686
0
LINE
8
BLACK
6
CONTINUOUS
10
6.1374855511811024
20
-3.6008309842519686
11
6.1402010629921255
21
-3.598115472440945
0
LINE
8
BLACK
6
CONTINUOUS
10
6.1402010629921255
20
-3.598115472440945
11
6.1437490944881885
21
-3.5966458267716535
0
LINE
8
BLACK
6
CONTINUOUS
10
6.1437490944881885
20
-3.5966458267716535
11
6.1475894881889763
21
-3.5966458267716535
0
LINE
8
BLACK
6
CONTINUOUS
10
6.1475894881889763
20
-3.5966458267716535
11
6.1511375196850393
21
-3.598115472440945
0
LINE
8
BLACK
6
CONTINUOUS
10
6.1668121653543304
20
-3.4967934645669292
11
6.1699254724409451
21
-3.4988737401574803
0
LINE
8
BLACK
6
CONTINUOUS
10
6.1699254724409451
20
-3.4988737401574803
11
6.1720057480314958
21
-3.5019870472440946
0
LINE
8
BLACK
6
CONTINUOUS
10
6.1720057480314958
20
-3.5019870472440946
11
6.1727362204724407
21
-3.5056594488188977
0
LINE
8
BLACK
6
CONTINUOUS
10
6.1727362204724407
20
-3.5056594488188977
11
6.1727362204724407
21
-3.5137795275590551
0
LINE
8
BLACK
6
CONTINUOUS
10
6.1727362204724407
20
-3.5137795275590551
11
6.287047244094488
21
-3.5137795275590551
0
LINE
8
BLACK
6
CONTINUOUS
10
6.287047244094488
20
-3.5137795275590551
11
6.287047244094488
21
-3.5088582677165352
0
LINE
8
BLACK
6
CONTINUOUS
10
6.287047244094488
20
-3.5088582677165352
11
6.2874967716535428
21
-3.5065983070866142
0
LINE
8
BLACK
6
CONTINUOUS
10
6.2874967716535428
20
-3.5065983070866142
11
6.2887769291338582
21
-3.5046824409448818
0
LINE
8
BLACK
6
CONTINUOUS
10
6.2887769291338582
20
-3.5046824409448818
11
6.2906927952755902
21
-3.5034022834645668
0
LINE
8
BLACK
6
CONTINUOUS
10
6.2906927952755902
20
-3.5034022834645668
11
6.2929527559055121
21
-3.5029527559055116
0
LINE
8
BLACK
6
CONTINUOUS
10
6.2929527559055121
20
-3.5029527559055116
11
6.3480708661417324
21
-3.5029527559055116
0
LINE
8
BLACK
6
CONTINUOUS
10
6.3480708661417324
20
-3.5029527559055116
11
6.3503308267716534
21
-3.5034022834645668
0
LINE
8
BLACK
6
CONTINUOUS
10
6.3503308267716534
20
-3.5034022834645668
11
6.3522466929133854
21
-3.5046824409448818
0
LINE
8
BLACK
6
CONTINUOUS
10
6.3522466929133854
20
-3.5046824409448818
11
6.3535268503937008
21
-3.5065983070866142
0
LINE
8
BLACK
6
CONTINUOUS
10
6.3535268503937008
20
-3.5065983070866142
11
6.3539763779527556
21
-3.5088582677165352
0
LINE
8
BLACK
6
CONTINUOUS
10
6.3539763779527556
20
-3.5088582677165352
11
6.3539763779527556
21
-3.5137795275590551
0
LINE
8
BLACK
6
CONTINUOUS
10
6.3539763779527556
20
-3.5137795275590551
11
6.3734104330708661
21
-3.5137795275590551
0
LINE
8
BLACK
6
CONTINUOUS
10
6.3734104330708661
20
-3.5137795275590551
11
6.3734428346456689
21
-3.5136585433070864
0
LINE
8
BLACK
6
CONTINUOUS
10
6.3734428346456689
20
-3.5136585433070864
11
6.3754983858267718
21
-3.5100982283464566
0
LINE
8
BLACK
6
CONTINUOUS
10
6.3754983858267718
20
-3.5100982283464566
11
6.3784053149606299
21
-3.5071912992125984
0
LINE
8
BLACK
6
CONTINUOUS
10
6.3784053149606299
20
-3.5071912992125984
11
6.3819656299212593
21
-3.505135748031496
0
LINE
8
BLACK
6
CONTINUOUS
10
6.3819656299212593
20
-3.505135748031496
11
6.3859366141732279
21
-3.5040717322834647
0
LINE
8
BLACK
6
CONTINUOUS
10
6.3859366141732279
20
-3.5040717322834647
11
6.3900476377952753
21
-3.5040717322834647
0
LINE
8
BLACK
6
CONTINUOUS
10
6.3900476377952753
20
-3.5040717322834647
11
6.3940186220472439
21
-3.505135748031496
0
LINE
8
BLACK
6
CONTINUOUS
10
6.3940186220472439
20
-3.505135748031496
11
6.3975789370078742
21
-3.5071912992125984
0
LINE
8
BLACK
6
CONTINUOUS
10
6.3975789370078742
20
-3.5071912992125984
11
6.4004858661417323
21
-3.5100982283464566
0
LINE
8
BLACK
6
CONTINUOUS
10
6.4004858661417323
20
-3.5100982283464566
11
6.4025414173228343
21
-3.5136585433070864
0
LINE
8
BLACK
6
CONTINUOUS
10
6.4025414173228343
20
-3.5136585433070864
11
6.403605433070866
21
-3.517629527559055
0
LINE
8
BLACK
6
CONTINUOUS
10
6.403605433070866
20
-3.517629527559055
11
6.403605433070866
21
-3.5217405511811024
0
LINE
8
BLACK
6
CONTINUOUS
10
6.403605433070866
20
-3.5217405511811024
11
6.4025414173228343
21
-3.5257115354330706
0
LINE
8
BLACK
6
CONTINUOUS
10
6.4025414173228343
20
-3.5257115354330706
11
6.4004858661417323
21
-3.5292718503937008
0
LINE
8
BLACK
6
CONTINUOUS
10
6.4004858661417323
20
-3.5292718503937008
11
6.3975789370078742
21
-3.532178779527559
0
LINE
8
BLACK
6
CONTINUOUS
10
6.3975789370078742
20
-3.532178779527559
11
6.3940186220472439
21
-3.5342343307086614
0
LINE
8
BLACK
6
CONTINUOUS
10
6.3940186220472439
20
-3.5342343307086614
11
6.3900476377952753
21
-3.5352983464566927
0
LINE
8
BLACK
6
CONTINUOUS
10
6.3900476377952753
20
-3.5352983464566927
11
6.3859366141732279
21
-3.5352983464566927
0
LINE
8
BLACK
6
CONTINUOUS
10
6.3859366141732279
20
-3.5352983464566927
11
6.3819656299212593
21
-3.5342343307086614
0
LINE
8
BLACK
6
CONTINUOUS
10
6.3819656299212593
20
-3.5342343307086614
11
6.3784053149606299
21
-3.532178779527559
0
LINE
8
BLACK
6
CONTINUOUS
10
6.3784053149606299
20
-3.532178779527559
11
6.3754983858267718
21
-3.5292718503937008
0
LINE
8
BLACK
6
CONTINUOUS
10
6.3754983858267718
20
-3.5292718503937008
11
6.3734428346456689
21
-3.5257115354330706
0
LINE
8
BLACK
6
CONTINUOUS
10
6.3734428346456689
20
-3.5257115354330706
11
6.3734104330708661
21
-3.5255905511811023
0
LINE
8
BLACK
6
CONTINUOUS
10
6.3734104330708661
20
-3.5255905511811023
11
6.3511311023622046
21
-3.5255905511811023
0
LINE
8
BLACK
6
CONTINUOUS
10
6.3511311023622046
20
-3.5255905511811023
11
6.3503308267716534
21
-3.5261252755905512
0
LINE
8
BLACK
6
CONTINUOUS
10
6.3503308267716534
20
-3.5261252755905512
11
6.3480708661417324
21
-3.526574803149606
0
LINE
8
BLACK
6
CONTINUOUS
10
6.3480708661417324
20
-3.526574803149606
11
6.2929527559055121
21
-3.526574803149606
0
LINE
8
BLACK
6
CONTINUOUS
10
6.2929527559055121
20
-3.526574803149606
11
6.2906927952755902
21
-3.5261252755905512
0
LINE
8
BLACK
6
CONTINUOUS
10
6.2906927952755902
20
-3.5261252755905512
11
6.289892519685039
21
-3.5255905511811023
0
LINE
8
BLACK
6
CONTINUOUS
10
6.289892519685039
20
-3.5255905511811023
11
6.1727362204724407
21
-3.5255905511811023
0
LINE
8
BLACK
6
CONTINUOUS
10
6.1727362204724407
20
-3.5255905511811023
11
6.1727362204724407
21
-3.5415846456692912
0
LINE
8
BLACK
6
CONTINUOUS
10
6.1727362204724407
20
-3.5415846456692912
11
6.1720057480314958
21
-3.5452570472440943
0
LINE
8
BLACK
6
CONTINUOUS
10
6.1720057480314958
20
-3.5452570472440943
11
6.1699254724409451
21
-3.5483703543307086
0
LINE
8
BLACK
6
CONTINUOUS
10
6.1699254724409451
20
-3.5483703543307086
11
6.1668121653543304
21
-3.5504506299212597
0
LINE
8
BLACK
6
CONTINUOUS
10
6.1668121653543304
20
-3.5504506299212597
11
6.1631397637795278
21
-3.5511811023622046
0
LINE
8
BLACK
6
CONTINUOUS
10
6.1631397637795278
20
-3.5511811023622046
11
6.1439468503937009
21
-3.5511811023622046
0
LINE
8
BLACK
6
CONTINUOUS
10
6.1439468503937009
20
-3.5511811023622046
11
6.1402744488188974
21
-3.5504506299212597
0
LINE
8
BLACK
6
CONTINUOUS
10
6.1402744488188974
20
-3.5504506299212597
11
6.1371611417322836
21
-3.5483703543307086
0
LINE
8
BLACK
6
CONTINUOUS
10
6.1371611417322836
20
-3.5483703543307086
11
6.135080866141732
21
-3.5452570472440943
0
LINE
8
BLACK
6
CONTINUOUS
10
6.135080866141732
20
-3.5452570472440943
11
6.1343503937007871
21
-3.5415846456692912
0
LINE
8
BLACK
6
CONTINUOUS
10
6.1343503937007871
20
-3.5415846456692912
11
6.1343503937007871
21
-3.5056594488188977
0
LINE
8
BLACK
6
CONTINUOUS
10
6.1343503937007871
20
-3.5056594488188977
11
6.135080866141732
21
-3.5019870472440946
0
LINE
8
BLACK
6
CONTINUOUS
10
6.135080866141732
20
-3.5019870472440946
11
6.1371611417322836
21
-3.4988737401574803
0
LINE
8
BLACK
6
CONTINUOUS
10
6.1371611417322836
20
-3.4988737401574803
11
6.1402744488188974
21
-3.4967934645669292
0
LINE
8
BLACK
6
CONTINUOUS
10
6.1402744488188974
20
-3.4967934645669292
11
6.1439468503937009
21
-3.4960629921259843
0
LINE
8
BLACK
6
CONTINUOUS
10
6.1439468503937009
20
-3.4960629921259843
11
6.1631397637795278
21
-3.4960629921259843
0
LINE
8
BLACK
6
CONTINUOUS
10
6.1631397637795278
20
-3.4960629921259843
11
6.1668121653543304
21
-3.4967934645669292
0
LINE
8
BLACK
6
CONTINUOUS
10
5.380518346456693
20
-3.3793861023622047
11
5.3819342125984253
21
-3.3813349212598425
0
LINE
8
BLACK
6
CONTINUOUS
10
5.3819342125984253
20
-3.3813349212598425
11
5.3820247244094483
21
-3.3816135826771654
0
LINE
8
BLACK
6
CONTINUOUS
10
5.3820247244094483
20
-3.3816135826771654
11
5.3820248031496059
21
-3.3816137007874016
0
LINE
8
BLACK
6
CONTINUOUS
10
5.3820248031496059
20
-3.3816137007874016
11
5.3820248425196846
21
-3.3816138188976379
0
LINE
8
BLACK
6
CONTINUOUS
10
5.3820248425196846
20
-3.3816138188976379
11
5.3820248818897634
21
-3.3816138582677167
0
LINE
8
BLACK
6
CONTINUOUS
10
5.3820248818897634
20
-3.3816138582677167
11
5.3862463385826773
21
-3.389898937007874
0
LINE
8
BLACK
6
CONTINUOUS
10
5.3862463385826773
20
-3.389898937007874
11
5.3917119291338578
21
-3.3974216535433071
0
LINE
8
BLACK
6
CONTINUOUS
10
5.3917119291338578
20
-3.3974216535433071
11
5.3982870078740159
21
-3.4039967322834643
0
LINE
8
BLACK
6
CONTINUOUS
10
5.3982870078740159
20
-3.4039967322834643
11
5.4058097244094485
21
-3.4094623228346457
0
LINE
8
BLACK
6
CONTINUOUS
10
5.4058097244094485
20
-3.4094623228346457
11
5.4140948031496059
21
-3.4136837795275592
0
LINE
8
BLACK
6
CONTINUOUS
10
5.4140948031496059
20
-3.4136837795275592
11
5.4229382677165354
21
-3.4165572047244095
0
LINE
8
BLACK
6
CONTINUOUS
10
5.4229382677165354
20
-3.4165572047244095
11
5.4229383070866142
21
-3.4165572047244095
0
LINE
8
BLACK
6
CONTINUOUS
10
5.4229383070866142
20
-3.4165572047244095
11
5.4229384251968504
21
-3.4165572440944882
0
LINE
8
BLACK
6
CONTINUOUS
10
5.4229384251968504
20
-3.4165572440944882
11
5.4321222440944883
21
-3.4180118110236219
0
LINE
8
BLACK
6
CONTINUOUS
10
5.4321222440944883
20
-3.4180118110236219
11
5.4321223622047246
21
-3.4180118110236219
0
LINE
8
BLACK
6
CONTINUOUS
10
5.4321223622047246
20
-3.4180118110236219
11
5.4414210629921262
21
-3.4180118110236219
0
LINE
8
BLACK
6
CONTINUOUS
10
5.4414210629921262
20
-3.4180118110236219
11
5.4506048425196854
21
-3.4165572440944882
0
LINE
8
BLACK
6
CONTINUOUS
10
5.4506048425196854
20
-3.4165572440944882
11
5.4506048818897632
21
-3.4165572047244095
0
LINE
8
BLACK
6
CONTINUOUS
10
5.4506048818897632
20
-3.4165572047244095
11
5.4506050393700782
21
-3.4165572047244095
0
LINE
8
BLACK
6
CONTINUOUS
10
5.4506050393700782
20
-3.4165572047244095
11
5.4594485039370078
21
-3.4136837795275592
0
LINE
8
BLACK
6
CONTINUOUS
10
5.4594485039370078
20
-3.4136837795275592
11
5.4677335826771651
21
-3.4094623228346457
0
LINE
8
BLACK
6
CONTINUOUS
10
5.4677335826771651
20
-3.4094623228346457
11
5.4752562992125986
21
-3.4039967322834643
0
LINE
8
BLACK
6
CONTINUOUS
10
5.4752562992125986
20
-3.4039967322834643
11
5.4818313779527559
21
-3.3974216535433071
0
LINE
8
BLACK
6
CONTINUOUS
10
5.4818313779527559
20
-3.3974216535433071
11
5.4872969685039372
21
-3.389898937007874
0
LINE
8
BLACK
6
CONTINUOUS
10
5.4872969685039372
20
-3.389898937007874
11
5.4915184251968503
21
-3.3816138582677167
0
LINE
8
BLACK
6
CONTINUOUS
10
5.4915184251968503
20
-3.3816138582677167
11
5.491518464566929
21
-3.3816136614173229
0
LINE
8
BLACK
6
CONTINUOUS
10
5.491518464566929
20
-3.3816136614173229
11
5.4915185433070866
21
-3.3816135826771654
0
LINE
8
BLACK
6
CONTINUOUS
10
5.4915185433070866
20
-3.3816135826771654
11
5.4916090944881892
21
-3.3813349212598425
0
LINE
8
BLACK
6
CONTINUOUS
10
5.4916090944881892
20
-3.3813349212598425
11
5.4930250000000003
21
-3.3793861023622047
0
LINE
8
BLACK
6
CONTINUOUS
10
5.4930250000000003
20
-3.3793861023622047
11
5.4953159448818898
21
-3.3786417322834645
0
LINE
8
BLACK
6
CONTINUOUS
10
5.4953159448818898
20
-3.3786417322834645
11
5.7719281496062989
21
-3.3786417322834645
0
LINE
8
BLACK
6
CONTINUOUS
10
5.7719281496062989
20
-3.3786417322834645
11
5.774219133858268
21
-3.3793861023622047
0
LINE
8
BLACK
6
CONTINUOUS
10
5.774219133858268
20
-3.3793861023622047
11
5.7756350000000003
21
-3.3813349212598425
0
LINE
8
BLACK
6
CONTINUOUS
10
5.7756350000000003
20
-3.3813349212598425
11
5.7757255118110233
21
-3.3816135826771654
0
LINE
8
BLACK
6
CONTINUOUS
10
5.7757255118110233
20
-3.3816135826771654
11
5.7757255905511808
21
-3.3816137007874016
0
LINE
8
BLACK
6
CONTINUOUS
10
5.7757255905511808
20
-3.3816137007874016
11
5.7757256299212596
21
-3.3816138188976379
0
LINE
8
BLACK
6
CONTINUOUS
10
5.7757256299212596
20
-3.3816138188976379
11
5.7757256692913383
21
-3.3816138582677167
0
LINE
8
BLACK
6
CONTINUOUS
10
5.7757256692913383
20
-3.3816138582677167
11
5.7799471259842514
21
-3.389898937007874
0
LINE
8
BLACK
6
CONTINUOUS
10
5.7799471259842514
20
-3.389898937007874
11
5.7854127165354328
21
-3.3974216535433071
0
LINE
8
BLACK
6
CONTINUOUS
10
5.7854127165354328
20
-3.3974216535433071
11
5.79198779527559
21
-3.4039967322834643
0
LINE
8
BLACK
6
CONTINUOUS
10
5.79198779527559
20
-3.4039967322834643
11
5.7995105118110235
21
-3.4094623228346457
0
LINE
8
BLACK
6
CONTINUOUS
10
5.7995105118110235
20
-3.4094623228346457
11
5.8077955905511809
21
-3.4136837795275592
0
LINE
8
BLACK
6
CONTINUOUS
10
5.8077955905511809
20
-3.4136837795275592
11
5.8166390551181104
21
-3.4165572047244095
0
LINE
8
BLACK
6
CONTINUOUS
10
5.8166390551181104
20
-3.4165572047244095
11
5.8166390944881892
21
-3.4165572047244095
0
LINE
8
BLACK
6
CONTINUOUS
10
5.8166390944881892
20
-3.4165572047244095
11
5.8166392125984254
21
-3.4165572440944882
0
LINE
8
BLACK
6
CONTINUOUS
10
5.8166392125984254
20
-3.4165572440944882
11
5.8258230314960633
21
-3.4180118110236219
0
LINE
8
BLACK
6
CONTINUOUS
10
5.8258230314960633
20
-3.4180118110236219
11
5.8258231496062987
21
-3.4180118110236219
0
LINE
8
BLACK
6
CONTINUOUS
10
5.8258231496062987
20
-3.4180118110236219
11
5.8351218503937003
21
-3.4180118110236219
0
LINE
8
BLACK
6
CONTINUOUS
10
5.8351218503937003
20
-3.4180118110236219
11
5.8443056299212595
21
-3.4165572440944882
0
LINE
8
BLACK
6
CONTINUOUS
10
5.8443056299212595
20
-3.4165572440944882
11
5.8443056692913382
21
-3.4165572047244095
0
LINE
8
BLACK
6
CONTINUOUS
10
5.8443056692913382
20
-3.4165572047244095
11
5.8443058267716532
21
-3.4165572047244095
0
LINE
8
BLACK
6
CONTINUOUS
10
5.8443058267716532
20
-3.4165572047244095
11
5.8531492913385827
21
-3.4136837795275592
0
LINE
8
BLACK
6
CONTINUOUS
10
5.8531492913385827
20
-3.4136837795275592
11
5.8614343700787401
21
-3.4094623228346457
0
LINE
8
BLACK
6
CONTINUOUS
10
5.8614343700787401
20
-3.4094623228346457
11
5.8689570866141727
21
-3.4039967322834643
0
LINE
8
BLACK
6
CONTINUOUS
10
5.8689570866141727
20
-3.4039967322834643
11
5.8755321653543309
21
-3.3974216535433071
0
LINE
8
BLACK
6
CONTINUOUS
10
5.8755321653543309
20
-3.3974216535433071
11
5.8809977559055113
21
-3.389898937007874
0
LINE
8
BLACK
6
CONTINUOUS
10
5.8809977559055113
20
-3.389898937007874
11
5.8852192125984253
21
-3.3816138582677167
0
LINE
8
BLACK
6
CONTINUOUS
10
5.8852192125984253
20
-3.3816138582677167
11
5.885219251968504
21
-3.3816136614173229
0
LINE
8
BLACK
6
CONTINUOUS
10
5.885219251968504
20
-3.3816136614173229
11
5.8852193307086615
21
-3.3816135826771654
0
LINE
8
BLACK
6
CONTINUOUS
10
5.8852193307086615
20
-3.3816135826771654
11
5.8853098818897633
21
-3.3813349212598425
0
LINE
8
BLACK
6
CONTINUOUS
10
5.8853098818897633
20
-3.3813349212598425
11
5.8867257874015744
21
-3.3793861023622047
0
LINE
8
BLACK
6
CONTINUOUS
10
5.8867257874015744
20
-3.3793861023622047
11
5.8890167322834648
21
-3.3786417322834645
0
LINE
8
BLACK
6
CONTINUOUS
10
5.8890167322834648
20
-3.3786417322834645
11
6.1656289370078738
21
-3.3786417322834645
0
LINE
8
BLACK
6
CONTINUOUS
10
6.1656289370078738
20
-3.3786417322834645
11
6.1679199212598421
21
-3.3793861023622047
0
LINE
8
BLACK
6
CONTINUOUS
10
6.1679199212598421
20
-3.3793861023622047
11
6.1693357874015744
21
-3.3813349212598425
0
LINE
8
BLACK
6
CONTINUOUS
10
6.1693357874015744
20
-3.3813349212598425
11
6.1694262992125983
21
-3.3816135826771654
0
LINE
8
BLACK
6
CONTINUOUS
10
6.1694262992125983
20
-3.3816135826771654
11
6.1694263779527558
21
-3.3816137007874016
0
LINE
8
BLACK
6
CONTINUOUS
10
6.1694263779527558
20
-3.3816137007874016
11
6.1694264173228346
21
-3.3816138188976379
0
LINE
8
BLACK
6
CONTINUOUS
10
6.1694264173228346
20
-3.3816138188976379
11
6.1694264566929133
21
-3.3816138582677167
0
LINE
8
BLACK
6
CONTINUOUS
10
6.1694264566929133
20
-3.3816138582677167
11
6.1736479133858264
21
-3.389898937007874
0
LINE
8
BLACK
6
CONTINUOUS
10
6.1736479133858264
20
-3.389898937007874
11
6.1791135039370078
21
-3.3974216535433071
0
LINE
8
BLACK
6
CONTINUOUS
10
6.1791135039370078
20
-3.3974216535433071
11
6.185688582677165
21
-3.4039967322834643
0
LINE
8
BLACK
6
CONTINUOUS
10
6.185688582677165
20
-3.4039967322834643
11
6.1932112992125985
21
-3.4094623228346457
0
LINE
8
BLACK
6
CONTINUOUS
10
6.1932112992125985
20
-3.4094623228346457
11
6.2014963779527559
21
-3.4136837795275592
0
LINE
8
BLACK
6
CONTINUOUS
10
6.2014963779527559
20
-3.4136837795275592
11
6.2103398425196845
21
-3.4165572047244095
0
LINE
8
BLACK
6
CONTINUOUS
10
6.2103398425196845
20
-3.4165572047244095
11
6.2103398818897633
21
-3.4165572047244095
0
LINE
8
BLACK
6
CONTINUOUS
10
6.2103398818897633
20
-3.4165572047244095
11
6.2103399999999995
21
-3.4165572440944882
0
LINE
8
BLACK
6
CONTINUOUS
10
6.2103399999999995
20
-3.4165572440944882
11
6.2195238188976374
21
-3.4180118110236219
0
LINE
8
BLACK
6
CONTINUOUS
10
6.2195238188976374
20
-3.4180118110236219
11
6.2195239370078736
21
-3.4180118110236219
0
LINE
8
BLACK
6
CONTINUOUS
10
6.2195239370078736
20
-3.4180118110236219
11
6.2288226377952753
21
-3.4180118110236219
0
LINE
8
BLACK
6
CONTINUOUS
10
6.2288226377952753
20
-3.4180118110236219
11
6.2380064173228345
21
-3.4165572440944882
0
LINE
8
BLACK
6
CONTINUOUS
10
6.2380064173228345
20
-3.4165572440944882
11
6.2380064566929132
21
-3.4165572047244095
0
LINE
8
BLACK
6
CONTINUOUS
10
6.2380064566929132
20
-3.4165572047244095
11
6.2380066141732282
21
-3.4165572047244095
0
LINE
8
BLACK
6
CONTINUOUS
10
6.2380066141732282
20
-3.4165572047244095
11
6.2468500787401577
21
-3.4136837795275592
0
LINE
8
BLACK
6
CONTINUOUS
10
6.2468500787401577
20
-3.4136837795275592
11
6.2551351574803151
21
-3.4094623228346457
0
LINE
8
BLACK
6
CONTINUOUS
10
6.2551351574803151
20
-3.4094623228346457
11
6.2626578740157477
21
-3.4039967322834643
0
LINE
8
BLACK
6
CONTINUOUS
10
6.2626578740157477
20
-3.4039967322834643
11
6.269232952755905
21
-3.3974216535433071
0
LINE
8
BLACK
6
CONTINUOUS
10
6.269232952755905
20
-3.3974216535433071
11
6.2746985433070863
21
-3.389898937007874
0
LINE
8
BLACK
6
CONTINUOUS
10
6.2746985433070863
20
-3.389898937007874
11
6.2789200000000003
21
-3.3816138582677167
0
LINE
8
BLACK
6
CONTINUOUS
10
6.2789200000000003
20
-3.3816138582677167
11
6.278920039370079
21
-3.3816136614173229
0
LINE
8
BLACK
6
CONTINUOUS
10
6.278920039370079
20
-3.3816136614173229
11
6.2789201181102356
21
-3.3816135826771654
0
LINE
8
BLACK
6
CONTINUOUS
10
6.2789201181102356
20
-3.3816135826771654
11
6.2790106692913383
21
-3.3813349212598425
0
LINE
8
BLACK
6
CONTINUOUS
10
6.2790106692913383
20
-3.3813349212598425
11
6.2804265748031494
21
-3.3793861023622047
0
LINE
8
BLACK
6
CONTINUOUS
10
6.2804265748031494
20
-3.3793861023622047
11
6.2827175196850389
21
-3.3786417322834645
0
LINE
8
BLACK
6
CONTINUOUS
10
6.2827175196850389
20
-3.3786417322834645
11
6.4958464566929131
21
-3.3786417322834645
0
LINE
8
BLACK
6
CONTINUOUS
10
6.4958464566929131
20
-3.3786417322834645
11
6.4981374409448813
21
-3.3793861023622047
0
LINE
8
BLACK
6
CONTINUOUS
10
6.4981374409448813
20
-3.3793861023622047
11
6.4995533464566924
21
-3.3813349212598425
0
LINE
8
BLACK
6
CONTINUOUS
10
6.4995533464566924
20
-3.3813349212598425
11
6.4997440944881886
21
-3.3825393700787401
0
LINE
8
BLACK
6
CONTINUOUS
10
6.4997440944881886
20
-3.3825393700787401
11
6.4997440944881886
21
-3.4113020472440945
0
LINE
8
BLACK
6
CONTINUOUS
10
6.4997440944881886
20
-3.4113020472440945
11
6.4989997244094484
21
-3.4135930314960627
0
LINE
8
BLACK
6
CONTINUOUS
10
6.4989997244094484
20
-3.4135930314960627
11
6.4970509055118111
21
-3.4150089370078738
0
LINE
8
BLACK
6
CONTINUOUS
10
6.4970509055118111
20
-3.4150089370078738
11
6.4946420078740159
21
-3.4150089370078738
0
LINE
8
BLACK
6
CONTINUOUS
10
6.4946420078740159
20
-3.4150089370078738
11
6.4945592125984248
21
-3.4149809842519683
0
LINE
8
BLACK
6
CONTINUOUS
10
6.4945592125984248
20
-3.4149809842519683
11
6.493133976377953
21
-3.4144822834645669
0
LINE
8
BLACK
6
CONTINUOUS
10
6.493133976377953
20
-3.4144822834645669
11
6.4919374409448816
21
-3.4143700787401574
0
LINE
8
BLACK
6
CONTINUOUS
10
6.4919374409448816
20
-3.4143700787401574
11
6.4847515354330705
21
-3.4143700787401574
0
LINE
8
BLACK
6
CONTINUOUS
10
6.4847515354330705
20
-3.4143700787401574
11
6.4843729527559058
21
-3.4145886614173229
0
LINE
8
BLACK
6
CONTINUOUS
10
6.4843729527559058
20
-3.4145886614173229
11
6.4804019685039371
21
-3.4156526771653541
0
LINE
8
BLACK
6
CONTINUOUS
10
6.4804019685039371
20
-3.4156526771653541
11
6.4762909448818897
21
-3.4156526771653541
0
LINE
8
BLACK
6
CONTINUOUS
10
6.4762909448818897
20
-3.4156526771653541
11
6.4723199606299211
21
-3.4145886614173229
0
LINE
8
BLACK
6
CONTINUOUS
10
6.4723199606299211
20
-3.4145886614173229
11
6.4719413779527555
21
-3.4143700787401574
0
LINE
8
BLACK
6
CONTINUOUS
10
6.4719413779527555
20
-3.4143700787401574
11
6.4564961023622045
21
-3.4143700787401574
0
LINE
8
BLACK
6
CONTINUOUS
10
6.4564961023622045
20
-3.4143700787401574
11
6.4564960629921258
21
-3.4143701181102362
0
LINE
8
BLACK
6
CONTINUOUS
10
6.4564960629921258
20
-3.4143701181102362
11
6.4564960629921258
21
-3.4222440944881889
0
LINE
8
BLACK
6
CONTINUOUS
10
6.4564960629921258
20
-3.4222440944881889
11
6.4898031496062991
21
-3.4222440944881889
0
LINE
8
BLACK
6
CONTINUOUS
10
6.4898031496062991
20
-3.4222440944881889
11
6.4935697244094488
21
-3.4229933070866143
0
LINE
8
BLACK
6
CONTINUOUS
10
6.4935697244094488
20
-3.4229933070866143
11
6.4967628740157481
21
-3.4251268897637797
0
LINE
8
BLACK
6
CONTINUOUS
10
6.4967628740157481
20
-3.4251268897637797
11
6.498896456692913
21
-3.4283200393700786
0
LINE
8
BLACK
6
CONTINUOUS
10
6.498896456692913
20
-3.4283200393700786
11
6.499645669291338
21
-3.4320866141732282
0
LINE
8
BLACK
6
CONTINUOUS
10
6.499645669291338
20
-3.4320866141732282
11
6.499645669291338
21
-3.451771653543307
0
LINE
8
BLACK
6
CONTINUOUS
10
6.499645669291338
20
-3.451771653543307
11
6.498896456692913
21
-3.4555382283464566
0
LINE
8
BLACK
6
CONTINUOUS
10
6.498896456692913
20
-3.4555382283464566
11
6.4967628740157481
21
-3.458731377952756
0
LINE
8
BLACK
6
CONTINUOUS
10
6.4967628740157481
20
-3.458731377952756
11
6.4935697244094488
21
-3.4608649606299213
0
LINE
8
BLACK
6
CONTINUOUS
10
6.4935697244094488
20
-3.4608649606299213
11
6.4898031496062991
21
-3.4616141732283463
0
LINE
8
BLACK
6
CONTINUOUS
10
6.4898031496062991
20
-3.4616141732283463
11
6.4564960629921258
21
-3.4616141732283463
0
LINE
8
BLACK
6
CONTINUOUS
10
6.4564960629921258
20
-3.4616141732283463
11
6.4564960629921258
21
-3.4694881102362203
0
LINE
8
BLACK
6
CONTINUOUS
10
6.4564960629921258
20
-3.4694881102362203
11
6.4564961023622045
21
-3.469488149606299
0
LINE
8
BLACK
6
CONTINUOUS
10
6.4564961023622045
20
-3.469488149606299
11
6.4919371259842515
21
-3.469488149606299
0
LINE
8
BLACK
6
CONTINUOUS
10
6.4919371259842515
20
-3.469488149606299
11
6.4931338582677167
21
-3.4693759448818895
0
LINE
8
BLACK
6
CONTINUOUS
10
6.4931338582677167
20
-3.4693759448818895
11
6.4931340944881892
21
-3.4693759055118107
0
LINE
8
BLACK
6
CONTINUOUS
10
6.4931340944881892
20
-3.4693759055118107
11
6.4945591338582673
21
-3.4688772834645669
0
LINE
8
BLACK
6
CONTINUOUS
10
6.4945591338582673
20
-3.4688772834645669
11
6.4969674015748033
21
-3.4688232283464564
0
LINE
8
BLACK
6
CONTINUOUS
10
6.4969674015748033
20
-3.4688232283464564
11
6.4989475196850393
21
-3.4701950393700787
0
LINE
8
BLACK
6
CONTINUOUS
10
6.4989475196850393
20
-3.4701950393700787
11
6.4997431102362206
21
-3.4724687007874016
0
LINE
8
BLACK
6
CONTINUOUS
10
6.4997431102362206
20
-3.4724687007874016
11
6.4997440944881886
21
-3.472556181102362
0
LINE
8
BLACK
6
CONTINUOUS
10
6.4997440944881886
20
-3.472556181102362
11
6.4997440944881886
21
-3.8030343307086611
0
LINE
8
BLACK
6
CONTINUOUS
10
6.4997440944881886
20
-3.8030343307086611
11
6.4989997244094484
21
-3.8053253149606299
0
LINE
8
BLACK
6
CONTINUOUS
10
6.4989997244094484
20
-3.8053253149606299
11
6.4970509055118111
21
-3.8067412204724409
0
LINE
8
BLACK
6
CONTINUOUS
10
6.4970509055118111
20
-3.8067412204724409
11
6.4946420078740159
21
-3.8067412204724409
0
LINE
8
BLACK
6
CONTINUOUS
10
6.4946420078740159
20
-3.8067412204724409
11
6.4945592125984248
21
-3.8067132677165354
0
LINE
8
BLACK
6
CONTINUOUS
10
6.4945592125984248
20
-3.8067132677165354
11
6.493133976377953
21
-3.8062145669291336
0
LINE
8
BLACK
6
CONTINUOUS
10
6.493133976377953
20
-3.8062145669291336
11
6.4919374409448816
21
-3.8061023622047245
0
LINE
8
BLACK
6
CONTINUOUS
10
6.4919374409448816
20
-3.8061023622047245
11
6.4564961023622045
21
-3.8061023622047245
0
LINE
8
BLACK
6
CONTINUOUS
10
6.4564961023622045
20
-3.8061023622047245
11
6.4564960629921258
21
-3.8061024015748033
0
LINE
8
BLACK
6
CONTINUOUS
10
6.4564960629921258
20
-3.8061024015748033
11
6.4564960629921258
21
-3.813976377952756
0
LINE
8
BLACK
6
CONTINUOUS
10
6.4564960629921258
20
-3.813976377952756
11
6.4898031496062991
21
-3.813976377952756
0
LINE
8
BLACK
6
CONTINUOUS
10
6.4898031496062991
20
-3.813976377952756
11
6.4935697244094488
21
-3.814725590551181
0
LINE
8
BLACK
6
CONTINUOUS
10
6.4935697244094488
20
-3.814725590551181
11
6.4967628740157481
21
-3.8168591732283463
0
LINE
8
BLACK
6
CONTINUOUS
10
6.4967628740157481
20
-3.8168591732283463
11
6.498896456692913
21
-3.8200523228346457
0
LINE
8
BLACK
6
CONTINUOUS
10
6.498896456692913
20
-3.8200523228346457
11
6.499645669291338
21
-3.8238188976377954
0
LINE
8
BLACK
6
CONTINUOUS
10
6.499645669291338
20
-3.8238188976377954
11
6.499645669291338
21
-3.8435039370078741
0
LINE
8
BLACK
6
CONTINUOUS
10
6.499645669291338
20
-3.8435039370078741
11
6.498896456692913
21
-3.8472705118110238
0
LINE
8
BLACK
6
CONTINUOUS
10
6.498896456692913
20
-3.8472705118110238
11
6.4967628740157481
21
-3.8504636614173227
0
LINE
8
BLACK
6
CONTINUOUS
10
6.4967628740157481
20
-3.8504636614173227
11
6.4935697244094488
21
-3.852597244094488
0
LINE
8
BLACK
6
CONTINUOUS
10
6.4935697244094488
20
-3.852597244094488
11
6.4898031496062991
21
-3.8533464566929134
0
LINE
8
BLACK
6
CONTINUOUS
10
6.4898031496062991
20
-3.8533464566929134
11
6.4564960629921258
21
-3.8533464566929134
0
LINE
8
BLACK
6
CONTINUOUS
10
6.4564960629921258
20
-3.8533464566929134
11
6.4564960629921258
21
-3.8612203937007874
0
LINE
8
BLACK
6
CONTINUOUS
10
6.4564960629921258
20
-3.8612203937007874
11
6.4564961023622045
21
-3.8612204330708662
0
LINE
8
BLACK
6
CONTINUOUS
10
6.4564961023622045
20
-3.8612204330708662
11
6.4919371259842515
21
-3.8612204330708662
0
LINE
8
BLACK
6
CONTINUOUS
10
6.4919371259842515
20
-3.8612204330708662
11
6.4931338582677167
21
-3.8611082283464566
0
LINE
8
BLACK
6
CONTINUOUS
10
6.4931338582677167
20
-3.8611082283464566
11
6.4931340944881892
21
-3.8611081889763779
0
LINE
8
BLACK
6
CONTINUOUS
10
6.4931340944881892
20
-3.8611081889763779
11
6.4945591338582673
21
-3.8606095669291336
0
LINE
8
BLACK
6
CONTINUOUS
10
6.4945591338582673
20
-3.8606095669291336
11
6.4969674015748033
21
-3.8605555118110235
0
LINE
8
BLACK
6
CONTINUOUS
10
6.4969674015748033
20
-3.8605555118110235
11
6.4989475196850393
21
-3.8619273228346458
0
LINE
8
BLACK
6
CONTINUOUS
10
6.4989475196850393
20
-3.8619273228346458
11
6.4997431102362206
21
-3.8642009842519682
0
LINE
8
BLACK
6
CONTINUOUS
10
6.4997431102362206
20
-3.8642009842519682
11
6.4997440944881886
21
-3.8642884645669291
0
LINE
8
BLACK
6
CONTINUOUS
10
6.4997440944881886
20
-3.8642884645669291
11
6.4997440944881886
21
-4.0333492913385829
0
LINE
8
BLACK
6
CONTINUOUS
10
6.4997440944881886
20
-4.0333492913385829
11
6.4989997244094484
21
-4.0356402755905512
0
LINE
8
BLACK
6
CONTINUOUS
10
6.4989997244094484
20
-4.0356402755905512
11
6.4970509055118111
21
-4.0370561811023622
0
LINE
8
BLACK
6
CONTINUOUS
10
6.4970509055118111
20
-4.0370561811023622
11
6.4946420078740159
21
-4.0370561811023622
0
LINE
8
BLACK
6
CONTINUOUS
10
6.4946420078740159
20
-4.0370561811023622
11
6.4945592125984248
21
-4.0370282283464567
0
LINE
8
BLACK
6
CONTINUOUS
10
6.4945592125984248
20
-4.0370282283464567
11
6.493133976377953
21
-4.0365295275590549
0
LINE
8
BLACK
6
CONTINUOUS
10
6.493133976377953
20
-4.0365295275590549
11
6.4919374409448816
21
-4.0364173228346454
0
LINE
8
BLACK
6
CONTINUOUS
10
6.4919374409448816
20
-4.0364173228346454
11
6.4564961023622045
21
-4.0364173228346454
0
LINE
8
BLACK
6
CONTINUOUS
10
6.4564961023622045
20
-4.0364173228346454
11
6.4564960629921258
21
-4.0364173622047241
0
LINE
8
BLACK
6
CONTINUOUS
10
6.4564960629921258
20
-4.0364173622047241
11
6.4564960629921258
21
-4.0442913385826769
0
LINE
8
BLACK
6
CONTINUOUS
10
6.4564960629921258
20
-4.0442913385826769
11
6.4898031496062991
21
-4.0442913385826769
0
LINE
8
BLACK
6
CONTINUOUS
10
6.4898031496062991
20
-4.0442913385826769
11
6.4935697244094488
21
-4.0450405511811018
0
LINE
8
BLACK
6
CONTINUOUS
10
6.4935697244094488
20
-4.0450405511811018
11
6.4967628740157481
21
-4.0471741338582676
0
LINE
8
BLACK
6
CONTINUOUS
10
6.4967628740157481
20
-4.0471741338582676
11
6.498896456692913
21
-4.050367283464567
0
LINE
8
BLACK
6
CONTINUOUS
10
6.498896456692913
20
-4.050367283464567
11
6.499645669291338
21
-4.0541338582677167
0
LINE
8
BLACK
6
CONTINUOUS
10
6.499645669291338
20
-4.0541338582677167
11
6.499645669291338
21
-4.0738188976377954
0
LINE
8
BLACK
6
CONTINUOUS
10
6.499645669291338
20
-4.0738188976377954
11
6.498896456692913
21
-4.077585472440945
0
LINE
8
BLACK
6
CONTINUOUS
10
6.498896456692913
20
-4.077585472440945
11
6.4967628740157481
21
-4.0807786220472444
0
LINE
8
BLACK
6
CONTINUOUS
10
6.4967628740157481
20
-4.0807786220472444
11
6.4935697244094488
21
-4.0829122047244093
0
LINE
8
BLACK
6
CONTINUOUS
10
6.4935697244094488
20
-4.0829122047244093
11
6.4898031496062991
21
-4.0836614173228343
0
LINE
8
BLACK
6
CONTINUOUS
10
6.4898031496062991
20
-4.0836614173228343
11
6.4564960629921258
21
-4.0836614173228343
0
LINE
8
BLACK
6
CONTINUOUS
10
6.4564960629921258
20
-4.0836614173228343
11
6.4564960629921258
21
-4.0915353543307083
0
LINE
8
BLACK
6
CONTINUOUS
10
6.4564960629921258
20
-4.0915353543307083
11
6.4564961023622045
21
-4.091535393700787
0
LINE
8
BLACK
6
CONTINUOUS
10
6.4564961023622045
20
-4.091535393700787
11
6.4919371259842515
21
-4.091535393700787
0
LINE
8
BLACK
6
CONTINUOUS
10
6.4919371259842515
20
-4.091535393700787
11
6.4931338582677167
21
-4.0914231889763775
0
LINE
8
BLACK
6
CONTINUOUS
10
6.4931338582677167
20
-4.0914231889763775
11
6.4931340944881892
21
-4.0914231496062987
0
LINE
8
BLACK
6
CONTINUOUS
10
6.4931340944881892
20
-4.0914231496062987
11
6.4945591338582673
21
-4.0909245275590553
0
LINE
8
BLACK
6
CONTINUOUS
10
6.4945591338582673
20
-4.0909245275590553
11
6.4969674015748033
21
-4.0908704724409448
0
LINE
8
BLACK
6
CONTINUOUS
10
6.4969674015748033
20
-4.0908704724409448
11
6.4989475196850393
21
-4.0922422834645671
0
LINE
8
BLACK
6
CONTINUOUS
10
6.4989475196850393
20
-4.0922422834645671
11
6.4997431102362206
21
-4.0945159448818895
0
LINE
8
BLACK
6
CONTINUOUS
10
6.4997431102362206
20
-4.0945159448818895
11
6.4997440944881886
21
-4.0946034251968504
0
LINE
8
BLACK
6
CONTINUOUS
10
6.4997440944881886
20
-4.0946034251968504
11
6.4997440944881886
21
-4.4250815748031496
0
LINE
8
BLACK
6
CONTINUOUS
10
6.4997440944881886
20
-4.4250815748031496
11
6.4989997244094484
21
-4.4273725590551178
0
LINE
8
BLACK
6
CONTINUOUS
10
6.4989997244094484
20
-4.4273725590551178
11
6.4970509055118111
21
-4.4287884645669289
0
LINE
8
BLACK
6
CONTINUOUS
10
6.4970509055118111
20
-4.4287884645669289
11
6.4946420078740159
21
-4.4287884645669289
0
LINE
8
BLACK
6
CONTINUOUS
10
6.4946420078740159
20
-4.4287884645669289
11
6.4945592125984248
21
-4.4287605118110234
0
LINE
8
BLACK
6
CONTINUOUS
10
6.4945592125984248
20
-4.4287605118110234
11
6.493133976377953
21
-4.4282618110236216
0
LINE
8
BLACK
6
CONTINUOUS
10
6.493133976377953
20
-4.4282618110236216
11
6.4919374409448816
21
-4.4281496062992121
0
LINE
8
BLACK
6
CONTINUOUS
10
6.4919374409448816
20
-4.4281496062992121
11
6.4564961023622045
21
-4.4281496062992121
0
LINE
8
BLACK
6
CONTINUOUS
10
6.4564961023622045
20
-4.4281496062992121
11
6.4564960629921258
21
-4.4281496456692908
0
LINE
8
BLACK
6
CONTINUOUS
10
6.4564960629921258
20
-4.4281496456692908
11
6.4564960629921258
21
-4.4360236220472444
0
LINE
8
BLACK
6
CONTINUOUS
10
6.4564960629921258
20
-4.4360236220472444
11
6.4898031496062991
21
-4.4360236220472444
0
LINE
8
BLACK
6
CONTINUOUS
10
6.4898031496062991
20
-4.4360236220472444
11
6.4935697244094488
21
-4.4367728346456694
0
LINE
8
BLACK
6
CONTINUOUS
10
6.4935697244094488
20
-4.4367728346456694
11
6.4967628740157481
21
-4.4389064173228343
0
LINE
8
BLACK
6
CONTINUOUS
10
6.4967628740157481
20
-4.4389064173228343
11
6.498896456692913
21
-4.4420995669291337
0
LINE
8
BLACK
6
CONTINUOUS
10
6.498896456692913
20
-4.4420995669291337
11
6.499645669291338
21
-4.4458661417322833
0
LINE
8
BLACK
6
CONTINUOUS
10
6.499645669291338
20
-4.4458661417322833
11
6.499645669291338
21
-4.465551181102362
0
LINE
8
BLACK
6
CONTINUOUS
10
6.499645669291338
20
-4.465551181102362
11
6.498896456692913
21
-4.4693177559055117
0
LINE
8
BLACK
6
CONTINUOUS
10
6.498896456692913
20
-4.4693177559055117
11
6.4967628740157481
21
-4.4725109055118111
0
LINE
8
BLACK
6
CONTINUOUS
10
6.4967628740157481
20
-4.4725109055118111
11
6.4935697244094488
21
-4.474644488188976
0
LINE
8
BLACK
6
CONTINUOUS
10
6.4935697244094488
20
-4.474644488188976
11
6.4898031496062991
21
-4.4753937007874018
0
LINE
8
BLACK
6
CONTINUOUS
10
6.4898031496062991
20
-4.4753937007874018
11
6.4564960629921258
21
-4.4753937007874018
0
LINE
8
BLACK
6
CONTINUOUS
10
6.4564960629921258
20
-4.4753937007874018
11
6.4564960629921258
21
-4.4832676377952758
0
LINE
8
BLACK
6
CONTINUOUS
10
6.4564960629921258
20
-4.4832676377952758
11
6.4564961023622045
21
-4.4832676771653546
0
LINE
8
BLACK
6
CONTINUOUS
10
6.4564961023622045
20
-4.4832676771653546
11
6.4919371259842515
21
-4.4832676771653546
0
LINE
8
BLACK
6
CONTINUOUS
10
6.4919371259842515
20
-4.4832676771653546
11
6.4931338582677167
21
-4.483155472440945
0
LINE
8
BLACK
6
CONTINUOUS
10
6.4931338582677167
20
-4.483155472440945
11
6.4931340944881892
21
-4.4831554330708663
0
LINE
8
BLACK
6
CONTINUOUS
10
6.4931340944881892
20
-4.4831554330708663
11
6.4945591338582673
21
-4.482656811023622
0
LINE
8
BLACK
6
CONTINUOUS
10
6.4945591338582673
20
-4.482656811023622
11
6.4969674015748033
21
-4.4826027559055115
0
LINE
8
BLACK
6
CONTINUOUS
10
6.4969674015748033
20
-4.4826027559055115
11
6.4989475196850393
21
-4.4839745669291338
0
LINE
8
BLACK
6
CONTINUOUS
10
6.4989475196850393
20
-4.4839745669291338
11
6.4997431102362206
21
-4.4862482283464562
0
LINE
8
BLACK
6
CONTINUOUS
10
6.4997431102362206
20
-4.4862482283464562
11
6.4997440944881886
21
-4.4863357086614171
0
LINE
8
BLACK
6
CONTINUOUS
10
6.4997440944881886
20
-4.4863357086614171
11
6.4997440944881886
21
-4.5164370078740159
0
LINE
8
BLACK
6
CONTINUOUS
10
6.4997440944881886
20
-4.5164370078740159
11
6.4989997244094484
21
-4.5187279921259842
0
LINE
8
BLACK
6
CONTINUOUS
10
6.4989997244094484
20
-4.5187279921259842
11
6.4970509055118111
21
-4.5201438976377952
0
LINE
8
BLACK
6
CONTINUOUS
10
6.4970509055118111
20
-4.5201438976377952
11
6.4958464566929131
21
-4.5203346456692914
0
LINE
8
BLACK
6
CONTINUOUS
10
6.4958464566929131
20
-4.5203346456692914
11
6.2827175196850389
21
-4.5203346456692914
0
LINE
8
BLACK
6
CONTINUOUS
10
6.2827175196850389
20
-4.5203346456692914
11
6.2804265354330706
21
-4.5195902755905513
0
LINE
8
BLACK
6
CONTINUOUS
10
6.2804265354330706
20
-4.5195902755905513
11
6.2790106692913383
21
-4.5176414566929131
0
LINE
8
BLACK
6
CONTINUOUS
10
6.2790106692913383
20
-4.5176414566929131
11
6.2789201181102356
21
-4.5173627559055118
0
LINE
8
BLACK
6
CONTINUOUS
10
6.2789201181102356
20
-4.5173627559055118
11
6.278920039370079
21
-4.5173626377952756
0
LINE
8
BLACK
6
CONTINUOUS
10
6.278920039370079
20
-4.5173626377952756
11
6.2789200000000003
21
-4.5173625984251968
0
LINE
8
BLACK
6
CONTINUOUS
10
6.2789200000000003
20
-4.5173625984251968
11
6.2789200000000003
21
-4.5173625196850393
0
LINE
8
BLACK
6
CONTINUOUS
10
6.2789200000000003
20
-4.5173625196850393
11
6.2746985433070863
21
-4.5090774409448819
0
LINE
8
BLACK
6
CONTINUOUS
10
6.2746985433070863
20
-4.5090774409448819
11
6.269232952755905
21
-4.5015547244094485
0
LINE
8
BLACK
6
CONTINUOUS
10
6.269232952755905
20
-4.5015547244094485
11
6.2626578740157477
21
-4.4949796456692912
0
LINE
8
BLACK
6
CONTINUOUS
10
6.2626578740157477
20
-4.4949796456692912
11
6.2551351574803151
21
-4.4895140551181099
0
LINE
8
BLACK
6
CONTINUOUS
10
6.2551351574803151
20
-4.4895140551181099
11
6.2551351181102364
21
-4.4895140157480311
0
LINE
8
BLACK
6
CONTINUOUS
10
6.2551351181102364
20
-4.4895140157480311
11
6.2551350393700789
21
-4.4895139763779524
0
LINE
8
BLACK
6
CONTINUOUS
10
6.2551350393700789
20
-4.4895139763779524
11
6.2468500787401577
21
-4.4852925984251968
0
LINE
8
BLACK
6
CONTINUOUS
10
6.2468500787401577
20
-4.4852925984251968
11
6.2380064173228345
21
-4.482419094488189
0
LINE
8
BLACK
6
CONTINUOUS
10
6.2380064173228345
20
-4.482419094488189
11
6.2288226377952753
21
-4.480964566929134
0
LINE
8
BLACK
6
CONTINUOUS
10
6.2288226377952753
20
-4.480964566929134
11
6.2288225196850391
21
-4.480964566929134
0
LINE
8
BLACK
6
CONTINUOUS
10
6.2288225196850391
20
-4.480964566929134
11
6.2195239370078736
21
-4.480964566929134
0
LINE
8
BLACK
6
CONTINUOUS
10
6.2195239370078736
20
-4.480964566929134
11
6.2195238188976374
21
-4.480964566929134
0
LINE
8
BLACK
6
CONTINUOUS
10
6.2195238188976374
20
-4.480964566929134
11
6.2103399999999995
21
-4.482419094488189
0
LINE
8
BLACK
6
CONTINUOUS
10
6.2103399999999995
20
-4.482419094488189
11
6.2014963385826771
21
-4.4852925984251968
0
LINE
8
BLACK
6
CONTINUOUS
10
6.2014963385826771
20
-4.4852925984251968
11
6.193211377952756
21
-4.4895139763779524
0
LINE
8
BLACK
6
CONTINUOUS
10
6.193211377952756
20
-4.4895139763779524
11
6.1856886220472438
21
-4.4949796062992124
0
LINE
8
BLACK
6
CONTINUOUS
10
6.1856886220472438
20
-4.4949796062992124
11
6.179113464566929
21
-4.5015547637795272
0
LINE
8
BLACK
6
CONTINUOUS
10
6.179113464566929
20
-4.5015547637795272
11
6.1736478346456689
21
-4.5090775196850394
0
LINE
8
BLACK
6
CONTINUOUS
10
6.1736478346456689
20
-4.5090775196850394
11
6.1694263779527558
21
-4.5173626377952756
0
LINE
8
BLACK
6
CONTINUOUS
10
6.1694263779527558
20
-4.5173626377952756
11
6.1694262992125983
21
-4.5173627559055118
0
LINE
8
BLACK
6
CONTINUOUS
10
6.1694262992125983
20
-4.5173627559055118
11
6.1693357874015744
21
-4.5176414566929131
0
LINE
8
BLACK
6
CONTINUOUS
10
6.1693357874015744
20
-4.5176414566929131
11
6.1679198818897634
21
-4.5195902755905513
0
LINE
8
BLACK
6
CONTINUOUS
10
6.1679198818897634
20
-4.5195902755905513
11
6.1656289370078738
21
-4.5203346456692914
0
LINE
8
BLACK
6
CONTINUOUS
10
6.1656289370078738
20
-4.5203346456692914
11
5.8890167322834648
21
-4.5203346456692914
0
LINE
8
BLACK
6
CONTINUOUS
10
5.8890167322834648
20
-4.5203346456692914
11
5.8867257480314956
21
-4.5195902755905513
0
LINE
8
BLACK
6
CONTINUOUS
10
5.8867257480314956
20
-4.5195902755905513
11
5.8853098818897633
21
-4.5176414566929131
0
LINE
8
BLACK
6
CONTINUOUS
10
5.8853098818897633
20
-4.5176414566929131
11
5.8852193307086615
21
-4.5173627559055118
0
LINE
8
BLACK
6
CONTINUOUS
10
5.8852193307086615
20
-4.5173627559055118
11
5.885219251968504
21
-4.5173626377952756
0
LINE
8
BLACK
6
CONTINUOUS
10
5.885219251968504
20
-4.5173626377952756
11
5.8852192125984253
21
-4.5173625984251968
0
LINE
8
BLACK
6
CONTINUOUS
10
5.8852192125984253
20
-4.5173625984251968
11
5.8852192125984253
21
-4.5173625196850393
0
LINE
8
BLACK
6
CONTINUOUS
10
5.8852192125984253
20
-4.5173625196850393
11
5.8809977559055113
21
-4.5090774409448819
0
LINE
8
BLACK
6
CONTINUOUS
10
5.8809977559055113
20
-4.5090774409448819
11
5.8755321653543309
21
-4.5015547244094485
0
LINE
8
BLACK
6
CONTINUOUS
10
5.8755321653543309
20
-4.5015547244094485
11
5.8689570866141727
21
-4.4949796456692912
0
LINE
8
BLACK
6
CONTINUOUS
10
5.8689570866141727
20
-4.4949796456692912
11
5.8614343700787401
21
-4.4895140551181099
0
LINE
8
BLACK
6
CONTINUOUS
10
5.8614343700787401
20
-4.4895140551181099
11
5.8614343307086614
21
-4.4895140157480311
0
LINE
8
BLACK
6
CONTINUOUS
10
5.8614343307086614
20
-4.4895140157480311
11
5.8614342519685039
21
-4.4895139763779524
0
LINE
8
BLACK
6
CONTINUOUS
10
5.8614342519685039
20
-4.4895139763779524
11
5.8531492913385827
21
-4.4852925984251968
0
LINE
8
BLACK
6
CONTINUOUS
10
5.8531492913385827
20
-4.4852925984251968
11
5.8443056299212595
21
-4.482419094488189
0
LINE
8
BLACK
6
CONTINUOUS
10
5.8443056299212595
20
-4.482419094488189
11
5.8351218503937003
21
-4.480964566929134
0
LINE
8
BLACK
6
CONTINUOUS
10
5.8351218503937003
20
-4.480964566929134
11
5.8351217322834641
21
-4.480964566929134
0
LINE
8
BLACK
6
CONTINUOUS
10
5.8351217322834641
20
-4.480964566929134
11
5.8258231496062987
21
-4.480964566929134
0
LINE
8
BLACK
6
CONTINUOUS
10
5.8258231496062987
20
-4.480964566929134
11
5.8258230314960633
21
-4.480964566929134
0
LINE
8
BLACK
6
CONTINUOUS
10
5.8258230314960633
20
-4.480964566929134
11
5.8166392125984254
21
-4.482419094488189
0
LINE
8
BLACK
6
CONTINUOUS
10
5.8166392125984254
20
-4.482419094488189
11
5.8077955511811021
21
-4.4852925984251968
0
LINE
8
BLACK
6
CONTINUOUS
10
5.8077955511811021
20
-4.4852925984251968
11
5.799510590551181
21
-4.4895139763779524
0
LINE
8
BLACK
6
CONTINUOUS
10
5.799510590551181
20
-4.4895139763779524
11
5.7919878346456688
21
-4.4949796062992124
0
LINE
8
BLACK
6
CONTINUOUS
10
5.7919878346456688
20
-4.4949796062992124
11
5.785412677165354
21
-4.5015547637795272
0
LINE
8
BLACK
6
CONTINUOUS
10
5.785412677165354
20
-4.5015547637795272
11
5.7799470472440939
21
-4.5090775196850394
0
LINE
8
BLACK
6
CONTINUOUS
10
5.7799470472440939
20
-4.5090775196850394
11
5.7757255905511808
21
-4.5173626377952756
0
LINE
8
BLACK
6
CONTINUOUS
10
5.7757255905511808
20
-4.5173626377952756
11
5.7757255118110233
21
-4.5173627559055118
0
LINE
8
BLACK
6
CONTINUOUS
10
5.7757255118110233
20
-4.5173627559055118
11
5.7756350000000003
21
-4.5176414566929131
0
LINE
8
BLACK
6
CONTINUOUS
10
5.7756350000000003
20
-4.5176414566929131
11
5.7742190944881893
21
-4.5195902755905513
0
LINE
8
BLACK
6
CONTINUOUS
10
5.7742190944881893
20
-4.5195902755905513
11
5.7719281496062989
21
-4.5203346456692914
0
LINE
8
BLACK
6
CONTINUOUS
10
5.7719281496062989
20
-4.5203346456692914
11
5.4953159448818898
21
-4.5203346456692914
0
LINE
8
BLACK
6
CONTINUOUS
10
5.4953159448818898
20
-4.5203346456692914
11
5.4930249606299215
21
-4.5195902755905513
0
LINE
8
BLACK
6
CONTINUOUS
10
5.4930249606299215
20
-4.5195902755905513
11
5.4916090944881892
21
-4.5176414566929131
0
LINE
8
BLACK
6
CONTINUOUS
10
5.4916090944881892
20
-4.5176414566929131
11
5.4915185433070866
21
-4.5173627559055118
0
LINE
8
BLACK
6
CONTINUOUS
10
5.4915185433070866
20
-4.5173627559055118
11
5.491518464566929
21
-4.5173626377952756
0
LINE
8
BLACK
6
CONTINUOUS
10
5.491518464566929
20
-4.5173626377952756
11
5.4915184251968503
21
-4.5173625984251968
0
LINE
8
BLACK
6
CONTINUOUS
10
5.4915184251968503
20
-4.5173625984251968
11
5.4915184251968503
21
-4.5173625196850393
0
LINE
8
BLACK
6
CONTINUOUS
10
5.4915184251968503
20
-4.5173625196850393
11
5.4872969685039372
21
-4.5090774409448819
0
LINE
8
BLACK
6
CONTINUOUS
10
5.4872969685039372
20
-4.5090774409448819
11
5.4818313779527559
21
-4.5015547244094485
0
LINE
8
BLACK
6
CONTINUOUS
10
5.4818313779527559
20
-4.5015547244094485
11
5.4752562992125986
21
-4.4949796456692912
0
LINE
8
BLACK
6
CONTINUOUS
10
5.4752562992125986
20
-4.4949796456692912
11
5.4677335826771651
21
-4.4895140551181099
0
LINE
8
BLACK
6
CONTINUOUS
10
5.4677335826771651
20
-4.4895140551181099
11
5.4677335433070864
21
-4.4895140157480311
0
LINE
8
BLACK
6
CONTINUOUS
10
5.4677335433070864
20
-4.4895140157480311
11
5.4677334645669289
21
-4.4895139763779524
0
LINE
8
BLACK
6
CONTINUOUS
10
5.4677334645669289
20
-4.4895139763779524
11
5.4594485039370078
21
-4.4852925984251968
0
LINE
8
BLACK
6
CONTINUOUS
10
5.4594485039370078
20
-4.4852925984251968
11
5.4506048425196854
21
-4.482419094488189
0
LINE
8
BLACK
6
CONTINUOUS
10
5.4506048425196854
20
-4.482419094488189
11
5.4414210629921262
21
-4.480964566929134
0
LINE
8
BLACK
6
CONTINUOUS
10
5.4414210629921262
20
-4.480964566929134
11
5.44142094488189
21
-4.480964566929134
0
LINE
8
BLACK
6
CONTINUOUS
10
5.44142094488189
20
-4.480964566929134
11
5.4321223622047246
21
-4.480964566929134
0
LINE
8
BLACK
6
CONTINUOUS
10
5.4321223622047246
20
-4.480964566929134
11
5.4321222440944883
21
-4.480964566929134
0
LINE
8
BLACK
6
CONTINUOUS
10
5.4321222440944883
20
-4.480964566929134
11
5.4229384251968504
21
-4.482419094488189
0
LINE
8
BLACK
6
CONTINUOUS
10
5.4229384251968504
20
-4.482419094488189
11
5.4140947637795271
21
-4.4852925984251968
0
LINE
8
BLACK
6
CONTINUOUS
10
5.4140947637795271
20
-4.4852925984251968
11
5.405809803149606
21
-4.4895139763779524
0
LINE
8
BLACK
6
CONTINUOUS
10
5.405809803149606
20
-4.4895139763779524
11
5.3982870472440947
21
-4.4949796062992124
0
LINE
8
BLACK
6
CONTINUOUS
10
5.3982870472440947
20
-4.4949796062992124
11
5.391711889763779
21
-4.5015547637795272
0
LINE
8
BLACK
6
CONTINUOUS
10
5.391711889763779
20
-4.5015547637795272
11
5.3862462598425198
21
-4.5090775196850394
0
LINE
8
BLACK
6
CONTINUOUS
10
5.3862462598425198
20
-4.5090775196850394
11
5.3820248031496059
21
-4.5173626377952756
0
LINE
8
BLACK
6
CONTINUOUS
10
5.3820248031496059
20
-4.5173626377952756
11
5.3820247244094483
21
-4.5173627559055118
0
LINE
8
BLACK
6
CONTINUOUS
10
5.3820247244094483
20
-4.5173627559055118
11
5.3819342125984253
21
-4.5176414566929131
0
LINE
8
BLACK
6
CONTINUOUS
10
5.3819342125984253
20
-4.5176414566929131
11
5.3805183070866143
21
-4.5195902755905513
0
LINE
8
BLACK
6
CONTINUOUS
10
5.3805183070866143
20
-4.5195902755905513
11
5.3782273622047239
21
-4.5203346456692914
0
LINE
8
BLACK
6
CONTINUOUS
10
5.3782273622047239
20
-4.5203346456692914
11
5.3619488188976376
21
-4.5203346456692914
0
LINE
8
BLACK
6
CONTINUOUS
10
5.3619488188976376
20
-4.5203346456692914
11
5.3596578346456694
21
-4.5195902755905513
0
LINE
8
BLACK
6
CONTINUOUS
10
5.3596578346456694
20
-4.5195902755905513
11
5.3582419291338583
21
-4.5176414566929131
0
LINE
8
BLACK
6
CONTINUOUS
10
5.3582419291338583
20
-4.5176414566929131
11
5.3580511811023621
21
-4.5164370078740159
0
LINE
8
BLACK
6
CONTINUOUS
10
5.3580511811023621
20
-4.5164370078740159
11
5.3580511811023621
21
-4.4675030708661421
0
LINE
8
BLACK
6
CONTINUOUS
10
5.3580511811023621
20
-4.4675030708661421
11
5.3580511811023621
21
-4.430541377952756
0
LINE
8
BLACK
6
CONTINUOUS
10
5.3580511811023621
20
-4.430541377952756
11
5.3580511811023621
21
-4.1095668897637792
0
LINE
8
BLACK
6
CONTINUOUS
10
5.3580511811023621
20
-4.1095668897637792
11
5.3580511811023621
21
-3.7694094094488189
0
LINE
8
BLACK
6
CONTINUOUS
10
5.3580511811023621
20
-3.7694094094488189
11
5.3580511811023621
21
-3.6400394094488187
0
LINE
8
BLACK
6
CONTINUOUS
10
5.3580511811023621
20
-3.6400394094488187
11
5.3580511811023621
21
-3.61503937007874
0
LINE
8
BLACK
6
CONTINUOUS
10
5.3580511811023621
20
-3.61503937007874
11
5.3580511811023621
21
-3.59503937007874
0
LINE
8
BLACK
6
CONTINUOUS
10
5.3580511811023621
20
-3.59503937007874
11
5.3580511811023621
21
-3.498139803149606
0
LINE
8
BLACK
6
CONTINUOUS
10
5.3580511811023621
20
-3.498139803149606
11
5.3580511811023621
21
-3.4496434251968502
0
LINE
8
BLACK
6
CONTINUOUS
10
5.3580511811023621
20
-3.4496434251968502
11
5.3580511811023621
21
-3.3825393700787401
0
LINE
8
BLACK
6
CONTINUOUS
10
5.3580511811023621
20
-3.3825393700787401
11
5.3587955511811023
21
-3.3802483858267718
0
LINE
8
BLACK
6
CONTINUOUS
10
5.3587955511811023
20
-3.3802483858267718
11
5.3607443700787396
21
-3.3788324803149608
0
LINE
8
BLACK
6
CONTINUOUS
10
5.3607443700787396
20
-3.3788324803149608
11
5.3619488188976376
21
-3.3786417322834645
0
LINE
8
BLACK
6
CONTINUOUS
10
5.3619488188976376
20
-3.3786417322834645
11
5.3782273622047239
21
-3.3786417322834645
0
LINE
8
BLACK
6
CONTINUOUS
10
5.3782273622047239
20
-3.3786417322834645
11
5.380518346456693
21
-3.3793861023622047
0
LINE
8
BLACK
6
CONTINUOUS
10
5.7007132677165355
20
-4.4675030708661421
11
6.2047533858267716
21
-4.4675030708661421
0
LINE
8
BLACK
6
CONTINUOUS
10
6.2047533858267716
20
-4.4675030708661421
11
6.2047534251968504
21
-4.4675030708661421
0
LINE
8
BLACK
6
CONTINUOUS
10
6.2047534251968504
20
-4.4675030708661421
11
6.2047534251968504
21
-4.4657087007874017
0
LINE
8
BLACK
6
CONTINUOUS
10
6.2047534251968504
20
-4.4657087007874017
11
6.2047534251968504
21
-4.4437318110236221
0
LINE
8
BLACK
6
CONTINUOUS
10
6.2047534251968504
20
-4.4437318110236221
11
6.2047534251968504
21
-4.4039312992125987
0
LINE
8
BLACK
6
CONTINUOUS
10
6.2047534251968504
20
-4.4039312992125987
11
5.7007132283464568
21
-4.4039312992125987
0
LINE
8
BLACK
6
CONTINUOUS
10
5.7007132283464568
20
-4.4039312992125987
11
5.7007132283464568
21
-4.4675030708661421
0
LINE
8
BLACK
6
CONTINUOUS
10
5.7007132283464568
20
-4.4675030708661421
11
5.7007132677165355
21
-4.4675030708661421
0
LINE
8
BLACK
6
CONTINUOUS
10
5.5088385826771651
20
-4.4503640944881893
11
5.5094507480314956
21
-4.4542290944881886
0
LINE
8
BLACK
6
CONTINUOUS
10
5.5094507480314956
20
-4.4542290944881886
11
5.5094507874015743
21
-4.4542292519685036
0
LINE
8
BLACK
6
CONTINUOUS
10
5.5094507874015743
20
-4.4542292519685036
11
5.5105467322834647
21
-4.4563801181102365
0
LINE
8
BLACK
6
CONTINUOUS
10
5.5105467322834647
20
-4.4563801181102365
11
5.5118244881889762
21
-4.4588878346456688
0
LINE
8
BLACK
6
CONTINUOUS
10
5.5118244881889762
20
-4.4588878346456688
11
5.5155216141732284
21
-4.462584960629921
0
LINE
8
BLACK
6
CONTINUOUS
10
5.5155216141732284
20
-4.462584960629921
11
5.5201803149606299
21
-4.4649587007874016
0
LINE
8
BLACK
6
CONTINUOUS
10
5.5201803149606299
20
-4.4649587007874016
11
5.5228003937007877
21
-4.4653736614173232
0
LINE
8
BLACK
6
CONTINUOUS
10
5.5228003937007877
20
-4.4653736614173232
11
5.5240453149606301
21
-4.4655708661417322
0
LINE
8
BLACK
6
CONTINUOUS
10
5.5240453149606301
20
-4.4655708661417322
11
5.5240454330708664
21
-4.4655708661417322
0
LINE
8
BLACK
6
CONTINUOUS
10
5.5240454330708664
20
-4.4655708661417322
11
5.5468208267716532
21
-4.4655708661417322
0
LINE
8
BLACK
6
CONTINUOUS
10
5.5468208267716532
20
-4.4655708661417322
11
5.5479449999999995
21
-4.465392755905512
0
LINE
8
BLACK
6
CONTINUOUS
10
5.5479449999999995
20
-4.465392755905512
11
5.5506858267716535
21
-4.4649587007874016
0
LINE
8
BLACK
6
CONTINUOUS
10
5.5506858267716535
20
-4.4649587007874016
11
5.5553445275590549
21
-4.462584960629921
0
LINE
8
BLACK
6
CONTINUOUS
10
5.5553445275590549
20
-4.462584960629921
11
5.5590416535433071
21
-4.4588878346456688
0
LINE
8
BLACK
6
CONTINUOUS
10
5.5590416535433071
20
-4.4588878346456688
11
5.5603194094488186
21
-4.456380039370079
0
LINE
8
BLACK
6
CONTINUOUS
10
5.5603194094488186
20
-4.456380039370079
11
5.5620227165354326
21
-4.4546767716535429
0
LINE
8
BLACK
6
CONTINUOUS
10
5.5620227165354326
20
-4.4546767716535429
11
5.5637922047244093
21
-4.4542519685039368
0
LINE
8
BLACK
6
CONTINUOUS
10
5.5637922047244093
20
-4.4542519685039368
11
5.5732157086614169
21
-4.4542519685039368
0
LINE
8
BLACK
6
CONTINUOUS
10
5.5732157086614169
20
-4.4542519685039368
11
5.5755066929133861
21
-4.454996338582677
0
LINE
8
BLACK
6
CONTINUOUS
10
5.5755066929133861
20
-4.454996338582677
11
5.5766885039370075
21
-4.4563800787401577
0
LINE
8
BLACK
6
CONTINUOUS
10
5.5766885039370075
20
-4.4563800787401577
11
5.5766885433070863
21
-4.4563801181102365
0
LINE
8
BLACK
6
CONTINUOUS
10
5.5766885433070863
20
-4.4563801181102365
11
5.5786200787401574
21
-4.4601709448818898
0
LINE
8
BLACK
6
CONTINUOUS
10
5.5786200787401574
20
-4.4601709448818898
11
5.5821518897637796
21
-4.463702755905512
0
LINE
8
BLACK
6
CONTINUOUS
10
5.5821518897637796
20
-4.463702755905512
11
5.586602204724409
21
-4.4659703149606296
0
LINE
8
BLACK
6
CONTINUOUS
10
5.586602204724409
20
-4.4659703149606296
11
5.5902945275590552
21
-4.4665551181102359
0
LINE
8
BLACK
6
CONTINUOUS
10
5.5902945275590552
20
-4.4665551181102359
11
5.6144298425196846
21
-4.4665550787401571
0
LINE
8
BLACK
6
CONTINUOUS
10
5.6144298425196846
20
-4.4665550787401571
11
5.6144299212598421
21
-4.4665550787401571
0
LINE
8
BLACK
6
CONTINUOUS
10
5.6144299212598421
20
-4.4665550787401571
11
5.6144299606299208
21
-4.4665550393700784
0
LINE
8
BLACK
6
CONTINUOUS
10
5.6144299606299208
20
-4.4665550393700784
11
5.6162760236220475
21
-4.4662626771653544
0
LINE
8
BLACK
6
CONTINUOUS
10
5.6162760236220475
20
-4.4662626771653544
11
5.6181220078740157
21
-4.4659703543307083
0
LINE
8
BLACK
6
CONTINUOUS
10
5.6181220078740157
20
-4.4659703543307083
11
5.6181220078740157
21
-4.4659703149606296
0
LINE
8
BLACK
6
CONTINUOUS
10
5.6181220078740157
20
-4.4659703149606296
11
5.6181222047244095
21
-4.4659703149606296
0
LINE
8
BLACK
6
CONTINUOUS
10
5.6181222047244095
20
-4.4659703149606296
11
5.6225725196850389
21
-4.463702755905512
0
LINE
8
BLACK
6
CONTINUOUS
10
5.6225725196850389
20
-4.463702755905512
11
5.6261043307086611
21
-4.4601709448818898
0
LINE
8
BLACK
6
CONTINUOUS
10
5.6261043307086611
20
-4.4601709448818898
11
5.6283718897637796
21
-4.4557206299212595
0
LINE
8
BLACK
6
CONTINUOUS
10
5.6283718897637796
20
-4.4557206299212595
11
5.6289566929133859
21
-4.4520283070866142
0
LINE
8
BLACK
6
CONTINUOUS
10
5.6289566929133859
20
-4.4520283070866142
11
5.6289566535433071
21
-4.433798503937008
0
LINE
8
BLACK
6
CONTINUOUS
10
5.6289566535433071
20
-4.433798503937008
11
5.6288614173228346
21
-4.4331971259842522
0
LINE
8
BLACK
6
CONTINUOUS
10
5.6288614173228346
20
-4.4331971259842522
11
5.6283719291338583
21
-4.4301062992125981
0
LINE
8
BLACK
6
CONTINUOUS
10
5.6283719291338583
20
-4.4301062992125981
11
5.6283718897637796
21
-4.4301062204724406
0
LINE
8
BLACK
6
CONTINUOUS
10
5.6283718897637796
20
-4.4301062204724406
11
5.6283718897637796
21
-4.4301061417322831
0
LINE
8
BLACK
6
CONTINUOUS
10
5.6283718897637796
20
-4.4301061417322831
11
5.6261043307086611
21
-4.4256558267716537
0
LINE
8
BLACK
6
CONTINUOUS
10
5.6261043307086611
20
-4.4256558267716537
11
5.6225725196850389
21
-4.4221240157480315
0
LINE
8
BLACK
6
CONTINUOUS
10
5.6225725196850389
20
-4.4221240157480315
11
5.6181222047244095
21
-4.419856456692913
0
LINE
8
BLACK
6
CONTINUOUS
10
5.6181222047244095
20
-4.419856456692913
11
5.6181222440944882
21
-4.419856456692913
0
LINE
8
BLACK
6
CONTINUOUS
10
5.6181222440944882
20
-4.419856456692913
11
5.6144299999999996
21
-4.4192716535433068
0
LINE
8
BLACK
6
CONTINUOUS
10
5.6144299999999996
20
-4.4192716535433068
11
5.5902944488188977
21
-4.4192716535433068
0
LINE
8
BLACK
6
CONTINUOUS
10
5.5902944488188977
20
-4.4192716535433068
11
5.5902943307086614
21
-4.4192716929133855
0
LINE
8
BLACK
6
CONTINUOUS
10
5.5902943307086614
20
-4.4192716929133855
11
5.5866023622047241
21
-4.4198563779527555
0
LINE
8
BLACK
6
CONTINUOUS
10
5.5866023622047241
20
-4.4198563779527555
11
5.5866021653543303
21
-4.419856456692913
0
LINE
8
BLACK
6
CONTINUOUS
10
5.5866021653543303
20
-4.419856456692913
11
5.5821519291338584
21
-4.4221239763779527
0
LINE
8
BLACK
6
CONTINUOUS
10
5.5821519291338584
20
-4.4221239763779527
11
5.5821518897637796
21
-4.4221239763779527
0
LINE
8
BLACK
6
CONTINUOUS
10
5.5821518897637796
20
-4.4221239763779527
11
5.5821518897637796
21
-4.4221240157480315
0
LINE
8
BLACK
6
CONTINUOUS
10
5.5821518897637796
20
-4.4221240157480315
11
5.5787638582677168
21
-4.4255120078740156
0
LINE
8
BLACK
6
CONTINUOUS
10
5.5787638582677168
20
-4.4255120078740156
11
5.5766176377952759
21
-4.426605551181102
0
LINE
8
BLACK
6
CONTINUOUS
10
5.5766176377952759
20
-4.426605551181102
11
5.5760079133858262
21
-4.4266535433070864
0
LINE
8
BLACK
6
CONTINUOUS
10
5.5760079133858262
20
-4.4266535433070864
11
5.5637922047244093
21
-4.4266535433070864
0
LINE
8
BLACK
6
CONTINUOUS
10
5.5637922047244093
20
-4.4266535433070864
11
5.561501220472441
21
-4.4259091732283462
0
LINE
8
BLACK
6
CONTINUOUS
10
5.561501220472441
20
-4.4259091732283462
11
5.5603194094488186
21
-4.4245254330708663
0
LINE
8
BLACK
6
CONTINUOUS
10
5.5603194094488186
20
-4.4245254330708663
11
5.5590416535433071
21
-4.4220176771653543
0
LINE
8
BLACK
6
CONTINUOUS
10
5.5590416535433071
20
-4.4220176771653543
11
5.5553445275590549
21
-4.4183205511811021
0
LINE
8
BLACK
6
CONTINUOUS
10
5.5553445275590549
20
-4.4183205511811021
11
5.5551823228346455
21
-4.4182379133858269
0
LINE
8
BLACK
6
CONTINUOUS
10
5.5551823228346455
20
-4.4182379133858269
11
5.5506859448818897
21
-4.4159468503937003
0
LINE
8
BLACK
6
CONTINUOUS
10
5.5506859448818897
20
-4.4159468503937003
11
5.5506858267716535
21
-4.4159468110236215
0
LINE
8
BLACK
6
CONTINUOUS
10
5.5506858267716535
20
-4.4159468110236215
11
5.5497195275590547
21
-4.4157937401574801
0
LINE
8
BLACK
6
CONTINUOUS
10
5.5497195275590547
20
-4.4157937401574801
11
5.5468208267716532
21
-4.415334645669291
0
LINE
8
BLACK
6
CONTINUOUS
10
5.5468208267716532
20
-4.415334645669291
11
5.546820708661417
21
-4.415334645669291
0
LINE
8
BLACK
6
CONTINUOUS
10
5.546820708661417
20
-4.415334645669291
11
5.5240454330708664
21
-4.415334645669291
0
LINE
8
BLACK
6
CONTINUOUS
10
5.5240454330708664
20
-4.415334645669291
11
5.5240453149606301
21
-4.415334645669291
0
LINE
8
BLACK
6
CONTINUOUS
10
5.5240453149606301
20
-4.415334645669291
11
5.5201803149606299
21
-4.4159468110236215
0
LINE
8
BLACK
6
CONTINUOUS
10
5.5201803149606299
20
-4.4159468110236215
11
5.5201801574803149
21
-4.4159468503937003
0
LINE
8
BLACK
6
CONTINUOUS
10
5.5201801574803149
20
-4.4159468503937003
11
5.5155216535433071
21
-4.4183205118110234
0
LINE
8
BLACK
6
CONTINUOUS
10
5.5155216535433071
20
-4.4183205118110234
11
5.5118244488188974
21
-4.4220177165354331
0
LINE
8
BLACK
6
CONTINUOUS
10
5.5118244488188974
20
-4.4220177165354331
11
5.5094507874015743
21
-4.4266762204724408
0
LINE
8
BLACK
6
CONTINUOUS
10
5.5094507874015743
20
-4.4266762204724408
11
5.5094507480314956
21
-4.4266763779527558
0
LINE
8
BLACK
6
CONTINUOUS
10
5.5094507480314956
20
-4.4266763779527558
11
5.5088385826771651
21
-4.430541377952756
0
LINE
8
BLACK
6
CONTINUOUS
10
5.5088385826771651
20
-4.430541377952756
11
5.5088385826771651
21
-4.4503640944881893
0
LINE
8
BLACK
6
CONTINUOUS
10
5.4912785826771655
20
-3.6463583070866141
11
5.4875866141732281
21
-3.6469429921259842
0
LINE
8
BLACK
6
CONTINUOUS
10
5.4875866141732281
20
-3.6469429921259842
11
5.4875864173228344
21
-3.6469430708661417
0
LINE
8
BLACK
6
CONTINUOUS
10
5.4875864173228344
20
-3.6469430708661417
11
5.4831361811023624
21
-3.6492105905511809
0
LINE
8
BLACK
6
CONTINUOUS
10
5.4831361811023624
20
-3.6492105905511809
11
5.4796042913385827
21
-3.6527424803149606
0
LINE
8
BLACK
6
CONTINUOUS
10
5.4796042913385827
20
-3.6527424803149606
11
5.477336771653543
21
-3.657192716535433
0
LINE
8
BLACK
6
CONTINUOUS
10
5.477336771653543
20
-3.657192716535433
11
5.4767519685039368
21
-3.6608849212598424
0
LINE
8
BLACK
6
CONTINUOUS
10
5.4767519685039368
20
-3.6608849212598424
11
5.4767519685039368
21
-3.6791149606299212
0
LINE
8
BLACK
6
CONTINUOUS
10
5.4767519685039368
20
-3.6791149606299212
11
5.4767520078740155
21
-3.6791150787401574
0
LINE
8
BLACK
6
CONTINUOUS
10
5.4767520078740155
20
-3.6791150787401574
11
5.4773366929133855
21
-3.6828070472440944
0
LINE
8
BLACK
6
CONTINUOUS
10
5.4773366929133855
20
-3.6828070472440944
11
5.477336771653543
21
-3.6828072440944881
0
LINE
8
BLACK
6
CONTINUOUS
10
5.477336771653543
20
-3.6828072440944881
11
5.4796043307086615
21
-3.687257559055118
0
LINE
8
BLACK
6
CONTINUOUS
10
5.4796043307086615
20
-3.687257559055118
11
5.4831361417322837
21
-3.6907893700787402
0
LINE
8
BLACK
6
CONTINUOUS
10
5.4831361417322837
20
-3.6907893700787402
11
5.4875864566929131
21
-3.6930569291338582
0
LINE
8
BLACK
6
CONTINUOUS
10
5.4875864566929131
20
-3.6930569291338582
11
5.4912787795275593
21
-3.6936417322834645
0
LINE
8
BLACK
6
CONTINUOUS
10
5.4912787795275593
20
-3.6936417322834645
11
5.4980511811023618
21
-3.6936416929133857
0
LINE
8
BLACK
6
CONTINUOUS
10
5.4980511811023618
20
-3.6936416929133857
11
5.5003421259842522
21
-3.6943860629921259
0
LINE
8
BLACK
6
CONTINUOUS
10
5.5003421259842522
20
-3.6943860629921259
11
5.5017580314960632
21
-3.6963348818897637
0
LINE
8
BLACK
6
CONTINUOUS
10
5.5017580314960632
20
-3.6963348818897637
11
5.5019488188976373
21
-3.6975393307086613
0
LINE
8
BLACK
6
CONTINUOUS
10
5.5019488188976373
20
-3.6975393307086613
11
5.5019488188976373
21
-3.7569426377952757
0
LINE
8
BLACK
6
CONTINUOUS
10
5.5019488188976373
20
-3.7569426377952757
11
5.5012044488188971
21
-3.759233622047244
0
LINE
8
BLACK
6
CONTINUOUS
10
5.5012044488188971
20
-3.759233622047244
11
5.4992556299212598
21
-3.760649527559055
0
LINE
8
BLACK
6
CONTINUOUS
10
5.4992556299212598
20
-3.760649527559055
11
5.4968467322834647
21
-3.760649527559055
0
LINE
8
BLACK
6
CONTINUOUS
10
5.4968467322834647
20
-3.760649527559055
11
5.4952951181102359
21
-3.7596987007874016
0
LINE
8
BLACK
6
CONTINUOUS
10
5.4952951181102359
20
-3.7596987007874016
11
5.4935992125984248
21
-3.7580027952755906
0
LINE
8
BLACK
6
CONTINUOUS
10
5.4935992125984248
20
-3.7580027952755906
11
5.4890854724409444
21
-3.7549868503937005
0
LINE
8
BLACK
6
CONTINUOUS
10
5.4890854724409444
20
-3.7549868503937005
11
5.4840701968503938
21
-3.7529094881889762
0
LINE
8
BLACK
6
CONTINUOUS
10
5.4840701968503938
20
-3.7529094881889762
11
5.4787458267716538
21
-3.7518503937007872
0
LINE
8
BLACK
6
CONTINUOUS
10
5.4787458267716538
20
-3.7518503937007872
11
5.4663464960629922
21
-3.7518503937007872
0
LINE
8
BLACK
6
CONTINUOUS
10
5.4663464960629922
20
-3.7518503937007872
11
5.4663464566929134
21
-3.751850433070866
0
LINE
8
BLACK
6
CONTINUOUS
10
5.4663464566929134
20
-3.751850433070866
11
5.4663464566929134
21
-3.7597244094488187
0
LINE
8
BLACK
6
CONTINUOUS
10
5.4663464566929134
20
-3.7597244094488187
11
5.4760314960629923
21
-3.7597244094488187
0
LINE
8
BLACK
6
CONTINUOUS
10
5.4760314960629923
20
-3.7597244094488187
11
5.4786009055118106
21
-3.7598928346456693
0
LINE
8
BLACK
6
CONTINUOUS
10
5.4786009055118106
20
-3.7598928346456693
11
5.4835646456692908
21
-3.7612228346456691
0
LINE
8
BLACK
6
CONTINUOUS
10
5.4835646456692908
20
-3.7612228346456691
11
5.4880149999999999
21
-3.7637922440944882
0
LINE
8
BLACK
6
CONTINUOUS
10
5.4880149999999999
20
-3.7637922440944882
11
5.4916487007874011
21
-3.7674259448818899
0
LINE
8
BLACK
6
CONTINUOUS
10
5.4916487007874011
20
-3.7674259448818899
11
5.4942181102362202
21
-3.7718762992125985
0
LINE
8
BLACK
6
CONTINUOUS
10
5.4942181102362202
20
-3.7718762992125985
11
5.4955481102362205
21
-3.7768400393700787
0
LINE
8
BLACK
6
CONTINUOUS
10
5.4955481102362205
20
-3.7768400393700787
11
5.4955481102362205
21
-3.7819788582677165
0
LINE
8
BLACK
6
CONTINUOUS
10
5.4955481102362205
20
-3.7819788582677165
11
5.4942181102362202
21
-3.7869425984251968
0
LINE
8
BLACK
6
CONTINUOUS
10
5.4942181102362202
20
-3.7869425984251968
11
5.4916487007874011
21
-3.7913929527559054
0
LINE
8
BLACK
6
CONTINUOUS
10
5.4916487007874011
20
-3.7913929527559054
11
5.4880149999999999
21
-3.795026653543307
0
LINE
8
BLACK
6
CONTINUOUS
10
5.4880149999999999
20
-3.795026653543307
11
5.4835646456692908
21
-3.7975960629921257
0
LINE
8
BLACK
6
CONTINUOUS
10
5.4835646456692908
20
-3.7975960629921257
11
5.4786009055118106
21
-3.798926062992126
0
LINE
8
BLACK
6
CONTINUOUS
10
5.4786009055118106
20
-3.798926062992126
11
5.4760314960629923
21
-3.7990944881889761
0
LINE
8
BLACK
6
CONTINUOUS
10
5.4760314960629923
20
-3.7990944881889761
11
5.4663464566929134
21
-3.7990944881889761
0
LINE
8
BLACK
6
CONTINUOUS
10
5.4663464566929134
20
-3.7990944881889761
11
5.4663464566929134
21
-3.8069684645669288
0
LINE
8
BLACK
6
CONTINUOUS
10
5.4663464566929134
20
-3.8069684645669288
11
5.4663464960629922
21
-3.8069685039370076
0
LINE
8
BLACK
6
CONTINUOUS
10
5.4663464960629922
20
-3.8069685039370076
11
5.478745787401575
21
-3.8069685039370076
0
LINE
8
BLACK
6
CONTINUOUS
10
5.478745787401575
20
-3.8069685039370076
11
5.4787458267716538
21
-3.8069684645669288
0
LINE
8
BLACK
6
CONTINUOUS
10
5.4787458267716538
20
-3.8069684645669288
11
5.4840701968503938
21
-3.8059093700787399
0
LINE
8
BLACK
6
CONTINUOUS
10
5.4840701968503938
20
-3.8059093700787399
11
5.4890854724409444
21
-3.8038320078740155
0
LINE
8
BLACK
6
CONTINUOUS
10
5.4890854724409444
20
-3.8038320078740155
11
5.4935992125984248
21
-3.8008160629921259
0
LINE
8
BLACK
6
CONTINUOUS
10
5.4935992125984248
20
-3.8008160629921259
11
5.4952951181102359
21
-3.7991201968503936
0
LINE
8
BLACK
6
CONTINUOUS
10
5.4952951181102359
20
-3.7991201968503936
11
5.4974414566929131
21
-3.7980266141732284
0
LINE
8
BLACK
6
CONTINUOUS
10
5.4974414566929131
20
-3.7980266141732284
11
5.4998206692913385
21
-3.7984034251968501
0
LINE
8
BLACK
6
CONTINUOUS
10
5.4998206692913385
20
-3.7984034251968501
11
5.5015240157480312
21
-3.8001067716535433
0
LINE
8
BLACK
6
CONTINUOUS
10
5.5015240157480312
20
-3.8001067716535433
11
5.5019488188976373
21
-3.8018762598425195
0
LINE
8
BLACK
6
CONTINUOUS
10
5.5019488188976373
20
-3.8018762598425195
11
5.5019488188976373
21
-3.9585096062992124
0
LINE
8
BLACK
6
CONTINUOUS
10
5.5019488188976373
20
-3.9585096062992124
11
5.5021835433070869
21
-3.9593855511811022
0
LINE
8
BLACK
6
CONTINUOUS
10
5.5021835433070869
20
-3.9593855511811022
11
5.5026556299212599
21
-3.9611474409448819
0
LINE
8
BLACK
6
CONTINUOUS
10
5.5026556299212599
20
-3.9611474409448819
11
5.5028891338582673
21
-3.9620190157480315
0
LINE
8
BLACK
6
CONTINUOUS
10
5.5028891338582673
20
-3.9620190157480315
11
5.502889173228346
21
-3.9620190551181103
0
LINE
8
BLACK
6
CONTINUOUS
10
5.502889173228346
20
-3.9620190551181103
11
5.5028892125984248
21
-3.9620192125984253
0
LINE
8
BLACK
6
CONTINUOUS
10
5.5028892125984248
20
-3.9620192125984253
11
5.5047059055118108
21
-3.9651658267716536
0
LINE
8
BLACK
6
CONTINUOUS
10
5.5047059055118108
20
-3.9651658267716536
11
5.5492829921259839
21
-4.0097429133858267
0
LINE
8
BLACK
6
CONTINUOUS
10
5.5492829921259839
20
-4.0097429133858267
11
5.5504861023622043
21
-4.0104375196850395
0
LINE
8
BLACK
6
CONTINUOUS
10
5.5504861023622043
20
-4.0104375196850395
11
5.5518861811023621
21
-4.0112458661417323
0
LINE
8
BLACK
6
CONTINUOUS
10
5.5518861811023621
20
-4.0112458661417323
11
5.5520317716535432
21
-4.0113299212598426
0
LINE
8
BLACK
6
CONTINUOUS
10
5.5520317716535432
20
-4.0113299212598426
11
5.5524296062992127
21
-4.0115596062992127
0
LINE
8
BLACK
6
CONTINUOUS
10
5.5524296062992127
20
-4.0115596062992127
11
5.5559392125984255
21
-4.0125000000000002
0
LINE
8
BLACK
6
CONTINUOUS
10
5.5559392125984255
20
-4.0125000000000002
11
5.6091220472440941
21
-4.0125000000000002
0
LINE
8
BLACK
6
CONTINUOUS
10
5.6091220472440941
20
-4.0125000000000002
11
5.6114130314960633
21
-4.0132443700787404
0
LINE
8
BLACK
6
CONTINUOUS
10
5.6114130314960633
20
-4.0132443700787404
11
5.6128289370078743
21
-4.0151931889763777
0
LINE
8
BLACK
6
CONTINUOUS
10
5.6128289370078743
20
-4.0151931889763777
11
5.6130196850393697
21
-4.0163976377952757
0
LINE
8
BLACK
6
CONTINUOUS
10
5.6130196850393697
20
-4.0163976377952757
11
5.6130196850393697
21
-4.025068937007874
0
LINE
8
BLACK
6
CONTINUOUS
10
5.6130196850393697
20
-4.025068937007874
11
5.6134968897637796
21
-4.0274679527559059
0
LINE
8
BLACK
6
CONTINUOUS
10
5.6134968897637796
20
-4.0274679527559059
11
5.6134968897637796
21
-4.0289887401574802
0
LINE
8
BLACK
6
CONTINUOUS
10
5.6134968897637796
20
-4.0289887401574802
11
5.6130196850393697
21
-4.0313877165354333
0
LINE
8
BLACK
6
CONTINUOUS
10
5.6130196850393697
20
-4.0313877165354333
11
5.6130196850393697
21
-4.0484816535433072
0
LINE
8
BLACK
6
CONTINUOUS
10
5.6130196850393697
20
-4.0484816535433072
11
5.6122753149606295
21
-4.0507726377952755
0
LINE
8
BLACK
6
CONTINUOUS
10
5.6122753149606295
20
-4.0507726377952755
11
5.6103264960629922
21
-4.0521885433070866
0
LINE
8
BLACK
6
CONTINUOUS
10
5.6103264960629922
20
-4.0521885433070866
11
5.607917598425197
21
-4.0521885433070866
0
LINE
8
BLACK
6
CONTINUOUS
10
5.607917598425197
20
-4.0521885433070866
11
5.6071732677165356
21
-4.0518571259842515
0
LINE
8
BLACK
6
CONTINUOUS
10
5.6071732677165356
20
-4.0518571259842515
11
5.606189960629921
21
-4.0512894094488185
0
LINE
8
BLACK
6
CONTINUOUS
10
5.606189960629921
20
-4.0512894094488185
11
5.6061897637795273
21
-4.051289330708661
0
LINE
8
BLACK
6
CONTINUOUS
10
5.6061897637795273
20
-4.051289330708661
11
5.6029207086614168
21
-4.0504133858267712
0
LINE
8
BLACK
6
CONTINUOUS
10
5.6029207086614168
20
-4.0504133858267712
11
5.6029206299212593
21
-4.0504133858267712
0
LINE
8
BLACK
6
CONTINUOUS
10
5.6029206299212593
20
-4.0504133858267712
11
5.5995360629921258
21
-4.0504133858267712
0
LINE
8
BLACK
6
CONTINUOUS
10
5.5995360629921258
20
-4.0504133858267712
11
5.5995359448818895
21
-4.0504133858267712
0
LINE
8
BLACK
6
CONTINUOUS
10
5.5995359448818895
20
-4.0504133858267712
11
5.5962668897637791
21
-4.051289330708661
0
LINE
8
BLACK
6
CONTINUOUS
10
5.5962668897637791
20
-4.051289330708661
11
5.5933356299212598
21
-4.0529816929133862
0
LINE
8
BLACK
6
CONTINUOUS
10
5.5933356299212598
20
-4.0529816929133862
11
5.5909423228346453
21
-4.0553749999999997
0
LINE
8
BLACK
6
CONTINUOUS
10
5.5909423228346453
20
-4.0553749999999997
11
5.5892499606299211
21
-4.0583062598425199
0
LINE
8
BLACK
6
CONTINUOUS
10
5.5892499606299211
20
-4.0583062598425199
11
5.5883740157480313
21
-4.0615753149606295
0
LINE
8
BLACK
6
CONTINUOUS
10
5.5883740157480313
20
-4.0615753149606295
11
5.5883740157480313
21
-4.0649600787401576
0
LINE
8
BLACK
6
CONTINUOUS
10
5.5883740157480313
20
-4.0649600787401576
11
5.5892499606299211
21
-4.0682291338582672
0
LINE
8
BLACK
6
CONTINUOUS
10
5.5892499606299211
20
-4.0682291338582672
11
5.5892499999999998
21
-4.0682292125984247
0
LINE
8
BLACK
6
CONTINUOUS
10
5.5892499999999998
20
-4.0682292125984247
11
5.5892500393700786
21
-4.0682292913385822
0
LINE
8
BLACK
6
CONTINUOUS
10
5.5892500393700786
20
-4.0682292913385822
11
5.5909423228346453
21
-4.0711604330708662
0
LINE
8
BLACK
6
CONTINUOUS
10
5.5909423228346453
20
-4.0711604330708662
11
5.5933356299212598
21
-4.0735537401574806
0
LINE
8
BLACK
6
CONTINUOUS
10
5.5933356299212598
20
-4.0735537401574806
11
5.5962667716535428
21
-4.0752460236220474
0
LINE
8
BLACK
6
CONTINUOUS
10
5.5962667716535428
20
-4.0752460236220474
11
5.5962668503937003
21
-4.0752460236220474
0
LINE
8
BLACK
6
CONTINUOUS
10
5.5962668503937003
20
-4.0752460236220474
11
5.5962668897637791
21
-4.0752460629921261
0
LINE
8
BLACK
6
CONTINUOUS
10
5.5962668897637791
20
-4.0752460629921261
11
5.5976911023622042
21
-4.0756276771653539
0
LINE
8
BLACK
6
CONTINUOUS
10
5.5976911023622042
20
-4.0756276771653539
11
5.5995359448818895
21
-4.0761220078740159
0
LINE
8
BLACK
6
CONTINUOUS
10
5.5995359448818895
20
-4.0761220078740159
11
5.5995360236220471
21
-4.0761220472440947
0
LINE
8
BLACK
6
CONTINUOUS
10
5.5995360236220471
20
-4.0761220472440947
11
5.5995360629921258
21
-4.0761220472440947
0
LINE
8
BLACK
6
CONTINUOUS
10
5.5995360629921258
20
-4.0761220472440947
11
5.602920669291338
21
-4.0761220472440947
0
LINE
8
BLACK
6
CONTINUOUS
10
5.602920669291338
20
-4.0761220472440947
11
5.602920669291338
21
-4.0761220078740159
0
LINE
8
BLACK
6
CONTINUOUS
10
5.602920669291338
20
-4.0761220078740159
11
5.6061899212598423
21
-4.0752460236220474
0
LINE
8
BLACK
6
CONTINUOUS
10
5.6061899212598423
20
-4.0752460236220474
11
5.6091210629921262
21
-4.0735537401574806
0
LINE
8
BLACK
6
CONTINUOUS
10
5.6091210629921262
20
-4.0735537401574806
11
5.6115143700787398
21
-4.0711604330708662
0
LINE
8
BLACK
6
CONTINUOUS
10
5.6115143700787398
20
-4.0711604330708662
11
5.6132066535433074
21
-4.0682292913385822
0
LINE
8
BLACK
6
CONTINUOUS
10
5.6132066535433074
20
-4.0682292913385822
11
5.6132066929133861
21
-4.0682290944881885
0
LINE
8
BLACK
6
CONTINUOUS
10
5.6132066929133861
20
-4.0682290944881885
11
5.6133044094488191
21
-4.0679932677165356
0
LINE
8
BLACK
6
CONTINUOUS
10
5.6133044094488191
20
-4.0679932677165356
11
5.6133878346456694
21
-4.0680277952755901
0
LINE
8
BLACK
6
CONTINUOUS
10
5.6133878346456694
20
-4.0680277952755901
11
5.6144831889763775
21
-4.0663411023622045
0
LINE
8
BLACK
6
CONTINUOUS
10
5.6144831889763775
20
-4.0663411023622045
11
5.6167320078740159
21
-4.0654777952755907
0
LINE
8
BLACK
6
CONTINUOUS
10
5.6167320078740159
20
-4.0654777952755907
11
5.6169361023622049
21
-4.0654724409448821
0
LINE
8
BLACK
6
CONTINUOUS
10
5.6169361023622049
20
-4.0654724409448821
11
5.6209133858267712
21
-4.0654724409448821
0
LINE
8
BLACK
6
CONTINUOUS
10
5.6209133858267712
20
-4.0654724409448821
11
5.6209133858267712
21
-4.0636614173228347
0
LINE
8
BLACK
6
CONTINUOUS
10
5.6209133858267712
20
-4.0636614173228347
11
5.6661889763779527
21
-4.0636614173228347
0
LINE
8
BLACK
6
CONTINUOUS
10
5.6661889763779527
20
-4.0636614173228347
11
5.6661889763779527
21
-4.0654724409448821
0
LINE
8
BLACK
6
CONTINUOUS
10
5.6661889763779527
20
-4.0654724409448821
11
5.6740629527559054
21
-4.0654724409448821
0
LINE
8
BLACK
6
CONTINUOUS
10
5.6740629527559054
20
-4.0654724409448821
11
5.6740629921259842
21
-4.0654724015748034
0
LINE
8
BLACK
6
CONTINUOUS
10
5.6740629921259842
20
-4.0654724015748034
11
5.6740629921259842
21
-4.0636417322834646
0
LINE
8
BLACK
6
CONTINUOUS
10
5.6740629921259842
20
-4.0636417322834646
11
5.6748073622047244
21
-4.0613507480314963
0
LINE
8
BLACK
6
CONTINUOUS
10
5.6748073622047244
20
-4.0613507480314963
11
5.6767561811023617
21
-4.0599348425196853
0
LINE
8
BLACK
6
CONTINUOUS
10
5.6767561811023617
20
-4.0599348425196853
11
5.6779606299212597
21
-4.0597440944881891
0
LINE
8
BLACK
6
CONTINUOUS
10
5.6779606299212597
20
-4.0597440944881891
11
5.7437409055118112
21
-4.0597440944881891
0
LINE
8
BLACK
6
CONTINUOUS
10
5.7437409055118112
20
-4.0597440944881891
11
5.7460318897637794
21
-4.0604884645669292
0
LINE
8
BLACK
6
CONTINUOUS
10
5.7460318897637794
20
-4.0604884645669292
11
5.7471162992125979
21
-4.0616928740157476
0
LINE
8
BLACK
6
CONTINUOUS
10
5.7471162992125979
20
-4.0616928740157476
11
5.7494283464566927
21
-4.0656974803149604
0
LINE
8
BLACK
6
CONTINUOUS
10
5.7494283464566927
20
-4.0656974803149604
11
5.7514372047244091
21
-4.0677063385826768
0
LINE
8
BLACK
6
CONTINUOUS
10
5.7514372047244091
20
-4.0677063385826768
11
5.7525307480314956
21
-4.0698525984251965
0
LINE
8
BLACK
6
CONTINUOUS
10
5.7525307480314956
20
-4.0698525984251965
11
5.7525787401574799
21
-4.0704623228346453
0
LINE
8
BLACK
6
CONTINUOUS
10
5.7525787401574799
20
-4.0704623228346453
11
5.7525787401574799
21
-4.106801889763779
0
LINE
8
BLACK
6
CONTINUOUS
10
5.7525787401574799
20
-4.106801889763779
11
5.7518343700787398
21
-4.1090928740157482
0
LINE
8
BLACK
6
CONTINUOUS
10
5.7518343700787398
20
-4.1090928740157482
11
5.7498855511811024
21
-4.1105087795275592
0
LINE
8
BLACK
6
CONTINUOUS
10
5.7498855511811024
20
-4.1105087795275592
11
5.7492909448818894
21
-4.110651535433071
0
LINE
8
BLACK
6
CONTINUOUS
10
5.7492909448818894
20
-4.110651535433071
11
5.748172401574803
21
-4.1108287007874011
0
LINE
8
BLACK
6
CONTINUOUS
10
5.748172401574803
20
-4.1108287007874011
11
5.7481722834645668
21
-4.1108287401574799
0
LINE
8
BLACK
6
CONTINUOUS
10
5.7481722834645668
20
-4.1108287401574799
11
5.743513779527559
21
-4.113202401574803
0
LINE
8
BLACK
6
CONTINUOUS
10
5.743513779527559
20
-4.113202401574803
11
5.7398165748031493
21
-4.1168996062992127
0
LINE
8
BLACK
6
CONTINUOUS
10
5.7398165748031493
20
-4.1168996062992127
11
5.7374429133858262
21
-4.1215581102362204
0
LINE
8
BLACK
6
CONTINUOUS
10
5.7374429133858262
20
-4.1215581102362204
11
5.7374428740157475
21
-4.1215582677165354
0
LINE
8
BLACK
6
CONTINUOUS
10
5.7374428740157475
20
-4.1215582677165354
11
5.736830708661417
21
-4.1254232677165357
0
LINE
8
BLACK
6
CONTINUOUS
10
5.736830708661417
20
-4.1254232677165357
11
5.736830708661417
21
-4.145245984251968
0
LINE
8
BLACK
6
CONTINUOUS
10
5.736830708661417
20
-4.145245984251968
11
5.7372388188976373
21
-4.1478226377952758
0
LINE
8
BLACK
6
CONTINUOUS
10
5.7372388188976373
20
-4.1478226377952758
11
5.7373903543307083
21
-4.1487795275590553
0
LINE
8
BLACK
6
CONTINUOUS
10
5.7373903543307083
20
-4.1487795275590553
11
5.7374428740157475
21
-4.1491109842519682
0
LINE
8
BLACK
6
CONTINUOUS
10
5.7374428740157475
20
-4.1491109842519682
11
5.7374429133858262
21
-4.1491111417322832
0
LINE
8
BLACK
6
CONTINUOUS
10
5.7374429133858262
20
-4.1491111417322832
11
5.7381308267716538
21
-4.1504612204724411
0
LINE
8
BLACK
6
CONTINUOUS
10
5.7381308267716538
20
-4.1504612204724411
11
5.7398166141732281
21
-4.1537697244094485
0
LINE
8
BLACK
6
CONTINUOUS
10
5.7398166141732281
20
-4.1537697244094485
11
5.7435137401574803
21
-4.1574668503937007
0
LINE
8
BLACK
6
CONTINUOUS
10
5.7435137401574803
20
-4.1574668503937007
11
5.7481724409448818
21
-4.1598405905511813
0
LINE
8
BLACK
6
CONTINUOUS
10
5.7481724409448818
20
-4.1598405905511813
11
5.7507925196850396
21
-4.1602555511811019
0
LINE
8
BLACK
6
CONTINUOUS
10
5.7507925196850396
20
-4.1602555511811019
11
5.752037440944882
21
-4.1604527559055118
0
LINE
8
BLACK
6
CONTINUOUS
10
5.752037440944882
20
-4.1604527559055118
11
5.7520375590551183
21
-4.1604527559055118
0
LINE
8
BLACK
6
CONTINUOUS
10
5.7520375590551183
20
-4.1604527559055118
11
5.7613704724409445
21
-4.1604527559055118
0
LINE
8
BLACK
6
CONTINUOUS
10
5.7613704724409445
20
-4.1604527559055118
11
5.7636614566929136
21
-4.161197125984252
0
LINE
8
BLACK
6
CONTINUOUS
10
5.7636614566929136
20
-4.161197125984252
11
5.7641265354330704
21
-4.1615943307086614
0
LINE
8
BLACK
6
CONTINUOUS
10
5.7641265354330704
20
-4.1615943307086614
11
5.7901400393700788
21
-4.1876078346456689
0
LINE
8
BLACK
6
CONTINUOUS
10
5.7901400393700788
20
-4.1876078346456689
11
5.791233622047244
21
-4.1897541732283461
0
LINE
8
BLACK
6
CONTINUOUS
10
5.791233622047244
20
-4.1897541732283461
11
5.7908568110236223
21
-4.1921333858267715
0
LINE
8
BLACK
6
CONTINUOUS
10
5.7908568110236223
20
-4.1921333858267715
11
5.7891534645669287
21
-4.1938367322834642
0
LINE
8
BLACK
6
CONTINUOUS
10
5.7891534645669287
20
-4.1938367322834642
11
5.7867742519685041
21
-4.1942135433070868
0
LINE
8
BLACK
6
CONTINUOUS
10
5.7867742519685041
20
-4.1942135433070868
11
5.7846554724409449
21
-4.1938779527559058
0
LINE
8
BLACK
6
CONTINUOUS
10
5.7846554724409449
20
-4.1938779527559058
11
5.7846553543307087
21
-4.1938779527559058
0
LINE
8
BLACK
6
CONTINUOUS
10
5.7846553543307087
20
-4.1938779527559058
11
5.7520375590551183
21
-4.1938779527559058
0
LINE
8
BLACK
6
CONTINUOUS
10
5.7520375590551183
20
-4.1938779527559058
11
5.752037440944882
21
-4.1938779527559058
0
LINE
8
BLACK
6
CONTINUOUS
10
5.752037440944882
20
-4.1938779527559058
11
5.7481724409448818
21
-4.1944901181102363
0
LINE
8
BLACK
6
CONTINUOUS
10
5.7481724409448818
20
-4.1944901181102363
11
5.7481722834645668
21
-4.1944901574803151
0
LINE
8
BLACK
6
CONTINUOUS
10
5.7481722834645668
20
-4.1944901574803151
11
5.743513779527559
21
-4.1968638188976373
0
LINE
8
BLACK
6
CONTINUOUS
10
5.743513779527559
20
-4.1968638188976373
11
5.7398165748031493
21
-4.200561023622047
0
LINE
8
BLACK
6
CONTINUOUS
10
5.7398165748031493
20
-4.200561023622047
11
5.7374429133858262
21
-4.2052195275590547
0
LINE
8
BLACK
6
CONTINUOUS
10
5.7374429133858262
20
-4.2052195275590547
11
5.7374428740157475
21
-4.2052196850393697
0
LINE
8
BLACK
6
CONTINUOUS
10
5.7374428740157475
20
-4.2052196850393697
11
5.736830708661417
21
-4.2090846850393699
0
LINE
8
BLACK
6
CONTINUOUS
10
5.736830708661417
20
-4.2090846850393699
11
5.736830708661417
21
-4.2167869685039365
0
LINE
8
BLACK
6
CONTINUOUS
10
5.736830708661417
20
-4.2167869685039365
11
5.7360863385826768
21
-4.2190779527559057
0
LINE
8
BLACK
6
CONTINUOUS
10
5.7360863385826768
20
-4.2190779527559057
11
5.7356893307086612
21
-4.2195427559055121
0
LINE
8
BLACK
6
CONTINUOUS
10
5.7356893307086612
20
-4.2195427559055121
11
5.7318125590551183
21
-4.2234196062992124
0
LINE
8
BLACK
6
CONTINUOUS
10
5.7318125590551183
20
-4.2234196062992124
11
5.7289301574803151
21
-4.2263020078740157
0
LINE
8
BLACK
6
CONTINUOUS
10
5.7289301574803151
20
-4.2263020078740157
11
5.7267838188976379
21
-4.2273955905511809
0
LINE
8
BLACK
6
CONTINUOUS
10
5.7267838188976379
20
-4.2273955905511809
11
5.7244046062992124
21
-4.2270187795275591
0
LINE
8
BLACK
6
CONTINUOUS
10
5.7244046062992124
20
-4.2270187795275591
11
5.7234181496062995
21
-4.2263020866141732
0
LINE
8
BLACK
6
CONTINUOUS
10
5.7234181496062995
20
-4.2263020866141732
11
5.7205992125984251
21
-4.2234831496062988
0
LINE
8
BLACK
6
CONTINUOUS
10
5.7205992125984251
20
-4.2234831496062988
11
5.7205990944881888
21
-4.2234830708661413
0
LINE
8
BLACK
6
CONTINUOUS
10
5.7205990944881888
20
-4.2234830708661413
11
5.7158713385826774
21
-4.2210741338582674
0
LINE
8
BLACK
6
CONTINUOUS
10
5.7158713385826774
20
-4.2210741338582674
11
5.7158711417322836
21
-4.2210740551181098
0
LINE
8
BLACK
6
CONTINUOUS
10
5.7158711417322836
20
-4.2210740551181098
11
5.7158711023622049
21
-4.2210740551181098
0
LINE
8
BLACK
6
CONTINUOUS
10
5.7158711023622049
20
-4.2210740551181098
11
5.7145635039370077
21
-4.2208669291338579
0
LINE
8
BLACK
6
CONTINUOUS
10
5.7145635039370077
20
-4.2208669291338579
11
5.7119484251968506
21
-4.2204527559055114
0
LINE
8
BLACK
6
CONTINUOUS
10
5.7119484251968506
20
-4.2204527559055114
11
5.7119483464566931
21
-4.2204527559055114
0
LINE
8
BLACK
6
CONTINUOUS
10
5.7119483464566931
20
-4.2204527559055114
11
5.6896264566929133
21
-4.2204527559055114
0
LINE
8
BLACK
6
CONTINUOUS
10
5.6896264566929133
20
-4.2204527559055114
11
5.6896263779527558
21
-4.2204527559055114
0
LINE
8
BLACK
6
CONTINUOUS
10
5.6896263779527558
20
-4.2204527559055114
11
5.6857037007874016
21
-4.2210740551181098
0
LINE
8
BLACK
6
CONTINUOUS
10
5.6857037007874016
20
-4.2210740551181098
11
5.6857034251968503
21
-4.2210741338582674
0
LINE
8
BLACK
6
CONTINUOUS
10
5.6857034251968503
20
-4.2210741338582674
11
5.680975669291338
21
-4.2234830708661413
0
LINE
8
BLACK
6
CONTINUOUS
10
5.680975669291338
20
-4.2234830708661413
11
5.677223228346457
21
-4.2272355118110232
0
LINE
8
BLACK
6
CONTINUOUS
10
5.677223228346457
20
-4.2272355118110232
11
5.6767485826771651
21
-4.2281671259842515
0
LINE
8
BLACK
6
CONTINUOUS
10
5.6767485826771651
20
-4.2281671259842515
11
5.6750452362204724
21
-4.2298704724409451
0
LINE
8
BLACK
6
CONTINUOUS
10
5.6750452362204724
20
-4.2298704724409451
11
5.6732757480314957
21
-4.2302952755905512
0
LINE
8
BLACK
6
CONTINUOUS
10
5.6732757480314957
20
-4.2302952755905512
11
5.6460159842519682
21
-4.2302952755905512
0
LINE
8
BLACK
6
CONTINUOUS
10
5.6460159842519682
20
-4.2302952755905512
11
5.6460153543307081
21
-4.2302952362204724
0
LINE
8
BLACK
6
CONTINUOUS
10
5.6460153543307081
20
-4.2302952362204724
11
5.6457766535433072
21
-4.2302952362204724
0
LINE
8
BLACK
6
CONTINUOUS
10
5.6457766535433072
20
-4.2302952362204724
11
5.6416249212598428
21
-4.2302952362204724
0
LINE
8
BLACK
6
CONTINUOUS
10
5.6416249212598428
20
-4.2302952362204724
11
5.6381415748031491
21
-4.2312286220472437
0
LINE
8
BLACK
6
CONTINUOUS
10
5.6381415748031491
20
-4.2312286220472437
11
5.6381415354330704
21
-4.231228582677165
0
LINE
8
BLACK
6
CONTINUOUS
10
5.6381415354330704
20
-4.231228582677165
11
5.6376146456692915
21
-4.2313698031496063
0
LINE
8
BLACK
6
CONTINUOUS
10
5.6376146456692915
20
-4.2313698031496063
11
5.6376145275590552
21
-4.2313698425196851
0
LINE
8
BLACK
6
CONTINUOUS
10
5.6376145275590552
20
-4.2313698425196851
11
5.6340191732283467
21
-4.2334456299212597
0
LINE
8
BLACK
6
CONTINUOUS
10
5.6340191732283467
20
-4.2334456299212597
11
5.6310834251968505
21
-4.2363813385826772
0
LINE
8
BLACK
6
CONTINUOUS
10
5.6310834251968505
20
-4.2363813385826772
11
5.6310834645669292
21
-4.2363813779527559
0
LINE
8
BLACK
6
CONTINUOUS
10
5.6310834645669292
20
-4.2363813779527559
11
5.5834647244094491
21
-4.2840001181102361
0
LINE
8
BLACK
6
CONTINUOUS
10
5.5834647244094491
20
-4.2840001181102361
11
5.5813183858267719
21
-4.2850937007874013
0
LINE
8
BLACK
6
CONTINUOUS
10
5.5813183858267719
20
-4.2850937007874013
11
5.5789391732283464
21
-4.2847168897637795
0
LINE
8
BLACK
6
CONTINUOUS
10
5.5789391732283464
20
-4.2847168897637795
11
5.5779525984251963
21
-4.2840001181102361
0
LINE
8
BLACK
6
CONTINUOUS
10
5.5779525984251963
20
-4.2840001181102361
11
5.5365943307086614
21
-4.2426418503937011
0
LINE
8
BLACK
6
CONTINUOUS
10
5.5365943307086614
20
-4.2426418503937011
11
5.5355007480314962
21
-4.2404955118110239
0
LINE
8
BLACK
6
CONTINUOUS
10
5.5355007480314962
20
-4.2404955118110239
11
5.5354527559055118
21
-4.2398857874015743
0
LINE
8
BLACK
6
CONTINUOUS
10
5.5354527559055118
20
-4.2398857874015743
11
5.5354527559055118
21
-4.1952146850393701
0
LINE
8
BLACK
6
CONTINUOUS
10
5.5354527559055118
20
-4.1952146850393701
11
5.5354527559055118
21
-4.1920102755905511
0
LINE
8
BLACK
6
CONTINUOUS
10
5.5354527559055118
20
-4.1920102755905511
11
5.536197125984252
21
-4.1897192913385828
0
LINE
8
BLACK
6
CONTINUOUS
10
5.536197125984252
20
-4.1897192913385828
11
5.5374014566929128
21
-4.1886348818897634
0
LINE
8
BLACK
6
CONTINUOUS
10
5.5374014566929128
20
-4.1886348818897634
11
5.5381384251968502
21
-4.1882094488188972
0
LINE
8
BLACK
6
CONTINUOUS
10
5.5381384251968502
20
-4.1882094488188972
11
5.5425401574803148
21
-4.1838077165354326
0
LINE
8
BLACK
6
CONTINUOUS
10
5.5425401574803148
20
-4.1838077165354326
11
5.5456526377952757
21
-4.1784166929133857
0
LINE
8
BLACK
6
CONTINUOUS
10
5.5456526377952757
20
-4.1784166929133857
11
5.5466045669291342
21
-4.1748640157480317
0
LINE
8
BLACK
6
CONTINUOUS
10
5.5466045669291342
20
-4.1748640157480317
11
5.547263779527559
21
-4.1724038188976378
0
LINE
8
BLACK
6
CONTINUOUS
10
5.547263779527559
20
-4.1724038188976378
11
5.547263779527559
21
-4.1661788582677168
0
LINE
8
BLACK
6
CONTINUOUS
10
5.547263779527559
20
-4.1661788582677168
11
5.5456526377952757
21
-4.160165984251968
0
LINE
8
BLACK
6
CONTINUOUS
10
5.5456526377952757
20
-4.160165984251968
11
5.5425401574803148
21
-4.1547749606299211
0
LINE
8
BLACK
6
CONTINUOUS
10
5.5425401574803148
20
-4.1547749606299211
11
5.5381384251968502
21
-4.1503732283464565
0
LINE
8
BLACK
6
CONTINUOUS
10
5.5381384251968502
20
-4.1503732283464565
11
5.534218779527559
21
-4.1481102362204725
0
LINE
8
BLACK
6
CONTINUOUS
10
5.534218779527559
20
-4.1481102362204725
11
5.5327474015748033
21
-4.1472607480314956
0
LINE
8
BLACK
6
CONTINUOUS
10
5.5327474015748033
20
-4.1472607480314956
11
5.5267345275590554
21
-4.1456496062992123
0
LINE
8
BLACK
6
CONTINUOUS
10
5.5267345275590554
20
-4.1456496062992123
11
5.5205095669291335
21
-4.1456496062992123
0
LINE
8
BLACK
6
CONTINUOUS
10
5.5205095669291335
20
-4.1456496062992123
11
5.5144966929133856
21
-4.1472607480314956
0
LINE
8
BLACK
6
CONTINUOUS
10
5.5144966929133856
20
-4.1472607480314956
11
5.5091056692913387
21
-4.1503732283464565
0
LINE
8
BLACK
6
CONTINUOUS
10
5.5091056692913387
20
-4.1503732283464565
11
5.5047039370078741
21
-4.1547749606299211
0
LINE
8
BLACK
6
CONTINUOUS
10
5.5047039370078741
20
-4.1547749606299211
11
5.5015914566929132
21
-4.160165984251968
0
LINE
8
BLACK
6
CONTINUOUS
10
5.5015914566929132
20
-4.160165984251968
11
5.4999803149606299
21
-4.1661788582677168
0
LINE
8
BLACK
6
CONTINUOUS
10
5.4999803149606299
20
-4.1661788582677168
11
5.4999803149606299
21
-4.1724038188976378
0
LINE
8
BLACK
6
CONTINUOUS
10
5.4999803149606299
20
-4.1724038188976378
11
5.5015914566929132
21
-4.1784166929133857
0
LINE
8
BLACK
6
CONTINUOUS
10
5.5015914566929132
20
-4.1784166929133857
11
5.5033951574803153
21
-4.1815407874015751
0
LINE
8
BLACK
6
CONTINUOUS
10
5.5033951574803153
20
-4.1815407874015751
11
5.5039173228346456
21
-4.1834896062992124
0
LINE
8
BLACK
6
CONTINUOUS
10
5.5039173228346456
20
-4.1834896062992124
11
5.5039173228346456
21
-4.2459556299212595
0
LINE
8
BLACK
6
CONTINUOUS
10
5.5039173228346456
20
-4.2459556299212595
11
5.5039173228346456
21
-4.2501073622047247
0
LINE
8
BLACK
6
CONTINUOUS
10
5.5039173228346456
20
-4.2501073622047247
11
5.5045657874015745
21
-4.2525274803149609
0
LINE
8
BLACK
6
CONTINUOUS
10
5.5045657874015745
20
-4.2525274803149609
11
5.5049918897637795
21
-4.2541177952755902
0
LINE
8
BLACK
6
CONTINUOUS
10
5.5049918897637795
20
-4.2541177952755902
11
5.5070675590551179
21
-4.2577129133858262
0
LINE
8
BLACK
6
CONTINUOUS
10
5.5070675590551179
20
-4.2577129133858262
11
5.5070675984251967
21
-4.257712952755905
0
LINE
8
BLACK
6
CONTINUOUS
10
5.5070675984251967
20
-4.257712952755905
11
5.5070676377952754
21
-4.2577129921259838
0
LINE
8
BLACK
6
CONTINUOUS
10
5.5070676377952754
20
-4.2577129921259838
11
5.5070677165354329
21
-4.25771311023622
0
LINE
8
BLACK
6
CONTINUOUS
10
5.5070677165354329
20
-4.25771311023622
11
5.5318038582677165
21
-4.2824492519685036
0
LINE
8
BLACK
6
CONTINUOUS
10
5.5318038582677165
20
-4.2824492519685036
11
5.5556536614173231
21
-4.3062990551181102
0
LINE
8
BLACK
6
CONTINUOUS
10
5.5556536614173231
20
-4.3062990551181102
11
5.5567472440944883
21
-4.3084453937007874
0
LINE
8
BLACK
6
CONTINUOUS
10
5.5567472440944883
20
-4.3084453937007874
11
5.5563704330708656
21
-4.3108246062992128
0
LINE
8
BLACK
6
CONTINUOUS
10
5.5563704330708656
20
-4.3108246062992128
11
5.5556536614173231
21
-4.3118111811023621
0
LINE
8
BLACK
6
CONTINUOUS
10
5.5556536614173231
20
-4.3118111811023621
11
5.5228155905511809
21
-4.3446492519685043
0
LINE
8
BLACK
6
CONTINUOUS
10
5.5228155905511809
20
-4.3446492519685043
11
5.5207398818897637
21
-4.3482445275590553
0
LINE
8
BLACK
6
CONTINUOUS
10
5.5207398818897637
20
-4.3482445275590553
11
5.520739842519685
21
-4.3482445275590553
0
LINE
8
BLACK
6
CONTINUOUS
10
5.520739842519685
20
-4.3482445275590553
11
5.5207398818897637
21
-4.3482445669291341
0
LINE
8
BLACK
6
CONTINUOUS
10
5.5207398818897637
20
-4.3482445669291341
11
5.5196653149606298
21
-4.3522549606299208
0
LINE
8
BLACK
6
CONTINUOUS
10
5.5196653149606298
20
-4.3522549606299208
11
5.5196582677165349
21
-4.3523085433070863
0
LINE
8
BLACK
6
CONTINUOUS
10
5.5196582677165349
20
-4.3523085433070863
11
5.5196416141732279
21
-4.3523433858267717
0
LINE
8
BLACK
6
CONTINUOUS
10
5.5196416141732279
20
-4.3523433858267717
11
5.5195992519685042
21
-4.3525015748031493
0
LINE
8
BLACK
6
CONTINUOUS
10
5.5195992519685042
20
-4.3525015748031493
11
5.5195699212598424
21
-4.3524937007874014
0
LINE
8
BLACK
6
CONTINUOUS
10
5.5195699212598424
20
-4.3524937007874014
11
5.5186209842519682
21
-4.354482677165354
0
LINE
8
BLACK
6
CONTINUOUS
10
5.5186209842519682
20
-4.354482677165354
11
5.5175635826771652
21
-4.3552722047244092
0
LINE
8
BLACK
6
CONTINUOUS
10
5.5175635826771652
20
-4.3552722047244092
11
5.5155216535433071
21
-4.3563126377952752
0
LINE
8
BLACK
6
CONTINUOUS
10
5.5155216535433071
20
-4.3563126377952752
11
5.5118244488188974
21
-4.3600098425196849
0
LINE
8
BLACK
6
CONTINUOUS
10
5.5118244488188974
20
-4.3600098425196849
11
5.5094507874015743
21
-4.3646683464566927
0
LINE
8
BLACK
6
CONTINUOUS
10
5.5094507874015743
20
-4.3646683464566927
11
5.5094507480314956
21
-4.3646685039370077
0
LINE
8
BLACK
6
CONTINUOUS
10
5.5094507480314956
20
-4.3646685039370077
11
5.5088385826771651
21
-4.3685335039370079
0
LINE
8
BLACK
6
CONTINUOUS
10
5.5088385826771651
20
-4.3685335039370079
11
5.5088385826771651
21
-4.3883562204724411
0
LINE
8
BLACK
6
CONTINUOUS
10
5.5088385826771651
20
-4.3883562204724411
11
5.5094507480314956
21
-4.3922212204724405
0
LINE
8
BLACK
6
CONTINUOUS
10
5.5094507480314956
20
-4.3922212204724405
11
5.5094507874015743
21
-4.3922213779527555
0
LINE
8
BLACK
6
CONTINUOUS
10
5.5094507874015743
20
-4.3922213779527555
11
5.5097833464566932
21
-4.3928740157480313
0
LINE
8
BLACK
6
CONTINUOUS
10
5.5097833464566932
20
-4.3928740157480313
11
5.5118244881889762
21
-4.3968799606299216
0
LINE
8
BLACK
6
CONTINUOUS
10
5.5118244881889762
20
-4.3968799606299216
11
5.5155216141732284
21
-4.4005770866141729
0
LINE
8
BLACK
6
CONTINUOUS
10
5.5155216141732284
20
-4.4005770866141729
11
5.5201803149606299
21
-4.4029508267716535
0
LINE
8
BLACK
6
CONTINUOUS
10
5.5201803149606299
20
-4.4029508267716535
11
5.5228003937007877
21
-4.403365787401575
0
LINE
8
BLACK
6
CONTINUOUS
10
5.5228003937007877
20
-4.403365787401575
11
5.5240453149606301
21
-4.403562992125984
0
LINE
8
BLACK
6
CONTINUOUS
10
5.5240453149606301
20
-4.403562992125984
11
5.5240454330708664
21
-4.403562992125984
0
LINE
8
BLACK
6
CONTINUOUS
10
5.5240454330708664
20
-4.403562992125984
11
5.5468208267716532
21
-4.403562992125984
0
LINE
8
BLACK
6
CONTINUOUS
10
5.5468208267716532
20
-4.403562992125984
11
5.5479449999999995
21
-4.4033848818897638
0
LINE
8
BLACK
6
CONTINUOUS
10
5.5479449999999995
20
-4.4033848818897638
11
5.5506858267716535
21
-4.4029508267716535
0
LINE
8
BLACK
6
CONTINUOUS
10
5.5506858267716535
20
-4.4029508267716535
11
5.5553445275590549
21
-4.4005770866141729
0
LINE
8
BLACK
6
CONTINUOUS
10
5.5553445275590549
20
-4.4005770866141729
11
5.5590416535433071
21
-4.3968799606299216
0
LINE
8
BLACK
6
CONTINUOUS
10
5.5590416535433071
20
-4.3968799606299216
11
5.5614153937007869
21
-4.3922212598425192
0
LINE
8
BLACK
6
CONTINUOUS
10
5.5614153937007869
20
-4.3922212598425192
11
5.5620275590551183
21
-4.3883561417322836
0
LINE
8
BLACK
6
CONTINUOUS
10
5.5620275590551183
20
-4.3883561417322836
11
5.5620275590551183
21
-4.3879527559055118
0
LINE
8
BLACK
6
CONTINUOUS
10
5.5620275590551183
20
-4.3879527559055118
11
5.5620275590551183
21
-4.3728740157480317
0
LINE
8
BLACK
6
CONTINUOUS
10
5.5620275590551183
20
-4.3728740157480317
11
5.5620275590551183
21
-4.3685336220472442
0
LINE
8
BLACK
6
CONTINUOUS
10
5.5620275590551183
20
-4.3685336220472442
11
5.5619355511811026
21
-4.3679527559055114
0
LINE
8
BLACK
6
CONTINUOUS
10
5.5619355511811026
20
-4.3679527559055114
11
5.5614153937007869
21
-4.3646685039370077
0
LINE
8
BLACK
6
CONTINUOUS
10
5.5614153937007869
20
-4.3646685039370077
11
5.5590416535433071
21
-4.3600098031496062
0
LINE
8
BLACK
6
CONTINUOUS
10
5.5590416535433071
20
-4.3600098031496062
11
5.5583031889763781
21
-4.3592713385826771
0
LINE
8
BLACK
6
CONTINUOUS
10
5.5583031889763781
20
-4.3592713385826771
11
5.5572096850393695
21
-4.3571251181102362
0
LINE
8
BLACK
6
CONTINUOUS
10
5.5572096850393695
20
-4.3571251181102362
11
5.5575864960629922
21
-4.3547459055118107
0
LINE
8
BLACK
6
CONTINUOUS
10
5.5575864960629922
20
-4.3547459055118107
11
5.5583031496062993
21
-4.3537594488188978
0
LINE
8
BLACK
6
CONTINUOUS
10
5.5583031496062993
20
-4.3537594488188978
11
5.5903901574803152
21
-4.3216724803149607
0
LINE
8
BLACK
6
CONTINUOUS
10
5.5903901574803152
20
-4.3216724803149607
11
5.5903902755905515
21
-4.3216724409448819
0
LINE
8
BLACK
6
CONTINUOUS
10
5.5903902755905515
20
-4.3216724409448819
11
5.593325984251968
21
-4.3187367322834644
0
LINE
8
BLACK
6
CONTINUOUS
10
5.593325984251968
20
-4.3187367322834644
11
5.593325984251968
21
-4.3187366929133857
0
LINE
8
BLACK
6
CONTINUOUS
10
5.593325984251968
20
-4.3187366929133857
11
5.6390662992125984
21
-4.2729963779527562
0
LINE
8
BLACK
6
CONTINUOUS
10
5.6390662992125984
20
-4.2729963779527562
11
5.6490903937007877
21
-4.2629722834645669
0
LINE
8
BLACK
6
CONTINUOUS
10
5.6490903937007877
20
-4.2629722834645669
11
5.651236732283464
21
-4.2618787007874017
0
LINE
8
BLACK
6
CONTINUOUS
10
5.651236732283464
20
-4.2618787007874017
11
5.6518464566929136
21
-4.2618307086614173
0
LINE
8
BLACK
6
CONTINUOUS
10
5.6518464566929136
20
-4.2618307086614173
11
5.6732757480314957
21
-4.2618307086614173
0
LINE
8
BLACK
6
CONTINUOUS
10
5.6732757480314957
20
-4.2618307086614173
11
5.6755667322834649
21
-4.2625750787401575
0
LINE
8
BLACK
6
CONTINUOUS
10
5.6755667322834649
20
-4.2625750787401575
11
5.6767485826771651
21
-4.2639588582677161
0
LINE
8
BLACK
6
CONTINUOUS
10
5.6767485826771651
20
-4.2639588582677161
11
5.6771486614173226
21
-4.2647440944881891
0
LINE
8
BLACK
6
CONTINUOUS
10
5.6771486614173226
20
-4.2647440944881891
11
5.6772233070866136
21
-4.2648905511811019
0
LINE
8
BLACK
6
CONTINUOUS
10
5.6772233070866136
20
-4.2648905511811019
11
5.6809755905511814
21
-4.2686428346456688
0
LINE
8
BLACK
6
CONTINUOUS
10
5.6809755905511814
20
-4.2686428346456688
11
5.680975669291338
21
-4.2686428740157476
0
LINE
8
BLACK
6
CONTINUOUS
10
5.680975669291338
20
-4.2686428740157476
11
5.6857034251968503
21
-4.2710518110236215
0
LINE
8
BLACK
6
CONTINUOUS
10
5.6857034251968503
20
-4.2710518110236215
11
5.6857035039370079
21
-4.2710518110236215
0
LINE
8
BLACK
6
CONTINUOUS
10
5.6857035039370079
20
-4.2710518110236215
11
5.6857037007874016
21
-4.2710519291338578
0
LINE
8
BLACK
6
CONTINUOUS
10
5.6857037007874016
20
-4.2710519291338578
11
5.6886827165354328
21
-4.2715237401574804
0
LINE
8
BLACK
6
CONTINUOUS
10
5.6886827165354328
20
-4.2715237401574804
11
5.6896263779527558
21
-4.2716732283464562
0
LINE
8
BLACK
6
CONTINUOUS
10
5.6896263779527558
20
-4.2716732283464562
11
5.6896264566929133
21
-4.2716732283464562
0
LINE
8
BLACK
6
CONTINUOUS
10
5.6896264566929133
20
-4.2716732283464562
11
5.7119484251968506
21
-4.2716732283464562
0
LINE
8
BLACK
6
CONTINUOUS
10
5.7119484251968506
20
-4.2716732283464562
11
5.7127907480314963
21
-4.2715398031496061
0
LINE
8
BLACK
6
CONTINUOUS
10
5.7127907480314963
20
-4.2715398031496061
11
5.7158711023622049
21
-4.2710519291338578
0
LINE
8
BLACK
6
CONTINUOUS
10
5.7158711023622049
20
-4.2710519291338578
11
5.7205992125984251
21
-4.2686428346456688
0
LINE
8
BLACK
6
CONTINUOUS
10
5.7205992125984251
20
-4.2686428346456688
11
5.724351496062992
21
-4.2648905511811019
0
LINE
8
BLACK
6
CONTINUOUS
10
5.724351496062992
20
-4.2648905511811019
11
5.7243593307086611
21
-4.2648751181102362
0
LINE
8
BLACK
6
CONTINUOUS
10
5.7243593307086611
20
-4.2648751181102362
11
5.7245284251968505
21
-4.2647309842519681
0
LINE
8
BLACK
6
CONTINUOUS
10
5.7245284251968505
20
-4.2647309842519681
11
5.7255053149606301
21
-4.2643272440944884
0
LINE
8
BLACK
6
CONTINUOUS
10
5.7255053149606301
20
-4.2643272440944884
11
5.726447559055118
21
-4.2638472047244091
0
LINE
8
BLACK
6
CONTINUOUS
10
5.726447559055118
20
-4.2638472047244091
11
5.7267186614173227
21
-4.2638258267716536
0
LINE
8
BLACK
6
CONTINUOUS
10
5.7267186614173227
20
-4.2638258267716536
11
5.7267546850393698
21
-4.2638109842519683
0
LINE
8
BLACK
6
CONTINUOUS
10
5.7267546850393698
20
-4.2638109842519683
11
5.7267923622047245
21
-4.2638200393700787
0
LINE
8
BLACK
6
CONTINUOUS
10
5.7267923622047245
20
-4.2638200393700787
11
5.7270572834645668
21
-4.2637992125984248
0
LINE
8
BLACK
6
CONTINUOUS
10
5.7270572834645668
20
-4.2637992125984248
11
5.7365869685039366
21
-4.2637992125984248
0
LINE
8
BLACK
6
CONTINUOUS
10
5.7365869685039366
20
-4.2637992125984248
11
5.7401444488188975
21
-4.2628459448818896
0
LINE
8
BLACK
6
CONTINUOUS
10
5.7401444488188975
20
-4.2628459448818896
11
5.7401445669291338
21
-4.2628459448818896
0
LINE
8
BLACK
6
CONTINUOUS
10
5.7401445669291338
20
-4.2628459448818896
11
5.7406654724409449
21
-4.2627063385826771
0
LINE
8
BLACK
6
CONTINUOUS
10
5.7406654724409449
20
-4.2627063385826771
11
5.7410979133858264
21
-4.2625905118110232
0
LINE
8
BLACK
6
CONTINUOUS
10
5.7410979133858264
20
-4.2625905118110232
11
5.7451422834645669
21
-4.2602554724409449
0
LINE
8
BLACK
6
CONTINUOUS
10
5.7451422834645669
20
-4.2602554724409449
11
5.7601420472440941
21
-4.2452557480314956
0
LINE
8
BLACK
6
CONTINUOUS
10
5.7601420472440941
20
-4.2452557480314956
11
5.7622883464566925
21
-4.2441621653543304
0
LINE
8
BLACK
6
CONTINUOUS
10
5.7622883464566925
20
-4.2441621653543304
11
5.7628980708661413
21
-4.2441141732283461
0
LINE
8
BLACK
6
CONTINUOUS
10
5.7628980708661413
20
-4.2441141732283461
11
5.7846554724409449
21
-4.2441141732283461
0
LINE
8
BLACK
6
CONTINUOUS
10
5.7846554724409449
20
-4.2441141732283461
11
5.7857796456692911
21
-4.2439360629921259
0
LINE
8
BLACK
6
CONTINUOUS
10
5.7857796456692911
20
-4.2439360629921259
11
5.7885204724409451
21
-4.2435020078740155
0
LINE
8
BLACK
6
CONTINUOUS
10
5.7885204724409451
20
-4.2435020078740155
11
5.7931791732283466
21
-4.2411282677165349
0
LINE
8
BLACK
6
CONTINUOUS
10
5.7931791732283466
20
-4.2411282677165349
11
5.7968762992125979
21
-4.2374311417322836
0
LINE
8
BLACK
6
CONTINUOUS
10
5.7968762992125979
20
-4.2374311417322836
11
5.7992500393700785
21
-4.2327724409448821
0
LINE
8
BLACK
6
CONTINUOUS
10
5.7992500393700785
20
-4.2327724409448821
11
5.7998622047244091
21
-4.2289073228346457
0
LINE
8
BLACK
6
CONTINUOUS
10
5.7998622047244091
20
-4.2289073228346457
11
5.7998622047244091
21
-4.2090848031496062
0
LINE
8
BLACK
6
CONTINUOUS
10
5.7998622047244091
20
-4.2090848031496062
11
5.7995265748031493
21
-4.2069657874015745
0
LINE
8
BLACK
6
CONTINUOUS
10
5.7995265748031493
20
-4.2069657874015745
11
5.7996000393700786
21
-4.2065021259842519
0
LINE
8
BLACK
6
CONTINUOUS
10
5.7996000393700786
20
-4.2065021259842519
11
5.7999033858267719
21
-4.2045866141732287
0
LINE
8
BLACK
6
CONTINUOUS
10
5.7999033858267719
20
-4.2045866141732287
11
5.8016067322834646
21
-4.2028832677165351
0
LINE
8
BLACK
6
CONTINUOUS
10
5.8016067322834646
20
-4.2028832677165351
11
5.803335275590551
21
-4.2026094881889762
0
LINE
8
BLACK
6
CONTINUOUS
10
5.803335275590551
20
-4.2026094881889762
11
5.8039858661417325
21
-4.2025064566929133
0
LINE
8
BLACK
6
CONTINUOUS
10
5.8039858661417325
20
-4.2025064566929133
11
5.80398594488189
21
-4.2025064566929133
0
LINE
8
BLACK
6
CONTINUOUS
10
5.80398594488189
20
-4.2025064566929133
11
5.8061322834645672
21
-4.2036000393700785
0
LINE
8
BLACK
6
CONTINUOUS
10
5.8061322834645672
20
-4.2036000393700785
11
5.8069096062992127
21
-4.204377362204724
0
LINE
8
BLACK
6
CONTINUOUS
10
5.8069096062992127
20
-4.204377362204724
11
5.8080031889763779
21
-4.2065237007874012
0
LINE
8
BLACK
6
CONTINUOUS
10
5.8080031889763779
20
-4.2065237007874012
11
5.8080511811023623
21
-4.20713342519685
0
LINE
8
BLACK
6
CONTINUOUS
10
5.8080511811023623
20
-4.20713342519685
11
5.8080511811023623
21
-4.2099798818897636
0
LINE
8
BLACK
6
CONTINUOUS
10
5.8080511811023623
20
-4.2099798818897636
11
5.8083222834645669
21
-4.2116915748031492
0
LINE
8
BLACK
6
CONTINUOUS
10
5.8083222834645669
20
-4.2116915748031492
11
5.8085964960629921
21
-4.2134229527559057
0
LINE
8
BLACK
6
CONTINUOUS
10
5.8085964960629921
20
-4.2134229527559057
11
5.8086724803149608
21
-4.2139025590551178
0
LINE
8
BLACK
6
CONTINUOUS
10
5.8086724803149608
20
-4.2139025590551178
11
5.8086725590551183
21
-4.2139028346456691
0
LINE
8
BLACK
6
CONTINUOUS
10
5.8086725590551183
20
-4.2139028346456691
11
5.8110814960629922
21
-4.2186305905511814
0
LINE
8
BLACK
6
CONTINUOUS
10
5.8110814960629922
20
-4.2186305905511814
11
5.8110815748031497
21
-4.2186307086614176
0
LINE
8
BLACK
6
CONTINUOUS
10
5.8110815748031497
20
-4.2186307086614176
11
5.8148338582677166
21
-4.2223829921259846
0
LINE
8
BLACK
6
CONTINUOUS
10
5.8148338582677166
20
-4.2223829921259846
11
5.8148339370078741
21
-4.2223830314960633
0
LINE
8
BLACK
6
CONTINUOUS
10
5.8148339370078741
20
-4.2223830314960633
11
5.8195616929133855
21
-4.2247919685039372
0
LINE
8
BLACK
6
CONTINUOUS
10
5.8195616929133855
20
-4.2247919685039372
11
5.819561771653543
21
-4.2247919685039372
0
LINE
8
BLACK
6
CONTINUOUS
10
5.819561771653543
20
-4.2247919685039372
11
5.8195619685039368
21
-4.2247920866141735
0
LINE
8
BLACK
6
CONTINUOUS
10
5.8195619685039368
20
-4.2247920866141735
11
5.822540984251968
21
-4.2252638976377952
0
LINE
8
BLACK
6
CONTINUOUS
10
5.822540984251968
20
-4.2252638976377952
11
5.823484645669291
21
-4.225413385826772
0
LINE
8
BLACK
6
CONTINUOUS
10
5.823484645669291
20
-4.225413385826772
11
5.8234847244094485
21
-4.225413385826772
0
LINE
8
BLACK
6
CONTINUOUS
10
5.8234847244094485
20
-4.225413385826772
11
5.8458066929133858
21
-4.225413385826772
0
LINE
8
BLACK
6
CONTINUOUS
10
5.8458066929133858
20
-4.225413385826772
11
5.8466490157480315
21
-4.225279960629921
0
LINE
8
BLACK
6
CONTINUOUS
10
5.8466490157480315
20
-4.225279960629921
11
5.8497293700787401
21
-4.2247920866141735
0
LINE
8
BLACK
6
CONTINUOUS
10
5.8497293700787401
20
-4.2247920866141735
11
5.8544574803149603
21
-4.2223829921259846
0
LINE
8
BLACK
6
CONTINUOUS
10
5.8544574803149603
20
-4.2223829921259846
11
5.8582097637795272
21
-4.2186307086614176
0
LINE
8
BLACK
6
CONTINUOUS
10
5.8582097637795272
20
-4.2186307086614176
11
5.8605311811023624
21
-4.2140746062992127
0
LINE
8
BLACK
6
CONTINUOUS
10
5.8605311811023624
20
-4.2140746062992127
11
5.8622344881889763
21
-4.2123713385826766
0
LINE
8
BLACK
6
CONTINUOUS
10
5.8622344881889763
20
-4.2123713385826766
11
5.8646137007874017
21
-4.2119945275590549
0
LINE
8
BLACK
6
CONTINUOUS
10
5.8646137007874017
20
-4.2119945275590549
11
5.8667600393700789
21
-4.2130881102362201
0
LINE
8
BLACK
6
CONTINUOUS
10
5.8667600393700789
20
-4.2130881102362201
11
5.8675169685039368
21
-4.2143232677165354
0
LINE
8
BLACK
6
CONTINUOUS
10
5.8675169685039368
20
-4.2143232677165354
11
5.8675518110236222
21
-4.2143055511811021
0
LINE
8
BLACK
6
CONTINUOUS
10
5.8675518110236222
20
-4.2143055511811021
11
5.8686979921259841
21
-4.2165550393700784
0
LINE
8
BLACK
6
CONTINUOUS
10
5.8686979921259841
20
-4.2165550393700784
11
5.8699586614173231
21
-4.219029212598425
0
LINE
8
BLACK
6
CONTINUOUS
10
5.8699586614173231
20
-4.219029212598425
11
5.8734904724409445
21
-4.2225610236220472
0
LINE
8
BLACK
6
CONTINUOUS
10
5.8734904724409445
20
-4.2225610236220472
11
5.8753000787401577
21
-4.2234830708661413
0
LINE
8
BLACK
6
CONTINUOUS
10
5.8753000787401577
20
-4.2234830708661413
11
5.8782141338582674
21
-4.2249678740157481
0
LINE
8
BLACK
6
CONTINUOUS
10
5.8782141338582674
20
-4.2249678740157481
11
5.8781507086614173
21
-4.2250922834645666
0
LINE
8
BLACK
6
CONTINUOUS
10
5.8781507086614173
20
-4.2250922834645666
11
5.8782435826771655
21
-4.2251596062992123
0
LINE
8
BLACK
6
CONTINUOUS
10
5.8782435826771655
20
-4.2251596062992123
11
5.8789140944881888
21
-4.2254170078740154
0
LINE
8
BLACK
6
CONTINUOUS
10
5.8789140944881888
20
-4.2254170078740154
11
5.8791949212598427
21
-4.225849409448819
0
LINE
8
BLACK
6
CONTINUOUS
10
5.8791949212598427
20
-4.225849409448819
11
5.8796123622047247
21
-4.2261521259842523
0
LINE
8
BLACK
6
CONTINUOUS
10
5.8796123622047247
20
-4.2261521259842523
11
5.8802260236220469
21
-4.2274371259842516
0
LINE
8
BLACK
6
CONTINUOUS
10
5.8802260236220469
20
-4.2274371259842516
11
5.8802261023622044
21
-4.2274372834645666
0
LINE
8
BLACK
6
CONTINUOUS
10
5.8802261023622044
20
-4.2274372834645666
11
5.8804644094488188
21
-4.2283267322834641
0
LINE
8
BLACK
6
CONTINUOUS
10
5.8804644094488188
20
-4.2283267322834641
11
5.8808419291338581
21
-4.2297356299212598
0
LINE
8
BLACK
6
CONTINUOUS
10
5.8808419291338581
20
-4.2297356299212598
11
5.8808419685039368
21
-4.2297357480314961
0
LINE
8
BLACK
6
CONTINUOUS
10
5.8808419685039368
20
-4.2297357480314961
11
5.8826586614173229
21
-4.232882362204724
0
LINE
8
BLACK
6
CONTINUOUS
10
5.8826586614173229
20
-4.232882362204724
11
5.995464094488189
21
-4.3456877952755901
0
LINE
8
BLACK
6
CONTINUOUS
10
5.995464094488189
20
-4.3456877952755901
11
5.9986107086614169
21
-4.3475044881889762
0
LINE
8
BLACK
6
CONTINUOUS
10
5.9986107086614169
20
-4.3475044881889762
11
6.0021203149606297
21
-4.3484448818897636
0
LINE
8
BLACK
6
CONTINUOUS
10
6.0021203149606297
20
-4.3484448818897636
11
6.2807012204724408
21
-4.3484448818897636
0
LINE
8
BLACK
6
CONTINUOUS
10
6.2807012204724408
20
-4.3484448818897636
11
6.2829922047244091
21
-4.3491892519685038
0
LINE
8
BLACK
6
CONTINUOUS
10
6.2829922047244091
20
-4.3491892519685038
11
6.283457244094488
21
-4.3495864566929132
0
LINE
8
BLACK
6
CONTINUOUS
10
6.283457244094488
20
-4.3495864566929132
11
6.2848234251968504
21
-4.3509525984251969
0
LINE
8
BLACK
6
CONTINUOUS
10
6.2848234251968504
20
-4.3509525984251969
11
6.2848235039370079
21
-4.3509526771653544
0
LINE
8
BLACK
6
CONTINUOUS
10
6.2848235039370079
20
-4.3509526771653544
11
6.2869403543307083
21
-4.3519875196850393
0
LINE
8
BLACK
6
CONTINUOUS
10
6.2869403543307083
20
-4.3519875196850393
11
6.2889607874015745
21
-4.3529752755905511
0
LINE
8
BLACK
6
CONTINUOUS
10
6.2889607874015745
20
-4.3529752755905511
11
6.2889608267716532
21
-4.3529752755905511
0
LINE
8
BLACK
6
CONTINUOUS
10
6.2889608267716532
20
-4.3529752755905511
11
6.2889609055118108
21
-4.3529753149606298
0
LINE
8
BLACK
6
CONTINUOUS
10
6.2889609055118108
20
-4.3529753149606298
11
6.2916433070866145
21
-4.3533661417322831
0
LINE
8
BLACK
6
CONTINUOUS
10
6.2916433070866145
20
-4.3533661417322831
11
6.2916434251968498
21
-4.3533661417322831
0
LINE
8
BLACK
6
CONTINUOUS
10
6.2916434251968498
20
-4.3533661417322831
11
6.3493801968503938
21
-4.3533661417322831
0
LINE
8
BLACK
6
CONTINUOUS
10
6.3493801968503938
20
-4.3533661417322831
11
6.34938031496063
21
-4.3533661417322831
0
LINE
8
BLACK
6
CONTINUOUS
10
6.34938031496063
20
-4.3533661417322831
11
6.3520627165354329
21
-4.3529753149606298
0
LINE
8
BLACK
6
CONTINUOUS
10
6.3520627165354329
20
-4.3529753149606298
11
6.3562001181102357
21
-4.3509526771653544
0
LINE
8
BLACK
6
CONTINUOUS
10
6.3562001181102357
20
-4.3509526771653544
11
6.3585506299212593
21
-4.348602125984252
0
LINE
8
BLACK
6
CONTINUOUS
10
6.3585506299212593
20
-4.348602125984252
11
6.360696889763779
21
-4.3475086220472443
0
LINE
8
BLACK
6
CONTINUOUS
10
6.360696889763779
20
-4.3475086220472443
11
6.3613066141732286
21
-4.3474606299212599
0
LINE
8
BLACK
6
CONTINUOUS
10
6.3613066141732286
20
-4.3474606299212599
11
6.3754920472440944
21
-4.3474606299212599
0
LINE
8
BLACK
6
CONTINUOUS
10
6.3754920472440944
20
-4.3474606299212599
11
6.3777830314960626
21
-4.3482050000000001
0
LINE
8
BLACK
6
CONTINUOUS
10
6.3777830314960626
20
-4.3482050000000001
11
6.3785842519685039
21
-4.3489855511811024
0
LINE
8
BLACK
6
CONTINUOUS
10
6.3785842519685039
20
-4.3489855511811024
11
6.3787195275590554
21
-4.3491618503937008
0
LINE
8
BLACK
6
CONTINUOUS
10
6.3787195275590554
20
-4.3491618503937008
11
6.3787196062992129
21
-4.3491619291338584
0
LINE
8
BLACK
6
CONTINUOUS
10
6.3787196062992129
20
-4.3491619291338584
11
6.3787196850393704
21
-4.3491620472440946
0
LINE
8
BLACK
6
CONTINUOUS
10
6.3787196850393704
20
-4.3491620472440946
11
6.3831214173228341
21
-4.3535637795275592
0
LINE
8
BLACK
6
CONTINUOUS
10
6.3831214173228341
20
-4.3535637795275592
11
6.3885124409448819
21
-4.3566762598425193
0
LINE
8
BLACK
6
CONTINUOUS
10
6.3885124409448819
20
-4.3566762598425193
11
6.3945253149606298
21
-4.3582874015748034
0
LINE
8
BLACK
6
CONTINUOUS
10
6.3945253149606298
20
-4.3582874015748034
11
6.3945253937007873
21
-4.3582874015748034
0
LINE
8
BLACK
6
CONTINUOUS
10
6.3945253937007873
20
-4.3582874015748034
11
6.4007501968503933
21
-4.3582874015748034
0
LINE
8
BLACK
6
CONTINUOUS
10
6.4007501968503933
20
-4.3582874015748034
11
6.4007502755905508
21
-4.3582874015748034
0
LINE
8
BLACK
6
CONTINUOUS
10
6.4007502755905508
20
-4.3582874015748034
11
6.4067631496062987
21
-4.3566762598425193
0
LINE
8
BLACK
6
CONTINUOUS
10
6.4067631496062987
20
-4.3566762598425193
11
6.4121541732283465
21
-4.3535637795275592
0
LINE
8
BLACK
6
CONTINUOUS
10
6.4121541732283465
20
-4.3535637795275592
11
6.4165559055118111
21
-4.3491620472440946
0
LINE
8
BLACK
6
CONTINUOUS
10
6.4165559055118111
20
-4.3491620472440946
11
6.4196683858267711
21
-4.3437710236220468
0
LINE
8
BLACK
6
CONTINUOUS
10
6.4196683858267711
20
-4.3437710236220468
11
6.4212795275590553
21
-4.3377581496062989
0
LINE
8
BLACK
6
CONTINUOUS
10
6.4212795275590553
20
-4.3377581496062989
11
6.4212795275590553
21
-4.331533188976378
0
LINE
8
BLACK
6
CONTINUOUS
10
6.4212795275590553
20
-4.331533188976378
11
6.4196683858267711
21
-4.3255203149606301
0
LINE
8
BLACK
6
CONTINUOUS
10
6.4196683858267711
20
-4.3255203149606301
11
6.4165559055118111
21
-4.3201292913385823
0
LINE
8
BLACK
6
CONTINUOUS
10
6.4165559055118111
20
-4.3201292913385823
11
6.4121541732283465
21
-4.3157275590551176
0
LINE
8
BLACK
6
CONTINUOUS
10
6.4121541732283465
20
-4.3157275590551176
11
6.4067631496062987
21
-4.3126150787401576
0
LINE
8
BLACK
6
CONTINUOUS
10
6.4067631496062987
20
-4.3126150787401576
11
6.4007502755905508
21
-4.3110039370078743
0
LINE
8
BLACK
6
CONTINUOUS
10
6.4007502755905508
20
-4.3110039370078743
11
6.3945253149606298
21
-4.3110039370078743
0
LINE
8
BLACK
6
CONTINUOUS
10
6.3945253149606298
20
-4.3110039370078743
11
6.3885124409448819
21
-4.3126150787401576
0
LINE
8
BLACK
6
CONTINUOUS
10
6.3885124409448819
20
-4.3126150787401576
11
6.3861887007874012
21
-4.3139566929133855
0
LINE
8
BLACK
6
CONTINUOUS
10
6.3861887007874012
20
-4.3139566929133855
11
6.3831212992125979
21
-4.3157276377952751
0
LINE
8
BLACK
6
CONTINUOUS
10
6.3831212992125979
20
-4.3157276377952751
11
6.3801283070866139
21
-4.3187206299212599
0
LINE
8
BLACK
6
CONTINUOUS
10
6.3801283070866139
20
-4.3187206299212599
11
6.3779819685039367
21
-4.3198142125984251
0
LINE
8
BLACK
6
CONTINUOUS
10
6.3779819685039367
20
-4.3198142125984251
11
6.3773722834645667
21
-4.3198622047244095
0
LINE
8
BLACK
6
CONTINUOUS
10
6.3773722834645667
20
-4.3198622047244095
11
6.3613066141732286
21
-4.3198622047244095
0
LINE
8
BLACK
6
CONTINUOUS
10
6.3613066141732286
20
-4.3198622047244095
11
6.3590156299212595
21
-4.3191178346456693
0
LINE
8
BLACK
6
CONTINUOUS
10
6.3590156299212595
20
-4.3191178346456693
11
6.3585507874015743
21
-4.3187208267716537
0
LINE
8
BLACK
6
CONTINUOUS
10
6.3585507874015743
20
-4.3187208267716537
11
6.3562001181102357
21
-4.3163701574803151
0
LINE
8
BLACK
6
CONTINUOUS
10
6.3562001181102357
20
-4.3163701574803151
11
6.3548856692913382
21
-4.3157275590551176
0
LINE
8
BLACK
6
CONTINUOUS
10
6.3548856692913382
20
-4.3157275590551176
11
6.3520627952755904
21
-4.3143475196850396
0
LINE
8
BLACK
6
CONTINUOUS
10
6.3520627952755904
20
-4.3143475196850396
11
6.3509897244094491
21
-4.3141911811023625
0
LINE
8
BLACK
6
CONTINUOUS
10
6.3509897244094491
20
-4.3141911811023625
11
6.34938031496063
21
-4.3139566929133855
0
LINE
8
BLACK
6
CONTINUOUS
10
6.34938031496063
20
-4.3139566929133855
11
6.2916433070866145
21
-4.3139566929133855
0
LINE
8
BLACK
6
CONTINUOUS
10
6.2916433070866145
20
-4.3139566929133855
11
6.2903020866141732
21
-4.3141520866141727
0
LINE
8
BLACK
6
CONTINUOUS
10
6.2903020866141732
20
-4.3141520866141727
11
6.2889607874015745
21
-4.3143475196850396
0
LINE
8
BLACK
6
CONTINUOUS
10
6.2889607874015745
20
-4.3143475196850396
11
6.2848235433070867
21
-4.3163701181102363
0
LINE
8
BLACK
6
CONTINUOUS
10
6.2848235433070867
20
-4.3163701181102363
11
6.2848235039370079
21
-4.3163701181102363
0
LINE
8
BLACK
6
CONTINUOUS
10
6.2848235039370079
20
-4.3163701181102363
11
6.2848235039370079
21
-4.3163701574803151
0
LINE
8
BLACK
6
CONTINUOUS
10
6.2848235039370079
20
-4.3163701574803151
11
6.281567007874016
21
-4.319626653543307
0
LINE
8
BLACK
6
CONTINUOUS
10
6.281567007874016
20
-4.319626653543307
11
6.2815669685039373
21
-4.3196266929133857
0
LINE
8
BLACK
6
CONTINUOUS
10
6.2815669685039373
20
-4.3196266929133857
11
6.2814888188976372
21
-4.3197048818897636
0
LINE
8
BLACK
6
CONTINUOUS
10
6.2814888188976372
20
-4.3197048818897636
11
6.2793424803149609
21
-4.3207984645669288
0
LINE
8
BLACK
6
CONTINUOUS
10
6.2793424803149609
20
-4.3207984645669288
11
6.2787327559055113
21
-4.3208464566929132
0
LINE
8
BLACK
6
CONTINUOUS
10
6.2787327559055113
20
-4.3208464566929132
11
6.0112673228346454
21
-4.3208464566929132
0
LINE
8
BLACK
6
CONTINUOUS
10
6.0112673228346454
20
-4.3208464566929132
11
6.0089763385826771
21
-4.3201020866141731
0
LINE
8
BLACK
6
CONTINUOUS
10
6.0089763385826771
20
-4.3201020866141731
11
6.0085112598425194
21
-4.3197048818897636
0
LINE
8
BLACK
6
CONTINUOUS
10
6.0085112598425194
20
-4.3197048818897636
11
5.9153952755905514
21
-4.2265888976377948
0
LINE
8
BLACK
6
CONTINUOUS
10
5.9153952755905514
20
-4.2265888976377948
11
5.9143016929133854
21
-4.2244425590551185
0
LINE
8
BLACK
6
CONTINUOUS
10
5.9143016929133854
20
-4.2244425590551185
11
5.914678503937008
21
-4.222063346456693
0
LINE
8
BLACK
6
CONTINUOUS
10
5.914678503937008
20
-4.222063346456693
11
5.9153951968503939
21
-4.2210768897637791
0
LINE
8
BLACK
6
CONTINUOUS
10
5.9153951968503939
20
-4.2210768897637791
11
5.9174429133858268
21
-4.219029212598425
0
LINE
8
BLACK
6
CONTINUOUS
10
5.9174429133858268
20
-4.219029212598425
11
5.9197104724409444
21
-4.2145788976377956
0
LINE
8
BLACK
6
CONTINUOUS
10
5.9197104724409444
20
-4.2145788976377956
11
5.9202952755905507
21
-4.2108865748031494
0
LINE
8
BLACK
6
CONTINUOUS
10
5.9202952755905507
20
-4.2108865748031494
11
5.9202952362204719
21
-4.1926567716535432
0
LINE
8
BLACK
6
CONTINUOUS
10
5.9202952362204719
20
-4.1926567716535432
11
5.9200124015748026
21
-4.1908707874015745
0
LINE
8
BLACK
6
CONTINUOUS
10
5.9200124015748026
20
-4.1908707874015745
11
5.9197105118110231
21
-4.1889645669291333
0
LINE
8
BLACK
6
CONTINUOUS
10
5.9197105118110231
20
-4.1889645669291333
11
5.9197104724409444
21
-4.1889644881889767
0
LINE
8
BLACK
6
CONTINUOUS
10
5.9197104724409444
20
-4.1889644881889767
11
5.9197104724409444
21
-4.1889644094488192
0
LINE
8
BLACK
6
CONTINUOUS
10
5.9197104724409444
20
-4.1889644094488192
11
5.9174429133858268
21
-4.1845140944881889
0
LINE
8
BLACK
6
CONTINUOUS
10
5.9174429133858268
20
-4.1845140944881889
11
5.9139111023622046
21
-4.1809822834645667
0
LINE
8
BLACK
6
CONTINUOUS
10
5.9139111023622046
20
-4.1809822834645667
11
5.9094607874015743
21
-4.1787147244094491
0
LINE
8
BLACK
6
CONTINUOUS
10
5.9094607874015743
20
-4.1787147244094491
11
5.9094608267716531
21
-4.1787147244094491
0
LINE
8
BLACK
6
CONTINUOUS
10
5.9094608267716531
20
-4.1787147244094491
11
5.9057685826771653
21
-4.1781299212598428
0
LINE
8
BLACK
6
CONTINUOUS
10
5.9057685826771653
20
-4.1781299212598428
11
5.8816330314960625
21
-4.1781299212598428
0
LINE
8
BLACK
6
CONTINUOUS
10
5.8816330314960625
20
-4.1781299212598428
11
5.8816329133858263
21
-4.1781299606299216
0
LINE
8
BLACK
6
CONTINUOUS
10
5.8816329133858263
20
-4.1781299606299216
11
5.8779409448818898
21
-4.1787146456692916
0
LINE
8
BLACK
6
CONTINUOUS
10
5.8779409448818898
20
-4.1787146456692916
11
5.877940748031496
21
-4.1787147244094491
0
LINE
8
BLACK
6
CONTINUOUS
10
5.877940748031496
20
-4.1787147244094491
11
5.8734905118110232
21
-4.1809822440944879
0
LINE
8
BLACK
6
CONTINUOUS
10
5.8734905118110232
20
-4.1809822440944879
11
5.8699586220472444
21
-4.1845141338582676
0
LINE
8
BLACK
6
CONTINUOUS
10
5.8699586220472444
20
-4.1845141338582676
11
5.8681357874015747
21
-4.1880915748031491
0
LINE
8
BLACK
6
CONTINUOUS
10
5.8681357874015747
20
-4.1880915748031491
11
5.866432440944882
21
-4.1897948818897639
0
LINE
8
BLACK
6
CONTINUOUS
10
5.866432440944882
20
-4.1897948818897639
11
5.8640532283464566
21
-4.1901716929133856
0
LINE
8
BLACK
6
CONTINUOUS
10
5.8640532283464566
20
-4.1901716929133856
11
5.8619068897637794
21
-4.1890780708661417
0
LINE
8
BLACK
6
CONTINUOUS
10
5.8619068897637794
20
-4.1890780708661417
11
5.8608133464566929
21
-4.1869317322834645
0
LINE
8
BLACK
6
CONTINUOUS
10
5.8608133464566929
20
-4.1869317322834645
11
5.8606188582677161
21
-4.1857037401574804
0
LINE
8
BLACK
6
CONTINUOUS
10
5.8606188582677161
20
-4.1857037401574804
11
5.8606187401574799
21
-4.1857034251968503
0
LINE
8
BLACK
6
CONTINUOUS
10
5.8606187401574799
20
-4.1857034251968503
11
5.8582098031496059
21
-4.1809756692913389
0
LINE
8
BLACK
6
CONTINUOUS
10
5.8582098031496059
20
-4.1809756692913389
11
5.8582097637795272
21
-4.1809755905511814
0
LINE
8
BLACK
6
CONTINUOUS
10
5.8582097637795272
20
-4.1809755905511814
11
5.8544574803149603
21
-4.1772233070866145
0
LINE
8
BLACK
6
CONTINUOUS
10
5.8544574803149603
20
-4.1772233070866145
11
5.854457362204724
21
-4.177223228346457
0
LINE
8
BLACK
6
CONTINUOUS
10
5.854457362204724
20
-4.177223228346457
11
5.8497296062992126
21
-4.1748142913385822
0
LINE
8
BLACK
6
CONTINUOUS
10
5.8497296062992126
20
-4.1748142913385822
11
5.8497294094488188
21
-4.1748142125984247
0
LINE
8
BLACK
6
CONTINUOUS
10
5.8497294094488188
20
-4.1748142125984247
11
5.8497293700787401
21
-4.1748142125984247
0
LINE
8
BLACK
6
CONTINUOUS
10
5.8497293700787401
20
-4.1748142125984247
11
5.8484217716535429
21
-4.1746070866141736
0
LINE
8
BLACK
6
CONTINUOUS
10
5.8484217716535429
20
-4.1746070866141736
11
5.8458066929133858
21
-4.1741929133858271
0
LINE
8
BLACK
6
CONTINUOUS
10
5.8458066929133858
20
-4.1741929133858271
11
5.8458066141732283
21
-4.1741929133858271
0
LINE
8
BLACK
6
CONTINUOUS
10
5.8458066141732283
20
-4.1741929133858271
11
5.8234847244094485
21
-4.1741929133858271
0
LINE
8
BLACK
6
CONTINUOUS
10
5.8234847244094485
20
-4.1741929133858271
11
5.823484645669291
21
-4.1741929133858271
0
LINE
8
BLACK
6
CONTINUOUS
10
5.823484645669291
20
-4.1741929133858271
11
5.8195618110236218
21
-4.1748142125984247
0
LINE
8
BLACK
6
CONTINUOUS
10
5.8195618110236218
20
-4.1748142125984247
11
5.819428976377953
21
-4.174857401574803
0
LINE
8
BLACK
6
CONTINUOUS
10
5.819428976377953
20
-4.174857401574803
11
5.8192894488188971
21
-4.1748573622047243
0
LINE
8
BLACK
6
CONTINUOUS
10
5.8192894488188971
20
-4.1748573622047243
11
5.8192590551181098
21
-4.1748622047244091
0
LINE
8
BLACK
6
CONTINUOUS
10
5.8192590551181098
20
-4.1748622047244091
11
5.8192582677165356
21
-4.1748573622047243
0
LINE
8
BLACK
6
CONTINUOUS
10
5.8192582677165356
20
-4.1748573622047243
11
5.8170201181102357
21
-4.1748572047244092
0
LINE
8
BLACK
6
CONTINUOUS
10
5.8170201181102357
20
-4.1748572047244092
11
5.815468779527559
21
-4.1739064960629921
0
LINE
8
BLACK
6
CONTINUOUS
10
5.815468779527559
20
-4.1739064960629921
11
5.7983574015748029
21
-4.1567951181102361
0
LINE
8
BLACK
6
CONTINUOUS
10
5.7983574015748029
20
-4.1567951181102361
11
5.7972638188976378
21
-4.1546487795275588
0
LINE
8
BLACK
6
CONTINUOUS
10
5.7972638188976378
20
-4.1546487795275588
11
5.7976405905511808
21
-4.1522696850393697
0
LINE
8
BLACK
6
CONTINUOUS
10
5.7976405905511808
20
-4.1522696850393697
11
5.7992500393700785
21
-4.149111023622047
0
LINE
8
BLACK
6
CONTINUOUS
10
5.7992500393700785
20
-4.149111023622047
11
5.7992747637795272
21
-4.1489548425196849
0
LINE
8
BLACK
6
CONTINUOUS
10
5.7992747637795272
20
-4.1489548425196849
11
5.7998622047244091
21
-4.1452459055118105
0
LINE
8
BLACK
6
CONTINUOUS
10
5.7998622047244091
20
-4.1452459055118105
11
5.7998622047244091
21
-4.1286041732283465
0
LINE
8
BLACK
6
CONTINUOUS
10
5.7998622047244091
20
-4.1286041732283465
11
5.7998622047244091
21
-4.1254233858267719
0
LINE
8
BLACK
6
CONTINUOUS
10
5.7998622047244091
20
-4.1254233858267719
11
5.799745433070866
21
-4.1246862204724408
0
LINE
8
BLACK
6
CONTINUOUS
10
5.799745433070866
20
-4.1246862204724408
11
5.7995944488188975
21
-4.1237328346456694
0
LINE
8
BLACK
6
CONTINUOUS
10
5.7995944488188975
20
-4.1237328346456694
11
5.7992500393700785
21
-4.1215582677165354
0
LINE
8
BLACK
6
CONTINUOUS
10
5.7992500393700785
20
-4.1215582677165354
11
5.7968762992125979
21
-4.1168995669291339
0
LINE
8
BLACK
6
CONTINUOUS
10
5.7968762992125979
20
-4.1168995669291339
11
5.7931791732283466
21
-4.1132024409448817
0
LINE
8
BLACK
6
CONTINUOUS
10
5.7931791732283466
20
-4.1132024409448817
11
5.7921097244094488
21
-4.1126575196850395
0
LINE
8
BLACK
6
CONTINUOUS
10
5.7921097244094488
20
-4.1126575196850395
11
5.7885205905511814
21
-4.1108287401574799
0
LINE
8
BLACK
6
CONTINUOUS
10
5.7885205905511814
20
-4.1108287401574799
11
5.7885204724409451
21
-4.1108287007874011
0
LINE
8
BLACK
6
CONTINUOUS
10
5.7885204724409451
20
-4.1108287007874011
11
5.7874019685039366
21
-4.110651535433071
0
LINE
8
BLACK
6
CONTINUOUS
10
5.7874019685039366
20
-4.110651535433071
11
5.7852557086614169
21
-4.1095578740157483
0
LINE
8
BLACK
6
CONTINUOUS
10
5.7852557086614169
20
-4.1095578740157483
11
5.7841621259842517
21
-4.1074114960629924
0
LINE
8
BLACK
6
CONTINUOUS
10
5.7841621259842517
20
-4.1074114960629924
11
5.7841141732283461
21
-4.106801889763779
0
LINE
8
BLACK
6
CONTINUOUS
10
5.7841141732283461
20
-4.106801889763779
11
5.7841141732283461
21
-4.0704623228346453
0
LINE
8
BLACK
6
CONTINUOUS
10
5.7841141732283461
20
-4.0704623228346453
11
5.7848585433070863
21
-4.068171338582677
0
LINE
8
BLACK
6
CONTINUOUS
10
5.7848585433070863
20
-4.068171338582677
11
5.7852555118110232
21
-4.0677064960629918
0
LINE
8
BLACK
6
CONTINUOUS
10
5.7852555118110232
20
-4.0677064960629918
11
5.7872645669291334
21
-4.0656974803149604
0
LINE
8
BLACK
6
CONTINUOUS
10
5.7872645669291334
20
-4.0656974803149604
11
5.7903770472440943
21
-4.0603064566929135
0
LINE
8
BLACK
6
CONTINUOUS
10
5.7903770472440943
20
-4.0603064566929135
11
5.7919881889763776
21
-4.0542935826771656
0
LINE
8
BLACK
6
CONTINUOUS
10
5.7919881889763776
20
-4.0542935826771656
11
5.7919881889763776
21
-4.0480686220472437
0
LINE
8
BLACK
6
CONTINUOUS
10
5.7919881889763776
20
-4.0480686220472437
11
5.7903770472440943
21
-4.0420557480314958
0
LINE
8
BLACK
6
CONTINUOUS
10
5.7903770472440943
20
-4.0420557480314958
11
5.7872645669291334
21
-4.0366647244094489
0
LINE
8
BLACK
6
CONTINUOUS
10
5.7872645669291334
20
-4.0366647244094489
11
5.7828628346456687
21
-4.0322629921259843
0
LINE
8
BLACK
6
CONTINUOUS
10
5.7828628346456687
20
-4.0322629921259843
11
5.7774718110236218
21
-4.0291505118110233
0
LINE
8
BLACK
6
CONTINUOUS
10
5.7774718110236218
20
-4.0291505118110233
11
5.7714589370078739
21
-4.0275393700787401
0
LINE
8
BLACK
6
CONTINUOUS
10
5.7714589370078739
20
-4.0275393700787401
11
5.765233976377953
21
-4.0275393700787401
0
LINE
8
BLACK
6
CONTINUOUS
10
5.765233976377953
20
-4.0275393700787401
11
5.7632316929133856
21
-4.028075866141732
0
LINE
8
BLACK
6
CONTINUOUS
10
5.7632316929133856
20
-4.028075866141732
11
5.7622229921259844
21
-4.0282086614173229
0
LINE
8
BLACK
6
CONTINUOUS
10
5.7622229921259844
20
-4.0282086614173229
11
5.6779803149606298
21
-4.0282086614173229
0
LINE
8
BLACK
6
CONTINUOUS
10
5.6779803149606298
20
-4.0282086614173229
11
5.6756893307086616
21
-4.0274642913385827
0
LINE
8
BLACK
6
CONTINUOUS
10
5.6756893307086616
20
-4.0274642913385827
11
5.6742734251968505
21
-4.0255154724409445
0
LINE
8
BLACK
6
CONTINUOUS
10
5.6742734251968505
20
-4.0255154724409445
11
5.6740826771653543
21
-4.0243110236220474
0
LINE
8
BLACK
6
CONTINUOUS
10
5.6740826771653543
20
-4.0243110236220474
11
5.6740826771653543
21
-4.0117028740157483
0
LINE
8
BLACK
6
CONTINUOUS
10
5.6740826771653543
20
-4.0117028740157483
11
5.6740825984251968
21
-4.0117024015748033
0
LINE
8
BLACK
6
CONTINUOUS
10
5.6740825984251968
20
-4.0117024015748033
11
5.6736054724409444
21
-4.0093037401574803
0
LINE
8
BLACK
6
CONTINUOUS
10
5.6736054724409444
20
-4.0093037401574803
11
5.6736054724409444
21
-4.0077828740157475
0
LINE
8
BLACK
6
CONTINUOUS
10
5.6736054724409444
20
-4.0077828740157475
11
5.6740825984251968
21
-4.0053841732283466
0
LINE
8
BLACK
6
CONTINUOUS
10
5.6740825984251968
20
-4.0053841732283466
11
5.6740826771653543
21
-4.0053837007874016
0
LINE
8
BLACK
6
CONTINUOUS
10
5.6740826771653543
20
-4.0053837007874016
11
5.6740826771653543
21
-3.9920178346456692
0
LINE
8
BLACK
6
CONTINUOUS
10
5.6740826771653543
20
-3.9920178346456692
11
5.6740825984251968
21
-3.9920173622047241
0
LINE
8
BLACK
6
CONTINUOUS
10
5.6740825984251968
20
-3.9920173622047241
11
5.6736054724409444
21
-3.9896187007874016
0
LINE
8
BLACK
6
CONTINUOUS
10
5.6736054724409444
20
-3.9896187007874016
11
5.6736054724409444
21
-3.9880978346456692
0
LINE
8
BLACK
6
CONTINUOUS
10
5.6736054724409444
20
-3.9880978346456692
11
5.6740825984251968
21
-3.9856991338582675
0
LINE
8
BLACK
6
CONTINUOUS
10
5.6740825984251968
20
-3.9856991338582675
11
5.6740826771653543
21
-3.9856986614173229
0
LINE
8
BLACK
6
CONTINUOUS
10
5.6740826771653543
20
-3.9856986614173229
11
5.6740826771653543
21
-3.9770275590551178
0
LINE
8
BLACK
6
CONTINUOUS
10
5.6740826771653543
20
-3.9770275590551178
11
5.6742734251968505
21
-3.9764404724409448
0
LINE
8
BLACK
6
CONTINUOUS
10
5.6742734251968505
20
-3.9764404724409448
11
5.6742734251968505
21
-3.9758231102362203
0
LINE
8
BLACK
6
CONTINUOUS
10
5.6742734251968505
20
-3.9758231102362203
11
5.6746362598425195
21
-3.9753236614173226
0
LINE
8
BLACK
6
CONTINUOUS
10
5.6746362598425195
20
-3.9753236614173226
11
5.6748270472440945
21
-3.9747365748031496
0
LINE
8
BLACK
6
CONTINUOUS
10
5.6748270472440945
20
-3.9747365748031496
11
5.6753264566929129
21
-3.9743737007874014
0
LINE
8
BLACK
6
CONTINUOUS
10
5.6753264566929129
20
-3.9743737007874014
11
5.6756893307086616
21
-3.9738742913385825
0
LINE
8
BLACK
6
CONTINUOUS
10
5.6756893307086616
20
-3.9738742913385825
11
5.6762764173228346
21
-3.973683503937008
0
LINE
8
BLACK
6
CONTINUOUS
10
5.6762764173228346
20
-3.973683503937008
11
5.6767758661417318
21
-3.9733206692913385
0
LINE
8
BLACK
6
CONTINUOUS
10
5.6767758661417318
20
-3.9733206692913385
11
5.6779803149606298
21
-3.9731299212598423
0
LINE
8
BLACK
6
CONTINUOUS
10
5.6779803149606298
20
-3.9731299212598423
11
5.681236771653543
21
-3.9731299212598423
0
LINE
8
BLACK
6
CONTINUOUS
10
5.681236771653543
20
-3.9731299212598423
11
5.6835277559055113
21
-3.9738742913385825
0
LINE
8
BLACK
6
CONTINUOUS
10
5.6835277559055113
20
-3.9738742913385825
11
5.6849436614173223
21
-3.9758231102362203
0
LINE
8
BLACK
6
CONTINUOUS
10
5.6849436614173223
20
-3.9758231102362203
11
5.6850015748031497
21
-3.97601874015748
0
LINE
8
BLACK
6
CONTINUOUS
10
5.6850015748031497
20
-3.97601874015748
11
5.6854658267716536
21
-3.9777512992125983
0
LINE
8
BLACK
6
CONTINUOUS
10
5.6854658267716536
20
-3.9777512992125983
11
5.6856072047244091
21
-3.9782788976377952
0
LINE
8
BLACK
6
CONTINUOUS
10
5.6856072047244091
20
-3.9782788976377952
11
5.68871968503937
21
-3.9836699212598425
0
LINE
8
BLACK
6
CONTINUOUS
10
5.68871968503937
20
-3.9836699212598425
11
5.6931214173228346
21
-3.9880716535433072
0
LINE
8
BLACK
6
CONTINUOUS
10
5.6931214173228346
20
-3.9880716535433072
11
5.6985124409448815
21
-3.9911841338582676
0
LINE
8
BLACK
6
CONTINUOUS
10
5.6985124409448815
20
-3.9911841338582676
11
5.7045253149606294
21
-3.9927952755905509
0
LINE
8
BLACK
6
CONTINUOUS
10
5.7045253149606294
20
-3.9927952755905509
11
5.7045253937007869
21
-3.9927952755905509
0
LINE
8
BLACK
6
CONTINUOUS
10
5.7045253937007869
20
-3.9927952755905509
11
5.7107501968503938
21
-3.9927952755905509
0
LINE
8
BLACK
6
CONTINUOUS
10
5.7107501968503938
20
-3.9927952755905509
11
5.7107502755905513
21
-3.9927952755905509
0
LINE
8
BLACK
6
CONTINUOUS
10
5.7107502755905513
20
-3.9927952755905509
11
5.7167631496062992
21
-3.9911841338582676
0
LINE
8
BLACK
6
CONTINUOUS
10
5.7167631496062992
20
-3.9911841338582676
11
5.7221541732283461
21
-3.9880716535433072
0
LINE
8
BLACK
6
CONTINUOUS
10
5.7221541732283461
20
-3.9880716535433072
11
5.7265559055118107
21
-3.9836699212598425
0
LINE
8
BLACK
6
CONTINUOUS
10
5.7265559055118107
20
-3.9836699212598425
11
5.7272162204724406
21
-3.9825261417322833
0
LINE
8
BLACK
6
CONTINUOUS
10
5.7272162204724406
20
-3.9825261417322833
11
5.7279306692913385
21
-3.9818828346456692
0
LINE
8
BLACK
6
CONTINUOUS
10
5.7279306692913385
20
-3.9818828346456692
11
5.7285550787401576
21
-3.9811517322834646
0
LINE
8
BLACK
6
CONTINUOUS
10
5.7285550787401576
20
-3.9811517322834646
11
5.7288108267716531
21
-3.98109031496063
0
LINE
8
BLACK
6
CONTINUOUS
10
5.7288108267716531
20
-3.98109031496063
11
5.7290062992125979
21
-3.9809143307086612
0
LINE
8
BLACK
6
CONTINUOUS
10
5.7290062992125979
20
-3.9809143307086612
11
5.7299624015748032
21
-3.9808137795275589
0
LINE
8
BLACK
6
CONTINUOUS
10
5.7299624015748032
20
-3.9808137795275589
11
5.7308973622047246
21
-3.9805893307086615
0
LINE
8
BLACK
6
CONTINUOUS
10
5.7308973622047246
20
-3.9805893307086615
11
5.7311403543307087
21
-3.9806899606299213
0
LINE
8
BLACK
6
CONTINUOUS
10
5.7311403543307087
20
-3.9806899606299213
11
5.7314019685039366
21
-3.9806624803149604
0
LINE
8
BLACK
6
CONTINUOUS
10
5.7314019685039366
20
-3.9806624803149604
11
5.7331229133858264
21
-3.9815111023622047
0
LINE
8
BLACK
6
CONTINUOUS
10
5.7331229133858264
20
-3.9815111023622047
11
5.7366142913385829
21
-3.9844928346456694
0
LINE
8
BLACK
6
CONTINUOUS
10
5.7366142913385829
20
-3.9844928346456694
11
5.7368391338582674
21
-3.9847006299212597
0
LINE
8
BLACK
6
CONTINUOUS
10
5.7368391338582674
20
-3.9847006299212597
11
5.737040078740157
21
-3.9849015748031493
0
LINE
8
BLACK
6
CONTINUOUS
10
5.737040078740157
20
-3.9849015748031493
11
5.7370400393700782
21
-3.9849015748031493
0
LINE
8
BLACK
6
CONTINUOUS
10
5.7370400393700782
20
-3.9849015748031493
11
5.7370401574803145
21
-3.9849016535433068
0
LINE
8
BLACK
6
CONTINUOUS
10
5.7370401574803145
20
-3.9849016535433068
11
5.7405670472440944
21
-3.9884289370078738
0
LINE
8
BLACK
6
CONTINUOUS
10
5.7405670472440944
20
-3.9884289370078738
11
5.7409112992125984
21
-3.9887732283464565
0
LINE
8
BLACK
6
CONTINUOUS
10
5.7409112992125984
20
-3.9887732283464565
11
5.7409112992125984
21
-3.9887731889763778
0
LINE
8
BLACK
6
CONTINUOUS
10
5.7409112992125984
20
-3.9887731889763778
11
5.7421960236220473
21
-3.9900580708661417
0
LINE
8
BLACK
6
CONTINUOUS
10
5.7421960236220473
20
-3.9900580708661417
11
5.7421977559055115
21
-3.9900590551181101
0
LINE
8
BLACK
6
CONTINUOUS
10
5.7421977559055115
20
-3.9900590551181101
11
5.7427528740157481
21
-3.9906139763779525
0
LINE
8
BLACK
6
CONTINUOUS
10
5.7427528740157481
20
-3.9906139763779525
11
5.7427531102362206
21
-3.9906144488188975
0
LINE
8
BLACK
6
CONTINUOUS
10
5.7427531102362206
20
-3.9906144488188975
11
5.7427535433070869
21
-3.99061468503937
0
LINE
8
BLACK
6
CONTINUOUS
10
5.7427535433070869
20
-3.99061468503937
11
5.7428914960629918
21
-3.9907526377952753
0
LINE
8
BLACK
6
CONTINUOUS
10
5.7428914960629918
20
-3.9907526377952753
11
5.743175472440945
21
-3.9910366535433068
0
LINE
8
BLACK
6
CONTINUOUS
10
5.743175472440945
20
-3.9910366535433068
11
5.746893779527559
21
-3.9937385826771652
0
LINE
8
BLACK
6
CONTINUOUS
10
5.746893779527559
20
-3.9937385826771652
11
5.7484789763779522
21
-3.9948904724409449
0
LINE
8
BLACK
6
CONTINUOUS
10
5.7484789763779522
20
-3.9948904724409449
11
5.7496820078740152
21
-3.9965465354330707
0
LINE
8
BLACK
6
CONTINUOUS
10
5.7496820078740152
20
-3.9965465354330707
11
5.749746102362205
21
-3.9965152362204726
0
LINE
8
BLACK
6
CONTINUOUS
10
5.749746102362205
20
-3.9965152362204726
11
5.7498789763779525
21
-3.996787086614173
0
LINE
8
BLACK
6
CONTINUOUS
10
5.7498789763779525
20
-3.996787086614173
11
5.7498790157480313
21
-3.9967871259842518
0
LINE
8
BLACK
6
CONTINUOUS
10
5.7498790157480313
20
-3.9967871259842518
11
5.7519016535433067
21
-4.0009245275590546
0
LINE
8
BLACK
6
CONTINUOUS
10
5.7519016535433067
20
-4.0009245275590546
11
5.7551581496062987
21
-4.0041810236220474
0
LINE
8
BLACK
6
CONTINUOUS
10
5.7551581496062987
20
-4.0041810236220474
11
5.7561319685039365
21
-4.0046570866141735
0
LINE
8
BLACK
6
CONTINUOUS
10
5.7561319685039365
20
-4.0046570866141735
11
5.7592954330708661
21
-4.0062036220472441
0
LINE
8
BLACK
6
CONTINUOUS
10
5.7592954330708661
20
-4.0062036220472441
11
5.7592954724409449
21
-4.0062036220472441
0
LINE
8
BLACK
6
CONTINUOUS
10
5.7592954724409449
20
-4.0062036220472441
11
5.7592955511811024
21
-4.0062036614173229
0
LINE
8
BLACK
6
CONTINUOUS
10
5.7592955511811024
20
-4.0062036614173229
11
5.7619779527559052
21
-4.0065944881889761
0
LINE
8
BLACK
6
CONTINUOUS
10
5.7619779527559052
20
-4.0065944881889761
11
5.7619780708661414
21
-4.0065944881889761
0
LINE
8
BLACK
6
CONTINUOUS
10
5.7619780708661414
20
-4.0065944881889761
11
5.8049510629921262
21
-4.0065944881889761
0
LINE
8
BLACK
6
CONTINUOUS
10
5.8049510629921262
20
-4.0065944881889761
11
5.8049511811023624
21
-4.0065944881889761
0
LINE
8
BLACK
6
CONTINUOUS
10
5.8049511811023624
20
-4.0065944881889761
11
5.8076335826771652
21
-4.0062036614173229
0
LINE
8
BLACK
6
CONTINUOUS
10
5.8076335826771652
20
-4.0062036614173229
11
5.811770984251968
21
-4.0041810236220474
0
LINE
8
BLACK
6
CONTINUOUS
10
5.811770984251968
20
-4.0041810236220474
11
5.8150274803149609
21
-4.0009245275590546
0
LINE
8
BLACK
6
CONTINUOUS
10
5.8150274803149609
20
-4.0009245275590546
11
5.8170501181102363
21
-3.9967871259842518
0
LINE
8
BLACK
6
CONTINUOUS
10
5.8170501181102363
20
-3.9967871259842518
11
5.8174409448818896
21
-3.9941047244094485
0
LINE
8
BLACK
6
CONTINUOUS
10
5.8174409448818896
20
-3.9941047244094485
11
5.8174409448818896
21
-3.9796748031496061
0
LINE
8
BLACK
6
CONTINUOUS
10
5.8174409448818896
20
-3.9796748031496061
11
5.8170501181102363
21
-3.9769924015748033
0
LINE
8
BLACK
6
CONTINUOUS
10
5.8170501181102363
20
-3.9769924015748033
11
5.8167593307086616
21
-3.9763975984251969
0
LINE
8
BLACK
6
CONTINUOUS
10
5.8167593307086616
20
-3.9763975984251969
11
5.8155257874015751
21
-3.9738742913385825
0
LINE
8
BLACK
6
CONTINUOUS
10
5.8155257874015751
20
-3.9738742913385825
11
5.8150274803149609
21
-3.972855
0
LINE
8
BLACK
6
CONTINUOUS
10
5.8150274803149609
20
-3.972855
11
5.8131174015748028
21
-3.9709449212598424
0
LINE
8
BLACK
6
CONTINUOUS
10
5.8131174015748028
20
-3.9709449212598424
11
5.8120238976377951
21
-3.9687987007874015
0
LINE
8
BLACK
6
CONTINUOUS
10
5.8120238976377951
20
-3.9687987007874015
11
5.8124007086614169
21
-3.9664194881889765
0
LINE
8
BLACK
6
CONTINUOUS
10
5.8124007086614169
20
-3.9664194881889765
11
5.8131173622047241
21
-3.9654330314960631
0
LINE
8
BLACK
6
CONTINUOUS
10
5.8131173622047241
20
-3.9654330314960631
11
5.8150274803149609
21
-3.9635229527559055
0
LINE
8
BLACK
6
CONTINUOUS
10
5.8150274803149609
20
-3.9635229527559055
11
5.8170501181102363
21
-3.9593855511811022
0
LINE
8
BLACK
6
CONTINUOUS
10
5.8170501181102363
20
-3.9593855511811022
11
5.8174409448818896
21
-3.956703149606299
0
LINE
8
BLACK
6
CONTINUOUS
10
5.8174409448818896
20
-3.956703149606299
11
5.8174409448818896
21
-3.9422732283464565
0
LINE
8
BLACK
6
CONTINUOUS
10
5.8174409448818896
20
-3.9422732283464565
11
5.8170501181102363
21
-3.9395908267716533
0
LINE
8
BLACK
6
CONTINUOUS
10
5.8170501181102363
20
-3.9395908267716533
11
5.8169664173228348
21
-3.9394196456692914
0
LINE
8
BLACK
6
CONTINUOUS
10
5.8169664173228348
20
-3.9394196456692914
11
5.8157051181102357
21
-3.9368395669291338
0
LINE
8
BLACK
6
CONTINUOUS
10
5.8157051181102357
20
-3.9368395669291338
11
5.8150274803149609
21
-3.9354534251968505
0
LINE
8
BLACK
6
CONTINUOUS
10
5.8150274803149609
20
-3.9354534251968505
11
5.8131174015748028
21
-3.9335433464566929
0
LINE
8
BLACK
6
CONTINUOUS
10
5.8131174015748028
20
-3.9335433464566929
11
5.8120238976377951
21
-3.931397125984252
0
LINE
8
BLACK
6
CONTINUOUS
10
5.8120238976377951
20
-3.931397125984252
11
5.8124007086614169
21
-3.9290179133858265
0
LINE
8
BLACK
6
CONTINUOUS
10
5.8124007086614169
20
-3.9290179133858265
11
5.8131173622047241
21
-3.9280314566929131
0
LINE
8
BLACK
6
CONTINUOUS
10
5.8131173622047241
20
-3.9280314566929131
11
5.8150274803149609
21
-3.926121377952756
0
LINE
8
BLACK
6
CONTINUOUS
10
5.8150274803149609
20
-3.926121377952756
11
5.8170501181102363
21
-3.9219839763779527
0
LINE
8
BLACK
6
CONTINUOUS
10
5.8170501181102363
20
-3.9219839763779527
11
5.8174409448818896
21
-3.9193015748031494
0
LINE
8
BLACK
6
CONTINUOUS
10
5.8174409448818896
20
-3.9193015748031494
11
5.8174409448818896
21
-3.904871653543307
0
LINE
8
BLACK
6
CONTINUOUS
10
5.8174409448818896
20
-3.904871653543307
11
5.8170501181102363
21
-3.9021892519685037
0
LINE
8
BLACK
6
CONTINUOUS
10
5.8170501181102363
20
-3.9021892519685037
11
5.8150274803149609
21
-3.8980518503937005
0
LINE
8
BLACK
6
CONTINUOUS
10
5.8150274803149609
20
-3.8980518503937005
11
5.811770984251968
21
-3.8947953543307086
0
LINE
8
BLACK
6
CONTINUOUS
10
5.811770984251968
20
-3.8947953543307086
11
5.8109413385826771
21
-3.8943897637795275
0
LINE
8
BLACK
6
CONTINUOUS
10
5.8109413385826771
20
-3.8943897637795275
11
5.8076336614173227
21
-3.8927727165354331
0
LINE
8
BLACK
6
CONTINUOUS
10
5.8076336614173227
20
-3.8927727165354331
11
5.8065605905511806
21
-3.8926163779527556
0
LINE
8
BLACK
6
CONTINUOUS
10
5.8065605905511806
20
-3.8926163779527556
11
5.8049511811023624
21
-3.8923818897637794
0
LINE
8
BLACK
6
CONTINUOUS
10
5.8049511811023624
20
-3.8923818897637794
11
5.7619779527559052
21
-3.8923818897637794
0
LINE
8
BLACK
6
CONTINUOUS
10
5.7619779527559052
20
-3.8923818897637794
11
5.7606367322834648
21
-3.8925772834645667
0
LINE
8
BLACK
6
CONTINUOUS
10
5.7606367322834648
20
-3.8925772834645667
11
5.7592954330708661
21
-3.8927727165354331
0
LINE
8
BLACK
6
CONTINUOUS
10
5.7592954330708661
20
-3.8927727165354331
11
5.7551581889763774
21
-3.8947953149606298
0
LINE
8
BLACK
6
CONTINUOUS
10
5.7551581889763774
20
-3.8947953149606298
11
5.751901614173228
21
-3.8980518897637793
0
LINE
8
BLACK
6
CONTINUOUS
10
5.751901614173228
20
-3.8980518897637793
11
5.7514028346456696
21
-3.8990722047244093
0
LINE
8
BLACK
6
CONTINUOUS
10
5.7514028346456696
20
-3.8990722047244093
11
5.7498790157480313
21
-3.9021892519685037
0
LINE
8
BLACK
6
CONTINUOUS
10
5.7498790157480313
20
-3.9021892519685037
11
5.7498789763779525
21
-3.9021892913385825
0
LINE
8
BLACK
6
CONTINUOUS
10
5.7498789763779525
20
-3.9021892913385825
11
5.749746102362205
21
-3.9024611811023622
0
LINE
8
BLACK
6
CONTINUOUS
10
5.749746102362205
20
-3.9024611811023622
11
5.7496479133858269
21
-3.9024131889763778
0
LINE
8
BLACK
6
CONTINUOUS
10
5.7496479133858269
20
-3.9024131889763778
11
5.7485474803149605
21
-3.9039732677165353
0
LINE
8
BLACK
6
CONTINUOUS
10
5.7485474803149605
20
-3.9039732677165353
11
5.7479823228346456
21
-3.9043251181102363
0
LINE
8
BLACK
6
CONTINUOUS
10
5.7479823228346456
20
-3.9043251181102363
11
5.7462223228346456
21
-3.9052220078740159
0
LINE
8
BLACK
6
CONTINUOUS
10
5.7462223228346456
20
-3.9052220078740159
11
5.7401202755905514
21
-3.9096557480314962
0
LINE
8
BLACK
6
CONTINUOUS
10
5.7401202755905514
20
-3.9096557480314962
11
5.738610078740157
21
-3.9111661023622046
0
LINE
8
BLACK
6
CONTINUOUS
10
5.738610078740157
20
-3.9111661023622046
11
5.7364638188976373
21
-3.9122598031496061
0
LINE
8
BLACK
6
CONTINUOUS
10
5.7364638188976373
20
-3.9122598031496061
11
5.734084566929134
21
-3.9118830314960631
0
LINE
8
BLACK
6
CONTINUOUS
10
5.734084566929134
20
-3.9118830314960631
11
5.7323811811023617
21
-3.9101797637795275
0
LINE
8
BLACK
6
CONTINUOUS
10
5.7323811811023617
20
-3.9101797637795275
11
5.7319562992125981
21
-3.908410157480315
0
LINE
8
BLACK
6
CONTINUOUS
10
5.7319562992125981
20
-3.908410157480315
11
5.7319562992125981
21
-3.90676405511811
0
LINE
8
BLACK
6
CONTINUOUS
10
5.7319562992125981
20
-3.90676405511811
11
5.7318688976377947
21
-3.9064378346456694
0
LINE
8
BLACK
6
CONTINUOUS
10
5.7318688976377947
20
-3.9064378346456694
11
5.7303451574803148
21
-3.9007511417322833
0
LINE
8
BLACK
6
CONTINUOUS
10
5.7303451574803148
20
-3.9007511417322833
11
5.7272326771653539
21
-3.895360118110236
0
LINE
8
BLACK
6
CONTINUOUS
10
5.7272326771653539
20
-3.895360118110236
11
5.7228309448818893
21
-3.8909583858267718
0
LINE
8
BLACK
6
CONTINUOUS
10
5.7228309448818893
20
-3.8909583858267718
11
5.7174399212598424
21
-3.8878459055118109
0
LINE
8
BLACK
6
CONTINUOUS
10
5.7174399212598424
20
-3.8878459055118109
11
5.7114270472440944
21
-3.8862347637795276
0
LINE
8
BLACK
6
CONTINUOUS
10
5.7114270472440944
20
-3.8862347637795276
11
5.7052020866141735
21
-3.8862347637795276
0
LINE
8
BLACK
6
CONTINUOUS
10
5.7052020866141735
20
-3.8862347637795276
11
5.6991892125984247
21
-3.8878459055118109
0
LINE
8
BLACK
6
CONTINUOUS
10
5.6991892125984247
20
-3.8878459055118109
11
5.6937981889763778
21
-3.8909583858267718
0
LINE
8
BLACK
6
CONTINUOUS
10
5.6937981889763778
20
-3.8909583858267718
11
5.6893964566929132
21
-3.895360118110236
0
LINE
8
BLACK
6
CONTINUOUS
10
5.6893964566929132
20
-3.895360118110236
11
5.6862839763779522
21
-3.9007511417322833
0
LINE
8
BLACK
6
CONTINUOUS
10
5.6862839763779522
20
-3.9007511417322833
11
5.6856083070866141
21
-3.9032725984251968
0
LINE
8
BLACK
6
CONTINUOUS
10
5.6856083070866141
20
-3.9032725984251968
11
5.6855504330708664
21
-3.9033617716535431
0
LINE
8
BLACK
6
CONTINUOUS
10
5.6855504330708664
20
-3.9033617716535431
11
5.6855504330708664
21
-3.9034682283464566
0
LINE
8
BLACK
6
CONTINUOUS
10
5.6855504330708664
20
-3.9034682283464566
11
5.6848993700787398
21
-3.9043642913385828
0
LINE
8
BLACK
6
CONTINUOUS
10
5.6848993700787398
20
-3.9043642913385828
11
5.6842964173228347
21
-3.9052927952755905
0
LINE
8
BLACK
6
CONTINUOUS
10
5.6842964173228347
20
-3.9052927952755905
11
5.6841970866141729
21
-3.9053309055118111
0
LINE
8
BLACK
6
CONTINUOUS
10
5.6841970866141729
20
-3.9053309055118111
11
5.6841345275590553
21
-3.9054170472440943
0
LINE
8
BLACK
6
CONTINUOUS
10
5.6841345275590553
20
-3.9054170472440943
11
5.6830809055118108
21
-3.9057593307086615
0
LINE
8
BLACK
6
CONTINUOUS
10
5.6830809055118108
20
-3.9057593307086615
11
5.6820475196850388
21
-3.9061560629921259
0
LINE
8
BLACK
6
CONTINUOUS
10
5.6820475196850388
20
-3.9061560629921259
11
5.6818435433070862
21
-3.9061614173228345
0
LINE
8
BLACK
6
CONTINUOUS
10
5.6818435433070862
20
-3.9061614173228345
11
5.6779803149606298
21
-3.9061614173228345
0
LINE
8
BLACK
6
CONTINUOUS
10
5.6779803149606298
20
-3.9061614173228345
11
5.6756893307086616
21
-3.9054170472440943
0
LINE
8
BLACK
6
CONTINUOUS
10
5.6756893307086616
20
-3.9054170472440943
11
5.6742734251968505
21
-3.9034682283464566
0
LINE
8
BLACK
6
CONTINUOUS
10
5.6742734251968505
20
-3.9034682283464566
11
5.6740826771653543
21
-3.902263779527559
0
LINE
8
BLACK
6
CONTINUOUS
10
5.6740826771653543
20
-3.902263779527559
11
5.6740826771653543
21
-3.8935926377952756
0
LINE
8
BLACK
6
CONTINUOUS
10
5.6740826771653543
20
-3.8935926377952756
11
5.6740825984251968
21
-3.8935921653543306
0
LINE
8
BLACK
6
CONTINUOUS
10
5.6740825984251968
20
-3.8935921653543306
11
5.6736054724409444
21
-3.8911935039370076
0
LINE
8
BLACK
6
CONTINUOUS
10
5.6736054724409444
20
-3.8911935039370076
11
5.6736054724409444
21
-3.8896726377952757
0
LINE
8
BLACK
6
CONTINUOUS
10
5.6736054724409444
20
-3.8896726377952757
11
5.6740825984251968
21
-3.8872739370078739
0
LINE
8
BLACK
6
CONTINUOUS
10
5.6740825984251968
20
-3.8872739370078739
11
5.6740826771653543
21
-3.8872734645669289
0
LINE
8
BLACK
6
CONTINUOUS
10
5.6740826771653543
20
-3.8872734645669289
11
5.6740826771653543
21
-3.8746653543307086
0
LINE
8
BLACK
6
CONTINUOUS
10
5.6740826771653543
20
-3.8746653543307086
11
5.6748270472440945
21
-3.8723743700787399
0
LINE
8
BLACK
6
CONTINUOUS
10
5.6748270472440945
20
-3.8723743700787399
11
5.6767758661417318
21
-3.8709584645669288
0
LINE
8
BLACK
6
CONTINUOUS
10
5.6767758661417318
20
-3.8709584645669288
11
5.6779803149606298
21
-3.8707677165354331
0
LINE
8
BLACK
6
CONTINUOUS
10
5.6779803149606298
20
-3.8707677165354331
11
5.748435275590551
21
-3.8707677165354331
0
LINE
8
BLACK
6
CONTINUOUS
10
5.748435275590551
20
-3.8707677165354331
11
5.7507262598425193
21
-3.8715120866141732
0
LINE
8
BLACK
6
CONTINUOUS
10
5.7507262598425193
20
-3.8715120866141732
11
5.7511912992125982
21
-3.8719092913385826
0
LINE
8
BLACK
6
CONTINUOUS
10
5.7511912992125982
20
-3.8719092913385826
11
5.7524731889763778
21
-3.8731911417322835
0
LINE
8
BLACK
6
CONTINUOUS
10
5.7524731889763778
20
-3.8731911417322835
11
5.7532001574803147
21
-3.8739181102362203
0
LINE
8
BLACK
6
CONTINUOUS
10
5.7532001574803147
20
-3.8739181102362203
11
5.7585911811023625
21
-3.8770305905511808
0
LINE
8
BLACK
6
CONTINUOUS
10
5.7585911811023625
20
-3.8770305905511808
11
5.7646040551181104
21
-3.8786417322834645
0
LINE
8
BLACK
6
CONTINUOUS
10
5.7646040551181104
20
-3.8786417322834645
11
5.7646041338582679
21
-3.8786417322834645
0
LINE
8
BLACK
6
CONTINUOUS
10
5.7646041338582679
20
-3.8786417322834645
11
5.7708289370078738
21
-3.8786417322834645
0
LINE
8
BLACK
6
CONTINUOUS
10
5.7708289370078738
20
-3.8786417322834645
11
5.7708290157480313
21
-3.8786417322834645
0
LINE
8
BLACK
6
CONTINUOUS
10
5.7708290157480313
20
-3.8786417322834645
11
5.7768418897637792
21
-3.8770305905511808
0
LINE
8
BLACK
6
CONTINUOUS
10
5.7768418897637792
20
-3.8770305905511808
11
5.782232913385827
21
-3.8739181102362203
0
LINE
8
BLACK
6
CONTINUOUS
10
5.782232913385827
20
-3.8739181102362203
11
5.7866346456692916
21
-3.8695163779527557
0
LINE
8
BLACK
6
CONTINUOUS
10
5.7866346456692916
20
-3.8695163779527557
11
5.7897471259842517
21
-3.8641253543307084
0
LINE
8
BLACK
6
CONTINUOUS
10
5.7897471259842517
20
-3.8641253543307084
11
5.790499488188976
21
-3.8613173622047241
0
LINE
8
BLACK
6
CONTINUOUS
10
5.790499488188976
20
-3.8613173622047241
11
5.7915081496062992
21
-3.8595702362204722
0
LINE
8
BLACK
6
CONTINUOUS
10
5.7915081496062992
20
-3.8595702362204722
11
5.8790920866141727
21
-3.7719863385826771
0
LINE
8
BLACK
6
CONTINUOUS
10
5.8790920866141727
20
-3.7719863385826771
11
5.899442755905512
21
-3.7516356692913386
0
LINE
8
BLACK
6
CONTINUOUS
10
5.899442755905512
20
-3.7516356692913386
11
5.9304290157480315
21
-3.7206494094488187
0
LINE
8
BLACK
6
CONTINUOUS
10
5.9304290157480315
20
-3.7206494094488187
11
5.9325753543307087
21
-3.7195558267716535
0
LINE
8
BLACK
6
CONTINUOUS
10
5.9325753543307087
20
-3.7195558267716535
11
5.9331850787401574
21
-3.7195078346456691
0
LINE
8
BLACK
6
CONTINUOUS
10
5.9331850787401574
20
-3.7195078346456691
11
5.9449811417322831
21
-3.7195078346456691
0
LINE
8
BLACK
6
CONTINUOUS
10
5.9449811417322831
20
-3.7195078346456691
11
5.9449811811023618
21
-3.7195077952755904
0
LINE
8
BLACK
6
CONTINUOUS
10
5.9449811811023618
20
-3.7195077952755904
11
5.9470200000000002
21
-3.7191849212598425
0
LINE
8
BLACK
6
CONTINUOUS
10
5.9470200000000002
20
-3.7191849212598425
11
5.948673188976378
21
-3.7189231102362204
0
LINE
8
BLACK
6
CONTINUOUS
10
5.948673188976378
20
-3.7189231102362204
11
5.948673188976378
21
-3.7189230708661416
0
LINE
8
BLACK
6
CONTINUOUS
10
5.948673188976378
20
-3.7189230708661416
11
5.9486733858267717
21
-3.7189230708661416
0
LINE
8
BLACK
6
CONTINUOUS
10
5.9486733858267717
20
-3.7189230708661416
11
5.9531237007874012
21
-3.7166555118110236
0
LINE
8
BLACK
6
CONTINUOUS
10
5.9531237007874012
20
-3.7166555118110236
11
5.9566555118110234
21
-3.7131237007874014
0
LINE
8
BLACK
6
CONTINUOUS
10
5.9566555118110234
20
-3.7131237007874014
11
5.9589230708661418
21
-3.7086733858267715
0
LINE
8
BLACK
6
CONTINUOUS
10
5.9589230708661418
20
-3.7086733858267715
11
5.9595078740157481
21
-3.7049810629921258
0
LINE
8
BLACK
6
CONTINUOUS
10
5.9595078740157481
20
-3.7049810629921258
11
5.9595078346456694
21
-3.680845748031496
0
LINE
8
BLACK
6
CONTINUOUS
10
5.9595078346456694
20
-3.680845748031496
11
5.9595077952755906
21
-3.680845590551181
0
LINE
8
BLACK
6
CONTINUOUS
10
5.9595077952755906
20
-3.680845590551181
11
5.9595077952755906
21
-3.6808455118110235
0
LINE
8
BLACK
6
CONTINUOUS
10
5.9595077952755906
20
-3.6808455118110235
11
5.9589231102362206
21
-3.6771535433070865
0
LINE
8
BLACK
6
CONTINUOUS
10
5.9589231102362206
20
-3.6771535433070865
11
5.9589230708661418
21
-3.677153464566929
0
LINE
8
BLACK
6
CONTINUOUS
10
5.9589230708661418
20
-3.677153464566929
11
5.9589230708661418
21
-3.6771533858267715
0
LINE
8
BLACK
6
CONTINUOUS
10
5.9589230708661418
20
-3.6771533858267715
11
5.9566555118110234
21
-3.6727030708661417
0
LINE
8
BLACK
6
CONTINUOUS
10
5.9566555118110234
20
-3.6727030708661417
11
5.9531237007874012
21
-3.6691712598425195
0
LINE
8
BLACK
6
CONTINUOUS
10
5.9531237007874012
20
-3.6691712598425195
11
5.9486733858267717
21
-3.6669037007874015
0
LINE
8
BLACK
6
CONTINUOUS
10
5.9486733858267717
20
-3.6669037007874015
11
5.9486734251968505
21
-3.6669037007874015
0
LINE
8
BLACK
6
CONTINUOUS
10
5.9486734251968505
20
-3.6669037007874015
11
5.9449811811023618
21
-3.6663188976377952
0
LINE
8
BLACK
6
CONTINUOUS
10
5.9449811811023618
20
-3.6663188976377952
11
5.9267511417322831
21
-3.6663188976377952
0
LINE
8
BLACK
6
CONTINUOUS
10
5.9267511417322831
20
-3.6663188976377952
11
5.9267510236220469
21
-3.6663189370078739
0
LINE
8
BLACK
6
CONTINUOUS
10
5.9267510236220469
20
-3.6663189370078739
11
5.9230590551181104
21
-3.666903622047244
0
LINE
8
BLACK
6
CONTINUOUS
10
5.9230590551181104
20
-3.666903622047244
11
5.9230588582677166
21
-3.6669037007874015
0
LINE
8
BLACK
6
CONTINUOUS
10
5.9230588582677166
20
-3.6669037007874015
11
5.9186086220472438
21
-3.6691712204724407
0
LINE
8
BLACK
6
CONTINUOUS
10
5.9186086220472438
20
-3.6691712204724407
11
5.9150767322834641
21
-3.6727031102362204
0
LINE
8
BLACK
6
CONTINUOUS
10
5.9150767322834641
20
-3.6727031102362204
11
5.9128092125984253
21
-3.6771533464566928
0
LINE
8
BLACK
6
CONTINUOUS
10
5.9128092125984253
20
-3.6771533464566928
11
5.912224409448819
21
-3.680845590551181
0
LINE
8
BLACK
6
CONTINUOUS
10
5.912224409448819
20
-3.680845590551181
11
5.912224409448819
21
-3.6926416535433071
0
LINE
8
BLACK
6
CONTINUOUS
10
5.912224409448819
20
-3.6926416535433071
11
5.9114800393700788
21
-3.6949326377952754
0
LINE
8
BLACK
6
CONTINUOUS
10
5.9114800393700788
20
-3.6949326377952754
11
5.9110828346456694
21
-3.695397716535433
0
LINE
8
BLACK
6
CONTINUOUS
10
5.9110828346456694
20
-3.695397716535433
11
5.7758061811023618
21
-3.8306743307086615
0
LINE
8
BLACK
6
CONTINUOUS
10
5.7758061811023618
20
-3.8306743307086615
11
5.7736598425196846
21
-3.8317679133858267
0
LINE
8
BLACK
6
CONTINUOUS
10
5.7736598425196846
20
-3.8317679133858267
11
5.772041377952756
21
-3.8316831102362205
0
LINE
8
BLACK
6
CONTINUOUS
10
5.772041377952756
20
-3.8316831102362205
11
5.7708290157480313
21
-3.8313582677165354
0
LINE
8
BLACK
6
CONTINUOUS
10
5.7708290157480313
20
-3.8313582677165354
11
5.7646040551181104
21
-3.8313582677165354
0
LINE
8
BLACK
6
CONTINUOUS
10
5.7646040551181104
20
-3.8313582677165354
11
5.7593743307086616
21
-3.8327595669291337
0
LINE
8
BLACK
6
CONTINUOUS
10
5.7593743307086616
20
-3.8327595669291337
11
5.7585911811023625
21
-3.8329694094488187
0
LINE
8
BLACK
6
CONTINUOUS
10
5.7585911811023625
20
-3.8329694094488187
11
5.7532000393700784
21
-3.8360819685039371
0
LINE
8
BLACK
6
CONTINUOUS
10
5.7532000393700784
20
-3.8360819685039371
11
5.7511912992125982
21
-3.8380907086614173
0
LINE
8
BLACK
6
CONTINUOUS
10
5.7511912992125982
20
-3.8380907086614173
11
5.749044960629921
21
-3.8391842913385825
0
LINE
8
BLACK
6
CONTINUOUS
10
5.749044960629921
20
-3.8391842913385825
11
5.748435275590551
21
-3.8392322834645669
0
LINE
8
BLACK
6
CONTINUOUS
10
5.748435275590551
20
-3.8392322834645669
11
5.6779606299212597
21
-3.8392322834645669
0
LINE
8
BLACK
6
CONTINUOUS
10
5.6779606299212597
20
-3.8392322834645669
11
5.6756696456692914
21
-3.8384879133858267
0
LINE
8
BLACK
6
CONTINUOUS
10
5.6756696456692914
20
-3.8384879133858267
11
5.6742537401574804
21
-3.836539094488189
0
LINE
8
BLACK
6
CONTINUOUS
10
5.6742537401574804
20
-3.836539094488189
11
5.6740629921259842
21
-3.8353346456692914
0
LINE
8
BLACK
6
CONTINUOUS
10
5.6740629921259842
20
-3.8353346456692914
11
5.6740629921259842
21
-3.8335039763779526
0
LINE
8
BLACK
6
CONTINUOUS
10
5.6740629921259842
20
-3.8335039763779526
11
5.6740629527559054
21
-3.8335039370078738
0
LINE
8
BLACK
6
CONTINUOUS
10
5.6740629527559054
20
-3.8335039370078738
11
5.6661889763779527
21
-3.8335039370078738
0
LINE
8
BLACK
6
CONTINUOUS
10
5.6661889763779527
20
-3.8335039370078738
11
5.6661889763779527
21
-3.8353149606299213
0
LINE
8
BLACK
6
CONTINUOUS
10
5.6661889763779527
20
-3.8353149606299213
11
5.6209133858267712
21
-3.8353149606299213
0
LINE
8
BLACK
6
CONTINUOUS
10
5.6209133858267712
20
-3.8353149606299213
11
5.6209133858267712
21
-3.8335039370078738
0
LINE
8
BLACK
6
CONTINUOUS
10
5.6209133858267712
20
-3.8335039370078738
11
5.6173029527559057
21
-3.8335039370078738
0
LINE
8
BLACK
6
CONTINUOUS
10
5.6173029527559057
20
-3.8335039370078738
11
5.6150119685039366
21
-3.8327595669291337
0
LINE
8
BLACK
6
CONTINUOUS
10
5.6150119685039366
20
-3.8327595669291337
11
5.6135960629921255
21
-3.8308107480314959
0
LINE
8
BLACK
6
CONTINUOUS
10
5.6135960629921255
20
-3.8308107480314959
11
5.613538149606299
21
-3.8306151181102361
0
LINE
8
BLACK
6
CONTINUOUS
10
5.613538149606299
20
-3.8306151181102361
11
5.613536889763779
21
-3.8306104330708659
0
LINE
8
BLACK
6
CONTINUOUS
10
5.613536889763779
20
-3.8306104330708659
11
5.6135368503937011
21
-3.8306103937007872
0
LINE
8
BLACK
6
CONTINUOUS
10
5.6135368503937011
20
-3.8306103937007872
11
5.6135368503937011
21
-3.8306103149606296
0
LINE
8
BLACK
6
CONTINUOUS
10
5.6135368503937011
20
-3.8306103149606296
11
5.6117979133858267
21
-3.8275983464566927
0
LINE
8
BLACK
6
CONTINUOUS
10
5.6117979133858267
20
-3.8275983464566927
11
5.6093386614173228
21
-3.8251390944881889
0
LINE
8
BLACK
6
CONTINUOUS
10
5.6093386614173228
20
-3.8251390944881889
11
5.6063266929133855
21
-3.8234001574803149
0
LINE
8
BLACK
6
CONTINUOUS
10
5.6063266929133855
20
-3.8234001574803149
11
5.602967283464567
21
-3.8224999999999998
0
LINE
8
BLACK
6
CONTINUOUS
10
5.602967283464567
20
-3.8224999999999998
11
5.599489409448819
21
-3.8224999999999998
0
LINE
8
BLACK
6
CONTINUOUS
10
5.599489409448819
20
-3.8224999999999998
11
5.5961299999999996
21
-3.8234001574803149
0
LINE
8
BLACK
6
CONTINUOUS
10
5.5961299999999996
20
-3.8234001574803149
11
5.5931180314960631
21
-3.8251390944881889
0
LINE
8
BLACK
6
CONTINUOUS
10
5.5931180314960631
20
-3.8251390944881889
11
5.5906587795275593
21
-3.8275983464566927
0
LINE
8
BLACK
6
CONTINUOUS
10
5.5906587795275593
20
-3.8275983464566927
11
5.5889198425196849
21
-3.8306103149606296
0
LINE
8
BLACK
6
CONTINUOUS
10
5.5889198425196849
20
-3.8306103149606296
11
5.5880196850393702
21
-3.8339697244094486
0
LINE
8
BLACK
6
CONTINUOUS
10
5.5880196850393702
20
-3.8339697244094486
11
5.5880196850393702
21
-3.8374475984251966
0
LINE
8
BLACK
6
CONTINUOUS
10
5.5880196850393702
20
-3.8374475984251966
11
5.5889198425196849
21
-3.8408070078740155
0
LINE
8
BLACK
6
CONTINUOUS
10
5.5889198425196849
20
-3.8408070078740155
11
5.5906587795275593
21
-3.8438189763779529
0
LINE
8
BLACK
6
CONTINUOUS
10
5.5906587795275593
20
-3.8438189763779529
11
5.5931180314960631
21
-3.8462782283464567
0
LINE
8
BLACK
6
CONTINUOUS
10
5.5931180314960631
20
-3.8462782283464567
11
5.5961299999999996
21
-3.8480171653543307
0
LINE
8
BLACK
6
CONTINUOUS
10
5.5961299999999996
20
-3.8480171653543307
11
5.599489409448819
21
-3.8489173228346454
0
LINE
8
BLACK
6
CONTINUOUS
10
5.599489409448819
20
-3.8489173228346454
11
5.5994894488188978
21
-3.8489173228346454
0
LINE
8
BLACK
6
CONTINUOUS
10
5.5994894488188978
20
-3.8489173228346454
11
5.6029672440944882
21
-3.8489173228346454
0
LINE
8
BLACK
6
CONTINUOUS
10
5.6029672440944882
20
-3.8489173228346454
11
5.602967283464567
21
-3.8489173228346454
0
LINE
8
BLACK
6
CONTINUOUS
10
5.602967283464567
20
-3.8489173228346454
11
5.6063266929133855
21
-3.8480171653543307
0
LINE
8
BLACK
6
CONTINUOUS
10
5.6063266929133855
20
-3.8480171653543307
11
5.6071732283464568
21
-3.8475284251968502
0
LINE
8
BLACK
6
CONTINUOUS
10
5.6071732283464568
20
-3.8475284251968502
11
5.6095294488188978
21
-3.847027559055118
0
LINE
8
BLACK
6
CONTINUOUS
10
5.6095294488188978
20
-3.847027559055118
11
5.6117300787401572
21
-3.8480073228346456
0
LINE
8
BLACK
6
CONTINUOUS
10
5.6117300787401572
20
-3.8480073228346456
11
5.6129345275590552
21
-3.8500934645669291
0
LINE
8
BLACK
6
CONTINUOUS
10
5.6129345275590552
20
-3.8500934645669291
11
5.6130196850393697
21
-3.8509038582677166
0
LINE
8
BLACK
6
CONTINUOUS
10
5.6130196850393697
20
-3.8509038582677166
11
5.6130196850393697
21
-3.8628937007874016
0
LINE
8
BLACK
6
CONTINUOUS
10
5.6130196850393697
20
-3.8628937007874016
11
5.6122753149606295
21
-3.8651846850393698
0
LINE
8
BLACK
6
CONTINUOUS
10
5.6122753149606295
20
-3.8651846850393698
11
5.6103264960629922
21
-3.8666005905511809
0
LINE
8
BLACK
6
CONTINUOUS
10
5.6103264960629922
20
-3.8666005905511809
11
5.6091220472440941
21
-3.8667913385826771
0
LINE
8
BLACK
6
CONTINUOUS
10
5.6091220472440941
20
-3.8667913385826771
11
5.5762279527559055
21
-3.8667913385826771
0
LINE
8
BLACK
6
CONTINUOUS
10
5.5762279527559055
20
-3.8667913385826771
11
5.5739369685039373
21
-3.8660469685039369
0
LINE
8
BLACK
6
CONTINUOUS
10
5.5739369685039373
20
-3.8660469685039369
11
5.5734718897637796
21
-3.8656497637795275
0
LINE
8
BLACK
6
CONTINUOUS
10
5.5734718897637796
20
-3.8656497637795275
11
5.5621848818897632
21
-3.8543627559055116
0
LINE
8
BLACK
6
CONTINUOUS
10
5.5621848818897632
20
-3.8543627559055116
11
5.561091299212598
21
-3.8522164173228344
0
LINE
8
BLACK
6
CONTINUOUS
10
5.561091299212598
20
-3.8522164173228344
11
5.5610433070866137
21
-3.8516066929133856
0
LINE
8
BLACK
6
CONTINUOUS
10
5.5610433070866137
20
-3.8516066929133856
11
5.5610433070866137
21
-3.7765980708661417
0
LINE
8
BLACK
6
CONTINUOUS
10
5.5610433070866137
20
-3.7765980708661417
11
5.5610433070866137
21
-3.7508661417322835
0
LINE
8
BLACK
6
CONTINUOUS
10
5.5610433070866137
20
-3.7508661417322835
11
5.5610433070866137
21
-3.7184326377952757
0
LINE
8
BLACK
6
CONTINUOUS
10
5.5610433070866137
20
-3.7184326377952757
11
5.5617876771653538
21
-3.7161416535433069
0
LINE
8
BLACK
6
CONTINUOUS
10
5.5617876771653538
20
-3.7161416535433069
11
5.5621846456692916
21
-3.7156768110236218
0
LINE
8
BLACK
6
CONTINUOUS
10
5.5621846456692916
20
-3.7156768110236218
11
5.5830781889763781
21
-3.6947832283464566
0
LINE
8
BLACK
6
CONTINUOUS
10
5.5830781889763781
20
-3.6947832283464566
11
5.5852245275590553
21
-3.6936896850393701
0
LINE
8
BLACK
6
CONTINUOUS
10
5.5852245275590553
20
-3.6936896850393701
11
5.585834251968504
21
-3.6936416929133857
0
LINE
8
BLACK
6
CONTINUOUS
10
5.585834251968504
20
-3.6936416929133857
11
5.6004142125984249
21
-3.6936416929133857
0
LINE
8
BLACK
6
CONTINUOUS
10
5.6004142125984249
20
-3.6936416929133857
11
5.6004142519685036
21
-3.693641653543307
0
LINE
8
BLACK
6
CONTINUOUS
10
5.6004142519685036
20
-3.693641653543307
11
5.6022602755905506
21
-3.6933492913385826
0
LINE
8
BLACK
6
CONTINUOUS
10
5.6022602755905506
20
-3.6933492913385826
11
5.6041062598425198
21
-3.6930569685039369
0
LINE
8
BLACK
6
CONTINUOUS
10
5.6041062598425198
20
-3.6930569685039369
11
5.6041062598425198
21
-3.6930569291338582
0
LINE
8
BLACK
6
CONTINUOUS
10
5.6041062598425198
20
-3.6930569291338582
11
5.6041064566929135
21
-3.6930569291338582
0
LINE
8
BLACK
6
CONTINUOUS
10
5.6041064566929135
20
-3.6930569291338582
11
5.6085567716535429
21
-3.6907893700787402
0
LINE
8
BLACK
6
CONTINUOUS
10
5.6085567716535429
20
-3.6907893700787402
11
5.6120885826771651
21
-3.687257559055118
0
LINE
8
BLACK
6
CONTINUOUS
10
5.6120885826771651
20
-3.687257559055118
11
5.6143561417322836
21
-3.6828072440944881
0
LINE
8
BLACK
6
CONTINUOUS
10
5.6143561417322836
20
-3.6828072440944881
11
5.6149409448818899
21
-3.6791149212598424
0
LINE
8
BLACK
6
CONTINUOUS
10
5.6149409448818899
20
-3.6791149212598424
11
5.6149409055118111
21
-3.6609242913385827
0
LINE
8
BLACK
6
CONTINUOUS
10
5.6149409055118111
20
-3.6609242913385827
11
5.6149409055118111
21
-3.6608851181102362
0
LINE
8
BLACK
6
CONTINUOUS
10
5.6149409055118111
20
-3.6608851181102362
11
5.6149408661417324
21
-3.6608849606299212
0
LINE
8
BLACK
6
CONTINUOUS
10
5.6149408661417324
20
-3.6608849606299212
11
5.6149408661417324
21
-3.6608848818897637
0
LINE
8
BLACK
6
CONTINUOUS
10
5.6149408661417324
20
-3.6608848818897637
11
5.6143561811023623
21
-3.6571929133858267
0
LINE
8
BLACK
6
CONTINUOUS
10
5.6143561811023623
20
-3.6571929133858267
11
5.6143561417322836
21
-3.6571928346456692
0
LINE
8
BLACK
6
CONTINUOUS
10
5.6143561417322836
20
-3.6571928346456692
11
5.6143561417322836
21
-3.6571927559055117
0
LINE
8
BLACK
6
CONTINUOUS
10
5.6143561417322836
20
-3.6571927559055117
11
5.6120885826771651
21
-3.6527424409448819
0
LINE
8
BLACK
6
CONTINUOUS
10
5.6120885826771651
20
-3.6527424409448819
11
5.6085567716535429
21
-3.6492106299212597
0
LINE
8
BLACK
6
CONTINUOUS
10
5.6085567716535429
20
-3.6492106299212597
11
5.6041064566929135
21
-3.6469430708661417
0
LINE
8
BLACK
6
CONTINUOUS
10
5.6041064566929135
20
-3.6469430708661417
11
5.6041064960629923
21
-3.6469430708661417
0
LINE
8
BLACK
6
CONTINUOUS
10
5.6041064960629923
20
-3.6469430708661417
11
5.6004142519685036
21
-3.6463582677165354
0
LINE
8
BLACK
6
CONTINUOUS
10
5.6004142519685036
20
-3.6463582677165354
11
5.5762787007874017
21
-3.6463582677165354
0
LINE
8
BLACK
6
CONTINUOUS
10
5.5762787007874017
20
-3.6463582677165354
11
5.5762785826771655
21
-3.6463583070866141
0
LINE
8
BLACK
6
CONTINUOUS
10
5.5762785826771655
20
-3.6463583070866141
11
5.5725866141732281
21
-3.6469429921259842
0
LINE
8
BLACK
6
CONTINUOUS
10
5.5725866141732281
20
-3.6469429921259842
11
5.5725864173228343
21
-3.6469430708661417
0
LINE
8
BLACK
6
CONTINUOUS
10
5.5725864173228343
20
-3.6469430708661417
11
5.5681361811023624
21
-3.6492105905511809
0
LINE
8
BLACK
6
CONTINUOUS
10
5.5681361811023624
20
-3.6492105905511809
11
5.5646042913385827
21
-3.6527424803149606
0
LINE
8
BLACK
6
CONTINUOUS
10
5.5646042913385827
20
-3.6527424803149606
11
5.562336771653543
21
-3.657192716535433
0
LINE
8
BLACK
6
CONTINUOUS
10
5.562336771653543
20
-3.657192716535433
11
5.5617519685039367
21
-3.6608849606299212
0
LINE
8
BLACK
6
CONTINUOUS
10
5.5617519685039367
20
-3.6608849606299212
11
5.5617519685039367
21
-3.6754649212598425
0
LINE
8
BLACK
6
CONTINUOUS
10
5.5617519685039367
20
-3.6754649212598425
11
5.5610075984251965
21
-3.6777559055118108
0
LINE
8
BLACK
6
CONTINUOUS
10
5.5610075984251965
20
-3.6777559055118108
11
5.5606103937007871
21
-3.6782209842519684
0
LINE
8
BLACK
6
CONTINUOUS
10
5.5606103937007871
20
-3.6782209842519684
11
5.5362009448818901
21
-3.7026304724409447
0
LINE
8
BLACK
6
CONTINUOUS
10
5.5362009448818901
20
-3.7026304724409447
11
5.5340546062992129
21
-3.7037240551181103
0
LINE
8
BLACK
6
CONTINUOUS
10
5.5340546062992129
20
-3.7037240551181103
11
5.5316753937007874
21
-3.7033472440944881
0
LINE
8
BLACK
6
CONTINUOUS
10
5.5316753937007874
20
-3.7033472440944881
11
5.5299720472440947
21
-3.701643897637795
0
LINE
8
BLACK
6
CONTINUOUS
10
5.5299720472440947
20
-3.701643897637795
11
5.5295472440944877
21
-3.6998744094488187
0
LINE
8
BLACK
6
CONTINUOUS
10
5.5295472440944877
20
-3.6998744094488187
11
5.5295472440944877
21
-3.6856242125984253
0
LINE
8
BLACK
6
CONTINUOUS
10
5.5295472440944877
20
-3.6856242125984253
11
5.529547204724409
21
-3.6856241338582678
0
LINE
8
BLACK
6
CONTINUOUS
10
5.529547204724409
20
-3.6856241338582678
11
5.5293460236220469
21
-3.6848732677165352
0
LINE
8
BLACK
6
CONTINUOUS
10
5.5293460236220469
20
-3.6848732677165352
11
5.5293919291338582
21
-3.6831235039370078
0
LINE
8
BLACK
6
CONTINUOUS
10
5.5293919291338582
20
-3.6831235039370078
11
5.5293081496062992
21
-3.6831102362204722
0
LINE
8
BLACK
6
CONTINUOUS
10
5.5293081496062992
20
-3.6831102362204722
11
5.5296668110236222
21
-3.6808456299212597
0
LINE
8
BLACK
6
CONTINUOUS
10
5.5296668110236222
20
-3.6808456299212597
11
5.5299409448818899
21
-3.6791149212598424
0
LINE
8
BLACK
6
CONTINUOUS
10
5.5299409448818899
20
-3.6791149212598424
11
5.5299409055118112
21
-3.6608851181102362
0
LINE
8
BLACK
6
CONTINUOUS
10
5.5299409055118112
20
-3.6608851181102362
11
5.5299408661417324
21
-3.6608849606299212
0
LINE
8
BLACK
6
CONTINUOUS
10
5.5299408661417324
20
-3.6608849606299212
11
5.5299408661417324
21
-3.6608848818897637
0
LINE
8
BLACK
6
CONTINUOUS
10
5.5299408661417324
20
-3.6608848818897637
11
5.5293561811023624
21
-3.6571929133858267
0
LINE
8
BLACK
6
CONTINUOUS
10
5.5293561811023624
20
-3.6571929133858267
11
5.5293561417322836
21
-3.6571928346456692
0
LINE
8
BLACK
6
CONTINUOUS
10
5.5293561417322836
20
-3.6571928346456692
11
5.5293561417322836
21
-3.6571927559055117
0
LINE
8
BLACK
6
CONTINUOUS
10
5.5293561417322836
20
-3.6571927559055117
11
5.5270885826771652
21
-3.6527424409448819
0
LINE
8
BLACK
6
CONTINUOUS
10
5.5270885826771652
20
-3.6527424409448819
11
5.523556771653543
21
-3.6492106299212597
0
LINE
8
BLACK
6
CONTINUOUS
10
5.523556771653543
20
-3.6492106299212597
11
5.5191064566929136
21
-3.6469430708661417
0
LINE
8
BLACK
6
CONTINUOUS
10
5.5191064566929136
20
-3.6469430708661417
11
5.5191064960629923
21
-3.6469430708661417
0
LINE
8
BLACK
6
CONTINUOUS
10
5.5191064960629923
20
-3.6469430708661417
11
5.5154142519685037
21
-3.6463582677165354
0
LINE
8
BLACK
6
CONTINUOUS
10
5.5154142519685037
20
-3.6463582677165354
11
5.4912787007874018
21
-3.6463582677165354
0
LINE
8
BLACK
6
CONTINUOUS
10
5.4912787007874018
20
-3.6463582677165354
11
5.4912785826771655
21
-3.6463583070866141
0
LINE
8
BLACK
6
CONTINUOUS
10
6.281583188976378
20
-4.3968971259842515
11
6.2848351181102364
21
-4.4001490551181099
0
LINE
8
BLACK
6
CONTINUOUS
10
6.2848351181102364
20
-4.4001490551181099
11
6.2889665748031494
21
-4.4021687795275586
0
LINE
8
BLACK
6
CONTINUOUS
10
6.2889665748031494
20
-4.4021687795275586
11
6.2916450393700787
21
-4.4025590157480314
0
LINE
8
BLACK
6
CONTINUOUS
10
6.2916450393700787
20
-4.4025590157480314
11
6.3105117322834641
21
-4.4025590157480314
0
LINE
8
BLACK
6
CONTINUOUS
10
6.3105117322834641
20
-4.4025590157480314
11
6.3105118110236216
21
-4.4025589763779527
0
LINE
8
BLACK
6
CONTINUOUS
10
6.3105118110236216
20
-4.4025589763779527
11
6.3105118110236216
21
-4.3946850393700787
0
LINE
8
BLACK
6
CONTINUOUS
10
6.3105118110236216
20
-4.3946850393700787
11
6.2929527559055121
21
-4.3946850393700787
0
LINE
8
BLACK
6
CONTINUOUS
10
6.2929527559055121
20
-4.3946850393700787
11
6.2906927952755902
21
-4.3942355118110239
0
LINE
8
BLACK
6
CONTINUOUS
10
6.2906927952755902
20
-4.3942355118110239
11
6.2887769291338582
21
-4.3929553543307085
0
LINE
8
BLACK
6
CONTINUOUS
10
6.2887769291338582
20
-4.3929553543307085
11
6.2887225984251964
21
-4.3928740157480313
0
LINE
8
BLACK
6
CONTINUOUS
10
6.2887225984251964
20
-4.3928740157480313
11
6.2796164173228348
21
-4.3928740157480313
0
LINE
8
BLACK
6
CONTINUOUS
10
6.2796164173228348
20
-4.3928740157480313
11
6.281583188976378
21
-4.3968971259842515
0
LINE
8
BLACK
6
CONTINUOUS
10
6.3522466929133854
20
-4.3929553543307085
11
6.3503308267716534
21
-4.3942355118110239
0
LINE
8
BLACK
6
CONTINUOUS
10
6.3503308267716534
20
-4.3942355118110239
11
6.3480708661417324
21
-4.3946850393700787
0
LINE
8
BLACK
6
CONTINUOUS
10
6.3480708661417324
20
-4.3946850393700787
11
6.330511811023622
21
-4.3946850393700787
0
LINE
8
BLACK
6
CONTINUOUS
10
6.330511811023622
20
-4.3946850393700787
11
6.330511811023622
21
-4.4025589763779527
0
LINE
8
BLACK
6
CONTINUOUS
10
6.330511811023622
20
-4.4025589763779527
11
6.3305118503937008
21
-4.4025590157480314
0
LINE
8
BLACK
6
CONTINUOUS
10
6.3305118503937008
20
-4.4025590157480314
11
6.3493784645669287
21
-4.4025590157480314
0
LINE
8
BLACK
6
CONTINUOUS
10
6.3493784645669287
20
-4.4025590157480314
11
6.3493785826771649
21
-4.4025589763779527
0
LINE
8
BLACK
6
CONTINUOUS
10
6.3493785826771649
20
-4.4025589763779527
11
6.352057086614173
21
-4.4021687795275586
0
LINE
8
BLACK
6
CONTINUOUS
10
6.352057086614173
20
-4.4021687795275586
11
6.3561885039370081
21
-4.4001490157480312
0
LINE
8
BLACK
6
CONTINUOUS
10
6.3561885039370081
20
-4.4001490157480312
11
6.3594403937007868
21
-4.3968971259842515
0
LINE
8
BLACK
6
CONTINUOUS
10
6.3594403937007868
20
-4.3968971259842515
11
6.3614072047244097
21
-4.3928740157480313
0
LINE
8
BLACK
6
CONTINUOUS
10
6.3614072047244097
20
-4.3928740157480313
11
6.3523010236220472
21
-4.3928740157480313
0
LINE
8
BLACK
6
CONTINUOUS
10
6.3523010236220472
20
-4.3928740157480313
11
6.3522466929133854
21
-4.3929553543307085
0
LINE
8
BLACK
6
CONTINUOUS
10
5.5763714173228349
20
-4.3907537795275591
11
5.5763714960629924
21
-4.3907539763779528
0
LINE
8
BLACK
6
CONTINUOUS
10
5.5763714960629924
20
-4.3907539763779528
11
5.5786361417322832
21
-4.3951985433070861
0
LINE
8
BLACK
6
CONTINUOUS
10
5.5786361417322832
20
-4.3951985433070861
11
5.5821636220472444
21
-4.3987260236220473
0
LINE
8
BLACK
6
CONTINUOUS
10
5.5821636220472444
20
-4.3987260236220473
11
5.5866081889763777
21
-4.4009906692913381
0
LINE
8
BLACK
6
CONTINUOUS
10
5.5866081889763777
20
-4.4009906692913381
11
5.5866083464566927
21
-4.4009907086614168
0
LINE
8
BLACK
6
CONTINUOUS
10
5.5866083464566927
20
-4.4009907086614168
11
5.5902959055118107
21
-4.4015747637795277
0
LINE
8
BLACK
6
CONTINUOUS
10
5.5902959055118107
20
-4.4015747637795277
11
5.5923621653543307
21
-4.401574724409449
0
LINE
8
BLACK
6
CONTINUOUS
10
5.5923621653543307
20
-4.401574724409449
11
5.5923622047244095
21
-4.401574724409449
0
LINE
8
BLACK
6
CONTINUOUS
10
5.5923622047244095
20
-4.401574724409449
11
5.5923622047244095
21
-4.393700787401575
0
LINE
8
BLACK
6
CONTINUOUS
10
5.5923622047244095
20
-4.393700787401575
11
5.5915354330708658
21
-4.393700787401575
0
LINE
8
BLACK
6
CONTINUOUS
10
5.5915354330708658
20
-4.393700787401575
11
5.5885221653543304
21
-4.3931014173228347
0
LINE
8
BLACK
6
CONTINUOUS
10
5.5885221653543304
20
-4.3931014173228347
11
5.5859676771653541
21
-4.3913945275590551
0
LINE
8
BLACK
6
CONTINUOUS
10
5.5859676771653541
20
-4.3913945275590551
11
5.5842607874015746
21
-4.3888400393700788
0
LINE
8
BLACK
6
CONTINUOUS
10
5.5842607874015746
20
-4.3888400393700788
11
5.5840842913385824
21
-4.3879527559055118
0
LINE
8
BLACK
6
CONTINUOUS
10
5.5840842913385824
20
-4.3879527559055118
11
5.5759278346456691
21
-4.3879527559055118
0
LINE
8
BLACK
6
CONTINUOUS
10
5.5759278346456691
20
-4.3879527559055118
11
5.5763714173228349
21
-4.3907537795275591
0
LINE
8
BLACK
6
CONTINUOUS
10
5.6204636220472439
20
-4.3888400393700788
11
5.6187567322834644
21
-4.3913945275590551
0
LINE
8
BLACK
6
CONTINUOUS
10
5.6187567322834644
20
-4.3913945275590551
11
5.6162022440944881
21
-4.3931014173228347
0
LINE
8
BLACK
6
CONTINUOUS
10
5.6162022440944881
20
-4.3931014173228347
11
5.6131889763779528
21
-4.393700787401575
0
LINE
8
BLACK
6
CONTINUOUS
10
5.6131889763779528
20
-4.393700787401575
11
5.6123622047244091
21
-4.393700787401575
0
LINE
8
BLACK
6
CONTINUOUS
10
5.6123622047244091
20
-4.393700787401575
11
5.6123622047244091
21
-4.401574724409449
0
LINE
8
BLACK
6
CONTINUOUS
10
5.6123622047244091
20
-4.401574724409449
11
5.6123622440944878
21
-4.4015747637795277
0
LINE
8
BLACK
6
CONTINUOUS
10
5.6123622440944878
20
-4.4015747637795277
11
5.6144284645669291
21
-4.4015747637795277
0
LINE
8
BLACK
6
CONTINUOUS
10
5.6144284645669291
20
-4.4015747637795277
11
5.6144285433070866
21
-4.401574724409449
0
LINE
8
BLACK
6
CONTINUOUS
10
5.6144285433070866
20
-4.401574724409449
11
5.6181157874015746
21
-4.4009907874015743
0
LINE
8
BLACK
6
CONTINUOUS
10
5.6181157874015746
20
-4.4009907874015743
11
5.6181162992125984
21
-4.4009906299212593
0
LINE
8
BLACK
6
CONTINUOUS
10
5.6181162992125984
20
-4.4009906299212593
11
5.6223287401574806
21
-4.398844291338583
0
LINE
8
BLACK
6
CONTINUOUS
10
5.6223287401574806
20
-4.398844291338583
11
5.6223291338582673
21
-4.3988440551181105
0
LINE
8
BLACK
6
CONTINUOUS
10
5.6223291338582673
20
-4.3988440551181105
11
5.6225607874015751
21
-4.3987259842519686
0
LINE
8
BLACK
6
CONTINUOUS
10
5.6225607874015751
20
-4.3987259842519686
11
5.6260882283464566
21
-4.3951985433070861
0
LINE
8
BLACK
6
CONTINUOUS
10
5.6260882283464566
20
-4.3951985433070861
11
5.6272726771653545
21
-4.3928740157480313
0
LINE
8
BLACK
6
CONTINUOUS
10
5.6272726771653545
20
-4.3928740157480313
11
5.6282916141732287
21
-4.3908742913385828
0
LINE
8
BLACK
6
CONTINUOUS
10
5.6282916141732287
20
-4.3908742913385828
11
5.6283528740157482
21
-4.3907539370078741
0
LINE
8
BLACK
6
CONTINUOUS
10
5.6283528740157482
20
-4.3907539370078741
11
5.6283529527559057
21
-4.3907537795275591
0
LINE
8
BLACK
6
CONTINUOUS
10
5.6283529527559057
20
-4.3907537795275591
11
5.6287965748031494
21
-4.3879527559055118
0
LINE
8
BLACK
6
CONTINUOUS
10
5.6287965748031494
20
-4.3879527559055118
11
5.6206401181102361
21
-4.3879527559055118
0
LINE
8
BLACK
6
CONTINUOUS
10
5.6206401181102361
20
-4.3879527559055118
11
5.6204636220472439
21
-4.3888400393700788
0
LINE
8
BLACK
6
CONTINUOUS
10
6.2916449999999999
20
-4.3631890157480315
11
6.2889664960629919
21
-4.3635792125984247
0
LINE
8
BLACK
6
CONTINUOUS
10
6.2889664960629919
20
-4.3635792125984247
11
6.2848350787401577
21
-4.365598976377953
0
LINE
8
BLACK
6
CONTINUOUS
10
6.2848350787401577
20
-4.365598976377953
11
6.281583188976378
21
-4.3688508661417318
0
LINE
8
BLACK
6
CONTINUOUS
10
6.281583188976378
20
-4.3688508661417318
11
6.2796164173228348
21
-4.3728740157480317
0
LINE
8
BLACK
6
CONTINUOUS
10
6.2796164173228348
20
-4.3728740157480317
11
6.2887225984251964
21
-4.3728740157480317
0
LINE
8
BLACK
6
CONTINUOUS
10
6.2887225984251964
20
-4.3728740157480317
11
6.2887769291338582
21
-4.3727926771653545
0
LINE
8
BLACK
6
CONTINUOUS
10
6.2887769291338582
20
-4.3727926771653545
11
6.2906927952755902
21
-4.3715125196850391
0
LINE
8
BLACK
6
CONTINUOUS
10
6.2906927952755902
20
-4.3715125196850391
11
6.2929527559055121
21
-4.3710629921259843
0
LINE
8
BLACK
6
CONTINUOUS
10
6.2929527559055121
20
-4.3710629921259843
11
6.3105118110236216
21
-4.3710629921259843
0
LINE
8
BLACK
6
CONTINUOUS
10
6.3105118110236216
20
-4.3710629921259843
11
6.3105118110236216
21
-4.3631890157480315
0
LINE
8
BLACK
6
CONTINUOUS
10
6.3105118110236216
20
-4.3631890157480315
11
6.3105117716535428
21
-4.3631889763779528
0
LINE
8
BLACK
6
CONTINUOUS
10
6.3105117716535428
20
-4.3631889763779528
11
6.2916451181102362
21
-4.3631889763779528
0
LINE
8
BLACK
6
CONTINUOUS
10
6.2916451181102362
20
-4.3631889763779528
11
6.2916449999999999
21
-4.3631890157480315
0
LINE
8
BLACK
6
CONTINUOUS
10
6.146633858267716
20
-4.0622645669291337
11
6.1466338976377948
21
-4.06226468503937
0
LINE
8
BLACK
6
CONTINUOUS
10
6.1466338976377948
20
-4.06226468503937
11
6.1472185826771648
21
-4.0659566535433074
0
LINE
8
BLACK
6
CONTINUOUS
10
6.1472185826771648
20
-4.0659566535433074
11
6.1472186614173223
21
-4.0659568503937011
0
LINE
8
BLACK
6
CONTINUOUS
10
6.1472186614173223
20
-4.0659568503937011
11
6.1494862204724408
21
-4.0704071653543306
0
LINE
8
BLACK
6
CONTINUOUS
10
6.1494862204724408
20
-4.0704071653543306
11
6.153018031496063
21
-4.0739389763779528
0
LINE
8
BLACK
6
CONTINUOUS
10
6.153018031496063
20
-4.0739389763779528
11
6.1573010629921257
21
-4.0761212992125984
0
LINE
8
BLACK
6
CONTINUOUS
10
6.1573010629921257
20
-4.0761212992125984
11
6.1590043307086617
21
-4.0778245669291335
0
LINE
8
BLACK
6
CONTINUOUS
10
6.1590043307086617
20
-4.0778245669291335
11
6.1594291338582678
21
-4.0795940551181102
0
LINE
8
BLACK
6
CONTINUOUS
10
6.1594291338582678
20
-4.0795940551181102
11
6.1594291338582678
21
-4.2026040944881888
0
LINE
8
BLACK
6
CONTINUOUS
10
6.1594291338582678
20
-4.2026040944881888
11
6.160203307086614
21
-4.2054933464566933
0
LINE
8
BLACK
6
CONTINUOUS
10
6.160203307086614
20
-4.2054933464566933
11
6.1603695275590553
21
-4.2061137007874017
0
LINE
8
BLACK
6
CONTINUOUS
10
6.1603695275590553
20
-4.2061137007874017
11
6.1621862204724405
21
-4.2092603149606296
0
LINE
8
BLACK
6
CONTINUOUS
10
6.1621862204724405
20
-4.2092603149606296
11
6.248416850393701
21
-4.2954909448818901
0
LINE
8
BLACK
6
CONTINUOUS
10
6.248416850393701
20
-4.2954909448818901
11
6.2515634645669289
21
-4.2973076377952752
0
LINE
8
BLACK
6
CONTINUOUS
10
6.2515634645669289
20
-4.2973076377952752
11
6.2550730708661417
21
-4.2982480314960627
0
LINE
8
BLACK
6
CONTINUOUS
10
6.2550730708661417
20
-4.2982480314960627
11
6.2797170078740159
21
-4.2982480314960627
0
LINE
8
BLACK
6
CONTINUOUS
10
6.2797170078740159
20
-4.2982480314960627
11
6.2820079921259842
21
-4.2989924015748029
0
LINE
8
BLACK
6
CONTINUOUS
10
6.2820079921259842
20
-4.2989924015748029
11
6.2824727952755905
21
-4.2993893700787398
0
LINE
8
BLACK
6
CONTINUOUS
10
6.2824727952755905
20
-4.2993893700787398
11
6.2848235039370079
21
-4.3017400787401572
0
LINE
8
BLACK
6
CONTINUOUS
10
6.2848235039370079
20
-4.3017400787401572
11
6.2869403543307083
21
-4.3027749212598421
0
LINE
8
BLACK
6
CONTINUOUS
10
6.2869403543307083
20
-4.3027749212598421
11
6.2889607874015745
21
-4.3037626771653539
0
LINE
8
BLACK
6
CONTINUOUS
10
6.2889607874015745
20
-4.3037626771653539
11
6.2889608267716532
21
-4.3037626771653539
0
LINE
8
BLACK
6
CONTINUOUS
10
6.2889608267716532
20
-4.3037626771653539
11
6.2889609055118108
21
-4.3037627165354326
0
LINE
8
BLACK
6
CONTINUOUS
10
6.2889609055118108
20
-4.3037627165354326
11
6.2916433070866145
21
-4.3041535433070868
0
LINE
8
BLACK
6
CONTINUOUS
10
6.2916433070866145
20
-4.3041535433070868
11
6.2916434251968498
21
-4.3041535433070868
0
LINE
8
BLACK
6
CONTINUOUS
10
6.2916434251968498
20
-4.3041535433070868
11
6.3493801968503938
21
-4.3041535433070868
0
LINE
8
BLACK
6
CONTINUOUS
10
6.3493801968503938
20
-4.3041535433070868
11
6.34938031496063
21
-4.3041535433070868
0
LINE
8
BLACK
6
CONTINUOUS
10
6.34938031496063
20
-4.3041535433070868
11
6.3520627165354329
21
-4.3037627165354326
0
LINE
8
BLACK
6
CONTINUOUS
10
6.3520627165354329
20
-4.3037627165354326
11
6.3562001181102357
21
-4.3017400787401572
0
LINE
8
BLACK
6
CONTINUOUS
10
6.3562001181102357
20
-4.3017400787401572
11
6.359170433070866
21
-4.2987697244094489
0
LINE
8
BLACK
6
CONTINUOUS
10
6.359170433070866
20
-4.2987697244094489
11
6.3609175590551184
21
-4.2977610236220469
0
LINE
8
BLACK
6
CONTINUOUS
10
6.3609175590551184
20
-4.2977610236220469
11
6.3626097637795276
21
-4.2973076377952752
0
LINE
8
BLACK
6
CONTINUOUS
10
6.3626097637795276
20
-4.2973076377952752
11
6.3657563779527555
21
-4.2954909448818901
0
LINE
8
BLACK
6
CONTINUOUS
10
6.3657563779527555
20
-4.2954909448818901
11
6.3787980314960633
21
-4.2824492913385823
0
LINE
8
BLACK
6
CONTINUOUS
10
6.3787980314960633
20
-4.2824492913385823
11
6.3806147244094484
21
-4.2793026771653544
0
LINE
8
BLACK
6
CONTINUOUS
10
6.3806147244094484
20
-4.2793026771653544
11
6.3815551181102359
21
-4.2757930708661416
0
LINE
8
BLACK
6
CONTINUOUS
10
6.3815551181102359
20
-4.2757930708661416
11
6.3815551181102359
21
-4.2721596850393704
0
LINE
8
BLACK
6
CONTINUOUS
10
6.3815551181102359
20
-4.2721596850393704
11
6.3815551181102359
21
-4.0861856692913383
0
LINE
8
BLACK
6
CONTINUOUS
10
6.3815551181102359
20
-4.0861856692913383
11
6.3822994881889761
21
-4.08389468503937
0
LINE
8
BLACK
6
CONTINUOUS
10
6.3822994881889761
20
-4.08389468503937
11
6.3842483070866143
21
-4.082478779527559
0
LINE
8
BLACK
6
CONTINUOUS
10
6.3842483070866143
20
-4.082478779527559
11
6.3866572047244095
21
-4.082478779527559
0
LINE
8
BLACK
6
CONTINUOUS
10
6.3866572047244095
20
-4.082478779527559
11
6.3885887795275593
21
-4.0838711811023618
0
LINE
8
BLACK
6
CONTINUOUS
10
6.3885887795275593
20
-4.0838711811023618
11
6.3905198425196845
21
-4.086487677165354
0
LINE
8
BLACK
6
CONTINUOUS
10
6.3905198425196845
20
-4.086487677165354
11
6.3905200393700783
21
-4.0864878740157478
0
LINE
8
BLACK
6
CONTINUOUS
10
6.3905200393700783
20
-4.0864878740157478
11
6.3948170078740159
21
-4.089659251968504
0
LINE
8
BLACK
6
CONTINUOUS
10
6.3948170078740159
20
-4.089659251968504
11
6.3998581889763777
21
-4.0914231889763775
0
LINE
8
BLACK
6
CONTINUOUS
10
6.3998581889763777
20
-4.0914231889763775
11
6.4010546850393704
21
-4.091535393700787
0
LINE
8
BLACK
6
CONTINUOUS
10
6.4010546850393704
20
-4.091535393700787
11
6.4364959842519687
21
-4.091535393700787
0
LINE
8
BLACK
6
CONTINUOUS
10
6.4364959842519687
20
-4.091535393700787
11
6.4364960629921262
21
-4.0915353543307083
0
LINE
8
BLACK
6
CONTINUOUS
10
6.4364960629921262
20
-4.0915353543307083
11
6.4364960629921262
21
-4.0836614173228343
0
LINE
8
BLACK
6
CONTINUOUS
10
6.4364960629921262
20
-4.0836614173228343
11
6.4031889763779528
21
-4.0836614173228343
0
LINE
8
BLACK
6
CONTINUOUS
10
6.4031889763779528
20
-4.0836614173228343
11
6.3994224015748031
21
-4.0829122047244093
0
LINE
8
BLACK
6
CONTINUOUS
10
6.3994224015748031
20
-4.0829122047244093
11
6.3962292519685038
21
-4.0807786220472444
0
LINE
8
BLACK
6
CONTINUOUS
10
6.3962292519685038
20
-4.0807786220472444
11
6.3940956692913389
21
-4.077585472440945
0
LINE
8
BLACK
6
CONTINUOUS
10
6.3940956692913389
20
-4.077585472440945
11
6.393346456692913
21
-4.0738188976377954
0
LINE
8
BLACK
6
CONTINUOUS
10
6.393346456692913
20
-4.0738188976377954
11
6.393346456692913
21
-4.0541338582677167
0
LINE
8
BLACK
6
CONTINUOUS
10
6.393346456692913
20
-4.0541338582677167
11
6.3940956692913389
21
-4.050367283464567
0
LINE
8
BLACK
6
CONTINUOUS
10
6.3940956692913389
20
-4.050367283464567
11
6.3962292519685038
21
-4.0471741338582676
0
LINE
8
BLACK
6
CONTINUOUS
10
6.3962292519685038
20
-4.0471741338582676
11
6.3994224015748031
21
-4.0450405511811018
0
LINE
8
BLACK
6
CONTINUOUS
10
6.3994224015748031
20
-4.0450405511811018
11
6.4031889763779528
21
-4.0442913385826769
0
LINE
8
BLACK
6
CONTINUOUS
10
6.4031889763779528
20
-4.0442913385826769
11
6.4364960629921262
21
-4.0442913385826769
0
LINE
8
BLACK
6
CONTINUOUS
10
6.4364960629921262
20
-4.0442913385826769
11
6.4364960629921262
21
-4.0364173622047241
0
LINE
8
BLACK
6
CONTINUOUS
10
6.4364960629921262
20
-4.0364173622047241
11
6.4364960236220474
21
-4.0364173228346454
0
LINE
8
BLACK
6
CONTINUOUS
10
6.4364960236220474
20
-4.0364173228346454
11
6.4010549606299207
21
-4.0364173228346454
0
LINE
8
BLACK
6
CONTINUOUS
10
6.4010549606299207
20
-4.0364173228346454
11
6.3998582283464565
21
-4.0365295275590549
0
LINE
8
BLACK
6
CONTINUOUS
10
6.3998582283464565
20
-4.0365295275590549
11
6.399858149606299
21
-4.0365295275590549
0
LINE
8
BLACK
6
CONTINUOUS
10
6.399858149606299
20
-4.0365295275590549
11
6.3948170078740159
21
-4.0382934645669293
0
LINE
8
BLACK
6
CONTINUOUS
10
6.3948170078740159
20
-4.0382934645669293
11
6.3905200393700783
21
-4.0414648425196846
0
LINE
8
BLACK
6
CONTINUOUS
10
6.3905200393700783
20
-4.0414648425196846
11
6.3905199606299208
21
-4.0414649212598421
0
LINE
8
BLACK
6
CONTINUOUS
10
6.3905199606299208
20
-4.0414649212598421
11
6.3885887795275593
21
-4.0440815748031493
0
LINE
8
BLACK
6
CONTINUOUS
10
6.3885887795275593
20
-4.0440815748031493
11
6.386629409448819
21
-4.0454828346456688
0
LINE
8
BLACK
6
CONTINUOUS
10
6.386629409448819
20
-4.0454828346456688
11
6.3842205905511813
21
-4.0454648031496063
0
LINE
8
BLACK
6
CONTINUOUS
10
6.3842205905511813
20
-4.0454648031496063
11
6.3822824409448815
21
-4.0440343307086613
0
LINE
8
BLACK
6
CONTINUOUS
10
6.3822824409448815
20
-4.0440343307086613
11
6.3815551181102359
21
-4.0417670472440941
0
LINE
8
BLACK
6
CONTINUOUS
10
6.3815551181102359
20
-4.0417670472440941
11
6.3815551181102359
21
-3.9732485039370076
0
LINE
8
BLACK
6
CONTINUOUS
10
6.3815551181102359
20
-3.9732485039370076
11
6.3822994881889761
21
-3.9709575196850393
0
LINE
8
BLACK
6
CONTINUOUS
10
6.3822994881889761
20
-3.9709575196850393
11
6.3842483070866143
21
-3.9695416141732283
0
LINE
8
BLACK
6
CONTINUOUS
10
6.3842483070866143
20
-3.9695416141732283
11
6.3866572047244095
21
-3.9695416141732283
0
LINE
8
BLACK
6
CONTINUOUS
10
6.3866572047244095
20
-3.9695416141732283
11
6.3885887795275593
21
-3.9709340157480315
0
LINE
8
BLACK
6
CONTINUOUS
10
6.3885887795275593
20
-3.9709340157480315
11
6.3888915354330704
21
-3.971344251968504
0
LINE
8
BLACK
6
CONTINUOUS
10
6.3888915354330704
20
-3.971344251968504
11
6.3888917322834642
21
-3.9713444881889761
0
LINE
8
BLACK
6
CONTINUOUS
10
6.3888917322834642
20
-3.9713444881889761
11
6.3888918503937004
21
-3.9713445669291336
0
LINE
8
BLACK
6
CONTINUOUS
10
6.3888918503937004
20
-3.9713445669291336
11
6.3888919291338579
21
-3.9713446456692911
0
LINE
8
BLACK
6
CONTINUOUS
10
6.3888919291338579
20
-3.9713446456692911
11
6.3931935433070866
21
-3.97451937007874
0
LINE
8
BLACK
6
CONTINUOUS
10
6.3931935433070866
20
-3.97451937007874
11
6.3931935826771653
21
-3.97451937007874
0
LINE
8
BLACK
6
CONTINUOUS
10
6.3931935826771653
20
-3.97451937007874
11
6.3931936220472441
21
-3.9745194094488188
0
LINE
8
BLACK
6
CONTINUOUS
10
6.3931936220472441
20
-3.9745194094488188
11
6.3982401968503932
21
-3.9762852755905511
0
LINE
8
BLACK
6
CONTINUOUS
10
6.3982401968503932
20
-3.9762852755905511
11
6.3994379921259839
21
-3.9763975984251969
0
LINE
8
BLACK
6
CONTINUOUS
10
6.3994379921259839
20
-3.9763975984251969
11
6.3994380708661414
21
-3.9763976377952757
0
LINE
8
BLACK
6
CONTINUOUS
10
6.3994380708661414
20
-3.9763976377952757
11
6.3994383464566926
21
-3.9763976377952757
0
LINE
8
BLACK
6
CONTINUOUS
10
6.3994383464566926
20
-3.9763976377952757
11
6.4233965748031494
21
-3.9763976377952757
0
LINE
8
BLACK
6
CONTINUOUS
10
6.4233965748031494
20
-3.9763976377952757
11
6.4233965748031494
21
-3.9763975984251969
0
LINE
8
BLACK
6
CONTINUOUS
10
6.4233965748031494
20
-3.9763975984251969
11
6.4245944488188975
21
-3.9762852755905511
0
LINE
8
BLACK
6
CONTINUOUS
10
6.4245944488188975
20
-3.9762852755905511
11
6.4296410236220467
21
-3.9745194094488188
0
LINE
8
BLACK
6
CONTINUOUS
10
6.4296410236220467
20
-3.9745194094488188
11
6.4339429133858266
21
-3.9713444881889761
0
LINE
8
BLACK
6
CONTINUOUS
10
6.4339429133858266
20
-3.9713444881889761
11
6.4371178346456688
21
-3.9670425984251967
0
LINE
8
BLACK
6
CONTINUOUS
10
6.4371178346456688
20
-3.9670425984251967
11
6.4388837007874011
21
-3.9619960236220471
0
LINE
8
BLACK
6
CONTINUOUS
10
6.4388837007874011
20
-3.9619960236220471
11
6.4389960236220469
21
-3.9607981496062989
0
LINE
8
BLACK
6
CONTINUOUS
10
6.4389960236220469
20
-3.9607981496062989
11
6.4389960629921257
21
-3.9607981496062989
0
LINE
8
BLACK
6
CONTINUOUS
10
6.4389960629921257
20
-3.9607981496062989
11
6.4389960629921257
21
-3.9459689370078741
0
LINE
8
BLACK
6
CONTINUOUS
10
6.4389960629921257
20
-3.9459689370078741
11
6.4390932283464561
21
-3.945669803149606
0
LINE
8
BLACK
6
CONTINUOUS
10
6.4390932283464561
20
-3.945669803149606
11
6.4390440551181101
21
-3.9453592125984249
0
LINE
8
BLACK
6
CONTINUOUS
10
6.4390440551181101
20
-3.9453592125984249
11
6.4394583858267715
21
-3.9445459842519686
0
LINE
8
BLACK
6
CONTINUOUS
10
6.4394583858267715
20
-3.9445459842519686
11
6.4397404330708659
21
-3.9436779527559054
0
LINE
8
BLACK
6
CONTINUOUS
10
6.4397404330708659
20
-3.9436779527559054
11
6.4401376377952753
21
-3.9432128740157482
0
LINE
8
BLACK
6
CONTINUOUS
10
6.4401376377952753
20
-3.9432128740157482
11
6.445181377952756
21
-3.9381691338582678
0
LINE
8
BLACK
6
CONTINUOUS
10
6.445181377952756
20
-3.9381691338582678
11
6.4473277165354332
21
-3.9370755511811022
0
LINE
8
BLACK
6
CONTINUOUS
10
6.4473277165354332
20
-3.9370755511811022
11
6.447937440944882
21
-3.9370275590551178
0
LINE
8
BLACK
6
CONTINUOUS
10
6.447937440944882
20
-3.9370275590551178
11
6.4479942913385822
21
-3.9370275590551178
0
LINE
8
BLACK
6
CONTINUOUS
10
6.4479942913385822
20
-3.9370275590551178
11
6.4479943700787397
21
-3.9370275590551178
0
LINE
8
BLACK
6
CONTINUOUS
10
6.4479943700787397
20
-3.9370275590551178
11
6.4540072440944884
21
-3.9354164173228345
0
LINE
8
BLACK
6
CONTINUOUS
10
6.4540072440944884
20
-3.9354164173228345
11
6.4593982677165354
21
-3.9323039370078741
0
LINE
8
BLACK
6
CONTINUOUS
10
6.4593982677165354
20
-3.9323039370078741
11
6.4638
21
-3.9279022047244094
0
LINE
8
BLACK
6
CONTINUOUS
10
6.4638
20
-3.9279022047244094
11
6.4669124803149609
21
-3.9225111811023621
0
LINE
8
BLACK
6
CONTINUOUS
10
6.4669124803149609
20
-3.9225111811023621
11
6.4685236220472442
21
-3.9164983070866142
0
LINE
8
BLACK
6
CONTINUOUS
10
6.4685236220472442
20
-3.9164983070866142
11
6.4685236220472442
21
-3.9102733464566928
0
LINE
8
BLACK
6
CONTINUOUS
10
6.4685236220472442
20
-3.9102733464566928
11
6.4669124803149609
21
-3.9042604724409449
0
LINE
8
BLACK
6
CONTINUOUS
10
6.4669124803149609
20
-3.9042604724409449
11
6.4638
21
-3.8988694488188975
0
LINE
8
BLACK
6
CONTINUOUS
10
6.4638
20
-3.8988694488188975
11
6.4593982677165354
21
-3.8944677165354329
0
LINE
8
BLACK
6
CONTINUOUS
10
6.4593982677165354
20
-3.8944677165354329
11
6.4540072440944884
21
-3.8913552362204724
0
LINE
8
BLACK
6
CONTINUOUS
10
6.4540072440944884
20
-3.8913552362204724
11
6.4479943700787397
21
-3.8897440944881887
0
LINE
8
BLACK
6
CONTINUOUS
10
6.4479943700787397
20
-3.8897440944881887
11
6.4417694094488187
21
-3.8897440944881887
0
LINE
8
BLACK
6
CONTINUOUS
10
6.4417694094488187
20
-3.8897440944881887
11
6.4357565354330708
21
-3.8913552362204724
0
LINE
8
BLACK
6
CONTINUOUS
10
6.4357565354330708
20
-3.8913552362204724
11
6.4303655118110239
21
-3.8944677165354329
0
LINE
8
BLACK
6
CONTINUOUS
10
6.4303655118110239
20
-3.8944677165354329
11
6.4259637795275593
21
-3.8988694488188975
0
LINE
8
BLACK
6
CONTINUOUS
10
6.4259637795275593
20
-3.8988694488188975
11
6.4228512992125983
21
-3.9042604724409449
0
LINE
8
BLACK
6
CONTINUOUS
10
6.4228512992125983
20
-3.9042604724409449
11
6.4213692125984254
21
-3.9097918110236218
0
LINE
8
BLACK
6
CONTINUOUS
10
6.4213692125984254
20
-3.9097918110236218
11
6.4212401574803151
21
-3.9102733858267715
0
LINE
8
BLACK
6
CONTINUOUS
10
6.4212401574803151
20
-3.9102733858267715
11
6.4212401574803151
21
-3.9103302755905509
0
LINE
8
BLACK
6
CONTINUOUS
10
6.4212401574803151
20
-3.9103302755905509
11
6.4212275590551178
21
-3.9103690157480315
0
LINE
8
BLACK
6
CONTINUOUS
10
6.4212275590551178
20
-3.9103690157480315
11
6.4212068110236222
21
-3.910526653543307
0
LINE
8
BLACK
6
CONTINUOUS
10
6.4212068110236222
20
-3.910526653543307
11
6.4211775984251966
21
-3.9105227952755905
0
LINE
8
BLACK
6
CONTINUOUS
10
6.4211775984251966
20
-3.9105227952755905
11
6.4204957874015749
21
-3.9126212598425196
0
LINE
8
BLACK
6
CONTINUOUS
10
6.4204957874015749
20
-3.9126212598425196
11
6.4200985826771655
21
-3.9130863385826773
0
LINE
8
BLACK
6
CONTINUOUS
10
6.4200985826771655
20
-3.9130863385826773
11
6.4130863385826773
21
-3.920098582677165
0
LINE
8
BLACK
6
CONTINUOUS
10
6.4130863385826773
20
-3.920098582677165
11
6.4109400000000001
21
-3.9211921653543307
0
LINE
8
BLACK
6
CONTINUOUS
10
6.4109400000000001
20
-3.9211921653543307
11
6.4103302755905514
21
-3.9212401574803151
0
LINE
8
BLACK
6
CONTINUOUS
10
6.4103302755905514
20
-3.9212401574803151
11
6.3994379921259839
21
-3.9212401574803151
0
LINE
8
BLACK
6
CONTINUOUS
10
6.3994379921259839
20
-3.9212401574803151
11
6.3982403543307083
21
-3.9213524803149604
0
LINE
8
BLACK
6
CONTINUOUS
10
6.3982403543307083
20
-3.9213524803149604
11
6.3982399999999995
21
-3.9213525590551179
0
LINE
8
BLACK
6
CONTINUOUS
10
6.3982399999999995
20
-3.9213525590551179
11
6.3931935433070866
21
-3.9231183858267715
0
LINE
8
BLACK
6
CONTINUOUS
10
6.3931935433070866
20
-3.9231183858267715
11
6.3888919291338579
21
-3.9262931102362204
0
LINE
8
BLACK
6
CONTINUOUS
10
6.3888919291338579
20
-3.9262931102362204
11
6.3888915748031492
21
-3.9262934645669292
0
LINE
8
BLACK
6
CONTINUOUS
10
6.3888915748031492
20
-3.9262934645669292
11
6.3885887401574806
21
-3.9267038188976375
0
LINE
8
BLACK
6
CONTINUOUS
10
6.3885887401574806
20
-3.9267038188976375
11
6.3866293307086615
21
-3.9281050787401575
0
LINE
8
BLACK
6
CONTINUOUS
10
6.3866293307086615
20
-3.9281050787401575
11
6.3842205118110238
21
-3.928086968503937
0
LINE
8
BLACK
6
CONTINUOUS
10
6.3842205118110238
20
-3.928086968503937
11
6.3822824015748028
21
-3.9266564960629919
0
LINE
8
BLACK
6
CONTINUOUS
10
6.3822824015748028
20
-3.9266564960629919
11
6.3815551181102359
21
-3.924389251968504
0
LINE
8
BLACK
6
CONTINUOUS
10
6.3815551181102359
20
-3.924389251968504
11
6.3815551181102359
21
-3.8558707086614175
0
LINE
8
BLACK
6
CONTINUOUS
10
6.3815551181102359
20
-3.8558707086614175
11
6.3822994881889761
21
-3.8535797244094487
0
LINE
8
BLACK
6
CONTINUOUS
10
6.3822994881889761
20
-3.8535797244094487
11
6.3842483070866143
21
-3.8521638188976377
0
LINE
8
BLACK
6
CONTINUOUS
10
6.3842483070866143
20
-3.8521638188976377
11
6.3866572047244095
21
-3.8521638188976377
0
LINE
8
BLACK
6
CONTINUOUS
10
6.3866572047244095
20
-3.8521638188976377
11
6.3885887795275593
21
-3.853556220472441
0
LINE
8
BLACK
6
CONTINUOUS
10
6.3885887795275593
20
-3.853556220472441
11
6.3905198425196845
21
-3.8561727165354331
0
LINE
8
BLACK
6
CONTINUOUS
10
6.3905198425196845
20
-3.8561727165354331
11
6.3905200393700783
21
-3.8561729133858269
0
LINE
8
BLACK
6
CONTINUOUS
10
6.3905200393700783
20
-3.8561729133858269
11
6.3948170078740159
21
-3.8593442913385827
0
LINE
8
BLACK
6
CONTINUOUS
10
6.3948170078740159
20
-3.8593442913385827
11
6.3998581889763777
21
-3.8611082283464566
0
LINE
8
BLACK
6
CONTINUOUS
10
6.3998581889763777
20
-3.8611082283464566
11
6.4010546850393704
21
-3.8612204330708662
0
LINE
8
BLACK
6
CONTINUOUS
10
6.4010546850393704
20
-3.8612204330708662
11
6.4364959842519687
21
-3.8612204330708662
0
LINE
8
BLACK
6
CONTINUOUS
10
6.4364959842519687
20
-3.8612204330708662
11
6.4364960629921262
21
-3.8612203937007874
0
LINE
8
BLACK
6
CONTINUOUS
10
6.4364960629921262
20
-3.8612203937007874
11
6.4364960629921262
21
-3.8533464566929134
0
LINE
8
BLACK
6
CONTINUOUS
10
6.4364960629921262
20
-3.8533464566929134
11
6.4031889763779528
21
-3.8533464566929134
0
LINE
8
BLACK
6
CONTINUOUS
10
6.4031889763779528
20
-3.8533464566929134
11
6.3994224015748031
21
-3.852597244094488
0
LINE
8
BLACK
6
CONTINUOUS
10
6.3994224015748031
20
-3.852597244094488
11
6.3962292519685038
21
-3.8504636614173227
0
LINE
8
BLACK
6
CONTINUOUS
10
6.3962292519685038
20
-3.8504636614173227
11
6.3940956692913389
21
-3.8472705118110238
0
LINE
8
BLACK
6
CONTINUOUS
10
6.3940956692913389
20
-3.8472705118110238
11
6.393346456692913
21
-3.8435039370078741
0
LINE
8
BLACK
6
CONTINUOUS
10
6.393346456692913
20
-3.8435039370078741
11
6.393346456692913
21
-3.8238188976377954
0
LINE
8
BLACK
6
CONTINUOUS
10
6.393346456692913
20
-3.8238188976377954
11
6.3940956692913389
21
-3.8200523228346457
0
LINE
8
BLACK
6
CONTINUOUS
10
6.3940956692913389
20
-3.8200523228346457
11
6.3962292519685038
21
-3.8168591732283463
0
LINE
8
BLACK
6
CONTINUOUS
10
6.3962292519685038
20
-3.8168591732283463
11
6.3994224015748031
21
-3.814725590551181
0
LINE
8
BLACK
6
CONTINUOUS
10
6.3994224015748031
20
-3.814725590551181
11
6.4031889763779528
21
-3.813976377952756
0
LINE
8
BLACK
6
CONTINUOUS
10
6.4031889763779528
20
-3.813976377952756
11
6.4364960629921262
21
-3.813976377952756
0
LINE
8
BLACK
6
CONTINUOUS
10
6.4364960629921262
20
-3.813976377952756
11
6.4364960629921262
21
-3.8061024015748033
0
LINE
8
BLACK
6
CONTINUOUS
10
6.4364960629921262
20
-3.8061024015748033
11
6.4364960236220474
21
-3.8061023622047245
0
LINE
8
BLACK
6
CONTINUOUS
10
6.4364960236220474
20
-3.8061023622047245
11
6.4010549606299207
21
-3.8061023622047245
0
LINE
8
BLACK
6
CONTINUOUS
10
6.4010549606299207
20
-3.8061023622047245
11
6.3998582283464565
21
-3.8062145669291336
0
LINE
8
BLACK
6
CONTINUOUS
10
6.3998582283464565
20
-3.8062145669291336
11
6.399858149606299
21
-3.8062145669291336
0
LINE
8
BLACK
6
CONTINUOUS
10
6.399858149606299
20
-3.8062145669291336
11
6.3948170078740159
21
-3.807978503937008
0
LINE
8
BLACK
6
CONTINUOUS
10
6.3948170078740159
20
-3.807978503937008
11
6.3905200393700783
21
-3.8111498818897638
0
LINE
8
BLACK
6
CONTINUOUS
10
6.3905200393700783
20
-3.8111498818897638
11
6.3905199606299208
21
-3.8111499606299213
0
LINE
8
BLACK
6
CONTINUOUS
10
6.3905199606299208
20
-3.8111499606299213
11
6.3885887795275593
21
-3.813766614173228
0
LINE
8
BLACK
6
CONTINUOUS
10
6.3885887795275593
20
-3.813766614173228
11
6.386629409448819
21
-3.815167874015748
0
LINE
8
BLACK
6
CONTINUOUS
10
6.386629409448819
20
-3.815167874015748
11
6.3842205905511813
21
-3.815149842519685
0
LINE
8
BLACK
6
CONTINUOUS
10
6.3842205905511813
20
-3.815149842519685
11
6.3822824409448815
21
-3.81371937007874
0
LINE
8
BLACK
6
CONTINUOUS
10
6.3822824409448815
20
-3.81371937007874
11
6.3815551181102359
21
-3.8114520866141732
0
LINE
8
BLACK
6
CONTINUOUS
10
6.3815551181102359
20
-3.8114520866141732
11
6.3815551181102359
21
-3.720269960629921
0
LINE
8
BLACK
6
CONTINUOUS
10
6.3815551181102359
20
-3.720269960629921
11
6.3815336220472441
21
-3.7201896850393701
0
LINE
8
BLACK
6
CONTINUOUS
10
6.3815336220472441
20
-3.7201896850393701
11
6.3806147244094484
21
-3.7167603149606299
0
LINE
8
BLACK
6
CONTINUOUS
10
6.3806147244094484
20
-3.7167603149606299
11
6.3795195275590553
21
-3.7148633858267717
0
LINE
8
BLACK
6
CONTINUOUS
10
6.3795195275590553
20
-3.7148633858267717
11
6.3787980314960633
21
-3.7136137007874015
0
LINE
8
BLACK
6
CONTINUOUS
10
6.3787980314960633
20
-3.7136137007874015
11
6.3657563779527555
21
-3.7005720472440946
0
LINE
8
BLACK
6
CONTINUOUS
10
6.3657563779527555
20
-3.7005720472440946
11
6.3657562598425192
21
-3.7005719685039371
0
LINE
8
BLACK
6
CONTINUOUS
10
6.3657562598425192
20
-3.7005719685039371
11
6.3626098818897638
21
-3.6987553937007873
0
LINE
8
BLACK
6
CONTINUOUS
10
6.3626098818897638
20
-3.6987553937007873
11
6.3626097244094488
21
-3.6987553149606298
0
LINE
8
BLACK
6
CONTINUOUS
10
6.3626097244094488
20
-3.6987553149606298
11
6.3609175590551184
21
-3.6983018897637794
0
LINE
8
BLACK
6
CONTINUOUS
10
6.3609175590551184
20
-3.6983018897637794
11
6.3591703937007873
21
-3.6972931889763778
0
LINE
8
BLACK
6
CONTINUOUS
10
6.3591703937007873
20
-3.6972931889763778
11
6.3562001181102357
21
-3.6943229133858266
0
LINE
8
BLACK
6
CONTINUOUS
10
6.3562001181102357
20
-3.6943229133858266
11
6.3559340551181105
21
-3.6941928346456692
0
LINE
8
BLACK
6
CONTINUOUS
10
6.3559340551181105
20
-3.6941928346456692
11
6.3520627952755904
21
-3.6923002755905512
0
LINE
8
BLACK
6
CONTINUOUS
10
6.3520627952755904
20
-3.6923002755905512
11
6.3509897244094491
21
-3.6921439370078741
0
LINE
8
BLACK
6
CONTINUOUS
10
6.3509897244094491
20
-3.6921439370078741
11
6.34938031496063
21
-3.6919094488188975
0
LINE
8
BLACK
6
CONTINUOUS
10
6.34938031496063
20
-3.6919094488188975
11
6.2916433070866145
21
-3.6919094488188975
0
LINE
8
BLACK
6
CONTINUOUS
10
6.2916433070866145
20
-3.6919094488188975
11
6.2903020866141732
21
-3.6921048425196847
0
LINE
8
BLACK
6
CONTINUOUS
10
6.2903020866141732
20
-3.6921048425196847
11
6.2889607874015745
21
-3.6923002755905512
0
LINE
8
BLACK
6
CONTINUOUS
10
6.2889607874015745
20
-3.6923002755905512
11
6.2848235433070867
21
-3.6943228740157479
0
LINE
8
BLACK
6
CONTINUOUS
10
6.2848235433070867
20
-3.6943228740157479
11
6.2815669685039373
21
-3.6975794488188978
0
LINE
8
BLACK
6
CONTINUOUS
10
6.2815669685039373
20
-3.6975794488188978
11
6.2795443700787397
21
-3.7017166929133856
0
LINE
8
BLACK
6
CONTINUOUS
10
6.2795443700787397
20
-3.7017166929133856
11
6.2794112598425196
21
-3.7026304724409447
0
LINE
8
BLACK
6
CONTINUOUS
10
6.2794112598425196
20
-3.7026304724409447
11
6.2791535433070864
21
-3.7043992125984251
0
LINE
8
BLACK
6
CONTINUOUS
10
6.2791535433070864
20
-3.7043992125984251
11
6.2791535433070864
21
-3.7188291338582675
0
LINE
8
BLACK
6
CONTINUOUS
10
6.2791535433070864
20
-3.7188291338582675
11
6.279351771653543
21
-3.7201896850393701
0
LINE
8
BLACK
6
CONTINUOUS
10
6.279351771653543
20
-3.7201896850393701
11
6.2795443700787397
21
-3.7215116141732283
0
LINE
8
BLACK
6
CONTINUOUS
10
6.2795443700787397
20
-3.7215116141732283
11
6.2815669685039373
21
-3.7256488582677165
0
LINE
8
BLACK
6
CONTINUOUS
10
6.2815669685039373
20
-3.7256488582677165
11
6.281567007874016
21
-3.725648937007874
0
LINE
8
BLACK
6
CONTINUOUS
10
6.281567007874016
20
-3.725648937007874
11
6.2848235039370079
21
-3.728905433070866
0
LINE
8
BLACK
6
CONTINUOUS
10
6.2848235039370079
20
-3.728905433070866
11
6.2851657874015743
21
-3.7290727559055119
0
LINE
8
BLACK
6
CONTINUOUS
10
6.2851657874015743
20
-3.7290727559055119
11
6.2889607874015745
21
-3.7309280314960631
0
LINE
8
BLACK
6
CONTINUOUS
10
6.2889607874015745
20
-3.7309280314960631
11
6.2889608267716532
21
-3.7309280314960631
0
LINE
8
BLACK
6
CONTINUOUS
10
6.2889608267716532
20
-3.7309280314960631
11
6.2889609055118108
21
-3.7309280708661419
0
LINE
8
BLACK
6
CONTINUOUS
10
6.2889609055118108
20
-3.7309280708661419
11
6.2916433070866145
21
-3.7313188976377951
0
LINE
8
BLACK
6
CONTINUOUS
10
6.2916433070866145
20
-3.7313188976377951
11
6.2916434251968498
21
-3.7313188976377951
0
LINE
8
BLACK
6
CONTINUOUS
10
6.2916434251968498
20
-3.7313188976377951
11
6.3493801968503938
21
-3.7313188976377951
0
LINE
8
BLACK
6
CONTINUOUS
10
6.3493801968503938
20
-3.7313188976377951
11
6.34938031496063
21
-3.7313188976377951
0
LINE
8
BLACK
6
CONTINUOUS
10
6.34938031496063
20
-3.7313188976377951
11
6.3494969291338581
21
-3.7313018897637793
0
LINE
8
BLACK
6
CONTINUOUS
10
6.3494969291338581
20
-3.7313018897637793
11
6.3503737401574805
21
-3.7314518897637794
0
LINE
8
BLACK
6
CONTINUOUS
10
6.3503737401574805
20
-3.7314518897637794
11
6.351263503937008
21
-3.7314518897637794
0
LINE
8
BLACK
6
CONTINUOUS
10
6.351263503937008
20
-3.7314518897637794
11
6.3515374803149607
21
-3.7316509448818898
0
LINE
8
BLACK
6
CONTINUOUS
10
6.3515374803149607
20
-3.7316509448818898
11
6.3518712992125979
21
-3.7317080708661416
0
LINE
8
BLACK
6
CONTINUOUS
10
6.3518712992125979
20
-3.7317080708661416
11
6.3524925196850388
21
-3.7323448031496063
0
LINE
8
BLACK
6
CONTINUOUS
10
6.3524925196850388
20
-3.7323448031496063
11
6.3532123228346453
21
-3.7328677952755904
0
LINE
8
BLACK
6
CONTINUOUS
10
6.3532123228346453
20
-3.7328677952755904
11
6.353316968503937
21
-3.733189842519685
0
LINE
8
BLACK
6
CONTINUOUS
10
6.353316968503937
20
-3.733189842519685
11
6.3535534645669287
21
-3.733432283464567
0
LINE
8
BLACK
6
CONTINUOUS
10
6.3535534645669287
20
-3.733432283464567
11
6.3539566929133855
21
-3.7351587795275591
0
LINE
8
BLACK
6
CONTINUOUS
10
6.3539566929133855
20
-3.7351587795275591
11
6.3539566929133855
21
-3.7373020472440945
0
LINE
8
BLACK
6
CONTINUOUS
10
6.3539566929133855
20
-3.7373020472440945
11
6.3532123228346453
21
-3.7395930314960628
0
LINE
8
BLACK
6
CONTINUOUS
10
6.3532123228346453
20
-3.7395930314960628
11
6.351263503937008
21
-3.7410089370078738
0
LINE
8
BLACK
6
CONTINUOUS
10
6.351263503937008
20
-3.7410089370078738
11
6.3494974803149606
21
-3.7411590157480314
0
LINE
8
BLACK
6
CONTINUOUS
10
6.3494974803149606
20
-3.7411590157480314
11
6.3493788976377949
21
-3.7411417322834644
0
LINE
8
BLACK
6
CONTINUOUS
10
6.3493788976377949
20
-3.7411417322834644
11
6.3305118503937008
21
-3.7411417322834644
0
LINE
8
BLACK
6
CONTINUOUS
10
6.3305118503937008
20
-3.7411417322834644
11
6.330511811023622
21
-3.7411417716535431
0
LINE
8
BLACK
6
CONTINUOUS
10
6.330511811023622
20
-3.7411417716535431
11
6.330511811023622
21
-3.7490157480314958
0
LINE
8
BLACK
6
CONTINUOUS
10
6.330511811023622
20
-3.7490157480314958
11
6.3480708661417324
21
-3.7490157480314958
0
LINE
8
BLACK
6
CONTINUOUS
10
6.3480708661417324
20
-3.7490157480314958
11
6.3503308267716534
21
-3.7494652755905511
0
LINE
8
BLACK
6
CONTINUOUS
10
6.3503308267716534
20
-3.7494652755905511
11
6.3522466929133854
21
-3.7507454330708661
0
LINE
8
BLACK
6
CONTINUOUS
10
6.3522466929133854
20
-3.7507454330708661
11
6.3535268503937008
21
-3.7526612992125985
0
LINE
8
BLACK
6
CONTINUOUS
10
6.3535268503937008
20
-3.7526612992125985
11
6.3539763779527556
21
-3.7549212598425195
0
LINE
8
BLACK
6
CONTINUOUS
10
6.3539763779527556
20
-3.7549212598425195
11
6.3539763779527556
21
-3.7667322834645667
0
LINE
8
BLACK
6
CONTINUOUS
10
6.3539763779527556
20
-3.7667322834645667
11
6.3535268503937008
21
-3.7689922440944881
0
LINE
8
BLACK
6
CONTINUOUS
10
6.3535268503937008
20
-3.7689922440944881
11
6.3522466929133854
21
-3.7709081102362205
0
LINE
8
BLACK
6
CONTINUOUS
10
6.3522466929133854
20
-3.7709081102362205
11
6.3503308267716534
21
-3.7721882677165355
0
LINE
8
BLACK
6
CONTINUOUS
10
6.3503308267716534
20
-3.7721882677165355
11
6.3480708661417324
21
-3.7726377952755903
0
LINE
8
BLACK
6
CONTINUOUS
10
6.3480708661417324
20
-3.7726377952755903
11
6.330511811023622
21
-3.7726377952755903
0
LINE
8
BLACK
6
CONTINUOUS
10
6.330511811023622
20
-3.7726377952755903
11
6.330511811023622
21
-3.7805117322834643
0
LINE
8
BLACK
6
CONTINUOUS
10
6.330511811023622
20
-3.7805117322834643
11
6.3305118503937008
21
-3.780511771653543
0
LINE
8
BLACK
6
CONTINUOUS
10
6.3305118503937008
20
-3.780511771653543
11
6.3493784645669287
21
-3.780511771653543
0
LINE
8
BLACK
6
CONTINUOUS
10
6.3493784645669287
20
-3.780511771653543
11
6.3493785039370074
21
-3.7805117322834643
0
LINE
8
BLACK
6
CONTINUOUS
10
6.3493785039370074
20
-3.7805117322834643
11
6.3494971259842519
21
-3.7804944881889764
0
LINE
8
BLACK
6
CONTINUOUS
10
6.3494971259842519
20
-3.7804944881889764
11
6.3518714960629916
21
-3.7809008267716533
0
LINE
8
BLACK
6
CONTINUOUS
10
6.3518714960629916
20
-3.7809008267716533
11
6.3535535433070862
21
-3.7826251574803149
0
LINE
8
BLACK
6
CONTINUOUS
10
6.3535535433070862
20
-3.7826251574803149
11
6.3539566929133855
21
-3.7843514173228345
0
LINE
8
BLACK
6
CONTINUOUS
10
6.3539566929133855
20
-3.7843514173228345
11
6.3539566929133855
21
-4.1132663779527556
0
LINE
8
BLACK
6
CONTINUOUS
10
6.3539566929133855
20
-4.1132663779527556
11
6.3537614173228345
21
-4.1138673228346452
0
LINE
8
BLACK
6
CONTINUOUS
10
6.3537614173228345
20
-4.1138673228346452
11
6.3537566141732285
21
-4.1144990944881892
0
LINE
8
BLACK
6
CONTINUOUS
10
6.3537566141732285
20
-4.1144990944881892
11
6.3533985826771655
21
-4.1149840157480311
0
LINE
8
BLACK
6
CONTINUOUS
10
6.3533985826771655
20
-4.1149840157480311
11
6.3532123228346453
21
-4.1155573622047239
0
LINE
8
BLACK
6
CONTINUOUS
10
6.3532123228346453
20
-4.1155573622047239
11
6.3527011417322834
21
-4.1159287007874017
0
LINE
8
BLACK
6
CONTINUOUS
10
6.3527011417322834
20
-4.1159287007874017
11
6.3523259055118109
21
-4.1164370472440943
0
LINE
8
BLACK
6
CONTINUOUS
10
6.3523259055118109
20
-4.1164370472440943
11
6.3518388976377951
21
-4.1165551968503937
0
LINE
8
BLACK
6
CONTINUOUS
10
6.3518388976377951
20
-4.1165551968503937
11
6.351263503937008
21
-4.1169732677165349
0
LINE
8
BLACK
6
CONTINUOUS
10
6.351263503937008
20
-4.1169732677165349
11
6.3500292913385827
21
-4.1171638976377949
0
LINE
8
BLACK
6
CONTINUOUS
10
6.3500292913385827
20
-4.1171638976377949
11
6.3497615748031491
21
-4.1171618503937006
0
LINE
8
BLACK
6
CONTINUOUS
10
6.3497615748031491
20
-4.1171618503937006
11
6.34938031496063
21
-4.1171062992125984
0
LINE
8
BLACK
6
CONTINUOUS
10
6.34938031496063
20
-4.1171062992125984
11
6.3424857086614175
21
-4.1171062992125984
0
LINE
8
BLACK
6
CONTINUOUS
10
6.3424857086614175
20
-4.1171062992125984
11
6.3424702362204721
21
-4.1171061811023622
0
LINE
8
BLACK
6
CONTINUOUS
10
6.3424702362204721
20
-4.1171061811023622
11
6.3413419291338577
21
-4.1167299999999996
0
LINE
8
BLACK
6
CONTINUOUS
10
6.3413419291338577
20
-4.1167299999999996
11
6.3402090157480311
21
-4.1163619291338582
0
LINE
8
BLACK
6
CONTINUOUS
10
6.3402090157480311
20
-4.1163619291338582
11
6.3401998031496065
21
-4.1163492519685034
0
LINE
8
BLACK
6
CONTINUOUS
10
6.3401998031496065
20
-4.1163492519685034
11
6.340185
21
-4.1163443307086611
0
LINE
8
BLACK
6
CONTINUOUS
10
6.340185
20
-4.1163443307086611
11
6.3394940551181103
21
-4.1153778740157483
0
LINE
8
BLACK
6
CONTINUOUS
10
6.3394940551181103
20
-4.1153778740157483
11
6.3387931102362201
21
-4.11441311023622
0
LINE
8
BLACK
6
CONTINUOUS
10
6.3387931102362201
20
-4.11441311023622
11
6.3387898818897632
21
-4.1143929527559058
0
LINE
8
BLACK
6
CONTINUOUS
10
6.3387898818897632
20
-4.1143929527559058
11
6.3387840551181105
21
-4.1143847637795279
0
LINE
8
BLACK
6
CONTINUOUS
10
6.3387840551181105
20
-4.1143847637795279
11
6.3387842519685034
21
-4.1143572440944878
0
LINE
8
BLACK
6
CONTINUOUS
10
6.3387842519685034
20
-4.1143572440944878
11
6.3386023622047238
21
-4.1132086614173229
0
LINE
8
BLACK
6
CONTINUOUS
10
6.3386023622047238
20
-4.1132086614173229
11
6.3386023622047238
21
-3.967962834645669
0
LINE
8
BLACK
6
CONTINUOUS
10
6.3386023622047238
20
-3.967962834645669
11
6.3388211023622043
21
-3.9666755118110237
0
LINE
8
BLACK
6
CONTINUOUS
10
6.3388211023622043
20
-3.9666755118110237
11
6.339924212598425
21
-3.9635229527559055
0
LINE
8
BLACK
6
CONTINUOUS
10
6.339924212598425
20
-3.9635229527559055
11
6.3404585039370076
21
-3.9619960236220471
0
LINE
8
BLACK
6
CONTINUOUS
10
6.3404585039370076
20
-3.9619960236220471
11
6.3405708267716534
21
-3.9607981496062989
0
LINE
8
BLACK
6
CONTINUOUS
10
6.3405708267716534
20
-3.9607981496062989
11
6.3405708661417322
21
-3.9607981496062989
0
LINE
8
BLACK
6
CONTINUOUS
10
6.3405708661417322
20
-3.9607981496062989
11
6.3405708661417322
21
-3.9368396456692913
0
LINE
8
BLACK
6
CONTINUOUS
10
6.3405708661417322
20
-3.9368396456692913
11
6.3405708267716534
21
-3.9368395669291338
0
LINE
8
BLACK
6
CONTINUOUS
10
6.3405708267716534
20
-3.9368395669291338
11
6.3404585039370076
21
-3.9356419291338582
0
LINE
8
BLACK
6
CONTINUOUS
10
6.3404585039370076
20
-3.9356419291338582
11
6.3404585039370076
21
-3.9356417716535432
0
LINE
8
BLACK
6
CONTINUOUS
10
6.3404585039370076
20
-3.9356417716535432
11
6.3386926377952753
21
-3.9305951968503936
0
LINE
8
BLACK
6
CONTINUOUS
10
6.3386926377952753
20
-3.9305951968503936
11
6.3380004724409451
21
-3.9296573622047242
0
LINE
8
BLACK
6
CONTINUOUS
10
6.3380004724409451
20
-3.9296573622047242
11
6.3355178740157481
21
-3.9262935039370079
0
LINE
8
BLACK
6
CONTINUOUS
10
6.3355178740157481
20
-3.9262935039370079
11
6.3355177952755906
21
-3.9262934251968504
0
LINE
8
BLACK
6
CONTINUOUS
10
6.3355177952755906
20
-3.9262934251968504
11
6.3355177165354331
21
-3.9262933070866142
0
LINE
8
BLACK
6
CONTINUOUS
10
6.3355177165354331
20
-3.9262933070866142
11
6.335517559055118
21
-3.9262931889763779
0
LINE
8
BLACK
6
CONTINUOUS
10
6.335517559055118
20
-3.9262931889763779
11
6.3355174803149605
21
-3.9262931102362204
0
LINE
8
BLACK
6
CONTINUOUS
10
6.3355174803149605
20
-3.9262931102362204
11
6.3312158661417319
21
-3.9231183858267715
0
LINE
8
BLACK
6
CONTINUOUS
10
6.3312158661417319
20
-3.9231183858267715
11
6.326169409448819
21
-3.9213525590551179
0
LINE
8
BLACK
6
CONTINUOUS
10
6.326169409448819
20
-3.9213525590551179
11
6.3261690551181102
21
-3.9213524803149604
0
LINE
8
BLACK
6
CONTINUOUS
10
6.3261690551181102
20
-3.9213524803149604
11
6.3249714173228346
21
-3.9212401574803151
0
LINE
8
BLACK
6
CONTINUOUS
10
6.3249714173228346
20
-3.9212401574803151
11
6.3249711023622046
21
-3.9212401574803151
0
LINE
8
BLACK
6
CONTINUOUS
10
6.3249711023622046
20
-3.9212401574803151
11
6.3010131496062991
21
-3.9212401574803151
0
LINE
8
BLACK
6
CONTINUOUS
10
6.3010131496062991
20
-3.9212401574803151
11
6.3010127952755903
21
-3.9212401574803151
0
LINE
8
BLACK
6
CONTINUOUS
10
6.3010127952755903
20
-3.9212401574803151
11
6.2998151574803147
21
-3.9213524803149604
0
LINE
8
BLACK
6
CONTINUOUS
10
6.2998151574803147
20
-3.9213524803149604
11
6.299814803149606
21
-3.9213525590551179
0
LINE
8
BLACK
6
CONTINUOUS
10
6.299814803149606
20
-3.9213525590551179
11
6.294768346456693
21
-3.9231183858267715
0
LINE
8
BLACK
6
CONTINUOUS
10
6.294768346456693
20
-3.9231183858267715
11
6.2904667322834644
21
-3.9262931102362204
0
LINE
8
BLACK
6
CONTINUOUS
10
6.2904667322834644
20
-3.9262931102362204
11
6.2904663385826769
21
-3.9262935039370079
0
LINE
8
BLACK
6
CONTINUOUS
10
6.2904663385826769
20
-3.9262935039370079
11
6.2872916141732285
21
-3.9305951181102361
0
LINE
8
BLACK
6
CONTINUOUS
10
6.2872916141732285
20
-3.9305951181102361
11
6.2855257874015749
21
-3.9356415748031495
0
LINE
8
BLACK
6
CONTINUOUS
10
6.2855257874015749
20
-3.9356415748031495
11
6.2855257086614174
21
-3.9356419291338582
0
LINE
8
BLACK
6
CONTINUOUS
10
6.2855257086614174
20
-3.9356419291338582
11
6.2854133858267716
21
-3.9368395669291338
0
LINE
8
BLACK
6
CONTINUOUS
10
6.2854133858267716
20
-3.9368395669291338
11
6.2854133858267716
21
-3.9607981889763777
0
LINE
8
BLACK
6
CONTINUOUS
10
6.2854133858267716
20
-3.9607981889763777
11
6.2855257086614174
21
-3.9619958267716533
0
LINE
8
BLACK
6
CONTINUOUS
10
6.2855257086614174
20
-3.9619958267716533
11
6.2855257874015749
21
-3.9619961811023621
0
LINE
8
BLACK
6
CONTINUOUS
10
6.2855257874015749
20
-3.9619961811023621
11
6.2872916141732285
21
-3.9670426377952754
0
LINE
8
BLACK
6
CONTINUOUS
10
6.2872916141732285
20
-3.9670426377952754
11
6.2904663385826769
21
-3.971344251968504
0
LINE
8
BLACK
6
CONTINUOUS
10
6.2904663385826769
20
-3.971344251968504
11
6.2904663779527556
21
-3.9713442913385828
0
LINE
8
BLACK
6
CONTINUOUS
10
6.2904663779527556
20
-3.9713442913385828
11
6.2904665354330707
21
-3.9713444881889761
0
LINE
8
BLACK
6
CONTINUOUS
10
6.2904665354330707
20
-3.9713444881889761
11
6.2904666535433069
21
-3.9713445669291336
0
LINE
8
BLACK
6
CONTINUOUS
10
6.2904666535433069
20
-3.9713445669291336
11
6.2904667322834644
21
-3.9713446456692911
0
LINE
8
BLACK
6
CONTINUOUS
10
6.2904667322834644
20
-3.9713446456692911
11
6.294768346456693
21
-3.97451937007874
0
LINE
8
BLACK
6
CONTINUOUS
10
6.294768346456693
20
-3.97451937007874
11
6.2947683858267718
21
-3.97451937007874
0
LINE
8
BLACK
6
CONTINUOUS
10
6.2947683858267718
20
-3.97451937007874
11
6.2947684251968505
21
-3.9745194094488188
0
LINE
8
BLACK
6
CONTINUOUS
10
6.2947684251968505
20
-3.9745194094488188
11
6.2998149999999997
21
-3.9762852755905511
0
LINE
8
BLACK
6
CONTINUOUS
10
6.2998149999999997
20
-3.9762852755905511
11
6.3010127952755903
21
-3.9763975984251969
0
LINE
8
BLACK
6
CONTINUOUS
10
6.3010127952755903
20
-3.9763975984251969
11
6.3010128740157478
21
-3.9763976377952757
0
LINE
8
BLACK
6
CONTINUOUS
10
6.3010128740157478
20
-3.9763976377952757
11
6.3010131496062991
21
-3.9763976377952757
0
LINE
8
BLACK
6
CONTINUOUS
10
6.3010131496062991
20
-3.9763976377952757
11
6.3031692913385822
21
-3.9763976377952757
0
LINE
8
BLACK
6
CONTINUOUS
10
6.3031692913385822
20
-3.9763976377952757
11
6.3054602755905513
21
-3.9771420078740158
0
LINE
8
BLACK
6
CONTINUOUS
10
6.3054602755905513
20
-3.9771420078740158
11
6.3068761811023624
21
-3.9790908267716536
0
LINE
8
BLACK
6
CONTINUOUS
10
6.3068761811023624
20
-3.9790908267716536
11
6.3070669291338577
21
-3.9802952755905512
0
LINE
8
BLACK
6
CONTINUOUS
10
6.3070669291338577
20
-3.9802952755905512
11
6.3070669291338577
21
-4.1132086614173229
0
LINE
8
BLACK
6
CONTINUOUS
10
6.3070669291338577
20
-4.1132086614173229
11
6.3063225590551184
21
-4.1154996456692912
0
LINE
8
BLACK
6
CONTINUOUS
10
6.3063225590551184
20
-4.1154996456692912
11
6.3043737401574802
21
-4.1169155511811022
0
LINE
8
BLACK
6
CONTINUOUS
10
6.3043737401574802
20
-4.1169155511811022
11
6.3031692913385822
21
-4.1171062992125984
0
LINE
8
BLACK
6
CONTINUOUS
10
6.3031692913385822
20
-4.1171062992125984
11
6.2916433070866145
21
-4.1171062992125984
0
LINE
8
BLACK
6
CONTINUOUS
10
6.2916433070866145
20
-4.1171062992125984
11
6.2903020866141732
21
-4.1173016929133857
0
LINE
8
BLACK
6
CONTINUOUS
10
6.2903020866141732
20
-4.1173016929133857
11
6.2889607874015745
21
-4.1174971259842517
0
LINE
8
BLACK
6
CONTINUOUS
10
6.2889607874015745
20
-4.1174971259842517
11
6.2848235433070867
21
-4.1195197244094484
0
LINE
8
BLACK
6
CONTINUOUS
10
6.2848235433070867
20
-4.1195197244094484
11
6.2815669685039373
21
-4.1227762992125987
0
LINE
8
BLACK
6
CONTINUOUS
10
6.2815669685039373
20
-4.1227762992125987
11
6.2795443700787397
21
-4.1269135433070865
0
LINE
8
BLACK
6
CONTINUOUS
10
6.2795443700787397
20
-4.1269135433070865
11
6.2793489370078737
21
-4.1282548425196852
0
LINE
8
BLACK
6
CONTINUOUS
10
6.2793489370078737
20
-4.1282548425196852
11
6.2791535433070864
21
-4.1295960629921256
0
LINE
8
BLACK
6
CONTINUOUS
10
6.2791535433070864
20
-4.1295960629921256
11
6.2791535433070864
21
-4.144025984251968
0
LINE
8
BLACK
6
CONTINUOUS
10
6.2791535433070864
20
-4.144025984251968
11
6.2793312992125987
21
-4.1452459055118105
0
LINE
8
BLACK
6
CONTINUOUS
10
6.2793312992125987
20
-4.1452459055118105
11
6.2795443700787397
21
-4.1467084645669292
0
LINE
8
BLACK
6
CONTINUOUS
10
6.2795443700787397
20
-4.1467084645669292
11
6.2813359842519683
21
-4.1503732283464565
0
LINE
8
BLACK
6
CONTINUOUS
10
6.2813359842519683
20
-4.1503732283464565
11
6.281567007874016
21
-4.1508457874015745
0
LINE
8
BLACK
6
CONTINUOUS
10
6.281567007874016
20
-4.1508457874015745
11
6.2848235039370079
21
-4.1541022834645664
0
LINE
8
BLACK
6
CONTINUOUS
10
6.2848235039370079
20
-4.1541022834645664
11
6.2869403543307083
21
-4.1551371259842522
0
LINE
8
BLACK
6
CONTINUOUS
10
6.2869403543307083
20
-4.1551371259842522
11
6.2889607874015745
21
-4.156124881889764
0
LINE
8
BLACK
6
CONTINUOUS
10
6.2889607874015745
20
-4.156124881889764
11
6.2889608267716532
21
-4.156124881889764
0
LINE
8
BLACK
6
CONTINUOUS
10
6.2889608267716532
20
-4.156124881889764
11
6.2889609055118108
21
-4.1561249212598428
0
LINE
8
BLACK
6
CONTINUOUS
10
6.2889609055118108
20
-4.1561249212598428
11
6.2916433070866145
21
-4.156515748031496
0
LINE
8
BLACK
6
CONTINUOUS
10
6.2916433070866145
20
-4.156515748031496
11
6.2916434251968498
21
-4.156515748031496
0
LINE
8
BLACK
6
CONTINUOUS
10
6.2916434251968498
20
-4.156515748031496
11
6.3493801968503938
21
-4.156515748031496
0
LINE
8
BLACK
6
CONTINUOUS
10
6.3493801968503938
20
-4.156515748031496
11
6.34938031496063
21
-4.156515748031496
0
LINE
8
BLACK
6
CONTINUOUS
10
6.34938031496063
20
-4.156515748031496
11
6.3494969291338581
21
-4.1564987401574802
0
LINE
8
BLACK
6
CONTINUOUS
10
6.3494969291338581
20
-4.1564987401574802
11
6.3503737401574805
21
-4.1566487401574799
0
LINE
8
BLACK
6
CONTINUOUS
10
6.3503737401574805
20
-4.1566487401574799
11
6.351263503937008
21
-4.1566487401574799
0
LINE
8
BLACK
6
CONTINUOUS
10
6.351263503937008
20
-4.1566487401574799
11
6.3515374803149607
21
-4.1568477952755902
0
LINE
8
BLACK
6
CONTINUOUS
10
6.3515374803149607
20
-4.1568477952755902
11
6.3518712992125979
21
-4.1569049212598426
0
LINE
8
BLACK
6
CONTINUOUS
10
6.3518712992125979
20
-4.1569049212598426
11
6.3524925196850388
21
-4.1575416535433067
0
LINE
8
BLACK
6
CONTINUOUS
10
6.3524925196850388
20
-4.1575416535433067
11
6.3532123228346453
21
-4.1580646456692909
0
LINE
8
BLACK
6
CONTINUOUS
10
6.3532123228346453
20
-4.1580646456692909
11
6.353316968503937
21
-4.1583866929133855
0
LINE
8
BLACK
6
CONTINUOUS
10
6.353316968503937
20
-4.1583866929133855
11
6.3535534645669287
21
-4.1586291338582679
0
LINE
8
BLACK
6
CONTINUOUS
10
6.3535534645669287
20
-4.1586291338582679
11
6.3539566929133855
21
-4.1603556299212601
0
LINE
8
BLACK
6
CONTINUOUS
10
6.3539566929133855
20
-4.1603556299212601
11
6.3539566929133855
21
-4.1624789763779528
0
LINE
8
BLACK
6
CONTINUOUS
10
6.3539566929133855
20
-4.1624789763779528
11
6.3532123228346453
21
-4.1647699606299211
0
LINE
8
BLACK
6
CONTINUOUS
10
6.3532123228346453
20
-4.1647699606299211
11
6.351263503937008
21
-4.1661858661417321
0
LINE
8
BLACK
6
CONTINUOUS
10
6.351263503937008
20
-4.1661858661417321
11
6.3494974803149606
21
-4.1663359448818893
0
LINE
8
BLACK
6
CONTINUOUS
10
6.3494974803149606
20
-4.1663359448818893
11
6.3493805118110238
21
-4.1663188976377956
0
LINE
8
BLACK
6
CONTINUOUS
10
6.3493805118110238
20
-4.1663188976377956
11
6.34938031496063
21
-4.1663188976377956
0
LINE
8
BLACK
6
CONTINUOUS
10
6.34938031496063
20
-4.1663188976377956
11
6.2916433070866145
21
-4.1663188976377956
0
LINE
8
BLACK
6
CONTINUOUS
10
6.2916433070866145
20
-4.1663188976377956
11
6.2903020866141732
21
-4.1665142913385829
0
LINE
8
BLACK
6
CONTINUOUS
10
6.2903020866141732
20
-4.1665142913385829
11
6.2889607874015745
21
-4.1667097244094489
0
LINE
8
BLACK
6
CONTINUOUS
10
6.2889607874015745
20
-4.1667097244094489
11
6.2848234251968504
21
-4.1687323622047243
0
LINE
8
BLACK
6
CONTINUOUS
10
6.2848234251968504
20
-4.1687323622047243
11
6.2846958267716531
21
-4.1688599999999996
0
LINE
8
BLACK
6
CONTINUOUS
10
6.2846958267716531
20
-4.1688599999999996
11
6.2825494488188971
21
-4.1699535039370081
0
LINE
8
BLACK
6
CONTINUOUS
10
6.2825494488188971
20
-4.1699535039370081
11
6.2809311811023623
21
-4.1698686614173228
0
LINE
8
BLACK
6
CONTINUOUS
10
6.2809311811023623
20
-4.1698686614173228
11
6.2792246456692915
21
-4.1694114173228343
0
LINE
8
BLACK
6
CONTINUOUS
10
6.2792246456692915
20
-4.1694114173228343
11
6.2787030314960628
21
-4.1692716535433068
0
LINE
8
BLACK
6
CONTINUOUS
10
6.2787030314960628
20
-4.1692716535433068
11
6.2724780708661418
21
-4.1692716535433068
0
LINE
8
BLACK
6
CONTINUOUS
10
6.2724780708661418
20
-4.1692716535433068
11
6.2664651968503939
21
-4.17088279527559
0
LINE
8
BLACK
6
CONTINUOUS
10
6.2664651968503939
20
-4.17088279527559
11
6.2664651181102364
21
-4.1708828346456688
0
LINE
8
BLACK
6
CONTINUOUS
10
6.2664651181102364
20
-4.1708828346456688
11
6.2664650787401577
21
-4.1708828346456688
0
LINE
8
BLACK
6
CONTINUOUS
10
6.2664650787401577
20
-4.1708828346456688
11
6.2657085433070865
21
-4.1713196062992122
0
LINE
8
BLACK
6
CONTINUOUS
10
6.2657085433070865
20
-4.1713196062992122
11
6.2633522834645667
21
-4.1718203543307082
0
LINE
8
BLACK
6
CONTINUOUS
10
6.2633522834645667
20
-4.1718203543307082
11
6.261151732283464
21
-4.1708405118110239
0
LINE
8
BLACK
6
CONTINUOUS
10
6.261151732283464
20
-4.1708405118110239
11
6.2599473622047244
21
-4.1687543307086612
0
LINE
8
BLACK
6
CONTINUOUS
10
6.2599473622047244
20
-4.1687543307086612
11
6.259862204724409
21
-4.1679440944881891
0
LINE
8
BLACK
6
CONTINUOUS
10
6.259862204724409
20
-4.1679440944881891
11
6.259862204724409
21
-4.107723937007874
0
LINE
8
BLACK
6
CONTINUOUS
10
6.259862204724409
20
-4.107723937007874
11
6.2599593700787404
21
-4.1074248031496063
0
LINE
8
BLACK
6
CONTINUOUS
10
6.2599593700787404
20
-4.1074248031496063
11
6.2599101968503934
21
-4.1071142125984252
0
LINE
8
BLACK
6
CONTINUOUS
10
6.2599101968503934
20
-4.1071142125984252
11
6.2603245275590549
21
-4.106300984251968
0
LINE
8
BLACK
6
CONTINUOUS
10
6.2603245275590549
20
-4.106300984251968
11
6.2606065748031492
21
-4.1054329527559057
0
LINE
8
BLACK
6
CONTINUOUS
10
6.2606065748031492
20
-4.1054329527559057
11
6.2610033464566932
21
-4.1049683070866143
0
LINE
8
BLACK
6
CONTINUOUS
10
6.2610033464566932
20
-4.1049683070866143
11
6.2624482677165352
21
-4.1035233858267715
0
LINE
8
BLACK
6
CONTINUOUS
10
6.2624482677165352
20
-4.1035233858267715
11
6.2645945275590549
21
-4.1024298818897638
0
LINE
8
BLACK
6
CONTINUOUS
10
6.2645945275590549
20
-4.1024298818897638
11
6.2652042519685036
21
-4.1023818897637794
0
LINE
8
BLACK
6
CONTINUOUS
10
6.2652042519685036
20
-4.1023818897637794
11
6.2708289370078738
21
-4.1023818897637794
0
LINE
8
BLACK
6
CONTINUOUS
10
6.2708289370078738
20
-4.1023818897637794
11
6.2708290157480313
21
-4.1023818897637794
0
LINE
8
BLACK
6
CONTINUOUS
10
6.2708290157480313
20
-4.1023818897637794
11
6.2768418897637792
21
-4.1007707480314961
0
LINE
8
BLACK
6
CONTINUOUS
10
6.2768418897637792
20
-4.1007707480314961
11
6.282232913385827
21
-4.0976582677165352
0
LINE
8
BLACK
6
CONTINUOUS
10
6.282232913385827
20
-4.0976582677165352
11
6.2866346456692908
21
-4.0932565354330706
0
LINE
8
BLACK
6
CONTINUOUS
10
6.2866346456692908
20
-4.0932565354330706
11
6.2897471259842517
21
-4.0878655118110236
0
LINE
8
BLACK
6
CONTINUOUS
10
6.2897471259842517
20
-4.0878655118110236
11
6.2913582677165349
21
-4.0818526377952757
0
LINE
8
BLACK
6
CONTINUOUS
10
6.2913582677165349
20
-4.0818526377952757
11
6.2913582677165349
21
-4.0756276771653539
0
LINE
8
BLACK
6
CONTINUOUS
10
6.2913582677165349
20
-4.0756276771653539
11
6.2897471259842517
21
-4.069614803149606
0
LINE
8
BLACK
6
CONTINUOUS
10
6.2897471259842517
20
-4.069614803149606
11
6.2866346456692908
21
-4.0642237795275591
0
LINE
8
BLACK
6
CONTINUOUS
10
6.2866346456692908
20
-4.0642237795275591
11
6.282232913385827
21
-4.0598220472440945
0
LINE
8
BLACK
6
CONTINUOUS
10
6.282232913385827
20
-4.0598220472440945
11
6.2768418897637792
21
-4.0567095669291335
0
LINE
8
BLACK
6
CONTINUOUS
10
6.2768418897637792
20
-4.0567095669291335
11
6.2708290157480313
21
-4.0550984251968503
0
LINE
8
BLACK
6
CONTINUOUS
10
6.2708290157480313
20
-4.0550984251968503
11
6.2646040551181104
21
-4.0550984251968503
0
LINE
8
BLACK
6
CONTINUOUS
10
6.2646040551181104
20
-4.0550984251968503
11
6.2585911811023625
21
-4.0567095669291335
0
LINE
8
BLACK
6
CONTINUOUS
10
6.2585911811023625
20
-4.0567095669291335
11
6.2532001574803147
21
-4.0598220472440945
0
LINE
8
BLACK
6
CONTINUOUS
10
6.2532001574803147
20
-4.0598220472440945
11
6.24879842519685
21
-4.0642237795275591
0
LINE
8
BLACK
6
CONTINUOUS
10
6.24879842519685
20
-4.0642237795275591
11
6.24568594488189
21
-4.069614803149606
0
LINE
8
BLACK
6
CONTINUOUS
10
6.24568594488189
20
-4.069614803149606
11
6.2441770866141733
21
-4.0752460236220474
0
LINE
8
BLACK
6
CONTINUOUS
10
6.2441770866141733
20
-4.0752460236220474
11
6.2440748031496058
21
-4.0756277165354327
0
LINE
8
BLACK
6
CONTINUOUS
10
6.2440748031496058
20
-4.0756277165354327
11
6.2440748031496058
21
-4.0812523622047241
0
LINE
8
BLACK
6
CONTINUOUS
10
6.2440748031496058
20
-4.0812523622047241
11
6.2433304330708657
21
-4.0835433464566933
0
LINE
8
BLACK
6
CONTINUOUS
10
6.2433304330708657
20
-4.0835433464566933
11
6.2429332283464563
21
-4.0840083858267713
0
LINE
8
BLACK
6
CONTINUOUS
10
6.2429332283464563
20
-4.0840083858267713
11
6.2350209448818896
21
-4.0919206692913388
0
LINE
8
BLACK
6
CONTINUOUS
10
6.2350209448818896
20
-4.0919206692913388
11
6.2350208661417321
21
-4.0919207480314963
0
LINE
8
BLACK
6
CONTINUOUS
10
6.2350208661417321
20
-4.0919207480314963
11
6.2350208661417321
21
-4.0919207874015751
0
LINE
8
BLACK
6
CONTINUOUS
10
6.2350208661417321
20
-4.0919207874015751
11
6.2344206692913389
21
-4.0929603543307085
0
LINE
8
BLACK
6
CONTINUOUS
10
6.2344206692913389
20
-4.0929603543307085
11
6.2332041732283461
21
-4.095067401574803
0
LINE
8
BLACK
6
CONTINUOUS
10
6.2332041732283461
20
-4.095067401574803
11
6.2322637795275586
21
-4.0985770472440946
0
LINE
8
BLACK
6
CONTINUOUS
10
6.2322637795275586
20
-4.0985770472440946
11
6.2322637795275586
21
-4.2156092913385823
0
LINE
8
BLACK
6
CONTINUOUS
10
6.2322637795275586
20
-4.2156092913385823
11
6.2325172047244095
21
-4.2165550393700784
0
LINE
8
BLACK
6
CONTINUOUS
10
6.2325172047244095
20
-4.2165550393700784
11
6.2325172047244095
21
-4.2165550787401571
0
LINE
8
BLACK
6
CONTINUOUS
10
6.2325172047244095
20
-4.2165550787401571
11
6.2325172440944883
21
-4.2165550787401571
0
LINE
8
BLACK
6
CONTINUOUS
10
6.2325172440944883
20
-4.2165550787401571
11
6.2325172440944883
21
-4.2165551181102359
0
LINE
8
BLACK
6
CONTINUOUS
10
6.2325172440944883
20
-4.2165551181102359
11
6.2332041732283461
21
-4.2191188188976376
0
LINE
8
BLACK
6
CONTINUOUS
10
6.2332041732283461
20
-4.2191188188976376
11
6.2350208661417321
21
-4.2222654330708664
0
LINE
8
BLACK
6
CONTINUOUS
10
6.2350208661417321
20
-4.2222654330708664
11
6.2590337795275586
21
-4.2462783464566929
0
LINE
8
BLACK
6
CONTINUOUS
10
6.2590337795275586
20
-4.2462783464566929
11
6.2621803937007874
21
-4.2480950393700789
0
LINE
8
BLACK
6
CONTINUOUS
10
6.2621803937007874
20
-4.2480950393700789
11
6.2656900000000002
21
-4.2490354330708664
0
LINE
8
BLACK
6
CONTINUOUS
10
6.2656900000000002
20
-4.2490354330708664
11
6.265690039370079
21
-4.2490354330708664
0
LINE
8
BLACK
6
CONTINUOUS
10
6.265690039370079
20
-4.2490354330708664
11
6.2693233858267714
21
-4.2490354330708664
0
LINE
8
BLACK
6
CONTINUOUS
10
6.2693233858267714
20
-4.2490354330708664
11
6.2797170078740159
21
-4.2490354330708664
0
LINE
8
BLACK
6
CONTINUOUS
10
6.2797170078740159
20
-4.2490354330708664
11
6.2820079921259842
21
-4.2497798031496066
0
LINE
8
BLACK
6
CONTINUOUS
10
6.2820079921259842
20
-4.2497798031496066
11
6.2824727952755905
21
-4.2501767716535435
0
LINE
8
BLACK
6
CONTINUOUS
10
6.2824727952755905
20
-4.2501767716535435
11
6.2848235039370079
21
-4.2525274803149609
0
LINE
8
BLACK
6
CONTINUOUS
10
6.2848235039370079
20
-4.2525274803149609
11
6.2869403543307083
21
-4.2535623228346457
0
LINE
8
BLACK
6
CONTINUOUS
10
6.2869403543307083
20
-4.2535623228346457
11
6.2889607874015745
21
-4.2545500787401576
0
LINE
8
BLACK
6
CONTINUOUS
10
6.2889607874015745
20
-4.2545500787401576
11
6.2889608267716532
21
-4.2545500787401576
0
LINE
8
BLACK
6
CONTINUOUS
10
6.2889608267716532
20
-4.2545500787401576
11
6.2889609055118108
21
-4.2545501181102363
0
LINE
8
BLACK
6
CONTINUOUS
10
6.2889609055118108
20
-4.2545501181102363
11
6.2916433070866145
21
-4.2549409448818896
0
LINE
8
BLACK
6
CONTINUOUS
10
6.2916433070866145
20
-4.2549409448818896
11
6.2916434251968498
21
-4.2549409448818896
0
LINE
8
BLACK
6
CONTINUOUS
10
6.2916434251968498
20
-4.2549409448818896
11
6.3493801968503938
21
-4.2549409448818896
0
LINE
8
BLACK
6
CONTINUOUS
10
6.3493801968503938
20
-4.2549409448818896
11
6.34938031496063
21
-4.2549409448818896
0
LINE
8
BLACK
6
CONTINUOUS
10
6.34938031496063
20
-4.2549409448818896
11
6.3494969291338581
21
-4.2549239370078737
0
LINE
8
BLACK
6
CONTINUOUS
10
6.3494969291338581
20
-4.2549239370078737
11
6.3503737401574805
21
-4.2550739370078743
0
LINE
8
BLACK
6
CONTINUOUS
10
6.3503737401574805
20
-4.2550739370078743
11
6.351263503937008
21
-4.2550739370078743
0
LINE
8
BLACK
6
CONTINUOUS
10
6.351263503937008
20
-4.2550739370078743
11
6.3515374803149607
21
-4.2552729921259838
0
LINE
8
BLACK
6
CONTINUOUS
10
6.3515374803149607
20
-4.2552729921259838
11
6.3518712992125979
21
-4.2553301181102361
0
LINE
8
BLACK
6
CONTINUOUS
10
6.3518712992125979
20
-4.2553301181102361
11
6.3524925196850388
21
-4.2559668503937003
0
LINE
8
BLACK
6
CONTINUOUS
10
6.3524925196850388
20
-4.2559668503937003
11
6.3532123228346453
21
-4.2564898425196853
0
LINE
8
BLACK
6
CONTINUOUS
10
6.3532123228346453
20
-4.2564898425196853
11
6.353316968503937
21
-4.256811889763779
0
LINE
8
BLACK
6
CONTINUOUS
10
6.353316968503937
20
-4.256811889763779
11
6.3535534645669287
21
-4.2570543307086615
0
LINE
8
BLACK
6
CONTINUOUS
10
6.3535534645669287
20
-4.2570543307086615
11
6.3539566929133855
21
-4.2587808267716536
0
LINE
8
BLACK
6
CONTINUOUS
10
6.3539566929133855
20
-4.2587808267716536
11
6.3539566929133855
21
-4.2609041732283464
0
LINE
8
BLACK
6
CONTINUOUS
10
6.3539566929133855
20
-4.2609041732283464
11
6.3532123228346453
21
-4.2631951574803146
0
LINE
8
BLACK
6
CONTINUOUS
10
6.3532123228346453
20
-4.2631951574803146
11
6.351263503937008
21
-4.2646110629921257
0
LINE
8
BLACK
6
CONTINUOUS
10
6.351263503937008
20
-4.2646110629921257
11
6.3494974803149606
21
-4.2647611417322837
0
LINE
8
BLACK
6
CONTINUOUS
10
6.3494974803149606
20
-4.2647611417322837
11
6.3493805118110238
21
-4.2647440944881891
0
LINE
8
BLACK
6
CONTINUOUS
10
6.3493805118110238
20
-4.2647440944881891
11
6.34938031496063
21
-4.2647440944881891
0
LINE
8
BLACK
6
CONTINUOUS
10
6.34938031496063
20
-4.2647440944881891
11
6.2916433070866145
21
-4.2647440944881891
0
LINE
8
BLACK
6
CONTINUOUS
10
6.2916433070866145
20
-4.2647440944881891
11
6.2903020866141732
21
-4.2649394881889764
0
LINE
8
BLACK
6
CONTINUOUS
10
6.2903020866141732
20
-4.2649394881889764
11
6.2889607874015745
21
-4.2651349212598424
0
LINE
8
BLACK
6
CONTINUOUS
10
6.2889607874015745
20
-4.2651349212598424
11
6.2848235433070867
21
-4.2671575196850391
0
LINE
8
BLACK
6
CONTINUOUS
10
6.2848235433070867
20
-4.2671575196850391
11
6.2848235039370079
21
-4.2671575196850391
0
LINE
8
BLACK
6
CONTINUOUS
10
6.2848235039370079
20
-4.2671575196850391
11
6.2848235039370079
21
-4.2671575590551178
0
LINE
8
BLACK
6
CONTINUOUS
10
6.2848235039370079
20
-4.2671575590551178
11
6.2824729527559056
21
-4.2695080708661415
0
LINE
8
BLACK
6
CONTINUOUS
10
6.2824729527559056
20
-4.2695080708661415
11
6.2803267322834646
21
-4.2706016141732279
0
LINE
8
BLACK
6
CONTINUOUS
10
6.2803267322834646
20
-4.2706016141732279
11
6.2797170078740159
21
-4.2706496062992123
0
LINE
8
BLACK
6
CONTINUOUS
10
6.2797170078740159
20
-4.2706496062992123
11
6.2642200787401574
21
-4.2706496062992123
0
LINE
8
BLACK
6
CONTINUOUS
10
6.2642200787401574
20
-4.2706496062992123
11
6.2619290944881891
21
-4.2699052362204721
0
LINE
8
BLACK
6
CONTINUOUS
10
6.2619290944881891
20
-4.2699052362204721
11
6.2614640157480315
21
-4.2695080314960627
0
LINE
8
BLACK
6
CONTINUOUS
10
6.2614640157480315
20
-4.2695080314960627
11
6.1881691338582678
21
-4.1962131496062991
0
LINE
8
BLACK
6
CONTINUOUS
10
6.1881691338582678
20
-4.1962131496062991
11
6.1870755511811026
21
-4.1940668110236219
0
LINE
8
BLACK
6
CONTINUOUS
10
6.1870755511811026
20
-4.1940668110236219
11
6.1870275590551183
21
-4.1934570866141732
0
LINE
8
BLACK
6
CONTINUOUS
10
6.1870275590551183
20
-4.1934570866141732
11
6.1870275590551183
21
-4.0795940551181102
0
LINE
8
BLACK
6
CONTINUOUS
10
6.1870275590551183
20
-4.0795940551181102
11
6.1877719291338584
21
-4.077303070866142
0
LINE
8
BLACK
6
CONTINUOUS
10
6.1877719291338584
20
-4.077303070866142
11
6.1891555905511808
21
-4.0761212992125984
0
LINE
8
BLACK
6
CONTINUOUS
10
6.1891555905511808
20
-4.0761212992125984
11
6.1934386614173231
21
-4.0739389763779528
0
LINE
8
BLACK
6
CONTINUOUS
10
6.1934386614173231
20
-4.0739389763779528
11
6.1969704724409445
21
-4.0704071653543306
0
LINE
8
BLACK
6
CONTINUOUS
10
6.1969704724409445
20
-4.0704071653543306
11
6.1992380314960629
21
-4.0659568503937011
0
LINE
8
BLACK
6
CONTINUOUS
10
6.1992380314960629
20
-4.0659568503937011
11
6.1998228346456692
21
-4.062264527559055
0
LINE
8
BLACK
6
CONTINUOUS
10
6.1998228346456692
20
-4.062264527559055
11
6.1998227952755904
21
-4.0440347244094488
0
LINE
8
BLACK
6
CONTINUOUS
10
6.1998227952755904
20
-4.0440347244094488
11
6.1998227952755904
21
-4.0440346062992125
0
LINE
8
BLACK
6
CONTINUOUS
10
6.1998227952755904
20
-4.0440346062992125
11
6.1998227559055117
21
-4.0440343307086613
0
LINE
8
BLACK
6
CONTINUOUS
10
6.1998227559055117
20
-4.0440343307086613
11
6.1992380708661416
21
-4.0403425196850389
0
LINE
8
BLACK
6
CONTINUOUS
10
6.1992380708661416
20
-4.0403425196850389
11
6.1992380314960629
21
-4.0403424409448814
0
LINE
8
BLACK
6
CONTINUOUS
10
6.1992380314960629
20
-4.0403424409448814
11
6.1992380314960629
21
-4.0403423622047248
0
LINE
8
BLACK
6
CONTINUOUS
10
6.1992380314960629
20
-4.0403423622047248
11
6.1969704724409445
21
-4.0358920472440944
0
LINE
8
BLACK
6
CONTINUOUS
10
6.1969704724409445
20
-4.0358920472440944
11
6.1934386614173231
21
-4.0323602362204722
0
LINE
8
BLACK
6
CONTINUOUS
10
6.1934386614173231
20
-4.0323602362204722
11
6.1889883464566928
21
-4.0300926771653538
0
LINE
8
BLACK
6
CONTINUOUS
10
6.1889883464566928
20
-4.0300926771653538
11
6.1889883858267716
21
-4.0300926771653538
0
LINE
8
BLACK
6
CONTINUOUS
10
6.1889883858267716
20
-4.0300926771653538
11
6.1852961417322829
21
-4.0295078740157475
0
LINE
8
BLACK
6
CONTINUOUS
10
6.1852961417322829
20
-4.0295078740157475
11
6.161160590551181
21
-4.0295078740157475
0
LINE
8
BLACK
6
CONTINUOUS
10
6.161160590551181
20
-4.0295078740157475
11
6.1611604724409448
21
-4.0295079133858263
0
LINE
8
BLACK
6
CONTINUOUS
10
6.1611604724409448
20
-4.0295079133858263
11
6.1574685039370074
21
-4.0300925984251972
0
LINE
8
BLACK
6
CONTINUOUS
10
6.1574685039370074
20
-4.0300925984251972
11
6.1574683070866136
21
-4.0300926771653538
0
LINE
8
BLACK
6
CONTINUOUS
10
6.1574683070866136
20
-4.0300926771653538
11
6.1530180708661417
21
-4.0323601968503935
0
LINE
8
BLACK
6
CONTINUOUS
10
6.1530180708661417
20
-4.0323601968503935
11
6.149486181102362
21
-4.0358920866141732
0
LINE
8
BLACK
6
CONTINUOUS
10
6.149486181102362
20
-4.0358920866141732
11
6.1472186614173223
21
-4.040342322834646
0
LINE
8
BLACK
6
CONTINUOUS
10
6.1472186614173223
20
-4.040342322834646
11
6.146633858267716
21
-4.044034527559055
0
LINE
8
BLACK
6
CONTINUOUS
10
6.146633858267716
20
-4.044034527559055
11
6.146633858267716
21
-4.0622645669291337
0
LINE
8
BLACK
6
CONTINUOUS
10
5.862185039370079
20
-4.2781847244094484
11
5.8624846062992129
21
-4.2793026771653544
0
LINE
8
BLACK
6
CONTINUOUS
10
5.8624846062992129
20
-4.2793026771653544
11
5.8635279133858269
21
-4.283196456692913
0
LINE
8
BLACK
6
CONTINUOUS
10
5.8635279133858269
20
-4.283196456692913
11
5.8661218897637797
21
-4.2876893307086617
0
LINE
8
BLACK
6
CONTINUOUS
10
5.8661218897637797
20
-4.2876893307086617
11
5.8661219685039372
21
-4.2876894094488192
0
LINE
8
BLACK
6
CONTINUOUS
10
5.8661219685039372
20
-4.2876894094488192
11
5.8661220472440947
21
-4.2876895275590554
0
LINE
8
BLACK
6
CONTINUOUS
10
5.8661220472440947
20
-4.2876895275590554
11
5.8697907874015742
21
-4.2913582677165349
0
LINE
8
BLACK
6
CONTINUOUS
10
5.8697907874015742
20
-4.2913582677165349
11
5.8697908661417317
21
-4.2913583070866137
0
LINE
8
BLACK
6
CONTINUOUS
10
5.8697908661417317
20
-4.2913583070866137
11
5.8697909448818892
21
-4.2913583858267712
0
LINE
8
BLACK
6
CONTINUOUS
10
5.8697909448818892
20
-4.2913583858267712
11
5.8742838582677166
21
-4.293952362204724
0
LINE
8
BLACK
6
CONTINUOUS
10
5.8742838582677166
20
-4.293952362204724
11
5.8742837795275591
21
-4.293952362204724
0
LINE
8
BLACK
6
CONTINUOUS
10
5.8742837795275591
20
-4.293952362204724
11
5.8742839370078741
21
-4.2939524015748027
0
LINE
8
BLACK
6
CONTINUOUS
10
5.8742839370078741
20
-4.2939524015748027
11
5.8742840157480316
21
-4.2939524409448815
0
LINE
8
BLACK
6
CONTINUOUS
10
5.8742840157480316
20
-4.2939524409448815
11
5.8792955905511812
21
-4.2952952755905507
0
LINE
8
BLACK
6
CONTINUOUS
10
5.8792955905511812
20
-4.2952952755905507
11
5.8792956692913387
21
-4.2952952755905507
0
LINE
8
BLACK
6
CONTINUOUS
10
5.8792956692913387
20
-4.2952952755905507
11
5.8844838582677168
21
-4.2952952755905507
0
LINE
8
BLACK
6
CONTINUOUS
10
5.8844838582677168
20
-4.2952952755905507
11
5.8844839370078743
21
-4.2952952755905507
0
LINE
8
BLACK
6
CONTINUOUS
10
5.8844839370078743
20
-4.2952952755905507
11
5.8894955118110239
21
-4.2939524409448815
0
LINE
8
BLACK
6
CONTINUOUS
10
5.8894955118110239
20
-4.2939524409448815
11
5.8894955905511805
21
-4.293952362204724
0
LINE
8
BLACK
6
CONTINUOUS
10
5.8894955905511805
20
-4.293952362204724
11
5.8894956692913381
21
-4.293952362204724
0
LINE
8
BLACK
6
CONTINUOUS
10
5.8894956692913381
20
-4.293952362204724
11
5.8939885433070867
21
-4.2913583858267712
0
LINE
8
BLACK
6
CONTINUOUS
10
5.8939885433070867
20
-4.2913583858267712
11
5.8939885433070867
21
-4.2913583464566925
0
LINE
8
BLACK
6
CONTINUOUS
10
5.8939885433070867
20
-4.2913583464566925
11
5.8939887401574804
21
-4.2913582677165349
0
LINE
8
BLACK
6
CONTINUOUS
10
5.8939887401574804
20
-4.2913582677165349
11
5.8976574803149608
21
-4.2876895275590554
0
LINE
8
BLACK
6
CONTINUOUS
10
5.8976574803149608
20
-4.2876895275590554
11
5.9002516535433074
21
-4.283196299212598
0
LINE
8
BLACK
6
CONTINUOUS
10
5.9002516535433074
20
-4.283196299212598
11
5.9015944881889766
21
-4.2781847244094484
0
LINE
8
BLACK
6
CONTINUOUS
10
5.9015944881889766
20
-4.2781847244094484
11
5.9015944881889766
21
-4.2729963779527562
0
LINE
8
BLACK
6
CONTINUOUS
10
5.9015944881889766
20
-4.2729963779527562
11
5.9002516535433074
21
-4.2679848031496066
0
LINE
8
BLACK
6
CONTINUOUS
10
5.9002516535433074
20
-4.2679848031496066
11
5.9002515748031499
21
-4.2679846850393703
0
LINE
8
BLACK
6
CONTINUOUS
10
5.9002515748031499
20
-4.2679846850393703
11
5.9002515748031499
21
-4.2679846062992128
0
LINE
8
BLACK
6
CONTINUOUS
10
5.9002515748031499
20
-4.2679846062992128
11
5.8976575984251971
21
-4.2634917322834642
0
LINE
8
BLACK
6
CONTINUOUS
10
5.8976575984251971
20
-4.2634917322834642
11
5.8976575196850396
21
-4.2634916535433067
0
LINE
8
BLACK
6
CONTINUOUS
10
5.8976575196850396
20
-4.2634916535433067
11
5.8976574803149608
21
-4.2634915748031492
0
LINE
8
BLACK
6
CONTINUOUS
10
5.8976574803149608
20
-4.2634915748031492
11
5.8939887401574804
21
-4.2598228346456688
0
LINE
8
BLACK
6
CONTINUOUS
10
5.8939887401574804
20
-4.2598228346456688
11
5.8939886220472442
21
-4.2598227559055113
0
LINE
8
BLACK
6
CONTINUOUS
10
5.8939886220472442
20
-4.2598227559055113
11
5.8939885433070867
21
-4.2598226771653547
0
LINE
8
BLACK
6
CONTINUOUS
10
5.8939885433070867
20
-4.2598226771653547
11
5.8894956299212593
21
-4.2572287007874019
0
LINE
8
BLACK
6
CONTINUOUS
10
5.8894956299212593
20
-4.2572287007874019
11
5.8894957086614168
21
-4.2572287007874019
0
LINE
8
BLACK
6
CONTINUOUS
10
5.8894957086614168
20
-4.2572287007874019
11
5.887551141732283
21
-4.2567076771653545
0
LINE
8
BLACK
6
CONTINUOUS
10
5.887551141732283
20
-4.2567076771653545
11
5.8844839370078743
21
-4.2558858267716531
0
LINE
8
BLACK
6
CONTINUOUS
10
5.8844839370078743
20
-4.2558858267716531
11
5.8792955905511812
21
-4.2558858267716531
0
LINE
8
BLACK
6
CONTINUOUS
10
5.8792955905511812
20
-4.2558858267716531
11
5.8762283464566929
21
-4.2567076771653545
0
LINE
8
BLACK
6
CONTINUOUS
10
5.8762283464566929
20
-4.2567076771653545
11
5.8742838188976378
21
-4.2572287007874019
0
LINE
8
BLACK
6
CONTINUOUS
10
5.8742838188976378
20
-4.2572287007874019
11
5.8697909448818892
21
-4.2598226771653547
0
LINE
8
BLACK
6
CONTINUOUS
10
5.8697909448818892
20
-4.2598226771653547
11
5.8661218897637797
21
-4.2634917322834642
0
LINE
8
BLACK
6
CONTINUOUS
10
5.8661218897637797
20
-4.2634917322834642
11
5.8635279133858269
21
-4.2679846062992128
0
LINE
8
BLACK
6
CONTINUOUS
10
5.8635279133858269
20
-4.2679846062992128
11
5.863351535433071
21
-4.2686428740157476
0
LINE
8
BLACK
6
CONTINUOUS
10
5.863351535433071
20
-4.2686428740157476
11
5.862185039370079
21
-4.2729963779527562
0
LINE
8
BLACK
6
CONTINUOUS
10
5.862185039370079
20
-4.2729963779527562
11
5.862185039370079
21
-4.2781847244094484
0
LINE
8
BLACK
6
CONTINUOUS
10
6.024586614173228
20
-4.2226976377952754
11
6.0245866535433068
21
-4.2226977559055117
0
LINE
8
BLACK
6
CONTINUOUS
10
6.0245866535433068
20
-4.2226977559055117
11
6.0251713385826768
21
-4.226389724409449
0
LINE
8
BLACK
6
CONTINUOUS
10
6.0251713385826768
20
-4.226389724409449
11
6.0251714173228343
21
-4.2263899212598428
0
LINE
8
BLACK
6
CONTINUOUS
10
6.0251714173228343
20
-4.2263899212598428
11
6.0274389763779528
21
-4.2308402362204722
0
LINE
8
BLACK
6
CONTINUOUS
10
6.0274389763779528
20
-4.2308402362204722
11
6.030970787401575
21
-4.2343720472440944
0
LINE
8
BLACK
6
CONTINUOUS
10
6.030970787401575
20
-4.2343720472440944
11
6.0354211023622044
21
-4.2366396062992129
0
LINE
8
BLACK
6
CONTINUOUS
10
6.0354211023622044
20
-4.2366396062992129
11
6.0391134251968506
21
-4.2372244094488192
0
LINE
8
BLACK
6
CONTINUOUS
10
6.0391134251968506
20
-4.2372244094488192
11
6.0632487401574799
21
-4.2372243700787404
0
LINE
8
BLACK
6
CONTINUOUS
10
6.0632487401574799
20
-4.2372243700787404
11
6.0632488188976374
21
-4.2372243700787404
0
LINE
8
BLACK
6
CONTINUOUS
10
6.0632488188976374
20
-4.2372243700787404
11
6.0632488582677162
21
-4.2372243307086617
0
LINE
8
BLACK
6
CONTINUOUS
10
6.0632488582677162
20
-4.2372243307086617
11
6.065094921259842
21
-4.2369319685039368
0
LINE
8
BLACK
6
CONTINUOUS
10
6.065094921259842
20
-4.2369319685039368
11
6.0669409055118111
21
-4.2366396456692916
0
LINE
8
BLACK
6
CONTINUOUS
10
6.0669409055118111
20
-4.2366396456692916
11
6.0669409055118111
21
-4.2366396062992129
0
LINE
8
BLACK
6
CONTINUOUS
10
6.0669409055118111
20
-4.2366396062992129
11
6.0669411023622049
21
-4.2366396062992129
0
LINE
8
BLACK
6
CONTINUOUS
10
6.0669411023622049
20
-4.2366396062992129
11
6.0713914173228343
21
-4.2343720472440944
0
LINE
8
BLACK
6
CONTINUOUS
10
6.0713914173228343
20
-4.2343720472440944
11
6.0742872834645665
21
-4.2314761417322835
0
LINE
8
BLACK
6
CONTINUOUS
10
6.0742872834645665
20
-4.2314761417322835
11
6.0764335433070862
21
-4.2303826377952758
0
LINE
8
BLACK
6
CONTINUOUS
10
6.0764335433070862
20
-4.2303826377952758
11
6.0770432677165349
21
-4.2303346456692914
0
LINE
8
BLACK
6
CONTINUOUS
10
6.0770432677165349
20
-4.2303346456692914
11
6.0889864960629918
21
-4.2303346456692914
0
LINE
8
BLACK
6
CONTINUOUS
10
6.0889864960629918
20
-4.2303346456692914
11
6.0912774803149601
21
-4.2310790157480316
0
LINE
8
BLACK
6
CONTINUOUS
10
6.0912774803149601
20
-4.2310790157480316
11
6.0917422834645665
21
-4.2314759842519685
0
LINE
8
BLACK
6
CONTINUOUS
10
6.0917422834645665
20
-4.2314759842519685
11
6.095719842519685
21
-4.2354535433070861
0
LINE
8
BLACK
6
CONTINUOUS
10
6.095719842519685
20
-4.2354535433070861
11
6.1011108661417319
21
-4.238566023622047
0
LINE
8
BLACK
6
CONTINUOUS
10
6.1011108661417319
20
-4.238566023622047
11
6.1071237401574798
21
-4.2401771653543303
0
LINE
8
BLACK
6
CONTINUOUS
10
6.1071237401574798
20
-4.2401771653543303
11
6.1071238188976373
21
-4.2401771653543303
0
LINE
8
BLACK
6
CONTINUOUS
10
6.1071238188976373
20
-4.2401771653543303
11
6.1133486220472442
21
-4.2401771653543303
0
LINE
8
BLACK
6
CONTINUOUS
10
6.1133486220472442
20
-4.2401771653543303
11
6.1133487007874017
21
-4.2401771653543303
0
LINE
8
BLACK
6
CONTINUOUS
10
6.1133487007874017
20
-4.2401771653543303
11
6.1193615748031496
21
-4.238566023622047
0
LINE
8
BLACK
6
CONTINUOUS
10
6.1193615748031496
20
-4.238566023622047
11
6.1247525984251965
21
-4.2354535433070861
0
LINE
8
BLACK
6
CONTINUOUS
10
6.1247525984251965
20
-4.2354535433070861
11
6.1291543307086611
21
-4.2310518110236224
0
LINE
8
BLACK
6
CONTINUOUS
10
6.1291543307086611
20
-4.2310518110236224
11
6.132266811023622
21
-4.2256607874015746
0
LINE
8
BLACK
6
CONTINUOUS
10
6.132266811023622
20
-4.2256607874015746
11
6.1338779527559053
21
-4.2196479133858267
0
LINE
8
BLACK
6
CONTINUOUS
10
6.1338779527559053
20
-4.2196479133858267
11
6.1338779527559053
21
-4.2134229527559057
0
LINE
8
BLACK
6
CONTINUOUS
10
6.1338779527559053
20
-4.2134229527559057
11
6.132266811023622
21
-4.2074100787401578
0
LINE
8
BLACK
6
CONTINUOUS
10
6.132266811023622
20
-4.2074100787401578
11
6.1291543307086611
21
-4.20201905511811
0
LINE
8
BLACK
6
CONTINUOUS
10
6.1291543307086611
20
-4.20201905511811
11
6.127029763779527
21
-4.1998944881889759
0
LINE
8
BLACK
6
CONTINUOUS
10
6.127029763779527
20
-4.1998944881889759
11
6.1259362598425193
21
-4.197748267716535
0
LINE
8
BLACK
6
CONTINUOUS
10
6.1259362598425193
20
-4.197748267716535
11
6.126313070866142
21
-4.1953690551181104
0
LINE
8
BLACK
6
CONTINUOUS
10
6.126313070866142
20
-4.1953690551181104
11
6.1280164173228346
21
-4.1936657086614169
0
LINE
8
BLACK
6
CONTINUOUS
10
6.1280164173228346
20
-4.1936657086614169
11
6.129176456692913
21
-4.1932888582677164
0
LINE
8
BLACK
6
CONTINUOUS
10
6.129176456692913
20
-4.1932888582677164
11
6.1292507086614174
21
-4.1932770866141729
0
LINE
8
BLACK
6
CONTINUOUS
10
6.1292507086614174
20
-4.1932770866141729
11
6.1292507480314962
21
-4.1932770472440941
0
LINE
8
BLACK
6
CONTINUOUS
10
6.1292507480314962
20
-4.1932770472440941
11
6.1339732677165353
21
-4.1908707874015745
0
LINE
8
BLACK
6
CONTINUOUS
10
6.1339732677165353
20
-4.1908707874015745
11
6.1377211811023624
21
-4.1871228740157482
0
LINE
8
BLACK
6
CONTINUOUS
10
6.1377211811023624
20
-4.1871228740157482
11
6.1401274409448821
21
-4.1824003543307082
0
LINE
8
BLACK
6
CONTINUOUS
10
6.1401274409448821
20
-4.1824003543307082
11
6.140748031496063
21
-4.1784824015748034
0
LINE
8
BLACK
6
CONTINUOUS
10
6.140748031496063
20
-4.1784824015748034
11
6.140748031496063
21
-4.1783071259842517
0
LINE
8
BLACK
6
CONTINUOUS
10
6.140748031496063
20
-4.1783071259842517
11
6.1407479921259842
21
-4.1783070866141729
0
LINE
8
BLACK
6
CONTINUOUS
10
6.1407479921259842
20
-4.1783070866141729
11
6.1326469291338581
21
-4.1783070866141729
0
LINE
8
BLACK
6
CONTINUOUS
10
6.1326469291338581
20
-4.1783070866141729
11
6.1321997244094488
21
-4.1805552755905513
0
LINE
8
BLACK
6
CONTINUOUS
10
6.1321997244094488
20
-4.1805552755905513
11
6.1302794881889762
21
-4.1834290944881891
0
LINE
8
BLACK
6
CONTINUOUS
10
6.1302794881889762
20
-4.1834290944881891
11
6.1274056692913383
21
-4.1853493307086609
0
LINE
8
BLACK
6
CONTINUOUS
10
6.1274056692913383
20
-4.1853493307086609
11
6.1240157480314963
21
-4.1860236220472444
0
LINE
8
BLACK
6
CONTINUOUS
10
6.1240157480314963
20
-4.1860236220472444
11
6.1043307086614176
21
-4.1860236220472444
0
LINE
8
BLACK
6
CONTINUOUS
10
6.1043307086614176
20
-4.1860236220472444
11
6.1009407874015746
21
-4.1853493307086609
0
LINE
8
BLACK
6
CONTINUOUS
10
6.1009407874015746
20
-4.1853493307086609
11
6.0980669685039368
21
-4.1834290944881891
0
LINE
8
BLACK
6
CONTINUOUS
10
6.0980669685039368
20
-4.1834290944881891
11
6.0961467322834642
21
-4.1805552755905513
0
LINE
8
BLACK
6
CONTINUOUS
10
6.0961467322834642
20
-4.1805552755905513
11
6.0956995275590549
21
-4.1783070866141729
0
LINE
8
BLACK
6
CONTINUOUS
10
6.0956995275590549
20
-4.1783070866141729
11
6.0875985039370075
21
-4.1783070866141729
0
LINE
8
BLACK
6
CONTINUOUS
10
6.0875985039370075
20
-4.1783070866141729
11
6.0875984645669288
21
-4.1783071259842517
0
LINE
8
BLACK
6
CONTINUOUS
10
6.0875984645669288
20
-4.1783071259842517
11
6.0875984645669288
21
-4.1784824015748034
0
LINE
8
BLACK
6
CONTINUOUS
10
6.0875984645669288
20
-4.1784824015748034
11
6.08759842519685
21
-4.1784824015748034
0
LINE
8
BLACK
6
CONTINUOUS
10
6.08759842519685
20
-4.1784824015748034
11
6.0882188976377956
21
-4.1824001968503932
0
LINE
8
BLACK
6
CONTINUOUS
10
6.0882188976377956
20
-4.1824001968503932
11
6.0882189763779522
21
-4.1824003543307082
0
LINE
8
BLACK
6
CONTINUOUS
10
6.0882189763779522
20
-4.1824003543307082
11
6.0906252362204727
21
-4.1871228740157482
0
LINE
8
BLACK
6
CONTINUOUS
10
6.0906252362204727
20
-4.1871228740157482
11
6.0943731102362202
21
-4.1908707480314957
0
LINE
8
BLACK
6
CONTINUOUS
10
6.0943731102362202
20
-4.1908707480314957
11
6.0949620472440946
21
-4.1911708267716534
0
LINE
8
BLACK
6
CONTINUOUS
10
6.0949620472440946
20
-4.1911708267716534
11
6.0949639763779526
21
-4.1911727559055114
0
LINE
8
BLACK
6
CONTINUOUS
10
6.0949639763779526
20
-4.1911727559055114
11
6.0949666535433069
21
-4.1911731889763777
0
LINE
8
BLACK
6
CONTINUOUS
10
6.0949666535433069
20
-4.1911731889763777
11
6.0958172047244092
21
-4.192025984251968
0
LINE
8
BLACK
6
CONTINUOUS
10
6.0958172047244092
20
-4.192025984251968
11
6.0966653543307086
21
-4.1928741732283461
0
LINE
8
BLACK
6
CONTINUOUS
10
6.0966653543307086
20
-4.1928741732283461
11
6.0966657480314961
21
-4.1928768110236216
0
LINE
8
BLACK
6
CONTINUOUS
10
6.0966657480314961
20
-4.1928768110236216
11
6.0966677165354328
21
-4.1928787795275593
0
LINE
8
BLACK
6
CONTINUOUS
10
6.0966677165354328
20
-4.1928787795275593
11
6.096856535433071
21
-4.1940813385826772
0
LINE
8
BLACK
6
CONTINUOUS
10
6.096856535433071
20
-4.1940813385826772
11
6.0970422047244091
21
-4.1952533858267715
0
LINE
8
BLACK
6
CONTINUOUS
10
6.0970422047244091
20
-4.1952533858267715
11
6.0970409842519686
21
-4.1952557480314958
0
LINE
8
BLACK
6
CONTINUOUS
10
6.0970409842519686
20
-4.1952557480314958
11
6.0970414173228349
21
-4.1952585039370076
0
LINE
8
BLACK
6
CONTINUOUS
10
6.0970414173228349
20
-4.1952585039370076
11
6.0970287795275588
21
-4.1952796850393703
0
LINE
8
BLACK
6
CONTINUOUS
10
6.0970287795275588
20
-4.1952796850393703
11
6.0959486220472439
21
-4.19739968503937
0
LINE
8
BLACK
6
CONTINUOUS
10
6.0959486220472439
20
-4.19739968503937
11
6.0959449606299208
21
-4.1974033464566931
0
LINE
8
BLACK
6
CONTINUOUS
10
6.0959449606299208
20
-4.1974033464566931
11
6.0957449212598425
21
-4.1976027952755901
0
LINE
8
BLACK
6
CONTINUOUS
10
6.0957449212598425
20
-4.1976027952755901
11
6.095719842519685
21
-4.1976173228346454
0
LINE
8
BLACK
6
CONTINUOUS
10
6.095719842519685
20
-4.1976173228346454
11
6.091742519685039
21
-4.2015946456692914
0
LINE
8
BLACK
6
CONTINUOUS
10
6.091742519685039
20
-4.2015946456692914
11
6.0917424803149602
21
-4.2015946456692914
0
LINE
8
BLACK
6
CONTINUOUS
10
6.0917424803149602
20
-4.2015946456692914
11
6.0917388976377955
21
-4.2015982677165358
0
LINE
8
BLACK
6
CONTINUOUS
10
6.0917388976377955
20
-4.2015982677165358
11
6.0906724015748033
21
-4.2021398818897637
0
LINE
8
BLACK
6
CONTINUOUS
10
6.0906724015748033
20
-4.2021398818897637
11
6.0895962204724405
21
-4.2026882283464566
0
LINE
8
BLACK
6
CONTINUOUS
10
6.0895962204724405
20
-4.2026882283464566
11
6.0895920866141733
21
-4.2026885433070866
0
LINE
8
BLACK
6
CONTINUOUS
10
6.0895920866141733
20
-4.2026885433070866
11
6.0895911023622045
21
-4.2026890551181104
0
LINE
8
BLACK
6
CONTINUOUS
10
6.0895911023622045
20
-4.2026890551181104
11
6.0895892913385827
21
-4.2026887401574804
0
LINE
8
BLACK
6
CONTINUOUS
10
6.0895892913385827
20
-4.2026887401574804
11
6.0889864960629918
21
-4.202736220472441
0
LINE
8
BLACK
6
CONTINUOUS
10
6.0889864960629918
20
-4.202736220472441
11
6.0805783464566927
21
-4.202736220472441
0
LINE
8
BLACK
6
CONTINUOUS
10
6.0805783464566927
20
-4.202736220472441
11
6.0782873622047244
21
-4.2019918503937008
0
LINE
8
BLACK
6
CONTINUOUS
10
6.0782873622047244
20
-4.2019918503937008
11
6.0771055511811021
21
-4.20060811023622
0
LINE
8
BLACK
6
CONTINUOUS
10
6.0771055511811021
20
-4.20060811023622
11
6.0751977165354329
21
-4.196863858267716
0
LINE
8
BLACK
6
CONTINUOUS
10
6.0751977165354329
20
-4.196863858267716
11
6.0749232283464565
21
-4.1963251181102361
0
LINE
8
BLACK
6
CONTINUOUS
10
6.0749232283464565
20
-4.1963251181102361
11
6.0713914173228343
21
-4.1927933070866139
0
LINE
8
BLACK
6
CONTINUOUS
10
6.0713914173228343
20
-4.1927933070866139
11
6.0669411023622049
21
-4.1905257480314964
0
LINE
8
BLACK
6
CONTINUOUS
10
6.0669411023622049
20
-4.1905257480314964
11
6.0669411417322836
21
-4.1905257480314964
0
LINE
8
BLACK
6
CONTINUOUS
10
6.0669411417322836
20
-4.1905257480314964
11
6.063248897637795
21
-4.1899409448818901
0
LINE
8
BLACK
6
CONTINUOUS
10
6.063248897637795
20
-4.1899409448818901
11
6.0391133464566931
21
-4.1899409448818901
0
LINE
8
BLACK
6
CONTINUOUS
10
6.0391133464566931
20
-4.1899409448818901
11
6.0391132283464568
21
-4.1899409842519688
0
LINE
8
BLACK
6
CONTINUOUS
10
6.0391132283464568
20
-4.1899409842519688
11
6.0354212598425194
21
-4.1905256692913389
0
LINE
8
BLACK
6
CONTINUOUS
10
6.0354212598425194
20
-4.1905256692913389
11
6.0354210629921257
21
-4.1905257480314964
0
LINE
8
BLACK
6
CONTINUOUS
10
6.0354210629921257
20
-4.1905257480314964
11
6.0309708267716537
21
-4.1927932677165352
0
LINE
8
BLACK
6
CONTINUOUS
10
6.0309708267716537
20
-4.1927932677165352
11
6.027438937007874
21
-4.1963251574803149
0
LINE
8
BLACK
6
CONTINUOUS
10
6.027438937007874
20
-4.1963251574803149
11
6.0251714173228343
21
-4.2007753937007877
0
LINE
8
BLACK
6
CONTINUOUS
10
6.0251714173228343
20
-4.2007753937007877
11
6.024586614173228
21
-4.2044675984251967
0
LINE
8
BLACK
6
CONTINUOUS
10
6.024586614173228
20
-4.2044675984251967
11
6.024586614173228
21
-4.2226976377952754
0
LINE
8
BLACK
6
CONTINUOUS
10
5.4724212598425197
20
-3.4558683858267716
11
5.474032401574803
21
-3.4618812598425195
0
LINE
8
BLACK
6
CONTINUOUS
10
5.474032401574803
20
-3.4618812598425195
11
5.4771448818897639
21
-3.4672722834645668
0
LINE
8
BLACK
6
CONTINUOUS
10
5.4771448818897639
20
-3.4672722834645668
11
5.4815466141732285
21
-3.4716740157480315
0
LINE
8
BLACK
6
CONTINUOUS
10
5.4815466141732285
20
-3.4716740157480315
11
5.4869376377952754
21
-3.4747864960629919
0
LINE
8
BLACK
6
CONTINUOUS
10
5.4869376377952754
20
-3.4747864960629919
11
5.4929505118110233
21
-3.4763976377952757
0
LINE
8
BLACK
6
CONTINUOUS
10
5.4929505118110233
20
-3.4763976377952757
11
5.4929505905511808
21
-3.4763976377952757
0
LINE
8
BLACK
6
CONTINUOUS
10
5.4929505905511808
20
-3.4763976377952757
11
5.4991753937007877
21
-3.4763976377952757
0
LINE
8
BLACK
6
CONTINUOUS
10
5.4991753937007877
20
-3.4763976377952757
11
5.4991754724409452
21
-3.4763976377952757
0
LINE
8
BLACK
6
CONTINUOUS
10
5.4991754724409452
20
-3.4763976377952757
11
5.5051883464566931
21
-3.4747864960629919
0
LINE
8
BLACK
6
CONTINUOUS
10
5.5051883464566931
20
-3.4747864960629919
11
5.51057937007874
21
-3.4716740157480315
0
LINE
8
BLACK
6
CONTINUOUS
10
5.51057937007874
20
-3.4716740157480315
11
5.5124831102362206
21
-3.4697702362204725
0
LINE
8
BLACK
6
CONTINUOUS
10
5.5124831102362206
20
-3.4697702362204725
11
5.5146293307086616
21
-3.4686766929133857
0
LINE
8
BLACK
6
CONTINUOUS
10
5.5146293307086616
20
-3.4686766929133857
11
5.5170085039370074
21
-3.4690534645669291
0
LINE
8
BLACK
6
CONTINUOUS
10
5.5170085039370074
20
-3.4690534645669291
11
5.5199440944881886
21
-3.4705492519685039
0
LINE
8
BLACK
6
CONTINUOUS
10
5.5199440944881886
20
-3.4705492519685039
11
5.5225641732283464
21
-3.470964212598425
0
LINE
8
BLACK
6
CONTINUOUS
10
5.5225641732283464
20
-3.470964212598425
11
5.5238090944881888
21
-3.4711614173228345
0
LINE
8
BLACK
6
CONTINUOUS
10
5.5238090944881888
20
-3.4711614173228345
11
5.5238092125984251
21
-3.4711614173228345
0
LINE
8
BLACK
6
CONTINUOUS
10
5.5238092125984251
20
-3.4711614173228345
11
5.5465846062992128
21
-3.4711614173228345
0
LINE
8
BLACK
6
CONTINUOUS
10
5.5465846062992128
20
-3.4711614173228345
11
5.547708779527559
21
-3.4709833070866143
0
LINE
8
BLACK
6
CONTINUOUS
10
5.547708779527559
20
-3.4709833070866143
11
5.5504496062992121
21
-3.4705492519685039
0
LINE
8
BLACK
6
CONTINUOUS
10
5.5504496062992121
20
-3.4705492519685039
11
5.5551083070866136
21
-3.4681755118110233
0
LINE
8
BLACK
6
CONTINUOUS
10
5.5551083070866136
20
-3.4681755118110233
11
5.5588054330708658
21
-3.4644783858267716
0
LINE
8
BLACK
6
CONTINUOUS
10
5.5588054330708658
20
-3.4644783858267716
11
5.5595816929133859
21
-3.4629549212598425
0
LINE
8
BLACK
6
CONTINUOUS
10
5.5595816929133859
20
-3.4629549212598425
11
5.5612849999999998
21
-3.4612515748031494
0
LINE
8
BLACK
6
CONTINUOUS
10
5.5612849999999998
20
-3.4612515748031494
11
5.5630544881889765
21
-3.4608267716535432
0
LINE
8
BLACK
6
CONTINUOUS
10
5.5630544881889765
20
-3.4608267716535432
11
5.6254494488188973
21
-3.4608267716535432
0
LINE
8
BLACK
6
CONTINUOUS
10
5.6254494488188973
20
-3.4608267716535432
11
5.6277404330708656
21
-3.4615711417322834
0
LINE
8
BLACK
6
CONTINUOUS
10
5.6277404330708656
20
-3.4615711417322834
11
5.6289222440944879
21
-3.4629549212598425
0
LINE
8
BLACK
6
CONTINUOUS
10
5.6289222440944879
20
-3.4629549212598425
11
5.629698503937008
21
-3.4644783858267716
0
LINE
8
BLACK
6
CONTINUOUS
10
5.629698503937008
20
-3.4644783858267716
11
5.6333956299212593
21
-3.4681755118110233
0
LINE
8
BLACK
6
CONTINUOUS
10
5.6333956299212593
20
-3.4681755118110233
11
5.6380543307086617
21
-3.4705492519685039
0
LINE
8
BLACK
6
CONTINUOUS
10
5.6380543307086617
20
-3.4705492519685039
11
5.6406744094488186
21
-3.470964212598425
0
LINE
8
BLACK
6
CONTINUOUS
10
5.6406744094488186
20
-3.470964212598425
11
5.641919330708661
21
-3.4711614173228345
0
LINE
8
BLACK
6
CONTINUOUS
10
5.641919330708661
20
-3.4711614173228345
11
5.6419194488188973
21
-3.4711614173228345
0
LINE
8
BLACK
6
CONTINUOUS
10
5.6419194488188973
20
-3.4711614173228345
11
5.664694842519685
21
-3.4711614173228345
0
LINE
8
BLACK
6
CONTINUOUS
10
5.664694842519685
20
-3.4711614173228345
11
5.6658190157480313
21
-3.4709833070866143
0
LINE
8
BLACK
6
CONTINUOUS
10
5.6658190157480313
20
-3.4709833070866143
11
5.6685598425196853
21
-3.4705492519685039
0
LINE
8
BLACK
6
CONTINUOUS
10
5.6685598425196853
20
-3.4705492519685039
11
5.6732185433070867
21
-3.4681755118110233
0
LINE
8
BLACK
6
CONTINUOUS
10
5.6732185433070867
20
-3.4681755118110233
11
5.6769156692913381
21
-3.4644783858267716
0
LINE
8
BLACK
6
CONTINUOUS
10
5.6769156692913381
20
-3.4644783858267716
11
5.6776919291338581
21
-3.4629549212598425
0
LINE
8
BLACK
6
CONTINUOUS
10
5.6776919291338581
20
-3.4629549212598425
11
5.679395236220472
21
-3.4612515748031494
0
LINE
8
BLACK
6
CONTINUOUS
10
5.679395236220472
20
-3.4612515748031494
11
5.6811647244094488
21
-3.4608267716535432
0
LINE
8
BLACK
6
CONTINUOUS
10
5.6811647244094488
20
-3.4608267716535432
11
5.7601810629921255
21
-3.4608267716535432
0
LINE
8
BLACK
6
CONTINUOUS
10
5.7601810629921255
20
-3.4608267716535432
11
5.7624720472440947
21
-3.4615711417322834
0
LINE
8
BLACK
6
CONTINUOUS
10
5.7624720472440947
20
-3.4615711417322834
11
5.7629371259842515
21
-3.4619683464566928
0
LINE
8
BLACK
6
CONTINUOUS
10
5.7629371259842515
20
-3.4619683464566928
11
5.844767204724409
21
-3.5437984251968504
0
LINE
8
BLACK
6
CONTINUOUS
10
5.844767204724409
20
-3.5437984251968504
11
5.8447672834645665
21
-3.5437984645669292
0
LINE
8
BLACK
6
CONTINUOUS
10
5.8447672834645665
20
-3.5437984645669292
11
5.8447673228346453
21
-3.5437985039370079
0
LINE
8
BLACK
6
CONTINUOUS
10
5.8447673228346453
20
-3.5437985039370079
11
5.844767362204724
21
-3.5437985433070867
0
LINE
8
BLACK
6
CONTINUOUS
10
5.844767362204724
20
-3.5437985433070867
11
5.8483625196850388
21
-3.5458742125984251
0
LINE
8
BLACK
6
CONTINUOUS
10
5.8483625196850388
20
-3.5458742125984251
11
5.8483624409448813
21
-3.5458742125984251
0
LINE
8
BLACK
6
CONTINUOUS
10
5.8483624409448813
20
-3.5458742125984251
11
5.8483625984251963
21
-3.5458742519685038
0
LINE
8
BLACK
6
CONTINUOUS
10
5.8483625984251963
20
-3.5458742519685038
11
5.8483626771653539
21
-3.5458742913385826
0
LINE
8
BLACK
6
CONTINUOUS
10
5.8483626771653539
20
-3.5458742913385826
11
5.8523729527559052
21
-3.5469488188976377
0
LINE
8
BLACK
6
CONTINUOUS
10
5.8523729527559052
20
-3.5469488188976377
11
5.8565246850393695
21
-3.5469488188976377
0
LINE
8
BLACK
6
CONTINUOUS
10
5.8565246850393695
20
-3.5469488188976377
11
6.0507094488188979
21
-3.5469488188976377
0
LINE
8
BLACK
6
CONTINUOUS
10
6.0507094488188979
20
-3.5469488188976377
11
6.0530004330708662
21
-3.5476931889763779
0
LINE
8
BLACK
6
CONTINUOUS
10
6.0530004330708662
20
-3.5476931889763779
11
6.0543883858267717
21
-3.5495592519685037
0
LINE
8
BLACK
6
CONTINUOUS
10
6.0543883858267717
20
-3.5495592519685037
11
6.054489921259842
21
-3.5498495275590551
0
LINE
8
BLACK
6
CONTINUOUS
10
6.054489921259842
20
-3.5498495275590551
11
6.0547317322834644
21
-3.5501771653543308
0
LINE
8
BLACK
6
CONTINUOUS
10
6.0547317322834644
20
-3.5501771653543308
11
6.0576208661417326
21
-3.5540917322834646
0
LINE
8
BLACK
6
CONTINUOUS
10
6.0576208661417326
20
-3.5540917322834646
11
6.0613893700787402
21
-3.556873031496063
0
LINE
8
BLACK
6
CONTINUOUS
10
6.0613893700787402
20
-3.556873031496063
11
6.062790590551181
21
-3.5588323622047242
0
LINE
8
BLACK
6
CONTINUOUS
10
6.062790590551181
20
-3.5588323622047242
11
6.0629724409448817
21
-3.5600090157480313
0
LINE
8
BLACK
6
CONTINUOUS
10
6.0629724409448817
20
-3.5600090157480313
11
6.0629724409448817
21
-3.7375768503937006
0
LINE
8
BLACK
6
CONTINUOUS
10
6.0629724409448817
20
-3.7375768503937006
11
6.0622280708661416
21
-3.7398678346456693
0
LINE
8
BLACK
6
CONTINUOUS
10
6.0622280708661416
20
-3.7398678346456693
11
6.0602792519685034
21
-3.7412837401574803
0
LINE
8
BLACK
6
CONTINUOUS
10
6.0602792519685034
20
-3.7412837401574803
11
6.0578703543307082
21
-3.7412837401574803
0
LINE
8
BLACK
6
CONTINUOUS
10
6.0578703543307082
20
-3.7412837401574803
11
6.0563187401574803
21
-3.7403329133858265
0
LINE
8
BLACK
6
CONTINUOUS
10
6.0563187401574803
20
-3.7403329133858265
11
6.0552331102362205
21
-3.7392472834645667
0
LINE
8
BLACK
6
CONTINUOUS
10
6.0552331102362205
20
-3.7392472834645667
11
6.0505105905511813
21
-3.7368410236220471
0
LINE
8
BLACK
6
CONTINUOUS
10
6.0505105905511813
20
-3.7368410236220471
11
6.0505106299212601
21
-3.7368410236220471
0
LINE
8
BLACK
6
CONTINUOUS
10
6.0505106299212601
20
-3.7368410236220471
11
6.0465926771653544
21
-3.7362204724409449
0
LINE
8
BLACK
6
CONTINUOUS
10
6.0465926771653544
20
-3.7362204724409449
11
6.0454331102362202
21
-3.7362204724409449
0
LINE
8
BLACK
6
CONTINUOUS
10
6.0454331102362202
20
-3.7362204724409449
11
6.0454330708661415
21
-3.7362205118110237
0
LINE
8
BLACK
6
CONTINUOUS
10
6.0454330708661415
20
-3.7362205118110237
11
6.0454330708661415
21
-3.7441257874015745
0
LINE
8
BLACK
6
CONTINUOUS
10
6.0454330708661415
20
-3.7441257874015745
11
6.0486655118110235
21
-3.744768779527559
0
LINE
8
BLACK
6
CONTINUOUS
10
6.0486655118110235
20
-3.744768779527559
11
6.0515393307086613
21
-3.7466890157480313
0
LINE
8
BLACK
6
CONTINUOUS
10
6.0515393307086613
20
-3.7466890157480313
11
6.053459566929134
21
-3.7495628346456691
0
LINE
8
BLACK
6
CONTINUOUS
10
6.053459566929134
20
-3.7495628346456691
11
6.0541338582677167
21
-3.7529527559055116
0
LINE
8
BLACK
6
CONTINUOUS
10
6.0541338582677167
20
-3.7529527559055116
11
6.0541338582677167
21
-3.7706692913385824
0
LINE
8
BLACK
6
CONTINUOUS
10
6.0541338582677167
20
-3.7706692913385824
11
6.053459566929134
21
-3.7740592125984249
0
LINE
8
BLACK
6
CONTINUOUS
10
6.053459566929134
20
-3.7740592125984249
11
6.0515393307086613
21
-3.7769330314960627
0
LINE
8
BLACK
6
CONTINUOUS
10
6.0515393307086613
20
-3.7769330314960627
11
6.0486655118110235
21
-3.7788532677165354
0
LINE
8
BLACK
6
CONTINUOUS
10
6.0486655118110235
20
-3.7788532677165354
11
6.0454330708661415
21
-3.7794962204724407
0
LINE
8
BLACK
6
CONTINUOUS
10
6.0454330708661415
20
-3.7794962204724407
11
6.0454330708661415
21
-3.7869527165354331
0
LINE
8
BLACK
6
CONTINUOUS
10
6.0454330708661415
20
-3.7869527165354331
11
6.0446887007874013
21
-3.7892437007874014
0
LINE
8
BLACK
6
CONTINUOUS
10
6.0446887007874013
20
-3.7892437007874014
11
6.0442914960629919
21
-3.7897087401574803
0
LINE
8
BLACK
6
CONTINUOUS
10
6.0442914960629919
20
-3.7897087401574803
11
6.0379174803149605
21
-3.7960827952755904
0
LINE
8
BLACK
6
CONTINUOUS
10
6.0379174803149605
20
-3.7960827952755904
11
6.0357711417322832
21
-3.7971764173228344
0
LINE
8
BLACK
6
CONTINUOUS
10
6.0357711417322832
20
-3.7971764173228344
11
6.0351614173228345
21
-3.7972244094488188
0
LINE
8
BLACK
6
CONTINUOUS
10
6.0351614173228345
20
-3.7972244094488188
11
6.0242720472440947
21
-3.7972244094488188
0
LINE
8
BLACK
6
CONTINUOUS
10
6.0242720472440947
20
-3.7972244094488188
11
6.0203493700787396
21
-3.7978457086614172
0
LINE
8
BLACK
6
CONTINUOUS
10
6.0203493700787396
20
-3.7978457086614172
11
6.0203491732283467
21
-3.797845748031496
0
LINE
8
BLACK
6
CONTINUOUS
10
6.0203491732283467
20
-3.797845748031496
11
6.0194662992125982
21
-3.7982956299212596
0
LINE
8
BLACK
6
CONTINUOUS
10
6.0194662992125982
20
-3.7982956299212596
11
6.0191557480314959
21
-3.7983448031496061
0
LINE
8
BLACK
6
CONTINUOUS
10
6.0191557480314959
20
-3.7983448031496061
11
6.0189012992125983
21
-3.7985296850393699
0
LINE
8
BLACK
6
CONTINUOUS
10
6.0189012992125983
20
-3.7985296850393699
11
6.0179884645669288
21
-3.7985296850393699
0
LINE
8
BLACK
6
CONTINUOUS
10
6.0179884645669288
20
-3.7985296850393699
11
6.0170870866141728
21
-3.7986724409448818
0
LINE
8
BLACK
6
CONTINUOUS
10
6.0170870866141728
20
-3.7986724409448818
11
6.0168069291338577
21
-3.7985296850393699
0
LINE
8
BLACK
6
CONTINUOUS
10
6.0168069291338577
20
-3.7985296850393699
11
6.0164924015748031
21
-3.7985296850393699
0
LINE
8
BLACK
6
CONTINUOUS
10
6.0164924015748031
20
-3.7985296850393699
11
6.0157538976377953
21
-3.7979931102362205
0
LINE
8
BLACK
6
CONTINUOUS
10
6.0157538976377953
20
-3.7979931102362205
11
6.0149407874015743
21
-3.7975788188976378
0
LINE
8
BLACK
6
CONTINUOUS
10
6.0149407874015743
20
-3.7975788188976378
11
6.0147980314960625
21
-3.797298622047244
0
LINE
8
BLACK
6
CONTINUOUS
10
6.0147980314960625
20
-3.797298622047244
11
6.0145435826771649
21
-3.7971137795275589
0
LINE
8
BLACK
6
CONTINUOUS
10
6.0145435826771649
20
-3.7971137795275589
11
6.0142614960629919
21
-3.7962455905511812
0
LINE
8
BLACK
6
CONTINUOUS
10
6.0142614960629919
20
-3.7962455905511812
11
6.0138472047244091
21
-3.7954324803149606
0
LINE
8
BLACK
6
CONTINUOUS
10
6.0138472047244091
20
-3.7954324803149606
11
6.0137992125984248
21
-3.7948227952755906
0
LINE
8
BLACK
6
CONTINUOUS
10
6.0137992125984248
20
-3.7948227952755906
11
6.0137992125984248
21
-3.7898007480314959
0
LINE
8
BLACK
6
CONTINUOUS
10
6.0137992125984248
20
-3.7898007480314959
11
6.0145435826771649
21
-3.7875097637795276
0
LINE
8
BLACK
6
CONTINUOUS
10
6.0145435826771649
20
-3.7875097637795276
11
6.0164924015748031
21
-3.7860938582677166
0
LINE
8
BLACK
6
CONTINUOUS
10
6.0164924015748031
20
-3.7860938582677166
11
6.0189012992125983
21
-3.7860938582677166
0
LINE
8
BLACK
6
CONTINUOUS
10
6.0189012992125983
20
-3.7860938582677166
11
6.0194664173228345
21
-3.7863279527559053
0
LINE
8
BLACK
6
CONTINUOUS
10
6.0194664173228345
20
-3.7863279527559053
11
6.020355551181102
21
-3.7867810236220469
0
LINE
8
BLACK
6
CONTINUOUS
10
6.020355551181102
20
-3.7867810236220469
11
6.0242734645669289
21
-3.7874015354330708
0
LINE
8
BLACK
6
CONTINUOUS
10
6.0242734645669289
20
-3.7874015354330708
11
6.0254330708661419
21
-3.7874015354330708
0
LINE
8
BLACK
6
CONTINUOUS
10
6.0254330708661419
20
-3.7874015354330708
11
6.0254330708661419
21
-3.7794962204724407
0
LINE
8
BLACK
6
CONTINUOUS
10
6.0254330708661419
20
-3.7794962204724407
11
6.0222006299212598
21
-3.7788532677165354
0
LINE
8
BLACK
6
CONTINUOUS
10
6.0222006299212598
20
-3.7788532677165354
11
6.019326811023622
21
-3.7769330314960627
0
LINE
8
BLACK
6
CONTINUOUS
10
6.019326811023622
20
-3.7769330314960627
11
6.0174065748031493
21
-3.7740592125984249
0
LINE
8
BLACK
6
CONTINUOUS
10
6.0174065748031493
20
-3.7740592125984249
11
6.0167322834645667
21
-3.7706692913385824
0
LINE
8
BLACK
6
CONTINUOUS
10
6.0167322834645667
20
-3.7706692913385824
11
6.0167322834645667
21
-3.7529527559055116
0
LINE
8
BLACK
6
CONTINUOUS
10
6.0167322834645667
20
-3.7529527559055116
11
6.0174065748031493
21
-3.7495628346456691
0
LINE
8
BLACK
6
CONTINUOUS
10
6.0174065748031493
20
-3.7495628346456691
11
6.019326811023622
21
-3.7466890157480313
0
LINE
8
BLACK
6
CONTINUOUS
10
6.019326811023622
20
-3.7466890157480313
11
6.0222006299212598
21
-3.744768779527559
0
LINE
8
BLACK
6
CONTINUOUS
10
6.0222006299212598
20
-3.744768779527559
11
6.0254330708661419
21
-3.7441257874015745
0
LINE
8
BLACK
6
CONTINUOUS
10
6.0254330708661419
20
-3.7441257874015745
11
6.0254330708661419
21
-3.7362204724409449
0
LINE
8
BLACK
6
CONTINUOUS
10
6.0254330708661419
20
-3.7362204724409449
11
6.0242735039370077
21
-3.7362204724409449
0
LINE
8
BLACK
6
CONTINUOUS
10
6.0242735039370077
20
-3.7362204724409449
11
6.0242733858267714
21
-3.7362205118110237
0
LINE
8
BLACK
6
CONTINUOUS
10
6.0242733858267714
20
-3.7362205118110237
11
6.0203556692913383
21
-3.7368409448818896
0
LINE
8
BLACK
6
CONTINUOUS
10
6.0203556692913383
20
-3.7368409448818896
11
6.0203554724409445
21
-3.7368410236220471
0
LINE
8
BLACK
6
CONTINUOUS
10
6.0203554724409445
20
-3.7368410236220471
11
6.0194662992125982
21
-3.7372940944881887
0
LINE
8
BLACK
6
CONTINUOUS
10
6.0194662992125982
20
-3.7372940944881887
11
6.0170870866141728
21
-3.7376709055118109
0
LINE
8
BLACK
6
CONTINUOUS
10
6.0170870866141728
20
-3.7376709055118109
11
6.0149407874015743
21
-3.736577283464567
0
LINE
8
BLACK
6
CONTINUOUS
10
6.0149407874015743
20
-3.736577283464567
11
6.0138472047244091
21
-3.7344309448818898
0
LINE
8
BLACK
6
CONTINUOUS
10
6.0138472047244091
20
-3.7344309448818898
11
6.0137992125984248
21
-3.7338212598425198
0
LINE
8
BLACK
6
CONTINUOUS
10
6.0137992125984248
20
-3.7338212598425198
11
6.0137992125984248
21
-3.7212273622047243
0
LINE
8
BLACK
6
CONTINUOUS
10
6.0137992125984248
20
-3.7212273622047243
11
6.0145435826771649
21
-3.718936377952756
0
LINE
8
BLACK
6
CONTINUOUS
10
6.0145435826771649
20
-3.718936377952756
11
6.0159273228346457
21
-3.7177545669291336
0
LINE
8
BLACK
6
CONTINUOUS
10
6.0159273228346457
20
-3.7177545669291336
11
6.0159344488188973
21
-3.717750905511811
0
LINE
8
BLACK
6
CONTINUOUS
10
6.0159344488188973
20
-3.717750905511811
11
6.0180843307086613
21
-3.7166555118110236
0
LINE
8
BLACK
6
CONTINUOUS
10
6.0180843307086613
20
-3.7166555118110236
11
6.0216161417322835
21
-3.7131237007874014
0
LINE
8
BLACK
6
CONTINUOUS
10
6.0216161417322835
20
-3.7131237007874014
11
6.0238837007874011
21
-3.7086733858267715
0
LINE
8
BLACK
6
CONTINUOUS
10
6.0238837007874011
20
-3.7086733858267715
11
6.0244685039370074
21
-3.7049810629921258
0
LINE
8
BLACK
6
CONTINUOUS
10
6.0244685039370074
20
-3.7049810629921258
11
6.0244684645669286
21
-3.680845748031496
0
LINE
8
BLACK
6
CONTINUOUS
10
6.0244684645669286
20
-3.680845748031496
11
6.0244684251968499
21
-3.680845590551181
0
LINE
8
BLACK
6
CONTINUOUS
10
6.0244684251968499
20
-3.680845590551181
11
6.0244684251968499
21
-3.6808455118110235
0
LINE
8
BLACK
6
CONTINUOUS
10
6.0244684251968499
20
-3.6808455118110235
11
6.0238837401574798
21
-3.6771535433070865
0
LINE
8
BLACK
6
CONTINUOUS
10
6.0238837401574798
20
-3.6771535433070865
11
6.0238837007874011
21
-3.677153464566929
0
LINE
8
BLACK
6
CONTINUOUS
10
6.0238837007874011
20
-3.677153464566929
11
6.0238837007874011
21
-3.6771533858267715
0
LINE
8
BLACK
6
CONTINUOUS
10
6.0238837007874011
20
-3.6771533858267715
11
6.0216161417322835
21
-3.6727030708661417
0
LINE
8
BLACK
6
CONTINUOUS
10
6.0216161417322835
20
-3.6727030708661417
11
6.0180843307086613
21
-3.6691712598425195
0
LINE
8
BLACK
6
CONTINUOUS
10
6.0180843307086613
20
-3.6691712598425195
11
6.0167540944881885
21
-3.6684934645669292
0
LINE
8
BLACK
6
CONTINUOUS
10
6.0167540944881885
20
-3.6684934645669292
11
6.0161088188976377
21
-3.6678481889763779
0
LINE
8
BLACK
6
CONTINUOUS
10
6.0161088188976377
20
-3.6678481889763779
11
6.0153703543307087
21
-3.6673116535433068
0
LINE
8
BLACK
6
CONTINUOUS
10
6.0153703543307087
20
-3.6673116535433068
11
6.0152731496062994
21
-3.6670124803149604
0
LINE
8
BLACK
6
CONTINUOUS
10
6.0152731496062994
20
-3.6670124803149604
11
6.0150507874015746
21
-3.666790118110236
0
LINE
8
BLACK
6
CONTINUOUS
10
6.0150507874015746
20
-3.666790118110236
11
6.0146259842519685
21
-3.6650206692913385
0
LINE
8
BLACK
6
CONTINUOUS
10
6.0146259842519685
20
-3.6650206692913385
11
6.0146259842519685
21
-3.6579320472440946
0
LINE
8
BLACK
6
CONTINUOUS
10
6.0146259842519685
20
-3.6579320472440946
11
6.0153703543307087
21
-3.6556410629921259
0
LINE
8
BLACK
6
CONTINUOUS
10
6.0153703543307087
20
-3.6556410629921259
11
6.0167540551181098
21
-3.654459251968504
0
LINE
8
BLACK
6
CONTINUOUS
10
6.0167540551181098
20
-3.654459251968504
11
6.0180843307086613
21
-3.653781496062992
0
LINE
8
BLACK
6
CONTINUOUS
10
6.0180843307086613
20
-3.653781496062992
11
6.0216161417322835
21
-3.6502496850393702
0
LINE
8
BLACK
6
CONTINUOUS
10
6.0216161417322835
20
-3.6502496850393702
11
6.0238837007874011
21
-3.6457993700787399
0
LINE
8
BLACK
6
CONTINUOUS
10
6.0238837007874011
20
-3.6457993700787399
11
6.0244685039370074
21
-3.6421070472440946
0
LINE
8
BLACK
6
CONTINUOUS
10
6.0244685039370074
20
-3.6421070472440946
11
6.0244684645669286
21
-3.6179717322834644
0
LINE
8
BLACK
6
CONTINUOUS
10
6.0244684645669286
20
-3.6179717322834644
11
6.0241690944881885
21
-3.6160813779527556
0
LINE
8
BLACK
6
CONTINUOUS
10
6.0241690944881885
20
-3.6160813779527556
11
6.0238837401574798
21
-3.6142795275590549
0
LINE
8
BLACK
6
CONTINUOUS
10
6.0238837401574798
20
-3.6142795275590549
11
6.0238837007874011
21
-3.6142794488188974
0
LINE
8
BLACK
6
CONTINUOUS
10
6.0238837007874011
20
-3.6142794488188974
11
6.0238837007874011
21
-3.6142793700787399
0
LINE
8
BLACK
6
CONTINUOUS
10
6.0238837007874011
20
-3.6142793700787399
11
6.0216161417322835
21
-3.60982905511811
0
LINE
8
BLACK
6
CONTINUOUS
10
6.0216161417322835
20
-3.60982905511811
11
6.0180843307086613
21
-3.6062972440944883
0
LINE
8
BLACK
6
CONTINUOUS
10
6.0180843307086613
20
-3.6062972440944883
11
6.013634015748031
21
-3.6040296850393698
0
LINE
8
BLACK
6
CONTINUOUS
10
6.013634015748031
20
-3.6040296850393698
11
6.0136340551181098
21
-3.6040296850393698
0
LINE
8
BLACK
6
CONTINUOUS
10
6.0136340551181098
20
-3.6040296850393698
11
6.009941811023622
21
-3.6034448818897635
0
LINE
8
BLACK
6
CONTINUOUS
10
6.009941811023622
20
-3.6034448818897635
11
5.9917117716535433
21
-3.6034448818897635
0
LINE
8
BLACK
6
CONTINUOUS
10
5.9917117716535433
20
-3.6034448818897635
11
5.991711653543307
21
-3.6034449212598423
0
LINE
8
BLACK
6
CONTINUOUS
10
5.991711653543307
20
-3.6034449212598423
11
5.9880196850393697
21
-3.6040296062992123
0
LINE
8
BLACK
6
CONTINUOUS
10
5.9880196850393697
20
-3.6040296062992123
11
5.9880194881889759
21
-3.6040296850393698
0
LINE
8
BLACK
6
CONTINUOUS
10
5.9880194881889759
20
-3.6040296850393698
11
5.983569251968504
21
-3.6062972047244095
0
LINE
8
BLACK
6
CONTINUOUS
10
5.983569251968504
20
-3.6062972047244095
11
5.9800373622047243
21
-3.6098290944881888
0
LINE
8
BLACK
6
CONTINUOUS
10
5.9800373622047243
20
-3.6098290944881888
11
5.9777698425196846
21
-3.6142793307086611
0
LINE
8
BLACK
6
CONTINUOUS
10
5.9777698425196846
20
-3.6142793307086611
11
5.9771850393700783
21
-3.6179715354330706
0
LINE
8
BLACK
6
CONTINUOUS
10
5.9771850393700783
20
-3.6179715354330706
11
5.9771850393700783
21
-3.6421070866141729
0
LINE
8
BLACK
6
CONTINUOUS
10
5.9771850393700783
20
-3.6421070866141729
11
5.977185078740157
21
-3.6421072047244092
0
LINE
8
BLACK
6
CONTINUOUS
10
5.977185078740157
20
-3.6421072047244092
11
5.9777697637795271
21
-3.6457991732283466
0
LINE
8
BLACK
6
CONTINUOUS
10
5.9777697637795271
20
-3.6457991732283466
11
5.9777698425196846
21
-3.6457993700787399
0
LINE
8
BLACK
6
CONTINUOUS
10
5.9777698425196846
20
-3.6457993700787399
11
5.980037401574803
21
-3.6502496850393702
0
LINE
8
BLACK
6
CONTINUOUS
10
5.980037401574803
20
-3.6502496850393702
11
5.9835692125984252
21
-3.653781496062992
0
LINE
8
BLACK
6
CONTINUOUS
10
5.9835692125984252
20
-3.653781496062992
11
5.9848994094488184
21
-3.654459251968504
0
LINE
8
BLACK
6
CONTINUOUS
10
5.9848994094488184
20
-3.654459251968504
11
5.9855446850393701
21
-3.6551045275590552
0
LINE
8
BLACK
6
CONTINUOUS
10
5.9855446850393701
20
-3.6551045275590552
11
5.9862831889763779
21
-3.6556410629921259
0
LINE
8
BLACK
6
CONTINUOUS
10
5.9862831889763779
20
-3.6556410629921259
11
5.9863803543307084
21
-3.655940118110236
0
LINE
8
BLACK
6
CONTINUOUS
10
5.9863803543307084
20
-3.655940118110236
11
5.9866026771653544
21
-3.6561624409448816
0
LINE
8
BLACK
6
CONTINUOUS
10
5.9866026771653544
20
-3.6561624409448816
11
5.9870275590551181
21
-3.6579320472440946
0
LINE
8
BLACK
6
CONTINUOUS
10
5.9870275590551181
20
-3.6579320472440946
11
5.9870275590551181
21
-3.6650206692913385
0
LINE
8
BLACK
6
CONTINUOUS
10
5.9870275590551181
20
-3.6650206692913385
11
5.9862831889763779
21
-3.6673116535433068
0
LINE
8
BLACK
6
CONTINUOUS
10
5.9862831889763779
20
-3.6673116535433068
11
5.9848994488188971
21
-3.6684934645669292
0
LINE
8
BLACK
6
CONTINUOUS
10
5.9848994488188971
20
-3.6684934645669292
11
5.983569251968504
21
-3.6691712204724407
0
LINE
8
BLACK
6
CONTINUOUS
10
5.983569251968504
20
-3.6691712204724407
11
5.9800373622047243
21
-3.6727031102362204
0
LINE
8
BLACK
6
CONTINUOUS
10
5.9800373622047243
20
-3.6727031102362204
11
5.9777698425196846
21
-3.6771533464566928
0
LINE
8
BLACK
6
CONTINUOUS
10
5.9777698425196846
20
-3.6771533464566928
11
5.9771850393700783
21
-3.6808455511811022
0
LINE
8
BLACK
6
CONTINUOUS
10
5.9771850393700783
20
-3.6808455511811022
11
5.9771850393700783
21
-3.7049811023622046
0
LINE
8
BLACK
6
CONTINUOUS
10
5.9771850393700783
20
-3.7049811023622046
11
5.977185078740157
21
-3.7049812204724408
0
LINE
8
BLACK
6
CONTINUOUS
10
5.977185078740157
20
-3.7049812204724408
11
5.9777697637795271
21
-3.7086731889763778
0
LINE
8
BLACK
6
CONTINUOUS
10
5.9777697637795271
20
-3.7086731889763778
11
5.9777698425196846
21
-3.7086733858267715
0
LINE
8
BLACK
6
CONTINUOUS
10
5.9777698425196846
20
-3.7086733858267715
11
5.980037401574803
21
-3.7131237007874014
0
LINE
8
BLACK
6
CONTINUOUS
10
5.980037401574803
20
-3.7131237007874014
11
5.9835692125984252
21
-3.7166555118110236
0
LINE
8
BLACK
6
CONTINUOUS
10
5.9835692125984252
20
-3.7166555118110236
11
5.9835692913385827
21
-3.7166555511811024
0
LINE
8
BLACK
6
CONTINUOUS
10
5.9835692913385827
20
-3.7166555511811024
11
5.9835693307086615
21
-3.7166555905511811
0
LINE
8
BLACK
6
CONTINUOUS
10
5.9835693307086615
20
-3.7166555905511811
11
5.9840725984251968
21
-3.7169120078740159
0
LINE
8
BLACK
6
CONTINUOUS
10
5.9840725984251968
20
-3.7169120078740159
11
5.9857759448818895
21
-3.7186152755905511
0
LINE
8
BLACK
6
CONTINUOUS
10
5.9857759448818895
20
-3.7186152755905511
11
5.9862007874015744
21
-3.7203848425196848
0
LINE
8
BLACK
6
CONTINUOUS
10
5.9862007874015744
20
-3.7203848425196848
11
5.9862007874015744
21
-3.7338212598425198
0
LINE
8
BLACK
6
CONTINUOUS
10
5.9862007874015744
20
-3.7338212598425198
11
5.9854564173228342
21
-3.7361122440944881
0
LINE
8
BLACK
6
CONTINUOUS
10
5.9854564173228342
20
-3.7361122440944881
11
5.9835075984251969
21
-3.7375281496062991
0
LINE
8
BLACK
6
CONTINUOUS
10
5.9835075984251969
20
-3.7375281496062991
11
5.9810987007874017
21
-3.7375281496062991
0
LINE
8
BLACK
6
CONTINUOUS
10
5.9810987007874017
20
-3.7375281496062991
11
5.9805337007874018
21
-3.7372940944881887
0
LINE
8
BLACK
6
CONTINUOUS
10
5.9805337007874018
20
-3.7372940944881887
11
5.9796444881889759
21
-3.7368410236220471
0
LINE
8
BLACK
6
CONTINUOUS
10
5.9796444881889759
20
-3.7368410236220471
11
5.9757265354330711
21
-3.7362204724409449
0
LINE
8
BLACK
6
CONTINUOUS
10
5.9757265354330711
20
-3.7362204724409449
11
5.9745669685039369
21
-3.7362204724409449
0
LINE
8
BLACK
6
CONTINUOUS
10
5.9745669685039369
20
-3.7362204724409449
11
5.9745669291338581
21
-3.7362205118110237
0
LINE
8
BLACK
6
CONTINUOUS
10
5.9745669291338581
20
-3.7362205118110237
11
5.9745669291338581
21
-3.7441257874015745
0
LINE
8
BLACK
6
CONTINUOUS
10
5.9745669291338581
20
-3.7441257874015745
11
5.9777993700787402
21
-3.744768779527559
0
LINE
8
BLACK
6
CONTINUOUS
10
5.9777993700787402
20
-3.744768779527559
11
5.980673188976378
21
-3.7466890157480313
0
LINE
8
BLACK
6
CONTINUOUS
10
5.980673188976378
20
-3.7466890157480313
11
5.9825934251968507
21
-3.7495628346456691
0
LINE
8
BLACK
6
CONTINUOUS
10
5.9825934251968507
20
-3.7495628346456691
11
5.9832677165354333
21
-3.7529527559055116
0
LINE
8
BLACK
6
CONTINUOUS
10
5.9832677165354333
20
-3.7529527559055116
11
5.9832677165354333
21
-3.7706692913385824
0
LINE
8
BLACK
6
CONTINUOUS
10
5.9832677165354333
20
-3.7706692913385824
11
5.9825934251968507
21
-3.7740592125984249
0
LINE
8
BLACK
6
CONTINUOUS
10
5.9825934251968507
20
-3.7740592125984249
11
5.980673188976378
21
-3.7769330314960627
0
LINE
8
BLACK
6
CONTINUOUS
10
5.980673188976378
20
-3.7769330314960627
11
5.9777993700787402
21
-3.7788532677165354
0
LINE
8
BLACK
6
CONTINUOUS
10
5.9777993700787402
20
-3.7788532677165354
11
5.9745669291338581
21
-3.7794962204724407
0
LINE
8
BLACK
6
CONTINUOUS
10
5.9745669291338581
20
-3.7794962204724407
11
5.9745669291338581
21
-3.787401496062992
0
LINE
8
BLACK
6
CONTINUOUS
10
5.9745669291338581
20
-3.787401496062992
11
5.9745669685039369
21
-3.7874015354330708
0
LINE
8
BLACK
6
CONTINUOUS
10
5.9745669685039369
20
-3.7874015354330708
11
5.9757264960629923
21
-3.7874015354330708
0
LINE
8
BLACK
6
CONTINUOUS
10
5.9757264960629923
20
-3.7874015354330708
11
5.9796442913385821
21
-3.7867810629921257
0
LINE
8
BLACK
6
CONTINUOUS
10
5.9796442913385821
20
-3.7867810629921257
11
5.9796443307086609
21
-3.7867810629921257
0
LINE
8
BLACK
6
CONTINUOUS
10
5.9796443307086609
20
-3.7867810629921257
11
5.9805335826771655
21
-3.7863279527559053
0
LINE
8
BLACK
6
CONTINUOUS
10
5.9805335826771655
20
-3.7863279527559053
11
5.9808442125984254
21
-3.7862787401574804
0
LINE
8
BLACK
6
CONTINUOUS
10
5.9808442125984254
20
-3.7862787401574804
11
5.9810987007874017
21
-3.7860938582677166
0
LINE
8
BLACK
6
CONTINUOUS
10
5.9810987007874017
20
-3.7860938582677166
11
5.9820115354330703
21
-3.7860938582677166
0
LINE
8
BLACK
6
CONTINUOUS
10
5.9820115354330703
20
-3.7860938582677166
11
5.9829127952755901
21
-3.7859511023622048
0
LINE
8
BLACK
6
CONTINUOUS
10
5.9829127952755901
20
-3.7859511023622048
11
5.9831929921259839
21
-3.7860938582677166
0
LINE
8
BLACK
6
CONTINUOUS
10
5.9831929921259839
20
-3.7860938582677166
11
5.9835075984251969
21
-3.7860938582677166
0
LINE
8
BLACK
6
CONTINUOUS
10
5.9835075984251969
20
-3.7860938582677166
11
5.9842460629921259
21
-3.7866303937007872
0
LINE
8
BLACK
6
CONTINUOUS
10
5.9842460629921259
20
-3.7866303937007872
11
5.9850591338582673
21
-3.7870446456692912
0
LINE
8
BLACK
6
CONTINUOUS
10
5.9850591338582673
20
-3.7870446456692912
11
5.9852018897637791
21
-3.787324842519685
0
LINE
8
BLACK
6
CONTINUOUS
10
5.9852018897637791
20
-3.787324842519685
11
5.9854564173228342
21
-3.7875097637795276
0
LINE
8
BLACK
6
CONTINUOUS
10
5.9854564173228342
20
-3.7875097637795276
11
5.9857384251968506
21
-3.7883777952755904
0
LINE
8
BLACK
6
CONTINUOUS
10
5.9857384251968506
20
-3.7883777952755904
11
5.9861527952755909
21
-3.7891909448818897
0
LINE
8
BLACK
6
CONTINUOUS
10
5.9861527952755909
20
-3.7891909448818897
11
5.9862007874015744
21
-3.7898007480314959
0
LINE
8
BLACK
6
CONTINUOUS
10
5.9862007874015744
20
-3.7898007480314959
11
5.9862007874015744
21
-3.7948227952755906
0
LINE
8
BLACK
6
CONTINUOUS
10
5.9862007874015744
20
-3.7948227952755906
11
5.9854564173228342
21
-3.7971137795275589
0
LINE
8
BLACK
6
CONTINUOUS
10
5.9854564173228342
20
-3.7971137795275589
11
5.9835075984251969
21
-3.7985296850393699
0
LINE
8
BLACK
6
CONTINUOUS
10
5.9835075984251969
20
-3.7985296850393699
11
5.9810987007874017
21
-3.7985296850393699
0
LINE
8
BLACK
6
CONTINUOUS
10
5.9810987007874017
20
-3.7985296850393699
11
5.9805337007874018
21
-3.7982956299212596
0
LINE
8
BLACK
6
CONTINUOUS
10
5.9805337007874018
20
-3.7982956299212596
11
5.9796507874015745
21
-3.797845748031496
0
LINE
8
BLACK
6
CONTINUOUS
10
5.9796507874015745
20
-3.797845748031496
11
5.9796506299212595
21
-3.7978457086614172
0
LINE
8
BLACK
6
CONTINUOUS
10
5.9796506299212595
20
-3.7978457086614172
11
5.9779655511811018
21
-3.7975788188976378
0
LINE
8
BLACK
6
CONTINUOUS
10
5.9779655511811018
20
-3.7975788188976378
11
5.9757279527559053
21
-3.7972244094488188
0
LINE
8
BLACK
6
CONTINUOUS
10
5.9757279527559053
20
-3.7972244094488188
11
5.9757278740157478
21
-3.7972244094488188
0
LINE
8
BLACK
6
CONTINUOUS
10
5.9757278740157478
20
-3.7972244094488188
11
5.953405984251968
21
-3.7972244094488188
0
LINE
8
BLACK
6
CONTINUOUS
10
5.953405984251968
20
-3.7972244094488188
11
5.9534059055118105
21
-3.7972244094488188
0
LINE
8
BLACK
6
CONTINUOUS
10
5.9534059055118105
20
-3.7972244094488188
11
5.9494832283464563
21
-3.7978457086614172
0
LINE
8
BLACK
6
CONTINUOUS
10
5.9494832283464563
20
-3.7978457086614172
11
5.949482952755905
21
-3.7978457874015747
0
LINE
8
BLACK
6
CONTINUOUS
10
5.949482952755905
20
-3.7978457874015747
11
5.9447551968503936
21
-3.8002547244094487
0
LINE
8
BLACK
6
CONTINUOUS
10
5.9447551968503936
20
-3.8002547244094487
11
5.9410027559055116
21
-3.8040071653543306
0
LINE
8
BLACK
6
CONTINUOUS
10
5.9410027559055116
20
-3.8040071653543306
11
5.9385938188976377
21
-3.8087349212598425
0
LINE
8
BLACK
6
CONTINUOUS
10
5.9385938188976377
20
-3.8087349212598425
11
5.9385937401574802
21
-3.8087351968503937
0
LINE
8
BLACK
6
CONTINUOUS
10
5.9385937401574802
20
-3.8087351968503937
11
5.9379724409448817
21
-3.812657874015748
0
LINE
8
BLACK
6
CONTINUOUS
10
5.9379724409448817
20
-3.812657874015748
11
5.9379724409448817
21
-3.8330113779527557
0
LINE
8
BLACK
6
CONTINUOUS
10
5.9379724409448817
20
-3.8330113779527557
11
5.9385937401574802
21
-3.8369340551181104
0
LINE
8
BLACK
6
CONTINUOUS
10
5.9385937401574802
20
-3.8369340551181104
11
5.9385938188976377
21
-3.8369343307086612
0
LINE
8
BLACK
6
CONTINUOUS
10
5.9385938188976377
20
-3.8369343307086612
11
5.9410027559055116
21
-3.8416620866141731
0
LINE
8
BLACK
6
CONTINUOUS
10
5.9410027559055116
20
-3.8416620866141731
11
5.9410028346456691
21
-3.8416622047244093
0
LINE
8
BLACK
6
CONTINUOUS
10
5.9410028346456691
20
-3.8416622047244093
11
5.944755118110236
21
-3.8454144881889762
0
LINE
8
BLACK
6
CONTINUOUS
10
5.944755118110236
20
-3.8454144881889762
11
5.9447551968503936
21
-3.845414527559055
0
LINE
8
BLACK
6
CONTINUOUS
10
5.9447551968503936
20
-3.845414527559055
11
5.949482952755905
21
-3.8478234645669289
0
LINE
8
BLACK
6
CONTINUOUS
10
5.949482952755905
20
-3.8478234645669289
11
5.94948311023622
21
-3.8478235039370077
0
LINE
8
BLACK
6
CONTINUOUS
10
5.94948311023622
20
-3.8478235039370077
11
5.9494832283464563
21
-3.8478235826771652
0
LINE
8
BLACK
6
CONTINUOUS
10
5.9494832283464563
20
-3.8478235826771652
11
5.9514168110236216
21
-3.8481298031496061
0
LINE
8
BLACK
6
CONTINUOUS
10
5.9514168110236216
20
-3.8481298031496061
11
5.9535631102362201
21
-3.8492233858267717
0
LINE
8
BLACK
6
CONTINUOUS
10
5.9535631102362201
20
-3.8492233858267717
11
5.954656732283464
21
-3.8513696850393702
0
LINE
8
BLACK
6
CONTINUOUS
10
5.954656732283464
20
-3.8513696850393702
11
5.9547047244094484
21
-3.8519794488188976
0
LINE
8
BLACK
6
CONTINUOUS
10
5.9547047244094484
20
-3.8519794488188976
11
5.9547047244094484
21
-3.8796329527559053
0
LINE
8
BLACK
6
CONTINUOUS
10
5.9547047244094484
20
-3.8796329527559053
11
5.9539603543307082
21
-3.881923937007874
0
LINE
8
BLACK
6
CONTINUOUS
10
5.9539603543307082
20
-3.881923937007874
11
5.9520115354330709
21
-3.883339842519685
0
LINE
8
BLACK
6
CONTINUOUS
10
5.9520115354330709
20
-3.883339842519685
11
5.9518160629921262
21
-3.8833977165354332
0
LINE
8
BLACK
6
CONTINUOUS
10
5.9518160629921262
20
-3.8833977165354332
11
5.9515047637795275
21
-3.8834811417322834
0
LINE
8
BLACK
6
CONTINUOUS
10
5.9515047637795275
20
-3.8834811417322834
11
5.9515046456692913
21
-3.8834811417322834
0
LINE
8
BLACK
6
CONTINUOUS
10
5.9515046456692913
20
-3.8834811417322834
11
5.946735236220472
21
-3.8862347637795276
0
LINE
8
BLACK
6
CONTINUOUS
10
5.946735236220472
20
-3.8862347637795276
11
5.9461135433070869
21
-3.8865937007874014
0
LINE
8
BLACK
6
CONTINUOUS
10
5.9461135433070869
20
-3.8865937007874014
11
5.9417118110236222
21
-3.890995433070866
0
LINE
8
BLACK
6
CONTINUOUS
10
5.9417118110236222
20
-3.890995433070866
11
5.9385993307086613
21
-3.8963864566929134
0
LINE
8
BLACK
6
CONTINUOUS
10
5.9385993307086613
20
-3.8963864566929134
11
5.936988188976378
21
-3.9023993307086613
0
LINE
8
BLACK
6
CONTINUOUS
10
5.936988188976378
20
-3.9023993307086613
11
5.936988188976378
21
-3.9086242913385827
0
LINE
8
BLACK
6
CONTINUOUS
10
5.936988188976378
20
-3.9086242913385827
11
5.9385993307086613
21
-3.9146371653543306
0
LINE
8
BLACK
6
CONTINUOUS
10
5.9385993307086613
20
-3.9146371653543306
11
5.9385993700787401
21
-3.9146372047244093
0
LINE
8
BLACK
6
CONTINUOUS
10
5.9385993700787401
20
-3.9146372047244093
11
5.9385993307086613
21
-3.9146372047244093
0
LINE
8
BLACK
6
CONTINUOUS
10
5.9385993307086613
20
-3.9146372047244093
11
5.9388356299212601
21
-3.9150464566929135
0
LINE
8
BLACK
6
CONTINUOUS
10
5.9388356299212601
20
-3.9150464566929135
11
5.9389845669291335
21
-3.9157471653543308
0
LINE
8
BLACK
6
CONTINUOUS
10
5.9389845669291335
20
-3.9157471653543308
11
5.9393098031496061
21
-3.9163855118110233
0
LINE
8
BLACK
6
CONTINUOUS
10
5.9393098031496061
20
-3.9163855118110233
11
5.9392288582677164
21
-3.9168965354330707
0
LINE
8
BLACK
6
CONTINUOUS
10
5.9392288582677164
20
-3.9168965354330707
11
5.9393364566929137
21
-3.9174027165354328
0
LINE
8
BLACK
6
CONTINUOUS
10
5.9393364566929137
20
-3.9174027165354328
11
5.9390450393700789
21
-3.9180572047244095
0
LINE
8
BLACK
6
CONTINUOUS
10
5.9390450393700789
20
-3.9180572047244095
11
5.9389329921259844
21
-3.9187647244094488
0
LINE
8
BLACK
6
CONTINUOUS
10
5.9389329921259844
20
-3.9187647244094488
11
5.9385671259842514
21
-3.9191305511811021
0
LINE
8
BLACK
6
CONTINUOUS
10
5.9385671259842514
20
-3.9191305511811021
11
5.9383566535433072
21
-3.9196033070866139
0
LINE
8
BLACK
6
CONTINUOUS
10
5.9383566535433072
20
-3.9196033070866139
11
5.9377361811023617
21
-3.9199614960629918
0
LINE
8
BLACK
6
CONTINUOUS
10
5.9377361811023617
20
-3.9199614960629918
11
5.9372296456692908
21
-3.9204680708661415
0
LINE
8
BLACK
6
CONTINUOUS
10
5.9372296456692908
20
-3.9204680708661415
11
5.9367185433070864
21
-3.9205489763779529
0
LINE
8
BLACK
6
CONTINUOUS
10
5.9367185433070864
20
-3.9205489763779529
11
5.9362704724409445
21
-3.9208077165354331
0
LINE
8
BLACK
6
CONTINUOUS
10
5.9362704724409445
20
-3.9208077165354331
11
5.9355579527559055
21
-3.9207327952755904
0
LINE
8
BLACK
6
CONTINUOUS
10
5.9355579527559055
20
-3.9207327952755904
11
5.9348504330708662
21
-3.9208448818897637
0
LINE
8
BLACK
6
CONTINUOUS
10
5.9348504330708662
20
-3.9208448818897637
11
5.9343894094488183
21
-3.9206099606299212
0
LINE
8
BLACK
6
CONTINUOUS
10
5.9343894094488183
20
-3.9206099606299212
11
5.9338748031496058
21
-3.9205559055118111
0
LINE
8
BLACK
6
CONTINUOUS
10
5.9338748031496058
20
-3.9205559055118111
11
5.932704094488189
21
-3.9197512992125985
0
LINE
8
BLACK
6
CONTINUOUS
10
5.932704094488189
20
-3.9197512992125985
11
5.9272114566929135
21
-3.9142586614173229
0
LINE
8
BLACK
6
CONTINUOUS
10
5.9272114566929135
20
-3.9142586614173229
11
5.9272107874015747
21
-3.9142578740157479
0
LINE
8
BLACK
6
CONTINUOUS
10
5.9272107874015747
20
-3.9142578740157479
11
5.9266158661417325
21
-3.913662992125984
0
LINE
8
BLACK
6
CONTINUOUS
10
5.9266158661417325
20
-3.913662992125984
11
5.9266147637795275
21
-3.9136608661417323
0
LINE
8
BLACK
6
CONTINUOUS
10
5.9266147637795275
20
-3.9136608661417323
11
5.9254442125984248
21
-3.9124903937007871
0
LINE
8
BLACK
6
CONTINUOUS
10
5.9254442125984248
20
-3.9124903937007871
11
5.9254442519685036
21
-3.9124903937007871
0
LINE
8
BLACK
6
CONTINUOUS
10
5.9254442519685036
20
-3.9124903937007871
11
5.9227453937007875
21
-3.9097916929133856
0
LINE
8
BLACK
6
CONTINUOUS
10
5.9227453937007875
20
-3.9097916929133856
11
5.9165697637795276
21
-3.9053051574803148
0
LINE
8
BLACK
6
CONTINUOUS
10
5.9165697637795276
20
-3.9053051574803148
11
5.9129333858267712
21
-3.9034524409448816
0
LINE
8
BLACK
6
CONTINUOUS
10
5.9129333858267712
20
-3.9034524409448816
11
5.9097683858267711
21
-3.9018398818897637
0
LINE
8
BLACK
6
CONTINUOUS
10
5.9097683858267711
20
-3.9018398818897637
11
5.9085300393700786
21
-3.9014375590551182
0
LINE
8
BLACK
6
CONTINUOUS
10
5.9085300393700786
20
-3.9014375590551182
11
5.9073904330708658
21
-3.9010672834645668
0
LINE
8
BLACK
6
CONTINUOUS
10
5.9073904330708658
20
-3.9010672834645668
11
5.9054416141732284
21
-3.8996514566929132
0
LINE
8
BLACK
6
CONTINUOUS
10
5.9054416141732284
20
-3.8996514566929132
11
5.9050932283464563
21
-3.8990722047244093
0
LINE
8
BLACK
6
CONTINUOUS
10
5.9050932283464563
20
-3.8990722047244093
11
5.9045944488188979
21
-3.8980519685039368
0
LINE
8
BLACK
6
CONTINUOUS
10
5.9045944488188979
20
-3.8980519685039368
11
5.9045944488188979
21
-3.898051929133858
0
LINE
8
BLACK
6
CONTINUOUS
10
5.9045944488188979
20
-3.898051929133858
11
5.9045944094488192
21
-3.8980518897637793
0
LINE
8
BLACK
6
CONTINUOUS
10
5.9045944094488192
20
-3.8980518897637793
11
5.9045944094488192
21
-3.8980518503937005
0
LINE
8
BLACK
6
CONTINUOUS
10
5.9045944094488192
20
-3.8980518503937005
11
5.9013379133858264
21
-3.8947953543307086
0
LINE
8
BLACK
6
CONTINUOUS
10
5.9013379133858264
20
-3.8947953543307086
11
5.9005082677165355
21
-3.8943897637795275
0
LINE
8
BLACK
6
CONTINUOUS
10
5.9005082677165355
20
-3.8943897637795275
11
5.8972005905511811
21
-3.8927727165354331
0
LINE
8
BLACK
6
CONTINUOUS
10
5.8972005905511811
20
-3.8927727165354331
11
5.8961275196850389
21
-3.8926163779527556
0
LINE
8
BLACK
6
CONTINUOUS
10
5.8961275196850389
20
-3.8926163779527556
11
5.8945181102362207
21
-3.8923818897637794
0
LINE
8
BLACK
6
CONTINUOUS
10
5.8945181102362207
20
-3.8923818897637794
11
5.8515448818897635
21
-3.8923818897637794
0
LINE
8
BLACK
6
CONTINUOUS
10
5.8515448818897635
20
-3.8923818897637794
11
5.8502036614173223
21
-3.8925772834645667
0
LINE
8
BLACK
6
CONTINUOUS
10
5.8502036614173223
20
-3.8925772834645667
11
5.8488623622047244
21
-3.8927727165354331
0
LINE
8
BLACK
6
CONTINUOUS
10
5.8488623622047244
20
-3.8927727165354331
11
5.8447251181102358
21
-3.8947953149606298
0
LINE
8
BLACK
6
CONTINUOUS
10
5.8447251181102358
20
-3.8947953149606298
11
5.8414685433070863
21
-3.8980518897637793
0
LINE
8
BLACK
6
CONTINUOUS
10
5.8414685433070863
20
-3.8980518897637793
11
5.8394459448818896
21
-3.9021891338582675
0
LINE
8
BLACK
6
CONTINUOUS
10
5.8394459448818896
20
-3.9021891338582675
11
5.8393151968503938
21
-3.9030866141732283
0
LINE
8
BLACK
6
CONTINUOUS
10
5.8393151968503938
20
-3.9030866141732283
11
5.8390551181102364
21
-3.904871653543307
0
LINE
8
BLACK
6
CONTINUOUS
10
5.8390551181102364
20
-3.904871653543307
11
5.8390551181102364
21
-3.9193015748031494
0
LINE
8
BLACK
6
CONTINUOUS
10
5.8390551181102364
20
-3.9193015748031494
11
5.8393156692913388
21
-3.921089842519685
0
LINE
8
BLACK
6
CONTINUOUS
10
5.8393156692913388
20
-3.921089842519685
11
5.8394459448818896
21
-3.9219840551181102
0
LINE
8
BLACK
6
CONTINUOUS
10
5.8394459448818896
20
-3.9219840551181102
11
5.8413753937007868
21
-3.9259307874015748
0
LINE
8
BLACK
6
CONTINUOUS
10
5.8413753937007868
20
-3.9259307874015748
11
5.8414685826771651
21
-3.926121377952756
0
LINE
8
BLACK
6
CONTINUOUS
10
5.8414685826771651
20
-3.926121377952756
11
5.8433925196850396
21
-3.92804531496063
0
LINE
8
BLACK
6
CONTINUOUS
10
5.8433925196850396
20
-3.92804531496063
11
5.844486062992126
21
-3.9301915748031497
0
LINE
8
BLACK
6
CONTINUOUS
10
5.844486062992126
20
-3.9301915748031497
11
5.8441092519685034
21
-3.9325707874015747
0
LINE
8
BLACK
6
CONTINUOUS
10
5.8441092519685034
20
-3.9325707874015747
11
5.8433924803149608
21
-3.9335573622047244
0
LINE
8
BLACK
6
CONTINUOUS
10
5.8433924803149608
20
-3.9335573622047244
11
5.8414847637795271
21
-3.9354650393700785
0
LINE
8
BLACK
6
CONTINUOUS
10
5.8414847637795271
20
-3.9354650393700785
11
5.8395179921259839
21
-3.939488188976378
0
LINE
8
BLACK
6
CONTINUOUS
10
5.8395179921259839
20
-3.939488188976378
11
5.8486241732283464
21
-3.939488188976378
0
LINE
8
BLACK
6
CONTINUOUS
10
5.8486241732283464
20
-3.939488188976378
11
5.8486785039370082
21
-3.9394068503937008
0
LINE
8
BLACK
6
CONTINUOUS
10
5.8486785039370082
20
-3.9394068503937008
11
5.8505943700787402
21
-3.9381266929133858
0
LINE
8
BLACK
6
CONTINUOUS
10
5.8505943700787402
20
-3.9381266929133858
11
5.8528543307086611
21
-3.9376771653543305
0
LINE
8
BLACK
6
CONTINUOUS
10
5.8528543307086611
20
-3.9376771653543305
11
5.8932086614173231
21
-3.9376771653543305
0
LINE
8
BLACK
6
CONTINUOUS
10
5.8932086614173231
20
-3.9376771653543305
11
5.8954686220472441
21
-3.9381266929133858
0
LINE
8
BLACK
6
CONTINUOUS
10
5.8954686220472441
20
-3.9381266929133858
11
5.8973844881889761
21
-3.9394068503937008
0
LINE
8
BLACK
6
CONTINUOUS
10
5.8973844881889761
20
-3.9394068503937008
11
5.8974388188976379
21
-3.939488188976378
0
LINE
8
BLACK
6
CONTINUOUS
10
5.8974388188976379
20
-3.939488188976378
11
5.906544921259842
21
-3.939488188976378
0
LINE
8
BLACK
6
CONTINUOUS
10
5.906544921259842
20
-3.939488188976378
11
5.9065877165354328
21
-3.9394196456692914
0
LINE
8
BLACK
6
CONTINUOUS
10
5.9065877165354328
20
-3.9394196456692914
11
5.9084322834645668
21
-3.9378703937007873
0
LINE
8
BLACK
6
CONTINUOUS
10
5.9084322834645668
20
-3.9378703937007873
11
5.9108351968503934
21
-3.9377011811023621
0
LINE
8
BLACK
6
CONTINUOUS
10
5.9108351968503934
20
-3.9377011811023621
11
5.9126501181102364
21
-3.9387274409448816
0
LINE
8
BLACK
6
CONTINUOUS
10
5.9126501181102364
20
-3.9387274409448816
11
5.9206948031496065
21
-3.9467720866141733
0
LINE
8
BLACK
6
CONTINUOUS
10
5.9206948031496065
20
-3.9467720866141733
11
5.9207005118110239
21
-3.9467767322834644
0
LINE
8
BLACK
6
CONTINUOUS
10
5.9207005118110239
20
-3.9467767322834644
11
5.9218833464566929
21
-3.9479596062992126
0
LINE
8
BLACK
6
CONTINUOUS
10
5.9218833464566929
20
-3.9479596062992126
11
5.9243797244094489
21
-3.9497734251968502
0
LINE
8
BLACK
6
CONTINUOUS
10
5.9243797244094489
20
-3.9497734251968502
11
5.9244633858267717
21
-3.9498415748031497
0
LINE
8
BLACK
6
CONTINUOUS
10
5.9244633858267717
20
-3.9498415748031497
11
5.9250609842519681
21
-3.9507675196850394
0
LINE
8
BLACK
6
CONTINUOUS
10
5.9250609842519681
20
-3.9507675196850394
11
5.9257088582677166
21
-3.9516592913385824
0
LINE
8
BLACK
6
CONTINUOUS
10
5.9257088582677166
20
-3.9516592913385824
11
5.9257088188976379
21
-3.9517713779527557
0
LINE
8
BLACK
6
CONTINUOUS
10
5.9257088188976379
20
-3.9517713779527557
11
5.9257696062992125
21
-3.9518655118110235
0
LINE
8
BLACK
6
CONTINUOUS
10
5.9257696062992125
20
-3.9518655118110235
11
5.9257087795275591
21
-3.9529655511811024
0
LINE
8
BLACK
6
CONTINUOUS
10
5.9257087795275591
20
-3.9529655511811024
11
5.9257087795275591
21
-3.954068188976378
0
LINE
8
BLACK
6
CONTINUOUS
10
5.9257087795275591
20
-3.954068188976378
11
5.9256428346456689
21
-3.9541588976377953
0
LINE
8
BLACK
6
CONTINUOUS
10
5.9256428346456689
20
-3.9541588976377953
11
5.9256366929133861
21
-3.9542707086614173
0
LINE
8
BLACK
6
CONTINUOUS
10
5.9256366929133861
20
-3.9542707086614173
11
5.9249422440944883
21
-3.9551233070866143
0
LINE
8
BLACK
6
CONTINUOUS
10
5.9249422440944883
20
-3.9551233070866143
11
5.9242933858267719
21
-3.9560165354330707
0
LINE
8
BLACK
6
CONTINUOUS
10
5.9242933858267719
20
-3.9560165354330707
11
5.9211428346456696
21
-3.9583062204724411
0
LINE
8
BLACK
6
CONTINUOUS
10
5.9211428346456696
20
-3.9583062204724411
11
5.9211427165354333
21
-3.9583063385826769
0
LINE
8
BLACK
6
CONTINUOUS
10
5.9211427165354333
20
-3.9583063385826769
11
5.9195592125984247
21
-3.9598902362204722
0
LINE
8
BLACK
6
CONTINUOUS
10
5.9195592125984247
20
-3.9598902362204722
11
5.9194839763779523
21
-3.9599655118110237
0
LINE
8
BLACK
6
CONTINUOUS
10
5.9194839763779523
20
-3.9599655118110237
11
5.9192593307086616
21
-3.9601731496062991
0
LINE
8
BLACK
6
CONTINUOUS
10
5.9192593307086616
20
-3.9601731496062991
11
5.9143067322834648
21
-3.9644034251968505
0
LINE
8
BLACK
6
CONTINUOUS
10
5.9143067322834648
20
-3.9644034251968505
11
5.9138119291338578
21
-3.9647629527559056
0
LINE
8
BLACK
6
CONTINUOUS
10
5.9138119291338578
20
-3.9647629527559056
11
5.9111763779527555
21
-3.9663781496062991
0
LINE
8
BLACK
6
CONTINUOUS
10
5.9111763779527555
20
-3.9663781496062991
11
5.9088340944881885
21
-3.9669405511811022
0
LINE
8
BLACK
6
CONTINUOUS
10
5.9088340944881885
20
-3.9669405511811022
11
5.9066085433070867
21
-3.966018779527559
0
LINE
8
BLACK
6
CONTINUOUS
10
5.9066085433070867
20
-3.966018779527559
11
5.9053498425196853
21
-3.9639649606299212
0
LINE
8
BLACK
6
CONTINUOUS
10
5.9053498425196853
20
-3.9639649606299212
11
5.9055387795275589
21
-3.9615635039370076
0
LINE
8
BLACK
6
CONTINUOUS
10
5.9055387795275589
20
-3.9615635039370076
11
5.9056381496062995
21
-3.9613430708661417
0
LINE
8
BLACK
6
CONTINUOUS
10
5.9056381496062995
20
-3.9613430708661417
11
5.9065449606299207
21
-3.959488188976378
0
LINE
8
BLACK
6
CONTINUOUS
10
5.9065449606299207
20
-3.959488188976378
11
5.8974388188976379
21
-3.959488188976378
0
LINE
8
BLACK
6
CONTINUOUS
10
5.8974388188976379
20
-3.959488188976378
11
5.8973844881889761
21
-3.9595695275590552
0
LINE
8
BLACK
6
CONTINUOUS
10
5.8973844881889761
20
-3.9595695275590552
11
5.8954686220472441
21
-3.9608496850393702
0
LINE
8
BLACK
6
CONTINUOUS
10
5.8954686220472441
20
-3.9608496850393702
11
5.8932086614173231
21
-3.961299212598425
0
LINE
8
BLACK
6
CONTINUOUS
10
5.8932086614173231
20
-3.961299212598425
11
5.8528543307086611
21
-3.961299212598425
0
LINE
8
BLACK
6
CONTINUOUS
10
5.8528543307086611
20
-3.961299212598425
11
5.8505943700787402
21
-3.9608496850393702
0
LINE
8
BLACK
6
CONTINUOUS
10
5.8505943700787402
20
-3.9608496850393702
11
5.8486785039370082
21
-3.9595695275590552
0
LINE
8
BLACK
6
CONTINUOUS
10
5.8486785039370082
20
-3.9595695275590552
11
5.8486241732283464
21
-3.959488188976378
0
LINE
8
BLACK
6
CONTINUOUS
10
5.8486241732283464
20
-3.959488188976378
11
5.8395179921259839
21
-3.959488188976378
0
LINE
8
BLACK
6
CONTINUOUS
10
5.8395179921259839
20
-3.959488188976378
11
5.8414847637795271
21
-3.9635112992125983
0
LINE
8
BLACK
6
CONTINUOUS
10
5.8414847637795271
20
-3.9635112992125983
11
5.8433924803149608
21
-3.9654190157480316
0
LINE
8
BLACK
6
CONTINUOUS
10
5.8433924803149608
20
-3.9654190157480316
11
5.844486062992126
21
-3.9675653543307088
0
LINE
8
BLACK
6
CONTINUOUS
10
5.844486062992126
20
-3.9675653543307088
11
5.8441092519685034
21
-3.9699445669291338
0
LINE
8
BLACK
6
CONTINUOUS
10
5.8441092519685034
20
-3.9699445669291338
11
5.8433925590551183
21
-3.9709309842519684
0
LINE
8
BLACK
6
CONTINUOUS
10
5.8433925590551183
20
-3.9709309842519684
11
5.8414685826771651
21
-3.972855
0
LINE
8
BLACK
6
CONTINUOUS
10
5.8414685826771651
20
-3.972855
11
5.8414685433070863
21
-3.9728550393700788
0
LINE
8
BLACK
6
CONTINUOUS
10
5.8414685433070863
20
-3.9728550393700788
11
5.8394459448818896
21
-3.976992283464567
0
LINE
8
BLACK
6
CONTINUOUS
10
5.8394459448818896
20
-3.976992283464567
11
5.8394241338582678
21
-3.9771420078740158
0
LINE
8
BLACK
6
CONTINUOUS
10
5.8394241338582678
20
-3.9771420078740158
11
5.8390551181102364
21
-3.9796748031496061
0
LINE
8
BLACK
6
CONTINUOUS
10
5.8390551181102364
20
-3.9796748031496061
11
5.8390551181102364
21
-3.9941047244094485
0
LINE
8
BLACK
6
CONTINUOUS
10
5.8390551181102364
20
-3.9941047244094485
11
5.8391696062992127
21
-3.9948904724409449
0
LINE
8
BLACK
6
CONTINUOUS
10
5.8391696062992127
20
-3.9948904724409449
11
5.8394459448818896
21
-3.9967872047244093
0
LINE
8
BLACK
6
CONTINUOUS
10
5.8394459448818896
20
-3.9967872047244093
11
5.841239842519685
21
-4.0004566535433073
0
LINE
8
BLACK
6
CONTINUOUS
10
5.841239842519685
20
-4.0004566535433073
11
5.8414685826771651
21
-4.0009245275590546
0
LINE
8
BLACK
6
CONTINUOUS
10
5.8414685826771651
20
-4.0009245275590546
11
5.844725078740157
21
-4.0041810236220474
0
LINE
8
BLACK
6
CONTINUOUS
10
5.844725078740157
20
-4.0041810236220474
11
5.8456988976377948
21
-4.0046570866141735
0
LINE
8
BLACK
6
CONTINUOUS
10
5.8456988976377948
20
-4.0046570866141735
11
5.8488623622047244
21
-4.0062036220472441
0
LINE
8
BLACK
6
CONTINUOUS
10
5.8488623622047244
20
-4.0062036220472441
11
5.8488624015748032
21
-4.0062036220472441
0
LINE
8
BLACK
6
CONTINUOUS
10
5.8488624015748032
20
-4.0062036220472441
11
5.8488624803149607
21
-4.0062036614173229
0
LINE
8
BLACK
6
CONTINUOUS
10
5.8488624803149607
20
-4.0062036614173229
11
5.8515448818897635
21
-4.0065944881889761
0
LINE
8
BLACK
6
CONTINUOUS
10
5.8515448818897635
20
-4.0065944881889761
11
5.8515449999999998
21
-4.0065944881889761
0
LINE
8
BLACK
6
CONTINUOUS
10
5.8515449999999998
20
-4.0065944881889761
11
5.8941573228346451
21
-4.0065944881889761
0
LINE
8
BLACK
6
CONTINUOUS
10
5.8941573228346451
20
-4.0065944881889761
11
5.8964483070866143
21
-4.0073388582677163
0
LINE
8
BLACK
6
CONTINUOUS
10
5.8964483070866143
20
-4.0073388582677163
11
5.8978642125984253
21
-4.0092876771653545
0
LINE
8
BLACK
6
CONTINUOUS
10
5.8978642125984253
20
-4.0092876771653545
11
5.8979221259842518
21
-4.0115007874015749
0
LINE
8
BLACK
6
CONTINUOUS
10
5.8979221259842518
20
-4.0115007874015749
11
5.8976181102362206
21
-4.012635551181102
0
LINE
8
BLACK
6
CONTINUOUS
10
5.8976181102362206
20
-4.012635551181102
11
5.8976181102362206
21
-4.0188605118110239
0
LINE
8
BLACK
6
CONTINUOUS
10
5.8976181102362206
20
-4.0188605118110239
11
5.8992292519685039
21
-4.0248733858267718
0
LINE
8
BLACK
6
CONTINUOUS
10
5.8992292519685039
20
-4.0248733858267718
11
5.9023417322834648
21
-4.0302644094488187
0
LINE
8
BLACK
6
CONTINUOUS
10
5.9023417322834648
20
-4.0302644094488187
11
5.9067434645669286
21
-4.0346661417322833
0
LINE
8
BLACK
6
CONTINUOUS
10
5.9067434645669286
20
-4.0346661417322833
11
5.9121344881889764
21
-4.0377786220472442
0
LINE
8
BLACK
6
CONTINUOUS
10
5.9121344881889764
20
-4.0377786220472442
11
5.9173048031496061
21
-4.039163976377953
0
LINE
8
BLACK
6
CONTINUOUS
10
5.9173048031496061
20
-4.039163976377953
11
5.919324960629921
21
-4.0404759055118111
0
LINE
8
BLACK
6
CONTINUOUS
10
5.919324960629921
20
-4.0404759055118111
11
5.9201882283464569
21
-4.0427247637795274
0
LINE
8
BLACK
6
CONTINUOUS
10
5.9201882283464569
20
-4.0427247637795274
11
5.9195648031496058
21
-4.0450515748031499
0
LINE
8
BLACK
6
CONTINUOUS
10
5.9195648031496058
20
-4.0450515748031499
11
5.9190520078740159
21
-4.045684803149606
0
LINE
8
BLACK
6
CONTINUOUS
10
5.9190520078740159
20
-4.045684803149606
11
5.8826586614173229
21
-4.0820782283464565
0
LINE
8
BLACK
6
CONTINUOUS
10
5.8826586614173229
20
-4.0820782283464565
11
5.8811428740157483
21
-4.0847036614173229
0
LINE
8
BLACK
6
CONTINUOUS
10
5.8811428740157483
20
-4.0847036614173229
11
5.8808420078740156
21
-4.0852247637795278
0
LINE
8
BLACK
6
CONTINUOUS
10
5.8808420078740156
20
-4.0852247637795278
11
5.8808420078740156
21
-4.0852248031496066
0
LINE
8
BLACK
6
CONTINUOUS
10
5.8808420078740156
20
-4.0852248031496066
11
5.8808419685039368
21
-4.0852248818897641
0
LINE
8
BLACK
6
CONTINUOUS
10
5.8808419685039368
20
-4.0852248818897641
11
5.8799015748031493
21
-4.088734488188976
0
LINE
8
BLACK
6
CONTINUOUS
10
5.8799015748031493
20
-4.088734488188976
11
5.8799015748031493
21
-4.0887345275590548
0
LINE
8
BLACK
6
CONTINUOUS
10
5.8799015748031493
20
-4.0887345275590548
11
5.8799015748031493
21
-4.1103665354330712
0
LINE
8
BLACK
6
CONTINUOUS
10
5.8799015748031493
20
-4.1103665354330712
11
5.8791572047244092
21
-4.1126575196850395
0
LINE
8
BLACK
6
CONTINUOUS
10
5.8791572047244092
20
-4.1126575196850395
11
5.8777734645669293
21
-4.1138393307086609
0
LINE
8
BLACK
6
CONTINUOUS
10
5.8777734645669293
20
-4.1138393307086609
11
5.8734905118110232
21
-4.1160216141732286
0
LINE
8
BLACK
6
CONTINUOUS
10
5.8734905118110232
20
-4.1160216141732286
11
5.8699586220472444
21
-4.1195535039370075
0
LINE
8
BLACK
6
CONTINUOUS
10
5.8699586220472444
20
-4.1195535039370075
11
5.8675518110236222
21
-4.1242771259842517
0
LINE
8
BLACK
6
CONTINUOUS
10
5.8675518110236222
20
-4.1242771259842517
11
5.8674984251968505
21
-4.1242499212598425
0
LINE
8
BLACK
6
CONTINUOUS
10
5.8674984251968505
20
-4.1242499212598425
11
5.8662863779527559
21
-4.1259182283464568
0
LINE
8
BLACK
6
CONTINUOUS
10
5.8662863779527559
20
-4.1259182283464568
11
5.8639953937007876
21
-4.126662598425197
0
LINE
8
BLACK
6
CONTINUOUS
10
5.8639953937007876
20
-4.126662598425197
11
5.8617044094488184
21
-4.1259182283464568
0
LINE
8
BLACK
6
CONTINUOUS
10
5.8617044094488184
20
-4.1259182283464568
11
5.860522598425197
21
-4.1245344881889761
0
LINE
8
BLACK
6
CONTINUOUS
10
5.860522598425197
20
-4.1245344881889761
11
5.8581936220472439
21
-4.1199637007874017
0
LINE
8
BLACK
6
CONTINUOUS
10
5.8581936220472439
20
-4.1199637007874017
11
5.8544457086614168
21
-4.1162157874015746
0
LINE
8
BLACK
6
CONTINUOUS
10
5.8544457086614168
20
-4.1162157874015746
11
5.8497231889763777
21
-4.1138095275590549
0
LINE
8
BLACK
6
CONTINUOUS
10
5.8497231889763777
20
-4.1138095275590549
11
5.8497232283464564
21
-4.1138095275590549
0
LINE
8
BLACK
6
CONTINUOUS
10
5.8497232283464564
20
-4.1138095275590549
11
5.8458052755905507
21
-4.1131889763779528
0
LINE
8
BLACK
6
CONTINUOUS
10
5.8458052755905507
20
-4.1131889763779528
11
5.8446457086614174
21
-4.1131889763779528
0
LINE
8
BLACK
6
CONTINUOUS
10
5.8446457086614174
20
-4.1131889763779528
11
5.8446456692913387
21
-4.1131890157480315
0
LINE
8
BLACK
6
CONTINUOUS
10
5.8446456692913387
20
-4.1131890157480315
11
5.8446456692913387
21
-4.1210942913385828
0
LINE
8
BLACK
6
CONTINUOUS
10
5.8446456692913387
20
-4.1210942913385828
11
5.8478781102362207
21
-4.1217372834645669
0
LINE
8
BLACK
6
CONTINUOUS
10
5.8478781102362207
20
-4.1217372834645669
11
5.8507519291338586
21
-4.1236575196850396
0
LINE
8
BLACK
6
CONTINUOUS
10
5.8507519291338586
20
-4.1236575196850396
11
5.8526721653543303
21
-4.1265313385826774
0
LINE
8
BLACK
6
CONTINUOUS
10
5.8526721653543303
20
-4.1265313385826774
11
5.853346456692913
21
-4.1299212598425195
0
LINE
8
BLACK
6
CONTINUOUS
10
5.853346456692913
20
-4.1299212598425195
11
5.853346456692913
21
-4.1476377952755907
0
LINE
8
BLACK
6
CONTINUOUS
10
5.853346456692913
20
-4.1476377952755907
11
5.8526721653543303
21
-4.1510277165354328
0
LINE
8
BLACK
6
CONTINUOUS
10
5.8526721653543303
20
-4.1510277165354328
11
5.8507519291338586
21
-4.1539015354330706
0
LINE
8
BLACK
6
CONTINUOUS
10
5.8507519291338586
20
-4.1539015354330706
11
5.8478781102362207
21
-4.1558217716535433
0
LINE
8
BLACK
6
CONTINUOUS
10
5.8478781102362207
20
-4.1558217716535433
11
5.8446456692913387
21
-4.1564647244094486
0
LINE
8
BLACK
6
CONTINUOUS
10
5.8446456692913387
20
-4.1564647244094486
11
5.8446456692913387
21
-4.1643699999999999
0
LINE
8
BLACK
6
CONTINUOUS
10
5.8446456692913387
20
-4.1643699999999999
11
5.8446457086614174
21
-4.1643700393700787
0
LINE
8
BLACK
6
CONTINUOUS
10
5.8446457086614174
20
-4.1643700393700787
11
5.845805236220472
21
-4.1643700393700787
0
LINE
8
BLACK
6
CONTINUOUS
10
5.845805236220472
20
-4.1643700393700787
11
5.8497230314960627
21
-4.163749566929134
0
LINE
8
BLACK
6
CONTINUOUS
10
5.8497230314960627
20
-4.163749566929134
11
5.8497231889763777
21
-4.1637494881889765
0
LINE
8
BLACK
6
CONTINUOUS
10
5.8497231889763777
20
-4.1637494881889765
11
5.8544457086614168
21
-4.1613432283464569
0
LINE
8
BLACK
6
CONTINUOUS
10
5.8544457086614168
20
-4.1613432283464569
11
5.8581936220472439
21
-4.1575953149606297
0
LINE
8
BLACK
6
CONTINUOUS
10
5.8581936220472439
20
-4.1575953149606297
11
5.8605998818897636
21
-4.1528727952755906
0
LINE
8
BLACK
6
CONTINUOUS
10
5.8605998818897636
20
-4.1528727952755906
11
5.8605999212598423
21
-4.1528727952755906
0
LINE
8
BLACK
6
CONTINUOUS
10
5.8605999212598423
20
-4.1528727952755906
11
5.8607981496062989
21
-4.1516211023622045
0
LINE
8
BLACK
6
CONTINUOUS
10
5.8607981496062989
20
-4.1516211023622045
11
5.8618916929133853
21
-4.1494747637795273
0
LINE
8
BLACK
6
CONTINUOUS
10
5.8618916929133853
20
-4.1494747637795273
11
5.8640379921259838
21
-4.1483811023622046
0
LINE
8
BLACK
6
CONTINUOUS
10
5.8640379921259838
20
-4.1483811023622046
11
5.8664172047244092
21
-4.1487579133858263
0
LINE
8
BLACK
6
CONTINUOUS
10
5.8664172047244092
20
-4.1487579133858263
11
5.8681205905511806
21
-4.1504611811023624
0
LINE
8
BLACK
6
CONTINUOUS
10
5.8681205905511806
20
-4.1504611811023624
11
5.8681205905511806
21
-4.1504612204724411
0
LINE
8
BLACK
6
CONTINUOUS
10
5.8681205905511806
20
-4.1504612204724411
11
5.8690420078740155
21
-4.1522695669291334
0
LINE
8
BLACK
6
CONTINUOUS
10
5.8690420078740155
20
-4.1522695669291334
11
5.8699586614173231
21
-4.1540685826771648
0
LINE
8
BLACK
6
CONTINUOUS
10
5.8699586614173231
20
-4.1540685826771648
11
5.8734904724409445
21
-4.157600393700787
0
LINE
8
BLACK
6
CONTINUOUS
10
5.8734904724409445
20
-4.157600393700787
11
5.8779407874015748
21
-4.1598679527559055
0
LINE
8
BLACK
6
CONTINUOUS
10
5.8779407874015748
20
-4.1598679527559055
11
5.88163311023622
21
-4.1604527559055118
0
LINE
8
BLACK
6
CONTINUOUS
10
5.88163311023622
20
-4.1604527559055118
11
5.9057684251968503
21
-4.160452716535433
0
LINE
8
BLACK
6
CONTINUOUS
10
5.9057684251968503
20
-4.160452716535433
11
5.9057685039370078
21
-4.160452716535433
0
LINE
8
BLACK
6
CONTINUOUS
10
5.9057685039370078
20
-4.160452716535433
11
5.9057685433070866
21
-4.1604526771653543
0
LINE
8
BLACK
6
CONTINUOUS
10
5.9057685433070866
20
-4.1604526771653543
11
5.9076146062992123
21
-4.1601603149606294
0
LINE
8
BLACK
6
CONTINUOUS
10
5.9076146062992123
20
-4.1601603149606294
11
5.9094605905511806
21
-4.1598679921259842
0
LINE
8
BLACK
6
CONTINUOUS
10
5.9094605905511806
20
-4.1598679921259842
11
5.9094605905511806
21
-4.1598679527559055
0
LINE
8
BLACK
6
CONTINUOUS
10
5.9094605905511806
20
-4.1598679527559055
11
5.9094607874015743
21
-4.1598679527559055
0
LINE
8
BLACK
6
CONTINUOUS
10
5.9094607874015743
20
-4.1598679527559055
11
5.9139111023622046
21
-4.157600393700787
0
LINE
8
BLACK
6
CONTINUOUS
10
5.9139111023622046
20
-4.157600393700787
11
5.9174429133858268
21
-4.1540685826771648
0
LINE
8
BLACK
6
CONTINUOUS
10
5.9174429133858268
20
-4.1540685826771648
11
5.9197104724409444
21
-4.1496182677165354
0
LINE
8
BLACK
6
CONTINUOUS
10
5.9197104724409444
20
-4.1496182677165354
11
5.9202952755905507
21
-4.1459259448818893
0
LINE
8
BLACK
6
CONTINUOUS
10
5.9202952755905507
20
-4.1459259448818893
11
5.9202952362204719
21
-4.1276961417322831
0
LINE
8
BLACK
6
CONTINUOUS
10
5.9202952362204719
20
-4.1276961417322831
11
5.9201412204724404
21
-4.1267235826771653
0
LINE
8
BLACK
6
CONTINUOUS
10
5.9201412204724404
20
-4.1267235826771653
11
5.9197105118110231
21
-4.124003937007874
0
LINE
8
BLACK
6
CONTINUOUS
10
5.9197105118110231
20
-4.124003937007874
11
5.9197104724409444
21
-4.1240038582677165
0
LINE
8
BLACK
6
CONTINUOUS
10
5.9197104724409444
20
-4.1240038582677165
11
5.9197104724409444
21
-4.124003779527559
0
LINE
8
BLACK
6
CONTINUOUS
10
5.9197104724409444
20
-4.124003779527559
11
5.9174429133858268
21
-4.1195534645669287
0
LINE
8
BLACK
6
CONTINUOUS
10
5.9174429133858268
20
-4.1195534645669287
11
5.9139111023622046
21
-4.1160216535433074
0
LINE
8
BLACK
6
CONTINUOUS
10
5.9139111023622046
20
-4.1160216535433074
11
5.9118746456692914
21
-4.1149840157480311
0
LINE
8
BLACK
6
CONTINUOUS
10
5.9118746456692914
20
-4.1149840157480311
11
5.9096281102362207
21
-4.1138393307086609
0
LINE
8
BLACK
6
CONTINUOUS
10
5.9096281102362207
20
-4.1138393307086609
11
5.9079248031496059
21
-4.1121359842519682
0
LINE
8
BLACK
6
CONTINUOUS
10
5.9079248031496059
20
-4.1121359842519682
11
5.9074999999999998
21
-4.1103665354330712
0
LINE
8
BLACK
6
CONTINUOUS
10
5.9074999999999998
20
-4.1103665354330712
11
5.9074999999999998
21
-4.0978814173228342
0
LINE
8
BLACK
6
CONTINUOUS
10
5.9074999999999998
20
-4.0978814173228342
11
5.9082443700787399
21
-4.0955904330708659
0
LINE
8
BLACK
6
CONTINUOUS
10
5.9082443700787399
20
-4.0955904330708659
11
5.9086413385826768
21
-4.0951255905511807
0
LINE
8
BLACK
6
CONTINUOUS
10
5.9086413385826768
20
-4.0951255905511807
11
5.9741326377952753
21
-4.0296343307086611
0
LINE
8
BLACK
6
CONTINUOUS
10
5.9741326377952753
20
-4.0296343307086611
11
5.9759493700787401
21
-4.0264877165354331
0
LINE
8
BLACK
6
CONTINUOUS
10
5.9759493700787401
20
-4.0264877165354331
11
5.9762907874015747
21
-4.0252135039370076
0
LINE
8
BLACK
6
CONTINUOUS
10
5.9762907874015747
20
-4.0252135039370076
11
5.9768897637795275
21
-4.0229781102362203
0
LINE
8
BLACK
6
CONTINUOUS
10
5.9768897637795275
20
-4.0229781102362203
11
5.9768897637795275
21
-4.0209446062992127
0
LINE
8
BLACK
6
CONTINUOUS
10
5.9768897637795275
20
-4.0209446062992127
11
5.9776341338582677
21
-4.0186536220472444
0
LINE
8
BLACK
6
CONTINUOUS
10
5.9776341338582677
20
-4.0186536220472444
11
5.979582952755905
21
-4.0172377165354334
0
LINE
8
BLACK
6
CONTINUOUS
10
5.979582952755905
20
-4.0172377165354334
11
5.9819918503937011
21
-4.0172377165354334
0
LINE
8
BLACK
6
CONTINUOUS
10
5.9819918503937011
20
-4.0172377165354334
11
5.9834261811023621
21
-4.0180761023622047
0
LINE
8
BLACK
6
CONTINUOUS
10
5.9834261811023621
20
-4.0180761023622047
11
5.9863328740157478
21
-4.0207499999999996
0
LINE
8
BLACK
6
CONTINUOUS
10
5.9863328740157478
20
-4.0207499999999996
11
5.9867830314960626
21
-4.0215492519685041
0
LINE
8
BLACK
6
CONTINUOUS
10
5.9867830314960626
20
-4.0215492519685041
11
5.9873508267716531
21
-4.0222695275590548
0
LINE
8
BLACK
6
CONTINUOUS
10
5.9873508267716531
20
-4.0222695275590548
11
5.9873771259842519
21
-4.0226040944881891
0
LINE
8
BLACK
6
CONTINUOUS
10
5.9873771259842519
20
-4.0226040944881891
11
5.9875150000000001
21
-4.0228488582677162
0
LINE
8
BLACK
6
CONTINUOUS
10
5.9875150000000001
20
-4.0228488582677162
11
5.9874443700787401
21
-4.0234581102362208
0
LINE
8
BLACK
6
CONTINUOUS
10
5.9874443700787401
20
-4.0234581102362208
11
5.9875168503937006
21
-4.024378858267716
0
LINE
8
BLACK
6
CONTINUOUS
10
5.9875168503937006
20
-4.024378858267716
11
5.987185039370079
21
-4.0260469685039366
0
LINE
8
BLACK
6
CONTINUOUS
10
5.987185039370079
20
-4.0260469685039366
11
5.987185039370079
21
-4.0348433858267718
0
LINE
8
BLACK
6
CONTINUOUS
10
5.987185039370079
20
-4.0348433858267718
11
5.987052244094488
21
-4.0358519685039367
0
LINE
8
BLACK
6
CONTINUOUS
10
5.987052244094488
20
-4.0358519685039367
11
5.9862007874015744
21
-4.0390297637795278
0
LINE
8
BLACK
6
CONTINUOUS
10
5.9862007874015744
20
-4.0390297637795278
11
5.9862007874015744
21
-4.0390298031496066
0
LINE
8
BLACK
6
CONTINUOUS
10
5.9862007874015744
20
-4.0390298031496066
11
5.9862007874015744
21
-4.0477877952755907
0
LINE
8
BLACK
6
CONTINUOUS
10
5.9862007874015744
20
-4.0477877952755907
11
5.9854564173228342
21
-4.050078779527559
0
LINE
8
BLACK
6
CONTINUOUS
10
5.9854564173228342
20
-4.050078779527559
11
5.9850592125984248
21
-4.0505438582677167
0
LINE
8
BLACK
6
CONTINUOUS
10
5.9850592125984248
20
-4.0505438582677167
11
5.9495877165354329
21
-4.0860153543307085
0
LINE
8
BLACK
6
CONTINUOUS
10
5.9495877165354329
20
-4.0860153543307085
11
5.9491935039370079
21
-4.0866981889763778
0
LINE
8
BLACK
6
CONTINUOUS
10
5.9491935039370079
20
-4.0866981889763778
11
5.948799251968504
21
-4.0873811023622046
0
LINE
8
BLACK
6
CONTINUOUS
10
5.948799251968504
20
-4.0873811023622046
11
5.9485196062992127
21
-4.0878654724409449
0
LINE
8
BLACK
6
CONTINUOUS
10
5.9485196062992127
20
-4.0878654724409449
11
5.9477711417322832
21
-4.0891617716535436
0
LINE
8
BLACK
6
CONTINUOUS
10
5.9477711417322832
20
-4.0891617716535436
11
5.9477711023622044
21
-4.0891618503937011
0
LINE
8
BLACK
6
CONTINUOUS
10
5.9477711023622044
20
-4.0891618503937011
11
5.9477711023622044
21
-4.0891618897637798
0
LINE
8
BLACK
6
CONTINUOUS
10
5.9477711023622044
20
-4.0891618897637798
11
5.9470085433070867
21
-4.0920079133858263
0
LINE
8
BLACK
6
CONTINUOUS
10
5.9470085433070867
20
-4.0920079133858263
11
5.9468307086614169
21
-4.0926715354330705
0
LINE
8
BLACK
6
CONTINUOUS
10
5.9468307086614169
20
-4.0926715354330705
11
5.9468307086614169
21
-4.1237328346456694
0
LINE
8
BLACK
6
CONTINUOUS
10
5.9468307086614169
20
-4.1237328346456694
11
5.9460863385826768
21
-4.1260238188976377
0
LINE
8
BLACK
6
CONTINUOUS
10
5.9460863385826768
20
-4.1260238188976377
11
5.9441375196850395
21
-4.1274397244094487
0
LINE
8
BLACK
6
CONTINUOUS
10
5.9441375196850395
20
-4.1274397244094487
11
5.9439419685039372
21
-4.1274976377952752
0
LINE
8
BLACK
6
CONTINUOUS
10
5.9439419685039372
20
-4.1274976377952752
11
5.9436506692913387
21
-4.1275756692913381
0
LINE
8
BLACK
6
CONTINUOUS
10
5.9436506692913387
20
-4.1275756692913381
11
5.9391875590551182
21
-4.1301524409448822
0
LINE
8
BLACK
6
CONTINUOUS
10
5.9391875590551182
20
-4.1301524409448822
11
5.9382596062992121
21
-4.1306881889763778
0
LINE
8
BLACK
6
CONTINUOUS
10
5.9382596062992121
20
-4.1306881889763778
11
5.9338578740157475
21
-4.1350899212598424
0
LINE
8
BLACK
6
CONTINUOUS
10
5.9338578740157475
20
-4.1350899212598424
11
5.9307453937007875
21
-4.1404809448818893
0
LINE
8
BLACK
6
CONTINUOUS
10
5.9307453937007875
20
-4.1404809448818893
11
5.9291342519685042
21
-4.1464938188976381
0
LINE
8
BLACK
6
CONTINUOUS
10
5.9291342519685042
20
-4.1464938188976381
11
5.9291342519685042
21
-4.1527187795275591
0
LINE
8
BLACK
6
CONTINUOUS
10
5.9291342519685042
20
-4.1527187795275591
11
5.9307453937007875
21
-4.158731653543307
0
LINE
8
BLACK
6
CONTINUOUS
10
5.9307453937007875
20
-4.158731653543307
11
5.9338578740157475
21
-4.1641226771653539
0
LINE
8
BLACK
6
CONTINUOUS
10
5.9338578740157475
20
-4.1641226771653539
11
5.9382596062992121
21
-4.1685244094488185
0
LINE
8
BLACK
6
CONTINUOUS
10
5.9382596062992121
20
-4.1685244094488185
11
5.9436506299212599
21
-4.1716368897637794
0
LINE
8
BLACK
6
CONTINUOUS
10
5.9436506299212599
20
-4.1716368897637794
11
5.9496635039370078
21
-4.1732480314960627
0
LINE
8
BLACK
6
CONTINUOUS
10
5.9496635039370078
20
-4.1732480314960627
11
5.9496635826771653
21
-4.1732480314960627
0
LINE
8
BLACK
6
CONTINUOUS
10
5.9496635826771653
20
-4.1732480314960627
11
5.9558883858267713
21
-4.1732480314960627
0
LINE
8
BLACK
6
CONTINUOUS
10
5.9558883858267713
20
-4.1732480314960627
11
5.9558884645669288
21
-4.1732480314960627
0
LINE
8
BLACK
6
CONTINUOUS
10
5.9558884645669288
20
-4.1732480314960627
11
5.9617743307086615
21
-4.1716709055118111
0
LINE
8
BLACK
6
CONTINUOUS
10
5.9617743307086615
20
-4.1716709055118111
11
5.9641797637795273
21
-4.1717969685039371
0
LINE
8
BLACK
6
CONTINUOUS
10
5.9641797637795273
20
-4.1717969685039371
11
5.9660518110236218
21
-4.1733129133858267
0
LINE
8
BLACK
6
CONTINUOUS
10
5.9660518110236218
20
-4.1733129133858267
11
5.9666752755905508
21
-4.1756397244094483
0
LINE
8
BLACK
6
CONTINUOUS
10
5.9666752755905508
20
-4.1756397244094483
11
5.9658120472440945
21
-4.1778885826771655
0
LINE
8
BLACK
6
CONTINUOUS
10
5.9658120472440945
20
-4.1778885826771655
11
5.9655390551181098
21
-4.1781917716535428
0
LINE
8
BLACK
6
CONTINUOUS
10
5.9655390551181098
20
-4.1781917716535428
11
5.9613969291338584
21
-4.1823338976377951
0
LINE
8
BLACK
6
CONTINUOUS
10
5.9613969291338584
20
-4.1823338976377951
11
5.9613968503937009
21
-4.1823339763779526
0
LINE
8
BLACK
6
CONTINUOUS
10
5.9613968503937009
20
-4.1823339763779526
11
5.9613968503937009
21
-4.1823340157480313
0
LINE
8
BLACK
6
CONTINUOUS
10
5.9613968503937009
20
-4.1823340157480313
11
5.95828437007874
21
-4.1877250393700782
0
LINE
8
BLACK
6
CONTINUOUS
10
5.95828437007874
20
-4.1877250393700782
11
5.9566732283464567
21
-4.193737913385827
0
LINE
8
BLACK
6
CONTINUOUS
10
5.9566732283464567
20
-4.193737913385827
11
5.9566732283464567
21
-4.199962874015748
0
LINE
8
BLACK
6
CONTINUOUS
10
5.9566732283464567
20
-4.199962874015748
11
5.95828437007874
21
-4.2059757480314959
0
LINE
8
BLACK
6
CONTINUOUS
10
5.95828437007874
20
-4.2059757480314959
11
5.9613968503937009
21
-4.2113667716535428
0
LINE
8
BLACK
6
CONTINUOUS
10
5.9613968503937009
20
-4.2113667716535428
11
5.9657985826771656
21
-4.2157685039370074
0
LINE
8
BLACK
6
CONTINUOUS
10
5.9657985826771656
20
-4.2157685039370074
11
5.9711896062992125
21
-4.2188809842519683
0
LINE
8
BLACK
6
CONTINUOUS
10
5.9711896062992125
20
-4.2188809842519683
11
5.9772024803149604
21
-4.2204921259842516
0
LINE
8
BLACK
6
CONTINUOUS
10
5.9772024803149604
20
-4.2204921259842516
11
5.9772025590551179
21
-4.2204921259842516
0
LINE
8
BLACK
6
CONTINUOUS
10
5.9772025590551179
20
-4.2204921259842516
11
5.9834273622047247
21
-4.2204921259842516
0
LINE
8
BLACK
6
CONTINUOUS
10
5.9834273622047247
20
-4.2204921259842516
11
5.9834274409448813
21
-4.2204921259842516
0
LINE
8
BLACK
6
CONTINUOUS
10
5.9834274409448813
20
-4.2204921259842516
11
5.9894403149606301
21
-4.2188809842519683
0
LINE
8
BLACK
6
CONTINUOUS
10
5.9894403149606301
20
-4.2188809842519683
11
5.994831338582677
21
-4.2157685039370074
0
LINE
8
BLACK
6
CONTINUOUS
10
5.994831338582677
20
-4.2157685039370074
11
5.9992330708661417
21
-4.2113667716535428
0
LINE
8
BLACK
6
CONTINUOUS
10
5.9992330708661417
20
-4.2113667716535428
11
6.0023455511811026
21
-4.2059757480314959
0
LINE
8
BLACK
6
CONTINUOUS
10
6.0023455511811026
20
-4.2059757480314959
11
6.002749645669291
21
-4.2044675984251967
0
LINE
8
BLACK
6
CONTINUOUS
10
6.002749645669291
20
-4.2044675984251967
11
6.0039566929133859
21
-4.199962874015748
0
LINE
8
BLACK
6
CONTINUOUS
10
6.0039566929133859
20
-4.199962874015748
11
6.0039566929133859
21
-4.193737913385827
0
LINE
8
BLACK
6
CONTINUOUS
10
6.0039566929133859
20
-4.193737913385827
11
6.0023455511811026
21
-4.1877250393700782
0
LINE
8
BLACK
6
CONTINUOUS
10
6.0023455511811026
20
-4.1877250393700782
11
6.0023455118110238
21
-4.1877249606299207
0
LINE
8
BLACK
6
CONTINUOUS
10
6.0023455118110238
20
-4.1877249606299207
11
6.0023454724409451
21
-4.1877248031496066
0
LINE
8
BLACK
6
CONTINUOUS
10
6.0023454724409451
20
-4.1877248031496066
11
6.0022848818897634
21
-4.1875785433070867
0
LINE
8
BLACK
6
CONTINUOUS
10
6.0022848818897634
20
-4.1875785433070867
11
6.0019881889763775
21
-4.1860870078740158
0
LINE
8
BLACK
6
CONTINUOUS
10
6.0019881889763775
20
-4.1860870078740158
11
6.0019881889763775
21
-4.1395069685039365
0
LINE
8
BLACK
6
CONTINUOUS
10
6.0019881889763775
20
-4.1395069685039365
11
6.0019881889763775
21
-4.103786968503937
0
LINE
8
BLACK
6
CONTINUOUS
10
6.0019881889763775
20
-4.103786968503937
11
6.0027325590551177
21
-4.1014959842519687
0
LINE
8
BLACK
6
CONTINUOUS
10
6.0027325590551177
20
-4.1014959842519687
11
6.0031295275590546
21
-4.1010311417322836
0
LINE
8
BLACK
6
CONTINUOUS
10
6.0031295275590546
20
-4.1010311417322836
11
6.0307271653543308
21
-4.073433543307087
0
LINE
8
BLACK
6
CONTINUOUS
10
6.0307271653543308
20
-4.073433543307087
11
6.032543858267716
21
-4.0702869291338581
0
LINE
8
BLACK
6
CONTINUOUS
10
6.032543858267716
20
-4.0702869291338581
11
6.0334842519685035
21
-4.0667773228346453
0
LINE
8
BLACK
6
CONTINUOUS
10
6.0334842519685035
20
-4.0667773228346453
11
6.0334842519685035
21
-4.0667772047244091
0
LINE
8
BLACK
6
CONTINUOUS
10
6.0334842519685035
20
-4.0667772047244091
11
6.0335503543307087
21
-4.0665305511811018
0
LINE
8
BLACK
6
CONTINUOUS
10
6.0335503543307087
20
-4.0665305511811018
11
6.0336133070866138
21
-4.0665474015748027
0
LINE
8
BLACK
6
CONTINUOUS
10
6.0336133070866138
20
-4.0665474015748027
11
6.0336272440944878
21
-4.066518188976378
0
LINE
8
BLACK
6
CONTINUOUS
10
6.0336272440944878
20
-4.066518188976378
11
6.0336243700787398
21
-4.0661685826771654
0
LINE
8
BLACK
6
CONTINUOUS
10
6.0336243700787398
20
-4.0661685826771654
11
6.0341351968503938
21
-4.0654529527559058
0
LINE
8
BLACK
6
CONTINUOUS
10
6.0341351968503938
20
-4.0654529527559058
11
6.034448818897638
21
-4.0647953543307089
0
LINE
8
BLACK
6
CONTINUOUS
10
6.034448818897638
20
-4.0647953543307089
11
6.034448818897638
21
-4.0257874409448817
0
LINE
8
BLACK
6
CONTINUOUS
10
6.034448818897638
20
-4.0257874409448817
11
6.0338720866141733
21
-4.0252107086614171
0
LINE
8
BLACK
6
CONTINUOUS
10
6.0338720866141733
20
-4.0252107086614171
11
6.0333559842519682
21
-4.0250430314960628
0
LINE
8
BLACK
6
CONTINUOUS
10
6.0333559842519682
20
-4.0250430314960628
11
6.0323360629921261
21
-4.023946338582677
0
LINE
8
BLACK
6
CONTINUOUS
10
6.0323360629921261
20
-4.023946338582677
11
6.0319624409448815
21
-4.0233448425196849
0
LINE
8
BLACK
6
CONTINUOUS
10
6.0319624409448815
20
-4.0233448425196849
11
6.0318992125984252
21
-4.0230268897637798
0
LINE
8
BLACK
6
CONTINUOUS
10
6.0318992125984252
20
-4.0230268897637798
11
6.0299914173228348
21
-4.0201716929133857
0
LINE
8
BLACK
6
CONTINUOUS
10
6.0299914173228348
20
-4.0201716929133857
11
6.0299568110236219
21
-4.0201159448818897
0
LINE
8
BLACK
6
CONTINUOUS
10
6.0299568110236219
20
-4.0201159448818897
11
6.0297959055118113
21
-4.0194632283464564
0
LINE
8
BLACK
6
CONTINUOUS
10
6.0297959055118113
20
-4.0194632283464564
11
6.0293700787401576
21
-4.0180593700787401
0
LINE
8
BLACK
6
CONTINUOUS
10
6.0293700787401576
20
-4.0180593700787401
11
6.0293700787401576
21
-4.0137795275590546
0
LINE
8
BLACK
6
CONTINUOUS
10
6.0293700787401576
20
-4.0137795275590546
11
5.9901574803149602
21
-4.0137795275590546
0
LINE
8
BLACK
6
CONTINUOUS
10
5.9901574803149602
20
-4.0137795275590546
11
5.9901574803149602
21
-3.9153543307086611
0
LINE
8
BLACK
6
CONTINUOUS
10
5.9901574803149602
20
-3.9153543307086611
11
6.0293700787401576
21
-3.9153543307086611
0
LINE
8
BLACK
6
CONTINUOUS
10
6.0293700787401576
20
-3.9153543307086611
11
6.0293700787401576
21
-3.911074409448819
0
LINE
8
BLACK
6
CONTINUOUS
10
6.0293700787401576
20
-3.911074409448819
11
6.0300269685039369
21
-3.9089089763779525
0
LINE
8
BLACK
6
CONTINUOUS
10
6.0300269685039369
20
-3.9089089763779525
11
6.0302172440944881
21
-3.9086242125984252
0
LINE
8
BLACK
6
CONTINUOUS
10
6.0302172440944881
20
-3.9086242125984252
11
6.0318992125984252
21
-3.9061069685039369
0
LINE
8
BLACK
6
CONTINUOUS
10
6.0318992125984252
20
-3.9061069685039369
11
6.0318992125984252
21
-3.9061069291338582
0
LINE
8
BLACK
6
CONTINUOUS
10
6.0318992125984252
20
-3.9061069291338582
11
6.031899251968504
21
-3.9061068897637794
0
LINE
8
BLACK
6
CONTINUOUS
10
6.031899251968504
20
-3.9061068897637794
11
6.0320461023622043
21
-3.9057524409448816
0
LINE
8
BLACK
6
CONTINUOUS
10
6.0320461023622043
20
-3.9057524409448816
11
6.0336105905511808
21
-3.9039207480314961
0
LINE
8
BLACK
6
CONTINUOUS
10
6.0336105905511808
20
-3.9039207480314961
11
6.0339781102362204
21
-3.9038170866141733
0
LINE
8
BLACK
6
CONTINUOUS
10
6.0339781102362204
20
-3.9038170866141733
11
6.034448818897638
21
-3.9033464173228345
0
LINE
8
BLACK
6
CONTINUOUS
10
6.034448818897638
20
-3.9033464173228345
11
6.034448818897638
21
-3.8641187401574801
0
LINE
8
BLACK
6
CONTINUOUS
10
6.034448818897638
20
-3.8641187401574801
11
6.0336105118110233
21
-3.8628091732283463
0
LINE
8
BLACK
6
CONTINUOUS
10
6.0336105118110233
20
-3.8628091732283463
11
6.0334842519685035
21
-3.8618250787401576
0
LINE
8
BLACK
6
CONTINUOUS
10
6.0334842519685035
20
-3.8618250787401576
11
6.0334842519685035
21
-3.8523425196850392
0
LINE
8
BLACK
6
CONTINUOUS
10
6.0334842519685035
20
-3.8523425196850392
11
6.0342286220472436
21
-3.8500515354330709
0
LINE
8
BLACK
6
CONTINUOUS
10
6.0342286220472436
20
-3.8500515354330709
11
6.0361774409448818
21
-3.8486356299212598
0
LINE
8
BLACK
6
CONTINUOUS
10
6.0361774409448818
20
-3.8486356299212598
11
6.037381889763779
21
-3.8484448818897636
0
LINE
8
BLACK
6
CONTINUOUS
10
6.037381889763779
20
-3.8484448818897636
11
6.0465940944881886
21
-3.8484448818897636
0
LINE
8
BLACK
6
CONTINUOUS
10
6.0465940944881886
20
-3.8484448818897636
11
6.0474364173228343
21
-3.8483114566929131
0
LINE
8
BLACK
6
CONTINUOUS
10
6.0474364173228343
20
-3.8483114566929131
11
6.0505167716535428
21
-3.8478235826771652
0
LINE
8
BLACK
6
CONTINUOUS
10
6.0505167716535428
20
-3.8478235826771652
11
6.055244881889764
21
-3.8454144881889762
0
LINE
8
BLACK
6
CONTINUOUS
10
6.055244881889764
20
-3.8454144881889762
11
6.0589971653543309
21
-3.8416622047244093
0
LINE
8
BLACK
6
CONTINUOUS
10
6.0589971653543309
20
-3.8416622047244093
11
6.0614062598425198
21
-3.8369340944881887
0
LINE
8
BLACK
6
CONTINUOUS
10
6.0614062598425198
20
-3.8369340944881887
11
6.0620275590551183
21
-3.833011338582677
0
LINE
8
BLACK
6
CONTINUOUS
10
6.0620275590551183
20
-3.833011338582677
11
6.0620275590551183
21
-3.8181849999999997
0
LINE
8
BLACK
6
CONTINUOUS
10
6.0620275590551183
20
-3.8181849999999997
11
6.0627719291338584
21
-3.8158940157480314
0
LINE
8
BLACK
6
CONTINUOUS
10
6.0627719291338584
20
-3.8158940157480314
11
6.0631688976377953
21
-3.8154291732283463
0
LINE
8
BLACK
6
CONTINUOUS
10
6.0631688976377953
20
-3.8154291732283463
11
6.0884216535433069
21
-3.7901764173228347
0
LINE
8
BLACK
6
CONTINUOUS
10
6.0884216535433069
20
-3.7901764173228347
11
6.0884217716535431
21
-3.790176377952756
0
LINE
8
BLACK
6
CONTINUOUS
10
6.0884217716535431
20
-3.790176377952756
11
6.0913574803149606
21
-3.7872406692913385
0
LINE
8
BLACK
6
CONTINUOUS
10
6.0913574803149606
20
-3.7872406692913385
11
6.0934333464566928
21
-3.7836451574803149
0
LINE
8
BLACK
6
CONTINUOUS
10
6.0934333464566928
20
-3.7836451574803149
11
6.0937882677165351
21
-3.7823205905511812
0
LINE
8
BLACK
6
CONTINUOUS
10
6.0937882677165351
20
-3.7823205905511812
11
6.0945079133858266
21
-3.7796349212598424
0
LINE
8
BLACK
6
CONTINUOUS
10
6.0945079133858266
20
-3.7796349212598424
11
6.0945079133858266
21
-3.775483188976378
0
LINE
8
BLACK
6
CONTINUOUS
10
6.0945079133858266
20
-3.775483188976378
11
6.0945079133858266
21
-3.7752445275590549
0
LINE
8
BLACK
6
CONTINUOUS
10
6.0945079133858266
20
-3.7752445275590549
11
6.0945078740157479
21
-3.7752438188976378
0
LINE
8
BLACK
6
CONTINUOUS
10
6.0945078740157479
20
-3.7752438188976378
11
6.0945078740157479
21
-3.7566329527559055
0
LINE
8
BLACK
6
CONTINUOUS
10
6.0945078740157479
20
-3.7566329527559055
11
6.0945078740157479
21
-3.6037050393700785
0
LINE
8
BLACK
6
CONTINUOUS
10
6.0945078740157479
20
-3.6037050393700785
11
6.0945078740157479
21
-3.5610651574803147
0
LINE
8
BLACK
6
CONTINUOUS
10
6.0945078740157479
20
-3.5610651574803147
11
6.0952522440944881
21
-3.5587741732283464
0
LINE
8
BLACK
6
CONTINUOUS
10
6.0952522440944881
20
-3.5587741732283464
11
6.0971181496062989
21
-3.5573862598425197
0
LINE
8
BLACK
6
CONTINUOUS
10
6.0971181496062989
20
-3.5573862598425197
11
6.0975857874015746
21
-3.5572226377952756
0
LINE
8
BLACK
6
CONTINUOUS
10
6.0975857874015746
20
-3.5572226377952756
11
6.1018279527559054
21
-3.5540917322834646
0
LINE
8
BLACK
6
CONTINUOUS
10
6.1018279527559054
20
-3.5540917322834646
11
6.1049588582677163
21
-3.5498495669291339
0
LINE
8
BLACK
6
CONTINUOUS
10
6.1049588582677163
20
-3.5498495669291339
11
6.1067002362204725
21
-3.5448729921259843
0
LINE
8
BLACK
6
CONTINUOUS
10
6.1067002362204725
20
-3.5448729921259843
11
6.1068109842519682
21
-3.543691811023622
0
LINE
8
BLACK
6
CONTINUOUS
10
6.1068109842519682
20
-3.543691811023622
11
6.106811023622047
21
-3.5436917322834645
0
LINE
8
BLACK
6
CONTINUOUS
10
6.106811023622047
20
-3.5436917322834645
11
6.106811023622047
21
-3.5035523622047244
0
LINE
8
BLACK
6
CONTINUOUS
10
6.106811023622047
20
-3.5035523622047244
11
6.1068109842519682
21
-3.5035522047244094
0
LINE
8
BLACK
6
CONTINUOUS
10
6.1068109842519682
20
-3.5035522047244094
11
6.1067002362204725
21
-3.5023711023622046
0
LINE
8
BLACK
6
CONTINUOUS
10
6.1067002362204725
20
-3.5023711023622046
11
6.1049588582677163
21
-3.497394527559055
0
LINE
8
BLACK
6
CONTINUOUS
10
6.1049588582677163
20
-3.497394527559055
11
6.1018279527559054
21
-3.4931523622047242
0
LINE
8
BLACK
6
CONTINUOUS
10
6.1018279527559054
20
-3.4931523622047242
11
6.0975857874015746
21
-3.4900214566929133
0
LINE
8
BLACK
6
CONTINUOUS
10
6.0975857874015746
20
-3.4900214566929133
11
6.0975856692913384
21
-3.4900214173228346
0
LINE
8
BLACK
6
CONTINUOUS
10
6.0975856692913384
20
-3.4900214173228346
11
6.0975856299212596
21
-3.4900213779527558
0
LINE
8
BLACK
6
CONTINUOUS
10
6.0975856299212596
20
-3.4900213779527558
11
6.0926093307086608
21
-3.4882801181102363
0
LINE
8
BLACK
6
CONTINUOUS
10
6.0926093307086608
20
-3.4882801181102363
11
6.092609291338583
21
-3.4882800787401576
0
LINE
8
BLACK
6
CONTINUOUS
10
6.092609291338583
20
-3.4882800787401576
11
6.0926092125984255
21
-3.4882800787401576
0
LINE
8
BLACK
6
CONTINUOUS
10
6.0926092125984255
20
-3.4882800787401576
11
6.0926090944881892
21
-3.4882800393700788
0
LINE
8
BLACK
6
CONTINUOUS
10
6.0926090944881892
20
-3.4882800393700788
11
6.092608976377953
21
-3.4882800393700788
0
LINE
8
BLACK
6
CONTINUOUS
10
6.092608976377953
20
-3.4882800393700788
11
6.0914280708661419
21
-3.4881692913385827
0
LINE
8
BLACK
6
CONTINUOUS
10
6.0914280708661419
20
-3.4881692913385827
11
6.0914277165354331
21
-3.4881692913385827
0
LINE
8
BLACK
6
CONTINUOUS
10
6.0914277165354331
20
-3.4881692913385827
11
6.0680211023622048
21
-3.4881692913385827
0
LINE
8
BLACK
6
CONTINUOUS
10
6.0680211023622048
20
-3.4881692913385827
11
6.0680207086614173
21
-3.4881692913385827
0
LINE
8
BLACK
6
CONTINUOUS
10
6.0680207086614173
20
-3.4881692913385827
11
6.0668398031496062
21
-3.4882800393700788
0
LINE
8
BLACK
6
CONTINUOUS
10
6.0668398031496062
20
-3.4882800393700788
11
6.0668394488188975
21
-3.4882801181102363
0
LINE
8
BLACK
6
CONTINUOUS
10
6.0668394488188975
20
-3.4882801181102363
11
6.0618631496062987
21
-3.4900213779527558
0
LINE
8
BLACK
6
CONTINUOUS
10
6.0618631496062987
20
-3.4900213779527558
11
6.0576209055118113
21
-3.4931523228346455
0
LINE
8
BLACK
6
CONTINUOUS
10
6.0576209055118113
20
-3.4931523228346455
11
6.0576208267716538
21
-3.493152401574803
0
LINE
8
BLACK
6
CONTINUOUS
10
6.0576208267716538
20
-3.493152401574803
11
6.0544898818897632
21
-3.4973946456692913
0
LINE
8
BLACK
6
CONTINUOUS
10
6.0544898818897632
20
-3.4973946456692913
11
6.0527486220472442
21
-3.5023709448818896
0
LINE
8
BLACK
6
CONTINUOUS
10
6.0527486220472442
20
-3.5023709448818896
11
6.0527485433070867
21
-3.5023712992125984
0
LINE
8
BLACK
6
CONTINUOUS
10
6.0527485433070867
20
-3.5023712992125984
11
6.0526377952755901
21
-3.5035522047244094
0
LINE
8
BLACK
6
CONTINUOUS
10
6.0526377952755901
20
-3.5035522047244094
11
6.0526377952755901
21
-3.511515748031496
0
LINE
8
BLACK
6
CONTINUOUS
10
6.0526377952755901
20
-3.511515748031496
11
6.0518934251968499
21
-3.5138067322834643
0
LINE
8
BLACK
6
CONTINUOUS
10
6.0518934251968499
20
-3.5138067322834643
11
6.0499446062992126
21
-3.5152226377952753
0
LINE
8
BLACK
6
CONTINUOUS
10
6.0499446062992126
20
-3.5152226377952753
11
6.0487401574803146
21
-3.5154133858267715
0
LINE
8
BLACK
6
CONTINUOUS
10
6.0487401574803146
20
-3.5154133858267715
11
5.8625945275590547
21
-3.5154133858267715
0
LINE
8
BLACK
6
CONTINUOUS
10
5.8625945275590547
20
-3.5154133858267715
11
5.8603035433070865
21
-3.5146690157480314
0
LINE
8
BLACK
6
CONTINUOUS
10
5.8603035433070865
20
-3.5146690157480314
11
5.8598384645669288
21
-3.514271811023622
0
LINE
8
BLACK
6
CONTINUOUS
10
5.8598384645669288
20
-3.514271811023622
11
5.8314855905511811
21
-3.4859189370078738
0
LINE
8
BLACK
6
CONTINUOUS
10
5.8314855905511811
20
-3.4859189370078738
11
5.7974958267716534
21
-3.4519291732283466
0
LINE
8
BLACK
6
CONTINUOUS
10
5.7974958267716534
20
-3.4519291732283466
11
5.7780083858267712
21
-3.4324417322834644
0
LINE
8
BLACK
6
CONTINUOUS
10
5.7780083858267712
20
-3.4324417322834644
11
5.778008267716535
21
-3.4324416535433069
0
LINE
8
BLACK
6
CONTINUOUS
10
5.778008267716535
20
-3.4324416535433069
11
5.7780081889763775
21
-3.4324415748031494
0
LINE
8
BLACK
6
CONTINUOUS
10
5.7780081889763775
20
-3.4324415748031494
11
5.7744130314960627
21
-3.430365905511811
0
LINE
8
BLACK
6
CONTINUOUS
10
5.7744130314960627
20
-3.430365905511811
11
5.7744131102362202
21
-3.430365905511811
0
LINE
8
BLACK
6
CONTINUOUS
10
5.7744131102362202
20
-3.430365905511811
11
5.7728694094488189
21
-3.429952283464567
0
LINE
8
BLACK
6
CONTINUOUS
10
5.7728694094488189
20
-3.429952283464567
11
5.7728570866141729
21
-3.4299489763779527
0
LINE
8
BLACK
6
CONTINUOUS
10
5.7728570866141729
20
-3.4299489763779527
11
5.7704026377952751
21
-3.4292913385826771
0
LINE
8
BLACK
6
CONTINUOUS
10
5.7704026377952751
20
-3.4292913385826771
11
5.7704025590551176
21
-3.4292913385826771
0
LINE
8
BLACK
6
CONTINUOUS
10
5.7704025590551176
20
-3.4292913385826771
11
5.6801244488188978
21
-3.4292913385826771
0
LINE
8
BLACK
6
CONTINUOUS
10
5.6801244488188978
20
-3.4292913385826771
11
5.6778334645669286
21
-3.4285469685039369
0
LINE
8
BLACK
6
CONTINUOUS
10
5.6778334645669286
20
-3.4285469685039369
11
5.6769711417322837
21
-3.4276846062992123
0
LINE
8
BLACK
6
CONTINUOUS
10
5.6769711417322837
20
-3.4276846062992123
11
5.6769157086614168
21
-3.4276083070866141
0
LINE
8
BLACK
6
CONTINUOUS
10
5.6769157086614168
20
-3.4276083070866141
11
5.6769156692913381
21
-3.4276082283464566
0
LINE
8
BLACK
6
CONTINUOUS
10
5.6769156692913381
20
-3.4276082283464566
11
5.6732185433070867
21
-3.4239111023622049
0
LINE
8
BLACK
6
CONTINUOUS
10
5.6732185433070867
20
-3.4239111023622049
11
5.6728329921259837
21
-3.4237146456692913
0
LINE
8
BLACK
6
CONTINUOUS
10
5.6728329921259837
20
-3.4237146456692913
11
5.6685599606299215
21
-3.421537401574803
0
LINE
8
BLACK
6
CONTINUOUS
10
5.6685599606299215
20
-3.421537401574803
11
5.6685598425196853
21
-3.4215373622047243
0
LINE
8
BLACK
6
CONTINUOUS
10
5.6685598425196853
20
-3.4215373622047243
11
5.6675935433070865
21
-3.4213842913385828
0
LINE
8
BLACK
6
CONTINUOUS
10
5.6675935433070865
20
-3.4213842913385828
11
5.664694842519685
21
-3.4209251968503938
0
LINE
8
BLACK
6
CONTINUOUS
10
5.664694842519685
20
-3.4209251968503938
11
5.6646947244094488
21
-3.4209251968503938
0
LINE
8
BLACK
6
CONTINUOUS
10
5.6646947244094488
20
-3.4209251968503938
11
5.6419194488188973
21
-3.4209251968503938
0
LINE
8
BLACK
6
CONTINUOUS
10
5.6419194488188973
20
-3.4209251968503938
11
5.641919330708661
21
-3.4209251968503938
0
LINE
8
BLACK
6
CONTINUOUS
10
5.641919330708661
20
-3.4209251968503938
11
5.6380543307086617
21
-3.4215373622047243
0
LINE
8
BLACK
6
CONTINUOUS
10
5.6380543307086617
20
-3.4215373622047243
11
5.6380541732283467
21
-3.421537401574803
0
LINE
8
BLACK
6
CONTINUOUS
10
5.6380541732283467
20
-3.421537401574803
11
5.6333956692913381
21
-3.4239110629921261
0
LINE
8
BLACK
6
CONTINUOUS
10
5.6333956692913381
20
-3.4239110629921261
11
5.6296984251968505
21
-3.4276083070866141
0
LINE
8
BLACK
6
CONTINUOUS
10
5.6296984251968505
20
-3.4276083070866141
11
5.6296430314960633
21
-3.4276846062992123
0
LINE
8
BLACK
6
CONTINUOUS
10
5.6296430314960633
20
-3.4276846062992123
11
5.6295666929133859
21
-3.4277400393700788
0
LINE
8
BLACK
6
CONTINUOUS
10
5.6295666929133859
20
-3.4277400393700788
11
5.629481614173228
21
-3.4278251574803149
0
LINE
8
BLACK
6
CONTINUOUS
10
5.629481614173228
20
-3.4278251574803149
11
5.6294681102362203
21
-3.4278116535433072
0
LINE
8
BLACK
6
CONTINUOUS
10
5.6294681102362203
20
-3.4278116535433072
11
5.6276942519685038
21
-3.4291005511811021
0
LINE
8
BLACK
6
CONTINUOUS
10
5.6276942519685038
20
-3.4291005511811021
11
5.6264897244094483
21
-3.4292913385826771
0
LINE
8
BLACK
6
CONTINUOUS
10
5.6264897244094483
20
-3.4292913385826771
11
5.5620142125984247
21
-3.4292913385826771
0
LINE
8
BLACK
6
CONTINUOUS
10
5.5620142125984247
20
-3.4292913385826771
11
5.5597232283464564
21
-3.4285469685039369
0
LINE
8
BLACK
6
CONTINUOUS
10
5.5597232283464564
20
-3.4285469685039369
11
5.5588609055118106
21
-3.4276846062992123
0
LINE
8
BLACK
6
CONTINUOUS
10
5.5588609055118106
20
-3.4276846062992123
11
5.5588054724409446
21
-3.4276083070866141
0
LINE
8
BLACK
6
CONTINUOUS
10
5.5588054724409446
20
-3.4276083070866141
11
5.5588054330708658
21
-3.4276082283464566
0
LINE
8
BLACK
6
CONTINUOUS
10
5.5588054330708658
20
-3.4276082283464566
11
5.5551083070866136
21
-3.4239111023622049
0
LINE
8
BLACK
6
CONTINUOUS
10
5.5551083070866136
20
-3.4239111023622049
11
5.5547227559055115
21
-3.4237146456692913
0
LINE
8
BLACK
6
CONTINUOUS
10
5.5547227559055115
20
-3.4237146456692913
11
5.5504497244094484
21
-3.421537401574803
0
LINE
8
BLACK
6
CONTINUOUS
10
5.5504497244094484
20
-3.421537401574803
11
5.5504496062992121
21
-3.4215373622047243
0
LINE
8
BLACK
6
CONTINUOUS
10
5.5504496062992121
20
-3.4215373622047243
11
5.5494833070866143
21
-3.4213842913385828
0
LINE
8
BLACK
6
CONTINUOUS
10
5.5494833070866143
20
-3.4213842913385828
11
5.5465846062992128
21
-3.4209251968503938
0
LINE
8
BLACK
6
CONTINUOUS
10
5.5465846062992128
20
-3.4209251968503938
11
5.5465844881889765
21
-3.4209251968503938
0
LINE
8
BLACK
6
CONTINUOUS
10
5.5465844881889765
20
-3.4209251968503938
11
5.5238092125984251
21
-3.4209251968503938
0
LINE
8
BLACK
6
CONTINUOUS
10
5.5238092125984251
20
-3.4209251968503938
11
5.5238090944881888
21
-3.4209251968503938
0
LINE
8
BLACK
6
CONTINUOUS
10
5.5238090944881888
20
-3.4209251968503938
11
5.5199440944881886
21
-3.4215373622047243
0
LINE
8
BLACK
6
CONTINUOUS
10
5.5199440944881886
20
-3.4215373622047243
11
5.5199439370078736
21
-3.421537401574803
0
LINE
8
BLACK
6
CONTINUOUS
10
5.5199439370078736
20
-3.421537401574803
11
5.5152854330708658
21
-3.4239110629921261
0
LINE
8
BLACK
6
CONTINUOUS
10
5.5152854330708658
20
-3.4239110629921261
11
5.5115882677165349
21
-3.4276082283464566
0
LINE
8
BLACK
6
CONTINUOUS
10
5.5115882677165349
20
-3.4276082283464566
11
5.5107709055118113
21
-3.4292123622047241
0
LINE
8
BLACK
6
CONTINUOUS
10
5.5107709055118113
20
-3.4292123622047241
11
5.5090675196850389
21
-3.4309156692913385
0
LINE
8
BLACK
6
CONTINUOUS
10
5.5090675196850389
20
-3.4309156692913385
11
5.5066883070866144
21
-3.4312924409448819
0
LINE
8
BLACK
6
CONTINUOUS
10
5.5066883070866144
20
-3.4312924409448819
11
5.5053492913385824
21
-3.4308182283464568
0
LINE
8
BLACK
6
CONTINUOUS
10
5.5053492913385824
20
-3.4308182283464568
11
5.5051883464566931
21
-3.4307253149606298
0
LINE
8
BLACK
6
CONTINUOUS
10
5.5051883464566931
20
-3.4307253149606298
11
5.4991754724409452
21
-3.4291141732283466
0
LINE
8
BLACK
6
CONTINUOUS
10
5.4991754724409452
20
-3.4291141732283466
11
5.4929505118110233
21
-3.4291141732283466
0
LINE
8
BLACK
6
CONTINUOUS
10
5.4929505118110233
20
-3.4291141732283466
11
5.4869376377952754
21
-3.4307253149606298
0
LINE
8
BLACK
6
CONTINUOUS
10
5.4869376377952754
20
-3.4307253149606298
11
5.4815466141732285
21
-3.4338377952755903
0
LINE
8
BLACK
6
CONTINUOUS
10
5.4815466141732285
20
-3.4338377952755903
11
5.4771448818897639
21
-3.4382395275590549
0
LINE
8
BLACK
6
CONTINUOUS
10
5.4771448818897639
20
-3.4382395275590549
11
5.474032401574803
21
-3.4436305511811023
0
LINE
8
BLACK
6
CONTINUOUS
10
5.474032401574803
20
-3.4436305511811023
11
5.4724212598425197
21
-3.4496434251968502
0
LINE
8
BLACK
6
CONTINUOUS
10
5.4724212598425197
20
-3.4496434251968502
11
5.4724212598425197
21
-3.4558683858267716
0
LINE
8
BLACK
6
CONTINUOUS
10
5.7188138976377951
20
-4.197287559055118
11
5.7168936614173225
21
-4.2001613779527558
0
LINE
8
BLACK
6
CONTINUOUS
10
5.7168936614173225
20
-4.2001613779527558
11
5.7140198425196846
21
-4.2020816141732285
0
LINE
8
BLACK
6
CONTINUOUS
10
5.7140198425196846
20
-4.2020816141732285
11
5.7107874015748026
21
-4.2027245669291338
0
LINE
8
BLACK
6
CONTINUOUS
10
5.7107874015748026
20
-4.2027245669291338
11
5.7107874015748026
21
-4.2106298425196851
0
LINE
8
BLACK
6
CONTINUOUS
10
5.7107874015748026
20
-4.2106298425196851
11
5.7107874409448813
21
-4.2106298818897638
0
LINE
8
BLACK
6
CONTINUOUS
10
5.7107874409448813
20
-4.2106298818897638
11
5.7119469685039368
21
-4.2106298818897638
0
LINE
8
BLACK
6
CONTINUOUS
10
5.7119469685039368
20
-4.2106298818897638
11
5.7158647637795275
21
-4.2100094094488192
0
LINE
8
BLACK
6
CONTINUOUS
10
5.7158647637795275
20
-4.2100094094488192
11
5.7158649212598425
21
-4.2100093307086617
0
LINE
8
BLACK
6
CONTINUOUS
10
5.7158649212598425
20
-4.2100093307086617
11
5.7205874409448816
21
-4.207603070866142
0
LINE
8
BLACK
6
CONTINUOUS
10
5.7205874409448816
20
-4.207603070866142
11
5.7243353543307087
21
-4.2038551574803149
0
LINE
8
BLACK
6
CONTINUOUS
10
5.7243353543307087
20
-4.2038551574803149
11
5.7267416141732284
21
-4.1991326377952758
0
LINE
8
BLACK
6
CONTINUOUS
10
5.7267416141732284
20
-4.1991326377952758
11
5.7273622047244093
21
-4.1952146850393701
0
LINE
8
BLACK
6
CONTINUOUS
10
5.7273622047244093
20
-4.1952146850393701
11
5.7273622047244093
21
-4.1950394094488184
0
LINE
8
BLACK
6
CONTINUOUS
10
5.7273622047244093
20
-4.1950394094488184
11
5.7273621653543305
21
-4.1950393700787405
0
LINE
8
BLACK
6
CONTINUOUS
10
5.7273621653543305
20
-4.1950393700787405
11
5.7192611023622044
21
-4.1950393700787405
0
LINE
8
BLACK
6
CONTINUOUS
10
5.7192611023622044
20
-4.1950393700787405
11
5.7188138976377951
21
-4.197287559055118
0
LINE
8
BLACK
6
CONTINUOUS
10
6.024586614173228
20
-4.1577370078740152
11
6.0245866535433068
21
-4.1577371259842515
0
LINE
8
BLACK
6
CONTINUOUS
10
6.0245866535433068
20
-4.1577371259842515
11
6.0251713385826768
21
-4.1614290944881889
0
LINE
8
BLACK
6
CONTINUOUS
10
6.0251713385826768
20
-4.1614290944881889
11
6.0251714173228343
21
-4.1614292913385826
0
LINE
8
BLACK
6
CONTINUOUS
10
6.0251714173228343
20
-4.1614292913385826
11
6.0274389763779528
21
-4.1658796062992129
0
LINE
8
BLACK
6
CONTINUOUS
10
6.0274389763779528
20
-4.1658796062992129
11
6.030970787401575
21
-4.1694114173228343
0
LINE
8
BLACK
6
CONTINUOUS
10
6.030970787401575
20
-4.1694114173228343
11
6.0354211023622044
21
-4.1716789763779527
0
LINE
8
BLACK
6
CONTINUOUS
10
6.0354211023622044
20
-4.1716789763779527
11
6.0391134251968506
21
-4.172263779527559
0
LINE
8
BLACK
6
CONTINUOUS
10
6.0391134251968506
20
-4.172263779527559
11
6.0632487401574799
21
-4.1722637401574802
0
LINE
8
BLACK
6
CONTINUOUS
10
6.0632487401574799
20
-4.1722637401574802
11
6.0632488188976374
21
-4.1722637401574802
0
LINE
8
BLACK
6
CONTINUOUS
10
6.0632488188976374
20
-4.1722637401574802
11
6.0632488582677162
21
-4.1722637007874015
0
LINE
8
BLACK
6
CONTINUOUS
10
6.0632488582677162
20
-4.1722637007874015
11
6.065094921259842
21
-4.1719713385826767
0
LINE
8
BLACK
6
CONTINUOUS
10
6.065094921259842
20
-4.1719713385826767
11
6.0669409055118111
21
-4.1716790157480315
0
LINE
8
BLACK
6
CONTINUOUS
10
6.0669409055118111
20
-4.1716790157480315
11
6.0669409055118111
21
-4.1716789763779527
0
LINE
8
BLACK
6
CONTINUOUS
10
6.0669409055118111
20
-4.1716789763779527
11
6.0669411023622049
21
-4.1716789763779527
0
LINE
8
BLACK
6
CONTINUOUS
10
6.0669411023622049
20
-4.1716789763779527
11
6.0713914173228343
21
-4.1694114173228343
0
LINE
8
BLACK
6
CONTINUOUS
10
6.0713914173228343
20
-4.1694114173228343
11
6.0749232283464565
21
-4.1658796062992129
0
LINE
8
BLACK
6
CONTINUOUS
10
6.0749232283464565
20
-4.1658796062992129
11
6.0771907874015749
21
-4.1614292913385826
0
LINE
8
BLACK
6
CONTINUOUS
10
6.0771907874015749
20
-4.1614292913385826
11
6.0777130708661415
21
-4.1581317322834641
0
LINE
8
BLACK
6
CONTINUOUS
10
6.0777130708661415
20
-4.1581317322834641
11
6.0777755905511812
21
-4.1577369685039365
0
LINE
8
BLACK
6
CONTINUOUS
10
6.0777755905511812
20
-4.1577369685039365
11
6.0777755511811025
21
-4.1431569685039369
0
LINE
8
BLACK
6
CONTINUOUS
10
6.0777755511811025
20
-4.1431569685039369
11
6.0785199212598426
21
-4.1408660236220474
0
LINE
8
BLACK
6
CONTINUOUS
10
6.0785199212598426
20
-4.1408660236220474
11
6.0789168897637795
21
-4.140401220472441
0
LINE
8
BLACK
6
CONTINUOUS
10
6.0789168897637795
20
-4.140401220472441
11
6.0891657480314958
21
-4.1301524015748035
0
LINE
8
BLACK
6
CONTINUOUS
10
6.0891657480314958
20
-4.1301524015748035
11
6.0913120078740155
21
-4.1290588582677161
0
LINE
8
BLACK
6
CONTINUOUS
10
6.0913120078740155
20
-4.1290588582677161
11
6.0936912204724409
21
-4.1294356692913388
0
LINE
8
BLACK
6
CONTINUOUS
10
6.0936912204724409
20
-4.1294356692913388
11
6.0942126377952759
21
-4.1297551968503941
0
LINE
8
BLACK
6
CONTINUOUS
10
6.0942126377952759
20
-4.1297551968503941
11
6.0943612204724404
21
-4.1298631102362204
0
LINE
8
BLACK
6
CONTINUOUS
10
6.0943612204724404
20
-4.1298631102362204
11
6.0943614173228342
21
-4.1298633070866142
0
LINE
8
BLACK
6
CONTINUOUS
10
6.0943614173228342
20
-4.1298633070866142
11
6.0957544094488192
21
-4.1305730708661414
0
LINE
8
BLACK
6
CONTINUOUS
10
6.0957544094488192
20
-4.1305730708661414
11
6.099089251968504
21
-4.1322722834645669
0
LINE
8
BLACK
6
CONTINUOUS
10
6.099089251968504
20
-4.1322722834645669
11
6.0990893307086615
21
-4.1322722834645669
0
LINE
8
BLACK
6
CONTINUOUS
10
6.0990893307086615
20
-4.1322722834645669
11
6.0990895275590553
21
-4.1322724015748031
0
LINE
8
BLACK
6
CONTINUOUS
10
6.0990895275590553
20
-4.1322724015748031
11
6.1020685433070865
21
-4.1327442125984248
0
LINE
8
BLACK
6
CONTINUOUS
10
6.1020685433070865
20
-4.1327442125984248
11
6.1030122047244095
21
-4.1328937007874016
0
LINE
8
BLACK
6
CONTINUOUS
10
6.1030122047244095
20
-4.1328937007874016
11
6.103012283464567
21
-4.1328937007874016
0
LINE
8
BLACK
6
CONTINUOUS
10
6.103012283464567
20
-4.1328937007874016
11
6.1253342519685035
21
-4.1328937007874016
0
LINE
8
BLACK
6
CONTINUOUS
10
6.1253342519685035
20
-4.1328937007874016
11
6.1261765748031491
21
-4.1327602755905515
0
LINE
8
BLACK
6
CONTINUOUS
10
6.1261765748031491
20
-4.1327602755905515
11
6.1292569291338586
21
-4.1322724015748031
0
LINE
8
BLACK
6
CONTINUOUS
10
6.1292569291338586
20
-4.1322724015748031
11
6.1339850393700788
21
-4.1298633070866142
0
LINE
8
BLACK
6
CONTINUOUS
10
6.1339850393700788
20
-4.1298633070866142
11
6.1377373228346457
21
-4.1261110236220473
0
LINE
8
BLACK
6
CONTINUOUS
10
6.1377373228346457
20
-4.1261110236220473
11
6.1401464173228346
21
-4.1213829133858271
0
LINE
8
BLACK
6
CONTINUOUS
10
6.1401464173228346
20
-4.1213829133858271
11
6.1407677165354331
21
-4.1174601574803145
0
LINE
8
BLACK
6
CONTINUOUS
10
6.1407677165354331
20
-4.1174601574803145
11
6.1407677165354331
21
-4.097106771653543
0
LINE
8
BLACK
6
CONTINUOUS
10
6.1407677165354331
20
-4.097106771653543
11
6.1401464173228346
21
-4.0931840157480313
0
LINE
8
BLACK
6
CONTINUOUS
10
6.1401464173228346
20
-4.0931840157480313
11
6.1401462992125984
21
-4.0931838188976375
0
LINE
8
BLACK
6
CONTINUOUS
10
6.1401462992125984
20
-4.0931838188976375
11
6.1401462992125984
21
-4.09318374015748
0
LINE
8
BLACK
6
CONTINUOUS
10
6.1401462992125984
20
-4.09318374015748
11
6.1377373622047244
21
-4.0884559842519685
0
LINE
8
BLACK
6
CONTINUOUS
10
6.1377373622047244
20
-4.0884559842519685
11
6.1377373228346457
21
-4.088455905511811
0
LINE
8
BLACK
6
CONTINUOUS
10
6.1377373228346457
20
-4.088455905511811
11
6.1339850393700788
21
-4.0847036220472441
0
LINE
8
BLACK
6
CONTINUOUS
10
6.1339850393700788
20
-4.0847036220472441
11
6.1339849212598425
21
-4.0847035433070866
0
LINE
8
BLACK
6
CONTINUOUS
10
6.1339849212598425
20
-4.0847035433070866
11
6.1292571653543302
21
-4.0822946062992127
0
LINE
8
BLACK
6
CONTINUOUS
10
6.1292571653543302
20
-4.0822946062992127
11
6.1292569685039373
21
-4.0822945275590552
0
LINE
8
BLACK
6
CONTINUOUS
10
6.1292569685039373
20
-4.0822945275590552
11
6.1292569291338586
21
-4.0822945275590552
0
LINE
8
BLACK
6
CONTINUOUS
10
6.1292569291338586
20
-4.0822945275590552
11
6.1278912598425199
21
-4.0820782283464565
0
LINE
8
BLACK
6
CONTINUOUS
10
6.1278912598425199
20
-4.0820782283464565
11
6.1253342519685035
21
-4.0816732283464567
0
LINE
8
BLACK
6
CONTINUOUS
10
6.1253342519685035
20
-4.0816732283464567
11
6.1253341732283459
21
-4.0816732283464567
0
LINE
8
BLACK
6
CONTINUOUS
10
6.1253341732283459
20
-4.0816732283464567
11
6.1239960629921262
21
-4.0816732283464567
0
LINE
8
BLACK
6
CONTINUOUS
10
6.1239960629921262
20
-4.0816732283464567
11
6.1234089763779522
21
-4.0814824803149605
0
LINE
8
BLACK
6
CONTINUOUS
10
6.1234089763779522
20
-4.0814824803149605
11
6.1227916141732281
21
-4.0814824803149605
0
LINE
8
BLACK
6
CONTINUOUS
10
6.1227916141732281
20
-4.0814824803149605
11
6.122292165354331
21
-4.0811196062992128
0
LINE
8
BLACK
6
CONTINUOUS
10
6.122292165354331
20
-4.0811196062992128
11
6.121705078740157
21
-4.0809288582677166
0
LINE
8
BLACK
6
CONTINUOUS
10
6.121705078740157
20
-4.0809288582677166
11
6.1213422047244093
21
-4.0804294094488185
0
LINE
8
BLACK
6
CONTINUOUS
10
6.1213422047244093
20
-4.0804294094488185
11
6.1208427952755908
21
-4.0800665748031495
0
LINE
8
BLACK
6
CONTINUOUS
10
6.1208427952755908
20
-4.0800665748031495
11
6.1206520078740159
21
-4.0794794488188977
0
LINE
8
BLACK
6
CONTINUOUS
10
6.1206520078740159
20
-4.0794794488188977
11
6.120289173228346
21
-4.0789800393700784
0
LINE
8
BLACK
6
CONTINUOUS
10
6.120289173228346
20
-4.0789800393700784
11
6.1200984251968507
21
-4.0777755905511812
0
LINE
8
BLACK
6
CONTINUOUS
10
6.1200984251968507
20
-4.0777755905511812
11
6.1200984251968507
21
-4.0699516929133859
0
LINE
8
BLACK
6
CONTINUOUS
10
6.1200984251968507
20
-4.0699516929133859
11
6.1208427952755908
21
-4.0676607086614176
0
LINE
8
BLACK
6
CONTINUOUS
10
6.1208427952755908
20
-4.0676607086614176
11
6.1220473622047242
21
-4.066576181102362
0
LINE
8
BLACK
6
CONTINUOUS
10
6.1220473622047242
20
-4.066576181102362
11
6.1220972047244091
21
-4.0665474015748027
0
LINE
8
BLACK
6
CONTINUOUS
10
6.1220972047244091
20
-4.0665474015748027
11
6.1227644094488189
21
-4.0661622047244093
0
LINE
8
BLACK
6
CONTINUOUS
10
6.1227644094488189
20
-4.0661622047244093
11
6.1271661417322836
21
-4.0617604724409446
0
LINE
8
BLACK
6
CONTINUOUS
10
6.1271661417322836
20
-4.0617604724409446
11
6.1302786220472436
21
-4.0563694488188977
0
LINE
8
BLACK
6
CONTINUOUS
10
6.1302786220472436
20
-4.0563694488188977
11
6.1318897637795278
21
-4.0503565748031498
0
LINE
8
BLACK
6
CONTINUOUS
10
6.1318897637795278
20
-4.0503565748031498
11
6.1318897637795278
21
-4.044131614173228
0
LINE
8
BLACK
6
CONTINUOUS
10
6.1318897637795278
20
-4.044131614173228
11
6.1318637401574803
21
-4.044034527559055
0
LINE
8
BLACK
6
CONTINUOUS
10
6.1318637401574803
20
-4.044034527559055
11
6.1302786220472436
21
-4.0381187401574801
0
LINE
8
BLACK
6
CONTINUOUS
10
6.1302786220472436
20
-4.0381187401574801
11
6.1271661417322836
21
-4.0327277165354332
0
LINE
8
BLACK
6
CONTINUOUS
10
6.1271661417322836
20
-4.0327277165354332
11
6.1227644094488189
21
-4.0283259842519685
0
LINE
8
BLACK
6
CONTINUOUS
10
6.1227644094488189
20
-4.0283259842519685
11
6.1225612204724404
21
-4.0282086614173229
0
LINE
8
BLACK
6
CONTINUOUS
10
6.1225612204724404
20
-4.0282086614173229
11
6.1220472047244092
21
-4.0279118897637796
0
LINE
8
BLACK
6
CONTINUOUS
10
6.1220472047244092
20
-4.0279118897637796
11
6.1215020472440944
21
-4.0273064173228343
0
LINE
8
BLACK
6
CONTINUOUS
10
6.1215020472440944
20
-4.0273064173228343
11
6.1208427952755908
21
-4.0268274409448814
0
LINE
8
BLACK
6
CONTINUOUS
10
6.1208427952755908
20
-4.0268274409448814
11
6.1207140551181105
21
-4.0264312204724408
0
LINE
8
BLACK
6
CONTINUOUS
10
6.1207140551181105
20
-4.0264312204724408
11
6.1204353937007872
21
-4.0261217322834648
0
LINE
8
BLACK
6
CONTINUOUS
10
6.1204353937007872
20
-4.0261217322834648
11
6.1200984251968507
21
-4.0245364566929132
0
LINE
8
BLACK
6
CONTINUOUS
10
6.1200984251968507
20
-4.0245364566929132
11
6.1200984251968507
21
-4.0206495669291336
0
LINE
8
BLACK
6
CONTINUOUS
10
6.1200984251968507
20
-4.0206495669291336
11
6.1208427952755908
21
-4.0183585826771653
0
LINE
8
BLACK
6
CONTINUOUS
10
6.1208427952755908
20
-4.0183585826771653
11
6.1227916141732281
21
-4.0169426771653542
0
LINE
8
BLACK
6
CONTINUOUS
10
6.1227916141732281
20
-4.0169426771653542
11
6.1239960629921262
21
-4.016751929133858
0
LINE
8
BLACK
6
CONTINUOUS
10
6.1239960629921262
20
-4.016751929133858
11
6.1304487401574805
21
-4.016751929133858
0
LINE
8
BLACK
6
CONTINUOUS
10
6.1304487401574805
20
-4.016751929133858
11
6.130448818897638
21
-4.016751929133858
0
LINE
8
BLACK
6
CONTINUOUS
10
6.130448818897638
20
-4.016751929133858
11
6.1334691732283462
21
-4.0161511811023622
0
LINE
8
BLACK
6
CONTINUOUS
10
6.1334691732283462
20
-4.0161511811023622
11
6.1368941732283462
21
-4.0138626771653545
0
LINE
8
BLACK
6
CONTINUOUS
10
6.1368941732283462
20
-4.0138626771653545
11
6.1391826771653539
21
-4.0104376771653545
0
LINE
8
BLACK
6
CONTINUOUS
10
6.1391826771653539
20
-4.0104376771653545
11
6.1397834645669294
21
-4.0074173622047242
0
LINE
8
BLACK
6
CONTINUOUS
10
6.1397834645669294
20
-4.0074173622047242
11
6.1397834251968506
21
-4.0026385826771653
0
LINE
8
BLACK
6
CONTINUOUS
10
6.1397834251968506
20
-4.0026385826771653
11
6.1405277952755908
21
-4.0003476377952758
0
LINE
8
BLACK
6
CONTINUOUS
10
6.1405277952755908
20
-4.0003476377952758
11
6.1424766141732281
21
-3.9989317322834643
0
LINE
8
BLACK
6
CONTINUOUS
10
6.1424766141732281
20
-3.9989317322834643
11
6.1448854724409445
21
-3.9989316929133856
0
LINE
8
BLACK
6
CONTINUOUS
10
6.1448854724409445
20
-3.9989316929133856
11
6.1468342913385827
21
-4.000347598425197
0
LINE
8
BLACK
6
CONTINUOUS
10
6.1468342913385827
20
-4.000347598425197
11
6.1471538582677168
21
-4.0008690551181099
0
LINE
8
BLACK
6
CONTINUOUS
10
6.1471538582677168
20
-4.0008690551181099
11
6.1472186614173223
21
-4.000996220472441
0
LINE
8
BLACK
6
CONTINUOUS
10
6.1472186614173223
20
-4.000996220472441
11
6.1494862204724408
21
-4.0054465354330704
0
LINE
8
BLACK
6
CONTINUOUS
10
6.1494862204724408
20
-4.0054465354330704
11
6.153018031496063
21
-4.0089783464566926
0
LINE
8
BLACK
6
CONTINUOUS
10
6.153018031496063
20
-4.0089783464566926
11
6.1574683464566924
21
-4.011245905511811
0
LINE
8
BLACK
6
CONTINUOUS
10
6.1574683464566924
20
-4.011245905511811
11
6.1611606692913385
21
-4.0118307086614173
0
LINE
8
BLACK
6
CONTINUOUS
10
6.1611606692913385
20
-4.0118307086614173
11
6.1852959842519688
21
-4.0118306692913386
0
LINE
8
BLACK
6
CONTINUOUS
10
6.1852959842519688
20
-4.0118306692913386
11
6.1852960629921254
21
-4.0118306692913386
0
LINE
8
BLACK
6
CONTINUOUS
10
6.1852960629921254
20
-4.0118306692913386
11
6.1852961023622042
21
-4.0118306299212598
0
LINE
8
BLACK
6
CONTINUOUS
10
6.1852961023622042
20
-4.0118306299212598
11
6.187377952755905
21
-4.0115009448818899
0
LINE
8
BLACK
6
CONTINUOUS
10
6.187377952755905
20
-4.0115009448818899
11
6.1889881496062991
21
-4.0112459448818898
0
LINE
8
BLACK
6
CONTINUOUS
10
6.1889881496062991
20
-4.0112459448818898
11
6.1889881496062991
21
-4.011245905511811
0
LINE
8
BLACK
6
CONTINUOUS
10
6.1889881496062991
20
-4.011245905511811
11
6.1889883464566928
21
-4.011245905511811
0
LINE
8
BLACK
6
CONTINUOUS
10
6.1889883464566928
20
-4.011245905511811
11
6.1934386614173231
21
-4.0089783464566926
0
LINE
8
BLACK
6
CONTINUOUS
10
6.1934386614173231
20
-4.0089783464566926
11
6.1969704724409445
21
-4.0054465354330704
0
LINE
8
BLACK
6
CONTINUOUS
10
6.1969704724409445
20
-4.0054465354330704
11
6.1992380314960629
21
-4.000996220472441
0
LINE
8
BLACK
6
CONTINUOUS
10
6.1992380314960629
20
-4.000996220472441
11
6.1998228346456692
21
-3.9973038976377953
0
LINE
8
BLACK
6
CONTINUOUS
10
6.1998228346456692
20
-3.9973038976377953
11
6.1998227952755904
21
-3.9790740944881891
0
LINE
8
BLACK
6
CONTINUOUS
10
6.1998227952755904
20
-3.9790740944881891
11
6.1993989370078735
21
-3.9763976377952757
0
LINE
8
BLACK
6
CONTINUOUS
10
6.1993989370078735
20
-3.9763976377952757
11
6.1992380708661416
21
-3.9753818897637796
0
LINE
8
BLACK
6
CONTINUOUS
10
6.1992380708661416
20
-3.9753818897637796
11
6.1992380314960629
21
-3.9753818110236221
0
LINE
8
BLACK
6
CONTINUOUS
10
6.1992380314960629
20
-3.9753818110236221
11
6.1992380314960629
21
-3.9753817322834646
0
LINE
8
BLACK
6
CONTINUOUS
10
6.1992380314960629
20
-3.9753817322834646
11
6.1969704724409445
21
-3.9709314173228347
0
LINE
8
BLACK
6
CONTINUOUS
10
6.1969704724409445
20
-3.9709314173228347
11
6.1934386614173231
21
-3.9673996062992125
0
LINE
8
BLACK
6
CONTINUOUS
10
6.1934386614173231
20
-3.9673996062992125
11
6.1934385433070869
21
-3.967399527559055
0
LINE
8
BLACK
6
CONTINUOUS
10
6.1934385433070869
20
-3.967399527559055
11
6.1932465354330706
21
-3.9672075196850392
0
LINE
8
BLACK
6
CONTINUOUS
10
6.1932465354330706
20
-3.9672075196850392
11
6.1921529527559054
21
-3.9650611811023619
0
LINE
8
BLACK
6
CONTINUOUS
10
6.1921529527559054
20
-3.9650611811023619
11
6.1925297637795271
21
-3.9626819685039369
0
LINE
8
BLACK
6
CONTINUOUS
10
6.1925297637795271
20
-3.9626819685039369
11
6.1926262992125984
21
-3.9625040551181101
0
LINE
8
BLACK
6
CONTINUOUS
10
6.1926262992125984
20
-3.9625040551181101
11
6.1952589370078739
21
-3.9579442519685037
0
LINE
8
BLACK
6
CONTINUOUS
10
6.1952589370078739
20
-3.9579442519685037
11
6.1968700787401572
21
-3.9519313779527558
0
LINE
8
BLACK
6
CONTINUOUS
10
6.1968700787401572
20
-3.9519313779527558
11
6.1968700787401572
21
-3.9457064173228344
0
LINE
8
BLACK
6
CONTINUOUS
10
6.1968700787401572
20
-3.9457064173228344
11
6.1952589370078739
21
-3.9396935433070865
0
LINE
8
BLACK
6
CONTINUOUS
10
6.1952589370078739
20
-3.9396935433070865
11
6.192146456692913
21
-3.9343025196850392
0
LINE
8
BLACK
6
CONTINUOUS
10
6.192146456692913
20
-3.9343025196850392
11
6.1877447244094483
21
-3.9299007874015746
0
LINE
8
BLACK
6
CONTINUOUS
10
6.1877447244094483
20
-3.9299007874015746
11
6.1823537007874014
21
-3.9267883070866141
0
LINE
8
BLACK
6
CONTINUOUS
10
6.1823537007874014
20
-3.9267883070866141
11
6.1763408267716535
21
-3.9251771653543308
0
LINE
8
BLACK
6
CONTINUOUS
10
6.1763408267716535
20
-3.9251771653543308
11
6.1701158661417326
21
-3.9251771653543308
0
LINE
8
BLACK
6
CONTINUOUS
10
6.1701158661417326
20
-3.9251771653543308
11
6.1673033070866143
21
-3.9259307874015748
0
LINE
8
BLACK
6
CONTINUOUS
10
6.1673033070866143
20
-3.9259307874015748
11
6.1643749212598422
21
-3.926715433070866
0
LINE
8
BLACK
6
CONTINUOUS
10
6.1643749212598422
20
-3.926715433070866
11
6.1619693307086614
21
-3.9265893307086612
0
LINE
8
BLACK
6
CONTINUOUS
10
6.1619693307086614
20
-3.9265893307086612
11
6.1600972834645669
21
-3.9250733858267717
0
LINE
8
BLACK
6
CONTINUOUS
10
6.1600972834645669
20
-3.9250733858267717
11
6.1594685039370081
21
-3.922950590551181
0
LINE
8
BLACK
6
CONTINUOUS
10
6.1594685039370081
20
-3.922950590551181
11
6.1594685039370081
21
-3.8669662598425196
0
LINE
8
BLACK
6
CONTINUOUS
10
6.1594685039370081
20
-3.8669662598425196
11
6.1594685039370081
21
-3.858247992125984
0
LINE
8
BLACK
6
CONTINUOUS
10
6.1594685039370081
20
-3.858247992125984
11
6.1602128740157482
21
-3.8559570078740157
0
LINE
8
BLACK
6
CONTINUOUS
10
6.1602128740157482
20
-3.8559570078740157
11
6.1621616929133856
21
-3.8545411023622047
0
LINE
8
BLACK
6
CONTINUOUS
10
6.1621616929133856
20
-3.8545411023622047
11
6.1633661417322836
21
-3.8543503543307085
0
LINE
8
BLACK
6
CONTINUOUS
10
6.1633661417322836
20
-3.8543503543307085
11
6.1656110629921255
21
-3.8543503543307085
0
LINE
8
BLACK
6
CONTINUOUS
10
6.1656110629921255
20
-3.8543503543307085
11
6.1656111023622042
21
-3.8543503149606297
0
LINE
8
BLACK
6
CONTINUOUS
10
6.1656111023622042
20
-3.8543503149606297
11
6.1674571259842521
21
-3.8540579527559053
0
LINE
8
BLACK
6
CONTINUOUS
10
6.1674571259842521
20
-3.8540579527559053
11
6.1693031102362204
21
-3.8537656299212597
0
LINE
8
BLACK
6
CONTINUOUS
10
6.1693031102362204
20
-3.8537656299212597
11
6.1693031102362204
21
-3.853765590551181
0
LINE
8
BLACK
6
CONTINUOUS
10
6.1693031102362204
20
-3.853765590551181
11
6.1693033070866141
21
-3.853765590551181
0
LINE
8
BLACK
6
CONTINUOUS
10
6.1693033070866141
20
-3.853765590551181
11
6.1737536220472435
21
-3.851498031496063
0
LINE
8
BLACK
6
CONTINUOUS
10
6.1737536220472435
20
-3.851498031496063
11
6.1772854330708657
21
-3.8479662204724407
0
LINE
8
BLACK
6
CONTINUOUS
10
6.1772854330708657
20
-3.8479662204724407
11
6.1795529921259842
21
-3.8435159055118109
0
LINE
8
BLACK
6
CONTINUOUS
10
6.1795529921259842
20
-3.8435159055118109
11
6.1801377952755905
21
-3.8398235826771652
0
LINE
8
BLACK
6
CONTINUOUS
10
6.1801377952755905
20
-3.8398235826771652
11
6.1801377559055117
21
-3.821593779527559
0
LINE
8
BLACK
6
CONTINUOUS
10
6.1801377559055117
20
-3.821593779527559
11
6.180137716535433
21
-3.821593622047244
0
LINE
8
BLACK
6
CONTINUOUS
10
6.180137716535433
20
-3.821593622047244
11
6.180137716535433
21
-3.8215935433070864
0
LINE
8
BLACK
6
CONTINUOUS
10
6.180137716535433
20
-3.8215935433070864
11
6.1795530314960629
21
-3.8179015748031495
0
LINE
8
BLACK
6
CONTINUOUS
10
6.1795530314960629
20
-3.8179015748031495
11
6.1795529921259842
21
-3.817901496062992
0
LINE
8
BLACK
6
CONTINUOUS
10
6.1795529921259842
20
-3.817901496062992
11
6.1795529921259842
21
-3.8179014173228345
0
LINE
8
BLACK
6
CONTINUOUS
10
6.1795529921259842
20
-3.8179014173228345
11
6.1772854330708657
21
-3.8134511023622046
0
LINE
8
BLACK
6
CONTINUOUS
10
6.1772854330708657
20
-3.8134511023622046
11
6.1737536220472435
21
-3.8099192913385824
0
LINE
8
BLACK
6
CONTINUOUS
10
6.1737536220472435
20
-3.8099192913385824
11
6.1693033070866141
21
-3.8076517322834644
0
LINE
8
BLACK
6
CONTINUOUS
10
6.1693033070866141
20
-3.8076517322834644
11
6.1693033464566929
21
-3.8076517322834644
0
LINE
8
BLACK
6
CONTINUOUS
10
6.1693033464566929
20
-3.8076517322834644
11
6.1656111023622042
21
-3.8070669291338581
0
LINE
8
BLACK
6
CONTINUOUS
10
6.1656111023622042
20
-3.8070669291338581
11
6.1414755511811023
21
-3.8070669291338581
0
LINE
8
BLACK
6
CONTINUOUS
10
6.1414755511811023
20
-3.8070669291338581
11
6.1414754330708661
21
-3.8070669685039369
0
LINE
8
BLACK
6
CONTINUOUS
10
6.1414754330708661
20
-3.8070669685039369
11
6.1377834645669287
21
-3.8076516535433069
0
LINE
8
BLACK
6
CONTINUOUS
10
6.1377834645669287
20
-3.8076516535433069
11
6.1377832677165349
21
-3.8076517322834644
0
LINE
8
BLACK
6
CONTINUOUS
10
6.1377832677165349
20
-3.8076517322834644
11
6.133333031496063
21
-3.8099192519685037
0
LINE
8
BLACK
6
CONTINUOUS
10
6.133333031496063
20
-3.8099192519685037
11
6.1298011417322833
21
-3.8134511417322834
0
LINE
8
BLACK
6
CONTINUOUS
10
6.1298011417322833
20
-3.8134511417322834
11
6.1275336220472436
21
-3.8179013779527557
0
LINE
8
BLACK
6
CONTINUOUS
10
6.1275336220472436
20
-3.8179013779527557
11
6.1269488188976373
21
-3.821593622047244
0
LINE
8
BLACK
6
CONTINUOUS
10
6.1269488188976373
20
-3.821593622047244
11
6.1269488188976373
21
-3.828199094488189
0
LINE
8
BLACK
6
CONTINUOUS
10
6.1269488188976373
20
-3.828199094488189
11
6.1262044488188971
21
-3.8304900787401572
0
LINE
8
BLACK
6
CONTINUOUS
10
6.1262044488188971
20
-3.8304900787401572
11
6.1242556299212598
21
-3.8319059842519683
0
LINE
8
BLACK
6
CONTINUOUS
10
6.1242556299212598
20
-3.8319059842519683
11
6.1218467322834647
21
-3.8319059842519683
0
LINE
8
BLACK
6
CONTINUOUS
10
6.1218467322834647
20
-3.8319059842519683
11
6.1202951968503934
21
-3.8309551968503937
0
LINE
8
BLACK
6
CONTINUOUS
10
6.1202951968503934
20
-3.8309551968503937
11
6.116878582677165
21
-3.8275385826771653
0
LINE
8
BLACK
6
CONTINUOUS
10
6.116878582677165
20
-3.8275385826771653
11
6.1114875590551181
21
-3.8244261023622048
0
LINE
8
BLACK
6
CONTINUOUS
10
6.1114875590551181
20
-3.8244261023622048
11
6.1054746850393702
21
-3.8228149606299211
0
LINE
8
BLACK
6
CONTINUOUS
10
6.1054746850393702
20
-3.8228149606299211
11
6.0992497244094483
21
-3.8228149606299211
0
LINE
8
BLACK
6
CONTINUOUS
10
6.0992497244094483
20
-3.8228149606299211
11
6.0932368503937004
21
-3.8244261023622048
0
LINE
8
BLACK
6
CONTINUOUS
10
6.0932368503937004
20
-3.8244261023622048
11
6.0878458267716535
21
-3.8275385826771653
0
LINE
8
BLACK
6
CONTINUOUS
10
6.0878458267716535
20
-3.8275385826771653
11
6.0834440944881889
21
-3.8319403149606299
0
LINE
8
BLACK
6
CONTINUOUS
10
6.0834440944881889
20
-3.8319403149606299
11
6.0828423622047243
21
-3.8329825590551181
0
LINE
8
BLACK
6
CONTINUOUS
10
6.0828423622047243
20
-3.8329825590551181
11
6.0810521653543308
21
-3.8345943700787402
0
LINE
8
BLACK
6
CONTINUOUS
10
6.0810521653543308
20
-3.8345943700787402
11
6.0804757874015749
21
-3.8347984645669291
0
LINE
8
BLACK
6
CONTINUOUS
10
6.0804757874015749
20
-3.8347984645669291
11
6.078110748031496
21
-3.8354322047244094
0
LINE
8
BLACK
6
CONTINUOUS
10
6.078110748031496
20
-3.8354322047244094
11
6.0781106299212597
21
-3.8354322440944881
0
LINE
8
BLACK
6
CONTINUOUS
10
6.0781106299212597
20
-3.8354322440944881
11
6.0758005118110239
21
-3.8367659842519686
0
LINE
8
BLACK
6
CONTINUOUS
10
6.0758005118110239
20
-3.8367659842519686
11
6.0754130314960628
21
-3.8369896850393701
0
LINE
8
BLACK
6
CONTINUOUS
10
6.0754130314960628
20
-3.8369896850393701
11
6.0517909055118109
21
-3.8606118110236221
0
LINE
8
BLACK
6
CONTINUOUS
10
6.0517909055118109
20
-3.8606118110236221
11
6.0517908661417321
21
-3.8606117716535433
0
LINE
8
BLACK
6
CONTINUOUS
10
6.0517908661417321
20
-3.8606117716535433
11
6.0495880708661414
21
-3.8628145669291336
0
LINE
8
BLACK
6
CONTINUOUS
10
6.0495880708661414
20
-3.8628145669291336
11
6.0495880314960626
21
-3.8628146456692911
0
LINE
8
BLACK
6
CONTINUOUS
10
6.0495880314960626
20
-3.8628146456692911
11
6.0495864566929134
21
-3.8628174409448817
0
LINE
8
BLACK
6
CONTINUOUS
10
6.0495864566929134
20
-3.8628174409448817
11
6.0495847244094483
21
-3.8628189370078738
0
LINE
8
BLACK
6
CONTINUOUS
10
6.0495847244094483
20
-3.8628189370078738
11
6.0494327165354331
21
-3.8630171259842521
0
LINE
8
BLACK
6
CONTINUOUS
10
6.0494327165354331
20
-3.8630171259842521
11
6.0493959448818897
21
-3.8629888976377953
0
LINE
8
BLACK
6
CONTINUOUS
10
6.0493959448818897
20
-3.8629888976377953
11
6.0477960629921261
21
-3.8644290157480312
0
LINE
8
BLACK
6
CONTINUOUS
10
6.0477960629921261
20
-3.8644290157480312
11
6.0454509055118111
21
-3.8646908267716533
0
LINE
8
BLACK
6
CONTINUOUS
10
6.0454509055118111
20
-3.8646908267716533
11
6.0442913385826769
21
-3.8644601574803148
0
LINE
8
BLACK
6
CONTINUOUS
10
6.0442913385826769
20
-3.8644601574803148
11
6.0442913385826769
21
-3.9033464173228345
0
LINE
8
BLACK
6
CONTINUOUS
10
6.0442913385826769
20
-3.9033464173228345
11
6.0448680314960628
21
-3.9039231102362204
0
LINE
8
BLACK
6
CONTINUOUS
10
6.0448680314960628
20
-3.9039231102362204
11
6.0453841732283466
21
-3.9040908267716534
0
LINE
8
BLACK
6
CONTINUOUS
10
6.0453841732283466
20
-3.9040908267716534
11
6.0464040944881887
21
-3.9051874803149604
0
LINE
8
BLACK
6
CONTINUOUS
10
6.0464040944881887
20
-3.9051874803149604
11
6.0467776771653545
21
-3.905788897637795
0
LINE
8
BLACK
6
CONTINUOUS
10
6.0467776771653545
20
-3.905788897637795
11
6.0468409448818896
21
-3.9061069685039369
0
LINE
8
BLACK
6
CONTINUOUS
10
6.0468409448818896
20
-3.9061069685039369
11
6.0487497244094488
21
-3.9089636614173227
0
LINE
8
BLACK
6
CONTINUOUS
10
6.0487497244094488
20
-3.9089636614173227
11
6.0487833464566929
21
-3.9090177952755907
0
LINE
8
BLACK
6
CONTINUOUS
10
6.0487833464566929
20
-3.9090177952755907
11
6.048944330708661
21
-3.9096709448818898
0
LINE
8
BLACK
6
CONTINUOUS
10
6.048944330708661
20
-3.9096709448818898
11
6.0493700787401572
21
-3.911074409448819
0
LINE
8
BLACK
6
CONTINUOUS
10
6.0493700787401572
20
-3.911074409448819
11
6.0493700787401572
21
-3.9153543307086611
0
LINE
8
BLACK
6
CONTINUOUS
10
6.0493700787401572
20
-3.9153543307086611
11
6.0885826771653546
21
-3.9153543307086611
0
LINE
8
BLACK
6
CONTINUOUS
10
6.0885826771653546
20
-3.9153543307086611
11
6.0885826771653546
21
-4.0137795275590546
0
LINE
8
BLACK
6
CONTINUOUS
10
6.0885826771653546
20
-4.0137795275590546
11
6.0493700787401572
21
-4.0137795275590546
0
LINE
8
BLACK
6
CONTINUOUS
10
6.0493700787401572
20
-4.0137795275590546
11
6.0493700787401572
21
-4.0180593700787401
0
LINE
8
BLACK
6
CONTINUOUS
10
6.0493700787401572
20
-4.0180593700787401
11
6.0487132283464566
21
-4.0202247637795274
0
LINE
8
BLACK
6
CONTINUOUS
10
6.0487132283464566
20
-4.0202247637795274
11
6.0468408661417321
21
-4.0230269685039373
0
LINE
8
BLACK
6
CONTINUOUS
10
6.0468408661417321
20
-4.0230269685039373
11
6.0466940551181105
21
-4.0233814173228346
0
LINE
8
BLACK
6
CONTINUOUS
10
6.0466940551181105
20
-4.0233814173228346
11
6.0451295669291341
21
-4.0252131102362201
0
LINE
8
BLACK
6
CONTINUOUS
10
6.0451295669291341
20
-4.0252131102362201
11
6.0447620078740156
21
-4.0253167322834642
0
LINE
8
BLACK
6
CONTINUOUS
10
6.0447620078740156
20
-4.0253167322834642
11
6.0442913385826769
21
-4.0257874409448817
0
LINE
8
BLACK
6
CONTINUOUS
10
6.0442913385826769
20
-4.0257874409448817
11
6.0442913385826769
21
-4.0650150393700786
0
LINE
8
BLACK
6
CONTINUOUS
10
6.0442913385826769
20
-4.0650150393700786
11
6.0444130708661419
21
-4.0652052362204723
0
LINE
8
BLACK
6
CONTINUOUS
10
6.0444130708661419
20
-4.0652052362204723
11
6.0450549999999996
21
-4.0660734645669292
0
LINE
8
BLACK
6
CONTINUOUS
10
6.0450549999999996
20
-4.0660734645669292
11
6.0450843307086615
21
-4.0662537795275586
0
LINE
8
BLACK
6
CONTINUOUS
10
6.0450843307086615
20
-4.0662537795275586
11
6.0451296062992128
21
-4.0663245275590549
0
LINE
8
BLACK
6
CONTINUOUS
10
6.0451296062992128
20
-4.0663245275590549
11
6.0451205905511811
21
-4.0664768897637797
0
LINE
8
BLACK
6
CONTINUOUS
10
6.0451205905511811
20
-4.0664768897637797
11
6.0452559055118105
21
-4.0673087007874011
0
LINE
8
BLACK
6
CONTINUOUS
10
6.0452559055118105
20
-4.0673087007874011
11
6.0452559055118105
21
-4.0798981496062989
0
LINE
8
BLACK
6
CONTINUOUS
10
6.0452559055118105
20
-4.0798981496062989
11
6.0445115354330703
21
-4.0821891338582672
0
LINE
8
BLACK
6
CONTINUOUS
10
6.0445115354330703
20
-4.0821891338582672
11
6.042562716535433
21
-4.0836050393700782
0
LINE
8
BLACK
6
CONTINUOUS
10
6.042562716535433
20
-4.0836050393700782
11
6.042367125984252
21
-4.0836629527559056
0
LINE
8
BLACK
6
CONTINUOUS
10
6.042367125984252
20
-4.0836629527559056
11
6.040107007874016
21
-4.084268582677165
0
LINE
8
BLACK
6
CONTINUOUS
10
6.040107007874016
20
-4.084268582677165
11
6.0401069291338585
21
-4.084268582677165
0
LINE
8
BLACK
6
CONTINUOUS
10
6.0401069291338585
20
-4.084268582677165
11
6.0401069291338585
21
-4.0842686220472437
0
LINE
8
BLACK
6
CONTINUOUS
10
6.0401069291338585
20
-4.0842686220472437
11
6.0347159055118107
21
-4.0873811023622046
0
LINE
8
BLACK
6
CONTINUOUS
10
6.0347159055118107
20
-4.0873811023622046
11
6.0303141732283461
21
-4.0917828346456693
0
LINE
8
BLACK
6
CONTINUOUS
10
6.0303141732283461
20
-4.0917828346456693
11
6.027201692913386
21
-4.0971738582677162
0
LINE
8
BLACK
6
CONTINUOUS
10
6.027201692913386
20
-4.0971738582677162
11
6.0255905511811019
21
-4.1031867322834641
0
LINE
8
BLACK
6
CONTINUOUS
10
6.0255905511811019
20
-4.1031867322834641
11
6.0255905511811019
21
-4.1094116929133859
0
LINE
8
BLACK
6
CONTINUOUS
10
6.0255905511811019
20
-4.1094116929133859
11
6.027201692913386
21
-4.1154245669291338
0
LINE
8
BLACK
6
CONTINUOUS
10
6.027201692913386
20
-4.1154245669291338
11
6.0303141732283461
21
-4.1208155905511807
0
LINE
8
BLACK
6
CONTINUOUS
10
6.0303141732283461
20
-4.1208155905511807
11
6.0314278346456689
21
-4.1219292519685036
0
LINE
8
BLACK
6
CONTINUOUS
10
6.0314278346456689
20
-4.1219292519685036
11
6.0325213779527553
21
-4.1240755118110233
0
LINE
8
BLACK
6
CONTINUOUS
10
6.0325213779527553
20
-4.1240755118110233
11
6.0321445669291336
21
-4.1264547244094487
0
LINE
8
BLACK
6
CONTINUOUS
10
6.0321445669291336
20
-4.1264547244094487
11
6.0311690157480315
21
-4.1275970866141733
0
LINE
8
BLACK
6
CONTINUOUS
10
6.0311690157480315
20
-4.1275970866141733
11
6.0311877165354328
21
-4.1276157874015746
0
LINE
8
BLACK
6
CONTINUOUS
10
6.0311877165354328
20
-4.1276157874015746
11
6.0309708267716537
21
-4.1278326377952759
0
LINE
8
BLACK
6
CONTINUOUS
10
6.0309708267716537
20
-4.1278326377952759
11
6.030970787401575
21
-4.1278326771653546
0
LINE
8
BLACK
6
CONTINUOUS
10
6.030970787401575
20
-4.1278326771653546
11
6.0292675196850389
21
-4.1295359448818898
0
LINE
8
BLACK
6
CONTINUOUS
10
6.0292675196850389
20
-4.1295359448818898
11
6.027438937007874
21
-4.1313645275590547
0
LINE
8
BLACK
6
CONTINUOUS
10
6.027438937007874
20
-4.1313645275590547
11
6.0251714173228343
21
-4.1358147637795275
0
LINE
8
BLACK
6
CONTINUOUS
10
6.0251714173228343
20
-4.1358147637795275
11
6.024586614173228
21
-4.1395069685039365
0
LINE
8
BLACK
6
CONTINUOUS
10
6.024586614173228
20
-4.1395069685039365
11
6.024586614173228
21
-4.1577370078740152
0
LINE
8
BLACK
6
CONTINUOUS
10
5.4109738582677167
20
-4.1295669291338584
11
5.412238818897638
21
-4.1326209055118106
0
LINE
8
BLACK
6
CONTINUOUS
10
5.412238818897638
20
-4.1326209055118106
11
5.4152547637795276
21
-4.137134645669291
0
LINE
8
BLACK
6
CONTINUOUS
10
5.4152547637795276
20
-4.137134645669291
11
5.4190936614173228
21
-4.1409735433070862
0
LINE
8
BLACK
6
CONTINUOUS
10
5.4190936614173228
20
-4.1409735433070862
11
5.4236074015748033
21
-4.1439894881889767
0
LINE
8
BLACK
6
CONTINUOUS
10
5.4236074015748033
20
-4.1439894881889767
11
5.4286226771653538
21
-4.1460668503937006
0
LINE
8
BLACK
6
CONTINUOUS
10
5.4286226771653538
20
-4.1460668503937006
11
5.4339470472440947
21
-4.14712594488189
0
LINE
8
BLACK
6
CONTINUOUS
10
5.4339470472440947
20
-4.14712594488189
11
5.4339471259842522
21
-4.1471259842519688
0
LINE
8
BLACK
6
CONTINUOUS
10
5.4339471259842522
20
-4.1471259842519688
11
5.4463464173228342
21
-4.1471259842519688
0
LINE
8
BLACK
6
CONTINUOUS
10
5.4463464173228342
20
-4.1471259842519688
11
5.446346456692913
21
-4.14712594488189
0
LINE
8
BLACK
6
CONTINUOUS
10
5.446346456692913
20
-4.14712594488189
11
5.446346456692913
21
-4.1392519685039373
0
LINE
8
BLACK
6
CONTINUOUS
10
5.446346456692913
20
-4.1392519685039373
11
5.4366614173228349
21
-4.1392519685039373
0
LINE
8
BLACK
6
CONTINUOUS
10
5.4366614173228349
20
-4.1392519685039373
11
5.4340920078740158
21
-4.1390835433070867
0
LINE
8
BLACK
6
CONTINUOUS
10
5.4340920078740158
20
-4.1390835433070867
11
5.4291282677165356
21
-4.1377535433070864
0
LINE
8
BLACK
6
CONTINUOUS
10
5.4291282677165356
20
-4.1377535433070864
11
5.4246779133858265
21
-4.1351841338582673
0
LINE
8
BLACK
6
CONTINUOUS
10
5.4246779133858265
20
-4.1351841338582673
11
5.4210442125984253
21
-4.1315504330708661
0
LINE
8
BLACK
6
CONTINUOUS
10
5.4210442125984253
20
-4.1315504330708661
11
5.4198990551181101
21
-4.1295669291338584
0
LINE
8
BLACK
6
CONTINUOUS
10
5.4198990551181101
20
-4.1295669291338584
11
5.4109738582677167
21
-4.1295669291338584
0
LINE
8
BLACK
6
CONTINUOUS
10
5.4916487007874011
20
-4.1315504330708661
11
5.4880149999999999
21
-4.1351841338582673
0
LINE
8
BLACK
6
CONTINUOUS
10
5.4880149999999999
20
-4.1351841338582673
11
5.4835646456692908
21
-4.1377535433070864
0
LINE
8
BLACK
6
CONTINUOUS
10
5.4835646456692908
20
-4.1377535433070864
11
5.4786009055118106
21
-4.1390835433070867
0
LINE
8
BLACK
6
CONTINUOUS
10
5.4786009055118106
20
-4.1390835433070867
11
5.4760314960629923
21
-4.1392519685039373
0
LINE
8
BLACK
6
CONTINUOUS
10
5.4760314960629923
20
-4.1392519685039373
11
5.4663464566929134
21
-4.1392519685039373
0
LINE
8
BLACK
6
CONTINUOUS
10
5.4663464566929134
20
-4.1392519685039373
11
5.4663464566929134
21
-4.14712594488189
0
LINE
8
BLACK
6
CONTINUOUS
10
5.4663464566929134
20
-4.14712594488189
11
5.4663464960629922
21
-4.1471259842519688
0
LINE
8
BLACK
6
CONTINUOUS
10
5.4663464960629922
20
-4.1471259842519688
11
5.478745787401575
21
-4.1471259842519688
0
LINE
8
BLACK
6
CONTINUOUS
10
5.478745787401575
20
-4.1471259842519688
11
5.4787458267716538
21
-4.14712594488189
0
LINE
8
BLACK
6
CONTINUOUS
10
5.4787458267716538
20
-4.14712594488189
11
5.4840701968503938
21
-4.1460668503937006
0
LINE
8
BLACK
6
CONTINUOUS
10
5.4840701968503938
20
-4.1460668503937006
11
5.4890854724409444
21
-4.1439894881889767
0
LINE
8
BLACK
6
CONTINUOUS
10
5.4890854724409444
20
-4.1439894881889767
11
5.4935992125984248
21
-4.1409735433070862
0
LINE
8
BLACK
6
CONTINUOUS
10
5.4935992125984248
20
-4.1409735433070862
11
5.49743811023622
21
-4.137134645669291
0
LINE
8
BLACK
6
CONTINUOUS
10
5.49743811023622
20
-4.137134645669291
11
5.5004540551181105
21
-4.1326209055118106
0
LINE
8
BLACK
6
CONTINUOUS
10
5.5004540551181105
20
-4.1326209055118106
11
5.5017190551181105
21
-4.1295669291338584
0
LINE
8
BLACK
6
CONTINUOUS
10
5.5017190551181105
20
-4.1295669291338584
11
5.4927938582677163
21
-4.1295669291338584
0
LINE
8
BLACK
6
CONTINUOUS
10
5.4927938582677163
20
-4.1295669291338584
11
5.4916487007874011
21
-4.1315504330708661
0
LINE
8
BLACK
6
CONTINUOUS
10
5.5820487007874018
20
-4.0973959448818897
11
5.5780733464566925
21
-4.1013712598425194
0
LINE
8
BLACK
6
CONTINUOUS
10
5.5780733464566925
20
-4.1013712598425194
11
5.5780730708661412
21
-4.1013716141732282
0
LINE
8
BLACK
6
CONTINUOUS
10
5.5780730708661412
20
-4.1013716141732282
11
5.574949251968504
21
-4.1060466535433067
0
LINE
8
BLACK
6
CONTINUOUS
10
5.574949251968504
20
-4.1060466535433067
11
5.574949251968504
21
-4.1060466929133854
0
LINE
8
BLACK
6
CONTINUOUS
10
5.574949251968504
20
-4.1060466929133854
11
5.5727976771653545
21
-4.1112410629921259
0
LINE
8
BLACK
6
CONTINUOUS
10
5.5727976771653545
20
-4.1112410629921259
11
5.5727976771653545
21
-4.1112411417322834
0
LINE
8
BLACK
6
CONTINUOUS
10
5.5727976771653545
20
-4.1112411417322834
11
5.5717007874015749
21
-4.116755551181102
0
LINE
8
BLACK
6
CONTINUOUS
10
5.5717007874015749
20
-4.116755551181102
11
5.5717007874015749
21
-4.1223782677165355
0
LINE
8
BLACK
6
CONTINUOUS
10
5.5717007874015749
20
-4.1223782677165355
11
5.5727976771653545
21
-4.1278926771653541
0
LINE
8
BLACK
6
CONTINUOUS
10
5.5727976771653545
20
-4.1278926771653541
11
5.5727976771653545
21
-4.1278927559055116
0
LINE
8
BLACK
6
CONTINUOUS
10
5.5727976771653545
20
-4.1278927559055116
11
5.574949251968504
21
-4.1330871259842521
0
LINE
8
BLACK
6
CONTINUOUS
10
5.574949251968504
20
-4.1330871259842521
11
5.574949251968504
21
-4.1330871653543308
0
LINE
8
BLACK
6
CONTINUOUS
10
5.574949251968504
20
-4.1330871653543308
11
5.5780730708661412
21
-4.1377622047244094
0
LINE
8
BLACK
6
CONTINUOUS
10
5.5780730708661412
20
-4.1377622047244094
11
5.5780731889763775
21
-4.1377623622047244
0
LINE
8
BLACK
6
CONTINUOUS
10
5.5780731889763775
20
-4.1377623622047244
11
5.5820486220472443
21
-4.1417377952755903
0
LINE
8
BLACK
6
CONTINUOUS
10
5.5820486220472443
20
-4.1417377952755903
11
5.5820487795275593
21
-4.1417379133858265
0
LINE
8
BLACK
6
CONTINUOUS
10
5.5820487795275593
20
-4.1417379133858265
11
5.5837117322834642
21
-4.1428490944881888
0
LINE
8
BLACK
6
CONTINUOUS
10
5.5837117322834642
20
-4.1428490944881888
11
5.5895217322834645
21
-4.1370390551181098
0
LINE
8
BLACK
6
CONTINUOUS
10
5.5895217322834645
20
-4.1370390551181098
11
5.5876614173228347
21
-4.1359649999999997
0
LINE
8
BLACK
6
CONTINUOUS
10
5.5876614173228347
20
-4.1359649999999997
11
5.5838460236220469
21
-4.1321496062992127
0
LINE
8
BLACK
6
CONTINUOUS
10
5.5838460236220469
20
-4.1321496062992127
11
5.5811481496062987
21
-4.1274767322834647
0
LINE
8
BLACK
6
CONTINUOUS
10
5.5811481496062987
20
-4.1274767322834647
11
5.5797516141732286
21
-4.1222648031496059
0
LINE
8
BLACK
6
CONTINUOUS
10
5.5797516141732286
20
-4.1222648031496059
11
5.5797516141732286
21
-4.1168690551181104
0
LINE
8
BLACK
6
CONTINUOUS
10
5.5797516141732286
20
-4.1168690551181104
11
5.5811481496062987
21
-4.1116571259842516
0
LINE
8
BLACK
6
CONTINUOUS
10
5.5811481496062987
20
-4.1116571259842516
11
5.5838460236220469
21
-4.1069842519685036
0
LINE
8
BLACK
6
CONTINUOUS
10
5.5838460236220469
20
-4.1069842519685036
11
5.5876614173228347
21
-4.1031688582677166
0
LINE
8
BLACK
6
CONTINUOUS
10
5.5876614173228347
20
-4.1031688582677166
11
5.589521811023622
21
-4.102094724409449
0
LINE
8
BLACK
6
CONTINUOUS
10
5.589521811023622
20
-4.102094724409449
11
5.5837117716535429
21
-4.0962846850393699
0
LINE
8
BLACK
6
CONTINUOUS
10
5.5837117716535429
20
-4.0962846850393699
11
5.5820487007874018
21
-4.0973959448818897
0
LINE
8
BLACK
6
CONTINUOUS
10
5.6130393700787398
20
-4.0854724803149605
11
5.6130393700787398
21
-4.0871259842519683
0
LINE
8
BLACK
6
CONTINUOUS
10
5.6130393700787398
20
-4.0871259842519683
11
5.6122949999999996
21
-4.0894169685039365
0
LINE
8
BLACK
6
CONTINUOUS
10
5.6122949999999996
20
-4.0894169685039365
11
5.6103461811023623
21
-4.0908328740157476
0
LINE
8
BLACK
6
CONTINUOUS
10
5.6103461811023623
20
-4.0908328740157476
11
5.6091417322834642
21
-4.0910236220472438
0
LINE
8
BLACK
6
CONTINUOUS
10
5.6091417322834642
20
-4.0910236220472438
11
5.6062894881889767
21
-4.0910236220472438
0
LINE
8
BLACK
6
CONTINUOUS
10
5.6062894881889767
20
-4.0910236220472438
11
5.6141635039370081
21
-4.0988976377952753
0
LINE
8
BLACK
6
CONTINUOUS
10
5.6141635039370081
20
-4.0988976377952753
11
5.6415826771653546
21
-4.0988976377952753
0
LINE
8
BLACK
6
CONTINUOUS
10
5.6415826771653546
20
-4.0988976377952753
11
5.6442805511811018
21
-4.0990744488188975
0
LINE
8
BLACK
6
CONTINUOUS
10
5.6442805511811018
20
-4.0990744488188975
11
5.6494924803149607
21
-4.1004709842519684
0
LINE
8
BLACK
6
CONTINUOUS
10
5.6494924803149607
20
-4.1004709842519684
11
5.6541653543307087
21
-4.1031688582677166
0
LINE
8
BLACK
6
CONTINUOUS
10
5.6541653543307087
20
-4.1031688582677166
11
5.6579807480314956
21
-4.1069842519685036
0
LINE
8
BLACK
6
CONTINUOUS
10
5.6579807480314956
20
-4.1069842519685036
11
5.6606786220472438
21
-4.1116571259842516
0
LINE
8
BLACK
6
CONTINUOUS
10
5.6606786220472438
20
-4.1116571259842516
11
5.6620751574803148
21
-4.1168690551181104
0
LINE
8
BLACK
6
CONTINUOUS
10
5.6620751574803148
20
-4.1168690551181104
11
5.6620751574803148
21
-4.1222648031496059
0
LINE
8
BLACK
6
CONTINUOUS
10
5.6620751574803148
20
-4.1222648031496059
11
5.6606786220472438
21
-4.1274767322834647
0
LINE
8
BLACK
6
CONTINUOUS
10
5.6606786220472438
20
-4.1274767322834647
11
5.6579807480314956
21
-4.1321496062992127
0
LINE
8
BLACK
6
CONTINUOUS
10
5.6579807480314956
20
-4.1321496062992127
11
5.6541653543307087
21
-4.1359649999999997
0
LINE
8
BLACK
6
CONTINUOUS
10
5.6541653543307087
20
-4.1359649999999997
11
5.6523049212598426
21
-4.1370390551181098
0
LINE
8
BLACK
6
CONTINUOUS
10
5.6523049212598426
20
-4.1370390551181098
11
5.6581149606299208
21
-4.1428490944881888
0
LINE
8
BLACK
6
CONTINUOUS
10
5.6581149606299208
20
-4.1428490944881888
11
5.6597778740157478
21
-4.1417380314960628
0
LINE
8
BLACK
6
CONTINUOUS
10
5.6597778740157478
20
-4.1417380314960628
11
5.6637533858267712
21
-4.1377625590551181
0
LINE
8
BLACK
6
CONTINUOUS
10
5.6637533858267712
20
-4.1377625590551181
11
5.6637536614173225
21
-4.1377622047244094
0
LINE
8
BLACK
6
CONTINUOUS
10
5.6637536614173225
20
-4.1377622047244094
11
5.6668774803149606
21
-4.1330871653543308
0
LINE
8
BLACK
6
CONTINUOUS
10
5.6668774803149606
20
-4.1330871653543308
11
5.6668774803149606
21
-4.1330871259842521
0
LINE
8
BLACK
6
CONTINUOUS
10
5.6668774803149606
20
-4.1330871259842521
11
5.6690290551181102
21
-4.1278927559055116
0
LINE
8
BLACK
6
CONTINUOUS
10
5.6690290551181102
20
-4.1278927559055116
11
5.6690290551181102
21
-4.1278926771653541
0
LINE
8
BLACK
6
CONTINUOUS
10
5.6690290551181102
20
-4.1278926771653541
11
5.6701259448818897
21
-4.1223782677165355
0
LINE
8
BLACK
6
CONTINUOUS
10
5.6701259448818897
20
-4.1223782677165355
11
5.6701259842519685
21
-4.1223781496062992
0
LINE
8
BLACK
6
CONTINUOUS
10
5.6701259842519685
20
-4.1223781496062992
11
5.6701259842519685
21
-4.1167556692913383
0
LINE
8
BLACK
6
CONTINUOUS
10
5.6701259842519685
20
-4.1167556692913383
11
5.6701259448818897
21
-4.116755551181102
0
LINE
8
BLACK
6
CONTINUOUS
10
5.6701259448818897
20
-4.116755551181102
11
5.6690290551181102
21
-4.1112411417322834
0
LINE
8
BLACK
6
CONTINUOUS
10
5.6690290551181102
20
-4.1112411417322834
11
5.6690290551181102
21
-4.1112410629921259
0
LINE
8
BLACK
6
CONTINUOUS
10
5.6690290551181102
20
-4.1112410629921259
11
5.6668774803149606
21
-4.1060466929133854
0
LINE
8
BLACK
6
CONTINUOUS
10
5.6668774803149606
20
-4.1060466929133854
11
5.6668774803149606
21
-4.1060466535433067
0
LINE
8
BLACK
6
CONTINUOUS
10
5.6668774803149606
20
-4.1060466535433067
11
5.6636527559055114
21
-4.1012205511811022
0
LINE
8
BLACK
6
CONTINUOUS
10
5.6636527559055114
20
-4.1012205511811022
11
5.6629988582677164
21
-4.0989020866141734
0
LINE
8
BLACK
6
CONTINUOUS
10
5.6629988582677164
20
-4.0989020866141734
11
5.6638326377952755
21
-4.0966421259842516
0
LINE
8
BLACK
6
CONTINUOUS
10
5.6638326377952755
20
-4.0966421259842516
11
5.6658355118110233
21
-4.0953038188976381
0
LINE
8
BLACK
6
CONTINUOUS
10
5.6658355118110233
20
-4.0953038188976381
11
5.6668935039370076
21
-4.0951574803149606
0
LINE
8
BLACK
6
CONTINUOUS
10
5.6668935039370076
20
-4.0951574803149606
11
5.6669644488188977
21
-4.0951574803149606
0
LINE
8
BLACK
6
CONTINUOUS
10
5.6669644488188977
20
-4.0951574803149606
11
5.666964566929134
21
-4.0951574409448819
0
LINE
8
BLACK
6
CONTINUOUS
10
5.666964566929134
20
-4.0951574409448819
11
5.6692612598425196
21
-4.0947006299212596
0
LINE
8
BLACK
6
CONTINUOUS
10
5.6692612598425196
20
-4.0947006299212596
11
5.671865708661417
21
-4.0929603543307085
0
LINE
8
BLACK
6
CONTINUOUS
10
5.671865708661417
20
-4.0929603543307085
11
5.671865866141732
21
-4.0929601968503935
0
LINE
8
BLACK
6
CONTINUOUS
10
5.671865866141732
20
-4.0929601968503935
11
5.6736061417322832
21
-4.090355748031496
0
LINE
8
BLACK
6
CONTINUOUS
10
5.6736061417322832
20
-4.090355748031496
11
5.6740629527559054
21
-4.0880590551181104
0
LINE
8
BLACK
6
CONTINUOUS
10
5.6740629527559054
20
-4.0880590551181104
11
5.6740629921259842
21
-4.0880589370078741
0
LINE
8
BLACK
6
CONTINUOUS
10
5.6740629921259842
20
-4.0880589370078741
11
5.6740629921259842
21
-4.0854724803149605
0
LINE
8
BLACK
6
CONTINUOUS
10
5.6740629921259842
20
-4.0854724803149605
11
5.6740629527559054
21
-4.0854724409448817
0
LINE
8
BLACK
6
CONTINUOUS
10
5.6740629527559054
20
-4.0854724409448817
11
5.6661889763779527
21
-4.0854724409448817
0
LINE
8
BLACK
6
CONTINUOUS
10
5.6661889763779527
20
-4.0854724409448817
11
5.6661889763779527
21
-4.0872834645669291
0
LINE
8
BLACK
6
CONTINUOUS
10
5.6661889763779527
20
-4.0872834645669291
11
5.6209133858267712
21
-4.0872834645669291
0
LINE
8
BLACK
6
CONTINUOUS
10
5.6209133858267712
20
-4.0872834645669291
11
5.6209133858267712
21
-4.0854724409448817
0
LINE
8
BLACK
6
CONTINUOUS
10
5.6209133858267712
20
-4.0854724409448817
11
5.6130394094488185
21
-4.0854724409448817
0
LINE
8
BLACK
6
CONTINUOUS
10
5.6130394094488185
20
-4.0854724409448817
11
5.6130393700787398
21
-4.0854724803149605
0
LINE
8
BLACK
6
CONTINUOUS
10
5.4663464566929134
20
-4.0920079133858263
11
5.4663464566929134
21
-4.0998818897637799
0
LINE
8
BLACK
6
CONTINUOUS
10
5.4663464566929134
20
-4.0998818897637799
11
5.4760314960629923
21
-4.0998818897637799
0
LINE
8
BLACK
6
CONTINUOUS
10
5.4760314960629923
20
-4.0998818897637799
11
5.4786009055118106
21
-4.1000503149606295
0
LINE
8
BLACK
6
CONTINUOUS
10
5.4786009055118106
20
-4.1000503149606295
11
5.4835646456692908
21
-4.1013803149606298
0
LINE
8
BLACK
6
CONTINUOUS
10
5.4835646456692908
20
-4.1013803149606298
11
5.4880149999999999
21
-4.1039497244094489
0
LINE
8
BLACK
6
CONTINUOUS
10
5.4880149999999999
20
-4.1039497244094489
11
5.4916487007874011
21
-4.1075834251968502
0
LINE
8
BLACK
6
CONTINUOUS
10
5.4916487007874011
20
-4.1075834251968502
11
5.4927938582677163
21
-4.1095669291338579
0
LINE
8
BLACK
6
CONTINUOUS
10
5.4927938582677163
20
-4.1095669291338579
11
5.5017190551181105
21
-4.1095669291338579
0
LINE
8
BLACK
6
CONTINUOUS
10
5.5017190551181105
20
-4.1095669291338579
11
5.5017190551181105
21
-4.1095668897637792
0
LINE
8
BLACK
6
CONTINUOUS
10
5.5017190551181105
20
-4.1095668897637792
11
5.5004540551181105
21
-4.1065129133858269
0
LINE
8
BLACK
6
CONTINUOUS
10
5.5004540551181105
20
-4.1065129133858269
11
5.49743811023622
21
-4.1019991732283465
0
LINE
8
BLACK
6
CONTINUOUS
10
5.49743811023622
20
-4.1019991732283465
11
5.4935992125984248
21
-4.0981602755905513
0
LINE
8
BLACK
6
CONTINUOUS
10
5.4935992125984248
20
-4.0981602755905513
11
5.4891372440944881
21
-4.0951789370078737
0
LINE
8
BLACK
6
CONTINUOUS
10
5.4891372440944881
20
-4.0951789370078737
11
5.4891371653543306
21
-4.0951788582677162
0
LINE
8
BLACK
6
CONTINUOUS
10
5.4891371653543306
20
-4.0951788582677162
11
5.4891371259842519
21
-4.0951788582677162
0
LINE
8
BLACK
6
CONTINUOUS
10
5.4891371259842519
20
-4.0951788582677162
11
5.4890854724409444
21
-4.0951443307086617
0
LINE
8
BLACK
6
CONTINUOUS
10
5.4890854724409444
20
-4.0951443307086617
11
5.4840701968503938
21
-4.0930669685039369
0
LINE
8
BLACK
6
CONTINUOUS
10
5.4840701968503938
20
-4.0930669685039369
11
5.4787458267716538
21
-4.0920078740157475
0
LINE
8
BLACK
6
CONTINUOUS
10
5.4787458267716538
20
-4.0920078740157475
11
5.4663464960629922
21
-4.0920078740157475
0
LINE
8
BLACK
6
CONTINUOUS
10
5.4663464960629922
20
-4.0920078740157475
11
5.4663464566929134
21
-4.0920079133858263
0
LINE
8
BLACK
6
CONTINUOUS
10
6.1928937007874012
20
-3.873191220472441
11
6.1945048425196845
21
-3.8792040944881889
0
LINE
8
BLACK
6
CONTINUOUS
10
6.1945048425196845
20
-3.8792040944881889
11
6.1976173228346454
21
-3.8845951181102363
0
LINE
8
BLACK
6
CONTINUOUS
10
6.1976173228346454
20
-3.8845951181102363
11
6.20201905511811
21
-3.8889968503937009
0
LINE
8
BLACK
6
CONTINUOUS
10
6.20201905511811
20
-3.8889968503937009
11
6.2074100787401569
21
-3.8921093307086614
0
LINE
8
BLACK
6
CONTINUOUS
10
6.2074100787401569
20
-3.8921093307086614
11
6.2134229527559057
21
-3.8937204724409447
0
LINE
8
BLACK
6
CONTINUOUS
10
6.2134229527559057
20
-3.8937204724409447
11
6.2134230314960632
21
-3.8937204724409447
0
LINE
8
BLACK
6
CONTINUOUS
10
6.2134230314960632
20
-3.8937204724409447
11
6.2196478346456692
21
-3.8937204724409447
0
LINE
8
BLACK
6
CONTINUOUS
10
6.2196478346456692
20
-3.8937204724409447
11
6.2196479133858267
21
-3.8937204724409447
0
LINE
8
BLACK
6
CONTINUOUS
10
6.2196479133858267
20
-3.8937204724409447
11
6.2256607874015746
21
-3.8921093307086614
0
LINE
8
BLACK
6
CONTINUOUS
10
6.2256607874015746
20
-3.8921093307086614
11
6.2310518110236215
21
-3.8889968503937009
0
LINE
8
BLACK
6
CONTINUOUS
10
6.2310518110236215
20
-3.8889968503937009
11
6.2354535433070861
21
-3.8845951181102363
0
LINE
8
BLACK
6
CONTINUOUS
10
6.2354535433070861
20
-3.8845951181102363
11
6.238566023622047
21
-3.8792040944881889
0
LINE
8
BLACK
6
CONTINUOUS
10
6.238566023622047
20
-3.8792040944881889
11
6.2401771653543303
21
-3.873191220472441
0
LINE
8
BLACK
6
CONTINUOUS
10
6.2401771653543303
20
-3.873191220472441
11
6.2401771653543303
21
-3.8669662598425196
0
LINE
8
BLACK
6
CONTINUOUS
10
6.2401771653543303
20
-3.8669662598425196
11
6.238566023622047
21
-3.8609533858267717
0
LINE
8
BLACK
6
CONTINUOUS
10
6.238566023622047
20
-3.8609533858267717
11
6.2354535433070861
21
-3.8555623622047244
0
LINE
8
BLACK
6
CONTINUOUS
10
6.2354535433070861
20
-3.8555623622047244
11
6.2314761417322835
21
-3.8515849606299213
0
LINE
8
BLACK
6
CONTINUOUS
10
6.2314761417322835
20
-3.8515849606299213
11
6.2303826377952758
21
-3.8494387401574803
0
LINE
8
BLACK
6
CONTINUOUS
10
6.2303826377952758
20
-3.8494387401574803
11
6.2303346456692914
21
-3.8488290157480316
0
LINE
8
BLACK
6
CONTINUOUS
10
6.2303346456692914
20
-3.8488290157480316
11
6.2303346456692914
21
-3.7708267716535433
0
LINE
8
BLACK
6
CONTINUOUS
10
6.2303346456692914
20
-3.7708267716535433
11
6.2303346456692914
21
-3.7508267716535433
0
LINE
8
BLACK
6
CONTINUOUS
10
6.2303346456692914
20
-3.7508267716535433
11
6.2303346456692914
21
-3.6844956299212597
0
LINE
8
BLACK
6
CONTINUOUS
10
6.2303346456692914
20
-3.6844956299212597
11
6.2310790157480316
21
-3.6822046456692914
0
LINE
8
BLACK
6
CONTINUOUS
10
6.2310790157480316
20
-3.6822046456692914
11
6.2314759842519685
21
-3.6817398031496062
0
LINE
8
BLACK
6
CONTINUOUS
10
6.2314759842519685
20
-3.6817398031496062
11
6.2580291338582672
21
-3.6551866141732283
0
LINE
8
BLACK
6
CONTINUOUS
10
6.2580291338582672
20
-3.6551866141732283
11
6.2814534251968501
21
-3.6317623228346454
0
LINE
8
BLACK
6
CONTINUOUS
10
6.2814534251968501
20
-3.6317623228346454
11
6.2835996850393698
21
-3.6306688188976377
0
LINE
8
BLACK
6
CONTINUOUS
10
6.2835996850393698
20
-3.6306688188976377
11
6.2859212204724404
21
-3.6310168503937006
0
LINE
8
BLACK
6
CONTINUOUS
10
6.2859212204724404
20
-3.6310168503937006
11
6.2889609055118108
21
-3.6325028740157479
0
LINE
8
BLACK
6
CONTINUOUS
10
6.2889609055118108
20
-3.6325028740157479
11
6.2916433070866145
21
-3.6328937007874016
0
LINE
8
BLACK
6
CONTINUOUS
10
6.2916433070866145
20
-3.6328937007874016
11
6.2916434251968498
21
-3.6328937007874016
0
LINE
8
BLACK
6
CONTINUOUS
10
6.2916434251968498
20
-3.6328937007874016
11
6.3493801968503938
21
-3.6328937007874016
0
LINE
8
BLACK
6
CONTINUOUS
10
6.3493801968503938
20
-3.6328937007874016
11
6.34938031496063
21
-3.6328937007874016
0
LINE
8
BLACK
6
CONTINUOUS
10
6.34938031496063
20
-3.6328937007874016
11
6.3520627165354329
21
-3.6325028740157479
0
LINE
8
BLACK
6
CONTINUOUS
10
6.3520627165354329
20
-3.6325028740157479
11
6.3562001181102357
21
-3.6304802362204724
0
LINE
8
BLACK
6
CONTINUOUS
10
6.3562001181102357
20
-3.6304802362204724
11
6.3594566141732285
21
-3.6272237401574801
0
LINE
8
BLACK
6
CONTINUOUS
10
6.3594566141732285
20
-3.6272237401574801
11
6.3614792519685039
21
-3.6230863385826773
0
LINE
8
BLACK
6
CONTINUOUS
10
6.3614792519685039
20
-3.6230863385826773
11
6.3618700787401572
21
-3.620403937007874
0
LINE
8
BLACK
6
CONTINUOUS
10
6.3618700787401572
20
-3.620403937007874
11
6.3618700787401572
21
-3.6059740157480316
0
LINE
8
BLACK
6
CONTINUOUS
10
6.3618700787401572
20
-3.6059740157480316
11
6.3614792519685039
21
-3.6032916141732283
0
LINE
8
BLACK
6
CONTINUOUS
10
6.3614792519685039
20
-3.6032916141732283
11
6.3594566141732285
21
-3.5991542125984251
0
LINE
8
BLACK
6
CONTINUOUS
10
6.3594566141732285
20
-3.5991542125984251
11
6.3562001181102357
21
-3.5958977165354331
0
LINE
8
BLACK
6
CONTINUOUS
10
6.3562001181102357
20
-3.5958977165354331
11
6.3562000393700782
21
-3.5958976771653544
0
LINE
8
BLACK
6
CONTINUOUS
10
6.3562000393700782
20
-3.5958976771653544
11
6.3520627952755904
21
-3.5938750787401572
0
LINE
8
BLACK
6
CONTINUOUS
10
6.3520627952755904
20
-3.5938750787401572
11
6.3509897244094491
21
-3.5937187401574802
0
LINE
8
BLACK
6
CONTINUOUS
10
6.3509897244094491
20
-3.5937187401574802
11
6.34938031496063
21
-3.593484251968504
0
LINE
8
BLACK
6
CONTINUOUS
10
6.34938031496063
20
-3.593484251968504
11
6.2916433070866145
21
-3.593484251968504
0
LINE
8
BLACK
6
CONTINUOUS
10
6.2916433070866145
20
-3.593484251968504
11
6.2903020866141732
21
-3.5936796456692912
0
LINE
8
BLACK
6
CONTINUOUS
10
6.2903020866141732
20
-3.5936796456692912
11
6.2889607874015745
21
-3.5938750787401572
0
LINE
8
BLACK
6
CONTINUOUS
10
6.2889607874015745
20
-3.5938750787401572
11
6.2848235433070867
21
-3.5958976771653544
0
LINE
8
BLACK
6
CONTINUOUS
10
6.2848235433070867
20
-3.5958976771653544
11
6.2848235039370079
21
-3.5958976771653544
0
LINE
8
BLACK
6
CONTINUOUS
10
6.2848235039370079
20
-3.5958976771653544
11
6.2848235039370079
21
-3.5958977165354331
0
LINE
8
BLACK
6
CONTINUOUS
10
6.2848235039370079
20
-3.5958977165354331
11
6.2824729527559056
21
-3.5982482283464567
0
LINE
8
BLACK
6
CONTINUOUS
10
6.2824729527559056
20
-3.5982482283464567
11
6.2803267322834646
21
-3.5993417716535432
0
LINE
8
BLACK
6
CONTINUOUS
10
6.2803267322834646
20
-3.5993417716535432
11
6.2797170078740159
21
-3.5993897637795276
0
LINE
8
BLACK
6
CONTINUOUS
10
6.2797170078740159
20
-3.5993897637795276
11
6.2786951181102362
21
-3.5993897637795276
0
LINE
8
BLACK
6
CONTINUOUS
10
6.2786951181102362
20
-3.5993897637795276
11
6.2751855118110234
21
-3.600330157480315
0
LINE
8
BLACK
6
CONTINUOUS
10
6.2751855118110234
20
-3.600330157480315
11
6.2720388976377954
21
-3.6021468503937006
0
LINE
8
BLACK
6
CONTINUOUS
10
6.2720388976377954
20
-3.6021468503937006
11
6.2054933070866136
21
-3.668692440944882
0
LINE
8
BLACK
6
CONTINUOUS
10
6.2054933070866136
20
-3.668692440944882
11
6.2049040551181101
21
-3.6697130708661416
0
LINE
8
BLACK
6
CONTINUOUS
10
6.2049040551181101
20
-3.6697130708661416
11
6.2044251181102359
21
-3.6705426377952755
0
LINE
8
BLACK
6
CONTINUOUS
10
6.2044251181102359
20
-3.6705426377952755
11
6.2036766535433072
21
-3.6718389370078741
0
LINE
8
BLACK
6
CONTINUOUS
10
6.2036766535433072
20
-3.6718389370078741
11
6.2036766141732285
21
-3.6718390157480316
0
LINE
8
BLACK
6
CONTINUOUS
10
6.2036766141732285
20
-3.6718390157480316
11
6.2036766141732285
21
-3.6718390551181104
0
LINE
8
BLACK
6
CONTINUOUS
10
6.2036766141732285
20
-3.6718390551181104
11
6.2034451181102357
21
-3.6727031102362204
0
LINE
8
BLACK
6
CONTINUOUS
10
6.2034451181102357
20
-3.6727031102362204
11
6.202736220472441
21
-3.6753487007874015
0
LINE
8
BLACK
6
CONTINUOUS
10
6.202736220472441
20
-3.6753487007874015
11
6.202736220472441
21
-3.8488290157480316
0
LINE
8
BLACK
6
CONTINUOUS
10
6.202736220472441
20
-3.8488290157480316
11
6.2019918503937008
21
-3.8511199999999999
0
LINE
8
BLACK
6
CONTINUOUS
10
6.2019918503937008
20
-3.8511199999999999
11
6.2015948425196852
21
-3.8515848031496063
0
LINE
8
BLACK
6
CONTINUOUS
10
6.2015948425196852
20
-3.8515848031496063
11
6.1976173228346454
21
-3.8555623622047244
0
LINE
8
BLACK
6
CONTINUOUS
10
6.1976173228346454
20
-3.8555623622047244
11
6.1945048425196845
21
-3.8609533858267717
0
LINE
8
BLACK
6
CONTINUOUS
10
6.1945048425196845
20
-3.8609533858267717
11
6.1928937007874012
21
-3.8669662598425196
0
LINE
8
BLACK
6
CONTINUOUS
10
6.1928937007874012
20
-3.8669662598425196
11
6.1928937007874012
21
-3.873191220472441
0
LINE
8
BLACK
6
CONTINUOUS
10
5.6523048818897639
20
-3.7619372440944883
11
5.6541653543307087
21
-3.7630113779527559
0
LINE
8
BLACK
6
CONTINUOUS
10
5.6541653543307087
20
-3.7630113779527559
11
5.6579807480314956
21
-3.7668267716535433
0
LINE
8
BLACK
6
CONTINUOUS
10
5.6579807480314956
20
-3.7668267716535433
11
5.6606786220472438
21
-3.7714996456692913
0
LINE
8
BLACK
6
CONTINUOUS
10
5.6606786220472438
20
-3.7714996456692913
11
5.6620751574803148
21
-3.7767115748031497
0
LINE
8
BLACK
6
CONTINUOUS
10
5.6620751574803148
20
-3.7767115748031497
11
5.6620751574803148
21
-3.7821073228346456
0
LINE
8
BLACK
6
CONTINUOUS
10
5.6620751574803148
20
-3.7821073228346456
11
5.6606786220472438
21
-3.7873192519685039
0
LINE
8
BLACK
6
CONTINUOUS
10
5.6606786220472438
20
-3.7873192519685039
11
5.6579807480314956
21
-3.7919921259842519
0
LINE
8
BLACK
6
CONTINUOUS
10
5.6579807480314956
20
-3.7919921259842519
11
5.6541653543307087
21
-3.7958075196850394
0
LINE
8
BLACK
6
CONTINUOUS
10
5.6541653543307087
20
-3.7958075196850394
11
5.6494924803149607
21
-3.7985053937007871
0
LINE
8
BLACK
6
CONTINUOUS
10
5.6494924803149607
20
-3.7985053937007871
11
5.6442805511811018
21
-3.799901929133858
0
LINE
8
BLACK
6
CONTINUOUS
10
5.6442805511811018
20
-3.799901929133858
11
5.6415826771653546
21
-3.8000787401574803
0
LINE
8
BLACK
6
CONTINUOUS
10
5.6415826771653546
20
-3.8000787401574803
11
5.6141635039370081
21
-3.8000787401574803
0
LINE
8
BLACK
6
CONTINUOUS
10
5.6141635039370081
20
-3.8000787401574803
11
5.6062894881889767
21
-3.8079527559055117
0
LINE
8
BLACK
6
CONTINUOUS
10
5.6062894881889767
20
-3.8079527559055117
11
5.6091417322834642
21
-3.8079527559055117
0
LINE
8
BLACK
6
CONTINUOUS
10
5.6091417322834642
20
-3.8079527559055117
11
5.6114327165354325
21
-3.8086971259842519
0
LINE
8
BLACK
6
CONTINUOUS
10
5.6114327165354325
20
-3.8086971259842519
11
5.6128486220472436
21
-3.8106459448818897
0
LINE
8
BLACK
6
CONTINUOUS
10
5.6128486220472436
20
-3.8106459448818897
11
5.6130393700787398
21
-3.8118503937007873
0
LINE
8
BLACK
6
CONTINUOUS
10
5.6130393700787398
20
-3.8118503937007873
11
5.6130393700787398
21
-3.8135038976377951
0
LINE
8
BLACK
6
CONTINUOUS
10
5.6130393700787398
20
-3.8135038976377951
11
5.6130394094488185
21
-3.8135039370078738
0
LINE
8
BLACK
6
CONTINUOUS
10
5.6130394094488185
20
-3.8135039370078738
11
5.6209133858267712
21
-3.8135039370078738
0
LINE
8
BLACK
6
CONTINUOUS
10
5.6209133858267712
20
-3.8135039370078738
11
5.6209133858267712
21
-3.8116929133858268
0
LINE
8
BLACK
6
CONTINUOUS
10
5.6209133858267712
20
-3.8116929133858268
11
5.6661889763779527
21
-3.8116929133858268
0
LINE
8
BLACK
6
CONTINUOUS
10
5.6661889763779527
20
-3.8116929133858268
11
5.6661889763779527
21
-3.8135039370078738
0
LINE
8
BLACK
6
CONTINUOUS
10
5.6661889763779527
20
-3.8135039370078738
11
5.6740629527559054
21
-3.8135039370078738
0
LINE
8
BLACK
6
CONTINUOUS
10
5.6740629527559054
20
-3.8135039370078738
11
5.6740629921259842
21
-3.8135038976377951
0
LINE
8
BLACK
6
CONTINUOUS
10
5.6740629921259842
20
-3.8135038976377951
11
5.6740629921259842
21
-3.8109174015748031
0
LINE
8
BLACK
6
CONTINUOUS
10
5.6740629921259842
20
-3.8109174015748031
11
5.6740629527559054
21
-3.8109172834645668
0
LINE
8
BLACK
6
CONTINUOUS
10
5.6740629527559054
20
-3.8109172834645668
11
5.6736061417322832
21
-3.8086205905511812
0
LINE
8
BLACK
6
CONTINUOUS
10
5.6736061417322832
20
-3.8086205905511812
11
5.671865866141732
21
-3.8060161417322833
0
LINE
8
BLACK
6
CONTINUOUS
10
5.671865866141732
20
-3.8060161417322833
11
5.671865708661417
21
-3.8060159842519683
0
LINE
8
BLACK
6
CONTINUOUS
10
5.671865708661417
20
-3.8060159842519683
11
5.6692612598425196
21
-3.8042757086614172
0
LINE
8
BLACK
6
CONTINUOUS
10
5.6692612598425196
20
-3.8042757086614172
11
5.666964566929134
21
-3.8038188976377953
0
LINE
8
BLACK
6
CONTINUOUS
10
5.666964566929134
20
-3.8038188976377953
11
5.6668935039370076
21
-3.8038188976377953
0
LINE
8
BLACK
6
CONTINUOUS
10
5.6668935039370076
20
-3.8038188976377953
11
5.6668626377952753
21
-3.8038088582677165
0
LINE
8
BLACK
6
CONTINUOUS
10
5.6668626377952753
20
-3.8038088582677165
11
5.666774094488189
21
-3.8038001574803149
0
LINE
8
BLACK
6
CONTINUOUS
10
5.666774094488189
20
-3.8038001574803149
11
5.6667759842519683
21
-3.8037807086614173
0
LINE
8
BLACK
6
CONTINUOUS
10
5.6667759842519683
20
-3.8037807086614173
11
5.6646025196850394
21
-3.8030745275590552
0
LINE
8
BLACK
6
CONTINUOUS
10
5.6646025196850394
20
-3.8030745275590552
11
5.6631866141732283
21
-3.8011257086614174
0
LINE
8
BLACK
6
CONTINUOUS
10
5.6631866141732283
20
-3.8011257086614174
11
5.6631866141732283
21
-3.7987168110236218
0
LINE
8
BLACK
6
CONTINUOUS
10
5.6631866141732283
20
-3.7987168110236218
11
5.6636527559055114
21
-3.7977558267716534
0
LINE
8
BLACK
6
CONTINUOUS
10
5.6636527559055114
20
-3.7977558267716534
11
5.6668774803149606
21
-3.7929296850393701
0
LINE
8
BLACK
6
CONTINUOUS
10
5.6668774803149606
20
-3.7929296850393701
11
5.6668774803149606
21
-3.7929296456692914
0
LINE
8
BLACK
6
CONTINUOUS
10
5.6668774803149606
20
-3.7929296456692914
11
5.6690290551181102
21
-3.7877352755905509
0
LINE
8
BLACK
6
CONTINUOUS
10
5.6690290551181102
20
-3.7877352755905509
11
5.6690290551181102
21
-3.7877351968503934
0
LINE
8
BLACK
6
CONTINUOUS
10
5.6690290551181102
20
-3.7877351968503934
11
5.6701259448818897
21
-3.7822207874015747
0
LINE
8
BLACK
6
CONTINUOUS
10
5.6701259448818897
20
-3.7822207874015747
11
5.6701259842519685
21
-3.7822206692913385
0
LINE
8
BLACK
6
CONTINUOUS
10
5.6701259842519685
20
-3.7822206692913385
11
5.6701259842519685
21
-3.776598188976378
0
LINE
8
BLACK
6
CONTINUOUS
10
5.6701259842519685
20
-3.776598188976378
11
5.6701259448818897
21
-3.7765980708661417
0
LINE
8
BLACK
6
CONTINUOUS
10
5.6701259448818897
20
-3.7765980708661417
11
5.6690290551181102
21
-3.7710836614173227
0
LINE
8
BLACK
6
CONTINUOUS
10
5.6690290551181102
20
-3.7710836614173227
11
5.6690290551181102
21
-3.7710835826771651
0
LINE
8
BLACK
6
CONTINUOUS
10
5.6690290551181102
20
-3.7710835826771651
11
5.6668774803149606
21
-3.7658892125984251
0
LINE
8
BLACK
6
CONTINUOUS
10
5.6668774803149606
20
-3.7658892125984251
11
5.6668774803149606
21
-3.7658891732283464
0
LINE
8
BLACK
6
CONTINUOUS
10
5.6668774803149606
20
-3.7658891732283464
11
5.6637536614173225
21
-3.7612141338582674
0
LINE
8
BLACK
6
CONTINUOUS
10
5.6637536614173225
20
-3.7612141338582674
11
5.6637533858267712
21
-3.7612137795275591
0
LINE
8
BLACK
6
CONTINUOUS
10
5.6637533858267712
20
-3.7612137795275591
11
5.6597779527559053
21
-3.7572383858267715
0
LINE
8
BLACK
6
CONTINUOUS
10
5.6597779527559053
20
-3.7572383858267715
11
5.6581149606299208
21
-3.7561272047244092
0
LINE
8
BLACK
6
CONTINUOUS
10
5.6581149606299208
20
-3.7561272047244092
11
5.6523048818897639
21
-3.7619372440944883
0
LINE
8
BLACK
6
CONTINUOUS
10
5.4109738582677167
20
-3.7894094488188976
11
5.412238818897638
21
-3.7924634251968503
0
LINE
8
BLACK
6
CONTINUOUS
10
5.412238818897638
20
-3.7924634251968503
11
5.4152547637795276
21
-3.7969771653543307
0
LINE
8
BLACK
6
CONTINUOUS
10
5.4152547637795276
20
-3.7969771653543307
11
5.4190936614173228
21
-3.8008160629921259
0
LINE
8
BLACK
6
CONTINUOUS
10
5.4190936614173228
20
-3.8008160629921259
11
5.4236074015748033
21
-3.8038320078740155
0
LINE
8
BLACK
6
CONTINUOUS
10
5.4236074015748033
20
-3.8038320078740155
11
5.4286226771653538
21
-3.8059093700787399
0
LINE
8
BLACK
6
CONTINUOUS
10
5.4286226771653538
20
-3.8059093700787399
11
5.4339470472440947
21
-3.8069684645669288
0
LINE
8
BLACK
6
CONTINUOUS
10
5.4339470472440947
20
-3.8069684645669288
11
5.4339471259842522
21
-3.8069685039370076
0
LINE
8
BLACK
6
CONTINUOUS
10
5.4339471259842522
20
-3.8069685039370076
11
5.4463464173228342
21
-3.8069685039370076
0
LINE
8
BLACK
6
CONTINUOUS
10
5.4463464173228342
20
-3.8069685039370076
11
5.446346456692913
21
-3.8069684645669288
0
LINE
8
BLACK
6
CONTINUOUS
10
5.446346456692913
20
-3.8069684645669288
11
5.446346456692913
21
-3.7990944881889761
0
LINE
8
BLACK
6
CONTINUOUS
10
5.446346456692913
20
-3.7990944881889761
11
5.4366614173228349
21
-3.7990944881889761
0
LINE
8
BLACK
6
CONTINUOUS
10
5.4366614173228349
20
-3.7990944881889761
11
5.4340920078740158
21
-3.798926062992126
0
LINE
8
BLACK
6
CONTINUOUS
10
5.4340920078740158
20
-3.798926062992126
11
5.4291282677165356
21
-3.7975960629921257
0
LINE
8
BLACK
6
CONTINUOUS
10
5.4291282677165356
20
-3.7975960629921257
11
5.4246779133858265
21
-3.795026653543307
0
LINE
8
BLACK
6
CONTINUOUS
10
5.4246779133858265
20
-3.795026653543307
11
5.4210442125984253
21
-3.7913929527559054
0
LINE
8
BLACK
6
CONTINUOUS
10
5.4210442125984253
20
-3.7913929527559054
11
5.4198990551181101
21
-3.7894094488188976
0
LINE
8
BLACK
6
CONTINUOUS
10
5.4198990551181101
20
-3.7894094488188976
11
5.4109738582677167
21
-3.7894094488188976
0
LINE
8
BLACK
6
CONTINUOUS
10
5.671751968503937
20
-3.6791543307086614
11
5.6717520078740158
21
-3.6791544488188976
0
LINE
8
BLACK
6
CONTINUOUS
10
5.6717520078740158
20
-3.6791544488188976
11
5.6723366929133858
21
-3.6828464173228346
0
LINE
8
BLACK
6
CONTINUOUS
10
5.6723366929133858
20
-3.6828464173228346
11
5.6723367716535433
21
-3.6828466141732283
0
LINE
8
BLACK
6
CONTINUOUS
10
5.6723367716535433
20
-3.6828466141732283
11
5.6746043307086609
21
-3.6872969291338582
0
LINE
8
BLACK
6
CONTINUOUS
10
5.6746043307086609
20
-3.6872969291338582
11
5.6781361417322831
21
-3.6908287401574804
0
LINE
8
BLACK
6
CONTINUOUS
10
5.6781361417322831
20
-3.6908287401574804
11
5.6824191732283467
21
-3.693011062992126
0
LINE
8
BLACK
6
CONTINUOUS
10
5.6824191732283467
20
-3.693011062992126
11
5.6841224409448818
21
-3.6947143307086612
0
LINE
8
BLACK
6
CONTINUOUS
10
5.6841224409448818
20
-3.6947143307086612
11
5.684547244094488
21
-3.6964838188976379
0
LINE
8
BLACK
6
CONTINUOUS
10
5.684547244094488
20
-3.6964838188976379
11
5.684547244094488
21
-3.7277221653543307
0
LINE
8
BLACK
6
CONTINUOUS
10
5.684547244094488
20
-3.7277221653543307
11
5.6853075196850389
21
-3.7305595669291338
0
LINE
8
BLACK
6
CONTINUOUS
10
5.6853075196850389
20
-3.7305595669291338
11
5.6853075196850389
21
-3.7305596062992126
0
LINE
8
BLACK
6
CONTINUOUS
10
5.6853075196850389
20
-3.7305596062992126
11
5.6854875196850392
21
-3.731231535433071
0
LINE
8
BLACK
6
CONTINUOUS
10
5.6854875196850392
20
-3.731231535433071
11
5.6854875984251967
21
-3.7312316535433072
0
LINE
8
BLACK
6
CONTINUOUS
10
5.6854875984251967
20
-3.7312316535433072
11
5.6854876377952754
21
-3.7312318110236218
0
LINE
8
BLACK
6
CONTINUOUS
10
5.6854876377952754
20
-3.7312318110236218
11
5.6873043307086615
21
-3.7343784251968501
0
LINE
8
BLACK
6
CONTINUOUS
10
5.6873043307086615
20
-3.7343784251968501
11
5.7330907480314961
21
-3.7801648425196848
0
LINE
8
BLACK
6
CONTINUOUS
10
5.7330907480314961
20
-3.7801648425196848
11
5.7341842913385825
21
-3.7823111023622045
0
LINE
8
BLACK
6
CONTINUOUS
10
5.7341842913385825
20
-3.7823111023622045
11
5.7342322834645669
21
-3.7829208267716536
0
LINE
8
BLACK
6
CONTINUOUS
10
5.7342322834645669
20
-3.7829208267716536
11
5.7342322834645669
21
-3.7885455511811021
0
LINE
8
BLACK
6
CONTINUOUS
10
5.7342322834645669
20
-3.7885455511811021
11
5.7358434251968502
21
-3.7945584251968505
0
LINE
8
BLACK
6
CONTINUOUS
10
5.7358434251968502
20
-3.7945584251968505
11
5.7389559055118111
21
-3.7999494488188974
0
LINE
8
BLACK
6
CONTINUOUS
10
5.7389559055118111
20
-3.7999494488188974
11
5.7433576377952757
21
-3.804351181102362
0
LINE
8
BLACK
6
CONTINUOUS
10
5.7433576377952757
20
-3.804351181102362
11
5.7487486614173227
21
-3.807463661417323
0
LINE
8
BLACK
6
CONTINUOUS
10
5.7487486614173227
20
-3.807463661417323
11
5.7547615354330706
21
-3.8090748031496062
0
LINE
8
BLACK
6
CONTINUOUS
10
5.7547615354330706
20
-3.8090748031496062
11
5.7547616141732281
21
-3.8090748031496062
0
LINE
8
BLACK
6
CONTINUOUS
10
5.7547616141732281
20
-3.8090748031496062
11
5.7609864173228349
21
-3.8090748031496062
0
LINE
8
BLACK
6
CONTINUOUS
10
5.7609864173228349
20
-3.8090748031496062
11
5.7609864960629924
21
-3.8090748031496062
0
LINE
8
BLACK
6
CONTINUOUS
10
5.7609864960629924
20
-3.8090748031496062
11
5.7669993700787403
21
-3.807463661417323
0
LINE
8
BLACK
6
CONTINUOUS
10
5.7669993700787403
20
-3.807463661417323
11
5.7723903937007872
21
-3.804351181102362
0
LINE
8
BLACK
6
CONTINUOUS
10
5.7723903937007872
20
-3.804351181102362
11
5.7767921259842518
21
-3.7999494488188974
0
LINE
8
BLACK
6
CONTINUOUS
10
5.7767921259842518
20
-3.7999494488188974
11
5.7799046062992128
21
-3.7945584251968505
0
LINE
8
BLACK
6
CONTINUOUS
10
5.7799046062992128
20
-3.7945584251968505
11
5.781515748031496
21
-3.7885455511811021
0
LINE
8
BLACK
6
CONTINUOUS
10
5.781515748031496
20
-3.7885455511811021
11
5.781515748031496
21
-3.7823205905511812
0
LINE
8
BLACK
6
CONTINUOUS
10
5.781515748031496
20
-3.7823205905511812
11
5.7799046062992128
21
-3.7763077165354328
0
LINE
8
BLACK
6
CONTINUOUS
10
5.7799046062992128
20
-3.7763077165354328
11
5.7767921259842518
21
-3.7709166929133859
0
LINE
8
BLACK
6
CONTINUOUS
10
5.7767921259842518
20
-3.7709166929133859
11
5.7723903937007872
21
-3.7665149606299213
0
LINE
8
BLACK
6
CONTINUOUS
10
5.7723903937007872
20
-3.7665149606299213
11
5.7669993700787403
21
-3.7634024803149604
0
LINE
8
BLACK
6
CONTINUOUS
10
5.7669993700787403
20
-3.7634024803149604
11
5.7609864960629924
21
-3.7617913385826771
0
LINE
8
BLACK
6
CONTINUOUS
10
5.7609864960629924
20
-3.7617913385826771
11
5.7553618110236222
21
-3.7617913385826771
0
LINE
8
BLACK
6
CONTINUOUS
10
5.7553618110236222
20
-3.7617913385826771
11
5.753070826771653
21
-3.7610469685039369
0
LINE
8
BLACK
6
CONTINUOUS
10
5.753070826771653
20
-3.7610469685039369
11
5.7526057480314963
21
-3.7606497637795275
0
LINE
8
BLACK
6
CONTINUOUS
10
5.7526057480314963
20
-3.7606497637795275
11
5.713287244094488
21
-3.7213312598425197
0
LINE
8
BLACK
6
CONTINUOUS
10
5.713287244094488
20
-3.7213312598425197
11
5.7121936614173228
21
-3.7191849212598425
0
LINE
8
BLACK
6
CONTINUOUS
10
5.7121936614173228
20
-3.7191849212598425
11
5.7121456692913384
21
-3.7185751968503937
0
LINE
8
BLACK
6
CONTINUOUS
10
5.7121456692913384
20
-3.7185751968503937
11
5.7121456692913384
21
-3.6964838188976379
0
LINE
8
BLACK
6
CONTINUOUS
10
5.7121456692913384
20
-3.6964838188976379
11
5.7128900393700786
21
-3.6941928346456692
0
LINE
8
BLACK
6
CONTINUOUS
10
5.7128900393700786
20
-3.6941928346456692
11
5.7142737007874018
21
-3.693011062992126
0
LINE
8
BLACK
6
CONTINUOUS
10
5.7142737007874018
20
-3.693011062992126
11
5.7185567716535433
21
-3.6908287401574804
0
LINE
8
BLACK
6
CONTINUOUS
10
5.7185567716535433
20
-3.6908287401574804
11
5.7220885826771655
21
-3.6872969291338582
0
LINE
8
BLACK
6
CONTINUOUS
10
5.7220885826771655
20
-3.6872969291338582
11
5.724356141732283
21
-3.6828466141732283
0
LINE
8
BLACK
6
CONTINUOUS
10
5.724356141732283
20
-3.6828466141732283
11
5.7249409448818893
21
-3.6791542913385826
0
LINE
8
BLACK
6
CONTINUOUS
10
5.7249409448818893
20
-3.6791542913385826
11
5.7249409055118106
21
-3.6609244881889764
0
LINE
8
BLACK
6
CONTINUOUS
10
5.7249409055118106
20
-3.6609244881889764
11
5.7249409055118106
21
-3.6609244488188977
0
LINE
8
BLACK
6
CONTINUOUS
10
5.7249409055118106
20
-3.6609244488188977
11
5.7249409055118106
21
-3.6609242913385827
0
LINE
8
BLACK
6
CONTINUOUS
10
5.7249409055118106
20
-3.6609242913385827
11
5.7249346850393703
21
-3.6608849212598424
0
LINE
8
BLACK
6
CONTINUOUS
10
5.7249346850393703
20
-3.6608849212598424
11
5.7243561811023618
21
-3.657232283464567
0
LINE
8
BLACK
6
CONTINUOUS
10
5.7243561811023618
20
-3.657232283464567
11
5.724356141732283
21
-3.6572322047244095
0
LINE
8
BLACK
6
CONTINUOUS
10
5.724356141732283
20
-3.6572322047244095
11
5.724356141732283
21
-3.657232125984252
0
LINE
8
BLACK
6
CONTINUOUS
10
5.724356141732283
20
-3.657232125984252
11
5.7220885826771655
21
-3.6527818110236221
0
LINE
8
BLACK
6
CONTINUOUS
10
5.7220885826771655
20
-3.6527818110236221
11
5.7185567716535433
21
-3.6492499999999999
0
LINE
8
BLACK
6
CONTINUOUS
10
5.7185567716535433
20
-3.6492499999999999
11
5.7141064566929129
21
-3.6469824409448819
0
LINE
8
BLACK
6
CONTINUOUS
10
5.7141064566929129
20
-3.6469824409448819
11
5.7141064960629917
21
-3.6469824409448819
0
LINE
8
BLACK
6
CONTINUOUS
10
5.7141064960629917
20
-3.6469824409448819
11
5.7104142519685039
21
-3.6463976377952756
0
LINE
8
BLACK
6
CONTINUOUS
10
5.7104142519685039
20
-3.6463976377952756
11
5.6862787007874012
21
-3.6463976377952756
0
LINE
8
BLACK
6
CONTINUOUS
10
5.6862787007874012
20
-3.6463976377952756
11
5.6862785826771649
21
-3.6463976771653543
0
LINE
8
BLACK
6
CONTINUOUS
10
5.6862785826771649
20
-3.6463976771653543
11
5.6825866141732284
21
-3.6469823622047244
0
LINE
8
BLACK
6
CONTINUOUS
10
5.6825866141732284
20
-3.6469823622047244
11
5.6825864173228346
21
-3.6469824409448819
0
LINE
8
BLACK
6
CONTINUOUS
10
5.6825864173228346
20
-3.6469824409448819
11
5.6781361811023618
21
-3.6492499606299211
0
LINE
8
BLACK
6
CONTINUOUS
10
5.6781361811023618
20
-3.6492499606299211
11
5.6746042913385821
21
-3.6527818503937008
0
LINE
8
BLACK
6
CONTINUOUS
10
5.6746042913385821
20
-3.6527818503937008
11
5.6723367716535433
21
-3.6572320866141732
0
LINE
8
BLACK
6
CONTINUOUS
10
5.6723367716535433
20
-3.6572320866141732
11
5.671751968503937
21
-3.6609242913385827
0
LINE
8
BLACK
6
CONTINUOUS
10
5.671751968503937
20
-3.6609242913385827
11
5.671751968503937
21
-3.6791543307086614
0
LINE
8
BLACK
6
CONTINUOUS
10
6.1269488188976373
20
-3.7748629921259842
11
6.1269488582677161
21
-3.7748631102362205
0
LINE
8
BLACK
6
CONTINUOUS
10
6.1269488582677161
20
-3.7748631102362205
11
6.1275335433070861
21
-3.7785550787401574
0
LINE
8
BLACK
6
CONTINUOUS
10
6.1275335433070861
20
-3.7785550787401574
11
6.1275336220472436
21
-3.7785552755905512
0
LINE
8
BLACK
6
CONTINUOUS
10
6.1275336220472436
20
-3.7785552755905512
11
6.1298011811023621
21
-3.783005590551181
0
LINE
8
BLACK
6
CONTINUOUS
10
6.1298011811023621
20
-3.783005590551181
11
6.1333329921259843
21
-3.7865374015748032
0
LINE
8
BLACK
6
CONTINUOUS
10
6.1333329921259843
20
-3.7865374015748032
11
6.1377833070866137
21
-3.7888049606299212
0
LINE
8
BLACK
6
CONTINUOUS
10
6.1377833070866137
20
-3.7888049606299212
11
6.1414756299212598
21
-3.7893897637795275
0
LINE
8
BLACK
6
CONTINUOUS
10
6.1414756299212598
20
-3.7893897637795275
11
6.1656109448818892
21
-3.7893897244094488
0
LINE
8
BLACK
6
CONTINUOUS
10
6.1656109448818892
20
-3.7893897244094488
11
6.1656110236220467
21
-3.7893897244094488
0
LINE
8
BLACK
6
CONTINUOUS
10
6.1656110236220467
20
-3.7893897244094488
11
6.1656110629921255
21
-3.78938968503937
0
LINE
8
BLACK
6
CONTINUOUS
10
6.1656110629921255
20
-3.78938968503937
11
6.1674571259842521
21
-3.7890973228346456
0
LINE
8
BLACK
6
CONTINUOUS
10
6.1674571259842521
20
-3.7890973228346456
11
6.1693031102362204
21
-3.788805
0
LINE
8
BLACK
6
CONTINUOUS
10
6.1693031102362204
20
-3.788805
11
6.1693031102362204
21
-3.7888049606299212
0
LINE
8
BLACK
6
CONTINUOUS
10
6.1693031102362204
20
-3.7888049606299212
11
6.1693033070866141
21
-3.7888049606299212
0
LINE
8
BLACK
6
CONTINUOUS
10
6.1693033070866141
20
-3.7888049606299212
11
6.1737536220472435
21
-3.7865374015748032
0
LINE
8
BLACK
6
CONTINUOUS
10
6.1737536220472435
20
-3.7865374015748032
11
6.1772854330708657
21
-3.783005590551181
0
LINE
8
BLACK
6
CONTINUOUS
10
6.1772854330708657
20
-3.783005590551181
11
6.1795529921259842
21
-3.7785552755905512
0
LINE
8
BLACK
6
CONTINUOUS
10
6.1795529921259842
20
-3.7785552755905512
11
6.1801377952755905
21
-3.7748629527559054
0
LINE
8
BLACK
6
CONTINUOUS
10
6.1801377952755905
20
-3.7748629527559054
11
6.1801377559055117
21
-3.7566331496062992
0
LINE
8
BLACK
6
CONTINUOUS
10
6.1801377559055117
20
-3.7566331496062992
11
6.1795529921259842
21
-3.7529407874015748
0
LINE
8
BLACK
6
CONTINUOUS
10
6.1795529921259842
20
-3.7529407874015748
11
6.1776098425196846
21
-3.7491272047244095
0
LINE
8
BLACK
6
CONTINUOUS
10
6.1776098425196846
20
-3.7491272047244095
11
6.1771850393700785
21
-3.7473577165354328
0
LINE
8
BLACK
6
CONTINUOUS
10
6.1771850393700785
20
-3.7473577165354328
11
6.1771850393700785
21
-3.74491905511811
0
LINE
8
BLACK
6
CONTINUOUS
10
6.1771850393700785
20
-3.74491905511811
11
6.1768186614173226
21
-3.7435517322834646
0
LINE
8
BLACK
6
CONTINUOUS
10
6.1768186614173226
20
-3.7435517322834646
11
6.1755738976377952
21
-3.7389061417322833
0
LINE
8
BLACK
6
CONTINUOUS
10
6.1755738976377952
20
-3.7389061417322833
11
6.1724614173228343
21
-3.733515118110236
0
LINE
8
BLACK
6
CONTINUOUS
10
6.1724614173228343
20
-3.733515118110236
11
6.1684840157480316
21
-3.7295377165354329
0
LINE
8
BLACK
6
CONTINUOUS
10
6.1684840157480316
20
-3.7295377165354329
11
6.167390511811023
21
-3.7273914960629919
0
LINE
8
BLACK
6
CONTINUOUS
10
6.167390511811023
20
-3.7273914960629919
11
6.1673425196850395
21
-3.7267817716535432
0
LINE
8
BLACK
6
CONTINUOUS
10
6.1673425196850395
20
-3.7267817716535432
11
6.1673425196850395
21
-3.6923696850393699
0
LINE
8
BLACK
6
CONTINUOUS
10
6.1673425196850395
20
-3.6923696850393699
11
6.1680868897637797
21
-3.6900787007874016
0
LINE
8
BLACK
6
CONTINUOUS
10
6.1680868897637797
20
-3.6900787007874016
11
6.1684840944881891
21
-3.689613622047244
0
LINE
8
BLACK
6
CONTINUOUS
10
6.1684840944881891
20
-3.689613622047244
11
6.2780707480314959
21
-3.5800269685039368
0
LINE
8
BLACK
6
CONTINUOUS
10
6.2780707480314959
20
-3.5800269685039368
11
6.2802170866141731
21
-3.5789333858267716
0
LINE
8
BLACK
6
CONTINUOUS
10
6.2802170866141731
20
-3.5789333858267716
11
6.2825962992125985
21
-3.5793101968503938
0
LINE
8
BLACK
6
CONTINUOUS
10
6.2825962992125985
20
-3.5793101968503938
11
6.2835827165354328
21
-3.5800268503937005
0
LINE
8
BLACK
6
CONTINUOUS
10
6.2835827165354328
20
-3.5800268503937005
11
6.2848235039370079
21
-3.5812676377952757
0
LINE
8
BLACK
6
CONTINUOUS
10
6.2848235039370079
20
-3.5812676377952757
11
6.2863662204724404
21
-3.5820218110236222
0
LINE
8
BLACK
6
CONTINUOUS
10
6.2863662204724404
20
-3.5820218110236222
11
6.2889607874015745
21
-3.5832902362204724
0
LINE
8
BLACK
6
CONTINUOUS
10
6.2889607874015745
20
-3.5832902362204724
11
6.2889608267716532
21
-3.5832902362204724
0
LINE
8
BLACK
6
CONTINUOUS
10
6.2889608267716532
20
-3.5832902362204724
11
6.2889609055118108
21
-3.5832902755905511
0
LINE
8
BLACK
6
CONTINUOUS
10
6.2889609055118108
20
-3.5832902755905511
11
6.2916433070866145
21
-3.5836811023622048
0
LINE
8
BLACK
6
CONTINUOUS
10
6.2916433070866145
20
-3.5836811023622048
11
6.2916434251968498
21
-3.5836811023622048
0
LINE
8
BLACK
6
CONTINUOUS
10
6.2916434251968498
20
-3.5836811023622048
11
6.3493801968503938
21
-3.5836811023622048
0
LINE
8
BLACK
6
CONTINUOUS
10
6.3493801968503938
20
-3.5836811023622048
11
6.34938031496063
21
-3.5836811023622048
0
LINE
8
BLACK
6
CONTINUOUS
10
6.34938031496063
20
-3.5836811023622048
11
6.3520627165354329
21
-3.5832902755905511
0
LINE
8
BLACK
6
CONTINUOUS
10
6.3520627165354329
20
-3.5832902755905511
11
6.3562001181102357
21
-3.5812676377952757
0
LINE
8
BLACK
6
CONTINUOUS
10
6.3562001181102357
20
-3.5812676377952757
11
6.3594566141732285
21
-3.5780111417322833
0
LINE
8
BLACK
6
CONTINUOUS
10
6.3594566141732285
20
-3.5780111417322833
11
6.3614792519685039
21
-3.5738737401574801
0
LINE
8
BLACK
6
CONTINUOUS
10
6.3614792519685039
20
-3.5738737401574801
11
6.3618700787401572
21
-3.5711913385826772
0
LINE
8
BLACK
6
CONTINUOUS
10
6.3618700787401572
20
-3.5711913385826772
11
6.3618700787401572
21
-3.5567614173228344
0
LINE
8
BLACK
6
CONTINUOUS
10
6.3618700787401572
20
-3.5567614173228344
11
6.3614792519685039
21
-3.5540790157480315
0
LINE
8
BLACK
6
CONTINUOUS
10
6.3614792519685039
20
-3.5540790157480315
11
6.3594566141732285
21
-3.5499416141732283
0
LINE
8
BLACK
6
CONTINUOUS
10
6.3594566141732285
20
-3.5499416141732283
11
6.3562001181102357
21
-3.5466851181102363
0
LINE
8
BLACK
6
CONTINUOUS
10
6.3562001181102357
20
-3.5466851181102363
11
6.3562000393700782
21
-3.5466850787401576
0
LINE
8
BLACK
6
CONTINUOUS
10
6.3562000393700782
20
-3.5466850787401576
11
6.3520627952755904
21
-3.5446624803149605
0
LINE
8
BLACK
6
CONTINUOUS
10
6.3520627952755904
20
-3.5446624803149605
11
6.3509897244094491
21
-3.5445061417322834
0
LINE
8
BLACK
6
CONTINUOUS
10
6.3509897244094491
20
-3.5445061417322834
11
6.34938031496063
21
-3.5442716535433072
0
LINE
8
BLACK
6
CONTINUOUS
10
6.34938031496063
20
-3.5442716535433072
11
6.2916433070866145
21
-3.5442716535433072
0
LINE
8
BLACK
6
CONTINUOUS
10
6.2916433070866145
20
-3.5442716535433072
11
6.2903020866141732
21
-3.5444670472440944
0
LINE
8
BLACK
6
CONTINUOUS
10
6.2903020866141732
20
-3.5444670472440944
11
6.2889607874015745
21
-3.5446624803149605
0
LINE
8
BLACK
6
CONTINUOUS
10
6.2889607874015745
20
-3.5446624803149605
11
6.2848235433070867
21
-3.5466850787401576
0
LINE
8
BLACK
6
CONTINUOUS
10
6.2848235433070867
20
-3.5466850787401576
11
6.2848235039370079
21
-3.5466850787401576
0
LINE
8
BLACK
6
CONTINUOUS
10
6.2848235039370079
20
-3.5466850787401576
11
6.2848235039370079
21
-3.5466851181102363
0
LINE
8
BLACK
6
CONTINUOUS
10
6.2848235039370079
20
-3.5466851181102363
11
6.2824729527559056
21
-3.54903562992126
0
LINE
8
BLACK
6
CONTINUOUS
10
6.2824729527559056
20
-3.54903562992126
11
6.2803267322834646
21
-3.5501291732283464
0
LINE
8
BLACK
6
CONTINUOUS
10
6.2803267322834646
20
-3.5501291732283464
11
6.2797170078740159
21
-3.5501771653543308
0
LINE
8
BLACK
6
CONTINUOUS
10
6.2797170078740159
20
-3.5501771653543308
11
6.2727896062992121
21
-3.5501771653543308
0
LINE
8
BLACK
6
CONTINUOUS
10
6.2727896062992121
20
-3.5501771653543308
11
6.2692800000000002
21
-3.5511175590551178
0
LINE
8
BLACK
6
CONTINUOUS
10
6.2692800000000002
20
-3.5511175590551178
11
6.2661333858267714
21
-3.5529342519685039
0
LINE
8
BLACK
6
CONTINUOUS
10
6.2661333858267714
20
-3.5529342519685039
11
6.1425011023622043
21
-3.676566535433071
0
LINE
8
BLACK
6
CONTINUOUS
10
6.1425011023622043
20
-3.676566535433071
11
6.1411146456692913
21
-3.6789679921259841
0
LINE
8
BLACK
6
CONTINUOUS
10
6.1411146456692913
20
-3.6789679921259841
11
6.1411146456692913
21
-3.6789680314960629
0
LINE
8
BLACK
6
CONTINUOUS
10
6.1411146456692913
20
-3.6789680314960629
11
6.1406845275590554
21
-3.6797129527559056
0
LINE
8
BLACK
6
CONTINUOUS
10
6.1406845275590554
20
-3.6797129527559056
11
6.1406844881889766
21
-3.6797130314960631
0
LINE
8
BLACK
6
CONTINUOUS
10
6.1406844881889766
20
-3.6797130314960631
11
6.1406844881889766
21
-3.6797130708661419
0
LINE
8
BLACK
6
CONTINUOUS
10
6.1406844881889766
20
-3.6797130708661419
11
6.1397742519685039
21
-3.6831102362204722
0
LINE
8
BLACK
6
CONTINUOUS
10
6.1397742519685039
20
-3.6831102362204722
11
6.1397440944881891
21
-3.683222716535433
0
LINE
8
BLACK
6
CONTINUOUS
10
6.1397440944881891
20
-3.683222716535433
11
6.1397440944881891
21
-3.7267817716535432
0
LINE
8
BLACK
6
CONTINUOUS
10
6.1397440944881891
20
-3.7267817716535432
11
6.138999724409449
21
-3.7290727559055119
0
LINE
8
BLACK
6
CONTINUOUS
10
6.138999724409449
20
-3.7290727559055119
11
6.1386027165354333
21
-3.7295375590551179
0
LINE
8
BLACK
6
CONTINUOUS
10
6.1386027165354333
20
-3.7295375590551179
11
6.1364893700787402
21
-3.7316509448818898
0
LINE
8
BLACK
6
CONTINUOUS
10
6.1364893700787402
20
-3.7316509448818898
11
6.1346251968503935
21
-3.733515118110236
0
LINE
8
BLACK
6
CONTINUOUS
10
6.1346251968503935
20
-3.733515118110236
11
6.1315127165354326
21
-3.7389061417322833
0
LINE
8
BLACK
6
CONTINUOUS
10
6.1315127165354326
20
-3.7389061417322833
11
6.1299015748031493
21
-3.74491905511811
0
LINE
8
BLACK
6
CONTINUOUS
10
6.1299015748031493
20
-3.74491905511811
11
6.1299015748031493
21
-3.7473577165354328
0
LINE
8
BLACK
6
CONTINUOUS
10
6.1299015748031493
20
-3.7473577165354328
11
6.1294767322834645
21
-3.7491272440944883
0
LINE
8
BLACK
6
CONTINUOUS
10
6.1294767322834645
20
-3.7491272440944883
11
6.1275336220472436
21
-3.7529407086614173
0
LINE
8
BLACK
6
CONTINUOUS
10
6.1275336220472436
20
-3.7529407086614173
11
6.1269488188976373
21
-3.7566329527559055
0
LINE
8
BLACK
6
CONTINUOUS
10
6.1269488188976373
20
-3.7566329527559055
11
6.1269488188976373
21
-3.7748629921259842
0
LINE
8
BLACK
6
CONTINUOUS
10
6.281583188976378
20
-3.7748498818897636
11
6.2848351181102364
21
-3.778101811023622
0
LINE
8
BLACK
6
CONTINUOUS
10
6.2848351181102364
20
-3.778101811023622
11
6.2889665748031494
21
-3.7801215354330706
0
LINE
8
BLACK
6
CONTINUOUS
10
6.2889665748031494
20
-3.7801215354330706
11
6.2916450393700787
21
-3.780511771653543
0
LINE
8
BLACK
6
CONTINUOUS
10
6.2916450393700787
20
-3.780511771653543
11
6.3105117322834641
21
-3.780511771653543
0
LINE
8
BLACK
6
CONTINUOUS
10
6.3105117322834641
20
-3.780511771653543
11
6.3105118110236216
21
-3.7805117322834643
0
LINE
8
BLACK
6
CONTINUOUS
10
6.3105118110236216
20
-3.7805117322834643
11
6.3105118110236216
21
-3.7726377952755903
0
LINE
8
BLACK
6
CONTINUOUS
10
6.3105118110236216
20
-3.7726377952755903
11
6.2929527559055121
21
-3.7726377952755903
0
LINE
8
BLACK
6
CONTINUOUS
10
6.2929527559055121
20
-3.7726377952755903
11
6.2906927952755902
21
-3.7721882677165355
0
LINE
8
BLACK
6
CONTINUOUS
10
6.2906927952755902
20
-3.7721882677165355
11
6.2887769291338582
21
-3.7709081102362205
0
LINE
8
BLACK
6
CONTINUOUS
10
6.2887769291338582
20
-3.7709081102362205
11
6.2887225984251964
21
-3.7708267716535433
0
LINE
8
BLACK
6
CONTINUOUS
10
6.2887225984251964
20
-3.7708267716535433
11
6.2796164173228348
21
-3.7708267716535433
0
LINE
8
BLACK
6
CONTINUOUS
10
6.2796164173228348
20
-3.7708267716535433
11
6.281583188976378
21
-3.7748498818897636
0
LINE
8
BLACK
6
CONTINUOUS
10
5.6141635039370081
20
-3.758740157480315
11
5.6276632677165352
21
-3.758740157480315
0
LINE
8
BLACK
6
CONTINUOUS
10
5.6276632677165352
20
-3.758740157480315
11
5.6355372834645667
21
-3.7508661417322835
0
LINE
8
BLACK
6
CONTINUOUS
10
5.6355372834645667
20
-3.7508661417322835
11
5.6062894881889767
21
-3.7508661417322835
0
LINE
8
BLACK
6
CONTINUOUS
10
5.6062894881889767
20
-3.7508661417322835
11
5.6141635039370081
21
-3.758740157480315
0
LINE
8
BLACK
6
CONTINUOUS
10
5.7767519685039366
20
-3.6791149606299212
11
5.7767520078740153
21
-3.6791150787401574
0
LINE
8
BLACK
6
CONTINUOUS
10
5.7767520078740153
20
-3.6791150787401574
11
5.7773366929133854
21
-3.6828070472440944
0
LINE
8
BLACK
6
CONTINUOUS
10
5.7773366929133854
20
-3.6828070472440944
11
5.7773367716535429
21
-3.6828072440944881
0
LINE
8
BLACK
6
CONTINUOUS
10
5.7773367716535429
20
-3.6828072440944881
11
5.7796043307086613
21
-3.687257559055118
0
LINE
8
BLACK
6
CONTINUOUS
10
5.7796043307086613
20
-3.687257559055118
11
5.7831361417322835
21
-3.6907893700787402
0
LINE
8
BLACK
6
CONTINUOUS
10
5.7831361417322835
20
-3.6907893700787402
11
5.7875864566929129
21
-3.6930569291338582
0
LINE
8
BLACK
6
CONTINUOUS
10
5.7875864566929129
20
-3.6930569291338582
11
5.7912787795275591
21
-3.6936417322834645
0
LINE
8
BLACK
6
CONTINUOUS
10
5.7912787795275591
20
-3.6936417322834645
11
5.8154140944881885
21
-3.6936416929133857
0
LINE
8
BLACK
6
CONTINUOUS
10
5.8154140944881885
20
-3.6936416929133857
11
5.815414173228346
21
-3.6936416929133857
0
LINE
8
BLACK
6
CONTINUOUS
10
5.815414173228346
20
-3.6936416929133857
11
5.815414173228346
21
-3.693641653543307
0
LINE
8
BLACK
6
CONTINUOUS
10
5.815414173228346
20
-3.693641653543307
11
5.8191064566929134
21
-3.6930569291338582
0
LINE
8
BLACK
6
CONTINUOUS
10
5.8191064566929134
20
-3.6930569291338582
11
5.8215721653543309
21
-3.6918005118110235
0
LINE
8
BLACK
6
CONTINUOUS
10
5.8215721653543309
20
-3.6918005118110235
11
5.8239512992125979
21
-3.6914237007874013
0
LINE
8
BLACK
6
CONTINUOUS
10
5.8239512992125979
20
-3.6914237007874013
11
5.8252904330708661
21
-3.6918978740157478
0
LINE
8
BLACK
6
CONTINUOUS
10
5.8252904330708661
20
-3.6918978740157478
11
5.8255203149606301
21
-3.6920305905511812
0
LINE
8
BLACK
6
CONTINUOUS
10
5.8255203149606301
20
-3.6920305905511812
11
5.831533188976378
21
-3.6936417322834645
0
LINE
8
BLACK
6
CONTINUOUS
10
5.831533188976378
20
-3.6936417322834645
11
5.8315332677165355
21
-3.6936417322834645
0
LINE
8
BLACK
6
CONTINUOUS
10
5.8315332677165355
20
-3.6936417322834645
11
5.8377580708661414
21
-3.6936417322834645
0
LINE
8
BLACK
6
CONTINUOUS
10
5.8377580708661414
20
-3.6936417322834645
11
5.8377581496062989
21
-3.6936417322834645
0
LINE
8
BLACK
6
CONTINUOUS
10
5.8377581496062989
20
-3.6936417322834645
11
5.8437710236220468
21
-3.6920305905511812
0
LINE
8
BLACK
6
CONTINUOUS
10
5.8437710236220468
20
-3.6920305905511812
11
5.8491620472440946
21
-3.6889181102362203
0
LINE
8
BLACK
6
CONTINUOUS
10
5.8491620472440946
20
-3.6889181102362203
11
5.8535637795275592
21
-3.6845163779527557
0
LINE
8
BLACK
6
CONTINUOUS
10
5.8535637795275592
20
-3.6845163779527557
11
5.8566762598425193
21
-3.6791253543307088
0
LINE
8
BLACK
6
CONTINUOUS
10
5.8566762598425193
20
-3.6791253543307088
11
5.8582874015748034
21
-3.6731124803149604
0
LINE
8
BLACK
6
CONTINUOUS
10
5.8582874015748034
20
-3.6731124803149604
11
5.8582874015748034
21
-3.6668875196850395
0
LINE
8
BLACK
6
CONTINUOUS
10
5.8582874015748034
20
-3.6668875196850395
11
5.8566762598425193
21
-3.6608746456692911
0
LINE
8
BLACK
6
CONTINUOUS
10
5.8566762598425193
20
-3.6608746456692911
11
5.8535637795275592
21
-3.6554836220472442
0
LINE
8
BLACK
6
CONTINUOUS
10
5.8535637795275592
20
-3.6554836220472442
11
5.8491620472440946
21
-3.6510818897637796
0
LINE
8
BLACK
6
CONTINUOUS
10
5.8491620472440946
20
-3.6510818897637796
11
5.8437710236220468
21
-3.6479694094488186
0
LINE
8
BLACK
6
CONTINUOUS
10
5.8437710236220468
20
-3.6479694094488186
11
5.8377581496062989
21
-3.6463582677165354
0
LINE
8
BLACK
6
CONTINUOUS
10
5.8377581496062989
20
-3.6463582677165354
11
5.831533188976378
21
-3.6463582677165354
0
LINE
8
BLACK
6
CONTINUOUS
10
5.831533188976378
20
-3.6463582677165354
11
5.8255203149606301
21
-3.6479694094488186
0
LINE
8
BLACK
6
CONTINUOUS
10
5.8255203149606301
20
-3.6479694094488186
11
5.8255202755905513
21
-3.6479694094488186
0
LINE
8
BLACK
6
CONTINUOUS
10
5.8255202755905513
20
-3.6479694094488186
11
5.8255201968503938
21
-3.6479694488188974
0
LINE
8
BLACK
6
CONTINUOUS
10
5.8255201968503938
20
-3.6479694488188974
11
5.8252903543307086
21
-3.6481021653543304
0
LINE
8
BLACK
6
CONTINUOUS
10
5.8252903543307086
20
-3.6481021653543304
11
5.8229340944881889
21
-3.6486028740157481
0
LINE
8
BLACK
6
CONTINUOUS
10
5.8229340944881889
20
-3.6486028740157481
11
5.8215722047244096
21
-3.6481994094488188
0
LINE
8
BLACK
6
CONTINUOUS
10
5.8215722047244096
20
-3.6481994094488188
11
5.8191065748031496
21
-3.6469431102362204
0
LINE
8
BLACK
6
CONTINUOUS
10
5.8191065748031496
20
-3.6469431102362204
11
5.8191064960629921
21
-3.6469430708661417
0
LINE
8
BLACK
6
CONTINUOUS
10
5.8191064960629921
20
-3.6469430708661417
11
5.8154142519685035
21
-3.6463582677165354
0
LINE
8
BLACK
6
CONTINUOUS
10
5.8154142519685035
20
-3.6463582677165354
11
5.7912787007874016
21
-3.6463582677165354
0
LINE
8
BLACK
6
CONTINUOUS
10
5.7912787007874016
20
-3.6463582677165354
11
5.7912785826771653
21
-3.6463583070866141
0
LINE
8
BLACK
6
CONTINUOUS
10
5.7912785826771653
20
-3.6463583070866141
11
5.787586614173228
21
-3.6469429921259842
0
LINE
8
BLACK
6
CONTINUOUS
10
5.787586614173228
20
-3.6469429921259842
11
5.7875864173228342
21
-3.6469430708661417
0
LINE
8
BLACK
6
CONTINUOUS
10
5.7875864173228342
20
-3.6469430708661417
11
5.7831361811023623
21
-3.6492105905511809
0
LINE
8
BLACK
6
CONTINUOUS
10
5.7831361811023623
20
-3.6492105905511809
11
5.7796042913385826
21
-3.6527424803149606
0
LINE
8
BLACK
6
CONTINUOUS
10
5.7796042913385826
20
-3.6527424803149606
11
5.7773367716535429
21
-3.657192716535433
0
LINE
8
BLACK
6
CONTINUOUS
10
5.7773367716535429
20
-3.657192716535433
11
5.7767519685039366
21
-3.6608849212598424
0
LINE
8
BLACK
6
CONTINUOUS
10
5.7767519685039366
20
-3.6608849212598424
11
5.7767519685039366
21
-3.6791149606299212
0
LINE
8
BLACK
6
CONTINUOUS
10
6.2791535433070864
20
-3.6696165354330708
11
6.2794140944881889
21
-3.6714048031496063
0
LINE
8
BLACK
6
CONTINUOUS
10
6.2794140944881889
20
-3.6714048031496063
11
6.2795443700787397
21
-3.6722990157480315
0
LINE
8
BLACK
6
CONTINUOUS
10
6.2795443700787397
20
-3.6722990157480315
11
6.2813212598425192
21
-3.6759336614173228
0
LINE
8
BLACK
6
CONTINUOUS
10
6.2813212598425192
20
-3.6759336614173228
11
6.281567007874016
21
-3.6764363385826773
0
LINE
8
BLACK
6
CONTINUOUS
10
6.281567007874016
20
-3.6764363385826773
11
6.2848235039370079
21
-3.6796928346456692
0
LINE
8
BLACK
6
CONTINUOUS
10
6.2848235039370079
20
-3.6796928346456692
11
6.2869403543307083
21
-3.6807276771653541
0
LINE
8
BLACK
6
CONTINUOUS
10
6.2869403543307083
20
-3.6807276771653541
11
6.2889607874015745
21
-3.6817154330708659
0
LINE
8
BLACK
6
CONTINUOUS
10
6.2889607874015745
20
-3.6817154330708659
11
6.2889608267716532
21
-3.6817154330708659
0
LINE
8
BLACK
6
CONTINUOUS
10
6.2889608267716532
20
-3.6817154330708659
11
6.2889609055118108
21
-3.6817154724409447
0
LINE
8
BLACK
6
CONTINUOUS
10
6.2889609055118108
20
-3.6817154724409447
11
6.2916433070866145
21
-3.6821062992125984
0
LINE
8
BLACK
6
CONTINUOUS
10
6.2916433070866145
20
-3.6821062992125984
11
6.2916434251968498
21
-3.6821062992125984
0
LINE
8
BLACK
6
CONTINUOUS
10
6.2916434251968498
20
-3.6821062992125984
11
6.3493801968503938
21
-3.6821062992125984
0
LINE
8
BLACK
6
CONTINUOUS
10
6.3493801968503938
20
-3.6821062992125984
11
6.34938031496063
21
-3.6821062992125984
0
LINE
8
BLACK
6
CONTINUOUS
10
6.34938031496063
20
-3.6821062992125984
11
6.3520627165354329
21
-3.6817154724409447
0
LINE
8
BLACK
6
CONTINUOUS
10
6.3520627165354329
20
-3.6817154724409447
11
6.3562001181102357
21
-3.6796928346456692
0
LINE
8
BLACK
6
CONTINUOUS
10
6.3562001181102357
20
-3.6796928346456692
11
6.3585506299212593
21
-3.6773422834645668
0
LINE
8
BLACK
6
CONTINUOUS
10
6.3585506299212593
20
-3.6773422834645668
11
6.3588307480314956
21
-3.6771995669291337
0
LINE
8
BLACK
6
CONTINUOUS
10
6.3588307480314956
20
-3.6771995669291337
11
6.3590156299212595
21
-3.6769451574803149
0
LINE
8
BLACK
6
CONTINUOUS
10
6.3590156299212595
20
-3.6769451574803149
11
6.3598836614173226
21
-3.6766631102362206
0
LINE
8
BLACK
6
CONTINUOUS
10
6.3598836614173226
20
-3.6766631102362206
11
6.360696889763779
21
-3.6762487795275591
0
LINE
8
BLACK
6
CONTINUOUS
10
6.360696889763779
20
-3.6762487795275591
11
6.3613066141732286
21
-3.6762007874015747
0
LINE
8
BLACK
6
CONTINUOUS
10
6.3613066141732286
20
-3.6762007874015747
11
6.3616242519685038
21
-3.6762007874015747
0
LINE
8
BLACK
6
CONTINUOUS
10
6.3616242519685038
20
-3.6762007874015747
11
6.3639152362204721
21
-3.6769451574803149
0
LINE
8
BLACK
6
CONTINUOUS
10
6.3639152362204721
20
-3.6769451574803149
11
6.364380275590551
21
-3.6773423622047243
0
LINE
8
BLACK
6
CONTINUOUS
10
6.364380275590551
20
-3.6773423622047243
11
6.3660059448818895
21
-3.6789679921259841
0
LINE
8
BLACK
6
CONTINUOUS
10
6.3660059448818895
20
-3.6789679921259841
11
6.3673733858267711
21
-3.6803354330708662
0
LINE
8
BLACK
6
CONTINUOUS
10
6.3673733858267711
20
-3.6803354330708662
11
6.3727644094488189
21
-3.6834479133858267
0
LINE
8
BLACK
6
CONTINUOUS
10
6.3727644094488189
20
-3.6834479133858267
11
6.3787772834645668
21
-3.6850590551181099
0
LINE
8
BLACK
6
CONTINUOUS
10
6.3787772834645668
20
-3.6850590551181099
11
6.3787773622047244
21
-3.6850590551181099
0
LINE
8
BLACK
6
CONTINUOUS
10
6.3787773622047244
20
-3.6850590551181099
11
6.3850021653543303
21
-3.6850590551181099
0
LINE
8
BLACK
6
CONTINUOUS
10
6.3850021653543303
20
-3.6850590551181099
11
6.3850022440944878
21
-3.6850590551181099
0
LINE
8
BLACK
6
CONTINUOUS
10
6.3850022440944878
20
-3.6850590551181099
11
6.3910151181102357
21
-3.6834479133858267
0
LINE
8
BLACK
6
CONTINUOUS
10
6.3910151181102357
20
-3.6834479133858267
11
6.3964061417322835
21
-3.6803354330708662
0
LINE
8
BLACK
6
CONTINUOUS
10
6.3964061417322835
20
-3.6803354330708662
11
6.4008078740157481
21
-3.6759337007874016
0
LINE
8
BLACK
6
CONTINUOUS
10
6.4008078740157481
20
-3.6759337007874016
11
6.4039203543307082
21
-3.6705426771653542
0
LINE
8
BLACK
6
CONTINUOUS
10
6.4039203543307082
20
-3.6705426771653542
11
6.4055314960629923
21
-3.6645298031496063
0
LINE
8
BLACK
6
CONTINUOUS
10
6.4055314960629923
20
-3.6645298031496063
11
6.4055314960629923
21
-3.6583048425196849
0
LINE
8
BLACK
6
CONTINUOUS
10
6.4055314960629923
20
-3.6583048425196849
11
6.4039203543307082
21
-3.652291968503937
0
LINE
8
BLACK
6
CONTINUOUS
10
6.4039203543307082
20
-3.652291968503937
11
6.4008078740157481
21
-3.6469009448818897
0
LINE
8
BLACK
6
CONTINUOUS
10
6.4008078740157481
20
-3.6469009448818897
11
6.3964061417322835
21
-3.642499212598425
0
LINE
8
BLACK
6
CONTINUOUS
10
6.3964061417322835
20
-3.642499212598425
11
6.3910151181102357
21
-3.6393867322834645
0
LINE
8
BLACK
6
CONTINUOUS
10
6.3910151181102357
20
-3.6393867322834645
11
6.3850022440944878
21
-3.6377755905511808
0
LINE
8
BLACK
6
CONTINUOUS
10
6.3850022440944878
20
-3.6377755905511808
11
6.3787772834645668
21
-3.6377755905511808
0
LINE
8
BLACK
6
CONTINUOUS
10
6.3787772834645668
20
-3.6377755905511808
11
6.3727644094488189
21
-3.6393867322834645
0
LINE
8
BLACK
6
CONTINUOUS
10
6.3727644094488189
20
-3.6393867322834645
11
6.3680524015748032
21
-3.6421072047244092
0
LINE
8
BLACK
6
CONTINUOUS
10
6.3680524015748032
20
-3.6421072047244092
11
6.3673732677165349
21
-3.6424992913385825
0
LINE
8
BLACK
6
CONTINUOUS
10
6.3673732677165349
20
-3.6424992913385825
11
6.3632372047244097
21
-3.6466353543307086
0
LINE
8
BLACK
6
CONTINUOUS
10
6.3632372047244097
20
-3.6466353543307086
11
6.3610909055118112
21
-3.6477289370078738
0
LINE
8
BLACK
6
CONTINUOUS
10
6.3610909055118112
20
-3.6477289370078738
11
6.3587116929133858
21
-3.6473520866141733
0
LINE
8
BLACK
6
CONTINUOUS
10
6.3587116929133858
20
-3.6473520866141733
11
6.3577252362204719
21
-3.6466354330708661
0
LINE
8
BLACK
6
CONTINUOUS
10
6.3577252362204719
20
-3.6466354330708661
11
6.3562001181102357
21
-3.6451103149606299
0
LINE
8
BLACK
6
CONTINUOUS
10
6.3562001181102357
20
-3.6451103149606299
11
6.3562000393700782
21
-3.6451102755905511
0
LINE
8
BLACK
6
CONTINUOUS
10
6.3562000393700782
20
-3.6451102755905511
11
6.3520627952755904
21
-3.6430876771653544
0
LINE
8
BLACK
6
CONTINUOUS
10
6.3520627952755904
20
-3.6430876771653544
11
6.3509897244094491
21
-3.6429313385826769
0
LINE
8
BLACK
6
CONTINUOUS
10
6.3509897244094491
20
-3.6429313385826769
11
6.34938031496063
21
-3.6426968503937007
0
LINE
8
BLACK
6
CONTINUOUS
10
6.34938031496063
20
-3.6426968503937007
11
6.2916433070866145
21
-3.6426968503937007
0
LINE
8
BLACK
6
CONTINUOUS
10
6.2916433070866145
20
-3.6426968503937007
11
6.2903020866141732
21
-3.642892244094488
0
LINE
8
BLACK
6
CONTINUOUS
10
6.2903020866141732
20
-3.642892244094488
11
6.2889607874015745
21
-3.6430876771653544
0
LINE
8
BLACK
6
CONTINUOUS
10
6.2889607874015745
20
-3.6430876771653544
11
6.2848235433070867
21
-3.6451102755905511
0
LINE
8
BLACK
6
CONTINUOUS
10
6.2848235433070867
20
-3.6451102755905511
11
6.2815669685039373
21
-3.6483668503937006
0
LINE
8
BLACK
6
CONTINUOUS
10
6.2815669685039373
20
-3.6483668503937006
11
6.2795443700787397
21
-3.6525040944881888
0
LINE
8
BLACK
6
CONTINUOUS
10
6.2795443700787397
20
-3.6525040944881888
11
6.2793606299212597
21
-3.6537653543307087
0
LINE
8
BLACK
6
CONTINUOUS
10
6.2793606299212597
20
-3.6537653543307087
11
6.2791535433070864
21
-3.6551866141732283
0
LINE
8
BLACK
6
CONTINUOUS
10
6.2791535433070864
20
-3.6551866141732283
11
6.2791535433070864
21
-3.6696165354330708
0
LINE
8
BLACK
6
CONTINUOUS
10
5.9122441338582679
20
-3.6400394094488187
11
5.9122441338582679
21
-3.642105708661417
0
LINE
8
BLACK
6
CONTINUOUS
10
5.9122441338582679
20
-3.642105708661417
11
5.9128280708661416
21
-3.6457929527559054
0
LINE
8
BLACK
6
CONTINUOUS
10
5.9128280708661416
20
-3.6457929527559054
11
5.9128281889763779
21
-3.645793346456693
0
LINE
8
BLACK
6
CONTINUOUS
10
5.9128281889763779
20
-3.645793346456693
11
5.9150928346456695
21
-3.6502379133858267
0
LINE
8
BLACK
6
CONTINUOUS
10
5.9150928346456695
20
-3.6502379133858267
11
5.9186203149606298
21
-3.6537653937007875
0
LINE
8
BLACK
6
CONTINUOUS
10
5.9186203149606298
20
-3.6537653937007875
11
5.923064881889764
21
-3.6560300393700786
0
LINE
8
BLACK
6
CONTINUOUS
10
5.923064881889764
20
-3.6560300393700786
11
5.9230650787401578
21
-3.6560301181102361
0
LINE
8
BLACK
6
CONTINUOUS
10
5.9230650787401578
20
-3.6560301181102361
11
5.9258661417322838
21
-3.6564737007874015
0
LINE
8
BLACK
6
CONTINUOUS
10
5.9258661417322838
20
-3.6564737007874015
11
5.9258661417322838
21
-3.6483172440944882
0
LINE
8
BLACK
6
CONTINUOUS
10
5.9258661417322838
20
-3.6483172440944882
11
5.9249788582677168
21
-3.6481407874015748
0
LINE
8
BLACK
6
CONTINUOUS
10
5.9249788582677168
20
-3.6481407874015748
11
5.9224243700787405
21
-3.6464338976377952
0
LINE
8
BLACK
6
CONTINUOUS
10
5.9224243700787405
20
-3.6464338976377952
11
5.9207174803149609
21
-3.6438794094488189
0
LINE
8
BLACK
6
CONTINUOUS
10
5.9207174803149609
20
-3.6438794094488189
11
5.9201181102362206
21
-3.6408661417322832
0
LINE
8
BLACK
6
CONTINUOUS
10
5.9201181102362206
20
-3.6408661417322832
11
5.9201181102362206
21
-3.6400393700787399
0
LINE
8
BLACK
6
CONTINUOUS
10
5.9201181102362206
20
-3.6400393700787399
11
5.9122441732283466
21
-3.6400393700787399
0
LINE
8
BLACK
6
CONTINUOUS
10
5.9122441732283466
20
-3.6400393700787399
11
5.9122441338582679
21
-3.6400394094488187
0
LINE
8
BLACK
6
CONTINUOUS
10
5.9516141732283465
20
-3.6408661417322832
11
5.9510148031496062
21
-3.6438794094488189
0
LINE
8
BLACK
6
CONTINUOUS
10
5.9510148031496062
20
-3.6438794094488189
11
5.9493079133858267
21
-3.6464338976377952
0
LINE
8
BLACK
6
CONTINUOUS
10
5.9493079133858267
20
-3.6464338976377952
11
5.9467534251968504
21
-3.6481407874015748
0
LINE
8
BLACK
6
CONTINUOUS
10
5.9467534251968504
20
-3.6481407874015748
11
5.9458661417322833
21
-3.6483172440944882
0
LINE
8
BLACK
6
CONTINUOUS
10
5.9458661417322833
20
-3.6483172440944882
11
5.9458661417322833
21
-3.6564736614173228
0
LINE
8
BLACK
6
CONTINUOUS
10
5.9458661417322833
20
-3.6564736614173228
11
5.9486671653543306
21
-3.6560301181102361
0
LINE
8
BLACK
6
CONTINUOUS
10
5.9486671653543306
20
-3.6560301181102361
11
5.9531119685039373
21
-3.6537653543307087
0
LINE
8
BLACK
6
CONTINUOUS
10
5.9531119685039373
20
-3.6537653543307087
11
5.9566394094488189
21
-3.6502379133858267
0
LINE
8
BLACK
6
CONTINUOUS
10
5.9566394094488189
20
-3.6502379133858267
11
5.9589040551181105
21
-3.645793346456693
0
LINE
8
BLACK
6
CONTINUOUS
10
5.9589040551181105
20
-3.645793346456693
11
5.9589040944881893
21
-3.6457931889763779
0
LINE
8
BLACK
6
CONTINUOUS
10
5.9589040944881893
20
-3.6457931889763779
11
5.959488188976378
21
-3.6421056692913387
0
LINE
8
BLACK
6
CONTINUOUS
10
5.959488188976378
20
-3.6421056692913387
11
5.959488188976378
21
-3.6400394094488187
0
LINE
8
BLACK
6
CONTINUOUS
10
5.959488188976378
20
-3.6400394094488187
11
5.9594881496062992
21
-3.6400393700787399
0
LINE
8
BLACK
6
CONTINUOUS
10
5.9594881496062992
20
-3.6400393700787399
11
5.9516141732283465
21
-3.6400393700787399
0
LINE
8
BLACK
6
CONTINUOUS
10
5.9516141732283465
20
-3.6400393700787399
11
5.9516141732283465
21
-3.6408661417322832
0
LINE
8
BLACK
6
CONTINUOUS
10
5.4773556692913381
20
-3.6178403937007872
11
5.4773557480314956
21
-3.617840590551181
0
LINE
8
BLACK
6
CONTINUOUS
10
5.4773557480314956
20
-3.617840590551181
11
5.4796203937007872
21
-3.6222851574803148
0
LINE
8
BLACK
6
CONTINUOUS
10
5.4796203937007872
20
-3.6222851574803148
11
5.4831478740157475
21
-3.6258126377952755
0
LINE
8
BLACK
6
CONTINUOUS
10
5.4831478740157475
20
-3.6258126377952755
11
5.4875924409448817
21
-3.6280772834645667
0
LINE
8
BLACK
6
CONTINUOUS
10
5.4875924409448817
20
-3.6280772834645667
11
5.4875925984251968
21
-3.6280773228346455
0
LINE
8
BLACK
6
CONTINUOUS
10
5.4875925984251968
20
-3.6280773228346455
11
5.4912801574803147
21
-3.6286613779527559
0
LINE
8
BLACK
6
CONTINUOUS
10
5.4912801574803147
20
-3.6286613779527559
11
5.4933464173228348
21
-3.6286613385826771
0
LINE
8
BLACK
6
CONTINUOUS
10
5.4933464173228348
20
-3.6286613385826771
11
5.4933464566929135
21
-3.6286613385826771
0
LINE
8
BLACK
6
CONTINUOUS
10
5.4933464566929135
20
-3.6286613385826771
11
5.4933464566929135
21
-3.6207874015748032
0
LINE
8
BLACK
6
CONTINUOUS
10
5.4933464566929135
20
-3.6207874015748032
11
5.4925196850393698
21
-3.6207874015748032
0
LINE
8
BLACK
6
CONTINUOUS
10
5.4925196850393698
20
-3.6207874015748032
11
5.4895064173228345
21
-3.6201880314960628
0
LINE
8
BLACK
6
CONTINUOUS
10
5.4895064173228345
20
-3.6201880314960628
11
5.4869519291338582
21
-3.6184811417322833
0
LINE
8
BLACK
6
CONTINUOUS
10
5.4869519291338582
20
-3.6184811417322833
11
5.4852450393700787
21
-3.615926653543307
0
LINE
8
BLACK
6
CONTINUOUS
10
5.4852450393700787
20
-3.615926653543307
11
5.4850685433070865
21
-3.61503937007874
0
LINE
8
BLACK
6
CONTINUOUS
10
5.4850685433070865
20
-3.61503937007874
11
5.4769120866141732
21
-3.61503937007874
0
LINE
8
BLACK
6
CONTINUOUS
10
5.4769120866141732
20
-3.61503937007874
11
5.4773556692913381
21
-3.6178403937007872
0
LINE
8
BLACK
6
CONTINUOUS
10
5.521447874015748
20
-3.615926653543307
11
5.5197409842519685
21
-3.6184811417322833
0
LINE
8
BLACK
6
CONTINUOUS
10
5.5197409842519685
20
-3.6184811417322833
11
5.5171864960629922
21
-3.6201880314960628
0
LINE
8
BLACK
6
CONTINUOUS
10
5.5171864960629922
20
-3.6201880314960628
11
5.5141732283464568
21
-3.6207874015748032
0
LINE
8
BLACK
6
CONTINUOUS
10
5.5141732283464568
20
-3.6207874015748032
11
5.5133464566929131
21
-3.6207874015748032
0
LINE
8
BLACK
6
CONTINUOUS
10
5.5133464566929131
20
-3.6207874015748032
11
5.5133464566929131
21
-3.6286613385826771
0
LINE
8
BLACK
6
CONTINUOUS
10
5.5133464566929131
20
-3.6286613385826771
11
5.5133464960629919
21
-3.6286613779527559
0
LINE
8
BLACK
6
CONTINUOUS
10
5.5133464960629919
20
-3.6286613779527559
11
5.5154127165354332
21
-3.6286613779527559
0
LINE
8
BLACK
6
CONTINUOUS
10
5.5154127165354332
20
-3.6286613779527559
11
5.5154127952755907
21
-3.6286613385826771
0
LINE
8
BLACK
6
CONTINUOUS
10
5.5154127952755907
20
-3.6286613385826771
11
5.5191000393700786
21
-3.628077401574803
0
LINE
8
BLACK
6
CONTINUOUS
10
5.5191000393700786
20
-3.628077401574803
11
5.5191004330708662
21
-3.6280772834645667
0
LINE
8
BLACK
6
CONTINUOUS
10
5.5191004330708662
20
-3.6280772834645667
11
5.5235449999999995
21
-3.6258126377952755
0
LINE
8
BLACK
6
CONTINUOUS
10
5.5235449999999995
20
-3.6258126377952755
11
5.5270724803149607
21
-3.6222851574803148
0
LINE
8
BLACK
6
CONTINUOUS
10
5.5270724803149607
20
-3.6222851574803148
11
5.5293371259842514
21
-3.617840590551181
0
LINE
8
BLACK
6
CONTINUOUS
10
5.5293371259842514
20
-3.617840590551181
11
5.5293372047244089
21
-3.6178403937007872
0
LINE
8
BLACK
6
CONTINUOUS
10
5.5293372047244089
20
-3.6178403937007872
11
5.5297808267716535
21
-3.61503937007874
0
LINE
8
BLACK
6
CONTINUOUS
10
5.5297808267716535
20
-3.61503937007874
11
5.5216243700787402
21
-3.61503937007874
0
LINE
8
BLACK
6
CONTINUOUS
10
5.5216243700787402
20
-3.61503937007874
11
5.521447874015748
21
-3.615926653543307
0
LINE
8
BLACK
6
CONTINUOUS
10
5.5623556692913381
20
-3.6178403937007872
11
5.5623557480314956
21
-3.617840590551181
0
LINE
8
BLACK
6
CONTINUOUS
10
5.5623557480314956
20
-3.617840590551181
11
5.5646203937007872
21
-3.6222851574803148
0
LINE
8
BLACK
6
CONTINUOUS
10
5.5646203937007872
20
-3.6222851574803148
11
5.5681478740157475
21
-3.6258126377952755
0
LINE
8
BLACK
6
CONTINUOUS
10
5.5681478740157475
20
-3.6258126377952755
11
5.5725924409448817
21
-3.6280772834645667
0
LINE
8
BLACK
6
CONTINUOUS
10
5.5725924409448817
20
-3.6280772834645667
11
5.5725925984251967
21
-3.6280773228346455
0
LINE
8
BLACK
6
CONTINUOUS
10
5.5725925984251967
20
-3.6280773228346455
11
5.5762801574803147
21
-3.6286613779527559
0
LINE
8
BLACK
6
CONTINUOUS
10
5.5762801574803147
20
-3.6286613779527559
11
5.5783464173228348
21
-3.6286613385826771
0
LINE
8
BLACK
6
CONTINUOUS
10
5.5783464173228348
20
-3.6286613385826771
11
5.5783464566929135
21
-3.6286613385826771
0
LINE
8
BLACK
6
CONTINUOUS
10
5.5783464566929135
20
-3.6286613385826771
11
5.5783464566929135
21
-3.6207874015748032
0
LINE
8
BLACK
6
CONTINUOUS
10
5.5783464566929135
20
-3.6207874015748032
11
5.5775196850393698
21
-3.6207874015748032
0
LINE
8
BLACK
6
CONTINUOUS
10
5.5775196850393698
20
-3.6207874015748032
11
5.5745064173228345
21
-3.6201880314960628
0
LINE
8
BLACK
6
CONTINUOUS
10
5.5745064173228345
20
-3.6201880314960628
11
5.5719519291338582
21
-3.6184811417322833
0
LINE
8
BLACK
6
CONTINUOUS
10
5.5719519291338582
20
-3.6184811417322833
11
5.5702450393700786
21
-3.615926653543307
0
LINE
8
BLACK
6
CONTINUOUS
10
5.5702450393700786
20
-3.615926653543307
11
5.5700685433070865
21
-3.61503937007874
0
LINE
8
BLACK
6
CONTINUOUS
10
5.5700685433070865
20
-3.61503937007874
11
5.5619120866141731
21
-3.61503937007874
0
LINE
8
BLACK
6
CONTINUOUS
10
5.5619120866141731
20
-3.61503937007874
11
5.5623556692913381
21
-3.6178403937007872
0
LINE
8
BLACK
6
CONTINUOUS
10
5.606447874015748
20
-3.615926653543307
11
5.6047409842519684
21
-3.6184811417322833
0
LINE
8
BLACK
6
CONTINUOUS
10
5.6047409842519684
20
-3.6184811417322833
11
5.6021864960629921
21
-3.6201880314960628
0
LINE
8
BLACK
6
CONTINUOUS
10
5.6021864960629921
20
-3.6201880314960628
11
5.5991732283464568
21
-3.6207874015748032
0
LINE
8
BLACK
6
CONTINUOUS
10
5.5991732283464568
20
-3.6207874015748032
11
5.5983464566929131
21
-3.6207874015748032
0
LINE
8
BLACK
6
CONTINUOUS
10
5.5983464566929131
20
-3.6207874015748032
11
5.5983464566929131
21
-3.6286613385826771
0
LINE
8
BLACK
6
CONTINUOUS
10
5.5983464566929131
20
-3.6286613385826771
11
5.5983464960629918
21
-3.6286613779527559
0
LINE
8
BLACK
6
CONTINUOUS
10
5.5983464960629918
20
-3.6286613779527559
11
5.6004127165354332
21
-3.6286613779527559
0
LINE
8
BLACK
6
CONTINUOUS
10
5.6004127165354332
20
-3.6286613779527559
11
5.6004127952755907
21
-3.6286613385826771
0
LINE
8
BLACK
6
CONTINUOUS
10
5.6004127952755907
20
-3.6286613385826771
11
5.6041000393700786
21
-3.628077401574803
0
LINE
8
BLACK
6
CONTINUOUS
10
5.6041000393700786
20
-3.628077401574803
11
5.6041004330708661
21
-3.6280772834645667
0
LINE
8
BLACK
6
CONTINUOUS
10
5.6041004330708661
20
-3.6280772834645667
11
5.6085449999999994
21
-3.6258126377952755
0
LINE
8
BLACK
6
CONTINUOUS
10
5.6085449999999994
20
-3.6258126377952755
11
5.6120724803149606
21
-3.6222851574803148
0
LINE
8
BLACK
6
CONTINUOUS
10
5.6120724803149606
20
-3.6222851574803148
11
5.6143371259842523
21
-3.617840590551181
0
LINE
8
BLACK
6
CONTINUOUS
10
5.6143371259842523
20
-3.617840590551181
11
5.6143372047244089
21
-3.6178403937007872
0
LINE
8
BLACK
6
CONTINUOUS
10
5.6143372047244089
20
-3.6178403937007872
11
5.6147808267716535
21
-3.61503937007874
0
LINE
8
BLACK
6
CONTINUOUS
10
5.6147808267716535
20
-3.61503937007874
11
5.6066243700787401
21
-3.61503937007874
0
LINE
8
BLACK
6
CONTINUOUS
10
5.6066243700787401
20
-3.61503937007874
11
5.606447874015748
21
-3.615926653543307
0
LINE
8
BLACK
6
CONTINUOUS
10
5.5086023622047247
20
-3.5179625196850393
11
5.5092145275590552
21
-3.5218275196850395
0
LINE
8
BLACK
6
CONTINUOUS
10
5.5092145275590552
20
-3.5218275196850395
11
5.5092145669291339
21
-3.5218276771653541
0
LINE
8
BLACK
6
CONTINUOUS
10
5.5092145669291339
20
-3.5218276771653541
11
5.5097087007874013
21
-3.5227974409448817
0
LINE
8
BLACK
6
CONTINUOUS
10
5.5097087007874013
20
-3.5227974409448817
11
5.5115882677165349
21
-3.5264862598425197
0
LINE
8
BLACK
6
CONTINUOUS
10
5.5115882677165349
20
-3.5264862598425197
11
5.5152853937007871
21
-3.5301833858267715
0
LINE
8
BLACK
6
CONTINUOUS
10
5.5152853937007871
20
-3.5301833858267715
11
5.5199440944881886
21
-3.5325571259842521
0
LINE
8
BLACK
6
CONTINUOUS
10
5.5199440944881886
20
-3.5325571259842521
11
5.5225641732283464
21
-3.5329720866141732
0
LINE
8
BLACK
6
CONTINUOUS
10
5.5225641732283464
20
-3.5329720866141732
11
5.5238090944881888
21
-3.5331692913385826
0
LINE
8
BLACK
6
CONTINUOUS
10
5.5238090944881888
20
-3.5331692913385826
11
5.5238092125984251
21
-3.5331692913385826
0
LINE
8
BLACK
6
CONTINUOUS
10
5.5238092125984251
20
-3.5331692913385826
11
5.5465846062992128
21
-3.5331692913385826
0
LINE
8
BLACK
6
CONTINUOUS
10
5.5465846062992128
20
-3.5331692913385826
11
5.547708779527559
21
-3.532991181102362
0
LINE
8
BLACK
6
CONTINUOUS
10
5.547708779527559
20
-3.532991181102362
11
5.5504496062992121
21
-3.5325571259842521
0
LINE
8
BLACK
6
CONTINUOUS
10
5.5504496062992121
20
-3.5325571259842521
11
5.5551083070866136
21
-3.5301833858267715
0
LINE
8
BLACK
6
CONTINUOUS
10
5.5551083070866136
20
-3.5301833858267715
11
5.5576913779527555
21
-3.5276002755905509
0
LINE
8
BLACK
6
CONTINUOUS
10
5.5576913779527555
20
-3.5276002755905509
11
5.5598375984251964
21
-3.5265067322834645
0
LINE
8
BLACK
6
CONTINUOUS
10
5.5598375984251964
20
-3.5265067322834645
11
5.5622168110236219
21
-3.5268835433070866
0
LINE
8
BLACK
6
CONTINUOUS
10
5.5622168110236219
20
-3.5268835433070866
11
5.5632032677165357
21
-3.5276001968503938
0
LINE
8
BLACK
6
CONTINUOUS
10
5.5632032677165357
20
-3.5276001968503938
11
5.6517239370078736
21
-3.6161208661417321
0
LINE
8
BLACK
6
CONTINUOUS
10
5.6517239370078736
20
-3.6161208661417321
11
5.6532184645669288
21
-3.61698374015748
0
LINE
8
BLACK
6
CONTINUOUS
10
5.6532184645669288
20
-3.61698374015748
11
5.654712992125984
21
-3.6178466141732284
0
LINE
8
BLACK
6
CONTINUOUS
10
5.654712992125984
20
-3.6178466141732284
11
5.6547131102362203
21
-3.6178466535433071
0
LINE
8
BLACK
6
CONTINUOUS
10
5.6547131102362203
20
-3.6178466535433071
11
5.6548705511811024
21
-3.6179375590551182
0
LINE
8
BLACK
6
CONTINUOUS
10
5.6548705511811024
20
-3.6179375590551182
11
5.6583801574803152
21
-3.6188779527559056
0
LINE
8
BLACK
6
CONTINUOUS
10
5.6583801574803152
20
-3.6188779527559056
11
5.6704537401574804
21
-3.6188779527559056
0
LINE
8
BLACK
6
CONTINUOUS
10
5.6704537401574804
20
-3.6188779527559056
11
5.6727447244094487
21
-3.6196223228346458
0
LINE
8
BLACK
6
CONTINUOUS
10
5.6727447244094487
20
-3.6196223228346458
11
5.673926535433071
21
-3.6210060629921257
0
LINE
8
BLACK
6
CONTINUOUS
10
5.673926535433071
20
-3.6210060629921257
11
5.6746043307086609
21
-3.6223362992125985
0
LINE
8
BLACK
6
CONTINUOUS
10
5.6746043307086609
20
-3.6223362992125985
11
5.6781361417322831
21
-3.6258681102362202
0
LINE
8
BLACK
6
CONTINUOUS
10
5.6781361417322831
20
-3.6258681102362202
11
5.6825864566929134
21
-3.6281356692913387
0
LINE
8
BLACK
6
CONTINUOUS
10
5.6825864566929134
20
-3.6281356692913387
11
5.6862787795275587
21
-3.628720472440945
0
LINE
8
BLACK
6
CONTINUOUS
10
5.6862787795275587
20
-3.628720472440945
11
5.7104140944881889
21
-3.6287204330708662
0
LINE
8
BLACK
6
CONTINUOUS
10
5.7104140944881889
20
-3.6287204330708662
11
5.7104141732283464
21
-3.6287204330708662
0
LINE
8
BLACK
6
CONTINUOUS
10
5.7104141732283464
20
-3.6287204330708662
11
5.7104142125984252
21
-3.6287203937007875
0
LINE
8
BLACK
6
CONTINUOUS
10
5.7104142125984252
20
-3.6287203937007875
11
5.7122602755905509
21
-3.6284280314960631
0
LINE
8
BLACK
6
CONTINUOUS
10
5.7122602755905509
20
-3.6284280314960631
11
5.7141062598425192
21
-3.6281357086614174
0
LINE
8
BLACK
6
CONTINUOUS
10
5.7141062598425192
20
-3.6281357086614174
11
5.7141062598425192
21
-3.6281356692913387
0
LINE
8
BLACK
6
CONTINUOUS
10
5.7141062598425192
20
-3.6281356692913387
11
5.7141064566929129
21
-3.6281356692913387
0
LINE
8
BLACK
6
CONTINUOUS
10
5.7141064566929129
20
-3.6281356692913387
11
5.7185567716535433
21
-3.6258681102362202
0
LINE
8
BLACK
6
CONTINUOUS
10
5.7185567716535433
20
-3.6258681102362202
11
5.7220885826771655
21
-3.6223362992125985
0
LINE
8
BLACK
6
CONTINUOUS
10
5.7220885826771655
20
-3.6223362992125985
11
5.724356141732283
21
-3.6178859842519686
0
LINE
8
BLACK
6
CONTINUOUS
10
5.724356141732283
20
-3.6178859842519686
11
5.7249409448818893
21
-3.6141936614173229
0
LINE
8
BLACK
6
CONTINUOUS
10
5.7249409448818893
20
-3.6141936614173229
11
5.7249409055118106
21
-3.6095939763779525
0
LINE
8
BLACK
6
CONTINUOUS
10
5.7249409055118106
20
-3.6095939763779525
11
5.7256852755905507
21
-3.6073031102362205
0
LINE
8
BLACK
6
CONTINUOUS
10
5.7256852755905507
20
-3.6073031102362205
11
5.7276340944881889
21
-3.6058872047244095
0
LINE
8
BLACK
6
CONTINUOUS
10
5.7276340944881889
20
-3.6058872047244095
11
5.7300429527559054
21
-3.6058871653543307
0
LINE
8
BLACK
6
CONTINUOUS
10
5.7300429527559054
20
-3.6058871653543307
11
5.7315945669291342
21
-3.6068379921259841
0
LINE
8
BLACK
6
CONTINUOUS
10
5.7315945669291342
20
-3.6068379921259841
11
5.7386615748031495
21
-3.6139049606299212
0
LINE
8
BLACK
6
CONTINUOUS
10
5.7386615748031495
20
-3.6139049606299212
11
5.7408381102362203
21
-3.6160814960629919
0
LINE
8
BLACK
6
CONTINUOUS
10
5.7408381102362203
20
-3.6160814960629919
11
5.7439847244094491
21
-3.6178981889763779
0
LINE
8
BLACK
6
CONTINUOUS
10
5.7439847244094491
20
-3.6178981889763779
11
5.747494330708661
21
-3.6188385826771654
0
LINE
8
BLACK
6
CONTINUOUS
10
5.747494330708661
20
-3.6188385826771654
11
5.7511277165354331
21
-3.6188385826771654
0
LINE
8
BLACK
6
CONTINUOUS
10
5.7511277165354331
20
-3.6188385826771654
11
5.7754537401574799
21
-3.6188385826771654
0
LINE
8
BLACK
6
CONTINUOUS
10
5.7754537401574799
20
-3.6188385826771654
11
5.7777447244094491
21
-3.6195829527559056
0
LINE
8
BLACK
6
CONTINUOUS
10
5.7777447244094491
20
-3.6195829527559056
11
5.7789265354330706
21
-3.6209666929133859
0
LINE
8
BLACK
6
CONTINUOUS
10
5.7789265354330706
20
-3.6209666929133859
11
5.7796043307086613
21
-3.6222969291338583
0
LINE
8
BLACK
6
CONTINUOUS
10
5.7796043307086613
20
-3.6222969291338583
11
5.7831361417322835
21
-3.62582874015748
0
LINE
8
BLACK
6
CONTINUOUS
10
5.7831361417322835
20
-3.62582874015748
11
5.7875864566929129
21
-3.6280962992125985
0
LINE
8
BLACK
6
CONTINUOUS
10
5.7875864566929129
20
-3.6280962992125985
11
5.7912787795275591
21
-3.6286811023622048
0
LINE
8
BLACK
6
CONTINUOUS
10
5.7912787795275591
20
-3.6286811023622048
11
5.8154140944881885
21
-3.628681062992126
0
LINE
8
BLACK
6
CONTINUOUS
10
5.8154140944881885
20
-3.628681062992126
11
5.815414173228346
21
-3.628681062992126
0
LINE
8
BLACK
6
CONTINUOUS
10
5.815414173228346
20
-3.628681062992126
11
5.8154142125984247
21
-3.6286810236220473
0
LINE
8
BLACK
6
CONTINUOUS
10
5.8154142125984247
20
-3.6286810236220473
11
5.8172602755905514
21
-3.6283886614173229
0
LINE
8
BLACK
6
CONTINUOUS
10
5.8172602755905514
20
-3.6283886614173229
11
5.8191062598425196
21
-3.6280963385826772
0
LINE
8
BLACK
6
CONTINUOUS
10
5.8191062598425196
20
-3.6280963385826772
11
5.8191062598425196
21
-3.6280962992125985
0
LINE
8
BLACK
6
CONTINUOUS
10
5.8191062598425196
20
-3.6280962992125985
11
5.8191064566929134
21
-3.6280962992125985
0
LINE
8
BLACK
6
CONTINUOUS
10
5.8191064566929134
20
-3.6280962992125985
11
5.8235567716535428
21
-3.62582874015748
0
LINE
8
BLACK
6
CONTINUOUS
10
5.8235567716535428
20
-3.62582874015748
11
5.827088582677165
21
-3.6222969291338583
0
LINE
8
BLACK
6
CONTINUOUS
10
5.827088582677165
20
-3.6222969291338583
11
5.8292917322834645
21
-3.6179730314960628
0
LINE
8
BLACK
6
CONTINUOUS
10
5.8292917322834645
20
-3.6179730314960628
11
5.8293561417322834
21
-3.6178466141732284
0
LINE
8
BLACK
6
CONTINUOUS
10
5.8293561417322834
20
-3.6178466141732284
11
5.8299409448818897
21
-3.6141542913385827
0
LINE
8
BLACK
6
CONTINUOUS
10
5.8299409448818897
20
-3.6141542913385827
11
5.829940905511811
21
-3.5959244881889765
0
LINE
8
BLACK
6
CONTINUOUS
10
5.829940905511811
20
-3.5959244881889765
11
5.8298709448818897
21
-3.5954827952755903
0
LINE
8
BLACK
6
CONTINUOUS
10
5.8298709448818897
20
-3.5954827952755903
11
5.8293561811023622
21
-3.592232283464567
0
LINE
8
BLACK
6
CONTINUOUS
10
5.8293561811023622
20
-3.592232283464567
11
5.8293561417322834
21
-3.5922322047244095
0
LINE
8
BLACK
6
CONTINUOUS
10
5.8293561417322834
20
-3.5922322047244095
11
5.8293561417322834
21
-3.592232125984252
0
LINE
8
BLACK
6
CONTINUOUS
10
5.8293561417322834
20
-3.592232125984252
11
5.827088582677165
21
-3.5877818110236221
0
LINE
8
BLACK
6
CONTINUOUS
10
5.827088582677165
20
-3.5877818110236221
11
5.8235567716535428
21
-3.5842499999999999
0
LINE
8
BLACK
6
CONTINUOUS
10
5.8235567716535428
20
-3.5842499999999999
11
5.8191064566929134
21
-3.5819824409448819
0
LINE
8
BLACK
6
CONTINUOUS
10
5.8191064566929134
20
-3.5819824409448819
11
5.8191064960629921
21
-3.5819824409448819
0
LINE
8
BLACK
6
CONTINUOUS
10
5.8191064960629921
20
-3.5819824409448819
11
5.8154142519685035
21
-3.5813976377952756
0
LINE
8
BLACK
6
CONTINUOUS
10
5.8154142519685035
20
-3.5813976377952756
11
5.7912787007874016
21
-3.5813976377952756
0
LINE
8
BLACK
6
CONTINUOUS
10
5.7912787007874016
20
-3.5813976377952756
11
5.7912785826771653
21
-3.5813976771653544
0
LINE
8
BLACK
6
CONTINUOUS
10
5.7912785826771653
20
-3.5813976771653544
11
5.787586614173228
21
-3.5819823622047244
0
LINE
8
BLACK
6
CONTINUOUS
10
5.787586614173228
20
-3.5819823622047244
11
5.7875864173228342
21
-3.5819824409448819
0
LINE
8
BLACK
6
CONTINUOUS
10
5.7875864173228342
20
-3.5819824409448819
11
5.7831361811023623
21
-3.5842499606299212
0
LINE
8
BLACK
6
CONTINUOUS
10
5.7831361811023623
20
-3.5842499606299212
11
5.7796042913385826
21
-3.5877818503937009
0
LINE
8
BLACK
6
CONTINUOUS
10
5.7796042913385826
20
-3.5877818503937009
11
5.7789265354330706
21
-3.5891120472440945
0
LINE
8
BLACK
6
CONTINUOUS
10
5.7789265354330706
20
-3.5891120472440945
11
5.7772231889763779
21
-3.5908153543307084
0
LINE
8
BLACK
6
CONTINUOUS
10
5.7772231889763779
20
-3.5908153543307084
11
5.7754537401574799
21
-3.591240157480315
0
LINE
8
BLACK
6
CONTINUOUS
10
5.7754537401574799
20
-3.591240157480315
11
5.7566413385826767
21
-3.591240157480315
0
LINE
8
BLACK
6
CONTINUOUS
10
5.7566413385826767
20
-3.591240157480315
11
5.7543503543307084
21
-3.5904957874015748
0
LINE
8
BLACK
6
CONTINUOUS
10
5.7543503543307084
20
-3.5904957874015748
11
5.7538852755905507
21
-3.5900985826771654
0
LINE
8
BLACK
6
CONTINUOUS
10
5.7538852755905507
20
-3.5900985826771654
11
5.6810431496062987
21
-3.5172564566929134
0
LINE
8
BLACK
6
CONTINUOUS
10
5.6810431496062987
20
-3.5172564566929134
11
5.6799495669291336
21
-3.5151101181102362
0
LINE
8
BLACK
6
CONTINUOUS
10
5.6799495669291336
20
-3.5151101181102362
11
5.6799015748031492
21
-3.5145003937007875
0
LINE
8
BLACK
6
CONTINUOUS
10
5.6799015748031492
20
-3.5145003937007875
11
5.6799015748031492
21
-3.498139803149606
0
LINE
8
BLACK
6
CONTINUOUS
10
5.6799015748031492
20
-3.498139803149606
11
5.6795906299212593
21
-3.4961766141732284
0
LINE
8
BLACK
6
CONTINUOUS
10
5.6795906299212593
20
-3.4961766141732284
11
5.6792894094488187
21
-3.4942748031496063
0
LINE
8
BLACK
6
CONTINUOUS
10
5.6792894094488187
20
-3.4942748031496063
11
5.6769156692913381
21
-3.4896161023622048
0
LINE
8
BLACK
6
CONTINUOUS
10
5.6769156692913381
20
-3.4896161023622048
11
5.6732185433070867
21
-3.4859189763779526
0
LINE
8
BLACK
6
CONTINUOUS
10
5.6732185433070867
20
-3.4859189763779526
11
5.6730563385826773
21
-3.4858363385826769
0
LINE
8
BLACK
6
CONTINUOUS
10
5.6730563385826773
20
-3.4858363385826769
11
5.6685599606299215
21
-3.4835452755905512
0
LINE
8
BLACK
6
CONTINUOUS
10
5.6685599606299215
20
-3.4835452755905512
11
5.6685598425196853
21
-3.4835452362204724
0
LINE
8
BLACK
6
CONTINUOUS
10
5.6685598425196853
20
-3.4835452362204724
11
5.6675935433070865
21
-3.4833921653543305
0
LINE
8
BLACK
6
CONTINUOUS
10
5.6675935433070865
20
-3.4833921653543305
11
5.664694842519685
21
-3.4829330708661415
0
LINE
8
BLACK
6
CONTINUOUS
10
5.664694842519685
20
-3.4829330708661415
11
5.6646947244094488
21
-3.4829330708661415
0
LINE
8
BLACK
6
CONTINUOUS
10
5.6646947244094488
20
-3.4829330708661415
11
5.6419194488188973
21
-3.4829330708661415
0
LINE
8
BLACK
6
CONTINUOUS
10
5.6419194488188973
20
-3.4829330708661415
11
5.641919330708661
21
-3.4829330708661415
0
LINE
8
BLACK
6
CONTINUOUS
10
5.641919330708661
20
-3.4829330708661415
11
5.6380543307086617
21
-3.4835452362204724
0
LINE
8
BLACK
6
CONTINUOUS
10
5.6380543307086617
20
-3.4835452362204724
11
5.6380541732283467
21
-3.4835452755905512
0
LINE
8
BLACK
6
CONTINUOUS
10
5.6380541732283467
20
-3.4835452755905512
11
5.6333956692913381
21
-3.4859189370078738
0
LINE
8
BLACK
6
CONTINUOUS
10
5.6333956692913381
20
-3.4859189370078738
11
5.6296984645669292
21
-3.4896161417322835
0
LINE
8
BLACK
6
CONTINUOUS
10
5.6296984645669292
20
-3.4896161417322835
11
5.6273248031496061
21
-3.4942746456692912
0
LINE
8
BLACK
6
CONTINUOUS
10
5.6273248031496061
20
-3.4942746456692912
11
5.6273247637795274
21
-3.4942748031496063
0
LINE
8
BLACK
6
CONTINUOUS
10
5.6273247637795274
20
-3.4942748031496063
11
5.6267125984251969
21
-3.498139803149606
0
LINE
8
BLACK
6
CONTINUOUS
10
5.6267125984251969
20
-3.498139803149606
11
5.6267125984251969
21
-3.5179625196850393
0
LINE
8
BLACK
6
CONTINUOUS
10
5.6267125984251969
20
-3.5179625196850393
11
5.6273247637795274
21
-3.5218275196850395
0
LINE
8
BLACK
6
CONTINUOUS
10
5.6273247637795274
20
-3.5218275196850395
11
5.6273248031496061
21
-3.5218276771653541
0
LINE
8
BLACK
6
CONTINUOUS
10
5.6273248031496061
20
-3.5218276771653541
11
5.6278189370078735
21
-3.5227974409448817
0
LINE
8
BLACK
6
CONTINUOUS
10
5.6278189370078735
20
-3.5227974409448817
11
5.629698503937008
21
-3.5264862598425197
0
LINE
8
BLACK
6
CONTINUOUS
10
5.629698503937008
20
-3.5264862598425197
11
5.6333956299212593
21
-3.5301833858267715
0
LINE
8
BLACK
6
CONTINUOUS
10
5.6333956299212593
20
-3.5301833858267715
11
5.6380543307086617
21
-3.5325571259842521
0
LINE
8
BLACK
6
CONTINUOUS
10
5.6380543307086617
20
-3.5325571259842521
11
5.6406744094488186
21
-3.5329720866141732
0
LINE
8
BLACK
6
CONTINUOUS
10
5.6406744094488186
20
-3.5329720866141732
11
5.641919330708661
21
-3.5331692913385826
0
LINE
8
BLACK
6
CONTINUOUS
10
5.641919330708661
20
-3.5331692913385826
11
5.6419194488188973
21
-3.5331692913385826
0
LINE
8
BLACK
6
CONTINUOUS
10
5.6419194488188973
20
-3.5331692913385826
11
5.6563114173228346
21
-3.5331692913385826
0
LINE
8
BLACK
6
CONTINUOUS
10
5.6563114173228346
20
-3.5331692913385826
11
5.6586024015748029
21
-3.5339136614173228
0
LINE
8
BLACK
6
CONTINUOUS
10
5.6586024015748029
20
-3.5339136614173228
11
5.6590674803149605
21
-3.5343108661417322
0
LINE
8
BLACK
6
CONTINUOUS
10
5.6590674803149605
20
-3.5343108661417322
11
5.6995399212598423
21
-3.574783307086614
0
LINE
8
BLACK
6
CONTINUOUS
10
5.6995399212598423
20
-3.574783307086614
11
5.7006335039370075
21
-3.5769296456692912
0
LINE
8
BLACK
6
CONTINUOUS
10
5.7006335039370075
20
-3.5769296456692912
11
5.7002566929133858
21
-3.5793088582677166
0
LINE
8
BLACK
6
CONTINUOUS
10
5.7002566929133858
20
-3.5793088582677166
11
5.6985533464566931
21
-3.5810122047244093
0
LINE
8
BLACK
6
CONTINUOUS
10
5.6985533464566931
20
-3.5810122047244093
11
5.6967838582677164
21
-3.5814370078740159
0
LINE
8
BLACK
6
CONTINUOUS
10
5.6967838582677164
20
-3.5814370078740159
11
5.6862787007874012
21
-3.5814370078740159
0
LINE
8
BLACK
6
CONTINUOUS
10
5.6862787007874012
20
-3.5814370078740159
11
5.6862785826771649
21
-3.5814370472440946
0
LINE
8
BLACK
6
CONTINUOUS
10
5.6862785826771649
20
-3.5814370472440946
11
5.6825866141732284
21
-3.5820217322834647
0
LINE
8
BLACK
6
CONTINUOUS
10
5.6825866141732284
20
-3.5820217322834647
11
5.6825864173228346
21
-3.5820218110236222
0
LINE
8
BLACK
6
CONTINUOUS
10
5.6825864173228346
20
-3.5820218110236222
11
5.6781361811023618
21
-3.5842893307086614
0
LINE
8
BLACK
6
CONTINUOUS
10
5.6781361811023618
20
-3.5842893307086614
11
5.6746042913385821
21
-3.5878212204724407
0
LINE
8
BLACK
6
CONTINUOUS
10
5.6746042913385821
20
-3.5878212204724407
11
5.673926535433071
21
-3.5891514173228347
0
LINE
8
BLACK
6
CONTINUOUS
10
5.673926535433071
20
-3.5891514173228347
11
5.6732812598425193
21
-3.5897966535433068
0
LINE
8
BLACK
6
CONTINUOUS
10
5.6732812598425193
20
-3.5897966535433068
11
5.6727447244094487
21
-3.590535157480315
0
LINE
8
BLACK
6
CONTINUOUS
10
5.6727447244094487
20
-3.590535157480315
11
5.6724455511811023
21
-3.5906323228346455
0
LINE
8
BLACK
6
CONTINUOUS
10
5.6724455511811023
20
-3.5906323228346455
11
5.6722231889763775
21
-3.5908547244094486
0
LINE
8
BLACK
6
CONTINUOUS
10
5.6722231889763775
20
-3.5908547244094486
11
5.6704537401574804
21
-3.5912795275590552
0
LINE
8
BLACK
6
CONTINUOUS
10
5.6704537401574804
20
-3.5912795275590552
11
5.6675271653543309
21
-3.5912795275590552
0
LINE
8
BLACK
6
CONTINUOUS
10
5.6675271653543309
20
-3.5912795275590552
11
5.6652361811023617
21
-3.590535157480315
0
LINE
8
BLACK
6
CONTINUOUS
10
5.6652361811023617
20
-3.590535157480315
11
5.6647711023622049
21
-3.5901379527559056
0
LINE
8
BLACK
6
CONTINUOUS
10
5.6647711023622049
20
-3.5901379527559056
11
5.6189048031496061
21
-3.5442716535433072
0
LINE
8
BLACK
6
CONTINUOUS
10
5.6189048031496061
20
-3.5442716535433072
11
5.5726264566929133
21
-3.497993307086614
0
LINE
8
BLACK
6
CONTINUOUS
10
5.5726264566929133
20
-3.497993307086614
11
5.5694798425196845
21
-3.4961766141732284
0
LINE
8
BLACK
6
CONTINUOUS
10
5.5694798425196845
20
-3.4961766141732284
11
5.5693061811023616
21
-3.4961300787401575
0
LINE
8
BLACK
6
CONTINUOUS
10
5.5693061811023616
20
-3.4961300787401575
11
5.5689823228346453
21
-3.4960432677165354
0
LINE
8
BLACK
6
CONTINUOUS
10
5.5689823228346453
20
-3.4960432677165354
11
5.5689823228346453
21
-3.4960433070866141
0
LINE
8
BLACK
6
CONTINUOUS
10
5.5689823228346453
20
-3.4960433070866141
11
5.5659702362204726
21
-3.495236220472441
0
LINE
8
BLACK
6
CONTINUOUS
10
5.5659702362204726
20
-3.495236220472441
11
5.5659701574803151
21
-3.495236220472441
0
LINE
8
BLACK
6
CONTINUOUS
10
5.5659701574803151
20
-3.495236220472441
11
5.564057519685039
21
-3.495236220472441
0
LINE
8
BLACK
6
CONTINUOUS
10
5.564057519685039
20
-3.495236220472441
11
5.5617665354330708
21
-3.4944918503937008
0
LINE
8
BLACK
6
CONTINUOUS
10
5.5617665354330708
20
-3.4944918503937008
11
5.5605847244094484
21
-3.4931081102362205
0
LINE
8
BLACK
6
CONTINUOUS
10
5.5605847244094484
20
-3.4931081102362205
11
5.5590119291338578
21
-3.4900213779527558
0
LINE
8
BLACK
6
CONTINUOUS
10
5.5590119291338578
20
-3.4900213779527558
11
5.5588054330708658
21
-3.4896161023622048
0
LINE
8
BLACK
6
CONTINUOUS
10
5.5588054330708658
20
-3.4896161023622048
11
5.5551083070866136
21
-3.4859189763779526
0
LINE
8
BLACK
6
CONTINUOUS
10
5.5551083070866136
20
-3.4859189763779526
11
5.5549461023622042
21
-3.4858363385826769
0
LINE
8
BLACK
6
CONTINUOUS
10
5.5549461023622042
20
-3.4858363385826769
11
5.5504497244094484
21
-3.4835452755905512
0
LINE
8
BLACK
6
CONTINUOUS
10
5.5504497244094484
20
-3.4835452755905512
11
5.5504496062992121
21
-3.4835452362204724
0
LINE
8
BLACK
6
CONTINUOUS
10
5.5504496062992121
20
-3.4835452362204724
11
5.5494833070866143
21
-3.4833921653543305
0
LINE
8
BLACK
6
CONTINUOUS
10
5.5494833070866143
20
-3.4833921653543305
11
5.5465846062992128
21
-3.4829330708661415
0
LINE
8
BLACK
6
CONTINUOUS
10
5.5465846062992128
20
-3.4829330708661415
11
5.5465844881889765
21
-3.4829330708661415
0
LINE
8
BLACK
6
CONTINUOUS
10
5.5465844881889765
20
-3.4829330708661415
11
5.5238092125984251
21
-3.4829330708661415
0
LINE
8
BLACK
6
CONTINUOUS
10
5.5238092125984251
20
-3.4829330708661415
11
5.5238090944881888
21
-3.4829330708661415
0
LINE
8
BLACK
6
CONTINUOUS
10
5.5238090944881888
20
-3.4829330708661415
11
5.5199440944881886
21
-3.4835452362204724
0
LINE
8
BLACK
6
CONTINUOUS
10
5.5199440944881886
20
-3.4835452362204724
11
5.5199439370078736
21
-3.4835452755905512
0
LINE
8
BLACK
6
CONTINUOUS
10
5.5199439370078736
20
-3.4835452755905512
11
5.5152854330708658
21
-3.4859189370078738
0
LINE
8
BLACK
6
CONTINUOUS
10
5.5152854330708658
20
-3.4859189370078738
11
5.511588228346457
21
-3.4896161417322835
0
LINE
8
BLACK
6
CONTINUOUS
10
5.511588228346457
20
-3.4896161417322835
11
5.5092145669291339
21
-3.4942746456692912
0
LINE
8
BLACK
6
CONTINUOUS
10
5.5092145669291339
20
-3.4942746456692912
11
5.5092145275590552
21
-3.4942748031496063
0
LINE
8
BLACK
6
CONTINUOUS
10
5.5092145275590552
20
-3.4942748031496063
11
5.5086023622047247
21
-3.498139803149606
0
LINE
8
BLACK
6
CONTINUOUS
10
5.5086023622047247
20
-3.498139803149606
11
5.5086023622047247
21
-3.5179625196850393
0
LINE
8
BLACK
6
CONTINUOUS
10
5.9458661417322833
20
-3.6117614566929133
11
5.9467534251968504
21
-3.6119379527559055
0
LINE
8
BLACK
6
CONTINUOUS
10
5.9467534251968504
20
-3.6119379527559055
11
5.9493079133858267
21
-3.613644842519685
0
LINE
8
BLACK
6
CONTINUOUS
10
5.9493079133858267
20
-3.613644842519685
11
5.9510148031496062
21
-3.6161993307086613
0
LINE
8
BLACK
6
CONTINUOUS
10
5.9510148031496062
20
-3.6161993307086613
11
5.9516141732283465
21
-3.6192125984251966
0
LINE
8
BLACK
6
CONTINUOUS
10
5.9516141732283465
20
-3.6192125984251966
11
5.9516141732283465
21
-3.6200393700787399
0
LINE
8
BLACK
6
CONTINUOUS
10
5.9516141732283465
20
-3.6200393700787399
11
5.9594881102362205
21
-3.6200393700787399
0
LINE
8
BLACK
6
CONTINUOUS
10
5.9594881102362205
20
-3.6200393700787399
11
5.9594881496062992
21
-3.6200393307086611
0
LINE
8
BLACK
6
CONTINUOUS
10
5.9594881496062992
20
-3.6200393307086611
11
5.9594881496062992
21
-3.6179730708661415
0
LINE
8
BLACK
6
CONTINUOUS
10
5.9594881496062992
20
-3.6179730708661415
11
5.9594881102362205
21
-3.617972992125984
0
LINE
8
BLACK
6
CONTINUOUS
10
5.9594881102362205
20
-3.617972992125984
11
5.9589041732283468
21
-3.614285748031496
0
LINE
8
BLACK
6
CONTINUOUS
10
5.9589041732283468
20
-3.614285748031496
11
5.9589040551181105
21
-3.6142853543307085
0
LINE
8
BLACK
6
CONTINUOUS
10
5.9589040551181105
20
-3.6142853543307085
11
5.9566394094488189
21
-3.6098407874015748
0
LINE
8
BLACK
6
CONTINUOUS
10
5.9566394094488189
20
-3.6098407874015748
11
5.9531119291338586
21
-3.606313307086614
0
LINE
8
BLACK
6
CONTINUOUS
10
5.9531119291338586
20
-3.606313307086614
11
5.9486672440944881
21
-3.6040486220472441
0
LINE
8
BLACK
6
CONTINUOUS
10
5.9486672440944881
20
-3.6040486220472441
11
5.9486672834645669
21
-3.6040486220472441
0
LINE
8
BLACK
6
CONTINUOUS
10
5.9486672834645669
20
-3.6040486220472441
11
5.9458661417322833
21
-3.6036049606299212
0
LINE
8
BLACK
6
CONTINUOUS
10
5.9458661417322833
20
-3.6036049606299212
11
5.9458661417322833
21
-3.6117614566929133
0
LINE
8
BLACK
6
CONTINUOUS
10
6.1259645669291336
20
-3.6088933858267715
11
6.1262184251968499
21
-3.6098407874015748
0
LINE
8
BLACK
6
CONTINUOUS
10
6.1262184251968499
20
-3.6098407874015748
11
6.1273074409448816
21
-3.6139051181102362
0
LINE
8
BLACK
6
CONTINUOUS
10
6.1273074409448816
20
-3.6139051181102362
11
6.1299014173228343
21
-3.6183979921259843
0
LINE
8
BLACK
6
CONTINUOUS
10
6.1299014173228343
20
-3.6183979921259843
11
6.1299014960629918
21
-3.6183980708661418
0
LINE
8
BLACK
6
CONTINUOUS
10
6.1299014960629918
20
-3.6183980708661418
11
6.1299015748031493
21
-3.6183981889763777
0
LINE
8
BLACK
6
CONTINUOUS
10
6.1299015748031493
20
-3.6183981889763777
11
6.1335703149606298
21
-3.6220669291338581
0
LINE
8
BLACK
6
CONTINUOUS
10
6.1335703149606298
20
-3.6220669291338581
11
6.1335703937007873
21
-3.6220669685039368
0
LINE
8
BLACK
6
CONTINUOUS
10
6.1335703937007873
20
-3.6220669685039368
11
6.1335704724409448
21
-3.6220670472440943
0
LINE
8
BLACK
6
CONTINUOUS
10
6.1335704724409448
20
-3.6220670472440943
11
6.1380633858267712
21
-3.6246610236220471
0
LINE
8
BLACK
6
CONTINUOUS
10
6.1380633858267712
20
-3.6246610236220471
11
6.1380633070866137
21
-3.6246610236220471
0
LINE
8
BLACK
6
CONTINUOUS
10
6.1380633070866137
20
-3.6246610236220471
11
6.1380634645669288
21
-3.6246610629921259
0
LINE
8
BLACK
6
CONTINUOUS
10
6.1380634645669288
20
-3.6246610629921259
11
6.1380635433070863
21
-3.6246611023622046
0
LINE
8
BLACK
6
CONTINUOUS
10
6.1380635433070863
20
-3.6246611023622046
11
6.1430751181102359
21
-3.6260039370078738
0
LINE
8
BLACK
6
CONTINUOUS
10
6.1430751181102359
20
-3.6260039370078738
11
6.1430751968503934
21
-3.6260039370078738
0
LINE
8
BLACK
6
CONTINUOUS
10
6.1430751968503934
20
-3.6260039370078738
11
6.1482633858267715
21
-3.6260039370078738
0
LINE
8
BLACK
6
CONTINUOUS
10
6.1482633858267715
20
-3.6260039370078738
11
6.148263464566929
21
-3.6260039370078738
0
LINE
8
BLACK
6
CONTINUOUS
10
6.148263464566929
20
-3.6260039370078738
11
6.1532750393700786
21
-3.6246611023622046
0
LINE
8
BLACK
6
CONTINUOUS
10
6.1532750393700786
20
-3.6246611023622046
11
6.1532751181102361
21
-3.6246610236220471
0
LINE
8
BLACK
6
CONTINUOUS
10
6.1532751181102361
20
-3.6246610236220471
11
6.1532751968503936
21
-3.6246610236220471
0
LINE
8
BLACK
6
CONTINUOUS
10
6.1532751968503936
20
-3.6246610236220471
11
6.1577680708661413
21
-3.6220670472440943
0
LINE
8
BLACK
6
CONTINUOUS
10
6.1577680708661413
20
-3.6220670472440943
11
6.1577680708661413
21
-3.6220670078740156
0
LINE
8
BLACK
6
CONTINUOUS
10
6.1577680708661413
20
-3.6220670078740156
11
6.1577682677165351
21
-3.6220669291338581
0
LINE
8
BLACK
6
CONTINUOUS
10
6.1577682677165351
20
-3.6220669291338581
11
6.1614370078740155
21
-3.6183981889763777
0
LINE
8
BLACK
6
CONTINUOUS
10
6.1614370078740155
20
-3.6183981889763777
11
6.1616824803149601
21
-3.6179730314960628
0
LINE
8
BLACK
6
CONTINUOUS
10
6.1616824803149601
20
-3.6179730314960628
11
6.1640311023622045
21
-3.6139051181102362
0
LINE
8
BLACK
6
CONTINUOUS
10
6.1640311023622045
20
-3.6139051181102362
11
6.1640311023622045
21
-3.6139050393700787
0
LINE
8
BLACK
6
CONTINUOUS
10
6.1640311023622045
20
-3.6139050393700787
11
6.164031181102362
21
-3.6139049606299212
0
LINE
8
BLACK
6
CONTINUOUS
10
6.164031181102362
20
-3.6139049606299212
11
6.1653740157480312
21
-3.6088933858267715
0
LINE
8
BLACK
6
CONTINUOUS
10
6.1653740157480312
20
-3.6088933858267715
11
6.1653740157480312
21
-3.6037050393700785
0
LINE
8
BLACK
6
CONTINUOUS
10
6.1653740157480312
20
-3.6037050393700785
11
6.164031181102362
21
-3.5986934645669288
0
LINE
8
BLACK
6
CONTINUOUS
10
6.164031181102362
20
-3.5986934645669288
11
6.1640311023622045
21
-3.598693346456693
0
LINE
8
BLACK
6
CONTINUOUS
10
6.1640311023622045
20
-3.598693346456693
11
6.1640311023622045
21
-3.5986932677165355
0
LINE
8
BLACK
6
CONTINUOUS
10
6.1640311023622045
20
-3.5986932677165355
11
6.1614371259842518
21
-3.5942003937007874
0
LINE
8
BLACK
6
CONTINUOUS
10
6.1614371259842518
20
-3.5942003937007874
11
6.1614370472440942
21
-3.5942003149606299
0
LINE
8
BLACK
6
CONTINUOUS
10
6.1614370472440942
20
-3.5942003149606299
11
6.1614370078740155
21
-3.5942002362204724
0
LINE
8
BLACK
6
CONTINUOUS
10
6.1614370078740155
20
-3.5942002362204724
11
6.1577682677165351
21
-3.5905314960629919
0
LINE
8
BLACK
6
CONTINUOUS
10
6.1577682677165351
20
-3.5905314960629919
11
6.1577681496062988
21
-3.5905314173228344
0
LINE
8
BLACK
6
CONTINUOUS
10
6.1577681496062988
20
-3.5905314173228344
11
6.1577680708661413
21
-3.5905313385826769
0
LINE
8
BLACK
6
CONTINUOUS
10
6.1577680708661413
20
-3.5905313385826769
11
6.1532751574803148
21
-3.5879373622047241
0
LINE
8
BLACK
6
CONTINUOUS
10
6.1532751574803148
20
-3.5879373622047241
11
6.1532752362204723
21
-3.5879373622047241
0
LINE
8
BLACK
6
CONTINUOUS
10
6.1532752362204723
20
-3.5879373622047241
11
6.1513306692913385
21
-3.5874163385826772
0
LINE
8
BLACK
6
CONTINUOUS
10
6.1513306692913385
20
-3.5874163385826772
11
6.148263464566929
21
-3.5865944881889762
0
LINE
8
BLACK
6
CONTINUOUS
10
6.148263464566929
20
-3.5865944881889762
11
6.1430751181102359
21
-3.5865944881889762
0
LINE
8
BLACK
6
CONTINUOUS
10
6.1430751181102359
20
-3.5865944881889762
11
6.1400078740157475
21
-3.5874163385826772
0
LINE
8
BLACK
6
CONTINUOUS
10
6.1400078740157475
20
-3.5874163385826772
11
6.1380633464566925
21
-3.5879373622047241
0
LINE
8
BLACK
6
CONTINUOUS
10
6.1380633464566925
20
-3.5879373622047241
11
6.1335704724409448
21
-3.5905313385826769
0
LINE
8
BLACK
6
CONTINUOUS
10
6.1335704724409448
20
-3.5905313385826769
11
6.1299014173228343
21
-3.5942003937007874
0
LINE
8
BLACK
6
CONTINUOUS
10
6.1299014173228343
20
-3.5942003937007874
11
6.1273074409448816
21
-3.5986932677165355
0
LINE
8
BLACK
6
CONTINUOUS
10
6.1273074409448816
20
-3.5986932677165355
11
6.1271208267716535
21
-3.5993897637795276
0
LINE
8
BLACK
6
CONTINUOUS
10
6.1271208267716535
20
-3.5993897637795276
11
6.1259645669291336
21
-3.6037050393700785
0
LINE
8
BLACK
6
CONTINUOUS
10
6.1259645669291336
20
-3.6037050393700785
11
6.1259645669291336
21
-3.6088933858267715
0
LINE
8
BLACK
6
CONTINUOUS
10
5.4912802362204722
20
-3.5814173228346458
11
5.4912800393700785
21
-3.5814173622047245
0
LINE
8
BLACK
6
CONTINUOUS
10
5.4912800393700785
20
-3.5814173622047245
11
5.4875928346456693
21
-3.5820012992125982
0
LINE
8
BLACK
6
CONTINUOUS
10
5.4875928346456693
20
-3.5820012992125982
11
5.4875924409448817
21
-3.5820014173228345
0
LINE
8
BLACK
6
CONTINUOUS
10
5.4875924409448817
20
-3.5820014173228345
11
5.4831478740157475
21
-3.5842660629921257
0
LINE
8
BLACK
6
CONTINUOUS
10
5.4831478740157475
20
-3.5842660629921257
11
5.4796203937007872
21
-3.5877935433070864
0
LINE
8
BLACK
6
CONTINUOUS
10
5.4796203937007872
20
-3.5877935433070864
11
5.4773557480314956
21
-3.5922381102362202
0
LINE
8
BLACK
6
CONTINUOUS
10
5.4773557480314956
20
-3.5922381102362202
11
5.4773556692913381
21
-3.592238307086614
0
LINE
8
BLACK
6
CONTINUOUS
10
5.4773556692913381
20
-3.592238307086614
11
5.4769120866141732
21
-3.59503937007874
0
LINE
8
BLACK
6
CONTINUOUS
10
5.4769120866141732
20
-3.59503937007874
11
5.4850685433070865
21
-3.59503937007874
0
LINE
8
BLACK
6
CONTINUOUS
10
5.4850685433070865
20
-3.59503937007874
11
5.4852450393700787
21
-3.594152086614173
0
LINE
8
BLACK
6
CONTINUOUS
10
5.4852450393700787
20
-3.594152086614173
11
5.4869519291338582
21
-3.5915975984251967
0
LINE
8
BLACK
6
CONTINUOUS
10
5.4869519291338582
20
-3.5915975984251967
11
5.4895064173228345
21
-3.5898907086614171
0
LINE
8
BLACK
6
CONTINUOUS
10
5.4895064173228345
20
-3.5898907086614171
11
5.4925196850393698
21
-3.5892913385826772
0
LINE
8
BLACK
6
CONTINUOUS
10
5.4925196850393698
20
-3.5892913385826772
11
5.4933464566929135
21
-3.5892913385826772
0
LINE
8
BLACK
6
CONTINUOUS
10
5.4933464566929135
20
-3.5892913385826772
11
5.4933464566929135
21
-3.5814173622047245
0
LINE
8
BLACK
6
CONTINUOUS
10
5.4933464566929135
20
-3.5814173622047245
11
5.4933464566929135
21
-3.581417283464567
0
LINE
8
BLACK
6
CONTINUOUS
10
5.4933464566929135
20
-3.581417283464567
11
5.4912802362204722
21
-3.5814173228346458
0
LINE
8
BLACK
6
CONTINUOUS
10
5.5762802362204722
20
-3.5814173228346458
11
5.5762800393700784
21
-3.5814173622047245
0
LINE
8
BLACK
6
CONTINUOUS
10
5.5762800393700784
20
-3.5814173622047245
11
5.5725928346456692
21
-3.5820012992125982
0
LINE
8
BLACK
6
CONTINUOUS
10
5.5725928346456692
20
-3.5820012992125982
11
5.5725924409448817
21
-3.5820014173228345
0
LINE
8
BLACK
6
CONTINUOUS
10
5.5725924409448817
20
-3.5820014173228345
11
5.5681478740157475
21
-3.5842660629921257
0
LINE
8
BLACK
6
CONTINUOUS
10
5.5681478740157475
20
-3.5842660629921257
11
5.5646203937007872
21
-3.5877935433070864
0
LINE
8
BLACK
6
CONTINUOUS
10
5.5646203937007872
20
-3.5877935433070864
11
5.5623557480314956
21
-3.5922381102362202
0
LINE
8
BLACK
6
CONTINUOUS
10
5.5623557480314956
20
-3.5922381102362202
11
5.5623556692913381
21
-3.592238307086614
0
LINE
8
BLACK
6
CONTINUOUS
10
5.5623556692913381
20
-3.592238307086614
11
5.5619120866141731
21
-3.59503937007874
0
LINE
8
BLACK
6
CONTINUOUS
10
5.5619120866141731
20
-3.59503937007874
11
5.5700685433070865
21
-3.59503937007874
0
LINE
8
BLACK
6
CONTINUOUS
10
5.5700685433070865
20
-3.59503937007874
11
5.5702450393700786
21
-3.594152086614173
0
LINE
8
BLACK
6
CONTINUOUS
10
5.5702450393700786
20
-3.594152086614173
11
5.5719519291338582
21
-3.5915975984251967
0
LINE
8
BLACK
6
CONTINUOUS
10
5.5719519291338582
20
-3.5915975984251967
11
5.5745064173228345
21
-3.5898907086614171
0
LINE
8
BLACK
6
CONTINUOUS
10
5.5745064173228345
20
-3.5898907086614171
11
5.5775196850393698
21
-3.5892913385826772
0
LINE
8
BLACK
6
CONTINUOUS
10
5.5775196850393698
20
-3.5892913385826772
11
5.5783464566929135
21
-3.5892913385826772
0
LINE
8
BLACK
6
CONTINUOUS
10
5.5783464566929135
20
-3.5892913385826772
11
5.5783464566929135
21
-3.5814173622047245
0
LINE
8
BLACK
6
CONTINUOUS
10
5.5783464566929135
20
-3.5814173622047245
11
5.5783464566929135
21
-3.581417283464567
0
LINE
8
BLACK
6
CONTINUOUS
10
5.5783464566929135
20
-3.581417283464567
11
5.5762802362204722
21
-3.5814173228346458
0
LINE
8
BLACK
6
CONTINUOUS
10
6.1264566929133855
20
-3.5436918503937007
11
6.126567440944882
21
-3.5448727559055118
0
LINE
8
BLACK
6
CONTINUOUS
10
6.126567440944882
20
-3.5448727559055118
11
6.1265675196850395
21
-3.5448731102362205
0
LINE
8
BLACK
6
CONTINUOUS
10
6.1265675196850395
20
-3.5448731102362205
11
6.1283087795275586
21
-3.5498494094488189
0
LINE
8
BLACK
6
CONTINUOUS
10
6.1283087795275586
20
-3.5498494094488189
11
6.1283088188976373
21
-3.5498494488188976
0
LINE
8
BLACK
6
CONTINUOUS
10
6.1283088188976373
20
-3.5498494488188976
11
6.1283088582677161
21
-3.5498495669291339
0
LINE
8
BLACK
6
CONTINUOUS
10
6.1283088582677161
20
-3.5498495669291339
11
6.131439763779527
21
-3.5540917322834646
0
LINE
8
BLACK
6
CONTINUOUS
10
6.131439763779527
20
-3.5540917322834646
11
6.1356819291338578
21
-3.5572226377952756
0
LINE
8
BLACK
6
CONTINUOUS
10
6.1356819291338578
20
-3.5572226377952756
11
6.1406585039370079
21
-3.5589640157480313
0
LINE
8
BLACK
6
CONTINUOUS
10
6.1406585039370079
20
-3.5589640157480313
11
6.1418396062992127
21
-3.5590747637795275
0
LINE
8
BLACK
6
CONTINUOUS
10
6.1418396062992127
20
-3.5590747637795275
11
6.1418397637795277
21
-3.5590748031496062
0
LINE
8
BLACK
6
CONTINUOUS
10
6.1418397637795277
20
-3.5590748031496062
11
6.1418400000000002
21
-3.5590748031496062
0
LINE
8
BLACK
6
CONTINUOUS
10
6.1418400000000002
20
-3.5590748031496062
11
6.165246850393701
21
-3.5590748031496062
0
LINE
8
BLACK
6
CONTINUOUS
10
6.165246850393701
20
-3.5590748031496062
11
6.1652469291338585
21
-3.5590747637795275
0
LINE
8
BLACK
6
CONTINUOUS
10
6.1652469291338585
20
-3.5590747637795275
11
6.16642811023622
21
-3.5589640157480313
0
LINE
8
BLACK
6
CONTINUOUS
10
6.16642811023622
20
-3.5589640157480313
11
6.17140468503937
21
-3.5572226377952756
0
LINE
8
BLACK
6
CONTINUOUS
10
6.17140468503937
20
-3.5572226377952756
11
6.1756468503937008
21
-3.5540917322834646
0
LINE
8
BLACK
6
CONTINUOUS
10
6.1756468503937008
20
-3.5540917322834646
11
6.1787777559055117
21
-3.5498495669291339
0
LINE
8
BLACK
6
CONTINUOUS
10
6.1787777559055117
20
-3.5498495669291339
11
6.1805191338582679
21
-3.5448729921259843
0
LINE
8
BLACK
6
CONTINUOUS
10
6.1805191338582679
20
-3.5448729921259843
11
6.1806298818897636
21
-3.543691811023622
0
LINE
8
BLACK
6
CONTINUOUS
10
6.1806298818897636
20
-3.543691811023622
11
6.1806299212598423
21
-3.5436917322834645
0
LINE
8
BLACK
6
CONTINUOUS
10
6.1806299212598423
20
-3.5436917322834645
11
6.1806299212598423
21
-3.5373818897637794
0
LINE
8
BLACK
6
CONTINUOUS
10
6.1806299212598423
20
-3.5373818897637794
11
6.1813742913385825
21
-3.5350909055118112
0
LINE
8
BLACK
6
CONTINUOUS
10
6.1813742913385825
20
-3.5350909055118112
11
6.1833231102362207
21
-3.5336750000000001
0
LINE
8
BLACK
6
CONTINUOUS
10
6.1833231102362207
20
-3.5336750000000001
11
6.1845275590551179
21
-3.5334842519685039
0
LINE
8
BLACK
6
CONTINUOUS
10
6.1845275590551179
20
-3.5334842519685039
11
6.2868452755905508
21
-3.5334842519685039
0
LINE
8
BLACK
6
CONTINUOUS
10
6.2868452755905508
20
-3.5334842519685039
11
6.2885570472440939
21
-3.5338802362204724
0
LINE
8
BLACK
6
CONTINUOUS
10
6.2885570472440939
20
-3.5338802362204724
11
6.2889609055118108
21
-3.5340776771653544
0
LINE
8
BLACK
6
CONTINUOUS
10
6.2889609055118108
20
-3.5340776771653544
11
6.2916433070866145
21
-3.5344685039370076
0
LINE
8
BLACK
6
CONTINUOUS
10
6.2916433070866145
20
-3.5344685039370076
11
6.2916434251968498
21
-3.5344685039370076
0
LINE
8
BLACK
6
CONTINUOUS
10
6.2916434251968498
20
-3.5344685039370076
11
6.3493801968503938
21
-3.5344685039370076
0
LINE
8
BLACK
6
CONTINUOUS
10
6.3493801968503938
20
-3.5344685039370076
11
6.34938031496063
21
-3.5344685039370076
0
LINE
8
BLACK
6
CONTINUOUS
10
6.34938031496063
20
-3.5344685039370076
11
6.3520627165354329
21
-3.5340776771653544
0
LINE
8
BLACK
6
CONTINUOUS
10
6.3520627165354329
20
-3.5340776771653544
11
6.3524665354330709
21
-3.5338802362204724
0
LINE
8
BLACK
6
CONTINUOUS
10
6.3524665354330709
20
-3.5338802362204724
11
6.3541783464566928
21
-3.5334842519685039
0
LINE
8
BLACK
6
CONTINUOUS
10
6.3541783464566928
20
-3.5334842519685039
11
6.3667424015748031
21
-3.5334842519685039
0
LINE
8
BLACK
6
CONTINUOUS
10
6.3667424015748031
20
-3.5334842519685039
11
6.3690333858267714
21
-3.5342286220472441
0
LINE
8
BLACK
6
CONTINUOUS
10
6.3690333858267714
20
-3.5342286220472441
11
6.3694981889763778
21
-3.534625590551181
0
LINE
8
BLACK
6
CONTINUOUS
10
6.3694981889763778
20
-3.534625590551181
11
6.3734757480314963
21
-3.5386031496062991
0
LINE
8
BLACK
6
CONTINUOUS
10
6.3734757480314963
20
-3.5386031496062991
11
6.3788667716535432
21
-3.5417156299212595
0
LINE
8
BLACK
6
CONTINUOUS
10
6.3788667716535432
20
-3.5417156299212595
11
6.3848796456692911
21
-3.5433267716535433
0
LINE
8
BLACK
6
CONTINUOUS
10
6.3848796456692911
20
-3.5433267716535433
11
6.3848797244094486
21
-3.5433267716535433
0
LINE
8
BLACK
6
CONTINUOUS
10
6.3848797244094486
20
-3.5433267716535433
11
6.3911045275590546
21
-3.5433267716535433
0
LINE
8
BLACK
6
CONTINUOUS
10
6.3911045275590546
20
-3.5433267716535433
11
6.3911046062992121
21
-3.5433267716535433
0
LINE
8
BLACK
6
CONTINUOUS
10
6.3911046062992121
20
-3.5433267716535433
11
6.3971174803149609
21
-3.5417156299212595
0
LINE
8
BLACK
6
CONTINUOUS
10
6.3971174803149609
20
-3.5417156299212595
11
6.4025085039370078
21
-3.5386031496062991
0
LINE
8
BLACK
6
CONTINUOUS
10
6.4025085039370078
20
-3.5386031496062991
11
6.4069102362204724
21
-3.5342014173228344
0
LINE
8
BLACK
6
CONTINUOUS
10
6.4069102362204724
20
-3.5342014173228344
11
6.4100227165354333
21
-3.5288103937007875
0
LINE
8
BLACK
6
CONTINUOUS
10
6.4100227165354333
20
-3.5288103937007875
11
6.4116338582677166
21
-3.5227975196850392
0
LINE
8
BLACK
6
CONTINUOUS
10
6.4116338582677166
20
-3.5227975196850392
11
6.4116338582677166
21
-3.5165725590551182
0
LINE
8
BLACK
6
CONTINUOUS
10
6.4116338582677166
20
-3.5165725590551182
11
6.4100227165354333
21
-3.5105596850393699
0
LINE
8
BLACK
6
CONTINUOUS
10
6.4100227165354333
20
-3.5105596850393699
11
6.4069102362204724
21
-3.505168661417323
0
LINE
8
BLACK
6
CONTINUOUS
10
6.4069102362204724
20
-3.505168661417323
11
6.4025085039370078
21
-3.5007669291338583
0
LINE
8
BLACK
6
CONTINUOUS
10
6.4025085039370078
20
-3.5007669291338583
11
6.3971174803149609
21
-3.4976544488188974
0
LINE
8
BLACK
6
CONTINUOUS
10
6.3971174803149609
20
-3.4976544488188974
11
6.3911046062992121
21
-3.4960433070866141
0
LINE
8
BLACK
6
CONTINUOUS
10
6.3911046062992121
20
-3.4960433070866141
11
6.3848796456692911
21
-3.4960433070866141
0
LINE
8
BLACK
6
CONTINUOUS
10
6.3848796456692911
20
-3.4960433070866141
11
6.3788667716535432
21
-3.4976544488188974
0
LINE
8
BLACK
6
CONTINUOUS
10
6.3788667716535432
20
-3.4976544488188974
11
6.3734757480314963
21
-3.5007669291338583
0
LINE
8
BLACK
6
CONTINUOUS
10
6.3734757480314963
20
-3.5007669291338583
11
6.3694983464566928
21
-3.5047442913385827
0
LINE
8
BLACK
6
CONTINUOUS
10
6.3694983464566928
20
-3.5047442913385827
11
6.3692182283464565
21
-3.5048870078740157
0
LINE
8
BLACK
6
CONTINUOUS
10
6.3692182283464565
20
-3.5048870078740157
11
6.3690333858267714
21
-3.5051414566929133
0
LINE
8
BLACK
6
CONTINUOUS
10
6.3690333858267714
20
-3.5051414566929133
11
6.3681653149606294
21
-3.5054234645669289
0
LINE
8
BLACK
6
CONTINUOUS
10
6.3681653149606294
20
-3.5054234645669289
11
6.3673521259842518
21
-3.5058378346456691
0
LINE
8
BLACK
6
CONTINUOUS
10
6.3673521259842518
20
-3.5058378346456691
11
6.3667424015748031
21
-3.5058858267716535
0
LINE
8
BLACK
6
CONTINUOUS
10
6.3667424015748031
20
-3.5058858267716535
11
6.3644106299212595
21
-3.5058858267716535
0
LINE
8
BLACK
6
CONTINUOUS
10
6.3644106299212595
20
-3.5058858267716535
11
6.3621196456692912
21
-3.5051414566929133
0
LINE
8
BLACK
6
CONTINUOUS
10
6.3621196456692912
20
-3.5051414566929133
11
6.3609090157480317
21
-3.5036999999999998
0
LINE
8
BLACK
6
CONTINUOUS
10
6.3609090157480317
20
-3.5036999999999998
11
6.3603486614173228
21
-3.5025537795275592
0
LINE
8
BLACK
6
CONTINUOUS
10
6.3603486614173228
20
-3.5025537795275592
11
6.3594566141732285
21
-3.5007290157480315
0
LINE
8
BLACK
6
CONTINUOUS
10
6.3594566141732285
20
-3.5007290157480315
11
6.3562001181102357
21
-3.4974725196850391
0
LINE
8
BLACK
6
CONTINUOUS
10
6.3562001181102357
20
-3.4974725196850391
11
6.3560405905511805
21
-3.497394527559055
0
LINE
8
BLACK
6
CONTINUOUS
10
6.3560405905511805
20
-3.497394527559055
11
6.3520627952755904
21
-3.4954498818897637
0
LINE
8
BLACK
6
CONTINUOUS
10
6.3520627952755904
20
-3.4954498818897637
11
6.3505962598425194
21
-3.495236220472441
0
LINE
8
BLACK
6
CONTINUOUS
10
6.3505962598425194
20
-3.495236220472441
11
6.34938031496063
21
-3.49505905511811
0
LINE
8
BLACK
6
CONTINUOUS
10
6.34938031496063
20
-3.49505905511811
11
6.2916433070866145
21
-3.49505905511811
0
LINE
8
BLACK
6
CONTINUOUS
10
6.2916433070866145
20
-3.49505905511811
11
6.2904273622047242
21
-3.495236220472441
0
LINE
8
BLACK
6
CONTINUOUS
10
6.2904273622047242
20
-3.495236220472441
11
6.2889607874015745
21
-3.4954498818897637
0
LINE
8
BLACK
6
CONTINUOUS
10
6.2889607874015745
20
-3.4954498818897637
11
6.2848235433070867
21
-3.4974724803149604
0
LINE
8
BLACK
6
CONTINUOUS
10
6.2848235433070867
20
-3.4974724803149604
11
6.2815669685039373
21
-3.5007290551181103
0
LINE
8
BLACK
6
CONTINUOUS
10
6.2815669685039373
20
-3.5007290551181103
11
6.2801146062992128
21
-3.5036999999999998
0
LINE
8
BLACK
6
CONTINUOUS
10
6.2801146062992128
20
-3.5036999999999998
11
6.2784396850393698
21
-3.5054312598425197
0
LINE
8
BLACK
6
CONTINUOUS
10
6.2784396850393698
20
-3.5054312598425197
11
6.2766129921259841
21
-3.5058858267716535
0
LINE
8
BLACK
6
CONTINUOUS
10
6.2766129921259841
20
-3.5058858267716535
11
6.184397952755905
21
-3.5058858267716535
0
LINE
8
BLACK
6
CONTINUOUS
10
6.184397952755905
20
-3.5058858267716535
11
6.1821069685039367
21
-3.5051414566929133
0
LINE
8
BLACK
6
CONTINUOUS
10
6.1821069685039367
20
-3.5051414566929133
11
6.1806910629921257
21
-3.5031926377952756
0
LINE
8
BLACK
6
CONTINUOUS
10
6.1806910629921257
20
-3.5031926377952756
11
6.180559015748031
21
-3.5025537795275592
0
LINE
8
BLACK
6
CONTINUOUS
10
6.180559015748031
20
-3.5025537795275592
11
6.1805191338582679
21
-3.5023712992125984
0
LINE
8
BLACK
6
CONTINUOUS
10
6.1805191338582679
20
-3.5023712992125984
11
6.1805191338582679
21
-3.5023711023622046
0
LINE
8
BLACK
6
CONTINUOUS
10
6.1805191338582679
20
-3.5023711023622046
11
6.1787777559055117
21
-3.497394527559055
0
LINE
8
BLACK
6
CONTINUOUS
10
6.1787777559055117
20
-3.497394527559055
11
6.1756468503937008
21
-3.4931523622047242
0
LINE
8
BLACK
6
CONTINUOUS
10
6.1756468503937008
20
-3.4931523622047242
11
6.17140468503937
21
-3.4900214566929133
0
LINE
8
BLACK
6
CONTINUOUS
10
6.17140468503937
20
-3.4900214566929133
11
6.1714045669291338
21
-3.4900214173228346
0
LINE
8
BLACK
6
CONTINUOUS
10
6.1714045669291338
20
-3.4900214173228346
11
6.171404527559055
21
-3.4900213779527558
0
LINE
8
BLACK
6
CONTINUOUS
10
6.171404527559055
20
-3.4900213779527558
11
6.1664282283464562
21
-3.4882801181102363
0
LINE
8
BLACK
6
CONTINUOUS
10
6.1664282283464562
20
-3.4882801181102363
11
6.1664281889763775
21
-3.4882800787401576
0
LINE
8
BLACK
6
CONTINUOUS
10
6.1664281889763775
20
-3.4882800787401576
11
6.16642811023622
21
-3.4882800787401576
0
LINE
8
BLACK
6
CONTINUOUS
10
6.16642811023622
20
-3.4882800787401576
11
6.1664279921259837
21
-3.4882800393700788
0
LINE
8
BLACK
6
CONTINUOUS
10
6.1664279921259837
20
-3.4882800393700788
11
6.1664278740157483
21
-3.4882800393700788
0
LINE
8
BLACK
6
CONTINUOUS
10
6.1664278740157483
20
-3.4882800393700788
11
6.1652469685039373
21
-3.4881692913385827
0
LINE
8
BLACK
6
CONTINUOUS
10
6.1652469685039373
20
-3.4881692913385827
11
6.1652466141732285
21
-3.4881692913385827
0
LINE
8
BLACK
6
CONTINUOUS
10
6.1652466141732285
20
-3.4881692913385827
11
6.1418400000000002
21
-3.4881692913385827
0
LINE
8
BLACK
6
CONTINUOUS
10
6.1418400000000002
20
-3.4881692913385827
11
6.1418396062992127
21
-3.4881692913385827
0
LINE
8
BLACK
6
CONTINUOUS
10
6.1418396062992127
20
-3.4881692913385827
11
6.1406587007874016
21
-3.4882800393700788
0
LINE
8
BLACK
6
CONTINUOUS
10
6.1406587007874016
20
-3.4882800393700788
11
6.1406583464566928
21
-3.4882801181102363
0
LINE
8
BLACK
6
CONTINUOUS
10
6.1406583464566928
20
-3.4882801181102363
11
6.1356820472440941
21
-3.4900213779527558
0
LINE
8
BLACK
6
CONTINUOUS
10
6.1356820472440941
20
-3.4900213779527558
11
6.1314398031496058
21
-3.4931523228346455
0
LINE
8
BLACK
6
CONTINUOUS
10
6.1314398031496058
20
-3.4931523228346455
11
6.1314397244094483
21
-3.493152401574803
0
LINE
8
BLACK
6
CONTINUOUS
10
6.1314397244094483
20
-3.493152401574803
11
6.1283087795275586
21
-3.4973946456692913
0
LINE
8
BLACK
6
CONTINUOUS
10
6.1283087795275586
20
-3.4973946456692913
11
6.1265675196850395
21
-3.5023709448818896
0
LINE
8
BLACK
6
CONTINUOUS
10
6.1265675196850395
20
-3.5023709448818896
11
6.126567440944882
21
-3.5023712992125984
0
LINE
8
BLACK
6
CONTINUOUS
10
6.126567440944882
20
-3.5023712992125984
11
6.1264566929133855
21
-3.5035522047244094
0
LINE
8
BLACK
6
CONTINUOUS
10
6.1264566929133855
20
-3.5035522047244094
11
6.1264566929133855
21
-3.5436918503937007
0
LINE
8
BLACK
6
CONTINUOUS
10
6.3998582283464565
20
-3.4144822834645669
11
6.399858149606299
21
-3.4144822834645669
0
LINE
8
BLACK
6
CONTINUOUS
10
6.399858149606299
20
-3.4144822834645669
11
6.3948170078740159
21
-3.4162462204724409
0
LINE
8
BLACK
6
CONTINUOUS
10
6.3948170078740159
20
-3.4162462204724409
11
6.3905200393700783
21
-3.4194175984251967
0
LINE
8
BLACK
6
CONTINUOUS
10
6.3905200393700783
20
-3.4194175984251967
11
6.3905199606299208
21
-3.4194176771653542
0
LINE
8
BLACK
6
CONTINUOUS
10
6.3905199606299208
20
-3.4194176771653542
11
6.3873485826771654
21
-3.4237146456692913
0
LINE
8
BLACK
6
CONTINUOUS
10
6.3873485826771654
20
-3.4237146456692913
11
6.3855846456692911
21
-3.4287558267716536
0
LINE
8
BLACK
6
CONTINUOUS
10
6.3855846456692911
20
-3.4287558267716536
11
6.3854724409448815
21
-3.429952283464567
0
LINE
8
BLACK
6
CONTINUOUS
10
6.3854724409448815
20
-3.429952283464567
11
6.3854724409448815
21
-3.4319290944881891
0
LINE
8
BLACK
6
CONTINUOUS
10
6.3854724409448815
20
-3.4319290944881891
11
6.3854724803149603
21
-3.4319291338582678
0
LINE
8
BLACK
6
CONTINUOUS
10
6.3854724803149603
20
-3.4319291338582678
11
6.3933777952755904
21
-3.4319291338582678
0
LINE
8
BLACK
6
CONTINUOUS
10
6.3933777952755904
20
-3.4319291338582678
11
6.3940956692913389
21
-3.4283200393700786
0
LINE
8
BLACK
6
CONTINUOUS
10
6.3940956692913389
20
-3.4283200393700786
11
6.3962292519685038
21
-3.4251268897637797
0
LINE
8
BLACK
6
CONTINUOUS
10
6.3962292519685038
20
-3.4251268897637797
11
6.3994224015748031
21
-3.4229933070866143
0
LINE
8
BLACK
6
CONTINUOUS
10
6.3994224015748031
20
-3.4229933070866143
11
6.4031889763779528
21
-3.4222440944881889
0
LINE
8
BLACK
6
CONTINUOUS
10
6.4031889763779528
20
-3.4222440944881889
11
6.4364960629921262
21
-3.4222440944881889
0
LINE
8
BLACK
6
CONTINUOUS
10
6.4364960629921262
20
-3.4222440944881889
11
6.4364960629921262
21
-3.4156526771653541
0
LINE
8
BLACK
6
CONTINUOUS
10
6.4364960629921262
20
-3.4156526771653541
11
6.4362909448818897
21
-3.4156526771653541
0
LINE
8
BLACK
6
CONTINUOUS
10
6.4362909448818897
20
-3.4156526771653541
11
6.4323199606299211
21
-3.4145886614173229
0
LINE
8
BLACK
6
CONTINUOUS
10
6.4323199606299211
20
-3.4145886614173229
11
6.4319413779527554
21
-3.4143700787401574
0
LINE
8
BLACK
6
CONTINUOUS
10
6.4319413779527554
20
-3.4143700787401574
11
6.4010549606299207
21
-3.4143700787401574
0
LINE
8
BLACK
6
CONTINUOUS
10
6.4010549606299207
20
-3.4143700787401574
11
6.3998582283464565
21
-3.4144822834645669
0
LINE
8
BLACK
6
CONTINUOUS
10
6.3854724803149603
20
-4.4676851574803145
11
6.3855846456692911
21
-4.4688818897637796
0
LINE
8
BLACK
6
CONTINUOUS
10
6.3855846456692911
20
-4.4688818897637796
11
6.3855846456692911
21
-4.4688819685039372
0
LINE
8
BLACK
6
CONTINUOUS
10
6.3855846456692911
20
-4.4688819685039372
11
6.3873485826771654
21
-4.4739231102362202
0
LINE
8
BLACK
6
CONTINUOUS
10
6.3873485826771654
20
-4.4739231102362202
11
6.3905199606299208
21
-4.4782200787401578
0
LINE
8
BLACK
6
CONTINUOUS
10
6.3905199606299208
20
-4.4782200787401578
11
6.3905200393700783
21
-4.4782201574803144
0
LINE
8
BLACK
6
CONTINUOUS
10
6.3905200393700783
20
-4.4782201574803144
11
6.3948170078740159
21
-4.4813915354330707
0
LINE
8
BLACK
6
CONTINUOUS
10
6.3948170078740159
20
-4.4813915354330707
11
6.3998581889763777
21
-4.483155472440945
0
LINE
8
BLACK
6
CONTINUOUS
10
6.3998581889763777
20
-4.483155472440945
11
6.4010546850393704
21
-4.4832676771653546
0
LINE
8
BLACK
6
CONTINUOUS
10
6.4010546850393704
20
-4.4832676771653546
11
6.4364959842519687
21
-4.4832676771653546
0
LINE
8
BLACK
6
CONTINUOUS
10
6.4364959842519687
20
-4.4832676771653546
11
6.4364960629921262
21
-4.4832676377952758
0
LINE
8
BLACK
6
CONTINUOUS
10
6.4364960629921262
20
-4.4832676377952758
11
6.4364960629921262
21
-4.4753937007874018
0
LINE
8
BLACK
6
CONTINUOUS
10
6.4364960629921262
20
-4.4753937007874018
11
6.4031889763779528
21
-4.4753937007874018
0
LINE
8
BLACK
6
CONTINUOUS
10
6.4031889763779528
20
-4.4753937007874018
11
6.3994224015748031
21
-4.474644488188976
0
LINE
8
BLACK
6
CONTINUOUS
10
6.3994224015748031
20
-4.474644488188976
11
6.3962292519685038
21
-4.4725109055118111
0
LINE
8
BLACK
6
CONTINUOUS
10
6.3962292519685038
20
-4.4725109055118111
11
6.3940956692913389
21
-4.4693177559055117
0
LINE
8
BLACK
6
CONTINUOUS
10
6.3940956692913389
20
-4.4693177559055117
11
6.3933777952755904
21
-4.4657086614173229
0
LINE
8
BLACK
6
CONTINUOUS
10
6.3933777952755904
20
-4.4657086614173229
11
6.385472519685039
21
-4.4657086614173229
0
LINE
8
BLACK
6
CONTINUOUS
10
6.385472519685039
20
-4.4657086614173229
11
6.3854724803149603
21
-4.4657087007874017
0
LINE
8
BLACK
6
CONTINUOUS
10
6.3854724803149603
20
-4.4657087007874017
11
6.3854724803149603
21
-4.4676851574803145
0
LINE
8
BLACK
6
CONTINUOUS
10
6.3854724409448815
20
-4.4457086220472437
11
6.3854724803149603
21
-4.4457086614173225
0
LINE
8
BLACK
6
CONTINUOUS
10
6.3854724803149603
20
-4.4457086614173225
11
6.3933777952755904
21
-4.4457086614173225
0
LINE
8
BLACK
6
CONTINUOUS
10
6.3933777952755904
20
-4.4457086614173225
11
6.3940956692913389
21
-4.4420995669291337
0
LINE
8
BLACK
6
CONTINUOUS
10
6.3940956692913389
20
-4.4420995669291337
11
6.3962292519685038
21
-4.4389064173228343
0
LINE
8
BLACK
6
CONTINUOUS
10
6.3962292519685038
20
-4.4389064173228343
11
6.3994224015748031
21
-4.4367728346456694
0
LINE
8
BLACK
6
CONTINUOUS
10
6.3994224015748031
20
-4.4367728346456694
11
6.4031889763779528
21
-4.4360236220472444
0
LINE
8
BLACK
6
CONTINUOUS
10
6.4031889763779528
20
-4.4360236220472444
11
6.4364960629921262
21
-4.4360236220472444
0
LINE
8
BLACK
6
CONTINUOUS
10
6.4364960629921262
20
-4.4360236220472444
11
6.4364960629921262
21
-4.4281496456692908
0
LINE
8
BLACK
6
CONTINUOUS
10
6.4364960629921262
20
-4.4281496456692908
11
6.4364960236220474
21
-4.4281496062992121
0
LINE
8
BLACK
6
CONTINUOUS
10
6.4364960236220474
20
-4.4281496062992121
11
6.4010549606299207
21
-4.4281496062992121
0
LINE
8
BLACK
6
CONTINUOUS
10
6.4010549606299207
20
-4.4281496062992121
11
6.3998582283464565
21
-4.4282618110236216
0
LINE
8
BLACK
6
CONTINUOUS
10
6.3998582283464565
20
-4.4282618110236216
11
6.399858149606299
21
-4.4282618110236216
0
LINE
8
BLACK
6
CONTINUOUS
10
6.399858149606299
20
-4.4282618110236216
11
6.3948170078740159
21
-4.430025748031496
0
LINE
8
BLACK
6
CONTINUOUS
10
6.3948170078740159
20
-4.430025748031496
11
6.3905200393700783
21
-4.4331971259842522
0
LINE
8
BLACK
6
CONTINUOUS
10
6.3905200393700783
20
-4.4331971259842522
11
6.3905199606299208
21
-4.4331972047244097
0
LINE
8
BLACK
6
CONTINUOUS
10
6.3905199606299208
20
-4.4331972047244097
11
6.3873485826771654
21
-4.4374941732283464
0
LINE
8
BLACK
6
CONTINUOUS
10
6.3873485826771654
20
-4.4374941732283464
11
6.3855846456692911
21
-4.4425353543307082
0
LINE
8
BLACK
6
CONTINUOUS
10
6.3855846456692911
20
-4.4425353543307082
11
6.3854724409448815
21
-4.4437318110236221
0
LINE
8
BLACK
6
CONTINUOUS
10
6.3854724409448815
20
-4.4437318110236221
11
6.3854724409448815
21
-4.4457086220472437
0
LINE
8
BLACK
6
CONTINUOUS
10
5.5840842913385824
20
-4.3679527559055114
11
5.5842607874015746
21
-4.3670654724409443
0
LINE
8
BLACK
6
CONTINUOUS
10
5.5842607874015746
20
-4.3670654724409443
11
5.5859676771653541
21
-4.364510984251968
0
LINE
8
BLACK
6
CONTINUOUS
10
5.5859676771653541
20
-4.364510984251968
11
5.5885221653543304
21
-4.3628040944881885
0
LINE
8
BLACK
6
CONTINUOUS
10
5.5885221653543304
20
-4.3628040944881885
11
5.5915354330708658
21
-4.3622047244094491
0
LINE
8
BLACK
6
CONTINUOUS
10
5.5915354330708658
20
-4.3622047244094491
11
5.5923622047244095
21
-4.3622047244094491
0
LINE
8
BLACK
6
CONTINUOUS
10
5.5923622047244095
20
-4.3622047244094491
11
5.5923622047244095
21
-4.3543307480314963
0
LINE
8
BLACK
6
CONTINUOUS
10
5.5923622047244095
20
-4.3543307480314963
11
5.5923622047244095
21
-4.3543306692913388
0
LINE
8
BLACK
6
CONTINUOUS
10
5.5923622047244095
20
-4.3543306692913388
11
5.5902959842519682
21
-4.3543307086614176
0
LINE
8
BLACK
6
CONTINUOUS
10
5.5902959842519682
20
-4.3543307086614176
11
5.5902957874015744
21
-4.3543307480314963
0
LINE
8
BLACK
6
CONTINUOUS
10
5.5902957874015744
20
-4.3543307480314963
11
5.5866085826771652
21
-4.3549146850393701
0
LINE
8
BLACK
6
CONTINUOUS
10
5.5866085826771652
20
-4.3549146850393701
11
5.5866081889763777
21
-4.3549148031496063
0
LINE
8
BLACK
6
CONTINUOUS
10
5.5866081889763777
20
-4.3549148031496063
11
5.5821636220472444
21
-4.357179448818898
0
LINE
8
BLACK
6
CONTINUOUS
10
5.5821636220472444
20
-4.357179448818898
11
5.5786361417322832
21
-4.3607069291338583
0
LINE
8
BLACK
6
CONTINUOUS
10
5.5786361417322832
20
-4.3607069291338583
11
5.5763714960629924
21
-4.3651514960629925
0
LINE
8
BLACK
6
CONTINUOUS
10
5.5763714960629924
20
-4.3651514960629925
11
5.5763714173228349
21
-4.3651516929133853
0
LINE
8
BLACK
6
CONTINUOUS
10
5.5763714173228349
20
-4.3651516929133853
11
5.5759278346456691
21
-4.3679527559055114
0
LINE
8
BLACK
6
CONTINUOUS
10
5.5759278346456691
20
-4.3679527559055114
11
5.5840842913385824
21
-4.3679527559055114
0
LINE
8
BLACK
6
CONTINUOUS
10
6.330511811023622
20
-4.3710629921259843
11
6.3480708661417324
21
-4.3710629921259843
0
LINE
8
BLACK
6
CONTINUOUS
10
6.3480708661417324
20
-4.3710629921259843
11
6.3503308267716534
21
-4.3715125196850391
0
LINE
8
BLACK
6
CONTINUOUS
10
6.3503308267716534
20
-4.3715125196850391
11
6.3522466929133854
21
-4.3727926771653545
0
LINE
8
BLACK
6
CONTINUOUS
10
6.3522466929133854
20
-4.3727926771653545
11
6.3523010236220472
21
-4.3728740157480317
0
LINE
8
BLACK
6
CONTINUOUS
10
6.3523010236220472
20
-4.3728740157480317
11
6.3614071653543309
21
-4.3728740157480317
0
LINE
8
BLACK
6
CONTINUOUS
10
6.3614071653543309
20
-4.3728740157480317
11
6.3594403937007868
21
-4.3688508661417318
0
LINE
8
BLACK
6
CONTINUOUS
10
6.3594403937007868
20
-4.3688508661417318
11
6.3561884645669293
21
-4.3655989370078743
0
LINE
8
BLACK
6
CONTINUOUS
10
6.3561884645669293
20
-4.3655989370078743
11
6.3520570078740155
21
-4.3635792125984247
0
LINE
8
BLACK
6
CONTINUOUS
10
6.3520570078740155
20
-4.3635792125984247
11
6.3493785826771649
21
-4.3631889763779528
0
LINE
8
BLACK
6
CONTINUOUS
10
6.3493785826771649
20
-4.3631889763779528
11
6.3305118503937008
21
-4.3631889763779528
0
LINE
8
BLACK
6
CONTINUOUS
10
6.3305118503937008
20
-4.3631889763779528
11
6.330511811023622
21
-4.3631890157480315
0
LINE
8
BLACK
6
CONTINUOUS
10
6.330511811023622
20
-4.3631890157480315
11
6.330511811023622
21
-4.3710629921259843
0
LINE
8
BLACK
6
CONTINUOUS
10
5.6123622047244091
20
-4.3622047244094491
11
5.6131889763779528
21
-4.3622047244094491
0
LINE
8
BLACK
6
CONTINUOUS
10
5.6131889763779528
20
-4.3622047244094491
11
5.6162022440944881
21
-4.3628040944881885
0
LINE
8
BLACK
6
CONTINUOUS
10
5.6162022440944881
20
-4.3628040944881885
11
5.6187567322834644
21
-4.364510984251968
0
LINE
8
BLACK
6
CONTINUOUS
10
5.6187567322834644
20
-4.364510984251968
11
5.6204636220472439
21
-4.3670654724409443
0
LINE
8
BLACK
6
CONTINUOUS
10
5.6204636220472439
20
-4.3670654724409443
11
5.6206401181102361
21
-4.3679527559055114
0
LINE
8
BLACK
6
CONTINUOUS
10
5.6206401181102361
20
-4.3679527559055114
11
5.6287965354330707
21
-4.3679527559055114
0
LINE
8
BLACK
6
CONTINUOUS
10
5.6287965354330707
20
-4.3679527559055114
11
5.6283529527559057
21
-4.3651516929133853
0
LINE
8
BLACK
6
CONTINUOUS
10
5.6283529527559057
20
-4.3651516929133853
11
5.6283528740157482
21
-4.3651514960629925
0
LINE
8
BLACK
6
CONTINUOUS
10
5.6283528740157482
20
-4.3651514960629925
11
5.6260882283464566
21
-4.3607069291338583
0
LINE
8
BLACK
6
CONTINUOUS
10
5.6260882283464566
20
-4.3607069291338583
11
5.6225607480314963
21
-4.357179448818898
0
LINE
8
BLACK
6
CONTINUOUS
10
5.6225607480314963
20
-4.357179448818898
11
5.6181161811023621
21
-4.3549148031496063
0
LINE
8
BLACK
6
CONTINUOUS
10
5.6181161811023621
20
-4.3549148031496063
11
5.6181160236220471
21
-4.3549147637795276
0
LINE
8
BLACK
6
CONTINUOUS
10
5.6181160236220471
20
-4.3549147637795276
11
5.6144285039370079
21
-4.3543307086614176
0
LINE
8
BLACK
6
CONTINUOUS
10
5.6144285039370079
20
-4.3543307086614176
11
5.6123622440944878
21
-4.3543307086614176
0
LINE
8
BLACK
6
CONTINUOUS
10
5.6123622440944878
20
-4.3543307086614176
11
5.6123622047244091
21
-4.3543307480314963
0
LINE
8
BLACK
6
CONTINUOUS
10
5.6123622047244091
20
-4.3543307480314963
11
5.6123622047244091
21
-4.3622047244094491
0
LINE
8
BLACK
6
CONTINUOUS
10
5.6748330708661419
20
-4.1991324803149608
11
5.6748331496062994
21
-4.1991326377952758
0
LINE
8
BLACK
6
CONTINUOUS
10
5.6748331496062994
20
-4.1991326377952758
11
5.677239409448819
21
-4.2038551574803149
0
LINE
8
BLACK
6
CONTINUOUS
10
5.677239409448819
20
-4.2038551574803149
11
5.6809873228346452
21
-4.207603070866142
0
LINE
8
BLACK
6
CONTINUOUS
10
5.6809873228346452
20
-4.207603070866142
11
5.6857098425196853
21
-4.2100093307086617
0
LINE
8
BLACK
6
CONTINUOUS
10
5.6857098425196853
20
-4.2100093307086617
11
5.6857098031496065
21
-4.2100093307086617
0
LINE
8
BLACK
6
CONTINUOUS
10
5.6857098031496065
20
-4.2100093307086617
11
5.68962779527559
21
-4.2106298818897638
0
LINE
8
BLACK
6
CONTINUOUS
10
5.68962779527559
20
-4.2106298818897638
11
5.690787401574803
21
-4.2106298818897638
0
LINE
8
BLACK
6
CONTINUOUS
10
5.690787401574803
20
-4.2106298818897638
11
5.690787401574803
21
-4.2027245669291338
0
LINE
8
BLACK
6
CONTINUOUS
10
5.690787401574803
20
-4.2027245669291338
11
5.6875549606299209
21
-4.2020816141732285
0
LINE
8
BLACK
6
CONTINUOUS
10
5.6875549606299209
20
-4.2020816141732285
11
5.6846811417322831
21
-4.2001613779527558
0
LINE
8
BLACK
6
CONTINUOUS
10
5.6846811417322831
20
-4.2001613779527558
11
5.6827609055118105
21
-4.197287559055118
0
LINE
8
BLACK
6
CONTINUOUS
10
5.6827609055118105
20
-4.197287559055118
11
5.6823137007874012
21
-4.1950393700787405
0
LINE
8
BLACK
6
CONTINUOUS
10
5.6823137007874012
20
-4.1950393700787405
11
5.6742126771653538
21
-4.1950393700787405
0
LINE
8
BLACK
6
CONTINUOUS
10
5.6742126771653538
20
-4.1950393700787405
11
5.6742126377952751
21
-4.1950394094488184
0
LINE
8
BLACK
6
CONTINUOUS
10
5.6742126377952751
20
-4.1950394094488184
11
5.6742126377952751
21
-4.1952146850393701
0
LINE
8
BLACK
6
CONTINUOUS
10
5.6742126377952751
20
-4.1952146850393701
11
5.6742125984251963
21
-4.1952146850393701
0
LINE
8
BLACK
6
CONTINUOUS
10
5.6742125984251963
20
-4.1952146850393701
11
5.6748330708661419
21
-4.1991324803149608
0
LINE
8
BLACK
6
CONTINUOUS
10
5.6742125984251963
20
-4.1750393307086613
11
5.6742126377952751
21
-4.17503937007874
0
LINE
8
BLACK
6
CONTINUOUS
10
5.6742126377952751
20
-4.17503937007874
11
5.6823137007874012
21
-4.17503937007874
0
LINE
8
BLACK
6
CONTINUOUS
10
5.6823137007874012
20
-4.17503937007874
11
5.6827609055118105
21
-4.1727911811023617
0
LINE
8
BLACK
6
CONTINUOUS
10
5.6827609055118105
20
-4.1727911811023617
11
5.6846811417322831
21
-4.1699173622047248
0
LINE
8
BLACK
6
CONTINUOUS
10
5.6846811417322831
20
-4.1699173622047248
11
5.6875549606299209
21
-4.1679971259842521
0
LINE
8
BLACK
6
CONTINUOUS
10
5.6875549606299209
20
-4.1679971259842521
11
5.690787401574803
21
-4.167354133858268
0
LINE
8
BLACK
6
CONTINUOUS
10
5.690787401574803
20
-4.167354133858268
11
5.690787401574803
21
-4.1594488582677167
0
LINE
8
BLACK
6
CONTINUOUS
10
5.690787401574803
20
-4.1594488582677167
11
5.690787401574803
21
-4.159448818897638
0
LINE
8
BLACK
6
CONTINUOUS
10
5.690787401574803
20
-4.159448818897638
11
5.6896278346456688
21
-4.159448818897638
0
LINE
8
BLACK
6
CONTINUOUS
10
5.6896278346456688
20
-4.159448818897638
11
5.6896277165354325
21
-4.1594488582677167
0
LINE
8
BLACK
6
CONTINUOUS
10
5.6896277165354325
20
-4.1594488582677167
11
5.6857100000000003
21
-4.1600692913385826
0
LINE
8
BLACK
6
CONTINUOUS
10
5.6857100000000003
20
-4.1600692913385826
11
5.6857098425196853
21
-4.1600693700787401
0
LINE
8
BLACK
6
CONTINUOUS
10
5.6857098425196853
20
-4.1600693700787401
11
5.6809873228346452
21
-4.1624756299212597
0
LINE
8
BLACK
6
CONTINUOUS
10
5.6809873228346452
20
-4.1624756299212597
11
5.677239409448819
21
-4.1662235433070869
0
LINE
8
BLACK
6
CONTINUOUS
10
5.677239409448819
20
-4.1662235433070869
11
5.6748331496062994
21
-4.170946062992126
0
LINE
8
BLACK
6
CONTINUOUS
10
5.6748331496062994
20
-4.170946062992126
11
5.6742125984251963
21
-4.1748640157480317
0
LINE
8
BLACK
6
CONTINUOUS
10
5.6742125984251963
20
-4.1748640157480317
11
5.6742125984251963
21
-4.1750393307086613
0
LINE
8
BLACK
6
CONTINUOUS
10
5.7107874015748026
20
-4.167354133858268
11
5.7140198425196846
21
-4.1679971259842521
0
LINE
8
BLACK
6
CONTINUOUS
10
5.7140198425196846
20
-4.1679971259842521
11
5.7168936614173225
21
-4.1699173622047248
0
LINE
8
BLACK
6
CONTINUOUS
10
5.7168936614173225
20
-4.1699173622047248
11
5.7188138976377951
21
-4.1727911811023617
0
LINE
8
BLACK
6
CONTINUOUS
10
5.7188138976377951
20
-4.1727911811023617
11
5.7192611023622044
21
-4.17503937007874
0
LINE
8
BLACK
6
CONTINUOUS
10
5.7192611023622044
20
-4.17503937007874
11
5.7273621259842518
21
-4.17503937007874
0
LINE
8
BLACK
6
CONTINUOUS
10
5.7273621259842518
20
-4.17503937007874
11
5.7273621653543305
21
-4.1750393307086613
0
LINE
8
BLACK
6
CONTINUOUS
10
5.7273621653543305
20
-4.1750393307086613
11
5.7273621653543305
21
-4.1748640157480317
0
LINE
8
BLACK
6
CONTINUOUS
10
5.7273621653543305
20
-4.1748640157480317
11
5.7267416929133859
21
-4.170946220472441
0
LINE
8
BLACK
6
CONTINUOUS
10
5.7267416929133859
20
-4.170946220472441
11
5.7267416141732284
21
-4.170946062992126
0
LINE
8
BLACK
6
CONTINUOUS
10
5.7267416141732284
20
-4.170946062992126
11
5.7243353543307087
21
-4.1662235433070869
0
LINE
8
BLACK
6
CONTINUOUS
10
5.7243353543307087
20
-4.1662235433070869
11
5.7205874409448816
21
-4.1624756299212597
0
LINE
8
BLACK
6
CONTINUOUS
10
5.7205874409448816
20
-4.1624756299212597
11
5.7158649212598425
21
-4.1600693700787401
0
LINE
8
BLACK
6
CONTINUOUS
10
5.7158649212598425
20
-4.1600693700787401
11
5.7158649606299212
21
-4.1600693700787401
0
LINE
8
BLACK
6
CONTINUOUS
10
5.7158649606299212
20
-4.1600693700787401
11
5.7119470078740155
21
-4.159448818897638
0
LINE
8
BLACK
6
CONTINUOUS
10
5.7119470078740155
20
-4.159448818897638
11
5.7107874409448813
21
-4.159448818897638
0
LINE
8
BLACK
6
CONTINUOUS
10
5.7107874409448813
20
-4.159448818897638
11
5.7107874015748026
21
-4.1594488582677167
0
LINE
8
BLACK
6
CONTINUOUS
10
5.7107874015748026
20
-4.1594488582677167
11
5.7107874015748026
21
-4.167354133858268
0
LINE
8
BLACK
6
CONTINUOUS
10
6.08759842519685
20
-4.1583070472440946
11
6.0875984645669288
21
-4.1583070866141734
0
LINE
8
BLACK
6
CONTINUOUS
10
6.0875984645669288
20
-4.1583070866141734
11
6.0956995275590549
21
-4.1583070866141734
0
LINE
8
BLACK
6
CONTINUOUS
10
6.0956995275590549
20
-4.1583070866141734
11
6.0961467322834642
21
-4.156058897637795
0
LINE
8
BLACK
6
CONTINUOUS
10
6.0961467322834642
20
-4.156058897637795
11
6.0980669685039368
21
-4.1531850787401572
0
LINE
8
BLACK
6
CONTINUOUS
10
6.0980669685039368
20
-4.1531850787401572
11
6.1009407874015746
21
-4.1512648425196845
0
LINE
8
BLACK
6
CONTINUOUS
10
6.1009407874015746
20
-4.1512648425196845
11
6.1041732283464567
21
-4.1506218503937005
0
LINE
8
BLACK
6
CONTINUOUS
10
6.1041732283464567
20
-4.1506218503937005
11
6.1041732283464567
21
-4.1427165748031491
0
LINE
8
BLACK
6
CONTINUOUS
10
6.1041732283464567
20
-4.1427165748031491
11
6.1041732283464567
21
-4.1427165354330704
0
LINE
8
BLACK
6
CONTINUOUS
10
6.1041732283464567
20
-4.1427165354330704
11
6.1030136614173225
21
-4.1427165354330704
0
LINE
8
BLACK
6
CONTINUOUS
10
6.1030136614173225
20
-4.1427165354330704
11
6.1030135433070862
21
-4.1427165748031491
0
LINE
8
BLACK
6
CONTINUOUS
10
6.1030135433070862
20
-4.1427165748031491
11
6.0990958267716531
21
-4.1433370078740159
0
LINE
8
BLACK
6
CONTINUOUS
10
6.0990958267716531
20
-4.1433370078740159
11
6.0990956692913381
21
-4.1433370866141734
0
LINE
8
BLACK
6
CONTINUOUS
10
6.0990956692913381
20
-4.1433370866141734
11
6.0943731496062989
21
-4.1457433464566931
0
LINE
8
BLACK
6
CONTINUOUS
10
6.0943731496062989
20
-4.1457433464566931
11
6.0906252362204727
21
-4.1494912598425193
0
LINE
8
BLACK
6
CONTINUOUS
10
6.0906252362204727
20
-4.1494912598425193
11
6.0882189763779522
21
-4.1542137795275593
0
LINE
8
BLACK
6
CONTINUOUS
10
6.0882189763779522
20
-4.1542137795275593
11
6.08759842519685
21
-4.1581317322834641
0
LINE
8
BLACK
6
CONTINUOUS
10
6.08759842519685
20
-4.1581317322834641
11
6.08759842519685
21
-4.1583070472440946
0
LINE
8
BLACK
6
CONTINUOUS
10
5.8086913385826771
20
-4.1528726377952756
11
5.8086914173228346
21
-4.1528727952755906
0
LINE
8
BLACK
6
CONTINUOUS
10
5.8086914173228346
20
-4.1528727952755906
11
5.8110976771653542
21
-4.1575953149606297
0
LINE
8
BLACK
6
CONTINUOUS
10
5.8110976771653542
20
-4.1575953149606297
11
5.8148455905511813
21
-4.1613432283464569
0
LINE
8
BLACK
6
CONTINUOUS
10
5.8148455905511813
20
-4.1613432283464569
11
5.8195681102362204
21
-4.1637494881889765
0
LINE
8
BLACK
6
CONTINUOUS
10
5.8195681102362204
20
-4.1637494881889765
11
5.8195680708661417
21
-4.1637494881889765
0
LINE
8
BLACK
6
CONTINUOUS
10
5.8195680708661417
20
-4.1637494881889765
11
5.8234860629921261
21
-4.1643700393700787
0
LINE
8
BLACK
6
CONTINUOUS
10
5.8234860629921261
20
-4.1643700393700787
11
5.8246456692913382
21
-4.1643700393700787
0
LINE
8
BLACK
6
CONTINUOUS
10
5.8246456692913382
20
-4.1643700393700787
11
5.8246456692913382
21
-4.1564647244094486
0
LINE
8
BLACK
6
CONTINUOUS
10
5.8246456692913382
20
-4.1564647244094486
11
5.8214132283464561
21
-4.1558217716535433
0
LINE
8
BLACK
6
CONTINUOUS
10
5.8214132283464561
20
-4.1558217716535433
11
5.8185394094488192
21
-4.1539015354330706
0
LINE
8
BLACK
6
CONTINUOUS
10
5.8185394094488192
20
-4.1539015354330706
11
5.8166191732283465
21
-4.1510277165354328
0
LINE
8
BLACK
6
CONTINUOUS
10
5.8166191732283465
20
-4.1510277165354328
11
5.8161719685039373
21
-4.1487795275590553
0
LINE
8
BLACK
6
CONTINUOUS
10
5.8161719685039373
20
-4.1487795275590553
11
5.8080709448818899
21
-4.1487795275590553
0
LINE
8
BLACK
6
CONTINUOUS
10
5.8080709448818899
20
-4.1487795275590553
11
5.8080709055118112
21
-4.1487795669291341
0
LINE
8
BLACK
6
CONTINUOUS
10
5.8080709055118112
20
-4.1487795669291341
11
5.8080709055118112
21
-4.1489548425196849
0
LINE
8
BLACK
6
CONTINUOUS
10
5.8080709055118112
20
-4.1489548425196849
11
5.8080708661417324
21
-4.1489548425196849
0
LINE
8
BLACK
6
CONTINUOUS
10
5.8080708661417324
20
-4.1489548425196849
11
5.8086913385826771
21
-4.1528726377952756
0
LINE
8
BLACK
6
CONTINUOUS
10
5.6355372834645667
20
-4.1481102362204725
11
5.6276632677165352
21
-4.140236220472441
0
LINE
8
BLACK
6
CONTINUOUS
10
5.6276632677165352
20
-4.140236220472441
11
5.6141635039370081
21
-4.140236220472441
0
LINE
8
BLACK
6
CONTINUOUS
10
5.6141635039370081
20
-4.140236220472441
11
5.6062894881889767
21
-4.1481102362204725
0
LINE
8
BLACK
6
CONTINUOUS
10
5.6062894881889767
20
-4.1481102362204725
11
5.6355372834645667
21
-4.1481102362204725
0
LINE
8
BLACK
6
CONTINUOUS
10
6.1241732283464563
20
-4.1506218503937005
11
6.1274056692913383
21
-4.1512648425196845
0
LINE
8
BLACK
6
CONTINUOUS
10
6.1274056692913383
20
-4.1512648425196845
11
6.1302794881889762
21
-4.1531850787401572
0
LINE
8
BLACK
6
CONTINUOUS
10
6.1302794881889762
20
-4.1531850787401572
11
6.1321997244094488
21
-4.156058897637795
0
LINE
8
BLACK
6
CONTINUOUS
10
6.1321997244094488
20
-4.156058897637795
11
6.1326469291338581
21
-4.1583070866141734
0
LINE
8
BLACK
6
CONTINUOUS
10
6.1326469291338581
20
-4.1583070866141734
11
6.1407479527559055
21
-4.1583070866141734
0
LINE
8
BLACK
6
CONTINUOUS
10
6.1407479527559055
20
-4.1583070866141734
11
6.1407479921259842
21
-4.1583070472440946
0
LINE
8
BLACK
6
CONTINUOUS
10
6.1407479921259842
20
-4.1583070472440946
11
6.1407479921259842
21
-4.1581317322834641
0
LINE
8
BLACK
6
CONTINUOUS
10
6.1407479921259842
20
-4.1581317322834641
11
6.1401275196850396
21
-4.1542139370078743
0
LINE
8
BLACK
6
CONTINUOUS
10
6.1401275196850396
20
-4.1542139370078743
11
6.1401274409448821
21
-4.1542137795275593
0
LINE
8
BLACK
6
CONTINUOUS
10
6.1401274409448821
20
-4.1542137795275593
11
6.1377211811023624
21
-4.1494912598425193
0
LINE
8
BLACK
6
CONTINUOUS
10
6.1377211811023624
20
-4.1494912598425193
11
6.1339732677165353
21
-4.1457433464566931
0
LINE
8
BLACK
6
CONTINUOUS
10
6.1339732677165353
20
-4.1457433464566931
11
6.1292507480314962
21
-4.1433370866141734
0
LINE
8
BLACK
6
CONTINUOUS
10
6.1292507480314962
20
-4.1433370866141734
11
6.1292507874015749
21
-4.1433370866141734
0
LINE
8
BLACK
6
CONTINUOUS
10
6.1292507874015749
20
-4.1433370866141734
11
6.1253328346456692
21
-4.1427165354330704
0
LINE
8
BLACK
6
CONTINUOUS
10
6.1253328346456692
20
-4.1427165354330704
11
6.124173267716535
21
-4.1427165354330704
0
LINE
8
BLACK
6
CONTINUOUS
10
6.124173267716535
20
-4.1427165354330704
11
6.1241732283464563
21
-4.1427165748031491
0
LINE
8
BLACK
6
CONTINUOUS
10
6.1241732283464563
20
-4.1427165748031491
11
6.1241732283464563
21
-4.1506218503937005
0
LINE
8
BLACK
6
CONTINUOUS
10
5.8080708661417324
20
-4.1287794881889761
11
5.8080709055118112
21
-4.1287795275590549
0
LINE
8
BLACK
6
CONTINUOUS
10
5.8080709055118112
20
-4.1287795275590549
11
5.8161719685039373
21
-4.1287795275590549
0
LINE
8
BLACK
6
CONTINUOUS
10
5.8161719685039373
20
-4.1287795275590549
11
5.8166191732283465
21
-4.1265313385826774
0
LINE
8
BLACK
6
CONTINUOUS
10
5.8166191732283465
20
-4.1265313385826774
11
5.8185394094488192
21
-4.1236575196850396
0
LINE
8
BLACK
6
CONTINUOUS
10
5.8185394094488192
20
-4.1236575196850396
11
5.8214132283464561
21
-4.1217372834645669
0
LINE
8
BLACK
6
CONTINUOUS
10
5.8214132283464561
20
-4.1217372834645669
11
5.8246456692913382
21
-4.1210942913385828
0
LINE
8
BLACK
6
CONTINUOUS
10
5.8246456692913382
20
-4.1210942913385828
11
5.8246456692913382
21
-4.1131889763779528
0
LINE
8
BLACK
6
CONTINUOUS
10
5.8246456692913382
20
-4.1131889763779528
11
5.8234861023622049
21
-4.1131889763779528
0
LINE
8
BLACK
6
CONTINUOUS
10
5.8234861023622049
20
-4.1131889763779528
11
5.8234859842519686
21
-4.1131890157480315
0
LINE
8
BLACK
6
CONTINUOUS
10
5.8234859842519686
20
-4.1131890157480315
11
5.8195682677165355
21
-4.1138094488188974
0
LINE
8
BLACK
6
CONTINUOUS
10
5.8195682677165355
20
-4.1138094488188974
11
5.8195681102362204
21
-4.1138095275590549
0
LINE
8
BLACK
6
CONTINUOUS
10
5.8195681102362204
20
-4.1138095275590549
11
5.8148455905511813
21
-4.1162157874015746
0
LINE
8
BLACK
6
CONTINUOUS
10
5.8148455905511813
20
-4.1162157874015746
11
5.8110976771653542
21
-4.1199637007874017
0
LINE
8
BLACK
6
CONTINUOUS
10
5.8110976771653542
20
-4.1199637007874017
11
5.8086914173228346
21
-4.1246862204724408
0
LINE
8
BLACK
6
CONTINUOUS
10
5.8086914173228346
20
-4.1246862204724408
11
5.8080708661417324
21
-4.1286041732283465
0
LINE
8
BLACK
6
CONTINUOUS
10
5.8080708661417324
20
-4.1286041732283465
11
5.8080708661417324
21
-4.1287794881889761
0
LINE
8
BLACK
6
CONTINUOUS
10
5.4109738582677167
20
-4.1095669291338579
11
5.4198990551181101
21
-4.1095669291338579
0
LINE
8
BLACK
6
CONTINUOUS
10
5.4198990551181101
20
-4.1095669291338579
11
5.4210442125984253
21
-4.1075834251968502
0
LINE
8
BLACK
6
CONTINUOUS
10
5.4210442125984253
20
-4.1075834251968502
11
5.4246779133858265
21
-4.1039497244094489
0
LINE
8
BLACK
6
CONTINUOUS
10
5.4246779133858265
20
-4.1039497244094489
11
5.4291282677165356
21
-4.1013803149606298
0
LINE
8
BLACK
6
CONTINUOUS
10
5.4291282677165356
20
-4.1013803149606298
11
5.4340920078740158
21
-4.1000503149606295
0
LINE
8
BLACK
6
CONTINUOUS
10
5.4340920078740158
20
-4.1000503149606295
11
5.4366614173228349
21
-4.0998818897637799
0
LINE
8
BLACK
6
CONTINUOUS
10
5.4366614173228349
20
-4.0998818897637799
11
5.446346456692913
21
-4.0998818897637799
0
LINE
8
BLACK
6
CONTINUOUS
10
5.446346456692913
20
-4.0998818897637799
11
5.446346456692913
21
-4.0920079133858263
0
LINE
8
BLACK
6
CONTINUOUS
10
5.446346456692913
20
-4.0920079133858263
11
5.4463464173228342
21
-4.0920078740157475
0
LINE
8
BLACK
6
CONTINUOUS
10
5.4463464173228342
20
-4.0920078740157475
11
5.4339470472440947
21
-4.0920078740157475
0
LINE
8
BLACK
6
CONTINUOUS
10
5.4339470472440947
20
-4.0920078740157475
11
5.4286226771653538
21
-4.0930669685039369
0
LINE
8
BLACK
6
CONTINUOUS
10
5.4286226771653538
20
-4.0930669685039369
11
5.4236074015748033
21
-4.0951443307086617
0
LINE
8
BLACK
6
CONTINUOUS
10
5.4236074015748033
20
-4.0951443307086617
11
5.4190936614173228
21
-4.0981602755905513
0
LINE
8
BLACK
6
CONTINUOUS
10
5.4190936614173228
20
-4.0981602755905513
11
5.4152547637795276
21
-4.1019991732283465
0
LINE
8
BLACK
6
CONTINUOUS
10
5.4152547637795276
20
-4.1019991732283465
11
5.412238818897638
21
-4.1065129133858269
0
LINE
8
BLACK
6
CONTINUOUS
10
5.412238818897638
20
-4.1065129133858269
11
5.410973818897638
21
-4.1095668897637792
0
LINE
8
BLACK
6
CONTINUOUS
10
5.410973818897638
20
-4.1095668897637792
11
5.4109738582677167
21
-4.1095669291338579
0
LINE
8
BLACK
6
CONTINUOUS
10
5.5717007874015749
20
-3.7822207874015747
11
5.5727976771653545
21
-3.7877351968503934
0
LINE
8
BLACK
6
CONTINUOUS
10
5.5727976771653545
20
-3.7877351968503934
11
5.5727976771653545
21
-3.7877352755905509
0
LINE
8
BLACK
6
CONTINUOUS
10
5.5727976771653545
20
-3.7877352755905509
11
5.574949251968504
21
-3.7929296456692914
0
LINE
8
BLACK
6
CONTINUOUS
10
5.574949251968504
20
-3.7929296456692914
11
5.574949251968504
21
-3.7929296850393701
0
LINE
8
BLACK
6
CONTINUOUS
10
5.574949251968504
20
-3.7929296850393701
11
5.5780730708661412
21
-3.7976047244094486
0
LINE
8
BLACK
6
CONTINUOUS
10
5.5780730708661412
20
-3.7976047244094486
11
5.5780731889763775
21
-3.7976048818897636
0
LINE
8
BLACK
6
CONTINUOUS
10
5.5780731889763775
20
-3.7976048818897636
11
5.5820486220472443
21
-3.80158031496063
0
LINE
8
BLACK
6
CONTINUOUS
10
5.5820486220472443
20
-3.80158031496063
11
5.5820487795275593
21
-3.8015804330708662
0
LINE
8
BLACK
6
CONTINUOUS
10
5.5820487795275593
20
-3.8015804330708662
11
5.5837117322834642
21
-3.8026916141732281
0
LINE
8
BLACK
6
CONTINUOUS
10
5.5837117322834642
20
-3.8026916141732281
11
5.5895217322834645
21
-3.7968815748031495
0
LINE
8
BLACK
6
CONTINUOUS
10
5.5895217322834645
20
-3.7968815748031495
11
5.5876614173228347
21
-3.7958075196850394
0
LINE
8
BLACK
6
CONTINUOUS
10
5.5876614173228347
20
-3.7958075196850394
11
5.5838460236220469
21
-3.7919921259842519
0
LINE
8
BLACK
6
CONTINUOUS
10
5.5838460236220469
20
-3.7919921259842519
11
5.5811481496062987
21
-3.7873192519685039
0
LINE
8
BLACK
6
CONTINUOUS
10
5.5811481496062987
20
-3.7873192519685039
11
5.5797516141732286
21
-3.7821073228346456
0
LINE
8
BLACK
6
CONTINUOUS
10
5.5797516141732286
20
-3.7821073228346456
11
5.5797516141732286
21
-3.7767115748031497
0
LINE
8
BLACK
6
CONTINUOUS
10
5.5797516141732286
20
-3.7767115748031497
11
5.5811481496062987
21
-3.7714996456692913
0
LINE
8
BLACK
6
CONTINUOUS
10
5.5811481496062987
20
-3.7714996456692913
11
5.5838460236220469
21
-3.7668267716535433
0
LINE
8
BLACK
6
CONTINUOUS
10
5.5838460236220469
20
-3.7668267716535433
11
5.5876614173228347
21
-3.7630113779527559
0
LINE
8
BLACK
6
CONTINUOUS
10
5.5876614173228347
20
-3.7630113779527559
11
5.589521811023622
21
-3.7619372440944883
0
LINE
8
BLACK
6
CONTINUOUS
10
5.589521811023622
20
-3.7619372440944883
11
5.5837117716535429
21
-3.7561272047244092
0
LINE
8
BLACK
6
CONTINUOUS
10
5.5837117716535429
20
-3.7561272047244092
11
5.5820487007874018
21
-3.757238464566929
0
LINE
8
BLACK
6
CONTINUOUS
10
5.5820487007874018
20
-3.757238464566929
11
5.5780733464566925
21
-3.7612137795275591
0
LINE
8
BLACK
6
CONTINUOUS
10
5.5780733464566925
20
-3.7612137795275591
11
5.5780730708661412
21
-3.7612141338582674
0
LINE
8
BLACK
6
CONTINUOUS
10
5.5780730708661412
20
-3.7612141338582674
11
5.574949251968504
21
-3.7658891732283464
0
LINE
8
BLACK
6
CONTINUOUS
10
5.574949251968504
20
-3.7658891732283464
11
5.574949251968504
21
-3.7658892125984251
0
LINE
8
BLACK
6
CONTINUOUS
10
5.574949251968504
20
-3.7658892125984251
11
5.5727976771653545
21
-3.7710835826771651
0
LINE
8
BLACK
6
CONTINUOUS
10
5.5727976771653545
20
-3.7710835826771651
11
5.5727976771653545
21
-3.7710836614173227
0
LINE
8
BLACK
6
CONTINUOUS
10
5.5727976771653545
20
-3.7710836614173227
11
5.5717007874015749
21
-3.7765980708661417
0
LINE
8
BLACK
6
CONTINUOUS
10
5.5717007874015749
20
-3.7765980708661417
11
5.5717007874015749
21
-3.7822207874015747
0
LINE
8
BLACK
6
CONTINUOUS
10
5.9386125984251965
20
-3.7759041338582677
11
5.938612677165354
21
-3.7759042913385827
0
LINE
8
BLACK
6
CONTINUOUS
10
5.938612677165354
20
-3.7759042913385827
11
5.9410189370078736
21
-3.7806268110236219
0
LINE
8
BLACK
6
CONTINUOUS
10
5.9410189370078736
20
-3.7806268110236219
11
5.9447668503937008
21
-3.7843747244094486
0
LINE
8
BLACK
6
CONTINUOUS
10
5.9447668503937008
20
-3.7843747244094486
11
5.9494893700787399
21
-3.7867809842519686
0
LINE
8
BLACK
6
CONTINUOUS
10
5.9494893700787399
20
-3.7867809842519686
11
5.9494893307086612
21
-3.7867809842519686
0
LINE
8
BLACK
6
CONTINUOUS
10
5.9494893307086612
20
-3.7867809842519686
11
5.9534073228346456
21
-3.7874015354330708
0
LINE
8
BLACK
6
CONTINUOUS
10
5.9534073228346456
20
-3.7874015354330708
11
5.9545669291338585
21
-3.7874015354330708
0
LINE
8
BLACK
6
CONTINUOUS
10
5.9545669291338585
20
-3.7874015354330708
11
5.9545669291338585
21
-3.7794962204724407
0
LINE
8
BLACK
6
CONTINUOUS
10
5.9545669291338585
20
-3.7794962204724407
11
5.9513344881889765
21
-3.7788532677165354
0
LINE
8
BLACK
6
CONTINUOUS
10
5.9513344881889765
20
-3.7788532677165354
11
5.9484606692913387
21
-3.7769330314960627
0
LINE
8
BLACK
6
CONTINUOUS
10
5.9484606692913387
20
-3.7769330314960627
11
5.946540433070866
21
-3.7740592125984249
0
LINE
8
BLACK
6
CONTINUOUS
10
5.946540433070866
20
-3.7740592125984249
11
5.9460932283464567
21
-3.771811023622047
0
LINE
8
BLACK
6
CONTINUOUS
10
5.9460932283464567
20
-3.771811023622047
11
5.9379922047244094
21
-3.771811023622047
0
LINE
8
BLACK
6
CONTINUOUS
10
5.9379922047244094
20
-3.771811023622047
11
5.9379921653543306
21
-3.7718110629921258
0
LINE
8
BLACK
6
CONTINUOUS
10
5.9379921653543306
20
-3.7718110629921258
11
5.9379921653543306
21
-3.7719863385826771
0
LINE
8
BLACK
6
CONTINUOUS
10
5.9379921653543306
20
-3.7719863385826771
11
5.9379921259842519
21
-3.7719863385826771
0
LINE
8
BLACK
6
CONTINUOUS
10
5.9379921259842519
20
-3.7719863385826771
11
5.9386125984251965
21
-3.7759041338582677
0
LINE
8
BLACK
6
CONTINUOUS
10
5.4109738582677167
20
-3.7694094488188976
11
5.4198990551181101
21
-3.7694094488188976
0
LINE
8
BLACK
6
CONTINUOUS
10
5.4198990551181101
20
-3.7694094488188976
11
5.4210442125984253
21
-3.7674259448818899
0
LINE
8
BLACK
6
CONTINUOUS
10
5.4210442125984253
20
-3.7674259448818899
11
5.4246779133858265
21
-3.7637922440944882
0
LINE
8
BLACK
6
CONTINUOUS
10
5.4246779133858265
20
-3.7637922440944882
11
5.4291282677165356
21
-3.7612228346456691
0
LINE
8
BLACK
6
CONTINUOUS
10
5.4291282677165356
20
-3.7612228346456691
11
5.4340920078740158
21
-3.7598928346456693
0
LINE
8
BLACK
6
CONTINUOUS
10
5.4340920078740158
20
-3.7598928346456693
11
5.4366614173228349
21
-3.7597244094488187
0
LINE
8
BLACK
6
CONTINUOUS
10
5.4366614173228349
20
-3.7597244094488187
11
5.446346456692913
21
-3.7597244094488187
0
LINE
8
BLACK
6
CONTINUOUS
10
5.446346456692913
20
-3.7597244094488187
11
5.446346456692913
21
-3.751850433070866
0
LINE
8
BLACK
6
CONTINUOUS
10
5.446346456692913
20
-3.751850433070866
11
5.4463464173228342
21
-3.7518503937007872
0
LINE
8
BLACK
6
CONTINUOUS
10
5.4463464173228342
20
-3.7518503937007872
11
5.4339470472440947
21
-3.7518503937007872
0
LINE
8
BLACK
6
CONTINUOUS
10
5.4339470472440947
20
-3.7518503937007872
11
5.4286226771653538
21
-3.7529094881889762
0
LINE
8
BLACK
6
CONTINUOUS
10
5.4286226771653538
20
-3.7529094881889762
11
5.4236074015748033
21
-3.7549868503937005
0
LINE
8
BLACK
6
CONTINUOUS
10
5.4236074015748033
20
-3.7549868503937005
11
5.4190936614173228
21
-3.7580027952755906
0
LINE
8
BLACK
6
CONTINUOUS
10
5.4190936614173228
20
-3.7580027952755906
11
5.4152547637795276
21
-3.7618416929133858
0
LINE
8
BLACK
6
CONTINUOUS
10
5.4152547637795276
20
-3.7618416929133858
11
5.412238818897638
21
-3.7663554330708662
0
LINE
8
BLACK
6
CONTINUOUS
10
5.412238818897638
20
-3.7663554330708662
11
5.410973818897638
21
-3.7694094094488189
0
LINE
8
BLACK
6
CONTINUOUS
10
5.410973818897638
20
-3.7694094094488189
11
5.4109738582677167
21
-3.7694094488188976
0
LINE
8
BLACK
6
CONTINUOUS
10
5.9379921259842519
20
-3.7518109842519682
11
5.9379921653543306
21
-3.751811023622047
0
LINE
8
BLACK
6
CONTINUOUS
10
5.9379921653543306
20
-3.751811023622047
11
5.9460932283464567
21
-3.751811023622047
0
LINE
8
BLACK
6
CONTINUOUS
10
5.9460932283464567
20
-3.751811023622047
11
5.946540433070866
21
-3.7495628346456691
0
LINE
8
BLACK
6
CONTINUOUS
10
5.946540433070866
20
-3.7495628346456691
11
5.9484606692913387
21
-3.7466890157480313
0
LINE
8
BLACK
6
CONTINUOUS
10
5.9484606692913387
20
-3.7466890157480313
11
5.9513344881889765
21
-3.744768779527559
0
LINE
8
BLACK
6
CONTINUOUS
10
5.9513344881889765
20
-3.744768779527559
11
5.9545669291338585
21
-3.7441257874015745
0
LINE
8
BLACK
6
CONTINUOUS
10
5.9545669291338585
20
-3.7441257874015745
11
5.9545669291338585
21
-3.7362204724409449
0
LINE
8
BLACK
6
CONTINUOUS
10
5.9545669291338585
20
-3.7362204724409449
11
5.9534073622047243
21
-3.7362204724409449
0
LINE
8
BLACK
6
CONTINUOUS
10
5.9534073622047243
20
-3.7362204724409449
11
5.9534072440944881
21
-3.7362205118110237
0
LINE
8
BLACK
6
CONTINUOUS
10
5.9534072440944881
20
-3.7362205118110237
11
5.9494895275590549
21
-3.7368409448818896
0
LINE
8
BLACK
6
CONTINUOUS
10
5.9494895275590549
20
-3.7368409448818896
11
5.9494893700787399
21
-3.7368410236220471
0
LINE
8
BLACK
6
CONTINUOUS
10
5.9494893700787399
20
-3.7368410236220471
11
5.9447668503937008
21
-3.7392472834645667
0
LINE
8
BLACK
6
CONTINUOUS
10
5.9447668503937008
20
-3.7392472834645667
11
5.9410189370078736
21
-3.7429951968503938
0
LINE
8
BLACK
6
CONTINUOUS
10
5.9410189370078736
20
-3.7429951968503938
11
5.938612677165354
21
-3.747717716535433
0
LINE
8
BLACK
6
CONTINUOUS
10
5.938612677165354
20
-3.747717716535433
11
5.9379921259842519
21
-3.7516356692913386
0
LINE
8
BLACK
6
CONTINUOUS
10
5.9379921259842519
20
-3.7516356692913386
11
5.9379921259842519
21
-3.7518109842519682
0
LINE
8
BLACK
6
CONTINUOUS
10
6.2887225984251964
20
-3.7508267716535433
11
6.2887769291338582
21
-3.7507454330708661
0
LINE
8
BLACK
6
CONTINUOUS
10
6.2887769291338582
20
-3.7507454330708661
11
6.2906927952755902
21
-3.7494652755905511
0
LINE
8
BLACK
6
CONTINUOUS
10
6.2906927952755902
20
-3.7494652755905511
11
6.2929527559055121
21
-3.7490157480314958
0
LINE
8
BLACK
6
CONTINUOUS
10
6.2929527559055121
20
-3.7490157480314958
11
6.3105118110236216
21
-3.7490157480314958
0
LINE
8
BLACK
6
CONTINUOUS
10
6.3105118110236216
20
-3.7490157480314958
11
6.3105118110236216
21
-3.7411417716535431
0
LINE
8
BLACK
6
CONTINUOUS
10
6.3105118110236216
20
-3.7411417716535431
11
6.3105117716535428
21
-3.7411417322834644
0
LINE
8
BLACK
6
CONTINUOUS
10
6.3105117716535428
20
-3.7411417322834644
11
6.2916451181102362
21
-3.7411417322834644
0
LINE
8
BLACK
6
CONTINUOUS
10
6.2916451181102362
20
-3.7411417322834644
11
6.2916449999999999
21
-3.7411417716535431
0
LINE
8
BLACK
6
CONTINUOUS
10
6.2916449999999999
20
-3.7411417716535431
11
6.2889664960629919
21
-3.7415319685039368
0
LINE
8
BLACK
6
CONTINUOUS
10
6.2889664960629919
20
-3.7415319685039368
11
6.2848350787401577
21
-3.7435517322834646
0
LINE
8
BLACK
6
CONTINUOUS
10
6.2848350787401577
20
-3.7435517322834646
11
6.281583188976378
21
-3.7468036220472438
0
LINE
8
BLACK
6
CONTINUOUS
10
6.281583188976378
20
-3.7468036220472438
11
6.2796164173228348
21
-3.7508267716535433
0
LINE
8
BLACK
6
CONTINUOUS
10
6.2796164173228348
20
-3.7508267716535433
11
6.2887225984251964
21
-3.7508267716535433
0
LINE
8
BLACK
6
CONTINUOUS
10
5.9122440944881891
20
-3.6200393307086611
11
5.9122441338582679
21
-3.6200393700787399
0
LINE
8
BLACK
6
CONTINUOUS
10
5.9122441338582679
20
-3.6200393700787399
11
5.9201181102362206
21
-3.6200393700787399
0
LINE
8
BLACK
6
CONTINUOUS
10
5.9201181102362206
20
-3.6200393700787399
11
5.9201181102362206
21
-3.6192125984251966
0
LINE
8
BLACK
6
CONTINUOUS
10
5.9201181102362206
20
-3.6192125984251966
11
5.9207174803149609
21
-3.6161993307086613
0
LINE
8
BLACK
6
CONTINUOUS
10
5.9207174803149609
20
-3.6161993307086613
11
5.9224243700787405
21
-3.613644842519685
0
LINE
8
BLACK
6
CONTINUOUS
10
5.9224243700787405
20
-3.613644842519685
11
5.9249788582677168
21
-3.6119379527559055
0
LINE
8
BLACK
6
CONTINUOUS
10
5.9249788582677168
20
-3.6119379527559055
11
5.9258661417322838
21
-3.6117614566929133
0
LINE
8
BLACK
6
CONTINUOUS
10
5.9258661417322838
20
-3.6117614566929133
11
5.9258661417322838
21
-3.6036049999999999
0
LINE
8
BLACK
6
CONTINUOUS
10
5.9258661417322838
20
-3.6036049999999999
11
5.9230650787401578
21
-3.6040485826771653
0
LINE
8
BLACK
6
CONTINUOUS
10
5.9230650787401578
20
-3.6040485826771653
11
5.923064881889764
21
-3.6040486614173228
0
LINE
8
BLACK
6
CONTINUOUS
10
5.923064881889764
20
-3.6040486614173228
11
5.9186203149606298
21
-3.606313307086614
0
LINE
8
BLACK
6
CONTINUOUS
10
5.9186203149606298
20
-3.606313307086614
11
5.9150928346456695
21
-3.6098407874015748
0
LINE
8
BLACK
6
CONTINUOUS
10
5.9150928346456695
20
-3.6098407874015748
11
5.9128281889763779
21
-3.6142853543307085
0
LINE
8
BLACK
6
CONTINUOUS
10
5.9128281889763779
20
-3.6142853543307085
11
5.9128281496062991
21
-3.6142855118110235
0
LINE
8
BLACK
6
CONTINUOUS
10
5.9128281496062991
20
-3.6142855118110235
11
5.9122440944881891
21
-3.6179730314960628
0
LINE
8
BLACK
6
CONTINUOUS
10
5.9122440944881891
20
-3.6179730314960628
11
5.9122440944881891
21
-3.6200393307086611
0
LINE
8
BLACK
6
CONTINUOUS
10
5.5133464566929131
20
-3.5892913385826772
11
5.5141732283464568
21
-3.5892913385826772
0
LINE
8
BLACK
6
CONTINUOUS
10
5.5141732283464568
20
-3.5892913385826772
11
5.5171864960629922
21
-3.5898907086614171
0
LINE
8
BLACK
6
CONTINUOUS
10
5.5171864960629922
20
-3.5898907086614171
11
5.5197409842519685
21
-3.5915975984251967
0
LINE
8
BLACK
6
CONTINUOUS
10
5.5197409842519685
20
-3.5915975984251967
11
5.521447874015748
21
-3.594152086614173
0
LINE
8
BLACK
6
CONTINUOUS
10
5.521447874015748
20
-3.594152086614173
11
5.5216243700787402
21
-3.59503937007874
0
LINE
8
BLACK
6
CONTINUOUS
10
5.5216243700787402
20
-3.59503937007874
11
5.5297807874015747
21
-3.59503937007874
0
LINE
8
BLACK
6
CONTINUOUS
10
5.5297807874015747
20
-3.59503937007874
11
5.5293372047244089
21
-3.592238307086614
0
LINE
8
BLACK
6
CONTINUOUS
10
5.5293372047244089
20
-3.592238307086614
11
5.5293371259842514
21
-3.5922381102362202
0
LINE
8
BLACK
6
CONTINUOUS
10
5.5293371259842514
20
-3.5922381102362202
11
5.5270724803149607
21
-3.5877935433070864
0
LINE
8
BLACK
6
CONTINUOUS
10
5.5270724803149607
20
-3.5877935433070864
11
5.5235449999999995
21
-3.5842660629921257
0
LINE
8
BLACK
6
CONTINUOUS
10
5.5235449999999995
20
-3.5842660629921257
11
5.5191004330708662
21
-3.5820014173228345
0
LINE
8
BLACK
6
CONTINUOUS
10
5.5191004330708662
20
-3.5820014173228345
11
5.5191002755905512
21
-3.5820013779527557
0
LINE
8
BLACK
6
CONTINUOUS
10
5.5191002755905512
20
-3.5820013779527557
11
5.5154127559055119
21
-3.5814173228346458
0
LINE
8
BLACK
6
CONTINUOUS
10
5.5154127559055119
20
-3.5814173228346458
11
5.5133464960629919
21
-3.5814173228346458
0
LINE
8
BLACK
6
CONTINUOUS
10
5.5133464960629919
20
-3.5814173228346458
11
5.5133464566929131
21
-3.5814173622047245
0
LINE
8
BLACK
6
CONTINUOUS
10
5.5133464566929131
20
-3.5814173622047245
11
5.5133464566929131
21
-3.5892913385826772
0
LINE
8
BLACK
6
CONTINUOUS
10
5.5983464566929131
20
-3.5892913385826772
11
5.5991732283464568
21
-3.5892913385826772
0
LINE
8
BLACK
6
CONTINUOUS
10
5.5991732283464568
20
-3.5892913385826772
11
5.6021864960629921
21
-3.5898907086614171
0
LINE
8
BLACK
6
CONTINUOUS
10
5.6021864960629921
20
-3.5898907086614171
11
5.6047409842519684
21
-3.5915975984251967
0
LINE
8
BLACK
6
CONTINUOUS
10
5.6047409842519684
20
-3.5915975984251967
11
5.606447874015748
21
-3.594152086614173
0
LINE
8
BLACK
6
CONTINUOUS
10
5.606447874015748
20
-3.594152086614173
11
5.6066243700787401
21
-3.59503937007874
0
LINE
8
BLACK
6
CONTINUOUS
10
5.6066243700787401
20
-3.59503937007874
11
5.6147807874015747
21
-3.59503937007874
0
LINE
8
BLACK
6
CONTINUOUS
10
5.6147807874015747
20
-3.59503937007874
11
5.6143372047244089
21
-3.592238307086614
0
LINE
8
BLACK
6
CONTINUOUS
10
5.6143372047244089
20
-3.592238307086614
11
5.6143371259842523
21
-3.5922381102362202
0
LINE
8
BLACK
6
CONTINUOUS
10
5.6143371259842523
20
-3.5922381102362202
11
5.6120724803149606
21
-3.5877935433070864
0
LINE
8
BLACK
6
CONTINUOUS
10
5.6120724803149606
20
-3.5877935433070864
11
5.6085449999999994
21
-3.5842660629921257
0
LINE
8
BLACK
6
CONTINUOUS
10
5.6085449999999994
20
-3.5842660629921257
11
5.6041004330708661
21
-3.5820014173228345
0
LINE
8
BLACK
6
CONTINUOUS
10
5.6041004330708661
20
-3.5820014173228345
11
5.6041002755905511
21
-3.5820013779527557
0
LINE
8
BLACK
6
CONTINUOUS
10
5.6041002755905511
20
-3.5820013779527557
11
5.6004127559055119
21
-3.5814173228346458
0
LINE
8
BLACK
6
CONTINUOUS
10
5.6004127559055119
20
-3.5814173228346458
11
5.5983464960629918
21
-3.5814173228346458
0
LINE
8
BLACK
6
CONTINUOUS
10
5.5983464960629918
20
-3.5814173228346458
11
5.5983464566929131
21
-3.5814173622047245
0
LINE
8
BLACK
6
CONTINUOUS
10
5.5983464566929131
20
-3.5814173622047245
11
5.5983464566929131
21
-3.5892913385826772
0
LINE
8
BLACK
6
CONTINUOUS
10
6.3854724803149603
20
-3.4539056299212598
11
6.3855846456692911
21
-3.4551023622047241
0
LINE
8
BLACK
6
CONTINUOUS
10
6.3855846456692911
20
-3.4551023622047241
11
6.3855846456692911
21
-3.4551024409448816
0
LINE
8
BLACK
6
CONTINUOUS
10
6.3855846456692911
20
-3.4551024409448816
11
6.3873485826771654
21
-3.4601435826771652
0
LINE
8
BLACK
6
CONTINUOUS
10
6.3873485826771654
20
-3.4601435826771652
11
6.3905199606299208
21
-3.4644405511811023
0
LINE
8
BLACK
6
CONTINUOUS
10
6.3905199606299208
20
-3.4644405511811023
11
6.3905200393700783
21
-3.4644406299212598
0
LINE
8
BLACK
6
CONTINUOUS
10
6.3905200393700783
20
-3.4644406299212598
11
6.3948170078740159
21
-3.4676120078740156
0
LINE
8
BLACK
6
CONTINUOUS
10
6.3948170078740159
20
-3.4676120078740156
11
6.3998581889763777
21
-3.4693759448818895
0
LINE
8
BLACK
6
CONTINUOUS
10
6.3998581889763777
20
-3.4693759448818895
11
6.4010546850393704
21
-3.469488149606299
0
LINE
8
BLACK
6
CONTINUOUS
10
6.4010546850393704
20
-3.469488149606299
11
6.4364959842519687
21
-3.469488149606299
0
LINE
8
BLACK
6
CONTINUOUS
10
6.4364959842519687
20
-3.469488149606299
11
6.4364960629921262
21
-3.4694881102362203
0
LINE
8
BLACK
6
CONTINUOUS
10
6.4364960629921262
20
-3.4694881102362203
11
6.4364960629921262
21
-3.4616141732283463
0
LINE
8
BLACK
6
CONTINUOUS
10
6.4364960629921262
20
-3.4616141732283463
11
6.4031889763779528
21
-3.4616141732283463
0
LINE
8
BLACK
6
CONTINUOUS
10
6.4031889763779528
20
-3.4616141732283463
11
6.3994224015748031
21
-3.4608649606299213
0
LINE
8
BLACK
6
CONTINUOUS
10
6.3994224015748031
20
-3.4608649606299213
11
6.3962292519685038
21
-3.458731377952756
0
LINE
8
BLACK
6
CONTINUOUS
10
6.3962292519685038
20
-3.458731377952756
11
6.3940956692913389
21
-3.4555382283464566
0
LINE
8
BLACK
6
CONTINUOUS
10
6.3940956692913389
20
-3.4555382283464566
11
6.3933777952755904
21
-3.4519291338582678
0
LINE
8
BLACK
6
CONTINUOUS
10
6.3933777952755904
20
-3.4519291338582678
11
6.385472519685039
21
-3.4519291338582678
0
LINE
8
BLACK
6
CONTINUOUS
10
6.385472519685039
20
-3.4519291338582678
11
6.3854724803149603
21
-3.4519291732283466
0
LINE
8
BLACK
6
CONTINUOUS
10
6.3854724803149603
20
-3.4519291732283466
11
6.3854724803149603
21
-3.4539056299212598
0
CIRCLE
8
BLACK
10
5.8304724409448818
20
-3.3589370078740157
40
0.0068897637795276
0
CIRCLE
8
BLACK
10
6.2241732283464568
20
-4.5400393700787403
40
0.0068897637795276
0
CIRCLE
8
BLACK
10
5.4367716535433068
20
-4.5400393700787403
40
0.0068897637795276
0
CIRCLE
8
BLACK
10
6.2241732283464568
20
-3.3589370078740157
40
0.0068897637795276
0
CIRCLE
8
BLACK
10
5.8304724409448818
20
-4.5400393700787403
40
0.0068897637795276
0
CIRCLE
8
BLACK
10
5.4367716535433068
20
-3.3589370078740157
40
0.0068897637795276
0
CIRCLE
8
BLACK
10
5.6012283464566925
20
-4.0632677165354334
40
0.0068897637795276
0
CIRCLE
8
BLACK
10
5.6012283464566925
20
-3.8357086614173226
40
0.0068897637795276
0
LINE
8
BLACK
6
CONTINUOUS
10
5.4736361417322836
20
-4.1078569685039366
11
5.4766143700787397
21
-4.108654960629921
0
LINE
8
BLACK
6
CONTINUOUS
10
5.4766143700787397
20
-4.108654960629921
11
5.4792845669291337
21
-4.110196614173228
0
LINE
8
BLACK
6
CONTINUOUS
10
5.4792845669291337
20
-4.110196614173228
11
5.4814648031496063
21
-4.1123768503937006
0
LINE
8
BLACK
6
CONTINUOUS
10
5.4814648031496063
20
-4.1123768503937006
11
5.4830064566929133
21
-4.1150470472440945
0
LINE
8
BLACK
6
CONTINUOUS
10
5.4830064566929133
20
-4.1150470472440945
11
5.4838044488188977
21
-4.1180252755905506
0
LINE
8
BLACK
6
CONTINUOUS
10
5.4838044488188977
20
-4.1180252755905506
11
5.4838044488188977
21
-4.1211085826771656
0
LINE
8
BLACK
6
CONTINUOUS
10
5.4838044488188977
20
-4.1211085826771656
11
5.4830064566929133
21
-4.1240868110236217
0
LINE
8
BLACK
6
CONTINUOUS
10
5.4830064566929133
20
-4.1240868110236217
11
5.4814648031496063
21
-4.1267570078740157
0
LINE
8
BLACK
6
CONTINUOUS
10
5.4814648031496063
20
-4.1267570078740157
11
5.4792845669291337
21
-4.1289372440944883
0
LINE
8
BLACK
6
CONTINUOUS
10
5.4792845669291337
20
-4.1289372440944883
11
5.4766143700787397
21
-4.1304788976377953
0
LINE
8
BLACK
6
CONTINUOUS
10
5.4766143700787397
20
-4.1304788976377953
11
5.4736361417322836
21
-4.1312768897637797
0
LINE
8
BLACK
6
CONTINUOUS
10
5.4736361417322836
20
-4.1312768897637797
11
5.4720944881889766
21
-4.1313779527559058
0
LINE
8
BLACK
6
CONTINUOUS
10
5.4720944881889766
20
-4.1313779527559058
11
5.4405984251968507
21
-4.1313779527559058
0
LINE
8
BLACK
6
CONTINUOUS
10
5.4405984251968507
20
-4.1313779527559058
11
5.4390567716535436
21
-4.1312768897637797
0
LINE
8
BLACK
6
CONTINUOUS
10
5.4390567716535436
20
-4.1312768897637797
11
5.4360785433070866
21
-4.1304788976377953
0
LINE
8
BLACK
6
CONTINUOUS
10
5.4360785433070866
20
-4.1304788976377953
11
5.4334083464566927
21
-4.1289372440944883
0
LINE
8
BLACK
6
CONTINUOUS
10
5.4334083464566927
20
-4.1289372440944883
11
5.4312281102362201
21
-4.1267570078740157
0
LINE
8
BLACK
6
CONTINUOUS
10
5.4312281102362201
20
-4.1267570078740157
11
5.4296864566929131
21
-4.1240868110236217
0
LINE
8
BLACK
6
CONTINUOUS
10
5.4296864566929131
20
-4.1240868110236217
11
5.4288884645669286
21
-4.1211085826771656
0
LINE
8
BLACK
6
CONTINUOUS
10
5.4288884645669286
20
-4.1211085826771656
11
5.4288884645669286
21
-4.1180252755905506
0
LINE
8
BLACK
6
CONTINUOUS
10
5.4288884645669286
20
-4.1180252755905506
11
5.4296864566929131
21
-4.1150470472440945
0
LINE
8
BLACK
6
CONTINUOUS
10
5.4296864566929131
20
-4.1150470472440945
11
5.4312281102362201
21
-4.1123768503937006
0
LINE
8
BLACK
6
CONTINUOUS
10
5.4312281102362201
20
-4.1123768503937006
11
5.4334083464566927
21
-4.110196614173228
0
LINE
8
BLACK
6
CONTINUOUS
10
5.4334083464566927
20
-4.110196614173228
11
5.4360785433070866
21
-4.108654960629921
0
LINE
8
BLACK
6
CONTINUOUS
10
5.4360785433070866
20
-4.108654960629921
11
5.4390567716535436
21
-4.1078569685039366
0
LINE
8
BLACK
6
CONTINUOUS
10
5.4390567716535436
20
-4.1078569685039366
11
5.4405984251968507
21
-4.1077559055118114
0
LINE
8
BLACK
6
CONTINUOUS
10
5.4405984251968507
20
-4.1077559055118114
11
5.4720944881889766
21
-4.1077559055118114
0
LINE
8
BLACK
6
CONTINUOUS
10
5.4720944881889766
20
-4.1077559055118114
11
5.4736361417322836
21
-4.1078569685039366
0
LINE
8
BLACK
6
CONTINUOUS
10
5.4736361417322836
20
-3.7676994881889763
11
5.4766143700787397
21
-3.7684974803149607
0
LINE
8
BLACK
6
CONTINUOUS
10
5.4766143700787397
20
-3.7684974803149607
11
5.4792845669291337
21
-3.7700391338582677
0
LINE
8
BLACK
6
CONTINUOUS
10
5.4792845669291337
20
-3.7700391338582677
11
5.4814648031496063
21
-3.7722193700787399
0
LINE
8
BLACK
6
CONTINUOUS
10
5.4814648031496063
20
-3.7722193700787399
11
5.4830064566929133
21
-3.7748895669291338
0
LINE
8
BLACK
6
CONTINUOUS
10
5.4830064566929133
20
-3.7748895669291338
11
5.4838044488188977
21
-3.7778677952755904
0
LINE
8
BLACK
6
CONTINUOUS
10
5.4838044488188977
20
-3.7778677952755904
11
5.4838044488188977
21
-3.7809511023622044
0
LINE
8
BLACK
6
CONTINUOUS
10
5.4838044488188977
20
-3.7809511023622044
11
5.4830064566929133
21
-3.7839293307086614
0
LINE
8
BLACK
6
CONTINUOUS
10
5.4830064566929133
20
-3.7839293307086614
11
5.4814648031496063
21
-3.7865995275590549
0
LINE
8
BLACK
6
CONTINUOUS
10
5.4814648031496063
20
-3.7865995275590549
11
5.4792845669291337
21
-3.7887797637795275
0
LINE
8
BLACK
6
CONTINUOUS
10
5.4792845669291337
20
-3.7887797637795275
11
5.4766143700787397
21
-3.7903214173228346
0
LINE
8
BLACK
6
CONTINUOUS
10
5.4766143700787397
20
-3.7903214173228346
11
5.4736361417322836
21
-3.791119409448819
0
LINE
8
BLACK
6
CONTINUOUS
10
5.4736361417322836
20
-3.791119409448819
11
5.4720944881889766
21
-3.7912204724409446
0
LINE
8
BLACK
6
CONTINUOUS
10
5.4720944881889766
20
-3.7912204724409446
11
5.4405984251968507
21
-3.7912204724409446
0
LINE
8
BLACK
6
CONTINUOUS
10
5.4405984251968507
20
-3.7912204724409446
11
5.4390567716535436
21
-3.791119409448819
0
LINE
8
BLACK
6
CONTINUOUS
10
5.4390567716535436
20
-3.791119409448819
11
5.4360785433070866
21
-3.7903214173228346
0
LINE
8
BLACK
6
CONTINUOUS
10
5.4360785433070866
20
-3.7903214173228346
11
5.4334083464566927
21
-3.7887797637795275
0
LINE
8
BLACK
6
CONTINUOUS
10
5.4334083464566927
20
-3.7887797637795275
11
5.4312281102362201
21
-3.7865995275590549
0
LINE
8
BLACK
6
CONTINUOUS
10
5.4312281102362201
20
-3.7865995275590549
11
5.4296864566929131
21
-3.7839293307086614
0
LINE
8
BLACK
6
CONTINUOUS
10
5.4296864566929131
20
-3.7839293307086614
11
5.4288884645669286
21
-3.7809511023622044
0
LINE
8
BLACK
6
CONTINUOUS
10
5.4288884645669286
20
-3.7809511023622044
11
5.4288884645669286
21
-3.7778677952755904
0
LINE
8
BLACK
6
CONTINUOUS
10
5.4288884645669286
20
-3.7778677952755904
11
5.4296864566929131
21
-3.7748895669291338
0
LINE
8
BLACK
6
CONTINUOUS
10
5.4296864566929131
20
-3.7748895669291338
11
5.4312281102362201
21
-3.7722193700787399
0
LINE
8
BLACK
6
CONTINUOUS
10
5.4312281102362201
20
-3.7722193700787399
11
5.4334083464566927
21
-3.7700391338582677
0
LINE
8
BLACK
6
CONTINUOUS
10
5.4334083464566927
20
-3.7700391338582677
11
5.4360785433070866
21
-3.7684974803149607
0
LINE
8
BLACK
6
CONTINUOUS
10
5.4360785433070866
20
-3.7684974803149607
11
5.4390567716535436
21
-3.7676994881889763
0
LINE
8
BLACK
6
CONTINUOUS
10
5.4390567716535436
20
-3.7676994881889763
11
5.4405984251968507
21
-3.7675984251968502
0
LINE
8
BLACK
6
CONTINUOUS
10
5.4405984251968507
20
-3.7675984251968502
11
5.4720944881889766
21
-3.7675984251968502
0
LINE
8
BLACK
6
CONTINUOUS
10
5.4720944881889766
20
-3.7675984251968502
11
5.4736361417322836
21
-3.7676994881889763
0
LINE
8
BLACK
6
CONTINUOUS
10
5.6441085826771653
20
-4.1078569685039366
11
5.6470868110236223
21
-4.108654960629921
0
LINE
8
BLACK
6
CONTINUOUS
10
5.6470868110236223
20
-4.108654960629921
11
5.6497570078740154
21
-4.110196614173228
0
LINE
8
BLACK
6
CONTINUOUS
10
5.6497570078740154
20
-4.110196614173228
11
5.6519372440944879
21
-4.1123768503937006
0
LINE
8
BLACK
6
CONTINUOUS
10
5.6519372440944879
20
-4.1123768503937006
11
5.653478897637795
21
-4.1150470472440945
0
LINE
8
BLACK
6
CONTINUOUS
10
5.653478897637795
20
-4.1150470472440945
11
5.6542768897637794
21
-4.1180252755905506
0
LINE
8
BLACK
6
CONTINUOUS
10
5.6542768897637794
20
-4.1180252755905506
11
5.6542768897637794
21
-4.1211085826771656
0
LINE
8
BLACK
6
CONTINUOUS
10
5.6542768897637794
20
-4.1211085826771656
11
5.653478897637795
21
-4.1240868110236217
0
LINE
8
BLACK
6
CONTINUOUS
10
5.653478897637795
20
-4.1240868110236217
11
5.6519372440944879
21
-4.1267570078740157
0
LINE
8
BLACK
6
CONTINUOUS
10
5.6519372440944879
20
-4.1267570078740157
11
5.6497570078740154
21
-4.1289372440944883
0
LINE
8
BLACK
6
CONTINUOUS
10
5.6497570078740154
20
-4.1289372440944883
11
5.6470868110236223
21
-4.1304788976377953
0
LINE
8
BLACK
6
CONTINUOUS
10
5.6470868110236223
20
-4.1304788976377953
11
5.6441085826771653
21
-4.1312768897637797
0
LINE
8
BLACK
6
CONTINUOUS
10
5.6441085826771653
20
-4.1312768897637797
11
5.6425669291338583
21
-4.1313779527559058
0
LINE
8
BLACK
6
CONTINUOUS
10
5.6425669291338583
20
-4.1313779527559058
11
5.5992598425196851
21
-4.1313779527559058
0
LINE
8
BLACK
6
CONTINUOUS
10
5.5992598425196851
20
-4.1313779527559058
11
5.5977181889763781
21
-4.1312768897637797
0
LINE
8
BLACK
6
CONTINUOUS
10
5.5977181889763781
20
-4.1312768897637797
11
5.5947399606299211
21
-4.1304788976377953
0
LINE
8
BLACK
6
CONTINUOUS
10
5.5947399606299211
20
-4.1304788976377953
11
5.5920697637795271
21
-4.1289372440944883
0
LINE
8
BLACK
6
CONTINUOUS
10
5.5920697637795271
20
-4.1289372440944883
11
5.5898895275590545
21
-4.1267570078740157
0
LINE
8
BLACK
6
CONTINUOUS
10
5.5898895275590545
20
-4.1267570078740157
11
5.5883478740157475
21
-4.1240868110236217
0
LINE
8
BLACK
6
CONTINUOUS
10
5.5883478740157475
20
-4.1240868110236217
11
5.587549881889764
21
-4.1211085826771656
0
LINE
8
BLACK
6
CONTINUOUS
10
5.587549881889764
20
-4.1211085826771656
11
5.587549881889764
21
-4.1180252755905506
0
LINE
8
BLACK
6
CONTINUOUS
10
5.587549881889764
20
-4.1180252755905506
11
5.5883478740157475
21
-4.1150470472440945
0
LINE
8
BLACK
6
CONTINUOUS
10
5.5883478740157475
20
-4.1150470472440945
11
5.5898895275590545
21
-4.1123768503937006
0
LINE
8
BLACK
6
CONTINUOUS
10
5.5898895275590545
20
-4.1123768503937006
11
5.5920697637795271
21
-4.110196614173228
0
LINE
8
BLACK
6
CONTINUOUS
10
5.5920697637795271
20
-4.110196614173228
11
5.5947399606299211
21
-4.108654960629921
0
LINE
8
BLACK
6
CONTINUOUS
10
5.5947399606299211
20
-4.108654960629921
11
5.5977181889763781
21
-4.1078569685039366
0
LINE
8
BLACK
6
CONTINUOUS
10
5.5977181889763781
20
-4.1078569685039366
11
5.5992598425196851
21
-4.1077559055118114
0
LINE
8
BLACK
6
CONTINUOUS
10
5.5992598425196851
20
-4.1077559055118114
11
5.6425669291338583
21
-4.1077559055118114
0
LINE
8
BLACK
6
CONTINUOUS
10
5.6425669291338583
20
-4.1077559055118114
11
5.6441085826771653
21
-4.1078569685039366
0
LINE
8
BLACK
6
CONTINUOUS
10
5.6441085826771653
20
-3.7676994881889763
11
5.6470868110236223
21
-3.7684974803149607
0
LINE
8
BLACK
6
CONTINUOUS
10
5.6470868110236223
20
-3.7684974803149607
11
5.6497570078740154
21
-3.7700391338582677
0
LINE
8
BLACK
6
CONTINUOUS
10
5.6497570078740154
20
-3.7700391338582677
11
5.6519372440944879
21
-3.7722193700787399
0
LINE
8
BLACK
6
CONTINUOUS
10
5.6519372440944879
20
-3.7722193700787399
11
5.653478897637795
21
-3.7748895669291338
0
LINE
8
BLACK
6
CONTINUOUS
10
5.653478897637795
20
-3.7748895669291338
11
5.6542768897637794
21
-3.7778677952755904
0
LINE
8
BLACK
6
CONTINUOUS
10
5.6542768897637794
20
-3.7778677952755904
11
5.6542768897637794
21
-3.7809511023622044
0
LINE
8
BLACK
6
CONTINUOUS
10
5.6542768897637794
20
-3.7809511023622044
11
5.653478897637795
21
-3.7839293307086614
0
LINE
8
BLACK
6
CONTINUOUS
10
5.653478897637795
20
-3.7839293307086614
11
5.6519372440944879
21
-3.7865995275590549
0
LINE
8
BLACK
6
CONTINUOUS
10
5.6519372440944879
20
-3.7865995275590549
11
5.6497570078740154
21
-3.7887797637795275
0
LINE
8
BLACK
6
CONTINUOUS
10
5.6497570078740154
20
-3.7887797637795275
11
5.6470868110236223
21
-3.7903214173228346
0
LINE
8
BLACK
6
CONTINUOUS
10
5.6470868110236223
20
-3.7903214173228346
11
5.6441085826771653
21
-3.791119409448819
0
LINE
8
BLACK
6
CONTINUOUS
10
5.6441085826771653
20
-3.791119409448819
11
5.6425669291338583
21
-3.7912204724409446
0
LINE
8
BLACK
6
CONTINUOUS
10
5.6425669291338583
20
-3.7912204724409446
11
5.5992598425196851
21
-3.7912204724409446
0
LINE
8
BLACK
6
CONTINUOUS
10
5.5992598425196851
20
-3.7912204724409446
11
5.5977181889763781
21
-3.791119409448819
0
LINE
8
BLACK
6
CONTINUOUS
10
5.5977181889763781
20
-3.791119409448819
11
5.5947399606299211
21
-3.7903214173228346
0
LINE
8
BLACK
6
CONTINUOUS
10
5.5947399606299211
20
-3.7903214173228346
11
5.5920697637795271
21
-3.7887797637795275
0
LINE
8
BLACK
6
CONTINUOUS
10
5.5920697637795271
20
-3.7887797637795275
11
5.5898895275590545
21
-3.7865995275590549
0
LINE
8
BLACK
6
CONTINUOUS
10
5.5898895275590545
20
-3.7865995275590549
11
5.5883478740157475
21
-3.7839293307086614
0
LINE
8
BLACK
6
CONTINUOUS
10
5.5883478740157475
20
-3.7839293307086614
11
5.587549881889764
21
-3.7809511023622044
0
LINE
8
BLACK
6
CONTINUOUS
10
5.587549881889764
20
-3.7809511023622044
11
5.587549881889764
21
-3.7778677952755904
0
LINE
8
BLACK
6
CONTINUOUS
10
5.587549881889764
20
-3.7778677952755904
11
5.5883478740157475
21
-3.7748895669291338
0
LINE
8
BLACK
6
CONTINUOUS
10
5.5883478740157475
20
-3.7748895669291338
11
5.5898895275590545
21
-3.7722193700787399
0
LINE
8
BLACK
6
CONTINUOUS
10
5.5898895275590545
20
-3.7722193700787399
11
5.5920697637795271
21
-3.7700391338582677
0
LINE
8
BLACK
6
CONTINUOUS
10
5.5920697637795271
20
-3.7700391338582677
11
5.5947399606299211
21
-3.7684974803149607
0
LINE
8
BLACK
6
CONTINUOUS
10
5.5947399606299211
20
-3.7684974803149607
11
5.5977181889763781
21
-3.7676994881889763
0
LINE
8
BLACK
6
CONTINUOUS
10
5.5977181889763781
20
-3.7676994881889763
11
5.5992598425196851
21
-3.7675984251968502
0
LINE
8
BLACK
6
CONTINUOUS
10
5.5992598425196851
20
-3.7675984251968502
11
5.6425669291338583
21
-3.7675984251968502
0
LINE
8
BLACK
6
CONTINUOUS
10
5.6425669291338583
20
-3.7675984251968502
11
5.6441085826771653
21
-3.7676994881889763
0
CIRCLE
8
BLACK
10
5.8283464566929135
20
-4.05003937007874
40
0.0078740157480315
0
CIRCLE
8
BLACK
10
5.9467322834645664
20
-3.417322834645669
40
0.0078740157480315
0
CIRCLE
8
BLACK
10
6.393346456692913
20
-3.4000393700787401
40
0.0078740157480315
0
CIRCLE
8
BLACK
10
5.4183464566929134
20
-3.53003937007874
40
0.0078740157480315
0
CIRCLE
8
BLACK
10
6.318897637795275
20
-4.4251968503937009
40
0.0078740157480315
0
CIRCLE
8
BLACK
10
5.6929133858267713
20
-3.7716535433070866
40
0.0078740157480315
0
CIRCLE
8
BLACK
10
6.0767322834645672
20
-3.417322834645669
40
0.0078740157480315
0
CIRCLE
8
BLACK
10
6.4233464566929133
20
-4.5000393700787402
40
0.0078740157480315
0
CIRCLE
8
BLACK
10
6.4383464566929129
20
-3.4000393700787401
40
0.0078740157480315
0
CIRCLE
8
BLACK
10
6.1181102362204722
20
-4.2598425196850389
40
0.0078740157480315
0
CIRCLE
8
BLACK
10
5.4233464566929133
20
-4.4100393700787404
40
0.0078740157480315
0
CIRCLE
8
BLACK
10
6.478346456692913
20
-3.4000393700787401
40
0.0078740157480315
0
CIRCLE
8
BLACK
10
5.4233464566929133
20
-4.2400393700787404
40
0.0078740157480315
0
CIRCLE
8
BLACK
10
5.7183464566929132
20
-3.8100393700787403
40
0.0078740157480315
0
CIRCLE
8
BLACK
10
5.4183464566929134
20
-3.65503937007874
40
0.0078740157480315
0
CIRCLE
8
BLACK
10
5.8441657086614169
20
-3.8291281496062992
40
0.0078740157480315
0
CIRCLE
8
BLACK
10
6.1417322834645667
20
-3.417322834645669
40
0.0078740157480315
0
CIRCLE
8
BLACK
10
6.106299212598425
20
-4.3680000000000003
40
0.0078740157480315
0
CIRCLE
8
BLACK
10
5.7133464566929133
20
-4.1000393700787399
40
0.0078740157480315
0
CIRCLE
8
BLACK
10
5.7559055118110232
20
-3.5590551181102361
40
0.0078740157480315
0
CIRCLE
8
BLACK
10
6.0984251968503935
20
-3.8031496062992125
40
0.0078740157480315
0
CIRCLE
8
BLACK
10
6.3383464566929133
20
-4.5000393700787402
40
0.0078740157480315
0
CIRCLE
8
BLACK
10
5.7083464566929134
20
-4.3350393700787402
40
0.0078740157480315
0
CIRCLE
8
BLACK
10
6.0117322834645668
20
-3.417322834645669
40
0.0078740157480315
0
CIRCLE
8
BLACK
10
5.4233464566929133
20
-4.3100393700787398
40
0.0078740157480315
0
CIRCLE
8
BLACK
10
6.1102362204724407
20
-3.8897637795275588
40
0.0078740157480315
0
CIRCLE
8
BLACK
10
5.7362204724409445
20
-4.4921259842519685
40
0.0078740157480315
0
CIRCLE
8
BLACK
10
5.4183464566929134
20
-3.59503937007874
40
0.0078740157480315
0
CIRCLE
8
BLACK
10
6.3833464566929132
20
-4.5000393700787402
40
0.0078740157480315
0
CIRCLE
8
BLACK
10
6.3483464566929131
20
-3.4000393700787401
40
0.0078740157480315
0
CIRCLE
8
BLACK
10
6.4683464566929132
20
-4.5000393700787402
40
0.0078740157480315
0
CIRCLE
8
BLACK
10
5.6417322834645667
20
-3.6377952755905509
40
0.0078740157480315
0
CIRCLE
8
BLACK
10
5.8031496062992121
20
-3.7677165354330708
40
0.0078740157480315
0
CIRCLE
8
BLACK
10
5.9606299212598426
20
-3.9055118110236218
40
0.0078740157480315
0
CIRCLE
8
BLACK
10
6.1082480314960632
20
-4.0472440944881889
40
0.0078740157480315
0
CIRCLE
8
BLACK
10
6.387992125984252
20
-3.5196850393700787
40
0.0078740157480315
0
CIRCLE
8
BLACK
10
6.4448818897637796
20
-3.9133858267716533
40
0.0078740157480315
0
CIRCLE
8
BLACK
10
5.768346456692913
20
-4.0511811023622046
40
0.0078740157480315
0
CIRCLE
8
BLACK
10
5.7622023622047243
20
-3.9488194488188975
40
0.0078740157480315
0
CIRCLE
8
BLACK
10
5.7677165354330704
20
-3.855
40
0.0078740157480315
0
CIRCLE
8
BLACK
10
5.7083145669291335
20
-3.9098764960629921
40
0.0078740157480315
0
CIRCLE
8
BLACK
10
5.7076377952755903
20
-3.9691535433070864
40
0.0078740157480315
0
CIRCLE
8
BLACK
10
6.1535433070866139
20
-3.7480314960629921
40
0.0078740157480315
0
CIRCLE
8
BLACK
10
6.2677165354330704
20
-4.0787401574803148
40
0.0078740157480315
0
CIRCLE
8
BLACK
10
6.2755905511811019
20
-4.1929133858267713
40
0.0078740157480315
0
CIRCLE
8
BLACK
10
6.1102362204724407
20
-4.2165354330708658
40
0.0078740157480315
0
CIRCLE
8
BLACK
10
6.2165354330708658
20
-3.8700787401574801
40
0.0078740157480315
0
CIRCLE
8
BLACK
10
6.3976377952755907
20
-4.3346456692913389
40
0.0078740157480315
0
CIRCLE
8
BLACK
10
6.3818897637795278
20
-3.6614173228346454
40
0.0078740157480315
0
CIRCLE
8
BLACK
10
5.8346456692913389
20
-3.6699999999999999
40
0.0078740157480315
0
CIRCLE
8
BLACK
10
6.1023622047244093
20
-3.8464566929133857
40
0.0078740157480315
0
CIRCLE
8
BLACK
10
5.9212598425196852
20
-4.015748031496063
40
0.0078740157480315
0
CIRCLE
8
BLACK
10
5.7578740157480315
20
-3.7854330708661417
40
0.0078740157480315
0
CIRCLE
8
BLACK
10
5.5236220472440944
20
-4.1692913385826769
40
0.0078740157480315
0
CIRCLE
8
BLACK
10
5.4960629921259843
20
-3.4527559055118111
40
0.0078740157480315
0
CIRCLE
8
BLACK
10
6.0492322834645664
20
-4.106299212598425
40
0.0078740157480315
0
CIRCLE
8
BLACK
10
5.9803149606299213
20
-4.1968503937007871
40
0.0078740157480315
0
CIRCLE
8
BLACK
10
5.9527759842519687
20
-4.1496062992125982
40
0.0078740157480315
0
CIRCLE
8
BLACK
10
6.1732283464566926
20
-3.9488188976377954
40
0.0078740157480315
0
CIRCLE
8
WHITE
10
5.8283464566929135
20
-4.05003937007874
40
0.0068897637795276
0
CIRCLE
8
WHITE
10
5.9467322834645664
20
-3.417322834645669
40
0.0068897637795276
0
CIRCLE
8
WHITE
10
6.393346456692913
20
-3.4000393700787401
40
0.0068897637795276
0
CIRCLE
8
WHITE
10
5.4183464566929134
20
-3.53003937007874
40
0.0068897637795276
0
CIRCLE
8
WHITE
10
6.318897637795275
20
-4.4251968503937009
40
0.0068897637795276
0
CIRCLE
8
WHITE
10
5.6929133858267713
20
-3.7716535433070866
40
0.0068897637795276
0
CIRCLE
8
WHITE
10
6.0767322834645672
20
-3.417322834645669
40
0.0068897637795276
0
CIRCLE
8
WHITE
10
6.4233464566929133
20
-4.5000393700787402
40
0.0068897637795276
0
CIRCLE
8
WHITE
10
6.4383464566929129
20
-3.4000393700787401
40
0.0068897637795276
0
CIRCLE
8
WHITE
10
6.1181102362204722
20
-4.2598425196850389
40
0.0068897637795276
0
CIRCLE
8
WHITE
10
5.4233464566929133
20
-4.4100393700787404
40
0.0068897637795276
0
CIRCLE
8
WHITE
10
6.478346456692913
20
-3.4000393700787401
40
0.0068897637795276
0
CIRCLE
8
WHITE
10
5.4233464566929133
20
-4.2400393700787404
40
0.0068897637795276
0
CIRCLE
8
WHITE
10
5.7183464566929132
20
-3.8100393700787403
40
0.0068897637795276
0
CIRCLE
8
WHITE
10
5.4183464566929134
20
-3.65503937007874
40
0.0068897637795276
0
CIRCLE
8
WHITE
10
5.8441657086614169
20
-3.8291281496062992
40
0.0068897637795276
0
CIRCLE
8
WHITE
10
6.1417322834645667
20
-3.417322834645669
40
0.0068897637795276
0
CIRCLE
8
WHITE
10
6.106299212598425
20
-4.3680000000000003
40
0.0068897637795276
0
CIRCLE
8
WHITE
10
5.7133464566929133
20
-4.1000393700787399
40
0.0068897637795276
0
CIRCLE
8
WHITE
10
5.7559055118110232
20
-3.5590551181102361
40
0.0068897637795276
0
CIRCLE
8
WHITE
10
6.0984251968503935
20
-3.8031496062992125
40
0.0068897637795276
0
CIRCLE
8
WHITE
10
6.3383464566929133
20
-4.5000393700787402
40
0.0068897637795276
0
CIRCLE
8
WHITE
10
5.7083464566929134
20
-4.3350393700787402
40
0.0068897637795276
0
CIRCLE
8
WHITE
10
6.0117322834645668
20
-3.417322834645669
40
0.0068897637795276
0
CIRCLE
8
WHITE
10
5.4233464566929133
20
-4.3100393700787398
40
0.0068897637795276
0
CIRCLE
8
WHITE
10
6.1102362204724407
20
-3.8897637795275588
40
0.0068897637795276
0
CIRCLE
8
WHITE
10
5.7362204724409445
20
-4.4921259842519685
40
0.0068897637795276
0
CIRCLE
8
WHITE
10
5.4183464566929134
20
-3.59503937007874
40
0.0068897637795276
0
CIRCLE
8
WHITE
10
6.3833464566929132
20
-4.5000393700787402
40
0.0068897637795276
0
CIRCLE
8
WHITE
10
6.3483464566929131
20
-3.4000393700787401
40
0.0068897637795276
0
CIRCLE
8
WHITE
10
6.4683464566929132
20
-4.5000393700787402
40
0.0068897637795276
0
CIRCLE
8
WHITE
10
5.6417322834645667
20
-3.6377952755905509
40
0.0068897637795276
0
CIRCLE
8
WHITE
10
5.8031496062992121
20
-3.7677165354330708
40
0.0068897637795276
0
CIRCLE
8
WHITE
10
5.9606299212598426
20
-3.9055118110236218
40
0.0068897637795276
0
CIRCLE
8
WHITE
10
6.1082480314960632
20
-4.0472440944881889
40
0.0068897637795276
0
CIRCLE
8
WHITE
10
6.387992125984252
20
-3.5196850393700787
40
0.0068897637795276
0
CIRCLE
8
WHITE
10
6.4448818897637796
20
-3.9133858267716533
40
0.0068897637795276
0
CIRCLE
8
WHITE
10
5.768346456692913
20
-4.0511811023622046
40
0.0068897637795276
0
CIRCLE
8
WHITE
10
5.7622023622047243
20
-3.9488194488188975
40
0.0068897637795276
0
CIRCLE
8
WHITE
10
5.7677165354330704
20
-3.855
40
0.0068897637795276
0
CIRCLE
8
WHITE
10
5.7083145669291335
20
-3.9098764960629921
40
0.0068897637795276
0
CIRCLE
8
WHITE
10
5.7076377952755903
20
-3.9691535433070864
40
0.0068897637795276
0
CIRCLE
8
WHITE
10
6.1535433070866139
20
-3.7480314960629921
40
0.0068897637795276
0
CIRCLE
8
WHITE
10
6.2677165354330704
20
-4.0787401574803148
40
0.0068897637795276
0
CIRCLE
8
WHITE
10
6.2755905511811019
20
-4.1929133858267713
40
0.0068897637795276
0
CIRCLE
8
WHITE
10
6.1102362204724407
20
-4.2165354330708658
40
0.0068897637795276
0
CIRCLE
8
WHITE
10
6.2165354330708658
20
-3.8700787401574801
40
0.0068897637795276
0
CIRCLE
8
WHITE
10
6.3976377952755907
20
-4.3346456692913389
40
0.0068897637795276
0
CIRCLE
8
WHITE
10
6.3818897637795278
20
-3.6614173228346454
40
0.0068897637795276
0
CIRCLE
8
WHITE
10
5.8346456692913389
20
-3.6699999999999999
40
0.0068897637795276
0
CIRCLE
8
WHITE
10
6.1023622047244093
20
-3.8464566929133857
40
0.0068897637795276
0
CIRCLE
8
WHITE
10
5.9212598425196852
20
-4.015748031496063
40
0.0068897637795276
0
CIRCLE
8
WHITE
10
5.7578740157480315
20
-3.7854330708661417
40
0.0068897637795276
0
CIRCLE
8
WHITE
10
5.5236220472440944
20
-4.1692913385826769
40
0.0068897637795276
0
CIRCLE
8
WHITE
10
5.4960629921259843
20
-3.4527559055118111
40
0.0068897637795276
0
CIRCLE
8
WHITE
10
6.0492322834645664
20
-4.106299212598425
40
0.0068897637795276
0
CIRCLE
8
WHITE
10
5.9803149606299213
20
-4.1968503937007871
40
0.0068897637795276
0
CIRCLE
8
WHITE
10
5.9527759842519687
20
-4.1496062992125982
40
0.0068897637795276
0
CIRCLE
8
WHITE
10
6.1732283464566926
20
-3.9488188976377954
40
0.0068897637795276
0
CIRCLE
8
BLACK
10
5.8304724409448818
20
-3.3589370078740157
40
0.0068897637795276
0
CIRCLE
8
BLACK
10
6.2241732283464568
20
-4.5400393700787403
40
0.0068897637795276
0
CIRCLE
8
BLACK
10
5.4367716535433068
20
-4.5400393700787403
40
0.0068897637795276
0
CIRCLE
8
BLACK
10
6.2241732283464568
20
-3.3589370078740157
40
0.0068897637795276
0
CIRCLE
8
BLACK
10
5.8304724409448818
20
-4.5400393700787403
40
0.0068897637795276
0
CIRCLE
8
BLACK
10
5.4367716535433068
20
-3.3589370078740157
40
0.0068897637795276
0
CIRCLE
8
WHITE
10
5.6012283464566925
20
-4.0632677165354334
40
0.0068897637795276
0
CIRCLE
8
WHITE
10
5.6012283464566925
20
-3.8357086614173226
40
0.0068897637795276
0
LINE
8
WHITE
6
CONTINUOUS
10
5.4405984251968507
20
-4.1313779527559058
11
5.4720944881889766
21
-4.1313779527559058
0
ARC
8
WHITE
10
5.4720944881889766
20
-4.1195669291338586
40
0.0118110236220472
50
-90.00000000
51
90.00000000
0
LINE
8
WHITE
6
CONTINUOUS
10
5.4720944881889766
20
-4.1077559055118114
11
5.4405984251968507
21
-4.1077559055118114
0
ARC
8
WHITE
10
5.4405984251968507
20
-4.1195669291338586
40
0.0118110236220472
50
90.00000000
51
270.00000000
0
LINE
8
WHITE
6
CONTINUOUS
10
5.4405984251968507
20
-3.7912204724409446
11
5.4720944881889766
21
-3.7912204724409446
0
ARC
8
WHITE
10
5.4720944881889766
20
-3.7794094488188974
40
0.0118110236220472
50
-90.00000000
51
90.00000000
0
LINE
8
WHITE
6
CONTINUOUS
10
5.4720944881889766
20
-3.7675984251968502
11
5.4405984251968507
21
-3.7675984251968502
0
ARC
8
WHITE
10
5.4405984251968507
20
-3.7794094488188974
40
0.0118110236220472
50
90.00000000
51
270.00000000
0
LINE
8
WHITE
6
CONTINUOUS
10
5.5992598425196851
20
-4.1313779527559058
11
5.6425669291338583
21
-4.1313779527559058
0
ARC
8
WHITE
10
5.6425669291338583
20
-4.1195669291338586
40
0.0118110236220472
50
-90.00000000
51
90.00000000
0
LINE
8
WHITE
6
CONTINUOUS
10
5.6425669291338583
20
-4.1077559055118114
11
5.5992598425196851
21
-4.1077559055118114
0
ARC
8
WHITE
10
5.5992598425196851
20
-4.1195669291338586
40
0.0118110236220472
50
90.00000000
51
270.00000000
0
LINE
8
WHITE
6
CONTINUOUS
10
5.5992598425196851
20
-3.7912204724409446
11
5.6425669291338583
21
-3.7912204724409446
0
ARC
8
WHITE
10
5.6425669291338583
20
-3.7794094488188974
40
0.0118110236220472
50
-90.00000000
51
90.00000000
0
LINE
8
WHITE
6
CONTINUOUS
10
5.6425669291338583
20
-3.7675984251968502
11
5.5992598425196851
21
-3.7675984251968502
0
ARC
8
WHITE
10
5.5992598425196851
20
-3.7794094488188974
40
0.0118110236220472
50
90.00000000
51
270.00000000
  0
ENDSEC
  0
EOF
