  0
SECTION
  2
HEADER
  9
$ANGBASE
  50
0.0
  9
$ANGDIR
  70
1
  9
$MEASUREMENT
  70
0
  0
ENDSEC
  0
SECTION
  2
TABLES
  0
TABLE
  2
LTYPE
  70
4
  0
LTYPE
  5
40F
  2
CONTINUOUS
  70
0
  3
Solid line
  72
65
  73
0
  40
0.0
  0
LTYPE
  5
410
  2
DASHDOT
 70
0
  3
Dash Dot ____ _ ____ _
 72
65
 73
4
 40
2.0
 49
1.25
 49
-0.25
 49
0.25
 49
-0.25
  0
LTYPE
  5
411
  2
DASHED
 70
0
  3
Dashed __ __ __ __ __
 72
65
 73
2
 40
0.75
 49
0.5
 49
-0.25
  0
LTYPE
  5
43B
  2
DOTTED
 70
0
  3
Dotted .  .  .  .
 72
65
 73
2
 40
0.2
 49
0.0
 49
-0.2
  0
ENDTAB
  0
TABLE
  2
STYLE
  70
4
  0
STYLE
  2
KICAD
  70
0
  40
0
  41
1
  42
1
  50
0
  71
0
  3
isocp.shx
  0
STYLE
  2
KICADB
  70
0
  40
0
  41
1
  42
1
  50
0
  71
0
  3
isocp.shx
  0
STYLE
  2
KICADI
  70
0
  40
0
  41
1
  42
1
  50
15
  71
0
  3
isocp.shx
  0
STYLE
  2
KICADBI
  70
0
  40
0
  41
1
  42
1
  50
15
  71
0
  3
isocp.shx
  0
ENDTAB
  0
TABLE
  2
LAYER
  70
1
  0
LAYER
  2
BLACK
  70
0
  62
7
  6
CONTINUOUS
  0
ENDTAB
  0
ENDSEC
  0
SECTION
  2
ENTITIES
0
LINE
8
BLACK
6
CONTINUOUS
10
6.4784774803149601
20
-4.3669329133858268
11
6.4806390551181101
21
-4.3690944881889759
0
LINE
8
BLACK
6
CONTINUOUS
10
6.4806390551181101
20
-4.3690944881889759
11
6.4814302362204721
21
-4.372047244094488
0
LINE
8
BLACK
6
CONTINUOUS
10
6.4814302362204721
20
-4.372047244094488
11
6.4814302362204721
21
-4.3776715354330706
0
LINE
8
BLACK
6
CONTINUOUS
10
6.4814302362204721
20
-4.3776715354330706
11
6.4810788582677166
21
-4.3789827559055121
0
LINE
8
BLACK
6
CONTINUOUS
10
6.4810788582677166
20
-4.3789827559055121
11
6.4808067716535431
21
-4.380312519685039
0
LINE
8
BLACK
6
CONTINUOUS
10
6.4808067716535431
20
-4.380312519685039
11
6.4779946456692912
21
-4.3859368503937004
0
LINE
8
BLACK
6
CONTINUOUS
10
6.4779946456692912
20
-4.3859368503937004
11
6.4777550393700789
21
-4.3862070078740159
0
LINE
8
BLACK
6
CONTINUOUS
10
6.4777550393700789
20
-4.3862070078740159
11
6.477640826771653
21
-4.3865497244094485
0
LINE
8
BLACK
6
CONTINUOUS
10
6.477640826771653
20
-4.3865497244094485
11
6.4767533858267718
21
-4.3873366141732282
0
LINE
8
BLACK
6
CONTINUOUS
10
6.4767533858267718
20
-4.3873366141732282
11
6.4759664960629921
21
-4.3882240551181102
0
LINE
8
BLACK
6
CONTINUOUS
10
6.4759664960629921
20
-4.3882240551181102
11
6.4756237795275586
21
-4.3883382677165352
0
LINE
8
BLACK
6
CONTINUOUS
10
6.4756237795275586
20
-4.3883382677165352
11
6.4753536220472441
21
-4.3885778740157475
0
LINE
8
BLACK
6
CONTINUOUS
10
6.4753536220472441
20
-4.3885778740157475
11
6.4697292913385827
21
-4.3913900393700782
0
LINE
8
BLACK
6
CONTINUOUS
10
6.4697292913385827
20
-4.3913900393700782
11
6.4683993307086611
21
-4.3916621653543304
0
LINE
8
BLACK
6
CONTINUOUS
10
6.4683993307086611
20
-4.3916621653543304
11
6.4670882677165356
21
-4.3920135039370081
0
LINE
8
BLACK
6
CONTINUOUS
10
6.4670882677165356
20
-4.3920135039370081
11
6.4420601574803147
21
-4.3920135039370081
0
LINE
8
BLACK
6
CONTINUOUS
10
6.4420601574803147
20
-4.3920135039370081
11
6.4420601574803147
21
-4.3945444094488186
0
LINE
8
BLACK
6
CONTINUOUS
10
6.4420601574803147
20
-4.3945444094488186
11
6.4412689763779527
21
-4.3974971653543307
0
LINE
8
BLACK
6
CONTINUOUS
10
6.4412689763779527
20
-4.3974971653543307
11
6.4391074015748027
21
-4.3996587401574798
0
LINE
8
BLACK
6
CONTINUOUS
10
6.4391074015748027
20
-4.3996587401574798
11
6.4361546456692915
21
-4.4004499212598427
0
LINE
8
BLACK
6
CONTINUOUS
10
6.4361546456692915
20
-4.4004499212598427
11
6.4332018897637795
21
-4.3996587401574798
0
LINE
8
BLACK
6
CONTINUOUS
10
6.4332018897637795
20
-4.3996587401574798
11
6.4310403149606294
21
-4.3974971653543307
0
LINE
8
BLACK
6
CONTINUOUS
10
6.4310403149606294
20
-4.3974971653543307
11
6.4302491338582675
21
-4.3945444094488186
0
LINE
8
BLACK
6
CONTINUOUS
10
6.4302491338582675
20
-4.3945444094488186
11
6.4302491338582675
21
-4.3920135039370081
0
LINE
8
BLACK
6
CONTINUOUS
10
6.4302491338582675
20
-4.3920135039370081
11
6.4164696062992128
21
-4.3920135039370081
0
LINE
8
BLACK
6
CONTINUOUS
10
6.4164696062992128
20
-4.3920135039370081
11
6.4135168503937008
21
-4.3912223228346452
0
LINE
8
BLACK
6
CONTINUOUS
10
6.4135168503937008
20
-4.3912223228346452
11
6.4113552755905507
21
-4.389060748031496
0
LINE
8
BLACK
6
CONTINUOUS
10
6.4113552755905507
20
-4.389060748031496
11
6.4105640944881888
21
-4.386107992125984
0
LINE
8
BLACK
6
CONTINUOUS
10
6.4105640944881888
20
-4.386107992125984
11
6.4113552755905507
21
-4.383155236220472
0
LINE
8
BLACK
6
CONTINUOUS
10
6.4113552755905507
20
-4.383155236220472
11
6.4135168503937008
21
-4.3809936614173228
0
LINE
8
BLACK
6
CONTINUOUS
10
6.4135168503937008
20
-4.3809936614173228
11
6.4164696062992128
21
-4.3802024803149608
0
LINE
8
BLACK
6
CONTINUOUS
10
6.4164696062992128
20
-4.3802024803149608
11
6.4302491338582675
21
-4.3802024803149608
0
LINE
8
BLACK
6
CONTINUOUS
10
6.4302491338582675
20
-4.3802024803149608
11
6.4302491338582675
21
-4.372047244094488
0
LINE
8
BLACK
6
CONTINUOUS
10
6.4302491338582675
20
-4.372047244094488
11
6.4310403149606294
21
-4.3690944881889759
0
LINE
8
BLACK
6
CONTINUOUS
10
6.4310403149606294
20
-4.3690944881889759
11
6.4332018897637795
21
-4.3669329133858268
0
LINE
8
BLACK
6
CONTINUOUS
10
6.4332018897637795
20
-4.3669329133858268
11
6.4361546456692915
21
-4.3661417322834648
0
LINE
8
BLACK
6
CONTINUOUS
10
6.4361546456692915
20
-4.3661417322834648
11
6.4391074015748027
21
-4.3669329133858268
0
LINE
8
BLACK
6
CONTINUOUS
10
6.4391074015748027
20
-4.3669329133858268
11
6.4412689763779527
21
-4.3690944881889759
0
LINE
8
BLACK
6
CONTINUOUS
10
6.4412689763779527
20
-4.3690944881889759
11
6.4420601574803147
21
-4.372047244094488
0
LINE
8
BLACK
6
CONTINUOUS
10
6.4420601574803147
20
-4.372047244094488
11
6.4420601574803147
21
-4.3802024803149608
0
LINE
8
BLACK
6
CONTINUOUS
10
6.4420601574803147
20
-4.3802024803149608
11
6.4656941732283464
21
-4.3802024803149608
0
LINE
8
BLACK
6
CONTINUOUS
10
6.4656941732283464
20
-4.3802024803149608
11
6.4683108661417323
21
-4.3788940944881887
0
LINE
8
BLACK
6
CONTINUOUS
10
6.4683108661417323
20
-4.3788940944881887
11
6.4696192125984249
21
-4.3762774409448815
0
LINE
8
BLACK
6
CONTINUOUS
10
6.4696192125984249
20
-4.3762774409448815
11
6.4696192125984249
21
-4.372047244094488
0
LINE
8
BLACK
6
CONTINUOUS
10
6.4696192125984249
20
-4.372047244094488
11
6.4704103937007869
21
-4.3690944881889759
0
LINE
8
BLACK
6
CONTINUOUS
10
6.4704103937007869
20
-4.3690944881889759
11
6.4725719685039369
21
-4.3669329133858268
0
LINE
8
BLACK
6
CONTINUOUS
10
6.4725719685039369
20
-4.3669329133858268
11
6.4755247244094489
21
-4.3661417322834648
0
LINE
8
BLACK
6
CONTINUOUS
10
6.4755247244094489
20
-4.3661417322834648
11
6.4784774803149601
21
-4.3669329133858268
0
LINE
8
BLACK
6
CONTINUOUS
10
6.4655872047244092
20
-4.318686496062992
11
6.4669171653543307
21
-4.318958661417323
0
LINE
8
BLACK
6
CONTINUOUS
10
6.4669171653543307
20
-4.318958661417323
11
6.4725414566929134
21
-4.3217708267716537
0
LINE
8
BLACK
6
CONTINUOUS
10
6.4725414566929134
20
-4.3217708267716537
11
6.4732527952755907
21
-4.322401614173228
0
LINE
8
BLACK
6
CONTINUOUS
10
6.4732527952755907
20
-4.322401614173228
11
6.4740762204724405
21
-4.3228770078740153
0
LINE
8
BLACK
6
CONTINUOUS
10
6.4740762204724405
20
-4.3228770078740153
11
6.4768883858267712
21
-4.3256891338582673
0
LINE
8
BLACK
6
CONTINUOUS
10
6.4768883858267712
20
-4.3256891338582673
11
6.4773637795275585
21
-4.3265125590551179
0
LINE
8
BLACK
6
CONTINUOUS
10
6.4773637795275585
20
-4.3265125590551179
11
6.4779946456692912
21
-4.3272239763779528
0
LINE
8
BLACK
6
CONTINUOUS
10
6.4779946456692912
20
-4.3272239763779528
11
6.4808067716535431
21
-4.3328483070866142
0
LINE
8
BLACK
6
CONTINUOUS
10
6.4808067716535431
20
-4.3328483070866142
11
6.4810788582677166
21
-4.3341780314960632
0
LINE
8
BLACK
6
CONTINUOUS
10
6.4810788582677166
20
-4.3341780314960632
11
6.4814302362204721
21
-4.3354892913385825
0
LINE
8
BLACK
6
CONTINUOUS
10
6.4814302362204721
20
-4.3354892913385825
11
6.4814302362204721
21
-4.3439257480314959
0
LINE
8
BLACK
6
CONTINUOUS
10
6.4814302362204721
20
-4.3439257480314959
11
6.4810788582677166
21
-4.3452369685039365
0
LINE
8
BLACK
6
CONTINUOUS
10
6.4810788582677166
20
-4.3452369685039365
11
6.4808067716535431
21
-4.3465667322834642
0
LINE
8
BLACK
6
CONTINUOUS
10
6.4808067716535431
20
-4.3465667322834642
11
6.4779946456692912
21
-4.3521910629921257
0
LINE
8
BLACK
6
CONTINUOUS
10
6.4779946456692912
20
-4.3521910629921257
11
6.4773637795275585
21
-4.3529024409448818
0
LINE
8
BLACK
6
CONTINUOUS
10
6.4773637795275585
20
-4.3529024409448818
11
6.4768884251968499
21
-4.3537258661417324
0
LINE
8
BLACK
6
CONTINUOUS
10
6.4768884251968499
20
-4.3537258661417324
11
6.4740762598425192
21
-4.3565380314960631
0
LINE
8
BLACK
6
CONTINUOUS
10
6.4740762598425192
20
-4.3565380314960631
11
6.4732528346456695
21
-4.3570133858267717
0
LINE
8
BLACK
6
CONTINUOUS
10
6.4732528346456695
20
-4.3570133858267717
11
6.4725414566929134
21
-4.3576442519685035
0
LINE
8
BLACK
6
CONTINUOUS
10
6.4725414566929134
20
-4.3576442519685035
11
6.4669171653543307
21
-4.3604563779527554
0
LINE
8
BLACK
6
CONTINUOUS
10
6.4669171653543307
20
-4.3604563779527554
11
6.4655872834645667
21
-4.3607285039370076
0
LINE
8
BLACK
6
CONTINUOUS
10
6.4655872834645667
20
-4.3607285039370076
11
6.4642761417322836
21
-4.3610798425196853
0
LINE
8
BLACK
6
CONTINUOUS
10
6.4642761417322836
20
-4.3610798425196853
11
6.4474032283464568
21
-4.3610798425196853
0
LINE
8
BLACK
6
CONTINUOUS
10
6.4474032283464568
20
-4.3610798425196853
11
6.4460919685039366
21
-4.3607284645669289
0
LINE
8
BLACK
6
CONTINUOUS
10
6.4460919685039366
20
-4.3607284645669289
11
6.4447622440944876
21
-4.3604563779527554
0
LINE
8
BLACK
6
CONTINUOUS
10
6.4447622440944876
20
-4.3604563779527554
11
6.4391379133858262
21
-4.3576442519685035
0
LINE
8
BLACK
6
CONTINUOUS
10
6.4391379133858262
20
-4.3576442519685035
11
6.4384264960629922
21
-4.3570133858267717
0
LINE
8
BLACK
6
CONTINUOUS
10
6.4384264960629922
20
-4.3570133858267717
11
6.4376030708661416
21
-4.3565379921259844
0
LINE
8
BLACK
6
CONTINUOUS
10
6.4376030708661416
20
-4.3565379921259844
11
6.4347909448818896
21
-4.3537258267716537
0
LINE
8
BLACK
6
CONTINUOUS
10
6.4347909448818896
20
-4.3537258267716537
11
6.4343155511811023
21
-4.352902401574803
0
LINE
8
BLACK
6
CONTINUOUS
10
6.4343155511811023
20
-4.352902401574803
11
6.4336847637795271
21
-4.3521910629921257
0
LINE
8
BLACK
6
CONTINUOUS
10
6.4336847637795271
20
-4.3521910629921257
11
6.4308725984251964
21
-4.346566771653543
0
LINE
8
BLACK
6
CONTINUOUS
10
6.4308725984251964
20
-4.346566771653543
11
6.4306004330708664
21
-4.3452368110236224
0
LINE
8
BLACK
6
CONTINUOUS
10
6.4306004330708664
20
-4.3452368110236224
11
6.4302491338582675
21
-4.3439257480314959
0
LINE
8
BLACK
6
CONTINUOUS
10
6.4302491338582675
20
-4.3439257480314959
11
6.4302491338582675
21
-4.3354892913385825
0
LINE
8
BLACK
6
CONTINUOUS
10
6.4302491338582675
20
-4.3354892913385825
11
6.4306004330708664
21
-4.3341781889763782
0
LINE
8
BLACK
6
CONTINUOUS
10
6.4306004330708664
20
-4.3341781889763782
11
6.4308725984251964
21
-4.3328482677165354
0
LINE
8
BLACK
6
CONTINUOUS
10
6.4308725984251964
20
-4.3328482677165354
11
6.4336847637795271
21
-4.3272239763779528
0
LINE
8
BLACK
6
CONTINUOUS
10
6.4336847637795271
20
-4.3272239763779528
11
6.4343155511811023
21
-4.3265125984251966
0
LINE
8
BLACK
6
CONTINUOUS
10
6.4343155511811023
20
-4.3265125984251966
11
6.4347909842519684
21
-4.325689173228346
0
LINE
8
BLACK
6
CONTINUOUS
10
6.4347909842519684
20
-4.325689173228346
11
6.4376031102362203
21
-4.3228770472440941
0
LINE
8
BLACK
6
CONTINUOUS
10
6.4376031102362203
20
-4.3228770472440941
11
6.438426535433071
21
-4.322401614173228
0
LINE
8
BLACK
6
CONTINUOUS
10
6.438426535433071
20
-4.322401614173228
11
6.4391379133858262
21
-4.3217708267716537
0
LINE
8
BLACK
6
CONTINUOUS
10
6.4391379133858262
20
-4.3217708267716537
11
6.444762165354331
21
-4.318958661417323
0
LINE
8
BLACK
6
CONTINUOUS
10
6.444762165354331
20
-4.318958661417323
11
6.4460921653543304
21
-4.3186864566929133
0
LINE
8
BLACK
6
CONTINUOUS
10
6.4460921653543304
20
-4.3186864566929133
11
6.4474032283464568
21
-4.318335196850394
0
LINE
8
BLACK
6
CONTINUOUS
10
6.4474032283464568
20
-4.318335196850394
11
6.4642761417322836
21
-4.318335196850394
0
LINE
8
BLACK
6
CONTINUOUS
10
6.4642761417322836
20
-4.318335196850394
11
6.4655872047244092
21
-4.318686496062992
0
LINE
8
BLACK
6
CONTINUOUS
10
6.4452771259842514
20
-4.3319062992125987
11
6.4438202755905509
21
-4.3333631496062992
0
LINE
8
BLACK
6
CONTINUOUS
10
6.4438202755905509
20
-4.3333631496062992
11
6.4420601574803147
21
-4.3368833858267717
0
LINE
8
BLACK
6
CONTINUOUS
10
6.4420601574803147
20
-4.3368833858267717
11
6.4420601574803147
21
-4.342531614173228
0
LINE
8
BLACK
6
CONTINUOUS
10
6.4420601574803147
20
-4.342531614173228
11
6.4438202755905509
21
-4.3460518897637792
0
LINE
8
BLACK
6
CONTINUOUS
10
6.4438202755905509
20
-4.3460518897637792
11
6.4452771259842514
21
-4.3475087401574806
0
LINE
8
BLACK
6
CONTINUOUS
10
6.4452771259842514
20
-4.3475087401574806
11
6.4487973228346451
21
-4.3492688188976381
0
LINE
8
BLACK
6
CONTINUOUS
10
6.4487973228346451
20
-4.3492688188976381
11
6.4628820472440944
21
-4.3492688188976381
0
LINE
8
BLACK
6
CONTINUOUS
10
6.4628820472440944
20
-4.3492688188976381
11
6.4664022047244094
21
-4.3475087401574806
0
LINE
8
BLACK
6
CONTINUOUS
10
6.4664022047244094
20
-4.3475087401574806
11
6.4678590944881886
21
-4.3460518503937005
0
LINE
8
BLACK
6
CONTINUOUS
10
6.4678590944881886
20
-4.3460518503937005
11
6.4696192125984249
21
-4.3425316535433067
0
LINE
8
BLACK
6
CONTINUOUS
10
6.4696192125984249
20
-4.3425316535433067
11
6.4696192125984249
21
-4.3368833464566929
0
LINE
8
BLACK
6
CONTINUOUS
10
6.4696192125984249
20
-4.3368833464566929
11
6.4678591338582674
21
-4.333363188976378
0
LINE
8
BLACK
6
CONTINUOUS
10
6.4678591338582674
20
-4.333363188976378
11
6.4664022834645669
21
-4.3319063385826775
0
LINE
8
BLACK
6
CONTINUOUS
10
6.4664022834645669
20
-4.3319063385826775
11
6.4628820472440944
21
-4.3301462204724412
0
LINE
8
BLACK
6
CONTINUOUS
10
6.4628820472440944
20
-4.3301462204724412
11
6.4487973228346451
21
-4.3301462204724412
0
LINE
8
BLACK
6
CONTINUOUS
10
6.4487973228346451
20
-4.3301462204724412
11
6.4452771259842514
21
-4.3319062992125987
0
LINE
8
BLACK
6
CONTINUOUS
10
6.419422362204724
20
-4.2207011811023625
11
6.421583937007874
21
-4.2228627559055116
0
LINE
8
BLACK
6
CONTINUOUS
10
6.421583937007874
20
-4.2228627559055116
11
6.422375118110236
21
-4.2258155118110237
0
LINE
8
BLACK
6
CONTINUOUS
10
6.422375118110236
20
-4.2258155118110237
11
6.422375118110236
21
-4.2480314960629917
0
LINE
8
BLACK
6
CONTINUOUS
10
6.422375118110236
20
-4.2480314960629917
11
6.4386855905511808
21
-4.2480314960629917
0
LINE
8
BLACK
6
CONTINUOUS
10
6.4386855905511808
20
-4.2480314960629917
11
6.4386855905511808
21
-4.234251968503937
0
LINE
8
BLACK
6
CONTINUOUS
10
6.4386855905511808
20
-4.234251968503937
11
6.4394767716535428
21
-4.231299212598425
0
LINE
8
BLACK
6
CONTINUOUS
10
6.4394767716535428
20
-4.231299212598425
11
6.4416383464566929
21
-4.2291376377952759
0
LINE
8
BLACK
6
CONTINUOUS
10
6.4416383464566929
20
-4.2291376377952759
11
6.4445911023622049
21
-4.228346456692913
0
LINE
8
BLACK
6
CONTINUOUS
10
6.4445911023622049
20
-4.228346456692913
11
6.447543858267716
21
-4.2291376377952759
0
LINE
8
BLACK
6
CONTINUOUS
10
6.447543858267716
20
-4.2291376377952759
11
6.4497054330708661
21
-4.231299212598425
0
LINE
8
BLACK
6
CONTINUOUS
10
6.4497054330708661
20
-4.231299212598425
11
6.4504966141732281
21
-4.234251968503937
0
LINE
8
BLACK
6
CONTINUOUS
10
6.4504966141732281
20
-4.234251968503937
11
6.4504966141732281
21
-4.2480314960629917
0
LINE
8
BLACK
6
CONTINUOUS
10
6.4504966141732281
20
-4.2480314960629917
11
6.4755247244094489
21
-4.2480314960629917
0
LINE
8
BLACK
6
CONTINUOUS
10
6.4755247244094489
20
-4.2480314960629917
11
6.4784774803149601
21
-4.2488226771653546
0
LINE
8
BLACK
6
CONTINUOUS
10
6.4784774803149601
20
-4.2488226771653546
11
6.4806390551181101
21
-4.2509842519685037
0
LINE
8
BLACK
6
CONTINUOUS
10
6.4806390551181101
20
-4.2509842519685037
11
6.4814302362204721
21
-4.2539370078740157
0
LINE
8
BLACK
6
CONTINUOUS
10
6.4814302362204721
20
-4.2539370078740157
11
6.4806390551181101
21
-4.2568897637795278
0
LINE
8
BLACK
6
CONTINUOUS
10
6.4806390551181101
20
-4.2568897637795278
11
6.4784774803149601
21
-4.2590513385826769
0
LINE
8
BLACK
6
CONTINUOUS
10
6.4784774803149601
20
-4.2590513385826769
11
6.4755247244094489
21
-4.2598425196850389
0
LINE
8
BLACK
6
CONTINUOUS
10
6.4755247244094489
20
-4.2598425196850389
11
6.4445911023622049
21
-4.2598425196850389
0
LINE
8
BLACK
6
CONTINUOUS
10
6.4445911023622049
20
-4.2598425196850389
11
6.4164696062992128
21
-4.2598425196850389
0
LINE
8
BLACK
6
CONTINUOUS
10
6.4164696062992128
20
-4.2598425196850389
11
6.4135168503937008
21
-4.2590513385826769
0
LINE
8
BLACK
6
CONTINUOUS
10
6.4135168503937008
20
-4.2590513385826769
11
6.4113552755905507
21
-4.2568897637795278
0
LINE
8
BLACK
6
CONTINUOUS
10
6.4113552755905507
20
-4.2568897637795278
11
6.4105640944881888
21
-4.2539370078740157
0
LINE
8
BLACK
6
CONTINUOUS
10
6.4105640944881888
20
-4.2539370078740157
11
6.4105640944881888
21
-4.2258155118110237
0
LINE
8
BLACK
6
CONTINUOUS
10
6.4105640944881888
20
-4.2258155118110237
11
6.4113552755905507
21
-4.2228627559055116
0
LINE
8
BLACK
6
CONTINUOUS
10
6.4113552755905507
20
-4.2228627559055116
11
6.4135168503937008
21
-4.2207011811023625
0
LINE
8
BLACK
6
CONTINUOUS
10
6.4135168503937008
20
-4.2207011811023625
11
6.4164696062992128
21
-4.2199099999999996
0
LINE
8
BLACK
6
CONTINUOUS
10
6.4164696062992128
20
-4.2199099999999996
11
6.419422362204724
21
-4.2207011811023625
0
LINE
8
BLACK
6
CONTINUOUS
10
5.9594140157480311
20
-4.1716163385826768
11
5.9657382677165351
21
-4.1738292913385822
0
LINE
8
BLACK
6
CONTINUOUS
10
5.9657382677165351
20
-4.1738292913385822
11
5.9714114960629923
21
-4.1773940157480318
0
LINE
8
BLACK
6
CONTINUOUS
10
5.9714114960629923
20
-4.1773940157480318
11
5.976149291338583
21
-4.1821318110236216
0
LINE
8
BLACK
6
CONTINUOUS
10
5.976149291338583
20
-4.1821318110236216
11
5.9797140157480317
21
-4.1878050393700788
0
LINE
8
BLACK
6
CONTINUOUS
10
5.9797140157480317
20
-4.1878050393700788
11
5.9819269685039371
21
-4.1941292913385828
0
LINE
8
BLACK
6
CONTINUOUS
10
5.9819269685039371
20
-4.1941292913385828
11
5.9826771653543309
21
-4.2007874015748028
0
LINE
8
BLACK
6
CONTINUOUS
10
5.9826771653543309
20
-4.2007874015748028
11
5.9819269685039371
21
-4.2074455118110237
0
LINE
8
BLACK
6
CONTINUOUS
10
5.9819269685039371
20
-4.2074455118110237
11
5.9797140157480317
21
-4.2137697637795277
0
LINE
8
BLACK
6
CONTINUOUS
10
5.9797140157480317
20
-4.2137697637795277
11
5.976149291338583
21
-4.2194429921259839
0
LINE
8
BLACK
6
CONTINUOUS
10
5.976149291338583
20
-4.2194429921259839
11
5.9714114960629923
21
-4.2241807874015747
0
LINE
8
BLACK
6
CONTINUOUS
10
5.9714114960629923
20
-4.2241807874015747
11
5.9657382677165351
21
-4.2277455118110234
0
LINE
8
BLACK
6
CONTINUOUS
10
5.9657382677165351
20
-4.2277455118110234
11
5.9594140157480311
21
-4.2299584645669288
0
LINE
8
BLACK
6
CONTINUOUS
10
5.9594140157480311
20
-4.2299584645669288
11
5.9527559055118111
21
-4.2307086614173226
0
LINE
8
BLACK
6
CONTINUOUS
10
5.9527559055118111
20
-4.2307086614173226
11
5.9460977952755902
21
-4.2299584645669288
0
LINE
8
BLACK
6
CONTINUOUS
10
5.9460977952755902
20
-4.2299584645669288
11
5.9397735433070862
21
-4.2277455118110234
0
LINE
8
BLACK
6
CONTINUOUS
10
5.9397735433070862
20
-4.2277455118110234
11
5.93410031496063
21
-4.2241807874015747
0
LINE
8
BLACK
6
CONTINUOUS
10
5.93410031496063
20
-4.2241807874015747
11
5.9293625196850392
21
-4.2194429921259839
0
LINE
8
BLACK
6
CONTINUOUS
10
5.9293625196850392
20
-4.2194429921259839
11
5.9257977952755905
21
-4.2137697637795277
0
LINE
8
BLACK
6
CONTINUOUS
10
5.9257977952755905
20
-4.2137697637795277
11
5.9235848425196851
21
-4.2074455118110237
0
LINE
8
BLACK
6
CONTINUOUS
10
5.9235848425196851
20
-4.2074455118110237
11
5.9228346456692913
21
-4.2007874015748028
0
LINE
8
BLACK
6
CONTINUOUS
10
5.9228346456692913
20
-4.2007874015748028
11
5.9235848425196851
21
-4.1941292913385828
0
LINE
8
BLACK
6
CONTINUOUS
10
5.9235848425196851
20
-4.1941292913385828
11
5.9257977952755905
21
-4.1878050393700788
0
LINE
8
BLACK
6
CONTINUOUS
10
5.9257977952755905
20
-4.1878050393700788
11
5.9293625196850392
21
-4.1821318110236216
0
LINE
8
BLACK
6
CONTINUOUS
10
5.9293625196850392
20
-4.1821318110236216
11
5.93410031496063
21
-4.1773940157480318
0
LINE
8
BLACK
6
CONTINUOUS
10
5.93410031496063
20
-4.1773940157480318
11
5.9397735433070862
21
-4.1738292913385822
0
LINE
8
BLACK
6
CONTINUOUS
10
5.9397735433070862
20
-4.1738292913385822
11
5.9460977952755902
21
-4.1716163385826768
0
LINE
8
BLACK
6
CONTINUOUS
10
5.9460977952755902
20
-4.1716163385826768
11
5.9527559055118111
21
-4.170866141732283
0
LINE
8
BLACK
6
CONTINUOUS
10
5.9527559055118111
20
-4.170866141732283
11
5.9594140157480311
21
-4.1716163385826768
0
LINE
8
BLACK
6
CONTINUOUS
10
5.9281115354330707
20
-4.2068616929133853
11
5.9302813385826774
21
-4.2125829527559056
0
LINE
8
BLACK
6
CONTINUOUS
10
5.9302813385826774
20
-4.2125829527559056
11
5.9337572440944877
21
-4.2176187401574801
0
LINE
8
BLACK
6
CONTINUOUS
10
5.9337572440944877
20
-4.2176187401574801
11
5.9383373228346459
21
-4.221676338582677
0
LINE
8
BLACK
6
CONTINUOUS
10
5.9383373228346459
20
-4.221676338582677
11
5.9437553543307082
21
-4.2245199212598425
0
LINE
8
BLACK
6
CONTINUOUS
10
5.9437553543307082
20
-4.2245199212598425
11
5.9496964566929131
21
-4.2259842519685042
0
LINE
8
BLACK
6
CONTINUOUS
10
5.9496964566929131
20
-4.2259842519685042
11
5.9558153543307082
21
-4.2259842519685042
0
LINE
8
BLACK
6
CONTINUOUS
10
5.9558153543307082
20
-4.2259842519685042
11
5.9617564566929131
21
-4.2245199212598425
0
LINE
8
BLACK
6
CONTINUOUS
10
5.9617564566929131
20
-4.2245199212598425
11
5.9671744881889763
21
-4.221676338582677
0
LINE
8
BLACK
6
CONTINUOUS
10
5.9671744881889763
20
-4.221676338582677
11
5.9717545669291336
21
-4.2176187401574801
0
LINE
8
BLACK
6
CONTINUOUS
10
5.9717545669291336
20
-4.2176187401574801
11
5.9752304724409449
21
-4.2125829527559056
0
LINE
8
BLACK
6
CONTINUOUS
10
5.9752304724409449
20
-4.2125829527559056
11
5.9774002755905506
21
-4.2068616929133853
0
LINE
8
BLACK
6
CONTINUOUS
10
5.9774002755905506
20
-4.2068616929133853
11
5.9781378346456693
21
-4.2007874015748028
0
LINE
8
BLACK
6
CONTINUOUS
10
5.9781378346456693
20
-4.2007874015748028
11
5.9774002755905506
21
-4.1947131102362203
0
LINE
8
BLACK
6
CONTINUOUS
10
5.9774002755905506
20
-4.1947131102362203
11
5.9752304724409449
21
-4.1889918503937009
0
LINE
8
BLACK
6
CONTINUOUS
10
5.9752304724409449
20
-4.1889918503937009
11
5.9717545669291336
21
-4.1839560629921255
0
LINE
8
BLACK
6
CONTINUOUS
10
5.9717545669291336
20
-4.1839560629921255
11
5.9671744881889763
21
-4.1798984645669286
0
LINE
8
BLACK
6
CONTINUOUS
10
5.9671744881889763
20
-4.1798984645669286
11
5.9617564566929131
21
-4.1770548818897639
0
LINE
8
BLACK
6
CONTINUOUS
10
5.9617564566929131
20
-4.1770548818897639
11
5.9558153543307082
21
-4.1755905511811022
0
LINE
8
BLACK
6
CONTINUOUS
10
5.9558153543307082
20
-4.1755905511811022
11
5.9496964566929131
21
-4.1755905511811022
0
LINE
8
BLACK
6
CONTINUOUS
10
5.9496964566929131
20
-4.1755905511811022
11
5.9437553543307082
21
-4.1770548818897639
0
LINE
8
BLACK
6
CONTINUOUS
10
5.9437553543307082
20
-4.1770548818897639
11
5.9383373228346459
21
-4.1798984645669286
0
LINE
8
BLACK
6
CONTINUOUS
10
5.9383373228346459
20
-4.1798984645669286
11
5.9337572440944877
21
-4.1839560629921255
0
LINE
8
BLACK
6
CONTINUOUS
10
5.9337572440944877
20
-4.1839560629921255
11
5.9302813385826774
21
-4.1889918503937009
0
LINE
8
BLACK
6
CONTINUOUS
10
5.9302813385826774
20
-4.1889918503937009
11
5.9281115354330707
21
-4.1947131102362203
0
LINE
8
BLACK
6
CONTINUOUS
10
5.9281115354330707
20
-4.1947131102362203
11
5.9273739763779529
21
-4.2007874015748028
0
LINE
8
BLACK
6
CONTINUOUS
10
5.9273739763779529
20
-4.2007874015748028
11
5.9281115354330707
21
-4.2068616929133853
0
LINE
8
BLACK
6
CONTINUOUS
10
6.0539022047244089
20
-4.1716163385826768
11
6.0602264566929129
21
-4.1738292913385822
0
LINE
8
BLACK
6
CONTINUOUS
10
6.0602264566929129
20
-4.1738292913385822
11
6.06589968503937
21
-4.1773940157480318
0
LINE
8
BLACK
6
CONTINUOUS
10
6.06589968503937
20
-4.1773940157480318
11
6.0706374803149608
21
-4.1821318110236216
0
LINE
8
BLACK
6
CONTINUOUS
10
6.0706374803149608
20
-4.1821318110236216
11
6.0742022047244095
21
-4.1878050393700788
0
LINE
8
BLACK
6
CONTINUOUS
10
6.0742022047244095
20
-4.1878050393700788
11
6.0764151574803149
21
-4.1941292913385828
0
LINE
8
BLACK
6
CONTINUOUS
10
6.0764151574803149
20
-4.1941292913385828
11
6.0771653543307087
21
-4.2007874015748028
0
LINE
8
BLACK
6
CONTINUOUS
10
6.0771653543307087
20
-4.2007874015748028
11
6.0764151574803149
21
-4.2074455118110237
0
LINE
8
BLACK
6
CONTINUOUS
10
6.0764151574803149
20
-4.2074455118110237
11
6.0742022047244095
21
-4.2137697637795277
0
LINE
8
BLACK
6
CONTINUOUS
10
6.0742022047244095
20
-4.2137697637795277
11
6.0706374803149608
21
-4.2194429921259839
0
LINE
8
BLACK
6
CONTINUOUS
10
6.0706374803149608
20
-4.2194429921259839
11
6.06589968503937
21
-4.2241807874015747
0
LINE
8
BLACK
6
CONTINUOUS
10
6.06589968503937
20
-4.2241807874015747
11
6.0602264566929129
21
-4.2277455118110234
0
LINE
8
BLACK
6
CONTINUOUS
10
6.0602264566929129
20
-4.2277455118110234
11
6.0539022047244089
21
-4.2299584645669288
0
LINE
8
BLACK
6
CONTINUOUS
10
6.0539022047244089
20
-4.2299584645669288
11
6.0472440944881889
21
-4.2307086614173226
0
LINE
8
BLACK
6
CONTINUOUS
10
6.0472440944881889
20
-4.2307086614173226
11
6.040585984251968
21
-4.2299584645669288
0
LINE
8
BLACK
6
CONTINUOUS
10
6.040585984251968
20
-4.2299584645669288
11
6.0342617322834649
21
-4.2277455118110234
0
LINE
8
BLACK
6
CONTINUOUS
10
6.0342617322834649
20
-4.2277455118110234
11
6.0285885039370077
21
-4.2241807874015747
0
LINE
8
BLACK
6
CONTINUOUS
10
6.0285885039370077
20
-4.2241807874015747
11
6.023850708661417
21
-4.2194429921259839
0
LINE
8
BLACK
6
CONTINUOUS
10
6.023850708661417
20
-4.2194429921259839
11
6.0202859842519683
21
-4.2137697637795277
0
LINE
8
BLACK
6
CONTINUOUS
10
6.0202859842519683
20
-4.2137697637795277
11
6.0180730314960629
21
-4.2074455118110237
0
LINE
8
BLACK
6
CONTINUOUS
10
6.0180730314960629
20
-4.2074455118110237
11
6.0173228346456691
21
-4.2007874015748028
0
LINE
8
BLACK
6
CONTINUOUS
10
6.0173228346456691
20
-4.2007874015748028
11
6.0180730314960629
21
-4.1941292913385828
0
LINE
8
BLACK
6
CONTINUOUS
10
6.0180730314960629
20
-4.1941292913385828
11
6.0202859842519683
21
-4.1878050393700788
0
LINE
8
BLACK
6
CONTINUOUS
10
6.0202859842519683
20
-4.1878050393700788
11
6.023850708661417
21
-4.1821318110236216
0
LINE
8
BLACK
6
CONTINUOUS
10
6.023850708661417
20
-4.1821318110236216
11
6.0285885039370077
21
-4.1773940157480318
0
LINE
8
BLACK
6
CONTINUOUS
10
6.0285885039370077
20
-4.1773940157480318
11
6.0342617322834649
21
-4.1738292913385822
0
LINE
8
BLACK
6
CONTINUOUS
10
6.0342617322834649
20
-4.1738292913385822
11
6.040585984251968
21
-4.1716163385826768
0
LINE
8
BLACK
6
CONTINUOUS
10
6.040585984251968
20
-4.1716163385826768
11
6.0472440944881889
21
-4.170866141732283
0
LINE
8
BLACK
6
CONTINUOUS
10
6.0472440944881889
20
-4.170866141732283
11
6.0539022047244089
21
-4.1716163385826768
0
LINE
8
BLACK
6
CONTINUOUS
10
6.0225997244094485
20
-4.2068616929133853
11
6.0247695275590551
21
-4.2125829527559056
0
LINE
8
BLACK
6
CONTINUOUS
10
6.0247695275590551
20
-4.2125829527559056
11
6.0282454330708664
21
-4.2176187401574801
0
LINE
8
BLACK
6
CONTINUOUS
10
6.0282454330708664
20
-4.2176187401574801
11
6.0328255118110237
21
-4.221676338582677
0
LINE
8
BLACK
6
CONTINUOUS
10
6.0328255118110237
20
-4.221676338582677
11
6.0382435433070869
21
-4.2245199212598425
0
LINE
8
BLACK
6
CONTINUOUS
10
6.0382435433070869
20
-4.2245199212598425
11
6.0441846456692909
21
-4.2259842519685042
0
LINE
8
BLACK
6
CONTINUOUS
10
6.0441846456692909
20
-4.2259842519685042
11
6.0503035433070869
21
-4.2259842519685042
0
LINE
8
BLACK
6
CONTINUOUS
10
6.0503035433070869
20
-4.2259842519685042
11
6.0562446456692909
21
-4.2245199212598425
0
LINE
8
BLACK
6
CONTINUOUS
10
6.0562446456692909
20
-4.2245199212598425
11
6.0616626771653541
21
-4.221676338582677
0
LINE
8
BLACK
6
CONTINUOUS
10
6.0616626771653541
20
-4.221676338582677
11
6.0662427559055114
21
-4.2176187401574801
0
LINE
8
BLACK
6
CONTINUOUS
10
6.0662427559055114
20
-4.2176187401574801
11
6.0697186614173226
21
-4.2125829527559056
0
LINE
8
BLACK
6
CONTINUOUS
10
6.0697186614173226
20
-4.2125829527559056
11
6.0718884645669293
21
-4.2068616929133853
0
LINE
8
BLACK
6
CONTINUOUS
10
6.0718884645669293
20
-4.2068616929133853
11
6.0726260236220471
21
-4.2007874015748028
0
LINE
8
BLACK
6
CONTINUOUS
10
6.0726260236220471
20
-4.2007874015748028
11
6.0718884645669293
21
-4.1947131102362203
0
LINE
8
BLACK
6
CONTINUOUS
10
6.0718884645669293
20
-4.1947131102362203
11
6.0697186614173226
21
-4.1889918503937009
0
LINE
8
BLACK
6
CONTINUOUS
10
6.0697186614173226
20
-4.1889918503937009
11
6.0662427559055114
21
-4.1839560629921255
0
LINE
8
BLACK
6
CONTINUOUS
10
6.0662427559055114
20
-4.1839560629921255
11
6.0616626771653541
21
-4.1798984645669286
0
LINE
8
BLACK
6
CONTINUOUS
10
6.0616626771653541
20
-4.1798984645669286
11
6.0562446456692909
21
-4.1770548818897639
0
LINE
8
BLACK
6
CONTINUOUS
10
6.0562446456692909
20
-4.1770548818897639
11
6.0503035433070869
21
-4.1755905511811022
0
LINE
8
BLACK
6
CONTINUOUS
10
6.0503035433070869
20
-4.1755905511811022
11
6.0441846456692909
21
-4.1755905511811022
0
LINE
8
BLACK
6
CONTINUOUS
10
6.0441846456692909
20
-4.1755905511811022
11
6.0382435433070869
21
-4.1770548818897639
0
LINE
8
BLACK
6
CONTINUOUS
10
6.0382435433070869
20
-4.1770548818897639
11
6.0328255118110237
21
-4.1798984645669286
0
LINE
8
BLACK
6
CONTINUOUS
10
6.0328255118110237
20
-4.1798984645669286
11
6.0282454330708664
21
-4.1839560629921255
0
LINE
8
BLACK
6
CONTINUOUS
10
6.0282454330708664
20
-4.1839560629921255
11
6.0247695275590551
21
-4.1889918503937009
0
LINE
8
BLACK
6
CONTINUOUS
10
6.0247695275590551
20
-4.1889918503937009
11
6.0225997244094485
21
-4.1947131102362203
0
LINE
8
BLACK
6
CONTINUOUS
10
6.0225997244094485
20
-4.1947131102362203
11
6.0218621653543307
21
-4.2007874015748028
0
LINE
8
BLACK
6
CONTINUOUS
10
6.0218621653543307
20
-4.2007874015748028
11
6.0225997244094485
21
-4.2068616929133853
0
LINE
8
BLACK
6
CONTINUOUS
10
5.8147796850393698
20
-4.1778278346456688
11
5.8162681102362201
21
-4.1791931496062995
0
LINE
8
BLACK
6
CONTINUOUS
10
5.8162681102362201
20
-4.1791931496062995
11
5.8165307480314956
21
-4.1811958267716536
0
LINE
8
BLACK
6
CONTINUOUS
10
5.8165307480314956
20
-4.1811958267716536
11
5.8143296456692912
21
-4.1911008267716534
0
LINE
8
BLACK
6
CONTINUOUS
10
5.8143296456692912
20
-4.1911008267716534
11
5.8166479133858262
21
-4.1911008267716534
0
LINE
8
BLACK
6
CONTINUOUS
10
5.8166479133858262
20
-4.1911008267716534
11
5.8176578346456695
21
-4.1912788976377948
0
LINE
8
BLACK
6
CONTINUOUS
10
5.8176578346456695
20
-4.1912788976377948
11
5.8192050787401577
21
-4.192577204724409
0
LINE
8
BLACK
6
CONTINUOUS
10
5.8192050787401577
20
-4.192577204724409
11
5.8195558267716532
21
-4.1945663385826775
0
LINE
8
BLACK
6
CONTINUOUS
10
5.8195558267716532
20
-4.1945663385826775
11
5.8185459055118107
21
-4.1963155118110231
0
LINE
8
BLACK
6
CONTINUOUS
10
5.8185459055118107
20
-4.1963155118110231
11
5.8166479133858262
21
-4.1970063385826775
0
LINE
8
BLACK
6
CONTINUOUS
10
5.8166479133858262
20
-4.1970063385826775
11
5.8130172834645668
21
-4.1970063385826775
0
LINE
8
BLACK
6
CONTINUOUS
10
5.8130172834645668
20
-4.1970063385826775
11
5.8113299999999999
21
-4.2045991732283463
0
LINE
8
BLACK
6
CONTINUOUS
10
5.8113299999999999
20
-4.2045991732283463
11
5.8136483070866136
21
-4.2045991732283463
0
LINE
8
BLACK
6
CONTINUOUS
10
5.8136483070866136
20
-4.2045991732283463
11
5.814658228346457
21
-4.2047772440944877
0
LINE
8
BLACK
6
CONTINUOUS
10
5.814658228346457
20
-4.2047772440944877
11
5.8162054724409451
21
-4.2060755511811019
0
LINE
8
BLACK
6
CONTINUOUS
10
5.8162054724409451
20
-4.2060755511811019
11
5.8165562204724406
21
-4.2080646850393704
0
LINE
8
BLACK
6
CONTINUOUS
10
5.8165562204724406
20
-4.2080646850393704
11
5.8155462992125981
21
-4.209813858267716
0
LINE
8
BLACK
6
CONTINUOUS
10
5.8155462992125981
20
-4.209813858267716
11
5.8136483070866136
21
-4.2105046850393704
0
LINE
8
BLACK
6
CONTINUOUS
10
5.8136483070866136
20
-4.2105046850393704
11
5.8100176377952755
21
-4.2105046850393704
0
LINE
8
BLACK
6
CONTINUOUS
10
5.8100176377952755
20
-4.2105046850393704
11
5.8075318503937003
21
-4.2216907874015748
0
LINE
8
BLACK
6
CONTINUOUS
10
5.8075318503937003
20
-4.2216907874015748
11
5.8071389370078741
21
-4.2226380314960625
0
LINE
8
BLACK
6
CONTINUOUS
10
5.8071389370078741
20
-4.2226380314960625
11
5.8055359055118112
21
-4.223866771653543
0
LINE
8
BLACK
6
CONTINUOUS
10
5.8055359055118112
20
-4.223866771653543
11
5.803518031496063
21
-4.2237776771653541
0
LINE
8
BLACK
6
CONTINUOUS
10
5.803518031496063
20
-4.2237776771653541
11
5.8020296062992127
21
-4.2224123622047243
0
LINE
8
BLACK
6
CONTINUOUS
10
5.8020296062992127
20
-4.2224123622047243
11
5.8017669685039372
21
-4.2204096850393702
0
LINE
8
BLACK
6
CONTINUOUS
10
5.8017669685039372
20
-4.2204096850393702
11
5.8039680708661416
21
-4.2105046850393704
0
LINE
8
BLACK
6
CONTINUOUS
10
5.8039680708661416
20
-4.2105046850393704
11
5.7995189370078739
21
-4.2105046850393704
0
LINE
8
BLACK
6
CONTINUOUS
10
5.7995189370078739
20
-4.2105046850393704
11
5.7970331496062988
21
-4.2216907874015748
0
LINE
8
BLACK
6
CONTINUOUS
10
5.7970331496062988
20
-4.2216907874015748
11
5.7966402362204725
21
-4.2226380314960625
0
LINE
8
BLACK
6
CONTINUOUS
10
5.7966402362204725
20
-4.2226380314960625
11
5.7950372047244096
21
-4.223866771653543
0
LINE
8
BLACK
6
CONTINUOUS
10
5.7950372047244096
20
-4.223866771653543
11
5.7930193307086615
21
-4.2237776771653541
0
LINE
8
BLACK
6
CONTINUOUS
10
5.7930193307086615
20
-4.2237776771653541
11
5.7915309055118112
21
-4.2224123622047243
0
LINE
8
BLACK
6
CONTINUOUS
10
5.7915309055118112
20
-4.2224123622047243
11
5.7912682677165357
21
-4.2204096850393702
0
LINE
8
BLACK
6
CONTINUOUS
10
5.7912682677165357
20
-4.2204096850393702
11
5.7934693700787401
21
-4.2105046850393704
0
LINE
8
BLACK
6
CONTINUOUS
10
5.7934693700787401
20
-4.2105046850393704
11
5.7911511023622042
21
-4.2105046850393704
0
LINE
8
BLACK
6
CONTINUOUS
10
5.7911511023622042
20
-4.2105046850393704
11
5.7901411811023618
21
-4.2103266141732281
0
LINE
8
BLACK
6
CONTINUOUS
10
5.7901411811023618
20
-4.2103266141732281
11
5.7885939370078736
21
-4.2090283070866139
0
LINE
8
BLACK
6
CONTINUOUS
10
5.7885939370078736
20
-4.2090283070866139
11
5.7882431889763781
21
-4.2070391732283463
0
LINE
8
BLACK
6
CONTINUOUS
10
5.7882431889763781
20
-4.2070391732283463
11
5.7892531102362206
21
-4.2052899999999998
0
LINE
8
BLACK
6
CONTINUOUS
10
5.7892531102362206
20
-4.2052899999999998
11
5.7911511023622042
21
-4.2045991732283463
0
LINE
8
BLACK
6
CONTINUOUS
10
5.7911511023622042
20
-4.2045991732283463
11
5.7947817322834645
21
-4.2045991732283463
0
LINE
8
BLACK
6
CONTINUOUS
10
5.7947817322834645
20
-4.2045991732283463
11
5.7964690157480314
21
-4.1970063385826775
0
LINE
8
BLACK
6
CONTINUOUS
10
5.7964690157480314
20
-4.1970063385826775
11
5.7941507086614168
21
-4.1970063385826775
0
LINE
8
BLACK
6
CONTINUOUS
10
5.7941507086614168
20
-4.1970063385826775
11
5.7931407874015743
21
-4.1968282677165352
0
LINE
8
BLACK
6
CONTINUOUS
10
5.7931407874015743
20
-4.1968282677165352
11
5.7915935433070862
21
-4.195529960629921
0
LINE
8
BLACK
6
CONTINUOUS
10
5.7915935433070862
20
-4.195529960629921
11
5.7912427952755907
21
-4.1935408267716534
0
LINE
8
BLACK
6
CONTINUOUS
10
5.7912427952755907
20
-4.1935408267716534
11
5.7922527165354332
21
-4.1917916535433069
0
LINE
8
BLACK
6
CONTINUOUS
10
5.7922527165354332
20
-4.1917916535433069
11
5.7941507086614168
21
-4.1911008267716534
0
LINE
8
BLACK
6
CONTINUOUS
10
5.7941507086614168
20
-4.1911008267716534
11
5.7977813779527558
21
-4.1911008267716534
0
LINE
8
BLACK
6
CONTINUOUS
10
5.7977813779527558
20
-4.1911008267716534
11
5.800267165354331
21
-4.179914724409449
0
LINE
8
BLACK
6
CONTINUOUS
10
5.800267165354331
20
-4.179914724409449
11
5.8006600787401572
21
-4.1789674803149603
0
LINE
8
BLACK
6
CONTINUOUS
10
5.8006600787401572
20
-4.1789674803149603
11
5.8022631102362201
21
-4.1777387401574799
0
LINE
8
BLACK
6
CONTINUOUS
10
5.8022631102362201
20
-4.1777387401574799
11
5.8042809842519683
21
-4.1778278346456688
0
LINE
8
BLACK
6
CONTINUOUS
10
5.8042809842519683
20
-4.1778278346456688
11
5.8057694094488186
21
-4.1791931496062995
0
LINE
8
BLACK
6
CONTINUOUS
10
5.8057694094488186
20
-4.1791931496062995
11
5.8060320472440941
21
-4.1811958267716536
0
LINE
8
BLACK
6
CONTINUOUS
10
5.8060320472440941
20
-4.1811958267716536
11
5.8038309448818897
21
-4.1911008267716534
0
LINE
8
BLACK
6
CONTINUOUS
10
5.8038309448818897
20
-4.1911008267716534
11
5.8082800787401574
21
-4.1911008267716534
0
LINE
8
BLACK
6
CONTINUOUS
10
5.8082800787401574
20
-4.1911008267716534
11
5.8107658661417325
21
-4.179914724409449
0
LINE
8
BLACK
6
CONTINUOUS
10
5.8107658661417325
20
-4.179914724409449
11
5.8111587795275588
21
-4.1789674803149603
0
LINE
8
BLACK
6
CONTINUOUS
10
5.8111587795275588
20
-4.1789674803149603
11
5.8127618110236217
21
-4.1777387401574799
0
LINE
8
BLACK
6
CONTINUOUS
10
5.8127618110236217
20
-4.1777387401574799
11
5.8147796850393698
21
-4.1778278346456688
0
LINE
8
BLACK
6
CONTINUOUS
10
5.8008312992125983
20
-4.2045991732283463
11
5.8052804330708661
21
-4.2045991732283463
0
LINE
8
BLACK
6
CONTINUOUS
10
5.8052804330708661
20
-4.2045991732283463
11
5.806967716535433
21
-4.1970063385826775
0
LINE
8
BLACK
6
CONTINUOUS
10
5.806967716535433
20
-4.1970063385826775
11
5.8025185826771652
21
-4.1970063385826775
0
LINE
8
BLACK
6
CONTINUOUS
10
5.8025185826771652
20
-4.1970063385826775
11
5.8008312992125983
21
-4.2045991732283463
0
LINE
8
BLACK
6
CONTINUOUS
10
6.1130548818897639
20
-4.1778278346456688
11
6.1145433070866142
21
-4.1791931496062995
0
LINE
8
BLACK
6
CONTINUOUS
10
6.1145433070866142
20
-4.1791931496062995
11
6.1148059448818897
21
-4.1811958267716536
0
LINE
8
BLACK
6
CONTINUOUS
10
6.1148059448818897
20
-4.1811958267716536
11
6.1126048425196853
21
-4.1911008267716534
0
LINE
8
BLACK
6
CONTINUOUS
10
6.1126048425196853
20
-4.1911008267716534
11
6.1149231102362203
21
-4.1911008267716534
0
LINE
8
BLACK
6
CONTINUOUS
10
6.1149231102362203
20
-4.1911008267716534
11
6.1159330314960627
21
-4.1912788976377948
0
LINE
8
BLACK
6
CONTINUOUS
10
6.1159330314960627
20
-4.1912788976377948
11
6.1174802755905509
21
-4.192577204724409
0
LINE
8
BLACK
6
CONTINUOUS
10
6.1174802755905509
20
-4.192577204724409
11
6.1178310236220472
21
-4.1945663385826775
0
LINE
8
BLACK
6
CONTINUOUS
10
6.1178310236220472
20
-4.1945663385826775
11
6.1168211023622048
21
-4.1963155118110231
0
LINE
8
BLACK
6
CONTINUOUS
10
6.1168211023622048
20
-4.1963155118110231
11
6.1149231102362203
21
-4.1970063385826775
0
LINE
8
BLACK
6
CONTINUOUS
10
6.1149231102362203
20
-4.1970063385826775
11
6.1112924803149609
21
-4.1970063385826775
0
LINE
8
BLACK
6
CONTINUOUS
10
6.1112924803149609
20
-4.1970063385826775
11
6.1096051968503939
21
-4.2045991732283463
0
LINE
8
BLACK
6
CONTINUOUS
10
6.1096051968503939
20
-4.2045991732283463
11
6.1119235039370077
21
-4.2045991732283463
0
LINE
8
BLACK
6
CONTINUOUS
10
6.1119235039370077
20
-4.2045991732283463
11
6.1129334251968501
21
-4.2047772440944877
0
LINE
8
BLACK
6
CONTINUOUS
10
6.1129334251968501
20
-4.2047772440944877
11
6.1144806692913383
21
-4.2060755511811019
0
LINE
8
BLACK
6
CONTINUOUS
10
6.1144806692913383
20
-4.2060755511811019
11
6.1148314173228346
21
-4.2080646850393704
0
LINE
8
BLACK
6
CONTINUOUS
10
6.1148314173228346
20
-4.2080646850393704
11
6.1138214960629922
21
-4.209813858267716
0
LINE
8
BLACK
6
CONTINUOUS
10
6.1138214960629922
20
-4.209813858267716
11
6.1119235039370077
21
-4.2105046850393704
0
LINE
8
BLACK
6
CONTINUOUS
10
6.1119235039370077
20
-4.2105046850393704
11
6.1082928346456695
21
-4.2105046850393704
0
LINE
8
BLACK
6
CONTINUOUS
10
6.1082928346456695
20
-4.2105046850393704
11
6.1058070472440944
21
-4.2216907874015748
0
LINE
8
BLACK
6
CONTINUOUS
10
6.1058070472440944
20
-4.2216907874015748
11
6.1054141338582673
21
-4.2226380314960625
0
LINE
8
BLACK
6
CONTINUOUS
10
6.1054141338582673
20
-4.2226380314960625
11
6.1038111023622044
21
-4.223866771653543
0
LINE
8
BLACK
6
CONTINUOUS
10
6.1038111023622044
20
-4.223866771653543
11
6.1017932283464562
21
-4.2237776771653541
0
LINE
8
BLACK
6
CONTINUOUS
10
6.1017932283464562
20
-4.2237776771653541
11
6.1003048031496059
21
-4.2224123622047243
0
LINE
8
BLACK
6
CONTINUOUS
10
6.1003048031496059
20
-4.2224123622047243
11
6.1000421653543304
21
-4.2204096850393702
0
LINE
8
BLACK
6
CONTINUOUS
10
6.1000421653543304
20
-4.2204096850393702
11
6.1022432677165357
21
-4.2105046850393704
0
LINE
8
BLACK
6
CONTINUOUS
10
6.1022432677165357
20
-4.2105046850393704
11
6.097794133858268
21
-4.2105046850393704
0
LINE
8
BLACK
6
CONTINUOUS
10
6.097794133858268
20
-4.2105046850393704
11
6.0953083464566928
21
-4.2216907874015748
0
LINE
8
BLACK
6
CONTINUOUS
10
6.0953083464566928
20
-4.2216907874015748
11
6.0949154330708657
21
-4.2226380314960625
0
LINE
8
BLACK
6
CONTINUOUS
10
6.0949154330708657
20
-4.2226380314960625
11
6.0933124015748028
21
-4.223866771653543
0
LINE
8
BLACK
6
CONTINUOUS
10
6.0933124015748028
20
-4.223866771653543
11
6.0912945275590547
21
-4.2237776771653541
0
LINE
8
BLACK
6
CONTINUOUS
10
6.0912945275590547
20
-4.2237776771653541
11
6.0898061023622043
21
-4.2224123622047243
0
LINE
8
BLACK
6
CONTINUOUS
10
6.0898061023622043
20
-4.2224123622047243
11
6.0895434645669289
21
-4.2204096850393702
0
LINE
8
BLACK
6
CONTINUOUS
10
6.0895434645669289
20
-4.2204096850393702
11
6.0917445669291341
21
-4.2105046850393704
0
LINE
8
BLACK
6
CONTINUOUS
10
6.0917445669291341
20
-4.2105046850393704
11
6.0894262992125983
21
-4.2105046850393704
0
LINE
8
BLACK
6
CONTINUOUS
10
6.0894262992125983
20
-4.2105046850393704
11
6.0884163779527558
21
-4.2103266141732281
0
LINE
8
BLACK
6
CONTINUOUS
10
6.0884163779527558
20
-4.2103266141732281
11
6.0868691338582677
21
-4.2090283070866139
0
LINE
8
BLACK
6
CONTINUOUS
10
6.0868691338582677
20
-4.2090283070866139
11
6.0865183858267713
21
-4.2070391732283463
0
LINE
8
BLACK
6
CONTINUOUS
10
6.0865183858267713
20
-4.2070391732283463
11
6.0875283070866137
21
-4.2052899999999998
0
LINE
8
BLACK
6
CONTINUOUS
10
6.0875283070866137
20
-4.2052899999999998
11
6.0894262992125983
21
-4.2045991732283463
0
LINE
8
BLACK
6
CONTINUOUS
10
6.0894262992125983
20
-4.2045991732283463
11
6.0930569291338585
21
-4.2045991732283463
0
LINE
8
BLACK
6
CONTINUOUS
10
6.0930569291338585
20
-4.2045991732283463
11
6.0947442125984255
21
-4.1970063385826775
0
LINE
8
BLACK
6
CONTINUOUS
10
6.0947442125984255
20
-4.1970063385826775
11
6.0924259055118108
21
-4.1970063385826775
0
LINE
8
BLACK
6
CONTINUOUS
10
6.0924259055118108
20
-4.1970063385826775
11
6.0914159842519684
21
-4.1968282677165352
0
LINE
8
BLACK
6
CONTINUOUS
10
6.0914159842519684
20
-4.1968282677165352
11
6.0898687401574803
21
-4.195529960629921
0
LINE
8
BLACK
6
CONTINUOUS
10
6.0898687401574803
20
-4.195529960629921
11
6.0895179921259839
21
-4.1935408267716534
0
LINE
8
BLACK
6
CONTINUOUS
10
6.0895179921259839
20
-4.1935408267716534
11
6.0905279133858263
21
-4.1917916535433069
0
LINE
8
BLACK
6
CONTINUOUS
10
6.0905279133858263
20
-4.1917916535433069
11
6.0924259055118108
21
-4.1911008267716534
0
LINE
8
BLACK
6
CONTINUOUS
10
6.0924259055118108
20
-4.1911008267716534
11
6.0960565748031499
21
-4.1911008267716534
0
LINE
8
BLACK
6
CONTINUOUS
10
6.0960565748031499
20
-4.1911008267716534
11
6.0985423622047241
21
-4.179914724409449
0
LINE
8
BLACK
6
CONTINUOUS
10
6.0985423622047241
20
-4.179914724409449
11
6.0989352755905513
21
-4.1789674803149603
0
LINE
8
BLACK
6
CONTINUOUS
10
6.0989352755905513
20
-4.1789674803149603
11
6.1005383070866142
21
-4.1777387401574799
0
LINE
8
BLACK
6
CONTINUOUS
10
6.1005383070866142
20
-4.1777387401574799
11
6.1025561811023623
21
-4.1778278346456688
0
LINE
8
BLACK
6
CONTINUOUS
10
6.1025561811023623
20
-4.1778278346456688
11
6.1040446062992126
21
-4.1791931496062995
0
LINE
8
BLACK
6
CONTINUOUS
10
6.1040446062992126
20
-4.1791931496062995
11
6.1043072440944881
21
-4.1811958267716536
0
LINE
8
BLACK
6
CONTINUOUS
10
6.1043072440944881
20
-4.1811958267716536
11
6.1021061417322837
21
-4.1911008267716534
0
LINE
8
BLACK
6
CONTINUOUS
10
6.1021061417322837
20
-4.1911008267716534
11
6.1065552755905514
21
-4.1911008267716534
0
LINE
8
BLACK
6
CONTINUOUS
10
6.1065552755905514
20
-4.1911008267716534
11
6.1090410629921257
21
-4.179914724409449
0
LINE
8
BLACK
6
CONTINUOUS
10
6.1090410629921257
20
-4.179914724409449
11
6.1094339763779528
21
-4.1789674803149603
0
LINE
8
BLACK
6
CONTINUOUS
10
6.1094339763779528
20
-4.1789674803149603
11
6.1110370078740157
21
-4.1777387401574799
0
LINE
8
BLACK
6
CONTINUOUS
10
6.1110370078740157
20
-4.1777387401574799
11
6.1130548818897639
21
-4.1778278346456688
0
LINE
8
BLACK
6
CONTINUOUS
10
6.0991064960629924
20
-4.2045991732283463
11
6.1035556299212601
21
-4.2045991732283463
0
LINE
8
BLACK
6
CONTINUOUS
10
6.1035556299212601
20
-4.2045991732283463
11
6.105242913385827
21
-4.1970063385826775
0
LINE
8
BLACK
6
CONTINUOUS
10
6.105242913385827
20
-4.1970063385826775
11
6.1007937795275593
21
-4.1970063385826775
0
LINE
8
BLACK
6
CONTINUOUS
10
6.1007937795275593
20
-4.1970063385826775
11
6.0991064960629924
21
-4.2045991732283463
0
LINE
8
BLACK
6
CONTINUOUS
10
5.8355150393700788
20
-4.1807554330708658
11
5.8355794094488189
21
-4.1807537007874016
0
LINE
8
BLACK
6
CONTINUOUS
10
5.8355794094488189
20
-4.1807537007874016
11
5.8400788582677166
21
-4.1822535039370079
0
LINE
8
BLACK
6
CONTINUOUS
10
5.8400788582677166
20
-4.1822535039370079
11
5.8409806299212601
21
-4.1827417716535429
0
LINE
8
BLACK
6
CONTINUOUS
10
5.8409806299212601
20
-4.1827417716535429
11
5.8410730314960633
21
-4.1828922047244097
0
LINE
8
BLACK
6
CONTINUOUS
10
5.8410730314960633
20
-4.1828922047244097
11
5.8412330314960625
21
-4.182966811023622
0
LINE
8
BLACK
6
CONTINUOUS
10
5.8412330314960625
20
-4.182966811023622
11
5.8442326377952751
21
-4.1859664173228346
0
LINE
8
BLACK
6
CONTINUOUS
10
5.8442326377952751
20
-4.1859664173228346
11
5.844739015748031
21
-4.1866895669291342
0
LINE
8
BLACK
6
CONTINUOUS
10
5.844739015748031
20
-4.1866895669291342
11
5.8447857480314962
21
-4.186733818897638
0
LINE
8
BLACK
6
CONTINUOUS
10
5.8447857480314962
20
-4.186733818897638
11
5.8462855511811025
21
-4.1897334645669293
0
LINE
8
BLACK
6
CONTINUOUS
10
5.8462855511811025
20
-4.1897334645669293
11
5.8464308267716536
21
-4.1902218897637793
0
LINE
8
BLACK
6
CONTINUOUS
10
5.8464308267716536
20
-4.1902218897637793
11
5.8465091338582678
21
-4.1903377952755907
0
LINE
8
BLACK
6
CONTINUOUS
10
5.8465091338582678
20
-4.1903377952755907
11
5.8480089763779528
21
-4.1963370866141734
0
LINE
8
BLACK
6
CONTINUOUS
10
5.8480089763779528
20
-4.1963370866141734
11
5.848050433070866
21
-4.1969249606299215
0
LINE
8
BLACK
6
CONTINUOUS
10
5.848050433070866
20
-4.1969249606299215
11
5.8480971259842516
21
-4.1970532283464568
0
LINE
8
BLACK
6
CONTINUOUS
10
5.8480971259842516
20
-4.1970532283464568
11
5.8480971259842516
21
-4.2015526771653544
0
LINE
8
BLACK
6
CONTINUOUS
10
5.8480971259842516
20
-4.2015526771653544
11
5.8479947637795275
21
-4.2021330314960625
0
LINE
8
BLACK
6
CONTINUOUS
10
5.8479947637795275
20
-4.2021330314960625
11
5.8480089763779528
21
-4.2022688188976378
0
LINE
8
BLACK
6
CONTINUOUS
10
5.8480089763779528
20
-4.2022688188976378
11
5.8465091338582678
21
-4.2082681102362205
0
LINE
8
BLACK
6
CONTINUOUS
10
5.8465091338582678
20
-4.2082681102362205
11
5.846301496062992
21
-4.2087335826771657
0
LINE
8
BLACK
6
CONTINUOUS
10
5.846301496062992
20
-4.2087335826771657
11
5.8462855511811025
21
-4.2088724409448819
0
LINE
8
BLACK
6
CONTINUOUS
10
5.8462855511811025
20
-4.2088724409448819
11
5.8447857480314962
21
-4.2118720472440945
0
LINE
8
BLACK
6
CONTINUOUS
10
5.8447857480314962
20
-4.2118720472440945
11
5.844259881889764
21
-4.2125810236220476
0
LINE
8
BLACK
6
CONTINUOUS
10
5.844259881889764
20
-4.2125810236220476
11
5.8442326771653539
21
-4.2126394094488191
0
LINE
8
BLACK
6
CONTINUOUS
10
5.8442326771653539
20
-4.2126394094488191
11
5.8412330314960625
21
-4.2156390944881892
0
LINE
8
BLACK
6
CONTINUOUS
10
5.8412330314960625
20
-4.2156390944881892
11
5.8403930314960633
21
-4.2162272834645664
0
LINE
8
BLACK
6
CONTINUOUS
10
5.8403930314960633
20
-4.2162272834645664
11
5.8402170866141727
21
-4.2162426377952755
0
LINE
8
BLACK
6
CONTINUOUS
10
5.8402170866141727
20
-4.2162426377952755
11
5.8400788582677166
21
-4.2163524015748033
0
LINE
8
BLACK
6
CONTINUOUS
10
5.8400788582677166
20
-4.2163524015748033
11
5.8355794094488189
21
-4.2178522047244096
0
LINE
8
BLACK
6
CONTINUOUS
10
5.8355794094488189
20
-4.2178522047244096
11
5.8347062204724409
21
-4.2179816535433066
0
LINE
8
BLACK
6
CONTINUOUS
10
5.8347062204724409
20
-4.2179816535433066
11
5.8346456692913389
21
-4.2180037401574806
0
LINE
8
BLACK
6
CONTINUOUS
10
5.8346456692913389
20
-4.2180037401574806
11
5.8271466141732287
21
-4.2180037401574806
0
LINE
8
BLACK
6
CONTINUOUS
10
5.8271466141732287
20
-4.2180037401574806
11
5.826763070866142
21
-4.2179361023622048
0
LINE
8
BLACK
6
CONTINUOUS
10
5.826763070866142
20
-4.2179361023622048
11
5.8266338582677166
21
-4.2179588976377955
0
LINE
8
BLACK
6
CONTINUOUS
10
5.8266338582677166
20
-4.2179588976377955
11
5.826520236220472
21
-4.2178932677165353
0
LINE
8
BLACK
6
CONTINUOUS
10
5.826520236220472
20
-4.2178932677165353
11
5.8261366929133853
21
-4.2178256692913383
0
LINE
8
BLACK
6
CONTINUOUS
10
5.8261366929133853
20
-4.2178256692913383
11
5.8255489763779522
21
-4.2173325196850389
0
LINE
8
BLACK
6
CONTINUOUS
10
5.8255489763779522
20
-4.2173325196850389
11
5.8248846850393701
21
-4.2169489763779531
0
LINE
8
BLACK
6
CONTINUOUS
10
5.8248846850393701
20
-4.2169489763779531
11
5.8247935433070861
21
-4.216698622047244
0
LINE
8
BLACK
6
CONTINUOUS
10
5.8247935433070861
20
-4.216698622047244
11
5.8245894488188972
21
-4.2165273622047241
0
LINE
8
BLACK
6
CONTINUOUS
10
5.8245894488188972
20
-4.2165273622047241
11
5.8244561811023621
21
-4.215771771653543
0
LINE
8
BLACK
6
CONTINUOUS
10
5.8244561811023621
20
-4.215771771653543
11
5.8241938582677166
21
-4.2150509842519686
0
LINE
8
BLACK
6
CONTINUOUS
10
5.8241938582677166
20
-4.2150509842519686
11
5.8241938582677166
21
-4.1835549212598426
0
LINE
8
BLACK
6
CONTINUOUS
10
5.8241938582677166
20
-4.1835549212598426
11
5.8242614566929136
21
-4.183171377952756
0
LINE
8
BLACK
6
CONTINUOUS
10
5.8242614566929136
20
-4.183171377952756
11
5.8242387007874017
21
-4.1830421653543306
0
LINE
8
BLACK
6
CONTINUOUS
10
5.8242387007874017
20
-4.1830421653543306
11
5.8243042913385823
21
-4.1829285433070869
0
LINE
8
BLACK
6
CONTINUOUS
10
5.8243042913385823
20
-4.1829285433070869
11
5.824371929133858
21
-4.1825450000000002
0
LINE
8
BLACK
6
CONTINUOUS
10
5.824371929133858
20
-4.1825450000000002
11
5.8248650393700787
21
-4.1819572834645671
0
LINE
8
BLACK
6
CONTINUOUS
10
5.8248650393700787
20
-4.1819572834645671
11
5.8252486220472441
21
-4.181292992125984
0
LINE
8
BLACK
6
CONTINUOUS
10
5.8252486220472441
20
-4.181292992125984
11
5.8254989370078736
21
-4.181201850393701
0
LINE
8
BLACK
6
CONTINUOUS
10
5.8254989370078736
20
-4.181201850393701
11
5.8256702362204722
21
-4.180997755905512
0
LINE
8
BLACK
6
CONTINUOUS
10
5.8256702362204722
20
-4.180997755905512
11
5.8264257874015746
21
-4.180864488188976
0
LINE
8
BLACK
6
CONTINUOUS
10
5.8264257874015746
20
-4.180864488188976
11
5.8271466141732287
21
-4.1806021653543306
0
LINE
8
BLACK
6
CONTINUOUS
10
5.8271466141732287
20
-4.1806021653543306
11
5.8346456692913389
21
-4.1806021653543306
0
LINE
8
BLACK
6
CONTINUOUS
10
5.8346456692913389
20
-4.1806021653543306
11
5.8355150393700788
21
-4.1807554330708658
0
LINE
8
BLACK
6
CONTINUOUS
10
5.8300993700787398
20
-4.2120982283464565
11
5.834166535433071
21
-4.2120982283464565
0
LINE
8
BLACK
6
CONTINUOUS
10
5.834166535433071
20
-4.2120982283464565
11
5.837550039370079
21
-4.2109703937007872
0
LINE
8
BLACK
6
CONTINUOUS
10
5.837550039370079
20
-4.2109703937007872
11
5.8397179527559056
21
-4.2088024409448819
0
LINE
8
BLACK
6
CONTINUOUS
10
5.8397179527559056
20
-4.2088024409448819
11
5.8408585039370076
21
-4.2065213779527557
0
LINE
8
BLACK
6
CONTINUOUS
10
5.8408585039370076
20
-4.2065213779527557
11
5.8421916141732284
21
-4.2011890551181104
0
LINE
8
BLACK
6
CONTINUOUS
10
5.8421916141732284
20
-4.2011890551181104
11
5.8421916141732284
21
-4.1974168110236221
0
LINE
8
BLACK
6
CONTINUOUS
10
5.8421916141732284
20
-4.1974168110236221
11
5.8408585039370076
21
-4.192084448818898
0
LINE
8
BLACK
6
CONTINUOUS
10
5.8408585039370076
20
-4.192084448818898
11
5.8397179527559056
21
-4.1898033858267718
0
LINE
8
BLACK
6
CONTINUOUS
10
5.8397179527559056
20
-4.1898033858267718
11
5.8375500787401577
21
-4.1876355118110231
0
LINE
8
BLACK
6
CONTINUOUS
10
5.8375500787401577
20
-4.1876355118110231
11
5.834166535433071
21
-4.1865076771653547
0
LINE
8
BLACK
6
CONTINUOUS
10
5.834166535433071
20
-4.1865076771653547
11
5.8300993700787398
21
-4.1865076771653547
0
LINE
8
BLACK
6
CONTINUOUS
10
5.8300993700787398
20
-4.1865076771653547
11
5.8300993700787398
21
-4.2120982283464565
0
LINE
8
BLACK
6
CONTINUOUS
10
5.8715105511811023
20
-4.1807554330708658
11
5.8715749212598425
21
-4.1807537007874016
0
LINE
8
BLACK
6
CONTINUOUS
10
5.8715749212598425
20
-4.1807537007874016
11
5.8760743307086614
21
-4.1822535039370079
0
LINE
8
BLACK
6
CONTINUOUS
10
5.8760743307086614
20
-4.1822535039370079
11
5.8769761023622049
21
-4.1827418110236216
0
LINE
8
BLACK
6
CONTINUOUS
10
5.8769761023622049
20
-4.1827418110236216
11
5.8780333858267717
21
-4.1844627559055114
0
LINE
8
BLACK
6
CONTINUOUS
10
5.8780333858267717
20
-4.1844627559055114
11
5.8777371259842521
21
-4.1864607480314957
0
LINE
8
BLACK
6
CONTINUOUS
10
5.8777371259842521
20
-4.1864607480314957
11
5.8762259055118111
21
-4.1878007874015744
0
LINE
8
BLACK
6
CONTINUOUS
10
5.8762259055118111
20
-4.1878007874015744
11
5.8742068503937004
21
-4.1878559448818899
0
LINE
8
BLACK
6
CONTINUOUS
10
5.8742068503937004
20
-4.1878559448818899
11
5.8701620472440945
21
-4.1865076771653547
0
LINE
8
BLACK
6
CONTINUOUS
10
5.8701620472440945
20
-4.1865076771653547
11
5.8638391338582672
21
-4.1865076771653547
0
LINE
8
BLACK
6
CONTINUOUS
10
5.8638391338582672
20
-4.1865076771653547
11
5.861891574803149
21
-4.1874814566929137
0
LINE
8
BLACK
6
CONTINUOUS
10
5.861891574803149
20
-4.1874814566929137
11
5.8610694094488185
21
-4.1883035826771655
0
LINE
8
BLACK
6
CONTINUOUS
10
5.8610694094488185
20
-4.1883035826771655
11
5.8600955905511807
21
-4.1902512204724411
0
LINE
8
BLACK
6
CONTINUOUS
10
5.8600955905511807
20
-4.1902512204724411
11
5.8600955905511807
21
-4.1918566929133858
0
LINE
8
BLACK
6
CONTINUOUS
10
5.8600955905511807
20
-4.1918566929133858
11
5.8610694094488185
21
-4.1938043307086614
0
LINE
8
BLACK
6
CONTINUOUS
10
5.8610694094488185
20
-4.1938043307086614
11
5.861891574803149
21
-4.194626496062992
0
LINE
8
BLACK
6
CONTINUOUS
10
5.861891574803149
20
-4.194626496062992
11
5.8641725984251964
21
-4.1957670078740152
0
LINE
8
BLACK
6
CONTINUOUS
10
5.8641725984251964
20
-4.1957670078740152
11
5.8698574803149608
21
-4.197188228346457
0
LINE
8
BLACK
6
CONTINUOUS
10
5.8698574803149608
20
-4.197188228346457
11
5.8703229133858263
21
-4.1973957874015744
0
LINE
8
BLACK
6
CONTINUOUS
10
5.8703229133858263
20
-4.1973957874015744
11
5.8704618503937009
21
-4.1974118110236223
0
LINE
8
BLACK
6
CONTINUOUS
10
5.8704618503937009
20
-4.1974118110236223
11
5.8734614960629923
21
-4.1989116535433073
0
LINE
8
BLACK
6
CONTINUOUS
10
5.8734614960629923
20
-4.1989116535433073
11
5.8741704330708657
21
-4.1994374803149608
0
LINE
8
BLACK
6
CONTINUOUS
10
5.8741704330708657
20
-4.1994374803149608
11
5.8742288976377948
21
-4.1994647637795275
0
LINE
8
BLACK
6
CONTINUOUS
10
5.8742288976377948
20
-4.1994647637795275
11
5.8757287007874011
21
-4.2009645669291338
0
LINE
8
BLACK
6
CONTINUOUS
10
5.8757287007874011
20
-4.2009645669291338
11
5.8762349606299216
21
-4.2016876377952759
0
LINE
8
BLACK
6
CONTINUOUS
10
5.8762349606299216
20
-4.2016876377952759
11
5.8762818110236221
21
-4.2017319685039372
0
LINE
8
BLACK
6
CONTINUOUS
10
5.8762818110236221
20
-4.2017319685039372
11
5.8777816141732284
21
-4.2047315748031497
0
LINE
8
BLACK
6
CONTINUOUS
10
5.8777816141732284
20
-4.2047315748031497
11
5.8780739763779524
21
-4.2057145275590546
0
LINE
8
BLACK
6
CONTINUOUS
10
5.8780739763779524
20
-4.2057145275590546
11
5.8780329527559054
21
-4.205886181102362
0
LINE
8
BLACK
6
CONTINUOUS
10
5.8780329527559054
20
-4.205886181102362
11
5.8780933464566925
21
-4.2060520866141733
0
LINE
8
BLACK
6
CONTINUOUS
10
5.8780933464566925
20
-4.2060520866141733
11
5.8780933464566925
21
-4.2090517322834646
0
LINE
8
BLACK
6
CONTINUOUS
10
5.8780933464566925
20
-4.2090517322834646
11
5.877915275590551
21
-4.2100616535433071
0
LINE
8
BLACK
6
CONTINUOUS
10
5.877915275590551
20
-4.2100616535433071
11
5.8778017716535436
21
-4.2101968897637798
0
LINE
8
BLACK
6
CONTINUOUS
10
5.8778017716535436
20
-4.2101968897637798
11
5.8777816141732284
21
-4.2103722440944882
0
LINE
8
BLACK
6
CONTINUOUS
10
5.8777816141732284
20
-4.2103722440944882
11
5.8762818110236221
21
-4.2133718503937008
0
LINE
8
BLACK
6
CONTINUOUS
10
5.8762818110236221
20
-4.2133718503937008
11
5.8757559448818899
21
-4.2140808267716539
0
LINE
8
BLACK
6
CONTINUOUS
10
5.8757559448818899
20
-4.2140808267716539
11
5.8757287401574798
21
-4.2141392125984254
0
LINE
8
BLACK
6
CONTINUOUS
10
5.8757287401574798
20
-4.2141392125984254
11
5.8742289370078735
21
-4.2156390551181104
0
LINE
8
BLACK
6
CONTINUOUS
10
5.8742289370078735
20
-4.2156390551181104
11
5.8735057480314961
21
-4.2161454330708663
0
LINE
8
BLACK
6
CONTINUOUS
10
5.8735057480314961
20
-4.2161454330708663
11
5.8734614960629923
21
-4.2161922047244094
0
LINE
8
BLACK
6
CONTINUOUS
10
5.8734614960629923
20
-4.2161922047244094
11
5.8704618503937009
21
-4.2176920078740157
0
LINE
8
BLACK
6
CONTINUOUS
10
5.8704618503937009
20
-4.2176920078740157
11
5.8694788976377952
21
-4.2179844094488184
0
LINE
8
BLACK
6
CONTINUOUS
10
5.8694788976377952
20
-4.2179844094488184
11
5.8693071653543303
21
-4.2179433464566927
0
LINE
8
BLACK
6
CONTINUOUS
10
5.8693071653543303
20
-4.2179433464566927
11
5.8691413385826774
21
-4.2180037401574806
0
LINE
8
BLACK
6
CONTINUOUS
10
5.8691413385826774
20
-4.2180037401574806
11
5.8616422834645672
21
-4.2180037401574806
0
LINE
8
BLACK
6
CONTINUOUS
10
5.8616422834645672
20
-4.2180037401574806
11
5.8607728740157476
21
-4.2178504330708657
0
LINE
8
BLACK
6
CONTINUOUS
10
5.8607728740157476
20
-4.2178504330708657
11
5.8607085433070862
21
-4.2178522047244096
0
LINE
8
BLACK
6
CONTINUOUS
10
5.8607085433070862
20
-4.2178522047244096
11
5.8562090944881886
21
-4.2163524015748033
0
LINE
8
BLACK
6
CONTINUOUS
10
5.8562090944881886
20
-4.2163524015748033
11
5.8553073228346459
21
-4.2158641338582674
0
LINE
8
BLACK
6
CONTINUOUS
10
5.8553073228346459
20
-4.2158641338582674
11
5.8542500393700783
21
-4.2141431496062989
0
LINE
8
BLACK
6
CONTINUOUS
10
5.8542500393700783
20
-4.2141431496062989
11
5.8545462992125987
21
-4.2121451968503933
0
LINE
8
BLACK
6
CONTINUOUS
10
5.8545462992125987
20
-4.2121451968503933
11
5.8560575196850388
21
-4.2108051181102359
0
LINE
8
BLACK
6
CONTINUOUS
10
5.8560575196850388
20
-4.2108051181102359
11
5.8580765748031496
21
-4.2107499606299212
0
LINE
8
BLACK
6
CONTINUOUS
10
5.8580765748031496
20
-4.2107499606299212
11
5.8621214173228342
21
-4.2120982283464565
0
LINE
8
BLACK
6
CONTINUOUS
10
5.8621214173228342
20
-4.2120982283464565
11
5.8684442913385828
21
-4.2120982283464565
0
LINE
8
BLACK
6
CONTINUOUS
10
5.8684442913385828
20
-4.2120982283464565
11
5.8703918503937009
21
-4.2111244488188975
0
LINE
8
BLACK
6
CONTINUOUS
10
5.8703918503937009
20
-4.2111244488188975
11
5.8712140157480315
21
-4.2103022440944882
0
LINE
8
BLACK
6
CONTINUOUS
10
5.8712140157480315
20
-4.2103022440944882
11
5.8721878346456693
21
-4.20835468503937
0
LINE
8
BLACK
6
CONTINUOUS
10
5.8721878346456693
20
-4.20835468503937
11
5.8721878346456693
21
-4.2067491338582679
0
LINE
8
BLACK
6
CONTINUOUS
10
5.8721878346456693
20
-4.2067491338582679
11
5.8712140551181102
21
-4.2048015748031498
0
LINE
8
BLACK
6
CONTINUOUS
10
5.8712140551181102
20
-4.2048015748031498
11
5.8703918897637797
21
-4.2039794094488192
0
LINE
8
BLACK
6
CONTINUOUS
10
5.8703918897637797
20
-4.2039794094488192
11
5.868110748031496
21
-4.2028388188976376
0
LINE
8
BLACK
6
CONTINUOUS
10
5.868110748031496
20
-4.2028388188976376
11
5.8624259448818901
21
-4.2014176377952754
0
LINE
8
BLACK
6
CONTINUOUS
10
5.8624259448818901
20
-4.2014176377952754
11
5.8619604724409449
21
-4.2012100393700784
0
LINE
8
BLACK
6
CONTINUOUS
10
5.8619604724409449
20
-4.2012100393700784
11
5.8618215748031499
21
-4.2011940551181102
0
LINE
8
BLACK
6
CONTINUOUS
10
5.8618215748031499
20
-4.2011940551181102
11
5.8588219685039364
21
-4.1996942519685039
0
LINE
8
BLACK
6
CONTINUOUS
10
5.8588219685039364
20
-4.1996942519685039
11
5.858112874015748
21
-4.1991683464566929
0
LINE
8
BLACK
6
CONTINUOUS
10
5.858112874015748
20
-4.1991683464566929
11
5.858054566929134
21
-4.1991411417322837
0
LINE
8
BLACK
6
CONTINUOUS
10
5.858054566929134
20
-4.1991411417322837
11
5.8565547637795277
21
-4.1976413385826774
0
LINE
8
BLACK
6
CONTINUOUS
10
5.8565547637795277
20
-4.1976413385826774
11
5.8560484645669293
21
-4.1969182283464566
0
LINE
8
BLACK
6
CONTINUOUS
10
5.8560484645669293
20
-4.1969182283464566
11
5.8560016535433066
21
-4.196873937007874
0
LINE
8
BLACK
6
CONTINUOUS
10
5.8560016535433066
20
-4.196873937007874
11
5.8545018110236215
21
-4.1938742913385827
0
LINE
8
BLACK
6
CONTINUOUS
10
5.8545018110236215
20
-4.1938742913385827
11
5.8542094488188976
21
-4.1928913779527557
0
LINE
8
BLACK
6
CONTINUOUS
10
5.8542094488188976
20
-4.1928913779527557
11
5.8542504330708658
21
-4.1927196456692917
0
LINE
8
BLACK
6
CONTINUOUS
10
5.8542504330708658
20
-4.1927196456692917
11
5.8541900787401575
21
-4.1925537795275591
0
LINE
8
BLACK
6
CONTINUOUS
10
5.8541900787401575
20
-4.1925537795275591
11
5.8541900787401575
21
-4.1895541732283466
0
LINE
8
BLACK
6
CONTINUOUS
10
5.8541900787401575
20
-4.1895541732283466
11
5.8543681496062989
21
-4.1885442519685041
0
LINE
8
BLACK
6
CONTINUOUS
10
5.8543681496062989
20
-4.1885442519685041
11
5.8544816141732285
21
-4.1884089763779526
0
LINE
8
BLACK
6
CONTINUOUS
10
5.8544816141732285
20
-4.1884089763779526
11
5.8545018110236215
21
-4.188233661417323
0
LINE
8
BLACK
6
CONTINUOUS
10
5.8545018110236215
20
-4.188233661417323
11
5.8560016535433066
21
-4.1852340157480317
0
LINE
8
BLACK
6
CONTINUOUS
10
5.8560016535433066
20
-4.1852340157480317
11
5.8565274803149601
21
-4.1845250393700786
0
LINE
8
BLACK
6
CONTINUOUS
10
5.8565274803149601
20
-4.1845250393700786
11
5.8565547637795277
21
-4.1844666141732283
0
LINE
8
BLACK
6
CONTINUOUS
10
5.8565547637795277
20
-4.1844666141732283
11
5.858054566929134
21
-4.182966811023622
0
LINE
8
BLACK
6
CONTINUOUS
10
5.858054566929134
20
-4.182966811023622
11
5.8587776377952752
21
-4.1824605118110236
0
LINE
8
BLACK
6
CONTINUOUS
10
5.8587776377952752
20
-4.1824605118110236
11
5.8588219685039364
21
-4.1824137007874018
0
LINE
8
BLACK
6
CONTINUOUS
10
5.8588219685039364
20
-4.1824137007874018
11
5.8618215748031499
21
-4.1809138976377955
0
LINE
8
BLACK
6
CONTINUOUS
10
5.8618215748031499
20
-4.1809138976377955
11
5.8628045275590548
21
-4.1806215354330707
0
LINE
8
BLACK
6
CONTINUOUS
10
5.8628045275590548
20
-4.1806215354330707
11
5.8629761811023622
21
-4.1806625196850389
0
LINE
8
BLACK
6
CONTINUOUS
10
5.8629761811023622
20
-4.1806625196850389
11
5.8631420866141735
21
-4.1806021653543306
0
LINE
8
BLACK
6
CONTINUOUS
10
5.8631420866141735
20
-4.1806021653543306
11
5.8706411811023624
21
-4.1806021653543306
0
LINE
8
BLACK
6
CONTINUOUS
10
5.8706411811023624
20
-4.1806021653543306
11
5.8715105511811023
21
-4.1807554330708658
0
LINE
8
BLACK
6
CONTINUOUS
10
6.1337902362204719
20
-4.1807554330708658
11
6.1338546062992121
21
-4.1807537007874016
0
LINE
8
BLACK
6
CONTINUOUS
10
6.1338546062992121
20
-4.1807537007874016
11
6.1383540551181097
21
-4.1822535039370079
0
LINE
8
BLACK
6
CONTINUOUS
10
6.1383540551181097
20
-4.1822535039370079
11
6.1392558267716533
21
-4.1827417716535429
0
LINE
8
BLACK
6
CONTINUOUS
10
6.1392558267716533
20
-4.1827417716535429
11
6.1393482283464564
21
-4.1828922047244097
0
LINE
8
BLACK
6
CONTINUOUS
10
6.1393482283464564
20
-4.1828922047244097
11
6.1395082283464566
21
-4.182966811023622
0
LINE
8
BLACK
6
CONTINUOUS
10
6.1395082283464566
20
-4.182966811023622
11
6.1425078346456692
21
-4.1859664173228346
0
LINE
8
BLACK
6
CONTINUOUS
10
6.1425078346456692
20
-4.1859664173228346
11
6.1430142125984251
21
-4.1866895669291342
0
LINE
8
BLACK
6
CONTINUOUS
10
6.1430142125984251
20
-4.1866895669291342
11
6.1430609448818894
21
-4.186733818897638
0
LINE
8
BLACK
6
CONTINUOUS
10
6.1430609448818894
20
-4.186733818897638
11
6.1445607480314957
21
-4.1897334645669293
0
LINE
8
BLACK
6
CONTINUOUS
10
6.1445607480314957
20
-4.1897334645669293
11
6.1447060236220468
21
-4.1902218897637793
0
LINE
8
BLACK
6
CONTINUOUS
10
6.1447060236220468
20
-4.1902218897637793
11
6.1447843307086609
21
-4.1903377952755907
0
LINE
8
BLACK
6
CONTINUOUS
10
6.1447843307086609
20
-4.1903377952755907
11
6.146284173228346
21
-4.1963370866141734
0
LINE
8
BLACK
6
CONTINUOUS
10
6.146284173228346
20
-4.1963370866141734
11
6.1463256299212601
21
-4.1969249606299215
0
LINE
8
BLACK
6
CONTINUOUS
10
6.1463256299212601
20
-4.1969249606299215
11
6.1463723228346456
21
-4.1970532283464568
0
LINE
8
BLACK
6
CONTINUOUS
10
6.1463723228346456
20
-4.1970532283464568
11
6.1463723228346456
21
-4.2015526771653544
0
LINE
8
BLACK
6
CONTINUOUS
10
6.1463723228346456
20
-4.2015526771653544
11
6.1462699606299207
21
-4.2021330314960625
0
LINE
8
BLACK
6
CONTINUOUS
10
6.1462699606299207
20
-4.2021330314960625
11
6.146284173228346
21
-4.2022688188976378
0
LINE
8
BLACK
6
CONTINUOUS
10
6.146284173228346
20
-4.2022688188976378
11
6.1447843307086609
21
-4.2082681102362205
0
LINE
8
BLACK
6
CONTINUOUS
10
6.1447843307086609
20
-4.2082681102362205
11
6.144576692913386
21
-4.2087335826771657
0
LINE
8
BLACK
6
CONTINUOUS
10
6.144576692913386
20
-4.2087335826771657
11
6.1445607480314957
21
-4.2088724409448819
0
LINE
8
BLACK
6
CONTINUOUS
10
6.1445607480314957
20
-4.2088724409448819
11
6.1430609448818894
21
-4.2118720472440945
0
LINE
8
BLACK
6
CONTINUOUS
10
6.1430609448818894
20
-4.2118720472440945
11
6.1425350787401571
21
-4.2125810236220476
0
LINE
8
BLACK
6
CONTINUOUS
10
6.1425350787401571
20
-4.2125810236220476
11
6.1425078740157479
21
-4.2126394094488191
0
LINE
8
BLACK
6
CONTINUOUS
10
6.1425078740157479
20
-4.2126394094488191
11
6.1395082283464566
21
-4.2156390944881892
0
LINE
8
BLACK
6
CONTINUOUS
10
6.1395082283464566
20
-4.2156390944881892
11
6.1386682283464564
21
-4.2162272834645664
0
LINE
8
BLACK
6
CONTINUOUS
10
6.1386682283464564
20
-4.2162272834645664
11
6.1384922834645668
21
-4.2162426377952755
0
LINE
8
BLACK
6
CONTINUOUS
10
6.1384922834645668
20
-4.2162426377952755
11
6.1383540551181097
21
-4.2163524015748033
0
LINE
8
BLACK
6
CONTINUOUS
10
6.1383540551181097
20
-4.2163524015748033
11
6.1338546062992121
21
-4.2178522047244096
0
LINE
8
BLACK
6
CONTINUOUS
10
6.1338546062992121
20
-4.2178522047244096
11
6.1329814173228341
21
-4.2179816535433066
0
LINE
8
BLACK
6
CONTINUOUS
10
6.1329814173228341
20
-4.2179816535433066
11
6.132920866141732
21
-4.2180037401574806
0
LINE
8
BLACK
6
CONTINUOUS
10
6.132920866141732
20
-4.2180037401574806
11
6.1254218110236218
21
-4.2180037401574806
0
LINE
8
BLACK
6
CONTINUOUS
10
6.1254218110236218
20
-4.2180037401574806
11
6.1250382677165351
21
-4.2179361023622048
0
LINE
8
BLACK
6
CONTINUOUS
10
6.1250382677165351
20
-4.2179361023622048
11
6.1249090551181098
21
-4.2179588976377955
0
LINE
8
BLACK
6
CONTINUOUS
10
6.1249090551181098
20
-4.2179588976377955
11
6.124795433070866
21
-4.2178932677165353
0
LINE
8
BLACK
6
CONTINUOUS
10
6.124795433070866
20
-4.2178932677165353
11
6.1244118897637794
21
-4.2178256692913383
0
LINE
8
BLACK
6
CONTINUOUS
10
6.1244118897637794
20
-4.2178256692913383
11
6.1238241732283463
21
-4.2173325196850389
0
LINE
8
BLACK
6
CONTINUOUS
10
6.1238241732283463
20
-4.2173325196850389
11
6.1231598818897632
21
-4.2169489763779531
0
LINE
8
BLACK
6
CONTINUOUS
10
6.1231598818897632
20
-4.2169489763779531
11
6.1230687401574801
21
-4.216698622047244
0
LINE
8
BLACK
6
CONTINUOUS
10
6.1230687401574801
20
-4.216698622047244
11
6.1228646456692912
21
-4.2165273622047241
0
LINE
8
BLACK
6
CONTINUOUS
10
6.1228646456692912
20
-4.2165273622047241
11
6.1227313779527561
21
-4.215771771653543
0
LINE
8
BLACK
6
CONTINUOUS
10
6.1227313779527561
20
-4.215771771653543
11
6.1224690551181098
21
-4.2150509842519686
0
LINE
8
BLACK
6
CONTINUOUS
10
6.1224690551181098
20
-4.2150509842519686
11
6.1224690551181098
21
-4.1835549212598426
0
LINE
8
BLACK
6
CONTINUOUS
10
6.1224690551181098
20
-4.1835549212598426
11
6.1225366535433068
21
-4.183171377952756
0
LINE
8
BLACK
6
CONTINUOUS
10
6.1225366535433068
20
-4.183171377952756
11
6.1225138976377949
21
-4.1830421653543306
0
LINE
8
BLACK
6
CONTINUOUS
10
6.1225138976377949
20
-4.1830421653543306
11
6.1225794881889763
21
-4.1829285433070869
0
LINE
8
BLACK
6
CONTINUOUS
10
6.1225794881889763
20
-4.1829285433070869
11
6.1226471259842521
21
-4.1825450000000002
0
LINE
8
BLACK
6
CONTINUOUS
10
6.1226471259842521
20
-4.1825450000000002
11
6.1231402362204719
21
-4.1819572834645671
0
LINE
8
BLACK
6
CONTINUOUS
10
6.1231402362204719
20
-4.1819572834645671
11
6.1235238188976373
21
-4.181292992125984
0
LINE
8
BLACK
6
CONTINUOUS
10
6.1235238188976373
20
-4.181292992125984
11
6.1237741338582676
21
-4.181201850393701
0
LINE
8
BLACK
6
CONTINUOUS
10
6.1237741338582676
20
-4.181201850393701
11
6.1239454330708663
21
-4.180997755905512
0
LINE
8
BLACK
6
CONTINUOUS
10
6.1239454330708663
20
-4.180997755905512
11
6.1247009842519686
21
-4.180864488188976
0
LINE
8
BLACK
6
CONTINUOUS
10
6.1247009842519686
20
-4.180864488188976
11
6.1254218110236218
21
-4.1806021653543306
0
LINE
8
BLACK
6
CONTINUOUS
10
6.1254218110236218
20
-4.1806021653543306
11
6.132920866141732
21
-4.1806021653543306
0
LINE
8
BLACK
6
CONTINUOUS
10
6.132920866141732
20
-4.1806021653543306
11
6.1337902362204719
21
-4.1807554330708658
0
LINE
8
BLACK
6
CONTINUOUS
10
6.1283745669291338
20
-4.2120982283464565
11
6.1324417322834641
21
-4.2120982283464565
0
LINE
8
BLACK
6
CONTINUOUS
10
6.1324417322834641
20
-4.2120982283464565
11
6.1358252362204722
21
-4.2109703937007872
0
LINE
8
BLACK
6
CONTINUOUS
10
6.1358252362204722
20
-4.2109703937007872
11
6.1379931496062987
21
-4.2088024409448819
0
LINE
8
BLACK
6
CONTINUOUS
10
6.1379931496062987
20
-4.2088024409448819
11
6.1391337007874016
21
-4.2065213779527557
0
LINE
8
BLACK
6
CONTINUOUS
10
6.1391337007874016
20
-4.2065213779527557
11
6.1404668110236216
21
-4.2011890551181104
0
LINE
8
BLACK
6
CONTINUOUS
10
6.1404668110236216
20
-4.2011890551181104
11
6.1404668110236216
21
-4.1974168110236221
0
LINE
8
BLACK
6
CONTINUOUS
10
6.1404668110236216
20
-4.1974168110236221
11
6.1391337007874016
21
-4.192084448818898
0
LINE
8
BLACK
6
CONTINUOUS
10
6.1391337007874016
20
-4.192084448818898
11
6.1379931496062987
21
-4.1898033858267718
0
LINE
8
BLACK
6
CONTINUOUS
10
6.1379931496062987
20
-4.1898033858267718
11
6.1358252755905509
21
-4.1876355118110231
0
LINE
8
BLACK
6
CONTINUOUS
10
6.1358252755905509
20
-4.1876355118110231
11
6.1324417322834641
21
-4.1865076771653547
0
LINE
8
BLACK
6
CONTINUOUS
10
6.1324417322834641
20
-4.1865076771653547
11
6.1283745669291338
21
-4.1865076771653547
0
LINE
8
BLACK
6
CONTINUOUS
10
6.1283745669291338
20
-4.1865076771653547
11
6.1283745669291338
21
-4.2120982283464565
0
LINE
8
BLACK
6
CONTINUOUS
10
5.9016473622047245
20
-4.180780236220472
11
5.9017825984251964
21
-4.1808937007874016
0
LINE
8
BLACK
6
CONTINUOUS
10
5.9017825984251964
20
-4.1808937007874016
11
5.9019579527559056
21
-4.1809138976377955
0
LINE
8
BLACK
6
CONTINUOUS
10
5.9019579527559056
20
-4.1809138976377955
11
5.9049575590551182
21
-4.1824137007874018
0
LINE
8
BLACK
6
CONTINUOUS
10
5.9049575590551182
20
-4.1824137007874018
11
5.9056666141732279
21
-4.1829396062992128
0
LINE
8
BLACK
6
CONTINUOUS
10
5.9056666141732279
20
-4.1829396062992128
11
5.9057249606299207
21
-4.182966811023622
0
LINE
8
BLACK
6
CONTINUOUS
10
5.9057249606299207
20
-4.182966811023622
11
5.907224763779527
21
-4.1844666141732283
0
LINE
8
BLACK
6
CONTINUOUS
10
5.907224763779527
20
-4.1844666141732283
11
5.9077310236220475
21
-4.1851896850393704
0
LINE
8
BLACK
6
CONTINUOUS
10
5.9077310236220475
20
-4.1851896850393704
11
5.9077778740157481
21
-4.1852340157480317
0
LINE
8
BLACK
6
CONTINUOUS
10
5.9077778740157481
20
-4.1852340157480317
11
5.9092777165354331
21
-4.1882336220472443
0
LINE
8
BLACK
6
CONTINUOUS
10
5.9092777165354331
20
-4.1882336220472443
11
5.9095700787401571
21
-4.1892165748031491
0
LINE
8
BLACK
6
CONTINUOUS
10
5.9095700787401571
20
-4.1892165748031491
11
5.9095290551181101
21
-4.1893882677165353
0
LINE
8
BLACK
6
CONTINUOUS
10
5.9095290551181101
20
-4.1893882677165353
11
5.9095894488188971
21
-4.1895541732283466
0
LINE
8
BLACK
6
CONTINUOUS
10
5.9095894488188971
20
-4.1895541732283466
11
5.9095894488188971
21
-4.1940535826771654
0
LINE
8
BLACK
6
CONTINUOUS
10
5.9095894488188971
20
-4.1940535826771654
11
5.9094113779527557
21
-4.1950635039370079
0
LINE
8
BLACK
6
CONTINUOUS
10
5.9094113779527557
20
-4.1950635039370079
11
5.9092978740157482
21
-4.1951987401574806
0
LINE
8
BLACK
6
CONTINUOUS
10
5.9092978740157482
20
-4.1951987401574806
11
5.9092777165354331
21
-4.1953741338582677
0
LINE
8
BLACK
6
CONTINUOUS
10
5.9092777165354331
20
-4.1953741338582677
11
5.9077778740157481
21
-4.1983737401574803
0
LINE
8
BLACK
6
CONTINUOUS
10
5.9077778740157481
20
-4.1983737401574803
11
5.9072520078740158
21
-4.1990826377952759
0
LINE
8
BLACK
6
CONTINUOUS
10
5.9072520078740158
20
-4.1990826377952759
11
5.907224763779527
21
-4.1991411417322837
0
LINE
8
BLACK
6
CONTINUOUS
10
5.907224763779527
20
-4.1991411417322837
11
5.9057249606299207
21
-4.20064094488189
0
LINE
8
BLACK
6
CONTINUOUS
10
5.9057249606299207
20
-4.20064094488189
11
5.9050018503937007
21
-4.2011472047244096
0
LINE
8
BLACK
6
CONTINUOUS
10
5.9050018503937007
20
-4.2011472047244096
11
5.9049575590551182
21
-4.2011940551181102
0
LINE
8
BLACK
6
CONTINUOUS
10
5.9049575590551182
20
-4.2011940551181102
11
5.9019579527559056
21
-4.2026938582677165
0
LINE
8
BLACK
6
CONTINUOUS
10
5.9019579527559056
20
-4.2026938582677165
11
5.9016542125984248
21
-4.2027841732283466
0
LINE
8
BLACK
6
CONTINUOUS
10
5.9016542125984248
20
-4.2027841732283466
11
5.9090556692913383
21
-4.2133576771653543
0
LINE
8
BLACK
6
CONTINUOUS
10
5.9090556692913383
20
-4.2133576771653543
11
5.9094889370078736
21
-4.2142871653543308
0
LINE
8
BLACK
6
CONTINUOUS
10
5.9094889370078736
20
-4.2142871653543308
11
5.9093126377952752
21
-4.2162992519685041
0
LINE
8
BLACK
6
CONTINUOUS
10
5.9093126377952752
20
-4.2162992519685041
11
5.9078842125984252
21
-4.2177272834645665
0
LINE
8
BLACK
6
CONTINUOUS
10
5.9078842125984252
20
-4.2177272834645665
11
5.9058720866141732
21
-4.2179029921259845
0
LINE
8
BLACK
6
CONTINUOUS
10
5.9058720866141732
20
-4.2179029921259845
11
5.9042176771653541
21
-4.2167442519685041
0
LINE
8
BLACK
6
CONTINUOUS
10
5.9042176771653541
20
-4.2167442519685041
11
5.8946006299212597
21
-4.2030055905511814
0
LINE
8
BLACK
6
CONTINUOUS
10
5.8946006299212597
20
-4.2030055905511814
11
5.8915916929133854
21
-4.2030055905511814
0
LINE
8
BLACK
6
CONTINUOUS
10
5.8915916929133854
20
-4.2030055905511814
11
5.8915916929133854
21
-4.2150509842519686
0
LINE
8
BLACK
6
CONTINUOUS
10
5.8915916929133854
20
-4.2150509842519686
11
5.8914136220472439
21
-4.216060905511811
0
LINE
8
BLACK
6
CONTINUOUS
10
5.8914136220472439
20
-4.216060905511811
11
5.8901153149606298
21
-4.2176081496062992
0
LINE
8
BLACK
6
CONTINUOUS
10
5.8901153149606298
20
-4.2176081496062992
11
5.8881261811023622
21
-4.2179588976377955
0
LINE
8
BLACK
6
CONTINUOUS
10
5.8881261811023622
20
-4.2179588976377955
11
5.8863770078740156
21
-4.2169489763779531
0
LINE
8
BLACK
6
CONTINUOUS
10
5.8863770078740156
20
-4.2169489763779531
11
5.8856861811023622
21
-4.2150509842519686
0
LINE
8
BLACK
6
CONTINUOUS
10
5.8856861811023622
20
-4.2150509842519686
11
5.8856861811023622
21
-4.1835549212598426
0
LINE
8
BLACK
6
CONTINUOUS
10
5.8856861811023622
20
-4.1835549212598426
11
5.8857537795275592
21
-4.183171377952756
0
LINE
8
BLACK
6
CONTINUOUS
10
5.8857537795275592
20
-4.183171377952756
11
5.8857310236220473
21
-4.1830421653543306
0
LINE
8
BLACK
6
CONTINUOUS
10
5.8857310236220473
20
-4.1830421653543306
11
5.8857966141732279
21
-4.1829285433070869
0
LINE
8
BLACK
6
CONTINUOUS
10
5.8857966141732279
20
-4.1829285433070869
11
5.8858642519685036
21
-4.1825450000000002
0
LINE
8
BLACK
6
CONTINUOUS
10
5.8858642519685036
20
-4.1825450000000002
11
5.8863573622047243
21
-4.1819572834645671
0
LINE
8
BLACK
6
CONTINUOUS
10
5.8863573622047243
20
-4.1819572834645671
11
5.8867409448818897
21
-4.181292992125984
0
LINE
8
BLACK
6
CONTINUOUS
10
5.8867409448818897
20
-4.181292992125984
11
5.8869912598425191
21
-4.181201850393701
0
LINE
8
BLACK
6
CONTINUOUS
10
5.8869912598425191
20
-4.181201850393701
11
5.8871625590551178
21
-4.180997755905512
0
LINE
8
BLACK
6
CONTINUOUS
10
5.8871625590551178
20
-4.180997755905512
11
5.8879181102362201
21
-4.180864488188976
0
LINE
8
BLACK
6
CONTINUOUS
10
5.8879181102362201
20
-4.180864488188976
11
5.8886389370078742
21
-4.1806021653543306
0
LINE
8
BLACK
6
CONTINUOUS
10
5.8886389370078742
20
-4.1806021653543306
11
5.9006374409448821
21
-4.1806021653543306
0
LINE
8
BLACK
6
CONTINUOUS
10
5.9006374409448821
20
-4.1806021653543306
11
5.9016473622047245
21
-4.180780236220472
0
LINE
8
BLACK
6
CONTINUOUS
10
5.8915916929133854
20
-4.1971000787401573
11
5.8999403937007875
21
-4.1971000787401573
0
LINE
8
BLACK
6
CONTINUOUS
10
5.8999403937007875
20
-4.1971000787401573
11
5.9018879527559056
21
-4.1961262992125983
0
LINE
8
BLACK
6
CONTINUOUS
10
5.9018879527559056
20
-4.1961262992125983
11
5.9027101181102362
21
-4.195304094488189
0
LINE
8
BLACK
6
CONTINUOUS
10
5.9027101181102362
20
-4.195304094488189
11
5.903683937007874
21
-4.1933564960629921
0
LINE
8
BLACK
6
CONTINUOUS
10
5.903683937007874
20
-4.1933564960629921
11
5.903683937007874
21
-4.1902512204724411
0
LINE
8
BLACK
6
CONTINUOUS
10
5.903683937007874
20
-4.1902512204724411
11
5.9027101181102362
21
-4.1883036220472443
0
LINE
8
BLACK
6
CONTINUOUS
10
5.9027101181102362
20
-4.1883036220472443
11
5.9018879527559056
21
-4.1874814566929137
0
LINE
8
BLACK
6
CONTINUOUS
10
5.9018879527559056
20
-4.1874814566929137
11
5.8999403937007875
21
-4.1865076771653547
0
LINE
8
BLACK
6
CONTINUOUS
10
5.8999403937007875
20
-4.1865076771653547
11
5.8915916929133854
21
-4.1865076771653547
0
LINE
8
BLACK
6
CONTINUOUS
10
5.8915916929133854
20
-4.1865076771653547
11
5.8915916929133854
21
-4.1971000787401573
0
LINE
8
BLACK
6
CONTINUOUS
10
6.1714261023622043
20
-4.180780236220472
11
6.1729733464566925
21
-4.1820785433070862
0
LINE
8
BLACK
6
CONTINUOUS
10
6.1729733464566925
20
-4.1820785433070862
11
6.1733240944881889
21
-4.1840676771653547
0
LINE
8
BLACK
6
CONTINUOUS
10
6.1733240944881889
20
-4.1840676771653547
11
6.1723141732283464
21
-4.1858168503937003
0
LINE
8
BLACK
6
CONTINUOUS
10
6.1723141732283464
20
-4.1858168503937003
11
6.1704161811023619
21
-4.1865076771653547
0
LINE
8
BLACK
6
CONTINUOUS
10
6.1704161811023619
20
-4.1865076771653547
11
6.1643700393700787
21
-4.1865076771653547
0
LINE
8
BLACK
6
CONTINUOUS
10
6.1643700393700787
20
-4.1865076771653547
11
6.1643700393700787
21
-4.2150509842519686
0
LINE
8
BLACK
6
CONTINUOUS
10
6.1643700393700787
20
-4.2150509842519686
11
6.1641919685039372
21
-4.216060905511811
0
LINE
8
BLACK
6
CONTINUOUS
10
6.1641919685039372
20
-4.216060905511811
11
6.1628936614173231
21
-4.2176081496062992
0
LINE
8
BLACK
6
CONTINUOUS
10
6.1628936614173231
20
-4.2176081496062992
11
6.1609045275590546
21
-4.2179588976377955
0
LINE
8
BLACK
6
CONTINUOUS
10
6.1609045275590546
20
-4.2179588976377955
11
6.1591553543307089
21
-4.2169489763779531
0
LINE
8
BLACK
6
CONTINUOUS
10
6.1591553543307089
20
-4.2169489763779531
11
6.1584645275590546
21
-4.2150509842519686
0
LINE
8
BLACK
6
CONTINUOUS
10
6.1584645275590546
20
-4.2150509842519686
11
6.1584645275590546
21
-4.1865076771653547
0
LINE
8
BLACK
6
CONTINUOUS
10
6.1584645275590546
20
-4.1865076771653547
11
6.1524184251968501
21
-4.1865076771653547
0
LINE
8
BLACK
6
CONTINUOUS
10
6.1524184251968501
20
-4.1865076771653547
11
6.1514085039370077
21
-4.1863296062992124
0
LINE
8
BLACK
6
CONTINUOUS
10
6.1514085039370077
20
-4.1863296062992124
11
6.1498612598425195
21
-4.1850312992125982
0
LINE
8
BLACK
6
CONTINUOUS
10
6.1498612598425195
20
-4.1850312992125982
11
6.1495105118110232
21
-4.1830421653543306
0
LINE
8
BLACK
6
CONTINUOUS
10
6.1495105118110232
20
-4.1830421653543306
11
6.1505204330708656
21
-4.181292992125984
0
LINE
8
BLACK
6
CONTINUOUS
10
6.1505204330708656
20
-4.181292992125984
11
6.1524184251968501
21
-4.1806021653543306
0
LINE
8
BLACK
6
CONTINUOUS
10
6.1524184251968501
20
-4.1806021653543306
11
6.1704161811023619
21
-4.1806021653543306
0
LINE
8
BLACK
6
CONTINUOUS
10
6.1704161811023619
20
-4.1806021653543306
11
6.1714261023622043
21
-4.180780236220472
0
LINE
8
BLACK
6
CONTINUOUS
10
6.1939233070866138
20
-4.180780236220472
11
6.1940585433070865
21
-4.1808937007874016
0
LINE
8
BLACK
6
CONTINUOUS
10
6.1940585433070865
20
-4.1808937007874016
11
6.1942338976377949
21
-4.1809138976377955
0
LINE
8
BLACK
6
CONTINUOUS
10
6.1942338976377949
20
-4.1809138976377955
11
6.1972335039370074
21
-4.1824137007874018
0
LINE
8
BLACK
6
CONTINUOUS
10
6.1972335039370074
20
-4.1824137007874018
11
6.197942559055118
21
-4.1829396062992128
0
LINE
8
BLACK
6
CONTINUOUS
10
6.197942559055118
20
-4.1829396062992128
11
6.1980009055118108
21
-4.182966811023622
0
LINE
8
BLACK
6
CONTINUOUS
10
6.1980009055118108
20
-4.182966811023622
11
6.1995007086614171
21
-4.1844666141732283
0
LINE
8
BLACK
6
CONTINUOUS
10
6.1995007086614171
20
-4.1844666141732283
11
6.2000069685039367
21
-4.1851896850393704
0
LINE
8
BLACK
6
CONTINUOUS
10
6.2000069685039367
20
-4.1851896850393704
11
6.2000538188976373
21
-4.1852340157480317
0
LINE
8
BLACK
6
CONTINUOUS
10
6.2000538188976373
20
-4.1852340157480317
11
6.2015536614173223
21
-4.1882336220472443
0
LINE
8
BLACK
6
CONTINUOUS
10
6.2015536614173223
20
-4.1882336220472443
11
6.2018460236220472
21
-4.1892165748031491
0
LINE
8
BLACK
6
CONTINUOUS
10
6.2018460236220472
20
-4.1892165748031491
11
6.2018050000000002
21
-4.1893882677165353
0
LINE
8
BLACK
6
CONTINUOUS
10
6.2018050000000002
20
-4.1893882677165353
11
6.2018653937007873
21
-4.1895541732283466
0
LINE
8
BLACK
6
CONTINUOUS
10
6.2018653937007873
20
-4.1895541732283466
11
6.2018653937007873
21
-4.1940535826771654
0
LINE
8
BLACK
6
CONTINUOUS
10
6.2018653937007873
20
-4.1940535826771654
11
6.2016873228346459
21
-4.1950635039370079
0
LINE
8
BLACK
6
CONTINUOUS
10
6.2016873228346459
20
-4.1950635039370079
11
6.2015738188976375
21
-4.1951987401574806
0
LINE
8
BLACK
6
CONTINUOUS
10
6.2015738188976375
20
-4.1951987401574806
11
6.2015536614173223
21
-4.1953741338582677
0
LINE
8
BLACK
6
CONTINUOUS
10
6.2015536614173223
20
-4.1953741338582677
11
6.2000538188976373
21
-4.1983737401574803
0
LINE
8
BLACK
6
CONTINUOUS
10
6.2000538188976373
20
-4.1983737401574803
11
6.1995279527559051
21
-4.1990826377952759
0
LINE
8
BLACK
6
CONTINUOUS
10
6.1995279527559051
20
-4.1990826377952759
11
6.1995007086614171
21
-4.1991411417322837
0
LINE
8
BLACK
6
CONTINUOUS
10
6.1995007086614171
20
-4.1991411417322837
11
6.1980009055118108
21
-4.20064094488189
0
LINE
8
BLACK
6
CONTINUOUS
10
6.1980009055118108
20
-4.20064094488189
11
6.19727779527559
21
-4.2011472047244096
0
LINE
8
BLACK
6
CONTINUOUS
10
6.19727779527559
20
-4.2011472047244096
11
6.1972335039370074
21
-4.2011940551181102
0
LINE
8
BLACK
6
CONTINUOUS
10
6.1972335039370074
20
-4.2011940551181102
11
6.1942338976377949
21
-4.2026938582677165
0
LINE
8
BLACK
6
CONTINUOUS
10
6.1942338976377949
20
-4.2026938582677165
11
6.1939301574803149
21
-4.2027841732283466
0
LINE
8
BLACK
6
CONTINUOUS
10
6.1939301574803149
20
-4.2027841732283466
11
6.2013316141732284
21
-4.2133576771653543
0
LINE
8
BLACK
6
CONTINUOUS
10
6.2013316141732284
20
-4.2133576771653543
11
6.2017648818897637
21
-4.2142871653543308
0
LINE
8
BLACK
6
CONTINUOUS
10
6.2017648818897637
20
-4.2142871653543308
11
6.2015885826771653
21
-4.2162992519685041
0
LINE
8
BLACK
6
CONTINUOUS
10
6.2015885826771653
20
-4.2162992519685041
11
6.2001601574803145
21
-4.2177272834645665
0
LINE
8
BLACK
6
CONTINUOUS
10
6.2001601574803145
20
-4.2177272834645665
11
6.1981480314960624
21
-4.2179029921259845
0
LINE
8
BLACK
6
CONTINUOUS
10
6.1981480314960624
20
-4.2179029921259845
11
6.1964936220472442
21
-4.2167442519685041
0
LINE
8
BLACK
6
CONTINUOUS
10
6.1964936220472442
20
-4.2167442519685041
11
6.1868765748031498
21
-4.2030055905511814
0
LINE
8
BLACK
6
CONTINUOUS
10
6.1868765748031498
20
-4.2030055905511814
11
6.1838676377952755
21
-4.2030055905511814
0
LINE
8
BLACK
6
CONTINUOUS
10
6.1838676377952755
20
-4.2030055905511814
11
6.1838676377952755
21
-4.2150509842519686
0
LINE
8
BLACK
6
CONTINUOUS
10
6.1838676377952755
20
-4.2150509842519686
11
6.1836895669291341
21
-4.216060905511811
0
LINE
8
BLACK
6
CONTINUOUS
10
6.1836895669291341
20
-4.216060905511811
11
6.1823912598425199
21
-4.2176081496062992
0
LINE
8
BLACK
6
CONTINUOUS
10
6.1823912598425199
20
-4.2176081496062992
11
6.1804021259842514
21
-4.2179588976377955
0
LINE
8
BLACK
6
CONTINUOUS
10
6.1804021259842514
20
-4.2179588976377955
11
6.1786529527559058
21
-4.2169489763779531
0
LINE
8
BLACK
6
CONTINUOUS
10
6.1786529527559058
20
-4.2169489763779531
11
6.1779621259842514
21
-4.2150509842519686
0
LINE
8
BLACK
6
CONTINUOUS
10
6.1779621259842514
20
-4.2150509842519686
11
6.1779621259842514
21
-4.1835549212598426
0
LINE
8
BLACK
6
CONTINUOUS
10
6.1779621259842514
20
-4.1835549212598426
11
6.1780297244094484
21
-4.183171377952756
0
LINE
8
BLACK
6
CONTINUOUS
10
6.1780297244094484
20
-4.183171377952756
11
6.1780069685039365
21
-4.1830421653543306
0
LINE
8
BLACK
6
CONTINUOUS
10
6.1780069685039365
20
-4.1830421653543306
11
6.178072559055118
21
-4.1829285433070869
0
LINE
8
BLACK
6
CONTINUOUS
10
6.178072559055118
20
-4.1829285433070869
11
6.1781401968503937
21
-4.1825450000000002
0
LINE
8
BLACK
6
CONTINUOUS
10
6.1781401968503937
20
-4.1825450000000002
11
6.1786333070866144
21
-4.1819572834645671
0
LINE
8
BLACK
6
CONTINUOUS
10
6.1786333070866144
20
-4.1819572834645671
11
6.1790168897637798
21
-4.181292992125984
0
LINE
8
BLACK
6
CONTINUOUS
10
6.1790168897637798
20
-4.181292992125984
11
6.1792672047244093
21
-4.181201850393701
0
LINE
8
BLACK
6
CONTINUOUS
10
6.1792672047244093
20
-4.181201850393701
11
6.1794385039370079
21
-4.180997755905512
0
LINE
8
BLACK
6
CONTINUOUS
10
6.1794385039370079
20
-4.180997755905512
11
6.1801940551181103
21
-4.180864488188976
0
LINE
8
BLACK
6
CONTINUOUS
10
6.1801940551181103
20
-4.180864488188976
11
6.1809148818897635
21
-4.1806021653543306
0
LINE
8
BLACK
6
CONTINUOUS
10
6.1809148818897635
20
-4.1806021653543306
11
6.1929133858267713
21
-4.1806021653543306
0
LINE
8
BLACK
6
CONTINUOUS
10
6.1929133858267713
20
-4.1806021653543306
11
6.1939233070866138
21
-4.180780236220472
0
LINE
8
BLACK
6
CONTINUOUS
10
6.1838676377952755
20
-4.1971000787401573
11
6.1922163385826767
21
-4.1971000787401573
0
LINE
8
BLACK
6
CONTINUOUS
10
6.1922163385826767
20
-4.1971000787401573
11
6.1941638976377948
21
-4.1961262992125983
0
LINE
8
BLACK
6
CONTINUOUS
10
6.1941638976377948
20
-4.1961262992125983
11
6.1949860629921263
21
-4.195304094488189
0
LINE
8
BLACK
6
CONTINUOUS
10
6.1949860629921263
20
-4.195304094488189
11
6.1959598818897632
21
-4.1933564960629921
0
LINE
8
BLACK
6
CONTINUOUS
10
6.1959598818897632
20
-4.1933564960629921
11
6.1959598818897632
21
-4.1902512204724411
0
LINE
8
BLACK
6
CONTINUOUS
10
6.1959598818897632
20
-4.1902512204724411
11
6.1949860629921263
21
-4.1883036220472443
0
LINE
8
BLACK
6
CONTINUOUS
10
6.1949860629921263
20
-4.1883036220472443
11
6.1941638976377948
21
-4.1874814566929137
0
LINE
8
BLACK
6
CONTINUOUS
10
6.1941638976377948
20
-4.1874814566929137
11
6.1922163385826767
21
-4.1865076771653547
0
LINE
8
BLACK
6
CONTINUOUS
10
6.1922163385826767
20
-4.1865076771653547
11
6.1838676377952755
21
-4.1865076771653547
0
LINE
8
BLACK
6
CONTINUOUS
10
6.1838676377952755
20
-4.1865076771653547
11
6.1838676377952755
21
-4.1971000787401573
0
LINE
8
BLACK
6
CONTINUOUS
10
6.4784774803149601
20
-4.1588339370078735
11
6.4806390551181101
21
-4.1609955118110236
0
LINE
8
BLACK
6
CONTINUOUS
10
6.4806390551181101
20
-4.1609955118110236
11
6.4814302362204721
21
-4.1639482677165356
0
LINE
8
BLACK
6
CONTINUOUS
10
6.4814302362204721
20
-4.1639482677165356
11
6.4806390551181101
21
-4.1669010236220467
0
LINE
8
BLACK
6
CONTINUOUS
10
6.4806390551181101
20
-4.1669010236220467
11
6.4784774803149601
21
-4.1690625984251968
0
LINE
8
BLACK
6
CONTINUOUS
10
6.4784774803149601
20
-4.1690625984251968
11
6.4755247244094489
21
-4.1698537795275588
0
LINE
8
BLACK
6
CONTINUOUS
10
6.4755247244094489
20
-4.1698537795275588
11
6.4430890551181097
21
-4.1698537795275588
0
LINE
8
BLACK
6
CONTINUOUS
10
6.4430890551181097
20
-4.1698537795275588
11
6.4611492125984249
21
-4.1782818503937005
0
LINE
8
BLACK
6
CONTINUOUS
10
6.4611492125984249
20
-4.1782818503937005
11
6.4615481102362207
21
-4.1786167322834649
0
LINE
8
BLACK
6
CONTINUOUS
10
6.4615481102362207
20
-4.1786167322834649
11
6.4620377165354332
21
-4.1787948031496063
0
LINE
8
BLACK
6
CONTINUOUS
10
6.4620377165354332
20
-4.1787948031496063
11
6.4627007480314962
21
-4.1795844881889765
0
LINE
8
BLACK
6
CONTINUOUS
10
6.4627007480314962
20
-4.1795844881889765
11
6.4634903937007868
21
-4.1802474803149607
0
LINE
8
BLACK
6
CONTINUOUS
10
6.4634903937007868
20
-4.1802474803149607
11
6.4636683858267716
21
-4.1807370078740158
0
LINE
8
BLACK
6
CONTINUOUS
10
6.4636683858267716
20
-4.1807370078740158
11
6.4640033464566926
21
-4.1811359448818894
0
LINE
8
BLACK
6
CONTINUOUS
10
6.4640033464566926
20
-4.1811359448818894
11
6.4641826771653541
21
-4.182151299212598
0
LINE
8
BLACK
6
CONTINUOUS
10
6.4641826771653541
20
-4.182151299212598
11
6.4645350787401572
21
-4.1831203543307085
0
LINE
8
BLACK
6
CONTINUOUS
10
6.4645350787401572
20
-4.1831203543307085
11
6.4644444488188979
21
-4.1836333070866143
0
LINE
8
BLACK
6
CONTINUOUS
10
6.4644444488188979
20
-4.1836333070866143
11
6.4645350787401572
21
-4.1841462598425192
0
LINE
8
BLACK
6
CONTINUOUS
10
6.4645350787401572
20
-4.1841462598425192
11
6.4641826771653541
21
-4.185115275590551
0
LINE
8
BLACK
6
CONTINUOUS
10
6.4641826771653541
20
-4.185115275590551
11
6.4640033464566926
21
-4.1861306692913383
0
LINE
8
BLACK
6
CONTINUOUS
10
6.4640033464566926
20
-4.1861306692913383
11
6.4636683858267716
21
-4.186529566929134
0
LINE
8
BLACK
6
CONTINUOUS
10
6.4636683858267716
20
-4.186529566929134
11
6.4634903937007868
21
-4.1870191338582678
0
LINE
8
BLACK
6
CONTINUOUS
10
6.4634903937007868
20
-4.1870191338582678
11
6.4627007480314962
21
-4.1876820866141733
0
LINE
8
BLACK
6
CONTINUOUS
10
6.4627007480314962
20
-4.1876820866141733
11
6.4620377165354332
21
-4.1884718110236223
0
LINE
8
BLACK
6
CONTINUOUS
10
6.4620377165354332
20
-4.1884718110236223
11
6.4615481102362207
21
-4.188649842519685
0
LINE
8
BLACK
6
CONTINUOUS
10
6.4615481102362207
20
-4.188649842519685
11
6.4611492125984249
21
-4.1889847637795272
0
LINE
8
BLACK
6
CONTINUOUS
10
6.4611492125984249
20
-4.1889847637795272
11
6.4430890551181097
21
-4.1974128346456689
0
LINE
8
BLACK
6
CONTINUOUS
10
6.4430890551181097
20
-4.1974128346456689
11
6.4755247244094489
21
-4.1974128346456689
0
LINE
8
BLACK
6
CONTINUOUS
10
6.4755247244094489
20
-4.1974128346456689
11
6.4784774803149601
21
-4.1982040157480318
0
LINE
8
BLACK
6
CONTINUOUS
10
6.4784774803149601
20
-4.1982040157480318
11
6.4806390551181101
21
-4.200365590551181
0
LINE
8
BLACK
6
CONTINUOUS
10
6.4806390551181101
20
-4.200365590551181
11
6.4814302362204721
21
-4.203318346456693
0
LINE
8
BLACK
6
CONTINUOUS
10
6.4814302362204721
20
-4.203318346456693
11
6.4806390551181101
21
-4.206271102362205
0
LINE
8
BLACK
6
CONTINUOUS
10
6.4806390551181101
20
-4.206271102362205
11
6.4784774803149601
21
-4.2084326771653542
0
LINE
8
BLACK
6
CONTINUOUS
10
6.4784774803149601
20
-4.2084326771653542
11
6.4755247244094489
21
-4.2092238582677162
0
LINE
8
BLACK
6
CONTINUOUS
10
6.4755247244094489
20
-4.2092238582677162
11
6.4164696062992128
21
-4.2092238582677162
0
LINE
8
BLACK
6
CONTINUOUS
10
6.4164696062992128
20
-4.2092238582677162
11
6.4162155905511806
21
-4.209155787401575
0
LINE
8
BLACK
6
CONTINUOUS
10
6.4162155905511806
20
-4.209155787401575
11
6.415956653543307
21
-4.2092015354330705
0
LINE
8
BLACK
6
CONTINUOUS
10
6.415956653543307
20
-4.2092015354330705
11
6.4147535826771653
21
-4.2087640551181105
0
LINE
8
BLACK
6
CONTINUOUS
10
6.4147535826771653
20
-4.2087640551181105
11
6.4135168503937008
21
-4.2084326771653542
0
LINE
8
BLACK
6
CONTINUOUS
10
6.4135168503937008
20
-4.2084326771653542
11
6.4133308661417319
21
-4.2082466929133862
0
LINE
8
BLACK
6
CONTINUOUS
10
6.4133308661417319
20
-4.2082466929133862
11
6.4130837795275593
21
-4.208156850393701
0
LINE
8
BLACK
6
CONTINUOUS
10
6.4130837795275593
20
-4.208156850393701
11
6.4122606692913386
21
-4.207176496062992
0
LINE
8
BLACK
6
CONTINUOUS
10
6.4122606692913386
20
-4.207176496062992
11
6.4113552755905507
21
-4.206271102362205
0
LINE
8
BLACK
6
CONTINUOUS
10
6.4113552755905507
20
-4.206271102362205
11
6.4112872047244096
21
-4.2060170472440941
0
LINE
8
BLACK
6
CONTINUOUS
10
6.4112872047244096
20
-4.2060170472440941
11
6.411118149606299
21
-4.205815708661417
0
LINE
8
BLACK
6
CONTINUOUS
10
6.411118149606299
20
-4.205815708661417
11
6.410895472440945
21
-4.2045550787401575
0
LINE
8
BLACK
6
CONTINUOUS
10
6.410895472440945
20
-4.2045550787401575
11
6.4105640944881888
21
-4.203318346456693
0
LINE
8
BLACK
6
CONTINUOUS
10
6.4105640944881888
20
-4.203318346456693
11
6.410632125984252
21
-4.2030643307086617
0
LINE
8
BLACK
6
CONTINUOUS
10
6.410632125984252
20
-4.2030643307086617
11
6.4105864173228344
21
-4.2028053937007872
0
LINE
8
BLACK
6
CONTINUOUS
10
6.4105864173228344
20
-4.2028053937007872
11
6.4110238582677166
21
-4.2016023228346455
0
LINE
8
BLACK
6
CONTINUOUS
10
6.4110238582677166
20
-4.2016023228346455
11
6.4113552755905507
21
-4.200365590551181
0
LINE
8
BLACK
6
CONTINUOUS
10
6.4113552755905507
20
-4.200365590551181
11
6.4115412204724409
21
-4.2001796062992129
0
LINE
8
BLACK
6
CONTINUOUS
10
6.4115412204724409
20
-4.2001796062992129
11
6.4116311023622048
21
-4.1999325196850394
0
LINE
8
BLACK
6
CONTINUOUS
10
6.4116311023622048
20
-4.1999325196850394
11
6.4126114173228341
21
-4.1991094094488188
0
LINE
8
BLACK
6
CONTINUOUS
10
6.4126114173228341
20
-4.1991094094488188
11
6.4135168503937008
21
-4.1982040157480318
0
LINE
8
BLACK
6
CONTINUOUS
10
6.4135168503937008
20
-4.1982040157480318
11
6.4137708661417321
21
-4.1981359448818898
0
LINE
8
BLACK
6
CONTINUOUS
10
6.4137708661417321
20
-4.1981359448818898
11
6.413972244094488
21
-4.1979668897637792
0
LINE
8
BLACK
6
CONTINUOUS
10
6.413972244094488
20
-4.1979668897637792
11
6.4446870078740153
21
-4.1836333070866143
0
LINE
8
BLACK
6
CONTINUOUS
10
6.4446870078740153
20
-4.1836333070866143
11
6.413972244094488
21
-4.1692997244094485
0
LINE
8
BLACK
6
CONTINUOUS
10
6.413972244094488
20
-4.1692997244094485
11
6.4137708661417321
21
-4.16913062992126
0
LINE
8
BLACK
6
CONTINUOUS
10
6.4137708661417321
20
-4.16913062992126
11
6.4135168503937008
21
-4.1690625984251968
0
LINE
8
BLACK
6
CONTINUOUS
10
6.4135168503937008
20
-4.1690625984251968
11
6.4126114173228341
21
-4.168157165354331
0
LINE
8
BLACK
6
CONTINUOUS
10
6.4126114173228341
20
-4.168157165354331
11
6.4116311023622048
21
-4.1673340944881891
0
LINE
8
BLACK
6
CONTINUOUS
10
6.4116311023622048
20
-4.1673340944881891
11
6.4115412204724409
21
-4.1670869685039369
0
LINE
8
BLACK
6
CONTINUOUS
10
6.4115412204724409
20
-4.1670869685039369
11
6.4113552755905507
21
-4.1669010236220467
0
LINE
8
BLACK
6
CONTINUOUS
10
6.4113552755905507
20
-4.1669010236220467
11
6.4110238582677166
21
-4.1656642519685034
0
LINE
8
BLACK
6
CONTINUOUS
10
6.4110238582677166
20
-4.1656642519685034
11
6.4105864173228344
21
-4.1644612204724405
0
LINE
8
BLACK
6
CONTINUOUS
10
6.4105864173228344
20
-4.1644612204724405
11
6.410632125984252
21
-4.1642022440944881
0
LINE
8
BLACK
6
CONTINUOUS
10
6.410632125984252
20
-4.1642022440944881
11
6.4105640944881888
21
-4.1639482677165356
0
LINE
8
BLACK
6
CONTINUOUS
10
6.4105640944881888
20
-4.1639482677165356
11
6.410895472440945
21
-4.1627114960629923
0
LINE
8
BLACK
6
CONTINUOUS
10
6.410895472440945
20
-4.1627114960629923
11
6.411118149606299
21
-4.1614509055118107
0
LINE
8
BLACK
6
CONTINUOUS
10
6.411118149606299
20
-4.1614509055118107
11
6.4112872047244096
21
-4.1612495275590549
0
LINE
8
BLACK
6
CONTINUOUS
10
6.4112872047244096
20
-4.1612495275590549
11
6.4113552755905507
21
-4.1609955118110236
0
LINE
8
BLACK
6
CONTINUOUS
10
6.4113552755905507
20
-4.1609955118110236
11
6.4122606692913386
21
-4.1600900787401578
0
LINE
8
BLACK
6
CONTINUOUS
10
6.4122606692913386
20
-4.1600900787401578
11
6.4130837795275593
21
-4.1591097637795276
0
LINE
8
BLACK
6
CONTINUOUS
10
6.4130837795275593
20
-4.1591097637795276
11
6.4133308661417319
21
-4.1590198818897637
0
LINE
8
BLACK
6
CONTINUOUS
10
6.4133308661417319
20
-4.1590198818897637
11
6.4135168503937008
21
-4.1588339370078735
0
LINE
8
BLACK
6
CONTINUOUS
10
6.4135168503937008
20
-4.1588339370078735
11
6.4147535826771653
21
-4.1585025196850394
0
LINE
8
BLACK
6
CONTINUOUS
10
6.4147535826771653
20
-4.1585025196850394
11
6.415956653543307
21
-4.1580650787401572
0
LINE
8
BLACK
6
CONTINUOUS
10
6.415956653543307
20
-4.1580650787401572
11
6.4162155905511806
21
-4.1581107874015748
0
LINE
8
BLACK
6
CONTINUOUS
10
6.4162155905511806
20
-4.1581107874015748
11
6.4164696062992128
21
-4.1580427559055115
0
LINE
8
BLACK
6
CONTINUOUS
10
6.4164696062992128
20
-4.1580427559055115
11
6.4755247244094489
21
-4.1580427559055115
0
LINE
8
BLACK
6
CONTINUOUS
10
6.4755247244094489
20
-4.1580427559055115
11
6.4784774803149601
21
-4.1588339370078735
0
LINE
8
BLACK
6
CONTINUOUS
10
5.9594140157480311
20
-4.0889391732283462
11
5.9657382677165351
21
-4.0911521259842516
0
LINE
8
BLACK
6
CONTINUOUS
10
5.9657382677165351
20
-4.0911521259842516
11
5.9714114960629923
21
-4.0947168503937004
0
LINE
8
BLACK
6
CONTINUOUS
10
5.9714114960629923
20
-4.0947168503937004
11
5.976149291338583
21
-4.0994546456692911
0
LINE
8
BLACK
6
CONTINUOUS
10
5.976149291338583
20
-4.0994546456692911
11
5.9797140157480317
21
-4.1051278740157482
0
LINE
8
BLACK
6
CONTINUOUS
10
5.9797140157480317
20
-4.1051278740157482
11
5.9819269685039371
21
-4.1114521259842522
0
LINE
8
BLACK
6
CONTINUOUS
10
5.9819269685039371
20
-4.1114521259842522
11
5.9826771653543309
21
-4.1181102362204722
0
LINE
8
BLACK
6
CONTINUOUS
10
5.9826771653543309
20
-4.1181102362204722
11
5.9819269685039371
21
-4.1247683464566931
0
LINE
8
BLACK
6
CONTINUOUS
10
5.9819269685039371
20
-4.1247683464566931
11
5.9797140157480317
21
-4.1310925984251972
0
LINE
8
BLACK
6
CONTINUOUS
10
5.9797140157480317
20
-4.1310925984251972
11
5.976149291338583
21
-4.1367658267716534
0
LINE
8
BLACK
6
CONTINUOUS
10
5.976149291338583
20
-4.1367658267716534
11
5.9714114960629923
21
-4.1415036220472441
0
LINE
8
BLACK
6
CONTINUOUS
10
5.9714114960629923
20
-4.1415036220472441
11
5.9657382677165351
21
-4.1450683464566929
0
LINE
8
BLACK
6
CONTINUOUS
10
5.9657382677165351
20
-4.1450683464566929
11
5.9594140157480311
21
-4.1472812992125982
0
LINE
8
BLACK
6
CONTINUOUS
10
5.9594140157480311
20
-4.1472812992125982
11
5.9527559055118111
21
-4.148031496062992
0
LINE
8
BLACK
6
CONTINUOUS
10
5.9527559055118111
20
-4.148031496062992
11
5.9460977952755902
21
-4.1472812992125982
0
LINE
8
BLACK
6
CONTINUOUS
10
5.9460977952755902
20
-4.1472812992125982
11
5.9397735433070862
21
-4.1450683464566929
0
LINE
8
BLACK
6
CONTINUOUS
10
5.9397735433070862
20
-4.1450683464566929
11
5.93410031496063
21
-4.1415036220472441
0
LINE
8
BLACK
6
CONTINUOUS
10
5.93410031496063
20
-4.1415036220472441
11
5.9293625196850392
21
-4.1367658267716534
0
LINE
8
BLACK
6
CONTINUOUS
10
5.9293625196850392
20
-4.1367658267716534
11
5.9257977952755905
21
-4.1310925984251972
0
LINE
8
BLACK
6
CONTINUOUS
10
5.9257977952755905
20
-4.1310925984251972
11
5.9235848425196851
21
-4.1247683464566931
0
LINE
8
BLACK
6
CONTINUOUS
10
5.9235848425196851
20
-4.1247683464566931
11
5.9228346456692913
21
-4.1181102362204722
0
LINE
8
BLACK
6
CONTINUOUS
10
5.9228346456692913
20
-4.1181102362204722
11
5.9235848425196851
21
-4.1114521259842522
0
LINE
8
BLACK
6
CONTINUOUS
10
5.9235848425196851
20
-4.1114521259842522
11
5.9257977952755905
21
-4.1051278740157482
0
LINE
8
BLACK
6
CONTINUOUS
10
5.9257977952755905
20
-4.1051278740157482
11
5.9293625196850392
21
-4.0994546456692911
0
LINE
8
BLACK
6
CONTINUOUS
10
5.9293625196850392
20
-4.0994546456692911
11
5.93410031496063
21
-4.0947168503937004
0
LINE
8
BLACK
6
CONTINUOUS
10
5.93410031496063
20
-4.0947168503937004
11
5.9397735433070862
21
-4.0911521259842516
0
LINE
8
BLACK
6
CONTINUOUS
10
5.9397735433070862
20
-4.0911521259842516
11
5.9460977952755902
21
-4.0889391732283462
0
LINE
8
BLACK
6
CONTINUOUS
10
5.9460977952755902
20
-4.0889391732283462
11
5.9527559055118111
21
-4.0881889763779524
0
LINE
8
BLACK
6
CONTINUOUS
10
5.9527559055118111
20
-4.0881889763779524
11
5.9594140157480311
21
-4.0889391732283462
0
LINE
8
BLACK
6
CONTINUOUS
10
5.9281115354330707
20
-4.1241845275590547
11
5.9302813385826774
21
-4.129905787401575
0
LINE
8
BLACK
6
CONTINUOUS
10
5.9302813385826774
20
-4.129905787401575
11
5.9337572440944877
21
-4.1349415748031495
0
LINE
8
BLACK
6
CONTINUOUS
10
5.9337572440944877
20
-4.1349415748031495
11
5.9383373228346459
21
-4.1389991732283464
0
LINE
8
BLACK
6
CONTINUOUS
10
5.9383373228346459
20
-4.1389991732283464
11
5.9437553543307082
21
-4.141842755905512
0
LINE
8
BLACK
6
CONTINUOUS
10
5.9437553543307082
20
-4.141842755905512
11
5.9496964566929131
21
-4.1433070866141728
0
LINE
8
BLACK
6
CONTINUOUS
10
5.9496964566929131
20
-4.1433070866141728
11
5.9558153543307082
21
-4.1433070866141728
0
LINE
8
BLACK
6
CONTINUOUS
10
5.9558153543307082
20
-4.1433070866141728
11
5.9617564566929131
21
-4.141842755905512
0
LINE
8
BLACK
6
CONTINUOUS
10
5.9617564566929131
20
-4.141842755905512
11
5.9671744881889763
21
-4.1389991732283464
0
LINE
8
BLACK
6
CONTINUOUS
10
5.9671744881889763
20
-4.1389991732283464
11
5.9717545669291336
21
-4.1349415748031495
0
LINE
8
BLACK
6
CONTINUOUS
10
5.9717545669291336
20
-4.1349415748031495
11
5.9752304724409449
21
-4.129905787401575
0
LINE
8
BLACK
6
CONTINUOUS
10
5.9752304724409449
20
-4.129905787401575
11
5.9774002755905506
21
-4.1241845275590547
0
LINE
8
BLACK
6
CONTINUOUS
10
5.9774002755905506
20
-4.1241845275590547
11
5.9781378346456693
21
-4.1181102362204722
0
LINE
8
BLACK
6
CONTINUOUS
10
5.9781378346456693
20
-4.1181102362204722
11
5.9774002755905506
21
-4.1120359448818897
0
LINE
8
BLACK
6
CONTINUOUS
10
5.9774002755905506
20
-4.1120359448818897
11
5.9752304724409449
21
-4.1063146850393704
0
LINE
8
BLACK
6
CONTINUOUS
10
5.9752304724409449
20
-4.1063146850393704
11
5.9717545669291336
21
-4.101278897637795
0
LINE
8
BLACK
6
CONTINUOUS
10
5.9717545669291336
20
-4.101278897637795
11
5.9671744881889763
21
-4.097221299212598
0
LINE
8
BLACK
6
CONTINUOUS
10
5.9671744881889763
20
-4.097221299212598
11
5.9617564566929131
21
-4.0943777165354334
0
LINE
8
BLACK
6
CONTINUOUS
10
5.9617564566929131
20
-4.0943777165354334
11
5.9558153543307082
21
-4.0929133858267717
0
LINE
8
BLACK
6
CONTINUOUS
10
5.9558153543307082
20
-4.0929133858267717
11
5.9496964566929131
21
-4.0929133858267717
0
LINE
8
BLACK
6
CONTINUOUS
10
5.9496964566929131
20
-4.0929133858267717
11
5.9437553543307082
21
-4.0943777165354334
0
LINE
8
BLACK
6
CONTINUOUS
10
5.9437553543307082
20
-4.0943777165354334
11
5.9383373228346459
21
-4.097221299212598
0
LINE
8
BLACK
6
CONTINUOUS
10
5.9383373228346459
20
-4.097221299212598
11
5.9337572440944877
21
-4.101278897637795
0
LINE
8
BLACK
6
CONTINUOUS
10
5.9337572440944877
20
-4.101278897637795
11
5.9302813385826774
21
-4.1063146850393704
0
LINE
8
BLACK
6
CONTINUOUS
10
5.9302813385826774
20
-4.1063146850393704
11
5.9281115354330707
21
-4.1120359448818897
0
LINE
8
BLACK
6
CONTINUOUS
10
5.9281115354330707
20
-4.1120359448818897
11
5.9273739763779529
21
-4.1181102362204722
0
LINE
8
BLACK
6
CONTINUOUS
10
5.9273739763779529
20
-4.1181102362204722
11
5.9281115354330707
21
-4.1241845275590547
0
LINE
8
BLACK
6
CONTINUOUS
10
6.0539022047244089
20
-4.0889391732283462
11
6.0602264566929129
21
-4.0911521259842516
0
LINE
8
BLACK
6
CONTINUOUS
10
6.0602264566929129
20
-4.0911521259842516
11
6.06589968503937
21
-4.0947168503937004
0
LINE
8
BLACK
6
CONTINUOUS
10
6.06589968503937
20
-4.0947168503937004
11
6.0706374803149608
21
-4.0994546456692911
0
LINE
8
BLACK
6
CONTINUOUS
10
6.0706374803149608
20
-4.0994546456692911
11
6.0742022047244095
21
-4.1051278740157482
0
LINE
8
BLACK
6
CONTINUOUS
10
6.0742022047244095
20
-4.1051278740157482
11
6.0764151574803149
21
-4.1114521259842522
0
LINE
8
BLACK
6
CONTINUOUS
10
6.0764151574803149
20
-4.1114521259842522
11
6.0771653543307087
21
-4.1181102362204722
0
LINE
8
BLACK
6
CONTINUOUS
10
6.0771653543307087
20
-4.1181102362204722
11
6.0764151574803149
21
-4.1247683464566931
0
LINE
8
BLACK
6
CONTINUOUS
10
6.0764151574803149
20
-4.1247683464566931
11
6.0742022047244095
21
-4.1310925984251972
0
LINE
8
BLACK
6
CONTINUOUS
10
6.0742022047244095
20
-4.1310925984251972
11
6.0706374803149608
21
-4.1367658267716534
0
LINE
8
BLACK
6
CONTINUOUS
10
6.0706374803149608
20
-4.1367658267716534
11
6.06589968503937
21
-4.1415036220472441
0
LINE
8
BLACK
6
CONTINUOUS
10
6.06589968503937
20
-4.1415036220472441
11
6.0602264566929129
21
-4.1450683464566929
0
LINE
8
BLACK
6
CONTINUOUS
10
6.0602264566929129
20
-4.1450683464566929
11
6.0539022047244089
21
-4.1472812992125982
0
LINE
8
BLACK
6
CONTINUOUS
10
6.0539022047244089
20
-4.1472812992125982
11
6.0472440944881889
21
-4.148031496062992
0
LINE
8
BLACK
6
CONTINUOUS
10
6.0472440944881889
20
-4.148031496062992
11
6.040585984251968
21
-4.1472812992125982
0
LINE
8
BLACK
6
CONTINUOUS
10
6.040585984251968
20
-4.1472812992125982
11
6.0342617322834649
21
-4.1450683464566929
0
LINE
8
BLACK
6
CONTINUOUS
10
6.0342617322834649
20
-4.1450683464566929
11
6.0285885039370077
21
-4.1415036220472441
0
LINE
8
BLACK
6
CONTINUOUS
10
6.0285885039370077
20
-4.1415036220472441
11
6.023850708661417
21
-4.1367658267716534
0
LINE
8
BLACK
6
CONTINUOUS
10
6.023850708661417
20
-4.1367658267716534
11
6.0202859842519683
21
-4.1310925984251972
0
LINE
8
BLACK
6
CONTINUOUS
10
6.0202859842519683
20
-4.1310925984251972
11
6.0180730314960629
21
-4.1247683464566931
0
LINE
8
BLACK
6
CONTINUOUS
10
6.0180730314960629
20
-4.1247683464566931
11
6.0173228346456691
21
-4.1181102362204722
0
LINE
8
BLACK
6
CONTINUOUS
10
6.0173228346456691
20
-4.1181102362204722
11
6.0180730314960629
21
-4.1114521259842522
0
LINE
8
BLACK
6
CONTINUOUS
10
6.0180730314960629
20
-4.1114521259842522
11
6.0202859842519683
21
-4.1051278740157482
0
LINE
8
BLACK
6
CONTINUOUS
10
6.0202859842519683
20
-4.1051278740157482
11
6.023850708661417
21
-4.0994546456692911
0
LINE
8
BLACK
6
CONTINUOUS
10
6.023850708661417
20
-4.0994546456692911
11
6.0285885039370077
21
-4.0947168503937004
0
LINE
8
BLACK
6
CONTINUOUS
10
6.0285885039370077
20
-4.0947168503937004
11
6.0342617322834649
21
-4.0911521259842516
0
LINE
8
BLACK
6
CONTINUOUS
10
6.0342617322834649
20
-4.0911521259842516
11
6.040585984251968
21
-4.0889391732283462
0
LINE
8
BLACK
6
CONTINUOUS
10
6.040585984251968
20
-4.0889391732283462
11
6.0472440944881889
21
-4.0881889763779524
0
LINE
8
BLACK
6
CONTINUOUS
10
6.0472440944881889
20
-4.0881889763779524
11
6.0539022047244089
21
-4.0889391732283462
0
LINE
8
BLACK
6
CONTINUOUS
10
6.0225997244094485
20
-4.1241845275590547
11
6.0247695275590551
21
-4.129905787401575
0
LINE
8
BLACK
6
CONTINUOUS
10
6.0247695275590551
20
-4.129905787401575
11
6.0282454330708664
21
-4.1349415748031495
0
LINE
8
BLACK
6
CONTINUOUS
10
6.0282454330708664
20
-4.1349415748031495
11
6.0328255118110237
21
-4.1389991732283464
0
LINE
8
BLACK
6
CONTINUOUS
10
6.0328255118110237
20
-4.1389991732283464
11
6.0382435433070869
21
-4.141842755905512
0
LINE
8
BLACK
6
CONTINUOUS
10
6.0382435433070869
20
-4.141842755905512
11
6.0441846456692909
21
-4.1433070866141728
0
LINE
8
BLACK
6
CONTINUOUS
10
6.0441846456692909
20
-4.1433070866141728
11
6.0503035433070869
21
-4.1433070866141728
0
LINE
8
BLACK
6
CONTINUOUS
10
6.0503035433070869
20
-4.1433070866141728
11
6.0562446456692909
21
-4.141842755905512
0
LINE
8
BLACK
6
CONTINUOUS
10
6.0562446456692909
20
-4.141842755905512
11
6.0616626771653541
21
-4.1389991732283464
0
LINE
8
BLACK
6
CONTINUOUS
10
6.0616626771653541
20
-4.1389991732283464
11
6.0662427559055114
21
-4.1349415748031495
0
LINE
8
BLACK
6
CONTINUOUS
10
6.0662427559055114
20
-4.1349415748031495
11
6.0697186614173226
21
-4.129905787401575
0
LINE
8
BLACK
6
CONTINUOUS
10
6.0697186614173226
20
-4.129905787401575
11
6.0718884645669293
21
-4.1241845275590547
0
LINE
8
BLACK
6
CONTINUOUS
10
6.0718884645669293
20
-4.1241845275590547
11
6.0726260236220471
21
-4.1181102362204722
0
LINE
8
BLACK
6
CONTINUOUS
10
6.0726260236220471
20
-4.1181102362204722
11
6.0718884645669293
21
-4.1120359448818897
0
LINE
8
BLACK
6
CONTINUOUS
10
6.0718884645669293
20
-4.1120359448818897
11
6.0697186614173226
21
-4.1063146850393704
0
LINE
8
BLACK
6
CONTINUOUS
10
6.0697186614173226
20
-4.1063146850393704
11
6.0662427559055114
21
-4.101278897637795
0
LINE
8
BLACK
6
CONTINUOUS
10
6.0662427559055114
20
-4.101278897637795
11
6.0616626771653541
21
-4.097221299212598
0
LINE
8
BLACK
6
CONTINUOUS
10
6.0616626771653541
20
-4.097221299212598
11
6.0562446456692909
21
-4.0943777165354334
0
LINE
8
BLACK
6
CONTINUOUS
10
6.0562446456692909
20
-4.0943777165354334
11
6.0503035433070869
21
-4.0929133858267717
0
LINE
8
BLACK
6
CONTINUOUS
10
6.0503035433070869
20
-4.0929133858267717
11
6.0441846456692909
21
-4.0929133858267717
0
LINE
8
BLACK
6
CONTINUOUS
10
6.0441846456692909
20
-4.0929133858267717
11
6.0382435433070869
21
-4.0943777165354334
0
LINE
8
BLACK
6
CONTINUOUS
10
6.0382435433070869
20
-4.0943777165354334
11
6.0328255118110237
21
-4.097221299212598
0
LINE
8
BLACK
6
CONTINUOUS
10
6.0328255118110237
20
-4.097221299212598
11
6.0282454330708664
21
-4.101278897637795
0
LINE
8
BLACK
6
CONTINUOUS
10
6.0282454330708664
20
-4.101278897637795
11
6.0247695275590551
21
-4.1063146850393704
0
LINE
8
BLACK
6
CONTINUOUS
10
6.0247695275590551
20
-4.1063146850393704
11
6.0225997244094485
21
-4.1120359448818897
0
LINE
8
BLACK
6
CONTINUOUS
10
6.0225997244094485
20
-4.1120359448818897
11
6.0218621653543307
21
-4.1181102362204722
0
LINE
8
BLACK
6
CONTINUOUS
10
6.0218621653543307
20
-4.1181102362204722
11
6.0225997244094485
21
-4.1241845275590547
0
LINE
8
BLACK
6
CONTINUOUS
10
6.4655872834645667
20
-4.0965267716535436
11
6.4669171653543307
21
-4.0967989370078737
0
LINE
8
BLACK
6
CONTINUOUS
10
6.4669171653543307
20
-4.0967989370078737
11
6.4725414566929134
21
-4.0996110629921256
0
LINE
8
BLACK
6
CONTINUOUS
10
6.4725414566929134
20
-4.0996110629921256
11
6.4732528346456695
21
-4.1002418897637796
0
LINE
8
BLACK
6
CONTINUOUS
10
6.4732528346456695
20
-4.1002418897637796
11
6.4740762598425192
21
-4.1007172834645669
0
LINE
8
BLACK
6
CONTINUOUS
10
6.4740762598425192
20
-4.1007172834645669
11
6.4768884251968499
21
-4.1035294488188976
0
LINE
8
BLACK
6
CONTINUOUS
10
6.4768884251968499
20
-4.1035294488188976
11
6.4773637795275585
21
-4.1043528346456695
0
LINE
8
BLACK
6
CONTINUOUS
10
6.4773637795275585
20
-4.1043528346456695
11
6.4779946456692912
21
-4.1050642519685034
0
LINE
8
BLACK
6
CONTINUOUS
10
6.4779946456692912
20
-4.1050642519685034
11
6.4808067716535431
21
-4.1106885826771649
0
LINE
8
BLACK
6
CONTINUOUS
10
6.4808067716535431
20
-4.1106885826771649
11
6.4810788582677166
21
-4.1120183070866139
0
LINE
8
BLACK
6
CONTINUOUS
10
6.4810788582677166
20
-4.1120183070866139
11
6.4814302362204721
21
-4.1133295669291341
0
LINE
8
BLACK
6
CONTINUOUS
10
6.4814302362204721
20
-4.1133295669291341
11
6.4814302362204721
21
-4.1245781496062994
0
LINE
8
BLACK
6
CONTINUOUS
10
6.4814302362204721
20
-4.1245781496062994
11
6.4810789763779528
21
-4.1258890157480312
0
LINE
8
BLACK
6
CONTINUOUS
10
6.4810789763779528
20
-4.1258890157480312
11
6.4808068110236219
21
-4.1272191338582678
0
LINE
8
BLACK
6
CONTINUOUS
10
6.4808068110236219
20
-4.1272191338582678
11
6.4779946456692912
21
-4.1328434645669292
0
LINE
8
BLACK
6
CONTINUOUS
10
6.4779946456692912
20
-4.1328434645669292
11
6.477363858267716
21
-4.1335548031496065
0
LINE
8
BLACK
6
CONTINUOUS
10
6.477363858267716
20
-4.1335548031496065
11
6.4768883858267712
21
-4.1343783464566926
0
LINE
8
BLACK
6
CONTINUOUS
10
6.4768883858267712
20
-4.1343783464566926
11
6.4740762204724405
21
-4.1371904724409445
0
LINE
8
BLACK
6
CONTINUOUS
10
6.4740762204724405
20
-4.1371904724409445
11
6.4732527952755907
21
-4.1376658267716531
0
LINE
8
BLACK
6
CONTINUOUS
10
6.4732527952755907
20
-4.1376658267716531
11
6.4725414566929134
21
-4.138296653543307
0
LINE
8
BLACK
6
CONTINUOUS
10
6.4725414566929134
20
-4.138296653543307
11
6.4669171653543307
21
-4.1411088188976377
0
LINE
8
BLACK
6
CONTINUOUS
10
6.4669171653543307
20
-4.1411088188976377
11
6.4655872047244092
21
-4.1413809448818899
0
LINE
8
BLACK
6
CONTINUOUS
10
6.4655872047244092
20
-4.1413809448818899
11
6.4642761417322836
21
-4.1417322834645667
0
LINE
8
BLACK
6
CONTINUOUS
10
6.4642761417322836
20
-4.1417322834645667
11
6.4164696062992128
21
-4.1417322834645667
0
LINE
8
BLACK
6
CONTINUOUS
10
6.4164696062992128
20
-4.1417322834645667
11
6.4135168503937008
21
-4.1409411023622047
0
LINE
8
BLACK
6
CONTINUOUS
10
6.4135168503937008
20
-4.1409411023622047
11
6.4113552755905507
21
-4.1387795275590546
0
LINE
8
BLACK
6
CONTINUOUS
10
6.4113552755905507
20
-4.1387795275590546
11
6.4105640944881888
21
-4.1358267716535435
0
LINE
8
BLACK
6
CONTINUOUS
10
6.4105640944881888
20
-4.1358267716535435
11
6.4113552755905507
21
-4.1328740157480315
0
LINE
8
BLACK
6
CONTINUOUS
10
6.4113552755905507
20
-4.1328740157480315
11
6.4135168503937008
21
-4.1307124409448814
0
LINE
8
BLACK
6
CONTINUOUS
10
6.4135168503937008
20
-4.1307124409448814
11
6.4164696062992128
21
-4.1299212598425195
0
LINE
8
BLACK
6
CONTINUOUS
10
6.4164696062992128
20
-4.1299212598425195
11
6.4628820472440944
21
-4.1299212598425195
0
LINE
8
BLACK
6
CONTINUOUS
10
6.4628820472440944
20
-4.1299212598425195
11
6.4664022834645669
21
-4.1281611023622045
0
LINE
8
BLACK
6
CONTINUOUS
10
6.4664022834645669
20
-4.1281611023622045
11
6.4678591338582674
21
-4.1267042125984252
0
LINE
8
BLACK
6
CONTINUOUS
10
6.4678591338582674
20
-4.1267042125984252
11
6.4696192125984249
21
-4.1231840551181103
0
LINE
8
BLACK
6
CONTINUOUS
10
6.4696192125984249
20
-4.1231840551181103
11
6.4696192125984249
21
-4.1147236220472436
0
LINE
8
BLACK
6
CONTINUOUS
10
6.4696192125984249
20
-4.1147236220472436
11
6.4678590944881886
21
-4.1112034251968499
0
LINE
8
BLACK
6
CONTINUOUS
10
6.4678590944881886
20
-4.1112034251968499
11
6.4664022047244094
21
-4.1097465354330707
0
LINE
8
BLACK
6
CONTINUOUS
10
6.4664022047244094
20
-4.1097465354330707
11
6.4628820472440944
21
-4.1079864960629919
0
LINE
8
BLACK
6
CONTINUOUS
10
6.4628820472440944
20
-4.1079864960629919
11
6.4164696062992128
21
-4.1079864960629919
0
LINE
8
BLACK
6
CONTINUOUS
10
6.4164696062992128
20
-4.1079864960629919
11
6.4135168503937008
21
-4.10719531496063
0
LINE
8
BLACK
6
CONTINUOUS
10
6.4135168503937008
20
-4.10719531496063
11
6.4113552755905507
21
-4.1050337401574799
0
LINE
8
BLACK
6
CONTINUOUS
10
6.4113552755905507
20
-4.1050337401574799
11
6.4105640944881888
21
-4.1020809842519688
0
LINE
8
BLACK
6
CONTINUOUS
10
6.4105640944881888
20
-4.1020809842519688
11
6.4113552755905507
21
-4.0991282283464567
0
LINE
8
BLACK
6
CONTINUOUS
10
6.4113552755905507
20
-4.0991282283464567
11
6.4135168503937008
21
-4.0969666535433067
0
LINE
8
BLACK
6
CONTINUOUS
10
6.4135168503937008
20
-4.0969666535433067
11
6.4164696062992128
21
-4.0961754724409447
0
LINE
8
BLACK
6
CONTINUOUS
10
6.4164696062992128
20
-4.0961754724409447
11
6.4642761417322836
21
-4.0961754724409447
0
LINE
8
BLACK
6
CONTINUOUS
10
6.4642761417322836
20
-4.0961754724409447
11
6.4655872834645667
21
-4.0965267716535436
0
LINE
8
BLACK
6
CONTINUOUS
10
5.8140297637795273
20
-4.0951506692913382
11
5.8155181889763776
21
-4.0965159842519681
0
LINE
8
BLACK
6
CONTINUOUS
10
5.8155181889763776
20
-4.0965159842519681
11
5.8157808267716531
21
-4.098518661417323
0
LINE
8
BLACK
6
CONTINUOUS
10
5.8157808267716531
20
-4.098518661417323
11
5.8135797244094487
21
-4.1084236614173228
0
LINE
8
BLACK
6
CONTINUOUS
10
5.8135797244094487
20
-4.1084236614173228
11
5.8158979921259837
21
-4.1084236614173228
0
LINE
8
BLACK
6
CONTINUOUS
10
5.8158979921259837
20
-4.1084236614173228
11
5.816907913385827
21
-4.1086017322834643
0
LINE
8
BLACK
6
CONTINUOUS
10
5.816907913385827
20
-4.1086017322834643
11
5.8184551574803152
21
-4.1099000393700784
0
LINE
8
BLACK
6
CONTINUOUS
10
5.8184551574803152
20
-4.1099000393700784
11
5.8188059055118106
21
-4.111889173228346
0
LINE
8
BLACK
6
CONTINUOUS
10
5.8188059055118106
20
-4.111889173228346
11
5.8177959842519682
21
-4.1136383464566926
0
LINE
8
BLACK
6
CONTINUOUS
10
5.8177959842519682
20
-4.1136383464566926
11
5.8158979921259837
21
-4.114329173228346
0
LINE
8
BLACK
6
CONTINUOUS
10
5.8158979921259837
20
-4.114329173228346
11
5.8122673622047243
21
-4.114329173228346
0
LINE
8
BLACK
6
CONTINUOUS
10
5.8122673622047243
20
-4.114329173228346
11
5.8105800787401574
21
-4.1219220078740157
0
LINE
8
BLACK
6
CONTINUOUS
10
5.8105800787401574
20
-4.1219220078740157
11
5.8128983858267711
21
-4.1219220078740157
0
LINE
8
BLACK
6
CONTINUOUS
10
5.8128983858267711
20
-4.1219220078740157
11
5.8139083070866144
21
-4.1221000787401572
0
LINE
8
BLACK
6
CONTINUOUS
10
5.8139083070866144
20
-4.1221000787401572
11
5.8154555511811026
21
-4.1233983858267713
0
LINE
8
BLACK
6
CONTINUOUS
10
5.8154555511811026
20
-4.1233983858267713
11
5.8158062992125981
21
-4.1253875196850389
0
LINE
8
BLACK
6
CONTINUOUS
10
5.8158062992125981
20
-4.1253875196850389
11
5.8147963779527556
21
-4.1271366929133855
0
LINE
8
BLACK
6
CONTINUOUS
10
5.8147963779527556
20
-4.1271366929133855
11
5.8128983858267711
21
-4.1278275196850389
0
LINE
8
BLACK
6
CONTINUOUS
10
5.8128983858267711
20
-4.1278275196850389
11
5.8092677165354329
21
-4.1278275196850389
0
LINE
8
BLACK
6
CONTINUOUS
10
5.8092677165354329
20
-4.1278275196850389
11
5.8067819291338578
21
-4.1390136220472442
0
LINE
8
BLACK
6
CONTINUOUS
10
5.8067819291338578
20
-4.1390136220472442
11
5.8063890157480316
21
-4.139960866141732
0
LINE
8
BLACK
6
CONTINUOUS
10
5.8063890157480316
20
-4.139960866141732
11
5.8047859842519687
21
-4.1411896062992124
0
LINE
8
BLACK
6
CONTINUOUS
10
5.8047859842519687
20
-4.1411896062992124
11
5.8027681102362205
21
-4.1411005118110236
0
LINE
8
BLACK
6
CONTINUOUS
10
5.8027681102362205
20
-4.1411005118110236
11
5.8012796850393702
21
-4.1397351968503937
0
LINE
8
BLACK
6
CONTINUOUS
10
5.8012796850393702
20
-4.1397351968503937
11
5.8010170472440947
21
-4.1377325196850396
0
LINE
8
BLACK
6
CONTINUOUS
10
5.8010170472440947
20
-4.1377325196850396
11
5.8032181496062991
21
-4.1278275196850389
0
LINE
8
BLACK
6
CONTINUOUS
10
5.8032181496062991
20
-4.1278275196850389
11
5.7987690157480314
21
-4.1278275196850389
0
LINE
8
BLACK
6
CONTINUOUS
10
5.7987690157480314
20
-4.1278275196850389
11
5.7962832283464563
21
-4.1390136220472442
0
LINE
8
BLACK
6
CONTINUOUS
10
5.7962832283464563
20
-4.1390136220472442
11
5.79589031496063
21
-4.139960866141732
0
LINE
8
BLACK
6
CONTINUOUS
10
5.79589031496063
20
-4.139960866141732
11
5.7942872834645671
21
-4.1411896062992124
0
LINE
8
BLACK
6
CONTINUOUS
10
5.7942872834645671
20
-4.1411896062992124
11
5.792269409448819
21
-4.1411005118110236
0
LINE
8
BLACK
6
CONTINUOUS
10
5.792269409448819
20
-4.1411005118110236
11
5.7907809842519686
21
-4.1397351968503937
0
LINE
8
BLACK
6
CONTINUOUS
10
5.7907809842519686
20
-4.1397351968503937
11
5.7905183464566932
21
-4.1377325196850396
0
LINE
8
BLACK
6
CONTINUOUS
10
5.7905183464566932
20
-4.1377325196850396
11
5.7927194488188976
21
-4.1278275196850389
0
LINE
8
BLACK
6
CONTINUOUS
10
5.7927194488188976
20
-4.1278275196850389
11
5.7904011811023617
21
-4.1278275196850389
0
LINE
8
BLACK
6
CONTINUOUS
10
5.7904011811023617
20
-4.1278275196850389
11
5.7893912598425192
21
-4.1276494488188975
0
LINE
8
BLACK
6
CONTINUOUS
10
5.7893912598425192
20
-4.1276494488188975
11
5.7878440157480311
21
-4.1263511417322833
0
LINE
8
BLACK
6
CONTINUOUS
10
5.7878440157480311
20
-4.1263511417322833
11
5.7874932677165356
21
-4.1243620078740157
0
LINE
8
BLACK
6
CONTINUOUS
10
5.7874932677165356
20
-4.1243620078740157
11
5.7885031889763781
21
-4.1226128346456692
0
LINE
8
BLACK
6
CONTINUOUS
10
5.7885031889763781
20
-4.1226128346456692
11
5.7904011811023617
21
-4.1219220078740157
0
LINE
8
BLACK
6
CONTINUOUS
10
5.7904011811023617
20
-4.1219220078740157
11
5.794031811023622
21
-4.1219220078740157
0
LINE
8
BLACK
6
CONTINUOUS
10
5.794031811023622
20
-4.1219220078740157
11
5.7957190944881889
21
-4.114329173228346
0
LINE
8
BLACK
6
CONTINUOUS
10
5.7957190944881889
20
-4.114329173228346
11
5.7934007874015743
21
-4.114329173228346
0
LINE
8
BLACK
6
CONTINUOUS
10
5.7934007874015743
20
-4.114329173228346
11
5.7923908661417318
21
-4.1141511023622046
0
LINE
8
BLACK
6
CONTINUOUS
10
5.7923908661417318
20
-4.1141511023622046
11
5.7908436220472437
21
-4.1128527952755904
0
LINE
8
BLACK
6
CONTINUOUS
10
5.7908436220472437
20
-4.1128527952755904
11
5.7904928740157482
21
-4.1108636614173228
0
LINE
8
BLACK
6
CONTINUOUS
10
5.7904928740157482
20
-4.1108636614173228
11
5.7915027952755906
21
-4.1091144881889763
0
LINE
8
BLACK
6
CONTINUOUS
10
5.7915027952755906
20
-4.1091144881889763
11
5.7934007874015743
21
-4.1084236614173228
0
LINE
8
BLACK
6
CONTINUOUS
10
5.7934007874015743
20
-4.1084236614173228
11
5.7970314566929133
21
-4.1084236614173228
0
LINE
8
BLACK
6
CONTINUOUS
10
5.7970314566929133
20
-4.1084236614173228
11
5.7995172440944884
21
-4.0972375590551184
0
LINE
8
BLACK
6
CONTINUOUS
10
5.7995172440944884
20
-4.0972375590551184
11
5.7999101574803147
21
-4.0962903149606298
0
LINE
8
BLACK
6
CONTINUOUS
10
5.7999101574803147
20
-4.0962903149606298
11
5.8015131889763776
21
-4.0950615748031494
0
LINE
8
BLACK
6
CONTINUOUS
10
5.8015131889763776
20
-4.0950615748031494
11
5.8035310629921257
21
-4.0951506692913382
0
LINE
8
BLACK
6
CONTINUOUS
10
5.8035310629921257
20
-4.0951506692913382
11
5.8050194881889761
21
-4.0965159842519681
0
LINE
8
BLACK
6
CONTINUOUS
10
5.8050194881889761
20
-4.0965159842519681
11
5.8052821259842515
21
-4.098518661417323
0
LINE
8
BLACK
6
CONTINUOUS
10
5.8052821259842515
20
-4.098518661417323
11
5.8030810236220471
21
-4.1084236614173228
0
LINE
8
BLACK
6
CONTINUOUS
10
5.8030810236220471
20
-4.1084236614173228
11
5.8075301574803149
21
-4.1084236614173228
0
LINE
8
BLACK
6
CONTINUOUS
10
5.8075301574803149
20
-4.1084236614173228
11
5.81001594488189
21
-4.0972375590551184
0
LINE
8
BLACK
6
CONTINUOUS
10
5.81001594488189
20
-4.0972375590551184
11
5.8104088582677162
21
-4.0962903149606298
0
LINE
8
BLACK
6
CONTINUOUS
10
5.8104088582677162
20
-4.0962903149606298
11
5.8120118897637791
21
-4.0950615748031494
0
LINE
8
BLACK
6
CONTINUOUS
10
5.8120118897637791
20
-4.0950615748031494
11
5.8140297637795273
21
-4.0951506692913382
0
LINE
8
BLACK
6
CONTINUOUS
10
5.8000813779527558
20
-4.1219220078740157
11
5.8045305118110235
21
-4.1219220078740157
0
LINE
8
BLACK
6
CONTINUOUS
10
5.8045305118110235
20
-4.1219220078740157
11
5.8062177952755905
21
-4.114329173228346
0
LINE
8
BLACK
6
CONTINUOUS
10
5.8062177952755905
20
-4.114329173228346
11
5.8017686614173227
21
-4.114329173228346
0
LINE
8
BLACK
6
CONTINUOUS
10
5.8017686614173227
20
-4.114329173228346
11
5.8000813779527558
21
-4.1219220078740157
0
LINE
8
BLACK
6
CONTINUOUS
10
6.1136173228346458
20
-4.0951506692913382
11
6.1151057480314961
21
-4.0965159842519681
0
LINE
8
BLACK
6
CONTINUOUS
10
6.1151057480314961
20
-4.0965159842519681
11
6.1153683858267716
21
-4.098518661417323
0
LINE
8
BLACK
6
CONTINUOUS
10
6.1153683858267716
20
-4.098518661417323
11
6.1131672834645672
21
-4.1084236614173228
0
LINE
8
BLACK
6
CONTINUOUS
10
6.1131672834645672
20
-4.1084236614173228
11
6.1154855511811022
21
-4.1084236614173228
0
LINE
8
BLACK
6
CONTINUOUS
10
6.1154855511811022
20
-4.1084236614173228
11
6.1164954724409446
21
-4.1086017322834643
0
LINE
8
BLACK
6
CONTINUOUS
10
6.1164954724409446
20
-4.1086017322834643
11
6.1180427165354327
21
-4.1099000393700784
0
LINE
8
BLACK
6
CONTINUOUS
10
6.1180427165354327
20
-4.1099000393700784
11
6.1183934645669291
21
-4.111889173228346
0
LINE
8
BLACK
6
CONTINUOUS
10
6.1183934645669291
20
-4.111889173228346
11
6.1173835433070867
21
-4.1136383464566926
0
LINE
8
BLACK
6
CONTINUOUS
10
6.1173835433070867
20
-4.1136383464566926
11
6.1154855511811022
21
-4.114329173228346
0
LINE
8
BLACK
6
CONTINUOUS
10
6.1154855511811022
20
-4.114329173228346
11
6.1118549212598428
21
-4.114329173228346
0
LINE
8
BLACK
6
CONTINUOUS
10
6.1118549212598428
20
-4.114329173228346
11
6.1101676377952758
21
-4.1219220078740157
0
LINE
8
BLACK
6
CONTINUOUS
10
6.1101676377952758
20
-4.1219220078740157
11
6.1124859448818896
21
-4.1219220078740157
0
LINE
8
BLACK
6
CONTINUOUS
10
6.1124859448818896
20
-4.1219220078740157
11
6.113495866141732
21
-4.1221000787401572
0
LINE
8
BLACK
6
CONTINUOUS
10
6.113495866141732
20
-4.1221000787401572
11
6.1150431102362202
21
-4.1233983858267713
0
LINE
8
BLACK
6
CONTINUOUS
10
6.1150431102362202
20
-4.1233983858267713
11
6.1153938582677165
21
-4.1253875196850389
0
LINE
8
BLACK
6
CONTINUOUS
10
6.1153938582677165
20
-4.1253875196850389
11
6.1143839370078741
21
-4.1271366929133855
0
LINE
8
BLACK
6
CONTINUOUS
10
6.1143839370078741
20
-4.1271366929133855
11
6.1124859448818896
21
-4.1278275196850389
0
LINE
8
BLACK
6
CONTINUOUS
10
6.1124859448818896
20
-4.1278275196850389
11
6.1088552755905514
21
-4.1278275196850389
0
LINE
8
BLACK
6
CONTINUOUS
10
6.1088552755905514
20
-4.1278275196850389
11
6.1063694881889763
21
-4.1390136220472442
0
LINE
8
BLACK
6
CONTINUOUS
10
6.1063694881889763
20
-4.1390136220472442
11
6.1059765748031491
21
-4.139960866141732
0
LINE
8
BLACK
6
CONTINUOUS
10
6.1059765748031491
20
-4.139960866141732
11
6.1043735433070863
21
-4.1411896062992124
0
LINE
8
BLACK
6
CONTINUOUS
10
6.1043735433070863
20
-4.1411896062992124
11
6.1023556692913381
21
-4.1411005118110236
0
LINE
8
BLACK
6
CONTINUOUS
10
6.1023556692913381
20
-4.1411005118110236
11
6.1008672440944878
21
-4.1397351968503937
0
LINE
8
BLACK
6
CONTINUOUS
10
6.1008672440944878
20
-4.1397351968503937
11
6.1006046062992123
21
-4.1377325196850396
0
LINE
8
BLACK
6
CONTINUOUS
10
6.1006046062992123
20
-4.1377325196850396
11
6.1028057086614176
21
-4.1278275196850389
0
LINE
8
BLACK
6
CONTINUOUS
10
6.1028057086614176
20
-4.1278275196850389
11
6.0983565748031499
21
-4.1278275196850389
0
LINE
8
BLACK
6
CONTINUOUS
10
6.0983565748031499
20
-4.1278275196850389
11
6.0958707874015747
21
-4.1390136220472442
0
LINE
8
BLACK
6
CONTINUOUS
10
6.0958707874015747
20
-4.1390136220472442
11
6.0954778740157476
21
-4.139960866141732
0
LINE
8
BLACK
6
CONTINUOUS
10
6.0954778740157476
20
-4.139960866141732
11
6.0938748425196847
21
-4.1411896062992124
0
LINE
8
BLACK
6
CONTINUOUS
10
6.0938748425196847
20
-4.1411896062992124
11
6.0918569685039365
21
-4.1411005118110236
0
LINE
8
BLACK
6
CONTINUOUS
10
6.0918569685039365
20
-4.1411005118110236
11
6.0903685433070862
21
-4.1397351968503937
0
LINE
8
BLACK
6
CONTINUOUS
10
6.0903685433070862
20
-4.1397351968503937
11
6.0901059055118107
21
-4.1377325196850396
0
LINE
8
BLACK
6
CONTINUOUS
10
6.0901059055118107
20
-4.1377325196850396
11
6.092307007874016
21
-4.1278275196850389
0
LINE
8
BLACK
6
CONTINUOUS
10
6.092307007874016
20
-4.1278275196850389
11
6.0899887401574802
21
-4.1278275196850389
0
LINE
8
BLACK
6
CONTINUOUS
10
6.0899887401574802
20
-4.1278275196850389
11
6.0889788188976377
21
-4.1276494488188975
0
LINE
8
BLACK
6
CONTINUOUS
10
6.0889788188976377
20
-4.1276494488188975
11
6.0874315748031496
21
-4.1263511417322833
0
LINE
8
BLACK
6
CONTINUOUS
10
6.0874315748031496
20
-4.1263511417322833
11
6.0870808267716532
21
-4.1243620078740157
0
LINE
8
BLACK
6
CONTINUOUS
10
6.0870808267716532
20
-4.1243620078740157
11
6.0880907480314956
21
-4.1226128346456692
0
LINE
8
BLACK
6
CONTINUOUS
10
6.0880907480314956
20
-4.1226128346456692
11
6.0899887401574802
21
-4.1219220078740157
0
LINE
8
BLACK
6
CONTINUOUS
10
6.0899887401574802
20
-4.1219220078740157
11
6.0936193700787404
21
-4.1219220078740157
0
LINE
8
BLACK
6
CONTINUOUS
10
6.0936193700787404
20
-4.1219220078740157
11
6.0953066535433074
21
-4.114329173228346
0
LINE
8
BLACK
6
CONTINUOUS
10
6.0953066535433074
20
-4.114329173228346
11
6.0929883464566927
21
-4.114329173228346
0
LINE
8
BLACK
6
CONTINUOUS
10
6.0929883464566927
20
-4.114329173228346
11
6.0919784251968503
21
-4.1141511023622046
0
LINE
8
BLACK
6
CONTINUOUS
10
6.0919784251968503
20
-4.1141511023622046
11
6.0904311811023621
21
-4.1128527952755904
0
LINE
8
BLACK
6
CONTINUOUS
10
6.0904311811023621
20
-4.1128527952755904
11
6.0900804330708658
21
-4.1108636614173228
0
LINE
8
BLACK
6
CONTINUOUS
10
6.0900804330708658
20
-4.1108636614173228
11
6.0910903543307082
21
-4.1091144881889763
0
LINE
8
BLACK
6
CONTINUOUS
10
6.0910903543307082
20
-4.1091144881889763
11
6.0929883464566927
21
-4.1084236614173228
0
LINE
8
BLACK
6
CONTINUOUS
10
6.0929883464566927
20
-4.1084236614173228
11
6.0966190157480318
21
-4.1084236614173228
0
LINE
8
BLACK
6
CONTINUOUS
10
6.0966190157480318
20
-4.1084236614173228
11
6.099104803149606
21
-4.0972375590551184
0
LINE
8
BLACK
6
CONTINUOUS
10
6.099104803149606
20
-4.0972375590551184
11
6.0994977165354332
21
-4.0962903149606298
0
LINE
8
BLACK
6
CONTINUOUS
10
6.0994977165354332
20
-4.0962903149606298
11
6.101100748031496
21
-4.0950615748031494
0
LINE
8
BLACK
6
CONTINUOUS
10
6.101100748031496
20
-4.0950615748031494
11
6.1031186220472442
21
-4.0951506692913382
0
LINE
8
BLACK
6
CONTINUOUS
10
6.1031186220472442
20
-4.0951506692913382
11
6.1046070472440945
21
-4.0965159842519681
0
LINE
8
BLACK
6
CONTINUOUS
10
6.1046070472440945
20
-4.0965159842519681
11
6.10486968503937
21
-4.098518661417323
0
LINE
8
BLACK
6
CONTINUOUS
10
6.10486968503937
20
-4.098518661417323
11
6.1026685826771656
21
-4.1084236614173228
0
LINE
8
BLACK
6
CONTINUOUS
10
6.1026685826771656
20
-4.1084236614173228
11
6.1071177165354333
21
-4.1084236614173228
0
LINE
8
BLACK
6
CONTINUOUS
10
6.1071177165354333
20
-4.1084236614173228
11
6.1096035039370076
21
-4.0972375590551184
0
LINE
8
BLACK
6
CONTINUOUS
10
6.1096035039370076
20
-4.0972375590551184
11
6.1099964173228347
21
-4.0962903149606298
0
LINE
8
BLACK
6
CONTINUOUS
10
6.1099964173228347
20
-4.0962903149606298
11
6.1115994488188976
21
-4.0950615748031494
0
LINE
8
BLACK
6
CONTINUOUS
10
6.1115994488188976
20
-4.0950615748031494
11
6.1136173228346458
21
-4.0951506692913382
0
LINE
8
BLACK
6
CONTINUOUS
10
6.0996689370078743
20
-4.1219220078740157
11
6.104118070866142
21
-4.1219220078740157
0
LINE
8
BLACK
6
CONTINUOUS
10
6.104118070866142
20
-4.1219220078740157
11
6.1058053543307089
21
-4.114329173228346
0
LINE
8
BLACK
6
CONTINUOUS
10
6.1058053543307089
20
-4.114329173228346
11
6.1013562204724412
21
-4.114329173228346
0
LINE
8
BLACK
6
CONTINUOUS
10
6.1013562204724412
20
-4.114329173228346
11
6.0996689370078743
21
-4.1219220078740157
0
LINE
8
BLACK
6
CONTINUOUS
10
5.8347651181102362
20
-4.0980782677165353
11
5.8348294881889764
21
-4.098076535433071
0
LINE
8
BLACK
6
CONTINUOUS
10
5.8348294881889764
20
-4.098076535433071
11
5.839328937007874
21
-4.0995763385826773
0
LINE
8
BLACK
6
CONTINUOUS
10
5.839328937007874
20
-4.0995763385826773
11
5.8402307086614176
21
-4.1000646062992123
0
LINE
8
BLACK
6
CONTINUOUS
10
5.8402307086614176
20
-4.1000646062992123
11
5.8403231102362207
21
-4.1002150393700783
0
LINE
8
BLACK
6
CONTINUOUS
10
5.8403231102362207
20
-4.1002150393700783
11
5.84048311023622
21
-4.1002896456692914
0
LINE
8
BLACK
6
CONTINUOUS
10
5.84048311023622
20
-4.1002896456692914
11
5.8434827165354326
21
-4.103289251968504
0
LINE
8
BLACK
6
CONTINUOUS
10
5.8434827165354326
20
-4.103289251968504
11
5.8439890944881885
21
-4.1040124015748027
0
LINE
8
BLACK
6
CONTINUOUS
10
5.8439890944881885
20
-4.1040124015748027
11
5.8440358267716537
21
-4.1040566535433074
0
LINE
8
BLACK
6
CONTINUOUS
10
5.8440358267716537
20
-4.1040566535433074
11
5.84553562992126
21
-4.1070562992125987
0
LINE
8
BLACK
6
CONTINUOUS
10
5.84553562992126
20
-4.1070562992125987
11
5.8456809055118111
21
-4.1075447244094487
0
LINE
8
BLACK
6
CONTINUOUS
10
5.8456809055118111
20
-4.1075447244094487
11
5.8457592125984252
21
-4.1076606299212601
0
LINE
8
BLACK
6
CONTINUOUS
10
5.8457592125984252
20
-4.1076606299212601
11
5.8472590551181103
21
-4.1136599212598428
0
LINE
8
BLACK
6
CONTINUOUS
10
5.8472590551181103
20
-4.1136599212598428
11
5.8473005118110235
21
-4.11424779527559
0
LINE
8
BLACK
6
CONTINUOUS
10
5.8473005118110235
20
-4.11424779527559
11
5.8473472047244091
21
-4.1143760629921262
0
LINE
8
BLACK
6
CONTINUOUS
10
5.8473472047244091
20
-4.1143760629921262
11
5.8473472047244091
21
-4.1188755118110238
0
LINE
8
BLACK
6
CONTINUOUS
10
5.8473472047244091
20
-4.1188755118110238
11
5.847244842519685
21
-4.119455866141732
0
LINE
8
BLACK
6
CONTINUOUS
10
5.847244842519685
20
-4.119455866141732
11
5.8472590551181103
21
-4.1195916535433073
0
LINE
8
BLACK
6
CONTINUOUS
10
5.8472590551181103
20
-4.1195916535433073
11
5.8457592125984252
21
-4.1255909448818899
0
LINE
8
BLACK
6
CONTINUOUS
10
5.8457592125984252
20
-4.1255909448818899
11
5.8455515748031495
21
-4.1260564173228342
0
LINE
8
BLACK
6
CONTINUOUS
10
5.8455515748031495
20
-4.1260564173228342
11
5.84553562992126
21
-4.1261952755905513
0
LINE
8
BLACK
6
CONTINUOUS
10
5.84553562992126
20
-4.1261952755905513
11
5.8440358267716537
21
-4.1291948818897639
0
LINE
8
BLACK
6
CONTINUOUS
10
5.8440358267716537
20
-4.1291948818897639
11
5.8435099606299215
21
-4.1299038582677161
0
LINE
8
BLACK
6
CONTINUOUS
10
5.8435099606299215
20
-4.1299038582677161
11
5.8434827559055114
21
-4.1299622440944885
0
LINE
8
BLACK
6
CONTINUOUS
10
5.8434827559055114
20
-4.1299622440944885
11
5.84048311023622
21
-4.1329619291338577
0
LINE
8
BLACK
6
CONTINUOUS
10
5.84048311023622
20
-4.1329619291338577
11
5.8396431102362207
21
-4.1335501181102359
0
LINE
8
BLACK
6
CONTINUOUS
10
5.8396431102362207
20
-4.1335501181102359
11
5.8394671653543302
21
-4.133565472440945
0
LINE
8
BLACK
6
CONTINUOUS
10
5.8394671653543302
20
-4.133565472440945
11
5.839328937007874
21
-4.1336752362204727
0
LINE
8
BLACK
6
CONTINUOUS
10
5.839328937007874
20
-4.1336752362204727
11
5.8348294881889764
21
-4.135175039370079
0
LINE
8
BLACK
6
CONTINUOUS
10
5.8348294881889764
20
-4.135175039370079
11
5.8339562992125984
21
-4.135304488188976
0
LINE
8
BLACK
6
CONTINUOUS
10
5.8339562992125984
20
-4.135304488188976
11
5.8338957480314964
21
-4.1353265748031491
0
LINE
8
BLACK
6
CONTINUOUS
10
5.8338957480314964
20
-4.1353265748031491
11
5.8263966929133861
21
-4.1353265748031491
0
LINE
8
BLACK
6
CONTINUOUS
10
5.8263966929133861
20
-4.1353265748031491
11
5.8260131496062995
21
-4.1352589370078743
0
LINE
8
BLACK
6
CONTINUOUS
10
5.8260131496062995
20
-4.1352589370078743
11
5.8258839370078741
21
-4.1352817322834641
0
LINE
8
BLACK
6
CONTINUOUS
10
5.8258839370078741
20
-4.1352817322834641
11
5.8257703149606295
21
-4.1352161023622047
0
LINE
8
BLACK
6
CONTINUOUS
10
5.8257703149606295
20
-4.1352161023622047
11
5.8253867716535428
21
-4.1351485039370077
0
LINE
8
BLACK
6
CONTINUOUS
10
5.8253867716535428
20
-4.1351485039370077
11
5.8247990551181097
21
-4.1346553543307083
0
LINE
8
BLACK
6
CONTINUOUS
10
5.8247990551181097
20
-4.1346553543307083
11
5.8241347637795275
21
-4.1342718110236216
0
LINE
8
BLACK
6
CONTINUOUS
10
5.8241347637795275
20
-4.1342718110236216
11
5.8240436220472436
21
-4.1340214566929134
0
LINE
8
BLACK
6
CONTINUOUS
10
5.8240436220472436
20
-4.1340214566929134
11
5.8238395275590547
21
-4.1338501968503936
0
LINE
8
BLACK
6
CONTINUOUS
10
5.8238395275590547
20
-4.1338501968503936
11
5.8237062598425196
21
-4.1330946062992124
0
LINE
8
BLACK
6
CONTINUOUS
10
5.8237062598425196
20
-4.1330946062992124
11
5.8234439370078741
21
-4.132373818897638
0
LINE
8
BLACK
6
CONTINUOUS
10
5.8234439370078741
20
-4.132373818897638
11
5.8234439370078741
21
-4.1008777559055121
0
LINE
8
BLACK
6
CONTINUOUS
10
5.8234439370078741
20
-4.1008777559055121
11
5.8235115354330711
21
-4.1004942125984254
0
LINE
8
BLACK
6
CONTINUOUS
10
5.8235115354330711
20
-4.1004942125984254
11
5.8234887795275592
21
-4.100365
0
LINE
8
BLACK
6
CONTINUOUS
10
5.8234887795275592
20
-4.100365
11
5.8235543700787398
21
-4.1002513779527554
0
LINE
8
BLACK
6
CONTINUOUS
10
5.8235543700787398
20
-4.1002513779527554
11
5.8236220078740155
21
-4.0998678346456696
0
LINE
8
BLACK
6
CONTINUOUS
10
5.8236220078740155
20
-4.0998678346456696
11
5.8241151181102362
21
-4.0992801181102365
0
LINE
8
BLACK
6
CONTINUOUS
10
5.8241151181102362
20
-4.0992801181102365
11
5.8244987007874016
21
-4.0986158267716535
0
LINE
8
BLACK
6
CONTINUOUS
10
5.8244987007874016
20
-4.0986158267716535
11
5.8247490157480311
21
-4.0985246850393704
0
LINE
8
BLACK
6
CONTINUOUS
10
5.8247490157480311
20
-4.0985246850393704
11
5.8249203149606297
21
-4.0983205905511806
0
LINE
8
BLACK
6
CONTINUOUS
10
5.8249203149606297
20
-4.0983205905511806
11
5.8256758661417321
21
-4.0981873228346455
0
LINE
8
BLACK
6
CONTINUOUS
10
5.8256758661417321
20
-4.0981873228346455
11
5.8263966929133861
21
-4.097925
0
LINE
8
BLACK
6
CONTINUOUS
10
5.8263966929133861
20
-4.097925
11
5.8338957480314964
21
-4.097925
0
LINE
8
BLACK
6
CONTINUOUS
10
5.8338957480314964
20
-4.097925
11
5.8347651181102362
21
-4.0980782677165353
0
LINE
8
BLACK
6
CONTINUOUS
10
5.8293494488188973
20
-4.129421062992126
11
5.8334166141732284
21
-4.129421062992126
0
LINE
8
BLACK
6
CONTINUOUS
10
5.8334166141732284
20
-4.129421062992126
11
5.8368001181102365
21
-4.1282932283464566
0
LINE
8
BLACK
6
CONTINUOUS
10
5.8368001181102365
20
-4.1282932283464566
11
5.838968031496063
21
-4.1261252755905513
0
LINE
8
BLACK
6
CONTINUOUS
10
5.838968031496063
20
-4.1261252755905513
11
5.840108582677165
21
-4.1238442125984252
0
LINE
8
BLACK
6
CONTINUOUS
10
5.840108582677165
20
-4.1238442125984252
11
5.8414416929133859
21
-4.1185118897637798
0
LINE
8
BLACK
6
CONTINUOUS
10
5.8414416929133859
20
-4.1185118897637798
11
5.8414416929133859
21
-4.1147396456692915
0
LINE
8
BLACK
6
CONTINUOUS
10
5.8414416929133859
20
-4.1147396456692915
11
5.840108582677165
21
-4.1094072834645665
0
LINE
8
BLACK
6
CONTINUOUS
10
5.840108582677165
20
-4.1094072834645665
11
5.838968031496063
21
-4.1071262204724412
0
LINE
8
BLACK
6
CONTINUOUS
10
5.838968031496063
20
-4.1071262204724412
11
5.8368001574803152
21
-4.1049583464566926
0
LINE
8
BLACK
6
CONTINUOUS
10
5.8368001574803152
20
-4.1049583464566926
11
5.8334166141732284
21
-4.1038305118110232
0
LINE
8
BLACK
6
CONTINUOUS
10
5.8334166141732284
20
-4.1038305118110232
11
5.8293494488188973
21
-4.1038305118110232
0
LINE
8
BLACK
6
CONTINUOUS
10
5.8293494488188973
20
-4.1038305118110232
11
5.8293494488188973
21
-4.129421062992126
0
LINE
8
BLACK
6
CONTINUOUS
10
5.8707606299212598
20
-4.0980782677165353
11
5.870825
21
-4.098076535433071
0
LINE
8
BLACK
6
CONTINUOUS
10
5.870825
20
-4.098076535433071
11
5.8753244094488188
21
-4.0995763385826773
0
LINE
8
BLACK
6
CONTINUOUS
10
5.8753244094488188
20
-4.0995763385826773
11
5.8762261811023624
21
-4.1000646456692911
0
LINE
8
BLACK
6
CONTINUOUS
10
5.8762261811023624
20
-4.1000646456692911
11
5.8763185433070868
21
-4.1002149999999995
0
LINE
8
BLACK
6
CONTINUOUS
10
5.8763185433070868
20
-4.1002149999999995
11
5.8764785433070861
21
-4.1002896062992127
0
LINE
8
BLACK
6
CONTINUOUS
10
5.8764785433070861
20
-4.1002896062992127
11
5.8779783858267711
21
-4.101789409448819
0
LINE
8
BLACK
6
CONTINUOUS
10
5.8779783858267711
20
-4.101789409448819
11
5.878566614173228
21
-4.1026294488188979
0
LINE
8
BLACK
6
CONTINUOUS
10
5.878566614173228
20
-4.1026294488188979
11
5.8787426771653539
21
-4.1046415354330712
0
LINE
8
BLACK
6
CONTINUOUS
10
5.8787426771653539
20
-4.1046415354330712
11
5.877584173228346
21
-4.1062961023622044
0
LINE
8
BLACK
6
CONTINUOUS
10
5.877584173228346
20
-4.1062961023622044
11
5.8756331889763782
21
-4.1068188582677161
0
LINE
8
BLACK
6
CONTINUOUS
10
5.8756331889763782
20
-4.1068188582677161
11
5.8738026377952757
21
-4.1059653149606294
0
LINE
8
BLACK
6
CONTINUOUS
10
5.8738026377952757
20
-4.1059653149606294
11
5.87279562992126
21
-4.1049583464566926
0
LINE
8
BLACK
6
CONTINUOUS
10
5.87279562992126
20
-4.1049583464566926
11
5.869412125984252
21
-4.1038305118110232
0
LINE
8
BLACK
6
CONTINUOUS
10
5.869412125984252
20
-4.1038305118110232
11
5.8673707480314956
21
-4.1038305118110232
0
LINE
8
BLACK
6
CONTINUOUS
10
5.8673707480314956
20
-4.1038305118110232
11
5.863987165354331
21
-4.1049583464566926
0
LINE
8
BLACK
6
CONTINUOUS
10
5.863987165354331
20
-4.1049583464566926
11
5.8618192913385823
21
-4.1071262204724412
0
LINE
8
BLACK
6
CONTINUOUS
10
5.8618192913385823
20
-4.1071262204724412
11
5.8606787401574802
21
-4.1094073228346453
0
LINE
8
BLACK
6
CONTINUOUS
10
5.8606787401574802
20
-4.1094073228346453
11
5.8593456692913382
21
-4.1147396456692915
0
LINE
8
BLACK
6
CONTINUOUS
10
5.8593456692913382
20
-4.1147396456692915
11
5.8593456692913382
21
-4.1185118897637798
0
LINE
8
BLACK
6
CONTINUOUS
10
5.8593456692913382
20
-4.1185118897637798
11
5.8606787401574802
21
-4.1238441732283464
0
LINE
8
BLACK
6
CONTINUOUS
10
5.8606787401574802
20
-4.1238441732283464
11
5.8618192913385823
21
-4.1261252755905513
0
LINE
8
BLACK
6
CONTINUOUS
10
5.8618192913385823
20
-4.1261252755905513
11
5.8639872047244097
21
-4.1282932283464566
0
LINE
8
BLACK
6
CONTINUOUS
10
5.8639872047244097
20
-4.1282932283464566
11
5.8673707480314956
21
-4.129421062992126
0
LINE
8
BLACK
6
CONTINUOUS
10
5.8673707480314956
20
-4.129421062992126
11
5.869412125984252
21
-4.129421062992126
0
LINE
8
BLACK
6
CONTINUOUS
10
5.869412125984252
20
-4.129421062992126
11
5.87279562992126
21
-4.1282932283464566
0
LINE
8
BLACK
6
CONTINUOUS
10
5.87279562992126
20
-4.1282932283464566
11
5.8738025984251969
21
-4.1272862598425197
0
LINE
8
BLACK
6
CONTINUOUS
10
5.8738025984251969
20
-4.1272862598425197
11
5.8746426377952758
21
-4.1266980314960628
0
LINE
8
BLACK
6
CONTINUOUS
10
5.8746426377952758
20
-4.1266980314960628
11
5.876654763779527
21
-4.1265220078740157
0
LINE
8
BLACK
6
CONTINUOUS
10
5.876654763779527
20
-4.1265220078740157
11
5.8783092913385824
21
-4.1276805511811023
0
LINE
8
BLACK
6
CONTINUOUS
10
5.8783092913385824
20
-4.1276805511811023
11
5.8788320078740153
21
-4.1296314960629923
0
LINE
8
BLACK
6
CONTINUOUS
10
5.8788320078740153
20
-4.1296314960629923
11
5.8779784251968499
21
-4.1314620866141727
0
LINE
8
BLACK
6
CONTINUOUS
10
5.8779784251968499
20
-4.1314620866141727
11
5.8764785826771648
21
-4.1329619291338577
0
LINE
8
BLACK
6
CONTINUOUS
10
5.8764785826771648
20
-4.1329619291338577
11
5.8756385433070868
21
-4.1335501181102359
0
LINE
8
BLACK
6
CONTINUOUS
10
5.8756385433070868
20
-4.1335501181102359
11
5.8754626771653538
21
-4.133565472440945
0
LINE
8
BLACK
6
CONTINUOUS
10
5.8754626771653538
20
-4.133565472440945
11
5.8753244094488188
21
-4.1336752362204727
0
LINE
8
BLACK
6
CONTINUOUS
10
5.8753244094488188
20
-4.1336752362204727
11
5.870825
21
-4.135175039370079
0
LINE
8
BLACK
6
CONTINUOUS
10
5.870825
20
-4.135175039370079
11
5.869951811023622
21
-4.135304488188976
0
LINE
8
BLACK
6
CONTINUOUS
10
5.869951811023622
20
-4.135304488188976
11
5.8698912598425199
21
-4.1353265748031491
0
LINE
8
BLACK
6
CONTINUOUS
10
5.8698912598425199
20
-4.1353265748031491
11
5.8668916141732286
21
-4.1353265748031491
0
LINE
8
BLACK
6
CONTINUOUS
10
5.8668916141732286
20
-4.1353265748031491
11
5.8660222047244091
21
-4.1351732677165352
0
LINE
8
BLACK
6
CONTINUOUS
10
5.8660222047244091
20
-4.1351732677165352
11
5.8659578740157476
21
-4.135175039370079
0
LINE
8
BLACK
6
CONTINUOUS
10
5.8659578740157476
20
-4.135175039370079
11
5.86145842519685
21
-4.1336752362204727
0
LINE
8
BLACK
6
CONTINUOUS
10
5.86145842519685
20
-4.1336752362204727
11
5.8605566535433073
21
-4.1331869685039369
0
LINE
8
BLACK
6
CONTINUOUS
10
5.8605566535433073
20
-4.1331869685039369
11
5.8604642125984254
21
-4.1330364960629922
0
LINE
8
BLACK
6
CONTINUOUS
10
5.8604642125984254
20
-4.1330364960629922
11
5.860304251968504
21
-4.1329619291338577
0
LINE
8
BLACK
6
CONTINUOUS
10
5.860304251968504
20
-4.1329619291338577
11
5.8573046456692914
21
-4.1299622834645664
0
LINE
8
BLACK
6
CONTINUOUS
10
5.8573046456692914
20
-4.1299622834645664
11
5.8567982283464568
21
-4.1292390944881889
0
LINE
8
BLACK
6
CONTINUOUS
10
5.8567982283464568
20
-4.1292390944881889
11
5.8567515354330704
21
-4.1291948818897639
0
LINE
8
BLACK
6
CONTINUOUS
10
5.8567515354330704
20
-4.1291948818897639
11
5.8552517322834641
21
-4.1261952755905513
0
LINE
8
BLACK
6
CONTINUOUS
10
5.8552517322834641
20
-4.1261952755905513
11
5.855106456692913
21
-4.1257068897637792
0
LINE
8
BLACK
6
CONTINUOUS
10
5.855106456692913
20
-4.1257068897637792
11
5.8550281496062988
21
-4.1255909448818899
0
LINE
8
BLACK
6
CONTINUOUS
10
5.8550281496062988
20
-4.1255909448818899
11
5.8535283070866138
21
-4.119591692913386
0
LINE
8
BLACK
6
CONTINUOUS
10
5.8535283070866138
20
-4.119591692913386
11
5.8534868110236218
21
-4.1190037401574804
0
LINE
8
BLACK
6
CONTINUOUS
10
5.8534868110236218
20
-4.1190037401574804
11
5.853440157480315
21
-4.1188755118110238
0
LINE
8
BLACK
6
CONTINUOUS
10
5.853440157480315
20
-4.1188755118110238
11
5.853440157480315
21
-4.1143760629921262
0
LINE
8
BLACK
6
CONTINUOUS
10
5.853440157480315
20
-4.1143760629921262
11
5.8535424803149603
21
-4.1137956299212597
0
LINE
8
BLACK
6
CONTINUOUS
10
5.8535424803149603
20
-4.1137956299212597
11
5.8535283070866138
21
-4.1136598818897641
0
LINE
8
BLACK
6
CONTINUOUS
10
5.8535283070866138
20
-4.1136598818897641
11
5.8550281496062988
21
-4.1076606299212601
0
LINE
8
BLACK
6
CONTINUOUS
10
5.8550281496062988
20
-4.1076606299212601
11
5.8552357480314958
21
-4.1071951181102362
0
LINE
8
BLACK
6
CONTINUOUS
10
5.8552357480314958
20
-4.1071951181102362
11
5.8552517322834641
21
-4.1070562992125987
0
LINE
8
BLACK
6
CONTINUOUS
10
5.8552517322834641
20
-4.1070562992125987
11
5.8567515354330704
21
-4.1040566535433074
0
LINE
8
BLACK
6
CONTINUOUS
10
5.8567515354330704
20
-4.1040566535433074
11
5.8572774409448813
21
-4.1033475590551181
0
LINE
8
BLACK
6
CONTINUOUS
10
5.8572774409448813
20
-4.1033475590551181
11
5.8573046456692914
21
-4.103289251968504
0
LINE
8
BLACK
6
CONTINUOUS
10
5.8573046456692914
20
-4.103289251968504
11
5.860304251968504
21
-4.1002896456692914
0
LINE
8
BLACK
6
CONTINUOUS
10
5.860304251968504
20
-4.1002896456692914
11
5.8611442913385829
21
-4.0997014173228346
0
LINE
8
BLACK
6
CONTINUOUS
10
5.8611442913385829
20
-4.0997014173228346
11
5.8613201968503938
21
-4.0996860236220476
0
LINE
8
BLACK
6
CONTINUOUS
10
5.8613201968503938
20
-4.0996860236220476
11
5.86145842519685
21
-4.0995763385826773
0
LINE
8
BLACK
6
CONTINUOUS
10
5.86145842519685
20
-4.0995763385826773
11
5.8659578740157476
21
-4.098076535433071
0
LINE
8
BLACK
6
CONTINUOUS
10
5.8659578740157476
20
-4.098076535433071
11
5.8668310236220469
21
-4.0979470472440944
0
LINE
8
BLACK
6
CONTINUOUS
10
5.8668310236220469
20
-4.0979470472440944
11
5.8668916141732286
21
-4.097925
0
LINE
8
BLACK
6
CONTINUOUS
10
5.8668916141732286
20
-4.097925
11
5.8698912598425199
21
-4.097925
0
LINE
8
BLACK
6
CONTINUOUS
10
5.8698912598425199
20
-4.097925
11
5.8707606299212598
21
-4.0980782677165353
0
LINE
8
BLACK
6
CONTINUOUS
10
5.8977572440944881
20
-4.0980782677165353
11
5.8978216141732283
21
-4.098076535433071
0
LINE
8
BLACK
6
CONTINUOUS
10
5.8978216141732283
20
-4.098076535433071
11
5.9023210629921259
21
-4.0995763385826773
0
LINE
8
BLACK
6
CONTINUOUS
10
5.9023210629921259
20
-4.0995763385826773
11
5.9032228346456694
21
-4.1000646062992123
0
LINE
8
BLACK
6
CONTINUOUS
10
5.9032228346456694
20
-4.1000646062992123
11
5.9033152362204726
21
-4.1002150393700783
0
LINE
8
BLACK
6
CONTINUOUS
10
5.9033152362204726
20
-4.1002150393700783
11
5.9034752362204719
21
-4.1002896456692914
0
LINE
8
BLACK
6
CONTINUOUS
10
5.9034752362204719
20
-4.1002896456692914
11
5.9064748425196845
21
-4.103289251968504
0
LINE
8
BLACK
6
CONTINUOUS
10
5.9064748425196845
20
-4.103289251968504
11
5.9069812204724412
21
-4.1040124015748027
0
LINE
8
BLACK
6
CONTINUOUS
10
5.9069812204724412
20
-4.1040124015748027
11
5.9070279527559055
21
-4.1040566535433074
0
LINE
8
BLACK
6
CONTINUOUS
10
5.9070279527559055
20
-4.1040566535433074
11
5.9085277559055118
21
-4.1070562992125987
0
LINE
8
BLACK
6
CONTINUOUS
10
5.9085277559055118
20
-4.1070562992125987
11
5.9086730314960629
21
-4.1075447244094487
0
LINE
8
BLACK
6
CONTINUOUS
10
5.9086730314960629
20
-4.1075447244094487
11
5.9087513385826771
21
-4.1076606299212601
0
LINE
8
BLACK
6
CONTINUOUS
10
5.9087513385826771
20
-4.1076606299212601
11
5.9102511811023621
21
-4.1136599212598428
0
LINE
8
BLACK
6
CONTINUOUS
10
5.9102511811023621
20
-4.1136599212598428
11
5.9102926377952754
21
-4.11424779527559
0
LINE
8
BLACK
6
CONTINUOUS
10
5.9102926377952754
20
-4.11424779527559
11
5.9103393307086609
21
-4.1143760629921262
0
LINE
8
BLACK
6
CONTINUOUS
10
5.9103393307086609
20
-4.1143760629921262
11
5.9103393307086609
21
-4.1188755118110238
0
LINE
8
BLACK
6
CONTINUOUS
10
5.9103393307086609
20
-4.1188755118110238
11
5.9102369685039369
21
-4.119455866141732
0
LINE
8
BLACK
6
CONTINUOUS
10
5.9102369685039369
20
-4.119455866141732
11
5.9102511811023621
21
-4.1195916535433073
0
LINE
8
BLACK
6
CONTINUOUS
10
5.9102511811023621
20
-4.1195916535433073
11
5.9087513385826771
21
-4.1255909448818899
0
LINE
8
BLACK
6
CONTINUOUS
10
5.9087513385826771
20
-4.1255909448818899
11
5.9085437007874013
21
-4.1260564173228342
0
LINE
8
BLACK
6
CONTINUOUS
10
5.9085437007874013
20
-4.1260564173228342
11
5.9085277559055118
21
-4.1261952755905513
0
LINE
8
BLACK
6
CONTINUOUS
10
5.9085277559055118
20
-4.1261952755905513
11
5.9070279527559055
21
-4.1291948818897639
0
LINE
8
BLACK
6
CONTINUOUS
10
5.9070279527559055
20
-4.1291948818897639
11
5.9065020866141733
21
-4.1299038582677161
0
LINE
8
BLACK
6
CONTINUOUS
10
5.9065020866141733
20
-4.1299038582677161
11
5.9064748818897632
21
-4.1299622440944885
0
LINE
8
BLACK
6
CONTINUOUS
10
5.9064748818897632
20
-4.1299622440944885
11
5.9034752362204719
21
-4.1329619291338577
0
LINE
8
BLACK
6
CONTINUOUS
10
5.9034752362204719
20
-4.1329619291338577
11
5.9026352362204726
21
-4.1335501181102359
0
LINE
8
BLACK
6
CONTINUOUS
10
5.9026352362204726
20
-4.1335501181102359
11
5.9024592913385829
21
-4.133565472440945
0
LINE
8
BLACK
6
CONTINUOUS
10
5.9024592913385829
20
-4.133565472440945
11
5.9023210629921259
21
-4.1336752362204727
0
LINE
8
BLACK
6
CONTINUOUS
10
5.9023210629921259
20
-4.1336752362204727
11
5.8978216141732283
21
-4.135175039370079
0
LINE
8
BLACK
6
CONTINUOUS
10
5.8978216141732283
20
-4.135175039370079
11
5.8969484251968503
21
-4.135304488188976
0
LINE
8
BLACK
6
CONTINUOUS
10
5.8969484251968503
20
-4.135304488188976
11
5.8968878740157482
21
-4.1353265748031491
0
LINE
8
BLACK
6
CONTINUOUS
10
5.8968878740157482
20
-4.1353265748031491
11
5.889388818897638
21
-4.1353265748031491
0
LINE
8
BLACK
6
CONTINUOUS
10
5.889388818897638
20
-4.1353265748031491
11
5.8890052755905513
21
-4.1352589370078743
0
LINE
8
BLACK
6
CONTINUOUS
10
5.8890052755905513
20
-4.1352589370078743
11
5.888876062992126
21
-4.1352817322834641
0
LINE
8
BLACK
6
CONTINUOUS
10
5.888876062992126
20
-4.1352817322834641
11
5.8887624409448813
21
-4.1352161023622047
0
LINE
8
BLACK
6
CONTINUOUS
10
5.8887624409448813
20
-4.1352161023622047
11
5.8883788976377955
21
-4.1351485039370077
0
LINE
8
BLACK
6
CONTINUOUS
10
5.8883788976377955
20
-4.1351485039370077
11
5.8877911811023624
21
-4.1346553543307083
0
LINE
8
BLACK
6
CONTINUOUS
10
5.8877911811023624
20
-4.1346553543307083
11
5.8871268897637794
21
-4.1342718110236216
0
LINE
8
BLACK
6
CONTINUOUS
10
5.8871268897637794
20
-4.1342718110236216
11
5.8870357480314963
21
-4.1340214566929134
0
LINE
8
BLACK
6
CONTINUOUS
10
5.8870357480314963
20
-4.1340214566929134
11
5.8868316535433074
21
-4.1338501968503936
0
LINE
8
BLACK
6
CONTINUOUS
10
5.8868316535433074
20
-4.1338501968503936
11
5.8866983858267714
21
-4.1330946062992124
0
LINE
8
BLACK
6
CONTINUOUS
10
5.8866983858267714
20
-4.1330946062992124
11
5.886436062992126
21
-4.132373818897638
0
LINE
8
BLACK
6
CONTINUOUS
10
5.886436062992126
20
-4.132373818897638
11
5.886436062992126
21
-4.1008777559055121
0
LINE
8
BLACK
6
CONTINUOUS
10
5.886436062992126
20
-4.1008777559055121
11
5.886503661417323
21
-4.1004942125984254
0
LINE
8
BLACK
6
CONTINUOUS
10
5.886503661417323
20
-4.1004942125984254
11
5.886480905511811
21
-4.100365
0
LINE
8
BLACK
6
CONTINUOUS
10
5.886480905511811
20
-4.100365
11
5.8865464960629916
21
-4.1002513779527554
0
LINE
8
BLACK
6
CONTINUOUS
10
5.8865464960629916
20
-4.1002513779527554
11
5.8866141338582674
21
-4.0998678346456696
0
LINE
8
BLACK
6
CONTINUOUS
10
5.8866141338582674
20
-4.0998678346456696
11
5.887107244094488
21
-4.0992801181102365
0
LINE
8
BLACK
6
CONTINUOUS
10
5.887107244094488
20
-4.0992801181102365
11
5.8874908267716535
21
-4.0986158267716535
0
LINE
8
BLACK
6
CONTINUOUS
10
5.8874908267716535
20
-4.0986158267716535
11
5.8877411417322829
21
-4.0985246850393704
0
LINE
8
BLACK
6
CONTINUOUS
10
5.8877411417322829
20
-4.0985246850393704
11
5.8879124409448815
21
-4.0983205905511806
0
LINE
8
BLACK
6
CONTINUOUS
10
5.8879124409448815
20
-4.0983205905511806
11
5.8886679921259839
21
-4.0981873228346455
0
LINE
8
BLACK
6
CONTINUOUS
10
5.8886679921259839
20
-4.0981873228346455
11
5.889388818897638
21
-4.097925
0
LINE
8
BLACK
6
CONTINUOUS
10
5.889388818897638
20
-4.097925
11
5.8968878740157482
21
-4.097925
0
LINE
8
BLACK
6
CONTINUOUS
10
5.8968878740157482
20
-4.097925
11
5.8977572440944881
21
-4.0980782677165353
0
LINE
8
BLACK
6
CONTINUOUS
10
5.8923415748031491
20
-4.129421062992126
11
5.8964087401574803
21
-4.129421062992126
0
LINE
8
BLACK
6
CONTINUOUS
10
5.8964087401574803
20
-4.129421062992126
11
5.8997922440944883
21
-4.1282932283464566
0
LINE
8
BLACK
6
CONTINUOUS
10
5.8997922440944883
20
-4.1282932283464566
11
5.9019601574803149
21
-4.1261252755905513
0
LINE
8
BLACK
6
CONTINUOUS
10
5.9019601574803149
20
-4.1261252755905513
11
5.9031007086614169
21
-4.1238442125984252
0
LINE
8
BLACK
6
CONTINUOUS
10
5.9031007086614169
20
-4.1238442125984252
11
5.9044338188976377
21
-4.1185118897637798
0
LINE
8
BLACK
6
CONTINUOUS
10
5.9044338188976377
20
-4.1185118897637798
11
5.9044338188976377
21
-4.1147396456692915
0
LINE
8
BLACK
6
CONTINUOUS
10
5.9044338188976377
20
-4.1147396456692915
11
5.9031007086614169
21
-4.1094072834645665
0
LINE
8
BLACK
6
CONTINUOUS
10
5.9031007086614169
20
-4.1094072834645665
11
5.9019601574803149
21
-4.1071262204724412
0
LINE
8
BLACK
6
CONTINUOUS
10
5.9019601574803149
20
-4.1071262204724412
11
5.8997922834645671
21
-4.1049583464566926
0
LINE
8
BLACK
6
CONTINUOUS
10
5.8997922834645671
20
-4.1049583464566926
11
5.8964087401574803
21
-4.1038305118110232
0
LINE
8
BLACK
6
CONTINUOUS
10
5.8964087401574803
20
-4.1038305118110232
11
5.8923415748031491
21
-4.1038305118110232
0
LINE
8
BLACK
6
CONTINUOUS
10
5.8923415748031491
20
-4.1038305118110232
11
5.8923415748031491
21
-4.129421062992126
0
LINE
8
BLACK
6
CONTINUOUS
10
6.138992677165354
20
-4.0981030708661415
11
6.1391279133858268
21
-4.0982165354330711
0
LINE
8
BLACK
6
CONTINUOUS
10
6.1391279133858268
20
-4.0982165354330711
11
6.1393032677165351
21
-4.0982367322834641
0
LINE
8
BLACK
6
CONTINUOUS
10
6.1393032677165351
20
-4.0982367322834641
11
6.1423028740157477
21
-4.0997365354330704
0
LINE
8
BLACK
6
CONTINUOUS
10
6.1423028740157477
20
-4.0997365354330704
11
6.1430119291338583
21
-4.1002624409448822
0
LINE
8
BLACK
6
CONTINUOUS
10
6.1430119291338583
20
-4.1002624409448822
11
6.1430702755905511
21
-4.1002896456692914
0
LINE
8
BLACK
6
CONTINUOUS
10
6.1430702755905511
20
-4.1002896456692914
11
6.1445700787401574
21
-4.1017894488188977
0
LINE
8
BLACK
6
CONTINUOUS
10
6.1445700787401574
20
-4.1017894488188977
11
6.145076338582677
21
-4.1025125196850389
0
LINE
8
BLACK
6
CONTINUOUS
10
6.145076338582677
20
-4.1025125196850389
11
6.1451231889763775
21
-4.1025568503937011
0
LINE
8
BLACK
6
CONTINUOUS
10
6.1451231889763775
20
-4.1025568503937011
11
6.1466230314960626
21
-4.1055564566929137
0
LINE
8
BLACK
6
CONTINUOUS
10
6.1466230314960626
20
-4.1055564566929137
11
6.1469153937007874
21
-4.1065394094488186
0
LINE
8
BLACK
6
CONTINUOUS
10
6.1469153937007874
20
-4.1065394094488186
11
6.1468743700787396
21
-4.1067111023622047
0
LINE
8
BLACK
6
CONTINUOUS
10
6.1468743700787396
20
-4.1067111023622047
11
6.1469347637795275
21
-4.106877007874016
0
LINE
8
BLACK
6
CONTINUOUS
10
6.1469347637795275
20
-4.106877007874016
11
6.1469347637795275
21
-4.1113764173228349
0
LINE
8
BLACK
6
CONTINUOUS
10
6.1469347637795275
20
-4.1113764173228349
11
6.1467566929133861
21
-4.1123863385826773
0
LINE
8
BLACK
6
CONTINUOUS
10
6.1467566929133861
20
-4.1123863385826773
11
6.1466431889763777
21
-4.1125215748031492
0
LINE
8
BLACK
6
CONTINUOUS
10
6.1466431889763777
20
-4.1125215748031492
11
6.1466230314960626
21
-4.1126969685039372
0
LINE
8
BLACK
6
CONTINUOUS
10
6.1466230314960626
20
-4.1126969685039372
11
6.1451231889763775
21
-4.1156965748031498
0
LINE
8
BLACK
6
CONTINUOUS
10
6.1451231889763775
20
-4.1156965748031498
11
6.1445973228346453
21
-4.1164054724409445
0
LINE
8
BLACK
6
CONTINUOUS
10
6.1445973228346453
20
-4.1164054724409445
11
6.1445700787401574
21
-4.1164639763779522
0
LINE
8
BLACK
6
CONTINUOUS
10
6.1445700787401574
20
-4.1164639763779522
11
6.1430702755905511
21
-4.1179637795275585
0
LINE
8
BLACK
6
CONTINUOUS
10
6.1430702755905511
20
-4.1179637795275585
11
6.1423471653543302
21
-4.118470039370079
0
LINE
8
BLACK
6
CONTINUOUS
10
6.1423471653543302
20
-4.118470039370079
11
6.1423028740157477
21
-4.1185168897637796
0
LINE
8
BLACK
6
CONTINUOUS
10
6.1423028740157477
20
-4.1185168897637796
11
6.1393032677165351
21
-4.1200166929133859
0
LINE
8
BLACK
6
CONTINUOUS
10
6.1393032677165351
20
-4.1200166929133859
11
6.1389995275590552
21
-4.1201070078740161
0
LINE
8
BLACK
6
CONTINUOUS
10
6.1389995275590552
20
-4.1201070078740161
11
6.1464009842519687
21
-4.1306805118110237
0
LINE
8
BLACK
6
CONTINUOUS
10
6.1464009842519687
20
-4.1306805118110237
11
6.146834251968504
21
-4.1316100000000002
0
LINE
8
BLACK
6
CONTINUOUS
10
6.146834251968504
20
-4.1316100000000002
11
6.1466579527559055
21
-4.1336220866141735
0
LINE
8
BLACK
6
CONTINUOUS
10
6.1466579527559055
20
-4.1336220866141735
11
6.1452295275590547
21
-4.1350501181102359
0
LINE
8
BLACK
6
CONTINUOUS
10
6.1452295275590547
20
-4.1350501181102359
11
6.1432174015748027
21
-4.1352258267716531
0
LINE
8
BLACK
6
CONTINUOUS
10
6.1432174015748027
20
-4.1352258267716531
11
6.1415629921259844
21
-4.1340670866141735
0
LINE
8
BLACK
6
CONTINUOUS
10
6.1415629921259844
20
-4.1340670866141735
11
6.13194594488189
21
-4.1203284251968499
0
LINE
8
BLACK
6
CONTINUOUS
10
6.13194594488189
20
-4.1203284251968499
11
6.1289370078740157
21
-4.1203284251968499
0
LINE
8
BLACK
6
CONTINUOUS
10
6.1289370078740157
20
-4.1203284251968499
11
6.1289370078740157
21
-4.132373818897638
0
LINE
8
BLACK
6
CONTINUOUS
10
6.1289370078740157
20
-4.132373818897638
11
6.1287589370078734
21
-4.1333837401574804
0
LINE
8
BLACK
6
CONTINUOUS
10
6.1287589370078734
20
-4.1333837401574804
11
6.1274606299212593
21
-4.1349309842519686
0
LINE
8
BLACK
6
CONTINUOUS
10
6.1274606299212593
20
-4.1349309842519686
11
6.1254714960629917
21
-4.1352817322834641
0
LINE
8
BLACK
6
CONTINUOUS
10
6.1254714960629917
20
-4.1352817322834641
11
6.1237223228346451
21
-4.1342718110236216
0
LINE
8
BLACK
6
CONTINUOUS
10
6.1237223228346451
20
-4.1342718110236216
11
6.1230314960629917
21
-4.132373818897638
0
LINE
8
BLACK
6
CONTINUOUS
10
6.1230314960629917
20
-4.132373818897638
11
6.1230314960629917
21
-4.1008777559055121
0
LINE
8
BLACK
6
CONTINUOUS
10
6.1230314960629917
20
-4.1008777559055121
11
6.1230990944881887
21
-4.1004942125984254
0
LINE
8
BLACK
6
CONTINUOUS
10
6.1230990944881887
20
-4.1004942125984254
11
6.1230763385826767
21
-4.100365
0
LINE
8
BLACK
6
CONTINUOUS
10
6.1230763385826767
20
-4.100365
11
6.1231419291338582
21
-4.1002513779527554
0
LINE
8
BLACK
6
CONTINUOUS
10
6.1231419291338582
20
-4.1002513779527554
11
6.123209566929134
21
-4.0998678346456696
0
LINE
8
BLACK
6
CONTINUOUS
10
6.123209566929134
20
-4.0998678346456696
11
6.1237026771653538
21
-4.0992801181102365
0
LINE
8
BLACK
6
CONTINUOUS
10
6.1237026771653538
20
-4.0992801181102365
11
6.1240862598425192
21
-4.0986158267716535
0
LINE
8
BLACK
6
CONTINUOUS
10
6.1240862598425192
20
-4.0986158267716535
11
6.1243365748031495
21
-4.0985246850393704
0
LINE
8
BLACK
6
CONTINUOUS
10
6.1243365748031495
20
-4.0985246850393704
11
6.1245078740157481
21
-4.0983205905511806
0
LINE
8
BLACK
6
CONTINUOUS
10
6.1245078740157481
20
-4.0983205905511806
11
6.1252634251968505
21
-4.0981873228346455
0
LINE
8
BLACK
6
CONTINUOUS
10
6.1252634251968505
20
-4.0981873228346455
11
6.1259842519685037
21
-4.097925
0
LINE
8
BLACK
6
CONTINUOUS
10
6.1259842519685037
20
-4.097925
11
6.1379827559055116
21
-4.097925
0
LINE
8
BLACK
6
CONTINUOUS
10
6.1379827559055116
20
-4.097925
11
6.138992677165354
21
-4.0981030708661415
0
LINE
8
BLACK
6
CONTINUOUS
10
6.1289370078740157
20
-4.1144229133858268
11
6.137285708661417
21
-4.1144229133858268
0
LINE
8
BLACK
6
CONTINUOUS
10
6.137285708661417
20
-4.1144229133858268
11
6.1392332677165351
21
-4.1134491338582677
0
LINE
8
BLACK
6
CONTINUOUS
10
6.1392332677165351
20
-4.1134491338582677
11
6.1400554330708657
21
-4.1126269291338584
0
LINE
8
BLACK
6
CONTINUOUS
10
6.1400554330708657
20
-4.1126269291338584
11
6.1410292519685035
21
-4.1106793307086615
0
LINE
8
BLACK
6
CONTINUOUS
10
6.1410292519685035
20
-4.1106793307086615
11
6.1410292519685035
21
-4.1075740551181106
0
LINE
8
BLACK
6
CONTINUOUS
10
6.1410292519685035
20
-4.1075740551181106
11
6.1400554330708657
21
-4.1056264566929137
0
LINE
8
BLACK
6
CONTINUOUS
10
6.1400554330708657
20
-4.1056264566929137
11
6.1392332677165351
21
-4.1048042913385823
0
LINE
8
BLACK
6
CONTINUOUS
10
6.1392332677165351
20
-4.1048042913385823
11
6.137285708661417
21
-4.1038305118110232
0
LINE
8
BLACK
6
CONTINUOUS
10
6.137285708661417
20
-4.1038305118110232
11
6.1289370078740157
21
-4.1038305118110232
0
LINE
8
BLACK
6
CONTINUOUS
10
6.1289370078740157
20
-4.1038305118110232
11
6.1289370078740157
21
-4.1144229133858268
0
LINE
8
BLACK
6
CONTINUOUS
10
6.1597422440944882
20
-4.0989797637795276
11
6.1604330708661417
21
-4.1008777559055121
0
LINE
8
BLACK
6
CONTINUOUS
10
6.1604330708661417
20
-4.1008777559055121
11
6.1604330708661417
21
-4.132373818897638
0
LINE
8
BLACK
6
CONTINUOUS
10
6.1604330708661417
20
-4.132373818897638
11
6.1602550000000003
21
-4.1333837401574804
0
LINE
8
BLACK
6
CONTINUOUS
10
6.1602550000000003
20
-4.1333837401574804
11
6.1589566929133861
21
-4.1349309842519686
0
LINE
8
BLACK
6
CONTINUOUS
10
6.1589566929133861
20
-4.1349309842519686
11
6.1569675590551176
21
-4.1352817322834641
0
LINE
8
BLACK
6
CONTINUOUS
10
6.1569675590551176
20
-4.1352817322834641
11
6.1552183858267719
21
-4.1342718110236216
0
LINE
8
BLACK
6
CONTINUOUS
10
6.1552183858267719
20
-4.1342718110236216
11
6.1545275590551176
21
-4.132373818897638
0
LINE
8
BLACK
6
CONTINUOUS
10
6.1545275590551176
20
-4.132373818897638
11
6.1545275590551176
21
-4.1008777559055121
0
LINE
8
BLACK
6
CONTINUOUS
10
6.1545275590551176
20
-4.1008777559055121
11
6.1547056299212599
21
-4.0998678346456696
0
LINE
8
BLACK
6
CONTINUOUS
10
6.1547056299212599
20
-4.0998678346456696
11
6.1560039370078741
21
-4.0983205905511806
0
LINE
8
BLACK
6
CONTINUOUS
10
6.1560039370078741
20
-4.0983205905511806
11
6.1579930708661417
21
-4.0979698425196851
0
LINE
8
BLACK
6
CONTINUOUS
10
6.1579930708661417
20
-4.0979698425196851
11
6.1597422440944882
21
-4.0989797637795276
0
LINE
8
BLACK
6
CONTINUOUS
10
6.4745404724409443
20
-3.8337495669291339
11
6.4767020472440944
21
-3.8359111417322835
0
LINE
8
BLACK
6
CONTINUOUS
10
6.4767020472440944
20
-3.8359111417322835
11
6.4774932283464564
21
-3.8388638976377951
0
LINE
8
BLACK
6
CONTINUOUS
10
6.4774932283464564
20
-3.8388638976377951
11
6.4774932283464564
21
-3.8444881889763778
0
LINE
8
BLACK
6
CONTINUOUS
10
6.4774932283464564
20
-3.8444881889763778
11
6.4771418503937008
21
-3.8457994094488188
0
LINE
8
BLACK
6
CONTINUOUS
10
6.4771418503937008
20
-3.8457994094488188
11
6.4768697637795274
21
-3.8471291732283466
0
LINE
8
BLACK
6
CONTINUOUS
10
6.4768697637795274
20
-3.8471291732283466
11
6.4740576377952754
21
-3.852753503937008
0
LINE
8
BLACK
6
CONTINUOUS
10
6.4740576377952754
20
-3.852753503937008
11
6.4738180314960632
21
-3.8530236614173226
0
LINE
8
BLACK
6
CONTINUOUS
10
6.4738180314960632
20
-3.8530236614173226
11
6.4737038188976372
21
-3.8533663779527556
0
LINE
8
BLACK
6
CONTINUOUS
10
6.4737038188976372
20
-3.8533663779527556
11
6.4728163779527561
21
-3.8541532677165353
0
LINE
8
BLACK
6
CONTINUOUS
10
6.4728163779527561
20
-3.8541532677165353
11
6.4720294881889764
21
-3.8550407086614173
0
LINE
8
BLACK
6
CONTINUOUS
10
6.4720294881889764
20
-3.8550407086614173
11
6.4716867716535429
21
-3.8551549212598424
0
LINE
8
BLACK
6
CONTINUOUS
10
6.4716867716535429
20
-3.8551549212598424
11
6.4714166141732283
21
-3.8553945275590551
0
LINE
8
BLACK
6
CONTINUOUS
10
6.4714166141732283
20
-3.8553945275590551
11
6.4657922834645669
21
-3.8582066929133858
0
LINE
8
BLACK
6
CONTINUOUS
10
6.4657922834645669
20
-3.8582066929133858
11
6.4644623228346454
21
-3.8584788188976376
0
LINE
8
BLACK
6
CONTINUOUS
10
6.4644623228346454
20
-3.8584788188976376
11
6.4631512598425198
21
-3.8588301574803148
0
LINE
8
BLACK
6
CONTINUOUS
10
6.4631512598425198
20
-3.8588301574803148
11
6.4381231496062989
21
-3.8588301574803148
0
LINE
8
BLACK
6
CONTINUOUS
10
6.4381231496062989
20
-3.8588301574803148
11
6.4381231496062989
21
-3.8613610629921258
0
LINE
8
BLACK
6
CONTINUOUS
10
6.4381231496062989
20
-3.8613610629921258
11
6.437331968503937
21
-3.8643138188976378
0
LINE
8
BLACK
6
CONTINUOUS
10
6.437331968503937
20
-3.8643138188976378
11
6.4351703937007869
21
-3.8664753937007874
0
LINE
8
BLACK
6
CONTINUOUS
10
6.4351703937007869
20
-3.8664753937007874
11
6.4322176377952758
21
-3.8672665748031494
0
LINE
8
BLACK
6
CONTINUOUS
10
6.4322176377952758
20
-3.8672665748031494
11
6.4292648818897637
21
-3.8664753937007874
0
LINE
8
BLACK
6
CONTINUOUS
10
6.4292648818897637
20
-3.8664753937007874
11
6.4271033070866137
21
-3.8643138188976378
0
LINE
8
BLACK
6
CONTINUOUS
10
6.4271033070866137
20
-3.8643138188976378
11
6.4263121259842517
21
-3.8613610629921258
0
LINE
8
BLACK
6
CONTINUOUS
10
6.4263121259842517
20
-3.8613610629921258
11
6.4263121259842517
21
-3.8588301574803148
0
LINE
8
BLACK
6
CONTINUOUS
10
6.4263121259842517
20
-3.8588301574803148
11
6.4125325984251971
21
-3.8588301574803148
0
LINE
8
BLACK
6
CONTINUOUS
10
6.4125325984251971
20
-3.8588301574803148
11
6.409579842519685
21
-3.8580389763779528
0
LINE
8
BLACK
6
CONTINUOUS
10
6.409579842519685
20
-3.8580389763779528
11
6.407418267716535
21
-3.8558774015748032
0
LINE
8
BLACK
6
CONTINUOUS
10
6.407418267716535
20
-3.8558774015748032
11
6.406627086614173
21
-3.8529246456692912
0
LINE
8
BLACK
6
CONTINUOUS
10
6.406627086614173
20
-3.8529246456692912
11
6.407418267716535
21
-3.8499718897637796
0
LINE
8
BLACK
6
CONTINUOUS
10
6.407418267716535
20
-3.8499718897637796
11
6.409579842519685
21
-3.84781031496063
0
LINE
8
BLACK
6
CONTINUOUS
10
6.409579842519685
20
-3.84781031496063
11
6.4125325984251971
21
-3.8470191338582675
0
LINE
8
BLACK
6
CONTINUOUS
10
6.4125325984251971
20
-3.8470191338582675
11
6.4263121259842517
21
-3.8470191338582675
0
LINE
8
BLACK
6
CONTINUOUS
10
6.4263121259842517
20
-3.8470191338582675
11
6.4263121259842517
21
-3.8388638976377951
0
LINE
8
BLACK
6
CONTINUOUS
10
6.4263121259842517
20
-3.8388638976377951
11
6.4271033070866137
21
-3.8359111417322835
0
LINE
8
BLACK
6
CONTINUOUS
10
6.4271033070866137
20
-3.8359111417322835
11
6.4292648818897637
21
-3.8337495669291339
0
LINE
8
BLACK
6
CONTINUOUS
10
6.4292648818897637
20
-3.8337495669291339
11
6.4322176377952758
21
-3.8329583858267715
0
LINE
8
BLACK
6
CONTINUOUS
10
6.4322176377952758
20
-3.8329583858267715
11
6.4351703937007869
21
-3.8337495669291339
0
LINE
8
BLACK
6
CONTINUOUS
10
6.4351703937007869
20
-3.8337495669291339
11
6.437331968503937
21
-3.8359111417322835
0
LINE
8
BLACK
6
CONTINUOUS
10
6.437331968503937
20
-3.8359111417322835
11
6.4381231496062989
21
-3.8388638976377951
0
LINE
8
BLACK
6
CONTINUOUS
10
6.4381231496062989
20
-3.8388638976377951
11
6.4381231496062989
21
-3.8470191338582675
0
LINE
8
BLACK
6
CONTINUOUS
10
6.4381231496062989
20
-3.8470191338582675
11
6.4617571653543306
21
-3.8470191338582675
0
LINE
8
BLACK
6
CONTINUOUS
10
6.4617571653543306
20
-3.8470191338582675
11
6.4643738582677166
21
-3.8457107480314958
0
LINE
8
BLACK
6
CONTINUOUS
10
6.4643738582677166
20
-3.8457107480314958
11
6.4656822047244091
21
-3.8430940944881891
0
LINE
8
BLACK
6
CONTINUOUS
10
6.4656822047244091
20
-3.8430940944881891
11
6.4656822047244091
21
-3.8388638976377951
0
LINE
8
BLACK
6
CONTINUOUS
10
6.4656822047244091
20
-3.8388638976377951
11
6.4664733858267711
21
-3.8359111417322835
0
LINE
8
BLACK
6
CONTINUOUS
10
6.4664733858267711
20
-3.8359111417322835
11
6.4686349606299212
21
-3.8337495669291339
0
LINE
8
BLACK
6
CONTINUOUS
10
6.4686349606299212
20
-3.8337495669291339
11
6.4715877165354332
21
-3.8329583858267715
0
LINE
8
BLACK
6
CONTINUOUS
10
6.4715877165354332
20
-3.8329583858267715
11
6.4745404724409443
21
-3.8337495669291339
0
LINE
8
BLACK
6
CONTINUOUS
10
6.13175437007874
20
-3.8399653149606299
11
6.1172668110236215
21
-3.8399653149606299
0
LINE
8
BLACK
6
CONTINUOUS
10
6.1172668110236215
20
-3.8399653149606299
11
6.1311897637795276
21
-3.7607294881889763
0
LINE
8
BLACK
6
CONTINUOUS
10
6.1311897637795276
20
-3.7607294881889763
11
6.1456773228346453
21
-3.7607294881889763
0
LINE
8
BLACK
6
CONTINUOUS
10
6.1456773228346453
20
-3.7607294881889763
11
6.13175437007874
21
-3.8399653149606299
0
LINE
8
BLACK
6
CONTINUOUS
10
6.188527283464567
20
-3.8399653149606299
11
6.1740397244094485
21
-3.8399653149606299
0
LINE
8
BLACK
6
CONTINUOUS
10
6.1740397244094485
20
-3.8399653149606299
11
6.1879626771653538
21
-3.7607294881889763
0
LINE
8
BLACK
6
CONTINUOUS
10
6.1879626771653538
20
-3.7607294881889763
11
6.2024523228346453
21
-3.7607294881889763
0
LINE
8
BLACK
6
CONTINUOUS
10
6.2024523228346453
20
-3.7607294881889763
11
6.188527283464567
21
-3.8399653149606299
0
LINE
8
BLACK
6
CONTINUOUS
10
6.2458355905511809
20
-3.8399653149606299
11
6.2313481102362207
21
-3.8399653149606299
0
LINE
8
BLACK
6
CONTINUOUS
10
6.2313481102362207
20
-3.8399653149606299
11
6.2452710236220472
21
-3.7607294881889763
0
LINE
8
BLACK
6
CONTINUOUS
10
6.2452710236220472
20
-3.7607294881889763
11
6.2597605905511813
21
-3.7607294881889763
0
LINE
8
BLACK
6
CONTINUOUS
10
6.2597605905511813
20
-3.7607294881889763
11
6.2458355905511809
21
-3.8399653149606299
0
LINE
8
BLACK
6
CONTINUOUS
10
6.4616501968503934
20
-3.7855031496062992
11
6.462980157480315
21
-3.7857753149606297
0
LINE
8
BLACK
6
CONTINUOUS
10
6.462980157480315
20
-3.7857753149606297
11
6.4686044488188976
21
-3.7885874803149604
0
LINE
8
BLACK
6
CONTINUOUS
10
6.4686044488188976
20
-3.7885874803149604
11
6.469315787401575
21
-3.7892182677165351
0
LINE
8
BLACK
6
CONTINUOUS
10
6.469315787401575
20
-3.7892182677165351
11
6.4701392125984247
21
-3.7896936614173229
0
LINE
8
BLACK
6
CONTINUOUS
10
6.4701392125984247
20
-3.7896936614173229
11
6.4729513779527554
21
-3.7925057874015748
0
LINE
8
BLACK
6
CONTINUOUS
10
6.4729513779527554
20
-3.7925057874015748
11
6.4734267716535427
21
-3.793329212598425
0
LINE
8
BLACK
6
CONTINUOUS
10
6.4734267716535427
20
-3.793329212598425
11
6.4740576377952754
21
-3.7940406299212599
0
LINE
8
BLACK
6
CONTINUOUS
10
6.4740576377952754
20
-3.7940406299212599
11
6.4768697637795274
21
-3.7996649606299213
0
LINE
8
BLACK
6
CONTINUOUS
10
6.4768697637795274
20
-3.7996649606299213
11
6.4771418503937008
21
-3.8009946850393699
0
LINE
8
BLACK
6
CONTINUOUS
10
6.4771418503937008
20
-3.8009946850393699
11
6.4774932283464564
21
-3.8023059448818897
0
LINE
8
BLACK
6
CONTINUOUS
10
6.4774932283464564
20
-3.8023059448818897
11
6.4774932283464564
21
-3.810742401574803
0
LINE
8
BLACK
6
CONTINUOUS
10
6.4774932283464564
20
-3.810742401574803
11
6.4771418503937008
21
-3.8120536220472441
0
LINE
8
BLACK
6
CONTINUOUS
10
6.4771418503937008
20
-3.8120536220472441
11
6.4768697637795274
21
-3.8133833858267714
0
LINE
8
BLACK
6
CONTINUOUS
10
6.4768697637795274
20
-3.8133833858267714
11
6.4740576377952754
21
-3.8190077165354328
0
LINE
8
BLACK
6
CONTINUOUS
10
6.4740576377952754
20
-3.8190077165354328
11
6.4734267716535427
21
-3.8197190944881889
0
LINE
8
BLACK
6
CONTINUOUS
10
6.4734267716535427
20
-3.8197190944881889
11
6.4729514173228342
21
-3.8205425196850391
0
LINE
8
BLACK
6
CONTINUOUS
10
6.4729514173228342
20
-3.8205425196850391
11
6.4701392519685035
21
-3.8233546850393698
0
LINE
8
BLACK
6
CONTINUOUS
10
6.4701392519685035
20
-3.8233546850393698
11
6.4693158267716537
21
-3.8238300393700788
0
LINE
8
BLACK
6
CONTINUOUS
10
6.4693158267716537
20
-3.8238300393700788
11
6.4686044488188976
21
-3.8244609055118111
0
LINE
8
BLACK
6
CONTINUOUS
10
6.4686044488188976
20
-3.8244609055118111
11
6.462980157480315
21
-3.827273031496063
0
LINE
8
BLACK
6
CONTINUOUS
10
6.462980157480315
20
-3.827273031496063
11
6.4616502755905509
21
-3.8275451574803148
0
LINE
8
BLACK
6
CONTINUOUS
10
6.4616502755905509
20
-3.8275451574803148
11
6.4603391338582679
21
-3.827896496062992
0
LINE
8
BLACK
6
CONTINUOUS
10
6.4603391338582679
20
-3.827896496062992
11
6.4434662204724411
21
-3.827896496062992
0
LINE
8
BLACK
6
CONTINUOUS
10
6.4434662204724411
20
-3.827896496062992
11
6.4421549606299209
21
-3.827545118110236
0
LINE
8
BLACK
6
CONTINUOUS
10
6.4421549606299209
20
-3.827545118110236
11
6.4408252362204719
21
-3.827273031496063
0
LINE
8
BLACK
6
CONTINUOUS
10
6.4408252362204719
20
-3.827273031496063
11
6.4352009055118105
21
-3.8244609055118111
0
LINE
8
BLACK
6
CONTINUOUS
10
6.4352009055118105
20
-3.8244609055118111
11
6.4344894881889765
21
-3.8238300393700788
0
LINE
8
BLACK
6
CONTINUOUS
10
6.4344894881889765
20
-3.8238300393700788
11
6.4336660629921258
21
-3.8233546456692911
0
LINE
8
BLACK
6
CONTINUOUS
10
6.4336660629921258
20
-3.8233546456692911
11
6.4308539370078739
21
-3.8205424803149604
0
LINE
8
BLACK
6
CONTINUOUS
10
6.4308539370078739
20
-3.8205424803149604
11
6.4303785433070866
21
-3.8197190551181102
0
LINE
8
BLACK
6
CONTINUOUS
10
6.4303785433070866
20
-3.8197190551181102
11
6.4297477559055114
21
-3.8190077165354328
0
LINE
8
BLACK
6
CONTINUOUS
10
6.4297477559055114
20
-3.8190077165354328
11
6.4269355905511807
21
-3.8133834251968501
0
LINE
8
BLACK
6
CONTINUOUS
10
6.4269355905511807
20
-3.8133834251968501
11
6.4266634251968506
21
-3.8120534645669291
0
LINE
8
BLACK
6
CONTINUOUS
10
6.4266634251968506
20
-3.8120534645669291
11
6.4263121259842517
21
-3.810742401574803
0
LINE
8
BLACK
6
CONTINUOUS
10
6.4263121259842517
20
-3.810742401574803
11
6.4263121259842517
21
-3.8023059448818897
0
LINE
8
BLACK
6
CONTINUOUS
10
6.4263121259842517
20
-3.8023059448818897
11
6.4266634251968506
21
-3.8009948425196849
0
LINE
8
BLACK
6
CONTINUOUS
10
6.4266634251968506
20
-3.8009948425196849
11
6.4269355905511807
21
-3.7996649212598426
0
LINE
8
BLACK
6
CONTINUOUS
10
6.4269355905511807
20
-3.7996649212598426
11
6.4297477559055114
21
-3.7940406299212599
0
LINE
8
BLACK
6
CONTINUOUS
10
6.4297477559055114
20
-3.7940406299212599
11
6.4303785433070866
21
-3.7933292519685038
0
LINE
8
BLACK
6
CONTINUOUS
10
6.4303785433070866
20
-3.7933292519685038
11
6.4308539763779526
21
-3.7925058267716536
0
LINE
8
BLACK
6
CONTINUOUS
10
6.4308539763779526
20
-3.7925058267716536
11
6.4336661023622046
21
-3.7896937007874016
0
LINE
8
BLACK
6
CONTINUOUS
10
6.4336661023622046
20
-3.7896937007874016
11
6.4344895275590552
21
-3.7892182677165351
0
LINE
8
BLACK
6
CONTINUOUS
10
6.4344895275590552
20
-3.7892182677165351
11
6.4352009055118105
21
-3.7885874803149604
0
LINE
8
BLACK
6
CONTINUOUS
10
6.4352009055118105
20
-3.7885874803149604
11
6.4408251574803153
21
-3.7857753149606297
0
LINE
8
BLACK
6
CONTINUOUS
10
6.4408251574803153
20
-3.7857753149606297
11
6.4421551574803146
21
-3.7855031102362204
0
LINE
8
BLACK
6
CONTINUOUS
10
6.4421551574803146
20
-3.7855031102362204
11
6.4434662204724411
21
-3.7851518503937007
0
LINE
8
BLACK
6
CONTINUOUS
10
6.4434662204724411
20
-3.7851518503937007
11
6.4603391338582679
21
-3.7851518503937007
0
LINE
8
BLACK
6
CONTINUOUS
10
6.4603391338582679
20
-3.7851518503937007
11
6.4616501968503934
21
-3.7855031496062992
0
LINE
8
BLACK
6
CONTINUOUS
10
6.4413401181102357
20
-3.7987229527559054
11
6.4398832677165352
21
-3.8001798031496064
0
LINE
8
BLACK
6
CONTINUOUS
10
6.4398832677165352
20
-3.8001798031496064
11
6.4381231496062989
21
-3.8037000393700788
0
LINE
8
BLACK
6
CONTINUOUS
10
6.4381231496062989
20
-3.8037000393700788
11
6.4381231496062989
21
-3.8093482677165356
0
LINE
8
BLACK
6
CONTINUOUS
10
6.4381231496062989
20
-3.8093482677165356
11
6.4398832677165352
21
-3.8128685433070864
0
LINE
8
BLACK
6
CONTINUOUS
10
6.4398832677165352
20
-3.8128685433070864
11
6.4413401181102357
21
-3.8143253937007873
0
LINE
8
BLACK
6
CONTINUOUS
10
6.4413401181102357
20
-3.8143253937007873
11
6.4448603149606294
21
-3.8160854724409448
0
LINE
8
BLACK
6
CONTINUOUS
10
6.4448603149606294
20
-3.8160854724409448
11
6.4589450393700787
21
-3.8160854724409448
0
LINE
8
BLACK
6
CONTINUOUS
10
6.4589450393700787
20
-3.8160854724409448
11
6.4624651968503937
21
-3.8143253937007873
0
LINE
8
BLACK
6
CONTINUOUS
10
6.4624651968503937
20
-3.8143253937007873
11
6.4639220866141729
21
-3.8128685039370076
0
LINE
8
BLACK
6
CONTINUOUS
10
6.4639220866141729
20
-3.8128685039370076
11
6.4656822047244091
21
-3.8093483070866139
0
LINE
8
BLACK
6
CONTINUOUS
10
6.4656822047244091
20
-3.8093483070866139
11
6.4656822047244091
21
-3.8037000000000001
0
LINE
8
BLACK
6
CONTINUOUS
10
6.4656822047244091
20
-3.8037000000000001
11
6.4639221259842516
21
-3.8001798425196851
0
LINE
8
BLACK
6
CONTINUOUS
10
6.4639221259842516
20
-3.8001798425196851
11
6.4624652755905512
21
-3.7987229921259842
0
LINE
8
BLACK
6
CONTINUOUS
10
6.4624652755905512
20
-3.7987229921259842
11
6.4589450393700787
21
-3.7969628740157479
0
LINE
8
BLACK
6
CONTINUOUS
10
6.4589450393700787
20
-3.7969628740157479
11
6.4448603149606294
21
-3.7969628740157479
0
LINE
8
BLACK
6
CONTINUOUS
10
6.4448603149606294
20
-3.7969628740157479
11
6.4413401181102357
21
-3.7987229527559054
0
LINE
8
BLACK
6
CONTINUOUS
10
5.7802564566929133
20
-3.7042417716535434
11
5.7802794488188978
21
-3.7062644488188976
0
LINE
8
BLACK
6
CONTINUOUS
10
5.7802794488188978
20
-3.7062644488188976
11
5.780348307086614
21
-3.7082003149606297
0
LINE
8
BLACK
6
CONTINUOUS
10
5.780348307086614
20
-3.7082003149606297
11
5.780463149606299
21
-3.7100493307086615
0
LINE
8
BLACK
6
CONTINUOUS
10
5.780463149606299
20
-3.7100493307086615
11
5.7806239370078742
21
-3.7118115748031495
0
LINE
8
BLACK
6
CONTINUOUS
10
5.7806239370078742
20
-3.7118115748031495
11
5.7808307086614175
21
-3.7134870078740159
0
LINE
8
BLACK
6
CONTINUOUS
10
5.7808307086614175
20
-3.7134870078740159
11
5.7810834251968499
21
-3.7150756692913385
0
LINE
8
BLACK
6
CONTINUOUS
10
5.7810834251968499
20
-3.7150756692913385
11
5.7813821653543309
21
-3.7165775196850395
0
LINE
8
BLACK
6
CONTINUOUS
10
5.7813821653543309
20
-3.7165775196850395
11
5.781726889763779
21
-3.7179926377952754
0
LINE
8
BLACK
6
CONTINUOUS
10
5.781726889763779
20
-3.7179926377952754
11
5.7819207086614171
21
-3.7186697637795274
0
LINE
8
BLACK
6
CONTINUOUS
10
5.7819207086614171
20
-3.7186697637795274
11
5.7821344488188977
21
-3.7193277559055118
0
LINE
8
BLACK
6
CONTINUOUS
10
5.7821344488188977
20
-3.7193277559055118
11
5.7823680708661414
21
-3.7199666929133857
0
LINE
8
BLACK
6
CONTINUOUS
10
5.7823680708661414
20
-3.7199666929133857
11
5.7826216535433073
21
-3.7205865354330707
0
LINE
8
BLACK
6
CONTINUOUS
10
5.7826216535433073
20
-3.7205865354330707
11
5.7828951574803149
21
-3.721187283464567
0
LINE
8
BLACK
6
CONTINUOUS
10
5.7828951574803149
20
-3.721187283464567
11
5.7831885826771652
21
-3.7217690157480314
0
LINE
8
BLACK
6
CONTINUOUS
10
5.7831885826771652
20
-3.7217690157480314
11
5.7835019291338581
21
-3.7223316535433071
0
LINE
8
BLACK
6
CONTINUOUS
10
5.7835019291338581
20
-3.7223316535433071
11
5.7838351968503936
21
-3.722875275590551
0
LINE
8
BLACK
6
CONTINUOUS
10
5.7838351968503936
20
-3.722875275590551
11
5.7841883858267717
21
-3.7233998818897636
0
LINE
8
BLACK
6
CONTINUOUS
10
5.7841883858267717
20
-3.7233998818897636
11
5.7845614960629916
21
-3.7239054330708661
0
LINE
8
BLACK
6
CONTINUOUS
10
5.7845614960629916
20
-3.7239054330708661
11
5.7849545669291338
21
-3.7243920078740156
0
LINE
8
BLACK
6
CONTINUOUS
10
5.7849545669291338
20
-3.7243920078740156
11
5.7853675590551177
21
-3.7248595669291338
0
LINE
8
BLACK
6
CONTINUOUS
10
5.7853675590551177
20
-3.7248595669291338
11
5.7858005118110238
21
-3.7253081889763777
0
LINE
8
BLACK
6
CONTINUOUS
10
5.7858005118110238
20
-3.7253081889763777
11
5.7862533858267717
21
-3.7257377952755903
0
LINE
8
BLACK
6
CONTINUOUS
10
5.7862533858267717
20
-3.7257377952755903
11
5.7867261811023623
21
-3.7261484251968504
0
LINE
8
BLACK
6
CONTINUOUS
10
5.7867261811023623
20
-3.7261484251968504
11
5.7872189763779529
21
-3.726540157480315
0
LINE
8
BLACK
6
CONTINUOUS
10
5.7872189763779529
20
-3.726540157480315
11
5.7877339763779529
21
-3.7269099999999997
0
LINE
8
BLACK
6
CONTINUOUS
10
5.7877339763779529
20
-3.7269099999999997
11
5.7882751181102359
21
-3.7272560236220471
0
LINE
8
BLACK
6
CONTINUOUS
10
5.7882751181102359
20
-3.7272560236220471
11
5.7888424015748035
21
-3.7275782283464567
0
LINE
8
BLACK
6
CONTINUOUS
10
5.7888424015748035
20
-3.7275782283464567
11
5.7894357874015743
21
-3.7278765748031497
0
LINE
8
BLACK
6
CONTINUOUS
10
5.7894357874015743
20
-3.7278765748031497
11
5.7900553149606298
21
-3.7281511023622045
0
LINE
8
BLACK
6
CONTINUOUS
10
5.7900553149606298
20
-3.7281511023622045
11
5.7907010236220469
21
-3.7284017716535431
0
LINE
8
BLACK
6
CONTINUOUS
10
5.7907010236220469
20
-3.7284017716535431
11
5.791372834645669
21
-3.7286285826771652
0
LINE
8
BLACK
6
CONTINUOUS
10
5.791372834645669
20
-3.7286285826771652
11
5.7920707874015749
21
-3.7288315748031495
0
LINE
8
BLACK
6
CONTINUOUS
10
5.7920707874015749
20
-3.7288315748031495
11
5.7927948818897637
21
-3.7290106692913385
0
LINE
8
BLACK
6
CONTINUOUS
10
5.7927948818897637
20
-3.7290106692913385
11
5.793545157480315
21
-3.7291659055118109
0
LINE
8
BLACK
6
CONTINUOUS
10
5.793545157480315
20
-3.7291659055118109
11
5.7943215748031491
21
-3.7292972834645668
0
LINE
8
BLACK
6
CONTINUOUS
10
5.7943215748031491
20
-3.7292972834645668
11
5.795124133858268
21
-3.7294048031496061
0
LINE
8
BLACK
6
CONTINUOUS
10
5.795124133858268
20
-3.7294048031496061
11
5.7959528740157475
21
-3.7294884251968501
0
LINE
8
BLACK
6
CONTINUOUS
10
5.7959528740157475
20
-3.7294884251968501
11
5.7968077559055118
21
-3.7295481496062992
0
LINE
8
BLACK
6
CONTINUOUS
10
5.7968077559055118
20
-3.7295481496062992
11
5.7976888188976377
21
-3.7295840157480313
0
LINE
8
BLACK
6
CONTINUOUS
10
5.7976888188976377
20
-3.7295840157480313
11
5.7985960236220473
21
-3.7295959448818898
0
LINE
8
BLACK
6
CONTINUOUS
10
5.7985960236220473
20
-3.7295959448818898
11
5.7995018110236218
21
-3.7295840157480313
0
LINE
8
BLACK
6
CONTINUOUS
10
5.7995018110236218
20
-3.7295840157480313
11
5.8003816535433073
21
-3.7295481496062992
0
LINE
8
BLACK
6
CONTINUOUS
10
5.8003816535433073
20
-3.7295481496062992
11
5.8012355511811018
21
-3.7294884251968501
0
LINE
8
BLACK
6
CONTINUOUS
10
5.8012355511811018
20
-3.7294884251968501
11
5.8020634645669293
21
-3.7294048031496061
0
LINE
8
BLACK
6
CONTINUOUS
10
5.8020634645669293
20
-3.7294048031496061
11
5.8028653543307085
21
-3.7292972834645668
0
LINE
8
BLACK
6
CONTINUOUS
10
5.8028653543307085
20
-3.7292972834645668
11
5.8036412992125985
21
-3.7291659055118109
0
LINE
8
BLACK
6
CONTINUOUS
10
5.8036412992125985
20
-3.7291659055118109
11
5.8043911811023623
21
-3.7290106692913385
0
LINE
8
BLACK
6
CONTINUOUS
10
5.8043911811023623
20
-3.7290106692913385
11
5.8051150393700786
21
-3.7288315748031495
0
LINE
8
BLACK
6
CONTINUOUS
10
5.8051150393700786
20
-3.7288315748031495
11
5.8058128740157482
21
-3.7286285826771652
0
LINE
8
BLACK
6
CONTINUOUS
10
5.8058128740157482
20
-3.7286285826771652
11
5.8064846062992128
21
-3.7284017716535431
0
LINE
8
BLACK
6
CONTINUOUS
10
5.8064846062992128
20
-3.7284017716535431
11
5.8071302755905512
21
-3.7281511023622045
0
LINE
8
BLACK
6
CONTINUOUS
10
5.8071302755905512
20
-3.7281511023622045
11
5.8077498425196845
21
-3.7278765748031497
0
LINE
8
BLACK
6
CONTINUOUS
10
5.8077498425196845
20
-3.7278765748031497
11
5.8083433070866137
21
-3.7275782283464567
0
LINE
8
BLACK
6
CONTINUOUS
10
5.8083433070866137
20
-3.7275782283464567
11
5.8089106299212601
21
-3.7272560236220471
0
LINE
8
BLACK
6
CONTINUOUS
10
5.8089106299212601
20
-3.7272560236220471
11
5.8094518110236217
21
-3.7269099999999997
0
LINE
8
BLACK
6
CONTINUOUS
10
5.8094518110236217
20
-3.7269099999999997
11
5.8099668503937005
21
-3.726540157480315
0
LINE
8
BLACK
6
CONTINUOUS
10
5.8099668503937005
20
-3.726540157480315
11
5.8104592913385824
21
-3.7261484645669292
0
LINE
8
BLACK
6
CONTINUOUS
10
5.8104592913385824
20
-3.7261484645669292
11
5.8109318897637792
21
-3.7257377952755903
0
LINE
8
BLACK
6
CONTINUOUS
10
5.8109318897637792
20
-3.7257377952755903
11
5.8113846456692908
21
-3.7253081889763777
0
LINE
8
BLACK
6
CONTINUOUS
10
5.8113846456692908
20
-3.7253081889763777
11
5.8118175196850395
21
-3.7248596062992125
0
LINE
8
BLACK
6
CONTINUOUS
10
5.8118175196850395
20
-3.7248596062992125
11
5.8122305118110233
21
-3.7243920078740156
0
LINE
8
BLACK
6
CONTINUOUS
10
5.8122305118110233
20
-3.7243920078740156
11
5.812623661417323
21
-3.7239054330708661
0
LINE
8
BLACK
6
CONTINUOUS
10
5.812623661417323
20
-3.7239054330708661
11
5.8129968897637792
21
-3.7233998818897636
0
LINE
8
BLACK
6
CONTINUOUS
10
5.8129968897637792
20
-3.7233998818897636
11
5.8133501968503936
21
-3.722875275590551
0
LINE
8
BLACK
6
CONTINUOUS
10
5.8133501968503936
20
-3.722875275590551
11
5.8136835826771653
21
-3.7223316535433071
0
LINE
8
BLACK
6
CONTINUOUS
10
5.8136835826771653
20
-3.7223316535433071
11
5.8139970472440945
21
-3.7217690157480314
0
LINE
8
BLACK
6
CONTINUOUS
10
5.8139970472440945
20
-3.7217690157480314
11
5.8142905511811023
21
-3.721187283464567
0
LINE
8
BLACK
6
CONTINUOUS
10
5.8142905511811023
20
-3.721187283464567
11
5.8145641338582674
21
-3.7205865354330707
0
LINE
8
BLACK
6
CONTINUOUS
10
5.8145641338582674
20
-3.7205865354330707
11
5.8148177165354333
21
-3.7199666929133857
0
LINE
8
BLACK
6
CONTINUOUS
10
5.8148177165354333
20
-3.7199666929133857
11
5.8150512992125982
21
-3.7193277559055118
0
LINE
8
BLACK
6
CONTINUOUS
10
5.8150512992125982
20
-3.7193277559055118
11
5.8152649212598426
21
-3.7186697637795274
0
LINE
8
BLACK
6
CONTINUOUS
10
5.8152649212598426
20
-3.7186697637795274
11
5.8154585039370081
21
-3.7179926377952754
0
LINE
8
BLACK
6
CONTINUOUS
10
5.8154585039370081
20
-3.7179926377952754
11
5.81580342519685
21
-3.7165775196850395
0
LINE
8
BLACK
6
CONTINUOUS
10
5.81580342519685
20
-3.7165775196850395
11
5.8161022834645664
21
-3.7150756692913385
0
LINE
8
BLACK
6
CONTINUOUS
10
5.8161022834645664
20
-3.7150756692913385
11
5.816355118110236
21
-3.7134870078740159
0
LINE
8
BLACK
6
CONTINUOUS
10
5.816355118110236
20
-3.7134870078740159
11
5.8165619291338579
21
-3.7118115748031495
0
LINE
8
BLACK
6
CONTINUOUS
10
5.8165619291338579
20
-3.7118115748031495
11
5.8167227165354332
21
-3.7100493700787402
0
LINE
8
BLACK
6
CONTINUOUS
10
5.8167227165354332
20
-3.7100493700787402
11
5.8168375590551182
21
-3.7082003149606297
0
LINE
8
BLACK
6
CONTINUOUS
10
5.8168375590551182
20
-3.7082003149606297
11
5.8169064173228344
21
-3.7062644488188976
0
LINE
8
BLACK
6
CONTINUOUS
10
5.8169064173228344
20
-3.7062644488188976
11
5.8169293700787401
21
-3.7042417716535434
0
LINE
8
BLACK
6
CONTINUOUS
10
5.8169293700787401
20
-3.7042417716535434
11
5.8169293700787401
21
-3.6626987007874017
0
LINE
8
BLACK
6
CONTINUOUS
10
5.8169293700787401
20
-3.6626987007874017
11
5.831416889763779
21
-3.6626987007874017
0
LINE
8
BLACK
6
CONTINUOUS
10
5.831416889763779
20
-3.6626987007874017
11
5.831416889763779
21
-3.7079772047244095
0
LINE
8
BLACK
6
CONTINUOUS
10
5.831416889763779
20
-3.7079772047244095
11
5.8313846062992125
21
-3.7100288976377951
0
LINE
8
BLACK
6
CONTINUOUS
10
5.8313846062992125
20
-3.7100288976377951
11
5.8312877952755908
21
-3.7120244488188976
0
LINE
8
BLACK
6
CONTINUOUS
10
5.8312877952755908
20
-3.7120244488188976
11
5.8311264173228343
21
-3.7139638976377953
0
LINE
8
BLACK
6
CONTINUOUS
10
5.8311264173228343
20
-3.7139638976377953
11
5.8309005511811023
21
-3.7158472047244095
0
LINE
8
BLACK
6
CONTINUOUS
10
5.8309005511811023
20
-3.7158472047244095
11
5.8306101181102363
21
-3.7176743307086615
0
LINE
8
BLACK
6
CONTINUOUS
10
5.8306101181102363
20
-3.7176743307086615
11
5.830255196850394
21
-3.7194453543307087
0
LINE
8
BLACK
6
CONTINUOUS
10
5.830255196850394
20
-3.7194453543307087
11
5.8298357480314955
21
-3.7211602362204723
0
LINE
8
BLACK
6
CONTINUOUS
10
5.8298357480314955
20
-3.7211602362204723
11
5.8293517716535428
21
-3.7228189763779529
0
LINE
8
BLACK
6
CONTINUOUS
10
5.8293517716535428
20
-3.7228189763779529
11
5.8288033070866136
21
-3.7244216141732283
0
LINE
8
BLACK
6
CONTINUOUS
10
5.8288033070866136
20
-3.7244216141732283
11
5.8281903543307081
21
-3.7259680708661418
0
LINE
8
BLACK
6
CONTINUOUS
10
5.8281903543307081
20
-3.7259680708661418
11
5.827512913385827
21
-3.7274583858267714
0
LINE
8
BLACK
6
CONTINUOUS
10
5.827512913385827
20
-3.7274583858267714
11
5.8267709842519686
21
-3.7288925590551179
0
LINE
8
BLACK
6
CONTINUOUS
10
5.8267709842519686
20
-3.7288925590551179
11
5.8259645669291338
21
-3.7302705905511808
0
LINE
8
BLACK
6
CONTINUOUS
10
5.8259645669291338
20
-3.7302705905511808
11
5.8250937007874013
21
-3.7315924803149607
0
LINE
8
BLACK
6
CONTINUOUS
10
5.8250937007874013
20
-3.7315924803149607
11
5.8241583464566924
21
-3.7328582283464566
0
LINE
8
BLACK
6
CONTINUOUS
10
5.8241583464566924
20
-3.7328582283464566
11
5.8231585433070867
21
-3.7340677952755903
0
LINE
8
BLACK
6
CONTINUOUS
10
5.8231585433070867
20
-3.7340677952755903
11
5.8220936220472437
21
-3.7352120866141729
0
LINE
8
BLACK
6
CONTINUOUS
10
5.8220936220472437
20
-3.7352120866141729
11
5.8209659842519681
21
-3.7362825196850391
0
LINE
8
BLACK
6
CONTINUOUS
10
5.8209659842519681
20
-3.7362825196850391
11
5.81977562992126
21
-3.7372791732283464
0
LINE
8
BLACK
6
CONTINUOUS
10
5.81977562992126
20
-3.7372791732283464
11
5.8185225984251971
21
-3.7382020078740155
0
LINE
8
BLACK
6
CONTINUOUS
10
5.8185225984251971
20
-3.7382020078740155
11
5.8172068897637796
21
-3.7390509842519686
0
LINE
8
BLACK
6
CONTINUOUS
10
5.8172068897637796
20
-3.7390509842519686
11
5.8158284645669287
21
-3.7398261811023623
0
LINE
8
BLACK
6
CONTINUOUS
10
5.8158284645669287
20
-3.7398261811023623
11
5.814387362204724
21
-3.7405275196850392
0
LINE
8
BLACK
6
CONTINUOUS
10
5.814387362204724
20
-3.7405275196850392
11
5.8128835433070867
21
-3.7411550787401575
0
LINE
8
BLACK
6
CONTINUOUS
10
5.8128835433070867
20
-3.7411550787401575
11
5.8113170472440947
21
-3.741708779527559
0
LINE
8
BLACK
6
CONTINUOUS
10
5.8113170472440947
20
-3.741708779527559
11
5.8096878346456693
21
-3.7421886614173228
0
LINE
8
BLACK
6
CONTINUOUS
10
5.8096878346456693
20
-3.7421886614173228
11
5.8079959448818892
21
-3.7425947244094488
0
LINE
8
BLACK
6
CONTINUOUS
10
5.8079959448818892
20
-3.7425947244094488
11
5.8062413385826774
21
-3.7429269685039368
0
LINE
8
BLACK
6
CONTINUOUS
10
5.8062413385826774
20
-3.7429269685039368
11
5.8044240551181101
21
-3.7431853937007875
0
LINE
8
BLACK
6
CONTINUOUS
10
5.8044240551181101
20
-3.7431853937007875
11
5.802544094488189
21
-3.7433699606299213
0
LINE
8
BLACK
6
CONTINUOUS
10
5.802544094488189
20
-3.7433699606299213
11
5.8006014173228344
21
-3.743480708661417
0
LINE
8
BLACK
6
CONTINUOUS
10
5.8006014173228344
20
-3.743480708661417
11
5.7985960236220473
21
-3.7435175984251967
0
LINE
8
BLACK
6
CONTINUOUS
10
5.7985960236220473
20
-3.7435175984251967
11
5.7965895275590551
21
-3.743480708661417
0
LINE
8
BLACK
6
CONTINUOUS
10
5.7965895275590551
20
-3.743480708661417
11
5.7946458661417317
21
-3.7433699606299213
0
LINE
8
BLACK
6
CONTINUOUS
10
5.7946458661417317
20
-3.7433699606299213
11
5.7927649606299214
21
-3.7431853937007875
0
LINE
8
BLACK
6
CONTINUOUS
10
5.7927649606299214
20
-3.7431853937007875
11
5.790946889763779
21
-3.7429269685039368
0
LINE
8
BLACK
6
CONTINUOUS
10
5.790946889763779
20
-3.7429269685039368
11
5.7891916141732285
21
-3.7425947244094488
0
LINE
8
BLACK
6
CONTINUOUS
10
5.7891916141732285
20
-3.7425947244094488
11
5.7874991732283467
21
-3.7421886614173228
0
LINE
8
BLACK
6
CONTINUOUS
10
5.7874991732283467
20
-3.7421886614173228
11
5.785869527559055
21
-3.741708779527559
0
LINE
8
BLACK
6
CONTINUOUS
10
5.785869527559055
20
-3.741708779527559
11
5.784302716535433
21
-3.7411550787401575
0
LINE
8
BLACK
6
CONTINUOUS
10
5.784302716535433
20
-3.7411550787401575
11
5.7827987007874011
21
-3.7405275196850392
0
LINE
8
BLACK
6
CONTINUOUS
10
5.7827987007874011
20
-3.7405275196850392
11
5.7813575590551176
21
-3.7398261811023623
0
LINE
8
BLACK
6
CONTINUOUS
10
5.7813575590551176
20
-3.7398261811023623
11
5.7799792125984251
21
-3.7390509842519686
0
LINE
8
BLACK
6
CONTINUOUS
10
5.7799792125984251
20
-3.7390509842519686
11
5.7786637007874013
21
-3.7382020078740155
0
LINE
8
BLACK
6
CONTINUOUS
10
5.7786637007874013
20
-3.7382020078740155
11
5.7774110236220473
21
-3.7372791732283464
0
LINE
8
BLACK
6
CONTINUOUS
10
5.7774110236220473
20
-3.7372791732283464
11
5.776221181102362
21
-3.7362825196850391
0
LINE
8
BLACK
6
CONTINUOUS
10
5.776221181102362
20
-3.7362825196850391
11
5.7750941732283465
21
-3.7352120866141729
0
LINE
8
BLACK
6
CONTINUOUS
10
5.7750941732283465
20
-3.7352120866141729
11
5.7740299999999998
21
-3.7340677952755903
0
LINE
8
BLACK
6
CONTINUOUS
10
5.7740299999999998
20
-3.7340677952755903
11
5.7730294488188978
21
-3.7328582283464566
0
LINE
8
BLACK
6
CONTINUOUS
10
5.7730294488188978
20
-3.7328582283464566
11
5.7720934645669288
21
-3.7315924803149607
0
LINE
8
BLACK
6
CONTINUOUS
10
5.7720934645669288
20
-3.7315924803149607
11
5.7712220472440947
21
-3.7302705905511808
0
LINE
8
BLACK
6
CONTINUOUS
10
5.7712220472440947
20
-3.7302705905511808
11
5.7704151968503936
21
-3.7288925590551179
0
LINE
8
BLACK
6
CONTINUOUS
10
5.7704151968503936
20
-3.7288925590551179
11
5.7696729133858264
21
-3.7274583858267714
0
LINE
8
BLACK
6
CONTINUOUS
10
5.7696729133858264
20
-3.7274583858267714
11
5.7689951968503932
21
-3.7259680708661418
0
LINE
8
BLACK
6
CONTINUOUS
10
5.7689951968503932
20
-3.7259680708661418
11
5.7683820472440948
21
-3.7244216141732283
0
LINE
8
BLACK
6
CONTINUOUS
10
5.7683820472440948
20
-3.7244216141732283
11
5.7678334645669294
21
-3.7228189763779529
0
LINE
8
BLACK
6
CONTINUOUS
10
5.7678334645669294
20
-3.7228189763779529
11
5.7673494094488191
21
-3.7211602362204723
0
LINE
8
BLACK
6
CONTINUOUS
10
5.7673494094488191
20
-3.7211602362204723
11
5.7669299212598428
21
-3.7194453543307087
0
LINE
8
BLACK
6
CONTINUOUS
10
5.7669299212598428
20
-3.7194453543307087
11
5.7665749999999996
21
-3.7176743307086615
0
LINE
8
BLACK
6
CONTINUOUS
10
5.7665749999999996
20
-3.7176743307086615
11
5.7662845669291336
21
-3.7158472047244095
0
LINE
8
BLACK
6
CONTINUOUS
10
5.7662845669291336
20
-3.7158472047244095
11
5.7660587401574803
21
-3.7139638976377953
0
LINE
8
BLACK
6
CONTINUOUS
10
5.7660587401574803
20
-3.7139638976377953
11
5.7658974015748035
21
-3.7120244488188976
0
LINE
8
BLACK
6
CONTINUOUS
10
5.7658974015748035
20
-3.7120244488188976
11
5.7658005905511809
21
-3.7100288976377951
0
LINE
8
BLACK
6
CONTINUOUS
10
5.7658005905511809
20
-3.7100288976377951
11
5.7657683464566931
21
-3.7079772047244095
0
LINE
8
BLACK
6
CONTINUOUS
10
5.7657683464566931
20
-3.7079772047244095
11
5.7657683464566931
21
-3.6626987007874017
0
LINE
8
BLACK
6
CONTINUOUS
10
5.7657683464566931
20
-3.6626987007874017
11
5.7802564566929133
21
-3.6626987007874017
0
LINE
8
BLACK
6
CONTINUOUS
10
5.7802564566929133
20
-3.6626987007874017
11
5.7802564566929133
21
-3.7042417716535434
0
LINE
8
BLACK
6
CONTINUOUS
10
5.6773675196850393
20
-3.6767353543307086
11
5.6549546062992126
21
-3.6767353543307086
0
LINE
8
BLACK
6
CONTINUOUS
10
5.6549546062992126
20
-3.6767353543307086
11
5.6549546062992126
21
-3.7419338582677164
0
LINE
8
BLACK
6
CONTINUOUS
10
5.6549546062992126
20
-3.7419338582677164
11
5.6404656299212599
21
-3.7419338582677164
0
LINE
8
BLACK
6
CONTINUOUS
10
5.6404656299212599
20
-3.7419338582677164
11
5.6404656299212599
21
-3.6767353543307086
0
LINE
8
BLACK
6
CONTINUOUS
10
5.6404656299212599
20
-3.6767353543307086
11
5.6180535433070862
21
-3.6767353543307086
0
LINE
8
BLACK
6
CONTINUOUS
10
5.6180535433070862
20
-3.6767353543307086
11
5.6180535433070862
21
-3.6626987007874017
0
LINE
8
BLACK
6
CONTINUOUS
10
5.6180535433070862
20
-3.6626987007874017
11
5.6773675196850393
21
-3.6626987007874017
0
LINE
8
BLACK
6
CONTINUOUS
10
5.6773675196850393
20
-3.6626987007874017
11
5.6773675196850393
21
-3.6767353543307086
0
LINE
8
BLACK
6
CONTINUOUS
10
5.6999806299212601
20
-3.6940530314960629
11
5.7362003937007877
21
-3.6940530314960629
0
LINE
8
BLACK
6
CONTINUOUS
10
5.7362003937007877
20
-3.6940530314960629
11
5.7362003937007877
21
-3.6626987007874017
0
LINE
8
BLACK
6
CONTINUOUS
10
5.7362003937007877
20
-3.6626987007874017
11
5.7506910236220472
21
-3.6626987007874017
0
LINE
8
BLACK
6
CONTINUOUS
10
5.7506910236220472
20
-3.6626987007874017
11
5.7506910236220472
21
-3.7419338582677164
0
LINE
8
BLACK
6
CONTINUOUS
10
5.7506910236220472
20
-3.7419338582677164
11
5.7362003937007877
21
-3.7419338582677164
0
LINE
8
BLACK
6
CONTINUOUS
10
5.7362003937007877
20
-3.7419338582677164
11
5.7362003937007877
21
-3.7076370078740157
0
LINE
8
BLACK
6
CONTINUOUS
10
5.7362003937007877
20
-3.7076370078740157
11
5.6999806299212601
21
-3.7076370078740157
0
LINE
8
BLACK
6
CONTINUOUS
10
5.6999806299212601
20
-3.7076370078740157
11
5.6999806299212601
21
-3.7419338582677164
0
LINE
8
BLACK
6
CONTINUOUS
10
5.6999806299212601
20
-3.7419338582677164
11
5.6854933464566928
21
-3.7419338582677164
0
LINE
8
BLACK
6
CONTINUOUS
10
5.6854933464566928
20
-3.7419338582677164
11
5.6854933464566928
21
-3.6626987007874017
0
LINE
8
BLACK
6
CONTINUOUS
10
5.6854933464566928
20
-3.6626987007874017
11
5.6999806299212601
21
-3.6626987007874017
0
LINE
8
BLACK
6
CONTINUOUS
10
5.6999806299212601
20
-3.6626987007874017
11
5.6999806299212601
21
-3.6940530314960629
0
LINE
8
BLACK
6
CONTINUOUS
10
5.8946022834645664
20
-3.7138625984251967
11
5.8946022834645664
21
-3.6626987007874017
0
LINE
8
BLACK
6
CONTINUOUS
10
5.8946022834645664
20
-3.6626987007874017
11
5.9090897637795274
21
-3.6626987007874017
0
LINE
8
BLACK
6
CONTINUOUS
10
5.9090897637795274
20
-3.6626987007874017
11
5.9090897637795274
21
-3.7419338582677164
0
LINE
8
BLACK
6
CONTINUOUS
10
5.9090897637795274
20
-3.7419338582677164
11
5.8972043700787404
21
-3.7419338582677164
0
LINE
8
BLACK
6
CONTINUOUS
10
5.8972043700787404
20
-3.7419338582677164
11
5.8609835039370077
21
-3.6876036614173229
0
LINE
8
BLACK
6
CONTINUOUS
10
5.8609835039370077
20
-3.6876036614173229
11
5.8609835039370077
21
-3.7419338582677164
0
LINE
8
BLACK
6
CONTINUOUS
10
5.8609835039370077
20
-3.7419338582677164
11
5.8464960236220467
21
-3.7419338582677164
0
LINE
8
BLACK
6
CONTINUOUS
10
5.8464960236220467
20
-3.7419338582677164
11
5.8464960236220467
21
-3.6626987007874017
0
LINE
8
BLACK
6
CONTINUOUS
10
5.8464960236220467
20
-3.6626987007874017
11
5.8607564566929131
21
-3.6626987007874017
0
LINE
8
BLACK
6
CONTINUOUS
10
5.8607564566929131
20
-3.6626987007874017
11
5.8946022834645664
21
-3.7138625984251967
0
LINE
8
BLACK
6
CONTINUOUS
10
5.955949291338583
20
-3.662717244094488
11
5.9573355511811021
21
-3.662772992125984
0
LINE
8
BLACK
6
CONTINUOUS
10
5.9573355511811021
20
-3.662772992125984
11
5.9587028346456687
21
-3.6628659055118109
0
LINE
8
BLACK
6
CONTINUOUS
10
5.9587028346456687
20
-3.6628659055118109
11
5.9600511023622049
21
-3.6629959448818896
0
LINE
8
BLACK
6
CONTINUOUS
10
5.9600511023622049
20
-3.6629959448818896
11
5.9613803149606301
21
-3.6631631496062993
0
LINE
8
BLACK
6
CONTINUOUS
10
5.9613803149606301
20
-3.6631631496062993
11
5.9626905905511807
21
-3.6633675196850395
0
LINE
8
BLACK
6
CONTINUOUS
10
5.9626905905511807
20
-3.6633675196850395
11
5.9639818503937008
21
-3.6636090551181102
0
LINE
8
BLACK
6
CONTINUOUS
10
5.9639818503937008
20
-3.6636090551181102
11
5.9652540944881887
21
-3.6638877559055119
0
LINE
8
BLACK
6
CONTINUOUS
10
5.9652540944881887
20
-3.6638877559055119
11
5.9665074015748027
21
-3.6642035826771653
0
LINE
8
BLACK
6
CONTINUOUS
10
5.9665074015748027
20
-3.6642035826771653
11
5.967741771653543
21
-3.6645565748031497
0
LINE
8
BLACK
6
CONTINUOUS
10
5.967741771653543
20
-3.6645565748031497
11
5.9689571653543307
21
-3.6649467322834646
0
LINE
8
BLACK
6
CONTINUOUS
10
5.9689571653543307
20
-3.6649467322834646
11
5.9701536220472438
21
-3.66537405511811
0
LINE
8
BLACK
6
CONTINUOUS
10
5.9701536220472438
20
-3.66537405511811
11
5.971331141732283
21
-3.6658385433070864
0
LINE
8
BLACK
6
CONTINUOUS
10
5.971331141732283
20
-3.6658385433070864
11
5.9724897244094484
21
-3.6663401968503937
0
LINE
8
BLACK
6
CONTINUOUS
10
5.9724897244094484
20
-3.6663401968503937
11
5.9736294094488187
21
-3.6668789763779528
0
LINE
8
BLACK
6
CONTINUOUS
10
5.9736294094488187
20
-3.6668789763779528
11
5.974750196850394
21
-3.6674549212598424
0
LINE
8
BLACK
6
CONTINUOUS
10
5.974750196850394
20
-3.6674549212598424
11
5.9758455118110234
21
-3.6680654330708662
0
LINE
8
BLACK
6
CONTINUOUS
10
5.9758455118110234
20
-3.6680654330708662
11
5.9769102755905514
21
-3.6687087401574803
0
LINE
8
BLACK
6
CONTINUOUS
10
5.9769102755905514
20
-3.6687087401574803
11
5.977944527559055
21
-3.6693847637795276
0
LINE
8
BLACK
6
CONTINUOUS
10
5.977944527559055
20
-3.6693847637795276
11
5.9789482677165351
21
-3.6700935826771652
0
LINE
8
BLACK
6
CONTINUOUS
10
5.9789482677165351
20
-3.6700935826771652
11
5.9799215354330704
21
-3.6708351181102361
0
LINE
8
BLACK
6
CONTINUOUS
10
5.9799215354330704
20
-3.6708351181102361
11
5.9808642913385821
21
-3.6716093700787402
0
LINE
8
BLACK
6
CONTINUOUS
10
5.9808642913385821
20
-3.6716093700787402
11
5.9817765354330703
21
-3.6724163385826771
0
LINE
8
BLACK
6
CONTINUOUS
10
5.9817765354330703
20
-3.6724163385826771
11
5.982658267716535
21
-3.673256062992126
0
LINE
8
BLACK
6
CONTINUOUS
10
5.982658267716535
20
-3.673256062992126
11
5.9835095275590549
21
-3.674128464566929
0
LINE
8
BLACK
6
CONTINUOUS
10
5.9835095275590549
20
-3.674128464566929
11
5.9843303149606299
21
-3.6750335826771652
0
LINE
8
BLACK
6
CONTINUOUS
10
5.9843303149606299
20
-3.6750335826771652
11
5.9851205905511806
21
-3.6759713385826771
0
LINE
8
BLACK
6
CONTINUOUS
10
5.9851205905511806
20
-3.6759713385826771
11
5.9858803543307086
21
-3.6769418110236218
0
LINE
8
BLACK
6
CONTINUOUS
10
5.9858803543307086
20
-3.6769418110236218
11
5.9866096850393697
21
-3.677944960629921
0
LINE
8
BLACK
6
CONTINUOUS
10
5.9866096850393697
20
-3.677944960629921
11
5.9873085039370073
21
-3.678980748031496
0
LINE
8
BLACK
6
CONTINUOUS
10
5.9873085039370073
20
-3.678980748031496
11
5.9879768897637797
21
-3.680049212598425
0
LINE
8
BLACK
6
CONTINUOUS
10
5.9879768897637797
20
-3.680049212598425
11
5.9886147637795277
21
-3.6811503149606297
0
LINE
8
BLACK
6
CONTINUOUS
10
5.9886147637795277
20
-3.6811503149606297
11
5.989217992125984
21
-3.6822811023622046
0
LINE
8
BLACK
6
CONTINUOUS
10
5.989217992125984
20
-3.6822811023622046
11
5.9897822440944877
21
-3.6834375196850391
0
LINE
8
BLACK
6
CONTINUOUS
10
5.9897822440944877
20
-3.6834375196850391
11
5.9903076377952758
21
-3.6846194881889764
0
LINE
8
BLACK
6
CONTINUOUS
10
5.9903076377952758
20
-3.6846194881889764
11
5.990794094488189
21
-3.6858270472440946
0
LINE
8
BLACK
6
CONTINUOUS
10
5.990794094488189
20
-3.6858270472440946
11
5.9912416141732283
21
-3.6870601968503935
0
LINE
8
BLACK
6
CONTINUOUS
10
5.9912416141732283
20
-3.6870601968503935
11
5.9916502362204724
21
-3.6883190157480312
0
LINE
8
BLACK
6
CONTINUOUS
10
5.9916502362204724
20
-3.6883190157480312
11
5.9920199606299214
21
-3.6896034251968501
0
LINE
8
BLACK
6
CONTINUOUS
10
5.9920199606299214
20
-3.6896034251968501
11
5.9923507480314964
21
-3.690913464566929
0
LINE
8
BLACK
6
CONTINUOUS
10
5.9923507480314964
20
-3.690913464566929
11
5.9926425984251965
21
-3.6922491338582675
0
LINE
8
BLACK
6
CONTINUOUS
10
5.9926425984251965
20
-3.6922491338582675
11
5.9928955511811024
21
-3.6936104330708659
0
LINE
8
BLACK
6
CONTINUOUS
10
5.9928955511811024
20
-3.6936104330708659
11
5.9931096062992122
21
-3.6949974015748031
0
LINE
8
BLACK
6
CONTINUOUS
10
5.9931096062992122
20
-3.6949974015748031
11
5.9932847244094489
21
-3.6964099999999998
0
LINE
8
BLACK
6
CONTINUOUS
10
5.9932847244094489
20
-3.6964099999999998
11
5.9934209448818896
21
-3.6978483070866139
0
LINE
8
BLACK
6
CONTINUOUS
10
5.9934209448818896
20
-3.6978483070866139
11
5.9935182283464563
21
-3.6993122440944881
0
LINE
8
BLACK
6
CONTINUOUS
10
5.9935182283464563
20
-3.6993122440944881
11
5.9935766141732278
21
-3.7008018897637793
0
LINE
8
BLACK
6
CONTINUOUS
10
5.9935766141732278
20
-3.7008018897637793
11
5.9935960629921254
21
-3.7023172047244093
0
LINE
8
BLACK
6
CONTINUOUS
10
5.9935960629921254
20
-3.7023172047244093
11
5.9935766141732278
21
-3.7038321653543305
0
LINE
8
BLACK
6
CONTINUOUS
10
5.9935766141732278
20
-3.7038321653543305
11
5.9935182283464563
21
-3.7053215748031496
0
LINE
8
BLACK
6
CONTINUOUS
10
5.9935182283464563
20
-3.7053215748031496
11
5.9934209448818896
21
-3.7067853937007875
0
LINE
8
BLACK
6
CONTINUOUS
10
5.9934209448818896
20
-3.7067853937007875
11
5.9932847244094489
21
-3.708223661417323
0
LINE
8
BLACK
6
CONTINUOUS
10
5.9932847244094489
20
-3.708223661417323
11
5.9931096062992122
21
-3.7096363385826772
0
LINE
8
BLACK
6
CONTINUOUS
10
5.9931096062992122
20
-3.7096363385826772
11
5.9928955511811024
21
-3.7110234251968501
0
LINE
8
BLACK
6
CONTINUOUS
10
5.9928955511811024
20
-3.7110234251968501
11
5.9926425984251965
21
-3.7123848818897636
0
LINE
8
BLACK
6
CONTINUOUS
10
5.9926425984251965
20
-3.7123848818897636
11
5.9923507480314964
21
-3.7137207480314958
0
LINE
8
BLACK
6
CONTINUOUS
10
5.9923507480314964
20
-3.7137207480314958
11
5.9920199606299214
21
-3.7150309842519684
0
LINE
8
BLACK
6
CONTINUOUS
10
5.9920199606299214
20
-3.7150309842519684
11
5.9916502362204724
21
-3.7163155511811024
0
LINE
8
BLACK
6
CONTINUOUS
10
5.9916502362204724
20
-3.7163155511811024
11
5.9912416141732283
21
-3.717574527559055
0
LINE
8
BLACK
6
CONTINUOUS
10
5.9912416141732283
20
-3.717574527559055
11
5.990794094488189
21
-3.718807834645669
0
LINE
8
BLACK
6
CONTINUOUS
10
5.990794094488189
20
-3.718807834645669
11
5.9903076377952758
21
-3.7200154330708659
0
LINE
8
BLACK
6
CONTINUOUS
10
5.9903076377952758
20
-3.7200154330708659
11
5.9897822440944877
21
-3.7211974015748033
0
LINE
8
BLACK
6
CONTINUOUS
10
5.9897822440944877
20
-3.7211974015748033
11
5.989217992125984
21
-3.7223537007874015
0
LINE
8
BLACK
6
CONTINUOUS
10
5.989217992125984
20
-3.7223537007874015
11
5.9886147637795277
21
-3.7234842913385826
0
LINE
8
BLACK
6
CONTINUOUS
10
5.9886147637795277
20
-3.7234842913385826
11
5.9879768897637797
21
-3.7245859055118111
0
LINE
8
BLACK
6
CONTINUOUS
10
5.9879768897637797
20
-3.7245859055118111
11
5.9873085433070861
21
-3.7256547244094489
0
LINE
8
BLACK
6
CONTINUOUS
10
5.9873085433070861
20
-3.7256547244094489
11
5.9866096850393697
21
-3.7266907874015747
0
LINE
8
BLACK
6
CONTINUOUS
10
5.9866096850393697
20
-3.7266907874015747
11
5.9858803937007874
21
-3.7276940551181101
0
LINE
8
BLACK
6
CONTINUOUS
10
5.9858803937007874
20
-3.7276940551181101
11
5.9851205905511806
21
-3.7286646062992124
0
LINE
8
BLACK
6
CONTINUOUS
10
5.9851205905511806
20
-3.7286646062992124
11
5.9843303149606299
21
-3.7296023622047243
0
LINE
8
BLACK
6
CONTINUOUS
10
5.9843303149606299
20
-3.7296023622047243
11
5.9835095669291336
21
-3.7305073622047242
0
LINE
8
BLACK
6
CONTINUOUS
10
5.9835095669291336
20
-3.7305073622047242
11
5.9826583070866137
21
-3.7313796456692914
0
LINE
8
BLACK
6
CONTINUOUS
10
5.9826583070866137
20
-3.7313796456692914
11
5.9817765354330703
21
-3.7322191732283465
0
LINE
8
BLACK
6
CONTINUOUS
10
5.9817765354330703
20
-3.7322191732283465
11
5.9808642913385821
21
-3.7330259842519684
0
LINE
8
BLACK
6
CONTINUOUS
10
5.9808642913385821
20
-3.7330259842519684
11
5.9799215354330704
21
-3.7338000393700788
0
LINE
8
BLACK
6
CONTINUOUS
10
5.9799215354330704
20
-3.7338000393700788
11
5.9789482677165351
21
-3.7345413779527559
0
LINE
8
BLACK
6
CONTINUOUS
10
5.9789482677165351
20
-3.7345413779527559
11
5.977944527559055
21
-3.7352499999999997
0
LINE
8
BLACK
6
CONTINUOUS
10
5.977944527559055
20
-3.7352499999999997
11
5.9769102755905514
21
-3.7359259448818896
0
LINE
8
BLACK
6
CONTINUOUS
10
5.9769102755905514
20
-3.7359259448818896
11
5.9758455118110234
21
-3.7365691732283466
0
LINE
8
BLACK
6
CONTINUOUS
10
5.9758455118110234
20
-3.7365691732283466
11
5.974750196850394
21
-3.7371796850393699
0
LINE
8
BLACK
6
CONTINUOUS
10
5.974750196850394
20
-3.7371796850393699
11
5.9736294094488187
21
-3.737755708661417
0
LINE
8
BLACK
6
CONTINUOUS
10
5.9736294094488187
20
-3.737755708661417
11
5.9724897244094484
21
-3.7382945275590549
0
LINE
8
BLACK
6
CONTINUOUS
10
5.9724897244094484
20
-3.7382945275590549
11
5.971331141732283
21
-3.7387961023622047
0
LINE
8
BLACK
6
CONTINUOUS
10
5.971331141732283
20
-3.7387961023622047
11
5.9701536220472438
21
-3.7392604724409448
0
LINE
8
BLACK
6
CONTINUOUS
10
5.9701536220472438
20
-3.7392604724409448
11
5.9689571653543307
21
-3.7396876771653544
0
LINE
8
BLACK
6
CONTINUOUS
10
5.9689571653543307
20
-3.7396876771653544
11
5.967741771653543
21
-3.7400776377952756
0
LINE
8
BLACK
6
CONTINUOUS
10
5.967741771653543
20
-3.7400776377952756
11
5.9665074015748027
21
-3.7404304330708662
0
LINE
8
BLACK
6
CONTINUOUS
10
5.9665074015748027
20
-3.7404304330708662
11
5.9652540944881887
21
-3.7407460629921259
0
LINE
8
BLACK
6
CONTINUOUS
10
5.9652540944881887
20
-3.7407460629921259
11
5.9639818503937008
21
-3.741024527559055
0
LINE
8
BLACK
6
CONTINUOUS
10
5.9639818503937008
20
-3.741024527559055
11
5.9626905905511807
21
-3.7412658267716536
0
LINE
8
BLACK
6
CONTINUOUS
10
5.9626905905511807
20
-3.7412658267716536
11
5.9613803149606301
21
-3.7414700000000001
0
LINE
8
BLACK
6
CONTINUOUS
10
5.9613803149606301
20
-3.7414700000000001
11
5.9600511023622049
21
-3.7416370078740155
0
LINE
8
BLACK
6
CONTINUOUS
10
5.9600511023622049
20
-3.7416370078740155
11
5.9587028346456687
21
-3.7417668897637792
0
LINE
8
BLACK
6
CONTINUOUS
10
5.9587028346456687
20
-3.7417668897637792
11
5.9573355511811021
21
-3.7418596456692912
0
LINE
8
BLACK
6
CONTINUOUS
10
5.9573355511811021
20
-3.7418596456692912
11
5.955949291338583
21
-3.7419153149606297
0
LINE
8
BLACK
6
CONTINUOUS
10
5.955949291338583
20
-3.7419153149606297
11
5.9545439370078741
21
-3.7419338582677164
0
LINE
8
BLACK
6
CONTINUOUS
10
5.9545439370078741
20
-3.7419338582677164
11
5.9248898031496058
21
-3.7419338582677164
0
LINE
8
BLACK
6
CONTINUOUS
10
5.9248898031496058
20
-3.7419338582677164
11
5.9248898031496058
21
-3.6756042913385825
0
LINE
8
BLACK
6
CONTINUOUS
10
5.9248898031496058
20
-3.6756042913385825
11
5.9248898031496058
21
-3.6626987007874017
0
LINE
8
BLACK
6
CONTINUOUS
10
5.9248898031496058
20
-3.6626987007874017
11
5.9545439370078741
21
-3.6626987007874017
0
LINE
8
BLACK
6
CONTINUOUS
10
5.9545439370078741
20
-3.6626987007874017
11
5.955949291338583
21
-3.662717244094488
0
LINE
8
BLACK
6
CONTINUOUS
10
5.9393772440944881
20
-3.7290303149606299
11
5.9545439370078741
21
-3.7290303149606299
0
LINE
8
BLACK
6
CONTINUOUS
10
5.9545439370078741
20
-3.7290303149606299
11
5.9559377952755908
21
-3.7290027165354331
0
LINE
8
BLACK
6
CONTINUOUS
10
5.9559377952755908
20
-3.7290027165354331
11
5.9572896456692916
21
-3.7289198818897638
0
LINE
8
BLACK
6
CONTINUOUS
10
5.9572896456692916
20
-3.7289198818897638
11
5.9585995275590546
21
-3.7287817716535434
0
LINE
8
BLACK
6
CONTINUOUS
10
5.9585995275590546
20
-3.7287817716535434
11
5.9598674015748028
21
-3.7285884251968504
0
LINE
8
BLACK
6
CONTINUOUS
10
5.9598674015748028
20
-3.7285884251968504
11
5.9610932677165351
21
-3.7283398425196848
0
LINE
8
BLACK
6
CONTINUOUS
10
5.9610932677165351
20
-3.7283398425196848
11
5.9622771653543305
21
-3.7280359448818898
0
LINE
8
BLACK
6
CONTINUOUS
10
5.9622771653543305
20
-3.7280359448818898
11
5.9634190551181101
21
-3.7276767716535431
0
LINE
8
BLACK
6
CONTINUOUS
10
5.9634190551181101
20
-3.7276767716535431
11
5.9645189370078739
21
-3.727262283464567
0
LINE
8
BLACK
6
CONTINUOUS
10
5.9645189370078739
20
-3.727262283464567
11
5.9655768503937008
21
-3.7267925196850391
0
LINE
8
BLACK
6
CONTINUOUS
10
5.9655768503937008
20
-3.7267925196850391
11
5.9665927559055119
21
-3.7262674015748032
0
LINE
8
BLACK
6
CONTINUOUS
10
5.9665927559055119
20
-3.7262674015748032
11
5.9675666929133859
21
-3.7256869685039371
0
LINE
8
BLACK
6
CONTINUOUS
10
5.9675666929133859
20
-3.7256869685039371
11
5.9684986220472442
21
-3.7250511811023621
0
LINE
8
BLACK
6
CONTINUOUS
10
5.9684986220472442
20
-3.7250511811023621
11
5.9693885826771655
21
-3.7243599999999999
0
LINE
8
BLACK
6
CONTINUOUS
10
5.9693885826771655
20
-3.7243599999999999
11
5.9702365354330711
21
-3.723613503937008
0
LINE
8
BLACK
6
CONTINUOUS
10
5.9702365354330711
20
-3.723613503937008
11
5.9710424803149609
21
-3.7228115748031496
0
LINE
8
BLACK
6
CONTINUOUS
10
5.9710424803149609
20
-3.7228115748031496
11
5.9718064566929137
21
-3.7219542913385828
0
LINE
8
BLACK
6
CONTINUOUS
10
5.9718064566929137
20
-3.7219542913385828
11
5.9725258661417318
21
-3.7210488582677166
0
LINE
8
BLACK
6
CONTINUOUS
10
5.9725258661417318
20
-3.7210488582677166
11
5.973198937007874
21
-3.7201004330708662
0
LINE
8
BLACK
6
CONTINUOUS
10
5.973198937007874
20
-3.7201004330708662
11
5.9738256299212598
21
-3.7191090551181101
0
LINE
8
BLACK
6
CONTINUOUS
10
5.9738256299212598
20
-3.7191090551181101
11
5.9744059842519688
21
-3.7180747244094485
0
LINE
8
BLACK
6
CONTINUOUS
10
5.9744059842519688
20
-3.7180747244094485
11
5.9749399212598426
21
-3.7169974409448816
0
LINE
8
BLACK
6
CONTINUOUS
10
5.9749399212598426
20
-3.7169974409448816
11
5.9754275196850388
21
-3.7158772440944881
0
LINE
8
BLACK
6
CONTINUOUS
10
5.9754275196850388
20
-3.7158772440944881
11
5.9758687007874016
21
-3.7147141732283462
0
LINE
8
BLACK
6
CONTINUOUS
10
5.9758687007874016
20
-3.7147141732283462
11
5.9762634645669293
21
-3.7135081496062989
0
LINE
8
BLACK
6
CONTINUOUS
10
5.9762634645669293
20
-3.7135081496062989
11
5.9766118503937005
21
-3.7122592519685038
0
LINE
8
BLACK
6
CONTINUOUS
10
5.9766118503937005
20
-3.7122592519685038
11
5.9769138188976374
21
-3.7109674803149604
0
LINE
8
BLACK
6
CONTINUOUS
10
5.9769138188976374
20
-3.7109674803149604
11
5.9771693307086613
21
-3.7096328740157478
0
LINE
8
BLACK
6
CONTINUOUS
10
5.9771693307086613
20
-3.7096328740157478
11
5.97737842519685
21
-3.7082553937007874
0
LINE
8
BLACK
6
CONTINUOUS
10
5.97737842519685
20
-3.7082553937007874
11
5.9775410629921257
21
-3.7068350787401574
0
LINE
8
BLACK
6
CONTINUOUS
10
5.9775410629921257
20
-3.7068350787401574
11
5.9776572440944884
21
-3.7053719291338583
0
LINE
8
BLACK
6
CONTINUOUS
10
5.9776572440944884
20
-3.7053719291338583
11
5.9777269291338584
21
-3.7038659448818896
0
LINE
8
BLACK
6
CONTINUOUS
10
5.9777269291338584
20
-3.7038659448818896
11
5.9777501968503932
21
-3.7023172047244093
0
LINE
8
BLACK
6
CONTINUOUS
10
5.9777501968503932
20
-3.7023172047244093
11
5.9777269291338584
21
-3.7007680314960627
0
LINE
8
BLACK
6
CONTINUOUS
10
5.9777269291338584
20
-3.7007680314960627
11
5.9776572440944884
21
-3.6992617716535432
0
LINE
8
BLACK
6
CONTINUOUS
10
5.9776572440944884
20
-3.6992617716535432
11
5.9775410629921257
21
-3.6977983858267716
0
LINE
8
BLACK
6
CONTINUOUS
10
5.9775410629921257
20
-3.6977983858267716
11
5.97737842519685
21
-3.6963778740157478
0
LINE
8
BLACK
6
CONTINUOUS
10
5.97737842519685
20
-3.6963778740157478
11
5.9771693307086613
21
-3.6950002755905511
0
LINE
8
BLACK
6
CONTINUOUS
10
5.9771693307086613
20
-3.6950002755905511
11
5.9769138188976374
21
-3.6936655511811023
0
LINE
8
BLACK
6
CONTINUOUS
10
5.9769138188976374
20
-3.6936655511811023
11
5.9766118503937005
21
-3.6923737007874013
0
LINE
8
BLACK
6
CONTINUOUS
10
5.9766118503937005
20
-3.6923737007874013
11
5.9762634645669293
21
-3.6911247637795275
0
LINE
8
BLACK
6
CONTINUOUS
10
5.9762634645669293
20
-3.6911247637795275
11
5.9758687007874016
21
-3.6899187401574802
0
LINE
8
BLACK
6
CONTINUOUS
10
5.9758687007874016
20
-3.6899187401574802
11
5.9754275196850388
21
-3.6887555905511809
0
LINE
8
BLACK
6
CONTINUOUS
10
5.9754275196850388
20
-3.6887555905511809
11
5.9749399212598426
21
-3.6876353543307085
0
LINE
8
BLACK
6
CONTINUOUS
10
5.9749399212598426
20
-3.6876353543307085
11
5.9744059842519688
21
-3.6865580314960629
0
LINE
8
BLACK
6
CONTINUOUS
10
5.9744059842519688
20
-3.6865580314960629
11
5.9738256299212598
21
-3.6855236220472438
0
LINE
8
BLACK
6
CONTINUOUS
10
5.9738256299212598
20
-3.6855236220472438
11
5.973198937007874
21
-3.6845320866141731
0
LINE
8
BLACK
6
CONTINUOUS
10
5.973198937007874
20
-3.6845320866141731
11
5.9725258661417318
21
-3.6835835039370077
0
LINE
8
BLACK
6
CONTINUOUS
10
5.9725258661417318
20
-3.6835835039370077
11
5.9718064566929137
21
-3.682677834645669
0
LINE
8
BLACK
6
CONTINUOUS
10
5.9718064566929137
20
-3.682677834645669
11
5.9710424803149609
21
-3.6818216141732281
0
LINE
8
BLACK
6
CONTINUOUS
10
5.9710424803149609
20
-3.6818216141732281
11
5.9702365354330711
21
-3.681020590551181
0
LINE
8
BLACK
6
CONTINUOUS
10
5.9702365354330711
20
-3.681020590551181
11
5.9693885826771655
21
-3.6802747244094487
0
LINE
8
BLACK
6
CONTINUOUS
10
5.9693885826771655
20
-3.6802747244094487
11
5.9684986220472442
21
-3.6795840551181103
0
LINE
8
BLACK
6
CONTINUOUS
10
5.9684986220472442
20
-3.6795840551181103
11
5.9675666929133859
21
-3.6789485826771653
0
LINE
8
BLACK
6
CONTINUOUS
10
5.9675666929133859
20
-3.6789485826771653
11
5.9665927559055119
21
-3.678368346456693
0
LINE
8
BLACK
6
CONTINUOUS
10
5.9665927559055119
20
-3.678368346456693
11
5.9655768503937008
21
-3.6778433070866141
0
LINE
8
BLACK
6
CONTINUOUS
10
5.9655768503937008
20
-3.6778433070866141
11
5.9645189370078739
21
-3.6773734645669292
0
LINE
8
BLACK
6
CONTINUOUS
10
5.9645189370078739
20
-3.6773734645669292
11
5.9634190551181101
21
-3.6769588976377952
0
LINE
8
BLACK
6
CONTINUOUS
10
5.9634190551181101
20
-3.6769588976377952
11
5.9622771653543305
21
-3.6765995669291338
0
LINE
8
BLACK
6
CONTINUOUS
10
5.9622771653543305
20
-3.6765995669291338
11
5.9610932677165351
21
-3.6762954724409447
0
LINE
8
BLACK
6
CONTINUOUS
10
5.9610932677165351
20
-3.6762954724409447
11
5.9598674015748028
21
-3.6760466929133857
0
LINE
8
BLACK
6
CONTINUOUS
10
5.9598674015748028
20
-3.6760466929133857
11
5.9585995275590546
21
-3.6758531496062989
0
LINE
8
BLACK
6
CONTINUOUS
10
5.9585995275590546
20
-3.6758531496062989
11
5.9572896456692916
21
-3.6757148818897636
0
LINE
8
BLACK
6
CONTINUOUS
10
5.9572896456692916
20
-3.6757148818897636
11
5.9559377952755908
21
-3.6756319291338584
0
LINE
8
BLACK
6
CONTINUOUS
10
5.9559377952755908
20
-3.6756319291338584
11
5.9545439370078741
21
-3.6756042913385825
0
LINE
8
BLACK
6
CONTINUOUS
10
5.9545439370078741
20
-3.6756042913385825
11
5.9393772440944881
21
-3.6756042913385825
0
LINE
8
BLACK
6
CONTINUOUS
10
5.9393772440944881
20
-3.6756042913385825
11
5.9393772440944881
21
-3.7290303149606299
0
LINE
8
BLACK
6
CONTINUOUS
10
6.0557022834645666
20
-3.6767353543307086
11
6.0198210236220469
21
-3.6767353543307086
0
LINE
8
BLACK
6
CONTINUOUS
10
6.0198210236220469
20
-3.6767353543307086
11
6.0198210236220469
21
-3.6936013779527559
0
LINE
8
BLACK
6
CONTINUOUS
10
6.0198210236220469
20
-3.6936013779527559
11
6.047666811023622
21
-3.6936013779527559
0
LINE
8
BLACK
6
CONTINUOUS
10
6.047666811023622
20
-3.6936013779527559
11
6.047666811023622
21
-3.7076370078740157
0
LINE
8
BLACK
6
CONTINUOUS
10
6.047666811023622
20
-3.7076370078740157
11
6.0198210236220469
21
-3.7076370078740157
0
LINE
8
BLACK
6
CONTINUOUS
10
6.0198210236220469
20
-3.7076370078740157
11
6.0198210236220469
21
-3.7278990944881887
0
LINE
8
BLACK
6
CONTINUOUS
10
6.0198210236220469
20
-3.7278990944881887
11
6.0568376771653538
21
-3.7278990944881887
0
LINE
8
BLACK
6
CONTINUOUS
10
6.0568376771653538
20
-3.7278990944881887
11
6.0568376771653538
21
-3.7419338582677164
0
LINE
8
BLACK
6
CONTINUOUS
10
6.0568376771653538
20
-3.7419338582677164
11
6.004993897637795
21
-3.7419338582677164
0
LINE
8
BLACK
6
CONTINUOUS
10
6.004993897637795
20
-3.7419338582677164
11
6.004993897637795
21
-3.6626987007874017
0
LINE
8
BLACK
6
CONTINUOUS
10
6.004993897637795
20
-3.6626987007874017
11
6.0557022834645666
21
-3.6626987007874017
0
LINE
8
BLACK
6
CONTINUOUS
10
6.0557022834645666
20
-3.6626987007874017
11
6.0557022834645666
21
-3.6767353543307086
0
LINE
8
BLACK
6
CONTINUOUS
10
6.098829921259842
20
-3.6627223622047245
11
6.1003511811023623
21
-3.6627933858267716
0
LINE
8
BLACK
6
CONTINUOUS
10
6.1003511811023623
20
-3.6627933858267716
11
6.1018305905511809
21
-3.6629117716535431
0
LINE
8
BLACK
6
CONTINUOUS
10
6.1018305905511809
20
-3.6629117716535431
11
6.1032681889763776
21
-3.6630775196850394
0
LINE
8
BLACK
6
CONTINUOUS
10
6.1032681889763776
20
-3.6630775196850394
11
6.104663858267716
21
-3.6632905905511812
0
LINE
8
BLACK
6
CONTINUOUS
10
6.104663858267716
20
-3.6632905905511812
11
6.1060176377952757
21
-3.6635509842519682
0
LINE
8
BLACK
6
CONTINUOUS
10
6.1060176377952757
20
-3.6635509842519682
11
6.1073294881889764
21
-3.66385874015748
0
LINE
8
BLACK
6
CONTINUOUS
10
6.1073294881889764
20
-3.66385874015748
11
6.10859937007874
21
-3.6642137795275591
0
LINE
8
BLACK
6
CONTINUOUS
10
6.10859937007874
20
-3.6642137795275591
11
6.1098273228346454
21
-3.6646161417322833
0
LINE
8
BLACK
6
CONTINUOUS
10
6.1098273228346454
20
-3.6646161417322833
11
6.111013267716535
21
-3.6650658267716536
0
LINE
8
BLACK
6
CONTINUOUS
10
6.111013267716535
20
-3.6650658267716536
11
6.1121572047244097
21
-3.6655627952755903
0
LINE
8
BLACK
6
CONTINUOUS
10
6.1121572047244097
20
-3.6655627952755903
11
6.113259094488189
21
-3.6661070472440942
0
LINE
8
BLACK
6
CONTINUOUS
10
6.113259094488189
20
-3.6661070472440942
11
6.1143189370078739
21
-3.6666986220472442
0
LINE
8
BLACK
6
CONTINUOUS
10
6.1143189370078739
20
-3.6666986220472442
11
6.1153367322834642
21
-3.6673374803149605
0
LINE
8
BLACK
6
CONTINUOUS
10
6.1153367322834642
20
-3.6673374803149605
11
6.1163124015748034
21
-3.6680235826771654
0
LINE
8
BLACK
6
CONTINUOUS
10
6.1163124015748034
20
-3.6680235826771654
11
6.1172459448818897
21
-3.6687570078740155
0
LINE
8
BLACK
6
CONTINUOUS
10
6.1172459448818897
20
-3.6687570078740155
11
6.1181303149606299
21
-3.6695364566929132
0
LINE
8
BLACK
6
CONTINUOUS
10
6.1181303149606299
20
-3.6695364566929132
11
6.1189575984251965
21
-3.6703614960629922
0
LINE
8
BLACK
6
CONTINUOUS
10
6.1189575984251965
20
-3.6703614960629922
11
6.1197277952755904
21
-3.6712321259842517
0
LINE
8
BLACK
6
CONTINUOUS
10
6.1197277952755904
20
-3.6712321259842517
11
6.1204409448818895
21
-3.6721483464566926
0
LINE
8
BLACK
6
CONTINUOUS
10
6.1204409448818895
20
-3.6721483464566926
11
6.1210970078740159
21
-3.6731101574803149
0
LINE
8
BLACK
6
CONTINUOUS
10
6.1210970078740159
20
-3.6731101574803149
11
6.1216960236220475
21
-3.6741175590551181
0
LINE
8
BLACK
6
CONTINUOUS
10
6.1216960236220475
20
-3.6741175590551181
11
6.1222379527559054
21
-3.6751705118110234
0
LINE
8
BLACK
6
CONTINUOUS
10
6.1222379527559054
20
-3.6751705118110234
11
6.1227228346456695
21
-3.6762690157480313
0
LINE
8
BLACK
6
CONTINUOUS
10
6.1227228346456695
20
-3.6762690157480313
11
6.1231506299212599
21
-3.6774130708661414
0
LINE
8
BLACK
6
CONTINUOUS
10
6.1231506299212599
20
-3.6774130708661414
11
6.1235213779527555
21
-3.6786026771653542
0
LINE
8
BLACK
6
CONTINUOUS
10
6.1235213779527555
20
-3.6786026771653542
11
6.123835118110236
21
-3.679837834645669
0
LINE
8
BLACK
6
CONTINUOUS
10
6.123835118110236
20
-3.679837834645669
11
6.1240917716535428
21
-3.6811185039370078
0
LINE
8
BLACK
6
CONTINUOUS
10
6.1240917716535428
20
-3.6811185039370078
11
6.1242914173228344
21
-3.6824447244094487
0
LINE
8
BLACK
6
CONTINUOUS
10
6.1242914173228344
20
-3.6824447244094487
11
6.1244339763779525
21
-3.6838164173228347
0
LINE
8
BLACK
6
CONTINUOUS
10
6.1244339763779525
20
-3.6838164173228347
11
6.1245195275590554
21
-3.6852336614173229
0
LINE
8
BLACK
6
CONTINUOUS
10
6.1245195275590554
20
-3.6852336614173229
11
6.1245480708661413
21
-3.6866963779527557
0
LINE
8
BLACK
6
CONTINUOUS
10
6.1245480708661413
20
-3.6866963779527557
11
6.1245342913385823
21
-3.6877176377952754
0
LINE
8
BLACK
6
CONTINUOUS
10
6.1245342913385823
20
-3.6877176377952754
11
6.1244931102362203
21
-3.6887154724409448
0
LINE
8
BLACK
6
CONTINUOUS
10
6.1244931102362203
20
-3.6887154724409448
11
6.1244244094488192
21
-3.6896898425196851
0
LINE
8
BLACK
6
CONTINUOUS
10
6.1244244094488192
20
-3.6896898425196851
11
6.1243282677165354
21
-3.690640748031496
0
LINE
8
BLACK
6
CONTINUOUS
10
6.1243282677165354
20
-3.690640748031496
11
6.1242046850393699
21
-3.6915682283464566
0
LINE
8
BLACK
6
CONTINUOUS
10
6.1242046850393699
20
-3.6915682283464566
11
6.1240537007874014
21
-3.6924722440944882
0
LINE
8
BLACK
6
CONTINUOUS
10
6.1240537007874014
20
-3.6924722440944882
11
6.1238752755905512
21
-3.693352834645669
0
LINE
8
BLACK
6
CONTINUOUS
10
6.1238752755905512
20
-3.693352834645669
11
6.1236694488188972
21
-3.6942099606299212
0
LINE
8
BLACK
6
CONTINUOUS
10
6.1236694488188972
20
-3.6942099606299212
11
6.1234362204724411
21
-3.6950436614173228
0
LINE
8
BLACK
6
CONTINUOUS
10
6.1234362204724411
20
-3.6950436614173228
11
6.1231756299212599
21
-3.6958538976377953
0
LINE
8
BLACK
6
CONTINUOUS
10
6.1231756299212599
20
-3.6958538976377953
11
6.1228876377952757
21
-3.696640708661417
0
LINE
8
BLACK
6
CONTINUOUS
10
6.1228876377952757
20
-3.696640708661417
11
6.1225723228346451
21
-3.697404094488189
0
LINE
8
BLACK
6
CONTINUOUS
10
6.1225723228346451
20
-3.697404094488189
11
6.1222296456692913
21
-3.6981440157480314
0
LINE
8
BLACK
6
CONTINUOUS
10
6.1222296456692913
20
-3.6981440157480314
11
6.1218596062992123
21
-3.6988605511811024
0
LINE
8
BLACK
6
CONTINUOUS
10
6.1218596062992123
20
-3.6988605511811024
11
6.1214622834645667
21
-3.6995536220472438
0
LINE
8
BLACK
6
CONTINUOUS
10
6.1214622834645667
20
-3.6995536220472438
11
6.1210376377952755
21
-3.7002232677165354
0
LINE
8
BLACK
6
CONTINUOUS
10
6.1210376377952755
20
-3.7002232677165354
11
6.1205871259842519
21
-3.7008727559055119
0
LINE
8
BLACK
6
CONTINUOUS
10
6.1205871259842519
20
-3.7008727559055119
11
6.1201137007874014
21
-3.7015059448818897
0
LINE
8
BLACK
6
CONTINUOUS
10
6.1201137007874014
20
-3.7015059448818897
11
6.1196173622047239
21
-3.7021227952755904
0
LINE
8
BLACK
6
CONTINUOUS
10
6.1196173622047239
20
-3.7021227952755904
11
6.1190981102362203
21
-3.7027233464566929
0
LINE
8
BLACK
6
CONTINUOUS
10
6.1190981102362203
20
-3.7027233464566929
11
6.1185559448818898
21
-3.7033075590551179
0
LINE
8
BLACK
6
CONTINUOUS
10
6.1185559448818898
20
-3.7033075590551179
11
6.1179908267716536
21
-3.7038754330708659
0
LINE
8
BLACK
6
CONTINUOUS
10
6.1179908267716536
20
-3.7038754330708659
11
6.1174027952755905
21
-3.7044269291338581
0
LINE
8
BLACK
6
CONTINUOUS
10
6.1174027952755905
20
-3.7044269291338581
11
6.1167918110236217
21
-3.704962125984252
0
LINE
8
BLACK
6
CONTINUOUS
10
6.1167918110236217
20
-3.704962125984252
11
6.1161578740157481
21
-3.7054809448818897
0
LINE
8
BLACK
6
CONTINUOUS
10
6.1161578740157481
20
-3.7054809448818897
11
6.1155009842519688
21
-3.7059834251968504
0
LINE
8
BLACK
6
CONTINUOUS
10
6.1155009842519688
20
-3.7059834251968504
11
6.1148211417322837
21
-3.7064694881889761
0
LINE
8
BLACK
6
CONTINUOUS
10
6.1148211417322837
20
-3.7064694881889761
11
6.1141183070866143
21
-3.7069392125984253
0
LINE
8
BLACK
6
CONTINUOUS
10
6.1141183070866143
20
-3.7069392125984253
11
6.1133925196850392
21
-3.7073925590551182
0
LINE
8
BLACK
6
CONTINUOUS
10
6.1133925196850392
20
-3.7073925590551182
11
6.1126437401574805
21
-3.7078295275590549
0
LINE
8
BLACK
6
CONTINUOUS
10
6.1126437401574805
20
-3.7078295275590549
11
6.1118719685039364
21
-3.7082501181102363
0
LINE
8
BLACK
6
CONTINUOUS
10
6.1118719685039364
20
-3.7082501181102363
11
6.1110772440944885
21
-3.7086542913385827
0
LINE
8
BLACK
6
CONTINUOUS
10
6.1110772440944885
20
-3.7086542913385827
11
6.1289626377952757
21
-3.7419338582677164
0
LINE
8
BLACK
6
CONTINUOUS
10
6.1289626377952757
20
-3.7419338582677164
11
6.1127730708661412
21
-3.7419338582677164
0
LINE
8
BLACK
6
CONTINUOUS
10
6.1127730708661412
20
-3.7419338582677164
11
6.0974917716535435
21
-3.7125036614173226
0
LINE
8
BLACK
6
CONTINUOUS
10
6.0974917716535435
20
-3.7125036614173226
11
6.0827793307086608
21
-3.7125036614173226
0
LINE
8
BLACK
6
CONTINUOUS
10
6.0827793307086608
20
-3.7125036614173226
11
6.0827793307086608
21
-3.7419338582677164
0
LINE
8
BLACK
6
CONTINUOUS
10
6.0827793307086608
20
-3.7419338582677164
11
6.0682897244094489
21
-3.7419338582677164
0
LINE
8
BLACK
6
CONTINUOUS
10
6.0682897244094489
20
-3.7419338582677164
11
6.0682897244094489
21
-3.6748107480314958
0
LINE
8
BLACK
6
CONTINUOUS
10
6.0682897244094489
20
-3.6748107480314958
11
6.0682897244094489
21
-3.6626987007874017
0
LINE
8
BLACK
6
CONTINUOUS
10
6.0682897244094489
20
-3.6626987007874017
11
6.0972668110236219
21
-3.6626987007874017
0
LINE
8
BLACK
6
CONTINUOUS
10
6.0972668110236219
20
-3.6626987007874017
11
6.098829921259842
21
-3.6627223622047245
0
LINE
8
BLACK
6
CONTINUOUS
10
6.0827793700787396
20
-3.7003925984251969
11
6.0934168503937007
21
-3.7003925984251969
0
LINE
8
BLACK
6
CONTINUOUS
10
6.0934168503937007
20
-3.7003925984251969
11
6.0953497637795273
21
-3.7003422047244094
0
LINE
8
BLACK
6
CONTINUOUS
10
6.0953497637795273
20
-3.7003422047244094
11
6.0971579527559054
21
-3.700190905511811
0
LINE
8
BLACK
6
CONTINUOUS
10
6.0971579527559054
20
-3.700190905511811
11
6.0988414173228342
21
-3.6999387795275589
0
LINE
8
BLACK
6
CONTINUOUS
10
6.0988414173228342
20
-3.6999387795275589
11
6.1004001181102359
21
-3.699585866141732
0
LINE
8
BLACK
6
CONTINUOUS
10
6.1004001181102359
20
-3.699585866141732
11
6.1011326771653538
21
-3.6993715748031497
0
LINE
8
BLACK
6
CONTINUOUS
10
6.1011326771653538
20
-3.6993715748031497
11
6.101834094488189
21
-3.6991320866141733
0
LINE
8
BLACK
6
CONTINUOUS
10
6.101834094488189
20
-3.6991320866141733
11
6.1025042913385823
21
-3.6988674015748031
0
LINE
8
BLACK
6
CONTINUOUS
10
6.1025042913385823
20
-3.6988674015748031
11
6.1031433464566929
21
-3.6985775196850392
0
LINE
8
BLACK
6
CONTINUOUS
10
6.1031433464566929
20
-3.6985775196850392
11
6.1037511811023624
21
-3.6982624409448817
0
LINE
8
BLACK
6
CONTINUOUS
10
6.1037511811023624
20
-3.6982624409448817
11
6.1043278740157483
21
-3.6979221653543308
0
LINE
8
BLACK
6
CONTINUOUS
10
6.1043278740157483
20
-3.6979221653543308
11
6.1048733464566931
21
-3.6975566929133858
0
LINE
8
BLACK
6
CONTINUOUS
10
6.1048733464566931
20
-3.6975566929133858
11
6.1053876771653544
21
-3.6971660236220472
0
LINE
8
BLACK
6
CONTINUOUS
10
6.1053876771653544
20
-3.6971660236220472
11
6.1058708267716533
21
-3.696750118110236
0
LINE
8
BLACK
6
CONTINUOUS
10
6.1058708267716533
20
-3.696750118110236
11
6.1063227952755907
21
-3.6963090551181104
0
LINE
8
BLACK
6
CONTINUOUS
10
6.1063227952755907
20
-3.6963090551181104
11
6.106743582677165
21
-3.6958428346456693
0
LINE
8
BLACK
6
CONTINUOUS
10
6.106743582677165
20
-3.6958428346456693
11
6.1071331889763778
21
-3.6953513779527558
0
LINE
8
BLACK
6
CONTINUOUS
10
6.1071331889763778
20
-3.6953513779527558
11
6.1074916141732283
21
-3.6948347637795274
0
LINE
8
BLACK
6
CONTINUOUS
10
6.1074916141732283
20
-3.6948347637795274
11
6.1078188976377952
21
-3.6942929133858269
0
LINE
8
BLACK
6
CONTINUOUS
10
6.1078188976377952
20
-3.6942929133858269
11
6.1081149999999997
21
-3.693725905511811
0
LINE
8
BLACK
6
CONTINUOUS
10
6.1081149999999997
20
-3.693725905511811
11
6.108379921259842
21
-3.6931337401574802
0
LINE
8
BLACK
6
CONTINUOUS
10
6.108379921259842
20
-3.6931337401574802
11
6.1086136614173228
21
-3.6925163385826769
0
LINE
8
BLACK
6
CONTINUOUS
10
6.1086136614173228
20
-3.6925163385826769
11
6.10881625984252
21
-3.6918737795275591
0
LINE
8
BLACK
6
CONTINUOUS
10
6.10881625984252
20
-3.6918737795275591
11
6.108987677165354
21
-3.6912060629921259
0
LINE
8
BLACK
6
CONTINUOUS
10
6.108987677165354
20
-3.6912060629921259
11
6.1091279133858265
21
-3.6905131496062991
0
LINE
8
BLACK
6
CONTINUOUS
10
6.1091279133858265
20
-3.6905131496062991
11
6.1092370078740155
21
-3.6897950393700785
0
LINE
8
BLACK
6
CONTINUOUS
10
6.1092370078740155
20
-3.6897950393700785
11
6.1093149212598421
21
-3.6890517716535434
0
LINE
8
BLACK
6
CONTINUOUS
10
6.1093149212598421
20
-3.6890517716535434
11
6.1093616535433073
21
-3.6882833070866141
0
LINE
8
BLACK
6
CONTINUOUS
10
6.1093616535433073
20
-3.6882833070866141
11
6.109377244094488
21
-3.6874896850393699
0
LINE
8
BLACK
6
CONTINUOUS
10
6.109377244094488
20
-3.6874896850393699
11
6.1093630708661415
21
-3.6867232283464566
0
LINE
8
BLACK
6
CONTINUOUS
10
6.1093630708661415
20
-3.6867232283464566
11
6.1093206299212595
21
-3.6859801968503936
0
LINE
8
BLACK
6
CONTINUOUS
10
6.1093206299212595
20
-3.6859801968503936
11
6.1092498425196853
21
-3.6852606299212596
0
LINE
8
BLACK
6
CONTINUOUS
10
6.1092498425196853
20
-3.6852606299212596
11
6.1091507480314959
21
-3.6845645275590551
0
LINE
8
BLACK
6
CONTINUOUS
10
6.1091507480314959
20
-3.6845645275590551
11
6.109023385826772
21
-3.6838918110236221
0
LINE
8
BLACK
6
CONTINUOUS
10
6.109023385826772
20
-3.6838918110236221
11
6.1088677165354328
21
-3.6832425590551181
0
LINE
8
BLACK
6
CONTINUOUS
10
6.1088677165354328
20
-3.6832425590551181
11
6.108683779527559
21
-3.6826167322834644
0
LINE
8
BLACK
6
CONTINUOUS
10
6.108683779527559
20
-3.6826167322834644
11
6.108471535433071
21
-3.6820143307086615
0
LINE
8
BLACK
6
CONTINUOUS
10
6.108471535433071
20
-3.6820143307086615
11
6.1082310236220474
21
-3.68143531496063
0
LINE
8
BLACK
6
CONTINUOUS
10
6.1082310236220474
20
-3.68143531496063
11
6.107962283464567
21
-3.6808797244094489
0
LINE
8
BLACK
6
CONTINUOUS
10
6.107962283464567
20
-3.6808797244094489
11
6.1076652755905512
21
-3.680347559055118
0
LINE
8
BLACK
6
CONTINUOUS
10
6.1076652755905512
20
-3.680347559055118
11
6.1073399999999998
21
-3.6798387795275591
0
LINE
8
BLACK
6
CONTINUOUS
10
6.1073399999999998
20
-3.6798387795275591
11
6.1069864566929128
21
-3.679353346456693
0
LINE
8
BLACK
6
CONTINUOUS
10
6.1069864566929128
20
-3.679353346456693
11
6.1066047244094488
21
-3.6788913385826771
0
LINE
8
BLACK
6
CONTINUOUS
10
6.1066047244094488
20
-3.6788913385826771
11
6.1061947244094483
21
-3.6784526771653541
0
LINE
8
BLACK
6
CONTINUOUS
10
6.1061947244094483
20
-3.6784526771653541
11
6.105756496062992
21
-3.678037401574803
0
LINE
8
BLACK
6
CONTINUOUS
10
6.105756496062992
20
-3.678037401574803
11
6.1052860629921257
21
-3.6776467322834643
0
LINE
8
BLACK
6
CONTINUOUS
10
6.1052860629921257
20
-3.6776467322834643
11
6.1047802362204724
21
-3.6772812598425197
0
LINE
8
BLACK
6
CONTINUOUS
10
6.1047802362204724
20
-3.6772812598425197
11
6.1042389763779523
21
-3.6769409448818897
0
LINE
8
BLACK
6
CONTINUOUS
10
6.1042389763779523
20
-3.6769409448818897
11
6.1036623622047239
21
-3.6766258661417321
0
LINE
8
BLACK
6
CONTINUOUS
10
6.1036623622047239
20
-3.6766258661417321
11
6.1030503543307084
21
-3.6763359842519683
0
LINE
8
BLACK
6
CONTINUOUS
10
6.1030503543307084
20
-3.6763359842519683
11
6.1024029527559049
21
-3.6760712992125981
0
LINE
8
BLACK
6
CONTINUOUS
10
6.1024029527559049
20
-3.6760712992125981
11
6.1017201968503931
21
-3.6758318110236221
0
LINE
8
BLACK
6
CONTINUOUS
10
6.1017201968503931
20
-3.6758318110236221
11
6.1010020472440942
21
-3.6756175196850394
0
LINE
8
BLACK
6
CONTINUOUS
10
6.1010020472440942
20
-3.6756175196850394
11
6.1002485039370073
21
-3.6754284251968503
0
LINE
8
BLACK
6
CONTINUOUS
10
6.1002485039370073
20
-3.6754284251968503
11
6.0994596062992121
21
-3.6752645669291337
0
LINE
8
BLACK
6
CONTINUOUS
10
6.0994596062992121
20
-3.6752645669291337
11
6.0986353543307086
21
-3.6751259055118108
0
LINE
8
BLACK
6
CONTINUOUS
10
6.0986353543307086
20
-3.6751259055118108
11
6.097775708661417
21
-3.6750124409448817
0
LINE
8
BLACK
6
CONTINUOUS
10
6.097775708661417
20
-3.6750124409448817
11
6.0968807086614172
21
-3.6749242125984249
0
LINE
8
BLACK
6
CONTINUOUS
10
6.0968807086614172
20
-3.6749242125984249
11
6.0959503543307081
21
-3.6748611811023619
0
LINE
8
BLACK
6
CONTINUOUS
10
6.0959503543307081
20
-3.6748611811023619
11
6.0949846456692915
21
-3.6748233464566926
0
LINE
8
BLACK
6
CONTINUOUS
10
6.0949846456692915
20
-3.6748233464566926
11
6.0939835826771649
21
-3.6748107480314958
0
LINE
8
BLACK
6
CONTINUOUS
10
6.0939835826771649
20
-3.6748107480314958
11
6.0827793700787396
21
-3.6748107480314958
0
LINE
8
BLACK
6
CONTINUOUS
10
6.0827793700787396
20
-3.6748107480314958
11
6.0827793700787396
21
-3.7003925984251969
0
LINE
8
BLACK
6
CONTINUOUS
10
6.1926876771653543
20
-3.6767353543307086
11
6.1603126771653542
21
-3.6767353543307086
0
LINE
8
BLACK
6
CONTINUOUS
10
6.1603126771653542
20
-3.6767353543307086
11
6.1572585039370074
21
-3.6936013779527559
0
LINE
8
BLACK
6
CONTINUOUS
10
6.1572585039370074
20
-3.6936013779527559
11
6.1823877559055118
21
-3.6936013779527559
0
LINE
8
BLACK
6
CONTINUOUS
10
6.1823877559055118
20
-3.6936013779527559
11
6.1798961023622043
21
-3.7076370078740157
0
LINE
8
BLACK
6
CONTINUOUS
10
6.1798961023622043
20
-3.7076370078740157
11
6.154766811023622
21
-3.7076370078740157
0
LINE
8
BLACK
6
CONTINUOUS
10
6.154766811023622
20
-3.7076370078740157
11
6.1487689370078735
21
-3.7419338582677164
0
LINE
8
BLACK
6
CONTINUOUS
10
6.1487689370078735
20
-3.7419338582677164
11
6.1342793307086616
21
-3.7419338582677164
0
LINE
8
BLACK
6
CONTINUOUS
10
6.1342793307086616
20
-3.7419338582677164
11
6.1482043307086611
21
-3.6626987007874017
0
LINE
8
BLACK
6
CONTINUOUS
10
6.1482043307086611
20
-3.6626987007874017
11
6.1951772440944879
21
-3.6626987007874017
0
LINE
8
BLACK
6
CONTINUOUS
10
6.1951772440944879
20
-3.6626987007874017
11
6.1926876771653543
21
-3.6767353543307086
0
LINE
8
BLACK
6
CONTINUOUS
10
6.2078814566929132
20
-3.7278990944881887
11
6.2352272440944878
21
-3.7278990944881887
0
LINE
8
BLACK
6
CONTINUOUS
10
6.2352272440944878
20
-3.7278990944881887
11
6.232737716535433
21
-3.7419338582677164
0
LINE
8
BLACK
6
CONTINUOUS
10
6.232737716535433
20
-3.7419338582677164
11
6.1909044094488186
21
-3.7419338582677164
0
LINE
8
BLACK
6
CONTINUOUS
10
6.1909044094488186
20
-3.7419338582677164
11
6.204829409448819
21
-3.6626987007874017
0
LINE
8
BLACK
6
CONTINUOUS
10
6.204829409448819
20
-3.6626987007874017
11
6.2193168503937004
21
-3.6626987007874017
0
LINE
8
BLACK
6
CONTINUOUS
10
6.2193168503937004
20
-3.6626987007874017
11
6.2078814566929132
21
-3.7278990944881887
0
LINE
8
BLACK
6
CONTINUOUS
10
6.264320905511811
20
-3.6943924015748029
11
6.2878667322834643
21
-3.6626987007874017
0
LINE
8
BLACK
6
CONTINUOUS
10
6.2878667322834643
20
-3.6626987007874017
11
6.3032604724409449
21
-3.6626987007874017
0
LINE
8
BLACK
6
CONTINUOUS
10
6.3032604724409449
20
-3.6626987007874017
11
6.2690771259842517
21
-3.7068459448818896
0
LINE
8
BLACK
6
CONTINUOUS
10
6.2690771259842517
20
-3.7068459448818896
11
6.2628479527559051
21
-3.7419338582677164
0
LINE
8
BLACK
6
CONTINUOUS
10
6.2628479527559051
20
-3.7419338582677164
11
6.2484750787401575
21
-3.7419338582677164
0
LINE
8
BLACK
6
CONTINUOUS
10
6.2484750787401575
20
-3.7419338582677164
11
6.2545875984251964
21
-3.7068459448818896
0
LINE
8
BLACK
6
CONTINUOUS
10
6.2545875984251964
20
-3.7068459448818896
11
6.2545876377952752
21
-3.7068459448818896
0
LINE
8
BLACK
6
CONTINUOUS
10
6.2545876377952752
20
-3.7068459448818896
11
6.236023031496063
21
-3.6626987007874017
0
LINE
8
BLACK
6
CONTINUOUS
10
6.236023031496063
20
-3.6626987007874017
11
6.2514188188976378
21
-3.6626987007874017
0
LINE
8
BLACK
6
CONTINUOUS
10
6.2514188188976378
20
-3.6626987007874017
11
6.264320905511811
21
-3.6943924015748029
0
LINE
8
BLACK
6
CONTINUOUS
10
6.4335287795275589
20
-3.6814536614173226
11
6.4348586614173229
21
-3.6817258267716535
0
LINE
8
BLACK
6
CONTINUOUS
10
6.4348586614173229
20
-3.6817258267716535
11
6.4404829527559055
21
-3.6845379527559055
0
LINE
8
BLACK
6
CONTINUOUS
10
6.4404829527559055
20
-3.6845379527559055
11
6.4411943307086617
21
-3.6851687795275589
0
LINE
8
BLACK
6
CONTINUOUS
10
6.4411943307086617
20
-3.6851687795275589
11
6.4420177559055114
21
-3.6856441732283463
0
LINE
8
BLACK
6
CONTINUOUS
10
6.4420177559055114
20
-3.6856441732283463
11
6.4448299212598421
21
-3.688456338582677
0
LINE
8
BLACK
6
CONTINUOUS
10
6.4448299212598421
20
-3.688456338582677
11
6.4453052755905507
21
-3.6892797244094488
0
LINE
8
BLACK
6
CONTINUOUS
10
6.4453052755905507
20
-3.6892797244094488
11
6.4459361417322834
21
-3.6899911417322833
0
LINE
8
BLACK
6
CONTINUOUS
10
6.4459361417322834
20
-3.6899911417322833
11
6.4487482677165353
21
-3.6956154724409447
0
LINE
8
BLACK
6
CONTINUOUS
10
6.4487482677165353
20
-3.6956154724409447
11
6.4490203543307087
21
-3.6969451968503937
0
LINE
8
BLACK
6
CONTINUOUS
10
6.4490203543307087
20
-3.6969451968503937
11
6.4493717322834643
21
-3.6982564566929135
0
LINE
8
BLACK
6
CONTINUOUS
10
6.4493717322834643
20
-3.6982564566929135
11
6.4493717322834643
21
-3.7148481496062993
0
LINE
8
BLACK
6
CONTINUOUS
10
6.4493717322834643
20
-3.7148481496062993
11
6.4715877165354332
21
-3.7148481496062993
0
LINE
8
BLACK
6
CONTINUOUS
10
6.4715877165354332
20
-3.7148481496062993
11
6.4745404724409443
21
-3.7156393307086613
0
LINE
8
BLACK
6
CONTINUOUS
10
6.4745404724409443
20
-3.7156393307086613
11
6.4767020472440944
21
-3.7178009055118109
0
LINE
8
BLACK
6
CONTINUOUS
10
6.4767020472440944
20
-3.7178009055118109
11
6.4774932283464564
21
-3.7207536614173229
0
LINE
8
BLACK
6
CONTINUOUS
10
6.4774932283464564
20
-3.7207536614173229
11
6.4767020472440944
21
-3.7237064173228345
0
LINE
8
BLACK
6
CONTINUOUS
10
6.4767020472440944
20
-3.7237064173228345
11
6.4745404724409443
21
-3.7258679921259841
0
LINE
8
BLACK
6
CONTINUOUS
10
6.4745404724409443
20
-3.7258679921259841
11
6.4715877165354332
21
-3.7266591732283465
0
LINE
8
BLACK
6
CONTINUOUS
10
6.4715877165354332
20
-3.7266591732283465
11
6.4434662204724411
21
-3.7266591732283465
0
LINE
8
BLACK
6
CONTINUOUS
10
6.4434662204724411
20
-3.7266591732283465
11
6.4125325984251971
21
-3.7266591732283465
0
LINE
8
BLACK
6
CONTINUOUS
10
6.4125325984251971
20
-3.7266591732283465
11
6.409579842519685
21
-3.7258679921259841
0
LINE
8
BLACK
6
CONTINUOUS
10
6.409579842519685
20
-3.7258679921259841
11
6.407418267716535
21
-3.7237064173228345
0
LINE
8
BLACK
6
CONTINUOUS
10
6.407418267716535
20
-3.7237064173228345
11
6.406627086614173
21
-3.7207536614173229
0
LINE
8
BLACK
6
CONTINUOUS
10
6.406627086614173
20
-3.7207536614173229
11
6.406627086614173
21
-3.6982564566929135
0
LINE
8
BLACK
6
CONTINUOUS
10
6.406627086614173
20
-3.6982564566929135
11
6.4069783858267719
21
-3.6969453543307087
0
LINE
8
BLACK
6
CONTINUOUS
10
6.4069783858267719
20
-3.6969453543307087
11
6.407250551181102
21
-3.6956154330708659
0
LINE
8
BLACK
6
CONTINUOUS
10
6.407250551181102
20
-3.6956154330708659
11
6.4100627165354327
21
-3.6899911417322833
0
LINE
8
BLACK
6
CONTINUOUS
10
6.4100627165354327
20
-3.6899911417322833
11
6.4106935039370079
21
-3.6892797637795276
0
LINE
8
BLACK
6
CONTINUOUS
10
6.4106935039370079
20
-3.6892797637795276
11
6.4111688976377952
21
-3.6884563779527557
0
LINE
8
BLACK
6
CONTINUOUS
10
6.4111688976377952
20
-3.6884563779527557
11
6.4139810236220471
21
-3.685644212598425
0
LINE
8
BLACK
6
CONTINUOUS
10
6.4139810236220471
20
-3.685644212598425
11
6.4148044488188978
21
-3.6851687795275589
0
LINE
8
BLACK
6
CONTINUOUS
10
6.4148044488188978
20
-3.6851687795275589
11
6.4155158661417317
21
-3.6845379527559055
0
LINE
8
BLACK
6
CONTINUOUS
10
6.4155158661417317
20
-3.6845379527559055
11
6.4211401968503932
21
-3.6817258267716535
0
LINE
8
BLACK
6
CONTINUOUS
10
6.4211401968503932
20
-3.6817258267716535
11
6.4224699212598422
21
-3.6814537007874013
0
LINE
8
BLACK
6
CONTINUOUS
10
6.4224699212598422
20
-3.6814537007874013
11
6.4237811811023624
21
-3.6811023622047245
0
LINE
8
BLACK
6
CONTINUOUS
10
6.4237811811023624
20
-3.6811023622047245
11
6.4322176377952758
21
-3.6811023622047245
0
LINE
8
BLACK
6
CONTINUOUS
10
6.4322176377952758
20
-3.6811023622047245
11
6.4335287795275589
21
-3.6814536614173226
0
LINE
8
BLACK
6
CONTINUOUS
10
6.421655078740157
20
-3.6946734251968505
11
6.4201982283464565
21
-3.696130275590551
0
LINE
8
BLACK
6
CONTINUOUS
10
6.4201982283464565
20
-3.696130275590551
11
6.4184381102362202
21
-3.6996505511811022
0
LINE
8
BLACK
6
CONTINUOUS
10
6.4184381102362202
20
-3.6996505511811022
11
6.4184381102362202
21
-3.7148481496062993
0
LINE
8
BLACK
6
CONTINUOUS
10
6.4184381102362202
20
-3.7148481496062993
11
6.4375607086614171
21
-3.7148481496062993
0
LINE
8
BLACK
6
CONTINUOUS
10
6.4375607086614171
20
-3.7148481496062993
11
6.4375607086614171
21
-3.6996505118110234
0
LINE
8
BLACK
6
CONTINUOUS
10
6.4375607086614171
20
-3.6996505118110234
11
6.4358005905511808
21
-3.6961303149606297
0
LINE
8
BLACK
6
CONTINUOUS
10
6.4358005905511808
20
-3.6961303149606297
11
6.4343437007874016
21
-3.6946734251968505
0
LINE
8
BLACK
6
CONTINUOUS
10
6.4343437007874016
20
-3.6946734251968505
11
6.4308235433070866
21
-3.6929133858267718
0
LINE
8
BLACK
6
CONTINUOUS
10
6.4308235433070866
20
-3.6929133858267718
11
6.4251752755905507
21
-3.6929133858267718
0
LINE
8
BLACK
6
CONTINUOUS
10
6.4251752755905507
20
-3.6929133858267718
11
6.421655078740157
21
-3.6946734251968505
0
LINE
8
BLACK
6
CONTINUOUS
10
6.4745404724409443
20
-3.6284627165354331
11
6.4767020472440944
21
-3.6306242913385827
0
LINE
8
BLACK
6
CONTINUOUS
10
6.4767020472440944
20
-3.6306242913385827
11
6.4774932283464564
21
-3.6335770472440942
0
LINE
8
BLACK
6
CONTINUOUS
10
6.4774932283464564
20
-3.6335770472440942
11
6.4774932283464564
21
-3.6616985433070863
0
LINE
8
BLACK
6
CONTINUOUS
10
6.4774932283464564
20
-3.6616985433070863
11
6.4767020472440944
21
-3.6646512992125984
0
LINE
8
BLACK
6
CONTINUOUS
10
6.4767020472440944
20
-3.6646512992125984
11
6.4745404724409443
21
-3.666812874015748
0
LINE
8
BLACK
6
CONTINUOUS
10
6.4745404724409443
20
-3.666812874015748
11
6.4715877165354332
21
-3.6676040551181099
0
LINE
8
BLACK
6
CONTINUOUS
10
6.4715877165354332
20
-3.6676040551181099
11
6.4406540944881892
21
-3.6676040551181099
0
LINE
8
BLACK
6
CONTINUOUS
10
6.4406540944881892
20
-3.6676040551181099
11
6.4125325984251971
21
-3.6676040551181099
0
LINE
8
BLACK
6
CONTINUOUS
10
6.4125325984251971
20
-3.6676040551181099
11
6.409579842519685
21
-3.666812874015748
0
LINE
8
BLACK
6
CONTINUOUS
10
6.409579842519685
20
-3.666812874015748
11
6.407418267716535
21
-3.6646512992125984
0
LINE
8
BLACK
6
CONTINUOUS
10
6.407418267716535
20
-3.6646512992125984
11
6.406627086614173
21
-3.6616985433070863
0
LINE
8
BLACK
6
CONTINUOUS
10
6.406627086614173
20
-3.6616985433070863
11
6.406627086614173
21
-3.6335770472440942
0
LINE
8
BLACK
6
CONTINUOUS
10
6.406627086614173
20
-3.6335770472440942
11
6.407418267716535
21
-3.6306242913385827
0
LINE
8
BLACK
6
CONTINUOUS
10
6.407418267716535
20
-3.6306242913385827
11
6.409579842519685
21
-3.6284627165354331
0
LINE
8
BLACK
6
CONTINUOUS
10
6.409579842519685
20
-3.6284627165354331
11
6.4125325984251971
21
-3.6276715354330706
0
LINE
8
BLACK
6
CONTINUOUS
10
6.4125325984251971
20
-3.6276715354330706
11
6.4154853543307082
21
-3.6284627165354331
0
LINE
8
BLACK
6
CONTINUOUS
10
6.4154853543307082
20
-3.6284627165354331
11
6.4176469291338583
21
-3.6306242913385827
0
LINE
8
BLACK
6
CONTINUOUS
10
6.4176469291338583
20
-3.6306242913385827
11
6.4184381102362202
21
-3.6335770472440942
0
LINE
8
BLACK
6
CONTINUOUS
10
6.4184381102362202
20
-3.6335770472440942
11
6.4184381102362202
21
-3.6557930314960627
0
LINE
8
BLACK
6
CONTINUOUS
10
6.4184381102362202
20
-3.6557930314960627
11
6.4347485826771651
21
-3.6557930314960627
0
LINE
8
BLACK
6
CONTINUOUS
10
6.4347485826771651
20
-3.6557930314960627
11
6.4347485826771651
21
-3.6420135039370076
0
LINE
8
BLACK
6
CONTINUOUS
10
6.4347485826771651
20
-3.6420135039370076
11
6.4355397637795271
21
-3.639060748031496
0
LINE
8
BLACK
6
CONTINUOUS
10
6.4355397637795271
20
-3.639060748031496
11
6.4377013385826771
21
-3.6368991732283464
0
LINE
8
BLACK
6
CONTINUOUS
10
6.4377013385826771
20
-3.6368991732283464
11
6.4406540944881892
21
-3.636107992125984
0
LINE
8
BLACK
6
CONTINUOUS
10
6.4406540944881892
20
-3.636107992125984
11
6.4436068503937003
21
-3.6368991732283464
0
LINE
8
BLACK
6
CONTINUOUS
10
6.4436068503937003
20
-3.6368991732283464
11
6.4457684251968503
21
-3.639060748031496
0
LINE
8
BLACK
6
CONTINUOUS
10
6.4457684251968503
20
-3.639060748031496
11
6.4465596062992123
21
-3.6420135039370076
0
LINE
8
BLACK
6
CONTINUOUS
10
6.4465596062992123
20
-3.6420135039370076
11
6.4465596062992123
21
-3.6557930314960627
0
LINE
8
BLACK
6
CONTINUOUS
10
6.4465596062992123
20
-3.6557930314960627
11
6.4656822047244091
21
-3.6557930314960627
0
LINE
8
BLACK
6
CONTINUOUS
10
6.4656822047244091
20
-3.6557930314960627
11
6.4656822047244091
21
-3.6335770472440942
0
LINE
8
BLACK
6
CONTINUOUS
10
6.4656822047244091
20
-3.6335770472440942
11
6.4664733858267711
21
-3.6306242913385827
0
LINE
8
BLACK
6
CONTINUOUS
10
6.4664733858267711
20
-3.6306242913385827
11
6.4686349606299212
21
-3.6284627165354331
0
LINE
8
BLACK
6
CONTINUOUS
10
6.4686349606299212
20
-3.6284627165354331
11
6.4715877165354332
21
-3.6276715354330706
0
LINE
8
BLACK
6
CONTINUOUS
10
6.4715877165354332
20
-3.6276715354330706
11
6.4745404724409443
21
-3.6284627165354331
0
LINE
8
BLACK
6
CONTINUOUS
10
6.1659209842519687
20
-3.6437403149606298
11
6.1514334645669289
21
-3.6437403149606298
0
LINE
8
BLACK
6
CONTINUOUS
10
6.1514334645669289
20
-3.6437403149606298
11
6.1653543307086611
21
-3.5645049212598425
0
LINE
8
BLACK
6
CONTINUOUS
10
6.1653543307086611
20
-3.5645049212598425
11
6.1798439370078739
21
-3.5645049212598425
0
LINE
8
BLACK
6
CONTINUOUS
10
6.1798439370078739
20
-3.5645049212598425
11
6.1659209842519687
21
-3.6437403149606298
0
LINE
8
BLACK
6
CONTINUOUS
10
6.2226834645669289
20
-3.6437403149606298
11
6.2081938582677161
21
-3.6437403149606298
0
LINE
8
BLACK
6
CONTINUOUS
10
6.2081938582677161
20
-3.6437403149606298
11
6.2221188976377952
21
-3.5645049212598425
0
LINE
8
BLACK
6
CONTINUOUS
10
6.2221188976377952
20
-3.5645049212598425
11
6.2366064173228342
21
-3.5645049212598425
0
LINE
8
BLACK
6
CONTINUOUS
10
6.2366064173228342
20
-3.5645049212598425
11
6.2226834645669289
21
-3.6437403149606298
0
LINE
8
BLACK
6
CONTINUOUS
10
6.2800626377952753
20
-3.6437403149606298
11
6.2655751181102364
21
-3.6437403149606298
0
LINE
8
BLACK
6
CONTINUOUS
10
6.2655751181102364
20
-3.6437403149606298
11
6.2794959448818899
21
-3.5645049212598425
0
LINE
8
BLACK
6
CONTINUOUS
10
6.2794959448818899
20
-3.5645049212598425
11
6.2939876377952757
21
-3.5645049212598425
0
LINE
8
BLACK
6
CONTINUOUS
10
6.2939876377952757
20
-3.5645049212598425
11
6.2800626377952753
21
-3.6437403149606298
0
LINE
8
BLACK
6
CONTINUOUS
10
5.87655031496063
20
-3.5565846850393701
11
5.8778802755905515
21
-3.5568568503937006
0
LINE
8
BLACK
6
CONTINUOUS
10
5.8778802755905515
20
-3.5568568503937006
11
5.8835046062992129
21
-3.5596690157480313
0
LINE
8
BLACK
6
CONTINUOUS
10
5.8835046062992129
20
-3.5596690157480313
11
5.8842159842519681
21
-3.5602998425196848
0
LINE
8
BLACK
6
CONTINUOUS
10
5.8842159842519681
20
-3.5602998425196848
11
5.8850394094488188
21
-3.5607752362204725
0
LINE
8
BLACK
6
CONTINUOUS
10
5.8850394094488188
20
-3.5607752362204725
11
5.8878515354330707
21
-3.5635873622047245
0
LINE
8
BLACK
6
CONTINUOUS
10
5.8878515354330707
20
-3.5635873622047245
11
5.888326929133858
21
-3.5644107874015747
0
LINE
8
BLACK
6
CONTINUOUS
10
5.888326929133858
20
-3.5644107874015747
11
5.888957755905512
21
-3.5651221653543308
0
LINE
8
BLACK
6
CONTINUOUS
10
5.888957755905512
20
-3.5651221653543308
11
5.8917699212598427
21
-3.5707464173228347
0
LINE
8
BLACK
6
CONTINUOUS
10
5.8917699212598427
20
-3.5707464173228347
11
5.8920420866141727
21
-3.5720764173228345
0
LINE
8
BLACK
6
CONTINUOUS
10
5.8920420866141727
20
-3.5720764173228345
11
5.8923933858267716
21
-3.5733874803149606
0
LINE
8
BLACK
6
CONTINUOUS
10
5.8923933858267716
20
-3.5733874803149606
11
5.8923933858267716
21
-3.579011811023622
0
LINE
8
BLACK
6
CONTINUOUS
10
5.8923933858267716
20
-3.579011811023622
11
5.892147283464567
21
-3.5799302362204726
0
LINE
8
BLACK
6
CONTINUOUS
10
5.892147283464567
20
-3.5799302362204726
11
5.8920903149606296
21
-3.5808793307086613
0
LINE
8
BLACK
6
CONTINUOUS
10
5.8920903149606296
20
-3.5808793307086613
11
5.8892781496062989
21
-3.5893157480314959
0
LINE
8
BLACK
6
CONTINUOUS
10
5.8892781496062989
20
-3.5893157480314959
11
5.8885302755905506
21
-3.5904484251968505
0
LINE
8
BLACK
6
CONTINUOUS
10
5.8885302755905506
20
-3.5904484251968505
11
5.8878515354330707
21
-3.59162405511811
0
LINE
8
BLACK
6
CONTINUOUS
10
5.8878515354330707
20
-3.59162405511811
11
5.864187086614173
21
-3.6152885039370077
0
LINE
8
BLACK
6
CONTINUOUS
10
5.864187086614173
20
-3.6152885039370077
11
5.8864878740157476
21
-3.6152885039370077
0
LINE
8
BLACK
6
CONTINUOUS
10
5.8864878740157476
20
-3.6152885039370077
11
5.8894406299212596
21
-3.6160796850393702
0
LINE
8
BLACK
6
CONTINUOUS
10
5.8894406299212596
20
-3.6160796850393702
11
5.8916022047244097
21
-3.6182412598425198
0
LINE
8
BLACK
6
CONTINUOUS
10
5.8916022047244097
20
-3.6182412598425198
11
5.8923933858267716
21
-3.6211940157480313
0
LINE
8
BLACK
6
CONTINUOUS
10
5.8923933858267716
20
-3.6211940157480313
11
5.8916022047244097
21
-3.6241467716535434
0
LINE
8
BLACK
6
CONTINUOUS
10
5.8916022047244097
20
-3.6241467716535434
11
5.8894406299212596
21
-3.626308346456693
0
LINE
8
BLACK
6
CONTINUOUS
10
5.8894406299212596
20
-3.626308346456693
11
5.8864878740157476
21
-3.627099527559055
0
LINE
8
BLACK
6
CONTINUOUS
10
5.8864878740157476
20
-3.627099527559055
11
5.8499299212598421
21
-3.627099527559055
0
LINE
8
BLACK
6
CONTINUOUS
10
5.8499299212598421
20
-3.627099527559055
11
5.8491789370078742
21
-3.6268983070866141
0
LINE
8
BLACK
6
CONTINUOUS
10
5.8491789370078742
20
-3.6268983070866141
11
5.8484014566929137
21
-3.6268983070866141
0
LINE
8
BLACK
6
CONTINUOUS
10
5.8484014566929137
20
-3.6268983070866141
11
5.8477281102362202
21
-3.6265095669291338
0
LINE
8
BLACK
6
CONTINUOUS
10
5.8477281102362202
20
-3.6265095669291338
11
5.846977165354331
21
-3.626308346456693
0
LINE
8
BLACK
6
CONTINUOUS
10
5.846977165354331
20
-3.626308346456693
11
5.8464273622047243
21
-3.6257585433070867
0
LINE
8
BLACK
6
CONTINUOUS
10
5.8464273622047243
20
-3.6257585433070867
11
5.8457540944881892
21
-3.6253698425196847
0
LINE
8
BLACK
6
CONTINUOUS
10
5.8457540944881892
20
-3.6253698425196847
11
5.8453653543307089
21
-3.6246965354330709
0
LINE
8
BLACK
6
CONTINUOUS
10
5.8453653543307089
20
-3.6246965354330709
11
5.8448155905511809
21
-3.6241467716535434
0
LINE
8
BLACK
6
CONTINUOUS
10
5.8448155905511809
20
-3.6241467716535434
11
5.8446143307086613
21
-3.6233957874015745
0
LINE
8
BLACK
6
CONTINUOUS
10
5.8446143307086613
20
-3.6233957874015745
11
5.8442256299212598
21
-3.6227224803149607
0
LINE
8
BLACK
6
CONTINUOUS
10
5.8442256299212598
20
-3.6227224803149607
11
5.8442256299212598
21
-3.621944960629921
0
LINE
8
BLACK
6
CONTINUOUS
10
5.8442256299212598
20
-3.621944960629921
11
5.844024409448819
21
-3.6211940157480313
0
LINE
8
BLACK
6
CONTINUOUS
10
5.844024409448819
20
-3.6211940157480313
11
5.8442256299212598
21
-3.6204430314960629
0
LINE
8
BLACK
6
CONTINUOUS
10
5.8442256299212598
20
-3.6204430314960629
11
5.8442256299212598
21
-3.6196655511811024
0
LINE
8
BLACK
6
CONTINUOUS
10
5.8442256299212598
20
-3.6196655511811024
11
5.8446143307086613
21
-3.6189922047244094
0
LINE
8
BLACK
6
CONTINUOUS
10
5.8446143307086613
20
-3.6189922047244094
11
5.8448155905511809
21
-3.6182412598425198
0
LINE
8
BLACK
6
CONTINUOUS
10
5.8448155905511809
20
-3.6182412598425198
11
5.8453653543307089
21
-3.6176914566929135
0
LINE
8
BLACK
6
CONTINUOUS
10
5.8453653543307089
20
-3.6176914566929135
11
5.8457540944881892
21
-3.6170181889763779
0
LINE
8
BLACK
6
CONTINUOUS
10
5.8457540944881892
20
-3.6170181889763779
11
5.8785140944881888
21
-3.5842581496062991
0
LINE
8
BLACK
6
CONTINUOUS
10
5.8785140944881888
20
-3.5842581496062991
11
5.8805823622047244
21
-3.5780535039370078
0
LINE
8
BLACK
6
CONTINUOUS
10
5.8805823622047244
20
-3.5780535039370078
11
5.8805823622047244
21
-3.5747815748031497
0
LINE
8
BLACK
6
CONTINUOUS
10
5.8805823622047244
20
-3.5747815748031497
11
5.8788222440944882
21
-3.571261377952756
0
LINE
8
BLACK
6
CONTINUOUS
10
5.8788222440944882
20
-3.571261377952756
11
5.8773653937007877
21
-3.5698045275590551
0
LINE
8
BLACK
6
CONTINUOUS
10
5.8773653937007877
20
-3.5698045275590551
11
5.8738451574803152
21
-3.5680444094488188
0
LINE
8
BLACK
6
CONTINUOUS
10
5.8738451574803152
20
-3.5680444094488188
11
5.8625726377952754
21
-3.5680444094488188
0
LINE
8
BLACK
6
CONTINUOUS
10
5.8625726377952754
20
-3.5680444094488188
11
5.8590524015748029
21
-3.5698045275590551
0
LINE
8
BLACK
6
CONTINUOUS
10
5.8590524015748029
20
-3.5698045275590551
11
5.8569179133858267
21
-3.5719390157480313
0
LINE
8
BLACK
6
CONTINUOUS
10
5.8569179133858267
20
-3.5719390157480313
11
5.8542705511811022
21
-3.5734674803149606
0
LINE
8
BLACK
6
CONTINUOUS
10
5.8542705511811022
20
-3.5734674803149606
11
5.8512136220472444
21
-3.5734674803149606
0
LINE
8
BLACK
6
CONTINUOUS
10
5.8512136220472444
20
-3.5734674803149606
11
5.8485662598425199
21
-3.5719390157480313
0
LINE
8
BLACK
6
CONTINUOUS
10
5.8485662598425199
20
-3.5719390157480313
11
5.8470377952755905
21
-3.5692916535433068
0
LINE
8
BLACK
6
CONTINUOUS
10
5.8470377952755905
20
-3.5692916535433068
11
5.8470377952755905
21
-3.5662347244094486
0
LINE
8
BLACK
6
CONTINUOUS
10
5.8470377952755905
20
-3.5662347244094486
11
5.8485662598425199
21
-3.5635873622047245
0
LINE
8
BLACK
6
CONTINUOUS
10
5.8485662598425199
20
-3.5635873622047245
11
5.8513783858267718
21
-3.5607752362204725
0
LINE
8
BLACK
6
CONTINUOUS
10
5.8513783858267718
20
-3.5607752362204725
11
5.8522017716535428
21
-3.5602998425196848
0
LINE
8
BLACK
6
CONTINUOUS
10
5.8522017716535428
20
-3.5602998425196848
11
5.8529131889763777
21
-3.5596690157480313
0
LINE
8
BLACK
6
CONTINUOUS
10
5.8529131889763777
20
-3.5596690157480313
11
5.8585375196850391
21
-3.5568568503937006
0
LINE
8
BLACK
6
CONTINUOUS
10
5.8585375196850391
20
-3.5568568503937006
11
5.8598674409448819
21
-3.5565846850393701
0
LINE
8
BLACK
6
CONTINUOUS
10
5.8598674409448819
20
-3.5565846850393701
11
5.8611785433070862
21
-3.5562333858267716
0
LINE
8
BLACK
6
CONTINUOUS
10
5.8611785433070862
20
-3.5562333858267716
11
5.8752392519685035
21
-3.5562333858267716
0
LINE
8
BLACK
6
CONTINUOUS
10
5.8752392519685035
20
-3.5562333858267716
11
5.87655031496063
21
-3.5565846850393701
0
LINE
8
BLACK
6
CONTINUOUS
10
5.9299811417322834
20
-3.5565846850393701
11
5.9313111023622049
21
-3.5568568503937006
0
LINE
8
BLACK
6
CONTINUOUS
10
5.9313111023622049
20
-3.5568568503937006
11
5.9369353937007876
21
-3.5596690157480313
0
LINE
8
BLACK
6
CONTINUOUS
10
5.9369353937007876
20
-3.5596690157480313
11
5.9376467322834641
21
-3.560299803149606
0
LINE
8
BLACK
6
CONTINUOUS
10
5.9376467322834641
20
-3.560299803149606
11
5.9384701574803147
21
-3.5607751968503938
0
LINE
8
BLACK
6
CONTINUOUS
10
5.9384701574803147
20
-3.5607751968503938
11
5.9412823228346454
21
-3.5635873228346457
0
LINE
8
BLACK
6
CONTINUOUS
10
5.9412823228346454
20
-3.5635873228346457
11
5.9417577165354327
21
-3.5644107480314959
0
LINE
8
BLACK
6
CONTINUOUS
10
5.9417577165354327
20
-3.5644107480314959
11
5.9423885826771654
21
-3.5651221653543308
0
LINE
8
BLACK
6
CONTINUOUS
10
5.9423885826771654
20
-3.5651221653543308
11
5.9452007086614174
21
-3.5707464960629922
0
LINE
8
BLACK
6
CONTINUOUS
10
5.9452007086614174
20
-3.5707464960629922
11
5.9453313779527557
21
-3.5713851968503936
0
LINE
8
BLACK
6
CONTINUOUS
10
5.9453313779527557
20
-3.5713851968503936
11
5.9456478346456691
21
-3.5719551968503938
0
LINE
8
BLACK
6
CONTINUOUS
10
5.9456478346456691
20
-3.5719551968503938
11
5.9484599999999999
21
-3.5832037795275591
0
LINE
8
BLACK
6
CONTINUOUS
10
5.9484599999999999
20
-3.5832037795275591
11
5.9484477165354326
21
-3.5839322834645668
0
LINE
8
BLACK
6
CONTINUOUS
10
5.9484477165354326
20
-3.5839322834645668
11
5.948636338582677
21
-3.5846361023622046
0
LINE
8
BLACK
6
CONTINUOUS
10
5.948636338582677
20
-3.5846361023622046
11
5.948636338582677
21
-3.5986968503937007
0
LINE
8
BLACK
6
CONTINUOUS
10
5.948636338582677
20
-3.5986968503937007
11
5.9484477165354326
21
-3.5994006299212598
0
LINE
8
BLACK
6
CONTINUOUS
10
5.9484477165354326
20
-3.5994006299212598
11
5.9484599999999999
21
-3.6001291732283462
0
LINE
8
BLACK
6
CONTINUOUS
10
5.9484599999999999
20
-3.6001291732283462
11
5.9456478346456691
21
-3.6113777559055116
0
LINE
8
BLACK
6
CONTINUOUS
10
5.9456478346456691
20
-3.6113777559055116
11
5.9453313779527557
21
-3.6119477559055118
0
LINE
8
BLACK
6
CONTINUOUS
10
5.9453313779527557
20
-3.6119477559055118
11
5.9452007086614174
21
-3.6125864173228344
0
LINE
8
BLACK
6
CONTINUOUS
10
5.9452007086614174
20
-3.6125864173228344
11
5.9423885826771654
21
-3.6182107480314958
0
LINE
8
BLACK
6
CONTINUOUS
10
5.9423885826771654
20
-3.6182107480314958
11
5.9417577165354327
21
-3.6189221259842519
0
LINE
8
BLACK
6
CONTINUOUS
10
5.9417577165354327
20
-3.6189221259842519
11
5.9412823622047242
21
-3.6197455511811021
0
LINE
8
BLACK
6
CONTINUOUS
10
5.9412823622047242
20
-3.6197455511811021
11
5.9384701968503935
21
-3.6225577165354328
0
LINE
8
BLACK
6
CONTINUOUS
10
5.9384701968503935
20
-3.6225577165354328
11
5.9376467716535428
21
-3.6230330708661418
0
LINE
8
BLACK
6
CONTINUOUS
10
5.9376467716535428
20
-3.6230330708661418
11
5.9369353937007876
21
-3.623663937007874
0
LINE
8
BLACK
6
CONTINUOUS
10
5.9369353937007876
20
-3.623663937007874
11
5.9313111023622049
21
-3.626476062992126
0
LINE
8
BLACK
6
CONTINUOUS
10
5.9313111023622049
20
-3.626476062992126
11
5.9299812204724409
21
-3.6267481889763777
0
LINE
8
BLACK
6
CONTINUOUS
10
5.9299812204724409
20
-3.6267481889763777
11
5.9286700787401569
21
-3.627099527559055
0
LINE
8
BLACK
6
CONTINUOUS
10
5.9286700787401569
20
-3.627099527559055
11
5.9230457874015743
21
-3.627099527559055
0
LINE
8
BLACK
6
CONTINUOUS
10
5.9230457874015743
20
-3.627099527559055
11
5.9217345275590549
21
-3.626748149606299
0
LINE
8
BLACK
6
CONTINUOUS
10
5.9217345275590549
20
-3.626748149606299
11
5.9204048031496059
21
-3.626476062992126
0
LINE
8
BLACK
6
CONTINUOUS
10
5.9204048031496059
20
-3.626476062992126
11
5.9147804724409445
21
-3.623663937007874
0
LINE
8
BLACK
6
CONTINUOUS
10
5.9147804724409445
20
-3.623663937007874
11
5.9140690551181105
21
-3.6230330708661418
0
LINE
8
BLACK
6
CONTINUOUS
10
5.9140690551181105
20
-3.6230330708661418
11
5.9132456692913387
21
-3.6225577165354328
0
LINE
8
BLACK
6
CONTINUOUS
10
5.9132456692913387
20
-3.6225577165354328
11
5.9104335039370079
21
-3.6197455511811021
0
LINE
8
BLACK
6
CONTINUOUS
10
5.9104335039370079
20
-3.6197455511811021
11
5.9099580708661419
21
-3.6189220866141731
0
LINE
8
BLACK
6
CONTINUOUS
10
5.9099580708661419
20
-3.6189220866141731
11
5.9093272834645667
21
-3.6182107480314958
0
LINE
8
BLACK
6
CONTINUOUS
10
5.9093272834645667
20
-3.6182107480314958
11
5.906515118110236
21
-3.6125864566929131
0
LINE
8
BLACK
6
CONTINUOUS
10
5.906515118110236
20
-3.6125864566929131
11
5.9063843700787402
21
-3.6119476771653543
0
LINE
8
BLACK
6
CONTINUOUS
10
5.9063843700787402
20
-3.6119476771653543
11
5.9060679921259842
21
-3.6113777165354328
0
LINE
8
BLACK
6
CONTINUOUS
10
5.9060679921259842
20
-3.6113777165354328
11
5.9032558661417323
21
-3.6001291338582675
0
LINE
8
BLACK
6
CONTINUOUS
10
5.9032558661417323
20
-3.6001291338582675
11
5.9032681102362208
21
-3.5994006692913385
0
LINE
8
BLACK
6
CONTINUOUS
10
5.9032681102362208
20
-3.5994006692913385
11
5.9030795275590551
21
-3.5986968503937007
0
LINE
8
BLACK
6
CONTINUOUS
10
5.9030795275590551
20
-3.5986968503937007
11
5.9030795275590551
21
-3.5846361023622046
0
LINE
8
BLACK
6
CONTINUOUS
10
5.9030795275590551
20
-3.5846361023622046
11
5.9032681102362208
21
-3.5839322440944881
0
LINE
8
BLACK
6
CONTINUOUS
10
5.9032681102362208
20
-3.5839322440944881
11
5.9032558661417323
21
-3.5832038188976378
0
LINE
8
BLACK
6
CONTINUOUS
10
5.9032558661417323
20
-3.5832038188976378
11
5.9060679921259842
21
-3.5719551968503938
0
LINE
8
BLACK
6
CONTINUOUS
10
5.9060679921259842
20
-3.5719551968503938
11
5.9063843700787402
21
-3.5713851968503936
0
LINE
8
BLACK
6
CONTINUOUS
10
5.9063843700787402
20
-3.5713851968503936
11
5.906515118110236
21
-3.5707464566929135
0
LINE
8
BLACK
6
CONTINUOUS
10
5.906515118110236
20
-3.5707464566929135
11
5.9093272834645667
21
-3.5651221653543308
0
LINE
8
BLACK
6
CONTINUOUS
10
5.9093272834645667
20
-3.5651221653543308
11
5.9099580708661419
21
-3.5644107874015747
0
LINE
8
BLACK
6
CONTINUOUS
10
5.9099580708661419
20
-3.5644107874015747
11
5.9104335433070867
21
-3.5635873228346457
0
LINE
8
BLACK
6
CONTINUOUS
10
5.9104335433070867
20
-3.5635873228346457
11
5.9132457086614174
21
-3.5607751968503938
0
LINE
8
BLACK
6
CONTINUOUS
10
5.9132457086614174
20
-3.5607751968503938
11
5.9140690944881884
21
-3.560299803149606
0
LINE
8
BLACK
6
CONTINUOUS
10
5.9140690944881884
20
-3.560299803149606
11
5.9147804724409445
21
-3.5596690157480313
0
LINE
8
BLACK
6
CONTINUOUS
10
5.9147804724409445
20
-3.5596690157480313
11
5.9204047244094484
21
-3.5568568503937006
0
LINE
8
BLACK
6
CONTINUOUS
10
5.9204047244094484
20
-3.5568568503937006
11
5.9217347244094487
21
-3.5565846456692913
0
LINE
8
BLACK
6
CONTINUOUS
10
5.9217347244094487
20
-3.5565846456692913
11
5.9230457874015743
21
-3.5562333858267716
0
LINE
8
BLACK
6
CONTINUOUS
10
5.9230457874015743
20
-3.5562333858267716
11
5.9286700787401569
21
-3.5562333858267716
0
LINE
8
BLACK
6
CONTINUOUS
10
5.9286700787401569
20
-3.5562333858267716
11
5.9299811417322834
21
-3.5565846850393701
0
LINE
8
BLACK
6
CONTINUOUS
10
5.920919645669291
20
-3.5698045275590551
11
5.9194627952755905
21
-3.5712613385826772
0
LINE
8
BLACK
6
CONTINUOUS
10
5.9194627952755905
20
-3.5712613385826772
11
5.91736905511811
21
-3.5754487401574804
0
LINE
8
BLACK
6
CONTINUOUS
10
5.91736905511811
20
-3.5754487401574804
11
5.9148905511811023
21
-3.585362992125984
0
LINE
8
BLACK
6
CONTINUOUS
10
5.9148905511811023
20
-3.585362992125984
11
5.9148905511811023
21
-3.5979699212598426
0
LINE
8
BLACK
6
CONTINUOUS
10
5.9148905511811023
20
-3.5979699212598426
11
5.91736905511811
21
-3.6078841338582675
0
LINE
8
BLACK
6
CONTINUOUS
10
5.91736905511811
20
-3.6078841338582675
11
5.9194627952755905
21
-3.6120715354330706
0
LINE
8
BLACK
6
CONTINUOUS
10
5.9194627952755905
20
-3.6120715354330706
11
5.920919645669291
21
-3.6135283858267715
0
LINE
8
BLACK
6
CONTINUOUS
10
5.920919645669291
20
-3.6135283858267715
11
5.9244398818897634
21
-3.6152885039370077
0
LINE
8
BLACK
6
CONTINUOUS
10
5.9244398818897634
20
-3.6152885039370077
11
5.9272759842519687
21
-3.6152885039370077
0
LINE
8
BLACK
6
CONTINUOUS
10
5.9272759842519687
20
-3.6152885039370077
11
5.9307961417322836
21
-3.6135284251968502
0
LINE
8
BLACK
6
CONTINUOUS
10
5.9307961417322836
20
-3.6135284251968502
11
5.9322530314960629
21
-3.6120715354330706
0
LINE
8
BLACK
6
CONTINUOUS
10
5.9322530314960629
20
-3.6120715354330706
11
5.9343466929133859
21
-3.607884212598425
0
LINE
8
BLACK
6
CONTINUOUS
10
5.9343466929133859
20
-3.607884212598425
11
5.9368253149606298
21
-3.5979698818897639
0
LINE
8
BLACK
6
CONTINUOUS
10
5.9368253149606298
20
-3.5979698818897639
11
5.9368253149606298
21
-3.5853630314960627
0
LINE
8
BLACK
6
CONTINUOUS
10
5.9368253149606298
20
-3.5853630314960627
11
5.9343466929133859
21
-3.5754487007874016
0
LINE
8
BLACK
6
CONTINUOUS
10
5.9343466929133859
20
-3.5754487007874016
11
5.9322530708661416
21
-3.571261377952756
0
LINE
8
BLACK
6
CONTINUOUS
10
5.9322530708661416
20
-3.571261377952756
11
5.9307962204724411
21
-3.5698045275590551
0
LINE
8
BLACK
6
CONTINUOUS
10
5.9307962204724411
20
-3.5698045275590551
11
5.9272759842519687
21
-3.5680444094488188
0
LINE
8
BLACK
6
CONTINUOUS
10
5.9272759842519687
20
-3.5680444094488188
11
5.9244398818897634
21
-3.5680444094488188
0
LINE
8
BLACK
6
CONTINUOUS
10
5.9244398818897634
20
-3.5680444094488188
11
5.920919645669291
21
-3.5698045275590551
0
LINE
8
BLACK
6
CONTINUOUS
10
5.9890362204724408
20
-3.5565846850393701
11
5.9903661811023623
21
-3.5568568503937006
0
LINE
8
BLACK
6
CONTINUOUS
10
5.9903661811023623
20
-3.5568568503937006
11
5.9959905118110237
21
-3.5596690157480313
0
LINE
8
BLACK
6
CONTINUOUS
10
5.9959905118110237
20
-3.5596690157480313
11
5.9967018897637798
21
-3.5602998425196848
0
LINE
8
BLACK
6
CONTINUOUS
10
5.9967018897637798
20
-3.5602998425196848
11
5.9975253149606296
21
-3.5607752362204725
0
LINE
8
BLACK
6
CONTINUOUS
10
5.9975253149606296
20
-3.5607752362204725
11
6.0003374409448815
21
-3.5635873622047245
0
LINE
8
BLACK
6
CONTINUOUS
10
6.0003374409448815
20
-3.5635873622047245
11
6.0008128346456688
21
-3.5644107874015747
0
LINE
8
BLACK
6
CONTINUOUS
10
6.0008128346456688
20
-3.5644107874015747
11
6.0014436614173228
21
-3.5651221653543308
0
LINE
8
BLACK
6
CONTINUOUS
10
6.0014436614173228
20
-3.5651221653543308
11
6.0042558267716535
21
-3.5707464173228347
0
LINE
8
BLACK
6
CONTINUOUS
10
6.0042558267716535
20
-3.5707464173228347
11
6.0045279921259844
21
-3.5720764173228345
0
LINE
8
BLACK
6
CONTINUOUS
10
6.0045279921259844
20
-3.5720764173228345
11
6.0048792913385824
21
-3.5733874803149606
0
LINE
8
BLACK
6
CONTINUOUS
10
6.0048792913385824
20
-3.5733874803149606
11
6.0048792913385824
21
-3.579011811023622
0
LINE
8
BLACK
6
CONTINUOUS
10
6.0048792913385824
20
-3.579011811023622
11
6.0046331889763778
21
-3.5799302362204726
0
LINE
8
BLACK
6
CONTINUOUS
10
6.0046331889763778
20
-3.5799302362204726
11
6.0045762204724404
21
-3.5808793307086613
0
LINE
8
BLACK
6
CONTINUOUS
10
6.0045762204724404
20
-3.5808793307086613
11
6.0017640551181097
21
-3.5893157480314959
0
LINE
8
BLACK
6
CONTINUOUS
10
6.0017640551181097
20
-3.5893157480314959
11
6.0010161811023623
21
-3.5904484251968505
0
LINE
8
BLACK
6
CONTINUOUS
10
6.0010161811023623
20
-3.5904484251968505
11
6.0003374409448815
21
-3.59162405511811
0
LINE
8
BLACK
6
CONTINUOUS
10
6.0003374409448815
20
-3.59162405511811
11
5.9766729921259838
21
-3.6152885039370077
0
LINE
8
BLACK
6
CONTINUOUS
10
5.9766729921259838
20
-3.6152885039370077
11
5.9989737795275593
21
-3.6152885039370077
0
LINE
8
BLACK
6
CONTINUOUS
10
5.9989737795275593
20
-3.6152885039370077
11
6.0019265354330704
21
-3.6160796850393702
0
LINE
8
BLACK
6
CONTINUOUS
10
6.0019265354330704
20
-3.6160796850393702
11
6.0040881102362205
21
-3.6182412598425198
0
LINE
8
BLACK
6
CONTINUOUS
10
6.0040881102362205
20
-3.6182412598425198
11
6.0048792913385824
21
-3.6211940157480313
0
LINE
8
BLACK
6
CONTINUOUS
10
6.0048792913385824
20
-3.6211940157480313
11
6.0040881102362205
21
-3.6241467716535434
0
LINE
8
BLACK
6
CONTINUOUS
10
6.0040881102362205
20
-3.6241467716535434
11
6.0019265354330704
21
-3.626308346456693
0
LINE
8
BLACK
6
CONTINUOUS
10
6.0019265354330704
20
-3.626308346456693
11
5.9989737795275593
21
-3.627099527559055
0
LINE
8
BLACK
6
CONTINUOUS
10
5.9989737795275593
20
-3.627099527559055
11
5.9624158267716538
21
-3.627099527559055
0
LINE
8
BLACK
6
CONTINUOUS
10
5.9624158267716538
20
-3.627099527559055
11
5.961664842519685
21
-3.6268983070866141
0
LINE
8
BLACK
6
CONTINUOUS
10
5.961664842519685
20
-3.6268983070866141
11
5.9608873622047245
21
-3.6268983070866141
0
LINE
8
BLACK
6
CONTINUOUS
10
5.9608873622047245
20
-3.6268983070866141
11
5.960214015748031
21
-3.6265095669291338
0
LINE
8
BLACK
6
CONTINUOUS
10
5.960214015748031
20
-3.6265095669291338
11
5.9594630708661418
21
-3.626308346456693
0
LINE
8
BLACK
6
CONTINUOUS
10
5.9594630708661418
20
-3.626308346456693
11
5.9589132677165351
21
-3.6257585433070867
0
LINE
8
BLACK
6
CONTINUOUS
10
5.9589132677165351
20
-3.6257585433070867
11
5.95824
21
-3.6253698425196847
0
LINE
8
BLACK
6
CONTINUOUS
10
5.95824
20
-3.6253698425196847
11
5.9578512598425197
21
-3.6246965354330709
0
LINE
8
BLACK
6
CONTINUOUS
10
5.9578512598425197
20
-3.6246965354330709
11
5.9573014960629918
21
-3.6241467716535434
0
LINE
8
BLACK
6
CONTINUOUS
10
5.9573014960629918
20
-3.6241467716535434
11
5.9571002362204721
21
-3.6233957874015745
0
LINE
8
BLACK
6
CONTINUOUS
10
5.9571002362204721
20
-3.6233957874015745
11
5.9567115354330706
21
-3.6227224803149607
0
LINE
8
BLACK
6
CONTINUOUS
10
5.9567115354330706
20
-3.6227224803149607
11
5.9567115354330706
21
-3.621944960629921
0
LINE
8
BLACK
6
CONTINUOUS
10
5.9567115354330706
20
-3.621944960629921
11
5.9565103149606298
21
-3.6211940157480313
0
LINE
8
BLACK
6
CONTINUOUS
10
5.9565103149606298
20
-3.6211940157480313
11
5.9567115354330706
21
-3.6204430314960629
0
LINE
8
BLACK
6
CONTINUOUS
10
5.9567115354330706
20
-3.6204430314960629
11
5.9567115354330706
21
-3.6196655511811024
0
LINE
8
BLACK
6
CONTINUOUS
10
5.9567115354330706
20
-3.6196655511811024
11
5.9571002362204721
21
-3.6189922047244094
0
LINE
8
BLACK
6
CONTINUOUS
10
5.9571002362204721
20
-3.6189922047244094
11
5.9573014960629918
21
-3.6182412598425198
0
LINE
8
BLACK
6
CONTINUOUS
10
5.9573014960629918
20
-3.6182412598425198
11
5.9578512598425197
21
-3.6176914566929135
0
LINE
8
BLACK
6
CONTINUOUS
10
5.9578512598425197
20
-3.6176914566929135
11
5.95824
21
-3.6170181889763779
0
LINE
8
BLACK
6
CONTINUOUS
10
5.95824
20
-3.6170181889763779
11
5.9909999999999997
21
-3.5842581496062991
0
LINE
8
BLACK
6
CONTINUOUS
10
5.9909999999999997
20
-3.5842581496062991
11
5.9930682677165352
21
-3.5780535039370078
0
LINE
8
BLACK
6
CONTINUOUS
10
5.9930682677165352
20
-3.5780535039370078
11
5.9930682677165352
21
-3.5747815748031497
0
LINE
8
BLACK
6
CONTINUOUS
10
5.9930682677165352
20
-3.5747815748031497
11
5.991308149606299
21
-3.571261377952756
0
LINE
8
BLACK
6
CONTINUOUS
10
5.991308149606299
20
-3.571261377952756
11
5.9898512992125985
21
-3.5698045275590551
0
LINE
8
BLACK
6
CONTINUOUS
10
5.9898512992125985
20
-3.5698045275590551
11
5.986331062992126
21
-3.5680444094488188
0
LINE
8
BLACK
6
CONTINUOUS
10
5.986331062992126
20
-3.5680444094488188
11
5.9750585433070862
21
-3.5680444094488188
0
LINE
8
BLACK
6
CONTINUOUS
10
5.9750585433070862
20
-3.5680444094488188
11
5.9715383070866137
21
-3.5698045275590551
0
LINE
8
BLACK
6
CONTINUOUS
10
5.9715383070866137
20
-3.5698045275590551
11
5.9694038188976375
21
-3.5719390157480313
0
LINE
8
BLACK
6
CONTINUOUS
10
5.9694038188976375
20
-3.5719390157480313
11
5.966756456692913
21
-3.5734674803149606
0
LINE
8
BLACK
6
CONTINUOUS
10
5.966756456692913
20
-3.5734674803149606
11
5.9636995275590552
21
-3.5734674803149606
0
LINE
8
BLACK
6
CONTINUOUS
10
5.9636995275590552
20
-3.5734674803149606
11
5.9610521653543307
21
-3.5719390157480313
0
LINE
8
BLACK
6
CONTINUOUS
10
5.9610521653543307
20
-3.5719390157480313
11
5.9595237007874013
21
-3.5692916535433068
0
LINE
8
BLACK
6
CONTINUOUS
10
5.9595237007874013
20
-3.5692916535433068
11
5.9595237007874013
21
-3.5662347244094486
0
LINE
8
BLACK
6
CONTINUOUS
10
5.9595237007874013
20
-3.5662347244094486
11
5.9610521653543307
21
-3.5635873622047245
0
LINE
8
BLACK
6
CONTINUOUS
10
5.9610521653543307
20
-3.5635873622047245
11
5.9638642913385826
21
-3.5607752362204725
0
LINE
8
BLACK
6
CONTINUOUS
10
5.9638642913385826
20
-3.5607752362204725
11
5.9646876771653545
21
-3.5602998425196848
0
LINE
8
BLACK
6
CONTINUOUS
10
5.9646876771653545
20
-3.5602998425196848
11
5.9653990944881885
21
-3.5596690157480313
0
LINE
8
BLACK
6
CONTINUOUS
10
5.9653990944881885
20
-3.5596690157480313
11
5.9710234251968499
21
-3.5568568503937006
0
LINE
8
BLACK
6
CONTINUOUS
10
5.9710234251968499
20
-3.5568568503937006
11
5.9723533464566927
21
-3.5565846850393701
0
LINE
8
BLACK
6
CONTINUOUS
10
5.9723533464566927
20
-3.5565846850393701
11
5.9736644488188979
21
-3.5562333858267716
0
LINE
8
BLACK
6
CONTINUOUS
10
5.9736644488188979
20
-3.5562333858267716
11
5.9877251574803152
21
-3.5562333858267716
0
LINE
8
BLACK
6
CONTINUOUS
10
5.9877251574803152
20
-3.5562333858267716
11
5.9890362204724408
21
-3.5565846850393701
0
LINE
8
BLACK
6
CONTINUOUS
10
6.0557802755905508
20
-3.5563843700787401
11
6.056362362204724
21
-3.5563455905511812
0
LINE
8
BLACK
6
CONTINUOUS
10
6.056362362204724
20
-3.5563455905511812
11
6.057232519685039
21
-3.5567735039370079
0
LINE
8
BLACK
6
CONTINUOUS
10
6.057232519685039
20
-3.5567735039370079
11
6.0581694881889758
21
-3.5570245669291336
0
LINE
8
BLACK
6
CONTINUOUS
10
6.0581694881889758
20
-3.5570245669291336
11
6.0585820866141731
21
-3.5574371653543304
0
LINE
8
BLACK
6
CONTINUOUS
10
6.0585820866141731
20
-3.5574371653543304
11
6.0591055118110235
21
-3.557694566929134
0
LINE
8
BLACK
6
CONTINUOUS
10
6.0591055118110235
20
-3.557694566929134
11
6.059645118110236
21
-3.5585001968503938
0
LINE
8
BLACK
6
CONTINUOUS
10
6.059645118110236
20
-3.5585001968503938
11
6.0603310629921259
21
-3.5591861417322832
0
LINE
8
BLACK
6
CONTINUOUS
10
6.0603310629921259
20
-3.5591861417322832
11
6.0604820472440943
21
-3.5597496850393702
0
LINE
8
BLACK
6
CONTINUOUS
10
6.0604820472440943
20
-3.5597496850393702
11
6.0608066929133857
21
-3.56023437007874
0
LINE
8
BLACK
6
CONTINUOUS
10
6.0608066929133857
20
-3.56023437007874
11
6.0608711811023621
21
-3.5612019685039371
0
LINE
8
BLACK
6
CONTINUOUS
10
6.0608711811023621
20
-3.5612019685039371
11
6.0611222440944879
21
-3.5621388976377952
0
LINE
8
BLACK
6
CONTINUOUS
10
6.0611222440944879
20
-3.5621388976377952
11
6.0609712204724406
21
-3.5627024409448818
0
LINE
8
BLACK
6
CONTINUOUS
10
6.0609712204724406
20
-3.5627024409448818
11
6.0610100393700783
21
-3.563284527559055
0
LINE
8
BLACK
6
CONTINUOUS
10
6.0610100393700783
20
-3.563284527559055
11
6.0605820866141729
21
-3.5641547244094487
0
LINE
8
BLACK
6
CONTINUOUS
10
6.0605820866141729
20
-3.5641547244094487
11
6.0603310629921259
21
-3.5650916535433068
0
LINE
8
BLACK
6
CONTINUOUS
10
6.0603310629921259
20
-3.5650916535433068
11
6.0599184645669286
21
-3.5655042125984253
0
LINE
8
BLACK
6
CONTINUOUS
10
6.0599184645669286
20
-3.5655042125984253
11
6.0596610629921255
21
-3.5660277165354328
0
LINE
8
BLACK
6
CONTINUOUS
10
6.0596610629921255
20
-3.5660277165354328
11
6.0475770472440944
21
-3.5798380314960627
0
LINE
8
BLACK
6
CONTINUOUS
10
6.0475770472440944
20
-3.5798380314960627
11
6.0522334645669291
21
-3.582166181102362
0
LINE
8
BLACK
6
CONTINUOUS
10
6.0522334645669291
20
-3.582166181102362
11
6.0529448425196852
21
-3.5827970078740154
0
LINE
8
BLACK
6
CONTINUOUS
10
6.0529448425196852
20
-3.5827970078740154
11
6.0537683070866137
21
-3.583272440944882
0
LINE
8
BLACK
6
CONTINUOUS
10
6.0537683070866137
20
-3.583272440944882
11
6.0565804330708657
21
-3.5860846062992127
0
LINE
8
BLACK
6
CONTINUOUS
10
6.0565804330708657
20
-3.5860846062992127
11
6.0570557874015742
21
-3.5869079921259841
0
LINE
8
BLACK
6
CONTINUOUS
10
6.0570557874015742
20
-3.5869079921259841
11
6.0576866141732282
21
-3.5876193700787402
0
LINE
8
BLACK
6
CONTINUOUS
10
6.0576866141732282
20
-3.5876193700787402
11
6.0604987795275589
21
-3.5932436220472441
0
LINE
8
BLACK
6
CONTINUOUS
10
6.0604987795275589
20
-3.5932436220472441
11
6.0607709448818898
21
-3.594573622047244
0
LINE
8
BLACK
6
CONTINUOUS
10
6.0607709448818898
20
-3.594573622047244
11
6.0611222440944879
21
-3.59588468503937
0
LINE
8
BLACK
6
CONTINUOUS
10
6.0611222440944879
20
-3.59588468503937
11
6.0611222440944879
21
-3.609945433070866
0
LINE
8
BLACK
6
CONTINUOUS
10
6.0611222440944879
20
-3.609945433070866
11
6.0607709448818898
21
-3.6112564566929133
0
LINE
8
BLACK
6
CONTINUOUS
10
6.0607709448818898
20
-3.6112564566929133
11
6.0604987795275589
21
-3.6125864960629919
0
LINE
8
BLACK
6
CONTINUOUS
10
6.0604987795275589
20
-3.6125864960629919
11
6.0576866141732282
21
-3.6182107480314958
0
LINE
8
BLACK
6
CONTINUOUS
10
6.0576866141732282
20
-3.6182107480314958
11
6.0570557874015742
21
-3.6189220866141731
0
LINE
8
BLACK
6
CONTINUOUS
10
6.0570557874015742
20
-3.6189220866141731
11
6.0565804330708657
21
-3.6197455118110233
0
LINE
8
BLACK
6
CONTINUOUS
10
6.0565804330708657
20
-3.6197455118110233
11
6.0537683070866137
21
-3.622557677165354
0
LINE
8
BLACK
6
CONTINUOUS
10
6.0537683070866137
20
-3.622557677165354
11
6.0529448425196852
21
-3.6230330708661418
0
LINE
8
BLACK
6
CONTINUOUS
10
6.0529448425196852
20
-3.6230330708661418
11
6.0522334645669291
21
-3.623663937007874
0
LINE
8
BLACK
6
CONTINUOUS
10
6.0522334645669291
20
-3.623663937007874
11
6.046609094488189
21
-3.626476062992126
0
LINE
8
BLACK
6
CONTINUOUS
10
6.046609094488189
20
-3.626476062992126
11
6.0452793307086612
21
-3.626748149606299
0
LINE
8
BLACK
6
CONTINUOUS
10
6.0452793307086612
20
-3.626748149606299
11
6.0439681102362206
21
-3.627099527559055
0
LINE
8
BLACK
6
CONTINUOUS
10
6.0439681102362206
20
-3.627099527559055
11
6.0270952362204726
21
-3.627099527559055
0
LINE
8
BLACK
6
CONTINUOUS
10
6.0270952362204726
20
-3.627099527559055
11
6.0257839763779524
21
-3.626748149606299
0
LINE
8
BLACK
6
CONTINUOUS
10
6.0257839763779524
20
-3.626748149606299
11
6.0244542519685034
21
-3.626476062992126
0
LINE
8
BLACK
6
CONTINUOUS
10
6.0244542519685034
20
-3.626476062992126
11
6.018829921259842
21
-3.623663937007874
0
LINE
8
BLACK
6
CONTINUOUS
10
6.018829921259842
20
-3.623663937007874
11
6.018118503937008
21
-3.6230330708661418
0
LINE
8
BLACK
6
CONTINUOUS
10
6.018118503937008
20
-3.6230330708661418
11
6.0172951181102361
21
-3.6225577165354328
0
LINE
8
BLACK
6
CONTINUOUS
10
6.0172951181102361
20
-3.6225577165354328
11
6.0144829527559054
21
-3.6197455511811021
0
LINE
8
BLACK
6
CONTINUOUS
10
6.0144829527559054
20
-3.6197455511811021
11
6.012954488188976
21
-3.617098188976378
0
LINE
8
BLACK
6
CONTINUOUS
10
6.012954488188976
20
-3.617098188976378
11
6.012954488188976
21
-3.6140412598425198
0
LINE
8
BLACK
6
CONTINUOUS
10
6.012954488188976
20
-3.6140412598425198
11
6.0144829527559054
21
-3.6113938976377953
0
LINE
8
BLACK
6
CONTINUOUS
10
6.0144829527559054
20
-3.6113938976377953
11
6.0171303149606299
21
-3.6098654330708659
0
LINE
8
BLACK
6
CONTINUOUS
10
6.0171303149606299
20
-3.6098654330708659
11
6.0201872440944877
21
-3.6098654330708659
0
LINE
8
BLACK
6
CONTINUOUS
10
6.0201872440944877
20
-3.6098654330708659
11
6.0228346062992122
21
-3.6113938976377953
0
LINE
8
BLACK
6
CONTINUOUS
10
6.0228346062992122
20
-3.6113938976377953
11
6.0249690944881884
21
-3.6135283858267715
0
LINE
8
BLACK
6
CONTINUOUS
10
6.0249690944881884
20
-3.6135283858267715
11
6.0284893307086609
21
-3.6152885039370077
0
LINE
8
BLACK
6
CONTINUOUS
10
6.0284893307086609
20
-3.6152885039370077
11
6.0425740551181102
21
-3.6152885039370077
0
LINE
8
BLACK
6
CONTINUOUS
10
6.0425740551181102
20
-3.6152885039370077
11
6.0460942519685039
21
-3.6135283858267715
0
LINE
8
BLACK
6
CONTINUOUS
10
6.0460942519685039
20
-3.6135283858267715
11
6.0475510629921256
21
-3.6120715354330706
0
LINE
8
BLACK
6
CONTINUOUS
10
6.0475510629921256
20
-3.6120715354330706
11
6.0493112204724406
21
-3.6085512992125985
0
LINE
8
BLACK
6
CONTINUOUS
10
6.0493112204724406
20
-3.6085512992125985
11
6.0493112204724406
21
-3.5972787795275591
0
LINE
8
BLACK
6
CONTINUOUS
10
6.0493112204724406
20
-3.5972787795275591
11
6.0475510629921256
21
-3.5937585433070867
0
LINE
8
BLACK
6
CONTINUOUS
10
6.0475510629921256
20
-3.5937585433070867
11
6.0460942519685039
21
-3.5923016929133857
0
LINE
8
BLACK
6
CONTINUOUS
10
6.0460942519685039
20
-3.5923016929133857
11
6.0425740551181102
21
-3.5905416141732283
0
LINE
8
BLACK
6
CONTINUOUS
10
6.0425740551181102
20
-3.5905416141732283
11
6.035531692913386
21
-3.5905416141732283
0
LINE
8
BLACK
6
CONTINUOUS
10
6.035531692913386
20
-3.5905416141732283
11
6.0349682283464565
21
-3.5903906299212598
0
LINE
8
BLACK
6
CONTINUOUS
10
6.0349682283464565
20
-3.5903906299212598
11
6.0343860629921258
21
-3.5904294488188975
0
LINE
8
BLACK
6
CONTINUOUS
10
6.0343860629921258
20
-3.5904294488188975
11
6.0335156299212596
21
-3.5900014173228345
0
LINE
8
BLACK
6
CONTINUOUS
10
6.0335156299212596
20
-3.5900014173228345
11
6.032578937007874
21
-3.5897504330708663
0
LINE
8
BLACK
6
CONTINUOUS
10
6.032578937007874
20
-3.5897504330708663
11
6.0321664173228342
21
-3.5893379133858265
0
LINE
8
BLACK
6
CONTINUOUS
10
6.0321664173228342
20
-3.5893379133858265
11
6.0316428740157475
21
-3.5890804724409446
0
LINE
8
BLACK
6
CONTINUOUS
10
6.0316428740157475
20
-3.5890804724409446
11
6.0311030708661413
21
-3.5882745669291336
0
LINE
8
BLACK
6
CONTINUOUS
10
6.0311030708661413
20
-3.5882745669291336
11
6.0304173622047239
21
-3.5875888582677167
0
LINE
8
BLACK
6
CONTINUOUS
10
6.0304173622047239
20
-3.5875888582677167
11
6.0302663779527554
21
-3.5870253543307085
0
LINE
8
BLACK
6
CONTINUOUS
10
6.0302663779527554
20
-3.5870253543307085
11
6.0299416929133853
21
-3.5865406299212599
0
LINE
8
BLACK
6
CONTINUOUS
10
6.0299416929133853
20
-3.5865406299212599
11
6.0298771653543302
21
-3.5855727952755903
0
LINE
8
BLACK
6
CONTINUOUS
10
6.0298771653543302
20
-3.5855727952755903
11
6.0296261811023619
21
-3.5846361023622046
0
LINE
8
BLACK
6
CONTINUOUS
10
6.0296261811023619
20
-3.5846361023622046
11
6.0297771259842516
21
-3.5840726377952756
0
LINE
8
BLACK
6
CONTINUOUS
10
6.0297771259842516
20
-3.5840726377952756
11
6.0297383464566927
21
-3.5834904724409449
0
LINE
8
BLACK
6
CONTINUOUS
10
6.0297383464566927
20
-3.5834904724409449
11
6.0301663385826769
21
-3.5826200393700787
0
LINE
8
BLACK
6
CONTINUOUS
10
6.0301663385826769
20
-3.5826200393700787
11
6.0304173622047239
21
-3.5816833464566926
0
LINE
8
BLACK
6
CONTINUOUS
10
6.0304173622047239
20
-3.5816833464566926
11
6.0308298425196849
21
-3.5812708267716533
0
LINE
8
BLACK
6
CONTINUOUS
10
6.0308298425196849
20
-3.5812708267716533
11
6.0310873228346455
21
-3.5807472834645671
0
LINE
8
BLACK
6
CONTINUOUS
10
6.0310873228346455
20
-3.5807472834645671
11
6.0422023622047245
21
-3.5680444094488188
0
LINE
8
BLACK
6
CONTINUOUS
10
6.0422023622047245
20
-3.5680444094488188
11
6.0186587795275592
21
-3.5680444094488188
0
LINE
8
BLACK
6
CONTINUOUS
10
6.0186587795275592
20
-3.5680444094488188
11
6.0157060236220472
21
-3.5672532283464564
0
LINE
8
BLACK
6
CONTINUOUS
10
6.0157060236220472
20
-3.5672532283464564
11
6.0135444488188972
21
-3.5650916535433068
0
LINE
8
BLACK
6
CONTINUOUS
10
6.0135444488188972
20
-3.5650916535433068
11
6.0127532677165352
21
-3.5621388976377952
0
LINE
8
BLACK
6
CONTINUOUS
10
6.0127532677165352
20
-3.5621388976377952
11
6.0135444488188972
21
-3.5591861417322832
0
LINE
8
BLACK
6
CONTINUOUS
10
6.0135444488188972
20
-3.5591861417322832
11
6.0157060236220472
21
-3.5570245669291336
0
LINE
8
BLACK
6
CONTINUOUS
10
6.0157060236220472
20
-3.5570245669291336
11
6.0186587795275592
21
-3.5562333858267716
0
LINE
8
BLACK
6
CONTINUOUS
10
6.0186587795275592
20
-3.5562333858267716
11
6.0552167322834647
21
-3.5562333858267716
0
LINE
8
BLACK
6
CONTINUOUS
10
6.0552167322834647
20
-3.5562333858267716
11
6.0557802755905508
21
-3.5563843700787401
0
LINE
8
BLACK
6
CONTINUOUS
10
6.4335287795275589
20
-3.568967716535433
11
6.4348586614173229
21
-3.5692398818897635
0
LINE
8
BLACK
6
CONTINUOUS
10
6.4348586614173229
20
-3.5692398818897635
11
6.4404829527559055
21
-3.5720520078740159
0
LINE
8
BLACK
6
CONTINUOUS
10
6.4404829527559055
20
-3.5720520078740159
11
6.4411943307086617
21
-3.5726828346456694
0
LINE
8
BLACK
6
CONTINUOUS
10
6.4411943307086617
20
-3.5726828346456694
11
6.4420177559055114
21
-3.5731582283464567
0
LINE
8
BLACK
6
CONTINUOUS
10
6.4420177559055114
20
-3.5731582283464567
11
6.4448299212598421
21
-3.5759703937007874
0
LINE
8
BLACK
6
CONTINUOUS
10
6.4448299212598421
20
-3.5759703937007874
11
6.4453052755905507
21
-3.5767937795275588
0
LINE
8
BLACK
6
CONTINUOUS
10
6.4453052755905507
20
-3.5767937795275588
11
6.4459361417322834
21
-3.5775051968503937
0
LINE
8
BLACK
6
CONTINUOUS
10
6.4459361417322834
20
-3.5775051968503937
11
6.4487482677165353
21
-3.5831295275590551
0
LINE
8
BLACK
6
CONTINUOUS
10
6.4487482677165353
20
-3.5831295275590551
11
6.4487789370078739
21
-3.5832794488188977
0
LINE
8
BLACK
6
CONTINUOUS
10
6.4487789370078739
20
-3.5832794488188977
11
6.4682011417322833
21
-3.5696839370078739
0
LINE
8
BLACK
6
CONTINUOUS
10
6.4682011417322833
20
-3.5696839370078739
11
6.4710738188976373
21
-3.5686388188976377
0
LINE
8
BLACK
6
CONTINUOUS
10
6.4710738188976373
20
-3.5686388188976377
11
6.4740842519685042
21
-3.5691700787401572
0
LINE
8
BLACK
6
CONTINUOUS
10
6.4740842519685042
20
-3.5691700787401572
11
6.4764257086614174
21
-3.5711353543307087
0
LINE
8
BLACK
6
CONTINUOUS
10
6.4764257086614174
20
-3.5711353543307087
11
6.4774708267716532
21
-3.5740080314960627
0
LINE
8
BLACK
6
CONTINUOUS
10
6.4774708267716532
20
-3.5740080314960627
11
6.4769395669291336
21
-3.5770184645669292
0
LINE
8
BLACK
6
CONTINUOUS
10
6.4769395669291336
20
-3.5770184645669292
11
6.4749742913385822
21
-3.5793599212598424
0
LINE
8
BLACK
6
CONTINUOUS
10
6.4749742913385822
20
-3.5793599212598424
11
6.4493717322834643
21
-3.597281692913386
0
LINE
8
BLACK
6
CONTINUOUS
10
6.4493717322834643
20
-3.597281692913386
11
6.4493717322834643
21
-3.6023622047244093
0
LINE
8
BLACK
6
CONTINUOUS
10
6.4493717322834643
20
-3.6023622047244093
11
6.4715877165354332
21
-3.6023622047244093
0
LINE
8
BLACK
6
CONTINUOUS
10
6.4715877165354332
20
-3.6023622047244093
11
6.4745404724409443
21
-3.6031533858267717
0
LINE
8
BLACK
6
CONTINUOUS
10
6.4745404724409443
20
-3.6031533858267717
11
6.4767020472440944
21
-3.6053149606299213
0
LINE
8
BLACK
6
CONTINUOUS
10
6.4767020472440944
20
-3.6053149606299213
11
6.4774932283464564
21
-3.6082677165354329
0
LINE
8
BLACK
6
CONTINUOUS
10
6.4774932283464564
20
-3.6082677165354329
11
6.4767020472440944
21
-3.6112204724409449
0
LINE
8
BLACK
6
CONTINUOUS
10
6.4767020472440944
20
-3.6112204724409449
11
6.4745404724409443
21
-3.6133820472440945
0
LINE
8
BLACK
6
CONTINUOUS
10
6.4745404724409443
20
-3.6133820472440945
11
6.4715877165354332
21
-3.6141732283464565
0
LINE
8
BLACK
6
CONTINUOUS
10
6.4715877165354332
20
-3.6141732283464565
11
6.4434662204724411
21
-3.6141732283464565
0
LINE
8
BLACK
6
CONTINUOUS
10
6.4434662204724411
20
-3.6141732283464565
11
6.4125325984251971
21
-3.6141732283464565
0
LINE
8
BLACK
6
CONTINUOUS
10
6.4125325984251971
20
-3.6141732283464565
11
6.409579842519685
21
-3.6133820472440945
0
LINE
8
BLACK
6
CONTINUOUS
10
6.409579842519685
20
-3.6133820472440945
11
6.407418267716535
21
-3.6112204724409449
0
LINE
8
BLACK
6
CONTINUOUS
10
6.407418267716535
20
-3.6112204724409449
11
6.406627086614173
21
-3.6082677165354329
0
LINE
8
BLACK
6
CONTINUOUS
10
6.406627086614173
20
-3.6082677165354329
11
6.406627086614173
21
-3.5857705118110235
0
LINE
8
BLACK
6
CONTINUOUS
10
6.406627086614173
20
-3.5857705118110235
11
6.4069783858267719
21
-3.5844594094488187
0
LINE
8
BLACK
6
CONTINUOUS
10
6.4069783858267719
20
-3.5844594094488187
11
6.407250551181102
21
-3.5831294881889764
0
LINE
8
BLACK
6
CONTINUOUS
10
6.407250551181102
20
-3.5831294881889764
11
6.4100627165354327
21
-3.5775051968503937
0
LINE
8
BLACK
6
CONTINUOUS
10
6.4100627165354327
20
-3.5775051968503937
11
6.4106935039370079
21
-3.5767938188976376
0
LINE
8
BLACK
6
CONTINUOUS
10
6.4106935039370079
20
-3.5767938188976376
11
6.4111688976377952
21
-3.5759704330708662
0
LINE
8
BLACK
6
CONTINUOUS
10
6.4111688976377952
20
-3.5759704330708662
11
6.4139810236220471
21
-3.5731582677165354
0
LINE
8
BLACK
6
CONTINUOUS
10
6.4139810236220471
20
-3.5731582677165354
11
6.4148044488188978
21
-3.5726828346456694
0
LINE
8
BLACK
6
CONTINUOUS
10
6.4148044488188978
20
-3.5726828346456694
11
6.4155158661417317
21
-3.5720520078740159
0
LINE
8
BLACK
6
CONTINUOUS
10
6.4155158661417317
20
-3.5720520078740159
11
6.4211401968503932
21
-3.5692398818897635
0
LINE
8
BLACK
6
CONTINUOUS
10
6.4211401968503932
20
-3.5692398818897635
11
6.4224699212598422
21
-3.5689677559055117
0
LINE
8
BLACK
6
CONTINUOUS
10
6.4224699212598422
20
-3.5689677559055117
11
6.4237811811023624
21
-3.5686164173228345
0
LINE
8
BLACK
6
CONTINUOUS
10
6.4237811811023624
20
-3.5686164173228345
11
6.4322176377952758
21
-3.5686164173228345
0
LINE
8
BLACK
6
CONTINUOUS
10
6.4322176377952758
20
-3.5686164173228345
11
6.4335287795275589
21
-3.568967716535433
0
LINE
8
BLACK
6
CONTINUOUS
10
6.421655078740157
20
-3.5821874803149605
11
6.4201982283464565
21
-3.5836443307086614
0
LINE
8
BLACK
6
CONTINUOUS
10
6.4201982283464565
20
-3.5836443307086614
11
6.4184381102362202
21
-3.5871646062992126
0
LINE
8
BLACK
6
CONTINUOUS
10
6.4184381102362202
20
-3.5871646062992126
11
6.4184381102362202
21
-3.6023622047244093
0
LINE
8
BLACK
6
CONTINUOUS
10
6.4184381102362202
20
-3.6023622047244093
11
6.4375607086614171
21
-3.6023622047244093
0
LINE
8
BLACK
6
CONTINUOUS
10
6.4375607086614171
20
-3.6023622047244093
11
6.4375607086614171
21
-3.5871645669291339
0
LINE
8
BLACK
6
CONTINUOUS
10
6.4375607086614171
20
-3.5871645669291339
11
6.4358005905511808
21
-3.5836443700787401
0
LINE
8
BLACK
6
CONTINUOUS
10
6.4358005905511808
20
-3.5836443700787401
11
6.4343437007874016
21
-3.5821874803149605
0
LINE
8
BLACK
6
CONTINUOUS
10
6.4343437007874016
20
-3.5821874803149605
11
6.4308235433070866
21
-3.5804274409448817
0
LINE
8
BLACK
6
CONTINUOUS
10
6.4308235433070866
20
-3.5804274409448817
11
6.4251752755905507
21
-3.5804274409448817
0
LINE
8
BLACK
6
CONTINUOUS
10
6.4251752755905507
20
-3.5804274409448817
11
6.421655078740157
21
-3.5821874803149605
0
LINE
8
BLACK
6
CONTINUOUS
10
6.4745404724409443
20
-3.5440982677165351
11
6.4767020472440944
21
-3.5462598425196852
0
LINE
8
BLACK
6
CONTINUOUS
10
6.4767020472440944
20
-3.5462598425196852
11
6.4774932283464564
21
-3.5492125984251968
0
LINE
8
BLACK
6
CONTINUOUS
10
6.4774932283464564
20
-3.5492125984251968
11
6.4767020472440944
21
-3.5521653543307088
0
LINE
8
BLACK
6
CONTINUOUS
10
6.4767020472440944
20
-3.5521653543307088
11
6.4745404724409443
21
-3.5543269291338584
0
LINE
8
BLACK
6
CONTINUOUS
10
6.4745404724409443
20
-3.5543269291338584
11
6.4715877165354332
21
-3.5551181102362204
0
LINE
8
BLACK
6
CONTINUOUS
10
6.4715877165354332
20
-3.5551181102362204
11
6.4125325984251971
21
-3.5551181102362204
0
LINE
8
BLACK
6
CONTINUOUS
10
6.4125325984251971
20
-3.5551181102362204
11
6.409579842519685
21
-3.5543269291338584
0
LINE
8
BLACK
6
CONTINUOUS
10
6.409579842519685
20
-3.5543269291338584
11
6.407418267716535
21
-3.5521653543307088
0
LINE
8
BLACK
6
CONTINUOUS
10
6.407418267716535
20
-3.5521653543307088
11
6.406627086614173
21
-3.5492125984251968
0
LINE
8
BLACK
6
CONTINUOUS
10
6.406627086614173
20
-3.5492125984251968
11
6.407418267716535
21
-3.5462598425196852
0
LINE
8
BLACK
6
CONTINUOUS
10
6.407418267716535
20
-3.5462598425196852
11
6.409579842519685
21
-3.5440982677165351
0
LINE
8
BLACK
6
CONTINUOUS
10
6.409579842519685
20
-3.5440982677165351
11
6.4125325984251971
21
-3.5433070866141732
0
LINE
8
BLACK
6
CONTINUOUS
10
6.4125325984251971
20
-3.5433070866141732
11
6.4715877165354332
21
-3.5433070866141732
0
LINE
8
BLACK
6
CONTINUOUS
10
6.4715877165354332
20
-3.5433070866141732
11
6.4745404724409443
21
-3.5440982677165351
0
LINE
8
BLACK
6
CONTINUOUS
10
6.4335287795275589
20
-3.4817911023622048
11
6.4348586614173229
21
-3.4820632677165353
0
LINE
8
BLACK
6
CONTINUOUS
10
6.4348586614173229
20
-3.4820632677165353
11
6.4404829527559055
21
-3.4848753937007872
0
LINE
8
BLACK
6
CONTINUOUS
10
6.4404829527559055
20
-3.4848753937007872
11
6.4411943307086617
21
-3.4855062204724407
0
LINE
8
BLACK
6
CONTINUOUS
10
6.4411943307086617
20
-3.4855062204724407
11
6.4420177559055114
21
-3.485981614173228
0
LINE
8
BLACK
6
CONTINUOUS
10
6.4420177559055114
20
-3.485981614173228
11
6.4448299212598421
21
-3.4887937795275588
0
LINE
8
BLACK
6
CONTINUOUS
10
6.4448299212598421
20
-3.4887937795275588
11
6.4453052755905507
21
-3.4896171653543306
0
LINE
8
BLACK
6
CONTINUOUS
10
6.4453052755905507
20
-3.4896171653543306
11
6.4459361417322834
21
-3.4903285826771651
0
LINE
8
BLACK
6
CONTINUOUS
10
6.4459361417322834
20
-3.4903285826771651
11
6.4487482677165353
21
-3.4959529133858265
0
LINE
8
BLACK
6
CONTINUOUS
10
6.4487482677165353
20
-3.4959529133858265
11
6.4490203543307087
21
-3.4972826377952755
0
LINE
8
BLACK
6
CONTINUOUS
10
6.4490203543307087
20
-3.4972826377952755
11
6.4493717322834643
21
-3.4985938976377953
0
LINE
8
BLACK
6
CONTINUOUS
10
6.4493717322834643
20
-3.4985938976377953
11
6.4493717322834643
21
-3.5151855905511811
0
LINE
8
BLACK
6
CONTINUOUS
10
6.4493717322834643
20
-3.5151855905511811
11
6.4715877165354332
21
-3.5151855905511811
0
LINE
8
BLACK
6
CONTINUOUS
10
6.4715877165354332
20
-3.5151855905511811
11
6.4745404724409443
21
-3.5159767716535431
0
LINE
8
BLACK
6
CONTINUOUS
10
6.4745404724409443
20
-3.5159767716535431
11
6.4767020472440944
21
-3.5181383464566927
0
LINE
8
BLACK
6
CONTINUOUS
10
6.4767020472440944
20
-3.5181383464566927
11
6.4774932283464564
21
-3.5210911023622047
0
LINE
8
BLACK
6
CONTINUOUS
10
6.4774932283464564
20
-3.5210911023622047
11
6.4767020472440944
21
-3.5240438582677163
0
LINE
8
BLACK
6
CONTINUOUS
10
6.4767020472440944
20
-3.5240438582677163
11
6.4745404724409443
21
-3.5262054330708659
0
LINE
8
BLACK
6
CONTINUOUS
10
6.4745404724409443
20
-3.5262054330708659
11
6.4715877165354332
21
-3.5269966141732283
0
LINE
8
BLACK
6
CONTINUOUS
10
6.4715877165354332
20
-3.5269966141732283
11
6.4434662204724411
21
-3.5269966141732283
0
LINE
8
BLACK
6
CONTINUOUS
10
6.4434662204724411
20
-3.5269966141732283
11
6.4125325984251971
21
-3.5269966141732283
0
LINE
8
BLACK
6
CONTINUOUS
10
6.4125325984251971
20
-3.5269966141732283
11
6.409579842519685
21
-3.5262054330708659
0
LINE
8
BLACK
6
CONTINUOUS
10
6.409579842519685
20
-3.5262054330708659
11
6.407418267716535
21
-3.5240438582677163
0
LINE
8
BLACK
6
CONTINUOUS
10
6.407418267716535
20
-3.5240438582677163
11
6.406627086614173
21
-3.5210911023622047
0
LINE
8
BLACK
6
CONTINUOUS
10
6.406627086614173
20
-3.5210911023622047
11
6.406627086614173
21
-3.4985938976377953
0
LINE
8
BLACK
6
CONTINUOUS
10
6.406627086614173
20
-3.4985938976377953
11
6.4069783858267719
21
-3.4972827952755905
0
LINE
8
BLACK
6
CONTINUOUS
10
6.4069783858267719
20
-3.4972827952755905
11
6.407250551181102
21
-3.4959528740157482
0
LINE
8
BLACK
6
CONTINUOUS
10
6.407250551181102
20
-3.4959528740157482
11
6.4100627165354327
21
-3.4903285826771651
0
LINE
8
BLACK
6
CONTINUOUS
10
6.4100627165354327
20
-3.4903285826771651
11
6.4106935039370079
21
-3.4896172047244094
0
LINE
8
BLACK
6
CONTINUOUS
10
6.4106935039370079
20
-3.4896172047244094
11
6.4111688976377952
21
-3.4887938188976375
0
LINE
8
BLACK
6
CONTINUOUS
10
6.4111688976377952
20
-3.4887938188976375
11
6.4139810236220471
21
-3.4859816535433068
0
LINE
8
BLACK
6
CONTINUOUS
10
6.4139810236220471
20
-3.4859816535433068
11
6.4148044488188978
21
-3.4855062204724407
0
LINE
8
BLACK
6
CONTINUOUS
10
6.4148044488188978
20
-3.4855062204724407
11
6.4155158661417317
21
-3.4848753937007872
0
LINE
8
BLACK
6
CONTINUOUS
10
6.4155158661417317
20
-3.4848753937007872
11
6.4211401968503932
21
-3.4820632677165353
0
LINE
8
BLACK
6
CONTINUOUS
10
6.4211401968503932
20
-3.4820632677165353
11
6.4224699212598422
21
-3.4817911417322835
0
LINE
8
BLACK
6
CONTINUOUS
10
6.4224699212598422
20
-3.4817911417322835
11
6.4237811811023624
21
-3.4814398031496063
0
LINE
8
BLACK
6
CONTINUOUS
10
6.4237811811023624
20
-3.4814398031496063
11
6.4322176377952758
21
-3.4814398031496063
0
LINE
8
BLACK
6
CONTINUOUS
10
6.4322176377952758
20
-3.4814398031496063
11
6.4335287795275589
21
-3.4817911023622048
0
LINE
8
BLACK
6
CONTINUOUS
10
6.421655078740157
20
-3.4950108661417323
11
6.4201982283464565
21
-3.4964677165354332
0
LINE
8
BLACK
6
CONTINUOUS
10
6.4201982283464565
20
-3.4964677165354332
11
6.4184381102362202
21
-3.499987992125984
0
LINE
8
BLACK
6
CONTINUOUS
10
6.4184381102362202
20
-3.499987992125984
11
6.4184381102362202
21
-3.5151855905511811
0
LINE
8
BLACK
6
CONTINUOUS
10
6.4184381102362202
20
-3.5151855905511811
11
6.4375607086614171
21
-3.5151855905511811
0
LINE
8
BLACK
6
CONTINUOUS
10
6.4375607086614171
20
-3.5151855905511811
11
6.4375607086614171
21
-3.4999879527559052
0
LINE
8
BLACK
6
CONTINUOUS
10
6.4375607086614171
20
-3.4999879527559052
11
6.4358005905511808
21
-3.4964677559055115
0
LINE
8
BLACK
6
CONTINUOUS
10
6.4358005905511808
20
-3.4964677559055115
11
6.4343437007874016
21
-3.4950108661417323
0
LINE
8
BLACK
6
CONTINUOUS
10
6.4343437007874016
20
-3.4950108661417323
11
6.4308235433070866
21
-3.4932508267716535
0
LINE
8
BLACK
6
CONTINUOUS
10
6.4308235433070866
20
-3.4932508267716535
11
6.4251752755905507
21
-3.4932508267716535
0
LINE
8
BLACK
6
CONTINUOUS
10
6.4251752755905507
20
-3.4932508267716535
11
6.421655078740157
21
-3.4950108661417323
0
LINE
8
BLACK
6
CONTINUOUS
10
5.638597007874016
20
-3.4546623622047243
11
5.6407585826771651
21
-3.4568239370078739
0
LINE
8
BLACK
6
CONTINUOUS
10
5.6407585826771651
20
-3.4568239370078739
11
5.6415497637795271
21
-3.459776692913386
0
LINE
8
BLACK
6
CONTINUOUS
10
5.6415497637795271
20
-3.459776692913386
11
5.6407585826771651
21
-3.4627294488188975
0
LINE
8
BLACK
6
CONTINUOUS
10
5.6407585826771651
20
-3.4627294488188975
11
5.638597007874016
21
-3.4648910236220472
0
LINE
8
BLACK
6
CONTINUOUS
10
5.638597007874016
20
-3.4648910236220472
11
5.6356442519685039
21
-3.4656822047244096
0
LINE
8
BLACK
6
CONTINUOUS
10
5.6356442519685039
20
-3.4656822047244096
11
5.6246768503937004
21
-3.4656822047244096
0
LINE
8
BLACK
6
CONTINUOUS
10
5.6246768503937004
20
-3.4656822047244096
11
5.6246768503937004
21
-3.5188318110236221
0
LINE
8
BLACK
6
CONTINUOUS
10
5.6246768503937004
20
-3.5188318110236221
11
5.6238856692913384
21
-3.5217845669291337
0
LINE
8
BLACK
6
CONTINUOUS
10
5.6238856692913384
20
-3.5217845669291337
11
5.6217240944881892
21
-3.5239461417322833
0
LINE
8
BLACK
6
CONTINUOUS
10
5.6217240944881892
20
-3.5239461417322833
11
5.6187713385826772
21
-3.5247373228346457
0
LINE
8
BLACK
6
CONTINUOUS
10
5.6187713385826772
20
-3.5247373228346457
11
5.6158185826771652
21
-3.5239461417322833
0
LINE
8
BLACK
6
CONTINUOUS
10
5.6158185826771652
20
-3.5239461417322833
11
5.613657007874016
21
-3.5217845669291337
0
LINE
8
BLACK
6
CONTINUOUS
10
5.613657007874016
20
-3.5217845669291337
11
5.6128658267716531
21
-3.5188318110236221
0
LINE
8
BLACK
6
CONTINUOUS
10
5.6128658267716531
20
-3.5188318110236221
11
5.6128658267716531
21
-3.4656822047244096
0
LINE
8
BLACK
6
CONTINUOUS
10
5.6128658267716531
20
-3.4656822047244096
11
5.6018984645669292
21
-3.4656822047244096
0
LINE
8
BLACK
6
CONTINUOUS
10
5.6018984645669292
20
-3.4656822047244096
11
5.5989457086614172
21
-3.4648910236220472
0
LINE
8
BLACK
6
CONTINUOUS
10
5.5989457086614172
20
-3.4648910236220472
11
5.596784133858268
21
-3.4627294488188975
0
LINE
8
BLACK
6
CONTINUOUS
10
5.596784133858268
20
-3.4627294488188975
11
5.5959929527559051
21
-3.459776692913386
0
LINE
8
BLACK
6
CONTINUOUS
10
5.5959929527559051
20
-3.459776692913386
11
5.596784133858268
21
-3.4568239370078739
0
LINE
8
BLACK
6
CONTINUOUS
10
5.596784133858268
20
-3.4568239370078739
11
5.5989457086614172
21
-3.4546623622047243
0
LINE
8
BLACK
6
CONTINUOUS
10
5.5989457086614172
20
-3.4546623622047243
11
5.6018984645669292
21
-3.4538711811023619
0
LINE
8
BLACK
6
CONTINUOUS
10
5.6018984645669292
20
-3.4538711811023619
11
5.6356442519685039
21
-3.4538711811023619
0
LINE
8
BLACK
6
CONTINUOUS
10
5.6356442519685039
20
-3.4538711811023619
11
5.638597007874016
21
-3.4546623622047243
0
LINE
8
BLACK
6
CONTINUOUS
10
5.686403503937008
20
-3.4546623622047243
11
5.6885650787401572
21
-3.4568239370078739
0
LINE
8
BLACK
6
CONTINUOUS
10
5.6885650787401572
20
-3.4568239370078739
11
5.6893562598425191
21
-3.459776692913386
0
LINE
8
BLACK
6
CONTINUOUS
10
5.6893562598425191
20
-3.459776692913386
11
5.6885650787401572
21
-3.4627294488188975
0
LINE
8
BLACK
6
CONTINUOUS
10
5.6885650787401572
20
-3.4627294488188975
11
5.686403503937008
21
-3.4648910236220472
0
LINE
8
BLACK
6
CONTINUOUS
10
5.686403503937008
20
-3.4648910236220472
11
5.683450748031496
21
-3.4656822047244096
0
LINE
8
BLACK
6
CONTINUOUS
10
5.683450748031496
20
-3.4656822047244096
11
5.6612347637795271
21
-3.4656822047244096
0
LINE
8
BLACK
6
CONTINUOUS
10
5.6612347637795271
20
-3.4656822047244096
11
5.6612347637795271
21
-3.4819926771653544
0
LINE
8
BLACK
6
CONTINUOUS
10
5.6612347637795271
20
-3.4819926771653544
11
5.6750142913385826
21
-3.4819926771653544
0
LINE
8
BLACK
6
CONTINUOUS
10
5.6750142913385826
20
-3.4819926771653544
11
5.6779670472440946
21
-3.4827838582677164
0
LINE
8
BLACK
6
CONTINUOUS
10
5.6779670472440946
20
-3.4827838582677164
11
5.6801286220472438
21
-3.484945433070866
0
LINE
8
BLACK
6
CONTINUOUS
10
5.6801286220472438
20
-3.484945433070866
11
5.6809198031496058
21
-3.487898188976378
0
LINE
8
BLACK
6
CONTINUOUS
10
5.6809198031496058
20
-3.487898188976378
11
5.6801286220472438
21
-3.4908509448818896
0
LINE
8
BLACK
6
CONTINUOUS
10
5.6801286220472438
20
-3.4908509448818896
11
5.6779670472440946
21
-3.4930125196850392
0
LINE
8
BLACK
6
CONTINUOUS
10
5.6779670472440946
20
-3.4930125196850392
11
5.6750142913385826
21
-3.4938037007874017
0
LINE
8
BLACK
6
CONTINUOUS
10
5.6750142913385826
20
-3.4938037007874017
11
5.6612347637795271
21
-3.4938037007874017
0
LINE
8
BLACK
6
CONTINUOUS
10
5.6612347637795271
20
-3.4938037007874017
11
5.6612347637795271
21
-3.5188318110236221
0
LINE
8
BLACK
6
CONTINUOUS
10
5.6612347637795271
20
-3.5188318110236221
11
5.6604435826771651
21
-3.5217845669291337
0
LINE
8
BLACK
6
CONTINUOUS
10
5.6604435826771651
20
-3.5217845669291337
11
5.6582820078740159
21
-3.5239461417322833
0
LINE
8
BLACK
6
CONTINUOUS
10
5.6582820078740159
20
-3.5239461417322833
11
5.6553292519685039
21
-3.5247373228346457
0
LINE
8
BLACK
6
CONTINUOUS
10
5.6553292519685039
20
-3.5247373228346457
11
5.6523764960629919
21
-3.5239461417322833
0
LINE
8
BLACK
6
CONTINUOUS
10
5.6523764960629919
20
-3.5239461417322833
11
5.6502149212598427
21
-3.5217845669291337
0
LINE
8
BLACK
6
CONTINUOUS
10
5.6502149212598427
20
-3.5217845669291337
11
5.6494237401574798
21
-3.5188318110236221
0
LINE
8
BLACK
6
CONTINUOUS
10
5.6494237401574798
20
-3.5188318110236221
11
5.6494237401574798
21
-3.459776692913386
0
LINE
8
BLACK
6
CONTINUOUS
10
5.6494237401574798
20
-3.459776692913386
11
5.6502149212598427
21
-3.4568239370078739
0
LINE
8
BLACK
6
CONTINUOUS
10
5.6502149212598427
20
-3.4568239370078739
11
5.6523764960629919
21
-3.4546623622047243
0
LINE
8
BLACK
6
CONTINUOUS
10
5.6523764960629919
20
-3.4546623622047243
11
5.6553292519685039
21
-3.4538711811023619
0
LINE
8
BLACK
6
CONTINUOUS
10
5.6553292519685039
20
-3.4538711811023619
11
5.683450748031496
21
-3.4538711811023619
0
LINE
8
BLACK
6
CONTINUOUS
10
5.683450748031496
20
-3.4538711811023619
11
5.686403503937008
21
-3.4546623622047243
0
LINE
8
BLACK
6
CONTINUOUS
10
5.7426464566929134
20
-3.4546623622047243
11
5.7448080314960626
21
-3.4568239370078739
0
LINE
8
BLACK
6
CONTINUOUS
10
5.7448080314960626
20
-3.4568239370078739
11
5.7455992125984254
21
-3.459776692913386
0
LINE
8
BLACK
6
CONTINUOUS
10
5.7455992125984254
20
-3.459776692913386
11
5.7455992125984254
21
-3.5075832283464567
0
LINE
8
BLACK
6
CONTINUOUS
10
5.7455992125984254
20
-3.5075832283464567
11
5.745247834645669
21
-3.5088944488188973
0
LINE
8
BLACK
6
CONTINUOUS
10
5.745247834645669
20
-3.5088944488188973
11
5.7449757480314956
21
-3.5102242125984251
0
LINE
8
BLACK
6
CONTINUOUS
10
5.7449757480314956
20
-3.5102242125984251
11
5.7421636220472436
21
-3.5158485433070865
0
LINE
8
BLACK
6
CONTINUOUS
10
5.7421636220472436
20
-3.5158485433070865
11
5.7415327559055118
21
-3.5165599212598426
0
LINE
8
BLACK
6
CONTINUOUS
10
5.7415327559055118
20
-3.5165599212598426
11
5.7410574015748033
21
-3.5173833464566928
0
LINE
8
BLACK
6
CONTINUOUS
10
5.7410574015748033
20
-3.5173833464566928
11
5.7382452362204726
21
-3.5201955118110235
0
LINE
8
BLACK
6
CONTINUOUS
10
5.7382452362204726
20
-3.5201955118110235
11
5.7374218110236219
21
-3.5206708661417321
0
LINE
8
BLACK
6
CONTINUOUS
10
5.7374218110236219
20
-3.5206708661417321
11
5.7367104330708658
21
-3.5213017322834643
0
LINE
8
BLACK
6
CONTINUOUS
10
5.7367104330708658
20
-3.5213017322834643
11
5.7310861417322831
21
-3.5241138582677163
0
LINE
8
BLACK
6
CONTINUOUS
10
5.7310861417322831
20
-3.5241138582677163
11
5.7297562598425191
21
-3.5243859842519685
0
LINE
8
BLACK
6
CONTINUOUS
10
5.7297562598425191
20
-3.5243859842519685
11
5.728445118110236
21
-3.5247373228346457
0
LINE
8
BLACK
6
CONTINUOUS
10
5.728445118110236
20
-3.5247373228346457
11
5.7171965354330707
21
-3.5247373228346457
0
LINE
8
BLACK
6
CONTINUOUS
10
5.7171965354330707
20
-3.5247373228346457
11
5.7158852755905514
21
-3.5243859448818897
0
LINE
8
BLACK
6
CONTINUOUS
10
5.7158852755905514
20
-3.5243859448818897
11
5.7145555511811024
21
-3.5241138582677163
0
LINE
8
BLACK
6
CONTINUOUS
10
5.7145555511811024
20
-3.5241138582677163
11
5.7089312204724409
21
-3.5213017322834643
0
LINE
8
BLACK
6
CONTINUOUS
10
5.7089312204724409
20
-3.5213017322834643
11
5.7082198031496061
21
-3.5206708661417321
0
LINE
8
BLACK
6
CONTINUOUS
10
5.7082198031496061
20
-3.5206708661417321
11
5.7073964173228342
21
-3.5201955118110235
0
LINE
8
BLACK
6
CONTINUOUS
10
5.7073964173228342
20
-3.5201955118110235
11
5.7045842519685035
21
-3.5173833464566928
0
LINE
8
BLACK
6
CONTINUOUS
10
5.7045842519685035
20
-3.5173833464566928
11
5.7041088188976374
21
-3.5165598818897639
0
LINE
8
BLACK
6
CONTINUOUS
10
5.7041088188976374
20
-3.5165598818897639
11
5.7034780314960631
21
-3.5158485433070865
0
LINE
8
BLACK
6
CONTINUOUS
10
5.7034780314960631
20
-3.5158485433070865
11
5.7006658661417324
21
-3.5102242519685039
0
LINE
8
BLACK
6
CONTINUOUS
10
5.7006658661417324
20
-3.5102242519685039
11
5.7003937007874015
21
-3.5088942913385828
0
LINE
8
BLACK
6
CONTINUOUS
10
5.7003937007874015
20
-3.5088942913385828
11
5.7000424015748035
21
-3.5075832283464567
0
LINE
8
BLACK
6
CONTINUOUS
10
5.7000424015748035
20
-3.5075832283464567
11
5.7000424015748035
21
-3.459776692913386
0
LINE
8
BLACK
6
CONTINUOUS
10
5.7000424015748035
20
-3.459776692913386
11
5.7008335826771654
21
-3.4568239370078739
0
LINE
8
BLACK
6
CONTINUOUS
10
5.7008335826771654
20
-3.4568239370078739
11
5.7029951574803146
21
-3.4546623622047243
0
LINE
8
BLACK
6
CONTINUOUS
10
5.7029951574803146
20
-3.4546623622047243
11
5.7059479133858266
21
-3.4538711811023619
0
LINE
8
BLACK
6
CONTINUOUS
10
5.7059479133858266
20
-3.4538711811023619
11
5.7089006692913387
21
-3.4546623622047243
0
LINE
8
BLACK
6
CONTINUOUS
10
5.7089006692913387
20
-3.4546623622047243
11
5.7110622440944878
21
-3.4568239370078739
0
LINE
8
BLACK
6
CONTINUOUS
10
5.7110622440944878
20
-3.4568239370078739
11
5.7118534251968507
21
-3.459776692913386
0
LINE
8
BLACK
6
CONTINUOUS
10
5.7118534251968507
20
-3.459776692913386
11
5.7118534251968507
21
-3.5061890944881888
0
LINE
8
BLACK
6
CONTINUOUS
10
5.7118534251968507
20
-3.5061890944881888
11
5.713613543307086
21
-3.5097093307086613
0
LINE
8
BLACK
6
CONTINUOUS
10
5.713613543307086
20
-3.5097093307086613
11
5.7150703937007874
21
-3.5111661811023622
0
LINE
8
BLACK
6
CONTINUOUS
10
5.7150703937007874
20
-3.5111661811023622
11
5.7185906299212599
21
-3.5129262992125985
0
LINE
8
BLACK
6
CONTINUOUS
10
5.7185906299212599
20
-3.5129262992125985
11
5.7270510236220469
21
-3.5129262992125985
0
LINE
8
BLACK
6
CONTINUOUS
10
5.7270510236220469
20
-3.5129262992125985
11
5.7305711811023619
21
-3.511166220472441
0
LINE
8
BLACK
6
CONTINUOUS
10
5.7305711811023619
20
-3.511166220472441
11
5.732028070866142
21
-3.5097093307086613
0
LINE
8
BLACK
6
CONTINUOUS
10
5.732028070866142
20
-3.5097093307086613
11
5.7337881889763782
21
-3.5061891338582676
0
LINE
8
BLACK
6
CONTINUOUS
10
5.7337881889763782
20
-3.5061891338582676
11
5.7337881889763782
21
-3.459776692913386
0
LINE
8
BLACK
6
CONTINUOUS
10
5.7337881889763782
20
-3.459776692913386
11
5.7345793700787402
21
-3.4568239370078739
0
LINE
8
BLACK
6
CONTINUOUS
10
5.7345793700787402
20
-3.4568239370078739
11
5.7367409448818893
21
-3.4546623622047243
0
LINE
8
BLACK
6
CONTINUOUS
10
5.7367409448818893
20
-3.4546623622047243
11
5.7396937007874014
21
-3.4538711811023619
0
LINE
8
BLACK
6
CONTINUOUS
10
5.7396937007874014
20
-3.4538711811023619
11
5.7426464566929134
21
-3.4546623622047243
0
LINE
8
BLACK
6
CONTINUOUS
10
5.7912308267716535
20
-3.4541172440944883
11
5.7921798818897638
21
-3.4541742519685039
0
LINE
8
BLACK
6
CONTINUOUS
10
5.7921798818897638
20
-3.4541742519685039
11
5.8006163385826772
21
-3.4569863779527559
0
LINE
8
BLACK
6
CONTINUOUS
10
5.8006163385826772
20
-3.4569863779527559
11
5.8031673622047242
21
-3.4586707086614172
0
LINE
8
BLACK
6
CONTINUOUS
10
5.8031673622047242
20
-3.4586707086614172
11
5.8045344881889767
21
-3.4614049212598426
0
LINE
8
BLACK
6
CONTINUOUS
10
5.8045344881889767
20
-3.4614049212598426
11
5.8043512992125983
21
-3.4644563385826772
0
LINE
8
BLACK
6
CONTINUOUS
10
5.8043512992125983
20
-3.4644563385826772
11
5.8026669685039369
21
-3.4670074015748029
0
LINE
8
BLACK
6
CONTINUOUS
10
5.8026669685039369
20
-3.4670074015748029
11
5.7999327559055116
21
-3.4683744881889762
0
LINE
8
BLACK
6
CONTINUOUS
10
5.7999327559055116
20
-3.4683744881889762
11
5.7968813385826774
21
-3.4681912992125983
0
LINE
8
BLACK
6
CONTINUOUS
10
5.7968813385826774
20
-3.4681912992125983
11
5.7893541338582679
21
-3.4656822047244096
0
LINE
8
BLACK
6
CONTINUOUS
10
5.7893541338582679
20
-3.4656822047244096
11
5.777645748031496
21
-3.4656822047244096
0
LINE
8
BLACK
6
CONTINUOUS
10
5.777645748031496
20
-3.4656822047244096
11
5.7741255118110235
21
-3.4674423228346454
0
LINE
8
BLACK
6
CONTINUOUS
10
5.7741255118110235
20
-3.4674423228346454
11
5.7726686220472443
21
-3.468899212598425
0
LINE
8
BLACK
6
CONTINUOUS
10
5.7726686220472443
20
-3.468899212598425
11
5.7709085826771656
21
-3.4724193307086613
0
LINE
8
BLACK
6
CONTINUOUS
10
5.7709085826771656
20
-3.4724193307086613
11
5.7709085826771656
21
-3.4752555118110235
0
LINE
8
BLACK
6
CONTINUOUS
10
5.7709085826771656
20
-3.4752555118110235
11
5.7726686220472443
21
-3.4787756299212598
0
LINE
8
BLACK
6
CONTINUOUS
10
5.7726686220472443
20
-3.4787756299212598
11
5.7741255118110235
21
-3.4802325196850394
0
LINE
8
BLACK
6
CONTINUOUS
10
5.7741255118110235
20
-3.4802325196850394
11
5.7783129133858262
21
-3.4823262204724408
0
LINE
8
BLACK
6
CONTINUOUS
10
5.7783129133858262
20
-3.4823262204724408
11
5.788932519685039
21
-3.4849811417322836
0
LINE
8
BLACK
6
CONTINUOUS
10
5.788932519685039
20
-3.4849811417322836
11
5.7895024803149608
21
-3.4852975196850391
0
LINE
8
BLACK
6
CONTINUOUS
10
5.7895024803149608
20
-3.4852975196850391
11
5.7901412598425193
21
-3.4854282677165354
0
LINE
8
BLACK
6
CONTINUOUS
10
5.7901412598425193
20
-3.4854282677165354
11
5.7957655905511807
21
-3.4882404330708661
0
LINE
8
BLACK
6
CONTINUOUS
10
5.7957655905511807
20
-3.4882404330708661
11
5.7964769685039368
21
-3.4888712598425196
0
LINE
8
BLACK
6
CONTINUOUS
10
5.7964769685039368
20
-3.4888712598425196
11
5.7973004330708662
21
-3.4893466929133856
0
LINE
8
BLACK
6
CONTINUOUS
10
5.7973004330708662
20
-3.4893466929133856
11
5.8001125590551181
21
-3.4921588582677163
0
LINE
8
BLACK
6
CONTINUOUS
10
5.8001125590551181
20
-3.4921588582677163
11
5.8005879133858267
21
-3.4929822440944882
0
LINE
8
BLACK
6
CONTINUOUS
10
5.8005879133858267
20
-3.4929822440944882
11
5.8012187401574806
21
-3.4936936220472439
0
LINE
8
BLACK
6
CONTINUOUS
10
5.8012187401574806
20
-3.4936936220472439
11
5.8040309055118113
21
-3.4993178740157478
0
LINE
8
BLACK
6
CONTINUOUS
10
5.8040309055118113
20
-3.4993178740157478
11
5.8043030708661414
21
-3.5006478740157481
0
LINE
8
BLACK
6
CONTINUOUS
10
5.8043030708661414
20
-3.5006478740157481
11
5.8046543700787403
21
-3.5019589370078741
0
LINE
8
BLACK
6
CONTINUOUS
10
5.8046543700787403
20
-3.5019589370078741
11
5.8046543700787403
21
-3.5075832283464567
0
LINE
8
BLACK
6
CONTINUOUS
10
5.8046543700787403
20
-3.5075832283464567
11
5.8043030708661414
21
-3.508894251968504
0
LINE
8
BLACK
6
CONTINUOUS
10
5.8043030708661414
20
-3.508894251968504
11
5.8040309055118113
21
-3.5102242913385826
0
LINE
8
BLACK
6
CONTINUOUS
10
5.8040309055118113
20
-3.5102242913385826
11
5.8012187401574806
21
-3.5158485433070865
0
LINE
8
BLACK
6
CONTINUOUS
10
5.8012187401574806
20
-3.5158485433070865
11
5.8005879133858267
21
-3.5165598818897639
0
LINE
8
BLACK
6
CONTINUOUS
10
5.8005879133858267
20
-3.5165598818897639
11
5.8001125590551181
21
-3.5173833070866141
0
LINE
8
BLACK
6
CONTINUOUS
10
5.8001125590551181
20
-3.5173833070866141
11
5.7973004330708662
21
-3.5201954724409448
0
LINE
8
BLACK
6
CONTINUOUS
10
5.7973004330708662
20
-3.5201954724409448
11
5.7964769685039368
21
-3.5206708661417321
0
LINE
8
BLACK
6
CONTINUOUS
10
5.7964769685039368
20
-3.5206708661417321
11
5.7957655905511807
21
-3.5213017322834643
0
LINE
8
BLACK
6
CONTINUOUS
10
5.7957655905511807
20
-3.5213017322834643
11
5.7901412204724405
21
-3.5241138582677163
0
LINE
8
BLACK
6
CONTINUOUS
10
5.7901412204724405
20
-3.5241138582677163
11
5.7888114566929136
21
-3.5243859448818897
0
LINE
8
BLACK
6
CONTINUOUS
10
5.7888114566929136
20
-3.5243859448818897
11
5.7875002362204722
21
-3.5247373228346457
0
LINE
8
BLACK
6
CONTINUOUS
10
5.7875002362204722
20
-3.5247373228346457
11
5.7734395275590549
21
-3.5247373228346457
0
LINE
8
BLACK
6
CONTINUOUS
10
5.7734395275590549
20
-3.5247373228346457
11
5.7725211811023618
21
-3.5244912598425198
0
LINE
8
BLACK
6
CONTINUOUS
10
5.7725211811023618
20
-3.5244912598425198
11
5.7715720472440948
21
-3.5244342913385824
0
LINE
8
BLACK
6
CONTINUOUS
10
5.7715720472440948
20
-3.5244342913385824
11
5.7631355905511814
21
-3.5216221653543305
0
LINE
8
BLACK
6
CONTINUOUS
10
5.7631355905511814
20
-3.5216221653543305
11
5.7605845669291336
21
-3.5199378346456691
0
LINE
8
BLACK
6
CONTINUOUS
10
5.7605845669291336
20
-3.5199378346456691
11
5.759217440944882
21
-3.5172036220472438
0
LINE
8
BLACK
6
CONTINUOUS
10
5.759217440944882
20
-3.5172036220472438
11
5.7594005905511807
21
-3.5141522047244096
0
LINE
8
BLACK
6
CONTINUOUS
10
5.7594005905511807
20
-3.5141522047244096
11
5.7610849212598421
21
-3.5116011811023622
0
LINE
8
BLACK
6
CONTINUOUS
10
5.7610849212598421
20
-3.5116011811023622
11
5.7638191338582674
21
-3.5102340551181102
0
LINE
8
BLACK
6
CONTINUOUS
10
5.7638191338582674
20
-3.5102340551181102
11
5.7668705511811025
21
-3.5104172047244093
0
LINE
8
BLACK
6
CONTINUOUS
10
5.7668705511811025
20
-3.5104172047244093
11
5.774397913385827
21
-3.5129262992125985
0
LINE
8
BLACK
6
CONTINUOUS
10
5.774397913385827
20
-3.5129262992125985
11
5.7861061811023617
21
-3.5129262992125985
0
LINE
8
BLACK
6
CONTINUOUS
10
5.7861061811023617
20
-3.5129262992125985
11
5.7896263779527555
21
-3.5111661811023622
0
LINE
8
BLACK
6
CONTINUOUS
10
5.7896263779527555
20
-3.5111661811023622
11
5.7910831889763781
21
-3.5097093307086613
0
LINE
8
BLACK
6
CONTINUOUS
10
5.7910831889763781
20
-3.5097093307086613
11
5.7928433464566931
21
-3.5061890944881888
0
LINE
8
BLACK
6
CONTINUOUS
10
5.7928433464566931
20
-3.5061890944881888
11
5.7928433464566931
21
-3.5033530314960628
0
LINE
8
BLACK
6
CONTINUOUS
10
5.7928433464566931
20
-3.5033530314960628
11
5.7910831889763781
21
-3.4998327952755903
0
LINE
8
BLACK
6
CONTINUOUS
10
5.7910831889763781
20
-3.4998327952755903
11
5.7896263385826767
21
-3.4983759055118111
0
LINE
8
BLACK
6
CONTINUOUS
10
5.7896263385826767
20
-3.4983759055118111
11
5.7854389763779528
21
-3.4962822440944881
0
LINE
8
BLACK
6
CONTINUOUS
10
5.7854389763779528
20
-3.4962822440944881
11
5.77481937007874
21
-3.4936273622047245
0
LINE
8
BLACK
6
CONTINUOUS
10
5.77481937007874
20
-3.4936273622047245
11
5.774249409448819
21
-3.4933109448818898
0
LINE
8
BLACK
6
CONTINUOUS
10
5.774249409448819
20
-3.4933109448818898
11
5.773610590551181
21
-3.4931802362204722
0
LINE
8
BLACK
6
CONTINUOUS
10
5.773610590551181
20
-3.4931802362204722
11
5.7679863385826771
21
-3.4903680708661415
0
LINE
8
BLACK
6
CONTINUOUS
10
5.7679863385826771
20
-3.4903680708661415
11
5.767274960629921
21
-3.489737244094488
0
LINE
8
BLACK
6
CONTINUOUS
10
5.767274960629921
20
-3.489737244094488
11
5.7664515748031491
21
-3.4892618897637795
0
LINE
8
BLACK
6
CONTINUOUS
10
5.7664515748031491
20
-3.4892618897637795
11
5.7636394094488184
21
-3.4864497637795275
0
LINE
8
BLACK
6
CONTINUOUS
10
5.7636394094488184
20
-3.4864497637795275
11
5.7631639763779523
21
-3.4856262992125981
0
LINE
8
BLACK
6
CONTINUOUS
10
5.7631639763779523
20
-3.4856262992125981
11
5.7625331496062993
21
-3.4849149212598425
0
LINE
8
BLACK
6
CONTINUOUS
10
5.7625331496062993
20
-3.4849149212598425
11
5.7597210236220473
21
-3.4792906299212598
0
LINE
8
BLACK
6
CONTINUOUS
10
5.7597210236220473
20
-3.4792906299212598
11
5.7594488582677164
21
-3.4779607480314958
0
LINE
8
BLACK
6
CONTINUOUS
10
5.7594488582677164
20
-3.4779607480314958
11
5.7590975590551183
21
-3.4766496062992127
0
LINE
8
BLACK
6
CONTINUOUS
10
5.7590975590551183
20
-3.4766496062992127
11
5.7590975590551183
21
-3.4710252755905513
0
LINE
8
BLACK
6
CONTINUOUS
10
5.7590975590551183
20
-3.4710252755905513
11
5.7594488582677164
21
-3.469714094488189
0
LINE
8
BLACK
6
CONTINUOUS
10
5.7594488582677164
20
-3.469714094488189
11
5.7597210236220473
21
-3.4683842519685038
0
LINE
8
BLACK
6
CONTINUOUS
10
5.7597210236220473
20
-3.4683842519685038
11
5.7625331496062993
21
-3.4627599606299211
0
LINE
8
BLACK
6
CONTINUOUS
10
5.7625331496062993
20
-3.4627599606299211
11
5.7631639763779523
21
-3.4620485433070867
0
LINE
8
BLACK
6
CONTINUOUS
10
5.7631639763779523
20
-3.4620485433070867
11
5.7636394094488184
21
-3.461225118110236
0
LINE
8
BLACK
6
CONTINUOUS
10
5.7636394094488184
20
-3.461225118110236
11
5.7664515748031491
21
-3.4584129921259841
0
LINE
8
BLACK
6
CONTINUOUS
10
5.7664515748031491
20
-3.4584129921259841
11
5.767274960629921
21
-3.4579375984251968
0
LINE
8
BLACK
6
CONTINUOUS
10
5.767274960629921
20
-3.4579375984251968
11
5.7679863385826771
21
-3.457306811023622
0
LINE
8
BLACK
6
CONTINUOUS
10
5.7679863385826771
20
-3.457306811023622
11
5.773610590551181
21
-3.4544946456692913
0
LINE
8
BLACK
6
CONTINUOUS
10
5.773610590551181
20
-3.4544946456692913
11
5.7749405905511813
21
-3.4542224409448816
0
LINE
8
BLACK
6
CONTINUOUS
10
5.7749405905511813
20
-3.4542224409448816
11
5.7762516535433068
21
-3.4538711811023619
0
LINE
8
BLACK
6
CONTINUOUS
10
5.7762516535433068
20
-3.4538711811023619
11
5.7903124015748029
21
-3.4538711811023619
0
LINE
8
BLACK
6
CONTINUOUS
10
5.7903124015748029
20
-3.4538711811023619
11
5.7912308267716535
21
-3.4541172440944883
0
LINE
8
BLACK
6
CONTINUOUS
10
5.845054251968504
20
-3.4542224803149604
11
5.8463842125984247
21
-3.4544946456692913
0
LINE
8
BLACK
6
CONTINUOUS
10
5.8463842125984247
20
-3.4544946456692913
11
5.8520085433070861
21
-3.457306811023622
0
LINE
8
BLACK
6
CONTINUOUS
10
5.8520085433070861
20
-3.457306811023622
11
5.8527199212598422
21
-3.4579376377952755
0
LINE
8
BLACK
6
CONTINUOUS
10
5.8527199212598422
20
-3.4579376377952755
11
5.8535433464566928
21
-3.4584130314960628
0
LINE
8
BLACK
6
CONTINUOUS
10
5.8535433464566928
20
-3.4584130314960628
11
5.8563554724409448
21
-3.4612251574803148
0
LINE
8
BLACK
6
CONTINUOUS
10
5.8563554724409448
20
-3.4612251574803148
11
5.8568308661417321
21
-3.4620485826771654
0
LINE
8
BLACK
6
CONTINUOUS
10
5.8568308661417321
20
-3.4620485826771654
11
5.857461692913386
21
-3.4627599606299211
0
LINE
8
BLACK
6
CONTINUOUS
10
5.857461692913386
20
-3.4627599606299211
11
5.8602738582677167
21
-3.468384212598425
0
LINE
8
BLACK
6
CONTINUOUS
10
5.8602738582677167
20
-3.468384212598425
11
5.8605460236220468
21
-3.4697142125984253
0
LINE
8
BLACK
6
CONTINUOUS
10
5.8605460236220468
20
-3.4697142125984253
11
5.8608973228346457
21
-3.4710252755905513
0
LINE
8
BLACK
6
CONTINUOUS
10
5.8608973228346457
20
-3.4710252755905513
11
5.8608973228346457
21
-3.4766496062992127
0
LINE
8
BLACK
6
CONTINUOUS
10
5.8608973228346457
20
-3.4766496062992127
11
5.8605460236220468
21
-3.47796062992126
0
LINE
8
BLACK
6
CONTINUOUS
10
5.8605460236220468
20
-3.47796062992126
11
5.8602738582677167
21
-3.4792906692913386
0
LINE
8
BLACK
6
CONTINUOUS
10
5.8602738582677167
20
-3.4792906692913386
11
5.857461692913386
21
-3.4849149212598425
0
LINE
8
BLACK
6
CONTINUOUS
10
5.857461692913386
20
-3.4849149212598425
11
5.8568308661417321
21
-3.4856262598425194
0
LINE
8
BLACK
6
CONTINUOUS
10
5.8568308661417321
20
-3.4856262598425194
11
5.8563554724409448
21
-3.4864497244094488
0
LINE
8
BLACK
6
CONTINUOUS
10
5.8563554724409448
20
-3.4864497244094488
11
5.8563017322834643
21
-3.4865034251968505
0
LINE
8
BLACK
6
CONTINUOUS
10
5.8563017322834643
20
-3.4865034251968505
11
5.8563554724409448
21
-3.4865344881889762
0
LINE
8
BLACK
6
CONTINUOUS
10
5.8563554724409448
20
-3.4865344881889762
11
5.8591676377952755
21
-3.4893466535433069
0
LINE
8
BLACK
6
CONTINUOUS
10
5.8591676377952755
20
-3.4893466535433069
11
5.8596429921259841
21
-3.4901700393700787
0
LINE
8
BLACK
6
CONTINUOUS
10
5.8596429921259841
20
-3.4901700393700787
11
5.8602738582677167
21
-3.4908814566929132
0
LINE
8
BLACK
6
CONTINUOUS
10
5.8602738582677167
20
-3.4908814566929132
11
5.8630859842519687
21
-3.4965057874015746
0
LINE
8
BLACK
6
CONTINUOUS
10
5.8630859842519687
20
-3.4965057874015746
11
5.8633580708661412
21
-3.4978355118110236
0
LINE
8
BLACK
6
CONTINUOUS
10
5.8633580708661412
20
-3.4978355118110236
11
5.8637094488188977
21
-3.4991467716535434
0
LINE
8
BLACK
6
CONTINUOUS
10
5.8637094488188977
20
-3.4991467716535434
11
5.8637094488188977
21
-3.5075832283464567
0
LINE
8
BLACK
6
CONTINUOUS
10
5.8637094488188977
20
-3.5075832283464567
11
5.8633580708661412
21
-3.5088944488188973
0
LINE
8
BLACK
6
CONTINUOUS
10
5.8633580708661412
20
-3.5088944488188973
11
5.8630859842519687
21
-3.5102242125984251
0
LINE
8
BLACK
6
CONTINUOUS
10
5.8630859842519687
20
-3.5102242125984251
11
5.8602738582677167
21
-3.5158485433070865
0
LINE
8
BLACK
6
CONTINUOUS
10
5.8602738582677167
20
-3.5158485433070865
11
5.8596429921259841
21
-3.5165599212598426
0
LINE
8
BLACK
6
CONTINUOUS
10
5.8596429921259841
20
-3.5165599212598426
11
5.8591676377952755
21
-3.5173833464566928
0
LINE
8
BLACK
6
CONTINUOUS
10
5.8591676377952755
20
-3.5173833464566928
11
5.8563554724409448
21
-3.5201955118110235
0
LINE
8
BLACK
6
CONTINUOUS
10
5.8563554724409448
20
-3.5201955118110235
11
5.8555320472440942
21
-3.5206708661417321
0
LINE
8
BLACK
6
CONTINUOUS
10
5.8555320472440942
20
-3.5206708661417321
11
5.854820669291338
21
-3.5213017322834643
0
LINE
8
BLACK
6
CONTINUOUS
10
5.854820669291338
20
-3.5213017322834643
11
5.8491963779527554
21
-3.5241138582677163
0
LINE
8
BLACK
6
CONTINUOUS
10
5.8491963779527554
20
-3.5241138582677163
11
5.8478664960629922
21
-3.5243859842519685
0
LINE
8
BLACK
6
CONTINUOUS
10
5.8478664960629922
20
-3.5243859842519685
11
5.8465553543307083
21
-3.5247373228346457
0
LINE
8
BLACK
6
CONTINUOUS
10
5.8465553543307083
20
-3.5247373228346457
11
5.8240581496062989
21
-3.5247373228346457
0
LINE
8
BLACK
6
CONTINUOUS
10
5.8240581496062989
20
-3.5247373228346457
11
5.8211053937007868
21
-3.5239461417322833
0
LINE
8
BLACK
6
CONTINUOUS
10
5.8211053937007868
20
-3.5239461417322833
11
5.8189438188976377
21
-3.5217845669291337
0
LINE
8
BLACK
6
CONTINUOUS
10
5.8189438188976377
20
-3.5217845669291337
11
5.8181526377952757
21
-3.5188318110236221
0
LINE
8
BLACK
6
CONTINUOUS
10
5.8181526377952757
20
-3.5188318110236221
11
5.8181526377952757
21
-3.459776692913386
0
LINE
8
BLACK
6
CONTINUOUS
10
5.8181526377952757
20
-3.459776692913386
11
5.8189438188976377
21
-3.4568239370078739
0
LINE
8
BLACK
6
CONTINUOUS
10
5.8189438188976377
20
-3.4568239370078739
11
5.8211053937007868
21
-3.4546623622047243
0
LINE
8
BLACK
6
CONTINUOUS
10
5.8211053937007868
20
-3.4546623622047243
11
5.8240581496062989
21
-3.4538711811023619
0
LINE
8
BLACK
6
CONTINUOUS
10
5.8240581496062989
20
-3.4538711811023619
11
5.8437431889763776
21
-3.4538711811023619
0
LINE
8
BLACK
6
CONTINUOUS
10
5.8437431889763776
20
-3.4538711811023619
11
5.845054251968504
21
-3.4542224803149604
0
LINE
8
BLACK
6
CONTINUOUS
10
5.8299636614173229
20
-3.5129262992125985
11
5.8451612598425191
21
-3.5129262992125985
0
LINE
8
BLACK
6
CONTINUOUS
10
5.8451612598425191
20
-3.5129262992125985
11
5.8486814173228341
21
-3.511166220472441
0
LINE
8
BLACK
6
CONTINUOUS
10
5.8486814173228341
20
-3.511166220472441
11
5.8501383070866142
21
-3.5097093307086613
0
LINE
8
BLACK
6
CONTINUOUS
10
5.8501383070866142
20
-3.5097093307086613
11
5.8518984251968504
21
-3.5061891338582676
0
LINE
8
BLACK
6
CONTINUOUS
10
5.8518984251968504
20
-3.5061891338582676
11
5.8518984251968504
21
-3.5005408267716533
0
LINE
8
BLACK
6
CONTINUOUS
10
5.8518984251968504
20
-3.5005408267716533
11
5.8501383070866142
21
-3.4970206299212596
0
LINE
8
BLACK
6
CONTINUOUS
10
5.8501383070866142
20
-3.4970206299212596
11
5.8489896062992122
21
-3.495871929133858
0
LINE
8
BLACK
6
CONTINUOUS
10
5.8489896062992122
20
-3.495871929133858
11
5.8427848031496064
21
-3.4938037007874017
0
LINE
8
BLACK
6
CONTINUOUS
10
5.8427848031496064
20
-3.4938037007874017
11
5.8299636614173229
21
-3.4938037007874017
0
LINE
8
BLACK
6
CONTINUOUS
10
5.8299636614173229
20
-3.4938037007874017
11
5.8299636614173229
21
-3.5129262992125985
0
LINE
8
BLACK
6
CONTINUOUS
10
5.8299636614173229
20
-3.4819926771653544
11
5.8423490944881893
21
-3.4819926771653544
0
LINE
8
BLACK
6
CONTINUOUS
10
5.8423490944881893
20
-3.4819926771653544
11
5.8458693307086609
21
-3.4802325590551182
0
LINE
8
BLACK
6
CONTINUOUS
10
5.8458693307086609
20
-3.4802325590551182
11
5.8473261811023622
21
-3.4787756692913385
0
LINE
8
BLACK
6
CONTINUOUS
10
5.8473261811023622
20
-3.4787756692913385
11
5.8490862992125985
21
-3.4752554724409448
0
LINE
8
BLACK
6
CONTINUOUS
10
5.8490862992125985
20
-3.4752554724409448
11
5.8490862992125985
21
-3.47241937007874
0
LINE
8
BLACK
6
CONTINUOUS
10
5.8490862992125985
20
-3.47241937007874
11
5.8473261811023622
21
-3.4688991732283463
0
LINE
8
BLACK
6
CONTINUOUS
10
5.8473261811023622
20
-3.4688991732283463
11
5.8458693307086609
21
-3.4674423228346454
0
LINE
8
BLACK
6
CONTINUOUS
10
5.8458693307086609
20
-3.4674423228346454
11
5.8423490944881893
21
-3.4656822047244096
0
LINE
8
BLACK
6
CONTINUOUS
10
5.8423490944881893
20
-3.4656822047244096
11
5.8299636614173229
21
-3.4656822047244096
0
LINE
8
BLACK
6
CONTINUOUS
10
5.8299636614173229
20
-3.4656822047244096
11
5.8299636614173229
21
-3.4819926771653544
0
LINE
8
BLACK
6
CONTINUOUS
10
5.906528897637795
20
-3.4541172440944883
11
5.9074779527559054
21
-3.4541742519685039
0
LINE
8
BLACK
6
CONTINUOUS
10
5.9074779527559054
20
-3.4541742519685039
11
5.9159144094488187
21
-3.4569863779527559
0
LINE
8
BLACK
6
CONTINUOUS
10
5.9159144094488187
20
-3.4569863779527559
11
5.9184654330708657
21
-3.4586707086614172
0
LINE
8
BLACK
6
CONTINUOUS
10
5.9184654330708657
20
-3.4586707086614172
11
5.9198325590551182
21
-3.4614049212598426
0
LINE
8
BLACK
6
CONTINUOUS
10
5.9198325590551182
20
-3.4614049212598426
11
5.9196493700787398
21
-3.4644563385826772
0
LINE
8
BLACK
6
CONTINUOUS
10
5.9196493700787398
20
-3.4644563385826772
11
5.9179650393700785
21
-3.4670074015748029
0
LINE
8
BLACK
6
CONTINUOUS
10
5.9179650393700785
20
-3.4670074015748029
11
5.9152308267716531
21
-3.4683744881889762
0
LINE
8
BLACK
6
CONTINUOUS
10
5.9152308267716531
20
-3.4683744881889762
11
5.9121794094488189
21
-3.4681912992125983
0
LINE
8
BLACK
6
CONTINUOUS
10
5.9121794094488189
20
-3.4681912992125983
11
5.9046522047244094
21
-3.4656822047244096
0
LINE
8
BLACK
6
CONTINUOUS
10
5.9046522047244094
20
-3.4656822047244096
11
5.8929438188976375
21
-3.4656822047244096
0
LINE
8
BLACK
6
CONTINUOUS
10
5.8929438188976375
20
-3.4656822047244096
11
5.889423582677165
21
-3.4674423228346454
0
LINE
8
BLACK
6
CONTINUOUS
10
5.889423582677165
20
-3.4674423228346454
11
5.8879666929133858
21
-3.468899212598425
0
LINE
8
BLACK
6
CONTINUOUS
10
5.8879666929133858
20
-3.468899212598425
11
5.8862066535433071
21
-3.4724193307086613
0
LINE
8
BLACK
6
CONTINUOUS
10
5.8862066535433071
20
-3.4724193307086613
11
5.8862066535433071
21
-3.4752555118110235
0
LINE
8
BLACK
6
CONTINUOUS
10
5.8862066535433071
20
-3.4752555118110235
11
5.8879666929133858
21
-3.4787756299212598
0
LINE
8
BLACK
6
CONTINUOUS
10
5.8879666929133858
20
-3.4787756299212598
11
5.889423582677165
21
-3.4802325196850394
0
LINE
8
BLACK
6
CONTINUOUS
10
5.889423582677165
20
-3.4802325196850394
11
5.8936109842519686
21
-3.4823262204724408
0
LINE
8
BLACK
6
CONTINUOUS
10
5.8936109842519686
20
-3.4823262204724408
11
5.9042305905511814
21
-3.4849811417322836
0
LINE
8
BLACK
6
CONTINUOUS
10
5.9042305905511814
20
-3.4849811417322836
11
5.9048005511811024
21
-3.4852975196850391
0
LINE
8
BLACK
6
CONTINUOUS
10
5.9048005511811024
20
-3.4852975196850391
11
5.9054393307086617
21
-3.4854282677165354
0
LINE
8
BLACK
6
CONTINUOUS
10
5.9054393307086617
20
-3.4854282677165354
11
5.9110636614173231
21
-3.4882404330708661
0
LINE
8
BLACK
6
CONTINUOUS
10
5.9110636614173231
20
-3.4882404330708661
11
5.9117750393700783
21
-3.4888712598425196
0
LINE
8
BLACK
6
CONTINUOUS
10
5.9117750393700783
20
-3.4888712598425196
11
5.9125985039370077
21
-3.4893466929133856
0
LINE
8
BLACK
6
CONTINUOUS
10
5.9125985039370077
20
-3.4893466929133856
11
5.9154106299212597
21
-3.4921588582677163
0
LINE
8
BLACK
6
CONTINUOUS
10
5.9154106299212597
20
-3.4921588582677163
11
5.9158859842519682
21
-3.4929822440944882
0
LINE
8
BLACK
6
CONTINUOUS
10
5.9158859842519682
20
-3.4929822440944882
11
5.9165168110236221
21
-3.4936936220472439
0
LINE
8
BLACK
6
CONTINUOUS
10
5.9165168110236221
20
-3.4936936220472439
11
5.9193289763779529
21
-3.4993178740157478
0
LINE
8
BLACK
6
CONTINUOUS
10
5.9193289763779529
20
-3.4993178740157478
11
5.9196011417322829
21
-3.5006478740157481
0
LINE
8
BLACK
6
CONTINUOUS
10
5.9196011417322829
20
-3.5006478740157481
11
5.9199524409448818
21
-3.5019589370078741
0
LINE
8
BLACK
6
CONTINUOUS
10
5.9199524409448818
20
-3.5019589370078741
11
5.9199524409448818
21
-3.5075832283464567
0
LINE
8
BLACK
6
CONTINUOUS
10
5.9199524409448818
20
-3.5075832283464567
11
5.9196011417322829
21
-3.508894251968504
0
LINE
8
BLACK
6
CONTINUOUS
10
5.9196011417322829
20
-3.508894251968504
11
5.9193289763779529
21
-3.5102242913385826
0
LINE
8
BLACK
6
CONTINUOUS
10
5.9193289763779529
20
-3.5102242913385826
11
5.9165168110236221
21
-3.5158485433070865
0
LINE
8
BLACK
6
CONTINUOUS
10
5.9165168110236221
20
-3.5158485433070865
11
5.9158859842519682
21
-3.5165598818897639
0
LINE
8
BLACK
6
CONTINUOUS
10
5.9158859842519682
20
-3.5165598818897639
11
5.9154106299212597
21
-3.5173833070866141
0
LINE
8
BLACK
6
CONTINUOUS
10
5.9154106299212597
20
-3.5173833070866141
11
5.9125985039370077
21
-3.5201954724409448
0
LINE
8
BLACK
6
CONTINUOUS
10
5.9125985039370077
20
-3.5201954724409448
11
5.9117750393700783
21
-3.5206708661417321
0
LINE
8
BLACK
6
CONTINUOUS
10
5.9117750393700783
20
-3.5206708661417321
11
5.9110636614173231
21
-3.5213017322834643
0
LINE
8
BLACK
6
CONTINUOUS
10
5.9110636614173231
20
-3.5213017322834643
11
5.9054392913385829
21
-3.5241138582677163
0
LINE
8
BLACK
6
CONTINUOUS
10
5.9054392913385829
20
-3.5241138582677163
11
5.9041095275590552
21
-3.5243859448818897
0
LINE
8
BLACK
6
CONTINUOUS
10
5.9041095275590552
20
-3.5243859448818897
11
5.9027983070866137
21
-3.5247373228346457
0
LINE
8
BLACK
6
CONTINUOUS
10
5.9027983070866137
20
-3.5247373228346457
11
5.8887375984251964
21
-3.5247373228346457
0
LINE
8
BLACK
6
CONTINUOUS
10
5.8887375984251964
20
-3.5247373228346457
11
5.8878192519685042
21
-3.5244912598425198
0
LINE
8
BLACK
6
CONTINUOUS
10
5.8878192519685042
20
-3.5244912598425198
11
5.8868701181102363
21
-3.5244342913385824
0
LINE
8
BLACK
6
CONTINUOUS
10
5.8868701181102363
20
-3.5244342913385824
11
5.8784336614173229
21
-3.5216221653543305
0
LINE
8
BLACK
6
CONTINUOUS
10
5.8784336614173229
20
-3.5216221653543305
11
5.8758826377952751
21
-3.5199378346456691
0
LINE
8
BLACK
6
CONTINUOUS
10
5.8758826377952751
20
-3.5199378346456691
11
5.8745155118110235
21
-3.5172036220472438
0
LINE
8
BLACK
6
CONTINUOUS
10
5.8745155118110235
20
-3.5172036220472438
11
5.8746986614173231
21
-3.5141522047244096
0
LINE
8
BLACK
6
CONTINUOUS
10
5.8746986614173231
20
-3.5141522047244096
11
5.8763829921259845
21
-3.5116011811023622
0
LINE
8
BLACK
6
CONTINUOUS
10
5.8763829921259845
20
-3.5116011811023622
11
5.8791172047244089
21
-3.5102340551181102
0
LINE
8
BLACK
6
CONTINUOUS
10
5.8791172047244089
20
-3.5102340551181102
11
5.882168622047244
21
-3.5104172047244093
0
LINE
8
BLACK
6
CONTINUOUS
10
5.882168622047244
20
-3.5104172047244093
11
5.8896959842519685
21
-3.5129262992125985
0
LINE
8
BLACK
6
CONTINUOUS
10
5.8896959842519685
20
-3.5129262992125985
11
5.9014042519685042
21
-3.5129262992125985
0
LINE
8
BLACK
6
CONTINUOUS
10
5.9014042519685042
20
-3.5129262992125985
11
5.9049244488188979
21
-3.5111661811023622
0
LINE
8
BLACK
6
CONTINUOUS
10
5.9049244488188979
20
-3.5111661811023622
11
5.9063812598425196
21
-3.5097093307086613
0
LINE
8
BLACK
6
CONTINUOUS
10
5.9063812598425196
20
-3.5097093307086613
11
5.9081414173228346
21
-3.5061890944881888
0
LINE
8
BLACK
6
CONTINUOUS
10
5.9081414173228346
20
-3.5061890944881888
11
5.9081414173228346
21
-3.5033530314960628
0
LINE
8
BLACK
6
CONTINUOUS
10
5.9081414173228346
20
-3.5033530314960628
11
5.9063812598425196
21
-3.4998327952755903
0
LINE
8
BLACK
6
CONTINUOUS
10
5.9063812598425196
20
-3.4998327952755903
11
5.9049244094488191
21
-3.4983759055118111
0
LINE
8
BLACK
6
CONTINUOUS
10
5.9049244094488191
20
-3.4983759055118111
11
5.9007370472440943
21
-3.4962822440944881
0
LINE
8
BLACK
6
CONTINUOUS
10
5.9007370472440943
20
-3.4962822440944881
11
5.8901174409448815
21
-3.4936273622047245
0
LINE
8
BLACK
6
CONTINUOUS
10
5.8901174409448815
20
-3.4936273622047245
11
5.8895474803149606
21
-3.4933109448818898
0
LINE
8
BLACK
6
CONTINUOUS
10
5.8895474803149606
20
-3.4933109448818898
11
5.8889086614173225
21
-3.4931802362204722
0
LINE
8
BLACK
6
CONTINUOUS
10
5.8889086614173225
20
-3.4931802362204722
11
5.8832844094488186
21
-3.4903680708661415
0
LINE
8
BLACK
6
CONTINUOUS
10
5.8832844094488186
20
-3.4903680708661415
11
5.8825730314960625
21
-3.489737244094488
0
LINE
8
BLACK
6
CONTINUOUS
10
5.8825730314960625
20
-3.489737244094488
11
5.8817496456692915
21
-3.4892618897637795
0
LINE
8
BLACK
6
CONTINUOUS
10
5.8817496456692915
20
-3.4892618897637795
11
5.8789374803149608
21
-3.4864497637795275
0
LINE
8
BLACK
6
CONTINUOUS
10
5.8789374803149608
20
-3.4864497637795275
11
5.8784620472440947
21
-3.4856262992125981
0
LINE
8
BLACK
6
CONTINUOUS
10
5.8784620472440947
20
-3.4856262992125981
11
5.8778312204724408
21
-3.4849149212598425
0
LINE
8
BLACK
6
CONTINUOUS
10
5.8778312204724408
20
-3.4849149212598425
11
5.8750190944881888
21
-3.4792906299212598
0
LINE
8
BLACK
6
CONTINUOUS
10
5.8750190944881888
20
-3.4792906299212598
11
5.8747469291338579
21
-3.4779607480314958
0
LINE
8
BLACK
6
CONTINUOUS
10
5.8747469291338579
20
-3.4779607480314958
11
5.8743956299212599
21
-3.4766496062992127
0
LINE
8
BLACK
6
CONTINUOUS
10
5.8743956299212599
20
-3.4766496062992127
11
5.8743956299212599
21
-3.4710252755905513
0
LINE
8
BLACK
6
CONTINUOUS
10
5.8743956299212599
20
-3.4710252755905513
11
5.8747469291338579
21
-3.469714094488189
0
LINE
8
BLACK
6
CONTINUOUS
10
5.8747469291338579
20
-3.469714094488189
11
5.8750190944881888
21
-3.4683842519685038
0
LINE
8
BLACK
6
CONTINUOUS
10
5.8750190944881888
20
-3.4683842519685038
11
5.8778312204724408
21
-3.4627599606299211
0
LINE
8
BLACK
6
CONTINUOUS
10
5.8778312204724408
20
-3.4627599606299211
11
5.8784620472440947
21
-3.4620485433070867
0
LINE
8
BLACK
6
CONTINUOUS
10
5.8784620472440947
20
-3.4620485433070867
11
5.8789374803149608
21
-3.461225118110236
0
LINE
8
BLACK
6
CONTINUOUS
10
5.8789374803149608
20
-3.461225118110236
11
5.8817496456692915
21
-3.4584129921259841
0
LINE
8
BLACK
6
CONTINUOUS
10
5.8817496456692915
20
-3.4584129921259841
11
5.8825730314960625
21
-3.4579375984251968
0
LINE
8
BLACK
6
CONTINUOUS
10
5.8825730314960625
20
-3.4579375984251968
11
5.8832844094488186
21
-3.457306811023622
0
LINE
8
BLACK
6
CONTINUOUS
10
5.8832844094488186
20
-3.457306811023622
11
5.8889086614173225
21
-3.4544946456692913
0
LINE
8
BLACK
6
CONTINUOUS
10
5.8889086614173225
20
-3.4544946456692913
11
5.8902386614173228
21
-3.4542224409448816
0
LINE
8
BLACK
6
CONTINUOUS
10
5.8902386614173228
20
-3.4542224409448816
11
5.8915497244094484
21
-3.4538711811023619
0
LINE
8
BLACK
6
CONTINUOUS
10
5.8915497244094484
20
-3.4538711811023619
11
5.9056104724409444
21
-3.4538711811023619
0
LINE
8
BLACK
6
CONTINUOUS
10
5.9056104724409444
20
-3.4538711811023619
11
5.906528897637795
21
-3.4541172440944883
0
LINE
8
BLACK
6
CONTINUOUS
10
5.9704304724409445
20
-3.4546623622047243
11
5.9725920472440945
21
-3.4568239370078739
0
LINE
8
BLACK
6
CONTINUOUS
10
5.9725920472440945
20
-3.4568239370078739
11
5.9733832283464565
21
-3.459776692913386
0
LINE
8
BLACK
6
CONTINUOUS
10
5.9733832283464565
20
-3.459776692913386
11
5.9725920472440945
21
-3.4627294488188975
0
LINE
8
BLACK
6
CONTINUOUS
10
5.9725920472440945
20
-3.4627294488188975
11
5.9704304724409445
21
-3.4648910236220472
0
LINE
8
BLACK
6
CONTINUOUS
10
5.9704304724409445
20
-3.4648910236220472
11
5.9674777165354334
21
-3.4656822047244096
0
LINE
8
BLACK
6
CONTINUOUS
10
5.9674777165354334
20
-3.4656822047244096
11
5.9452617322834644
21
-3.4656822047244096
0
LINE
8
BLACK
6
CONTINUOUS
10
5.9452617322834644
20
-3.4656822047244096
11
5.9452617322834644
21
-3.4819926771653544
0
LINE
8
BLACK
6
CONTINUOUS
10
5.9452617322834644
20
-3.4819926771653544
11
5.95904125984252
21
-3.4819926771653544
0
LINE
8
BLACK
6
CONTINUOUS
10
5.95904125984252
20
-3.4819926771653544
11
5.9619940157480311
21
-3.4827838582677164
0
LINE
8
BLACK
6
CONTINUOUS
10
5.9619940157480311
20
-3.4827838582677164
11
5.9641555905511812
21
-3.484945433070866
0
LINE
8
BLACK
6
CONTINUOUS
10
5.9641555905511812
20
-3.484945433070866
11
5.9649467716535431
21
-3.487898188976378
0
LINE
8
BLACK
6
CONTINUOUS
10
5.9649467716535431
20
-3.487898188976378
11
5.9641555905511812
21
-3.4908509448818896
0
LINE
8
BLACK
6
CONTINUOUS
10
5.9641555905511812
20
-3.4908509448818896
11
5.9619940157480311
21
-3.4930125196850392
0
LINE
8
BLACK
6
CONTINUOUS
10
5.9619940157480311
20
-3.4930125196850392
11
5.95904125984252
21
-3.4938037007874017
0
LINE
8
BLACK
6
CONTINUOUS
10
5.95904125984252
20
-3.4938037007874017
11
5.9452617322834644
21
-3.4938037007874017
0
LINE
8
BLACK
6
CONTINUOUS
10
5.9452617322834644
20
-3.4938037007874017
11
5.9452617322834644
21
-3.5129262992125985
0
LINE
8
BLACK
6
CONTINUOUS
10
5.9452617322834644
20
-3.5129262992125985
11
5.9674777165354334
21
-3.5129262992125985
0
LINE
8
BLACK
6
CONTINUOUS
10
5.9674777165354334
20
-3.5129262992125985
11
5.9704304724409445
21
-3.5137174803149605
0
LINE
8
BLACK
6
CONTINUOUS
10
5.9704304724409445
20
-3.5137174803149605
11
5.9725920472440945
21
-3.5158790551181101
0
LINE
8
BLACK
6
CONTINUOUS
10
5.9725920472440945
20
-3.5158790551181101
11
5.9733832283464565
21
-3.5188318110236221
0
LINE
8
BLACK
6
CONTINUOUS
10
5.9733832283464565
20
-3.5188318110236221
11
5.9725920472440945
21
-3.5217845669291337
0
LINE
8
BLACK
6
CONTINUOUS
10
5.9725920472440945
20
-3.5217845669291337
11
5.9704304724409445
21
-3.5239461417322833
0
LINE
8
BLACK
6
CONTINUOUS
10
5.9704304724409445
20
-3.5239461417322833
11
5.9674777165354334
21
-3.5247373228346457
0
LINE
8
BLACK
6
CONTINUOUS
10
5.9674777165354334
20
-3.5247373228346457
11
5.9393562204724404
21
-3.5247373228346457
0
LINE
8
BLACK
6
CONTINUOUS
10
5.9393562204724404
20
-3.5247373228346457
11
5.9364034645669292
21
-3.5239461417322833
0
LINE
8
BLACK
6
CONTINUOUS
10
5.9364034645669292
20
-3.5239461417322833
11
5.9342418897637792
21
-3.5217845669291337
0
LINE
8
BLACK
6
CONTINUOUS
10
5.9342418897637792
20
-3.5217845669291337
11
5.9334507086614172
21
-3.5188318110236221
0
LINE
8
BLACK
6
CONTINUOUS
10
5.9334507086614172
20
-3.5188318110236221
11
5.9334507086614172
21
-3.459776692913386
0
LINE
8
BLACK
6
CONTINUOUS
10
5.9334507086614172
20
-3.459776692913386
11
5.9342418897637792
21
-3.4568239370078739
0
LINE
8
BLACK
6
CONTINUOUS
10
5.9342418897637792
20
-3.4568239370078739
11
5.9364034645669292
21
-3.4546623622047243
0
LINE
8
BLACK
6
CONTINUOUS
10
5.9364034645669292
20
-3.4546623622047243
11
5.9393562204724404
21
-3.4538711811023619
0
LINE
8
BLACK
6
CONTINUOUS
10
5.9393562204724404
20
-3.4538711811023619
11
5.9674777165354334
21
-3.4538711811023619
0
LINE
8
BLACK
6
CONTINUOUS
10
5.9674777165354334
20
-3.4538711811023619
11
5.9704304724409445
21
-3.4546623622047243
0
LINE
8
BLACK
6
CONTINUOUS
10
6.0165953149606297
20
-3.4542224803149604
11
6.0179252755905512
21
-3.4544946456692913
0
LINE
8
BLACK
6
CONTINUOUS
10
6.0179252755905512
20
-3.4544946456692913
11
6.0235495669291339
21
-3.457306811023622
0
LINE
8
BLACK
6
CONTINUOUS
10
6.0235495669291339
20
-3.457306811023622
11
6.0242609055118113
21
-3.4579375984251968
0
LINE
8
BLACK
6
CONTINUOUS
10
6.0242609055118113
20
-3.4579375984251968
11
6.025084330708661
21
-3.4584129921259841
0
LINE
8
BLACK
6
CONTINUOUS
10
6.025084330708661
20
-3.4584129921259841
11
6.0278964960629917
21
-3.461225118110236
0
LINE
8
BLACK
6
CONTINUOUS
10
6.0278964960629917
20
-3.461225118110236
11
6.028371889763779
21
-3.4620485433070867
0
LINE
8
BLACK
6
CONTINUOUS
10
6.028371889763779
20
-3.4620485433070867
11
6.0290027559055117
21
-3.4627599606299211
0
LINE
8
BLACK
6
CONTINUOUS
10
6.0290027559055117
20
-3.4627599606299211
11
6.0318148818897637
21
-3.4683842913385825
0
LINE
8
BLACK
6
CONTINUOUS
10
6.0318148818897637
20
-3.4683842913385825
11
6.0320869685039371
21
-3.4697140157480315
0
LINE
8
BLACK
6
CONTINUOUS
10
6.0320869685039371
20
-3.4697140157480315
11
6.0324383464566926
21
-3.4710252755905513
0
LINE
8
BLACK
6
CONTINUOUS
10
6.0324383464566926
20
-3.4710252755905513
11
6.0324383464566926
21
-3.4794617322834647
0
LINE
8
BLACK
6
CONTINUOUS
10
6.0324383464566926
20
-3.4794617322834647
11
6.0320869685039371
21
-3.4807729527559053
0
LINE
8
BLACK
6
CONTINUOUS
10
6.0320869685039371
20
-3.4807729527559053
11
6.0318148818897637
21
-3.482102716535433
0
LINE
8
BLACK
6
CONTINUOUS
10
6.0318148818897637
20
-3.482102716535433
11
6.0290027559055117
21
-3.4877270472440944
0
LINE
8
BLACK
6
CONTINUOUS
10
6.0290027559055117
20
-3.4877270472440944
11
6.028371889763779
21
-3.4884384251968501
0
LINE
8
BLACK
6
CONTINUOUS
10
6.028371889763779
20
-3.4884384251968501
11
6.0278965354330705
21
-3.4892618503937007
0
LINE
8
BLACK
6
CONTINUOUS
10
6.0278965354330705
20
-3.4892618503937007
11
6.0250843700787398
21
-3.4920740157480314
0
LINE
8
BLACK
6
CONTINUOUS
10
6.0250843700787398
20
-3.4920740157480314
11
6.02426094488189
21
-3.49254937007874
0
LINE
8
BLACK
6
CONTINUOUS
10
6.02426094488189
20
-3.49254937007874
11
6.0235495669291339
21
-3.4931802362204722
0
LINE
8
BLACK
6
CONTINUOUS
10
6.0235495669291339
20
-3.4931802362204722
11
6.0179252755905512
21
-3.4959923622047242
0
LINE
8
BLACK
6
CONTINUOUS
10
6.0179252755905512
20
-3.4959923622047242
11
6.0177752755905507
21
-3.4960230314960627
0
LINE
8
BLACK
6
CONTINUOUS
10
6.0177752755905507
20
-3.4960230314960627
11
6.0313708267716537
21
-3.5154452362204722
0
LINE
8
BLACK
6
CONTINUOUS
10
6.0313708267716537
20
-3.5154452362204722
11
6.0324159448818895
21
-3.5183179133858267
0
LINE
8
BLACK
6
CONTINUOUS
10
6.0324159448818895
20
-3.5183179133858267
11
6.0318846850393699
21
-3.5213283464566927
0
LINE
8
BLACK
6
CONTINUOUS
10
6.0318846850393699
20
-3.5213283464566927
11
6.0299194094488184
21
-3.5236698031496063
0
LINE
8
BLACK
6
CONTINUOUS
10
6.0299194094488184
20
-3.5236698031496063
11
6.0270467322834644
21
-3.5247149212598425
0
LINE
8
BLACK
6
CONTINUOUS
10
6.0270467322834644
20
-3.5247149212598425
11
6.0240362992125984
21
-3.5241836614173225
0
LINE
8
BLACK
6
CONTINUOUS
10
6.0240362992125984
20
-3.5241836614173225
11
6.0216948425196852
21
-3.5222183858267715
0
LINE
8
BLACK
6
CONTINUOUS
10
6.0216948425196852
20
-3.5222183858267715
11
6.0037730708661412
21
-3.4966158267716536
0
LINE
8
BLACK
6
CONTINUOUS
10
6.0037730708661412
20
-3.4966158267716536
11
5.9986925590551179
21
-3.4966158267716536
0
LINE
8
BLACK
6
CONTINUOUS
10
5.9986925590551179
20
-3.4966158267716536
11
5.9986925590551179
21
-3.5188318110236221
0
LINE
8
BLACK
6
CONTINUOUS
10
5.9986925590551179
20
-3.5188318110236221
11
5.9979013779527559
21
-3.5217845669291337
0
LINE
8
BLACK
6
CONTINUOUS
10
5.9979013779527559
20
-3.5217845669291337
11
5.9957398031496059
21
-3.5239461417322833
0
LINE
8
BLACK
6
CONTINUOUS
10
5.9957398031496059
20
-3.5239461417322833
11
5.9927870472440947
21
-3.5247373228346457
0
LINE
8
BLACK
6
CONTINUOUS
10
5.9927870472440947
20
-3.5247373228346457
11
5.9898342913385827
21
-3.5239461417322833
0
LINE
8
BLACK
6
CONTINUOUS
10
5.9898342913385827
20
-3.5239461417322833
11
5.9876727165354326
21
-3.5217845669291337
0
LINE
8
BLACK
6
CONTINUOUS
10
5.9876727165354326
20
-3.5217845669291337
11
5.9868815354330707
21
-3.5188318110236221
0
LINE
8
BLACK
6
CONTINUOUS
10
5.9868815354330707
20
-3.5188318110236221
11
5.9868815354330707
21
-3.459776692913386
0
LINE
8
BLACK
6
CONTINUOUS
10
5.9868815354330707
20
-3.459776692913386
11
5.9876727165354326
21
-3.4568239370078739
0
LINE
8
BLACK
6
CONTINUOUS
10
5.9876727165354326
20
-3.4568239370078739
11
5.9898342913385827
21
-3.4546623622047243
0
LINE
8
BLACK
6
CONTINUOUS
10
5.9898342913385827
20
-3.4546623622047243
11
5.9927870472440947
21
-3.4538711811023619
0
LINE
8
BLACK
6
CONTINUOUS
10
5.9927870472440947
20
-3.4538711811023619
11
6.0152842519685041
21
-3.4538711811023619
0
LINE
8
BLACK
6
CONTINUOUS
10
6.0152842519685041
20
-3.4538711811023619
11
6.0165953149606297
21
-3.4542224803149604
0
LINE
8
BLACK
6
CONTINUOUS
10
5.9986925590551179
20
-3.4848048031496064
11
6.013890157480315
21
-3.4848048031496064
0
LINE
8
BLACK
6
CONTINUOUS
10
6.013890157480315
20
-3.4848048031496064
11
6.0174103149606299
21
-3.4830447244094489
0
LINE
8
BLACK
6
CONTINUOUS
10
6.0174103149606299
20
-3.4830447244094489
11
6.0188672047244092
21
-3.4815878346456692
0
LINE
8
BLACK
6
CONTINUOUS
10
6.0188672047244092
20
-3.4815878346456692
11
6.0206273228346454
21
-3.4780676377952755
0
LINE
8
BLACK
6
CONTINUOUS
10
6.0206273228346454
20
-3.4780676377952755
11
6.0206273228346454
21
-3.4724193307086613
0
LINE
8
BLACK
6
CONTINUOUS
10
6.0206273228346454
20
-3.4724193307086613
11
6.0188672440944879
21
-3.4688991732283463
0
LINE
8
BLACK
6
CONTINUOUS
10
6.0188672440944879
20
-3.4688991732283463
11
6.0174103937007875
21
-3.4674423228346454
0
LINE
8
BLACK
6
CONTINUOUS
10
6.0174103937007875
20
-3.4674423228346454
11
6.013890157480315
21
-3.4656822047244096
0
LINE
8
BLACK
6
CONTINUOUS
10
6.013890157480315
20
-3.4656822047244096
11
5.9986925590551179
21
-3.4656822047244096
0
LINE
8
BLACK
6
CONTINUOUS
10
5.9986925590551179
20
-3.4656822047244096
11
5.9986925590551179
21
-3.4848048031496064
0
LINE
8
BLACK
6
CONTINUOUS
10
6.054794921259842
20
-3.4546623622047243
11
6.056956496062992
21
-3.4568239370078739
0
LINE
8
BLACK
6
CONTINUOUS
10
6.056956496062992
20
-3.4568239370078739
11
6.057747677165354
21
-3.459776692913386
0
LINE
8
BLACK
6
CONTINUOUS
10
6.057747677165354
20
-3.459776692913386
11
6.057747677165354
21
-3.5188318110236221
0
LINE
8
BLACK
6
CONTINUOUS
10
6.057747677165354
20
-3.5188318110236221
11
6.056956496062992
21
-3.5217845669291337
0
LINE
8
BLACK
6
CONTINUOUS
10
6.056956496062992
20
-3.5217845669291337
11
6.054794921259842
21
-3.5239461417322833
0
LINE
8
BLACK
6
CONTINUOUS
10
6.054794921259842
20
-3.5239461417322833
11
6.0518421653543308
21
-3.5247373228346457
0
LINE
8
BLACK
6
CONTINUOUS
10
6.0518421653543308
20
-3.5247373228346457
11
6.0488894094488188
21
-3.5239461417322833
0
LINE
8
BLACK
6
CONTINUOUS
10
6.0488894094488188
20
-3.5239461417322833
11
6.0467278346456688
21
-3.5217845669291337
0
LINE
8
BLACK
6
CONTINUOUS
10
6.0467278346456688
20
-3.5217845669291337
11
6.0459366535433068
21
-3.5188318110236221
0
LINE
8
BLACK
6
CONTINUOUS
10
6.0459366535433068
20
-3.5188318110236221
11
6.0459366535433068
21
-3.459776692913386
0
LINE
8
BLACK
6
CONTINUOUS
10
6.0459366535433068
20
-3.459776692913386
11
6.0467278346456688
21
-3.4568239370078739
0
LINE
8
BLACK
6
CONTINUOUS
10
6.0467278346456688
20
-3.4568239370078739
11
6.0488894094488188
21
-3.4546623622047243
0
LINE
8
BLACK
6
CONTINUOUS
10
6.0488894094488188
20
-3.4546623622047243
11
6.0518421653543308
21
-3.4538711811023619
0
LINE
8
BLACK
6
CONTINUOUS
10
6.0518421653543308
20
-3.4538711811023619
11
6.054794921259842
21
-3.4546623622047243
0
LINE
8
BLACK
6
CONTINUOUS
10
6.1335350787401577
20
-3.4546623622047243
11
6.1356966535433068
21
-3.4568239370078739
0
LINE
8
BLACK
6
CONTINUOUS
10
6.1356966535433068
20
-3.4568239370078739
11
6.1364878346456688
21
-3.459776692913386
0
LINE
8
BLACK
6
CONTINUOUS
10
6.1364878346456688
20
-3.459776692913386
11
6.1364878346456688
21
-3.5129262992125985
0
LINE
8
BLACK
6
CONTINUOUS
10
6.1364878346456688
20
-3.5129262992125985
11
6.1587038188976377
21
-3.5129262992125985
0
LINE
8
BLACK
6
CONTINUOUS
10
6.1587038188976377
20
-3.5129262992125985
11
6.1616565748031498
21
-3.5137174803149605
0
LINE
8
BLACK
6
CONTINUOUS
10
6.1616565748031498
20
-3.5137174803149605
11
6.1638181496062989
21
-3.5158790551181101
0
LINE
8
BLACK
6
CONTINUOUS
10
6.1638181496062989
20
-3.5158790551181101
11
6.1646093307086609
21
-3.5188318110236221
0
LINE
8
BLACK
6
CONTINUOUS
10
6.1646093307086609
20
-3.5188318110236221
11
6.1638181496062989
21
-3.5217845669291337
0
LINE
8
BLACK
6
CONTINUOUS
10
6.1638181496062989
20
-3.5217845669291337
11
6.1616565748031498
21
-3.5239461417322833
0
LINE
8
BLACK
6
CONTINUOUS
10
6.1616565748031498
20
-3.5239461417322833
11
6.1587038188976377
21
-3.5247373228346457
0
LINE
8
BLACK
6
CONTINUOUS
10
6.1587038188976377
20
-3.5247373228346457
11
6.1305823228346457
21
-3.5247373228346457
0
LINE
8
BLACK
6
CONTINUOUS
10
6.1305823228346457
20
-3.5247373228346457
11
6.1276295669291336
21
-3.5239461417322833
0
LINE
8
BLACK
6
CONTINUOUS
10
6.1276295669291336
20
-3.5239461417322833
11
6.1254679921259845
21
-3.5217845669291337
0
LINE
8
BLACK
6
CONTINUOUS
10
6.1254679921259845
20
-3.5217845669291337
11
6.1246768110236216
21
-3.5188318110236221
0
LINE
8
BLACK
6
CONTINUOUS
10
6.1246768110236216
20
-3.5188318110236221
11
6.1246768110236216
21
-3.459776692913386
0
LINE
8
BLACK
6
CONTINUOUS
10
6.1246768110236216
20
-3.459776692913386
11
6.1254679921259845
21
-3.4568239370078739
0
LINE
8
BLACK
6
CONTINUOUS
10
6.1254679921259845
20
-3.4568239370078739
11
6.1276295669291336
21
-3.4546623622047243
0
LINE
8
BLACK
6
CONTINUOUS
10
6.1276295669291336
20
-3.4546623622047243
11
6.1305823228346457
21
-3.4538711811023619
0
LINE
8
BLACK
6
CONTINUOUS
10
6.1305823228346457
20
-3.4538711811023619
11
6.1335350787401577
21
-3.4546623622047243
0
LINE
8
BLACK
6
CONTINUOUS
10
6.1965728346456688
20
-3.4542224803149604
11
6.1979027952755903
21
-3.4544946456692913
0
LINE
8
BLACK
6
CONTINUOUS
10
6.1979027952755903
20
-3.4544946456692913
11
6.203527086614173
21
-3.457306811023622
0
LINE
8
BLACK
6
CONTINUOUS
10
6.203527086614173
20
-3.457306811023622
11
6.2042384251968503
21
-3.4579375984251968
0
LINE
8
BLACK
6
CONTINUOUS
10
6.2042384251968503
20
-3.4579375984251968
11
6.205061850393701
21
-3.4584129921259841
0
LINE
8
BLACK
6
CONTINUOUS
10
6.205061850393701
20
-3.4584129921259841
11
6.2078740157480317
21
-3.461225118110236
0
LINE
8
BLACK
6
CONTINUOUS
10
6.2078740157480317
20
-3.461225118110236
11
6.208349409448819
21
-3.4620485433070867
0
LINE
8
BLACK
6
CONTINUOUS
10
6.208349409448819
20
-3.4620485433070867
11
6.2089802755905508
21
-3.4627599606299211
0
LINE
8
BLACK
6
CONTINUOUS
10
6.2089802755905508
20
-3.4627599606299211
11
6.2117924015748027
21
-3.4683842913385825
0
LINE
8
BLACK
6
CONTINUOUS
10
6.2117924015748027
20
-3.4683842913385825
11
6.2119230708661419
21
-3.4690229921259843
0
LINE
8
BLACK
6
CONTINUOUS
10
6.2119230708661419
20
-3.4690229921259843
11
6.2122395275590554
21
-3.469592992125984
0
LINE
8
BLACK
6
CONTINUOUS
10
6.2122395275590554
20
-3.469592992125984
11
6.2150516929133861
21
-3.4808415748031494
0
LINE
8
BLACK
6
CONTINUOUS
10
6.2150516929133861
20
-3.4808415748031494
11
6.2150394094488188
21
-3.4815700787401576
0
LINE
8
BLACK
6
CONTINUOUS
10
6.2150394094488188
20
-3.4815700787401576
11
6.2152280314960633
21
-3.4822738976377954
0
LINE
8
BLACK
6
CONTINUOUS
10
6.2152280314960633
20
-3.4822738976377954
11
6.2152280314960633
21
-3.4963346456692914
0
LINE
8
BLACK
6
CONTINUOUS
10
6.2152280314960633
20
-3.4963346456692914
11
6.2150394094488188
21
-3.4970384251968505
0
LINE
8
BLACK
6
CONTINUOUS
10
6.2150394094488188
20
-3.4970384251968505
11
6.2150516929133861
21
-3.497766968503937
0
LINE
8
BLACK
6
CONTINUOUS
10
6.2150516929133861
20
-3.497766968503937
11
6.2122395275590554
21
-3.5090155511811023
0
LINE
8
BLACK
6
CONTINUOUS
10
6.2122395275590554
20
-3.5090155511811023
11
6.2119230708661419
21
-3.5095855511811025
0
LINE
8
BLACK
6
CONTINUOUS
10
6.2119230708661419
20
-3.5095855511811025
11
6.2117924015748027
21
-3.5102242125984251
0
LINE
8
BLACK
6
CONTINUOUS
10
6.2117924015748027
20
-3.5102242125984251
11
6.2089802755905508
21
-3.5158485433070865
0
LINE
8
BLACK
6
CONTINUOUS
10
6.2089802755905508
20
-3.5158485433070865
11
6.208349409448819
21
-3.5165599212598426
0
LINE
8
BLACK
6
CONTINUOUS
10
6.208349409448819
20
-3.5165599212598426
11
6.2078740551181104
21
-3.5173833464566928
0
LINE
8
BLACK
6
CONTINUOUS
10
6.2078740551181104
20
-3.5173833464566928
11
6.2050618897637797
21
-3.5201955118110235
0
LINE
8
BLACK
6
CONTINUOUS
10
6.2050618897637797
20
-3.5201955118110235
11
6.2042384645669291
21
-3.5206708661417321
0
LINE
8
BLACK
6
CONTINUOUS
10
6.2042384645669291
20
-3.5206708661417321
11
6.203527086614173
21
-3.5213017322834643
0
LINE
8
BLACK
6
CONTINUOUS
10
6.203527086614173
20
-3.5213017322834643
11
6.1979027952755903
21
-3.5241138582677163
0
LINE
8
BLACK
6
CONTINUOUS
10
6.1979027952755903
20
-3.5241138582677163
11
6.1965729133858263
21
-3.5243859842519685
0
LINE
8
BLACK
6
CONTINUOUS
10
6.1965729133858263
20
-3.5243859842519685
11
6.1952617716535432
21
-3.5247373228346457
0
LINE
8
BLACK
6
CONTINUOUS
10
6.1952617716535432
20
-3.5247373228346457
11
6.1896374803149605
21
-3.5247373228346457
0
LINE
8
BLACK
6
CONTINUOUS
10
6.1896374803149605
20
-3.5247373228346457
11
6.1883262204724412
21
-3.5243859448818897
0
LINE
8
BLACK
6
CONTINUOUS
10
6.1883262204724412
20
-3.5243859448818897
11
6.1869964960629922
21
-3.5241138582677163
0
LINE
8
BLACK
6
CONTINUOUS
10
6.1869964960629922
20
-3.5241138582677163
11
6.1813721653543308
21
-3.5213017322834643
0
LINE
8
BLACK
6
CONTINUOUS
10
6.1813721653543308
20
-3.5213017322834643
11
6.1806607480314959
21
-3.5206708661417321
0
LINE
8
BLACK
6
CONTINUOUS
10
6.1806607480314959
20
-3.5206708661417321
11
6.179837362204724
21
-3.5201955118110235
0
LINE
8
BLACK
6
CONTINUOUS
10
6.179837362204724
20
-3.5201955118110235
11
6.1770251968503933
21
-3.5173833464566928
0
LINE
8
BLACK
6
CONTINUOUS
10
6.1770251968503933
20
-3.5173833464566928
11
6.1765497637795272
21
-3.5165598818897639
0
LINE
8
BLACK
6
CONTINUOUS
10
6.1765497637795272
20
-3.5165598818897639
11
6.175918976377953
21
-3.5158485433070865
0
LINE
8
BLACK
6
CONTINUOUS
10
6.175918976377953
20
-3.5158485433070865
11
6.1731068110236222
21
-3.5102242519685039
0
LINE
8
BLACK
6
CONTINUOUS
10
6.1731068110236222
20
-3.5102242519685039
11
6.1729760629921255
21
-3.509585472440945
0
LINE
8
BLACK
6
CONTINUOUS
10
6.1729760629921255
20
-3.509585472440945
11
6.1726596850393696
21
-3.5090155118110236
0
LINE
8
BLACK
6
CONTINUOUS
10
6.1726596850393696
20
-3.5090155118110236
11
6.1698475590551176
21
-3.4977669291338582
0
LINE
8
BLACK
6
CONTINUOUS
10
6.1698475590551176
20
-3.4977669291338582
11
6.1698598031496061
21
-3.4970384645669292
0
LINE
8
BLACK
6
CONTINUOUS
10
6.1698598031496061
20
-3.4970384645669292
11
6.1696712204724404
21
-3.4963346456692914
0
LINE
8
BLACK
6
CONTINUOUS
10
6.1696712204724404
20
-3.4963346456692914
11
6.1696712204724404
21
-3.4822738976377954
0
LINE
8
BLACK
6
CONTINUOUS
10
6.1696712204724404
20
-3.4822738976377954
11
6.1698598031496061
21
-3.4815700393700788
0
LINE
8
BLACK
6
CONTINUOUS
10
6.1698598031496061
20
-3.4815700393700788
11
6.1698475590551176
21
-3.4808416141732281
0
LINE
8
BLACK
6
CONTINUOUS
10
6.1698475590551176
20
-3.4808416141732281
11
6.1726596850393696
21
-3.469592992125984
0
LINE
8
BLACK
6
CONTINUOUS
10
6.1726596850393696
20
-3.469592992125984
11
6.1729760629921255
21
-3.4690229921259843
0
LINE
8
BLACK
6
CONTINUOUS
10
6.1729760629921255
20
-3.4690229921259843
11
6.1731068110236222
21
-3.4683842519685038
0
LINE
8
BLACK
6
CONTINUOUS
10
6.1731068110236222
20
-3.4683842519685038
11
6.175918976377953
21
-3.4627599606299211
0
LINE
8
BLACK
6
CONTINUOUS
10
6.175918976377953
20
-3.4627599606299211
11
6.1765497637795272
21
-3.4620485826771654
0
LINE
8
BLACK
6
CONTINUOUS
10
6.1765497637795272
20
-3.4620485826771654
11
6.1770252362204721
21
-3.461225118110236
0
LINE
8
BLACK
6
CONTINUOUS
10
6.1770252362204721
20
-3.461225118110236
11
6.1798374015748028
21
-3.4584129921259841
0
LINE
8
BLACK
6
CONTINUOUS
10
6.1798374015748028
20
-3.4584129921259841
11
6.1806607874015747
21
-3.4579375984251968
0
LINE
8
BLACK
6
CONTINUOUS
10
6.1806607874015747
20
-3.4579375984251968
11
6.1813721653543308
21
-3.457306811023622
0
LINE
8
BLACK
6
CONTINUOUS
10
6.1813721653543308
20
-3.457306811023622
11
6.1869964173228347
21
-3.4544946456692913
0
LINE
8
BLACK
6
CONTINUOUS
10
6.1869964173228347
20
-3.4544946456692913
11
6.1883264173228341
21
-3.4542224409448816
0
LINE
8
BLACK
6
CONTINUOUS
10
6.1883264173228341
20
-3.4542224409448816
11
6.1896374803149605
21
-3.4538711811023619
0
LINE
8
BLACK
6
CONTINUOUS
10
6.1896374803149605
20
-3.4538711811023619
11
6.1952617716535432
21
-3.4538711811023619
0
LINE
8
BLACK
6
CONTINUOUS
10
6.1952617716535432
20
-3.4538711811023619
11
6.1965728346456688
21
-3.4542224803149604
0
LINE
8
BLACK
6
CONTINUOUS
10
6.1875113385826772
20
-3.4674423228346454
11
6.1860544881889759
21
-3.4688991338582675
0
LINE
8
BLACK
6
CONTINUOUS
10
6.1860544881889759
20
-3.4688991338582675
11
6.1839607480314962
21
-3.4730865354330707
0
LINE
8
BLACK
6
CONTINUOUS
10
6.1839607480314962
20
-3.4730865354330707
11
6.1814822440944877
21
-3.4830007874015747
0
LINE
8
BLACK
6
CONTINUOUS
10
6.1814822440944877
20
-3.4830007874015747
11
6.1814822440944877
21
-3.4956077165354329
0
LINE
8
BLACK
6
CONTINUOUS
10
6.1814822440944877
20
-3.4956077165354329
11
6.1839607480314962
21
-3.5055219291338582
0
LINE
8
BLACK
6
CONTINUOUS
10
6.1839607480314962
20
-3.5055219291338582
11
6.1860544881889759
21
-3.5097093307086613
0
LINE
8
BLACK
6
CONTINUOUS
10
6.1860544881889759
20
-3.5097093307086613
11
6.1875113385826772
21
-3.5111661811023622
0
LINE
8
BLACK
6
CONTINUOUS
10
6.1875113385826772
20
-3.5111661811023622
11
6.1910315748031497
21
-3.5129262992125985
0
LINE
8
BLACK
6
CONTINUOUS
10
6.1910315748031497
20
-3.5129262992125985
11
6.193867677165354
21
-3.5129262992125985
0
LINE
8
BLACK
6
CONTINUOUS
10
6.193867677165354
20
-3.5129262992125985
11
6.197387834645669
21
-3.511166220472441
0
LINE
8
BLACK
6
CONTINUOUS
10
6.197387834645669
20
-3.511166220472441
11
6.1988447244094491
21
-3.5097093307086613
0
LINE
8
BLACK
6
CONTINUOUS
10
6.1988447244094491
20
-3.5097093307086613
11
6.2009383858267713
21
-3.5055220078740157
0
LINE
8
BLACK
6
CONTINUOUS
10
6.2009383858267713
20
-3.5055220078740157
11
6.2034170078740152
21
-3.4956076771653541
0
LINE
8
BLACK
6
CONTINUOUS
10
6.2034170078740152
20
-3.4956076771653541
11
6.2034170078740152
21
-3.4830008267716535
0
LINE
8
BLACK
6
CONTINUOUS
10
6.2034170078740152
20
-3.4830008267716535
11
6.2009383858267713
21
-3.4730864960629919
0
LINE
8
BLACK
6
CONTINUOUS
10
6.2009383858267713
20
-3.4730864960629919
11
6.198844763779527
21
-3.4688991732283463
0
LINE
8
BLACK
6
CONTINUOUS
10
6.198844763779527
20
-3.4688991732283463
11
6.1973879133858265
21
-3.4674423228346454
0
LINE
8
BLACK
6
CONTINUOUS
10
6.1973879133858265
20
-3.4674423228346454
11
6.193867677165354
21
-3.4656822047244096
0
LINE
8
BLACK
6
CONTINUOUS
10
6.193867677165354
20
-3.4656822047244096
11
6.1910315748031497
21
-3.4656822047244096
0
LINE
8
BLACK
6
CONTINUOUS
10
6.1910315748031497
20
-3.4656822047244096
11
6.1875113385826772
21
-3.4674423228346454
0
LINE
8
BLACK
6
CONTINUOUS
10
6.2488810629921261
20
-3.4539216929133856
11
6.2490726377952752
21
-3.4538833858267717
0
LINE
8
BLACK
6
CONTINUOUS
10
6.2490726377952752
20
-3.4538833858267717
11
6.2503467716535432
21
-3.454314409448819
0
LINE
8
BLACK
6
CONTINUOUS
10
6.2503467716535432
20
-3.454314409448819
11
6.2516453149606299
21
-3.4546623622047243
0
LINE
8
BLACK
6
CONTINUOUS
10
6.2516453149606299
20
-3.4546623622047243
11
6.2517833464566932
21
-3.4548003937007872
0
LINE
8
BLACK
6
CONTINUOUS
10
6.2517833464566932
20
-3.4548003937007872
11
6.2519683464566924
21
-3.4548629921259844
0
LINE
8
BLACK
6
CONTINUOUS
10
6.2519683464566924
20
-3.4548629921259844
11
6.2528562204724407
21
-3.4558732677165351
0
LINE
8
BLACK
6
CONTINUOUS
10
6.2528562204724407
20
-3.4558732677165351
11
6.2538068897637791
21
-3.4568239370078739
0
LINE
8
BLACK
6
CONTINUOUS
10
6.2538068897637791
20
-3.4568239370078739
11
6.2538574015748027
21
-3.4570124409448817
0
LINE
8
BLACK
6
CONTINUOUS
10
6.2538574015748027
20
-3.4570124409448817
11
6.2539863385826768
21
-3.4571591732283462
0
LINE
8
BLACK
6
CONTINUOUS
10
6.2539863385826768
20
-3.4571591732283462
11
6.2542500787401574
21
-3.458478031496063
0
LINE
8
BLACK
6
CONTINUOUS
10
6.2542500787401574
20
-3.458478031496063
11
6.2545980708661419
21
-3.459776692913386
0
LINE
8
BLACK
6
CONTINUOUS
10
6.2545980708661419
20
-3.459776692913386
11
6.2545980708661419
21
-3.5129262992125985
0
LINE
8
BLACK
6
CONTINUOUS
10
6.2545980708661419
20
-3.5129262992125985
11
6.2655654724409446
21
-3.5129262992125985
0
LINE
8
BLACK
6
CONTINUOUS
10
6.2655654724409446
20
-3.5129262992125985
11
6.2685182283464567
21
-3.5137174803149605
0
LINE
8
BLACK
6
CONTINUOUS
10
6.2685182283464567
20
-3.5137174803149605
11
6.2706798031496058
21
-3.5158790551181101
0
LINE
8
BLACK
6
CONTINUOUS
10
6.2706798031496058
20
-3.5158790551181101
11
6.2714709842519687
21
-3.5188318110236221
0
LINE
8
BLACK
6
CONTINUOUS
10
6.2714709842519687
20
-3.5188318110236221
11
6.2706798031496058
21
-3.5217845669291337
0
LINE
8
BLACK
6
CONTINUOUS
10
6.2706798031496058
20
-3.5217845669291337
11
6.2685182283464567
21
-3.5239461417322833
0
LINE
8
BLACK
6
CONTINUOUS
10
6.2685182283464567
20
-3.5239461417322833
11
6.2655654724409446
21
-3.5247373228346457
0
LINE
8
BLACK
6
CONTINUOUS
10
6.2655654724409446
20
-3.5247373228346457
11
6.2486925590551179
21
-3.5247373228346457
0
LINE
8
BLACK
6
CONTINUOUS
10
6.2486925590551179
20
-3.5247373228346457
11
6.2318196850393699
21
-3.5247373228346457
0
LINE
8
BLACK
6
CONTINUOUS
10
6.2318196850393699
20
-3.5247373228346457
11
6.2288669291338579
21
-3.5239461417322833
0
LINE
8
BLACK
6
CONTINUOUS
10
6.2288669291338579
20
-3.5239461417322833
11
6.2267053543307087
21
-3.5217845669291337
0
LINE
8
BLACK
6
CONTINUOUS
10
6.2267053543307087
20
-3.5217845669291337
11
6.2259141732283467
21
-3.5188318110236221
0
LINE
8
BLACK
6
CONTINUOUS
10
6.2259141732283467
20
-3.5188318110236221
11
6.2267053543307087
21
-3.5158790551181101
0
LINE
8
BLACK
6
CONTINUOUS
10
6.2267053543307087
20
-3.5158790551181101
11
6.2288669291338579
21
-3.5137174803149605
0
LINE
8
BLACK
6
CONTINUOUS
10
6.2288669291338579
20
-3.5137174803149605
11
6.2318196850393699
21
-3.5129262992125985
0
LINE
8
BLACK
6
CONTINUOUS
10
6.2318196850393699
20
-3.5129262992125985
11
6.2427870472440947
21
-3.5129262992125985
0
LINE
8
BLACK
6
CONTINUOUS
10
6.2427870472440947
20
-3.5129262992125985
11
6.2427870472440947
21
-3.4768460236220471
0
LINE
8
BLACK
6
CONTINUOUS
10
6.2427870472440947
20
-3.4768460236220471
11
6.2416198031496064
21
-3.4780132677165354
0
LINE
8
BLACK
6
CONTINUOUS
10
6.2416198031496064
20
-3.4780132677165354
11
6.240796338582677
21
-3.4784886614173227
0
LINE
8
BLACK
6
CONTINUOUS
10
6.240796338582677
20
-3.4784886614173227
11
6.2400849999999997
21
-3.4791194881889762
0
LINE
8
BLACK
6
CONTINUOUS
10
6.2400849999999997
20
-3.4791194881889762
11
6.234460708661417
21
-3.4819316535433069
0
LINE
8
BLACK
6
CONTINUOUS
10
6.234460708661417
20
-3.4819316535433069
11
6.2314658661417317
21
-3.482544527559055
0
LINE
8
BLACK
6
CONTINUOUS
10
6.2314658661417317
20
-3.482544527559055
11
6.2285658267716535
21
-3.4815778346456692
0
LINE
8
BLACK
6
CONTINUOUS
10
6.2285658267716535
20
-3.4815778346456692
11
6.2265376377952757
21
-3.4792906299212598
0
LINE
8
BLACK
6
CONTINUOUS
10
6.2265376377952757
20
-3.4792906299212598
11
6.2259247637795276
21
-3.4762957874015745
0
LINE
8
BLACK
6
CONTINUOUS
10
6.2259247637795276
20
-3.4762957874015745
11
6.226891456692913
21
-3.4733957480314959
0
LINE
8
BLACK
6
CONTINUOUS
10
6.226891456692913
20
-3.4733957480314959
11
6.2291786614173228
21
-3.4713675590551181
0
LINE
8
BLACK
6
CONTINUOUS
10
6.2291786614173228
20
-3.4713675590551181
11
6.2339457874015745
21
-3.4689839370078741
0
LINE
8
BLACK
6
CONTINUOUS
10
6.2339457874015745
20
-3.4689839370078741
11
6.238478897637795
21
-3.4644508267716536
0
LINE
8
BLACK
6
CONTINUOUS
10
6.238478897637795
20
-3.4644508267716536
11
6.243778897637795
21
-3.456500905511811
0
LINE
8
BLACK
6
CONTINUOUS
10
6.243778897637795
20
-3.456500905511811
11
6.2447888582677162
21
-3.4556132677165352
0
LINE
8
BLACK
6
CONTINUOUS
10
6.2447888582677162
20
-3.4556132677165352
11
6.2457398031496059
21
-3.4546623622047243
0
LINE
8
BLACK
6
CONTINUOUS
10
6.2457398031496059
20
-3.4546623622047243
11
6.2459283858267716
21
-3.4546118110236219
0
LINE
8
BLACK
6
CONTINUOUS
10
6.2459283858267716
20
-3.4546118110236219
11
6.2460750787401578
21
-3.4544829133858266
0
LINE
8
BLACK
6
CONTINUOUS
10
6.2460750787401578
20
-3.4544829133858266
11
6.2473940157480312
21
-3.454219094488189
0
LINE
8
BLACK
6
CONTINUOUS
10
6.2473940157480312
20
-3.454219094488189
11
6.2486925590551179
21
-3.4538711811023619
0
LINE
8
BLACK
6
CONTINUOUS
10
6.2486925590551179
20
-3.4538711811023619
11
6.2488810629921261
21
-3.4539216929133856
0
LINE
8
BLACK
6
CONTINUOUS
10
6.0927192125984249
20
-3.4541525590551179
11
6.0930797637795271
21
-3.4541742125984252
0
LINE
8
BLACK
6
CONTINUOUS
10
6.0930797637795271
20
-3.4541742125984252
11
6.0940696850393703
21
-3.4548277952755906
0
LINE
8
BLACK
6
CONTINUOUS
10
6.0940696850393703
20
-3.4548277952755906
11
6.0951304330708664
21
-3.455358188976378
0
LINE
8
BLACK
6
CONTINUOUS
10
6.0951304330708664
20
-3.455358188976378
11
6.0953293700787397
21
-3.4556594881889762
0
LINE
8
BLACK
6
CONTINUOUS
10
6.0953293700787397
20
-3.4556594881889762
11
6.0956308267716537
21
-3.4558585433070865
0
LINE
8
BLACK
6
CONTINUOUS
10
6.0956308267716537
20
-3.4558585433070865
11
6.0961613385826769
21
-3.4569196062992127
0
LINE
8
BLACK
6
CONTINUOUS
10
6.0961613385826769
20
-3.4569196062992127
11
6.096814724409449
21
-3.457909212598425
0
LINE
8
BLACK
6
CONTINUOUS
10
6.096814724409449
20
-3.457909212598425
11
6.1164998031496065
21
-3.5169643307086615
0
LINE
8
BLACK
6
CONTINUOUS
10
6.1164998031496065
20
-3.5169643307086615
11
6.1166829527559052
21
-3.5200157480314962
0
LINE
8
BLACK
6
CONTINUOUS
10
6.1166829527559052
20
-3.5200157480314962
11
6.1153158661417324
21
-3.5227499606299211
0
LINE
8
BLACK
6
CONTINUOUS
10
6.1153158661417324
20
-3.5227499606299211
11
6.1127648031496058
21
-3.5244342913385824
0
LINE
8
BLACK
6
CONTINUOUS
10
6.1127648031496058
20
-3.5244342913385824
11
6.1097133858267716
21
-3.5246174409448816
0
LINE
8
BLACK
6
CONTINUOUS
10
6.1097133858267716
20
-3.5246174409448816
11
6.1069791732283463
21
-3.5232503543307088
0
LINE
8
BLACK
6
CONTINUOUS
10
6.1069791732283463
20
-3.5232503543307088
11
6.1052948818897637
21
-3.5206992913385826
0
LINE
8
BLACK
6
CONTINUOUS
10
6.1052948818897637
20
-3.5206992913385826
11
6.1010166141732283
21
-3.5078644488188977
0
LINE
8
BLACK
6
CONTINUOUS
10
6.1010166141732283
20
-3.5078644488188977
11
6.0814079921259845
21
-3.5078644488188977
0
LINE
8
BLACK
6
CONTINUOUS
10
6.0814079921259845
20
-3.5078644488188977
11
6.0771296850393703
21
-3.5206992913385826
0
LINE
8
BLACK
6
CONTINUOUS
10
6.0771296850393703
20
-3.5206992913385826
11
6.0754453937007868
21
-3.52325031496063
0
LINE
8
BLACK
6
CONTINUOUS
10
6.0754453937007868
20
-3.52325031496063
11
6.0727111811023624
21
-3.5246174409448816
0
LINE
8
BLACK
6
CONTINUOUS
10
6.0727111811023624
20
-3.5246174409448816
11
6.0696597637795273
21
-3.5244342519685037
0
LINE
8
BLACK
6
CONTINUOUS
10
6.0696597637795273
20
-3.5244342519685037
11
6.0671087401574804
21
-3.5227499606299211
0
LINE
8
BLACK
6
CONTINUOUS
10
6.0671087401574804
20
-3.5227499606299211
11
6.0657416141732279
21
-3.5200157480314962
0
LINE
8
BLACK
6
CONTINUOUS
10
6.0657416141732279
20
-3.5200157480314962
11
6.0659248031496062
21
-3.5169643307086615
0
LINE
8
BLACK
6
CONTINUOUS
10
6.0659248031496062
20
-3.5169643307086615
11
6.085609842519685
21
-3.457909212598425
0
LINE
8
BLACK
6
CONTINUOUS
10
6.085609842519685
20
-3.457909212598425
11
6.0862633070866137
21
-3.4569194094488189
0
LINE
8
BLACK
6
CONTINUOUS
10
6.0862633070866137
20
-3.4569194094488189
11
6.0867937795275591
21
-3.4558585433070865
0
LINE
8
BLACK
6
CONTINUOUS
10
6.0867937795275591
20
-3.4558585433070865
11
6.0870950787401572
21
-3.4556595669291337
0
LINE
8
BLACK
6
CONTINUOUS
10
6.0870950787401572
20
-3.4556595669291337
11
6.0872941338582676
21
-3.4553581496062993
0
LINE
8
BLACK
6
CONTINUOUS
10
6.0872941338582676
20
-3.4553581496062993
11
6.0883551968503937
21
-3.4548275984251968
0
LINE
8
BLACK
6
CONTINUOUS
10
6.0883551968503937
20
-3.4548275984251968
11
6.089344803149606
21
-3.4541742519685039
0
LINE
8
BLACK
6
CONTINUOUS
10
6.089344803149606
20
-3.4541742519685039
11
6.089705236220472
21
-3.4541525984251966
0
LINE
8
BLACK
6
CONTINUOUS
10
6.089705236220472
20
-3.4541525984251966
11
6.0900283464566929
21
-3.453991062992126
0
LINE
8
BLACK
6
CONTINUOUS
10
6.0900283464566929
20
-3.453991062992126
11
6.0912124015748033
21
-3.4540621259842519
0
LINE
8
BLACK
6
CONTINUOUS
10
6.0912124015748033
20
-3.4540621259842519
11
6.0923962204724411
21
-3.453991062992126
0
LINE
8
BLACK
6
CONTINUOUS
10
6.0923962204724411
20
-3.453991062992126
11
6.0927192125984249
21
-3.4541525590551179
0
LINE
8
BLACK
6
CONTINUOUS
10
6.0853450000000002
20
-3.4960534251968505
11
6.0970796062992125
21
-3.4960534251968505
0
LINE
8
BLACK
6
CONTINUOUS
10
6.0970796062992125
20
-3.4960534251968505
11
6.091212283464567
21
-3.478451535433071
0
LINE
8
BLACK
6
CONTINUOUS
10
6.091212283464567
20
-3.478451535433071
11
6.0853450000000002
21
-3.4960534251968505
0
LINE
8
BLACK
6
CONTINUOUS
10
6.3036303149606301
20
-3.4541525590551179
11
6.3039908661417323
21
-3.4541742125984252
0
LINE
8
BLACK
6
CONTINUOUS
10
6.3039908661417323
20
-3.4541742125984252
11
6.3049807874015746
21
-3.4548277952755906
0
LINE
8
BLACK
6
CONTINUOUS
10
6.3049807874015746
20
-3.4548277952755906
11
6.3060415354330708
21
-3.455358188976378
0
LINE
8
BLACK
6
CONTINUOUS
10
6.3060415354330708
20
-3.455358188976378
11
6.3062404724409449
21
-3.4556594881889762
0
LINE
8
BLACK
6
CONTINUOUS
10
6.3062404724409449
20
-3.4556594881889762
11
6.306541929133858
21
-3.4558585433070865
0
LINE
8
BLACK
6
CONTINUOUS
10
6.306541929133858
20
-3.4558585433070865
11
6.3070724409448822
21
-3.4569196062992127
0
LINE
8
BLACK
6
CONTINUOUS
10
6.3070724409448822
20
-3.4569196062992127
11
6.3077258267716534
21
-3.457909212598425
0
LINE
8
BLACK
6
CONTINUOUS
10
6.3077258267716534
20
-3.457909212598425
11
6.3274109055118108
21
-3.5169643307086615
0
LINE
8
BLACK
6
CONTINUOUS
10
6.3274109055118108
20
-3.5169643307086615
11
6.3275940551181105
21
-3.5200157480314962
0
LINE
8
BLACK
6
CONTINUOUS
10
6.3275940551181105
20
-3.5200157480314962
11
6.3262269685039367
21
-3.5227499606299211
0
LINE
8
BLACK
6
CONTINUOUS
10
6.3262269685039367
20
-3.5227499606299211
11
6.323675905511811
21
-3.5244342913385824
0
LINE
8
BLACK
6
CONTINUOUS
10
6.323675905511811
20
-3.5244342913385824
11
6.3206244881889759
21
-3.5246174409448816
0
LINE
8
BLACK
6
CONTINUOUS
10
6.3206244881889759
20
-3.5246174409448816
11
6.3178902755905506
21
-3.5232503543307088
0
LINE
8
BLACK
6
CONTINUOUS
10
6.3178902755905506
20
-3.5232503543307088
11
6.316205984251968
21
-3.5206992913385826
0
LINE
8
BLACK
6
CONTINUOUS
10
6.316205984251968
20
-3.5206992913385826
11
6.3119277165354326
21
-3.5078644488188977
0
LINE
8
BLACK
6
CONTINUOUS
10
6.3119277165354326
20
-3.5078644488188977
11
6.2923190944881888
21
-3.5078644488188977
0
LINE
8
BLACK
6
CONTINUOUS
10
6.2923190944881888
20
-3.5078644488188977
11
6.2880407874015747
21
-3.5206992913385826
0
LINE
8
BLACK
6
CONTINUOUS
10
6.2880407874015747
20
-3.5206992913385826
11
6.2863564960629921
21
-3.52325031496063
0
LINE
8
BLACK
6
CONTINUOUS
10
6.2863564960629921
20
-3.52325031496063
11
6.2836222834645667
21
-3.5246174409448816
0
LINE
8
BLACK
6
CONTINUOUS
10
6.2836222834645667
20
-3.5246174409448816
11
6.2805708661417325
21
-3.5244342519685037
0
LINE
8
BLACK
6
CONTINUOUS
10
6.2805708661417325
20
-3.5244342519685037
11
6.2780198425196847
21
-3.5227499606299211
0
LINE
8
BLACK
6
CONTINUOUS
10
6.2780198425196847
20
-3.5227499606299211
11
6.2766527165354331
21
-3.5200157480314962
0
LINE
8
BLACK
6
CONTINUOUS
10
6.2766527165354331
20
-3.5200157480314962
11
6.2768359055118106
21
-3.5169643307086615
0
LINE
8
BLACK
6
CONTINUOUS
10
6.2768359055118106
20
-3.5169643307086615
11
6.2965209448818893
21
-3.457909212598425
0
LINE
8
BLACK
6
CONTINUOUS
10
6.2965209448818893
20
-3.457909212598425
11
6.2971744094488189
21
-3.4569194094488189
0
LINE
8
BLACK
6
CONTINUOUS
10
6.2971744094488189
20
-3.4569194094488189
11
6.2977048818897634
21
-3.4558585433070865
0
LINE
8
BLACK
6
CONTINUOUS
10
6.2977048818897634
20
-3.4558585433070865
11
6.2980061811023624
21
-3.4556595669291337
0
LINE
8
BLACK
6
CONTINUOUS
10
6.2980061811023624
20
-3.4556595669291337
11
6.2982052362204719
21
-3.4553581496062993
0
LINE
8
BLACK
6
CONTINUOUS
10
6.2982052362204719
20
-3.4553581496062993
11
6.2992662992125981
21
-3.4548275984251968
0
LINE
8
BLACK
6
CONTINUOUS
10
6.2992662992125981
20
-3.4548275984251968
11
6.3002559055118112
21
-3.4541742519685039
0
LINE
8
BLACK
6
CONTINUOUS
10
6.3002559055118112
20
-3.4541742519685039
11
6.3006163385826772
21
-3.4541525984251966
0
LINE
8
BLACK
6
CONTINUOUS
10
6.3006163385826772
20
-3.4541525984251966
11
6.3009394488188972
21
-3.453991062992126
0
LINE
8
BLACK
6
CONTINUOUS
10
6.3009394488188972
20
-3.453991062992126
11
6.3021235039370076
21
-3.4540621259842519
0
LINE
8
BLACK
6
CONTINUOUS
10
6.3021235039370076
20
-3.4540621259842519
11
6.3033073228346455
21
-3.453991062992126
0
LINE
8
BLACK
6
CONTINUOUS
10
6.3033073228346455
20
-3.453991062992126
11
6.3036303149606301
21
-3.4541525590551179
0
LINE
8
BLACK
6
CONTINUOUS
10
6.2962561023622046
20
-3.4960534251968505
11
6.3079907086614169
21
-3.4960534251968505
0
LINE
8
BLACK
6
CONTINUOUS
10
6.3079907086614169
20
-3.4960534251968505
11
6.3021233858267713
21
-3.478451535433071
0
LINE
8
BLACK
6
CONTINUOUS
10
6.3021233858267713
20
-3.478451535433071
11
6.2962561023622046
21
-3.4960534251968505
0
LINE
8
BLACK
6
CONTINUOUS
10
6.4718325590551178
20
-3.4544020078740156
11
6.4729514173228342
21
-3.455047992125984
0
LINE
8
BLACK
6
CONTINUOUS
10
6.4729514173228342
20
-3.455047992125984
11
6.4729514566929129
21
-3.4550480314960628
0
LINE
8
BLACK
6
CONTINUOUS
10
6.4729514566929129
20
-3.4550480314960628
11
6.4757635433070861
21
-3.4578601574803147
0
LINE
8
BLACK
6
CONTINUOUS
10
6.4757635433070861
20
-3.4578601574803147
11
6.4761522440944876
21
-3.4585334251968503
0
LINE
8
BLACK
6
CONTINUOUS
10
6.4761522440944876
20
-3.4585334251968503
11
6.4767020472440944
21
-3.4590832283464565
0
LINE
8
BLACK
6
CONTINUOUS
10
6.4767020472440944
20
-3.4590832283464565
11
6.4769032677165352
21
-3.4598341732283462
0
LINE
8
BLACK
6
CONTINUOUS
10
6.4769032677165352
20
-3.4598341732283462
11
6.4772920078740155
21
-3.4605075196850392
0
LINE
8
BLACK
6
CONTINUOUS
10
6.4772920078740155
20
-3.4605075196850392
11
6.4772920078740155
21
-3.460507559055118
0
LINE
8
BLACK
6
CONTINUOUS
10
6.4772920078740155
20
-3.460507559055118
11
6.4772920078740155
21
-3.4612849999999997
0
LINE
8
BLACK
6
CONTINUOUS
10
6.4772920078740155
20
-3.4612849999999997
11
6.4774932283464564
21
-3.4620359842519686
0
LINE
8
BLACK
6
CONTINUOUS
10
6.4774932283464564
20
-3.4620359842519686
11
6.4772920078740155
21
-3.4627869291338582
0
LINE
8
BLACK
6
CONTINUOUS
10
6.4772920078740155
20
-3.4627869291338582
11
6.4772920078740155
21
-3.4635644881889762
0
LINE
8
BLACK
6
CONTINUOUS
10
6.4772920078740155
20
-3.4635644881889762
11
6.4769032283464565
21
-3.4642377952755905
0
LINE
8
BLACK
6
CONTINUOUS
10
6.4769032283464565
20
-3.4642377952755905
11
6.4767020472440944
21
-3.4649887401574802
0
LINE
8
BLACK
6
CONTINUOUS
10
6.4767020472440944
20
-3.4649887401574802
11
6.4761522440944876
21
-3.4655385039370077
0
LINE
8
BLACK
6
CONTINUOUS
10
6.4761522440944876
20
-3.4655385039370077
11
6.4757635433070861
21
-3.466211811023622
0
LINE
8
BLACK
6
CONTINUOUS
10
6.4757635433070861
20
-3.466211811023622
11
6.4729514173228342
21
-3.4690239370078739
0
LINE
8
BLACK
6
CONTINUOUS
10
6.4729514173228342
20
-3.4690239370078739
11
6.4729513385826767
21
-3.4690239763779527
0
LINE
8
BLACK
6
CONTINUOUS
10
6.4729513385826767
20
-3.4690239763779527
11
6.4703040944881884
21
-3.4705524015748033
0
LINE
8
BLACK
6
CONTINUOUS
10
6.4703040944881884
20
-3.4705524015748033
11
6.4672471653543306
21
-3.4705524015748033
0
LINE
8
BLACK
6
CONTINUOUS
10
6.4672471653543306
20
-3.4705524015748033
11
6.4672471259842519
21
-3.4705524015748033
0
LINE
8
BLACK
6
CONTINUOUS
10
6.4672471259842519
20
-3.4705524015748033
11
6.4657187007874013
21
-3.4696699212598423
0
LINE
8
BLACK
6
CONTINUOUS
10
6.4657187007874013
20
-3.4696699212598423
11
6.4645998031496061
21
-3.4690239763779527
0
LINE
8
BLACK
6
CONTINUOUS
10
6.4645998031496061
20
-3.4690239763779527
11
6.4617876377952754
21
-3.4662118503937007
0
LINE
8
BLACK
6
CONTINUOUS
10
6.4617876377952754
20
-3.4662118503937007
11
6.4617875590551179
21
-3.4662117716535432
0
LINE
8
BLACK
6
CONTINUOUS
10
6.4617875590551179
20
-3.4662117716535432
11
6.4613988582677164
21
-3.4655385039370077
0
LINE
8
BLACK
6
CONTINUOUS
10
6.4613988582677164
20
-3.4655385039370077
11
6.4608490944881884
21
-3.4649887401574802
0
LINE
8
BLACK
6
CONTINUOUS
10
6.4608490944881884
20
-3.4649887401574802
11
6.4606478740157476
21
-3.4642377952755905
0
LINE
8
BLACK
6
CONTINUOUS
10
6.4606478740157476
20
-3.4642377952755905
11
6.4602591338582673
21
-3.4635644881889762
0
LINE
8
BLACK
6
CONTINUOUS
10
6.4602591338582673
20
-3.4635644881889762
11
6.4602591338582673
21
-3.4627869291338582
0
LINE
8
BLACK
6
CONTINUOUS
10
6.4602591338582673
20
-3.4627869291338582
11
6.4600579133858265
21
-3.4620359842519686
0
LINE
8
BLACK
6
CONTINUOUS
10
6.4600579133858265
20
-3.4620359842519686
11
6.4602591338582673
21
-3.4612849999999997
0
LINE
8
BLACK
6
CONTINUOUS
10
6.4602591338582673
20
-3.4612849999999997
11
6.4602591338582673
21
-3.460507559055118
0
LINE
8
BLACK
6
CONTINUOUS
10
6.4602591338582673
20
-3.460507559055118
11
6.4602591338582673
21
-3.4605075196850392
0
LINE
8
BLACK
6
CONTINUOUS
10
6.4602591338582673
20
-3.4605075196850392
11
6.4606478346456688
21
-3.4598341732283462
0
LINE
8
BLACK
6
CONTINUOUS
10
6.4606478346456688
20
-3.4598341732283462
11
6.4608490944881884
21
-3.4590832283464565
0
LINE
8
BLACK
6
CONTINUOUS
10
6.4608490944881884
20
-3.4590832283464565
11
6.4613988582677164
21
-3.4585334251968503
0
LINE
8
BLACK
6
CONTINUOUS
10
6.4613988582677164
20
-3.4585334251968503
11
6.4617875984251967
21
-3.4578601574803147
0
LINE
8
BLACK
6
CONTINUOUS
10
6.4617875984251967
20
-3.4578601574803147
11
6.4645997637795274
21
-3.455047992125984
0
LINE
8
BLACK
6
CONTINUOUS
10
6.4645997637795274
20
-3.455047992125984
11
6.4645997637795274
21
-3.4550479527559053
0
LINE
8
BLACK
6
CONTINUOUS
10
6.4645997637795274
20
-3.4550479527559053
11
6.4645998031496061
21
-3.4550479527559053
0
LINE
8
BLACK
6
CONTINUOUS
10
6.4645998031496061
20
-3.4550479527559053
11
6.4657187007874013
21
-3.4544019685039369
0
LINE
8
BLACK
6
CONTINUOUS
10
6.4657187007874013
20
-3.4544019685039369
11
6.4672471259842519
21
-3.4535195275590551
0
LINE
8
BLACK
6
CONTINUOUS
10
6.4672471259842519
20
-3.4535195275590551
11
6.4703040551181097
21
-3.4535195275590551
0
LINE
8
BLACK
6
CONTINUOUS
10
6.4703040551181097
20
-3.4535195275590551
11
6.4703040944881884
21
-3.4535195275590551
0
LINE
8
BLACK
6
CONTINUOUS
10
6.4703040944881884
20
-3.4535195275590551
11
6.4718325590551178
21
-3.4544020078740156
0
CIRCLE
8
BLACK
10
5.8304724409448818
20
-3.3589370078740157
40
0.0068897637795276
0
CIRCLE
8
BLACK
10
6.2241732283464568
20
-4.5400393700787403
40
0.0068897637795276
0
CIRCLE
8
BLACK
10
5.4367716535433068
20
-4.5400393700787403
40
0.0068897637795276
0
CIRCLE
8
BLACK
10
6.2241732283464568
20
-3.3589370078740157
40
0.0068897637795276
0
CIRCLE
8
BLACK
10
5.8304724409448818
20
-4.5400393700787403
40
0.0068897637795276
0
CIRCLE
8
BLACK
10
5.4367716535433068
20
-3.3589370078740157
40
0.0068897637795276
0
CIRCLE
8
BLACK
10
5.6012283464566925
20
-4.0632677165354334
40
0.0068897637795276
0
CIRCLE
8
BLACK
10
5.6012283464566925
20
-3.8357086614173226
40
0.0068897637795276
0
LINE
8
BLACK
6
CONTINUOUS
10
5.4742647637795274
20
-4.107957007874016
11
5.4783122047244097
21
-4.1095249999999997
0
LINE
8
BLACK
6
CONTINUOUS
10
5.4783122047244097
20
-4.1095249999999997
11
5.4815198818897635
21
-4.1124492125984249
0
LINE
8
BLACK
6
CONTINUOUS
10
5.4815198818897635
20
-4.1124492125984249
11
5.4834546456692914
21
-4.1163346850393703
0
LINE
8
BLACK
6
CONTINUOUS
10
5.4834546456692914
20
-4.1163346850393703
11
5.4838551181102364
21
-4.1206567322834644
0
LINE
8
BLACK
6
CONTINUOUS
10
5.4838551181102364
20
-4.1206567322834644
11
5.4826672834645667
21
-4.1248315748031494
0
LINE
8
BLACK
6
CONTINUOUS
10
5.4826672834645667
20
-4.1248315748031494
11
5.4800515354330708
21
-4.1282953937007871
0
LINE
8
BLACK
6
CONTINUOUS
10
5.4800515354330708
20
-4.1282953937007871
11
5.4763611023622047
21
-4.1305803937007877
0
LINE
8
BLACK
6
CONTINUOUS
10
5.4763611023622047
20
-4.1305803937007877
11
5.4720944881889766
21
-4.1313779527559058
0
LINE
8
BLACK
6
CONTINUOUS
10
5.4720944881889766
20
-4.1313779527559058
11
5.4405984251968507
21
-4.1313779527559058
0
LINE
8
BLACK
6
CONTINUOUS
10
5.4405984251968507
20
-4.1313779527559058
11
5.4384281496062989
21
-4.1311768503937003
0
LINE
8
BLACK
6
CONTINUOUS
10
5.4384281496062989
20
-4.1311768503937003
11
5.4343807086614175
21
-4.1296088582677166
0
LINE
8
BLACK
6
CONTINUOUS
10
5.4343807086614175
20
-4.1296088582677166
11
5.4311730314960629
21
-4.1266846456692914
0
LINE
8
BLACK
6
CONTINUOUS
10
5.4311730314960629
20
-4.1266846456692914
11
5.4292382677165349
21
-4.122799173228346
0
LINE
8
BLACK
6
CONTINUOUS
10
5.4292382677165349
20
-4.122799173228346
11
5.4288377952755908
21
-4.1184771259842519
0
LINE
8
BLACK
6
CONTINUOUS
10
5.4288377952755908
20
-4.1184771259842519
11
5.4300256299212597
21
-4.1143022834645668
0
LINE
8
BLACK
6
CONTINUOUS
10
5.4300256299212597
20
-4.1143022834645668
11
5.4326413779527556
21
-4.1108384645669291
0
LINE
8
BLACK
6
CONTINUOUS
10
5.4326413779527556
20
-4.1108384645669291
11
5.4363318110236216
21
-4.1085534645669286
0
LINE
8
BLACK
6
CONTINUOUS
10
5.4363318110236216
20
-4.1085534645669286
11
5.4405984251968507
21
-4.1077559055118114
0
LINE
8
BLACK
6
CONTINUOUS
10
5.4405984251968507
20
-4.1077559055118114
11
5.4720944881889766
21
-4.1077559055118114
0
LINE
8
BLACK
6
CONTINUOUS
10
5.4720944881889766
20
-4.1077559055118114
11
5.4742647637795274
21
-4.107957007874016
0
LINE
8
BLACK
6
CONTINUOUS
10
5.4742647637795274
20
-3.7677995275590552
11
5.4783122047244097
21
-3.7693675196850394
0
LINE
8
BLACK
6
CONTINUOUS
10
5.4783122047244097
20
-3.7693675196850394
11
5.4815198818897635
21
-3.7722917322834646
0
LINE
8
BLACK
6
CONTINUOUS
10
5.4815198818897635
20
-3.7722917322834646
11
5.4834546456692914
21
-3.7761772047244095
0
LINE
8
BLACK
6
CONTINUOUS
10
5.4834546456692914
20
-3.7761772047244095
11
5.4838551181102364
21
-3.7804992519685037
0
LINE
8
BLACK
6
CONTINUOUS
10
5.4838551181102364
20
-3.7804992519685037
11
5.4826672834645667
21
-3.7846740944881887
0
LINE
8
BLACK
6
CONTINUOUS
10
5.4826672834645667
20
-3.7846740944881887
11
5.4800515354330708
21
-3.7881379133858268
0
LINE
8
BLACK
6
CONTINUOUS
10
5.4800515354330708
20
-3.7881379133858268
11
5.4763611023622047
21
-3.7904229133858265
0
LINE
8
BLACK
6
CONTINUOUS
10
5.4763611023622047
20
-3.7904229133858265
11
5.4720944881889766
21
-3.7912204724409446
0
LINE
8
BLACK
6
CONTINUOUS
10
5.4720944881889766
20
-3.7912204724409446
11
5.4405984251968507
21
-3.7912204724409446
0
LINE
8
BLACK
6
CONTINUOUS
10
5.4405984251968507
20
-3.7912204724409446
11
5.4384281496062989
21
-3.79101937007874
0
LINE
8
BLACK
6
CONTINUOUS
10
5.4384281496062989
20
-3.79101937007874
11
5.4343807086614175
21
-3.7894513779527559
0
LINE
8
BLACK
6
CONTINUOUS
10
5.4343807086614175
20
-3.7894513779527559
11
5.4311730314960629
21
-3.7865271653543306
0
LINE
8
BLACK
6
CONTINUOUS
10
5.4311730314960629
20
-3.7865271653543306
11
5.4292382677165349
21
-3.7826416929133857
0
LINE
8
BLACK
6
CONTINUOUS
10
5.4292382677165349
20
-3.7826416929133857
11
5.4288377952755908
21
-3.7783196456692911
0
LINE
8
BLACK
6
CONTINUOUS
10
5.4288377952755908
20
-3.7783196456692911
11
5.4300256299212597
21
-3.7741448031496061
0
LINE
8
BLACK
6
CONTINUOUS
10
5.4300256299212597
20
-3.7741448031496061
11
5.4326413779527556
21
-3.7706809842519684
0
LINE
8
BLACK
6
CONTINUOUS
10
5.4326413779527556
20
-3.7706809842519684
11
5.4363318110236216
21
-3.7683959842519683
0
LINE
8
BLACK
6
CONTINUOUS
10
5.4363318110236216
20
-3.7683959842519683
11
5.4405984251968507
21
-3.7675984251968502
0
LINE
8
BLACK
6
CONTINUOUS
10
5.4405984251968507
20
-3.7675984251968502
11
5.4720944881889766
21
-3.7675984251968502
0
LINE
8
BLACK
6
CONTINUOUS
10
5.4720944881889766
20
-3.7675984251968502
11
5.4742647637795274
21
-3.7677995275590552
0
LINE
8
BLACK
6
CONTINUOUS
10
5.6447372047244091
20
-4.107957007874016
11
5.6487846456692914
21
-4.1095249999999997
0
LINE
8
BLACK
6
CONTINUOUS
10
5.6487846456692914
20
-4.1095249999999997
11
5.6519923228346451
21
-4.1124492125984249
0
LINE
8
BLACK
6
CONTINUOUS
10
5.6519923228346451
20
-4.1124492125984249
11
5.6539270866141731
21
-4.1163346850393703
0
LINE
8
BLACK
6
CONTINUOUS
10
5.6539270866141731
20
-4.1163346850393703
11
5.6543275590551181
21
-4.1206567322834644
0
LINE
8
BLACK
6
CONTINUOUS
10
5.6543275590551181
20
-4.1206567322834644
11
5.6531397244094483
21
-4.1248315748031494
0
LINE
8
BLACK
6
CONTINUOUS
10
5.6531397244094483
20
-4.1248315748031494
11
5.6505239763779525
21
-4.1282953937007871
0
LINE
8
BLACK
6
CONTINUOUS
10
5.6505239763779525
20
-4.1282953937007871
11
5.6468335433070864
21
-4.1305803937007877
0
LINE
8
BLACK
6
CONTINUOUS
10
5.6468335433070864
20
-4.1305803937007877
11
5.6425669291338583
21
-4.1313779527559058
0
LINE
8
BLACK
6
CONTINUOUS
10
5.6425669291338583
20
-4.1313779527559058
11
5.5992598425196851
21
-4.1313779527559058
0
LINE
8
BLACK
6
CONTINUOUS
10
5.5992598425196851
20
-4.1313779527559058
11
5.5970895669291334
21
-4.1311768503937003
0
LINE
8
BLACK
6
CONTINUOUS
10
5.5970895669291334
20
-4.1311768503937003
11
5.593042125984252
21
-4.1296088582677166
0
LINE
8
BLACK
6
CONTINUOUS
10
5.593042125984252
20
-4.1296088582677166
11
5.5898344488188974
21
-4.1266846456692914
0
LINE
8
BLACK
6
CONTINUOUS
10
5.5898344488188974
20
-4.1266846456692914
11
5.5878996850393703
21
-4.122799173228346
0
LINE
8
BLACK
6
CONTINUOUS
10
5.5878996850393703
20
-4.122799173228346
11
5.5874992125984253
21
-4.1184771259842519
0
LINE
8
BLACK
6
CONTINUOUS
10
5.5874992125984253
20
-4.1184771259842519
11
5.5886870472440942
21
-4.1143022834645668
0
LINE
8
BLACK
6
CONTINUOUS
10
5.5886870472440942
20
-4.1143022834645668
11
5.59130279527559
21
-4.1108384645669291
0
LINE
8
BLACK
6
CONTINUOUS
10
5.59130279527559
20
-4.1108384645669291
11
5.594993228346457
21
-4.1085534645669286
0
LINE
8
BLACK
6
CONTINUOUS
10
5.594993228346457
20
-4.1085534645669286
11
5.5992598425196851
21
-4.1077559055118114
0
LINE
8
BLACK
6
CONTINUOUS
10
5.5992598425196851
20
-4.1077559055118114
11
5.6425669291338583
21
-4.1077559055118114
0
LINE
8
BLACK
6
CONTINUOUS
10
5.6425669291338583
20
-4.1077559055118114
11
5.6447372047244091
21
-4.107957007874016
0
LINE
8
BLACK
6
CONTINUOUS
10
5.6447372047244091
20
-3.7677995275590552
11
5.6487846456692914
21
-3.7693675196850394
0
LINE
8
BLACK
6
CONTINUOUS
10
5.6487846456692914
20
-3.7693675196850394
11
5.6519923228346451
21
-3.7722917322834646
0
LINE
8
BLACK
6
CONTINUOUS
10
5.6519923228346451
20
-3.7722917322834646
11
5.6539270866141731
21
-3.7761772047244095
0
LINE
8
BLACK
6
CONTINUOUS
10
5.6539270866141731
20
-3.7761772047244095
11
5.6543275590551181
21
-3.7804992519685037
0
LINE
8
BLACK
6
CONTINUOUS
10
5.6543275590551181
20
-3.7804992519685037
11
5.6531397244094483
21
-3.7846740944881887
0
LINE
8
BLACK
6
CONTINUOUS
10
5.6531397244094483
20
-3.7846740944881887
11
5.6505239763779525
21
-3.7881379133858268
0
LINE
8
BLACK
6
CONTINUOUS
10
5.6505239763779525
20
-3.7881379133858268
11
5.6468335433070864
21
-3.7904229133858265
0
LINE
8
BLACK
6
CONTINUOUS
10
5.6468335433070864
20
-3.7904229133858265
11
5.6425669291338583
21
-3.7912204724409446
0
LINE
8
BLACK
6
CONTINUOUS
10
5.6425669291338583
20
-3.7912204724409446
11
5.5992598425196851
21
-3.7912204724409446
0
LINE
8
BLACK
6
CONTINUOUS
10
5.5992598425196851
20
-3.7912204724409446
11
5.5970895669291334
21
-3.79101937007874
0
LINE
8
BLACK
6
CONTINUOUS
10
5.5970895669291334
20
-3.79101937007874
11
5.593042125984252
21
-3.7894513779527559
0
LINE
8
BLACK
6
CONTINUOUS
10
5.593042125984252
20
-3.7894513779527559
11
5.5898344488188974
21
-3.7865271653543306
0
LINE
8
BLACK
6
CONTINUOUS
10
5.5898344488188974
20
-3.7865271653543306
11
5.5878996850393703
21
-3.7826416929133857
0
LINE
8
BLACK
6
CONTINUOUS
10
5.5878996850393703
20
-3.7826416929133857
11
5.5874992125984253
21
-3.7783196456692911
0
LINE
8
BLACK
6
CONTINUOUS
10
5.5874992125984253
20
-3.7783196456692911
11
5.5886870472440942
21
-3.7741448031496061
0
LINE
8
BLACK
6
CONTINUOUS
10
5.5886870472440942
20
-3.7741448031496061
11
5.59130279527559
21
-3.7706809842519684
0
LINE
8
BLACK
6
CONTINUOUS
10
5.59130279527559
20
-3.7706809842519684
11
5.594993228346457
21
-3.7683959842519683
0
LINE
8
BLACK
6
CONTINUOUS
10
5.594993228346457
20
-3.7683959842519683
11
5.5992598425196851
21
-3.7675984251968502
0
LINE
8
BLACK
6
CONTINUOUS
10
5.5992598425196851
20
-3.7675984251968502
11
5.6425669291338583
21
-3.7675984251968502
0
LINE
8
BLACK
6
CONTINUOUS
10
5.6425669291338583
20
-3.7675984251968502
11
5.6447372047244091
21
-3.7677995275590552
  0
ENDSEC
  0
EOF
