  0
SECTION
  2
HEADER
  9
$ANGBASE
  50
0.0
  9
$ANGDIR
  70
1
  9
$MEASUREMENT
  70
0
  0
ENDSEC
  0
SECTION
  2
TABLES
  0
TABLE
  2
LTYPE
  70
4
  0
LTYPE
  5
40F
  2
CONTINUOUS
  70
0
  3
Solid line
  72
65
  73
0
  40
0.0
  0
LTYPE
  5
410
  2
DASHDOT
 70
0
  3
Dash Dot ____ _ ____ _
 72
65
 73
4
 40
2.0
 49
1.25
 49
-0.25
 49
0.25
 49
-0.25
  0
LTYPE
  5
411
  2
DASHED
 70
0
  3
Dashed __ __ __ __ __
 72
65
 73
2
 40
0.75
 49
0.5
 49
-0.25
  0
LTYPE
  5
43B
  2
DOTTED
 70
0
  3
Dotted .  .  .  .
 72
65
 73
2
 40
0.2
 49
0.0
 49
-0.2
  0
ENDTAB
  0
TABLE
  2
STYLE
  70
4
  0
STYLE
  2
KICAD
  70
0
  40
0
  41
1
  42
1
  50
0
  71
0
  3
isocp.shx
  0
STYLE
  2
KICADB
  70
0
  40
0
  41
1
  42
1
  50
0
  71
0
  3
isocp.shx
  0
STYLE
  2
KICADI
  70
0
  40
0
  41
1
  42
1
  50
15
  71
0
  3
isocp.shx
  0
STYLE
  2
KICADBI
  70
0
  40
0
  41
1
  42
1
  50
15
  71
0
  3
isocp.shx
  0
ENDTAB
  0
TABLE
  2
LAYER
  70
1
  0
LAYER
  2
BLACK
  70
0
  62
7
  6
CONTINUOUS
  0
ENDTAB
  0
ENDSEC
  0
SECTION
  2
ENTITIES
0
LINE
8
BLACK
6
CONTINUOUS
10
5.5020894881889761
20
-3.4382066141732284
11
5.5056498031496064
21
-3.4402621653543308
0
LINE
8
BLACK
6
CONTINUOUS
10
5.5056498031496064
20
-3.4402621653543308
11
5.5085567322834645
21
-3.443169094488189
0
LINE
8
BLACK
6
CONTINUOUS
10
5.5085567322834645
20
-3.443169094488189
11
5.5106122834645666
21
-3.4467294094488188
0
LINE
8
BLACK
6
CONTINUOUS
10
5.5106122834645666
20
-3.4467294094488188
11
5.5116762992125983
21
-3.4507003937007874
0
LINE
8
BLACK
6
CONTINUOUS
10
5.5116762992125983
20
-3.4507003937007874
11
5.5116762992125983
21
-3.4548114173228344
0
LINE
8
BLACK
6
CONTINUOUS
10
5.5116762992125983
20
-3.4548114173228344
11
5.5111644094488188
21
-3.4567217716535432
0
LINE
8
BLACK
6
CONTINUOUS
10
5.5111644094488188
20
-3.4567217716535432
11
5.5291898031496061
21
-3.4747471653543305
0
LINE
8
BLACK
6
CONTINUOUS
10
5.5291898031496061
20
-3.4747471653543305
11
5.5301688188976375
21
-3.475940157480315
0
LINE
8
BLACK
6
CONTINUOUS
10
5.5301688188976375
20
-3.475940157480315
11
5.53016905511811
21
-3.4759403937007871
0
LINE
8
BLACK
6
CONTINUOUS
10
5.53016905511811
20
-3.4759403937007871
11
5.5313447637795274
21
-3.4787788188976378
0
LINE
8
BLACK
6
CONTINUOUS
10
5.5313447637795274
20
-3.4787788188976378
11
5.5314960629921259
21
-3.4803149606299213
0
LINE
8
BLACK
6
CONTINUOUS
10
5.5314960629921259
20
-3.4803149606299213
11
5.5314960629921259
21
-4.1558087007874018
0
LINE
8
BLACK
6
CONTINUOUS
10
5.5314960629921259
20
-4.1558087007874018
11
5.5332088582677166
21
-4.1567975984251966
0
LINE
8
BLACK
6
CONTINUOUS
10
5.5332088582677166
20
-4.1567975984251966
11
5.5361157874015747
21
-4.1597045275590547
0
LINE
8
BLACK
6
CONTINUOUS
10
5.5361157874015747
20
-4.1597045275590547
11
5.5381713385826767
21
-4.163264842519685
0
LINE
8
BLACK
6
CONTINUOUS
10
5.5381713385826767
20
-4.163264842519685
11
5.5392353543307085
21
-4.1672358267716536
0
LINE
8
BLACK
6
CONTINUOUS
10
5.5392353543307085
20
-4.1672358267716536
11
5.5392353543307085
21
-4.171346850393701
0
LINE
8
BLACK
6
CONTINUOUS
10
5.5392353543307085
20
-4.171346850393701
11
5.5381713385826767
21
-4.1753178346456696
0
LINE
8
BLACK
6
CONTINUOUS
10
5.5381713385826767
20
-4.1753178346456696
11
5.5361157874015747
21
-4.178878149606299
0
LINE
8
BLACK
6
CONTINUOUS
10
5.5361157874015747
20
-4.178878149606299
11
5.5332088582677166
21
-4.1817850787401571
0
LINE
8
BLACK
6
CONTINUOUS
10
5.5332088582677166
20
-4.1817850787401571
11
5.5296485433070863
21
-4.18384062992126
0
LINE
8
BLACK
6
CONTINUOUS
10
5.5296485433070863
20
-4.18384062992126
11
5.5256775590551177
21
-4.1849046456692909
0
LINE
8
BLACK
6
CONTINUOUS
10
5.5256775590551177
20
-4.1849046456692909
11
5.5215665354330703
21
-4.1849046456692909
0
LINE
8
BLACK
6
CONTINUOUS
10
5.5215665354330703
20
-4.1849046456692909
11
5.5175955511811026
21
-4.18384062992126
0
LINE
8
BLACK
6
CONTINUOUS
10
5.5175955511811026
20
-4.18384062992126
11
5.5140352362204723
21
-4.1817850787401571
0
LINE
8
BLACK
6
CONTINUOUS
10
5.5140352362204723
20
-4.1817850787401571
11
5.5111283070866142
21
-4.178878149606299
0
LINE
8
BLACK
6
CONTINUOUS
10
5.5111283070866142
20
-4.178878149606299
11
5.5090727559055113
21
-4.1753178346456696
0
LINE
8
BLACK
6
CONTINUOUS
10
5.5090727559055113
20
-4.1753178346456696
11
5.5080087401574804
21
-4.171346850393701
0
LINE
8
BLACK
6
CONTINUOUS
10
5.5080087401574804
20
-4.171346850393701
11
5.5080087401574804
21
-4.1672358267716536
0
LINE
8
BLACK
6
CONTINUOUS
10
5.5080087401574804
20
-4.1672358267716536
11
5.5090727559055113
21
-4.163264842519685
0
LINE
8
BLACK
6
CONTINUOUS
10
5.5090727559055113
20
-4.163264842519685
11
5.5111283070866142
21
-4.1597045275590547
0
LINE
8
BLACK
6
CONTINUOUS
10
5.5111283070866142
20
-4.1597045275590547
11
5.5140352362204723
21
-4.1567975984251966
0
LINE
8
BLACK
6
CONTINUOUS
10
5.5140352362204723
20
-4.1567975984251966
11
5.515748031496063
21
-4.1558087007874018
0
LINE
8
BLACK
6
CONTINUOUS
10
5.515748031496063
20
-4.1558087007874018
11
5.515748031496063
21
-3.4835764566929135
0
LINE
8
BLACK
6
CONTINUOUS
10
5.515748031496063
20
-3.4835764566929135
11
5.5000288582677168
21
-3.4678573228346457
0
LINE
8
BLACK
6
CONTINUOUS
10
5.5000288582677168
20
-3.4678573228346457
11
5.4981185039370075
21
-3.4683692125984251
0
LINE
8
BLACK
6
CONTINUOUS
10
5.4981185039370075
20
-3.4683692125984251
11
5.4940074803149601
21
-3.4683692125984251
0
LINE
8
BLACK
6
CONTINUOUS
10
5.4940074803149601
20
-3.4683692125984251
11
5.4900364960629924
21
-3.4673051968503934
0
LINE
8
BLACK
6
CONTINUOUS
10
5.4900364960629924
20
-3.4673051968503934
11
5.4864761811023621
21
-3.4652496456692914
0
LINE
8
BLACK
6
CONTINUOUS
10
5.4864761811023621
20
-3.4652496456692914
11
5.483569251968504
21
-3.4623427165354328
0
LINE
8
BLACK
6
CONTINUOUS
10
5.483569251968504
20
-3.4623427165354328
11
5.4815137007874011
21
-3.458782401574803
0
LINE
8
BLACK
6
CONTINUOUS
10
5.4815137007874011
20
-3.458782401574803
11
5.4804496850393702
21
-3.4548114173228344
0
LINE
8
BLACK
6
CONTINUOUS
10
5.4804496850393702
20
-3.4548114173228344
11
5.4804496850393702
21
-3.4507003937007874
0
LINE
8
BLACK
6
CONTINUOUS
10
5.4804496850393702
20
-3.4507003937007874
11
5.4815137007874011
21
-3.4467294094488188
0
LINE
8
BLACK
6
CONTINUOUS
10
5.4815137007874011
20
-3.4467294094488188
11
5.483569251968504
21
-3.443169094488189
0
LINE
8
BLACK
6
CONTINUOUS
10
5.483569251968504
20
-3.443169094488189
11
5.4864761811023621
21
-3.4402621653543308
0
LINE
8
BLACK
6
CONTINUOUS
10
5.4864761811023621
20
-3.4402621653543308
11
5.4900364960629924
21
-3.4382066141732284
0
LINE
8
BLACK
6
CONTINUOUS
10
5.4900364960629924
20
-3.4382066141732284
11
5.4940074803149601
21
-3.4371425984251966
0
LINE
8
BLACK
6
CONTINUOUS
10
5.4940074803149601
20
-3.4371425984251966
11
5.4981185039370075
21
-3.4371425984251966
0
LINE
8
BLACK
6
CONTINUOUS
10
5.4981185039370075
20
-3.4371425984251966
11
5.5020894881889761
21
-3.4382066141732284
0
LINE
8
BLACK
6
CONTINUOUS
10
6.3879162598425197
20
-3.6468680314960631
11
6.3914765748031499
21
-3.6489235826771651
0
LINE
8
BLACK
6
CONTINUOUS
10
6.3914765748031499
20
-3.6489235826771651
11
6.3943835039370081
21
-3.6518305118110237
0
LINE
8
BLACK
6
CONTINUOUS
10
6.3943835039370081
20
-3.6518305118110237
11
6.3964390551181101
21
-3.6553908267716535
0
LINE
8
BLACK
6
CONTINUOUS
10
6.3964390551181101
20
-3.6553908267716535
11
6.3975030708661418
21
-3.6593618110236221
0
LINE
8
BLACK
6
CONTINUOUS
10
6.3975030708661418
20
-3.6593618110236221
11
6.3975030708661418
21
-3.6634728346456691
0
LINE
8
BLACK
6
CONTINUOUS
10
6.3975030708661418
20
-3.6634728346456691
11
6.3964390551181101
21
-3.6674438188976377
0
LINE
8
BLACK
6
CONTINUOUS
10
6.3964390551181101
20
-3.6674438188976377
11
6.3943835039370081
21
-3.6710041338582675
0
LINE
8
BLACK
6
CONTINUOUS
10
6.3943835039370081
20
-3.6710041338582675
11
6.3914765748031499
21
-3.6739110629921261
0
LINE
8
BLACK
6
CONTINUOUS
10
6.3914765748031499
20
-3.6739110629921261
11
6.3879162598425197
21
-3.6759666141732281
0
LINE
8
BLACK
6
CONTINUOUS
10
6.3879162598425197
20
-3.6759666141732281
11
6.3877952755905509
21
-3.6759990157480313
0
LINE
8
BLACK
6
CONTINUOUS
10
6.3877952755905509
20
-3.6759990157480313
11
6.3877952755905509
21
-4.3164514960629923
0
LINE
8
BLACK
6
CONTINUOUS
10
6.3877952755905509
20
-4.3164514960629923
11
6.3915027952755903
21
-4.3201590157480316
0
LINE
8
BLACK
6
CONTINUOUS
10
6.3915027952755903
20
-4.3201590157480316
11
6.391611299212598
21
-4.3200963779527557
0
LINE
8
BLACK
6
CONTINUOUS
10
6.391611299212598
20
-4.3200963779527557
11
6.3955822834645666
21
-4.319032362204724
0
LINE
8
BLACK
6
CONTINUOUS
10
6.3955822834645666
20
-4.319032362204724
11
6.399693307086614
21
-4.319032362204724
0
LINE
8
BLACK
6
CONTINUOUS
10
6.399693307086614
20
-4.319032362204724
11
6.4036642913385826
21
-4.3200963779527557
0
LINE
8
BLACK
6
CONTINUOUS
10
6.4036642913385826
20
-4.3200963779527557
11
6.4072246062992129
21
-4.3221519291338586
0
LINE
8
BLACK
6
CONTINUOUS
10
6.4072246062992129
20
-4.3221519291338586
11
6.410131535433071
21
-4.3250588582677167
0
LINE
8
BLACK
6
CONTINUOUS
10
6.410131535433071
20
-4.3250588582677167
11
6.412187086614173
21
-4.3286191732283461
0
LINE
8
BLACK
6
CONTINUOUS
10
6.412187086614173
20
-4.3286191732283461
11
6.4132511023622047
21
-4.3325901574803147
0
LINE
8
BLACK
6
CONTINUOUS
10
6.4132511023622047
20
-4.3325901574803147
11
6.4132511023622047
21
-4.3367011811023621
0
LINE
8
BLACK
6
CONTINUOUS
10
6.4132511023622047
20
-4.3367011811023621
11
6.412187086614173
21
-4.3406721653543308
0
LINE
8
BLACK
6
CONTINUOUS
10
6.412187086614173
20
-4.3406721653543308
11
6.410131535433071
21
-4.3442324803149601
0
LINE
8
BLACK
6
CONTINUOUS
10
6.410131535433071
20
-4.3442324803149601
11
6.4072246062992129
21
-4.3471394094488192
0
LINE
8
BLACK
6
CONTINUOUS
10
6.4072246062992129
20
-4.3471394094488192
11
6.4036642913385826
21
-4.3491949606299212
0
LINE
8
BLACK
6
CONTINUOUS
10
6.4036642913385826
20
-4.3491949606299212
11
6.399693307086614
21
-4.3502589763779529
0
LINE
8
BLACK
6
CONTINUOUS
10
6.399693307086614
20
-4.3502589763779529
11
6.3955822834645666
21
-4.3502589763779529
0
LINE
8
BLACK
6
CONTINUOUS
10
6.3955822834645666
20
-4.3502589763779529
11
6.391611299212598
21
-4.3491949606299212
0
LINE
8
BLACK
6
CONTINUOUS
10
6.391611299212598
20
-4.3491949606299212
11
6.3880509842519686
21
-4.3471394094488192
0
LINE
8
BLACK
6
CONTINUOUS
10
6.3880509842519686
20
-4.3471394094488192
11
6.3851440551181105
21
-4.3442324803149601
0
LINE
8
BLACK
6
CONTINUOUS
10
6.3851440551181105
20
-4.3442324803149601
11
6.3830885039370076
21
-4.3406721653543308
0
LINE
8
BLACK
6
CONTINUOUS
10
6.3830885039370076
20
-4.3406721653543308
11
6.3820244881889758
21
-4.3367011811023621
0
LINE
8
BLACK
6
CONTINUOUS
10
6.3820244881889758
20
-4.3367011811023621
11
6.3820244881889758
21
-4.3325901574803147
0
LINE
8
BLACK
6
CONTINUOUS
10
6.3820244881889758
20
-4.3325901574803147
11
6.3830885039370076
21
-4.3286191732283461
0
LINE
8
BLACK
6
CONTINUOUS
10
6.3830885039370076
20
-4.3286191732283461
11
6.3831511417322835
21
-4.3285106692913384
0
LINE
8
BLACK
6
CONTINUOUS
10
6.3831511417322835
20
-4.3285106692913384
11
6.3777139370078739
21
-4.3230734645669289
0
LINE
8
BLACK
6
CONTINUOUS
10
6.3777139370078739
20
-4.3230734645669289
11
6.3769794881889759
21
-4.3221785433070865
0
LINE
8
BLACK
6
CONTINUOUS
10
6.3769794881889759
20
-4.3221785433070865
11
6.3761306692913386
21
-4.3201292913385823
0
LINE
8
BLACK
6
CONTINUOUS
10
6.3761306692913386
20
-4.3201292913385823
11
6.3760977165354333
21
-4.3200497637795277
0
LINE
8
BLACK
6
CONTINUOUS
10
6.3760977165354333
20
-4.3200497637795277
11
6.3759842519685037
21
-4.3188976377952759
0
LINE
8
BLACK
6
CONTINUOUS
10
6.3759842519685037
20
-4.3188976377952759
11
6.3759842519685037
21
-3.6759990157480313
0
LINE
8
BLACK
6
CONTINUOUS
10
6.3759842519685037
20
-3.6759990157480313
11
6.375863267716535
21
-3.6759666141732281
0
LINE
8
BLACK
6
CONTINUOUS
10
6.375863267716535
20
-3.6759666141732281
11
6.3723029527559056
21
-3.6739110629921261
0
LINE
8
BLACK
6
CONTINUOUS
10
6.3723029527559056
20
-3.6739110629921261
11
6.3693960236220475
21
-3.6710041338582675
0
LINE
8
BLACK
6
CONTINUOUS
10
6.3693960236220475
20
-3.6710041338582675
11
6.3673404724409446
21
-3.6674438188976377
0
LINE
8
BLACK
6
CONTINUOUS
10
6.3673404724409446
20
-3.6674438188976377
11
6.3662764566929129
21
-3.6634728346456691
0
LINE
8
BLACK
6
CONTINUOUS
10
6.3662764566929129
20
-3.6634728346456691
11
6.3662764566929129
21
-3.6593618110236221
0
LINE
8
BLACK
6
CONTINUOUS
10
6.3662764566929129
20
-3.6593618110236221
11
6.3673404724409446
21
-3.6553908267716535
0
LINE
8
BLACK
6
CONTINUOUS
10
6.3673404724409446
20
-3.6553908267716535
11
6.3693960236220475
21
-3.6518305118110237
0
LINE
8
BLACK
6
CONTINUOUS
10
6.3693960236220475
20
-3.6518305118110237
11
6.3723029527559056
21
-3.6489235826771651
0
LINE
8
BLACK
6
CONTINUOUS
10
6.3723029527559056
20
-3.6489235826771651
11
6.375863267716535
21
-3.6468680314960631
0
LINE
8
BLACK
6
CONTINUOUS
10
6.375863267716535
20
-3.6468680314960631
11
6.3798342519685036
21
-3.6458040157480314
0
LINE
8
BLACK
6
CONTINUOUS
10
6.3798342519685036
20
-3.6458040157480314
11
6.383945275590551
21
-3.6458040157480314
0
LINE
8
BLACK
6
CONTINUOUS
10
6.383945275590551
20
-3.6458040157480314
11
6.3879162598425197
21
-3.6468680314960631
0
LINE
8
BLACK
6
CONTINUOUS
10
5.9863414566929132
20
-4.1823011023622048
11
5.9899017716535434
21
-4.1843566535433068
0
LINE
8
BLACK
6
CONTINUOUS
10
5.9899017716535434
20
-4.1843566535433068
11
5.9928087007874016
21
-4.1872635826771649
0
LINE
8
BLACK
6
CONTINUOUS
10
5.9928087007874016
20
-4.1872635826771649
11
5.9948642519685036
21
-4.1908238976377952
0
LINE
8
BLACK
6
CONTINUOUS
10
5.9948642519685036
20
-4.1908238976377952
11
5.9959282677165353
21
-4.1947948818897638
0
LINE
8
BLACK
6
CONTINUOUS
10
5.9959282677165353
20
-4.1947948818897638
11
5.9959282677165353
21
-4.1989059055118112
0
LINE
8
BLACK
6
CONTINUOUS
10
5.9959282677165353
20
-4.1989059055118112
11
5.9948642519685036
21
-4.2028768897637798
0
LINE
8
BLACK
6
CONTINUOUS
10
5.9948642519685036
20
-4.2028768897637798
11
5.9928087007874016
21
-4.2064372047244092
0
LINE
8
BLACK
6
CONTINUOUS
10
5.9928087007874016
20
-4.2064372047244092
11
5.9899017716535434
21
-4.2093441338582673
0
LINE
8
BLACK
6
CONTINUOUS
10
5.9899017716535434
20
-4.2093441338582673
11
5.9863414566929132
21
-4.2113996850393702
0
LINE
8
BLACK
6
CONTINUOUS
10
5.9863414566929132
20
-4.2113996850393702
11
5.9823704724409446
21
-4.2124637007874011
0
LINE
8
BLACK
6
CONTINUOUS
10
5.9823704724409446
20
-4.2124637007874011
11
5.9782594488188971
21
-4.2124637007874011
0
LINE
8
BLACK
6
CONTINUOUS
10
5.9782594488188971
20
-4.2124637007874011
11
5.9742884645669294
21
-4.2113996850393702
0
LINE
8
BLACK
6
CONTINUOUS
10
5.9742884645669294
20
-4.2113996850393702
11
5.9707281496062992
21
-4.2093441338582673
0
LINE
8
BLACK
6
CONTINUOUS
10
5.9707281496062992
20
-4.2093441338582673
11
5.9704893700787398
21
-4.2091053543307089
0
LINE
8
BLACK
6
CONTINUOUS
10
5.9704893700787398
20
-4.2091053543307089
11
5.9683731102362207
21
-4.2127709055118112
0
LINE
8
BLACK
6
CONTINUOUS
10
5.9683731102362207
20
-4.2127709055118112
11
5.9647394094488186
21
-4.2164046062992124
0
LINE
8
BLACK
6
CONTINUOUS
10
5.9647394094488186
20
-4.2164046062992124
11
5.9602890551181105
21
-4.2189740157480315
0
LINE
8
BLACK
6
CONTINUOUS
10
5.9602890551181105
20
-4.2189740157480315
11
5.9553253149606302
21
-4.2203040157480318
0
LINE
8
BLACK
6
CONTINUOUS
10
5.9553253149606302
20
-4.2203040157480318
11
5.950186496062992
21
-4.2203040157480318
0
LINE
8
BLACK
6
CONTINUOUS
10
5.950186496062992
20
-4.2203040157480318
11
5.9452227559055117
21
-4.2189740157480315
0
LINE
8
BLACK
6
CONTINUOUS
10
5.9452227559055117
20
-4.2189740157480315
11
5.9407724015748027
21
-4.2164046062992124
0
LINE
8
BLACK
6
CONTINUOUS
10
5.9407724015748027
20
-4.2164046062992124
11
5.9371387007874015
21
-4.2127709055118112
0
LINE
8
BLACK
6
CONTINUOUS
10
5.9371387007874015
20
-4.2127709055118112
11
5.9345692913385824
21
-4.2083205511811022
0
LINE
8
BLACK
6
CONTINUOUS
10
5.9345692913385824
20
-4.2083205511811022
11
5.933239291338583
21
-4.2033568110236219
0
LINE
8
BLACK
6
CONTINUOUS
10
5.933239291338583
20
-4.2033568110236219
11
5.933239291338583
21
-4.1982179921259846
0
LINE
8
BLACK
6
CONTINUOUS
10
5.933239291338583
20
-4.1982179921259846
11
5.9345692913385824
21
-4.1932542519685034
0
LINE
8
BLACK
6
CONTINUOUS
10
5.9345692913385824
20
-4.1932542519685034
11
5.9371387007874015
21
-4.1888038976377953
0
LINE
8
BLACK
6
CONTINUOUS
10
5.9371387007874015
20
-4.1888038976377953
11
5.9407724015748027
21
-4.185170196850394
0
LINE
8
BLACK
6
CONTINUOUS
10
5.9407724015748027
20
-4.185170196850394
11
5.9452227559055117
21
-4.1826007874015749
0
LINE
8
BLACK
6
CONTINUOUS
10
5.9452227559055117
20
-4.1826007874015749
11
5.950186496062992
21
-4.1812707874015747
0
LINE
8
BLACK
6
CONTINUOUS
10
5.950186496062992
20
-4.1812707874015747
11
5.9553253149606302
21
-4.1812707874015747
0
LINE
8
BLACK
6
CONTINUOUS
10
5.9553253149606302
20
-4.1812707874015747
11
5.9602890551181105
21
-4.1826007874015749
0
LINE
8
BLACK
6
CONTINUOUS
10
5.9602890551181105
20
-4.1826007874015749
11
5.9647394094488186
21
-4.185170196850394
0
LINE
8
BLACK
6
CONTINUOUS
10
5.9647394094488186
20
-4.185170196850394
11
5.9674594094488187
21
-4.1878901968503932
0
LINE
8
BLACK
6
CONTINUOUS
10
5.9674594094488187
20
-4.1878901968503932
11
5.967821220472441
21
-4.1872635826771649
0
LINE
8
BLACK
6
CONTINUOUS
10
5.967821220472441
20
-4.1872635826771649
11
5.9707281496062992
21
-4.1843566535433068
0
LINE
8
BLACK
6
CONTINUOUS
10
5.9707281496062992
20
-4.1843566535433068
11
5.9742884645669294
21
-4.1823011023622048
0
LINE
8
BLACK
6
CONTINUOUS
10
5.9742884645669294
20
-4.1823011023622048
11
5.9782594488188971
21
-4.181237086614173
0
LINE
8
BLACK
6
CONTINUOUS
10
5.9782594488188971
20
-4.181237086614173
11
5.9823704724409446
21
-4.181237086614173
0
LINE
8
BLACK
6
CONTINUOUS
10
5.9823704724409446
20
-4.181237086614173
11
5.9863414566929132
21
-4.1823011023622048
0
LINE
8
BLACK
6
CONTINUOUS
10
5.9602890551181105
20
-4.0999236220472444
11
5.9647394094488186
21
-4.1024930314960626
0
LINE
8
BLACK
6
CONTINUOUS
10
5.9647394094488186
20
-4.1024930314960626
11
5.9683731102362207
21
-4.1061267322834647
0
LINE
8
BLACK
6
CONTINUOUS
10
5.9683731102362207
20
-4.1061267322834647
11
5.970942519685039
21
-4.1105770866141729
0
LINE
8
BLACK
6
CONTINUOUS
10
5.970942519685039
20
-4.1105770866141729
11
5.9722725196850392
21
-4.1155408267716531
0
LINE
8
BLACK
6
CONTINUOUS
10
5.9722725196850392
20
-4.1155408267716531
11
5.9722725196850392
21
-4.1206796456692913
0
LINE
8
BLACK
6
CONTINUOUS
10
5.9722725196850392
20
-4.1206796456692913
11
5.970942519685039
21
-4.1256433858267716
0
LINE
8
BLACK
6
CONTINUOUS
10
5.970942519685039
20
-4.1256433858267716
11
5.9683731102362207
21
-4.1300937401574807
0
LINE
8
BLACK
6
CONTINUOUS
10
5.9683731102362207
20
-4.1300937401574807
11
5.9647394094488186
21
-4.1337274409448819
0
LINE
8
BLACK
6
CONTINUOUS
10
5.9647394094488186
20
-4.1337274409448819
11
5.9606194881889758
21
-4.136106062992126
0
LINE
8
BLACK
6
CONTINUOUS
10
5.9606194881889758
20
-4.136106062992126
11
5.96236279527559
21
-4.1371125590551179
0
LINE
8
BLACK
6
CONTINUOUS
10
5.96236279527559
20
-4.1371125590551179
11
5.965269724409449
21
-4.140019488188976
0
LINE
8
BLACK
6
CONTINUOUS
10
5.965269724409449
20
-4.140019488188976
11
5.967325275590551
21
-4.1435798031496063
0
LINE
8
BLACK
6
CONTINUOUS
10
5.967325275590551
20
-4.1435798031496063
11
5.9683892913385828
21
-4.1475507874015749
0
LINE
8
BLACK
6
CONTINUOUS
10
5.9683892913385828
20
-4.1475507874015749
11
5.9683892913385828
21
-4.1516618110236223
0
LINE
8
BLACK
6
CONTINUOUS
10
5.9683892913385828
20
-4.1516618110236223
11
5.967325275590551
21
-4.15563279527559
0
LINE
8
BLACK
6
CONTINUOUS
10
5.967325275590551
20
-4.15563279527559
11
5.965269724409449
21
-4.1591931102362203
0
LINE
8
BLACK
6
CONTINUOUS
10
5.965269724409449
20
-4.1591931102362203
11
5.96236279527559
21
-4.1621000393700784
0
LINE
8
BLACK
6
CONTINUOUS
10
5.96236279527559
20
-4.1621000393700784
11
5.9588024803149606
21
-4.1641555905511813
0
LINE
8
BLACK
6
CONTINUOUS
10
5.9588024803149606
20
-4.1641555905511813
11
5.954831496062992
21
-4.1652196062992122
0
LINE
8
BLACK
6
CONTINUOUS
10
5.954831496062992
20
-4.1652196062992122
11
5.9507204724409446
21
-4.1652196062992122
0
LINE
8
BLACK
6
CONTINUOUS
10
5.9507204724409446
20
-4.1652196062992122
11
5.946749488188976
21
-4.1641555905511813
0
LINE
8
BLACK
6
CONTINUOUS
10
5.946749488188976
20
-4.1641555905511813
11
5.9431891732283466
21
-4.1621000393700784
0
LINE
8
BLACK
6
CONTINUOUS
10
5.9431891732283466
20
-4.1621000393700784
11
5.9402822440944885
21
-4.1591931102362203
0
LINE
8
BLACK
6
CONTINUOUS
10
5.9402822440944885
20
-4.1591931102362203
11
5.9382266929133856
21
-4.15563279527559
0
LINE
8
BLACK
6
CONTINUOUS
10
5.9382266929133856
20
-4.15563279527559
11
5.9371626771653538
21
-4.1516618110236223
0
LINE
8
BLACK
6
CONTINUOUS
10
5.9371626771653538
20
-4.1516618110236223
11
5.9371626771653538
21
-4.1475507874015749
0
LINE
8
BLACK
6
CONTINUOUS
10
5.9371626771653538
20
-4.1475507874015749
11
5.9382266929133856
21
-4.1435798031496063
0
LINE
8
BLACK
6
CONTINUOUS
10
5.9382266929133856
20
-4.1435798031496063
11
5.9402822440944885
21
-4.140019488188976
0
LINE
8
BLACK
6
CONTINUOUS
10
5.9402822440944885
20
-4.140019488188976
11
5.9431891732283466
21
-4.1371125590551179
0
LINE
8
BLACK
6
CONTINUOUS
10
5.9431891732283466
20
-4.1371125590551179
11
5.9449123622047244
21
-4.1361176377952757
0
LINE
8
BLACK
6
CONTINUOUS
10
5.9449123622047244
20
-4.1361176377952757
11
5.9407724015748027
21
-4.1337274409448819
0
LINE
8
BLACK
6
CONTINUOUS
10
5.9407724015748027
20
-4.1337274409448819
11
5.9371387007874015
21
-4.1300937401574807
0
LINE
8
BLACK
6
CONTINUOUS
10
5.9371387007874015
20
-4.1300937401574807
11
5.9345692913385824
21
-4.1256433858267716
0
LINE
8
BLACK
6
CONTINUOUS
10
5.9345692913385824
20
-4.1256433858267716
11
5.933239291338583
21
-4.1206796456692913
0
LINE
8
BLACK
6
CONTINUOUS
10
5.933239291338583
20
-4.1206796456692913
11
5.933239291338583
21
-4.1155408267716531
0
LINE
8
BLACK
6
CONTINUOUS
10
5.933239291338583
20
-4.1155408267716531
11
5.9345692913385824
21
-4.1105770866141729
0
LINE
8
BLACK
6
CONTINUOUS
10
5.9345692913385824
20
-4.1105770866141729
11
5.9371387007874015
21
-4.1061267322834647
0
LINE
8
BLACK
6
CONTINUOUS
10
5.9371387007874015
20
-4.1061267322834647
11
5.9407724015748027
21
-4.1024930314960626
0
LINE
8
BLACK
6
CONTINUOUS
10
5.9407724015748027
20
-4.1024930314960626
11
5.9452227559055117
21
-4.0999236220472444
0
LINE
8
BLACK
6
CONTINUOUS
10
5.9452227559055117
20
-4.0999236220472444
11
5.950186496062992
21
-4.0985936220472441
0
LINE
8
BLACK
6
CONTINUOUS
10
5.950186496062992
20
-4.0985936220472441
11
5.9553253149606302
21
-4.0985936220472441
0
LINE
8
BLACK
6
CONTINUOUS
10
5.9553253149606302
20
-4.0985936220472441
11
5.9602890551181105
21
-4.0999236220472444
0
LINE
8
BLACK
6
CONTINUOUS
10
6.2225619291338585
20
-3.8555294488188974
11
6.2261222440944879
21
-3.8575849999999998
0
LINE
8
BLACK
6
CONTINUOUS
10
6.2261222440944879
20
-3.8575849999999998
11
6.229029173228346
21
-3.860491929133858
0
LINE
8
BLACK
6
CONTINUOUS
10
6.229029173228346
20
-3.860491929133858
11
6.2310847244094489
21
-3.8640522440944882
0
LINE
8
BLACK
6
CONTINUOUS
10
6.2310847244094489
20
-3.8640522440944882
11
6.2321487401574798
21
-3.8680232283464564
0
LINE
8
BLACK
6
CONTINUOUS
10
6.2321487401574798
20
-3.8680232283464564
11
6.2321487401574798
21
-3.8721342519685038
0
LINE
8
BLACK
6
CONTINUOUS
10
6.2321487401574798
20
-3.8721342519685038
11
6.2310847244094489
21
-3.8761052362204724
0
LINE
8
BLACK
6
CONTINUOUS
10
6.2310847244094489
20
-3.8761052362204724
11
6.229029173228346
21
-3.8796655511811022
0
LINE
8
BLACK
6
CONTINUOUS
10
6.229029173228346
20
-3.8796655511811022
11
6.2261222440944879
21
-3.8825724803149604
0
LINE
8
BLACK
6
CONTINUOUS
10
6.2261222440944879
20
-3.8825724803149604
11
6.2225619291338585
21
-3.8846280314960628
0
LINE
8
BLACK
6
CONTINUOUS
10
6.2225619291338585
20
-3.8846280314960628
11
6.2224409448818898
21
-3.8846604330708661
0
LINE
8
BLACK
6
CONTINUOUS
10
6.2224409448818898
20
-3.8846604330708661
11
6.2224409448818898
21
-4.1314121259842516
0
LINE
8
BLACK
6
CONTINUOUS
10
6.2224409448818898
20
-4.1314121259842516
11
6.2694555511811023
21
-4.1784267322834641
0
LINE
8
BLACK
6
CONTINUOUS
10
6.2694555511811023
20
-4.1784267322834641
11
6.26956405511811
21
-4.178364094488189
0
LINE
8
BLACK
6
CONTINUOUS
10
6.26956405511811
20
-4.178364094488189
11
6.2735350393700786
21
-4.1773000787401573
0
LINE
8
BLACK
6
CONTINUOUS
10
6.2735350393700786
20
-4.1773000787401573
11
6.277646062992126
21
-4.1773000787401573
0
LINE
8
BLACK
6
CONTINUOUS
10
6.277646062992126
20
-4.1773000787401573
11
6.2816170472440946
21
-4.178364094488189
0
LINE
8
BLACK
6
CONTINUOUS
10
6.2816170472440946
20
-4.178364094488189
11
6.285177362204724
21
-4.180419645669291
0
LINE
8
BLACK
6
CONTINUOUS
10
6.285177362204724
20
-4.180419645669291
11
6.2880842913385822
21
-4.1833265748031492
0
LINE
8
BLACK
6
CONTINUOUS
10
6.2880842913385822
20
-4.1833265748031492
11
6.2901398425196851
21
-4.1868868897637794
0
LINE
8
BLACK
6
CONTINUOUS
10
6.2901398425196851
20
-4.1868868897637794
11
6.2912038582677168
21
-4.1908578740157481
0
LINE
8
BLACK
6
CONTINUOUS
10
6.2912038582677168
20
-4.1908578740157481
11
6.2912038582677168
21
-4.1949688976377955
0
LINE
8
BLACK
6
CONTINUOUS
10
6.2912038582677168
20
-4.1949688976377955
11
6.2901398425196851
21
-4.1989398818897641
0
LINE
8
BLACK
6
CONTINUOUS
10
6.2901398425196851
20
-4.1989398818897641
11
6.2880842913385822
21
-4.2025001968503934
0
LINE
8
BLACK
6
CONTINUOUS
10
6.2880842913385822
20
-4.2025001968503934
11
6.285177362204724
21
-4.2054071259842516
0
LINE
8
BLACK
6
CONTINUOUS
10
6.285177362204724
20
-4.2054071259842516
11
6.2816170472440946
21
-4.2074626771653545
0
LINE
8
BLACK
6
CONTINUOUS
10
6.2816170472440946
20
-4.2074626771653545
11
6.277646062992126
21
-4.2085266929133853
0
LINE
8
BLACK
6
CONTINUOUS
10
6.277646062992126
20
-4.2085266929133853
11
6.2735350393700786
21
-4.2085266929133853
0
LINE
8
BLACK
6
CONTINUOUS
10
6.2735350393700786
20
-4.2085266929133853
11
6.26956405511811
21
-4.2074626771653545
0
LINE
8
BLACK
6
CONTINUOUS
10
6.26956405511811
20
-4.2074626771653545
11
6.2660037401574797
21
-4.2054071259842516
0
LINE
8
BLACK
6
CONTINUOUS
10
6.2660037401574797
20
-4.2054071259842516
11
6.2630968110236216
21
-4.2025001968503934
0
LINE
8
BLACK
6
CONTINUOUS
10
6.2630968110236216
20
-4.2025001968503934
11
6.2610412598425196
21
-4.1989398818897641
0
LINE
8
BLACK
6
CONTINUOUS
10
6.2610412598425196
20
-4.1989398818897641
11
6.2599772440944879
21
-4.1949688976377955
0
LINE
8
BLACK
6
CONTINUOUS
10
6.2599772440944879
20
-4.1949688976377955
11
6.2599772440944879
21
-4.1908578740157481
0
LINE
8
BLACK
6
CONTINUOUS
10
6.2599772440944879
20
-4.1908578740157481
11
6.2610412598425196
21
-4.1868868897637794
0
LINE
8
BLACK
6
CONTINUOUS
10
6.2610412598425196
20
-4.1868868897637794
11
6.2611038976377955
21
-4.1867783858267718
0
LINE
8
BLACK
6
CONTINUOUS
10
6.2611038976377955
20
-4.1867783858267718
11
6.228346456692913
21
-4.1540209448818901
0
LINE
8
BLACK
6
CONTINUOUS
10
6.228346456692913
20
-4.1540209448818901
11
6.1616561417322835
21
-4.2207112598425196
0
LINE
8
BLACK
6
CONTINUOUS
10
6.1616561417322835
20
-4.2207112598425196
11
6.1607612204724411
21
-4.2214457086614177
0
LINE
8
BLACK
6
CONTINUOUS
10
6.1607612204724411
20
-4.2214457086614177
11
6.1595142125984248
21
-4.2219622047244094
0
LINE
8
BLACK
6
CONTINUOUS
10
6.1595142125984248
20
-4.2219622047244094
11
6.1586324409448814
21
-4.2223274803149602
0
LINE
8
BLACK
6
CONTINUOUS
10
6.1586324409448814
20
-4.2223274803149602
11
6.1574803149606296
21
-4.2224409448818898
0
LINE
8
BLACK
6
CONTINUOUS
10
6.1574803149606296
20
-4.2224409448818898
11
6.1248179133858267
21
-4.2224409448818898
0
LINE
8
BLACK
6
CONTINUOUS
10
6.1248179133858267
20
-4.2224409448818898
11
6.124785511811023
21
-4.2225619291338585
0
LINE
8
BLACK
6
CONTINUOUS
10
6.124785511811023
20
-4.2225619291338585
11
6.122729960629921
21
-4.2261222440944879
0
LINE
8
BLACK
6
CONTINUOUS
10
6.122729960629921
20
-4.2261222440944879
11
6.1198230314960629
21
-4.229029173228346
0
LINE
8
BLACK
6
CONTINUOUS
10
6.1198230314960629
20
-4.229029173228346
11
6.1162627165354326
21
-4.2310847244094489
0
LINE
8
BLACK
6
CONTINUOUS
10
6.1162627165354326
20
-4.2310847244094489
11
6.112291732283464
21
-4.2321487401574807
0
LINE
8
BLACK
6
CONTINUOUS
10
6.112291732283464
20
-4.2321487401574807
11
6.1081807086614175
21
-4.2321487401574807
0
LINE
8
BLACK
6
CONTINUOUS
10
6.1081807086614175
20
-4.2321487401574807
11
6.1042097244094489
21
-4.2310847244094489
0
LINE
8
BLACK
6
CONTINUOUS
10
6.1042097244094489
20
-4.2310847244094489
11
6.1006494094488186
21
-4.229029173228346
0
LINE
8
BLACK
6
CONTINUOUS
10
6.1006494094488186
20
-4.229029173228346
11
6.0977424803149605
21
-4.2261222440944879
0
LINE
8
BLACK
6
CONTINUOUS
10
6.0977424803149605
20
-4.2261222440944879
11
6.0956869291338585
21
-4.2225619291338585
0
LINE
8
BLACK
6
CONTINUOUS
10
6.0956869291338585
20
-4.2225619291338585
11
6.0946229133858267
21
-4.2185909448818899
0
LINE
8
BLACK
6
CONTINUOUS
10
6.0946229133858267
20
-4.2185909448818899
11
6.0946229133858267
21
-4.2144799212598425
0
LINE
8
BLACK
6
CONTINUOUS
10
6.0946229133858267
20
-4.2144799212598425
11
6.0956869291338585
21
-4.2105089370078739
0
LINE
8
BLACK
6
CONTINUOUS
10
6.0956869291338585
20
-4.2105089370078739
11
6.0977424803149605
21
-4.2069486220472436
0
LINE
8
BLACK
6
CONTINUOUS
10
6.0977424803149605
20
-4.2069486220472436
11
6.1006494094488186
21
-4.2040416929133855
0
LINE
8
BLACK
6
CONTINUOUS
10
6.1006494094488186
20
-4.2040416929133855
11
6.1042097244094489
21
-4.2019861417322835
0
LINE
8
BLACK
6
CONTINUOUS
10
6.1042097244094489
20
-4.2019861417322835
11
6.1081807086614175
21
-4.2009221259842517
0
LINE
8
BLACK
6
CONTINUOUS
10
6.1081807086614175
20
-4.2009221259842517
11
6.112291732283464
21
-4.2009221259842517
0
LINE
8
BLACK
6
CONTINUOUS
10
6.112291732283464
20
-4.2009221259842517
11
6.1162627165354326
21
-4.2019861417322835
0
LINE
8
BLACK
6
CONTINUOUS
10
6.1162627165354326
20
-4.2019861417322835
11
6.1198230314960629
21
-4.2040416929133855
0
LINE
8
BLACK
6
CONTINUOUS
10
6.1198230314960629
20
-4.2040416929133855
11
6.122729960629921
21
-4.2069486220472436
0
LINE
8
BLACK
6
CONTINUOUS
10
6.122729960629921
20
-4.2069486220472436
11
6.124785511811023
21
-4.2105089370078739
0
LINE
8
BLACK
6
CONTINUOUS
10
6.124785511811023
20
-4.2105089370078739
11
6.1248179133858267
21
-4.2106299212598426
0
LINE
8
BLACK
6
CONTINUOUS
10
6.1248179133858267
20
-4.2106299212598426
11
6.155034173228346
21
-4.2106299212598426
0
LINE
8
BLACK
6
CONTINUOUS
10
6.155034173228346
20
-4.2106299212598426
11
6.2199948031496062
21
-4.1456692913385824
0
LINE
8
BLACK
6
CONTINUOUS
10
6.2199948031496062
20
-4.1456692913385824
11
6.2123596062992128
21
-4.138034094488189
0
LINE
8
BLACK
6
CONTINUOUS
10
6.2123596062992128
20
-4.138034094488189
11
6.2116251574803147
21
-4.1371391732283467
0
LINE
8
BLACK
6
CONTINUOUS
10
6.2116251574803147
20
-4.1371391732283467
11
6.2108153543307081
21
-4.1351841338582673
0
LINE
8
BLACK
6
CONTINUOUS
10
6.2108153543307081
20
-4.1351841338582673
11
6.2107433858267713
21
-4.1350103937007869
0
LINE
8
BLACK
6
CONTINUOUS
10
6.2107433858267713
20
-4.1350103937007869
11
6.2106299212598426
21
-4.1338582677165352
0
LINE
8
BLACK
6
CONTINUOUS
10
6.2106299212598426
20
-4.1338582677165352
11
6.2106299212598426
21
-3.8846604330708661
0
LINE
8
BLACK
6
CONTINUOUS
10
6.2106299212598426
20
-3.8846604330708661
11
6.2105089370078739
21
-3.8846280314960628
0
LINE
8
BLACK
6
CONTINUOUS
10
6.2105089370078739
20
-3.8846280314960628
11
6.2069486220472436
21
-3.8825724803149604
0
LINE
8
BLACK
6
CONTINUOUS
10
6.2069486220472436
20
-3.8825724803149604
11
6.2040416929133855
21
-3.8796655511811022
0
LINE
8
BLACK
6
CONTINUOUS
10
6.2040416929133855
20
-3.8796655511811022
11
6.2019861417322835
21
-3.8761052362204724
0
LINE
8
BLACK
6
CONTINUOUS
10
6.2019861417322835
20
-3.8761052362204724
11
6.2009221259842517
21
-3.8721342519685038
0
LINE
8
BLACK
6
CONTINUOUS
10
6.2009221259842517
20
-3.8721342519685038
11
6.2009221259842517
21
-3.8680232283464564
0
LINE
8
BLACK
6
CONTINUOUS
10
6.2009221259842517
20
-3.8680232283464564
11
6.2019861417322835
21
-3.8640522440944882
0
LINE
8
BLACK
6
CONTINUOUS
10
6.2019861417322835
20
-3.8640522440944882
11
6.2040416929133855
21
-3.860491929133858
0
LINE
8
BLACK
6
CONTINUOUS
10
6.2040416929133855
20
-3.860491929133858
11
6.2069486220472436
21
-3.8575849999999998
0
LINE
8
BLACK
6
CONTINUOUS
10
6.2069486220472436
20
-3.8575849999999998
11
6.2105089370078739
21
-3.8555294488188974
0
LINE
8
BLACK
6
CONTINUOUS
10
6.2105089370078739
20
-3.8555294488188974
11
6.2144799212598425
21
-3.8544654330708661
0
LINE
8
BLACK
6
CONTINUOUS
10
6.2144799212598425
20
-3.8544654330708661
11
6.2185909448818899
21
-3.8544654330708661
0
LINE
8
BLACK
6
CONTINUOUS
10
6.2185909448818899
20
-3.8544654330708661
11
6.2225619291338585
21
-3.8555294488188974
0
LINE
8
BLACK
6
CONTINUOUS
10
6.1792548425196845
20
-3.9342696062992126
11
6.1828151574803147
21
-3.9363251574803151
0
LINE
8
BLACK
6
CONTINUOUS
10
6.1828151574803147
20
-3.9363251574803151
11
6.1857220866141729
21
-3.9392320866141732
0
LINE
8
BLACK
6
CONTINUOUS
10
6.1857220866141729
20
-3.9392320866141732
11
6.1877776377952758
21
-3.942792401574803
0
LINE
8
BLACK
6
CONTINUOUS
10
6.1877776377952758
20
-3.942792401574803
11
6.1888416535433066
21
-3.9467633858267717
0
LINE
8
BLACK
6
CONTINUOUS
10
6.1888416535433066
20
-3.9467633858267717
11
6.1888416535433066
21
-3.9508744094488186
0
LINE
8
BLACK
6
CONTINUOUS
10
6.1888416535433066
20
-3.9508744094488186
11
6.1877776377952758
21
-3.9548453937007872
0
LINE
8
BLACK
6
CONTINUOUS
10
6.1877776377952758
20
-3.9548453937007872
11
6.1857220866141729
21
-3.9584057086614171
0
LINE
8
BLACK
6
CONTINUOUS
10
6.1857220866141729
20
-3.9584057086614171
11
6.1828151574803147
21
-3.9613126377952756
0
LINE
8
BLACK
6
CONTINUOUS
10
6.1828151574803147
20
-3.9613126377952756
11
6.1792548425196845
21
-3.9633681889763777
0
LINE
8
BLACK
6
CONTINUOUS
10
6.1792548425196845
20
-3.9633681889763777
11
6.1791338582677167
21
-3.9634005905511809
0
LINE
8
BLACK
6
CONTINUOUS
10
6.1791338582677167
20
-3.9634005905511809
11
6.1791338582677167
21
-4.0748031496062991
0
LINE
8
BLACK
6
CONTINUOUS
10
6.1791338582677167
20
-4.0748031496062991
11
6.179020393700787
21
-4.0759552755905508
0
LINE
8
BLACK
6
CONTINUOUS
10
6.179020393700787
20
-4.0759552755905508
11
6.1789512992125983
21
-4.0761220472440947
0
LINE
8
BLACK
6
CONTINUOUS
10
6.1789512992125983
20
-4.0761220472440947
11
6.1781386220472436
21
-4.0780840944881893
0
LINE
8
BLACK
6
CONTINUOUS
10
6.1781386220472436
20
-4.0780840944881893
11
6.1774041732283465
21
-4.0789789763779529
0
LINE
8
BLACK
6
CONTINUOUS
10
6.1774041732283465
20
-4.0789789763779529
11
6.0645881496062994
21
-4.1917949606299212
0
LINE
8
BLACK
6
CONTINUOUS
10
6.0645881496062994
20
-4.1917949606299212
11
6.0654307086614168
21
-4.1932542519685034
0
LINE
8
BLACK
6
CONTINUOUS
10
6.0654307086614168
20
-4.1932542519685034
11
6.066760708661417
21
-4.1982179921259846
0
LINE
8
BLACK
6
CONTINUOUS
10
6.066760708661417
20
-4.1982179921259846
11
6.066760708661417
21
-4.2033568110236219
0
LINE
8
BLACK
6
CONTINUOUS
10
6.066760708661417
20
-4.2033568110236219
11
6.0654307086614168
21
-4.2083205511811022
0
LINE
8
BLACK
6
CONTINUOUS
10
6.0654307086614168
20
-4.2083205511811022
11
6.0628612992125985
21
-4.2127709055118112
0
LINE
8
BLACK
6
CONTINUOUS
10
6.0628612992125985
20
-4.2127709055118112
11
6.0592275984251964
21
-4.2164046062992124
0
LINE
8
BLACK
6
CONTINUOUS
10
6.0592275984251964
20
-4.2164046062992124
11
6.0547772440944883
21
-4.2189740157480315
0
LINE
8
BLACK
6
CONTINUOUS
10
6.0547772440944883
20
-4.2189740157480315
11
6.049813503937008
21
-4.2203040157480318
0
LINE
8
BLACK
6
CONTINUOUS
10
6.049813503937008
20
-4.2203040157480318
11
6.0446746850393698
21
-4.2203040157480318
0
LINE
8
BLACK
6
CONTINUOUS
10
6.0446746850393698
20
-4.2203040157480318
11
6.0397109448818895
21
-4.2189740157480315
0
LINE
8
BLACK
6
CONTINUOUS
10
6.0397109448818895
20
-4.2189740157480315
11
6.0352605905511814
21
-4.2164046062992124
0
LINE
8
BLACK
6
CONTINUOUS
10
6.0352605905511814
20
-4.2164046062992124
11
6.0316268897637793
21
-4.2127709055118112
0
LINE
8
BLACK
6
CONTINUOUS
10
6.0316268897637793
20
-4.2127709055118112
11
6.0290574803149601
21
-4.2083205511811022
0
LINE
8
BLACK
6
CONTINUOUS
10
6.0290574803149601
20
-4.2083205511811022
11
6.0277274803149608
21
-4.2033568110236219
0
LINE
8
BLACK
6
CONTINUOUS
10
6.0277274803149608
20
-4.2033568110236219
11
6.0277274803149608
21
-4.1982179921259846
0
LINE
8
BLACK
6
CONTINUOUS
10
6.0277274803149608
20
-4.1982179921259846
11
6.0290574803149601
21
-4.1932542519685034
0
LINE
8
BLACK
6
CONTINUOUS
10
6.0290574803149601
20
-4.1932542519685034
11
6.0316268897637793
21
-4.1888038976377953
0
LINE
8
BLACK
6
CONTINUOUS
10
6.0316268897637793
20
-4.1888038976377953
11
6.0352605905511814
21
-4.185170196850394
0
LINE
8
BLACK
6
CONTINUOUS
10
6.0352605905511814
20
-4.185170196850394
11
6.0397109448818895
21
-4.1826007874015749
0
LINE
8
BLACK
6
CONTINUOUS
10
6.0397109448818895
20
-4.1826007874015749
11
6.0446746850393698
21
-4.1812707874015747
0
LINE
8
BLACK
6
CONTINUOUS
10
6.0446746850393698
20
-4.1812707874015747
11
6.049813503937008
21
-4.1812707874015747
0
LINE
8
BLACK
6
CONTINUOUS
10
6.049813503937008
20
-4.1812707874015747
11
6.0547772440944883
21
-4.1826007874015749
0
LINE
8
BLACK
6
CONTINUOUS
10
6.0547772440944883
20
-4.1826007874015749
11
6.0562364960629917
21
-4.1834433070866144
0
LINE
8
BLACK
6
CONTINUOUS
10
6.0562364960629917
20
-4.1834433070866144
11
6.1673228346456694
21
-4.0723570078740154
0
LINE
8
BLACK
6
CONTINUOUS
10
6.1673228346456694
20
-4.0723570078740154
11
6.1673228346456694
21
-3.9634005905511809
0
LINE
8
BLACK
6
CONTINUOUS
10
6.1673228346456694
20
-3.9634005905511809
11
6.1672018503937007
21
-3.9633681889763777
0
LINE
8
BLACK
6
CONTINUOUS
10
6.1672018503937007
20
-3.9633681889763777
11
6.1636415354330705
21
-3.9613126377952756
0
LINE
8
BLACK
6
CONTINUOUS
10
6.1636415354330705
20
-3.9613126377952756
11
6.1607346062992123
21
-3.9584057086614171
0
LINE
8
BLACK
6
CONTINUOUS
10
6.1607346062992123
20
-3.9584057086614171
11
6.1586790551181103
21
-3.9548453937007872
0
LINE
8
BLACK
6
CONTINUOUS
10
6.1586790551181103
20
-3.9548453937007872
11
6.1576150393700786
21
-3.9508744094488186
0
LINE
8
BLACK
6
CONTINUOUS
10
6.1576150393700786
20
-3.9508744094488186
11
6.1576150393700786
21
-3.9467633858267717
0
LINE
8
BLACK
6
CONTINUOUS
10
6.1576150393700786
20
-3.9467633858267717
11
6.1586790551181103
21
-3.942792401574803
0
LINE
8
BLACK
6
CONTINUOUS
10
6.1586790551181103
20
-3.942792401574803
11
6.1607346062992123
21
-3.9392320866141732
0
LINE
8
BLACK
6
CONTINUOUS
10
6.1607346062992123
20
-3.9392320866141732
11
6.1636415354330705
21
-3.9363251574803151
0
LINE
8
BLACK
6
CONTINUOUS
10
6.1636415354330705
20
-3.9363251574803151
11
6.1672018503937007
21
-3.9342696062992126
0
LINE
8
BLACK
6
CONTINUOUS
10
6.1672018503937007
20
-3.9342696062992126
11
6.1711728346456693
21
-3.9332055905511809
0
LINE
8
BLACK
6
CONTINUOUS
10
6.1711728346456693
20
-3.9332055905511809
11
6.1752838582677168
21
-3.9332055905511809
0
LINE
8
BLACK
6
CONTINUOUS
10
6.1752838582677168
20
-3.9332055905511809
11
6.1792548425196845
21
-3.9342696062992126
0
LINE
8
BLACK
6
CONTINUOUS
10
6.0552587795275592
20
-4.0917499212598427
11
6.0588190944881886
21
-4.0938054724409447
0
LINE
8
BLACK
6
CONTINUOUS
10
6.0588190944881886
20
-4.0938054724409447
11
6.0617260236220467
21
-4.0967124015748029
0
LINE
8
BLACK
6
CONTINUOUS
10
6.0617260236220467
20
-4.0967124015748029
11
6.0637815748031496
21
-4.1002727165354331
0
LINE
8
BLACK
6
CONTINUOUS
10
6.0637815748031496
20
-4.1002727165354331
11
6.0648455905511813
21
-4.1042437007874017
0
LINE
8
BLACK
6
CONTINUOUS
10
6.0648455905511813
20
-4.1042437007874017
11
6.0648455905511813
21
-4.1083547244094492
0
LINE
8
BLACK
6
CONTINUOUS
10
6.0648455905511813
20
-4.1083547244094492
11
6.0646243307086616
21
-4.1091803937007869
0
LINE
8
BLACK
6
CONTINUOUS
10
6.0646243307086616
20
-4.1091803937007869
11
6.0654307086614168
21
-4.1105770866141729
0
LINE
8
BLACK
6
CONTINUOUS
10
6.0654307086614168
20
-4.1105770866141729
11
6.066760708661417
21
-4.1155408267716531
0
LINE
8
BLACK
6
CONTINUOUS
10
6.066760708661417
20
-4.1155408267716531
11
6.066760708661417
21
-4.1206796456692913
0
LINE
8
BLACK
6
CONTINUOUS
10
6.066760708661417
20
-4.1206796456692913
11
6.0654307086614168
21
-4.1256433858267716
0
LINE
8
BLACK
6
CONTINUOUS
10
6.0654307086614168
20
-4.1256433858267716
11
6.0628612992125985
21
-4.1300937401574807
0
LINE
8
BLACK
6
CONTINUOUS
10
6.0628612992125985
20
-4.1300937401574807
11
6.0592275984251964
21
-4.1337274409448819
0
LINE
8
BLACK
6
CONTINUOUS
10
6.0592275984251964
20
-4.1337274409448819
11
6.0547772440944883
21
-4.136296850393701
0
LINE
8
BLACK
6
CONTINUOUS
10
6.0547772440944883
20
-4.136296850393701
11
6.049813503937008
21
-4.1376268503937004
0
LINE
8
BLACK
6
CONTINUOUS
10
6.049813503937008
20
-4.1376268503937004
11
6.0446746850393698
21
-4.1376268503937004
0
LINE
8
BLACK
6
CONTINUOUS
10
6.0446746850393698
20
-4.1376268503937004
11
6.0397109448818895
21
-4.136296850393701
0
LINE
8
BLACK
6
CONTINUOUS
10
6.0397109448818895
20
-4.136296850393701
11
6.0352605905511814
21
-4.1337274409448819
0
LINE
8
BLACK
6
CONTINUOUS
10
6.0352605905511814
20
-4.1337274409448819
11
6.0316268897637793
21
-4.1300937401574807
0
LINE
8
BLACK
6
CONTINUOUS
10
6.0316268897637793
20
-4.1300937401574807
11
6.0290574803149601
21
-4.1256433858267716
0
LINE
8
BLACK
6
CONTINUOUS
10
6.0290574803149601
20
-4.1256433858267716
11
6.0277274803149608
21
-4.1206796456692913
0
LINE
8
BLACK
6
CONTINUOUS
10
6.0277274803149608
20
-4.1206796456692913
11
6.0277274803149608
21
-4.1155408267716531
0
LINE
8
BLACK
6
CONTINUOUS
10
6.0277274803149608
20
-4.1155408267716531
11
6.0290574803149601
21
-4.1105770866141729
0
LINE
8
BLACK
6
CONTINUOUS
10
6.0290574803149601
20
-4.1105770866141729
11
6.0316268897637793
21
-4.1061267322834647
0
LINE
8
BLACK
6
CONTINUOUS
10
6.0316268897637793
20
-4.1061267322834647
11
6.0336588582677164
21
-4.1040947244094488
0
LINE
8
BLACK
6
CONTINUOUS
10
6.0336588582677164
20
-4.1040947244094488
11
6.0346829921259841
21
-4.1002727165354331
0
LINE
8
BLACK
6
CONTINUOUS
10
6.0346829921259841
20
-4.1002727165354331
11
6.0367385433070861
21
-4.0967124015748029
0
LINE
8
BLACK
6
CONTINUOUS
10
6.0367385433070861
20
-4.0967124015748029
11
6.0396454724409452
21
-4.0938054724409447
0
LINE
8
BLACK
6
CONTINUOUS
10
6.0396454724409452
20
-4.0938054724409447
11
6.0432057874015745
21
-4.0917499212598427
0
LINE
8
BLACK
6
CONTINUOUS
10
6.0432057874015745
20
-4.0917499212598427
11
6.0471767716535432
21
-4.090685905511811
0
LINE
8
BLACK
6
CONTINUOUS
10
6.0471767716535432
20
-4.090685905511811
11
6.0512877952755906
21
-4.090685905511811
0
LINE
8
BLACK
6
CONTINUOUS
10
6.0512877952755906
20
-4.090685905511811
11
6.0552587795275592
21
-4.0917499212598427
0
LINE
8
BLACK
6
CONTINUOUS
10
6.1595698031496058
20
-3.7334822047244094
11
6.163130118110236
21
-3.7355377559055118
0
LINE
8
BLACK
6
CONTINUOUS
10
6.163130118110236
20
-3.7355377559055118
11
6.1660370472440942
21
-3.73844468503937
0
LINE
8
BLACK
6
CONTINUOUS
10
6.1660370472440942
20
-3.73844468503937
11
6.1680925984251971
21
-3.7420049999999998
0
LINE
8
BLACK
6
CONTINUOUS
10
6.1680925984251971
20
-3.7420049999999998
11
6.1681249999999999
21
-3.7421259842519685
0
LINE
8
BLACK
6
CONTINUOUS
10
6.1681249999999999
20
-3.7421259842519685
11
6.1889763779527556
21
-3.7421259842519685
0
LINE
8
BLACK
6
CONTINUOUS
10
6.1889763779527556
20
-3.7421259842519685
11
6.1901285039370073
21
-3.7422394488188977
0
LINE
8
BLACK
6
CONTINUOUS
10
6.1901285039370073
20
-3.7422394488188977
11
6.1910102755905507
21
-3.7426046850393702
0
LINE
8
BLACK
6
CONTINUOUS
10
6.1910102755905507
20
-3.7426046850393702
11
6.1922572834645671
21
-3.7431212204724407
0
LINE
8
BLACK
6
CONTINUOUS
10
6.1922572834645671
20
-3.7431212204724407
11
6.1931522047244094
21
-3.7438556692913383
0
LINE
8
BLACK
6
CONTINUOUS
10
6.1931522047244094
20
-3.7438556692913383
11
6.2876403937007872
21
-3.8383438582677165
0
LINE
8
BLACK
6
CONTINUOUS
10
6.2876403937007872
20
-3.8383438582677165
11
6.2883748425196853
21
-3.8392387795275589
0
LINE
8
BLACK
6
CONTINUOUS
10
6.2883748425196853
20
-3.8392387795275589
11
6.2884361023622048
21
-3.8393866929133855
0
LINE
8
BLACK
6
CONTINUOUS
10
6.2884361023622048
20
-3.8393866929133855
11
6.2892566141732278
21
-3.8413675590551182
0
LINE
8
BLACK
6
CONTINUOUS
10
6.2892566141732278
20
-3.8413675590551182
11
6.2893700787401574
21
-3.8425196850393699
0
LINE
8
BLACK
6
CONTINUOUS
10
6.2893700787401574
20
-3.8425196850393699
11
6.2893700787401574
21
-4.0629921259842519
0
LINE
8
BLACK
6
CONTINUOUS
10
6.2893700787401574
20
-4.0629921259842519
11
6.2892566141732278
21
-4.0641442519685036
0
LINE
8
BLACK
6
CONTINUOUS
10
6.2892566141732278
20
-4.0641442519685036
11
6.2892236614173225
21
-4.0642237795275591
0
LINE
8
BLACK
6
CONTINUOUS
10
6.2892236614173225
20
-4.0642237795275591
11
6.2883748425196853
21
-4.0662730708661412
0
LINE
8
BLACK
6
CONTINUOUS
10
6.2883748425196853
20
-4.0662730708661412
11
6.2876403937007872
21
-4.0671679527559057
0
LINE
8
BLACK
6
CONTINUOUS
10
6.2876403937007872
20
-4.0671679527559057
11
6.2822031496062989
21
-4.0726051574803153
0
LINE
8
BLACK
6
CONTINUOUS
10
6.2822031496062989
20
-4.0726051574803153
11
6.2822658267716536
21
-4.0727136614173229
0
LINE
8
BLACK
6
CONTINUOUS
10
6.2822658267716536
20
-4.0727136614173229
11
6.2833298425196853
21
-4.0766846456692916
0
LINE
8
BLACK
6
CONTINUOUS
10
6.2833298425196853
20
-4.0766846456692916
11
6.2833298425196853
21
-4.0807956692913381
0
LINE
8
BLACK
6
CONTINUOUS
10
6.2833298425196853
20
-4.0807956692913381
11
6.2822658267716536
21
-4.0847666535433067
0
LINE
8
BLACK
6
CONTINUOUS
10
6.2822658267716536
20
-4.0847666535433067
11
6.2802102755905507
21
-4.088326968503937
0
LINE
8
BLACK
6
CONTINUOUS
10
6.2802102755905507
20
-4.088326968503937
11
6.2773033464566925
21
-4.0912338976377951
0
LINE
8
BLACK
6
CONTINUOUS
10
6.2773033464566925
20
-4.0912338976377951
11
6.2737430314960632
21
-4.0932894488188971
0
LINE
8
BLACK
6
CONTINUOUS
10
6.2737430314960632
20
-4.0932894488188971
11
6.2697720472440945
21
-4.0943534645669288
0
LINE
8
BLACK
6
CONTINUOUS
10
6.2697720472440945
20
-4.0943534645669288
11
6.2656610236220471
21
-4.0943534645669288
0
LINE
8
BLACK
6
CONTINUOUS
10
6.2656610236220471
20
-4.0943534645669288
11
6.2616900393700785
21
-4.0932894488188971
0
LINE
8
BLACK
6
CONTINUOUS
10
6.2616900393700785
20
-4.0932894488188971
11
6.2581297244094483
21
-4.0912338976377951
0
LINE
8
BLACK
6
CONTINUOUS
10
6.2581297244094483
20
-4.0912338976377951
11
6.2552227952755901
21
-4.088326968503937
0
LINE
8
BLACK
6
CONTINUOUS
10
6.2552227952755901
20
-4.088326968503937
11
6.2531672440944881
21
-4.0847666535433067
0
LINE
8
BLACK
6
CONTINUOUS
10
6.2531672440944881
20
-4.0847666535433067
11
6.2521032283464564
21
-4.0807956692913381
0
LINE
8
BLACK
6
CONTINUOUS
10
6.2521032283464564
20
-4.0807956692913381
11
6.2521032283464564
21
-4.0766846456692916
0
LINE
8
BLACK
6
CONTINUOUS
10
6.2521032283464564
20
-4.0766846456692916
11
6.2531672440944881
21
-4.0727136614173229
0
LINE
8
BLACK
6
CONTINUOUS
10
6.2531672440944881
20
-4.0727136614173229
11
6.2552227952755901
21
-4.0691533464566927
0
LINE
8
BLACK
6
CONTINUOUS
10
6.2552227952755901
20
-4.0691533464566927
11
6.2581297244094483
21
-4.0662464173228345
0
LINE
8
BLACK
6
CONTINUOUS
10
6.2581297244094483
20
-4.0662464173228345
11
6.2616900393700785
21
-4.0641908661417325
0
LINE
8
BLACK
6
CONTINUOUS
10
6.2616900393700785
20
-4.0641908661417325
11
6.2656610236220471
21
-4.0631268503937008
0
LINE
8
BLACK
6
CONTINUOUS
10
6.2656610236220471
20
-4.0631268503937008
11
6.2697720472440945
21
-4.0631268503937008
0
LINE
8
BLACK
6
CONTINUOUS
10
6.2697720472440945
20
-4.0631268503937008
11
6.2737430314960632
21
-4.0641908661417325
0
LINE
8
BLACK
6
CONTINUOUS
10
6.2737430314960632
20
-4.0641908661417325
11
6.2738514960629921
21
-4.0642535039370076
0
LINE
8
BLACK
6
CONTINUOUS
10
6.2738514960629921
20
-4.0642535039370076
11
6.2775590551181102
21
-4.0605459842519682
0
LINE
8
BLACK
6
CONTINUOUS
10
6.2775590551181102
20
-4.0605459842519682
11
6.2775590551181102
21
-3.8449658267716535
0
LINE
8
BLACK
6
CONTINUOUS
10
6.2775590551181102
20
-3.8449658267716535
11
6.1865302362204719
21
-3.7539370078740157
0
LINE
8
BLACK
6
CONTINUOUS
10
6.1865302362204719
20
-3.7539370078740157
11
6.1681249999999999
21
-3.7539370078740157
0
LINE
8
BLACK
6
CONTINUOUS
10
6.1681249999999999
20
-3.7539370078740157
11
6.1680925984251971
21
-3.754057992125984
0
LINE
8
BLACK
6
CONTINUOUS
10
6.1680925984251971
20
-3.754057992125984
11
6.1660370472440942
21
-3.7576183070866143
0
LINE
8
BLACK
6
CONTINUOUS
10
6.1660370472440942
20
-3.7576183070866143
11
6.163130118110236
21
-3.7605252362204724
0
LINE
8
BLACK
6
CONTINUOUS
10
6.163130118110236
20
-3.7605252362204724
11
6.1595698031496058
21
-3.7625807874015749
0
LINE
8
BLACK
6
CONTINUOUS
10
6.1595698031496058
20
-3.7625807874015749
11
6.155598818897638
21
-3.7636448031496061
0
LINE
8
BLACK
6
CONTINUOUS
10
6.155598818897638
20
-3.7636448031496061
11
6.1514877952755906
21
-3.7636448031496061
0
LINE
8
BLACK
6
CONTINUOUS
10
6.1514877952755906
20
-3.7636448031496061
11
6.147516811023622
21
-3.7625807874015749
0
LINE
8
BLACK
6
CONTINUOUS
10
6.147516811023622
20
-3.7625807874015749
11
6.1439564960629918
21
-3.7605252362204724
0
LINE
8
BLACK
6
CONTINUOUS
10
6.1439564960629918
20
-3.7605252362204724
11
6.1410495669291336
21
-3.7576183070866143
0
LINE
8
BLACK
6
CONTINUOUS
10
6.1410495669291336
20
-3.7576183070866143
11
6.1389940157480316
21
-3.754057992125984
0
LINE
8
BLACK
6
CONTINUOUS
10
6.1389940157480316
20
-3.754057992125984
11
6.1379299999999999
21
-3.7500870078740158
0
LINE
8
BLACK
6
CONTINUOUS
10
6.1379299999999999
20
-3.7500870078740158
11
6.1379299999999999
21
-3.7459759842519684
0
LINE
8
BLACK
6
CONTINUOUS
10
6.1379299999999999
20
-3.7459759842519684
11
6.1389940157480316
21
-3.7420049999999998
0
LINE
8
BLACK
6
CONTINUOUS
10
6.1389940157480316
20
-3.7420049999999998
11
6.1410495669291336
21
-3.73844468503937
0
LINE
8
BLACK
6
CONTINUOUS
10
6.1410495669291336
20
-3.73844468503937
11
6.1439564960629918
21
-3.7355377559055118
0
LINE
8
BLACK
6
CONTINUOUS
10
6.1439564960629918
20
-3.7355377559055118
11
6.147516811023622
21
-3.7334822047244094
0
LINE
8
BLACK
6
CONTINUOUS
10
6.147516811023622
20
-3.7334822047244094
11
6.1514877952755906
21
-3.7324181889763777
0
LINE
8
BLACK
6
CONTINUOUS
10
6.1514877952755906
20
-3.7324181889763777
11
6.155598818897638
21
-3.7324181889763777
0
LINE
8
BLACK
6
CONTINUOUS
10
6.155598818897638
20
-3.7324181889763777
11
6.1595698031496058
21
-3.7334822047244094
0
LINE
8
BLACK
6
CONTINUOUS
10
5.7737430314960632
20
-3.8404507086614172
11
5.7773033464566925
21
-3.8425062598425197
0
LINE
8
BLACK
6
CONTINUOUS
10
5.7773033464566925
20
-3.8425062598425197
11
5.7802102755905507
21
-3.8454131889763778
0
LINE
8
BLACK
6
CONTINUOUS
10
5.7802102755905507
20
-3.8454131889763778
11
5.7822658267716536
21
-3.8489735039370077
0
LINE
8
BLACK
6
CONTINUOUS
10
5.7822658267716536
20
-3.8489735039370077
11
5.7833298425196853
21
-3.8529444881889763
0
LINE
8
BLACK
6
CONTINUOUS
10
5.7833298425196853
20
-3.8529444881889763
11
5.7833298425196853
21
-3.8570555118110237
0
LINE
8
BLACK
6
CONTINUOUS
10
5.7833298425196853
20
-3.8570555118110237
11
5.7822658267716536
21
-3.8610264960629919
0
LINE
8
BLACK
6
CONTINUOUS
10
5.7822658267716536
20
-3.8610264960629919
11
5.7802102755905507
21
-3.8645868110236221
0
LINE
8
BLACK
6
CONTINUOUS
10
5.7802102755905507
20
-3.8645868110236221
11
5.7773033464566925
21
-3.8674937401574803
0
LINE
8
BLACK
6
CONTINUOUS
10
5.7773033464566925
20
-3.8674937401574803
11
5.7755905511811019
21
-3.8684825984251967
0
LINE
8
BLACK
6
CONTINUOUS
10
5.7755905511811019
20
-3.8684825984251967
11
5.7755905511811019
21
-3.9407818503937007
0
LINE
8
BLACK
6
CONTINUOUS
10
5.7755905511811019
20
-3.9407818503937007
11
5.7767516535433066
21
-3.9427929527559056
0
LINE
8
BLACK
6
CONTINUOUS
10
5.7767516535433066
20
-3.9427929527559056
11
5.7778156692913383
21
-3.9467639370078738
0
LINE
8
BLACK
6
CONTINUOUS
10
5.7778156692913383
20
-3.9467639370078738
11
5.7778156692913383
21
-3.9508749606299212
0
LINE
8
BLACK
6
CONTINUOUS
10
5.7778156692913383
20
-3.9508749606299212
11
5.7767516535433066
21
-3.9548459448818898
0
LINE
8
BLACK
6
CONTINUOUS
10
5.7767516535433066
20
-3.9548459448818898
11
5.7762204724409445
21
-3.9557659448818896
0
LINE
8
BLACK
6
CONTINUOUS
10
5.7762204724409445
20
-3.9557659448818896
11
5.7762204724409445
21
-4.0376984645669287
0
LINE
8
BLACK
6
CONTINUOUS
10
5.7762204724409445
20
-4.0376984645669287
11
5.7779332677165351
21
-4.0386873622047244
0
LINE
8
BLACK
6
CONTINUOUS
10
5.7779332677165351
20
-4.0386873622047244
11
5.7808401968503933
21
-4.0415942913385825
0
LINE
8
BLACK
6
CONTINUOUS
10
5.7808401968503933
20
-4.0415942913385825
11
5.7828957480314962
21
-4.0451546062992128
0
LINE
8
BLACK
6
CONTINUOUS
10
5.7828957480314962
20
-4.0451546062992128
11
5.783959763779527
21
-4.0491255905511814
0
LINE
8
BLACK
6
CONTINUOUS
10
5.783959763779527
20
-4.0491255905511814
11
5.783959763779527
21
-4.0532366141732279
0
LINE
8
BLACK
6
CONTINUOUS
10
5.783959763779527
20
-4.0532366141732279
11
5.7828957480314962
21
-4.0572075984251965
0
LINE
8
BLACK
6
CONTINUOUS
10
5.7828957480314962
20
-4.0572075984251965
11
5.7808401968503933
21
-4.0607679133858268
0
LINE
8
BLACK
6
CONTINUOUS
10
5.7808401968503933
20
-4.0607679133858268
11
5.7779332677165351
21
-4.0636748425196849
0
LINE
8
BLACK
6
CONTINUOUS
10
5.7779332677165351
20
-4.0636748425196849
11
5.7743729527559058
21
-4.0657303937007869
0
LINE
8
BLACK
6
CONTINUOUS
10
5.7743729527559058
20
-4.0657303937007869
11
5.7704019685039372
21
-4.0667944094488186
0
LINE
8
BLACK
6
CONTINUOUS
10
5.7704019685039372
20
-4.0667944094488186
11
5.7662909448818898
21
-4.0667944094488186
0
LINE
8
BLACK
6
CONTINUOUS
10
5.7662909448818898
20
-4.0667944094488186
11
5.7623199606299211
21
-4.0657303937007869
0
LINE
8
BLACK
6
CONTINUOUS
10
5.7623199606299211
20
-4.0657303937007869
11
5.7587596456692909
21
-4.0636748425196849
0
LINE
8
BLACK
6
CONTINUOUS
10
5.7587596456692909
20
-4.0636748425196849
11
5.7558527165354327
21
-4.0607679133858268
0
LINE
8
BLACK
6
CONTINUOUS
10
5.7558527165354327
20
-4.0607679133858268
11
5.7537971653543307
21
-4.0572075984251965
0
LINE
8
BLACK
6
CONTINUOUS
10
5.7537971653543307
20
-4.0572075984251965
11
5.752733149606299
21
-4.0532366141732279
0
LINE
8
BLACK
6
CONTINUOUS
10
5.752733149606299
20
-4.0532366141732279
11
5.752733149606299
21
-4.0491255905511814
0
LINE
8
BLACK
6
CONTINUOUS
10
5.752733149606299
20
-4.0491255905511814
11
5.7537971653543307
21
-4.0451546062992128
0
LINE
8
BLACK
6
CONTINUOUS
10
5.7537971653543307
20
-4.0451546062992128
11
5.7558527165354327
21
-4.0415942913385825
0
LINE
8
BLACK
6
CONTINUOUS
10
5.7558527165354327
20
-4.0415942913385825
11
5.7587596456692909
21
-4.0386873622047244
0
LINE
8
BLACK
6
CONTINUOUS
10
5.7587596456692909
20
-4.0386873622047244
11
5.7604724409448815
21
-4.0376984645669287
0
LINE
8
BLACK
6
CONTINUOUS
10
5.7604724409448815
20
-4.0376984645669287
11
5.7604724409448815
21
-3.9644327559055119
0
LINE
8
BLACK
6
CONTINUOUS
10
5.7604724409448815
20
-3.9644327559055119
11
5.760146850393701
21
-3.9644327559055119
0
LINE
8
BLACK
6
CONTINUOUS
10
5.760146850393701
20
-3.9644327559055119
11
5.7561758661417324
21
-3.9633687401574802
0
LINE
8
BLACK
6
CONTINUOUS
10
5.7561758661417324
20
-3.9633687401574802
11
5.7526155511811021
21
-3.9613131889763777
0
LINE
8
BLACK
6
CONTINUOUS
10
5.7526155511811021
20
-3.9613131889763777
11
5.749708622047244
21
-3.9584062598425196
0
LINE
8
BLACK
6
CONTINUOUS
10
5.749708622047244
20
-3.9584062598425196
11
5.747653070866142
21
-3.9548459448818898
0
LINE
8
BLACK
6
CONTINUOUS
10
5.747653070866142
20
-3.9548459448818898
11
5.7465890551181102
21
-3.9508749606299212
0
LINE
8
BLACK
6
CONTINUOUS
10
5.7465890551181102
20
-3.9508749606299212
11
5.7465890551181102
21
-3.9467639370078738
0
LINE
8
BLACK
6
CONTINUOUS
10
5.7465890551181102
20
-3.9467639370078738
11
5.747653070866142
21
-3.9427929527559056
0
LINE
8
BLACK
6
CONTINUOUS
10
5.747653070866142
20
-3.9427929527559056
11
5.749708622047244
21
-3.9392326377952753
0
LINE
8
BLACK
6
CONTINUOUS
10
5.749708622047244
20
-3.9392326377952753
11
5.7526155511811021
21
-3.9363257086614172
0
LINE
8
BLACK
6
CONTINUOUS
10
5.7526155511811021
20
-3.9363257086614172
11
5.7561758661417324
21
-3.9342701574803147
0
LINE
8
BLACK
6
CONTINUOUS
10
5.7561758661417324
20
-3.9342701574803147
11
5.7598425196850389
21
-3.9332876771653544
0
LINE
8
BLACK
6
CONTINUOUS
10
5.7598425196850389
20
-3.9332876771653544
11
5.7598425196850389
21
-3.8684825984251967
0
LINE
8
BLACK
6
CONTINUOUS
10
5.7598425196850389
20
-3.8684825984251967
11
5.7581297244094483
21
-3.8674937401574803
0
LINE
8
BLACK
6
CONTINUOUS
10
5.7581297244094483
20
-3.8674937401574803
11
5.7552227952755901
21
-3.8645868110236221
0
LINE
8
BLACK
6
CONTINUOUS
10
5.7552227952755901
20
-3.8645868110236221
11
5.7531672440944881
21
-3.8610264960629919
0
LINE
8
BLACK
6
CONTINUOUS
10
5.7531672440944881
20
-3.8610264960629919
11
5.7521032283464564
21
-3.8570555118110237
0
LINE
8
BLACK
6
CONTINUOUS
10
5.7521032283464564
20
-3.8570555118110237
11
5.7521032283464564
21
-3.8529444881889763
0
LINE
8
BLACK
6
CONTINUOUS
10
5.7521032283464564
20
-3.8529444881889763
11
5.7531672440944881
21
-3.8489735039370077
0
LINE
8
BLACK
6
CONTINUOUS
10
5.7531672440944881
20
-3.8489735039370077
11
5.7552227952755901
21
-3.8454131889763778
0
LINE
8
BLACK
6
CONTINUOUS
10
5.7552227952755901
20
-3.8454131889763778
11
5.7581297244094483
21
-3.8425062598425197
0
LINE
8
BLACK
6
CONTINUOUS
10
5.7581297244094483
20
-3.8425062598425197
11
5.7616900393700785
21
-3.8404507086614172
0
LINE
8
BLACK
6
CONTINUOUS
10
5.7616900393700785
20
-3.8404507086614172
11
5.7656610236220471
21
-3.8393866929133855
0
LINE
8
BLACK
6
CONTINUOUS
10
5.7656610236220471
20
-3.8393866929133855
11
5.7697720472440945
21
-3.8393866929133855
0
LINE
8
BLACK
6
CONTINUOUS
10
5.7697720472440945
20
-3.8393866929133855
11
5.7737430314960632
21
-3.8404507086614172
0
LINE
8
BLACK
6
CONTINUOUS
10
5.7639005118110234
20
-3.7708837795275589
11
5.7674608267716536
21
-3.7729393307086614
0
LINE
8
BLACK
6
CONTINUOUS
10
5.7674608267716536
20
-3.7729393307086614
11
5.7703677559055118
21
-3.7758462598425195
0
LINE
8
BLACK
6
CONTINUOUS
10
5.7703677559055118
20
-3.7758462598425195
11
5.7724233070866138
21
-3.7794065748031493
0
LINE
8
BLACK
6
CONTINUOUS
10
5.7724233070866138
20
-3.7794065748031493
11
5.7734873228346455
21
-3.783377559055118
0
LINE
8
BLACK
6
CONTINUOUS
10
5.7734873228346455
20
-3.783377559055118
11
5.7734873228346455
21
-3.7874885826771654
0
LINE
8
BLACK
6
CONTINUOUS
10
5.7734873228346455
20
-3.7874885826771654
11
5.772570157480315
21
-3.7909114173228344
0
LINE
8
BLACK
6
CONTINUOUS
10
5.772570157480315
20
-3.7909114173228344
11
5.9254356692913381
21
-3.943776929133858
0
LINE
8
BLACK
6
CONTINUOUS
10
5.9254356692913381
20
-3.943776929133858
11
5.9261701181102362
21
-3.9446718503937008
0
LINE
8
BLACK
6
CONTINUOUS
10
5.9261701181102362
20
-3.9446718503937008
11
5.9265988582677167
21
-3.945706968503937
0
LINE
8
BLACK
6
CONTINUOUS
10
5.9265988582677167
20
-3.945706968503937
11
5.9270518897637796
21
-3.9468006299212597
0
LINE
8
BLACK
6
CONTINUOUS
10
5.9270518897637796
20
-3.9468006299212597
11
5.9271653543307083
21
-3.9479527559055119
0
LINE
8
BLACK
6
CONTINUOUS
10
5.9271653543307083
20
-3.9479527559055119
11
5.9271653543307083
21
-4.0011662992125983
0
LINE
8
BLACK
6
CONTINUOUS
10
5.9271653543307083
20
-4.0011662992125983
11
5.9272863385826771
21
-4.0011987401574798
0
LINE
8
BLACK
6
CONTINUOUS
10
5.9272863385826771
20
-4.0011987401574798
11
5.9308466535433073
21
-4.0032542913385827
0
LINE
8
BLACK
6
CONTINUOUS
10
5.9308466535433073
20
-4.0032542913385827
11
5.9337535826771655
21
-4.0061612204724408
0
LINE
8
BLACK
6
CONTINUOUS
10
5.9337535826771655
20
-4.0061612204724408
11
5.9358091338582675
21
-4.0097215354330711
0
LINE
8
BLACK
6
CONTINUOUS
10
5.9358091338582675
20
-4.0097215354330711
11
5.9368731496062992
21
-4.0136925196850397
0
LINE
8
BLACK
6
CONTINUOUS
10
5.9368731496062992
20
-4.0136925196850397
11
5.9368731496062992
21
-4.0178035433070862
0
LINE
8
BLACK
6
CONTINUOUS
10
5.9368731496062992
20
-4.0178035433070862
11
5.9358091338582675
21
-4.0217745275590548
0
LINE
8
BLACK
6
CONTINUOUS
10
5.9358091338582675
20
-4.0217745275590548
11
5.9337535826771655
21
-4.0253348425196851
0
LINE
8
BLACK
6
CONTINUOUS
10
5.9337535826771655
20
-4.0253348425196851
11
5.9308466535433073
21
-4.0282417716535432
0
LINE
8
BLACK
6
CONTINUOUS
10
5.9308466535433073
20
-4.0282417716535432
11
5.9272863385826771
21
-4.0302973228346453
0
LINE
8
BLACK
6
CONTINUOUS
10
5.9272863385826771
20
-4.0302973228346453
11
5.9233153543307084
21
-4.031361338582677
0
LINE
8
BLACK
6
CONTINUOUS
10
5.9233153543307084
20
-4.031361338582677
11
5.919204330708661
21
-4.031361338582677
0
LINE
8
BLACK
6
CONTINUOUS
10
5.919204330708661
20
-4.031361338582677
11
5.9152333464566924
21
-4.0302973228346453
0
LINE
8
BLACK
6
CONTINUOUS
10
5.9152333464566924
20
-4.0302973228346453
11
5.911673031496063
21
-4.0282417716535432
0
LINE
8
BLACK
6
CONTINUOUS
10
5.911673031496063
20
-4.0282417716535432
11
5.9087661023622049
21
-4.0253348425196851
0
LINE
8
BLACK
6
CONTINUOUS
10
5.9087661023622049
20
-4.0253348425196851
11
5.906710551181102
21
-4.0217745275590548
0
LINE
8
BLACK
6
CONTINUOUS
10
5.906710551181102
20
-4.0217745275590548
11
5.9056465354330712
21
-4.0178035433070862
0
LINE
8
BLACK
6
CONTINUOUS
10
5.9056465354330712
20
-4.0178035433070862
11
5.9056465354330712
21
-4.0136925196850397
0
LINE
8
BLACK
6
CONTINUOUS
10
5.9056465354330712
20
-4.0136925196850397
11
5.906710551181102
21
-4.0097215354330711
0
LINE
8
BLACK
6
CONTINUOUS
10
5.906710551181102
20
-4.0097215354330711
11
5.9087661023622049
21
-4.0061612204724408
0
LINE
8
BLACK
6
CONTINUOUS
10
5.9087661023622049
20
-4.0061612204724408
11
5.911673031496063
21
-4.0032542913385827
0
LINE
8
BLACK
6
CONTINUOUS
10
5.911673031496063
20
-4.0032542913385827
11
5.9152333464566924
21
-4.0011987401574798
0
LINE
8
BLACK
6
CONTINUOUS
10
5.9152333464566924
20
-4.0011987401574798
11
5.9153543307086611
21
-4.0011662992125983
0
LINE
8
BLACK
6
CONTINUOUS
10
5.9153543307086611
20
-4.0011662992125983
11
5.9153543307086611
21
-3.9503988976377951
0
LINE
8
BLACK
6
CONTINUOUS
10
5.9153543307086611
20
-3.9503988976377951
11
5.7645581102362202
21
-3.7996026771653542
0
LINE
8
BLACK
6
CONTINUOUS
10
5.7645581102362202
20
-3.7996026771653542
11
5.7639005118110234
21
-3.7999823622047244
0
LINE
8
BLACK
6
CONTINUOUS
10
5.7639005118110234
20
-3.7999823622047244
11
5.7599295275590547
21
-3.8010463779527557
0
LINE
8
BLACK
6
CONTINUOUS
10
5.7599295275590547
20
-3.8010463779527557
11
5.7558185039370073
21
-3.8010463779527557
0
LINE
8
BLACK
6
CONTINUOUS
10
5.7558185039370073
20
-3.8010463779527557
11
5.7518475196850396
21
-3.7999823622047244
0
LINE
8
BLACK
6
CONTINUOUS
10
5.7518475196850396
20
-3.7999823622047244
11
5.7482872047244093
21
-3.797926811023622
0
LINE
8
BLACK
6
CONTINUOUS
10
5.7482872047244093
20
-3.797926811023622
11
5.7453802755905512
21
-3.7950198818897638
0
LINE
8
BLACK
6
CONTINUOUS
10
5.7453802755905512
20
-3.7950198818897638
11
5.7433247244094483
21
-3.7914595669291336
0
LINE
8
BLACK
6
CONTINUOUS
10
5.7433247244094483
20
-3.7914595669291336
11
5.7422607086614175
21
-3.7874885826771654
0
LINE
8
BLACK
6
CONTINUOUS
10
5.7422607086614175
20
-3.7874885826771654
11
5.7422607086614175
21
-3.783377559055118
0
LINE
8
BLACK
6
CONTINUOUS
10
5.7422607086614175
20
-3.783377559055118
11
5.7433247244094483
21
-3.7794065748031493
0
LINE
8
BLACK
6
CONTINUOUS
10
5.7433247244094483
20
-3.7794065748031493
11
5.7453802755905512
21
-3.7758462598425195
0
LINE
8
BLACK
6
CONTINUOUS
10
5.7453802755905512
20
-3.7758462598425195
11
5.7482872047244093
21
-3.7729393307086614
0
LINE
8
BLACK
6
CONTINUOUS
10
5.7482872047244093
20
-3.7729393307086614
11
5.7518475196850396
21
-3.7708837795275589
0
LINE
8
BLACK
6
CONTINUOUS
10
5.7518475196850396
20
-3.7708837795275589
11
5.7558185039370073
21
-3.7698197637795277
0
LINE
8
BLACK
6
CONTINUOUS
10
5.7558185039370073
20
-3.7698197637795277
11
5.7599295275590547
21
-3.7698197637795277
0
LINE
8
BLACK
6
CONTINUOUS
10
5.7599295275590547
20
-3.7698197637795277
11
5.7639005118110234
21
-3.7708837795275589
0
LINE
8
BLACK
6
CONTINUOUS
10
5.9666564173228345
20
-3.8909625196850395
11
5.9702167322834647
21
-3.8930180708661415
0
LINE
8
BLACK
6
CONTINUOUS
10
5.9702167322834647
20
-3.8930180708661415
11
5.9731236614173229
21
-3.8959250000000001
0
LINE
8
BLACK
6
CONTINUOUS
10
5.9731236614173229
20
-3.8959250000000001
11
5.9751792125984249
21
-3.8994853149606299
0
LINE
8
BLACK
6
CONTINUOUS
10
5.9751792125984249
20
-3.8994853149606299
11
5.9762432283464566
21
-3.9034562992125985
0
LINE
8
BLACK
6
CONTINUOUS
10
5.9762432283464566
20
-3.9034562992125985
11
5.9762432283464566
21
-3.9075673228346455
0
LINE
8
BLACK
6
CONTINUOUS
10
5.9762432283464566
20
-3.9075673228346455
11
5.9751792125984249
21
-3.9115383070866141
0
LINE
8
BLACK
6
CONTINUOUS
10
5.9751792125984249
20
-3.9115383070866141
11
5.9751165354330711
21
-3.911646771653543
0
LINE
8
BLACK
6
CONTINUOUS
10
5.9751165354330711
20
-3.911646771653543
11
6.0984406692913389
21
-4.0349709055118108
0
LINE
8
BLACK
6
CONTINUOUS
10
6.0984406692913389
20
-4.0349709055118108
11
6.0986612204724411
21
-4.0347503543307086
0
LINE
8
BLACK
6
CONTINUOUS
10
6.0986612204724411
20
-4.0347503543307086
11
6.1022215354330704
21
-4.0326948031496066
0
LINE
8
BLACK
6
CONTINUOUS
10
6.1022215354330704
20
-4.0326948031496066
11
6.1061925196850391
21
-4.0316307874015749
0
LINE
8
BLACK
6
CONTINUOUS
10
6.1061925196850391
20
-4.0316307874015749
11
6.1103035433070865
21
-4.0316307874015749
0
LINE
8
BLACK
6
CONTINUOUS
10
6.1103035433070865
20
-4.0316307874015749
11
6.1142745275590551
21
-4.0326948031496066
0
LINE
8
BLACK
6
CONTINUOUS
10
6.1142745275590551
20
-4.0326948031496066
11
6.1178348425196845
21
-4.0347503543307086
0
LINE
8
BLACK
6
CONTINUOUS
10
6.1178348425196845
20
-4.0347503543307086
11
6.1207417716535435
21
-4.0376572834645668
0
LINE
8
BLACK
6
CONTINUOUS
10
6.1207417716535435
20
-4.0376572834645668
11
6.1227973228346455
21
-4.041217598425197
0
LINE
8
BLACK
6
CONTINUOUS
10
6.1227973228346455
20
-4.041217598425197
11
6.1238613385826772
21
-4.0451885826771656
0
LINE
8
BLACK
6
CONTINUOUS
10
6.1238613385826772
20
-4.0451885826771656
11
6.1238613385826772
21
-4.0492996062992122
0
LINE
8
BLACK
6
CONTINUOUS
10
6.1238613385826772
20
-4.0492996062992122
11
6.1227973228346455
21
-4.0532705905511808
0
LINE
8
BLACK
6
CONTINUOUS
10
6.1227973228346455
20
-4.0532705905511808
11
6.1207417716535435
21
-4.056830905511811
0
LINE
8
BLACK
6
CONTINUOUS
10
6.1207417716535435
20
-4.056830905511811
11
6.1178348425196845
21
-4.0597378346456692
0
LINE
8
BLACK
6
CONTINUOUS
10
6.1178348425196845
20
-4.0597378346456692
11
6.1142745275590551
21
-4.0617933858267712
0
LINE
8
BLACK
6
CONTINUOUS
10
6.1142745275590551
20
-4.0617933858267712
11
6.1103035433070865
21
-4.0628574015748029
0
LINE
8
BLACK
6
CONTINUOUS
10
6.1103035433070865
20
-4.0628574015748029
11
6.1061925196850391
21
-4.0628574015748029
0
LINE
8
BLACK
6
CONTINUOUS
10
6.1061925196850391
20
-4.0628574015748029
11
6.1022215354330704
21
-4.0617933858267712
0
LINE
8
BLACK
6
CONTINUOUS
10
6.1022215354330704
20
-4.0617933858267712
11
6.0986612204724411
21
-4.0597378346456692
0
LINE
8
BLACK
6
CONTINUOUS
10
6.0986612204724411
20
-4.0597378346456692
11
6.0957542913385829
21
-4.056830905511811
0
LINE
8
BLACK
6
CONTINUOUS
10
6.0957542913385829
20
-4.056830905511811
11
6.09369874015748
21
-4.0532705905511808
0
LINE
8
BLACK
6
CONTINUOUS
10
6.09369874015748
20
-4.0532705905511808
11
6.0926347244094483
21
-4.0492996062992122
0
LINE
8
BLACK
6
CONTINUOUS
10
6.0926347244094483
20
-4.0492996062992122
11
6.0926347244094483
21
-4.0458682677165356
0
LINE
8
BLACK
6
CONTINUOUS
10
6.0926347244094483
20
-4.0458682677165356
11
5.9667648818897634
21
-3.9199984251968503
0
LINE
8
BLACK
6
CONTINUOUS
10
5.9667648818897634
20
-3.9199984251968503
11
5.9666564173228345
21
-3.9200611023622045
0
LINE
8
BLACK
6
CONTINUOUS
10
5.9666564173228345
20
-3.9200611023622045
11
5.9626854330708658
21
-3.9211251181102362
0
LINE
8
BLACK
6
CONTINUOUS
10
5.9626854330708658
20
-3.9211251181102362
11
5.9585744094488184
21
-3.9211251181102362
0
LINE
8
BLACK
6
CONTINUOUS
10
5.9585744094488184
20
-3.9211251181102362
11
5.9546034251968498
21
-3.9200611023622045
0
LINE
8
BLACK
6
CONTINUOUS
10
5.9546034251968498
20
-3.9200611023622045
11
5.9510431102362205
21
-3.9180055511811021
0
LINE
8
BLACK
6
CONTINUOUS
10
5.9510431102362205
20
-3.9180055511811021
11
5.9481361811023623
21
-3.9150986220472439
0
LINE
8
BLACK
6
CONTINUOUS
10
5.9481361811023623
20
-3.9150986220472439
11
5.9460806299212594
21
-3.9115383070866141
0
LINE
8
BLACK
6
CONTINUOUS
10
5.9460806299212594
20
-3.9115383070866141
11
5.9450166141732286
21
-3.9075673228346455
0
LINE
8
BLACK
6
CONTINUOUS
10
5.9450166141732286
20
-3.9075673228346455
11
5.9450166141732286
21
-3.9034562992125985
0
LINE
8
BLACK
6
CONTINUOUS
10
5.9450166141732286
20
-3.9034562992125985
11
5.9460806299212594
21
-3.8994853149606299
0
LINE
8
BLACK
6
CONTINUOUS
10
5.9460806299212594
20
-3.8994853149606299
11
5.9481361811023623
21
-3.8959250000000001
0
LINE
8
BLACK
6
CONTINUOUS
10
5.9481361811023623
20
-3.8959250000000001
11
5.9510431102362205
21
-3.8930180708661415
0
LINE
8
BLACK
6
CONTINUOUS
10
5.9510431102362205
20
-3.8930180708661415
11
5.9546034251968498
21
-3.8909625196850395
0
LINE
8
BLACK
6
CONTINUOUS
10
5.9546034251968498
20
-3.8909625196850395
11
5.9585744094488184
21
-3.8898985039370078
0
LINE
8
BLACK
6
CONTINUOUS
10
5.9585744094488184
20
-3.8898985039370078
11
5.9626854330708658
21
-3.8898985039370078
0
LINE
8
BLACK
6
CONTINUOUS
10
5.9626854330708658
20
-3.8898985039370078
11
5.9666564173228345
21
-3.8909625196850395
0
LINE
8
BLACK
6
CONTINUOUS
10
5.7143410629921263
20
-3.8953272047244094
11
5.7179013779527557
21
-3.8973827559055119
0
LINE
8
BLACK
6
CONTINUOUS
10
5.7179013779527557
20
-3.8973827559055119
11
5.7208083070866138
21
-3.90028968503937
0
LINE
8
BLACK
6
CONTINUOUS
10
5.7208083070866138
20
-3.90028968503937
11
5.7228638582677167
21
-3.9038499999999998
0
LINE
8
BLACK
6
CONTINUOUS
10
5.7228638582677167
20
-3.9038499999999998
11
5.7239278740157475
21
-3.9078209842519684
0
LINE
8
BLACK
6
CONTINUOUS
10
5.7239278740157475
20
-3.9078209842519684
11
5.7239278740157475
21
-3.9119320078740158
0
LINE
8
BLACK
6
CONTINUOUS
10
5.7239278740157475
20
-3.9119320078740158
11
5.7228638582677167
21
-3.915902992125984
0
LINE
8
BLACK
6
CONTINUOUS
10
5.7228638582677167
20
-3.915902992125984
11
5.7208083070866138
21
-3.9194633070866143
0
LINE
8
BLACK
6
CONTINUOUS
10
5.7208083070866138
20
-3.9194633070866143
11
5.7179013779527557
21
-3.9223702362204724
0
LINE
8
BLACK
6
CONTINUOUS
10
5.7179013779527557
20
-3.9223702362204724
11
5.7143410629921263
21
-3.9244257874015749
0
LINE
8
BLACK
6
CONTINUOUS
10
5.7143410629921263
20
-3.9244257874015749
11
5.7142200787401576
21
-3.9244581889763777
0
LINE
8
BLACK
6
CONTINUOUS
10
5.7142200787401576
20
-3.9244581889763777
11
5.7142200787401576
21
-3.9549251181102361
0
LINE
8
BLACK
6
CONTINUOUS
10
5.7142200787401576
20
-3.9549251181102361
11
5.7172246062992125
21
-3.9566598031496061
0
LINE
8
BLACK
6
CONTINUOUS
10
5.7172246062992125
20
-3.9566598031496061
11
5.7201315354330706
21
-3.9595667322834647
0
LINE
8
BLACK
6
CONTINUOUS
10
5.7201315354330706
20
-3.9595667322834647
11
5.7221870866141735
21
-3.9631270472440945
0
LINE
8
BLACK
6
CONTINUOUS
10
5.7221870866141735
20
-3.9631270472440945
11
5.7232511023622044
21
-3.9670980314960631
0
LINE
8
BLACK
6
CONTINUOUS
10
5.7232511023622044
20
-3.9670980314960631
11
5.7232511023622044
21
-3.9712090551181101
0
LINE
8
BLACK
6
CONTINUOUS
10
5.7232511023622044
20
-3.9712090551181101
11
5.7221870866141735
21
-3.9751800393700787
0
LINE
8
BLACK
6
CONTINUOUS
10
5.7221870866141735
20
-3.9751800393700787
11
5.7201315354330706
21
-3.9787403543307085
0
LINE
8
BLACK
6
CONTINUOUS
10
5.7201315354330706
20
-3.9787403543307085
11
5.7172246062992125
21
-3.9816472834645666
0
LINE
8
BLACK
6
CONTINUOUS
10
5.7172246062992125
20
-3.9816472834645666
11
5.7136642913385822
21
-3.9837028346456691
0
LINE
8
BLACK
6
CONTINUOUS
10
5.7136642913385822
20
-3.9837028346456691
11
5.7096933070866136
21
-3.9847668503937008
0
LINE
8
BLACK
6
CONTINUOUS
10
5.7096933070866136
20
-3.9847668503937008
11
5.7055822834645671
21
-3.9847668503937008
0
LINE
8
BLACK
6
CONTINUOUS
10
5.7055822834645671
20
-3.9847668503937008
11
5.7016112992125985
21
-3.9837028346456691
0
LINE
8
BLACK
6
CONTINUOUS
10
5.7016112992125985
20
-3.9837028346456691
11
5.6980509842519682
21
-3.9816472834645666
0
LINE
8
BLACK
6
CONTINUOUS
10
5.6980509842519682
20
-3.9816472834645666
11
5.6951440551181101
21
-3.9787403543307085
0
LINE
8
BLACK
6
CONTINUOUS
10
5.6951440551181101
20
-3.9787403543307085
11
5.693088503937008
21
-3.9751800393700787
0
LINE
8
BLACK
6
CONTINUOUS
10
5.693088503937008
20
-3.9751800393700787
11
5.6920244881889763
21
-3.9712090551181101
0
LINE
8
BLACK
6
CONTINUOUS
10
5.6920244881889763
20
-3.9712090551181101
11
5.6920244881889763
21
-3.9670980314960631
0
LINE
8
BLACK
6
CONTINUOUS
10
5.6920244881889763
20
-3.9670980314960631
11
5.693088503937008
21
-3.9631270472440945
0
LINE
8
BLACK
6
CONTINUOUS
10
5.693088503937008
20
-3.9631270472440945
11
5.6951440551181101
21
-3.9595667322834647
0
LINE
8
BLACK
6
CONTINUOUS
10
5.6951440551181101
20
-3.9595667322834647
11
5.6980509842519682
21
-3.9566598031496061
0
LINE
8
BLACK
6
CONTINUOUS
10
5.6980509842519682
20
-3.9566598031496061
11
5.7016112992125985
21
-3.9546042519685036
0
LINE
8
BLACK
6
CONTINUOUS
10
5.7016112992125985
20
-3.9546042519685036
11
5.7024090551181104
21
-3.9543904724409447
0
LINE
8
BLACK
6
CONTINUOUS
10
5.7024090551181104
20
-3.9543904724409447
11
5.7024090551181104
21
-3.9244581889763777
0
LINE
8
BLACK
6
CONTINUOUS
10
5.7024090551181104
20
-3.9244581889763777
11
5.7022880708661416
21
-3.9244257874015749
0
LINE
8
BLACK
6
CONTINUOUS
10
5.7022880708661416
20
-3.9244257874015749
11
5.6987277559055114
21
-3.9223702362204724
0
LINE
8
BLACK
6
CONTINUOUS
10
5.6987277559055114
20
-3.9223702362204724
11
5.6958208267716532
21
-3.9194633070866143
0
LINE
8
BLACK
6
CONTINUOUS
10
5.6958208267716532
20
-3.9194633070866143
11
5.6937652755905512
21
-3.915902992125984
0
LINE
8
BLACK
6
CONTINUOUS
10
5.6937652755905512
20
-3.915902992125984
11
5.6927012598425195
21
-3.9119320078740158
0
LINE
8
BLACK
6
CONTINUOUS
10
5.6927012598425195
20
-3.9119320078740158
11
5.6927012598425195
21
-3.9078209842519684
0
LINE
8
BLACK
6
CONTINUOUS
10
5.6927012598425195
20
-3.9078209842519684
11
5.6937652755905512
21
-3.9038499999999998
0
LINE
8
BLACK
6
CONTINUOUS
10
5.6937652755905512
20
-3.9038499999999998
11
5.6958208267716532
21
-3.90028968503937
0
LINE
8
BLACK
6
CONTINUOUS
10
5.6958208267716532
20
-3.90028968503937
11
5.6987277559055114
21
-3.8973827559055119
0
LINE
8
BLACK
6
CONTINUOUS
10
5.6987277559055114
20
-3.8973827559055119
11
5.7022880708661416
21
-3.8953272047244094
0
LINE
8
BLACK
6
CONTINUOUS
10
5.7022880708661416
20
-3.8953272047244094
11
5.7062590551181103
21
-3.8942631889763777
0
LINE
8
BLACK
6
CONTINUOUS
10
5.7062590551181103
20
-3.8942631889763777
11
5.7103700787401577
21
-3.8942631889763777
0
LINE
8
BLACK
6
CONTINUOUS
10
5.7103700787401577
20
-3.8942631889763777
11
5.7143410629921263
21
-3.8953272047244094
0
LINE
8
BLACK
6
CONTINUOUS
10
6.3940186220472439
20
-3.505135748031496
11
6.3975789370078742
21
-3.5071912992125984
0
LINE
8
BLACK
6
CONTINUOUS
10
6.3975789370078742
20
-3.5071912992125984
11
6.4004858661417323
21
-3.5100982283464566
0
LINE
8
BLACK
6
CONTINUOUS
10
6.4004858661417323
20
-3.5100982283464566
11
6.4025414173228343
21
-3.5136585433070864
0
LINE
8
BLACK
6
CONTINUOUS
10
6.4025414173228343
20
-3.5136585433070864
11
6.403605433070866
21
-3.517629527559055
0
LINE
8
BLACK
6
CONTINUOUS
10
6.403605433070866
20
-3.517629527559055
11
6.403605433070866
21
-3.5217405511811024
0
LINE
8
BLACK
6
CONTINUOUS
10
6.403605433070866
20
-3.5217405511811024
11
6.4030935433070866
21
-3.5236509055118108
0
LINE
8
BLACK
6
CONTINUOUS
10
6.4030935433070866
20
-3.5236509055118108
11
6.4523595669291334
21
-3.5729169291338581
0
LINE
8
BLACK
6
CONTINUOUS
10
6.4523595669291334
20
-3.5729169291338581
11
6.4533387795275585
21
-3.5741101181102359
0
LINE
8
BLACK
6
CONTINUOUS
10
6.4533387795275585
20
-3.5741101181102359
11
6.454514488188976
21
-3.5769485433070867
0
LINE
8
BLACK
6
CONTINUOUS
10
6.454514488188976
20
-3.5769485433070867
11
6.4546657874015745
21
-3.5784846850393701
0
LINE
8
BLACK
6
CONTINUOUS
10
6.4546657874015745
20
-3.5784846850393701
11
6.4546657874015745
21
-3.9010891732283466
0
LINE
8
BLACK
6
CONTINUOUS
10
6.4546657874015745
20
-3.9010891732283466
11
6.4573756299212599
21
-3.9037990157480316
0
LINE
8
BLACK
6
CONTINUOUS
10
6.4573756299212599
20
-3.9037990157480316
11
6.4594311811023619
21
-3.9073593307086614
0
LINE
8
BLACK
6
CONTINUOUS
10
6.4594311811023619
20
-3.9073593307086614
11
6.4604951968503936
21
-3.91133031496063
0
LINE
8
BLACK
6
CONTINUOUS
10
6.4604951968503936
20
-3.91133031496063
11
6.4604951968503936
21
-3.915441338582677
0
LINE
8
BLACK
6
CONTINUOUS
10
6.4604951968503936
20
-3.915441338582677
11
6.4594311811023619
21
-3.9194123228346456
0
LINE
8
BLACK
6
CONTINUOUS
10
6.4594311811023619
20
-3.9194123228346456
11
6.4573756299212599
21
-3.9229726377952754
0
LINE
8
BLACK
6
CONTINUOUS
10
6.4573756299212599
20
-3.9229726377952754
11
6.4544687007874018
21
-3.925879566929134
0
LINE
8
BLACK
6
CONTINUOUS
10
6.4544687007874018
20
-3.925879566929134
11
6.4509083858267715
21
-3.927935118110236
0
LINE
8
BLACK
6
CONTINUOUS
10
6.4509083858267715
20
-3.927935118110236
11
6.4469374015748029
21
-3.9289991338582677
0
LINE
8
BLACK
6
CONTINUOUS
10
6.4469374015748029
20
-3.9289991338582677
11
6.4428263779527555
21
-3.9289991338582677
0
LINE
8
BLACK
6
CONTINUOUS
10
6.4428263779527555
20
-3.9289991338582677
11
6.4388553937007869
21
-3.927935118110236
0
LINE
8
BLACK
6
CONTINUOUS
10
6.4388553937007869
20
-3.927935118110236
11
6.4352950787401575
21
-3.925879566929134
0
LINE
8
BLACK
6
CONTINUOUS
10
6.4352950787401575
20
-3.925879566929134
11
6.4323881496062993
21
-3.9229726377952754
0
LINE
8
BLACK
6
CONTINUOUS
10
6.4323881496062993
20
-3.9229726377952754
11
6.4303325984251964
21
-3.9194123228346456
0
LINE
8
BLACK
6
CONTINUOUS
10
6.4303325984251964
20
-3.9194123228346456
11
6.4292685826771656
21
-3.915441338582677
0
LINE
8
BLACK
6
CONTINUOUS
10
6.4292685826771656
20
-3.915441338582677
11
6.4292685826771656
21
-3.91133031496063
0
LINE
8
BLACK
6
CONTINUOUS
10
6.4292685826771656
20
-3.91133031496063
11
6.4303325984251964
21
-3.9073593307086614
0
LINE
8
BLACK
6
CONTINUOUS
10
6.4303325984251964
20
-3.9073593307086614
11
6.4323881496062993
21
-3.9037990157480316
0
LINE
8
BLACK
6
CONTINUOUS
10
6.4323881496062993
20
-3.9037990157480316
11
6.4352950787401575
21
-3.900892086614173
0
LINE
8
BLACK
6
CONTINUOUS
10
6.4352950787401575
20
-3.900892086614173
11
6.4388553937007869
21
-3.898836535433071
0
LINE
8
BLACK
6
CONTINUOUS
10
6.4388553937007869
20
-3.898836535433071
11
6.4389177559055115
21
-3.8988198031496064
0
LINE
8
BLACK
6
CONTINUOUS
10
6.4389177559055115
20
-3.8988198031496064
11
6.4389177559055115
21
-3.5817461811023623
0
LINE
8
BLACK
6
CONTINUOUS
10
6.4389177559055115
20
-3.5817461811023623
11
6.3919579921259837
21
-3.5347864566929132
0
LINE
8
BLACK
6
CONTINUOUS
10
6.3919579921259837
20
-3.5347864566929132
11
6.3900476377952753
21
-3.5352983464566927
0
LINE
8
BLACK
6
CONTINUOUS
10
6.3900476377952753
20
-3.5352983464566927
11
6.3859366141732279
21
-3.5352983464566927
0
LINE
8
BLACK
6
CONTINUOUS
10
6.3859366141732279
20
-3.5352983464566927
11
6.3819656299212593
21
-3.5342343307086614
0
LINE
8
BLACK
6
CONTINUOUS
10
6.3819656299212593
20
-3.5342343307086614
11
6.3784053149606299
21
-3.532178779527559
0
LINE
8
BLACK
6
CONTINUOUS
10
6.3784053149606299
20
-3.532178779527559
11
6.3754983858267718
21
-3.5292718503937008
0
LINE
8
BLACK
6
CONTINUOUS
10
6.3754983858267718
20
-3.5292718503937008
11
6.3734428346456689
21
-3.5257115354330706
0
LINE
8
BLACK
6
CONTINUOUS
10
6.3734428346456689
20
-3.5257115354330706
11
6.372378818897638
21
-3.5217405511811024
0
LINE
8
BLACK
6
CONTINUOUS
10
6.372378818897638
20
-3.5217405511811024
11
6.372378818897638
21
-3.517629527559055
0
LINE
8
BLACK
6
CONTINUOUS
10
6.372378818897638
20
-3.517629527559055
11
6.3734428346456689
21
-3.5136585433070864
0
LINE
8
BLACK
6
CONTINUOUS
10
6.3734428346456689
20
-3.5136585433070864
11
6.3754983858267718
21
-3.5100982283464566
0
LINE
8
BLACK
6
CONTINUOUS
10
6.3754983858267718
20
-3.5100982283464566
11
6.3784053149606299
21
-3.5071912992125984
0
LINE
8
BLACK
6
CONTINUOUS
10
6.3784053149606299
20
-3.5071912992125984
11
6.3819656299212593
21
-3.505135748031496
0
LINE
8
BLACK
6
CONTINUOUS
10
6.3819656299212593
20
-3.505135748031496
11
6.3859366141732279
21
-3.5040717322834647
0
LINE
8
BLACK
6
CONTINUOUS
10
6.3859366141732279
20
-3.5040717322834647
11
6.3900476377952753
21
-3.5040717322834647
0
LINE
8
BLACK
6
CONTINUOUS
10
6.3900476377952753
20
-3.5040717322834647
11
6.3940186220472439
21
-3.505135748031496
0
LINE
8
BLACK
6
CONTINUOUS
10
5.8406721653543308
20
-3.6554507086614172
11
5.8442324803149601
21
-3.6575062598425196
0
LINE
8
BLACK
6
CONTINUOUS
10
5.8442324803149601
20
-3.6575062598425196
11
5.8471394094488192
21
-3.6604131889763778
0
LINE
8
BLACK
6
CONTINUOUS
10
5.8471394094488192
20
-3.6604131889763778
11
5.8491949606299212
21
-3.6639735039370076
0
LINE
8
BLACK
6
CONTINUOUS
10
5.8491949606299212
20
-3.6639735039370076
11
5.8492273622047239
21
-3.6640944881889763
0
LINE
8
BLACK
6
CONTINUOUS
10
5.8492273622047239
20
-3.6640944881889763
11
5.9101574803149601
21
-3.6640944881889763
0
LINE
8
BLACK
6
CONTINUOUS
10
5.9101574803149601
20
-3.6640944881889763
11
5.9113096062992128
21
-3.6642079527559055
0
LINE
8
BLACK
6
CONTINUOUS
10
5.9113096062992128
20
-3.6642079527559055
11
5.9120866141732282
21
-3.6645298031496063
0
LINE
8
BLACK
6
CONTINUOUS
10
5.9120866141732282
20
-3.6645298031496063
11
5.9134383858267716
21
-3.6650897244094489
0
LINE
8
BLACK
6
CONTINUOUS
10
5.9134383858267716
20
-3.6650897244094489
11
5.914333307086614
21
-3.6658241732283465
0
LINE
8
BLACK
6
CONTINUOUS
10
5.914333307086614
20
-3.6658241732283465
11
6.0882251968503933
21
-3.8397160629921259
0
LINE
8
BLACK
6
CONTINUOUS
10
6.0882251968503933
20
-3.8397160629921259
11
6.089868464566929
21
-3.8368698818897635
0
LINE
8
BLACK
6
CONTINUOUS
10
6.089868464566929
20
-3.8368698818897635
11
6.0927753937007871
21
-3.8339629527559054
0
LINE
8
BLACK
6
CONTINUOUS
10
6.0927753937007871
20
-3.8339629527559054
11
6.0963357086614174
21
-3.8319074015748029
0
LINE
8
BLACK
6
CONTINUOUS
10
6.0963357086614174
20
-3.8319074015748029
11
6.100306692913386
21
-3.8308433858267716
0
LINE
8
BLACK
6
CONTINUOUS
10
6.100306692913386
20
-3.8308433858267716
11
6.1044177165354325
21
-3.8308433858267716
0
LINE
8
BLACK
6
CONTINUOUS
10
6.1044177165354325
20
-3.8308433858267716
11
6.1083887007874011
21
-3.8319074015748029
0
LINE
8
BLACK
6
CONTINUOUS
10
6.1083887007874011
20
-3.8319074015748029
11
6.1119490157480314
21
-3.8339629527559054
0
LINE
8
BLACK
6
CONTINUOUS
10
6.1119490157480314
20
-3.8339629527559054
11
6.1148559448818895
21
-3.8368698818897635
0
LINE
8
BLACK
6
CONTINUOUS
10
6.1148559448818895
20
-3.8368698818897635
11
6.1169114960629916
21
-3.8404301968503938
0
LINE
8
BLACK
6
CONTINUOUS
10
6.1169114960629916
20
-3.8404301968503938
11
6.1179755118110233
21
-3.844401181102362
0
LINE
8
BLACK
6
CONTINUOUS
10
6.1179755118110233
20
-3.844401181102362
11
6.1179755118110233
21
-3.8485122047244094
0
LINE
8
BLACK
6
CONTINUOUS
10
6.1179755118110233
20
-3.8485122047244094
11
6.1169114960629916
21
-3.852483188976378
0
LINE
8
BLACK
6
CONTINUOUS
10
6.1169114960629916
20
-3.852483188976378
11
6.1148559448818895
21
-3.8560435039370078
0
LINE
8
BLACK
6
CONTINUOUS
10
6.1148559448818895
20
-3.8560435039370078
11
6.1119490157480314
21
-3.8589504330708659
0
LINE
8
BLACK
6
CONTINUOUS
10
6.1119490157480314
20
-3.8589504330708659
11
6.1083887007874011
21
-3.8610059842519684
0
LINE
8
BLACK
6
CONTINUOUS
10
6.1083887007874011
20
-3.8610059842519684
11
6.1044177165354325
21
-3.8620700000000001
0
LINE
8
BLACK
6
CONTINUOUS
10
6.1044177165354325
20
-3.8620700000000001
11
6.100306692913386
21
-3.8620700000000001
0
LINE
8
BLACK
6
CONTINUOUS
10
6.100306692913386
20
-3.8620700000000001
11
6.0963357086614174
21
-3.8610059842519684
0
LINE
8
BLACK
6
CONTINUOUS
10
6.0963357086614174
20
-3.8610059842519684
11
6.0927753937007871
21
-3.8589504330708659
0
LINE
8
BLACK
6
CONTINUOUS
10
6.0927753937007871
20
-3.8589504330708659
11
6.089868464566929
21
-3.8560435039370078
0
LINE
8
BLACK
6
CONTINUOUS
10
6.089868464566929
20
-3.8560435039370078
11
6.087812913385827
21
-3.852483188976378
0
LINE
8
BLACK
6
CONTINUOUS
10
6.087812913385827
20
-3.852483188976378
11
6.0877805118110233
21
-3.8523622047244093
0
LINE
8
BLACK
6
CONTINUOUS
10
6.0877805118110233
20
-3.8523622047244093
11
6.0866141732283463
21
-3.8523622047244093
0
LINE
8
BLACK
6
CONTINUOUS
10
6.0866141732283463
20
-3.8523622047244093
11
6.0854620472440946
21
-3.8522487401574801
0
LINE
8
BLACK
6
CONTINUOUS
10
6.0854620472440946
20
-3.8522487401574801
11
6.0845802755905511
21
-3.8518834645669289
0
LINE
8
BLACK
6
CONTINUOUS
10
6.0845802755905511
20
-3.8518834645669289
11
6.0833332677165357
21
-3.8513669685039371
0
LINE
8
BLACK
6
CONTINUOUS
10
6.0833332677165357
20
-3.8513669685039371
11
6.0824383464566925
21
-3.8506325196850395
0
LINE
8
BLACK
6
CONTINUOUS
10
6.0824383464566925
20
-3.8506325196850395
11
5.9077113385826774
21
-3.6759055118110235
0
LINE
8
BLACK
6
CONTINUOUS
10
5.9077113385826774
20
-3.6759055118110235
11
5.8492273622047239
21
-3.6759055118110235
0
LINE
8
BLACK
6
CONTINUOUS
10
5.8492273622047239
20
-3.6759055118110235
11
5.8491949606299212
21
-3.6760264960629923
0
LINE
8
BLACK
6
CONTINUOUS
10
5.8491949606299212
20
-3.6760264960629923
11
5.8471394094488192
21
-3.6795868110236221
0
LINE
8
BLACK
6
CONTINUOUS
10
5.8471394094488192
20
-3.6795868110236221
11
5.8442324803149601
21
-3.6824937401574802
0
LINE
8
BLACK
6
CONTINUOUS
10
5.8442324803149601
20
-3.6824937401574802
11
5.8406721653543308
21
-3.6845492913385827
0
LINE
8
BLACK
6
CONTINUOUS
10
5.8406721653543308
20
-3.6845492913385827
11
5.8367011811023621
21
-3.6856133070866139
0
LINE
8
BLACK
6
CONTINUOUS
10
5.8367011811023621
20
-3.6856133070866139
11
5.8325901574803147
21
-3.6856133070866139
0
LINE
8
BLACK
6
CONTINUOUS
10
5.8325901574803147
20
-3.6856133070866139
11
5.8286191732283461
21
-3.6845492913385827
0
LINE
8
BLACK
6
CONTINUOUS
10
5.8286191732283461
20
-3.6845492913385827
11
5.8250588582677167
21
-3.6824937401574802
0
LINE
8
BLACK
6
CONTINUOUS
10
5.8250588582677167
20
-3.6824937401574802
11
5.8221519291338577
21
-3.6795868110236221
0
LINE
8
BLACK
6
CONTINUOUS
10
5.8221519291338577
20
-3.6795868110236221
11
5.8200963779527557
21
-3.6760264960629923
0
LINE
8
BLACK
6
CONTINUOUS
10
5.8200963779527557
20
-3.6760264960629923
11
5.819032362204724
21
-3.6720555118110236
0
LINE
8
BLACK
6
CONTINUOUS
10
5.819032362204724
20
-3.6720555118110236
11
5.819032362204724
21
-3.6679444881889762
0
LINE
8
BLACK
6
CONTINUOUS
10
5.819032362204724
20
-3.6679444881889762
11
5.8200963779527557
21
-3.6639735039370076
0
LINE
8
BLACK
6
CONTINUOUS
10
5.8200963779527557
20
-3.6639735039370076
11
5.8221519291338577
21
-3.6604131889763778
0
LINE
8
BLACK
6
CONTINUOUS
10
5.8221519291338577
20
-3.6604131889763778
11
5.8250588582677167
21
-3.6575062598425196
0
LINE
8
BLACK
6
CONTINUOUS
10
5.8250588582677167
20
-3.6575062598425196
11
5.8286191732283461
21
-3.6554507086614172
0
LINE
8
BLACK
6
CONTINUOUS
10
5.8286191732283461
20
-3.6554507086614172
11
5.8325901574803147
21
-3.6543866929133859
0
LINE
8
BLACK
6
CONTINUOUS
10
5.8325901574803147
20
-3.6543866929133859
11
5.8367011811023621
21
-3.6543866929133859
0
LINE
8
BLACK
6
CONTINUOUS
10
5.8367011811023621
20
-3.6543866929133859
11
5.8406721653543308
21
-3.6554507086614172
0
LINE
8
BLACK
6
CONTINUOUS
10
5.380518346456693
20
-3.3793861023622047
11
5.3819342125984253
21
-3.3813349212598425
0
LINE
8
BLACK
6
CONTINUOUS
10
5.3819342125984253
20
-3.3813349212598425
11
5.3820247244094483
21
-3.3816135826771654
0
LINE
8
BLACK
6
CONTINUOUS
10
5.3820247244094483
20
-3.3816135826771654
11
5.3820248031496059
21
-3.3816137007874016
0
LINE
8
BLACK
6
CONTINUOUS
10
5.3820248031496059
20
-3.3816137007874016
11
5.3820248425196846
21
-3.3816138188976379
0
LINE
8
BLACK
6
CONTINUOUS
10
5.3820248425196846
20
-3.3816138188976379
11
5.3820248818897634
21
-3.3816138582677167
0
LINE
8
BLACK
6
CONTINUOUS
10
5.3820248818897634
20
-3.3816138582677167
11
5.3862463385826773
21
-3.389898937007874
0
LINE
8
BLACK
6
CONTINUOUS
10
5.3862463385826773
20
-3.389898937007874
11
5.3917119291338578
21
-3.3974216535433071
0
LINE
8
BLACK
6
CONTINUOUS
10
5.3917119291338578
20
-3.3974216535433071
11
5.3982870078740159
21
-3.4039967322834643
0
LINE
8
BLACK
6
CONTINUOUS
10
5.3982870078740159
20
-3.4039967322834643
11
5.4058097244094485
21
-3.4094623228346457
0
LINE
8
BLACK
6
CONTINUOUS
10
5.4058097244094485
20
-3.4094623228346457
11
5.4140948031496059
21
-3.4136837795275592
0
LINE
8
BLACK
6
CONTINUOUS
10
5.4140948031496059
20
-3.4136837795275592
11
5.4229382677165354
21
-3.4165572047244095
0
LINE
8
BLACK
6
CONTINUOUS
10
5.4229382677165354
20
-3.4165572047244095
11
5.4229383070866142
21
-3.4165572047244095
0
LINE
8
BLACK
6
CONTINUOUS
10
5.4229383070866142
20
-3.4165572047244095
11
5.4229384251968504
21
-3.4165572440944882
0
LINE
8
BLACK
6
CONTINUOUS
10
5.4229384251968504
20
-3.4165572440944882
11
5.4321222440944883
21
-3.4180118110236219
0
LINE
8
BLACK
6
CONTINUOUS
10
5.4321222440944883
20
-3.4180118110236219
11
5.4321223622047246
21
-3.4180118110236219
0
LINE
8
BLACK
6
CONTINUOUS
10
5.4321223622047246
20
-3.4180118110236219
11
5.4414210629921262
21
-3.4180118110236219
0
LINE
8
BLACK
6
CONTINUOUS
10
5.4414210629921262
20
-3.4180118110236219
11
5.4506048425196854
21
-3.4165572440944882
0
LINE
8
BLACK
6
CONTINUOUS
10
5.4506048425196854
20
-3.4165572440944882
11
5.4506048818897632
21
-3.4165572047244095
0
LINE
8
BLACK
6
CONTINUOUS
10
5.4506048818897632
20
-3.4165572047244095
11
5.4506050393700782
21
-3.4165572047244095
0
LINE
8
BLACK
6
CONTINUOUS
10
5.4506050393700782
20
-3.4165572047244095
11
5.4594485039370078
21
-3.4136837795275592
0
LINE
8
BLACK
6
CONTINUOUS
10
5.4594485039370078
20
-3.4136837795275592
11
5.4677335826771651
21
-3.4094623228346457
0
LINE
8
BLACK
6
CONTINUOUS
10
5.4677335826771651
20
-3.4094623228346457
11
5.4752562992125986
21
-3.4039967322834643
0
LINE
8
BLACK
6
CONTINUOUS
10
5.4752562992125986
20
-3.4039967322834643
11
5.4818313779527559
21
-3.3974216535433071
0
LINE
8
BLACK
6
CONTINUOUS
10
5.4818313779527559
20
-3.3974216535433071
11
5.4872969685039372
21
-3.389898937007874
0
LINE
8
BLACK
6
CONTINUOUS
10
5.4872969685039372
20
-3.389898937007874
11
5.4915184251968503
21
-3.3816138582677167
0
LINE
8
BLACK
6
CONTINUOUS
10
5.4915184251968503
20
-3.3816138582677167
11
5.491518464566929
21
-3.3816136614173229
0
LINE
8
BLACK
6
CONTINUOUS
10
5.491518464566929
20
-3.3816136614173229
11
5.4915185433070866
21
-3.3816135826771654
0
LINE
8
BLACK
6
CONTINUOUS
10
5.4915185433070866
20
-3.3816135826771654
11
5.4916090944881892
21
-3.3813349212598425
0
LINE
8
BLACK
6
CONTINUOUS
10
5.4916090944881892
20
-3.3813349212598425
11
5.4930250000000003
21
-3.3793861023622047
0
LINE
8
BLACK
6
CONTINUOUS
10
5.4930250000000003
20
-3.3793861023622047
11
5.4953159448818898
21
-3.3786417322834645
0
LINE
8
BLACK
6
CONTINUOUS
10
5.4953159448818898
20
-3.3786417322834645
11
5.7719281496062989
21
-3.3786417322834645
0
LINE
8
BLACK
6
CONTINUOUS
10
5.7719281496062989
20
-3.3786417322834645
11
5.774219133858268
21
-3.3793861023622047
0
LINE
8
BLACK
6
CONTINUOUS
10
5.774219133858268
20
-3.3793861023622047
11
5.7756350000000003
21
-3.3813349212598425
0
LINE
8
BLACK
6
CONTINUOUS
10
5.7756350000000003
20
-3.3813349212598425
11
5.7757255118110233
21
-3.3816135826771654
0
LINE
8
BLACK
6
CONTINUOUS
10
5.7757255118110233
20
-3.3816135826771654
11
5.7757255905511808
21
-3.3816137007874016
0
LINE
8
BLACK
6
CONTINUOUS
10
5.7757255905511808
20
-3.3816137007874016
11
5.7757256299212596
21
-3.3816138188976379
0
LINE
8
BLACK
6
CONTINUOUS
10
5.7757256299212596
20
-3.3816138188976379
11
5.7757256692913383
21
-3.3816138582677167
0
LINE
8
BLACK
6
CONTINUOUS
10
5.7757256692913383
20
-3.3816138582677167
11
5.7799471259842514
21
-3.389898937007874
0
LINE
8
BLACK
6
CONTINUOUS
10
5.7799471259842514
20
-3.389898937007874
11
5.7854127165354328
21
-3.3974216535433071
0
LINE
8
BLACK
6
CONTINUOUS
10
5.7854127165354328
20
-3.3974216535433071
11
5.79198779527559
21
-3.4039967322834643
0
LINE
8
BLACK
6
CONTINUOUS
10
5.79198779527559
20
-3.4039967322834643
11
5.7995105118110235
21
-3.4094623228346457
0
LINE
8
BLACK
6
CONTINUOUS
10
5.7995105118110235
20
-3.4094623228346457
11
5.8077955905511809
21
-3.4136837795275592
0
LINE
8
BLACK
6
CONTINUOUS
10
5.8077955905511809
20
-3.4136837795275592
11
5.8166390551181104
21
-3.4165572047244095
0
LINE
8
BLACK
6
CONTINUOUS
10
5.8166390551181104
20
-3.4165572047244095
11
5.8166390944881892
21
-3.4165572047244095
0
LINE
8
BLACK
6
CONTINUOUS
10
5.8166390944881892
20
-3.4165572047244095
11
5.8166392125984254
21
-3.4165572440944882
0
LINE
8
BLACK
6
CONTINUOUS
10
5.8166392125984254
20
-3.4165572440944882
11
5.8258230314960633
21
-3.4180118110236219
0
LINE
8
BLACK
6
CONTINUOUS
10
5.8258230314960633
20
-3.4180118110236219
11
5.8258231496062987
21
-3.4180118110236219
0
LINE
8
BLACK
6
CONTINUOUS
10
5.8258231496062987
20
-3.4180118110236219
11
5.8351218503937003
21
-3.4180118110236219
0
LINE
8
BLACK
6
CONTINUOUS
10
5.8351218503937003
20
-3.4180118110236219
11
5.8443056299212595
21
-3.4165572440944882
0
LINE
8
BLACK
6
CONTINUOUS
10
5.8443056299212595
20
-3.4165572440944882
11
5.8443056692913382
21
-3.4165572047244095
0
LINE
8
BLACK
6
CONTINUOUS
10
5.8443056692913382
20
-3.4165572047244095
11
5.8443058267716532
21
-3.4165572047244095
0
LINE
8
BLACK
6
CONTINUOUS
10
5.8443058267716532
20
-3.4165572047244095
11
5.8531492913385827
21
-3.4136837795275592
0
LINE
8
BLACK
6
CONTINUOUS
10
5.8531492913385827
20
-3.4136837795275592
11
5.8614343700787401
21
-3.4094623228346457
0
LINE
8
BLACK
6
CONTINUOUS
10
5.8614343700787401
20
-3.4094623228346457
11
5.8689570866141727
21
-3.4039967322834643
0
LINE
8
BLACK
6
CONTINUOUS
10
5.8689570866141727
20
-3.4039967322834643
11
5.8755321653543309
21
-3.3974216535433071
0
LINE
8
BLACK
6
CONTINUOUS
10
5.8755321653543309
20
-3.3974216535433071
11
5.8809977559055113
21
-3.389898937007874
0
LINE
8
BLACK
6
CONTINUOUS
10
5.8809977559055113
20
-3.389898937007874
11
5.8852192125984253
21
-3.3816138582677167
0
LINE
8
BLACK
6
CONTINUOUS
10
5.8852192125984253
20
-3.3816138582677167
11
5.885219251968504
21
-3.3816136614173229
0
LINE
8
BLACK
6
CONTINUOUS
10
5.885219251968504
20
-3.3816136614173229
11
5.8852193307086615
21
-3.3816135826771654
0
LINE
8
BLACK
6
CONTINUOUS
10
5.8852193307086615
20
-3.3816135826771654
11
5.8853098818897633
21
-3.3813349212598425
0
LINE
8
BLACK
6
CONTINUOUS
10
5.8853098818897633
20
-3.3813349212598425
11
5.8867257874015744
21
-3.3793861023622047
0
LINE
8
BLACK
6
CONTINUOUS
10
5.8867257874015744
20
-3.3793861023622047
11
5.8890167322834648
21
-3.3786417322834645
0
LINE
8
BLACK
6
CONTINUOUS
10
5.8890167322834648
20
-3.3786417322834645
11
6.1656289370078738
21
-3.3786417322834645
0
LINE
8
BLACK
6
CONTINUOUS
10
6.1656289370078738
20
-3.3786417322834645
11
6.1679199212598421
21
-3.3793861023622047
0
LINE
8
BLACK
6
CONTINUOUS
10
6.1679199212598421
20
-3.3793861023622047
11
6.1693357874015744
21
-3.3813349212598425
0
LINE
8
BLACK
6
CONTINUOUS
10
6.1693357874015744
20
-3.3813349212598425
11
6.1694262992125983
21
-3.3816135826771654
0
LINE
8
BLACK
6
CONTINUOUS
10
6.1694262992125983
20
-3.3816135826771654
11
6.1694263779527558
21
-3.3816137007874016
0
LINE
8
BLACK
6
CONTINUOUS
10
6.1694263779527558
20
-3.3816137007874016
11
6.1694264173228346
21
-3.3816138188976379
0
LINE
8
BLACK
6
CONTINUOUS
10
6.1694264173228346
20
-3.3816138188976379
11
6.1694264566929133
21
-3.3816138582677167
0
LINE
8
BLACK
6
CONTINUOUS
10
6.1694264566929133
20
-3.3816138582677167
11
6.1736479133858264
21
-3.389898937007874
0
LINE
8
BLACK
6
CONTINUOUS
10
6.1736479133858264
20
-3.389898937007874
11
6.1791135039370078
21
-3.3974216535433071
0
LINE
8
BLACK
6
CONTINUOUS
10
6.1791135039370078
20
-3.3974216535433071
11
6.185688582677165
21
-3.4039967322834643
0
LINE
8
BLACK
6
CONTINUOUS
10
6.185688582677165
20
-3.4039967322834643
11
6.1932112992125985
21
-3.4094623228346457
0
LINE
8
BLACK
6
CONTINUOUS
10
6.1932112992125985
20
-3.4094623228346457
11
6.2014963779527559
21
-3.4136837795275592
0
LINE
8
BLACK
6
CONTINUOUS
10
6.2014963779527559
20
-3.4136837795275592
11
6.2103398425196845
21
-3.4165572047244095
0
LINE
8
BLACK
6
CONTINUOUS
10
6.2103398425196845
20
-3.4165572047244095
11
6.2103398818897633
21
-3.4165572047244095
0
LINE
8
BLACK
6
CONTINUOUS
10
6.2103398818897633
20
-3.4165572047244095
11
6.2103399999999995
21
-3.4165572440944882
0
LINE
8
BLACK
6
CONTINUOUS
10
6.2103399999999995
20
-3.4165572440944882
11
6.2195238188976374
21
-3.4180118110236219
0
LINE
8
BLACK
6
CONTINUOUS
10
6.2195238188976374
20
-3.4180118110236219
11
6.2195239370078736
21
-3.4180118110236219
0
LINE
8
BLACK
6
CONTINUOUS
10
6.2195239370078736
20
-3.4180118110236219
11
6.2288226377952753
21
-3.4180118110236219
0
LINE
8
BLACK
6
CONTINUOUS
10
6.2288226377952753
20
-3.4180118110236219
11
6.2380064173228345
21
-3.4165572440944882
0
LINE
8
BLACK
6
CONTINUOUS
10
6.2380064173228345
20
-3.4165572440944882
11
6.2380064566929132
21
-3.4165572047244095
0
LINE
8
BLACK
6
CONTINUOUS
10
6.2380064566929132
20
-3.4165572047244095
11
6.2380066141732282
21
-3.4165572047244095
0
LINE
8
BLACK
6
CONTINUOUS
10
6.2380066141732282
20
-3.4165572047244095
11
6.2468500787401577
21
-3.4136837795275592
0
LINE
8
BLACK
6
CONTINUOUS
10
6.2468500787401577
20
-3.4136837795275592
11
6.2551351574803151
21
-3.4094623228346457
0
LINE
8
BLACK
6
CONTINUOUS
10
6.2551351574803151
20
-3.4094623228346457
11
6.2626578740157477
21
-3.4039967322834643
0
LINE
8
BLACK
6
CONTINUOUS
10
6.2626578740157477
20
-3.4039967322834643
11
6.269232952755905
21
-3.3974216535433071
0
LINE
8
BLACK
6
CONTINUOUS
10
6.269232952755905
20
-3.3974216535433071
11
6.2746985433070863
21
-3.389898937007874
0
LINE
8
BLACK
6
CONTINUOUS
10
6.2746985433070863
20
-3.389898937007874
11
6.2789200000000003
21
-3.3816138582677167
0
LINE
8
BLACK
6
CONTINUOUS
10
6.2789200000000003
20
-3.3816138582677167
11
6.278920039370079
21
-3.3816136614173229
0
LINE
8
BLACK
6
CONTINUOUS
10
6.278920039370079
20
-3.3816136614173229
11
6.2789201181102356
21
-3.3816135826771654
0
LINE
8
BLACK
6
CONTINUOUS
10
6.2789201181102356
20
-3.3816135826771654
11
6.2790106692913383
21
-3.3813349212598425
0
LINE
8
BLACK
6
CONTINUOUS
10
6.2790106692913383
20
-3.3813349212598425
11
6.2804265748031494
21
-3.3793861023622047
0
LINE
8
BLACK
6
CONTINUOUS
10
6.2804265748031494
20
-3.3793861023622047
11
6.2827175196850389
21
-3.3786417322834645
0
LINE
8
BLACK
6
CONTINUOUS
10
6.2827175196850389
20
-3.3786417322834645
11
6.4958464566929131
21
-3.3786417322834645
0
LINE
8
BLACK
6
CONTINUOUS
10
6.4958464566929131
20
-3.3786417322834645
11
6.4981374409448813
21
-3.3793861023622047
0
LINE
8
BLACK
6
CONTINUOUS
10
6.4981374409448813
20
-3.3793861023622047
11
6.4995533464566924
21
-3.3813349212598425
0
LINE
8
BLACK
6
CONTINUOUS
10
6.4995533464566924
20
-3.3813349212598425
11
6.4997440944881886
21
-3.3825393700787401
0
LINE
8
BLACK
6
CONTINUOUS
10
6.4997440944881886
20
-3.3825393700787401
11
6.4997440944881886
21
-4.5164370078740159
0
LINE
8
BLACK
6
CONTINUOUS
10
6.4997440944881886
20
-4.5164370078740159
11
6.4989997244094484
21
-4.5187279921259842
0
LINE
8
BLACK
6
CONTINUOUS
10
6.4989997244094484
20
-4.5187279921259842
11
6.4970509055118111
21
-4.5201438976377952
0
LINE
8
BLACK
6
CONTINUOUS
10
6.4970509055118111
20
-4.5201438976377952
11
6.4958464566929131
21
-4.5203346456692914
0
LINE
8
BLACK
6
CONTINUOUS
10
6.4958464566929131
20
-4.5203346456692914
11
6.2827175196850389
21
-4.5203346456692914
0
LINE
8
BLACK
6
CONTINUOUS
10
6.2827175196850389
20
-4.5203346456692914
11
6.2804265354330706
21
-4.5195902755905513
0
LINE
8
BLACK
6
CONTINUOUS
10
6.2804265354330706
20
-4.5195902755905513
11
6.2790106692913383
21
-4.5176414566929131
0
LINE
8
BLACK
6
CONTINUOUS
10
6.2790106692913383
20
-4.5176414566929131
11
6.2789201181102356
21
-4.5173627559055118
0
LINE
8
BLACK
6
CONTINUOUS
10
6.2789201181102356
20
-4.5173627559055118
11
6.278920039370079
21
-4.5173626377952756
0
LINE
8
BLACK
6
CONTINUOUS
10
6.278920039370079
20
-4.5173626377952756
11
6.2789200000000003
21
-4.5173625984251968
0
LINE
8
BLACK
6
CONTINUOUS
10
6.2789200000000003
20
-4.5173625984251968
11
6.2789200000000003
21
-4.5173625196850393
0
LINE
8
BLACK
6
CONTINUOUS
10
6.2789200000000003
20
-4.5173625196850393
11
6.2746985433070863
21
-4.5090774409448819
0
LINE
8
BLACK
6
CONTINUOUS
10
6.2746985433070863
20
-4.5090774409448819
11
6.269232952755905
21
-4.5015547244094485
0
LINE
8
BLACK
6
CONTINUOUS
10
6.269232952755905
20
-4.5015547244094485
11
6.2626578740157477
21
-4.4949796456692912
0
LINE
8
BLACK
6
CONTINUOUS
10
6.2626578740157477
20
-4.4949796456692912
11
6.2551351574803151
21
-4.4895140551181099
0
LINE
8
BLACK
6
CONTINUOUS
10
6.2551351574803151
20
-4.4895140551181099
11
6.2551351181102364
21
-4.4895140157480311
0
LINE
8
BLACK
6
CONTINUOUS
10
6.2551351181102364
20
-4.4895140157480311
11
6.2551350393700789
21
-4.4895139763779524
0
LINE
8
BLACK
6
CONTINUOUS
10
6.2551350393700789
20
-4.4895139763779524
11
6.2468500787401577
21
-4.4852925984251968
0
LINE
8
BLACK
6
CONTINUOUS
10
6.2468500787401577
20
-4.4852925984251968
11
6.2380064173228345
21
-4.482419094488189
0
LINE
8
BLACK
6
CONTINUOUS
10
6.2380064173228345
20
-4.482419094488189
11
6.2288226377952753
21
-4.480964566929134
0
LINE
8
BLACK
6
CONTINUOUS
10
6.2288226377952753
20
-4.480964566929134
11
6.2288225196850391
21
-4.480964566929134
0
LINE
8
BLACK
6
CONTINUOUS
10
6.2288225196850391
20
-4.480964566929134
11
6.2195239370078736
21
-4.480964566929134
0
LINE
8
BLACK
6
CONTINUOUS
10
6.2195239370078736
20
-4.480964566929134
11
6.2195238188976374
21
-4.480964566929134
0
LINE
8
BLACK
6
CONTINUOUS
10
6.2195238188976374
20
-4.480964566929134
11
6.2103399999999995
21
-4.482419094488189
0
LINE
8
BLACK
6
CONTINUOUS
10
6.2103399999999995
20
-4.482419094488189
11
6.2014963385826771
21
-4.4852925984251968
0
LINE
8
BLACK
6
CONTINUOUS
10
6.2014963385826771
20
-4.4852925984251968
11
6.193211377952756
21
-4.4895139763779524
0
LINE
8
BLACK
6
CONTINUOUS
10
6.193211377952756
20
-4.4895139763779524
11
6.1856886220472438
21
-4.4949796062992124
0
LINE
8
BLACK
6
CONTINUOUS
10
6.1856886220472438
20
-4.4949796062992124
11
6.179113464566929
21
-4.5015547637795272
0
LINE
8
BLACK
6
CONTINUOUS
10
6.179113464566929
20
-4.5015547637795272
11
6.1736478346456689
21
-4.5090775196850394
0
LINE
8
BLACK
6
CONTINUOUS
10
6.1736478346456689
20
-4.5090775196850394
11
6.1694263779527558
21
-4.5173626377952756
0
LINE
8
BLACK
6
CONTINUOUS
10
6.1694263779527558
20
-4.5173626377952756
11
6.1694262992125983
21
-4.5173627559055118
0
LINE
8
BLACK
6
CONTINUOUS
10
6.1694262992125983
20
-4.5173627559055118
11
6.1693357874015744
21
-4.5176414566929131
0
LINE
8
BLACK
6
CONTINUOUS
10
6.1693357874015744
20
-4.5176414566929131
11
6.1679198818897634
21
-4.5195902755905513
0
LINE
8
BLACK
6
CONTINUOUS
10
6.1679198818897634
20
-4.5195902755905513
11
6.1656289370078738
21
-4.5203346456692914
0
LINE
8
BLACK
6
CONTINUOUS
10
6.1656289370078738
20
-4.5203346456692914
11
5.8890167322834648
21
-4.5203346456692914
0
LINE
8
BLACK
6
CONTINUOUS
10
5.8890167322834648
20
-4.5203346456692914
11
5.8867257480314956
21
-4.5195902755905513
0
LINE
8
BLACK
6
CONTINUOUS
10
5.8867257480314956
20
-4.5195902755905513
11
5.8853098818897633
21
-4.5176414566929131
0
LINE
8
BLACK
6
CONTINUOUS
10
5.8853098818897633
20
-4.5176414566929131
11
5.8852193307086615
21
-4.5173627559055118
0
LINE
8
BLACK
6
CONTINUOUS
10
5.8852193307086615
20
-4.5173627559055118
11
5.885219251968504
21
-4.5173626377952756
0
LINE
8
BLACK
6
CONTINUOUS
10
5.885219251968504
20
-4.5173626377952756
11
5.8852192125984253
21
-4.5173625984251968
0
LINE
8
BLACK
6
CONTINUOUS
10
5.8852192125984253
20
-4.5173625984251968
11
5.8852192125984253
21
-4.5173625196850393
0
LINE
8
BLACK
6
CONTINUOUS
10
5.8852192125984253
20
-4.5173625196850393
11
5.8809977559055113
21
-4.5090774409448819
0
LINE
8
BLACK
6
CONTINUOUS
10
5.8809977559055113
20
-4.5090774409448819
11
5.8755321653543309
21
-4.5015547244094485
0
LINE
8
BLACK
6
CONTINUOUS
10
5.8755321653543309
20
-4.5015547244094485
11
5.8689570866141727
21
-4.4949796456692912
0
LINE
8
BLACK
6
CONTINUOUS
10
5.8689570866141727
20
-4.4949796456692912
11
5.8614343700787401
21
-4.4895140551181099
0
LINE
8
BLACK
6
CONTINUOUS
10
5.8614343700787401
20
-4.4895140551181099
11
5.8614343307086614
21
-4.4895140157480311
0
LINE
8
BLACK
6
CONTINUOUS
10
5.8614343307086614
20
-4.4895140157480311
11
5.8614342519685039
21
-4.4895139763779524
0
LINE
8
BLACK
6
CONTINUOUS
10
5.8614342519685039
20
-4.4895139763779524
11
5.8531492913385827
21
-4.4852925984251968
0
LINE
8
BLACK
6
CONTINUOUS
10
5.8531492913385827
20
-4.4852925984251968
11
5.8443056299212595
21
-4.482419094488189
0
LINE
8
BLACK
6
CONTINUOUS
10
5.8443056299212595
20
-4.482419094488189
11
5.8351218503937003
21
-4.480964566929134
0
LINE
8
BLACK
6
CONTINUOUS
10
5.8351218503937003
20
-4.480964566929134
11
5.8351217322834641
21
-4.480964566929134
0
LINE
8
BLACK
6
CONTINUOUS
10
5.8351217322834641
20
-4.480964566929134
11
5.8258231496062987
21
-4.480964566929134
0
LINE
8
BLACK
6
CONTINUOUS
10
5.8258231496062987
20
-4.480964566929134
11
5.8258230314960633
21
-4.480964566929134
0
LINE
8
BLACK
6
CONTINUOUS
10
5.8258230314960633
20
-4.480964566929134
11
5.8166392125984254
21
-4.482419094488189
0
LINE
8
BLACK
6
CONTINUOUS
10
5.8166392125984254
20
-4.482419094488189
11
5.8077955511811021
21
-4.4852925984251968
0
LINE
8
BLACK
6
CONTINUOUS
10
5.8077955511811021
20
-4.4852925984251968
11
5.799510590551181
21
-4.4895139763779524
0
LINE
8
BLACK
6
CONTINUOUS
10
5.799510590551181
20
-4.4895139763779524
11
5.7919878346456688
21
-4.4949796062992124
0
LINE
8
BLACK
6
CONTINUOUS
10
5.7919878346456688
20
-4.4949796062992124
11
5.785412677165354
21
-4.5015547637795272
0
LINE
8
BLACK
6
CONTINUOUS
10
5.785412677165354
20
-4.5015547637795272
11
5.7799470472440939
21
-4.5090775196850394
0
LINE
8
BLACK
6
CONTINUOUS
10
5.7799470472440939
20
-4.5090775196850394
11
5.7757255905511808
21
-4.5173626377952756
0
LINE
8
BLACK
6
CONTINUOUS
10
5.7757255905511808
20
-4.5173626377952756
11
5.7757255118110233
21
-4.5173627559055118
0
LINE
8
BLACK
6
CONTINUOUS
10
5.7757255118110233
20
-4.5173627559055118
11
5.7756350000000003
21
-4.5176414566929131
0
LINE
8
BLACK
6
CONTINUOUS
10
5.7756350000000003
20
-4.5176414566929131
11
5.7742190944881893
21
-4.5195902755905513
0
LINE
8
BLACK
6
CONTINUOUS
10
5.7742190944881893
20
-4.5195902755905513
11
5.7719281496062989
21
-4.5203346456692914
0
LINE
8
BLACK
6
CONTINUOUS
10
5.7719281496062989
20
-4.5203346456692914
11
5.4953159448818898
21
-4.5203346456692914
0
LINE
8
BLACK
6
CONTINUOUS
10
5.4953159448818898
20
-4.5203346456692914
11
5.4930249606299215
21
-4.5195902755905513
0
LINE
8
BLACK
6
CONTINUOUS
10
5.4930249606299215
20
-4.5195902755905513
11
5.4916090944881892
21
-4.5176414566929131
0
LINE
8
BLACK
6
CONTINUOUS
10
5.4916090944881892
20
-4.5176414566929131
11
5.4915185433070866
21
-4.5173627559055118
0
LINE
8
BLACK
6
CONTINUOUS
10
5.4915185433070866
20
-4.5173627559055118
11
5.491518464566929
21
-4.5173626377952756
0
LINE
8
BLACK
6
CONTINUOUS
10
5.491518464566929
20
-4.5173626377952756
11
5.4915184251968503
21
-4.5173625984251968
0
LINE
8
BLACK
6
CONTINUOUS
10
5.4915184251968503
20
-4.5173625984251968
11
5.4915184251968503
21
-4.5173625196850393
0
LINE
8
BLACK
6
CONTINUOUS
10
5.4915184251968503
20
-4.5173625196850393
11
5.4872969685039372
21
-4.5090774409448819
0
LINE
8
BLACK
6
CONTINUOUS
10
5.4872969685039372
20
-4.5090774409448819
11
5.4818313779527559
21
-4.5015547244094485
0
LINE
8
BLACK
6
CONTINUOUS
10
5.4818313779527559
20
-4.5015547244094485
11
5.4752562992125986
21
-4.4949796456692912
0
LINE
8
BLACK
6
CONTINUOUS
10
5.4752562992125986
20
-4.4949796456692912
11
5.4677335826771651
21
-4.4895140551181099
0
LINE
8
BLACK
6
CONTINUOUS
10
5.4677335826771651
20
-4.4895140551181099
11
5.4677335433070864
21
-4.4895140157480311
0
LINE
8
BLACK
6
CONTINUOUS
10
5.4677335433070864
20
-4.4895140157480311
11
5.4677334645669289
21
-4.4895139763779524
0
LINE
8
BLACK
6
CONTINUOUS
10
5.4677334645669289
20
-4.4895139763779524
11
5.4594485039370078
21
-4.4852925984251968
0
LINE
8
BLACK
6
CONTINUOUS
10
5.4594485039370078
20
-4.4852925984251968
11
5.4506048425196854
21
-4.482419094488189
0
LINE
8
BLACK
6
CONTINUOUS
10
5.4506048425196854
20
-4.482419094488189
11
5.4414210629921262
21
-4.480964566929134
0
LINE
8
BLACK
6
CONTINUOUS
10
5.4414210629921262
20
-4.480964566929134
11
5.44142094488189
21
-4.480964566929134
0
LINE
8
BLACK
6
CONTINUOUS
10
5.44142094488189
20
-4.480964566929134
11
5.4321223622047246
21
-4.480964566929134
0
LINE
8
BLACK
6
CONTINUOUS
10
5.4321223622047246
20
-4.480964566929134
11
5.4321222440944883
21
-4.480964566929134
0
LINE
8
BLACK
6
CONTINUOUS
10
5.4321222440944883
20
-4.480964566929134
11
5.4229384251968504
21
-4.482419094488189
0
LINE
8
BLACK
6
CONTINUOUS
10
5.4229384251968504
20
-4.482419094488189
11
5.4140947637795271
21
-4.4852925984251968
0
LINE
8
BLACK
6
CONTINUOUS
10
5.4140947637795271
20
-4.4852925984251968
11
5.405809803149606
21
-4.4895139763779524
0
LINE
8
BLACK
6
CONTINUOUS
10
5.405809803149606
20
-4.4895139763779524
11
5.3982870472440947
21
-4.4949796062992124
0
LINE
8
BLACK
6
CONTINUOUS
10
5.3982870472440947
20
-4.4949796062992124
11
5.391711889763779
21
-4.5015547637795272
0
LINE
8
BLACK
6
CONTINUOUS
10
5.391711889763779
20
-4.5015547637795272
11
5.3862462598425198
21
-4.5090775196850394
0
LINE
8
BLACK
6
CONTINUOUS
10
5.3862462598425198
20
-4.5090775196850394
11
5.3820248031496059
21
-4.5173626377952756
0
LINE
8
BLACK
6
CONTINUOUS
10
5.3820248031496059
20
-4.5173626377952756
11
5.3820247244094483
21
-4.5173627559055118
0
LINE
8
BLACK
6
CONTINUOUS
10
5.3820247244094483
20
-4.5173627559055118
11
5.3819342125984253
21
-4.5176414566929131
0
LINE
8
BLACK
6
CONTINUOUS
10
5.3819342125984253
20
-4.5176414566929131
11
5.3805183070866143
21
-4.5195902755905513
0
LINE
8
BLACK
6
CONTINUOUS
10
5.3805183070866143
20
-4.5195902755905513
11
5.3782273622047239
21
-4.5203346456692914
0
LINE
8
BLACK
6
CONTINUOUS
10
5.3782273622047239
20
-4.5203346456692914
11
5.3619488188976376
21
-4.5203346456692914
0
LINE
8
BLACK
6
CONTINUOUS
10
5.3619488188976376
20
-4.5203346456692914
11
5.3596578346456694
21
-4.5195902755905513
0
LINE
8
BLACK
6
CONTINUOUS
10
5.3596578346456694
20
-4.5195902755905513
11
5.3582419291338583
21
-4.5176414566929131
0
LINE
8
BLACK
6
CONTINUOUS
10
5.3582419291338583
20
-4.5176414566929131
11
5.3580511811023621
21
-4.5164370078740159
0
LINE
8
BLACK
6
CONTINUOUS
10
5.3580511811023621
20
-4.5164370078740159
11
5.3580511811023621
21
-3.7694094094488189
0
LINE
8
BLACK
6
CONTINUOUS
10
5.3580511811023621
20
-3.7694094094488189
11
5.3580511811023621
21
-3.3825393700787401
0
LINE
8
BLACK
6
CONTINUOUS
10
5.3580511811023621
20
-3.3825393700787401
11
5.3587955511811023
21
-3.3802483858267718
0
LINE
8
BLACK
6
CONTINUOUS
10
5.3587955511811023
20
-3.3802483858267718
11
5.3607443700787396
21
-3.3788324803149608
0
LINE
8
BLACK
6
CONTINUOUS
10
5.3607443700787396
20
-3.3788324803149608
11
5.3619488188976376
21
-3.3786417322834645
0
LINE
8
BLACK
6
CONTINUOUS
10
5.3619488188976376
20
-3.3786417322834645
11
5.3782273622047239
21
-3.3786417322834645
0
LINE
8
BLACK
6
CONTINUOUS
10
5.3782273622047239
20
-3.3786417322834645
11
5.380518346456693
21
-3.3793861023622047
0
LINE
8
BLACK
6
CONTINUOUS
10
5.4869376377952754
20
-3.4307253149606298
11
5.4815466141732285
21
-3.4338377952755903
0
LINE
8
BLACK
6
CONTINUOUS
10
5.4815466141732285
20
-3.4338377952755903
11
5.4771448818897639
21
-3.4382395275590549
0
LINE
8
BLACK
6
CONTINUOUS
10
5.4771448818897639
20
-3.4382395275590549
11
5.474032401574803
21
-3.4436305511811023
0
LINE
8
BLACK
6
CONTINUOUS
10
5.474032401574803
20
-3.4436305511811023
11
5.4724212598425197
21
-3.4496434251968502
0
LINE
8
BLACK
6
CONTINUOUS
10
5.4724212598425197
20
-3.4496434251968502
11
5.4724212598425197
21
-3.4558683858267716
0
LINE
8
BLACK
6
CONTINUOUS
10
5.4724212598425197
20
-3.4558683858267716
11
5.474032401574803
21
-3.4618812598425195
0
LINE
8
BLACK
6
CONTINUOUS
10
5.474032401574803
20
-3.4618812598425195
11
5.4771448818897639
21
-3.4672722834645668
0
LINE
8
BLACK
6
CONTINUOUS
10
5.4771448818897639
20
-3.4672722834645668
11
5.4815466141732285
21
-3.4716740157480315
0
LINE
8
BLACK
6
CONTINUOUS
10
5.4815466141732285
20
-3.4716740157480315
11
5.4869376377952754
21
-3.4747864960629919
0
LINE
8
BLACK
6
CONTINUOUS
10
5.4869376377952754
20
-3.4747864960629919
11
5.4929505118110233
21
-3.4763976377952757
0
LINE
8
BLACK
6
CONTINUOUS
10
5.4929505118110233
20
-3.4763976377952757
11
5.4957912992125983
21
-3.4763976377952757
0
LINE
8
BLACK
6
CONTINUOUS
10
5.4957912992125983
20
-3.4763976377952757
11
5.4980822834645666
21
-3.4771420078740158
0
LINE
8
BLACK
6
CONTINUOUS
10
5.4980822834645666
20
-3.4771420078740158
11
5.4985473622047243
21
-3.4775392125984252
0
LINE
8
BLACK
6
CONTINUOUS
10
5.4985473622047243
20
-3.4775392125984252
11
5.5067127559055118
21
-3.4857046062992123
0
LINE
8
BLACK
6
CONTINUOUS
10
5.5067127559055118
20
-3.4857046062992123
11
5.507806338582677
21
-3.4878509448818895
0
LINE
8
BLACK
6
CONTINUOUS
10
5.507806338582677
20
-3.4878509448818895
11
5.5078543307086614
21
-3.4884606692913387
0
LINE
8
BLACK
6
CONTINUOUS
10
5.5078543307086614
20
-3.4884606692913387
11
5.5078543307086614
21
-3.7646400787401575
0
LINE
8
BLACK
6
CONTINUOUS
10
5.5078543307086614
20
-3.7646400787401575
11
5.5071099606299212
21
-3.7669310629921258
0
LINE
8
BLACK
6
CONTINUOUS
10
5.5071099606299212
20
-3.7669310629921258
11
5.505161141732283
21
-3.7683469685039368
0
LINE
8
BLACK
6
CONTINUOUS
10
5.505161141732283
20
-3.7683469685039368
11
5.5027522440944878
21
-3.7683469685039368
0
LINE
8
BLACK
6
CONTINUOUS
10
5.5027522440944878
20
-3.7683469685039368
11
5.5008034251968505
21
-3.7669310629921258
0
LINE
8
BLACK
6
CONTINUOUS
10
5.5008034251968505
20
-3.7669310629921258
11
5.5005193700787398
21
-3.7664775984251966
0
LINE
8
BLACK
6
CONTINUOUS
10
5.5005193700787398
20
-3.7664775984251966
11
5.5004540551181105
21
-3.7663553937007874
0
LINE
8
BLACK
6
CONTINUOUS
10
5.5004540551181105
20
-3.7663553937007874
11
5.49743811023622
21
-3.7618416929133858
0
LINE
8
BLACK
6
CONTINUOUS
10
5.49743811023622
20
-3.7618416929133858
11
5.4935992125984248
21
-3.7580027952755906
0
LINE
8
BLACK
6
CONTINUOUS
10
5.4935992125984248
20
-3.7580027952755906
11
5.4890854724409444
21
-3.7549868503937005
0
LINE
8
BLACK
6
CONTINUOUS
10
5.4890854724409444
20
-3.7549868503937005
11
5.4840701968503938
21
-3.7529094881889762
0
LINE
8
BLACK
6
CONTINUOUS
10
5.4840701968503938
20
-3.7529094881889762
11
5.4787458267716538
21
-3.7518503937007872
0
LINE
8
BLACK
6
CONTINUOUS
10
5.4787458267716538
20
-3.7518503937007872
11
5.4663464960629922
21
-3.7518503937007872
0
LINE
8
BLACK
6
CONTINUOUS
10
5.4663464960629922
20
-3.7518503937007872
11
5.4663464566929134
21
-3.751850433070866
0
LINE
8
BLACK
6
CONTINUOUS
10
5.4663464566929134
20
-3.751850433070866
11
5.4663464566929134
21
-3.7597244094488187
0
LINE
8
BLACK
6
CONTINUOUS
10
5.4663464566929134
20
-3.7597244094488187
11
5.4760314960629923
21
-3.7597244094488187
0
LINE
8
BLACK
6
CONTINUOUS
10
5.4760314960629923
20
-3.7597244094488187
11
5.4786009055118106
21
-3.7598928346456693
0
LINE
8
BLACK
6
CONTINUOUS
10
5.4786009055118106
20
-3.7598928346456693
11
5.4835646456692908
21
-3.7612228346456691
0
LINE
8
BLACK
6
CONTINUOUS
10
5.4835646456692908
20
-3.7612228346456691
11
5.4880149999999999
21
-3.7637922440944882
0
LINE
8
BLACK
6
CONTINUOUS
10
5.4880149999999999
20
-3.7637922440944882
11
5.4916487007874011
21
-3.7674259448818899
0
LINE
8
BLACK
6
CONTINUOUS
10
5.4916487007874011
20
-3.7674259448818899
11
5.4942181102362202
21
-3.7718762992125985
0
LINE
8
BLACK
6
CONTINUOUS
10
5.4942181102362202
20
-3.7718762992125985
11
5.4955481102362205
21
-3.7768400393700787
0
LINE
8
BLACK
6
CONTINUOUS
10
5.4955481102362205
20
-3.7768400393700787
11
5.4955481102362205
21
-3.7819788582677165
0
LINE
8
BLACK
6
CONTINUOUS
10
5.4955481102362205
20
-3.7819788582677165
11
5.4942181102362202
21
-3.7869425984251968
0
LINE
8
BLACK
6
CONTINUOUS
10
5.4942181102362202
20
-3.7869425984251968
11
5.4916487007874011
21
-3.7913929527559054
0
LINE
8
BLACK
6
CONTINUOUS
10
5.4916487007874011
20
-3.7913929527559054
11
5.4880149999999999
21
-3.795026653543307
0
LINE
8
BLACK
6
CONTINUOUS
10
5.4880149999999999
20
-3.795026653543307
11
5.4835646456692908
21
-3.7975960629921257
0
LINE
8
BLACK
6
CONTINUOUS
10
5.4835646456692908
20
-3.7975960629921257
11
5.4786009055118106
21
-3.798926062992126
0
LINE
8
BLACK
6
CONTINUOUS
10
5.4786009055118106
20
-3.798926062992126
11
5.4760314960629923
21
-3.7990944881889761
0
LINE
8
BLACK
6
CONTINUOUS
10
5.4760314960629923
20
-3.7990944881889761
11
5.4663464566929134
21
-3.7990944881889761
0
LINE
8
BLACK
6
CONTINUOUS
10
5.4663464566929134
20
-3.7990944881889761
11
5.4663464566929134
21
-3.8069684645669288
0
LINE
8
BLACK
6
CONTINUOUS
10
5.4663464566929134
20
-3.8069684645669288
11
5.4663464960629922
21
-3.8069685039370076
0
LINE
8
BLACK
6
CONTINUOUS
10
5.4663464960629922
20
-3.8069685039370076
11
5.478745787401575
21
-3.8069685039370076
0
LINE
8
BLACK
6
CONTINUOUS
10
5.478745787401575
20
-3.8069685039370076
11
5.4787458267716538
21
-3.8069684645669288
0
LINE
8
BLACK
6
CONTINUOUS
10
5.4787458267716538
20
-3.8069684645669288
11
5.4840701968503938
21
-3.8059093700787399
0
LINE
8
BLACK
6
CONTINUOUS
10
5.4840701968503938
20
-3.8059093700787399
11
5.4890854724409444
21
-3.8038320078740155
0
LINE
8
BLACK
6
CONTINUOUS
10
5.4890854724409444
20
-3.8038320078740155
11
5.4935992125984248
21
-3.8008160629921259
0
LINE
8
BLACK
6
CONTINUOUS
10
5.4935992125984248
20
-3.8008160629921259
11
5.49743811023622
21
-3.7969771653543307
0
LINE
8
BLACK
6
CONTINUOUS
10
5.49743811023622
20
-3.7969771653543307
11
5.5004540944881892
21
-3.7924633464566928
0
LINE
8
BLACK
6
CONTINUOUS
10
5.5004540944881892
20
-3.7924633464566928
11
5.5005192913385823
21
-3.7923414566929132
0
LINE
8
BLACK
6
CONTINUOUS
10
5.5005192913385823
20
-3.7923414566929132
11
5.5022557086614174
21
-3.7906718897637792
0
LINE
8
BLACK
6
CONTINUOUS
10
5.5022557086614174
20
-3.7906718897637792
11
5.5046418503937007
21
-3.7903418503937005
0
LINE
8
BLACK
6
CONTINUOUS
10
5.5046418503937007
20
-3.7903418503937005
11
5.5067662992125985
21
-3.7914773622047244
0
LINE
8
BLACK
6
CONTINUOUS
10
5.5067662992125985
20
-3.7914773622047244
11
5.5078175590551179
21
-3.7936447244094489
0
LINE
8
BLACK
6
CONTINUOUS
10
5.5078175590551179
20
-3.7936447244094489
11
5.5078543307086614
21
-3.794178779527559
0
LINE
8
BLACK
6
CONTINUOUS
10
5.5078543307086614
20
-3.794178779527559
11
5.5078543307086614
21
-4.1047975590551182
0
LINE
8
BLACK
6
CONTINUOUS
10
5.5078543307086614
20
-4.1047975590551182
11
5.5071099606299212
21
-4.1070885433070865
0
LINE
8
BLACK
6
CONTINUOUS
10
5.5071099606299212
20
-4.1070885433070865
11
5.505161141732283
21
-4.1085044488188975
0
LINE
8
BLACK
6
CONTINUOUS
10
5.505161141732283
20
-4.1085044488188975
11
5.5027522440944878
21
-4.1085044488188975
0
LINE
8
BLACK
6
CONTINUOUS
10
5.5027522440944878
20
-4.1085044488188975
11
5.5008034251968505
21
-4.1070885433070865
0
LINE
8
BLACK
6
CONTINUOUS
10
5.5008034251968505
20
-4.1070885433070865
11
5.5005193700787398
21
-4.1066350787401573
0
LINE
8
BLACK
6
CONTINUOUS
10
5.5005193700787398
20
-4.1066350787401573
11
5.5004540551181105
21
-4.1065128740157482
0
LINE
8
BLACK
6
CONTINUOUS
10
5.5004540551181105
20
-4.1065128740157482
11
5.49743811023622
21
-4.1019991732283465
0
LINE
8
BLACK
6
CONTINUOUS
10
5.49743811023622
20
-4.1019991732283465
11
5.4935992125984248
21
-4.0981602755905513
0
LINE
8
BLACK
6
CONTINUOUS
10
5.4935992125984248
20
-4.0981602755905513
11
5.4890854724409444
21
-4.0951443307086617
0
LINE
8
BLACK
6
CONTINUOUS
10
5.4890854724409444
20
-4.0951443307086617
11
5.4840701968503938
21
-4.0930669685039369
0
LINE
8
BLACK
6
CONTINUOUS
10
5.4840701968503938
20
-4.0930669685039369
11
5.4787458267716538
21
-4.0920078740157475
0
LINE
8
BLACK
6
CONTINUOUS
10
5.4787458267716538
20
-4.0920078740157475
11
5.4663464960629922
21
-4.0920078740157475
0
LINE
8
BLACK
6
CONTINUOUS
10
5.4663464960629922
20
-4.0920078740157475
11
5.4663464566929134
21
-4.0920079133858263
0
LINE
8
BLACK
6
CONTINUOUS
10
5.4663464566929134
20
-4.0920079133858263
11
5.4663464566929134
21
-4.0998818897637799
0
LINE
8
BLACK
6
CONTINUOUS
10
5.4663464566929134
20
-4.0998818897637799
11
5.4760314960629923
21
-4.0998818897637799
0
LINE
8
BLACK
6
CONTINUOUS
10
5.4760314960629923
20
-4.0998818897637799
11
5.4786009055118106
21
-4.1000503149606295
0
LINE
8
BLACK
6
CONTINUOUS
10
5.4786009055118106
20
-4.1000503149606295
11
5.4835646456692908
21
-4.1013803149606298
0
LINE
8
BLACK
6
CONTINUOUS
10
5.4835646456692908
20
-4.1013803149606298
11
5.4880149999999999
21
-4.1039497244094489
0
LINE
8
BLACK
6
CONTINUOUS
10
5.4880149999999999
20
-4.1039497244094489
11
5.4916487007874011
21
-4.1075834251968502
0
LINE
8
BLACK
6
CONTINUOUS
10
5.4916487007874011
20
-4.1075834251968502
11
5.4942181102362202
21
-4.1120337795275592
0
LINE
8
BLACK
6
CONTINUOUS
10
5.4942181102362202
20
-4.1120337795275592
11
5.4955481102362205
21
-4.1169975196850395
0
LINE
8
BLACK
6
CONTINUOUS
10
5.4955481102362205
20
-4.1169975196850395
11
5.4955481102362205
21
-4.1221363385826768
0
LINE
8
BLACK
6
CONTINUOUS
10
5.4955481102362205
20
-4.1221363385826768
11
5.4942181102362202
21
-4.1271000787401571
0
LINE
8
BLACK
6
CONTINUOUS
10
5.4942181102362202
20
-4.1271000787401571
11
5.4916487007874011
21
-4.1315504330708661
0
LINE
8
BLACK
6
CONTINUOUS
10
5.4916487007874011
20
-4.1315504330708661
11
5.4880149999999999
21
-4.1351841338582673
0
LINE
8
BLACK
6
CONTINUOUS
10
5.4880149999999999
20
-4.1351841338582673
11
5.4835646456692908
21
-4.1377535433070864
0
LINE
8
BLACK
6
CONTINUOUS
10
5.4835646456692908
20
-4.1377535433070864
11
5.4786009055118106
21
-4.1390835433070867
0
LINE
8
BLACK
6
CONTINUOUS
10
5.4786009055118106
20
-4.1390835433070867
11
5.4760314960629923
21
-4.1392519685039373
0
LINE
8
BLACK
6
CONTINUOUS
10
5.4760314960629923
20
-4.1392519685039373
11
5.4663464566929134
21
-4.1392519685039373
0
LINE
8
BLACK
6
CONTINUOUS
10
5.4663464566929134
20
-4.1392519685039373
11
5.4663464566929134
21
-4.14712594488189
0
LINE
8
BLACK
6
CONTINUOUS
10
5.4663464566929134
20
-4.14712594488189
11
5.4663464960629922
21
-4.1471259842519688
0
LINE
8
BLACK
6
CONTINUOUS
10
5.4663464960629922
20
-4.1471259842519688
11
5.478745787401575
21
-4.1471259842519688
0
LINE
8
BLACK
6
CONTINUOUS
10
5.478745787401575
20
-4.1471259842519688
11
5.4787458267716538
21
-4.14712594488189
0
LINE
8
BLACK
6
CONTINUOUS
10
5.4787458267716538
20
-4.14712594488189
11
5.4840701968503938
21
-4.1460668503937006
0
LINE
8
BLACK
6
CONTINUOUS
10
5.4840701968503938
20
-4.1460668503937006
11
5.4890854724409444
21
-4.1439894881889767
0
LINE
8
BLACK
6
CONTINUOUS
10
5.4890854724409444
20
-4.1439894881889767
11
5.4935992125984248
21
-4.1409735433070862
0
LINE
8
BLACK
6
CONTINUOUS
10
5.4935992125984248
20
-4.1409735433070862
11
5.49743811023622
21
-4.137134645669291
0
LINE
8
BLACK
6
CONTINUOUS
10
5.49743811023622
20
-4.137134645669291
11
5.5004540944881892
21
-4.1326208267716531
0
LINE
8
BLACK
6
CONTINUOUS
10
5.5004540944881892
20
-4.1326208267716531
11
5.5005192913385823
21
-4.132498937007874
0
LINE
8
BLACK
6
CONTINUOUS
10
5.5005192913385823
20
-4.132498937007874
11
5.5022557086614174
21
-4.1308293700787404
0
LINE
8
BLACK
6
CONTINUOUS
10
5.5022557086614174
20
-4.1308293700787404
11
5.5046418503937007
21
-4.1304993307086617
0
LINE
8
BLACK
6
CONTINUOUS
10
5.5046418503937007
20
-4.1304993307086617
11
5.5067662992125985
21
-4.1316348425196852
0
LINE
8
BLACK
6
CONTINUOUS
10
5.5067662992125985
20
-4.1316348425196852
11
5.5078175590551179
21
-4.1338022047244092
0
LINE
8
BLACK
6
CONTINUOUS
10
5.5078175590551179
20
-4.1338022047244092
11
5.5078543307086614
21
-4.1343362598425193
0
LINE
8
BLACK
6
CONTINUOUS
10
5.5078543307086614
20
-4.1343362598425193
11
5.5078543307086614
21
-4.1500100787401575
0
LINE
8
BLACK
6
CONTINUOUS
10
5.5078543307086614
20
-4.1500100787401575
11
5.5071099606299212
21
-4.1523010629921258
0
LINE
8
BLACK
6
CONTINUOUS
10
5.5071099606299212
20
-4.1523010629921258
11
5.5067127559055118
21
-4.1527661023622047
0
LINE
8
BLACK
6
CONTINUOUS
10
5.5067127559055118
20
-4.1527661023622047
11
5.5047040157480316
21
-4.1547748425196849
0
LINE
8
BLACK
6
CONTINUOUS
10
5.5047040157480316
20
-4.1547748425196849
11
5.5047039370078741
21
-4.1547749212598424
0
LINE
8
BLACK
6
CONTINUOUS
10
5.5047039370078741
20
-4.1547749212598424
11
5.5047039370078741
21
-4.1547749606299211
0
LINE
8
BLACK
6
CONTINUOUS
10
5.5047039370078741
20
-4.1547749606299211
11
5.5015914566929132
21
-4.160165984251968
0
LINE
8
BLACK
6
CONTINUOUS
10
5.5015914566929132
20
-4.160165984251968
11
5.4999803149606299
21
-4.1661788582677168
0
LINE
8
BLACK
6
CONTINUOUS
10
5.4999803149606299
20
-4.1661788582677168
11
5.4999803149606299
21
-4.1724038188976378
0
LINE
8
BLACK
6
CONTINUOUS
10
5.4999803149606299
20
-4.1724038188976378
11
5.5015914566929132
21
-4.1784166929133857
0
LINE
8
BLACK
6
CONTINUOUS
10
5.5015914566929132
20
-4.1784166929133857
11
5.5047039370078741
21
-4.1838077165354326
0
LINE
8
BLACK
6
CONTINUOUS
10
5.5047039370078741
20
-4.1838077165354326
11
5.5091056692913387
21
-4.1882094488188972
0
LINE
8
BLACK
6
CONTINUOUS
10
5.5091056692913387
20
-4.1882094488188972
11
5.5144966929133856
21
-4.1913219291338581
0
LINE
8
BLACK
6
CONTINUOUS
10
5.5144966929133856
20
-4.1913219291338581
11
5.5205095669291335
21
-4.1929330708661414
0
LINE
8
BLACK
6
CONTINUOUS
10
5.5205095669291335
20
-4.1929330708661414
11
5.520509645669291
21
-4.1929330708661414
0
LINE
8
BLACK
6
CONTINUOUS
10
5.520509645669291
20
-4.1929330708661414
11
5.5267344488188979
21
-4.1929330708661414
0
LINE
8
BLACK
6
CONTINUOUS
10
5.5267344488188979
20
-4.1929330708661414
11
5.5267345275590554
21
-4.1929330708661414
0
LINE
8
BLACK
6
CONTINUOUS
10
5.5267345275590554
20
-4.1929330708661414
11
5.5327474015748033
21
-4.1913219291338581
0
LINE
8
BLACK
6
CONTINUOUS
10
5.5327474015748033
20
-4.1913219291338581
11
5.5381384251968502
21
-4.1882094488188972
0
LINE
8
BLACK
6
CONTINUOUS
10
5.5381384251968502
20
-4.1882094488188972
11
5.5425401574803148
21
-4.1838077165354326
0
LINE
8
BLACK
6
CONTINUOUS
10
5.5425401574803148
20
-4.1838077165354326
11
5.5456526377952757
21
-4.1784166929133857
0
LINE
8
BLACK
6
CONTINUOUS
10
5.5456526377952757
20
-4.1784166929133857
11
5.547263779527559
21
-4.1724038188976378
0
LINE
8
BLACK
6
CONTINUOUS
10
5.547263779527559
20
-4.1724038188976378
11
5.547263779527559
21
-4.1661788582677168
0
LINE
8
BLACK
6
CONTINUOUS
10
5.547263779527559
20
-4.1661788582677168
11
5.5456526377952757
21
-4.160165984251968
0
LINE
8
BLACK
6
CONTINUOUS
10
5.5456526377952757
20
-4.160165984251968
11
5.5425401574803148
21
-4.1547749606299211
0
LINE
8
BLACK
6
CONTINUOUS
10
5.5425401574803148
20
-4.1547749606299211
11
5.5425400393700786
21
-4.1547748425196849
0
LINE
8
BLACK
6
CONTINUOUS
10
5.5425400393700786
20
-4.1547748425196849
11
5.5405313385826771
21
-4.1527661023622047
0
LINE
8
BLACK
6
CONTINUOUS
10
5.5405313385826771
20
-4.1527661023622047
11
5.5403885826771653
21
-4.1524859055118108
0
LINE
8
BLACK
6
CONTINUOUS
10
5.5403885826771653
20
-4.1524859055118108
11
5.5401341338582677
21
-4.1523010629921258
0
LINE
8
BLACK
6
CONTINUOUS
10
5.5401341338582677
20
-4.1523010629921258
11
5.5398520472440946
21
-4.1514328740157476
0
LINE
8
BLACK
6
CONTINUOUS
10
5.5398520472440946
20
-4.1514328740157476
11
5.5394377559055119
21
-4.1506197637795275
0
LINE
8
BLACK
6
CONTINUOUS
10
5.5394377559055119
20
-4.1506197637795275
11
5.5393897637795275
21
-4.1500100787401575
0
LINE
8
BLACK
6
CONTINUOUS
10
5.5393897637795275
20
-4.1500100787401575
11
5.5393897637795275
21
-4.1481102362204725
0
LINE
8
BLACK
6
CONTINUOUS
10
5.5393897637795275
20
-4.1481102362204725
11
5.5393897637795275
21
-4.116755551181102
0
LINE
8
BLACK
6
CONTINUOUS
10
5.5393897637795275
20
-4.116755551181102
11
5.5393897637795275
21
-4.0910236220472438
0
LINE
8
BLACK
6
CONTINUOUS
10
5.5393897637795275
20
-4.0910236220472438
11
5.5393897637795275
21
-4.0615753149606295
0
LINE
8
BLACK
6
CONTINUOUS
10
5.5393897637795275
20
-4.0615753149606295
11
5.5393897637795275
21
-3.9660410629921259
0
LINE
8
BLACK
6
CONTINUOUS
10
5.5393897637795275
20
-3.9660410629921259
11
5.5393897637795275
21
-3.8339697244094486
0
LINE
8
BLACK
6
CONTINUOUS
10
5.5393897637795275
20
-3.8339697244094486
11
5.5393897637795275
21
-3.8079527559055117
0
LINE
8
BLACK
6
CONTINUOUS
10
5.5393897637795275
20
-3.8079527559055117
11
5.5393897637795275
21
-3.7765980708661417
0
LINE
8
BLACK
6
CONTINUOUS
10
5.5393897637795275
20
-3.7765980708661417
11
5.5393897637795275
21
-3.7508661417322835
0
LINE
8
BLACK
6
CONTINUOUS
10
5.5393897637795275
20
-3.7508661417322835
11
5.5393897637795275
21
-3.6668875196850395
0
LINE
8
BLACK
6
CONTINUOUS
10
5.5393897637795275
20
-3.6668875196850395
11
5.5393897637795275
21
-3.5165725590551182
0
LINE
8
BLACK
6
CONTINUOUS
10
5.5393897637795275
20
-3.5165725590551182
11
5.5393897637795275
21
-3.4782391338582674
0
LINE
8
BLACK
6
CONTINUOUS
10
5.5393897637795275
20
-3.4782391338582674
11
5.5393897637795275
21
-3.4782390944881887
0
LINE
8
BLACK
6
CONTINUOUS
10
5.5393897637795275
20
-3.4782390944881887
11
5.5383152362204724
21
-3.4742288582677165
0
LINE
8
BLACK
6
CONTINUOUS
10
5.5383152362204724
20
-3.4742288582677165
11
5.5368401574803148
21
-3.4716739763779527
0
LINE
8
BLACK
6
CONTINUOUS
10
5.5368401574803148
20
-3.4716739763779527
11
5.5362393700787402
21
-3.470633346456693
0
LINE
8
BLACK
6
CONTINUOUS
10
5.5362393700787402
20
-3.470633346456693
11
5.5333036614173228
21
-3.4676975984251968
0
LINE
8
BLACK
6
CONTINUOUS
10
5.5333036614173228
20
-3.4676975984251968
11
5.5333036614173228
21
-3.4676976377952755
0
LINE
8
BLACK
6
CONTINUOUS
10
5.5333036614173228
20
-3.4676976377952755
11
5.5208462992125984
21
-3.4552402755905511
0
LINE
8
BLACK
6
CONTINUOUS
10
5.5208462992125984
20
-3.4552402755905511
11
5.5197527165354332
21
-3.4530939370078739
0
LINE
8
BLACK
6
CONTINUOUS
10
5.5197527165354332
20
-3.4530939370078739
11
5.5197047244094488
21
-3.4524842125984252
0
LINE
8
BLACK
6
CONTINUOUS
10
5.5197047244094488
20
-3.4524842125984252
11
5.5197047244094488
21
-3.4496434645669289
0
LINE
8
BLACK
6
CONTINUOUS
10
5.5197047244094488
20
-3.4496434645669289
11
5.5197047244094488
21
-3.4496434251968502
0
LINE
8
BLACK
6
CONTINUOUS
10
5.5197047244094488
20
-3.4496434251968502
11
5.5180935826771655
21
-3.4436305511811023
0
LINE
8
BLACK
6
CONTINUOUS
10
5.5180935826771655
20
-3.4436305511811023
11
5.5149811023622046
21
-3.4382395275590549
0
LINE
8
BLACK
6
CONTINUOUS
10
5.5149811023622046
20
-3.4382395275590549
11
5.51057937007874
21
-3.4338377952755903
0
LINE
8
BLACK
6
CONTINUOUS
10
5.51057937007874
20
-3.4338377952755903
11
5.5051883464566931
21
-3.4307253149606298
0
LINE
8
BLACK
6
CONTINUOUS
10
5.5051883464566931
20
-3.4307253149606298
11
5.4991754724409452
21
-3.4291141732283466
0
LINE
8
BLACK
6
CONTINUOUS
10
5.4991754724409452
20
-3.4291141732283466
11
5.4929505118110233
21
-3.4291141732283466
0
LINE
8
BLACK
6
CONTINUOUS
10
5.4929505118110233
20
-3.4291141732283466
11
5.4869376377952754
21
-3.4307253149606298
0
LINE
8
BLACK
6
CONTINUOUS
10
6.3582480314960632
20
-3.6645298031496063
11
6.3598591732283465
21
-3.6705426771653542
0
LINE
8
BLACK
6
CONTINUOUS
10
6.3598591732283465
20
-3.6705426771653542
11
6.3629716535433065
21
-3.6759337007874016
0
LINE
8
BLACK
6
CONTINUOUS
10
6.3629716535433065
20
-3.6759337007874016
11
6.3669490157480313
21
-3.6799110629921259
0
LINE
8
BLACK
6
CONTINUOUS
10
6.3669490157480313
20
-3.6799110629921259
11
6.3680425590551177
21
-3.6820573228346456
0
LINE
8
BLACK
6
CONTINUOUS
10
6.3680425590551177
20
-3.6820573228346456
11
6.3680905511811021
21
-3.6826670472440943
0
LINE
8
BLACK
6
CONTINUOUS
10
6.3680905511811021
20
-3.6826670472440943
11
6.3680905511811021
21
-4.3207143307086611
0
LINE
8
BLACK
6
CONTINUOUS
10
6.3680905511811021
20
-4.3207143307086611
11
6.3690309448818896
21
-4.3242239370078739
0
LINE
8
BLACK
6
CONTINUOUS
10
6.3690309448818896
20
-4.3242239370078739
11
6.3708476377952756
21
-4.3273705511811027
0
LINE
8
BLACK
6
CONTINUOUS
10
6.3708476377952756
20
-4.3273705511811027
11
6.3728545275590553
21
-4.3293774409448815
0
LINE
8
BLACK
6
CONTINUOUS
10
6.3728545275590553
20
-4.3293774409448815
11
6.3739480708661418
21
-4.3315237007874012
0
LINE
8
BLACK
6
CONTINUOUS
10
6.3739480708661418
20
-4.3315237007874012
11
6.3739960629921262
21
-4.33213342519685
0
LINE
8
BLACK
6
CONTINUOUS
10
6.3739960629921262
20
-4.33213342519685
11
6.3739960629921262
21
-4.3377581496062989
0
LINE
8
BLACK
6
CONTINUOUS
10
6.3739960629921262
20
-4.3377581496062989
11
6.3756072047244094
21
-4.3437710236220468
0
LINE
8
BLACK
6
CONTINUOUS
10
6.3756072047244094
20
-4.3437710236220468
11
6.3787196850393704
21
-4.3491620472440946
0
LINE
8
BLACK
6
CONTINUOUS
10
6.3787196850393704
20
-4.3491620472440946
11
6.3831214173228341
21
-4.3535637795275592
0
LINE
8
BLACK
6
CONTINUOUS
10
6.3831214173228341
20
-4.3535637795275592
11
6.3885124409448819
21
-4.3566762598425193
0
LINE
8
BLACK
6
CONTINUOUS
10
6.3885124409448819
20
-4.3566762598425193
11
6.3945253149606298
21
-4.3582874015748034
0
LINE
8
BLACK
6
CONTINUOUS
10
6.3945253149606298
20
-4.3582874015748034
11
6.3945253937007873
21
-4.3582874015748034
0
LINE
8
BLACK
6
CONTINUOUS
10
6.3945253937007873
20
-4.3582874015748034
11
6.4007501968503933
21
-4.3582874015748034
0
LINE
8
BLACK
6
CONTINUOUS
10
6.4007501968503933
20
-4.3582874015748034
11
6.4007502755905508
21
-4.3582874015748034
0
LINE
8
BLACK
6
CONTINUOUS
10
6.4007502755905508
20
-4.3582874015748034
11
6.4067631496062987
21
-4.3566762598425193
0
LINE
8
BLACK
6
CONTINUOUS
10
6.4067631496062987
20
-4.3566762598425193
11
6.4121541732283465
21
-4.3535637795275592
0
LINE
8
BLACK
6
CONTINUOUS
10
6.4121541732283465
20
-4.3535637795275592
11
6.4165559055118111
21
-4.3491620472440946
0
LINE
8
BLACK
6
CONTINUOUS
10
6.4165559055118111
20
-4.3491620472440946
11
6.4196683858267711
21
-4.3437710236220468
0
LINE
8
BLACK
6
CONTINUOUS
10
6.4196683858267711
20
-4.3437710236220468
11
6.4212795275590553
21
-4.3377581496062989
0
LINE
8
BLACK
6
CONTINUOUS
10
6.4212795275590553
20
-4.3377581496062989
11
6.4212795275590553
21
-4.331533188976378
0
LINE
8
BLACK
6
CONTINUOUS
10
6.4212795275590553
20
-4.331533188976378
11
6.4196683858267711
21
-4.3255203149606301
0
LINE
8
BLACK
6
CONTINUOUS
10
6.4196683858267711
20
-4.3255203149606301
11
6.4165559055118111
21
-4.3201292913385823
0
LINE
8
BLACK
6
CONTINUOUS
10
6.4165559055118111
20
-4.3201292913385823
11
6.4121541732283465
21
-4.3157275590551176
0
LINE
8
BLACK
6
CONTINUOUS
10
6.4121541732283465
20
-4.3157275590551176
11
6.4067631496062987
21
-4.3126150787401576
0
LINE
8
BLACK
6
CONTINUOUS
10
6.4067631496062987
20
-4.3126150787401576
11
6.4007502755905508
21
-4.3110039370078743
0
LINE
8
BLACK
6
CONTINUOUS
10
6.4007502755905508
20
-4.3110039370078743
11
6.4007501968503933
21
-4.3110039370078743
0
LINE
8
BLACK
6
CONTINUOUS
10
6.4007501968503933
20
-4.3110039370078743
11
6.399586614173228
21
-4.3110039370078743
0
LINE
8
BLACK
6
CONTINUOUS
10
6.399586614173228
20
-4.3110039370078743
11
6.3972956299212598
21
-4.3102595669291341
0
LINE
8
BLACK
6
CONTINUOUS
10
6.3972956299212598
20
-4.3102595669291341
11
6.3958797244094487
21
-4.3083107480314959
0
LINE
8
BLACK
6
CONTINUOUS
10
6.3958797244094487
20
-4.3083107480314959
11
6.3956889763779525
21
-4.3071062992125979
0
LINE
8
BLACK
6
CONTINUOUS
10
6.3956889763779525
20
-4.3071062992125979
11
6.3956889763779525
21
-3.6826670472440943
0
LINE
8
BLACK
6
CONTINUOUS
10
6.3956889763779525
20
-3.6826670472440943
11
6.3964333464566927
21
-3.6803760629921261
0
LINE
8
BLACK
6
CONTINUOUS
10
6.3964333464566927
20
-3.6803760629921261
11
6.3968303149606296
21
-3.6799112204724409
0
LINE
8
BLACK
6
CONTINUOUS
10
6.3968303149606296
20
-3.6799112204724409
11
6.4008078740157481
21
-3.6759337007874016
0
LINE
8
BLACK
6
CONTINUOUS
10
6.4008078740157481
20
-3.6759337007874016
11
6.4039203543307082
21
-3.6705426771653542
0
LINE
8
BLACK
6
CONTINUOUS
10
6.4039203543307082
20
-3.6705426771653542
11
6.4055314960629923
21
-3.6645298031496063
0
LINE
8
BLACK
6
CONTINUOUS
10
6.4055314960629923
20
-3.6645298031496063
11
6.4055314960629923
21
-3.6583048425196849
0
LINE
8
BLACK
6
CONTINUOUS
10
6.4055314960629923
20
-3.6583048425196849
11
6.4039203543307082
21
-3.652291968503937
0
LINE
8
BLACK
6
CONTINUOUS
10
6.4039203543307082
20
-3.652291968503937
11
6.4008078740157481
21
-3.6469009448818897
0
LINE
8
BLACK
6
CONTINUOUS
10
6.4008078740157481
20
-3.6469009448818897
11
6.3964061417322835
21
-3.642499212598425
0
LINE
8
BLACK
6
CONTINUOUS
10
6.3964061417322835
20
-3.642499212598425
11
6.3910151181102357
21
-3.6393867322834645
0
LINE
8
BLACK
6
CONTINUOUS
10
6.3910151181102357
20
-3.6393867322834645
11
6.3850022440944878
21
-3.6377755905511808
0
LINE
8
BLACK
6
CONTINUOUS
10
6.3850022440944878
20
-3.6377755905511808
11
6.3787772834645668
21
-3.6377755905511808
0
LINE
8
BLACK
6
CONTINUOUS
10
6.3787772834645668
20
-3.6377755905511808
11
6.3727644094488189
21
-3.6393867322834645
0
LINE
8
BLACK
6
CONTINUOUS
10
6.3727644094488189
20
-3.6393867322834645
11
6.3673733858267711
21
-3.642499212598425
0
LINE
8
BLACK
6
CONTINUOUS
10
6.3673733858267711
20
-3.642499212598425
11
6.3629716535433065
21
-3.6469009448818897
0
LINE
8
BLACK
6
CONTINUOUS
10
6.3629716535433065
20
-3.6469009448818897
11
6.3598591732283465
21
-3.652291968503937
0
LINE
8
BLACK
6
CONTINUOUS
10
6.3598591732283465
20
-3.652291968503937
11
6.3582480314960632
21
-3.6583048425196849
0
LINE
8
BLACK
6
CONTINUOUS
10
6.3582480314960632
20
-3.6583048425196849
11
6.3582480314960632
21
-3.6645298031496063
0
LINE
8
BLACK
6
CONTINUOUS
10
6.0039566929133859
20
-4.193737913385827
11
6.0023455511811026
21
-4.1877250393700782
0
LINE
8
BLACK
6
CONTINUOUS
10
6.0023455511811026
20
-4.1877250393700782
11
5.9992330708661417
21
-4.1823340157480313
0
LINE
8
BLACK
6
CONTINUOUS
10
5.9992330708661417
20
-4.1823340157480313
11
5.994831338582677
21
-4.1779322834645667
0
LINE
8
BLACK
6
CONTINUOUS
10
5.994831338582677
20
-4.1779322834645667
11
5.9894403149606301
21
-4.1748198031496058
0
LINE
8
BLACK
6
CONTINUOUS
10
5.9894403149606301
20
-4.1748198031496058
11
5.9834274409448813
21
-4.1732086614173225
0
LINE
8
BLACK
6
CONTINUOUS
10
5.9834274409448813
20
-4.1732086614173225
11
5.9772024803149604
21
-4.1732086614173225
0
LINE
8
BLACK
6
CONTINUOUS
10
5.9772024803149604
20
-4.1732086614173225
11
5.9713166929133861
21
-4.1747857480314963
0
LINE
8
BLACK
6
CONTINUOUS
10
5.9713166929133861
20
-4.1747857480314963
11
5.9689111023622043
21
-4.1746596456692915
0
LINE
8
BLACK
6
CONTINUOUS
10
5.9689111023622043
20
-4.1746596456692915
11
5.9670390551181098
21
-4.173143700787401
0
LINE
8
BLACK
6
CONTINUOUS
10
5.9670390551181098
20
-4.173143700787401
11
5.9664156299212596
21
-4.1708168897637794
0
LINE
8
BLACK
6
CONTINUOUS
10
5.9664156299212596
20
-4.1708168897637794
11
5.9672788976377955
21
-4.1685680314960631
0
LINE
8
BLACK
6
CONTINUOUS
10
5.9672788976377955
20
-4.1685680314960631
11
5.9675514960629918
21
-4.1682652362204724
0
LINE
8
BLACK
6
CONTINUOUS
10
5.9675514960629918
20
-4.1682652362204724
11
5.9716940944881891
21
-4.1641226771653539
0
LINE
8
BLACK
6
CONTINUOUS
10
5.9716940944881891
20
-4.1641226771653539
11
5.9748065748031491
21
-4.158731653543307
0
LINE
8
BLACK
6
CONTINUOUS
10
5.9748065748031491
20
-4.158731653543307
11
5.9764177165354333
21
-4.1527187795275591
0
LINE
8
BLACK
6
CONTINUOUS
10
5.9764177165354333
20
-4.1527187795275591
11
5.9764177165354333
21
-4.1464938188976381
0
LINE
8
BLACK
6
CONTINUOUS
10
5.9764177165354333
20
-4.1464938188976381
11
5.9748065748031491
21
-4.1404809448818893
0
LINE
8
BLACK
6
CONTINUOUS
10
5.9748065748031491
20
-4.1404809448818893
11
5.9742431889763781
21
-4.1395051574803148
0
LINE
8
BLACK
6
CONTINUOUS
10
5.9742431889763781
20
-4.1395051574803148
11
5.9737423622047245
21
-4.13714905511811
0
LINE
8
BLACK
6
CONTINUOUS
10
5.9737423622047245
20
-4.13714905511811
11
5.9743777952755908
21
-4.1353911417322831
0
LINE
8
BLACK
6
CONTINUOUS
10
5.9743777952755908
20
-4.1353911417322831
11
5.9771958661417317
21
-4.1311736614173231
0
LINE
8
BLACK
6
CONTINUOUS
10
5.9771958661417317
20
-4.1311736614173231
11
5.9792748031496066
21
-4.126154645669291
0
LINE
8
BLACK
6
CONTINUOUS
10
5.9792748031496066
20
-4.126154645669291
11
5.9803346456692914
21
-4.1208264960629917
0
LINE
8
BLACK
6
CONTINUOUS
10
5.9803346456692914
20
-4.1208264960629917
11
5.9803346456692914
21
-4.1153939763779528
0
LINE
8
BLACK
6
CONTINUOUS
10
5.9803346456692914
20
-4.1153939763779528
11
5.9803346062992127
21
-4.1153938582677165
0
LINE
8
BLACK
6
CONTINUOUS
10
5.9803346062992127
20
-4.1153938582677165
11
5.9792748031496066
21
-4.1100658267716534
0
LINE
8
BLACK
6
CONTINUOUS
10
5.9792748031496066
20
-4.1100658267716534
11
5.9778031496062987
21
-4.1065129133858269
0
LINE
8
BLACK
6
CONTINUOUS
10
5.9778031496062987
20
-4.1065129133858269
11
5.9771959448818892
21
-4.1050469685039372
0
LINE
8
BLACK
6
CONTINUOUS
10
5.9771959448818892
20
-4.1050469685039372
11
5.9771957086614176
21
-4.105046535433071
0
LINE
8
BLACK
6
CONTINUOUS
10
5.9771957086614176
20
-4.105046535433071
11
5.9741777165354328
21
-4.100529842519685
0
LINE
8
BLACK
6
CONTINUOUS
10
5.9741777165354328
20
-4.100529842519685
11
5.9703362598425196
21
-4.0966883858267717
0
LINE
8
BLACK
6
CONTINUOUS
10
5.9703362598425196
20
-4.0966883858267717
11
5.9658195669291336
21
-4.093670393700787
0
LINE
8
BLACK
6
CONTINUOUS
10
5.9658195669291336
20
-4.093670393700787
11
5.9658191338582673
21
-4.0936701574803145
0
LINE
8
BLACK
6
CONTINUOUS
10
5.9658191338582673
20
-4.0936701574803145
11
5.9608003149606299
21
-4.0915913385826768
0
LINE
8
BLACK
6
CONTINUOUS
10
5.9608003149606299
20
-4.0915913385826768
11
5.9554722440944881
21
-4.0905314960629919
0
LINE
8
BLACK
6
CONTINUOUS
10
5.9554722440944881
20
-4.0905314960629919
11
5.9554721653543305
21
-4.0905314960629919
0
LINE
8
BLACK
6
CONTINUOUS
10
5.9554721653543305
20
-4.0905314960629919
11
5.9500396456692908
21
-4.0905314960629919
0
LINE
8
BLACK
6
CONTINUOUS
10
5.9500396456692908
20
-4.0905314960629919
11
5.9500395275590554
21
-4.0905314960629919
0
LINE
8
BLACK
6
CONTINUOUS
10
5.9500395275590554
20
-4.0905314960629919
11
5.9447114960629923
21
-4.0915913385826768
0
LINE
8
BLACK
6
CONTINUOUS
10
5.9447114960629923
20
-4.0915913385826768
11
5.9447114173228348
21
-4.0915913385826768
0
LINE
8
BLACK
6
CONTINUOUS
10
5.9447114173228348
20
-4.0915913385826768
11
5.9396926377952752
21
-4.0936701574803145
0
LINE
8
BLACK
6
CONTINUOUS
10
5.9396926377952752
20
-4.0936701574803145
11
5.939692204724409
21
-4.093670393700787
0
LINE
8
BLACK
6
CONTINUOUS
10
5.939692204724409
20
-4.093670393700787
11
5.9351755118110239
21
-4.0966883858267717
0
LINE
8
BLACK
6
CONTINUOUS
10
5.9351755118110239
20
-4.0966883858267717
11
5.9313340551181097
21
-4.100529842519685
0
LINE
8
BLACK
6
CONTINUOUS
10
5.9313340551181097
20
-4.100529842519685
11
5.9283160629921259
21
-4.105046535433071
0
LINE
8
BLACK
6
CONTINUOUS
10
5.9283160629921259
20
-4.105046535433071
11
5.9283158267716534
21
-4.1050469685039372
0
LINE
8
BLACK
6
CONTINUOUS
10
5.9283158267716534
20
-4.1050469685039372
11
5.9262370078740156
21
-4.1100657480314959
0
LINE
8
BLACK
6
CONTINUOUS
10
5.9262370078740156
20
-4.1100657480314959
11
5.9262370078740156
21
-4.1100658267716534
0
LINE
8
BLACK
6
CONTINUOUS
10
5.9262370078740156
20
-4.1100658267716534
11
5.9251771653543308
21
-4.1153938582677165
0
LINE
8
BLACK
6
CONTINUOUS
10
5.9251771653543308
20
-4.1153938582677165
11
5.9251771653543308
21
-4.1208265748031492
0
LINE
8
BLACK
6
CONTINUOUS
10
5.9251771653543308
20
-4.1208265748031492
11
5.9262370078740156
21
-4.1261546062992123
0
LINE
8
BLACK
6
CONTINUOUS
10
5.9262370078740156
20
-4.1261546062992123
11
5.9262370078740156
21
-4.1261546850393698
0
LINE
8
BLACK
6
CONTINUOUS
10
5.9262370078740156
20
-4.1261546850393698
11
5.9283158267716534
21
-4.1311734645669294
0
LINE
8
BLACK
6
CONTINUOUS
10
5.9283158267716534
20
-4.1311734645669294
11
5.9283160629921259
21
-4.1311738976377947
0
LINE
8
BLACK
6
CONTINUOUS
10
5.9283160629921259
20
-4.1311738976377947
11
5.929861220472441
21
-4.133486338582677
0
LINE
8
BLACK
6
CONTINUOUS
10
5.929861220472441
20
-4.133486338582677
11
5.931155393700787
21
-4.135423188976378
0
LINE
8
BLACK
6
CONTINUOUS
10
5.931155393700787
20
-4.135423188976378
11
5.9318092913385829
21
-4.1377415748031492
0
LINE
8
BLACK
6
CONTINUOUS
10
5.9318092913385829
20
-4.1377415748031492
11
5.9312901574803147
21
-4.1395372834645672
0
LINE
8
BLACK
6
CONTINUOUS
10
5.9312901574803147
20
-4.1395372834645672
11
5.9307454330708662
21
-4.1404807874015743
0
LINE
8
BLACK
6
CONTINUOUS
10
5.9307454330708662
20
-4.1404807874015743
11
5.9307453937007875
21
-4.1404809448818893
0
LINE
8
BLACK
6
CONTINUOUS
10
5.9307453937007875
20
-4.1404809448818893
11
5.9291342519685042
21
-4.1464938188976381
0
LINE
8
BLACK
6
CONTINUOUS
10
5.9291342519685042
20
-4.1464938188976381
11
5.9291342519685042
21
-4.1527187795275591
0
LINE
8
BLACK
6
CONTINUOUS
10
5.9291342519685042
20
-4.1527187795275591
11
5.9307453937007875
21
-4.158731653543307
0
LINE
8
BLACK
6
CONTINUOUS
10
5.9307453937007875
20
-4.158731653543307
11
5.9338578740157475
21
-4.1641226771653539
0
LINE
8
BLACK
6
CONTINUOUS
10
5.9338578740157475
20
-4.1641226771653539
11
5.9382596062992121
21
-4.1685244094488185
0
LINE
8
BLACK
6
CONTINUOUS
10
5.9382596062992121
20
-4.1685244094488185
11
5.9383351574803145
21
-4.1685680314960631
0
LINE
8
BLACK
6
CONTINUOUS
10
5.9383351574803145
20
-4.1685680314960631
11
5.9399105511811019
21
-4.1694775984251971
0
LINE
8
BLACK
6
CONTINUOUS
10
5.9399105511811019
20
-4.1694775984251971
11
5.9415224015748027
21
-4.171267716535433
0
LINE
8
BLACK
6
CONTINUOUS
10
5.9415224015748027
20
-4.171267716535433
11
5.9417742125984248
21
-4.1736634251968505
0
LINE
8
BLACK
6
CONTINUOUS
10
5.9417742125984248
20
-4.1736634251968505
11
5.9405697637795276
21
-4.1757495669291336
0
LINE
8
BLACK
6
CONTINUOUS
10
5.9405697637795276
20
-4.1757495669291336
11
5.9397990944881887
21
-4.1762904330708661
0
LINE
8
BLACK
6
CONTINUOUS
10
5.9397990944881887
20
-4.1762904330708661
11
5.939692362204724
21
-4.1763474409448822
0
LINE
8
BLACK
6
CONTINUOUS
10
5.939692362204724
20
-4.1763474409448822
11
5.9351755118110239
21
-4.1793655511811023
0
LINE
8
BLACK
6
CONTINUOUS
10
5.9351755118110239
20
-4.1793655511811023
11
5.9313340551181097
21
-4.1832070078740156
0
LINE
8
BLACK
6
CONTINUOUS
10
5.9313340551181097
20
-4.1832070078740156
11
5.9283160629921259
21
-4.1877237007874015
0
LINE
8
BLACK
6
CONTINUOUS
10
5.9283160629921259
20
-4.1877237007874015
11
5.9283158267716534
21
-4.1877241338582678
0
LINE
8
BLACK
6
CONTINUOUS
10
5.9283158267716534
20
-4.1877241338582678
11
5.9262370078740156
21
-4.1927429133858265
0
LINE
8
BLACK
6
CONTINUOUS
10
5.9262370078740156
20
-4.1927429133858265
11
5.9262370078740156
21
-4.192742992125984
0
LINE
8
BLACK
6
CONTINUOUS
10
5.9262370078740156
20
-4.192742992125984
11
5.9251771653543308
21
-4.1980710236220471
0
LINE
8
BLACK
6
CONTINUOUS
10
5.9251771653543308
20
-4.1980710236220471
11
5.9251771653543308
21
-4.2035037401574806
0
LINE
8
BLACK
6
CONTINUOUS
10
5.9251771653543308
20
-4.2035037401574806
11
5.9262370078740156
21
-4.2088317716535428
0
LINE
8
BLACK
6
CONTINUOUS
10
5.9262370078740156
20
-4.2088317716535428
11
5.9262370078740156
21
-4.2088318503937003
0
LINE
8
BLACK
6
CONTINUOUS
10
5.9262370078740156
20
-4.2088318503937003
11
5.9283158267716534
21
-4.2138506299212599
0
LINE
8
BLACK
6
CONTINUOUS
10
5.9283158267716534
20
-4.2138506299212599
11
5.9283160629921259
21
-4.2138510629921262
0
LINE
8
BLACK
6
CONTINUOUS
10
5.9283160629921259
20
-4.2138510629921262
11
5.9313340551181097
21
-4.2183677559055113
0
LINE
8
BLACK
6
CONTINUOUS
10
5.9313340551181097
20
-4.2183677559055113
11
5.9351755118110239
21
-4.2222092125984254
0
LINE
8
BLACK
6
CONTINUOUS
10
5.9351755118110239
20
-4.2222092125984254
11
5.939692204724409
21
-4.2252272047244093
0
LINE
8
BLACK
6
CONTINUOUS
10
5.939692204724409
20
-4.2252272047244093
11
5.9396926377952752
21
-4.2252274409448818
0
LINE
8
BLACK
6
CONTINUOUS
10
5.9396926377952752
20
-4.2252274409448818
11
5.9407388582677161
21
-4.2256607874015746
0
LINE
8
BLACK
6
CONTINUOUS
10
5.9407388582677161
20
-4.2256607874015746
11
5.9447114960629923
21
-4.2273062992125983
0
LINE
8
BLACK
6
CONTINUOUS
10
5.9447114960629923
20
-4.2273062992125983
11
5.9500396456692908
21
-4.2283661417322831
0
LINE
8
BLACK
6
CONTINUOUS
10
5.9500396456692908
20
-4.2283661417322831
11
5.9500396850393695
21
-4.2283661417322831
0
LINE
8
BLACK
6
CONTINUOUS
10
5.9500396850393695
20
-4.2283661417322831
11
5.9554721259842518
21
-4.2283661417322831
0
LINE
8
BLACK
6
CONTINUOUS
10
5.9554721259842518
20
-4.2283661417322831
11
5.9554721653543305
21
-4.2283661417322831
0
LINE
8
BLACK
6
CONTINUOUS
10
5.9554721653543305
20
-4.2283661417322831
11
5.9608003149606299
21
-4.2273062992125983
0
LINE
8
BLACK
6
CONTINUOUS
10
5.9608003149606299
20
-4.2273062992125983
11
5.9658193307086611
21
-4.2252273622047243
0
LINE
8
BLACK
6
CONTINUOUS
10
5.9658193307086611
20
-4.2252273622047243
11
5.9658194094488186
21
-4.2252272834645668
0
LINE
8
BLACK
6
CONTINUOUS
10
5.9658194094488186
20
-4.2252272834645668
11
5.9658196062992124
21
-4.2252272047244093
0
LINE
8
BLACK
6
CONTINUOUS
10
5.9658196062992124
20
-4.2252272047244093
11
5.9680854330708657
21
-4.223713149606299
0
LINE
8
BLACK
6
CONTINUOUS
10
5.9680854330708657
20
-4.223713149606299
11
5.9703362992125983
21
-4.2222092125984254
0
LINE
8
BLACK
6
CONTINUOUS
10
5.9703362992125983
20
-4.2222092125984254
11
5.9715503543307085
21
-4.2209951181102365
0
LINE
8
BLACK
6
CONTINUOUS
10
5.9715503543307085
20
-4.2209951181102365
11
5.9736965748031494
21
-4.2199015748031492
0
LINE
8
BLACK
6
CONTINUOUS
10
5.9736965748031494
20
-4.2199015748031492
11
5.9753151574803152
21
-4.2199864173228345
0
LINE
8
BLACK
6
CONTINUOUS
10
5.9753151574803152
20
-4.2199864173228345
11
5.9772023622047241
21
-4.2204920866141729
0
LINE
8
BLACK
6
CONTINUOUS
10
5.9772023622047241
20
-4.2204920866141729
11
5.9772024409448816
21
-4.2204921259842516
0
LINE
8
BLACK
6
CONTINUOUS
10
5.9772024409448816
20
-4.2204921259842516
11
5.9772024803149604
21
-4.2204921259842516
0
LINE
8
BLACK
6
CONTINUOUS
10
5.9772024803149604
20
-4.2204921259842516
11
5.9834273622047247
21
-4.2204921259842516
0
LINE
8
BLACK
6
CONTINUOUS
10
5.9834273622047247
20
-4.2204921259842516
11
5.9834274409448813
21
-4.2204921259842516
0
LINE
8
BLACK
6
CONTINUOUS
10
5.9834274409448813
20
-4.2204921259842516
11
5.9894403149606301
21
-4.2188809842519683
0
LINE
8
BLACK
6
CONTINUOUS
10
5.9894403149606301
20
-4.2188809842519683
11
5.994831338582677
21
-4.2157685039370074
0
LINE
8
BLACK
6
CONTINUOUS
10
5.994831338582677
20
-4.2157685039370074
11
5.9992330708661417
21
-4.2113667716535428
0
LINE
8
BLACK
6
CONTINUOUS
10
5.9992330708661417
20
-4.2113667716535428
11
6.0023455511811026
21
-4.2059757480314959
0
LINE
8
BLACK
6
CONTINUOUS
10
6.0023455511811026
20
-4.2059757480314959
11
6.0039566929133859
21
-4.199962874015748
0
LINE
8
BLACK
6
CONTINUOUS
10
6.0039566929133859
20
-4.199962874015748
11
6.0039566929133859
21
-4.1980710236220471
0
LINE
8
BLACK
6
CONTINUOUS
10
6.0039566929133859
20
-4.1980710236220471
11
6.0039566929133859
21
-4.193737913385827
0
LINE
8
BLACK
6
CONTINUOUS
10
6.0196653543307086
20
-4.2035037401574806
11
6.0207251968503934
21
-4.2088317716535428
0
LINE
8
BLACK
6
CONTINUOUS
10
6.0207251968503934
20
-4.2088317716535428
11
6.0207251968503934
21
-4.2088318503937003
0
LINE
8
BLACK
6
CONTINUOUS
10
6.0207251968503934
20
-4.2088318503937003
11
6.0228040157480311
21
-4.2138506299212599
0
LINE
8
BLACK
6
CONTINUOUS
10
6.0228040157480311
20
-4.2138506299212599
11
6.0228042519685037
21
-4.2138510629921262
0
LINE
8
BLACK
6
CONTINUOUS
10
6.0228042519685037
20
-4.2138510629921262
11
6.0258222440944884
21
-4.2183677559055113
0
LINE
8
BLACK
6
CONTINUOUS
10
6.0258222440944884
20
-4.2183677559055113
11
6.0296637007874017
21
-4.2222092125984254
0
LINE
8
BLACK
6
CONTINUOUS
10
6.0296637007874017
20
-4.2222092125984254
11
6.0341803937007876
21
-4.2252272047244093
0
LINE
8
BLACK
6
CONTINUOUS
10
6.0341803937007876
20
-4.2252272047244093
11
6.034180826771653
21
-4.2252274409448818
0
LINE
8
BLACK
6
CONTINUOUS
10
6.034180826771653
20
-4.2252274409448818
11
6.0352270472440948
21
-4.2256607874015746
0
LINE
8
BLACK
6
CONTINUOUS
10
6.0352270472440948
20
-4.2256607874015746
11
6.0391996850393701
21
-4.2273062992125983
0
LINE
8
BLACK
6
CONTINUOUS
10
6.0391996850393701
20
-4.2273062992125983
11
6.0445278346456695
21
-4.2283661417322831
0
LINE
8
BLACK
6
CONTINUOUS
10
6.0445278346456695
20
-4.2283661417322831
11
6.0445278740157482
21
-4.2283661417322831
0
LINE
8
BLACK
6
CONTINUOUS
10
6.0445278740157482
20
-4.2283661417322831
11
6.0499603149606296
21
-4.2283661417322831
0
LINE
8
BLACK
6
CONTINUOUS
10
6.0499603149606296
20
-4.2283661417322831
11
6.0499603543307083
21
-4.2283661417322831
0
LINE
8
BLACK
6
CONTINUOUS
10
6.0499603543307083
20
-4.2283661417322831
11
6.0552885039370077
21
-4.2273062992125983
0
LINE
8
BLACK
6
CONTINUOUS
10
6.0552885039370077
20
-4.2273062992125983
11
6.0603075196850389
21
-4.2252273622047243
0
LINE
8
BLACK
6
CONTINUOUS
10
6.0603075196850389
20
-4.2252273622047243
11
6.0648244881889761
21
-4.2222092125984254
0
LINE
8
BLACK
6
CONTINUOUS
10
6.0648244881889761
20
-4.2222092125984254
11
6.0686659055118106
21
-4.21836779527559
0
LINE
8
BLACK
6
CONTINUOUS
10
6.0686659055118106
20
-4.21836779527559
11
6.0716840551181104
21
-4.2138508267716537
0
LINE
8
BLACK
6
CONTINUOUS
10
6.0716840551181104
20
-4.2138508267716537
11
6.0737629921259844
21
-4.2088318110236216
0
LINE
8
BLACK
6
CONTINUOUS
10
6.0737629921259844
20
-4.2088318110236216
11
6.0748228346456692
21
-4.2035036614173231
0
LINE
8
BLACK
6
CONTINUOUS
10
6.0748228346456692
20
-4.2035036614173231
11
6.0748228346456692
21
-4.1980711417322834
0
LINE
8
BLACK
6
CONTINUOUS
10
6.0748228346456692
20
-4.1980711417322834
11
6.0743420472440945
21
-4.195654094488189
0
LINE
8
BLACK
6
CONTINUOUS
10
6.0743420472440945
20
-4.195654094488189
11
6.0746251574803152
21
-4.1932620472440947
0
LINE
8
BLACK
6
CONTINUOUS
10
6.0746251574803152
20
-4.1932620472440947
11
6.0754086220472443
21
-4.1921378346456688
0
LINE
8
BLACK
6
CONTINUOUS
10
6.0754086220472443
20
-4.1921378346456688
11
6.184270433070866
21
-4.0832760629921259
0
LINE
8
BLACK
6
CONTINUOUS
10
6.184270433070866
20
-4.0832760629921259
11
6.1860871653543308
21
-4.0801294488188979
0
LINE
8
BLACK
6
CONTINUOUS
10
6.1860871653543308
20
-4.0801294488188979
11
6.1870275590551183
21
-4.0766198425196851
0
LINE
8
BLACK
6
CONTINUOUS
10
6.1870275590551183
20
-4.0766198425196851
11
6.1870275590551183
21
-3.9700686220472439
0
LINE
8
BLACK
6
CONTINUOUS
10
6.1870275590551183
20
-3.9700686220472439
11
6.1877719291338584
21
-3.9677776377952756
0
LINE
8
BLACK
6
CONTINUOUS
10
6.1877719291338584
20
-3.9677776377952756
11
6.1881688976377953
21
-3.9673127952755904
0
LINE
8
BLACK
6
CONTINUOUS
10
6.1881688976377953
20
-3.9673127952755904
11
6.192146456692913
21
-3.9633352755905511
0
LINE
8
BLACK
6
CONTINUOUS
10
6.192146456692913
20
-3.9633352755905511
11
6.1952589370078739
21
-3.9579442519685037
0
LINE
8
BLACK
6
CONTINUOUS
10
6.1952589370078739
20
-3.9579442519685037
11
6.1952589370078739
21
-3.9579441338582675
0
LINE
8
BLACK
6
CONTINUOUS
10
6.1952589370078739
20
-3.9579441338582675
11
6.1953866535433066
21
-3.957722992125984
0
LINE
8
BLACK
6
CONTINUOUS
10
6.1953866535433066
20
-3.957722992125984
11
6.1954427952755902
21
-3.9577553937007872
0
LINE
8
BLACK
6
CONTINUOUS
10
6.1954427952755902
20
-3.9577553937007872
11
6.1968019291338585
21
-3.9561640157480316
0
LINE
8
BLACK
6
CONTINUOUS
10
6.1968019291338585
20
-3.9561640157480316
11
6.1991442125984246
21
-3.9556015748031497
0
LINE
8
BLACK
6
CONTINUOUS
10
6.1991442125984246
20
-3.9556015748031497
11
6.2013697637795273
21
-3.9565233070866141
0
LINE
8
BLACK
6
CONTINUOUS
10
6.2013697637795273
20
-3.9565233070866141
11
6.2026285039370075
21
-3.9585771653543307
0
LINE
8
BLACK
6
CONTINUOUS
10
6.2026285039370075
20
-3.9585771653543307
11
6.202736220472441
21
-3.9594872047244092
0
LINE
8
BLACK
6
CONTINUOUS
10
6.202736220472441
20
-3.9594872047244092
11
6.202736220472441
21
-4.1356749606299212
0
LINE
8
BLACK
6
CONTINUOUS
10
6.202736220472441
20
-4.1356749606299212
11
6.2034595669291335
21
-4.1383744881889761
0
LINE
8
BLACK
6
CONTINUOUS
10
6.2034595669291335
20
-4.1383744881889761
11
6.2036766141732285
21
-4.1391845669291341
0
LINE
8
BLACK
6
CONTINUOUS
10
6.2036766141732285
20
-4.1391845669291341
11
6.2054933070866136
21
-4.142331181102362
0
LINE
8
BLACK
6
CONTINUOUS
10
6.2054933070866136
20
-4.142331181102362
11
6.206438818897638
21
-4.1432766929133855
0
LINE
8
BLACK
6
CONTINUOUS
10
6.206438818897638
20
-4.1432766929133855
11
6.2066957874015749
21
-4.1437223228346456
0
LINE
8
BLACK
6
CONTINUOUS
10
6.2066957874015749
20
-4.1437223228346456
11
6.2068440944881891
21
-4.1444220866141732
0
LINE
8
BLACK
6
CONTINUOUS
10
6.2068440944881891
20
-4.1444220866141732
11
6.2071688976377954
21
-4.1450595275590549
0
LINE
8
BLACK
6
CONTINUOUS
10
6.2071688976377954
20
-4.1450595275590549
11
6.2070877952755907
21
-4.1455715748031494
0
LINE
8
BLACK
6
CONTINUOUS
10
6.2070877952755907
20
-4.1455715748031494
11
6.2071953149606296
21
-4.1460788188976379
0
LINE
8
BLACK
6
CONTINUOUS
10
6.2071953149606296
20
-4.1460788188976379
11
6.2069039763779523
21
-4.1467321259842516
0
LINE
8
BLACK
6
CONTINUOUS
10
6.2069039763779523
20
-4.1467321259842516
11
6.2067920866141728
21
-4.1474387401574804
0
LINE
8
BLACK
6
CONTINUOUS
10
6.2067920866141728
20
-4.1474387401574804
11
6.2062660629921256
21
-4.1481627165354329
0
LINE
8
BLACK
6
CONTINUOUS
10
6.2062660629921256
20
-4.1481627165354329
11
6.2062142913385827
21
-4.1482788976377956
0
LINE
8
BLACK
6
CONTINUOUS
10
6.2062142913385827
20
-4.1482788976377956
11
6.2061581496062992
21
-4.1483112204724408
0
LINE
8
BLACK
6
CONTINUOUS
10
6.2061581496062992
20
-4.1483112204724408
11
6.2060753149606294
21
-4.1484253149606296
0
LINE
8
BLACK
6
CONTINUOUS
10
6.2060753149606294
20
-4.1484253149606296
11
6.1529060629921259
21
-4.2015946456692914
0
LINE
8
BLACK
6
CONTINUOUS
10
6.1529060629921259
20
-4.2015946456692914
11
6.1507597244094487
21
-4.2026882283464566
0
LINE
8
BLACK
6
CONTINUOUS
10
6.1507597244094487
20
-4.2026882283464566
11
6.15015
21
-4.202736220472441
0
LINE
8
BLACK
6
CONTINUOUS
10
6.15015
20
-4.202736220472441
11
6.1314859448818897
21
-4.202736220472441
0
LINE
8
BLACK
6
CONTINUOUS
10
6.1314859448818897
20
-4.202736220472441
11
6.1291949606299214
21
-4.2019918503937008
0
LINE
8
BLACK
6
CONTINUOUS
10
6.1291949606299214
20
-4.2019918503937008
11
6.1287301181102363
21
-4.2015948425196852
0
LINE
8
BLACK
6
CONTINUOUS
10
6.1287301181102363
20
-4.2015948425196852
11
6.1247525984251965
21
-4.1976173228346454
0
LINE
8
BLACK
6
CONTINUOUS
10
6.1247525984251965
20
-4.1976173228346454
11
6.1193615748031496
21
-4.1945048425196854
0
LINE
8
BLACK
6
CONTINUOUS
10
6.1193615748031496
20
-4.1945048425196854
11
6.1133487007874017
21
-4.1928937007874012
0
LINE
8
BLACK
6
CONTINUOUS
10
6.1133487007874017
20
-4.1928937007874012
11
6.1071237401574798
21
-4.1928937007874012
0
LINE
8
BLACK
6
CONTINUOUS
10
6.1071237401574798
20
-4.1928937007874012
11
6.1011108661417319
21
-4.1945048425196854
0
LINE
8
BLACK
6
CONTINUOUS
10
6.1011108661417319
20
-4.1945048425196854
11
6.095719842519685
21
-4.1976173228346454
0
LINE
8
BLACK
6
CONTINUOUS
10
6.095719842519685
20
-4.1976173228346454
11
6.0913181102362204
21
-4.20201905511811
0
LINE
8
BLACK
6
CONTINUOUS
10
6.0913181102362204
20
-4.20201905511811
11
6.0882056299212595
21
-4.2074100787401578
0
LINE
8
BLACK
6
CONTINUOUS
10
6.0882056299212595
20
-4.2074100787401578
11
6.0865944881889762
21
-4.2134229527559057
0
LINE
8
BLACK
6
CONTINUOUS
10
6.0865944881889762
20
-4.2134229527559057
11
6.0865944881889762
21
-4.2196479133858267
0
LINE
8
BLACK
6
CONTINUOUS
10
6.0865944881889762
20
-4.2196479133858267
11
6.0882056299212595
21
-4.2256607874015746
0
LINE
8
BLACK
6
CONTINUOUS
10
6.0882056299212595
20
-4.2256607874015746
11
6.0913181102362204
21
-4.2310518110236224
0
LINE
8
BLACK
6
CONTINUOUS
10
6.0913181102362204
20
-4.2310518110236224
11
6.095719842519685
21
-4.2354535433070861
0
LINE
8
BLACK
6
CONTINUOUS
10
6.095719842519685
20
-4.2354535433070861
11
6.1011108661417319
21
-4.238566023622047
0
LINE
8
BLACK
6
CONTINUOUS
10
6.1011108661417319
20
-4.238566023622047
11
6.1071237401574798
21
-4.2401771653543303
0
LINE
8
BLACK
6
CONTINUOUS
10
6.1071237401574798
20
-4.2401771653543303
11
6.1071238188976373
21
-4.2401771653543303
0
LINE
8
BLACK
6
CONTINUOUS
10
6.1071238188976373
20
-4.2401771653543303
11
6.1133486220472442
21
-4.2401771653543303
0
LINE
8
BLACK
6
CONTINUOUS
10
6.1133486220472442
20
-4.2401771653543303
11
6.1133487007874017
21
-4.2401771653543303
0
LINE
8
BLACK
6
CONTINUOUS
10
6.1133487007874017
20
-4.2401771653543303
11
6.1193615748031496
21
-4.238566023622047
0
LINE
8
BLACK
6
CONTINUOUS
10
6.1193615748031496
20
-4.238566023622047
11
6.1247525984251965
21
-4.2354535433070861
0
LINE
8
BLACK
6
CONTINUOUS
10
6.1247525984251965
20
-4.2354535433070861
11
6.1287299606299213
21
-4.2314761417322835
0
LINE
8
BLACK
6
CONTINUOUS
10
6.1287299606299213
20
-4.2314761417322835
11
6.130876220472441
21
-4.2303826377952758
0
LINE
8
BLACK
6
CONTINUOUS
10
6.130876220472441
20
-4.2303826377952758
11
6.1314859448818897
21
-4.2303346456692914
0
LINE
8
BLACK
6
CONTINUOUS
10
6.1314859448818897
20
-4.2303346456692914
11
6.1592969291338582
21
-4.2303346456692914
0
LINE
8
BLACK
6
CONTINUOUS
10
6.1592969291338582
20
-4.2303346456692914
11
6.1592970078740157
21
-4.2303346456692914
0
LINE
8
BLACK
6
CONTINUOUS
10
6.1592970078740157
20
-4.2303346456692914
11
6.1628066141732285
21
-4.2293942519685039
0
LINE
8
BLACK
6
CONTINUOUS
10
6.1628066141732285
20
-4.2293942519685039
11
6.1632248818897635
21
-4.2291527559055115
0
LINE
8
BLACK
6
CONTINUOUS
10
6.1632248818897635
20
-4.2291527559055115
11
6.1659532283464564
21
-4.2275775590551179
0
LINE
8
BLACK
6
CONTINUOUS
10
6.1659532283464564
20
-4.2275775590551179
11
6.225590393700787
21
-4.1679403149606298
0
LINE
8
BLACK
6
CONTINUOUS
10
6.225590393700787
20
-4.1679403149606298
11
6.2277367322834642
21
-4.1668467716535433
0
LINE
8
BLACK
6
CONTINUOUS
10
6.2277367322834642
20
-4.1668467716535433
11
6.2301159448818897
21
-4.1672235826771651
0
LINE
8
BLACK
6
CONTINUOUS
10
6.2301159448818897
20
-4.1672235826771651
11
6.2311025196850389
21
-4.1679403543307085
0
LINE
8
BLACK
6
CONTINUOUS
10
6.2311025196850389
20
-4.1679403543307085
11
6.2508072440944877
21
-4.1876450787401573
0
LINE
8
BLACK
6
CONTINUOUS
10
6.2508072440944877
20
-4.1876450787401573
11
6.2519008267716538
21
-4.1897914173228346
0
LINE
8
BLACK
6
CONTINUOUS
10
6.2519008267716538
20
-4.1897914173228346
11
6.2519488188976373
21
-4.1904011417322833
0
LINE
8
BLACK
6
CONTINUOUS
10
6.2519488188976373
20
-4.1904011417322833
11
6.2519488188976373
21
-4.1960258661417322
0
LINE
8
BLACK
6
CONTINUOUS
10
6.2519488188976373
20
-4.1960258661417322
11
6.2535599606299215
21
-4.2020387401574801
0
LINE
8
BLACK
6
CONTINUOUS
10
6.2535599606299215
20
-4.2020387401574801
11
6.2566724409448815
21
-4.207429763779527
0
LINE
8
BLACK
6
CONTINUOUS
10
6.2566724409448815
20
-4.207429763779527
11
6.2610741732283461
21
-4.2118314960629917
0
LINE
8
BLACK
6
CONTINUOUS
10
6.2610741732283461
20
-4.2118314960629917
11
6.2664651968503939
21
-4.2149439763779526
0
LINE
8
BLACK
6
CONTINUOUS
10
6.2664651968503939
20
-4.2149439763779526
11
6.2724780708661418
21
-4.2165551181102359
0
LINE
8
BLACK
6
CONTINUOUS
10
6.2724780708661418
20
-4.2165551181102359
11
6.2724781496062993
21
-4.2165551181102359
0
LINE
8
BLACK
6
CONTINUOUS
10
6.2724781496062993
20
-4.2165551181102359
11
6.2787029527559053
21
-4.2165551181102359
0
LINE
8
BLACK
6
CONTINUOUS
10
6.2787029527559053
20
-4.2165551181102359
11
6.2787030314960628
21
-4.2165551181102359
0
LINE
8
BLACK
6
CONTINUOUS
10
6.2787030314960628
20
-4.2165551181102359
11
6.2847159055118107
21
-4.2149439763779526
0
LINE
8
BLACK
6
CONTINUOUS
10
6.2847159055118107
20
-4.2149439763779526
11
6.2901069291338585
21
-4.2118314960629917
0
LINE
8
BLACK
6
CONTINUOUS
10
6.2901069291338585
20
-4.2118314960629917
11
6.2945086614173231
21
-4.207429763779527
0
LINE
8
BLACK
6
CONTINUOUS
10
6.2945086614173231
20
-4.207429763779527
11
6.2976211417322832
21
-4.2020387401574801
0
LINE
8
BLACK
6
CONTINUOUS
10
6.2976211417322832
20
-4.2020387401574801
11
6.2992322834645664
21
-4.1960258661417322
0
LINE
8
BLACK
6
CONTINUOUS
10
6.2992322834645664
20
-4.1960258661417322
11
6.2992322834645664
21
-4.1898009055118113
0
LINE
8
BLACK
6
CONTINUOUS
10
6.2992322834645664
20
-4.1898009055118113
11
6.2976211417322832
21
-4.1837880314960625
0
LINE
8
BLACK
6
CONTINUOUS
10
6.2976211417322832
20
-4.1837880314960625
11
6.2945086614173231
21
-4.1783970078740156
0
LINE
8
BLACK
6
CONTINUOUS
10
6.2945086614173231
20
-4.1783970078740156
11
6.2901069291338585
21
-4.1739952755905509
0
LINE
8
BLACK
6
CONTINUOUS
10
6.2901069291338585
20
-4.1739952755905509
11
6.2847159055118107
21
-4.17088279527559
0
LINE
8
BLACK
6
CONTINUOUS
10
6.2847159055118107
20
-4.17088279527559
11
6.2787030314960628
21
-4.1692716535433068
0
LINE
8
BLACK
6
CONTINUOUS
10
6.2787030314960628
20
-4.1692716535433068
11
6.2730783070866138
21
-4.1692716535433068
0
LINE
8
BLACK
6
CONTINUOUS
10
6.2730783070866138
20
-4.1692716535433068
11
6.2707873228346456
21
-4.1685272834645666
0
LINE
8
BLACK
6
CONTINUOUS
10
6.2707873228346456
20
-4.1685272834645666
11
6.2703222440944879
21
-4.1681300787401572
0
LINE
8
BLACK
6
CONTINUOUS
10
6.2703222440944879
20
-4.1681300787401572
11
6.231476220472441
21
-4.1292840157480315
0
LINE
8
BLACK
6
CONTINUOUS
10
6.231476220472441
20
-4.1292840157480315
11
6.2303826377952758
21
-4.1271376771653543
0
LINE
8
BLACK
6
CONTINUOUS
10
6.2303826377952758
20
-4.1271376771653543
11
6.2303346456692914
21
-4.1265279527559056
0
LINE
8
BLACK
6
CONTINUOUS
10
6.2303346456692914
20
-4.1265279527559056
11
6.2303346456692914
21
-3.891328464566929
0
LINE
8
BLACK
6
CONTINUOUS
10
6.2303346456692914
20
-3.891328464566929
11
6.2310790157480316
21
-3.8890374803149603
0
LINE
8
BLACK
6
CONTINUOUS
10
6.2310790157480316
20
-3.8890374803149603
11
6.2314759842519685
21
-3.8885726377952756
0
LINE
8
BLACK
6
CONTINUOUS
10
6.2314759842519685
20
-3.8885726377952756
11
6.2354535433070861
21
-3.8845951181102363
0
LINE
8
BLACK
6
CONTINUOUS
10
6.2354535433070861
20
-3.8845951181102363
11
6.238566023622047
21
-3.8792040944881889
0
LINE
8
BLACK
6
CONTINUOUS
10
6.238566023622047
20
-3.8792040944881889
11
6.2401771653543303
21
-3.873191220472441
0
LINE
8
BLACK
6
CONTINUOUS
10
6.2401771653543303
20
-3.873191220472441
11
6.2401771653543303
21
-3.8669662598425196
0
LINE
8
BLACK
6
CONTINUOUS
10
6.2401771653543303
20
-3.8669662598425196
11
6.238566023622047
21
-3.8609533858267717
0
LINE
8
BLACK
6
CONTINUOUS
10
6.238566023622047
20
-3.8609533858267717
11
6.2354535433070861
21
-3.8555623622047244
0
LINE
8
BLACK
6
CONTINUOUS
10
6.2354535433070861
20
-3.8555623622047244
11
6.2310518110236215
21
-3.8511606299212597
0
LINE
8
BLACK
6
CONTINUOUS
10
6.2310518110236215
20
-3.8511606299212597
11
6.2256607874015746
21
-3.8480481496062993
0
LINE
8
BLACK
6
CONTINUOUS
10
6.2256607874015746
20
-3.8480481496062993
11
6.2196479133858267
21
-3.8464370078740155
0
LINE
8
BLACK
6
CONTINUOUS
10
6.2196479133858267
20
-3.8464370078740155
11
6.2134229527559057
21
-3.8464370078740155
0
LINE
8
BLACK
6
CONTINUOUS
10
6.2134229527559057
20
-3.8464370078740155
11
6.2074100787401569
21
-3.8480481496062993
0
LINE
8
BLACK
6
CONTINUOUS
10
6.2074100787401569
20
-3.8480481496062993
11
6.20201905511811
21
-3.8511606299212597
0
LINE
8
BLACK
6
CONTINUOUS
10
6.20201905511811
20
-3.8511606299212597
11
6.1976173228346454
21
-3.8555623622047244
0
LINE
8
BLACK
6
CONTINUOUS
10
6.1976173228346454
20
-3.8555623622047244
11
6.1945048425196845
21
-3.8609533858267717
0
LINE
8
BLACK
6
CONTINUOUS
10
6.1945048425196845
20
-3.8609533858267717
11
6.1928937007874012
21
-3.8669662598425196
0
LINE
8
BLACK
6
CONTINUOUS
10
6.1928937007874012
20
-3.8669662598425196
11
6.1928937007874012
21
-3.873191220472441
0
LINE
8
BLACK
6
CONTINUOUS
10
6.1928937007874012
20
-3.873191220472441
11
6.1945048425196845
21
-3.8792040944881889
0
LINE
8
BLACK
6
CONTINUOUS
10
6.1945048425196845
20
-3.8792040944881889
11
6.1976173228346454
21
-3.8845951181102363
0
LINE
8
BLACK
6
CONTINUOUS
10
6.1976173228346454
20
-3.8845951181102363
11
6.2015946850393702
21
-3.8885724803149606
0
LINE
8
BLACK
6
CONTINUOUS
10
6.2015946850393702
20
-3.8885724803149606
11
6.2026882283464566
21
-3.8907187401574803
0
LINE
8
BLACK
6
CONTINUOUS
10
6.2026882283464566
20
-3.8907187401574803
11
6.202736220472441
21
-3.891328464566929
0
LINE
8
BLACK
6
CONTINUOUS
10
6.202736220472441
20
-3.891328464566929
11
6.202736220472441
21
-3.9381505511811024
0
LINE
8
BLACK
6
CONTINUOUS
10
6.202736220472441
20
-3.9381505511811024
11
6.2019918503937008
21
-3.9404415354330706
0
LINE
8
BLACK
6
CONTINUOUS
10
6.2019918503937008
20
-3.9404415354330706
11
6.2000430314960626
21
-3.9418574409448817
0
LINE
8
BLACK
6
CONTINUOUS
10
6.2000430314960626
20
-3.9418574409448817
11
6.1976341338582674
21
-3.9418574409448817
0
LINE
8
BLACK
6
CONTINUOUS
10
6.1976341338582674
20
-3.9418574409448817
11
6.1956853149606301
21
-3.9404415354330706
0
LINE
8
BLACK
6
CONTINUOUS
10
6.1956853149606301
20
-3.9404415354330706
11
6.1953894094488184
21
-3.9399131889763779
0
LINE
8
BLACK
6
CONTINUOUS
10
6.1953894094488184
20
-3.9399131889763779
11
6.1953866535433066
21
-3.9399148031496063
0
LINE
8
BLACK
6
CONTINUOUS
10
6.1953866535433066
20
-3.9399148031496063
11
6.1952589370078739
21
-3.939693622047244
0
LINE
8
BLACK
6
CONTINUOUS
10
6.1952589370078739
20
-3.939693622047244
11
6.1952589370078739
21
-3.9396935433070865
0
LINE
8
BLACK
6
CONTINUOUS
10
6.1952589370078739
20
-3.9396935433070865
11
6.192146456692913
21
-3.9343025196850392
0
LINE
8
BLACK
6
CONTINUOUS
10
6.192146456692913
20
-3.9343025196850392
11
6.1877447244094483
21
-3.9299007874015746
0
LINE
8
BLACK
6
CONTINUOUS
10
6.1877447244094483
20
-3.9299007874015746
11
6.1823537007874014
21
-3.9267883070866141
0
LINE
8
BLACK
6
CONTINUOUS
10
6.1823537007874014
20
-3.9267883070866141
11
6.1763408267716535
21
-3.9251771653543308
0
LINE
8
BLACK
6
CONTINUOUS
10
6.1763408267716535
20
-3.9251771653543308
11
6.1701158661417326
21
-3.9251771653543308
0
LINE
8
BLACK
6
CONTINUOUS
10
6.1701158661417326
20
-3.9251771653543308
11
6.1641029921259838
21
-3.9267883070866141
0
LINE
8
BLACK
6
CONTINUOUS
10
6.1641029921259838
20
-3.9267883070866141
11
6.1587119685039369
21
-3.9299007874015746
0
LINE
8
BLACK
6
CONTINUOUS
10
6.1587119685039369
20
-3.9299007874015746
11
6.1543102362204722
21
-3.9343025196850392
0
LINE
8
BLACK
6
CONTINUOUS
10
6.1543102362204722
20
-3.9343025196850392
11
6.1511977559055113
21
-3.9396935433070865
0
LINE
8
BLACK
6
CONTINUOUS
10
6.1511977559055113
20
-3.9396935433070865
11
6.149586614173228
21
-3.9457064173228344
0
LINE
8
BLACK
6
CONTINUOUS
10
6.149586614173228
20
-3.9457064173228344
11
6.149586614173228
21
-3.9519313779527558
0
LINE
8
BLACK
6
CONTINUOUS
10
6.149586614173228
20
-3.9519313779527558
11
6.1511977559055113
21
-3.9579442519685037
0
LINE
8
BLACK
6
CONTINUOUS
10
6.1511977559055113
20
-3.9579442519685037
11
6.1543102362204722
21
-3.9633352755905511
0
LINE
8
BLACK
6
CONTINUOUS
10
6.1543102362204722
20
-3.9633352755905511
11
6.158287598425197
21
-3.9673126377952754
0
LINE
8
BLACK
6
CONTINUOUS
10
6.158287598425197
20
-3.9673126377952754
11
6.1593811417322835
21
-3.9694588976377951
0
LINE
8
BLACK
6
CONTINUOUS
10
6.1593811417322835
20
-3.9694588976377951
11
6.1594291338582678
21
-3.9700686220472439
0
LINE
8
BLACK
6
CONTINUOUS
10
6.1594291338582678
20
-3.9700686220472439
11
6.1594291338582678
21
-4.0674727952755907
0
LINE
8
BLACK
6
CONTINUOUS
10
6.1594291338582678
20
-4.0674727952755907
11
6.1586847637795277
21
-4.069763779527559
0
LINE
8
BLACK
6
CONTINUOUS
10
6.1586847637795277
20
-4.069763779527559
11
6.1582875590551183
21
-4.0702288582677166
0
LINE
8
BLACK
6
CONTINUOUS
10
6.1582875590551183
20
-4.0702288582677166
11
6.0558937007874016
21
-4.1726226771653545
0
LINE
8
BLACK
6
CONTINUOUS
10
6.0558937007874016
20
-4.1726226771653545
11
6.0537473622047244
21
-4.1737162598425197
0
LINE
8
BLACK
6
CONTINUOUS
10
6.0537473622047244
20
-4.1737162598425197
11
6.0523773228346451
21
-4.1736893700787396
0
LINE
8
BLACK
6
CONTINUOUS
10
6.0523773228346451
20
-4.1736893700787396
11
6.0499605905511809
21
-4.1732086614173225
0
LINE
8
BLACK
6
CONTINUOUS
10
6.0499605905511809
20
-4.1732086614173225
11
6.0499603543307083
21
-4.1732086614173225
0
LINE
8
BLACK
6
CONTINUOUS
10
6.0499603543307083
20
-4.1732086614173225
11
6.0445278346456695
21
-4.1732086614173225
0
LINE
8
BLACK
6
CONTINUOUS
10
6.0445278346456695
20
-4.1732086614173225
11
6.0445277165354332
21
-4.1732086614173225
0
LINE
8
BLACK
6
CONTINUOUS
10
6.0445277165354332
20
-4.1732086614173225
11
6.0391996850393701
21
-4.1742685039370082
0
LINE
8
BLACK
6
CONTINUOUS
10
6.0391996850393701
20
-4.1742685039370082
11
6.0391996062992126
21
-4.1742685039370082
0
LINE
8
BLACK
6
CONTINUOUS
10
6.0391996062992126
20
-4.1742685039370082
11
6.034180826771653
21
-4.1763473228346459
0
LINE
8
BLACK
6
CONTINUOUS
10
6.034180826771653
20
-4.1763473228346459
11
6.0341803937007876
21
-4.1763475590551185
0
LINE
8
BLACK
6
CONTINUOUS
10
6.0341803937007876
20
-4.1763475590551185
11
6.0296637007874017
21
-4.1793655511811023
0
LINE
8
BLACK
6
CONTINUOUS
10
6.0296637007874017
20
-4.1793655511811023
11
6.0258222440944884
21
-4.1832070078740156
0
LINE
8
BLACK
6
CONTINUOUS
10
6.0258222440944884
20
-4.1832070078740156
11
6.0228042519685037
21
-4.1877237007874015
0
LINE
8
BLACK
6
CONTINUOUS
10
6.0228042519685037
20
-4.1877237007874015
11
6.0228040157480311
21
-4.1877241338582678
0
LINE
8
BLACK
6
CONTINUOUS
10
6.0228040157480311
20
-4.1877241338582678
11
6.0207251968503934
21
-4.1927429133858265
0
LINE
8
BLACK
6
CONTINUOUS
10
6.0207251968503934
20
-4.1927429133858265
11
6.0207251968503934
21
-4.192742992125984
0
LINE
8
BLACK
6
CONTINUOUS
10
6.0207251968503934
20
-4.192742992125984
11
6.0196653543307086
21
-4.1980710236220471
0
LINE
8
BLACK
6
CONTINUOUS
10
6.0196653543307086
20
-4.1980710236220471
11
6.0196653543307086
21
-4.2035037401574806
0
LINE
8
BLACK
6
CONTINUOUS
10
5.4109738582677167
20
-4.1295669291338584
11
5.412238818897638
21
-4.1326209055118106
0
LINE
8
BLACK
6
CONTINUOUS
10
5.412238818897638
20
-4.1326209055118106
11
5.4152547637795276
21
-4.137134645669291
0
LINE
8
BLACK
6
CONTINUOUS
10
5.4152547637795276
20
-4.137134645669291
11
5.4190936614173228
21
-4.1409735433070862
0
LINE
8
BLACK
6
CONTINUOUS
10
5.4190936614173228
20
-4.1409735433070862
11
5.4236074015748033
21
-4.1439894881889767
0
LINE
8
BLACK
6
CONTINUOUS
10
5.4236074015748033
20
-4.1439894881889767
11
5.4286226771653538
21
-4.1460668503937006
0
LINE
8
BLACK
6
CONTINUOUS
10
5.4286226771653538
20
-4.1460668503937006
11
5.4339470472440947
21
-4.14712594488189
0
LINE
8
BLACK
6
CONTINUOUS
10
5.4339470472440947
20
-4.14712594488189
11
5.4339471259842522
21
-4.1471259842519688
0
LINE
8
BLACK
6
CONTINUOUS
10
5.4339471259842522
20
-4.1471259842519688
11
5.4463464173228342
21
-4.1471259842519688
0
LINE
8
BLACK
6
CONTINUOUS
10
5.4463464173228342
20
-4.1471259842519688
11
5.446346456692913
21
-4.14712594488189
0
LINE
8
BLACK
6
CONTINUOUS
10
5.446346456692913
20
-4.14712594488189
11
5.446346456692913
21
-4.1392519685039373
0
LINE
8
BLACK
6
CONTINUOUS
10
5.446346456692913
20
-4.1392519685039373
11
5.4366614173228349
21
-4.1392519685039373
0
LINE
8
BLACK
6
CONTINUOUS
10
5.4366614173228349
20
-4.1392519685039373
11
5.4340920078740158
21
-4.1390835433070867
0
LINE
8
BLACK
6
CONTINUOUS
10
5.4340920078740158
20
-4.1390835433070867
11
5.4291282677165356
21
-4.1377535433070864
0
LINE
8
BLACK
6
CONTINUOUS
10
5.4291282677165356
20
-4.1377535433070864
11
5.4246779133858265
21
-4.1351841338582673
0
LINE
8
BLACK
6
CONTINUOUS
10
5.4246779133858265
20
-4.1351841338582673
11
5.4210442125984253
21
-4.1315504330708661
0
LINE
8
BLACK
6
CONTINUOUS
10
5.4210442125984253
20
-4.1315504330708661
11
5.4198990551181101
21
-4.1295669291338584
0
LINE
8
BLACK
6
CONTINUOUS
10
5.4198990551181101
20
-4.1295669291338584
11
5.4109738582677167
21
-4.1295669291338584
0
LINE
8
BLACK
6
CONTINUOUS
10
5.6523048818897639
20
-4.102094724409449
11
5.6541653543307087
21
-4.1031688582677166
0
LINE
8
BLACK
6
CONTINUOUS
10
5.6541653543307087
20
-4.1031688582677166
11
5.6579807480314956
21
-4.1069842519685036
0
LINE
8
BLACK
6
CONTINUOUS
10
5.6579807480314956
20
-4.1069842519685036
11
5.6606786220472438
21
-4.1116571259842516
0
LINE
8
BLACK
6
CONTINUOUS
10
5.6606786220472438
20
-4.1116571259842516
11
5.6620751574803148
21
-4.1168690551181104
0
LINE
8
BLACK
6
CONTINUOUS
10
5.6620751574803148
20
-4.1168690551181104
11
5.6620751574803148
21
-4.1222648031496059
0
LINE
8
BLACK
6
CONTINUOUS
10
5.6620751574803148
20
-4.1222648031496059
11
5.6606786220472438
21
-4.1274767322834647
0
LINE
8
BLACK
6
CONTINUOUS
10
5.6606786220472438
20
-4.1274767322834647
11
5.6579807480314956
21
-4.1321496062992127
0
LINE
8
BLACK
6
CONTINUOUS
10
5.6579807480314956
20
-4.1321496062992127
11
5.6541653543307087
21
-4.1359649999999997
0
LINE
8
BLACK
6
CONTINUOUS
10
5.6541653543307087
20
-4.1359649999999997
11
5.6523049212598426
21
-4.1370390551181098
0
LINE
8
BLACK
6
CONTINUOUS
10
5.6523049212598426
20
-4.1370390551181098
11
5.6581149606299208
21
-4.1428490944881888
0
LINE
8
BLACK
6
CONTINUOUS
10
5.6581149606299208
20
-4.1428490944881888
11
5.6597778740157478
21
-4.1417380314960628
0
LINE
8
BLACK
6
CONTINUOUS
10
5.6597778740157478
20
-4.1417380314960628
11
5.6637533858267712
21
-4.1377625590551181
0
LINE
8
BLACK
6
CONTINUOUS
10
5.6637533858267712
20
-4.1377625590551181
11
5.6637536614173225
21
-4.1377622047244094
0
LINE
8
BLACK
6
CONTINUOUS
10
5.6637536614173225
20
-4.1377622047244094
11
5.6668774803149606
21
-4.1330871653543308
0
LINE
8
BLACK
6
CONTINUOUS
10
5.6668774803149606
20
-4.1330871653543308
11
5.6668774803149606
21
-4.1330871259842521
0
LINE
8
BLACK
6
CONTINUOUS
10
5.6668774803149606
20
-4.1330871259842521
11
5.6690290551181102
21
-4.1278927559055116
0
LINE
8
BLACK
6
CONTINUOUS
10
5.6690290551181102
20
-4.1278927559055116
11
5.6690290551181102
21
-4.1278926771653541
0
LINE
8
BLACK
6
CONTINUOUS
10
5.6690290551181102
20
-4.1278926771653541
11
5.6701259448818897
21
-4.1223782677165355
0
LINE
8
BLACK
6
CONTINUOUS
10
5.6701259448818897
20
-4.1223782677165355
11
5.6701259842519685
21
-4.1223781496062992
0
LINE
8
BLACK
6
CONTINUOUS
10
5.6701259842519685
20
-4.1223781496062992
11
5.6701259842519685
21
-4.1167556692913383
0
LINE
8
BLACK
6
CONTINUOUS
10
5.6701259842519685
20
-4.1167556692913383
11
5.6701259448818897
21
-4.1167554330708658
0
LINE
8
BLACK
6
CONTINUOUS
10
5.6701259448818897
20
-4.1167554330708658
11
5.6699683070866138
21
-4.1159628346456696
0
LINE
8
BLACK
6
CONTINUOUS
10
5.6699683070866138
20
-4.1159628346456696
11
5.6698551181102363
21
-4.1153938582677165
0
LINE
8
BLACK
6
CONTINUOUS
10
5.6698551181102363
20
-4.1153938582677165
11
5.6690290551181102
21
-4.1112411417322834
0
LINE
8
BLACK
6
CONTINUOUS
10
5.6690290551181102
20
-4.1112411417322834
11
5.6690290551181102
21
-4.1112410629921259
0
LINE
8
BLACK
6
CONTINUOUS
10
5.6690290551181102
20
-4.1112410629921259
11
5.6668774803149606
21
-4.1060466929133854
0
LINE
8
BLACK
6
CONTINUOUS
10
5.6668774803149606
20
-4.1060466929133854
11
5.6668774803149606
21
-4.1060466535433067
0
LINE
8
BLACK
6
CONTINUOUS
10
5.6668774803149606
20
-4.1060466535433067
11
5.6637536614173225
21
-4.1013716141732282
0
LINE
8
BLACK
6
CONTINUOUS
10
5.6637536614173225
20
-4.1013716141732282
11
5.6637533858267712
21
-4.1013712598425194
0
LINE
8
BLACK
6
CONTINUOUS
10
5.6637533858267712
20
-4.1013712598425194
11
5.6597779527559053
21
-4.0973958661417322
0
LINE
8
BLACK
6
CONTINUOUS
10
5.6597779527559053
20
-4.0973958661417322
11
5.6581149606299208
21
-4.0962846850393699
0
LINE
8
BLACK
6
CONTINUOUS
10
5.6581149606299208
20
-4.0962846850393699
11
5.6523048818897639
21
-4.102094724409449
0
LINE
8
BLACK
6
CONTINUOUS
10
6.0196653543307086
20
-4.1208265748031492
11
6.0207251968503934
21
-4.1261546062992123
0
LINE
8
BLACK
6
CONTINUOUS
10
6.0207251968503934
20
-4.1261546062992123
11
6.0207251968503934
21
-4.1261546850393698
0
LINE
8
BLACK
6
CONTINUOUS
10
6.0207251968503934
20
-4.1261546850393698
11
6.0228040157480311
21
-4.1311734645669294
0
LINE
8
BLACK
6
CONTINUOUS
10
6.0228040157480311
20
-4.1311734645669294
11
6.0228042519685037
21
-4.1311738976377947
0
LINE
8
BLACK
6
CONTINUOUS
10
6.0228042519685037
20
-4.1311738976377947
11
6.0258222440944884
21
-4.1356905905511807
0
LINE
8
BLACK
6
CONTINUOUS
10
6.0258222440944884
20
-4.1356905905511807
11
6.0296637007874017
21
-4.139532047244094
0
LINE
8
BLACK
6
CONTINUOUS
10
6.0296637007874017
20
-4.139532047244094
11
6.0341803937007876
21
-4.1425500393700787
0
LINE
8
BLACK
6
CONTINUOUS
10
6.0341803937007876
20
-4.1425500393700787
11
6.034180826771653
21
-4.1425502755905512
0
LINE
8
BLACK
6
CONTINUOUS
10
6.034180826771653
20
-4.1425502755905512
11
6.0360347637795275
21
-4.1433181889763775
0
LINE
8
BLACK
6
CONTINUOUS
10
6.0360347637795275
20
-4.1433181889763775
11
6.0391996850393701
21
-4.1446291338582677
0
LINE
8
BLACK
6
CONTINUOUS
10
6.0391996850393701
20
-4.1446291338582677
11
6.0445278346456695
21
-4.1456889763779525
0
LINE
8
BLACK
6
CONTINUOUS
10
6.0445278346456695
20
-4.1456889763779525
11
6.0445278740157482
21
-4.1456889763779525
0
LINE
8
BLACK
6
CONTINUOUS
10
6.0445278740157482
20
-4.1456889763779525
11
6.0499603149606296
21
-4.1456889763779525
0
LINE
8
BLACK
6
CONTINUOUS
10
6.0499603149606296
20
-4.1456889763779525
11
6.0499603543307083
21
-4.1456889763779525
0
LINE
8
BLACK
6
CONTINUOUS
10
6.0499603543307083
20
-4.1456889763779525
11
6.0552885039370077
21
-4.1446291338582677
0
LINE
8
BLACK
6
CONTINUOUS
10
6.0552885039370077
20
-4.1446291338582677
11
6.0603075196850389
21
-4.1425501968503937
0
LINE
8
BLACK
6
CONTINUOUS
10
6.0603075196850389
20
-4.1425501968503937
11
6.0648244881889761
21
-4.139532047244094
0
LINE
8
BLACK
6
CONTINUOUS
10
6.0648244881889761
20
-4.139532047244094
11
6.0686659055118106
21
-4.1356906299212595
0
LINE
8
BLACK
6
CONTINUOUS
10
6.0686659055118106
20
-4.1356906299212595
11
6.0716840551181104
21
-4.1311736614173231
0
LINE
8
BLACK
6
CONTINUOUS
10
6.0716840551181104
20
-4.1311736614173231
11
6.0737629921259844
21
-4.126154645669291
0
LINE
8
BLACK
6
CONTINUOUS
10
6.0737629921259844
20
-4.126154645669291
11
6.0748228346456692
21
-4.1208264960629917
0
LINE
8
BLACK
6
CONTINUOUS
10
6.0748228346456692
20
-4.1208264960629917
11
6.0748228346456692
21
-4.1153939763779528
0
LINE
8
BLACK
6
CONTINUOUS
10
6.0748228346456692
20
-4.1153939763779528
11
6.0737629921259844
21
-4.1100658267716534
0
LINE
8
BLACK
6
CONTINUOUS
10
6.0737629921259844
20
-4.1100658267716534
11
6.0731706299212593
21
-4.1086357480314959
0
LINE
8
BLACK
6
CONTINUOUS
10
6.0731706299212593
20
-4.1086357480314959
11
6.072874015748031
21
-4.1071443307086613
0
LINE
8
BLACK
6
CONTINUOUS
10
6.072874015748031
20
-4.1071443307086613
11
6.072874015748031
21
-4.1031867716535428
0
LINE
8
BLACK
6
CONTINUOUS
10
6.072874015748031
20
-4.1031867716535428
11
6.0726583464566923
21
-4.1023818897637794
0
LINE
8
BLACK
6
CONTINUOUS
10
6.0726583464566923
20
-4.1023818897637794
11
6.0712628740157477
21
-4.0971738582677162
0
LINE
8
BLACK
6
CONTINUOUS
10
6.0712628740157477
20
-4.0971738582677162
11
6.0681503937007877
21
-4.0917828346456693
0
LINE
8
BLACK
6
CONTINUOUS
10
6.0681503937007877
20
-4.0917828346456693
11
6.063748661417323
21
-4.0873811023622046
0
LINE
8
BLACK
6
CONTINUOUS
10
6.063748661417323
20
-4.0873811023622046
11
6.0583576377952753
21
-4.0842686220472437
0
LINE
8
BLACK
6
CONTINUOUS
10
6.0583576377952753
20
-4.0842686220472437
11
6.0523447637795273
21
-4.0826574803149605
0
LINE
8
BLACK
6
CONTINUOUS
10
6.0523447637795273
20
-4.0826574803149605
11
6.0461198031496064
21
-4.0826574803149605
0
LINE
8
BLACK
6
CONTINUOUS
10
6.0461198031496064
20
-4.0826574803149605
11
6.0401069291338585
21
-4.0842686220472437
0
LINE
8
BLACK
6
CONTINUOUS
10
6.0401069291338585
20
-4.0842686220472437
11
6.0347159055118107
21
-4.0873811023622046
0
LINE
8
BLACK
6
CONTINUOUS
10
6.0347159055118107
20
-4.0873811023622046
11
6.0303141732283461
21
-4.0917828346456693
0
LINE
8
BLACK
6
CONTINUOUS
10
6.0303141732283461
20
-4.0917828346456693
11
6.0272016535433073
21
-4.0971739370078737
0
LINE
8
BLACK
6
CONTINUOUS
10
6.0272016535433073
20
-4.0971739370078737
11
6.0267484645669294
21
-4.0988651968503937
0
LINE
8
BLACK
6
CONTINUOUS
10
6.0267484645669294
20
-4.0988651968503937
11
6.0258957874015744
21
-4.1003426377952756
0
LINE
8
BLACK
6
CONTINUOUS
10
6.0258957874015744
20
-4.1003426377952756
11
6.0259436614173225
21
-4.1003819291338583
0
LINE
8
BLACK
6
CONTINUOUS
10
6.0259436614173225
20
-4.1003819291338583
11
6.0258222440944884
21
-4.100529842519685
0
LINE
8
BLACK
6
CONTINUOUS
10
6.0258222440944884
20
-4.100529842519685
11
6.0228042519685037
21
-4.1050464960629922
0
LINE
8
BLACK
6
CONTINUOUS
10
6.0228042519685037
20
-4.1050464960629922
11
6.0228040157480311
21
-4.1050469685039372
0
LINE
8
BLACK
6
CONTINUOUS
10
6.0228040157480311
20
-4.1050469685039372
11
6.0207251968503934
21
-4.1100657480314959
0
LINE
8
BLACK
6
CONTINUOUS
10
6.0207251968503934
20
-4.1100657480314959
11
6.0207251968503934
21
-4.1100658267716534
0
LINE
8
BLACK
6
CONTINUOUS
10
6.0207251968503934
20
-4.1100658267716534
11
6.0196653543307086
21
-4.1153938582677165
0
LINE
8
BLACK
6
CONTINUOUS
10
6.0196653543307086
20
-4.1153938582677165
11
6.0196653543307086
21
-4.1208265748031492
0
LINE
8
BLACK
6
CONTINUOUS
10
5.4286226771653538
20
-4.0930669685039369
11
5.4236074015748033
21
-4.0951443307086617
0
LINE
8
BLACK
6
CONTINUOUS
10
5.4236074015748033
20
-4.0951443307086617
11
5.4190936614173228
21
-4.0981602755905513
0
LINE
8
BLACK
6
CONTINUOUS
10
5.4190936614173228
20
-4.0981602755905513
11
5.4152547637795276
21
-4.1019991732283465
0
LINE
8
BLACK
6
CONTINUOUS
10
5.4152547637795276
20
-4.1019991732283465
11
5.412238818897638
21
-4.1065129133858269
0
LINE
8
BLACK
6
CONTINUOUS
10
5.412238818897638
20
-4.1065129133858269
11
5.410973818897638
21
-4.1095668897637792
0
LINE
8
BLACK
6
CONTINUOUS
10
5.410973818897638
20
-4.1095668897637792
11
5.4109738582677167
21
-4.1095669291338579
0
LINE
8
BLACK
6
CONTINUOUS
10
5.4109738582677167
20
-4.1095669291338579
11
5.4198990551181101
21
-4.1095669291338579
0
LINE
8
BLACK
6
CONTINUOUS
10
5.4198990551181101
20
-4.1095669291338579
11
5.4210442125984253
21
-4.1075834251968502
0
LINE
8
BLACK
6
CONTINUOUS
10
5.4210442125984253
20
-4.1075834251968502
11
5.4246779133858265
21
-4.1039497244094489
0
LINE
8
BLACK
6
CONTINUOUS
10
5.4246779133858265
20
-4.1039497244094489
11
5.4291282677165356
21
-4.1013803149606298
0
LINE
8
BLACK
6
CONTINUOUS
10
5.4291282677165356
20
-4.1013803149606298
11
5.4340920078740158
21
-4.1000503149606295
0
LINE
8
BLACK
6
CONTINUOUS
10
5.4340920078740158
20
-4.1000503149606295
11
5.4366614173228349
21
-4.0998818897637799
0
LINE
8
BLACK
6
CONTINUOUS
10
5.4366614173228349
20
-4.0998818897637799
11
5.446346456692913
21
-4.0998818897637799
0
LINE
8
BLACK
6
CONTINUOUS
10
5.446346456692913
20
-4.0998818897637799
11
5.446346456692913
21
-4.0920079133858263
0
LINE
8
BLACK
6
CONTINUOUS
10
5.446346456692913
20
-4.0920079133858263
11
5.4463464173228342
21
-4.0920078740157475
0
LINE
8
BLACK
6
CONTINUOUS
10
5.4463464173228342
20
-4.0920078740157475
11
5.4339470472440947
21
-4.0920078740157475
0
LINE
8
BLACK
6
CONTINUOUS
10
5.4339470472440947
20
-4.0920078740157475
11
5.4286226771653538
21
-4.0930669685039369
0
LINE
8
BLACK
6
CONTINUOUS
10
5.6141635039370081
20
-4.0988976377952753
11
5.6276632677165352
21
-4.0988976377952753
0
LINE
8
BLACK
6
CONTINUOUS
10
5.6276632677165352
20
-4.0988976377952753
11
5.6355372834645667
21
-4.0910236220472438
0
LINE
8
BLACK
6
CONTINUOUS
10
5.6355372834645667
20
-4.0910236220472438
11
5.6062894881889767
21
-4.0910236220472438
0
LINE
8
BLACK
6
CONTINUOUS
10
5.6062894881889767
20
-4.0910236220472438
11
5.6141635039370081
21
-4.0988976377952753
0
LINE
8
BLACK
6
CONTINUOUS
10
6.1299015748031493
20
-3.7511439763779526
11
6.1315127165354326
21
-3.7571568503937005
0
LINE
8
BLACK
6
CONTINUOUS
10
6.1315127165354326
20
-3.7571568503937005
11
6.1346251968503935
21
-3.7625478740157479
0
LINE
8
BLACK
6
CONTINUOUS
10
6.1346251968503935
20
-3.7625478740157479
11
6.1390269291338582
21
-3.7669496062992125
0
LINE
8
BLACK
6
CONTINUOUS
10
6.1390269291338582
20
-3.7669496062992125
11
6.1444179527559051
21
-3.770062086614173
0
LINE
8
BLACK
6
CONTINUOUS
10
6.1444179527559051
20
-3.770062086614173
11
6.150430826771653
21
-3.7716732283464567
0
LINE
8
BLACK
6
CONTINUOUS
10
6.150430826771653
20
-3.7716732283464567
11
6.1504309055118105
21
-3.7716732283464567
0
LINE
8
BLACK
6
CONTINUOUS
10
6.1504309055118105
20
-3.7716732283464567
11
6.1566557086614173
21
-3.7716732283464567
0
LINE
8
BLACK
6
CONTINUOUS
10
6.1566557086614173
20
-3.7716732283464567
11
6.1566557874015748
21
-3.7716732283464567
0
LINE
8
BLACK
6
CONTINUOUS
10
6.1566557874015748
20
-3.7716732283464567
11
6.1626686614173227
21
-3.770062086614173
0
LINE
8
BLACK
6
CONTINUOUS
10
6.1626686614173227
20
-3.770062086614173
11
6.1680596850393696
21
-3.7669496062992125
0
LINE
8
BLACK
6
CONTINUOUS
10
6.1680596850393696
20
-3.7669496062992125
11
6.1720370472440944
21
-3.7629722047244094
0
LINE
8
BLACK
6
CONTINUOUS
10
6.1720370472440944
20
-3.7629722047244094
11
6.1723171653543307
21
-3.7628294881889763
0
LINE
8
BLACK
6
CONTINUOUS
10
6.1723171653543307
20
-3.7628294881889763
11
6.1725020472440946
21
-3.7625750787401575
0
LINE
8
BLACK
6
CONTINUOUS
10
6.1725020472440946
20
-3.7625750787401575
11
6.1733700787401578
21
-3.7622930314960628
0
LINE
8
BLACK
6
CONTINUOUS
10
6.1733700787401578
20
-3.7622930314960628
11
6.1741833070866141
21
-3.7618787007874013
0
LINE
8
BLACK
6
CONTINUOUS
10
6.1741833070866141
20
-3.7618787007874013
11
6.1747930314960628
21
-3.7618307086614173
0
LINE
8
BLACK
6
CONTINUOUS
10
6.1747930314960628
20
-3.7618307086614173
11
6.1816460629921259
21
-3.7618307086614173
0
LINE
8
BLACK
6
CONTINUOUS
10
6.1816460629921259
20
-3.7618307086614173
11
6.1839370472440942
21
-3.7625750787401575
0
LINE
8
BLACK
6
CONTINUOUS
10
6.1839370472440942
20
-3.7625750787401575
11
6.1844021259842519
21
-3.7629722834645669
0
LINE
8
BLACK
6
CONTINUOUS
10
6.1844021259842519
20
-3.7629722834645669
11
6.268523779527559
21
-3.8470939370078741
0
LINE
8
BLACK
6
CONTINUOUS
10
6.268523779527559
20
-3.8470939370078741
11
6.2696173622047242
21
-3.8492402755905513
0
LINE
8
BLACK
6
CONTINUOUS
10
6.2696173622047242
20
-3.8492402755905513
11
6.2696653543307086
21
-3.84985
0
LINE
8
BLACK
6
CONTINUOUS
10
6.2696653543307086
20
-3.84985
11
6.2696653543307086
21
-4.0512007874015747
0
LINE
8
BLACK
6
CONTINUOUS
10
6.2696653543307086
20
-4.0512007874015747
11
6.2689209842519684
21
-4.053491771653543
0
LINE
8
BLACK
6
CONTINUOUS
10
6.2689209842519684
20
-4.053491771653543
11
6.2669721653543302
21
-4.0549076771653541
0
LINE
8
BLACK
6
CONTINUOUS
10
6.2669721653543302
20
-4.0549076771653541
11
6.2657677165354331
21
-4.0550984251968503
0
LINE
8
BLACK
6
CONTINUOUS
10
6.2657677165354331
20
-4.0550984251968503
11
6.2646040551181104
21
-4.0550984251968503
0
LINE
8
BLACK
6
CONTINUOUS
10
6.2646040551181104
20
-4.0550984251968503
11
6.2585911811023625
21
-4.0567095669291335
0
LINE
8
BLACK
6
CONTINUOUS
10
6.2585911811023625
20
-4.0567095669291335
11
6.2532001574803147
21
-4.0598220472440945
0
LINE
8
BLACK
6
CONTINUOUS
10
6.2532001574803147
20
-4.0598220472440945
11
6.24879842519685
21
-4.0642237795275591
0
LINE
8
BLACK
6
CONTINUOUS
10
6.24879842519685
20
-4.0642237795275591
11
6.24568594488189
21
-4.069614803149606
0
LINE
8
BLACK
6
CONTINUOUS
10
6.24568594488189
20
-4.069614803149606
11
6.2440748031496058
21
-4.0756276771653539
0
LINE
8
BLACK
6
CONTINUOUS
10
6.2440748031496058
20
-4.0756276771653539
11
6.2440748031496058
21
-4.0818526377952757
0
LINE
8
BLACK
6
CONTINUOUS
10
6.2440748031496058
20
-4.0818526377952757
11
6.24568594488189
21
-4.0878655118110236
0
LINE
8
BLACK
6
CONTINUOUS
10
6.24568594488189
20
-4.0878655118110236
11
6.24879842519685
21
-4.0932565354330706
0
LINE
8
BLACK
6
CONTINUOUS
10
6.24879842519685
20
-4.0932565354330706
11
6.2532001574803147
21
-4.0976582677165352
0
LINE
8
BLACK
6
CONTINUOUS
10
6.2532001574803147
20
-4.0976582677165352
11
6.2585911811023625
21
-4.1007707480314961
0
LINE
8
BLACK
6
CONTINUOUS
10
6.2585911811023625
20
-4.1007707480314961
11
6.2646040551181104
21
-4.1023818897637794
0
LINE
8
BLACK
6
CONTINUOUS
10
6.2646040551181104
20
-4.1023818897637794
11
6.2646041338582679
21
-4.1023818897637794
0
LINE
8
BLACK
6
CONTINUOUS
10
6.2646041338582679
20
-4.1023818897637794
11
6.2708289370078738
21
-4.1023818897637794
0
LINE
8
BLACK
6
CONTINUOUS
10
6.2708289370078738
20
-4.1023818897637794
11
6.2708290157480313
21
-4.1023818897637794
0
LINE
8
BLACK
6
CONTINUOUS
10
6.2708290157480313
20
-4.1023818897637794
11
6.2768418897637792
21
-4.1007707480314961
0
LINE
8
BLACK
6
CONTINUOUS
10
6.2768418897637792
20
-4.1007707480314961
11
6.282232913385827
21
-4.0976582677165352
0
LINE
8
BLACK
6
CONTINUOUS
10
6.282232913385827
20
-4.0976582677165352
11
6.2866346456692908
21
-4.0932565354330706
0
LINE
8
BLACK
6
CONTINUOUS
10
6.2866346456692908
20
-4.0932565354330706
11
6.2897471259842517
21
-4.0878655118110236
0
LINE
8
BLACK
6
CONTINUOUS
10
6.2897471259842517
20
-4.0878655118110236
11
6.2913582677165349
21
-4.0818526377952757
0
LINE
8
BLACK
6
CONTINUOUS
10
6.2913582677165349
20
-4.0818526377952757
11
6.2913582677165349
21
-4.0762278346456693
0
LINE
8
BLACK
6
CONTINUOUS
10
6.2913582677165349
20
-4.0762278346456693
11
6.2921026377952751
21
-4.073936850393701
0
LINE
8
BLACK
6
CONTINUOUS
10
6.2921026377952751
20
-4.073936850393701
11
6.2924998818897633
21
-4.0734717716535433
0
LINE
8
BLACK
6
CONTINUOUS
10
6.2924998818897633
20
-4.0734717716535433
11
6.2927599999999995
21
-4.0732116535433072
0
LINE
8
BLACK
6
CONTINUOUS
10
6.2927599999999995
20
-4.0732116535433072
11
6.2945066535433067
21
-4.0714650393700786
0
LINE
8
BLACK
6
CONTINUOUS
10
6.2945066535433067
20
-4.0714650393700786
11
6.2963233858267715
21
-4.0683184251968507
0
LINE
8
BLACK
6
CONTINUOUS
10
6.2963233858267715
20
-4.0683184251968507
11
6.2968561023622049
21
-4.0663302362204723
0
LINE
8
BLACK
6
CONTINUOUS
10
6.2968561023622049
20
-4.0663302362204723
11
6.297263779527559
21
-4.0648088188976379
0
LINE
8
BLACK
6
CONTINUOUS
10
6.297263779527559
20
-4.0648088188976379
11
6.297263779527559
21
-3.8407029921259843
0
LINE
8
BLACK
6
CONTINUOUS
10
6.297263779527559
20
-3.8407029921259843
11
6.2963233858267715
21
-3.8371933858267715
0
LINE
8
BLACK
6
CONTINUOUS
10
6.2963233858267715
20
-3.8371933858267715
11
6.2956816535433067
21
-3.8360818897637796
0
LINE
8
BLACK
6
CONTINUOUS
10
6.2956816535433067
20
-3.8360818897637796
11
6.2956816535433067
21
-3.8360818503937009
0
LINE
8
BLACK
6
CONTINUOUS
10
6.2956816535433067
20
-3.8360818503937009
11
6.2945067322834642
21
-3.8340468503937006
0
LINE
8
BLACK
6
CONTINUOUS
10
6.2945067322834642
20
-3.8340468503937006
11
6.2945066929133855
21
-3.8340467716535431
0
LINE
8
BLACK
6
CONTINUOUS
10
6.2945066929133855
20
-3.8340467716535431
11
6.1974492913385824
21
-3.73698937007874
0
LINE
8
BLACK
6
CONTINUOUS
10
6.1974492913385824
20
-3.73698937007874
11
6.1943026771653544
21
-3.7351726771653544
0
LINE
8
BLACK
6
CONTINUOUS
10
6.1943026771653544
20
-3.7351726771653544
11
6.1907930708661416
21
-3.7342322834645669
0
LINE
8
BLACK
6
CONTINUOUS
10
6.1907930708661416
20
-3.7342322834645669
11
6.1907929921259841
21
-3.7342322834645669
0
LINE
8
BLACK
6
CONTINUOUS
10
6.1907929921259841
20
-3.7342322834645669
11
6.1747930314960628
21
-3.7342322834645669
0
LINE
8
BLACK
6
CONTINUOUS
10
6.1747930314960628
20
-3.7342322834645669
11
6.1725020472440946
21
-3.7334879133858268
0
LINE
8
BLACK
6
CONTINUOUS
10
6.1725020472440946
20
-3.7334879133858268
11
6.1720372047244094
21
-3.7330909055118111
0
LINE
8
BLACK
6
CONTINUOUS
10
6.1720372047244094
20
-3.7330909055118111
11
6.1680596850393696
21
-3.7291133858267718
0
LINE
8
BLACK
6
CONTINUOUS
10
6.1680596850393696
20
-3.7291133858267718
11
6.1626686614173227
21
-3.7260009055118108
0
LINE
8
BLACK
6
CONTINUOUS
10
6.1626686614173227
20
-3.7260009055118108
11
6.1566557874015748
21
-3.7243897637795276
0
LINE
8
BLACK
6
CONTINUOUS
10
6.1566557874015748
20
-3.7243897637795276
11
6.150430826771653
21
-3.7243897637795276
0
LINE
8
BLACK
6
CONTINUOUS
10
6.150430826771653
20
-3.7243897637795276
11
6.1444179527559051
21
-3.7260009055118108
0
LINE
8
BLACK
6
CONTINUOUS
10
6.1444179527559051
20
-3.7260009055118108
11
6.1390269291338582
21
-3.7291133858267718
0
LINE
8
BLACK
6
CONTINUOUS
10
6.1390269291338582
20
-3.7291133858267718
11
6.1346251968503935
21
-3.733515118110236
0
LINE
8
BLACK
6
CONTINUOUS
10
6.1346251968503935
20
-3.733515118110236
11
6.1315127165354326
21
-3.7389061417322833
0
LINE
8
BLACK
6
CONTINUOUS
10
6.1315127165354326
20
-3.7389061417322833
11
6.1299015748031493
21
-3.7449190157480312
0
LINE
8
BLACK
6
CONTINUOUS
10
6.1299015748031493
20
-3.7449190157480312
11
6.1299015748031493
21
-3.7511439763779526
0
LINE
8
BLACK
6
CONTINUOUS
10
5.7487486614173227
20
-3.7634024803149604
11
5.7433576377952757
21
-3.7665149606299213
0
LINE
8
BLACK
6
CONTINUOUS
10
5.7433576377952757
20
-3.7665149606299213
11
5.7389559055118111
21
-3.7709166929133859
0
LINE
8
BLACK
6
CONTINUOUS
10
5.7389559055118111
20
-3.7709166929133859
11
5.7358434251968502
21
-3.7763077165354328
0
LINE
8
BLACK
6
CONTINUOUS
10
5.7358434251968502
20
-3.7763077165354328
11
5.7342322834645669
21
-3.7823205905511812
0
LINE
8
BLACK
6
CONTINUOUS
10
5.7342322834645669
20
-3.7823205905511812
11
5.7342322834645669
21
-3.7885455511811021
0
LINE
8
BLACK
6
CONTINUOUS
10
5.7342322834645669
20
-3.7885455511811021
11
5.7358434251968502
21
-3.7945584251968505
0
LINE
8
BLACK
6
CONTINUOUS
10
5.7358434251968502
20
-3.7945584251968505
11
5.7389559055118111
21
-3.7999494488188974
0
LINE
8
BLACK
6
CONTINUOUS
10
5.7389559055118111
20
-3.7999494488188974
11
5.7433576377952757
21
-3.804351181102362
0
LINE
8
BLACK
6
CONTINUOUS
10
5.7433576377952757
20
-3.804351181102362
11
5.7487486614173227
21
-3.807463661417323
0
LINE
8
BLACK
6
CONTINUOUS
10
5.7487486614173227
20
-3.807463661417323
11
5.7547615354330706
21
-3.8090748031496062
0
LINE
8
BLACK
6
CONTINUOUS
10
5.7547615354330706
20
-3.8090748031496062
11
5.7547616141732281
21
-3.8090748031496062
0
LINE
8
BLACK
6
CONTINUOUS
10
5.7547616141732281
20
-3.8090748031496062
11
5.7612420078740154
21
-3.8090748031496062
0
LINE
8
BLACK
6
CONTINUOUS
10
5.7612420078740154
20
-3.8090748031496062
11
5.7612420078740154
21
-3.8092008661417323
0
LINE
8
BLACK
6
CONTINUOUS
10
5.7612420078740154
20
-3.8092008661417323
11
5.7631042913385828
21
-3.8095423228346457
0
LINE
8
BLACK
6
CONTINUOUS
10
5.7631042913385828
20
-3.8095423228346457
11
5.7640072047244093
21
-3.8102151574803149
0
LINE
8
BLACK
6
CONTINUOUS
10
5.7640072047244093
20
-3.8102151574803149
11
5.7801065354330703
21
-3.8263144881889763
0
LINE
8
BLACK
6
CONTINUOUS
10
5.7801065354330703
20
-3.8263144881889763
11
5.7812001181102364
21
-3.8284608267716536
0
LINE
8
BLACK
6
CONTINUOUS
10
5.7812001181102364
20
-3.8284608267716536
11
5.7808233070866137
21
-3.8308400393700786
0
LINE
8
BLACK
6
CONTINUOUS
10
5.7808233070866137
20
-3.8308400393700786
11
5.7791199606299211
21
-3.8325433858267717
0
LINE
8
BLACK
6
CONTINUOUS
10
5.7791199606299211
20
-3.8325433858267717
11
5.7767407480314956
21
-3.8329201968503934
0
LINE
8
BLACK
6
CONTINUOUS
10
5.7767407480314956
20
-3.8329201968503934
11
5.7763418897637795
21
-3.832835433070866
0
LINE
8
BLACK
6
CONTINUOUS
10
5.7763418897637795
20
-3.832835433070866
11
5.7708290157480313
21
-3.8313582677165354
0
LINE
8
BLACK
6
CONTINUOUS
10
5.7708290157480313
20
-3.8313582677165354
11
5.7646040551181104
21
-3.8313582677165354
0
LINE
8
BLACK
6
CONTINUOUS
10
5.7646040551181104
20
-3.8313582677165354
11
5.7585911811023625
21
-3.8329694094488187
0
LINE
8
BLACK
6
CONTINUOUS
10
5.7585911811023625
20
-3.8329694094488187
11
5.7532001574803147
21
-3.8360818897637796
0
LINE
8
BLACK
6
CONTINUOUS
10
5.7532001574803147
20
-3.8360818897637796
11
5.74879842519685
21
-3.8404836220472438
0
LINE
8
BLACK
6
CONTINUOUS
10
5.74879842519685
20
-3.8404836220472438
11
5.74568594488189
21
-3.8458746456692912
0
LINE
8
BLACK
6
CONTINUOUS
10
5.74568594488189
20
-3.8458746456692912
11
5.7440748031496058
21
-3.8518875196850391
0
LINE
8
BLACK
6
CONTINUOUS
10
5.7440748031496058
20
-3.8518875196850391
11
5.7440748031496058
21
-3.8581124803149605
0
LINE
8
BLACK
6
CONTINUOUS
10
5.7440748031496058
20
-3.8581124803149605
11
5.74568594488189
21
-3.8641253543307084
0
LINE
8
BLACK
6
CONTINUOUS
10
5.74568594488189
20
-3.8641253543307084
11
5.74879842519685
21
-3.8695163779527557
0
LINE
8
BLACK
6
CONTINUOUS
10
5.74879842519685
20
-3.8695163779527557
11
5.7508072834645665
21
-3.8715252362204722
0
LINE
8
BLACK
6
CONTINUOUS
10
5.7508072834645665
20
-3.8715252362204722
11
5.7519008267716538
21
-3.8736714960629919
0
LINE
8
BLACK
6
CONTINUOUS
10
5.7519008267716538
20
-3.8736714960629919
11
5.7519488188976373
21
-3.8742812204724411
0
LINE
8
BLACK
6
CONTINUOUS
10
5.7519488188976373
20
-3.8742812204724411
11
5.7519488188976373
21
-3.9251898818897635
0
LINE
8
BLACK
6
CONTINUOUS
10
5.7519488188976373
20
-3.9251898818897635
11
5.7512044488188971
21
-3.9274808661417322
0
LINE
8
BLACK
6
CONTINUOUS
10
5.7512044488188971
20
-3.9274808661417322
11
5.7500000393700788
21
-3.9285653149606299
0
LINE
8
BLACK
6
CONTINUOUS
10
5.7500000393700788
20
-3.9285653149606299
11
5.7476860236220473
21
-3.9299012992125983
0
LINE
8
BLACK
6
CONTINUOUS
10
5.7476860236220473
20
-3.9299012992125983
11
5.7476859842519685
21
-3.9299013385826771
0
LINE
8
BLACK
6
CONTINUOUS
10
5.7476859842519685
20
-3.9299013385826771
11
5.7432842519685039
21
-3.9343030708661417
0
LINE
8
BLACK
6
CONTINUOUS
10
5.7432842519685039
20
-3.9343030708661417
11
5.740171771653543
21
-3.9396940944881891
0
LINE
8
BLACK
6
CONTINUOUS
10
5.740171771653543
20
-3.9396940944881891
11
5.7385606299212597
21
-3.945706968503937
0
LINE
8
BLACK
6
CONTINUOUS
10
5.7385606299212597
20
-3.945706968503937
11
5.7385606299212597
21
-3.9519319291338584
0
LINE
8
BLACK
6
CONTINUOUS
10
5.7385606299212597
20
-3.9519319291338584
11
5.740171771653543
21
-3.9579448031496063
0
LINE
8
BLACK
6
CONTINUOUS
10
5.740171771653543
20
-3.9579448031496063
11
5.7432842519685039
21
-3.9633358267716536
0
LINE
8
BLACK
6
CONTINUOUS
10
5.7432842519685039
20
-3.9633358267716536
11
5.7476859842519685
21
-3.9677375590551178
0
LINE
8
BLACK
6
CONTINUOUS
10
5.7476859842519685
20
-3.9677375590551178
11
5.7506299212598426
21
-3.9694372047244095
0
LINE
8
BLACK
6
CONTINUOUS
10
5.7506299212598426
20
-3.9694372047244095
11
5.7522417716535434
21
-3.9712273622047243
0
LINE
8
BLACK
6
CONTINUOUS
10
5.7522417716535434
20
-3.9712273622047243
11
5.7525787401574799
21
-3.9728126771653542
0
LINE
8
BLACK
6
CONTINUOUS
10
5.7525787401574799
20
-3.9728126771653542
11
5.7525787401574799
21
-4.0318998425196853
0
LINE
8
BLACK
6
CONTINUOUS
10
5.7525787401574799
20
-4.0318998425196853
11
5.7518343700787398
21
-4.0341908267716535
0
LINE
8
BLACK
6
CONTINUOUS
10
5.7518343700787398
20
-4.0341908267716535
11
5.7514371653543304
21
-4.0346558661417324
0
LINE
8
BLACK
6
CONTINUOUS
10
5.7514371653543304
20
-4.0346558661417324
11
5.7494284251968502
21
-4.0366646062992126
0
LINE
8
BLACK
6
CONTINUOUS
10
5.7494284251968502
20
-4.0366646062992126
11
5.7494283464566927
21
-4.0366646850393701
0
LINE
8
BLACK
6
CONTINUOUS
10
5.7494283464566927
20
-4.0366646850393701
11
5.7494283464566927
21
-4.0366647244094489
0
LINE
8
BLACK
6
CONTINUOUS
10
5.7494283464566927
20
-4.0366647244094489
11
5.7463158661417317
21
-4.0420557480314958
0
LINE
8
BLACK
6
CONTINUOUS
10
5.7463158661417317
20
-4.0420557480314958
11
5.7447047244094485
21
-4.0480686220472437
0
LINE
8
BLACK
6
CONTINUOUS
10
5.7447047244094485
20
-4.0480686220472437
11
5.7447047244094485
21
-4.0542935826771656
0
LINE
8
BLACK
6
CONTINUOUS
10
5.7447047244094485
20
-4.0542935826771656
11
5.7463158661417317
21
-4.0603064566929135
0
LINE
8
BLACK
6
CONTINUOUS
10
5.7463158661417317
20
-4.0603064566929135
11
5.7494283464566927
21
-4.0656974803149604
0
LINE
8
BLACK
6
CONTINUOUS
10
5.7494283464566927
20
-4.0656974803149604
11
5.7538300787401573
21
-4.070099212598425
0
LINE
8
BLACK
6
CONTINUOUS
10
5.7538300787401573
20
-4.070099212598425
11
5.7592211023622042
21
-4.0732116929133859
0
LINE
8
BLACK
6
CONTINUOUS
10
5.7592211023622042
20
-4.0732116929133859
11
5.765233976377953
21
-4.0748228346456692
0
LINE
8
BLACK
6
CONTINUOUS
10
5.765233976377953
20
-4.0748228346456692
11
5.7652340551181105
21
-4.0748228346456692
0
LINE
8
BLACK
6
CONTINUOUS
10
5.7652340551181105
20
-4.0748228346456692
11
5.7714588582677164
21
-4.0748228346456692
0
LINE
8
BLACK
6
CONTINUOUS
10
5.7714588582677164
20
-4.0748228346456692
11
5.7714589370078739
21
-4.0748228346456692
0
LINE
8
BLACK
6
CONTINUOUS
10
5.7714589370078739
20
-4.0748228346456692
11
5.7774718110236218
21
-4.0732116929133859
0
LINE
8
BLACK
6
CONTINUOUS
10
5.7774718110236218
20
-4.0732116929133859
11
5.7828628346456687
21
-4.070099212598425
0
LINE
8
BLACK
6
CONTINUOUS
10
5.7828628346456687
20
-4.070099212598425
11
5.7872645669291334
21
-4.0656974803149604
0
LINE
8
BLACK
6
CONTINUOUS
10
5.7872645669291334
20
-4.0656974803149604
11
5.7903770472440943
21
-4.0603064566929135
0
LINE
8
BLACK
6
CONTINUOUS
10
5.7903770472440943
20
-4.0603064566929135
11
5.7919881889763776
21
-4.0542935826771656
0
LINE
8
BLACK
6
CONTINUOUS
10
5.7919881889763776
20
-4.0542935826771656
11
5.7919881889763776
21
-4.0480686220472437
0
LINE
8
BLACK
6
CONTINUOUS
10
5.7919881889763776
20
-4.0480686220472437
11
5.7903770472440943
21
-4.0420557480314958
0
LINE
8
BLACK
6
CONTINUOUS
10
5.7903770472440943
20
-4.0420557480314958
11
5.7872645669291334
21
-4.0366647244094489
0
LINE
8
BLACK
6
CONTINUOUS
10
5.7872645669291334
20
-4.0366647244094489
11
5.7872644488188971
21
-4.0366646062992126
0
LINE
8
BLACK
6
CONTINUOUS
10
5.7872644488188971
20
-4.0366646062992126
11
5.7852557480314957
21
-4.0346558661417324
0
LINE
8
BLACK
6
CONTINUOUS
10
5.7852557480314957
20
-4.0346558661417324
11
5.7841621653543305
21
-4.0325095275590552
0
LINE
8
BLACK
6
CONTINUOUS
10
5.7841621653543305
20
-4.0325095275590552
11
5.7841141732283461
21
-4.0318998425196853
0
LINE
8
BLACK
6
CONTINUOUS
10
5.7841141732283461
20
-4.0318998425196853
11
5.7841141732283461
21
-3.9589012204724408
0
LINE
8
BLACK
6
CONTINUOUS
10
5.7841141732283461
20
-3.9589012204724408
11
5.784246968503937
21
-3.9578924409448817
0
LINE
8
BLACK
6
CONTINUOUS
10
5.784246968503937
20
-3.9578924409448817
11
5.7842837007874017
21
-3.9577553937007872
0
LINE
8
BLACK
6
CONTINUOUS
10
5.7842837007874017
20
-3.9577553937007872
11
5.7858440944881888
21
-3.9519319291338584
0
LINE
8
BLACK
6
CONTINUOUS
10
5.7858440944881888
20
-3.9519319291338584
11
5.7858440944881888
21
-3.945706968503937
0
LINE
8
BLACK
6
CONTINUOUS
10
5.7858440944881888
20
-3.945706968503937
11
5.7842329527559055
21
-3.9396940944881891
0
LINE
8
BLACK
6
CONTINUOUS
10
5.7842329527559055
20
-3.9396940944881891
11
5.7840063385826772
21
-3.9393016141732282
0
LINE
8
BLACK
6
CONTINUOUS
10
5.7840063385826772
20
-3.9393016141732282
11
5.7834842519685035
21
-3.9373529133858267
0
LINE
8
BLACK
6
CONTINUOUS
10
5.7834842519685035
20
-3.9373529133858267
11
5.7834842519685035
21
-3.8742812204724411
0
LINE
8
BLACK
6
CONTINUOUS
10
5.7834842519685035
20
-3.8742812204724411
11
5.7842286220472436
21
-3.8719902362204723
0
LINE
8
BLACK
6
CONTINUOUS
10
5.7842286220472436
20
-3.8719902362204723
11
5.7846255905511805
21
-3.8715253937007872
0
LINE
8
BLACK
6
CONTINUOUS
10
5.7846255905511805
20
-3.8715253937007872
11
5.7866346456692916
21
-3.8695163779527557
0
LINE
8
BLACK
6
CONTINUOUS
10
5.7866346456692916
20
-3.8695163779527557
11
5.7897471259842517
21
-3.8641253543307084
0
LINE
8
BLACK
6
CONTINUOUS
10
5.7897471259842517
20
-3.8641253543307084
11
5.7913582677165349
21
-3.8581124803149605
0
LINE
8
BLACK
6
CONTINUOUS
10
5.7913582677165349
20
-3.8581124803149605
11
5.7913582677165349
21
-3.8518875196850391
0
LINE
8
BLACK
6
CONTINUOUS
10
5.7913582677165349
20
-3.8518875196850391
11
5.7898811023622043
21
-3.8463746456692913
0
LINE
8
BLACK
6
CONTINUOUS
10
5.7898811023622043
20
-3.8463746456692913
11
5.7900071653543304
21
-3.8439692519685038
0
LINE
8
BLACK
6
CONTINUOUS
10
5.7900071653543304
20
-3.8439692519685038
11
5.7915231496062987
21
-3.8420972047244093
0
LINE
8
BLACK
6
CONTINUOUS
10
5.7915231496062987
20
-3.8420972047244093
11
5.7938499212598424
21
-3.8414737401574803
0
LINE
8
BLACK
6
CONTINUOUS
10
5.7938499212598424
20
-3.8414737401574803
11
5.7960988188976375
21
-3.842336968503937
0
LINE
8
BLACK
6
CONTINUOUS
10
5.7960988188976375
20
-3.842336968503937
11
5.7964020078740157
21
-3.8426099606299213
0
LINE
8
BLACK
6
CONTINUOUS
10
5.7964020078740157
20
-3.8426099606299213
11
5.90631905511811
21
-3.9525270078740156
0
LINE
8
BLACK
6
CONTINUOUS
10
5.90631905511811
20
-3.9525270078740156
11
5.9074126377952751
21
-3.9546733464566928
0
LINE
8
BLACK
6
CONTINUOUS
10
5.9074126377952751
20
-3.9546733464566928
11
5.9074606299212595
21
-3.9552830708661415
0
LINE
8
BLACK
6
CONTINUOUS
10
5.9074606299212595
20
-3.9552830708661415
11
5.9074606299212595
21
-3.994498307086614
0
LINE
8
BLACK
6
CONTINUOUS
10
5.9074606299212595
20
-3.994498307086614
11
5.9067162598425194
21
-3.9967892913385827
0
LINE
8
BLACK
6
CONTINUOUS
10
5.9067162598425194
20
-3.9967892913385827
11
5.9063192519685037
21
-3.9972540944881887
0
LINE
8
BLACK
6
CONTINUOUS
10
5.9063192519685037
20
-3.9972540944881887
11
5.9023417322834648
21
-4.0012316535433072
0
LINE
8
BLACK
6
CONTINUOUS
10
5.9023417322834648
20
-4.0012316535433072
11
5.8992292519685039
21
-4.0066226771653541
0
LINE
8
BLACK
6
CONTINUOUS
10
5.8992292519685039
20
-4.0066226771653541
11
5.8976181102362206
21
-4.012635551181102
0
LINE
8
BLACK
6
CONTINUOUS
10
5.8976181102362206
20
-4.012635551181102
11
5.8976181102362206
21
-4.0188605118110239
0
LINE
8
BLACK
6
CONTINUOUS
10
5.8976181102362206
20
-4.0188605118110239
11
5.8992292519685039
21
-4.0248733858267718
0
LINE
8
BLACK
6
CONTINUOUS
10
5.8992292519685039
20
-4.0248733858267718
11
5.9023417322834648
21
-4.0302644094488187
0
LINE
8
BLACK
6
CONTINUOUS
10
5.9023417322834648
20
-4.0302644094488187
11
5.9067434645669286
21
-4.0346661417322833
0
LINE
8
BLACK
6
CONTINUOUS
10
5.9067434645669286
20
-4.0346661417322833
11
5.9121344881889764
21
-4.0377786220472442
0
LINE
8
BLACK
6
CONTINUOUS
10
5.9121344881889764
20
-4.0377786220472442
11
5.9181473622047243
21
-4.0393897637795275
0
LINE
8
BLACK
6
CONTINUOUS
10
5.9181473622047243
20
-4.0393897637795275
11
5.9181474409448818
21
-4.0393897637795275
0
LINE
8
BLACK
6
CONTINUOUS
10
5.9181474409448818
20
-4.0393897637795275
11
5.9243722440944877
21
-4.0393897637795275
0
LINE
8
BLACK
6
CONTINUOUS
10
5.9243722440944877
20
-4.0393897637795275
11
5.9243723228346452
21
-4.0393897637795275
0
LINE
8
BLACK
6
CONTINUOUS
10
5.9243723228346452
20
-4.0393897637795275
11
5.930385196850394
21
-4.0377786220472442
0
LINE
8
BLACK
6
CONTINUOUS
10
5.930385196850394
20
-4.0377786220472442
11
5.9357762204724409
21
-4.0346661417322833
0
LINE
8
BLACK
6
CONTINUOUS
10
5.9357762204724409
20
-4.0346661417322833
11
5.9401779527559055
21
-4.0302644094488187
0
LINE
8
BLACK
6
CONTINUOUS
10
5.9401779527559055
20
-4.0302644094488187
11
5.9432904330708656
21
-4.0248733858267718
0
LINE
8
BLACK
6
CONTINUOUS
10
5.9432904330708656
20
-4.0248733858267718
11
5.9449015748031497
21
-4.0188605118110239
0
LINE
8
BLACK
6
CONTINUOUS
10
5.9449015748031497
20
-4.0188605118110239
11
5.9449015748031497
21
-4.012635551181102
0
LINE
8
BLACK
6
CONTINUOUS
10
5.9449015748031497
20
-4.012635551181102
11
5.9432904330708656
21
-4.0066226771653541
0
LINE
8
BLACK
6
CONTINUOUS
10
5.9432904330708656
20
-4.0066226771653541
11
5.9401779527559055
21
-4.0012316535433072
0
LINE
8
BLACK
6
CONTINUOUS
10
5.9401779527559055
20
-4.0012316535433072
11
5.936200551181102
21
-3.9972542519685037
0
LINE
8
BLACK
6
CONTINUOUS
10
5.936200551181102
20
-3.9972542519685037
11
5.9351070472440943
21
-3.9951080314960628
0
LINE
8
BLACK
6
CONTINUOUS
10
5.9351070472440943
20
-3.9951080314960628
11
5.9350590551181099
21
-3.994498307086614
0
LINE
8
BLACK
6
CONTINUOUS
10
5.9350590551181099
20
-3.994498307086614
11
5.9350590551181099
21
-3.9461361023622046
0
LINE
8
BLACK
6
CONTINUOUS
10
5.9350590551181099
20
-3.9461361023622046
11
5.9349440944881886
21
-3.9457070078740157
0
LINE
8
BLACK
6
CONTINUOUS
10
5.9349440944881886
20
-3.9457070078740157
11
5.9341186614173225
21
-3.9426264566929135
0
LINE
8
BLACK
6
CONTINUOUS
10
5.9341186614173225
20
-3.9426264566929135
11
5.9339570078740156
21
-3.9423464960629921
0
LINE
8
BLACK
6
CONTINUOUS
10
5.9339570078740156
20
-3.9423464960629921
11
5.9339569291338581
21
-3.9423461811023621
0
LINE
8
BLACK
6
CONTINUOUS
10
5.9339569291338581
20
-3.9423461811023621
11
5.9339568897637793
21
-3.9423462204724409
0
LINE
8
BLACK
6
CONTINUOUS
10
5.9339568897637793
20
-3.9423462204724409
11
5.9323020078740152
21
-3.9394799212598426
0
LINE
8
BLACK
6
CONTINUOUS
10
5.9323020078740152
20
-3.9394799212598426
11
5.9323019685039364
21
-3.9394798425196851
0
LINE
8
BLACK
6
CONTINUOUS
10
5.9323019685039364
20
-3.9394798425196851
11
5.8952214566929131
21
-3.9023993307086613
0
LINE
8
BLACK
6
CONTINUOUS
10
5.8952214566929131
20
-3.9023993307086613
11
5.7826573228346456
21
-3.7898351968503938
0
LINE
8
BLACK
6
CONTINUOUS
10
5.7826573228346456
20
-3.7898351968503938
11
5.7815637401574804
21
-3.7876888582677166
0
LINE
8
BLACK
6
CONTINUOUS
10
5.7815637401574804
20
-3.7876888582677166
11
5.781515748031496
21
-3.7870791338582674
0
LINE
8
BLACK
6
CONTINUOUS
10
5.781515748031496
20
-3.7870791338582674
11
5.781515748031496
21
-3.7823206299212599
0
LINE
8
BLACK
6
CONTINUOUS
10
5.781515748031496
20
-3.7823206299212599
11
5.781515748031496
21
-3.7823205905511812
0
LINE
8
BLACK
6
CONTINUOUS
10
5.781515748031496
20
-3.7823205905511812
11
5.7799046062992128
21
-3.7763077165354328
0
LINE
8
BLACK
6
CONTINUOUS
10
5.7799046062992128
20
-3.7763077165354328
11
5.7767921259842518
21
-3.7709166929133859
0
LINE
8
BLACK
6
CONTINUOUS
10
5.7767921259842518
20
-3.7709166929133859
11
5.7723903937007872
21
-3.7665149606299213
0
LINE
8
BLACK
6
CONTINUOUS
10
5.7723903937007872
20
-3.7665149606299213
11
5.7669993700787403
21
-3.7634024803149604
0
LINE
8
BLACK
6
CONTINUOUS
10
5.7669993700787403
20
-3.7634024803149604
11
5.7609864960629924
21
-3.7617913385826771
0
LINE
8
BLACK
6
CONTINUOUS
10
5.7609864960629924
20
-3.7617913385826771
11
5.7547615354330706
21
-3.7617913385826771
0
LINE
8
BLACK
6
CONTINUOUS
10
5.7547615354330706
20
-3.7617913385826771
11
5.7487486614173227
21
-3.7634024803149604
0
LINE
8
BLACK
6
CONTINUOUS
10
5.936988188976378
20
-3.9086242913385827
11
5.9385993307086613
21
-3.9146371653543306
0
LINE
8
BLACK
6
CONTINUOUS
10
5.9385993307086613
20
-3.9146371653543306
11
5.9417118110236222
21
-3.9200281889763779
0
LINE
8
BLACK
6
CONTINUOUS
10
5.9417118110236222
20
-3.9200281889763779
11
5.9461135433070869
21
-3.9244299212598426
0
LINE
8
BLACK
6
CONTINUOUS
10
5.9461135433070869
20
-3.9244299212598426
11
5.9515045669291338
21
-3.9275424015748031
0
LINE
8
BLACK
6
CONTINUOUS
10
5.9515045669291338
20
-3.9275424015748031
11
5.9575174409448817
21
-3.9291535433070863
0
LINE
8
BLACK
6
CONTINUOUS
10
5.9575174409448817
20
-3.9291535433070863
11
5.9575175196850392
21
-3.9291535433070863
0
LINE
8
BLACK
6
CONTINUOUS
10
5.9575175196850392
20
-3.9291535433070863
11
5.9631421259842519
21
-3.9291535433070863
0
LINE
8
BLACK
6
CONTINUOUS
10
5.9631421259842519
20
-3.9291535433070863
11
5.9654331102362201
21
-3.9298979133858265
0
LINE
8
BLACK
6
CONTINUOUS
10
5.9654331102362201
20
-3.9298979133858265
11
5.9658981889763778
21
-3.9302951181102364
0
LINE
8
BLACK
6
CONTINUOUS
10
5.9658981889763778
20
-3.9302951181102364
11
6.083465551181102
21
-4.0478624803149605
0
LINE
8
BLACK
6
CONTINUOUS
10
6.083465551181102
20
-4.0478624803149605
11
6.0845591338582672
21
-4.0500088188976378
0
LINE
8
BLACK
6
CONTINUOUS
10
6.0845591338582672
20
-4.0500088188976378
11
6.08457374015748
21
-4.0501095275590551
0
LINE
8
BLACK
6
CONTINUOUS
10
6.08457374015748
20
-4.0501095275590551
11
6.0846062204724412
21
-4.0503562992125985
0
LINE
8
BLACK
6
CONTINUOUS
10
6.0846062204724412
20
-4.0503562992125985
11
6.0846062992125987
21
-4.0503565748031498
0
LINE
8
BLACK
6
CONTINUOUS
10
6.0846062992125987
20
-4.0503565748031498
11
6.0862174409448819
21
-4.0563694488188977
0
LINE
8
BLACK
6
CONTINUOUS
10
6.0862174409448819
20
-4.0563694488188977
11
6.089329921259842
21
-4.0617604724409446
0
LINE
8
BLACK
6
CONTINUOUS
10
6.089329921259842
20
-4.0617604724409446
11
6.0937316535433066
21
-4.0661622047244093
0
LINE
8
BLACK
6
CONTINUOUS
10
6.0937316535433066
20
-4.0661622047244093
11
6.0991226771653544
21
-4.0692746850393702
0
LINE
8
BLACK
6
CONTINUOUS
10
6.0991226771653544
20
-4.0692746850393702
11
6.1051355511811023
21
-4.0708858267716534
0
LINE
8
BLACK
6
CONTINUOUS
10
6.1051355511811023
20
-4.0708858267716534
11
6.1051356299212598
21
-4.0708858267716534
0
LINE
8
BLACK
6
CONTINUOUS
10
6.1051356299212598
20
-4.0708858267716534
11
6.1113604330708657
21
-4.0708858267716534
0
LINE
8
BLACK
6
CONTINUOUS
10
6.1113604330708657
20
-4.0708858267716534
11
6.1113605118110232
21
-4.0708858267716534
0
LINE
8
BLACK
6
CONTINUOUS
10
6.1113605118110232
20
-4.0708858267716534
11
6.1173733858267711
21
-4.0692746850393702
0
LINE
8
BLACK
6
CONTINUOUS
10
6.1173733858267711
20
-4.0692746850393702
11
6.1227644094488189
21
-4.0661622047244093
0
LINE
8
BLACK
6
CONTINUOUS
10
6.1227644094488189
20
-4.0661622047244093
11
6.1271661417322836
21
-4.0617604724409446
0
LINE
8
BLACK
6
CONTINUOUS
10
6.1271661417322836
20
-4.0617604724409446
11
6.1302786220472436
21
-4.0563694488188977
0
LINE
8
BLACK
6
CONTINUOUS
10
6.1302786220472436
20
-4.0563694488188977
11
6.1318897637795278
21
-4.0503565748031498
0
LINE
8
BLACK
6
CONTINUOUS
10
6.1318897637795278
20
-4.0503565748031498
11
6.1318897637795278
21
-4.044131614173228
0
LINE
8
BLACK
6
CONTINUOUS
10
6.1318897637795278
20
-4.044131614173228
11
6.1302786220472436
21
-4.0381187401574801
0
LINE
8
BLACK
6
CONTINUOUS
10
6.1302786220472436
20
-4.0381187401574801
11
6.1271661417322836
21
-4.0327277165354332
0
LINE
8
BLACK
6
CONTINUOUS
10
6.1271661417322836
20
-4.0327277165354332
11
6.1227644094488189
21
-4.0283259842519685
0
LINE
8
BLACK
6
CONTINUOUS
10
6.1227644094488189
20
-4.0283259842519685
11
6.1173733858267711
21
-4.0252135039370076
0
LINE
8
BLACK
6
CONTINUOUS
10
6.1173733858267711
20
-4.0252135039370076
11
6.1113605118110232
21
-4.0236023622047243
0
LINE
8
BLACK
6
CONTINUOUS
10
6.1113605118110232
20
-4.0236023622047243
11
6.1051355511811023
21
-4.0236023622047243
0
LINE
8
BLACK
6
CONTINUOUS
10
6.1051355511811023
20
-4.0236023622047243
11
6.1018672440944881
21
-4.0244780708661416
0
LINE
8
BLACK
6
CONTINUOUS
10
6.1018672440944881
20
-4.0244780708661416
11
6.099461692913386
21
-4.0243519685039368
0
LINE
8
BLACK
6
CONTINUOUS
10
6.099461692913386
20
-4.0243519685039368
11
6.0981024409448814
21
-4.023469291338583
0
LINE
8
BLACK
6
CONTINUOUS
10
6.0981024409448814
20
-4.023469291338583
11
5.9854132283464567
21
-3.9107800787401574
0
LINE
8
BLACK
6
CONTINUOUS
10
5.9854132283464567
20
-3.9107800787401574
11
5.9843196456692915
21
-3.9086337401574802
0
LINE
8
BLACK
6
CONTINUOUS
10
5.9843196456692915
20
-3.9086337401574802
11
5.9842716535433071
21
-3.9080240157480315
0
LINE
8
BLACK
6
CONTINUOUS
10
5.9842716535433071
20
-3.9080240157480315
11
5.9842716535433071
21
-3.90239937007874
0
LINE
8
BLACK
6
CONTINUOUS
10
5.9842716535433071
20
-3.90239937007874
11
5.9842716535433071
21
-3.9023993307086613
0
LINE
8
BLACK
6
CONTINUOUS
10
5.9842716535433071
20
-3.9023993307086613
11
5.9826605118110239
21
-3.8963864566929134
0
LINE
8
BLACK
6
CONTINUOUS
10
5.9826605118110239
20
-3.8963864566929134
11
5.979548031496063
21
-3.890995433070866
0
LINE
8
BLACK
6
CONTINUOUS
10
5.979548031496063
20
-3.890995433070866
11
5.9751462992125983
21
-3.8865937007874014
0
LINE
8
BLACK
6
CONTINUOUS
10
5.9751462992125983
20
-3.8865937007874014
11
5.9697552755905514
21
-3.8834812204724409
0
LINE
8
BLACK
6
CONTINUOUS
10
5.9697552755905514
20
-3.8834812204724409
11
5.9637424015748026
21
-3.8818700787401572
0
LINE
8
BLACK
6
CONTINUOUS
10
5.9637424015748026
20
-3.8818700787401572
11
5.9575174409448817
21
-3.8818700787401572
0
LINE
8
BLACK
6
CONTINUOUS
10
5.9575174409448817
20
-3.8818700787401572
11
5.9515045669291338
21
-3.8834812204724409
0
LINE
8
BLACK
6
CONTINUOUS
10
5.9515045669291338
20
-3.8834812204724409
11
5.9461135433070869
21
-3.8865937007874014
0
LINE
8
BLACK
6
CONTINUOUS
10
5.9461135433070869
20
-3.8865937007874014
11
5.9417118110236222
21
-3.890995433070866
0
LINE
8
BLACK
6
CONTINUOUS
10
5.9417118110236222
20
-3.890995433070866
11
5.9385993307086613
21
-3.8963864566929134
0
LINE
8
BLACK
6
CONTINUOUS
10
5.9385993307086613
20
-3.8963864566929134
11
5.936988188976378
21
-3.9023993307086613
0
LINE
8
BLACK
6
CONTINUOUS
10
5.936988188976378
20
-3.9023993307086613
11
5.936988188976378
21
-3.9086242913385827
0
LINE
8
BLACK
6
CONTINUOUS
10
5.6839960629921258
20
-3.9722660236220473
11
5.6856072047244091
21
-3.9782788976377952
0
LINE
8
BLACK
6
CONTINUOUS
10
5.6856072047244091
20
-3.9782788976377952
11
5.68871968503937
21
-3.9836699212598425
0
LINE
8
BLACK
6
CONTINUOUS
10
5.68871968503937
20
-3.9836699212598425
11
5.6931214173228346
21
-3.9880716535433072
0
LINE
8
BLACK
6
CONTINUOUS
10
5.6931214173228346
20
-3.9880716535433072
11
5.6985124409448815
21
-3.9911841338582676
0
LINE
8
BLACK
6
CONTINUOUS
10
5.6985124409448815
20
-3.9911841338582676
11
5.7045253149606294
21
-3.9927952755905509
0
LINE
8
BLACK
6
CONTINUOUS
10
5.7045253149606294
20
-3.9927952755905509
11
5.7045253937007869
21
-3.9927952755905509
0
LINE
8
BLACK
6
CONTINUOUS
10
5.7045253937007869
20
-3.9927952755905509
11
5.7107501968503938
21
-3.9927952755905509
0
LINE
8
BLACK
6
CONTINUOUS
10
5.7107501968503938
20
-3.9927952755905509
11
5.7107502755905513
21
-3.9927952755905509
0
LINE
8
BLACK
6
CONTINUOUS
10
5.7107502755905513
20
-3.9927952755905509
11
5.7167631496062992
21
-3.9911841338582676
0
LINE
8
BLACK
6
CONTINUOUS
10
5.7167631496062992
20
-3.9911841338582676
11
5.7221541732283461
21
-3.9880716535433072
0
LINE
8
BLACK
6
CONTINUOUS
10
5.7221541732283461
20
-3.9880716535433072
11
5.7265559055118107
21
-3.9836699212598425
0
LINE
8
BLACK
6
CONTINUOUS
10
5.7265559055118107
20
-3.9836699212598425
11
5.7296683858267716
21
-3.9782788976377952
0
LINE
8
BLACK
6
CONTINUOUS
10
5.7296683858267716
20
-3.9782788976377952
11
5.7312795275590549
21
-3.9722660236220473
0
LINE
8
BLACK
6
CONTINUOUS
10
5.7312795275590549
20
-3.9722660236220473
11
5.7312795275590549
21
-3.9660410629921259
0
LINE
8
BLACK
6
CONTINUOUS
10
5.7312795275590549
20
-3.9660410629921259
11
5.7296683858267716
21
-3.960028188976378
0
LINE
8
BLACK
6
CONTINUOUS
10
5.7296683858267716
20
-3.960028188976378
11
5.7265559055118107
21
-3.9546371653543306
0
LINE
8
BLACK
6
CONTINUOUS
10
5.7265559055118107
20
-3.9546371653543306
11
5.7232552755905512
21
-3.9513365354330707
0
LINE
8
BLACK
6
CONTINUOUS
10
5.7232552755905512
20
-3.9513365354330707
11
5.7221617716535436
21
-3.9491903149606298
0
LINE
8
BLACK
6
CONTINUOUS
10
5.7221617716535436
20
-3.9491903149606298
11
5.7221137795275592
21
-3.948580590551181
0
LINE
8
BLACK
6
CONTINUOUS
10
5.7221137795275592
20
-3.948580590551181
11
5.7221137795275592
21
-3.9311262204724406
0
LINE
8
BLACK
6
CONTINUOUS
10
5.7221137795275592
20
-3.9311262204724406
11
5.7228581496062993
21
-3.9288352362204724
0
LINE
8
BLACK
6
CONTINUOUS
10
5.7228581496062993
20
-3.9288352362204724
11
5.7232551181102362
21
-3.9283703937007872
0
LINE
8
BLACK
6
CONTINUOUS
10
5.7232551181102362
20
-3.9283703937007872
11
5.7272326771653539
21
-3.9243928740157479
0
LINE
8
BLACK
6
CONTINUOUS
10
5.7272326771653539
20
-3.9243928740157479
11
5.7303451574803148
21
-3.9190018503937005
0
LINE
8
BLACK
6
CONTINUOUS
10
5.7303451574803148
20
-3.9190018503937005
11
5.7319562992125981
21
-3.9129889763779526
0
LINE
8
BLACK
6
CONTINUOUS
10
5.7319562992125981
20
-3.9129889763779526
11
5.7319562992125981
21
-3.9067640157480312
0
LINE
8
BLACK
6
CONTINUOUS
10
5.7319562992125981
20
-3.9067640157480312
11
5.7303451574803148
21
-3.9007511417322833
0
LINE
8
BLACK
6
CONTINUOUS
10
5.7303451574803148
20
-3.9007511417322833
11
5.7272326771653539
21
-3.895360118110236
0
LINE
8
BLACK
6
CONTINUOUS
10
5.7272326771653539
20
-3.895360118110236
11
5.7228309448818893
21
-3.8909583858267718
0
LINE
8
BLACK
6
CONTINUOUS
10
5.7228309448818893
20
-3.8909583858267718
11
5.7174399212598424
21
-3.8878459055118109
0
LINE
8
BLACK
6
CONTINUOUS
10
5.7174399212598424
20
-3.8878459055118109
11
5.7114270472440944
21
-3.8862347637795276
0
LINE
8
BLACK
6
CONTINUOUS
10
5.7114270472440944
20
-3.8862347637795276
11
5.7052020866141735
21
-3.8862347637795276
0
LINE
8
BLACK
6
CONTINUOUS
10
5.7052020866141735
20
-3.8862347637795276
11
5.6991892125984247
21
-3.8878459055118109
0
LINE
8
BLACK
6
CONTINUOUS
10
5.6991892125984247
20
-3.8878459055118109
11
5.6937981889763778
21
-3.8909583858267718
0
LINE
8
BLACK
6
CONTINUOUS
10
5.6937981889763778
20
-3.8909583858267718
11
5.6893964566929132
21
-3.895360118110236
0
LINE
8
BLACK
6
CONTINUOUS
10
5.6893964566929132
20
-3.895360118110236
11
5.6862839763779522
21
-3.9007511417322833
0
LINE
8
BLACK
6
CONTINUOUS
10
5.6862839763779522
20
-3.9007511417322833
11
5.684672834645669
21
-3.9067640157480312
0
LINE
8
BLACK
6
CONTINUOUS
10
5.684672834645669
20
-3.9067640157480312
11
5.684672834645669
21
-3.9129889763779526
0
LINE
8
BLACK
6
CONTINUOUS
10
5.684672834645669
20
-3.9129889763779526
11
5.6862839763779522
21
-3.9190018503937005
0
LINE
8
BLACK
6
CONTINUOUS
10
5.6862839763779522
20
-3.9190018503937005
11
5.6893964566929132
21
-3.9243928740157479
0
LINE
8
BLACK
6
CONTINUOUS
10
5.6893964566929132
20
-3.9243928740157479
11
5.6933738188976379
21
-3.9283702362204722
0
LINE
8
BLACK
6
CONTINUOUS
10
5.6933738188976379
20
-3.9283702362204722
11
5.6944673622047244
21
-3.9305164960629919
0
LINE
8
BLACK
6
CONTINUOUS
10
5.6944673622047244
20
-3.9305164960629919
11
5.6945153543307088
21
-3.9311262204724406
0
LINE
8
BLACK
6
CONTINUOUS
10
5.6945153543307088
20
-3.9311262204724406
11
5.6945153543307088
21
-3.9472437007874013
0
LINE
8
BLACK
6
CONTINUOUS
10
5.6945153543307088
20
-3.9472437007874013
11
5.6937709842519686
21
-3.94953468503937
0
LINE
8
BLACK
6
CONTINUOUS
10
5.6937709842519686
20
-3.94953468503937
11
5.693282992125984
21
-3.9500357086614173
0
LINE
8
BLACK
6
CONTINUOUS
10
5.693282992125984
20
-3.9500357086614173
11
5.6933020866141728
21
-3.9500548031496061
0
LINE
8
BLACK
6
CONTINUOUS
10
5.6933020866141728
20
-3.9500548031496061
11
5.6931214960629921
21
-3.9502353543307085
0
LINE
8
BLACK
6
CONTINUOUS
10
5.6931214960629921
20
-3.9502353543307085
11
5.6931214173228346
21
-3.950235433070866
0
LINE
8
BLACK
6
CONTINUOUS
10
5.6931214173228346
20
-3.950235433070866
11
5.68871968503937
21
-3.9546371653543306
0
LINE
8
BLACK
6
CONTINUOUS
10
5.68871968503937
20
-3.9546371653543306
11
5.6856072047244091
21
-3.960028188976378
0
LINE
8
BLACK
6
CONTINUOUS
10
5.6856072047244091
20
-3.960028188976378
11
5.6839960629921258
21
-3.9660410629921259
0
LINE
8
BLACK
6
CONTINUOUS
10
5.6839960629921258
20
-3.9660410629921259
11
5.6839960629921258
21
-3.9722660236220473
0
LINE
8
BLACK
6
CONTINUOUS
10
6.3643503937007875
20
-3.5227975196850392
11
6.3659615354330708
21
-3.5288103937007875
0
LINE
8
BLACK
6
CONTINUOUS
10
6.3659615354330708
20
-3.5288103937007875
11
6.3690740157480317
21
-3.5342014173228344
0
LINE
8
BLACK
6
CONTINUOUS
10
6.3690740157480317
20
-3.5342014173228344
11
6.3734757480314963
21
-3.5386031496062991
0
LINE
8
BLACK
6
CONTINUOUS
10
6.3734757480314963
20
-3.5386031496062991
11
6.3788667716535432
21
-3.5417156299212595
0
LINE
8
BLACK
6
CONTINUOUS
10
6.3788667716535432
20
-3.5417156299212595
11
6.3848796456692911
21
-3.5433267716535433
0
LINE
8
BLACK
6
CONTINUOUS
10
6.3848796456692911
20
-3.5433267716535433
11
6.3877204330708661
21
-3.5433267716535433
0
LINE
8
BLACK
6
CONTINUOUS
10
6.3877204330708661
20
-3.5433267716535433
11
6.3900114173228344
21
-3.5440711417322834
0
LINE
8
BLACK
6
CONTINUOUS
10
6.3900114173228344
20
-3.5440711417322834
11
6.3904764960629921
21
-3.5444683464566928
0
LINE
8
BLACK
6
CONTINUOUS
10
6.3904764960629921
20
-3.5444683464566928
11
6.4298824803149603
21
-3.5838742913385824
0
LINE
8
BLACK
6
CONTINUOUS
10
6.4298824803149603
20
-3.5838742913385824
11
6.4309760629921255
21
-3.5860206299212596
0
LINE
8
BLACK
6
CONTINUOUS
10
6.4309760629921255
20
-3.5860206299212596
11
6.4310240551181099
21
-3.5866303543307088
0
LINE
8
BLACK
6
CONTINUOUS
10
6.4310240551181099
20
-3.5866303543307088
11
6.4310240551181099
21
-3.8921947244094488
0
LINE
8
BLACK
6
CONTINUOUS
10
6.4310240551181099
20
-3.8921947244094488
11
6.4302796850393698
21
-3.8944857086614171
0
LINE
8
BLACK
6
CONTINUOUS
10
6.4302796850393698
20
-3.8944857086614171
11
6.4298826771653541
21
-3.8949505118110235
0
LINE
8
BLACK
6
CONTINUOUS
10
6.4298826771653541
20
-3.8949505118110235
11
6.4259637795275593
21
-3.8988694488188975
0
LINE
8
BLACK
6
CONTINUOUS
10
6.4259637795275593
20
-3.8988694488188975
11
6.4228512992125983
21
-3.9042604724409449
0
LINE
8
BLACK
6
CONTINUOUS
10
6.4228512992125983
20
-3.9042604724409449
11
6.4212401574803151
21
-3.9102733464566928
0
LINE
8
BLACK
6
CONTINUOUS
10
6.4212401574803151
20
-3.9102733464566928
11
6.4212401574803151
21
-3.9164983070866142
0
LINE
8
BLACK
6
CONTINUOUS
10
6.4212401574803151
20
-3.9164983070866142
11
6.4228512992125983
21
-3.9225111811023621
0
LINE
8
BLACK
6
CONTINUOUS
10
6.4228512992125983
20
-3.9225111811023621
11
6.4259637795275593
21
-3.9279022047244094
0
LINE
8
BLACK
6
CONTINUOUS
10
6.4259637795275593
20
-3.9279022047244094
11
6.4303655118110239
21
-3.9323039370078741
0
LINE
8
BLACK
6
CONTINUOUS
10
6.4303655118110239
20
-3.9323039370078741
11
6.4357565354330708
21
-3.9354164173228345
0
LINE
8
BLACK
6
CONTINUOUS
10
6.4357565354330708
20
-3.9354164173228345
11
6.4417694094488187
21
-3.9370275590551178
0
LINE
8
BLACK
6
CONTINUOUS
10
6.4417694094488187
20
-3.9370275590551178
11
6.4417694881889762
21
-3.9370275590551178
0
LINE
8
BLACK
6
CONTINUOUS
10
6.4417694881889762
20
-3.9370275590551178
11
6.4479942913385822
21
-3.9370275590551178
0
LINE
8
BLACK
6
CONTINUOUS
10
6.4479942913385822
20
-3.9370275590551178
11
6.4479943700787397
21
-3.9370275590551178
0
LINE
8
BLACK
6
CONTINUOUS
10
6.4479943700787397
20
-3.9370275590551178
11
6.4540072440944884
21
-3.9354164173228345
0
LINE
8
BLACK
6
CONTINUOUS
10
6.4540072440944884
20
-3.9354164173228345
11
6.4593982677165354
21
-3.9323039370078741
0
LINE
8
BLACK
6
CONTINUOUS
10
6.4593982677165354
20
-3.9323039370078741
11
6.4638
21
-3.9279022047244094
0
LINE
8
BLACK
6
CONTINUOUS
10
6.4638
20
-3.9279022047244094
11
6.4669124803149609
21
-3.9225111811023621
0
LINE
8
BLACK
6
CONTINUOUS
10
6.4669124803149609
20
-3.9225111811023621
11
6.4685236220472442
21
-3.9164983070866142
0
LINE
8
BLACK
6
CONTINUOUS
10
6.4685236220472442
20
-3.9164983070866142
11
6.4685236220472442
21
-3.9102733464566928
0
LINE
8
BLACK
6
CONTINUOUS
10
6.4685236220472442
20
-3.9102733464566928
11
6.4669124803149609
21
-3.9042604724409449
0
LINE
8
BLACK
6
CONTINUOUS
10
6.4669124803149609
20
-3.9042604724409449
11
6.4638
21
-3.8988694488188975
0
LINE
8
BLACK
6
CONTINUOUS
10
6.4638
20
-3.8988694488188975
11
6.4637999212598425
21
-3.89886937007874
0
LINE
8
BLACK
6
CONTINUOUS
10
6.4637999212598425
20
-3.89886937007874
11
6.4637998818897637
21
-3.8988692913385825
0
LINE
8
BLACK
6
CONTINUOUS
10
6.4637998818897637
20
-3.8988692913385825
11
6.4637009055118106
21
-3.8987703149606299
0
LINE
8
BLACK
6
CONTINUOUS
10
6.4637009055118106
20
-3.8987703149606299
11
6.4636553543307089
21
-3.898680905511811
0
LINE
8
BLACK
6
CONTINUOUS
10
6.4636553543307089
20
-3.898680905511811
11
6.4636444488188971
21
-3.8986666929133857
0
LINE
8
BLACK
6
CONTINUOUS
10
6.4636444488188971
20
-3.8986666929133857
11
6.4636470472440948
21
-3.8986646456692911
0
LINE
8
BLACK
6
CONTINUOUS
10
6.4636470472440948
20
-3.8986646456692911
11
6.4626074409448817
21
-3.8966238976377952
0
LINE
8
BLACK
6
CONTINUOUS
10
6.4626074409448817
20
-3.8966238976377952
11
6.4625594881889761
21
-3.8960144488188977
0
LINE
8
BLACK
6
CONTINUOUS
10
6.4625594881889761
20
-3.8960144488188977
11
6.4625594881889761
21
-3.5808749999999998
0
LINE
8
BLACK
6
CONTINUOUS
10
6.4625594881889761
20
-3.5808749999999998
11
6.4625595275590548
21
-3.5808744881889765
0
LINE
8
BLACK
6
CONTINUOUS
10
6.4625595275590548
20
-3.5808744881889765
11
6.4625595275590548
21
-3.5764089370078738
0
LINE
8
BLACK
6
CONTINUOUS
10
6.4625595275590548
20
-3.5764089370078738
11
6.4625595275590548
21
-3.5764088582677163
0
LINE
8
BLACK
6
CONTINUOUS
10
6.4625595275590548
20
-3.5764088582677163
11
6.4614849606299209
21
-3.5723985826771654
0
LINE
8
BLACK
6
CONTINUOUS
10
6.4614849606299209
20
-3.5723985826771654
11
6.4594090944881888
21
-3.5688030708661418
0
LINE
8
BLACK
6
CONTINUOUS
10
6.4594090944881888
20
-3.5688030708661418
11
6.4564733858267713
21
-3.5658673622047243
0
LINE
8
BLACK
6
CONTINUOUS
10
6.4564733858267713
20
-3.5658673622047243
11
6.4564732677165351
21
-3.5658672834645668
0
LINE
8
BLACK
6
CONTINUOUS
10
6.4564732677165351
20
-3.5658672834645668
11
6.4127754330708662
21
-3.5221694094488187
0
LINE
8
BLACK
6
CONTINUOUS
10
6.4127754330708662
20
-3.5221694094488187
11
6.411681850393701
21
-3.5200230708661415
0
LINE
8
BLACK
6
CONTINUOUS
10
6.411681850393701
20
-3.5200230708661415
11
6.4116338582677166
21
-3.5194133464566928
0
LINE
8
BLACK
6
CONTINUOUS
10
6.4116338582677166
20
-3.5194133464566928
11
6.4116338582677166
21
-3.516572598425197
0
LINE
8
BLACK
6
CONTINUOUS
10
6.4116338582677166
20
-3.516572598425197
11
6.4116338582677166
21
-3.5165725590551182
0
LINE
8
BLACK
6
CONTINUOUS
10
6.4116338582677166
20
-3.5165725590551182
11
6.4100227165354333
21
-3.5105596850393699
0
LINE
8
BLACK
6
CONTINUOUS
10
6.4100227165354333
20
-3.5105596850393699
11
6.4069102362204724
21
-3.505168661417323
0
LINE
8
BLACK
6
CONTINUOUS
10
6.4069102362204724
20
-3.505168661417323
11
6.4025085039370078
21
-3.5007669291338583
0
LINE
8
BLACK
6
CONTINUOUS
10
6.4025085039370078
20
-3.5007669291338583
11
6.3971174803149609
21
-3.4976544488188974
0
LINE
8
BLACK
6
CONTINUOUS
10
6.3971174803149609
20
-3.4976544488188974
11
6.3911046062992121
21
-3.4960433070866141
0
LINE
8
BLACK
6
CONTINUOUS
10
6.3911046062992121
20
-3.4960433070866141
11
6.3848796456692911
21
-3.4960433070866141
0
LINE
8
BLACK
6
CONTINUOUS
10
6.3848796456692911
20
-3.4960433070866141
11
6.3788667716535432
21
-3.4976544488188974
0
LINE
8
BLACK
6
CONTINUOUS
10
6.3788667716535432
20
-3.4976544488188974
11
6.3734757480314963
21
-3.5007669291338583
0
LINE
8
BLACK
6
CONTINUOUS
10
6.3734757480314963
20
-3.5007669291338583
11
6.3690740157480317
21
-3.505168661417323
0
LINE
8
BLACK
6
CONTINUOUS
10
6.3690740157480317
20
-3.505168661417323
11
6.3659615354330708
21
-3.5105596850393699
0
LINE
8
BLACK
6
CONTINUOUS
10
6.3659615354330708
20
-3.5105596850393699
11
6.3643503937007875
21
-3.5165725590551182
0
LINE
8
BLACK
6
CONTINUOUS
10
6.3643503937007875
20
-3.5165725590551182
11
6.3643503937007875
21
-3.5227975196850392
0
LINE
8
BLACK
6
CONTINUOUS
10
5.8110039370078743
20
-3.6731124803149604
11
5.8126150787401576
21
-3.6791253543307088
0
LINE
8
BLACK
6
CONTINUOUS
10
5.8126150787401576
20
-3.6791253543307088
11
5.8157275590551176
21
-3.6845163779527557
0
LINE
8
BLACK
6
CONTINUOUS
10
5.8157275590551176
20
-3.6845163779527557
11
5.8201292913385823
21
-3.6889181102362203
0
LINE
8
BLACK
6
CONTINUOUS
10
5.8201292913385823
20
-3.6889181102362203
11
5.8255203149606301
21
-3.6920305905511812
0
LINE
8
BLACK
6
CONTINUOUS
10
5.8255203149606301
20
-3.6920305905511812
11
5.831533188976378
21
-3.6936417322834645
0
LINE
8
BLACK
6
CONTINUOUS
10
5.831533188976378
20
-3.6936417322834645
11
5.8315332677165355
21
-3.6936417322834645
0
LINE
8
BLACK
6
CONTINUOUS
10
5.8315332677165355
20
-3.6936417322834645
11
5.8377580708661414
21
-3.6936417322834645
0
LINE
8
BLACK
6
CONTINUOUS
10
5.8377580708661414
20
-3.6936417322834645
11
5.8377581496062989
21
-3.6936417322834645
0
LINE
8
BLACK
6
CONTINUOUS
10
5.8377581496062989
20
-3.6936417322834645
11
5.8437710236220468
21
-3.6920305905511812
0
LINE
8
BLACK
6
CONTINUOUS
10
5.8437710236220468
20
-3.6920305905511812
11
5.8491620472440946
21
-3.6889181102362203
0
LINE
8
BLACK
6
CONTINUOUS
10
5.8491620472440946
20
-3.6889181102362203
11
5.8531394094488185
21
-3.6849407086614172
0
LINE
8
BLACK
6
CONTINUOUS
10
5.8531394094488185
20
-3.6849407086614172
11
5.8552856692913382
21
-3.6838472047244095
0
LINE
8
BLACK
6
CONTINUOUS
10
5.8552856692913382
20
-3.6838472047244095
11
5.8558953937007869
21
-3.6837992125984251
0
LINE
8
BLACK
6
CONTINUOUS
10
5.8558953937007869
20
-3.6837992125984251
11
5.9028271653543305
21
-3.6837992125984251
0
LINE
8
BLACK
6
CONTINUOUS
10
5.9028271653543305
20
-3.6837992125984251
11
5.9051181496062988
21
-3.6845435826771653
0
LINE
8
BLACK
6
CONTINUOUS
10
5.9051181496062988
20
-3.6845435826771653
11
5.9055832283464564
21
-3.6849407874015747
0
LINE
8
BLACK
6
CONTINUOUS
10
5.9055832283464564
20
-3.6849407874015747
11
6.0781412598425195
21
-3.8574988188976378
0
LINE
8
BLACK
6
CONTINUOUS
10
6.0781412598425195
20
-3.8574988188976378
11
6.0808048818897635
21
-3.8590366535433072
0
LINE
8
BLACK
6
CONTINUOUS
10
6.0808048818897635
20
-3.8590366535433072
11
6.0812878740157483
21
-3.8593155118110234
0
LINE
8
BLACK
6
CONTINUOUS
10
6.0812878740157483
20
-3.8593155118110234
11
6.0815157086614171
21
-3.8593765354330709
0
LINE
8
BLACK
6
CONTINUOUS
10
6.0815157086614171
20
-3.8593765354330709
11
6.0818582677165356
21
-3.8595449999999998
0
LINE
8
BLACK
6
CONTINUOUS
10
6.0818582677165356
20
-3.8595449999999998
11
6.0824615354330707
21
-3.860131338582677
0
LINE
8
BLACK
6
CONTINUOUS
10
6.0824615354330707
20
-3.860131338582677
11
6.0831671259842519
21
-3.8605894488188977
0
LINE
8
BLACK
6
CONTINUOUS
10
6.0831671259842519
20
-3.8605894488188977
11
6.0833170078740153
21
-3.8608074803149606
0
LINE
8
BLACK
6
CONTINUOUS
10
6.0833170078740153
20
-3.8608074803149606
11
6.0834438582677164
21
-3.8609727952755906
0
LINE
8
BLACK
6
CONTINUOUS
10
6.0834438582677164
20
-3.8609727952755906
11
6.0834440157480314
21
-3.8609729527559056
0
LINE
8
BLACK
6
CONTINUOUS
10
6.0834440157480314
20
-3.8609729527559056
11
6.0834440944881889
21
-3.8609730708661418
0
LINE
8
BLACK
6
CONTINUOUS
10
6.0834440944881889
20
-3.8609730708661418
11
6.0878458267716535
21
-3.865374803149606
0
LINE
8
BLACK
6
CONTINUOUS
10
6.0878458267716535
20
-3.865374803149606
11
6.0932368503937004
21
-3.8684872834645669
0
LINE
8
BLACK
6
CONTINUOUS
10
6.0932368503937004
20
-3.8684872834645669
11
6.0992497244094483
21
-3.8700984251968502
0
LINE
8
BLACK
6
CONTINUOUS
10
6.0992497244094483
20
-3.8700984251968502
11
6.0992498031496059
21
-3.8700984251968502
0
LINE
8
BLACK
6
CONTINUOUS
10
6.0992498031496059
20
-3.8700984251968502
11
6.1054746062992127
21
-3.8700984251968502
0
LINE
8
BLACK
6
CONTINUOUS
10
6.1054746062992127
20
-3.8700984251968502
11
6.1054746850393702
21
-3.8700984251968502
0
LINE
8
BLACK
6
CONTINUOUS
10
6.1054746850393702
20
-3.8700984251968502
11
6.1114875590551181
21
-3.8684872834645669
0
LINE
8
BLACK
6
CONTINUOUS
10
6.1114875590551181
20
-3.8684872834645669
11
6.116878582677165
21
-3.865374803149606
0
LINE
8
BLACK
6
CONTINUOUS
10
6.116878582677165
20
-3.865374803149606
11
6.1212803149606296
21
-3.8609730708661418
0
LINE
8
BLACK
6
CONTINUOUS
10
6.1212803149606296
20
-3.8609730708661418
11
6.1243927952755906
21
-3.8555820472440945
0
LINE
8
BLACK
6
CONTINUOUS
10
6.1243927952755906
20
-3.8555820472440945
11
6.1260039370078738
21
-3.8495691732283466
0
LINE
8
BLACK
6
CONTINUOUS
10
6.1260039370078738
20
-3.8495691732283466
11
6.1260039370078738
21
-3.8433442125984252
0
LINE
8
BLACK
6
CONTINUOUS
10
6.1260039370078738
20
-3.8433442125984252
11
6.1243927952755906
21
-3.8373313385826773
0
LINE
8
BLACK
6
CONTINUOUS
10
6.1243927952755906
20
-3.8373313385826773
11
6.1212803149606296
21
-3.8319403149606299
0
LINE
8
BLACK
6
CONTINUOUS
10
6.1212803149606296
20
-3.8319403149606299
11
6.116878582677165
21
-3.8275385826771653
0
LINE
8
BLACK
6
CONTINUOUS
10
6.116878582677165
20
-3.8275385826771653
11
6.1114875590551181
21
-3.8244261023622048
0
LINE
8
BLACK
6
CONTINUOUS
10
6.1114875590551181
20
-3.8244261023622048
11
6.1054746850393702
21
-3.8228149606299211
0
LINE
8
BLACK
6
CONTINUOUS
10
6.1054746850393702
20
-3.8228149606299211
11
6.0992497244094483
21
-3.8228149606299211
0
LINE
8
BLACK
6
CONTINUOUS
10
6.0992497244094483
20
-3.8228149606299211
11
6.097065748031496
21
-3.8234001574803149
0
LINE
8
BLACK
6
CONTINUOUS
10
6.097065748031496
20
-3.8234001574803149
11
6.0932367716535429
21
-3.8244261023622048
0
LINE
8
BLACK
6
CONTINUOUS
10
6.0932367716535429
20
-3.8244261023622048
11
6.090033464566929
21
-3.8262755118110237
0
LINE
8
BLACK
6
CONTINUOUS
10
6.090033464566929
20
-3.8262755118110237
11
6.0876772047244092
21
-3.8267763385826772
0
LINE
8
BLACK
6
CONTINUOUS
10
6.0876772047244092
20
-3.8267763385826772
11
6.0854766141732286
21
-3.825796496062992
0
LINE
8
BLACK
6
CONTINUOUS
10
6.0854766141732286
20
-3.825796496062992
11
6.0853286220472436
21
-3.8256561023622044
0
LINE
8
BLACK
6
CONTINUOUS
10
6.0853286220472436
20
-3.8256561023622044
11
6.0070921259842516
21
-3.7474196062992124
0
LINE
8
BLACK
6
CONTINUOUS
10
6.0070921259842516
20
-3.7474196062992124
11
6.0045915354330708
21
-3.7449190157480312
0
LINE
8
BLACK
6
CONTINUOUS
10
6.0045915354330708
20
-3.7449190157480312
11
5.9840622834645671
21
-3.7243897637795276
0
LINE
8
BLACK
6
CONTINUOUS
10
5.9840622834645671
20
-3.7243897637795276
11
5.9186303937007869
21
-3.6589578740157478
0
LINE
8
BLACK
6
CONTINUOUS
10
5.9186303937007869
20
-3.6589578740157478
11
5.9174992913385829
21
-3.6583048425196849
0
LINE
8
BLACK
6
CONTINUOUS
10
5.9174992913385829
20
-3.6583048425196849
11
5.915483779527559
21
-3.6571411811023622
0
LINE
8
BLACK
6
CONTINUOUS
10
5.915483779527559
20
-3.6571411811023622
11
5.9119741732283462
21
-3.6562007874015747
0
LINE
8
BLACK
6
CONTINUOUS
10
5.9119741732283462
20
-3.6562007874015747
11
5.9119740944881887
21
-3.6562007874015747
0
LINE
8
BLACK
6
CONTINUOUS
10
5.9119740944881887
20
-3.6562007874015747
11
5.8558953937007869
21
-3.6562007874015747
0
LINE
8
BLACK
6
CONTINUOUS
10
5.8558953937007869
20
-3.6562007874015747
11
5.8536044094488187
21
-3.6554564173228346
0
LINE
8
BLACK
6
CONTINUOUS
10
5.8536044094488187
20
-3.6554564173228346
11
5.8531395669291335
21
-3.6550594094488189
0
LINE
8
BLACK
6
CONTINUOUS
10
5.8531395669291335
20
-3.6550594094488189
11
5.8491620472440946
21
-3.6510818897637796
0
LINE
8
BLACK
6
CONTINUOUS
10
5.8491620472440946
20
-3.6510818897637796
11
5.8437710236220468
21
-3.6479694094488186
0
LINE
8
BLACK
6
CONTINUOUS
10
5.8437710236220468
20
-3.6479694094488186
11
5.8377581496062989
21
-3.6463582677165354
0
LINE
8
BLACK
6
CONTINUOUS
10
5.8377581496062989
20
-3.6463582677165354
11
5.831533188976378
21
-3.6463582677165354
0
LINE
8
BLACK
6
CONTINUOUS
10
5.831533188976378
20
-3.6463582677165354
11
5.8255203149606301
21
-3.6479694094488186
0
LINE
8
BLACK
6
CONTINUOUS
10
5.8255203149606301
20
-3.6479694094488186
11
5.8201292913385823
21
-3.6510818897637796
0
LINE
8
BLACK
6
CONTINUOUS
10
5.8201292913385823
20
-3.6510818897637796
11
5.8157275590551176
21
-3.6554836220472442
0
LINE
8
BLACK
6
CONTINUOUS
10
5.8157275590551176
20
-3.6554836220472442
11
5.8126150787401576
21
-3.6608746456692911
0
LINE
8
BLACK
6
CONTINUOUS
10
5.8126150787401576
20
-3.6608746456692911
11
5.8110039370078743
21
-3.6668875196850395
0
LINE
8
BLACK
6
CONTINUOUS
10
5.8110039370078743
20
-3.6668875196850395
11
5.8110039370078743
21
-3.6731124803149604
0
LINE
8
BLACK
6
CONTINUOUS
10
5.4109738582677167
20
-3.7894094488188976
11
5.412238818897638
21
-3.7924634251968503
0
LINE
8
BLACK
6
CONTINUOUS
10
5.412238818897638
20
-3.7924634251968503
11
5.4152547637795276
21
-3.7969771653543307
0
LINE
8
BLACK
6
CONTINUOUS
10
5.4152547637795276
20
-3.7969771653543307
11
5.4190936614173228
21
-3.8008160629921259
0
LINE
8
BLACK
6
CONTINUOUS
10
5.4190936614173228
20
-3.8008160629921259
11
5.4236074015748033
21
-3.8038320078740155
0
LINE
8
BLACK
6
CONTINUOUS
10
5.4236074015748033
20
-3.8038320078740155
11
5.4286226771653538
21
-3.8059093700787399
0
LINE
8
BLACK
6
CONTINUOUS
10
5.4286226771653538
20
-3.8059093700787399
11
5.4339470472440947
21
-3.8069684645669288
0
LINE
8
BLACK
6
CONTINUOUS
10
5.4339470472440947
20
-3.8069684645669288
11
5.4339471259842522
21
-3.8069685039370076
0
LINE
8
BLACK
6
CONTINUOUS
10
5.4339471259842522
20
-3.8069685039370076
11
5.4463464173228342
21
-3.8069685039370076
0
LINE
8
BLACK
6
CONTINUOUS
10
5.4463464173228342
20
-3.8069685039370076
11
5.446346456692913
21
-3.8069684645669288
0
LINE
8
BLACK
6
CONTINUOUS
10
5.446346456692913
20
-3.8069684645669288
11
5.446346456692913
21
-3.7990944881889761
0
LINE
8
BLACK
6
CONTINUOUS
10
5.446346456692913
20
-3.7990944881889761
11
5.4366614173228349
21
-3.7990944881889761
0
LINE
8
BLACK
6
CONTINUOUS
10
5.4366614173228349
20
-3.7990944881889761
11
5.4340920078740158
21
-3.798926062992126
0
LINE
8
BLACK
6
CONTINUOUS
10
5.4340920078740158
20
-3.798926062992126
11
5.4291282677165356
21
-3.7975960629921257
0
LINE
8
BLACK
6
CONTINUOUS
10
5.4291282677165356
20
-3.7975960629921257
11
5.4246779133858265
21
-3.795026653543307
0
LINE
8
BLACK
6
CONTINUOUS
10
5.4246779133858265
20
-3.795026653543307
11
5.4210442125984253
21
-3.7913929527559054
0
LINE
8
BLACK
6
CONTINUOUS
10
5.4210442125984253
20
-3.7913929527559054
11
5.4198990551181101
21
-3.7894094488188976
0
LINE
8
BLACK
6
CONTINUOUS
10
5.4198990551181101
20
-3.7894094488188976
11
5.4109738582677167
21
-3.7894094488188976
0
LINE
8
BLACK
6
CONTINUOUS
10
5.6523048818897639
20
-3.7619372440944883
11
5.6541653543307087
21
-3.7630113779527559
0
LINE
8
BLACK
6
CONTINUOUS
10
5.6541653543307087
20
-3.7630113779527559
11
5.6579807480314956
21
-3.7668267716535433
0
LINE
8
BLACK
6
CONTINUOUS
10
5.6579807480314956
20
-3.7668267716535433
11
5.6606786220472438
21
-3.7714996456692913
0
LINE
8
BLACK
6
CONTINUOUS
10
5.6606786220472438
20
-3.7714996456692913
11
5.6620751574803148
21
-3.7767115748031497
0
LINE
8
BLACK
6
CONTINUOUS
10
5.6620751574803148
20
-3.7767115748031497
11
5.6620751574803148
21
-3.7821073228346456
0
LINE
8
BLACK
6
CONTINUOUS
10
5.6620751574803148
20
-3.7821073228346456
11
5.6606786220472438
21
-3.7873192519685039
0
LINE
8
BLACK
6
CONTINUOUS
10
5.6606786220472438
20
-3.7873192519685039
11
5.6579807480314956
21
-3.7919921259842519
0
LINE
8
BLACK
6
CONTINUOUS
10
5.6579807480314956
20
-3.7919921259842519
11
5.6541653543307087
21
-3.7958075196850394
0
LINE
8
BLACK
6
CONTINUOUS
10
5.6541653543307087
20
-3.7958075196850394
11
5.6523049212598426
21
-3.7968815748031495
0
LINE
8
BLACK
6
CONTINUOUS
10
5.6523049212598426
20
-3.7968815748031495
11
5.6581149606299208
21
-3.8026916141732281
0
LINE
8
BLACK
6
CONTINUOUS
10
5.6581149606299208
20
-3.8026916141732281
11
5.6597778740157478
21
-3.8015805511811025
0
LINE
8
BLACK
6
CONTINUOUS
10
5.6597778740157478
20
-3.8015805511811025
11
5.6637533858267712
21
-3.7976050787401574
0
LINE
8
BLACK
6
CONTINUOUS
10
5.6637533858267712
20
-3.7976050787401574
11
5.6637536614173225
21
-3.7976047244094486
0
LINE
8
BLACK
6
CONTINUOUS
10
5.6637536614173225
20
-3.7976047244094486
11
5.6668774803149606
21
-3.7929296850393701
0
LINE
8
BLACK
6
CONTINUOUS
10
5.6668774803149606
20
-3.7929296850393701
11
5.6668774803149606
21
-3.7929296456692914
0
LINE
8
BLACK
6
CONTINUOUS
10
5.6668774803149606
20
-3.7929296456692914
11
5.6690290551181102
21
-3.7877352755905509
0
LINE
8
BLACK
6
CONTINUOUS
10
5.6690290551181102
20
-3.7877352755905509
11
5.6690290551181102
21
-3.7877351968503934
0
LINE
8
BLACK
6
CONTINUOUS
10
5.6690290551181102
20
-3.7877351968503934
11
5.6701061023622046
21
-3.7823205905511812
0
LINE
8
BLACK
6
CONTINUOUS
10
5.6701061023622046
20
-3.7823205905511812
11
5.6701259448818897
21
-3.7822207874015747
0
LINE
8
BLACK
6
CONTINUOUS
10
5.6701259448818897
20
-3.7822207874015747
11
5.6701259842519685
21
-3.7822206692913385
0
LINE
8
BLACK
6
CONTINUOUS
10
5.6701259842519685
20
-3.7822206692913385
11
5.6701259842519685
21
-3.776598188976378
0
LINE
8
BLACK
6
CONTINUOUS
10
5.6701259842519685
20
-3.776598188976378
11
5.6701259448818897
21
-3.7765980708661417
0
LINE
8
BLACK
6
CONTINUOUS
10
5.6701259448818897
20
-3.7765980708661417
11
5.6690290551181102
21
-3.7710836614173227
0
LINE
8
BLACK
6
CONTINUOUS
10
5.6690290551181102
20
-3.7710836614173227
11
5.6690290551181102
21
-3.7710835826771651
0
LINE
8
BLACK
6
CONTINUOUS
10
5.6690290551181102
20
-3.7710835826771651
11
5.6668774803149606
21
-3.7658892125984251
0
LINE
8
BLACK
6
CONTINUOUS
10
5.6668774803149606
20
-3.7658892125984251
11
5.6668774803149606
21
-3.7658891732283464
0
LINE
8
BLACK
6
CONTINUOUS
10
5.6668774803149606
20
-3.7658891732283464
11
5.6637536614173225
21
-3.7612141338582674
0
LINE
8
BLACK
6
CONTINUOUS
10
5.6637536614173225
20
-3.7612141338582674
11
5.6637533858267712
21
-3.7612137795275591
0
LINE
8
BLACK
6
CONTINUOUS
10
5.6637533858267712
20
-3.7612137795275591
11
5.6597779527559053
21
-3.7572383858267715
0
LINE
8
BLACK
6
CONTINUOUS
10
5.6597779527559053
20
-3.7572383858267715
11
5.6581149606299208
21
-3.7561272047244092
0
LINE
8
BLACK
6
CONTINUOUS
10
5.6581149606299208
20
-3.7561272047244092
11
5.6523048818897639
21
-3.7619372440944883
0
LINE
8
BLACK
6
CONTINUOUS
10
5.6141635039370081
20
-3.758740157480315
11
5.6276632677165352
21
-3.758740157480315
0
LINE
8
BLACK
6
CONTINUOUS
10
5.6276632677165352
20
-3.758740157480315
11
5.6355372834645667
21
-3.7508661417322835
0
LINE
8
BLACK
6
CONTINUOUS
10
5.6355372834645667
20
-3.7508661417322835
11
5.6062894881889767
21
-3.7508661417322835
0
LINE
8
BLACK
6
CONTINUOUS
10
5.6062894881889767
20
-3.7508661417322835
11
5.6141635039370081
21
-3.758740157480315
0
LINE
8
BLACK
6
CONTINUOUS
10
5.6355372834645667
20
-4.1481102362204725
11
5.6276632677165352
21
-4.140236220472441
0
LINE
8
BLACK
6
CONTINUOUS
10
5.6276632677165352
20
-4.140236220472441
11
5.6141635039370081
21
-4.140236220472441
0
LINE
8
BLACK
6
CONTINUOUS
10
5.6141635039370081
20
-4.140236220472441
11
5.6062894881889767
21
-4.1481102362204725
0
LINE
8
BLACK
6
CONTINUOUS
10
5.6062894881889767
20
-4.1481102362204725
11
5.6355372834645667
21
-4.1481102362204725
0
LINE
8
BLACK
6
CONTINUOUS
10
5.5717007874015749
20
-4.1223782677165355
11
5.5727976771653545
21
-4.1278926771653541
0
LINE
8
BLACK
6
CONTINUOUS
10
5.5727976771653545
20
-4.1278926771653541
11
5.5727976771653545
21
-4.1278927559055116
0
LINE
8
BLACK
6
CONTINUOUS
10
5.5727976771653545
20
-4.1278927559055116
11
5.574949251968504
21
-4.1330871259842521
0
LINE
8
BLACK
6
CONTINUOUS
10
5.574949251968504
20
-4.1330871259842521
11
5.574949251968504
21
-4.1330871653543308
0
LINE
8
BLACK
6
CONTINUOUS
10
5.574949251968504
20
-4.1330871653543308
11
5.5780730708661412
21
-4.1377622047244094
0
LINE
8
BLACK
6
CONTINUOUS
10
5.5780730708661412
20
-4.1377622047244094
11
5.5780731889763775
21
-4.1377623622047244
0
LINE
8
BLACK
6
CONTINUOUS
10
5.5780731889763775
20
-4.1377623622047244
11
5.5820486220472443
21
-4.1417377952755903
0
LINE
8
BLACK
6
CONTINUOUS
10
5.5820486220472443
20
-4.1417377952755903
11
5.5820487795275593
21
-4.1417379133858265
0
LINE
8
BLACK
6
CONTINUOUS
10
5.5820487795275593
20
-4.1417379133858265
11
5.5837117322834642
21
-4.1428490944881888
0
LINE
8
BLACK
6
CONTINUOUS
10
5.5837117322834642
20
-4.1428490944881888
11
5.5895217322834645
21
-4.1370390551181098
0
LINE
8
BLACK
6
CONTINUOUS
10
5.5895217322834645
20
-4.1370390551181098
11
5.5876614173228347
21
-4.1359649999999997
0
LINE
8
BLACK
6
CONTINUOUS
10
5.5876614173228347
20
-4.1359649999999997
11
5.5838460236220469
21
-4.1321496062992127
0
LINE
8
BLACK
6
CONTINUOUS
10
5.5838460236220469
20
-4.1321496062992127
11
5.5811481496062987
21
-4.1274767322834647
0
LINE
8
BLACK
6
CONTINUOUS
10
5.5811481496062987
20
-4.1274767322834647
11
5.5797516141732286
21
-4.1222648031496059
0
LINE
8
BLACK
6
CONTINUOUS
10
5.5797516141732286
20
-4.1222648031496059
11
5.5797516141732286
21
-4.1168690551181104
0
LINE
8
BLACK
6
CONTINUOUS
10
5.5797516141732286
20
-4.1168690551181104
11
5.5811481496062987
21
-4.1116571259842516
0
LINE
8
BLACK
6
CONTINUOUS
10
5.5811481496062987
20
-4.1116571259842516
11
5.5838460236220469
21
-4.1069842519685036
0
LINE
8
BLACK
6
CONTINUOUS
10
5.5838460236220469
20
-4.1069842519685036
11
5.5876614173228347
21
-4.1031688582677166
0
LINE
8
BLACK
6
CONTINUOUS
10
5.5876614173228347
20
-4.1031688582677166
11
5.589521811023622
21
-4.102094724409449
0
LINE
8
BLACK
6
CONTINUOUS
10
5.589521811023622
20
-4.102094724409449
11
5.5837117716535429
21
-4.0962846850393699
0
LINE
8
BLACK
6
CONTINUOUS
10
5.5837117716535429
20
-4.0962846850393699
11
5.5820487007874018
21
-4.0973959448818897
0
LINE
8
BLACK
6
CONTINUOUS
10
5.5820487007874018
20
-4.0973959448818897
11
5.5780733464566925
21
-4.1013712598425194
0
LINE
8
BLACK
6
CONTINUOUS
10
5.5780733464566925
20
-4.1013712598425194
11
5.5780730708661412
21
-4.1013716141732282
0
LINE
8
BLACK
6
CONTINUOUS
10
5.5780730708661412
20
-4.1013716141732282
11
5.574949251968504
21
-4.1060466535433067
0
LINE
8
BLACK
6
CONTINUOUS
10
5.574949251968504
20
-4.1060466535433067
11
5.574949251968504
21
-4.1060466929133854
0
LINE
8
BLACK
6
CONTINUOUS
10
5.574949251968504
20
-4.1060466929133854
11
5.5727976771653545
21
-4.1112410629921259
0
LINE
8
BLACK
6
CONTINUOUS
10
5.5727976771653545
20
-4.1112410629921259
11
5.5727976771653545
21
-4.1112411417322834
0
LINE
8
BLACK
6
CONTINUOUS
10
5.5727976771653545
20
-4.1112411417322834
11
5.5717007874015749
21
-4.116755551181102
0
LINE
8
BLACK
6
CONTINUOUS
10
5.5717007874015749
20
-4.116755551181102
11
5.5717007874015749
21
-4.1223782677165355
0
LINE
8
BLACK
6
CONTINUOUS
10
5.5883740157480313
20
-4.0649600787401576
11
5.5892499606299211
21
-4.0682291338582672
0
LINE
8
BLACK
6
CONTINUOUS
10
5.5892499606299211
20
-4.0682291338582672
11
5.5892499999999998
21
-4.0682292125984247
0
LINE
8
BLACK
6
CONTINUOUS
10
5.5892499999999998
20
-4.0682292125984247
11
5.5892500393700786
21
-4.0682292913385822
0
LINE
8
BLACK
6
CONTINUOUS
10
5.5892500393700786
20
-4.0682292913385822
11
5.5909423228346453
21
-4.0711604330708662
0
LINE
8
BLACK
6
CONTINUOUS
10
5.5909423228346453
20
-4.0711604330708662
11
5.5933356299212598
21
-4.0735537401574806
0
LINE
8
BLACK
6
CONTINUOUS
10
5.5933356299212598
20
-4.0735537401574806
11
5.5962667716535428
21
-4.0752460236220474
0
LINE
8
BLACK
6
CONTINUOUS
10
5.5962667716535428
20
-4.0752460236220474
11
5.5962668503937003
21
-4.0752460236220474
0
LINE
8
BLACK
6
CONTINUOUS
10
5.5962668503937003
20
-4.0752460236220474
11
5.5962668897637791
21
-4.0752460629921261
0
LINE
8
BLACK
6
CONTINUOUS
10
5.5962668897637791
20
-4.0752460629921261
11
5.5976911023622042
21
-4.0756276771653539
0
LINE
8
BLACK
6
CONTINUOUS
10
5.5976911023622042
20
-4.0756276771653539
11
5.5995359448818895
21
-4.0761220078740159
0
LINE
8
BLACK
6
CONTINUOUS
10
5.5995359448818895
20
-4.0761220078740159
11
5.5995360236220471
21
-4.0761220472440947
0
LINE
8
BLACK
6
CONTINUOUS
10
5.5995360236220471
20
-4.0761220472440947
11
5.5995360629921258
21
-4.0761220472440947
0
LINE
8
BLACK
6
CONTINUOUS
10
5.5995360629921258
20
-4.0761220472440947
11
5.602920669291338
21
-4.0761220472440947
0
LINE
8
BLACK
6
CONTINUOUS
10
5.602920669291338
20
-4.0761220472440947
11
5.602920669291338
21
-4.0761220078740159
0
LINE
8
BLACK
6
CONTINUOUS
10
5.602920669291338
20
-4.0761220078740159
11
5.6061899212598423
21
-4.0752460236220474
0
LINE
8
BLACK
6
CONTINUOUS
10
5.6061899212598423
20
-4.0752460236220474
11
5.6091210629921262
21
-4.0735537401574806
0
LINE
8
BLACK
6
CONTINUOUS
10
5.6091210629921262
20
-4.0735537401574806
11
5.6115143700787398
21
-4.0711604330708662
0
LINE
8
BLACK
6
CONTINUOUS
10
5.6115143700787398
20
-4.0711604330708662
11
5.6132066535433074
21
-4.0682292913385822
0
LINE
8
BLACK
6
CONTINUOUS
10
5.6132066535433074
20
-4.0682292913385822
11
5.6140826771653538
21
-4.0649600000000001
0
LINE
8
BLACK
6
CONTINUOUS
10
5.6140826771653538
20
-4.0649600000000001
11
5.6140826771653538
21
-4.0615754330708658
0
LINE
8
BLACK
6
CONTINUOUS
10
5.6140826771653538
20
-4.0615754330708658
11
5.6132066535433074
21
-4.0583061417322837
0
LINE
8
BLACK
6
CONTINUOUS
10
5.6132066535433074
20
-4.0583061417322837
11
5.6115143700787398
21
-4.0553749999999997
0
LINE
8
BLACK
6
CONTINUOUS
10
5.6115143700787398
20
-4.0553749999999997
11
5.6091210629921262
21
-4.0529816929133862
0
LINE
8
BLACK
6
CONTINUOUS
10
5.6091210629921262
20
-4.0529816929133862
11
5.6061899212598423
21
-4.0512894094488185
0
LINE
8
BLACK
6
CONTINUOUS
10
5.6061899212598423
20
-4.0512894094488185
11
5.6061898425196848
21
-4.0512893700787398
0
LINE
8
BLACK
6
CONTINUOUS
10
5.6061898425196848
20
-4.0512893700787398
11
5.6061897637795273
21
-4.051289330708661
0
LINE
8
BLACK
6
CONTINUOUS
10
5.6061897637795273
20
-4.051289330708661
11
5.6029207086614168
21
-4.0504133858267712
0
LINE
8
BLACK
6
CONTINUOUS
10
5.6029207086614168
20
-4.0504133858267712
11
5.6029206299212593
21
-4.0504133858267712
0
LINE
8
BLACK
6
CONTINUOUS
10
5.6029206299212593
20
-4.0504133858267712
11
5.5995360629921258
21
-4.0504133858267712
0
LINE
8
BLACK
6
CONTINUOUS
10
5.5995360629921258
20
-4.0504133858267712
11
5.5995359448818895
21
-4.0504133858267712
0
LINE
8
BLACK
6
CONTINUOUS
10
5.5995359448818895
20
-4.0504133858267712
11
5.5962668897637791
21
-4.051289330708661
0
LINE
8
BLACK
6
CONTINUOUS
10
5.5962668897637791
20
-4.051289330708661
11
5.5933356299212598
21
-4.0529816929133862
0
LINE
8
BLACK
6
CONTINUOUS
10
5.5933356299212598
20
-4.0529816929133862
11
5.5909423228346453
21
-4.0553749999999997
0
LINE
8
BLACK
6
CONTINUOUS
10
5.5909423228346453
20
-4.0553749999999997
11
5.5892499606299211
21
-4.0583062598425199
0
LINE
8
BLACK
6
CONTINUOUS
10
5.5892499606299211
20
-4.0583062598425199
11
5.5883740157480313
21
-4.0615753149606295
0
LINE
8
BLACK
6
CONTINUOUS
10
5.5883740157480313
20
-4.0615753149606295
11
5.5883740157480313
21
-4.0649600787401576
0
LINE
8
BLACK
6
CONTINUOUS
10
5.5880196850393702
20
-3.8374475984251966
11
5.5889198425196849
21
-3.8408070078740155
0
LINE
8
BLACK
6
CONTINUOUS
10
5.5889198425196849
20
-3.8408070078740155
11
5.5906587795275593
21
-3.8438189763779529
0
LINE
8
BLACK
6
CONTINUOUS
10
5.5906587795275593
20
-3.8438189763779529
11
5.5931180314960631
21
-3.8462782283464567
0
LINE
8
BLACK
6
CONTINUOUS
10
5.5931180314960631
20
-3.8462782283464567
11
5.5961299999999996
21
-3.8480171653543307
0
LINE
8
BLACK
6
CONTINUOUS
10
5.5961299999999996
20
-3.8480171653543307
11
5.599489409448819
21
-3.8489173228346454
0
LINE
8
BLACK
6
CONTINUOUS
10
5.599489409448819
20
-3.8489173228346454
11
5.5994894488188978
21
-3.8489173228346454
0
LINE
8
BLACK
6
CONTINUOUS
10
5.5994894488188978
20
-3.8489173228346454
11
5.6029672440944882
21
-3.8489173228346454
0
LINE
8
BLACK
6
CONTINUOUS
10
5.6029672440944882
20
-3.8489173228346454
11
5.602967283464567
21
-3.8489173228346454
0
LINE
8
BLACK
6
CONTINUOUS
10
5.602967283464567
20
-3.8489173228346454
11
5.6063266929133855
21
-3.8480171653543307
0
LINE
8
BLACK
6
CONTINUOUS
10
5.6063266929133855
20
-3.8480171653543307
11
5.6093386614173228
21
-3.8462782283464567
0
LINE
8
BLACK
6
CONTINUOUS
10
5.6093386614173228
20
-3.8462782283464567
11
5.6117979133858267
21
-3.8438189763779529
0
LINE
8
BLACK
6
CONTINUOUS
10
5.6117979133858267
20
-3.8438189763779529
11
5.6135368503937011
21
-3.8408070078740155
0
LINE
8
BLACK
6
CONTINUOUS
10
5.6135368503937011
20
-3.8408070078740155
11
5.6144370078740158
21
-3.8374475984251966
0
LINE
8
BLACK
6
CONTINUOUS
10
5.6144370078740158
20
-3.8374475984251966
11
5.6144370078740158
21
-3.8339697244094486
0
LINE
8
BLACK
6
CONTINUOUS
10
5.6144370078740158
20
-3.8339697244094486
11
5.6135368503937011
21
-3.8306103149606296
0
LINE
8
BLACK
6
CONTINUOUS
10
5.6135368503937011
20
-3.8306103149606296
11
5.6117979133858267
21
-3.8275983464566927
0
LINE
8
BLACK
6
CONTINUOUS
10
5.6117979133858267
20
-3.8275983464566927
11
5.6093386614173228
21
-3.8251390944881889
0
LINE
8
BLACK
6
CONTINUOUS
10
5.6093386614173228
20
-3.8251390944881889
11
5.6063266929133855
21
-3.8234001574803149
0
LINE
8
BLACK
6
CONTINUOUS
10
5.6063266929133855
20
-3.8234001574803149
11
5.602967283464567
21
-3.8224999999999998
0
LINE
8
BLACK
6
CONTINUOUS
10
5.602967283464567
20
-3.8224999999999998
11
5.599489409448819
21
-3.8224999999999998
0
LINE
8
BLACK
6
CONTINUOUS
10
5.599489409448819
20
-3.8224999999999998
11
5.5961299999999996
21
-3.8234001574803149
0
LINE
8
BLACK
6
CONTINUOUS
10
5.5961299999999996
20
-3.8234001574803149
11
5.5931180314960631
21
-3.8251390944881889
0
LINE
8
BLACK
6
CONTINUOUS
10
5.5931180314960631
20
-3.8251390944881889
11
5.5906587795275593
21
-3.8275983464566927
0
LINE
8
BLACK
6
CONTINUOUS
10
5.5906587795275593
20
-3.8275983464566927
11
5.5889198425196849
21
-3.8306103149606296
0
LINE
8
BLACK
6
CONTINUOUS
10
5.5889198425196849
20
-3.8306103149606296
11
5.5880196850393702
21
-3.8339697244094486
0
LINE
8
BLACK
6
CONTINUOUS
10
5.5880196850393702
20
-3.8339697244094486
11
5.5880196850393702
21
-3.8374475984251966
0
LINE
8
BLACK
6
CONTINUOUS
10
5.6355372834645667
20
-3.8079527559055117
11
5.6276632677165352
21
-3.8000787401574803
0
LINE
8
BLACK
6
CONTINUOUS
10
5.6276632677165352
20
-3.8000787401574803
11
5.6141635039370081
21
-3.8000787401574803
0
LINE
8
BLACK
6
CONTINUOUS
10
5.6141635039370081
20
-3.8000787401574803
11
5.6062894881889767
21
-3.8079527559055117
0
LINE
8
BLACK
6
CONTINUOUS
10
5.6062894881889767
20
-3.8079527559055117
11
5.6355372834645667
21
-3.8079527559055117
0
LINE
8
BLACK
6
CONTINUOUS
10
5.5717007874015749
20
-3.7822207874015747
11
5.5727976771653545
21
-3.7877351968503934
0
LINE
8
BLACK
6
CONTINUOUS
10
5.5727976771653545
20
-3.7877351968503934
11
5.5727976771653545
21
-3.7877352755905509
0
LINE
8
BLACK
6
CONTINUOUS
10
5.5727976771653545
20
-3.7877352755905509
11
5.574949251968504
21
-3.7929296456692914
0
LINE
8
BLACK
6
CONTINUOUS
10
5.574949251968504
20
-3.7929296456692914
11
5.574949251968504
21
-3.7929296850393701
0
LINE
8
BLACK
6
CONTINUOUS
10
5.574949251968504
20
-3.7929296850393701
11
5.5780730708661412
21
-3.7976047244094486
0
LINE
8
BLACK
6
CONTINUOUS
10
5.5780730708661412
20
-3.7976047244094486
11
5.5780731889763775
21
-3.7976048818897636
0
LINE
8
BLACK
6
CONTINUOUS
10
5.5780731889763775
20
-3.7976048818897636
11
5.5820486220472443
21
-3.80158031496063
0
LINE
8
BLACK
6
CONTINUOUS
10
5.5820486220472443
20
-3.80158031496063
11
5.5820487795275593
21
-3.8015804330708662
0
LINE
8
BLACK
6
CONTINUOUS
10
5.5820487795275593
20
-3.8015804330708662
11
5.5837117322834642
21
-3.8026916141732281
0
LINE
8
BLACK
6
CONTINUOUS
10
5.5837117322834642
20
-3.8026916141732281
11
5.5895217322834645
21
-3.7968815748031495
0
LINE
8
BLACK
6
CONTINUOUS
10
5.5895217322834645
20
-3.7968815748031495
11
5.5876614173228347
21
-3.7958075196850394
0
LINE
8
BLACK
6
CONTINUOUS
10
5.5876614173228347
20
-3.7958075196850394
11
5.5838460236220469
21
-3.7919921259842519
0
LINE
8
BLACK
6
CONTINUOUS
10
5.5838460236220469
20
-3.7919921259842519
11
5.5811481496062987
21
-3.7873192519685039
0
LINE
8
BLACK
6
CONTINUOUS
10
5.5811481496062987
20
-3.7873192519685039
11
5.5797516141732286
21
-3.7821073228346456
0
LINE
8
BLACK
6
CONTINUOUS
10
5.5797516141732286
20
-3.7821073228346456
11
5.5797516141732286
21
-3.7767115748031497
0
LINE
8
BLACK
6
CONTINUOUS
10
5.5797516141732286
20
-3.7767115748031497
11
5.5811481496062987
21
-3.7714996456692913
0
LINE
8
BLACK
6
CONTINUOUS
10
5.5811481496062987
20
-3.7714996456692913
11
5.5838460236220469
21
-3.7668267716535433
0
LINE
8
BLACK
6
CONTINUOUS
10
5.5838460236220469
20
-3.7668267716535433
11
5.5876614173228347
21
-3.7630113779527559
0
LINE
8
BLACK
6
CONTINUOUS
10
5.5876614173228347
20
-3.7630113779527559
11
5.589521811023622
21
-3.7619372440944883
0
LINE
8
BLACK
6
CONTINUOUS
10
5.589521811023622
20
-3.7619372440944883
11
5.5837117716535429
21
-3.7561272047244092
0
LINE
8
BLACK
6
CONTINUOUS
10
5.5837117716535429
20
-3.7561272047244092
11
5.5820487007874018
21
-3.757238464566929
0
LINE
8
BLACK
6
CONTINUOUS
10
5.5820487007874018
20
-3.757238464566929
11
5.5780733464566925
21
-3.7612137795275591
0
LINE
8
BLACK
6
CONTINUOUS
10
5.5780733464566925
20
-3.7612137795275591
11
5.5780730708661412
21
-3.7612141338582674
0
LINE
8
BLACK
6
CONTINUOUS
10
5.5780730708661412
20
-3.7612141338582674
11
5.574949251968504
21
-3.7658891732283464
0
LINE
8
BLACK
6
CONTINUOUS
10
5.574949251968504
20
-3.7658891732283464
11
5.574949251968504
21
-3.7658892125984251
0
LINE
8
BLACK
6
CONTINUOUS
10
5.574949251968504
20
-3.7658892125984251
11
5.5727976771653545
21
-3.7710835826771651
0
LINE
8
BLACK
6
CONTINUOUS
10
5.5727976771653545
20
-3.7710835826771651
11
5.5727976771653545
21
-3.7710836614173227
0
LINE
8
BLACK
6
CONTINUOUS
10
5.5727976771653545
20
-3.7710836614173227
11
5.5717007874015749
21
-3.7765980708661417
0
LINE
8
BLACK
6
CONTINUOUS
10
5.5717007874015749
20
-3.7765980708661417
11
5.5717007874015749
21
-3.7822207874015747
0
LINE
8
BLACK
6
CONTINUOUS
10
5.4109738582677167
20
-3.7694094488188976
11
5.4198990551181101
21
-3.7694094488188976
0
LINE
8
BLACK
6
CONTINUOUS
10
5.4198990551181101
20
-3.7694094488188976
11
5.4210442125984253
21
-3.7674259448818899
0
LINE
8
BLACK
6
CONTINUOUS
10
5.4210442125984253
20
-3.7674259448818899
11
5.4246779133858265
21
-3.7637922440944882
0
LINE
8
BLACK
6
CONTINUOUS
10
5.4246779133858265
20
-3.7637922440944882
11
5.4291282677165356
21
-3.7612228346456691
0
LINE
8
BLACK
6
CONTINUOUS
10
5.4291282677165356
20
-3.7612228346456691
11
5.4340920078740158
21
-3.7598928346456693
0
LINE
8
BLACK
6
CONTINUOUS
10
5.4340920078740158
20
-3.7598928346456693
11
5.4366614173228349
21
-3.7597244094488187
0
LINE
8
BLACK
6
CONTINUOUS
10
5.4366614173228349
20
-3.7597244094488187
11
5.446346456692913
21
-3.7597244094488187
0
LINE
8
BLACK
6
CONTINUOUS
10
5.446346456692913
20
-3.7597244094488187
11
5.446346456692913
21
-3.751850433070866
0
LINE
8
BLACK
6
CONTINUOUS
10
5.446346456692913
20
-3.751850433070866
11
5.4463464173228342
21
-3.7518503937007872
0
LINE
8
BLACK
6
CONTINUOUS
10
5.4463464173228342
20
-3.7518503937007872
11
5.4339470472440947
21
-3.7518503937007872
0
LINE
8
BLACK
6
CONTINUOUS
10
5.4339470472440947
20
-3.7518503937007872
11
5.4286226771653538
21
-3.7529094881889762
0
LINE
8
BLACK
6
CONTINUOUS
10
5.4286226771653538
20
-3.7529094881889762
11
5.4236074015748033
21
-3.7549868503937005
0
LINE
8
BLACK
6
CONTINUOUS
10
5.4236074015748033
20
-3.7549868503937005
11
5.4190936614173228
21
-3.7580027952755906
0
LINE
8
BLACK
6
CONTINUOUS
10
5.4190936614173228
20
-3.7580027952755906
11
5.4152547637795276
21
-3.7618416929133858
0
LINE
8
BLACK
6
CONTINUOUS
10
5.4152547637795276
20
-3.7618416929133858
11
5.412238818897638
21
-3.7663554330708662
0
LINE
8
BLACK
6
CONTINUOUS
10
5.412238818897638
20
-3.7663554330708662
11
5.410973818897638
21
-3.7694094094488189
0
LINE
8
BLACK
6
CONTINUOUS
10
5.410973818897638
20
-3.7694094094488189
11
5.4109738582677167
21
-3.7694094488188976
0
CIRCLE
8
BLACK
10
5.8304724409448818
20
-3.3589370078740157
40
0.0068897637795276
0
CIRCLE
8
BLACK
10
6.2241732283464568
20
-4.5400393700787403
40
0.0068897637795276
0
CIRCLE
8
BLACK
10
5.4367716535433068
20
-4.5400393700787403
40
0.0068897637795276
0
CIRCLE
8
BLACK
10
6.2241732283464568
20
-3.3589370078740157
40
0.0068897637795276
0
CIRCLE
8
BLACK
10
5.8304724409448818
20
-4.5400393700787403
40
0.0068897637795276
0
CIRCLE
8
BLACK
10
5.4367716535433068
20
-3.3589370078740157
40
0.0068897637795276
0
CIRCLE
8
BLACK
10
5.6012283464566925
20
-4.0632677165354334
40
0.0068897637795276
0
CIRCLE
8
BLACK
10
5.6012283464566925
20
-3.8357086614173226
40
0.0068897637795276
0
LINE
8
BLACK
6
CONTINUOUS
10
5.4736361417322836
20
-4.1078569685039366
11
5.4766143700787397
21
-4.108654960629921
0
LINE
8
BLACK
6
CONTINUOUS
10
5.4766143700787397
20
-4.108654960629921
11
5.4792845669291337
21
-4.110196614173228
0
LINE
8
BLACK
6
CONTINUOUS
10
5.4792845669291337
20
-4.110196614173228
11
5.4814648031496063
21
-4.1123768503937006
0
LINE
8
BLACK
6
CONTINUOUS
10
5.4814648031496063
20
-4.1123768503937006
11
5.4830064566929133
21
-4.1150470472440945
0
LINE
8
BLACK
6
CONTINUOUS
10
5.4830064566929133
20
-4.1150470472440945
11
5.4838044488188977
21
-4.1180252755905506
0
LINE
8
BLACK
6
CONTINUOUS
10
5.4838044488188977
20
-4.1180252755905506
11
5.4838044488188977
21
-4.1211085826771656
0
LINE
8
BLACK
6
CONTINUOUS
10
5.4838044488188977
20
-4.1211085826771656
11
5.4830064566929133
21
-4.1240868110236217
0
LINE
8
BLACK
6
CONTINUOUS
10
5.4830064566929133
20
-4.1240868110236217
11
5.4814648031496063
21
-4.1267570078740157
0
LINE
8
BLACK
6
CONTINUOUS
10
5.4814648031496063
20
-4.1267570078740157
11
5.4792845669291337
21
-4.1289372440944883
0
LINE
8
BLACK
6
CONTINUOUS
10
5.4792845669291337
20
-4.1289372440944883
11
5.4766143700787397
21
-4.1304788976377953
0
LINE
8
BLACK
6
CONTINUOUS
10
5.4766143700787397
20
-4.1304788976377953
11
5.4736361417322836
21
-4.1312768897637797
0
LINE
8
BLACK
6
CONTINUOUS
10
5.4736361417322836
20
-4.1312768897637797
11
5.4720944881889766
21
-4.1313779527559058
0
LINE
8
BLACK
6
CONTINUOUS
10
5.4720944881889766
20
-4.1313779527559058
11
5.4405984251968507
21
-4.1313779527559058
0
LINE
8
BLACK
6
CONTINUOUS
10
5.4405984251968507
20
-4.1313779527559058
11
5.4390567716535436
21
-4.1312768897637797
0
LINE
8
BLACK
6
CONTINUOUS
10
5.4390567716535436
20
-4.1312768897637797
11
5.4360785433070866
21
-4.1304788976377953
0
LINE
8
BLACK
6
CONTINUOUS
10
5.4360785433070866
20
-4.1304788976377953
11
5.4334083464566927
21
-4.1289372440944883
0
LINE
8
BLACK
6
CONTINUOUS
10
5.4334083464566927
20
-4.1289372440944883
11
5.4312281102362201
21
-4.1267570078740157
0
LINE
8
BLACK
6
CONTINUOUS
10
5.4312281102362201
20
-4.1267570078740157
11
5.4296864566929131
21
-4.1240868110236217
0
LINE
8
BLACK
6
CONTINUOUS
10
5.4296864566929131
20
-4.1240868110236217
11
5.4288884645669286
21
-4.1211085826771656
0
LINE
8
BLACK
6
CONTINUOUS
10
5.4288884645669286
20
-4.1211085826771656
11
5.4288884645669286
21
-4.1180252755905506
0
LINE
8
BLACK
6
CONTINUOUS
10
5.4288884645669286
20
-4.1180252755905506
11
5.4296864566929131
21
-4.1150470472440945
0
LINE
8
BLACK
6
CONTINUOUS
10
5.4296864566929131
20
-4.1150470472440945
11
5.4312281102362201
21
-4.1123768503937006
0
LINE
8
BLACK
6
CONTINUOUS
10
5.4312281102362201
20
-4.1123768503937006
11
5.4334083464566927
21
-4.110196614173228
0
LINE
8
BLACK
6
CONTINUOUS
10
5.4334083464566927
20
-4.110196614173228
11
5.4360785433070866
21
-4.108654960629921
0
LINE
8
BLACK
6
CONTINUOUS
10
5.4360785433070866
20
-4.108654960629921
11
5.4390567716535436
21
-4.1078569685039366
0
LINE
8
BLACK
6
CONTINUOUS
10
5.4390567716535436
20
-4.1078569685039366
11
5.4405984251968507
21
-4.1077559055118114
0
LINE
8
BLACK
6
CONTINUOUS
10
5.4405984251968507
20
-4.1077559055118114
11
5.4720944881889766
21
-4.1077559055118114
0
LINE
8
BLACK
6
CONTINUOUS
10
5.4720944881889766
20
-4.1077559055118114
11
5.4736361417322836
21
-4.1078569685039366
0
LINE
8
BLACK
6
CONTINUOUS
10
5.4736361417322836
20
-3.7676994881889763
11
5.4766143700787397
21
-3.7684974803149607
0
LINE
8
BLACK
6
CONTINUOUS
10
5.4766143700787397
20
-3.7684974803149607
11
5.4792845669291337
21
-3.7700391338582677
0
LINE
8
BLACK
6
CONTINUOUS
10
5.4792845669291337
20
-3.7700391338582677
11
5.4814648031496063
21
-3.7722193700787399
0
LINE
8
BLACK
6
CONTINUOUS
10
5.4814648031496063
20
-3.7722193700787399
11
5.4830064566929133
21
-3.7748895669291338
0
LINE
8
BLACK
6
CONTINUOUS
10
5.4830064566929133
20
-3.7748895669291338
11
5.4838044488188977
21
-3.7778677952755904
0
LINE
8
BLACK
6
CONTINUOUS
10
5.4838044488188977
20
-3.7778677952755904
11
5.4838044488188977
21
-3.7809511023622044
0
LINE
8
BLACK
6
CONTINUOUS
10
5.4838044488188977
20
-3.7809511023622044
11
5.4830064566929133
21
-3.7839293307086614
0
LINE
8
BLACK
6
CONTINUOUS
10
5.4830064566929133
20
-3.7839293307086614
11
5.4814648031496063
21
-3.7865995275590549
0
LINE
8
BLACK
6
CONTINUOUS
10
5.4814648031496063
20
-3.7865995275590549
11
5.4792845669291337
21
-3.7887797637795275
0
LINE
8
BLACK
6
CONTINUOUS
10
5.4792845669291337
20
-3.7887797637795275
11
5.4766143700787397
21
-3.7903214173228346
0
LINE
8
BLACK
6
CONTINUOUS
10
5.4766143700787397
20
-3.7903214173228346
11
5.4736361417322836
21
-3.791119409448819
0
LINE
8
BLACK
6
CONTINUOUS
10
5.4736361417322836
20
-3.791119409448819
11
5.4720944881889766
21
-3.7912204724409446
0
LINE
8
BLACK
6
CONTINUOUS
10
5.4720944881889766
20
-3.7912204724409446
11
5.4405984251968507
21
-3.7912204724409446
0
LINE
8
BLACK
6
CONTINUOUS
10
5.4405984251968507
20
-3.7912204724409446
11
5.4390567716535436
21
-3.791119409448819
0
LINE
8
BLACK
6
CONTINUOUS
10
5.4390567716535436
20
-3.791119409448819
11
5.4360785433070866
21
-3.7903214173228346
0
LINE
8
BLACK
6
CONTINUOUS
10
5.4360785433070866
20
-3.7903214173228346
11
5.4334083464566927
21
-3.7887797637795275
0
LINE
8
BLACK
6
CONTINUOUS
10
5.4334083464566927
20
-3.7887797637795275
11
5.4312281102362201
21
-3.7865995275590549
0
LINE
8
BLACK
6
CONTINUOUS
10
5.4312281102362201
20
-3.7865995275590549
11
5.4296864566929131
21
-3.7839293307086614
0
LINE
8
BLACK
6
CONTINUOUS
10
5.4296864566929131
20
-3.7839293307086614
11
5.4288884645669286
21
-3.7809511023622044
0
LINE
8
BLACK
6
CONTINUOUS
10
5.4288884645669286
20
-3.7809511023622044
11
5.4288884645669286
21
-3.7778677952755904
0
LINE
8
BLACK
6
CONTINUOUS
10
5.4288884645669286
20
-3.7778677952755904
11
5.4296864566929131
21
-3.7748895669291338
0
LINE
8
BLACK
6
CONTINUOUS
10
5.4296864566929131
20
-3.7748895669291338
11
5.4312281102362201
21
-3.7722193700787399
0
LINE
8
BLACK
6
CONTINUOUS
10
5.4312281102362201
20
-3.7722193700787399
11
5.4334083464566927
21
-3.7700391338582677
0
LINE
8
BLACK
6
CONTINUOUS
10
5.4334083464566927
20
-3.7700391338582677
11
5.4360785433070866
21
-3.7684974803149607
0
LINE
8
BLACK
6
CONTINUOUS
10
5.4360785433070866
20
-3.7684974803149607
11
5.4390567716535436
21
-3.7676994881889763
0
LINE
8
BLACK
6
CONTINUOUS
10
5.4390567716535436
20
-3.7676994881889763
11
5.4405984251968507
21
-3.7675984251968502
0
LINE
8
BLACK
6
CONTINUOUS
10
5.4405984251968507
20
-3.7675984251968502
11
5.4720944881889766
21
-3.7675984251968502
0
LINE
8
BLACK
6
CONTINUOUS
10
5.4720944881889766
20
-3.7675984251968502
11
5.4736361417322836
21
-3.7676994881889763
0
LINE
8
BLACK
6
CONTINUOUS
10
5.6441085826771653
20
-4.1078569685039366
11
5.6470868110236223
21
-4.108654960629921
0
LINE
8
BLACK
6
CONTINUOUS
10
5.6470868110236223
20
-4.108654960629921
11
5.6497570078740154
21
-4.110196614173228
0
LINE
8
BLACK
6
CONTINUOUS
10
5.6497570078740154
20
-4.110196614173228
11
5.6519372440944879
21
-4.1123768503937006
0
LINE
8
BLACK
6
CONTINUOUS
10
5.6519372440944879
20
-4.1123768503937006
11
5.653478897637795
21
-4.1150470472440945
0
LINE
8
BLACK
6
CONTINUOUS
10
5.653478897637795
20
-4.1150470472440945
11
5.6542768897637794
21
-4.1180252755905506
0
LINE
8
BLACK
6
CONTINUOUS
10
5.6542768897637794
20
-4.1180252755905506
11
5.6542768897637794
21
-4.1211085826771656
0
LINE
8
BLACK
6
CONTINUOUS
10
5.6542768897637794
20
-4.1211085826771656
11
5.653478897637795
21
-4.1240868110236217
0
LINE
8
BLACK
6
CONTINUOUS
10
5.653478897637795
20
-4.1240868110236217
11
5.6519372440944879
21
-4.1267570078740157
0
LINE
8
BLACK
6
CONTINUOUS
10
5.6519372440944879
20
-4.1267570078740157
11
5.6497570078740154
21
-4.1289372440944883
0
LINE
8
BLACK
6
CONTINUOUS
10
5.6497570078740154
20
-4.1289372440944883
11
5.6470868110236223
21
-4.1304788976377953
0
LINE
8
BLACK
6
CONTINUOUS
10
5.6470868110236223
20
-4.1304788976377953
11
5.6441085826771653
21
-4.1312768897637797
0
LINE
8
BLACK
6
CONTINUOUS
10
5.6441085826771653
20
-4.1312768897637797
11
5.6425669291338583
21
-4.1313779527559058
0
LINE
8
BLACK
6
CONTINUOUS
10
5.6425669291338583
20
-4.1313779527559058
11
5.5992598425196851
21
-4.1313779527559058
0
LINE
8
BLACK
6
CONTINUOUS
10
5.5992598425196851
20
-4.1313779527559058
11
5.5977181889763781
21
-4.1312768897637797
0
LINE
8
BLACK
6
CONTINUOUS
10
5.5977181889763781
20
-4.1312768897637797
11
5.5947399606299211
21
-4.1304788976377953
0
LINE
8
BLACK
6
CONTINUOUS
10
5.5947399606299211
20
-4.1304788976377953
11
5.5920697637795271
21
-4.1289372440944883
0
LINE
8
BLACK
6
CONTINUOUS
10
5.5920697637795271
20
-4.1289372440944883
11
5.5898895275590545
21
-4.1267570078740157
0
LINE
8
BLACK
6
CONTINUOUS
10
5.5898895275590545
20
-4.1267570078740157
11
5.5883478740157475
21
-4.1240868110236217
0
LINE
8
BLACK
6
CONTINUOUS
10
5.5883478740157475
20
-4.1240868110236217
11
5.587549881889764
21
-4.1211085826771656
0
LINE
8
BLACK
6
CONTINUOUS
10
5.587549881889764
20
-4.1211085826771656
11
5.587549881889764
21
-4.1180252755905506
0
LINE
8
BLACK
6
CONTINUOUS
10
5.587549881889764
20
-4.1180252755905506
11
5.5883478740157475
21
-4.1150470472440945
0
LINE
8
BLACK
6
CONTINUOUS
10
5.5883478740157475
20
-4.1150470472440945
11
5.5898895275590545
21
-4.1123768503937006
0
LINE
8
BLACK
6
CONTINUOUS
10
5.5898895275590545
20
-4.1123768503937006
11
5.5920697637795271
21
-4.110196614173228
0
LINE
8
BLACK
6
CONTINUOUS
10
5.5920697637795271
20
-4.110196614173228
11
5.5947399606299211
21
-4.108654960629921
0
LINE
8
BLACK
6
CONTINUOUS
10
5.5947399606299211
20
-4.108654960629921
11
5.5977181889763781
21
-4.1078569685039366
0
LINE
8
BLACK
6
CONTINUOUS
10
5.5977181889763781
20
-4.1078569685039366
11
5.5992598425196851
21
-4.1077559055118114
0
LINE
8
BLACK
6
CONTINUOUS
10
5.5992598425196851
20
-4.1077559055118114
11
5.6425669291338583
21
-4.1077559055118114
0
LINE
8
BLACK
6
CONTINUOUS
10
5.6425669291338583
20
-4.1077559055118114
11
5.6441085826771653
21
-4.1078569685039366
0
LINE
8
BLACK
6
CONTINUOUS
10
5.6441085826771653
20
-3.7676994881889763
11
5.6470868110236223
21
-3.7684974803149607
0
LINE
8
BLACK
6
CONTINUOUS
10
5.6470868110236223
20
-3.7684974803149607
11
5.6497570078740154
21
-3.7700391338582677
0
LINE
8
BLACK
6
CONTINUOUS
10
5.6497570078740154
20
-3.7700391338582677
11
5.6519372440944879
21
-3.7722193700787399
0
LINE
8
BLACK
6
CONTINUOUS
10
5.6519372440944879
20
-3.7722193700787399
11
5.653478897637795
21
-3.7748895669291338
0
LINE
8
BLACK
6
CONTINUOUS
10
5.653478897637795
20
-3.7748895669291338
11
5.6542768897637794
21
-3.7778677952755904
0
LINE
8
BLACK
6
CONTINUOUS
10
5.6542768897637794
20
-3.7778677952755904
11
5.6542768897637794
21
-3.7809511023622044
0
LINE
8
BLACK
6
CONTINUOUS
10
5.6542768897637794
20
-3.7809511023622044
11
5.653478897637795
21
-3.7839293307086614
0
LINE
8
BLACK
6
CONTINUOUS
10
5.653478897637795
20
-3.7839293307086614
11
5.6519372440944879
21
-3.7865995275590549
0
LINE
8
BLACK
6
CONTINUOUS
10
5.6519372440944879
20
-3.7865995275590549
11
5.6497570078740154
21
-3.7887797637795275
0
LINE
8
BLACK
6
CONTINUOUS
10
5.6497570078740154
20
-3.7887797637795275
11
5.6470868110236223
21
-3.7903214173228346
0
LINE
8
BLACK
6
CONTINUOUS
10
5.6470868110236223
20
-3.7903214173228346
11
5.6441085826771653
21
-3.791119409448819
0
LINE
8
BLACK
6
CONTINUOUS
10
5.6441085826771653
20
-3.791119409448819
11
5.6425669291338583
21
-3.7912204724409446
0
LINE
8
BLACK
6
CONTINUOUS
10
5.6425669291338583
20
-3.7912204724409446
11
5.5992598425196851
21
-3.7912204724409446
0
LINE
8
BLACK
6
CONTINUOUS
10
5.5992598425196851
20
-3.7912204724409446
11
5.5977181889763781
21
-3.791119409448819
0
LINE
8
BLACK
6
CONTINUOUS
10
5.5977181889763781
20
-3.791119409448819
11
5.5947399606299211
21
-3.7903214173228346
0
LINE
8
BLACK
6
CONTINUOUS
10
5.5947399606299211
20
-3.7903214173228346
11
5.5920697637795271
21
-3.7887797637795275
0
LINE
8
BLACK
6
CONTINUOUS
10
5.5920697637795271
20
-3.7887797637795275
11
5.5898895275590545
21
-3.7865995275590549
0
LINE
8
BLACK
6
CONTINUOUS
10
5.5898895275590545
20
-3.7865995275590549
11
5.5883478740157475
21
-3.7839293307086614
0
LINE
8
BLACK
6
CONTINUOUS
10
5.5883478740157475
20
-3.7839293307086614
11
5.587549881889764
21
-3.7809511023622044
0
LINE
8
BLACK
6
CONTINUOUS
10
5.587549881889764
20
-3.7809511023622044
11
5.587549881889764
21
-3.7778677952755904
0
LINE
8
BLACK
6
CONTINUOUS
10
5.587549881889764
20
-3.7778677952755904
11
5.5883478740157475
21
-3.7748895669291338
0
LINE
8
BLACK
6
CONTINUOUS
10
5.5883478740157475
20
-3.7748895669291338
11
5.5898895275590545
21
-3.7722193700787399
0
LINE
8
BLACK
6
CONTINUOUS
10
5.5898895275590545
20
-3.7722193700787399
11
5.5920697637795271
21
-3.7700391338582677
0
LINE
8
BLACK
6
CONTINUOUS
10
5.5920697637795271
20
-3.7700391338582677
11
5.5947399606299211
21
-3.7684974803149607
0
LINE
8
BLACK
6
CONTINUOUS
10
5.5947399606299211
20
-3.7684974803149607
11
5.5977181889763781
21
-3.7676994881889763
0
LINE
8
BLACK
6
CONTINUOUS
10
5.5977181889763781
20
-3.7676994881889763
11
5.5992598425196851
21
-3.7675984251968502
0
LINE
8
BLACK
6
CONTINUOUS
10
5.5992598425196851
20
-3.7675984251968502
11
5.6425669291338583
21
-3.7675984251968502
0
LINE
8
BLACK
6
CONTINUOUS
10
5.6425669291338583
20
-3.7675984251968502
11
5.6441085826771653
21
-3.7676994881889763
0
CIRCLE
8
BLACK
10
5.8283464566929135
20
-4.05003937007874
40
0.0078740157480315
0
CIRCLE
8
BLACK
10
5.9467322834645664
20
-3.417322834645669
40
0.0078740157480315
0
CIRCLE
8
BLACK
10
6.393346456692913
20
-3.4000393700787401
40
0.0078740157480315
0
CIRCLE
8
BLACK
10
5.4183464566929134
20
-3.53003937007874
40
0.0078740157480315
0
CIRCLE
8
BLACK
10
6.318897637795275
20
-4.4251968503937009
40
0.0078740157480315
0
CIRCLE
8
BLACK
10
5.6929133858267713
20
-3.7716535433070866
40
0.0078740157480315
0
CIRCLE
8
BLACK
10
6.0767322834645672
20
-3.417322834645669
40
0.0078740157480315
0
CIRCLE
8
BLACK
10
6.4233464566929133
20
-4.5000393700787402
40
0.0078740157480315
0
CIRCLE
8
BLACK
10
6.4383464566929129
20
-3.4000393700787401
40
0.0078740157480315
0
CIRCLE
8
BLACK
10
6.1181102362204722
20
-4.2598425196850389
40
0.0078740157480315
0
CIRCLE
8
BLACK
10
5.4233464566929133
20
-4.4100393700787404
40
0.0078740157480315
0
CIRCLE
8
BLACK
10
6.478346456692913
20
-3.4000393700787401
40
0.0078740157480315
0
CIRCLE
8
BLACK
10
5.4233464566929133
20
-4.2400393700787404
40
0.0078740157480315
0
CIRCLE
8
BLACK
10
5.7183464566929132
20
-3.8100393700787403
40
0.0078740157480315
0
CIRCLE
8
BLACK
10
5.4183464566929134
20
-3.65503937007874
40
0.0078740157480315
0
CIRCLE
8
BLACK
10
5.8441657086614169
20
-3.8291281496062992
40
0.0078740157480315
0
CIRCLE
8
BLACK
10
6.1417322834645667
20
-3.417322834645669
40
0.0078740157480315
0
CIRCLE
8
BLACK
10
6.106299212598425
20
-4.3680000000000003
40
0.0078740157480315
0
CIRCLE
8
BLACK
10
5.7133464566929133
20
-4.1000393700787399
40
0.0078740157480315
0
CIRCLE
8
BLACK
10
5.7559055118110232
20
-3.5590551181102361
40
0.0078740157480315
0
CIRCLE
8
BLACK
10
6.0984251968503935
20
-3.8031496062992125
40
0.0078740157480315
0
CIRCLE
8
BLACK
10
6.3383464566929133
20
-4.5000393700787402
40
0.0078740157480315
0
CIRCLE
8
BLACK
10
5.7083464566929134
20
-4.3350393700787402
40
0.0078740157480315
0
CIRCLE
8
BLACK
10
6.0117322834645668
20
-3.417322834645669
40
0.0078740157480315
0
CIRCLE
8
BLACK
10
5.4233464566929133
20
-4.3100393700787398
40
0.0078740157480315
0
CIRCLE
8
BLACK
10
6.1102362204724407
20
-3.8897637795275588
40
0.0078740157480315
0
CIRCLE
8
BLACK
10
5.7362204724409445
20
-4.4921259842519685
40
0.0078740157480315
0
CIRCLE
8
BLACK
10
5.4183464566929134
20
-3.59503937007874
40
0.0078740157480315
0
CIRCLE
8
BLACK
10
6.3833464566929132
20
-4.5000393700787402
40
0.0078740157480315
0
CIRCLE
8
BLACK
10
6.3483464566929131
20
-3.4000393700787401
40
0.0078740157480315
0
CIRCLE
8
BLACK
10
6.4683464566929132
20
-4.5000393700787402
40
0.0078740157480315
0
CIRCLE
8
BLACK
10
5.6417322834645667
20
-3.6377952755905509
40
0.0078740157480315
0
CIRCLE
8
BLACK
10
5.8031496062992121
20
-3.7677165354330708
40
0.0078740157480315
0
CIRCLE
8
BLACK
10
5.9606299212598426
20
-3.9055118110236218
40
0.0078740157480315
0
CIRCLE
8
BLACK
10
6.1082480314960632
20
-4.0472440944881889
40
0.0078740157480315
0
CIRCLE
8
BLACK
10
6.387992125984252
20
-3.5196850393700787
40
0.0078740157480315
0
CIRCLE
8
BLACK
10
6.4448818897637796
20
-3.9133858267716533
40
0.0078740157480315
0
CIRCLE
8
BLACK
10
5.768346456692913
20
-4.0511811023622046
40
0.0078740157480315
0
CIRCLE
8
BLACK
10
5.7622023622047243
20
-3.9488194488188975
40
0.0078740157480315
0
CIRCLE
8
BLACK
10
5.7677165354330704
20
-3.855
40
0.0078740157480315
0
CIRCLE
8
BLACK
10
5.7083145669291335
20
-3.9098764960629921
40
0.0078740157480315
0
CIRCLE
8
BLACK
10
5.7076377952755903
20
-3.9691535433070864
40
0.0078740157480315
0
CIRCLE
8
BLACK
10
6.1535433070866139
20
-3.7480314960629921
40
0.0078740157480315
0
CIRCLE
8
BLACK
10
6.2677165354330704
20
-4.0787401574803148
40
0.0078740157480315
0
CIRCLE
8
BLACK
10
6.2755905511811019
20
-4.1929133858267713
40
0.0078740157480315
0
CIRCLE
8
BLACK
10
6.1102362204724407
20
-4.2165354330708658
40
0.0078740157480315
0
CIRCLE
8
BLACK
10
6.2165354330708658
20
-3.8700787401574801
40
0.0078740157480315
0
CIRCLE
8
BLACK
10
6.3976377952755907
20
-4.3346456692913389
40
0.0078740157480315
0
CIRCLE
8
BLACK
10
6.3818897637795278
20
-3.6614173228346454
40
0.0078740157480315
0
CIRCLE
8
BLACK
10
5.8346456692913389
20
-3.6699999999999999
40
0.0078740157480315
0
CIRCLE
8
BLACK
10
6.1023622047244093
20
-3.8464566929133857
40
0.0078740157480315
0
CIRCLE
8
BLACK
10
5.9212598425196852
20
-4.015748031496063
40
0.0078740157480315
0
CIRCLE
8
BLACK
10
5.7578740157480315
20
-3.7854330708661417
40
0.0078740157480315
0
CIRCLE
8
BLACK
10
5.5236220472440944
20
-4.1692913385826769
40
0.0078740157480315
0
CIRCLE
8
BLACK
10
5.4960629921259843
20
-3.4527559055118111
40
0.0078740157480315
0
CIRCLE
8
BLACK
10
6.0492322834645664
20
-4.106299212598425
40
0.0078740157480315
0
CIRCLE
8
BLACK
10
5.9803149606299213
20
-4.1968503937007871
40
0.0078740157480315
0
CIRCLE
8
BLACK
10
5.9527759842519687
20
-4.1496062992125982
40
0.0078740157480315
0
CIRCLE
8
BLACK
10
6.1732283464566926
20
-3.9488188976377954
40
0.0078740157480315
0
CIRCLE
8
WHITE
10
5.8283464566929135
20
-4.05003937007874
40
0.0068897637795276
0
CIRCLE
8
WHITE
10
5.9467322834645664
20
-3.417322834645669
40
0.0068897637795276
0
CIRCLE
8
WHITE
10
6.393346456692913
20
-3.4000393700787401
40
0.0068897637795276
0
CIRCLE
8
WHITE
10
5.4183464566929134
20
-3.53003937007874
40
0.0068897637795276
0
CIRCLE
8
WHITE
10
6.318897637795275
20
-4.4251968503937009
40
0.0068897637795276
0
CIRCLE
8
WHITE
10
5.6929133858267713
20
-3.7716535433070866
40
0.0068897637795276
0
CIRCLE
8
WHITE
10
6.0767322834645672
20
-3.417322834645669
40
0.0068897637795276
0
CIRCLE
8
WHITE
10
6.4233464566929133
20
-4.5000393700787402
40
0.0068897637795276
0
CIRCLE
8
WHITE
10
6.4383464566929129
20
-3.4000393700787401
40
0.0068897637795276
0
CIRCLE
8
WHITE
10
6.1181102362204722
20
-4.2598425196850389
40
0.0068897637795276
0
CIRCLE
8
WHITE
10
5.4233464566929133
20
-4.4100393700787404
40
0.0068897637795276
0
CIRCLE
8
WHITE
10
6.478346456692913
20
-3.4000393700787401
40
0.0068897637795276
0
CIRCLE
8
WHITE
10
5.4233464566929133
20
-4.2400393700787404
40
0.0068897637795276
0
CIRCLE
8
WHITE
10
5.7183464566929132
20
-3.8100393700787403
40
0.0068897637795276
0
CIRCLE
8
WHITE
10
5.4183464566929134
20
-3.65503937007874
40
0.0068897637795276
0
CIRCLE
8
WHITE
10
5.8441657086614169
20
-3.8291281496062992
40
0.0068897637795276
0
CIRCLE
8
WHITE
10
6.1417322834645667
20
-3.417322834645669
40
0.0068897637795276
0
CIRCLE
8
WHITE
10
6.106299212598425
20
-4.3680000000000003
40
0.0068897637795276
0
CIRCLE
8
WHITE
10
5.7133464566929133
20
-4.1000393700787399
40
0.0068897637795276
0
CIRCLE
8
WHITE
10
5.7559055118110232
20
-3.5590551181102361
40
0.0068897637795276
0
CIRCLE
8
WHITE
10
6.0984251968503935
20
-3.8031496062992125
40
0.0068897637795276
0
CIRCLE
8
WHITE
10
6.3383464566929133
20
-4.5000393700787402
40
0.0068897637795276
0
CIRCLE
8
WHITE
10
5.7083464566929134
20
-4.3350393700787402
40
0.0068897637795276
0
CIRCLE
8
WHITE
10
6.0117322834645668
20
-3.417322834645669
40
0.0068897637795276
0
CIRCLE
8
WHITE
10
5.4233464566929133
20
-4.3100393700787398
40
0.0068897637795276
0
CIRCLE
8
WHITE
10
6.1102362204724407
20
-3.8897637795275588
40
0.0068897637795276
0
CIRCLE
8
WHITE
10
5.7362204724409445
20
-4.4921259842519685
40
0.0068897637795276
0
CIRCLE
8
WHITE
10
5.4183464566929134
20
-3.59503937007874
40
0.0068897637795276
0
CIRCLE
8
WHITE
10
6.3833464566929132
20
-4.5000393700787402
40
0.0068897637795276
0
CIRCLE
8
WHITE
10
6.3483464566929131
20
-3.4000393700787401
40
0.0068897637795276
0
CIRCLE
8
WHITE
10
6.4683464566929132
20
-4.5000393700787402
40
0.0068897637795276
0
CIRCLE
8
WHITE
10
5.6417322834645667
20
-3.6377952755905509
40
0.0068897637795276
0
CIRCLE
8
WHITE
10
5.8031496062992121
20
-3.7677165354330708
40
0.0068897637795276
0
CIRCLE
8
WHITE
10
5.9606299212598426
20
-3.9055118110236218
40
0.0068897637795276
0
CIRCLE
8
WHITE
10
6.1082480314960632
20
-4.0472440944881889
40
0.0068897637795276
0
CIRCLE
8
WHITE
10
6.387992125984252
20
-3.5196850393700787
40
0.0068897637795276
0
CIRCLE
8
WHITE
10
6.4448818897637796
20
-3.9133858267716533
40
0.0068897637795276
0
CIRCLE
8
WHITE
10
5.768346456692913
20
-4.0511811023622046
40
0.0068897637795276
0
CIRCLE
8
WHITE
10
5.7622023622047243
20
-3.9488194488188975
40
0.0068897637795276
0
CIRCLE
8
WHITE
10
5.7677165354330704
20
-3.855
40
0.0068897637795276
0
CIRCLE
8
WHITE
10
5.7083145669291335
20
-3.9098764960629921
40
0.0068897637795276
0
CIRCLE
8
WHITE
10
5.7076377952755903
20
-3.9691535433070864
40
0.0068897637795276
0
CIRCLE
8
WHITE
10
6.1535433070866139
20
-3.7480314960629921
40
0.0068897637795276
0
CIRCLE
8
WHITE
10
6.2677165354330704
20
-4.0787401574803148
40
0.0068897637795276
0
CIRCLE
8
WHITE
10
6.2755905511811019
20
-4.1929133858267713
40
0.0068897637795276
0
CIRCLE
8
WHITE
10
6.1102362204724407
20
-4.2165354330708658
40
0.0068897637795276
0
CIRCLE
8
WHITE
10
6.2165354330708658
20
-3.8700787401574801
40
0.0068897637795276
0
CIRCLE
8
WHITE
10
6.3976377952755907
20
-4.3346456692913389
40
0.0068897637795276
0
CIRCLE
8
WHITE
10
6.3818897637795278
20
-3.6614173228346454
40
0.0068897637795276
0
CIRCLE
8
WHITE
10
5.8346456692913389
20
-3.6699999999999999
40
0.0068897637795276
0
CIRCLE
8
WHITE
10
6.1023622047244093
20
-3.8464566929133857
40
0.0068897637795276
0
CIRCLE
8
WHITE
10
5.9212598425196852
20
-4.015748031496063
40
0.0068897637795276
0
CIRCLE
8
WHITE
10
5.7578740157480315
20
-3.7854330708661417
40
0.0068897637795276
0
CIRCLE
8
WHITE
10
5.5236220472440944
20
-4.1692913385826769
40
0.0068897637795276
0
CIRCLE
8
WHITE
10
5.4960629921259843
20
-3.4527559055118111
40
0.0068897637795276
0
CIRCLE
8
WHITE
10
6.0492322834645664
20
-4.106299212598425
40
0.0068897637795276
0
CIRCLE
8
WHITE
10
5.9803149606299213
20
-4.1968503937007871
40
0.0068897637795276
0
CIRCLE
8
WHITE
10
5.9527759842519687
20
-4.1496062992125982
40
0.0068897637795276
0
CIRCLE
8
WHITE
10
6.1732283464566926
20
-3.9488188976377954
40
0.0068897637795276
0
CIRCLE
8
BLACK
10
5.8304724409448818
20
-3.3589370078740157
40
0.0068897637795276
0
CIRCLE
8
BLACK
10
6.2241732283464568
20
-4.5400393700787403
40
0.0068897637795276
0
CIRCLE
8
BLACK
10
5.4367716535433068
20
-4.5400393700787403
40
0.0068897637795276
0
CIRCLE
8
BLACK
10
6.2241732283464568
20
-3.3589370078740157
40
0.0068897637795276
0
CIRCLE
8
BLACK
10
5.8304724409448818
20
-4.5400393700787403
40
0.0068897637795276
0
CIRCLE
8
BLACK
10
5.4367716535433068
20
-3.3589370078740157
40
0.0068897637795276
0
CIRCLE
8
WHITE
10
5.6012283464566925
20
-4.0632677165354334
40
0.0068897637795276
0
CIRCLE
8
WHITE
10
5.6012283464566925
20
-3.8357086614173226
40
0.0068897637795276
0
LINE
8
WHITE
6
CONTINUOUS
10
5.4405984251968507
20
-4.1313779527559058
11
5.4720944881889766
21
-4.1313779527559058
0
ARC
8
WHITE
10
5.4720944881889766
20
-4.1195669291338586
40
0.0118110236220472
50
-90.00000000
51
90.00000000
0
LINE
8
WHITE
6
CONTINUOUS
10
5.4720944881889766
20
-4.1077559055118114
11
5.4405984251968507
21
-4.1077559055118114
0
ARC
8
WHITE
10
5.4405984251968507
20
-4.1195669291338586
40
0.0118110236220472
50
90.00000000
51
270.00000000
0
LINE
8
WHITE
6
CONTINUOUS
10
5.4405984251968507
20
-3.7912204724409446
11
5.4720944881889766
21
-3.7912204724409446
0
ARC
8
WHITE
10
5.4720944881889766
20
-3.7794094488188974
40
0.0118110236220472
50
-90.00000000
51
90.00000000
0
LINE
8
WHITE
6
CONTINUOUS
10
5.4720944881889766
20
-3.7675984251968502
11
5.4405984251968507
21
-3.7675984251968502
0
ARC
8
WHITE
10
5.4405984251968507
20
-3.7794094488188974
40
0.0118110236220472
50
90.00000000
51
270.00000000
0
LINE
8
WHITE
6
CONTINUOUS
10
5.5992598425196851
20
-4.1313779527559058
11
5.6425669291338583
21
-4.1313779527559058
0
ARC
8
WHITE
10
5.6425669291338583
20
-4.1195669291338586
40
0.0118110236220472
50
-90.00000000
51
90.00000000
0
LINE
8
WHITE
6
CONTINUOUS
10
5.6425669291338583
20
-4.1077559055118114
11
5.5992598425196851
21
-4.1077559055118114
0
ARC
8
WHITE
10
5.5992598425196851
20
-4.1195669291338586
40
0.0118110236220472
50
90.00000000
51
270.00000000
0
LINE
8
WHITE
6
CONTINUOUS
10
5.5992598425196851
20
-3.7912204724409446
11
5.6425669291338583
21
-3.7912204724409446
0
ARC
8
WHITE
10
5.6425669291338583
20
-3.7794094488188974
40
0.0118110236220472
50
-90.00000000
51
90.00000000
0
LINE
8
WHITE
6
CONTINUOUS
10
5.6425669291338583
20
-3.7675984251968502
11
5.5992598425196851
21
-3.7675984251968502
0
ARC
8
WHITE
10
5.5992598425196851
20
-3.7794094488188974
40
0.0118110236220472
50
90.00000000
51
270.00000000
  0
ENDSEC
  0
EOF
