  0
SECTION
  2
HEADER
  9
$ANGBASE
  50
0.0
  9
$ANGDIR
  70
1
  9
$MEASUREMENT
  70
0
  0
ENDSEC
  0
SECTION
  2
TABLES
  0
TABLE
  2
LTYPE
  70
4
  0
LTYPE
  5
40F
  2
CONTINUOUS
  70
0
  3
Solid line
  72
65
  73
0
  40
0.0
  0
LTYPE
  5
410
  2
DASHDOT
 70
0
  3
Dash Dot ____ _ ____ _
 72
65
 73
4
 40
2.0
 49
1.25
 49
-0.25
 49
0.25
 49
-0.25
  0
LTYPE
  5
411
  2
DASHED
 70
0
  3
Dashed __ __ __ __ __
 72
65
 73
2
 40
0.75
 49
0.5
 49
-0.25
  0
LTYPE
  5
43B
  2
DOTTED
 70
0
  3
Dotted .  .  .  .
 72
65
 73
2
 40
0.2
 49
0.0
 49
-0.2
  0
ENDTAB
  0
TABLE
  2
STYLE
  70
4
  0
STYLE
  2
KICAD
  70
0
  40
0
  41
1
  42
1
  50
0
  71
0
  3
isocp.shx
  0
STYLE
  2
KICADB
  70
0
  40
0
  41
1
  42
1
  50
0
  71
0
  3
isocp.shx
  0
STYLE
  2
KICADI
  70
0
  40
0
  41
1
  42
1
  50
15
  71
0
  3
isocp.shx
  0
STYLE
  2
KICADBI
  70
0
  40
0
  41
1
  42
1
  50
15
  71
0
  3
isocp.shx
  0
ENDTAB
  0
TABLE
  2
LAYER
  70
1
  0
LAYER
  2
BLACK
  70
0
  62
7
  6
CONTINUOUS
  0
ENDTAB
  0
ENDSEC
  0
SECTION
  2
ENTITIES
0
LINE
8
BLACK
6
CONTINUOUS
10
6.327693937007874
20
-4.40325094488189
11
6.3283858267716537
21
-4.4049212598425198
0
LINE
8
BLACK
6
CONTINUOUS
10
6.3283858267716537
20
-4.4049212598425198
11
6.3283858267716537
21
-4.4734251968503935
0
LINE
8
BLACK
6
CONTINUOUS
10
6.3283858267716537
20
-4.4734251968503935
11
6.3831102362204719
21
-4.4734251968503935
0
LINE
8
BLACK
6
CONTINUOUS
10
6.3831102362204719
20
-4.4734251968503935
11
6.3847805511811027
21
-4.4741170866141733
0
LINE
8
BLACK
6
CONTINUOUS
10
6.3847805511811027
20
-4.4741170866141733
11
6.3854724409448815
21
-4.4757874015748031
0
LINE
8
BLACK
6
CONTINUOUS
10
6.3854724409448815
20
-4.4757874015748031
11
6.3847805511811027
21
-4.477457716535433
0
LINE
8
BLACK
6
CONTINUOUS
10
6.3847805511811027
20
-4.477457716535433
11
6.3831102362204719
21
-4.4781496062992128
0
LINE
8
BLACK
6
CONTINUOUS
10
6.3831102362204719
20
-4.4781496062992128
11
6.3260236220472441
21
-4.4781496062992128
0
LINE
8
BLACK
6
CONTINUOUS
10
6.3260236220472441
20
-4.4781496062992128
11
6.3243533070866143
21
-4.477457716535433
0
LINE
8
BLACK
6
CONTINUOUS
10
6.3243533070866143
20
-4.477457716535433
11
6.3236614173228345
21
-4.4757874015748031
0
LINE
8
BLACK
6
CONTINUOUS
10
6.3236614173228345
20
-4.4757874015748031
11
6.3236614173228345
21
-4.4049212598425198
0
LINE
8
BLACK
6
CONTINUOUS
10
6.3236614173228345
20
-4.4049212598425198
11
6.3243533070866143
21
-4.40325094488189
0
LINE
8
BLACK
6
CONTINUOUS
10
6.3243533070866143
20
-4.40325094488189
11
6.3260236220472441
21
-4.4025590551181102
0
LINE
8
BLACK
6
CONTINUOUS
10
6.3260236220472441
20
-4.4025590551181102
11
6.327693937007874
21
-4.40325094488189
0
LINE
8
BLACK
6
CONTINUOUS
10
5.5660403937007876
20
-4.3762824409448822
11
5.5667322834645665
21
-4.377952755905512
0
LINE
8
BLACK
6
CONTINUOUS
10
5.5667322834645665
20
-4.377952755905512
11
5.5667322834645665
21
-4.4679133858267717
0
LINE
8
BLACK
6
CONTINUOUS
10
5.5667322834645665
20
-4.4679133858267717
11
5.5660403937007876
21
-4.4695837007874015
0
LINE
8
BLACK
6
CONTINUOUS
10
5.5660403937007876
20
-4.4695837007874015
11
5.5643700787401578
21
-4.4702755905511813
0
LINE
8
BLACK
6
CONTINUOUS
10
5.5643700787401578
20
-4.4702755905511813
11
5.5064960629921256
21
-4.4702755905511813
0
LINE
8
BLACK
6
CONTINUOUS
10
5.5064960629921256
20
-4.4702755905511813
11
5.5048257480314957
21
-4.4695837007874015
0
LINE
8
BLACK
6
CONTINUOUS
10
5.5048257480314957
20
-4.4695837007874015
11
5.5041338582677168
21
-4.4679133858267717
0
LINE
8
BLACK
6
CONTINUOUS
10
5.5041338582677168
20
-4.4679133858267717
11
5.5041338582677168
21
-4.377952755905512
0
LINE
8
BLACK
6
CONTINUOUS
10
5.5041338582677168
20
-4.377952755905512
11
5.5048257480314957
21
-4.3762824409448822
0
LINE
8
BLACK
6
CONTINUOUS
10
5.5048257480314957
20
-4.3762824409448822
11
5.5064960629921256
21
-4.3755905511811024
0
LINE
8
BLACK
6
CONTINUOUS
10
5.5064960629921256
20
-4.3755905511811024
11
5.5081663779527554
21
-4.3762824409448822
0
LINE
8
BLACK
6
CONTINUOUS
10
5.5081663779527554
20
-4.3762824409448822
11
5.5088582677165352
21
-4.377952755905512
0
LINE
8
BLACK
6
CONTINUOUS
10
5.5088582677165352
20
-4.377952755905512
11
5.5088582677165352
21
-4.465551181102362
0
LINE
8
BLACK
6
CONTINUOUS
10
5.5088582677165352
20
-4.465551181102362
11
5.5620078740157481
21
-4.465551181102362
0
LINE
8
BLACK
6
CONTINUOUS
10
5.5620078740157481
20
-4.465551181102362
11
5.5620078740157481
21
-4.377952755905512
0
LINE
8
BLACK
6
CONTINUOUS
10
5.5620078740157481
20
-4.377952755905512
11
5.562699763779527
21
-4.3762824409448822
0
LINE
8
BLACK
6
CONTINUOUS
10
5.562699763779527
20
-4.3762824409448822
11
5.5643700787401578
21
-4.3755905511811024
0
LINE
8
BLACK
6
CONTINUOUS
10
5.5643700787401578
20
-4.3755905511811024
11
5.5660403937007876
21
-4.3762824409448822
0
LINE
8
BLACK
6
CONTINUOUS
10
6.495804173228346
20
-4.0922273228346455
11
6.4964960629921258
21
-4.0938976377952754
0
LINE
8
BLACK
6
CONTINUOUS
10
6.4964960629921258
20
-4.0938976377952754
11
6.4964960629921258
21
-4.4257874015748033
0
LINE
8
BLACK
6
CONTINUOUS
10
6.4964960629921258
20
-4.4257874015748033
11
6.495804173228346
21
-4.4274577165354332
0
LINE
8
BLACK
6
CONTINUOUS
10
6.495804173228346
20
-4.4274577165354332
11
6.4941338582677162
21
-4.4281496062992121
0
LINE
8
BLACK
6
CONTINUOUS
10
6.4941338582677162
20
-4.4281496062992121
11
6.4924635433070863
21
-4.4274577165354332
0
LINE
8
BLACK
6
CONTINUOUS
10
6.4924635433070863
20
-4.4274577165354332
11
6.4917716535433065
21
-4.4257874015748033
0
LINE
8
BLACK
6
CONTINUOUS
10
6.4917716535433065
20
-4.4257874015748033
11
6.4917716535433065
21
-4.0938976377952754
0
LINE
8
BLACK
6
CONTINUOUS
10
6.4917716535433065
20
-4.0938976377952754
11
6.4924635433070863
21
-4.0922273228346455
0
LINE
8
BLACK
6
CONTINUOUS
10
6.4924635433070863
20
-4.0922273228346455
11
6.4941338582677162
21
-4.0915354330708658
0
LINE
8
BLACK
6
CONTINUOUS
10
6.4941338582677162
20
-4.0915354330708658
11
6.495804173228346
21
-4.0922273228346455
0
LINE
8
BLACK
6
CONTINUOUS
10
5.5834616535433073
20
-4.3994218897637793
11
5.5841535433070861
21
-4.4010922047244092
0
LINE
8
BLACK
6
CONTINUOUS
10
5.5841535433070861
20
-4.4010922047244092
11
5.5841535433070861
21
-4.4197739370078741
0
LINE
8
BLACK
6
CONTINUOUS
10
5.5841535433070861
20
-4.4197739370078741
11
5.5834616535433073
21
-4.421444251968504
0
LINE
8
BLACK
6
CONTINUOUS
10
5.5834616535433073
20
-4.421444251968504
11
5.5817913385826774
21
-4.4221361417322838
0
LINE
8
BLACK
6
CONTINUOUS
10
5.5817913385826774
20
-4.4221361417322838
11
5.5801210236220475
21
-4.421444251968504
0
LINE
8
BLACK
6
CONTINUOUS
10
5.5801210236220475
20
-4.421444251968504
11
5.5794291338582678
21
-4.4197739370078741
0
LINE
8
BLACK
6
CONTINUOUS
10
5.5794291338582678
20
-4.4197739370078741
11
5.5794291338582678
21
-4.4010922047244092
0
LINE
8
BLACK
6
CONTINUOUS
10
5.5794291338582678
20
-4.4010922047244092
11
5.5801210236220475
21
-4.3994218897637793
0
LINE
8
BLACK
6
CONTINUOUS
10
5.5801210236220475
20
-4.3994218897637793
11
5.5817913385826774
21
-4.3987299999999996
0
LINE
8
BLACK
6
CONTINUOUS
10
5.5817913385826774
20
-4.3987299999999996
11
5.5834616535433073
21
-4.3994218897637793
0
LINE
8
BLACK
6
CONTINUOUS
10
5.6246033858267719
20
-4.3994218897637793
11
5.6252952755905508
21
-4.4010922047244092
0
LINE
8
BLACK
6
CONTINUOUS
10
5.6252952755905508
20
-4.4010922047244092
11
5.6252952755905508
21
-4.4197739370078741
0
LINE
8
BLACK
6
CONTINUOUS
10
5.6252952755905508
20
-4.4197739370078741
11
5.6246033858267719
21
-4.421444251968504
0
LINE
8
BLACK
6
CONTINUOUS
10
5.6246033858267719
20
-4.421444251968504
11
5.622933070866142
21
-4.4221361417322838
0
LINE
8
BLACK
6
CONTINUOUS
10
5.622933070866142
20
-4.4221361417322838
11
5.6212627559055113
21
-4.421444251968504
0
LINE
8
BLACK
6
CONTINUOUS
10
5.6212627559055113
20
-4.421444251968504
11
5.6205708661417324
21
-4.4197739370078741
0
LINE
8
BLACK
6
CONTINUOUS
10
5.6205708661417324
20
-4.4197739370078741
11
5.6205708661417324
21
-4.4010922047244092
0
LINE
8
BLACK
6
CONTINUOUS
10
5.6205708661417324
20
-4.4010922047244092
11
5.6212627559055113
21
-4.3994218897637793
0
LINE
8
BLACK
6
CONTINUOUS
10
5.6212627559055113
20
-4.3994218897637793
11
5.622933070866142
21
-4.3987299999999996
0
LINE
8
BLACK
6
CONTINUOUS
10
5.622933070866142
20
-4.3987299999999996
11
5.6246033858267719
21
-4.3994218897637793
0
LINE
8
BLACK
6
CONTINUOUS
10
6.2137276377952757
20
-4.3743262598425199
11
6.214479527559055
21
-4.3766403937007876
0
LINE
8
BLACK
6
CONTINUOUS
10
6.214479527559055
20
-4.3766403937007876
11
6.214479527559055
21
-4.3794605118110237
0
LINE
8
BLACK
6
CONTINUOUS
10
6.214479527559055
20
-4.3794605118110237
11
6.2153517322834642
21
-4.3812049212598421
0
LINE
8
BLACK
6
CONTINUOUS
10
6.2153517322834642
20
-4.3812049212598421
11
6.2170962598425197
21
-4.3820772047244096
0
LINE
8
BLACK
6
CONTINUOUS
10
6.2170962598425197
20
-4.3820772047244096
11
6.232852244094488
21
-4.3820772047244096
0
LINE
8
BLACK
6
CONTINUOUS
10
6.232852244094488
20
-4.3820772047244096
11
6.232852244094488
21
-4.3766403937007876
0
LINE
8
BLACK
6
CONTINUOUS
10
6.232852244094488
20
-4.3766403937007876
11
6.2336041338582673
21
-4.3743262598425199
0
LINE
8
BLACK
6
CONTINUOUS
10
6.2336041338582673
20
-4.3743262598425199
11
6.2355726377952756
21
-4.3728960629921261
0
LINE
8
BLACK
6
CONTINUOUS
10
6.2355726377952756
20
-4.3728960629921261
11
6.2380058661417319
21
-4.3728960629921261
0
LINE
8
BLACK
6
CONTINUOUS
10
6.2380058661417319
20
-4.3728960629921261
11
6.2399743700787402
21
-4.3743262598425199
0
LINE
8
BLACK
6
CONTINUOUS
10
6.2399743700787402
20
-4.3743262598425199
11
6.2407262598425195
21
-4.3766403937007876
0
LINE
8
BLACK
6
CONTINUOUS
10
6.2407262598425195
20
-4.3766403937007876
11
6.2407262598425195
21
-4.3820772047244096
0
LINE
8
BLACK
6
CONTINUOUS
10
6.2407262598425195
20
-4.3820772047244096
11
6.2499125984251966
21
-4.3820772047244096
0
LINE
8
BLACK
6
CONTINUOUS
10
6.2499125984251966
20
-4.3820772047244096
11
6.2522267322834644
21
-4.3828290944881889
0
LINE
8
BLACK
6
CONTINUOUS
10
6.2522267322834644
20
-4.3828290944881889
11
6.2536569291338582
21
-4.3847975984251963
0
LINE
8
BLACK
6
CONTINUOUS
10
6.2536569291338582
20
-4.3847975984251963
11
6.2536569291338582
21
-4.3872308267716535
0
LINE
8
BLACK
6
CONTINUOUS
10
6.2536569291338582
20
-4.3872308267716535
11
6.2522267322834644
21
-4.389199330708661
0
LINE
8
BLACK
6
CONTINUOUS
10
6.2522267322834644
20
-4.389199330708661
11
6.2499125984251966
21
-4.3899512204724411
0
LINE
8
BLACK
6
CONTINUOUS
10
6.2499125984251966
20
-4.3899512204724411
11
6.2407262598425195
21
-4.3899512204724411
0
LINE
8
BLACK
6
CONTINUOUS
10
6.2407262598425195
20
-4.3899512204724411
11
6.2407262598425195
21
-4.3916385039370081
0
LINE
8
BLACK
6
CONTINUOUS
10
6.2407262598425195
20
-4.3916385039370081
11
6.2399743700787402
21
-4.3939526377952758
0
LINE
8
BLACK
6
CONTINUOUS
10
6.2399743700787402
20
-4.3939526377952758
11
6.2380058661417319
21
-4.3953828346456696
0
LINE
8
BLACK
6
CONTINUOUS
10
6.2380058661417319
20
-4.3953828346456696
11
6.2355726377952756
21
-4.3953828346456696
0
LINE
8
BLACK
6
CONTINUOUS
10
6.2355726377952756
20
-4.3953828346456696
11
6.2336041338582673
21
-4.3939526377952758
0
LINE
8
BLACK
6
CONTINUOUS
10
6.2336041338582673
20
-4.3939526377952758
11
6.232852244094488
21
-4.3916385039370081
0
LINE
8
BLACK
6
CONTINUOUS
10
6.232852244094488
20
-4.3916385039370081
11
6.232852244094488
21
-4.3899512204724411
0
LINE
8
BLACK
6
CONTINUOUS
10
6.232852244094488
20
-4.3899512204724411
11
6.2161668503937006
21
-4.3899512204724411
0
LINE
8
BLACK
6
CONTINUOUS
10
6.2161668503937006
20
-4.3899512204724411
11
6.215303700787401
21
-4.389670748031496
0
LINE
8
BLACK
6
CONTINUOUS
10
6.215303700787401
20
-4.389670748031496
11
6.2144061417322831
21
-4.3895355905511808
0
LINE
8
BLACK
6
CONTINUOUS
10
6.2144061417322831
20
-4.3895355905511808
11
6.2106566535433068
21
-4.3876608267716533
0
LINE
8
BLACK
6
CONTINUOUS
10
6.2106566535433068
20
-4.3876608267716533
11
6.2106343700787399
21
-4.3876388582677164
0
LINE
8
BLACK
6
CONTINUOUS
10
6.2106343700787399
20
-4.3876388582677164
11
6.21060342519685
21
-4.3876337401574803
0
LINE
8
BLACK
6
CONTINUOUS
10
6.21060342519685
20
-4.3876337401574803
11
6.2097696062992123
21
-4.3867871653543302
0
LINE
8
BLACK
6
CONTINUOUS
10
6.2097696062992123
20
-4.3867871653543302
11
6.2089230708661418
21
-4.3859533858267712
0
LINE
8
BLACK
6
CONTINUOUS
10
6.2089230708661418
20
-4.3859533858267712
11
6.208917913385827
21
-4.3859224015748026
0
LINE
8
BLACK
6
CONTINUOUS
10
6.208917913385827
20
-4.3859224015748026
11
6.208895984251968
21
-4.3859001574803145
0
LINE
8
BLACK
6
CONTINUOUS
10
6.208895984251968
20
-4.3859001574803145
11
6.2070211811023617
21
-4.3821506299212594
0
LINE
8
BLACK
6
CONTINUOUS
10
6.2070211811023617
20
-4.3821506299212594
11
6.2068859842519686
21
-4.381253149606299
0
LINE
8
BLACK
6
CONTINUOUS
10
6.2068859842519686
20
-4.381253149606299
11
6.2066055118110235
21
-4.3803899212598427
0
LINE
8
BLACK
6
CONTINUOUS
10
6.2066055118110235
20
-4.3803899212598427
11
6.2066055118110235
21
-4.3766403937007876
0
LINE
8
BLACK
6
CONTINUOUS
10
6.2066055118110235
20
-4.3766403937007876
11
6.2073574015748028
21
-4.3743262598425199
0
LINE
8
BLACK
6
CONTINUOUS
10
6.2073574015748028
20
-4.3743262598425199
11
6.2093259055118111
21
-4.3728960629921261
0
LINE
8
BLACK
6
CONTINUOUS
10
6.2093259055118111
20
-4.3728960629921261
11
6.2117591338582674
21
-4.3728960629921261
0
LINE
8
BLACK
6
CONTINUOUS
10
6.2117591338582674
20
-4.3728960629921261
11
6.2137276377952757
21
-4.3743262598425199
0
LINE
8
BLACK
6
CONTINUOUS
10
6.2301533070866144
20
-4.3411127952755901
11
6.2310508661417323
21
-4.3412479921259841
0
LINE
8
BLACK
6
CONTINUOUS
10
6.2310508661417323
20
-4.3412479921259841
11
6.2348003937007874
21
-4.3431227559055117
0
LINE
8
BLACK
6
CONTINUOUS
10
6.2348003937007874
20
-4.3431227559055117
11
6.2352549999999995
21
-4.3435705118110235
0
LINE
8
BLACK
6
CONTINUOUS
10
6.2352549999999995
20
-4.3435705118110235
11
6.2358236220472438
21
-4.3438602362204719
0
LINE
8
BLACK
6
CONTINUOUS
10
6.2358236220472438
20
-4.3438602362204719
11
6.2376983464566926
21
-4.3457349999999995
0
LINE
8
BLACK
6
CONTINUOUS
10
6.2376983464566926
20
-4.3457349999999995
11
6.2379880314960632
21
-4.3463035433070862
0
LINE
8
BLACK
6
CONTINUOUS
10
6.2379880314960632
20
-4.3463035433070862
11
6.2384358661417325
21
-4.3467582283464568
0
LINE
8
BLACK
6
CONTINUOUS
10
6.2384358661417325
20
-4.3467582283464568
11
6.2403106299212601
21
-4.3505077165354331
0
LINE
8
BLACK
6
CONTINUOUS
10
6.2403106299212601
20
-4.3505077165354331
11
6.2404457874015744
21
-4.351405275590551
0
LINE
8
BLACK
6
CONTINUOUS
10
6.2404457874015744
20
-4.351405275590551
11
6.2407262598425195
21
-4.3522684251968506
0
LINE
8
BLACK
6
CONTINUOUS
10
6.2407262598425195
20
-4.3522684251968506
11
6.2407262598425195
21
-4.3578927165354333
0
LINE
8
BLACK
6
CONTINUOUS
10
6.2407262598425195
20
-4.3578927165354333
11
6.2404457874015744
21
-4.3587558267716533
0
LINE
8
BLACK
6
CONTINUOUS
10
6.2404457874015744
20
-4.3587558267716533
11
6.2403106299212601
21
-4.35965342519685
0
LINE
8
BLACK
6
CONTINUOUS
10
6.2403106299212601
20
-4.35965342519685
11
6.2384358661417325
21
-4.3634029133858263
0
LINE
8
BLACK
6
CONTINUOUS
10
6.2384358661417325
20
-4.3634029133858263
11
6.2379880314960632
21
-4.3638575590551181
0
LINE
8
BLACK
6
CONTINUOUS
10
6.2379880314960632
20
-4.3638575590551181
11
6.2376983464566926
21
-4.3644261417322836
0
LINE
8
BLACK
6
CONTINUOUS
10
6.2376983464566926
20
-4.3644261417322836
11
6.2358236220472438
21
-4.3663009055118112
0
LINE
8
BLACK
6
CONTINUOUS
10
6.2358236220472438
20
-4.3663009055118112
11
6.2352549999999995
21
-4.3665905905511808
0
LINE
8
BLACK
6
CONTINUOUS
10
6.2352549999999995
20
-4.3665905905511808
11
6.2348003937007874
21
-4.3670383858267714
0
LINE
8
BLACK
6
CONTINUOUS
10
6.2348003937007874
20
-4.3670383858267714
11
6.2310508661417323
21
-4.368913149606299
0
LINE
8
BLACK
6
CONTINUOUS
10
6.2310508661417323
20
-4.368913149606299
11
6.2301533070866144
21
-4.3690483070866142
0
LINE
8
BLACK
6
CONTINUOUS
10
6.2301533070866144
20
-4.3690483070866142
11
6.2292901968503935
21
-4.3693287795275593
0
LINE
8
BLACK
6
CONTINUOUS
10
6.2292901968503935
20
-4.3693287795275593
11
6.2180416141732282
21
-4.3693287795275593
0
LINE
8
BLACK
6
CONTINUOUS
10
6.2180416141732282
20
-4.3693287795275593
11
6.2171784645669286
21
-4.3690483070866142
0
LINE
8
BLACK
6
CONTINUOUS
10
6.2171784645669286
20
-4.3690483070866142
11
6.2162809055118107
21
-4.368913149606299
0
LINE
8
BLACK
6
CONTINUOUS
10
6.2162809055118107
20
-4.368913149606299
11
6.2125314173228343
21
-4.3670383858267714
0
LINE
8
BLACK
6
CONTINUOUS
10
6.2125314173228343
20
-4.3670383858267714
11
6.2120767322834647
21
-4.3665905511811021
0
LINE
8
BLACK
6
CONTINUOUS
10
6.2120767322834647
20
-4.3665905511811021
11
6.2115081889763779
21
-4.3663008661417324
0
LINE
8
BLACK
6
CONTINUOUS
10
6.2115081889763779
20
-4.3663008661417324
11
6.2096334251968504
21
-4.3644261417322836
0
LINE
8
BLACK
6
CONTINUOUS
10
6.2096334251968504
20
-4.3644261417322836
11
6.2093437007874011
21
-4.3638575196850393
0
LINE
8
BLACK
6
CONTINUOUS
10
6.2093437007874011
20
-4.3638575196850393
11
6.208895984251968
21
-4.3634029527559051
0
LINE
8
BLACK
6
CONTINUOUS
10
6.208895984251968
20
-4.3634029527559051
11
6.2070211811023617
21
-4.35965342519685
0
LINE
8
BLACK
6
CONTINUOUS
10
6.2070211811023617
20
-4.35965342519685
11
6.2068859842519686
21
-4.3587559448818896
0
LINE
8
BLACK
6
CONTINUOUS
10
6.2068859842519686
20
-4.3587559448818896
11
6.2066055118110235
21
-4.3578927165354333
0
LINE
8
BLACK
6
CONTINUOUS
10
6.2066055118110235
20
-4.3578927165354333
11
6.2066055118110235
21
-4.3522684251968506
0
LINE
8
BLACK
6
CONTINUOUS
10
6.2066055118110235
20
-4.3522684251968506
11
6.2068859842519686
21
-4.3514051574803148
0
LINE
8
BLACK
6
CONTINUOUS
10
6.2068859842519686
20
-4.3514051574803148
11
6.2070211811023617
21
-4.3505077165354331
0
LINE
8
BLACK
6
CONTINUOUS
10
6.2070211811023617
20
-4.3505077165354331
11
6.208895984251968
21
-4.346758188976378
0
LINE
8
BLACK
6
CONTINUOUS
10
6.208895984251968
20
-4.346758188976378
11
6.2093437007874011
21
-4.346303582677165
0
LINE
8
BLACK
6
CONTINUOUS
10
6.2093437007874011
20
-4.346303582677165
11
6.2096334251968504
21
-4.3457349999999995
0
LINE
8
BLACK
6
CONTINUOUS
10
6.2096334251968504
20
-4.3457349999999995
11
6.2115081889763779
21
-4.3438602755905507
0
LINE
8
BLACK
6
CONTINUOUS
10
6.2115081889763779
20
-4.3438602755905507
11
6.2120767322834647
21
-4.3435705511811022
0
LINE
8
BLACK
6
CONTINUOUS
10
6.2120767322834647
20
-4.3435705511811022
11
6.2125314173228343
21
-4.3431227559055117
0
LINE
8
BLACK
6
CONTINUOUS
10
6.2125314173228343
20
-4.3431227559055117
11
6.2162809055118107
21
-4.3412479921259841
0
LINE
8
BLACK
6
CONTINUOUS
10
6.2162809055118107
20
-4.3412479921259841
11
6.2171784645669286
21
-4.3411127952755901
0
LINE
8
BLACK
6
CONTINUOUS
10
6.2171784645669286
20
-4.3411127952755901
11
6.2180416141732282
21
-4.3408323622047247
0
LINE
8
BLACK
6
CONTINUOUS
10
6.2180416141732282
20
-4.3408323622047247
11
6.2292901968503935
21
-4.3408323622047247
0
LINE
8
BLACK
6
CONTINUOUS
10
6.2292901968503935
20
-4.3408323622047247
11
6.2301533070866144
21
-4.3411127952755901
0
LINE
8
BLACK
6
CONTINUOUS
10
6.2166241732283467
20
-4.3498797637795272
11
6.2156528740157482
21
-4.3508510629921258
0
LINE
8
BLACK
6
CONTINUOUS
10
6.2156528740157482
20
-4.3508510629921258
11
6.214479527559055
21
-4.35319779527559
0
LINE
8
BLACK
6
CONTINUOUS
10
6.214479527559055
20
-4.35319779527559
11
6.214479527559055
21
-4.3569633070866143
0
LINE
8
BLACK
6
CONTINUOUS
10
6.214479527559055
20
-4.3569633070866143
11
6.2156528740157482
21
-4.3593100393700785
0
LINE
8
BLACK
6
CONTINUOUS
10
6.2156528740157482
20
-4.3593100393700785
11
6.2166241732283467
21
-4.3602813385826771
0
LINE
8
BLACK
6
CONTINUOUS
10
6.2166241732283467
20
-4.3602813385826771
11
6.2189710236220472
21
-4.3614547637795278
0
LINE
8
BLACK
6
CONTINUOUS
10
6.2189710236220472
20
-4.3614547637795278
11
6.2283607874015745
21
-4.3614547637795278
0
LINE
8
BLACK
6
CONTINUOUS
10
6.2283607874015745
20
-4.3614547637795278
11
6.2307075984251963
21
-4.3602812992125983
0
LINE
8
BLACK
6
CONTINUOUS
10
6.2307075984251963
20
-4.3602812992125983
11
6.2316788188976373
21
-4.3593101181102361
0
LINE
8
BLACK
6
CONTINUOUS
10
6.2316788188976373
20
-4.3593101181102361
11
6.232852244094488
21
-4.3569633070866143
0
LINE
8
BLACK
6
CONTINUOUS
10
6.232852244094488
20
-4.3569633070866143
11
6.232852244094488
21
-4.3531978346456688
0
LINE
8
BLACK
6
CONTINUOUS
10
6.232852244094488
20
-4.3531978346456688
11
6.2316788188976373
21
-4.3508509842519683
0
LINE
8
BLACK
6
CONTINUOUS
10
6.2316788188976373
20
-4.3508509842519683
11
6.2307075984251963
21
-4.349879803149606
0
LINE
8
BLACK
6
CONTINUOUS
10
6.2307075984251963
20
-4.349879803149606
11
6.2283607874015745
21
-4.3487063779527562
0
LINE
8
BLACK
6
CONTINUOUS
10
6.2283607874015745
20
-4.3487063779527562
11
6.2189710236220472
21
-4.3487063779527562
0
LINE
8
BLACK
6
CONTINUOUS
10
6.2189710236220472
20
-4.3487063779527562
11
6.2166241732283467
21
-4.3498797637795272
0
LINE
8
BLACK
6
CONTINUOUS
10
5.5551266141732283
20
-4.3145280314960628
11
5.5552558661417324
21
-4.3145052755905509
0
LINE
8
BLACK
6
CONTINUOUS
10
5.5552558661417324
20
-4.3145052755905509
11
5.5553694488188974
21
-4.3145708661417324
0
LINE
8
BLACK
6
CONTINUOUS
10
5.5553694488188974
20
-4.3145708661417324
11
5.5557530314960628
21
-4.3146385039370081
0
LINE
8
BLACK
6
CONTINUOUS
10
5.5557530314960628
20
-4.3146385039370081
11
5.5563407086614172
21
-4.3151316141732279
0
LINE
8
BLACK
6
CONTINUOUS
10
5.5563407086614172
20
-4.3151316141732279
11
5.5570050393700789
21
-4.3155151968503933
0
LINE
8
BLACK
6
CONTINUOUS
10
5.5570050393700789
20
-4.3155151968503933
11
5.5570961417322833
21
-4.3157655118110236
0
LINE
8
BLACK
6
CONTINUOUS
10
5.5570961417322833
20
-4.3157655118110236
11
5.557300275590551
21
-4.3159368110236223
0
LINE
8
BLACK
6
CONTINUOUS
10
5.557300275590551
20
-4.3159368110236223
11
5.5574335039370082
21
-4.3166923622047246
0
LINE
8
BLACK
6
CONTINUOUS
10
5.5574335039370082
20
-4.3166923622047246
11
5.5576958661417324
21
-4.3174131889763778
0
LINE
8
BLACK
6
CONTINUOUS
10
5.5576958661417324
20
-4.3174131889763778
11
5.5576958661417324
21
-4.3489092519685038
0
LINE
8
BLACK
6
CONTINUOUS
10
5.5576958661417324
20
-4.3489092519685038
11
5.5576282283464566
21
-4.3492927559055117
0
LINE
8
BLACK
6
CONTINUOUS
10
5.5576282283464566
20
-4.3492927559055117
11
5.5576510236220473
21
-4.3494220078740158
0
LINE
8
BLACK
6
CONTINUOUS
10
5.5576510236220473
20
-4.3494220078740158
11
5.5575853937007871
21
-4.3495355905511808
0
LINE
8
BLACK
6
CONTINUOUS
10
5.5575853937007871
20
-4.3495355905511808
11
5.5575177952755901
21
-4.3499191732283462
0
LINE
8
BLACK
6
CONTINUOUS
10
5.5575177952755901
20
-4.3499191732283462
11
5.5570246456692916
21
-4.3505068503937006
0
LINE
8
BLACK
6
CONTINUOUS
10
5.5570246456692916
20
-4.3505068503937006
11
5.5566411023622049
21
-4.3511711811023623
0
LINE
8
BLACK
6
CONTINUOUS
10
5.5566411023622049
20
-4.3511711811023623
11
5.5563907480314958
21
-4.3512622834645667
0
LINE
8
BLACK
6
CONTINUOUS
10
5.5563907480314958
20
-4.3512622834645667
11
5.5562194881889759
21
-4.3514664173228343
0
LINE
8
BLACK
6
CONTINUOUS
10
5.5562194881889759
20
-4.3514664173228343
11
5.5554638976377948
21
-4.3515996456692916
0
LINE
8
BLACK
6
CONTINUOUS
10
5.5554638976377948
20
-4.3515996456692916
11
5.5547431102362204
21
-4.3518620078740158
0
LINE
8
BLACK
6
CONTINUOUS
10
5.5547431102362204
20
-4.3518620078740158
11
5.5472440551181101
21
-4.3518620078740158
0
LINE
8
BLACK
6
CONTINUOUS
10
5.5472440551181101
20
-4.3518620078740158
11
5.5463746456692915
21
-4.3517087007874018
0
LINE
8
BLACK
6
CONTINUOUS
10
5.5463746456692915
20
-4.3517087007874018
11
5.5463103149606301
21
-4.3517104724409448
0
LINE
8
BLACK
6
CONTINUOUS
10
5.5463103149606301
20
-4.3517104724409448
11
5.5418108661417325
21
-4.3502106692913385
0
LINE
8
BLACK
6
CONTINUOUS
10
5.5418108661417325
20
-4.3502106692913385
11
5.5409090944881889
21
-4.3497224015748026
0
LINE
8
BLACK
6
CONTINUOUS
10
5.5409090944881889
20
-4.3497224015748026
11
5.540816653543307
21
-4.3495719291338579
0
LINE
8
BLACK
6
CONTINUOUS
10
5.540816653543307
20
-4.3495719291338579
11
5.5406566929133856
21
-4.3494973622047244
0
LINE
8
BLACK
6
CONTINUOUS
10
5.5406566929133856
20
-4.3494973622047244
11
5.537657086614173
21
-4.346497716535433
0
LINE
8
BLACK
6
CONTINUOUS
10
5.537657086614173
20
-4.346497716535433
11
5.5371506692913384
21
-4.3457745275590547
0
LINE
8
BLACK
6
CONTINUOUS
10
5.5371506692913384
20
-4.3457745275590547
11
5.5371039763779528
21
-4.3457303149606297
0
LINE
8
BLACK
6
CONTINUOUS
10
5.5371039763779528
20
-4.3457303149606297
11
5.5356041732283465
21
-4.3427307086614171
0
LINE
8
BLACK
6
CONTINUOUS
10
5.5356041732283465
20
-4.3427307086614171
11
5.5354588976377954
21
-4.3422423228346458
0
LINE
8
BLACK
6
CONTINUOUS
10
5.5354588976377954
20
-4.3422423228346458
11
5.5353805905511813
21
-4.3421263779527557
0
LINE
8
BLACK
6
CONTINUOUS
10
5.5353805905511813
20
-4.3421263779527557
11
5.5338807480314962
21
-4.3361271259842518
0
LINE
8
BLACK
6
CONTINUOUS
10
5.5338807480314962
20
-4.3361271259842518
11
5.5338392519685042
21
-4.3355391732283461
0
LINE
8
BLACK
6
CONTINUOUS
10
5.5338392519685042
20
-4.3355391732283461
11
5.5337925984251966
21
-4.3354109448818896
0
LINE
8
BLACK
6
CONTINUOUS
10
5.5337925984251966
20
-4.3354109448818896
11
5.5337925984251966
21
-4.330911496062992
0
LINE
8
BLACK
6
CONTINUOUS
10
5.5337925984251966
20
-4.330911496062992
11
5.5338949212598427
21
-4.3303310629921254
0
LINE
8
BLACK
6
CONTINUOUS
10
5.5338949212598427
20
-4.3303310629921254
11
5.5338807480314962
21
-4.3301953149606298
0
LINE
8
BLACK
6
CONTINUOUS
10
5.5338807480314962
20
-4.3301953149606298
11
5.5353805905511813
21
-4.3241960629921259
0
LINE
8
BLACK
6
CONTINUOUS
10
5.5353805905511813
20
-4.3241960629921259
11
5.5355881889763774
21
-4.3237305511811019
0
LINE
8
BLACK
6
CONTINUOUS
10
5.5355881889763774
20
-4.3237305511811019
11
5.5356041732283465
21
-4.3235917322834645
0
LINE
8
BLACK
6
CONTINUOUS
10
5.5356041732283465
20
-4.3235917322834645
11
5.5371039763779528
21
-4.3205920866141732
0
LINE
8
BLACK
6
CONTINUOUS
10
5.5371039763779528
20
-4.3205920866141732
11
5.5376298818897638
21
-4.3198829921259838
0
LINE
8
BLACK
6
CONTINUOUS
10
5.5376298818897638
20
-4.3198829921259838
11
5.537657086614173
21
-4.3198246850393698
0
LINE
8
BLACK
6
CONTINUOUS
10
5.537657086614173
20
-4.3198246850393698
11
5.5406566929133856
21
-4.3168250787401572
0
LINE
8
BLACK
6
CONTINUOUS
10
5.5406566929133856
20
-4.3168250787401572
11
5.5414967322834645
21
-4.3162368503937003
0
LINE
8
BLACK
6
CONTINUOUS
10
5.5414967322834645
20
-4.3162368503937003
11
5.5416726377952754
21
-4.3162214566929133
0
LINE
8
BLACK
6
CONTINUOUS
10
5.5416726377952754
20
-4.3162214566929133
11
5.5418108661417325
21
-4.3161117716535431
0
LINE
8
BLACK
6
CONTINUOUS
10
5.5418108661417325
20
-4.3161117716535431
11
5.5463103149606301
21
-4.3146119685039368
0
LINE
8
BLACK
6
CONTINUOUS
10
5.5463103149606301
20
-4.3146119685039368
11
5.5471834645669293
21
-4.3144824803149602
0
LINE
8
BLACK
6
CONTINUOUS
10
5.5471834645669293
20
-4.3144824803149602
11
5.5472440551181101
21
-4.3144604330708658
0
LINE
8
BLACK
6
CONTINUOUS
10
5.5472440551181101
20
-4.3144604330708658
11
5.5547431102362204
21
-4.3144604330708658
0
LINE
8
BLACK
6
CONTINUOUS
10
5.5547431102362204
20
-4.3144604330708658
11
5.5551266141732283
21
-4.3145280314960628
0
LINE
8
BLACK
6
CONTINUOUS
10
5.5443396062992125
20
-4.3214937795275592
11
5.5421717322834647
21
-4.323661653543307
0
LINE
8
BLACK
6
CONTINUOUS
10
5.5421717322834647
20
-4.323661653543307
11
5.5410311811023618
21
-4.3259427559055119
0
LINE
8
BLACK
6
CONTINUOUS
10
5.5410311811023618
20
-4.3259427559055119
11
5.5396981102362206
21
-4.3312750787401573
0
LINE
8
BLACK
6
CONTINUOUS
10
5.5396981102362206
20
-4.3312750787401573
11
5.5396981102362206
21
-4.3350473228346456
0
LINE
8
BLACK
6
CONTINUOUS
10
5.5396981102362206
20
-4.3350473228346456
11
5.5410311811023618
21
-4.3403796062992122
0
LINE
8
BLACK
6
CONTINUOUS
10
5.5410311811023618
20
-4.3403796062992122
11
5.5421717322834647
21
-4.3426607086614171
0
LINE
8
BLACK
6
CONTINUOUS
10
5.5421717322834647
20
-4.3426607086614171
11
5.5443396456692913
21
-4.3448286614173224
0
LINE
8
BLACK
6
CONTINUOUS
10
5.5443396456692913
20
-4.3448286614173224
11
5.5477231889763781
21
-4.3459564960629917
0
LINE
8
BLACK
6
CONTINUOUS
10
5.5477231889763781
20
-4.3459564960629917
11
5.5517903543307083
21
-4.3459564960629917
0
LINE
8
BLACK
6
CONTINUOUS
10
5.5517903543307083
20
-4.3459564960629917
11
5.5517903543307083
21
-4.3203659448818899
0
LINE
8
BLACK
6
CONTINUOUS
10
5.5517903543307083
20
-4.3203659448818899
11
5.5477231889763781
21
-4.3203659448818899
0
LINE
8
BLACK
6
CONTINUOUS
10
5.5477231889763781
20
-4.3203659448818899
11
5.5443396062992125
21
-4.3214937795275592
0
LINE
8
BLACK
6
CONTINUOUS
10
5.6259927559055116
20
-4.3145280314960628
11
5.6261220078740157
21
-4.3145052755905509
0
LINE
8
BLACK
6
CONTINUOUS
10
5.6261220078740157
20
-4.3145052755905509
11
5.6262355905511807
21
-4.3145708661417324
0
LINE
8
BLACK
6
CONTINUOUS
10
5.6262355905511807
20
-4.3145708661417324
11
5.6266191732283461
21
-4.3146385039370081
0
LINE
8
BLACK
6
CONTINUOUS
10
5.6266191732283461
20
-4.3146385039370081
11
5.6272068503937005
21
-4.3151316141732279
0
LINE
8
BLACK
6
CONTINUOUS
10
5.6272068503937005
20
-4.3151316141732279
11
5.6278711811023623
21
-4.3155151968503933
0
LINE
8
BLACK
6
CONTINUOUS
10
5.6278711811023623
20
-4.3155151968503933
11
5.6279622834645666
21
-4.3157655118110236
0
LINE
8
BLACK
6
CONTINUOUS
10
5.6279622834645666
20
-4.3157655118110236
11
5.6281664173228343
21
-4.3159368110236223
0
LINE
8
BLACK
6
CONTINUOUS
10
5.6281664173228343
20
-4.3159368110236223
11
5.6282996456692915
21
-4.3166923622047246
0
LINE
8
BLACK
6
CONTINUOUS
10
5.6282996456692915
20
-4.3166923622047246
11
5.6285620078740157
21
-4.3174131889763778
0
LINE
8
BLACK
6
CONTINUOUS
10
5.6285620078740157
20
-4.3174131889763778
11
5.6285620078740157
21
-4.3489092519685038
0
LINE
8
BLACK
6
CONTINUOUS
10
5.6285620078740157
20
-4.3489092519685038
11
5.6283839370078743
21
-4.3499191732283462
0
LINE
8
BLACK
6
CONTINUOUS
10
5.6283839370078743
20
-4.3499191732283462
11
5.6270856299212602
21
-4.3514664173228343
0
LINE
8
BLACK
6
CONTINUOUS
10
5.6270856299212602
20
-4.3514664173228343
11
5.6250964960629917
21
-4.3518171653543307
0
LINE
8
BLACK
6
CONTINUOUS
10
5.6250964960629917
20
-4.3518171653543307
11
5.6233473228346451
21
-4.3508072440944883
0
LINE
8
BLACK
6
CONTINUOUS
10
5.6233473228346451
20
-4.3508072440944883
11
5.6226564960629917
21
-4.3489092519685038
0
LINE
8
BLACK
6
CONTINUOUS
10
5.6226564960629917
20
-4.3489092519685038
11
5.6226564960629917
21
-4.3368638582677166
0
LINE
8
BLACK
6
CONTINUOUS
10
5.6226564960629917
20
-4.3368638582677166
11
5.6196475590551183
21
-4.3368638582677166
0
LINE
8
BLACK
6
CONTINUOUS
10
5.6196475590551183
20
-4.3368638582677166
11
5.6100304724409451
21
-4.3506025590551181
0
LINE
8
BLACK
6
CONTINUOUS
10
5.6100304724409451
20
-4.3506025590551181
11
5.609305472440945
21
-4.3513277952755907
0
LINE
8
BLACK
6
CONTINUOUS
10
5.609305472440945
20
-4.3513277952755907
11
5.6073545669291338
21
-4.3518508267716536
0
LINE
8
BLACK
6
CONTINUOUS
10
5.6073545669291338
20
-4.3518508267716536
11
5.6055238582677163
21
-4.3509974803149607
0
LINE
8
BLACK
6
CONTINUOUS
10
5.6055238582677163
20
-4.3509974803149607
11
5.6046700393700783
21
-4.3491670078740157
0
LINE
8
BLACK
6
CONTINUOUS
10
5.6046700393700783
20
-4.3491670078740157
11
5.6051925196850396
21
-4.3472159448818894
0
LINE
8
BLACK
6
CONTINUOUS
10
5.6051925196850396
20
-4.3472159448818894
11
5.6125773622047239
21
-4.3366661023622051
0
LINE
8
BLACK
6
CONTINUOUS
10
5.6125773622047239
20
-4.3366661023622051
11
5.6124655511811019
21
-4.3365722834645668
0
LINE
8
BLACK
6
CONTINUOUS
10
5.6124655511811019
20
-4.3365722834645668
11
5.6122902362204723
21
-4.3365521259842517
0
LINE
8
BLACK
6
CONTINUOUS
10
5.6122902362204723
20
-4.3365521259842517
11
5.6092906299212597
21
-4.3350523228346454
0
LINE
8
BLACK
6
CONTINUOUS
10
5.6092906299212597
20
-4.3350523228346454
11
5.6085815354330704
21
-4.3345264173228344
0
LINE
8
BLACK
6
CONTINUOUS
10
5.6085815354330704
20
-4.3345264173228344
11
5.6085232283464563
21
-4.3344992125984252
0
LINE
8
BLACK
6
CONTINUOUS
10
5.6085232283464563
20
-4.3344992125984252
11
5.60702342519685
21
-4.3329994094488189
0
LINE
8
BLACK
6
CONTINUOUS
10
5.60702342519685
20
-4.3329994094488189
11
5.6065171259842517
21
-4.332276299212598
0
LINE
8
BLACK
6
CONTINUOUS
10
5.6065171259842517
20
-4.332276299212598
11
5.6064703149606299
21
-4.3322320078740155
0
LINE
8
BLACK
6
CONTINUOUS
10
5.6064703149606299
20
-4.3322320078740155
11
5.6049704724409448
21
-4.3292323622047242
0
LINE
8
BLACK
6
CONTINUOUS
10
5.6049704724409448
20
-4.3292323622047242
11
5.60467811023622
21
-4.3282494488188972
0
LINE
8
BLACK
6
CONTINUOUS
10
5.60467811023622
20
-4.3282494488188972
11
5.6047190944881891
21
-4.3280777165354332
0
LINE
8
BLACK
6
CONTINUOUS
10
5.6047190944881891
20
-4.3280777165354332
11
5.6046587401574799
21
-4.3279118503937006
0
LINE
8
BLACK
6
CONTINUOUS
10
5.6046587401574799
20
-4.3279118503937006
11
5.6046587401574799
21
-4.3234124409448818
0
LINE
8
BLACK
6
CONTINUOUS
10
5.6046587401574799
20
-4.3234124409448818
11
5.6048368110236222
21
-4.3224025196850393
0
LINE
8
BLACK
6
CONTINUOUS
10
5.6048368110236222
20
-4.3224025196850393
11
5.6049502755905509
21
-4.3222672440944878
0
LINE
8
BLACK
6
CONTINUOUS
10
5.6049502755905509
20
-4.3222672440944878
11
5.6049704724409448
21
-4.3220919291338582
0
LINE
8
BLACK
6
CONTINUOUS
10
5.6049704724409448
20
-4.3220919291338582
11
5.6064703149606299
21
-4.3190922834645669
0
LINE
8
BLACK
6
CONTINUOUS
10
5.6064703149606299
20
-4.3190922834645669
11
5.6069961417322833
21
-4.3183833070866138
0
LINE
8
BLACK
6
CONTINUOUS
10
5.6069961417322833
20
-4.3183833070866138
11
5.60702342519685
21
-4.3183248818897635
0
LINE
8
BLACK
6
CONTINUOUS
10
5.60702342519685
20
-4.3183248818897635
11
5.6085232283464563
21
-4.3168250787401572
0
LINE
8
BLACK
6
CONTINUOUS
10
5.6085232283464563
20
-4.3168250787401572
11
5.6092462992125984
21
-4.3163187795275588
0
LINE
8
BLACK
6
CONTINUOUS
10
5.6092462992125984
20
-4.3163187795275588
11
5.6092906299212597
21
-4.316271968503937
0
LINE
8
BLACK
6
CONTINUOUS
10
5.6092906299212597
20
-4.316271968503937
11
5.6122902362204723
21
-4.3147721653543307
0
LINE
8
BLACK
6
CONTINUOUS
10
5.6122902362204723
20
-4.3147721653543307
11
5.6132731889763781
21
-4.3144798031496059
0
LINE
8
BLACK
6
CONTINUOUS
10
5.6132731889763781
20
-4.3144798031496059
11
5.6134448425196846
21
-4.314520787401575
0
LINE
8
BLACK
6
CONTINUOUS
10
5.6134448425196846
20
-4.314520787401575
11
5.6136107480314958
21
-4.3144604330708658
0
LINE
8
BLACK
6
CONTINUOUS
10
5.6136107480314958
20
-4.3144604330708658
11
5.6256092519685037
21
-4.3144604330708658
0
LINE
8
BLACK
6
CONTINUOUS
10
5.6256092519685037
20
-4.3144604330708658
11
5.6259927559055116
21
-4.3145280314960628
0
LINE
8
BLACK
6
CONTINUOUS
10
5.6123602362204723
20
-4.3213397244094489
11
5.6115380708661418
21
-4.3221618503937007
0
LINE
8
BLACK
6
CONTINUOUS
10
5.6115380708661418
20
-4.3221618503937007
11
5.6105642519685039
21
-4.3241094881889763
0
LINE
8
BLACK
6
CONTINUOUS
10
5.6105642519685039
20
-4.3241094881889763
11
5.6105642519685039
21
-4.3272147637795273
0
LINE
8
BLACK
6
CONTINUOUS
10
5.6105642519685039
20
-4.3272147637795273
11
5.6115380708661418
21
-4.3291624015748029
0
LINE
8
BLACK
6
CONTINUOUS
10
5.6115380708661418
20
-4.3291624015748029
11
5.6123602362204723
21
-4.3299845669291335
0
LINE
8
BLACK
6
CONTINUOUS
10
5.6123602362204723
20
-4.3299845669291335
11
5.6143077952755904
21
-4.3309583464566925
0
LINE
8
BLACK
6
CONTINUOUS
10
5.6143077952755904
20
-4.3309583464566925
11
5.6226564960629917
21
-4.3309583464566925
0
LINE
8
BLACK
6
CONTINUOUS
10
5.6226564960629917
20
-4.3309583464566925
11
5.6226564960629917
21
-4.3203659448818899
0
LINE
8
BLACK
6
CONTINUOUS
10
5.6226564960629917
20
-4.3203659448818899
11
5.6143077952755904
21
-4.3203659448818899
0
LINE
8
BLACK
6
CONTINUOUS
10
5.6143077952755904
20
-4.3203659448818899
11
5.6123602362204723
21
-4.3213397244094489
0
LINE
8
BLACK
6
CONTINUOUS
10
5.5187934645669294
20
-4.3133975196850391
11
5.5200490157480315
21
-4.3149796456692915
0
LINE
8
BLACK
6
CONTINUOUS
10
5.5200490157480315
20
-4.3149796456692915
11
5.5275481102362205
21
-4.3374768110236221
0
LINE
8
BLACK
6
CONTINUOUS
10
5.5275481102362205
20
-4.3374768110236221
11
5.5276985433070864
21
-4.3384911811023619
0
LINE
8
BLACK
6
CONTINUOUS
10
5.5276985433070864
20
-4.3384911811023619
11
5.5276155905511812
21
-4.3387010236220469
0
LINE
8
BLACK
6
CONTINUOUS
10
5.5276155905511812
20
-4.3387010236220469
11
5.5276548031496064
21
-4.3389233070866142
0
LINE
8
BLACK
6
CONTINUOUS
10
5.5276548031496064
20
-4.3389233070866142
11
5.5272520472440947
21
-4.3396207874015751
0
LINE
8
BLACK
6
CONTINUOUS
10
5.5272520472440947
20
-4.3396207874015751
11
5.526956141732283
21
-4.3403696062992125
0
LINE
8
BLACK
6
CONTINUOUS
10
5.526956141732283
20
-4.3403696062992125
11
5.5267576771653539
21
-4.3404770472440948
0
LINE
8
BLACK
6
CONTINUOUS
10
5.5267576771653539
20
-4.3404770472440948
11
5.526644881889764
21
-4.3406724803149608
0
LINE
8
BLACK
6
CONTINUOUS
10
5.526644881889764
20
-4.3406724803149608
11
5.525888149606299
21
-4.3409478740157477
0
LINE
8
BLACK
6
CONTINUOUS
10
5.525888149606299
20
-4.3409478740157477
11
5.5251799999999998
21
-4.3413313779527556
0
LINE
8
BLACK
6
CONTINUOUS
10
5.5251799999999998
20
-4.3413313779527556
11
5.524958897637795
21
-4.3412861023622042
0
LINE
8
BLACK
6
CONTINUOUS
10
5.524958897637795
20
-4.3412861023622042
11
5.5247468897637795
21
-4.3413633070866142
0
LINE
8
BLACK
6
CONTINUOUS
10
5.5247468897637795
20
-4.3413633070866142
11
5.5127014960629923
21
-4.3413633070866142
0
LINE
8
BLACK
6
CONTINUOUS
10
5.5127014960629923
20
-4.3413633070866142
11
5.5127014960629923
21
-4.3489092519685038
0
LINE
8
BLACK
6
CONTINUOUS
10
5.5127014960629923
20
-4.3489092519685038
11
5.51252342519685
21
-4.3499191732283462
0
LINE
8
BLACK
6
CONTINUOUS
10
5.51252342519685
20
-4.3499191732283462
11
5.5112251181102359
21
-4.3514664173228343
0
LINE
8
BLACK
6
CONTINUOUS
10
5.5112251181102359
20
-4.3514664173228343
11
5.5092359842519683
21
-4.3518171653543307
0
LINE
8
BLACK
6
CONTINUOUS
10
5.5092359842519683
20
-4.3518171653543307
11
5.5074868110236217
21
-4.3508072440944883
0
LINE
8
BLACK
6
CONTINUOUS
10
5.5074868110236217
20
-4.3508072440944883
11
5.5067959842519683
21
-4.3489092519685038
0
LINE
8
BLACK
6
CONTINUOUS
10
5.5067959842519683
20
-4.3489092519685038
11
5.5067959842519683
21
-4.3413633070866142
0
LINE
8
BLACK
6
CONTINUOUS
10
5.5067959842519683
20
-4.3413633070866142
11
5.5052492913385827
21
-4.3413633070866142
0
LINE
8
BLACK
6
CONTINUOUS
10
5.5052492913385827
20
-4.3413633070866142
11
5.5042393700787402
21
-4.3411852362204719
0
LINE
8
BLACK
6
CONTINUOUS
10
5.5042393700787402
20
-4.3411852362204719
11
5.5026921259842521
21
-4.3398869291338578
0
LINE
8
BLACK
6
CONTINUOUS
10
5.5026921259842521
20
-4.3398869291338578
11
5.5023413779527557
21
-4.3378977952755902
0
LINE
8
BLACK
6
CONTINUOUS
10
5.5023413779527557
20
-4.3378977952755902
11
5.5033512992125981
21
-4.3361486220472436
0
LINE
8
BLACK
6
CONTINUOUS
10
5.5033512992125981
20
-4.3361486220472436
11
5.5052492913385827
21
-4.3354577952755902
0
LINE
8
BLACK
6
CONTINUOUS
10
5.5052492913385827
20
-4.3354577952755902
11
5.5067959842519683
21
-4.3354577952755902
0
LINE
8
BLACK
6
CONTINUOUS
10
5.5067959842519683
20
-4.3354577952755902
11
5.5067959842519683
21
-4.3279118503937006
0
LINE
8
BLACK
6
CONTINUOUS
10
5.5067959842519683
20
-4.3279118503937006
11
5.5069740551181097
21
-4.3269019291338582
0
LINE
8
BLACK
6
CONTINUOUS
10
5.5069740551181097
20
-4.3269019291338582
11
5.5082723622047247
21
-4.32535468503937
0
LINE
8
BLACK
6
CONTINUOUS
10
5.5082723622047247
20
-4.32535468503937
11
5.5102614960629923
21
-4.3250039370078737
0
LINE
8
BLACK
6
CONTINUOUS
10
5.5102614960629923
20
-4.3250039370078737
11
5.5120106692913389
21
-4.3260138582677161
0
LINE
8
BLACK
6
CONTINUOUS
10
5.5120106692913389
20
-4.3260138582677161
11
5.5127014960629923
21
-4.3279118503937006
0
LINE
8
BLACK
6
CONTINUOUS
10
5.5127014960629923
20
-4.3279118503937006
11
5.5127014960629923
21
-4.3354577952755902
0
LINE
8
BLACK
6
CONTINUOUS
10
5.5127014960629923
20
-4.3354577952755902
11
5.5206501574803148
21
-4.3354577952755902
0
LINE
8
BLACK
6
CONTINUOUS
10
5.5206501574803148
20
-4.3354577952755902
11
5.5144465748031495
21
-4.3168471259842516
0
LINE
8
BLACK
6
CONTINUOUS
10
5.5144465748031495
20
-4.3168471259842516
11
5.5142961417322836
21
-4.3158327165354331
0
LINE
8
BLACK
6
CONTINUOUS
10
5.5142961417322836
20
-4.3158327165354331
11
5.5150385433070861
21
-4.3139543307086612
0
LINE
8
BLACK
6
CONTINUOUS
10
5.5150385433070861
20
-4.3139543307086612
11
5.5168146850393702
21
-4.3129925590551181
0
LINE
8
BLACK
6
CONTINUOUS
10
5.5168146850393702
20
-4.3129925590551181
11
5.5187934645669294
21
-4.3133975196850391
0
LINE
8
BLACK
6
CONTINUOUS
10
5.5981227559055116
20
-4.3146385039370081
11
5.5996699999999997
21
-4.3159368110236223
0
LINE
8
BLACK
6
CONTINUOUS
10
5.5996699999999997
20
-4.3159368110236223
11
5.6000207480314961
21
-4.3179259448818899
0
LINE
8
BLACK
6
CONTINUOUS
10
5.6000207480314961
20
-4.3179259448818899
11
5.5990108267716536
21
-4.3196751181102364
0
LINE
8
BLACK
6
CONTINUOUS
10
5.5990108267716536
20
-4.3196751181102364
11
5.5971128346456691
21
-4.3203659448818899
0
LINE
8
BLACK
6
CONTINUOUS
10
5.5971128346456691
20
-4.3203659448818899
11
5.5805934251968505
21
-4.3203659448818899
0
LINE
8
BLACK
6
CONTINUOUS
10
5.5805934251968505
20
-4.3203659448818899
11
5.5923277952755903
21
-4.3477461023622048
0
LINE
8
BLACK
6
CONTINUOUS
10
5.5923277952755903
20
-4.3477461023622048
11
5.5925619291338577
21
-4.3487444881889763
0
LINE
8
BLACK
6
CONTINUOUS
10
5.5925619291338577
20
-4.3487444881889763
11
5.5919781102362203
21
-4.3506780708661417
0
LINE
8
BLACK
6
CONTINUOUS
10
5.5919781102362203
20
-4.3506780708661417
11
5.5902879527559053
21
-4.3517840157480316
0
LINE
8
BLACK
6
CONTINUOUS
10
5.5902879527559053
20
-4.3517840157480316
11
5.5882824015748032
21
-4.351544803149606
0
LINE
8
BLACK
6
CONTINUOUS
10
5.5882824015748032
20
-4.351544803149606
11
5.5868997637795275
21
-4.3500724015748027
0
LINE
8
BLACK
6
CONTINUOUS
10
5.5868997637795275
20
-4.3500724015748027
11
5.5734014173228346
21
-4.3185763385826768
0
LINE
8
BLACK
6
CONTINUOUS
10
5.5734014173228346
20
-4.3185763385826768
11
5.5731672834645671
21
-4.3175779133858265
0
LINE
8
BLACK
6
CONTINUOUS
10
5.5731672834645671
20
-4.3175779133858265
11
5.573268070866142
21
-4.3172439763779531
0
LINE
8
BLACK
6
CONTINUOUS
10
5.573268070866142
20
-4.3172439763779531
11
5.573207519685039
21
-4.3169004330708658
0
LINE
8
BLACK
6
CONTINUOUS
10
5.573207519685039
20
-4.3169004330708658
11
5.5735519685039367
21
-4.3163038188976373
0
LINE
8
BLACK
6
CONTINUOUS
10
5.5735519685039367
20
-4.3163038188976373
11
5.5737511023622046
21
-4.3156443700787399
0
LINE
8
BLACK
6
CONTINUOUS
10
5.5737511023622046
20
-4.3156443700787399
11
5.5740429921259844
21
-4.3154533464566924
0
LINE
8
BLACK
6
CONTINUOUS
10
5.5740429921259844
20
-4.3154533464566924
11
5.5742174409448815
21
-4.3151512598425192
0
LINE
8
BLACK
6
CONTINUOUS
10
5.5742174409448815
20
-4.3151512598425192
11
5.5748647637795274
21
-4.3149156299212601
0
LINE
8
BLACK
6
CONTINUOUS
10
5.5748647637795274
20
-4.3149156299212601
11
5.5754412598425196
21
-4.3145384251968499
0
LINE
8
BLACK
6
CONTINUOUS
10
5.5754412598425196
20
-4.3145384251968499
11
5.5757876377952753
21
-4.314579724409449
0
LINE
8
BLACK
6
CONTINUOUS
10
5.5757876377952753
20
-4.314579724409449
11
5.576115433070866
21
-4.3144604330708658
0
LINE
8
BLACK
6
CONTINUOUS
10
5.576115433070866
20
-4.3144604330708658
11
5.5971128346456691
21
-4.3144604330708658
0
LINE
8
BLACK
6
CONTINUOUS
10
5.5971128346456691
20
-4.3144604330708658
11
5.5981227559055116
21
-4.3146385039370081
0
LINE
8
BLACK
6
CONTINUOUS
10
5.6886739370078736
20
-4.2792054330708664
11
5.6902211811023617
21
-4.2805037401574806
0
LINE
8
BLACK
6
CONTINUOUS
10
5.6902211811023617
20
-4.2805037401574806
11
5.6905719291338581
21
-4.2824928740157482
0
LINE
8
BLACK
6
CONTINUOUS
10
5.6905719291338581
20
-4.2824928740157482
11
5.6895620078740157
21
-4.2842420472440947
0
LINE
8
BLACK
6
CONTINUOUS
10
5.6895620078740157
20
-4.2842420472440947
11
5.6876640157480312
21
-4.2849328740157482
0
LINE
8
BLACK
6
CONTINUOUS
10
5.6876640157480312
20
-4.2849328740157482
11
5.6746736220472442
21
-4.2849328740157482
0
LINE
8
BLACK
6
CONTINUOUS
10
5.6746736220472442
20
-4.2849328740157482
11
5.6808873228346455
21
-4.292034251968504
0
LINE
8
BLACK
6
CONTINUOUS
10
5.6808873228346455
20
-4.292034251968504
11
5.6811172440944882
21
-4.2924140944881888
0
LINE
8
BLACK
6
CONTINUOUS
10
5.6811172440944882
20
-4.2924140944881888
11
5.6812222834645665
21
-4.2925022440944884
0
LINE
8
BLACK
6
CONTINUOUS
10
5.6812222834645665
20
-4.2925022440944884
11
5.6812435039370079
21
-4.2926227165354334
0
LINE
8
BLACK
6
CONTINUOUS
10
5.6812435039370079
20
-4.2926227165354334
11
5.6814183464566925
21
-4.2929115354330705
0
LINE
8
BLACK
6
CONTINUOUS
10
5.6814183464566925
20
-4.2929115354330705
11
5.6814348031496058
21
-4.2937074803149606
0
LINE
8
BLACK
6
CONTINUOUS
10
5.6814348031496058
20
-4.2937074803149606
11
5.6815730314960629
21
-4.294491377952756
0
LINE
8
BLACK
6
CONTINUOUS
10
5.6815730314960629
20
-4.294491377952756
11
5.6814552362204722
21
-4.2946953543307087
0
LINE
8
BLACK
6
CONTINUOUS
10
5.6814552362204722
20
-4.2946953543307087
11
5.6814601181102358
21
-4.2949309055118112
0
LINE
8
BLACK
6
CONTINUOUS
10
5.6814601181102358
20
-4.2949309055118112
11
5.6809610629921261
21
-4.2955512598425196
0
LINE
8
BLACK
6
CONTINUOUS
10
5.6809610629921261
20
-4.2955512598425196
11
5.6805631102362204
21
-4.2962405511811026
0
LINE
8
BLACK
6
CONTINUOUS
10
5.6805631102362204
20
-4.2962405511811026
11
5.6803417716535431
21
-4.296321062992126
0
LINE
8
BLACK
6
CONTINUOUS
10
5.6803417716535431
20
-4.296321062992126
11
5.680194094488189
21
-4.2965047244094485
0
LINE
8
BLACK
6
CONTINUOUS
10
5.680194094488189
20
-4.2965047244094485
11
5.6794129921259842
21
-4.2966591338582676
0
LINE
8
BLACK
6
CONTINUOUS
10
5.6794129921259842
20
-4.2966591338582676
11
5.6786651181102359
21
-4.296931377952756
0
LINE
8
BLACK
6
CONTINUOUS
10
5.6786651181102359
20
-4.296931377952756
11
5.6748627559055116
21
-4.296931377952756
0
LINE
8
BLACK
6
CONTINUOUS
10
5.6748627559055116
20
-4.296931377952756
11
5.672915118110236
21
-4.2979051574803151
0
LINE
8
BLACK
6
CONTINUOUS
10
5.672915118110236
20
-4.2979051574803151
11
5.6720929921259842
21
-4.2987272834645669
0
LINE
8
BLACK
6
CONTINUOUS
10
5.6720929921259842
20
-4.2987272834645669
11
5.6711192125984251
21
-4.3006748818897638
0
LINE
8
BLACK
6
CONTINUOUS
10
5.6711192125984251
20
-4.3006748818897638
11
5.6711192125984251
21
-4.3067798818897636
0
LINE
8
BLACK
6
CONTINUOUS
10
5.6711192125984251
20
-4.3067798818897636
11
5.6720929921259842
21
-4.3087274409448817
0
LINE
8
BLACK
6
CONTINUOUS
10
5.6720929921259842
20
-4.3087274409448817
11
5.6729151574803147
21
-4.309549645669291
0
LINE
8
BLACK
6
CONTINUOUS
10
5.6729151574803147
20
-4.309549645669291
11
5.6748627559055116
21
-4.3105234251968501
0
LINE
8
BLACK
6
CONTINUOUS
10
5.6748627559055116
20
-4.3105234251968501
11
5.6824675196850389
21
-4.3105234251968501
0
LINE
8
BLACK
6
CONTINUOUS
10
5.6824675196850389
20
-4.3105234251968501
11
5.6844150787401571
21
-4.309549645669291
0
LINE
8
BLACK
6
CONTINUOUS
10
5.6844150787401571
20
-4.309549645669291
11
5.6855760629921255
21
-4.3083886614173226
0
LINE
8
BLACK
6
CONTINUOUS
10
5.6855760629921255
20
-4.3083886614173226
11
5.6864161023622044
21
-4.3078004330708657
0
LINE
8
BLACK
6
CONTINUOUS
10
5.6864161023622044
20
-4.3078004330708657
11
5.6884281889763777
21
-4.3076243700787398
0
LINE
8
BLACK
6
CONTINUOUS
10
5.6884281889763777
20
-4.3076243700787398
11
5.6900827559055118
21
-4.3087828740157477
0
LINE
8
BLACK
6
CONTINUOUS
10
5.6900827559055118
20
-4.3087828740157477
11
5.6906055118110235
21
-4.3107338582677164
0
LINE
8
BLACK
6
CONTINUOUS
10
5.6906055118110235
20
-4.3107338582677164
11
5.6897519685039368
21
-4.3125644094488189
0
LINE
8
BLACK
6
CONTINUOUS
10
5.6897519685039368
20
-4.3125644094488189
11
5.6882521653543305
21
-4.314064251968504
0
LINE
8
BLACK
6
CONTINUOUS
10
5.6882521653543305
20
-4.314064251968504
11
5.6875289763779522
21
-4.3145706299212598
0
LINE
8
BLACK
6
CONTINUOUS
10
5.6875289763779522
20
-4.3145706299212598
11
5.6874847244094484
21
-4.3146174015748029
0
LINE
8
BLACK
6
CONTINUOUS
10
5.6874847244094484
20
-4.3146174015748029
11
5.6844850787401571
21
-4.3161172047244092
0
LINE
8
BLACK
6
CONTINUOUS
10
5.6844850787401571
20
-4.3161172047244092
11
5.6835021259842522
21
-4.3164096062992128
0
LINE
8
BLACK
6
CONTINUOUS
10
5.6835021259842522
20
-4.3164096062992128
11
5.6833303937007873
21
-4.3163685433070862
0
LINE
8
BLACK
6
CONTINUOUS
10
5.6833303937007873
20
-4.3163685433070862
11
5.6831645669291335
21
-4.3164289370078741
0
LINE
8
BLACK
6
CONTINUOUS
10
5.6831645669291335
20
-4.3164289370078741
11
5.674165708661417
21
-4.3164289370078741
0
LINE
8
BLACK
6
CONTINUOUS
10
5.674165708661417
20
-4.3164289370078741
11
5.6731557874015746
21
-4.3162508661417318
0
LINE
8
BLACK
6
CONTINUOUS
10
5.6731557874015746
20
-4.3162508661417318
11
5.6730205118110231
21
-4.3161373622047243
0
LINE
8
BLACK
6
CONTINUOUS
10
5.6730205118110231
20
-4.3161373622047243
11
5.6728451968503935
21
-4.3161172047244092
0
LINE
8
BLACK
6
CONTINUOUS
10
5.6728451968503935
20
-4.3161172047244092
11
5.6698455511811021
21
-4.3146174015748029
0
LINE
8
BLACK
6
CONTINUOUS
10
5.6698455511811021
20
-4.3146174015748029
11
5.6691364173228349
21
-4.3140914173228344
0
LINE
8
BLACK
6
CONTINUOUS
10
5.6691364173228349
20
-4.3140914173228344
11
5.66907811023622
21
-4.314064251968504
0
LINE
8
BLACK
6
CONTINUOUS
10
5.66907811023622
20
-4.314064251968504
11
5.6675783070866137
21
-4.3125644094488189
0
LINE
8
BLACK
6
CONTINUOUS
10
5.6675783070866137
20
-4.3125644094488189
11
5.6670720078740153
21
-4.3118413385826768
0
LINE
8
BLACK
6
CONTINUOUS
10
5.6670720078740153
20
-4.3118413385826768
11
5.6670252362204723
21
-4.3117970472440943
0
LINE
8
BLACK
6
CONTINUOUS
10
5.6670252362204723
20
-4.3117970472440943
11
5.665525433070866
21
-4.3087974409448817
0
LINE
8
BLACK
6
CONTINUOUS
10
5.665525433070866
20
-4.3087974409448817
11
5.665233070866142
21
-4.3078144881889759
0
LINE
8
BLACK
6
CONTINUOUS
10
5.665233070866142
20
-4.3078144881889759
11
5.6652740551181102
21
-4.3076427952755907
0
LINE
8
BLACK
6
CONTINUOUS
10
5.6652740551181102
20
-4.3076427952755907
11
5.6652137007874011
21
-4.3074769291338582
0
LINE
8
BLACK
6
CONTINUOUS
10
5.6652137007874011
20
-4.3074769291338582
11
5.6652137007874011
21
-4.2999778740157479
0
LINE
8
BLACK
6
CONTINUOUS
10
5.6652137007874011
20
-4.2999778740157479
11
5.6653917716535434
21
-4.2989679527559055
0
LINE
8
BLACK
6
CONTINUOUS
10
5.6653917716535434
20
-4.2989679527559055
11
5.6655052362204721
21
-4.298832677165354
0
LINE
8
BLACK
6
CONTINUOUS
10
5.6655052362204721
20
-4.298832677165354
11
5.665525433070866
21
-4.2986573622047244
0
LINE
8
BLACK
6
CONTINUOUS
10
5.665525433070866
20
-4.2986573622047244
11
5.6670252362204723
21
-4.295657716535433
0
LINE
8
BLACK
6
CONTINUOUS
10
5.6670252362204723
20
-4.295657716535433
11
5.6675511417322832
21
-4.2949486220472437
0
LINE
8
BLACK
6
CONTINUOUS
10
5.6675511417322832
20
-4.2949486220472437
11
5.6675783464566925
21
-4.2948903149606297
0
LINE
8
BLACK
6
CONTINUOUS
10
5.6675783464566925
20
-4.2948903149606297
11
5.6690781496062987
21
-4.2933905118110234
0
LINE
8
BLACK
6
CONTINUOUS
10
5.6690781496062987
20
-4.2933905118110234
11
5.6698012204724408
21
-4.292884212598425
0
LINE
8
BLACK
6
CONTINUOUS
10
5.6698012204724408
20
-4.292884212598425
11
5.6698455511811021
21
-4.2928374015748032
0
LINE
8
BLACK
6
CONTINUOUS
10
5.6698455511811021
20
-4.2928374015748032
11
5.6725568503937005
21
-4.2914817322834642
0
LINE
8
BLACK
6
CONTINUOUS
10
5.6725568503937005
20
-4.2914817322834642
11
5.6659442913385822
21
-4.283924527559055
0
LINE
8
BLACK
6
CONTINUOUS
10
5.6659442913385822
20
-4.283924527559055
11
5.6657143700787405
21
-4.2835446456692914
0
LINE
8
BLACK
6
CONTINUOUS
10
5.6657143700787405
20
-4.2835446456692914
11
5.6656092913385825
21
-4.2834564960629917
0
LINE
8
BLACK
6
CONTINUOUS
10
5.6656092913385825
20
-4.2834564960629917
11
5.6655880314960632
21
-4.2833359055118105
0
LINE
8
BLACK
6
CONTINUOUS
10
5.6655880314960632
20
-4.2833359055118105
11
5.6654132677165352
21
-4.2830472047244097
0
LINE
8
BLACK
6
CONTINUOUS
10
5.6654132677165352
20
-4.2830472047244097
11
5.6653967716535432
21
-4.282251338582677
0
LINE
8
BLACK
6
CONTINUOUS
10
5.6653967716535432
20
-4.282251338582677
11
5.6652585433070861
21
-4.2814673622047241
0
LINE
8
BLACK
6
CONTINUOUS
10
5.6652585433070861
20
-4.2814673622047241
11
5.665376299212598
21
-4.2812633464566927
0
LINE
8
BLACK
6
CONTINUOUS
10
5.665376299212598
20
-4.2812633464566927
11
5.6653714566929132
21
-4.2810278346456689
0
LINE
8
BLACK
6
CONTINUOUS
10
5.6653714566929132
20
-4.2810278346456689
11
5.6658704330708662
21
-4.2804075196850393
0
LINE
8
BLACK
6
CONTINUOUS
10
5.6658704330708662
20
-4.2804075196850393
11
5.6662684645669286
21
-4.2797181889763776
0
LINE
8
BLACK
6
CONTINUOUS
10
5.6662684645669286
20
-4.2797181889763776
11
5.6664898031496058
21
-4.2796375984251966
0
LINE
8
BLACK
6
CONTINUOUS
10
5.6664898031496058
20
-4.2796375984251966
11
5.6666374803149608
21
-4.2794540551181104
0
LINE
8
BLACK
6
CONTINUOUS
10
5.6666374803149608
20
-4.2794540551181104
11
5.6674184251968507
21
-4.2792996062992126
0
LINE
8
BLACK
6
CONTINUOUS
10
5.6674184251968507
20
-4.2792996062992126
11
5.6681664566929131
21
-4.2790273622047241
0
LINE
8
BLACK
6
CONTINUOUS
10
5.6681664566929131
20
-4.2790273622047241
11
5.6876640157480312
21
-4.2790273622047241
0
LINE
8
BLACK
6
CONTINUOUS
10
5.6876640157480312
20
-4.2790273622047241
11
5.6886739370078736
21
-4.2792054330708664
0
LINE
8
BLACK
6
CONTINUOUS
10
5.70803094488189
20
-4.2791806299212594
11
5.7080953149606302
21
-4.2791788976377951
0
LINE
8
BLACK
6
CONTINUOUS
10
5.7080953149606302
20
-4.2791788976377951
11
5.7125947637795278
21
-4.2806787007874014
0
LINE
8
BLACK
6
CONTINUOUS
10
5.7125947637795278
20
-4.2806787007874014
11
5.7134965354330705
21
-4.2811669685039373
0
LINE
8
BLACK
6
CONTINUOUS
10
5.7134965354330705
20
-4.2811669685039373
11
5.7135889370078736
21
-4.2813174015748032
0
LINE
8
BLACK
6
CONTINUOUS
10
5.7135889370078736
20
-4.2813174015748032
11
5.7137489370078738
21
-4.2813920078740155
0
LINE
8
BLACK
6
CONTINUOUS
10
5.7137489370078738
20
-4.2813920078740155
11
5.7167485433070864
21
-4.2843916141732281
0
LINE
8
BLACK
6
CONTINUOUS
10
5.7167485433070864
20
-4.2843916141732281
11
5.7172549212598422
21
-4.2851147637795277
0
LINE
8
BLACK
6
CONTINUOUS
10
5.7172549212598422
20
-4.2851147637795277
11
5.7173016535433065
21
-4.2851590157480315
0
LINE
8
BLACK
6
CONTINUOUS
10
5.7173016535433065
20
-4.2851590157480315
11
5.7188014566929128
21
-4.2881586614173228
0
LINE
8
BLACK
6
CONTINUOUS
10
5.7188014566929128
20
-4.2881586614173228
11
5.7189467322834648
21
-4.2886470866141728
0
LINE
8
BLACK
6
CONTINUOUS
10
5.7189467322834648
20
-4.2886470866141728
11
5.719025039370079
21
-4.2887629921259842
0
LINE
8
BLACK
6
CONTINUOUS
10
5.719025039370079
20
-4.2887629921259842
11
5.720524881889764
21
-4.2947622834645669
0
LINE
8
BLACK
6
CONTINUOUS
10
5.720524881889764
20
-4.2947622834645669
11
5.7205663385826773
21
-4.295350157480315
0
LINE
8
BLACK
6
CONTINUOUS
10
5.7205663385826773
20
-4.295350157480315
11
5.7206130314960628
21
-4.2954784251968503
0
LINE
8
BLACK
6
CONTINUOUS
10
5.7206130314960628
20
-4.2954784251968503
11
5.7206130314960628
21
-4.2999778740157479
0
LINE
8
BLACK
6
CONTINUOUS
10
5.7206130314960628
20
-4.2999778740157479
11
5.7205106692913388
21
-4.300558228346457
0
LINE
8
BLACK
6
CONTINUOUS
10
5.7205106692913388
20
-4.300558228346457
11
5.720524881889764
21
-4.3006940157480313
0
LINE
8
BLACK
6
CONTINUOUS
10
5.720524881889764
20
-4.3006940157480313
11
5.719025039370079
21
-4.306693307086614
0
LINE
8
BLACK
6
CONTINUOUS
10
5.719025039370079
20
-4.306693307086614
11
5.7188174015748032
21
-4.3071587795275592
0
LINE
8
BLACK
6
CONTINUOUS
10
5.7188174015748032
20
-4.3071587795275592
11
5.7188014566929128
21
-4.3072976377952754
0
LINE
8
BLACK
6
CONTINUOUS
10
5.7188014566929128
20
-4.3072976377952754
11
5.7173016535433065
21
-4.310297244094488
0
LINE
8
BLACK
6
CONTINUOUS
10
5.7173016535433065
20
-4.310297244094488
11
5.7167757874015743
21
-4.3110062204724411
0
LINE
8
BLACK
6
CONTINUOUS
10
5.7167757874015743
20
-4.3110062204724411
11
5.7167485826771651
21
-4.3110646062992126
0
LINE
8
BLACK
6
CONTINUOUS
10
5.7167485826771651
20
-4.3110646062992126
11
5.7137489370078738
21
-4.3140642913385827
0
LINE
8
BLACK
6
CONTINUOUS
10
5.7137489370078738
20
-4.3140642913385827
11
5.7129089370078736
21
-4.3146524803149608
0
LINE
8
BLACK
6
CONTINUOUS
10
5.7129089370078736
20
-4.3146524803149608
11
5.712732992125984
21
-4.3146678346456691
0
LINE
8
BLACK
6
CONTINUOUS
10
5.712732992125984
20
-4.3146678346456691
11
5.7125947637795278
21
-4.3147775984251968
0
LINE
8
BLACK
6
CONTINUOUS
10
5.7125947637795278
20
-4.3147775984251968
11
5.7080953149606302
21
-4.3162774015748031
0
LINE
8
BLACK
6
CONTINUOUS
10
5.7080953149606302
20
-4.3162774015748031
11
5.7072221259842522
21
-4.316406850393701
0
LINE
8
BLACK
6
CONTINUOUS
10
5.7072221259842522
20
-4.316406850393701
11
5.7071615748031492
21
-4.3164289370078741
0
LINE
8
BLACK
6
CONTINUOUS
10
5.7071615748031492
20
-4.3164289370078741
11
5.7041619291338579
21
-4.3164289370078741
0
LINE
8
BLACK
6
CONTINUOUS
10
5.7041619291338579
20
-4.3164289370078741
11
5.7032925196850393
21
-4.3162756299212601
0
LINE
8
BLACK
6
CONTINUOUS
10
5.7032925196850393
20
-4.3162756299212601
11
5.7032281889763778
21
-4.3162774015748031
0
LINE
8
BLACK
6
CONTINUOUS
10
5.7032281889763778
20
-4.3162774015748031
11
5.698728779527559
21
-4.3147775984251968
0
LINE
8
BLACK
6
CONTINUOUS
10
5.698728779527559
20
-4.3147775984251968
11
5.6978270078740154
21
-4.3142892913385822
0
LINE
8
BLACK
6
CONTINUOUS
10
5.6978270078740154
20
-4.3142892913385822
11
5.6977346062992122
21
-4.314138897637795
0
LINE
8
BLACK
6
CONTINUOUS
10
5.6977346062992122
20
-4.314138897637795
11
5.6975746062992121
21
-4.3140642913385827
0
LINE
8
BLACK
6
CONTINUOUS
10
5.6975746062992121
20
-4.3140642913385827
11
5.696074763779527
21
-4.3125644488188977
0
LINE
8
BLACK
6
CONTINUOUS
10
5.696074763779527
20
-4.3125644488188977
11
5.6954865748031498
21
-4.3117244094488187
0
LINE
8
BLACK
6
CONTINUOUS
10
5.6954865748031498
20
-4.3117244094488187
11
5.6953105118110239
21
-4.3097123228346454
0
LINE
8
BLACK
6
CONTINUOUS
10
5.6953105118110239
20
-4.3097123228346454
11
5.6964690551181105
21
-4.3080577559055113
0
LINE
8
BLACK
6
CONTINUOUS
10
5.6964690551181105
20
-4.3080577559055113
11
5.6984199999999996
21
-4.3075350393700784
0
LINE
8
BLACK
6
CONTINUOUS
10
5.6984199999999996
20
-4.3075350393700784
11
5.7002505905511809
21
-4.3083886220472438
0
LINE
8
BLACK
6
CONTINUOUS
10
5.7002505905511809
20
-4.3083886220472438
11
5.7012575590551178
21
-4.3093955905511807
0
LINE
8
BLACK
6
CONTINUOUS
10
5.7012575590551178
20
-4.3093955905511807
11
5.7046410629921258
21
-4.3105234251968501
0
LINE
8
BLACK
6
CONTINUOUS
10
5.7046410629921258
20
-4.3105234251968501
11
5.7066824409448822
21
-4.3105234251968501
0
LINE
8
BLACK
6
CONTINUOUS
10
5.7066824409448822
20
-4.3105234251968501
11
5.7100659448818893
21
-4.3093955905511807
0
LINE
8
BLACK
6
CONTINUOUS
10
5.7100659448818893
20
-4.3093955905511807
11
5.7122338582677168
21
-4.3072276377952754
0
LINE
8
BLACK
6
CONTINUOUS
10
5.7122338582677168
20
-4.3072276377952754
11
5.7133744094488188
21
-4.3049465748031492
0
LINE
8
BLACK
6
CONTINUOUS
10
5.7133744094488188
20
-4.3049465748031492
11
5.7147075196850396
21
-4.2996142519685039
0
LINE
8
BLACK
6
CONTINUOUS
10
5.7147075196850396
20
-4.2996142519685039
11
5.7147075196850396
21
-4.2958420078740156
0
LINE
8
BLACK
6
CONTINUOUS
10
5.7147075196850396
20
-4.2958420078740156
11
5.7133744094488188
21
-4.2905096456692915
0
LINE
8
BLACK
6
CONTINUOUS
10
5.7133744094488188
20
-4.2905096456692915
11
5.7122338582677168
21
-4.2882285826771653
0
LINE
8
BLACK
6
CONTINUOUS
10
5.7122338582677168
20
-4.2882285826771653
11
5.7100659842519681
21
-4.2860607086614175
0
LINE
8
BLACK
6
CONTINUOUS
10
5.7100659842519681
20
-4.2860607086614175
11
5.7066824409448822
21
-4.2849328740157482
0
LINE
8
BLACK
6
CONTINUOUS
10
5.7066824409448822
20
-4.2849328740157482
11
5.7046410629921258
21
-4.2849328740157482
0
LINE
8
BLACK
6
CONTINUOUS
10
5.7046410629921258
20
-4.2849328740157482
11
5.701257519685039
21
-4.2860607086614175
0
LINE
8
BLACK
6
CONTINUOUS
10
5.701257519685039
20
-4.2860607086614175
11
5.7002505511811021
21
-4.2870676771653544
0
LINE
8
BLACK
6
CONTINUOUS
10
5.7002505511811021
20
-4.2870676771653544
11
5.6994105118110232
21
-4.2876558661417326
0
LINE
8
BLACK
6
CONTINUOUS
10
5.6994105118110232
20
-4.2876558661417326
11
5.6973984251968499
21
-4.287831850393701
0
LINE
8
BLACK
6
CONTINUOUS
10
5.6973984251968499
20
-4.287831850393701
11
5.6957438582677167
21
-4.2866733070866143
0
LINE
8
BLACK
6
CONTINUOUS
10
5.6957438582677167
20
-4.2866733070866143
11
5.6952211811023616
21
-4.2847223622047244
0
LINE
8
BLACK
6
CONTINUOUS
10
5.6952211811023616
20
-4.2847223622047244
11
5.6960748031496058
21
-4.2828917716535431
0
LINE
8
BLACK
6
CONTINUOUS
10
5.6960748031496058
20
-4.2828917716535431
11
5.6975746456692908
21
-4.2813919685039368
0
LINE
8
BLACK
6
CONTINUOUS
10
5.6975746456692908
20
-4.2813919685039368
11
5.6984146850393698
21
-4.2808037795275586
0
LINE
8
BLACK
6
CONTINUOUS
10
5.6984146850393698
20
-4.2808037795275586
11
5.6985905118110232
21
-4.2807883858267717
0
LINE
8
BLACK
6
CONTINUOUS
10
5.6985905118110232
20
-4.2807883858267717
11
5.698728779527559
21
-4.2806787007874014
0
LINE
8
BLACK
6
CONTINUOUS
10
5.698728779527559
20
-4.2806787007874014
11
5.7032281889763778
21
-4.2791788976377951
0
LINE
8
BLACK
6
CONTINUOUS
10
5.7032281889763778
20
-4.2791788976377951
11
5.7041013385826771
21
-4.2790494094488185
0
LINE
8
BLACK
6
CONTINUOUS
10
5.7041013385826771
20
-4.2790494094488185
11
5.7041619291338579
21
-4.2790273622047241
0
LINE
8
BLACK
6
CONTINUOUS
10
5.7041619291338579
20
-4.2790273622047241
11
5.7071615748031492
21
-4.2790273622047241
0
LINE
8
BLACK
6
CONTINUOUS
10
5.7071615748031492
20
-4.2790273622047241
11
5.70803094488189
21
-4.2791806299212594
0
LINE
8
BLACK
6
CONTINUOUS
10
6.2530977165354331
20
-4.2768384251968499
11
6.2538496062992124
21
-4.2791525590551176
0
LINE
8
BLACK
6
CONTINUOUS
10
6.2538496062992124
20
-4.2791525590551176
11
6.2538496062992124
21
-4.297900196850394
0
LINE
8
BLACK
6
CONTINUOUS
10
6.2538496062992124
20
-4.297900196850394
11
6.2536569291338582
21
-4.2984931889763782
0
LINE
8
BLACK
6
CONTINUOUS
10
6.2536569291338582
20
-4.2984931889763782
11
6.2536569291338582
21
-4.2991168110236222
0
LINE
8
BLACK
6
CONTINUOUS
10
6.2536569291338582
20
-4.2991168110236222
11
6.2532903937007873
21
-4.2996212598425192
0
LINE
8
BLACK
6
CONTINUOUS
10
6.2532903937007873
20
-4.2996212598425192
11
6.2530977165354331
21
-4.3002143307086609
0
LINE
8
BLACK
6
CONTINUOUS
10
6.2530977165354331
20
-4.3002143307086609
11
6.2525932283464565
21
-4.3005808267716539
0
LINE
8
BLACK
6
CONTINUOUS
10
6.2525932283464565
20
-4.3005808267716539
11
6.2522267322834644
21
-4.3010853149606296
0
LINE
8
BLACK
6
CONTINUOUS
10
6.2522267322834644
20
-4.3010853149606296
11
6.2516336614173227
21
-4.3012779921259838
0
LINE
8
BLACK
6
CONTINUOUS
10
6.2516336614173227
20
-4.3012779921259838
11
6.2511292125984248
21
-4.3016445275590547
0
LINE
8
BLACK
6
CONTINUOUS
10
6.2511292125984248
20
-4.3016445275590547
11
6.2505056299212596
21
-4.3016445275590547
0
LINE
8
BLACK
6
CONTINUOUS
10
6.2505056299212596
20
-4.3016445275590547
11
6.2499125984251966
21
-4.3018372047244098
0
LINE
8
BLACK
6
CONTINUOUS
10
6.2499125984251966
20
-4.3018372047244098
11
6.2105425196850392
21
-4.3018372047244098
0
LINE
8
BLACK
6
CONTINUOUS
10
6.2105425196850392
20
-4.3018372047244098
11
6.2082283858267715
21
-4.3010853149606296
0
LINE
8
BLACK
6
CONTINUOUS
10
6.2082283858267715
20
-4.3010853149606296
11
6.2067981889763777
21
-4.2991168110236222
0
LINE
8
BLACK
6
CONTINUOUS
10
6.2067981889763777
20
-4.2991168110236222
11
6.2067981889763777
21
-4.296683582677165
0
LINE
8
BLACK
6
CONTINUOUS
10
6.2067981889763777
20
-4.296683582677165
11
6.2082283858267715
21
-4.2947150787401576
0
LINE
8
BLACK
6
CONTINUOUS
10
6.2082283858267715
20
-4.2947150787401576
11
6.2105425196850392
21
-4.2939631889763783
0
LINE
8
BLACK
6
CONTINUOUS
10
6.2105425196850392
20
-4.2939631889763783
11
6.2272279527559053
21
-4.2939631889763783
0
LINE
8
BLACK
6
CONTINUOUS
10
6.2272279527559053
20
-4.2939631889763783
11
6.2272279527559053
21
-4.2847768503937003
0
LINE
8
BLACK
6
CONTINUOUS
10
6.2272279527559053
20
-4.2847768503937003
11
6.2279798425196846
21
-4.2824627165354325
0
LINE
8
BLACK
6
CONTINUOUS
10
6.2279798425196846
20
-4.2824627165354325
11
6.2299483464566929
21
-4.2810325196850396
0
LINE
8
BLACK
6
CONTINUOUS
10
6.2299483464566929
20
-4.2810325196850396
11
6.2323815748031492
21
-4.2810325196850396
0
LINE
8
BLACK
6
CONTINUOUS
10
6.2323815748031492
20
-4.2810325196850396
11
6.2343500787401576
21
-4.2824627165354325
0
LINE
8
BLACK
6
CONTINUOUS
10
6.2343500787401576
20
-4.2824627165354325
11
6.2351019685039368
21
-4.2847768503937003
0
LINE
8
BLACK
6
CONTINUOUS
10
6.2351019685039368
20
-4.2847768503937003
11
6.2351019685039368
21
-4.2939631889763783
0
LINE
8
BLACK
6
CONTINUOUS
10
6.2351019685039368
20
-4.2939631889763783
11
6.2459755905511809
21
-4.2939631889763783
0
LINE
8
BLACK
6
CONTINUOUS
10
6.2459755905511809
20
-4.2939631889763783
11
6.2459755905511809
21
-4.2791525590551176
0
LINE
8
BLACK
6
CONTINUOUS
10
6.2459755905511809
20
-4.2791525590551176
11
6.2467274803149602
21
-4.2768384251968499
0
LINE
8
BLACK
6
CONTINUOUS
10
6.2467274803149602
20
-4.2768384251968499
11
6.2486959842519685
21
-4.275408228346457
0
LINE
8
BLACK
6
CONTINUOUS
10
6.2486959842519685
20
-4.275408228346457
11
6.2511292125984248
21
-4.275408228346457
0
LINE
8
BLACK
6
CONTINUOUS
10
6.2511292125984248
20
-4.275408228346457
11
6.2530977165354331
21
-4.2768384251968499
0
LINE
8
BLACK
6
CONTINUOUS
10
5.7391299606299215
20
-4.2515980314960631
11
5.73929937007874
21
-4.2515871259842521
0
LINE
8
BLACK
6
CONTINUOUS
10
5.73929937007874
20
-4.2515871259842521
11
5.739989960629921
21
-4.2520945669291335
0
LINE
8
BLACK
6
CONTINUOUS
10
5.739989960629921
20
-4.2520945669291335
11
5.7407320866141731
21
-4.2525230708661415
0
LINE
8
BLACK
6
CONTINUOUS
10
5.7407320866141731
20
-4.2525230708661415
11
5.7407901181102359
21
-4.2526825590551178
0
LINE
8
BLACK
6
CONTINUOUS
10
5.7407901181102359
20
-4.2526825590551178
11
5.7409270078740153
21
-4.2527831496062989
0
LINE
8
BLACK
6
CONTINUOUS
10
5.7409270078740153
20
-4.2527831496062989
11
5.743764488188976
21
-4.2570393700787399
0
LINE
8
BLACK
6
CONTINUOUS
10
5.743764488188976
20
-4.2570393700787399
11
5.7462185039370075
21
-4.2594933464566926
0
LINE
8
BLACK
6
CONTINUOUS
10
5.7462185039370075
20
-4.2594933464566926
11
5.7487895669291333
21
-4.2607788976377954
0
LINE
8
BLACK
6
CONTINUOUS
10
5.7487895669291333
20
-4.2607788976377954
11
5.7496132283464565
21
-4.2613898031496058
0
LINE
8
BLACK
6
CONTINUOUS
10
5.7496132283464565
20
-4.2613898031496058
11
5.750416496062992
21
-4.263242992125984
0
LINE
8
BLACK
6
CONTINUOUS
10
5.750416496062992
20
-4.263242992125984
11
5.7498406692913386
21
-4.2651789763779524
0
LINE
8
BLACK
6
CONTINUOUS
10
5.7498406692913386
20
-4.2651789763779524
11
5.7481551181102359
21
-4.2662918503937011
0
LINE
8
BLACK
6
CONTINUOUS
10
5.7481551181102359
20
-4.2662918503937011
11
5.7461485433070862
21
-4.2660609448818896
0
LINE
8
BLACK
6
CONTINUOUS
10
5.7461485433070862
20
-4.2660609448818896
11
5.7431488976377949
21
-4.2645611417322833
0
LINE
8
BLACK
6
CONTINUOUS
10
5.7431488976377949
20
-4.2645611417322833
11
5.7424398425196852
21
-4.2640352362204723
0
LINE
8
BLACK
6
CONTINUOUS
10
5.7424398425196852
20
-4.2640352362204723
11
5.7423814960629924
21
-4.2640080314960631
0
LINE
8
BLACK
6
CONTINUOUS
10
5.7423814960629924
20
-4.2640080314960631
11
5.7414229133858266
21
-4.2630494094488185
0
LINE
8
BLACK
6
CONTINUOUS
10
5.7414229133858266
20
-4.2630494094488185
11
5.7414229133858266
21
-4.2829643700787399
0
LINE
8
BLACK
6
CONTINUOUS
10
5.7414229133858266
20
-4.2829643700787399
11
5.7474690551181098
21
-4.2829643700787399
0
LINE
8
BLACK
6
CONTINUOUS
10
5.7474690551181098
20
-4.2829643700787399
11
5.7484789763779522
21
-4.2831424409448822
0
LINE
8
BLACK
6
CONTINUOUS
10
5.7484789763779522
20
-4.2831424409448822
11
5.7500262204724404
21
-4.2844407480314963
0
LINE
8
BLACK
6
CONTINUOUS
10
5.7500262204724404
20
-4.2844407480314963
11
5.7503769685039368
21
-4.2864298818897639
0
LINE
8
BLACK
6
CONTINUOUS
10
5.7503769685039368
20
-4.2864298818897639
11
5.7493670472440943
21
-4.2881790551181105
0
LINE
8
BLACK
6
CONTINUOUS
10
5.7493670472440943
20
-4.2881790551181105
11
5.7474690551181098
21
-4.2888698818897639
0
LINE
8
BLACK
6
CONTINUOUS
10
5.7474690551181098
20
-4.2888698818897639
11
5.729471299212598
21
-4.2888698818897639
0
LINE
8
BLACK
6
CONTINUOUS
10
5.729471299212598
20
-4.2888698818897639
11
5.7284613779527556
21
-4.2886918110236216
0
LINE
8
BLACK
6
CONTINUOUS
10
5.7284613779527556
20
-4.2886918110236216
11
5.7269141338582674
21
-4.2873935039370075
0
LINE
8
BLACK
6
CONTINUOUS
10
5.7269141338582674
20
-4.2873935039370075
11
5.7265633858267719
21
-4.2854043700787399
0
LINE
8
BLACK
6
CONTINUOUS
10
5.7265633858267719
20
-4.2854043700787399
11
5.7275733070866144
21
-4.2836551968503933
0
LINE
8
BLACK
6
CONTINUOUS
10
5.7275733070866144
20
-4.2836551968503933
11
5.729471299212598
21
-4.2829643700787399
0
LINE
8
BLACK
6
CONTINUOUS
10
5.729471299212598
20
-4.2829643700787399
11
5.7355174015748034
21
-4.2829643700787399
0
LINE
8
BLACK
6
CONTINUOUS
10
5.7355174015748034
20
-4.2829643700787399
11
5.7355174015748034
21
-4.254421062992126
0
LINE
8
BLACK
6
CONTINUOUS
10
5.7355174015748034
20
-4.254421062992126
11
5.7356954724409448
21
-4.2534111417322835
0
LINE
8
BLACK
6
CONTINUOUS
10
5.7356954724409448
20
-4.2534111417322835
11
5.7358046062992125
21
-4.2532810629921256
0
LINE
8
BLACK
6
CONTINUOUS
10
5.7358046062992125
20
-4.2532810629921256
11
5.7358232677165351
21
-4.2531123228346459
0
LINE
8
BLACK
6
CONTINUOUS
10
5.7358232677165351
20
-4.2531123228346459
11
5.7364429527559055
21
-4.2525202755905509
0
LINE
8
BLACK
6
CONTINUOUS
10
5.7364429527559055
20
-4.2525202755905509
11
5.736993779527559
21
-4.2518638976377954
0
LINE
8
BLACK
6
CONTINUOUS
10
5.736993779527559
20
-4.2518638976377954
11
5.7371609448818894
21
-4.2518344094488185
0
LINE
8
BLACK
6
CONTINUOUS
10
5.7371609448818894
20
-4.2518344094488185
11
5.7372837401574799
21
-4.2517171259842517
0
LINE
8
BLACK
6
CONTINUOUS
10
5.7372837401574799
20
-4.2517171259842517
11
5.7381389370078741
21
-4.251661968503937
0
LINE
8
BLACK
6
CONTINUOUS
10
5.7381389370078741
20
-4.251661968503937
11
5.7389829133858266
21
-4.251513149606299
0
LINE
8
BLACK
6
CONTINUOUS
10
5.7389829133858266
20
-4.251513149606299
11
5.7391299606299215
21
-4.2515980314960631
0
LINE
8
BLACK
6
CONTINUOUS
10
5.7778487795275586
20
-4.2515359055118109
11
5.7779780314960627
21
-4.251513149606299
0
LINE
8
BLACK
6
CONTINUOUS
10
5.7779780314960627
20
-4.251513149606299
11
5.7780916141732286
21
-4.2515787401574805
0
LINE
8
BLACK
6
CONTINUOUS
10
5.7780916141732286
20
-4.2515787401574805
11
5.778475196850394
21
-4.2516463779527562
0
LINE
8
BLACK
6
CONTINUOUS
10
5.778475196850394
20
-4.2516463779527562
11
5.7790628740157475
21
-4.252139488188976
0
LINE
8
BLACK
6
CONTINUOUS
10
5.7790628740157475
20
-4.252139488188976
11
5.7797272047244093
21
-4.2525230708661415
0
LINE
8
BLACK
6
CONTINUOUS
10
5.7797272047244093
20
-4.2525230708661415
11
5.7798183070866145
21
-4.2527733858267718
0
LINE
8
BLACK
6
CONTINUOUS
10
5.7798183070866145
20
-4.2527733858267718
11
5.7800224409448822
21
-4.2529446850393704
0
LINE
8
BLACK
6
CONTINUOUS
10
5.7800224409448822
20
-4.2529446850393704
11
5.7801556692913385
21
-4.2537002362204728
0
LINE
8
BLACK
6
CONTINUOUS
10
5.7801556692913385
20
-4.2537002362204728
11
5.7804180314960627
21
-4.254421062992126
0
LINE
8
BLACK
6
CONTINUOUS
10
5.7804180314960627
20
-4.254421062992126
11
5.7804180314960627
21
-4.2859171259842519
0
LINE
8
BLACK
6
CONTINUOUS
10
5.7804180314960627
20
-4.2859171259842519
11
5.780350393700787
21
-4.2863006299212598
0
LINE
8
BLACK
6
CONTINUOUS
10
5.780350393700787
20
-4.2863006299212598
11
5.7803731889763776
21
-4.2864298818897639
0
LINE
8
BLACK
6
CONTINUOUS
10
5.7803731889763776
20
-4.2864298818897639
11
5.7803075590551183
21
-4.2865434645669289
0
LINE
8
BLACK
6
CONTINUOUS
10
5.7803075590551183
20
-4.2865434645669289
11
5.7802399606299213
21
-4.2869270472440943
0
LINE
8
BLACK
6
CONTINUOUS
10
5.7802399606299213
20
-4.2869270472440943
11
5.7797468110236219
21
-4.2875147244094487
0
LINE
8
BLACK
6
CONTINUOUS
10
5.7797468110236219
20
-4.2875147244094487
11
5.7793632677165352
21
-4.2881790551181105
0
LINE
8
BLACK
6
CONTINUOUS
10
5.7793632677165352
20
-4.2881790551181105
11
5.779112913385827
21
-4.2882701574803148
0
LINE
8
BLACK
6
CONTINUOUS
10
5.779112913385827
20
-4.2882701574803148
11
5.7789416535433071
21
-4.2884742913385825
0
LINE
8
BLACK
6
CONTINUOUS
10
5.7789416535433071
20
-4.2884742913385825
11
5.778186062992126
21
-4.2886075196850388
0
LINE
8
BLACK
6
CONTINUOUS
10
5.778186062992126
20
-4.2886075196850388
11
5.7774652755905507
21
-4.2888698818897639
0
LINE
8
BLACK
6
CONTINUOUS
10
5.7774652755905507
20
-4.2888698818897639
11
5.7654667716535428
21
-4.2888698818897639
0
LINE
8
BLACK
6
CONTINUOUS
10
5.7654667716535428
20
-4.2888698818897639
11
5.7644568503937004
21
-4.2886918110236216
0
LINE
8
BLACK
6
CONTINUOUS
10
5.7644568503937004
20
-4.2886918110236216
11
5.7643215748031498
21
-4.2885783070866141
0
LINE
8
BLACK
6
CONTINUOUS
10
5.7643215748031498
20
-4.2885783070866141
11
5.7641462598425193
21
-4.288558149606299
0
LINE
8
BLACK
6
CONTINUOUS
10
5.7641462598425193
20
-4.288558149606299
11
5.7611466535433067
21
-4.2870583464566927
0
LINE
8
BLACK
6
CONTINUOUS
10
5.7611466535433067
20
-4.2870583464566927
11
5.7604375196850395
21
-4.2865323622047242
0
LINE
8
BLACK
6
CONTINUOUS
10
5.7604375196850395
20
-4.2865323622047242
11
5.7603792125984254
21
-4.2865051968503938
0
LINE
8
BLACK
6
CONTINUOUS
10
5.7603792125984254
20
-4.2865051968503938
11
5.7588794094488192
21
-4.2850053543307087
0
LINE
8
BLACK
6
CONTINUOUS
10
5.7588794094488192
20
-4.2850053543307087
11
5.7583731102362208
21
-4.2842822834645666
0
LINE
8
BLACK
6
CONTINUOUS
10
5.7583731102362208
20
-4.2842822834645666
11
5.7583263385826768
21
-4.2842379921259841
0
LINE
8
BLACK
6
CONTINUOUS
10
5.7583263385826768
20
-4.2842379921259841
11
5.7568264960629918
21
-4.2812384251968503
0
LINE
8
BLACK
6
CONTINUOUS
10
5.7568264960629918
20
-4.2812384251968503
11
5.7565341338582678
21
-4.2802554724409445
0
LINE
8
BLACK
6
CONTINUOUS
10
5.7565341338582678
20
-4.2802554724409445
11
5.756575118110236
21
-4.2800837401574805
0
LINE
8
BLACK
6
CONTINUOUS
10
5.756575118110236
20
-4.2800837401574805
11
5.7565147637795278
21
-4.279917874015748
0
LINE
8
BLACK
6
CONTINUOUS
10
5.7565147637795278
20
-4.279917874015748
11
5.7565147637795278
21
-4.2754184251968503
0
LINE
8
BLACK
6
CONTINUOUS
10
5.7565147637795278
20
-4.2754184251968503
11
5.7566928346456692
21
-4.2744085039370079
0
LINE
8
BLACK
6
CONTINUOUS
10
5.7566928346456692
20
-4.2744085039370079
11
5.7568062992125979
21
-4.2742732283464564
0
LINE
8
BLACK
6
CONTINUOUS
10
5.7568062992125979
20
-4.2742732283464564
11
5.7568264960629918
21
-4.274097874015748
0
LINE
8
BLACK
6
CONTINUOUS
10
5.7568264960629918
20
-4.274097874015748
11
5.7583263385826768
21
-4.2710983070866142
0
LINE
8
BLACK
6
CONTINUOUS
10
5.7583263385826768
20
-4.2710983070866142
11
5.7588521259842516
21
-4.2703894094488186
0
LINE
8
BLACK
6
CONTINUOUS
10
5.7588521259842516
20
-4.2703894094488186
11
5.7588794094488192
21
-4.2703309448818896
0
LINE
8
BLACK
6
CONTINUOUS
10
5.7588794094488192
20
-4.2703309448818896
11
5.7603792125984254
21
-4.2688311023622045
0
LINE
8
BLACK
6
CONTINUOUS
10
5.7603792125984254
20
-4.2688311023622045
11
5.7605695669291341
21
-4.2686977952755907
0
LINE
8
BLACK
6
CONTINUOUS
10
5.7605695669291341
20
-4.2686977952755907
11
5.7603792519685042
21
-4.2685074803149607
0
LINE
8
BLACK
6
CONTINUOUS
10
5.7603792519685042
20
-4.2685074803149607
11
5.7598729527559049
21
-4.2677843700787399
0
LINE
8
BLACK
6
CONTINUOUS
10
5.7598729527559049
20
-4.2677843700787399
11
5.7598261417322831
21
-4.2677400787401574
0
LINE
8
BLACK
6
CONTINUOUS
10
5.7598261417322831
20
-4.2677400787401574
11
5.7583263385826768
21
-4.264740433070866
0
LINE
8
BLACK
6
CONTINUOUS
10
5.7583263385826768
20
-4.264740433070866
11
5.7580339370078741
21
-4.2637574803149603
0
LINE
8
BLACK
6
CONTINUOUS
10
5.7580339370078741
20
-4.2637574803149603
11
5.7580749606299211
21
-4.2635857480314963
0
LINE
8
BLACK
6
CONTINUOUS
10
5.7580749606299211
20
-4.2635857480314963
11
5.7580146062992128
21
-4.2634199212598425
0
LINE
8
BLACK
6
CONTINUOUS
10
5.7580146062992128
20
-4.2634199212598425
11
5.7580146062992128
21
-4.2604203149606299
0
LINE
8
BLACK
6
CONTINUOUS
10
5.7580146062992128
20
-4.2604203149606299
11
5.7581926771653542
21
-4.2594103937007874
0
LINE
8
BLACK
6
CONTINUOUS
10
5.7581926771653542
20
-4.2594103937007874
11
5.7583061417322829
21
-4.259275118110236
0
LINE
8
BLACK
6
CONTINUOUS
10
5.7583061417322829
20
-4.259275118110236
11
5.7583263385826768
21
-4.2590998031496063
0
LINE
8
BLACK
6
CONTINUOUS
10
5.7583263385826768
20
-4.2590998031496063
11
5.7598261417322831
21
-4.256100157480315
0
LINE
8
BLACK
6
CONTINUOUS
10
5.7598261417322831
20
-4.256100157480315
11
5.7603520472440941
21
-4.2553910629921257
0
LINE
8
BLACK
6
CONTINUOUS
10
5.7603520472440941
20
-4.2553910629921257
11
5.7603792519685042
21
-4.2553327559055116
0
LINE
8
BLACK
6
CONTINUOUS
10
5.7603792519685042
20
-4.2553327559055116
11
5.7618790551181105
21
-4.2538329527559053
0
LINE
8
BLACK
6
CONTINUOUS
10
5.7618790551181105
20
-4.2538329527559053
11
5.7626021259842517
21
-4.253326653543307
0
LINE
8
BLACK
6
CONTINUOUS
10
5.7626021259842517
20
-4.253326653543307
11
5.762646456692913
21
-4.2532798425196852
0
LINE
8
BLACK
6
CONTINUOUS
10
5.762646456692913
20
-4.2532798425196852
11
5.7656461023622043
21
-4.2517800393700789
0
LINE
8
BLACK
6
CONTINUOUS
10
5.7656461023622043
20
-4.2517800393700789
11
5.7666290551181101
21
-4.2514876377952753
0
LINE
8
BLACK
6
CONTINUOUS
10
5.7666290551181101
20
-4.2514876377952753
11
5.7668007480314962
21
-4.2515286614173231
0
LINE
8
BLACK
6
CONTINUOUS
10
5.7668007480314962
20
-4.2515286614173231
11
5.7669666141732279
21
-4.2514683070866139
0
LINE
8
BLACK
6
CONTINUOUS
10
5.7669666141732279
20
-4.2514683070866139
11
5.7774652755905507
21
-4.2514683070866139
0
LINE
8
BLACK
6
CONTINUOUS
10
5.7774652755905507
20
-4.2514683070866139
11
5.7778487795275586
21
-4.2515359055118109
0
LINE
8
BLACK
6
CONTINUOUS
10
5.764062204724409
20
-4.273499724409449
11
5.76339405511811
21
-4.2741679133858268
0
LINE
8
BLACK
6
CONTINUOUS
10
5.76339405511811
20
-4.2741679133858268
11
5.7624202755905509
21
-4.2761155118110237
0
LINE
8
BLACK
6
CONTINUOUS
10
5.7624202755905509
20
-4.2761155118110237
11
5.7624202755905509
21
-4.2792207874015746
0
LINE
8
BLACK
6
CONTINUOUS
10
5.7624202755905509
20
-4.2792207874015746
11
5.76339405511811
21
-4.2811683464566928
0
LINE
8
BLACK
6
CONTINUOUS
10
5.76339405511811
20
-4.2811683464566928
11
5.7642162598425193
21
-4.2819905905511808
0
LINE
8
BLACK
6
CONTINUOUS
10
5.7642162598425193
20
-4.2819905905511808
11
5.7661638188976374
21
-4.2829643700787399
0
LINE
8
BLACK
6
CONTINUOUS
10
5.7661638188976374
20
-4.2829643700787399
11
5.7745125196850395
21
-4.2829643700787399
0
LINE
8
BLACK
6
CONTINUOUS
10
5.7745125196850395
20
-4.2829643700787399
11
5.7745125196850395
21
-4.2723719291338584
0
LINE
8
BLACK
6
CONTINUOUS
10
5.7745125196850395
20
-4.2723719291338584
11
5.7674457480314958
21
-4.2723719291338584
0
LINE
8
BLACK
6
CONTINUOUS
10
5.7674457480314958
20
-4.2723719291338584
11
5.764062204724409
21
-4.273499724409449
0
LINE
8
BLACK
6
CONTINUOUS
10
5.7657160236220468
20
-4.2583475984251971
11
5.764893897637795
21
-4.2591697244094489
0
LINE
8
BLACK
6
CONTINUOUS
10
5.764893897637795
20
-4.2591697244094489
11
5.763920118110236
21
-4.2611173228346457
0
LINE
8
BLACK
6
CONTINUOUS
10
5.763920118110236
20
-4.2611173228346457
11
5.763920118110236
21
-4.2627228740157479
0
LINE
8
BLACK
6
CONTINUOUS
10
5.763920118110236
20
-4.2627228740157479
11
5.764893897637795
21
-4.2646704724409448
0
LINE
8
BLACK
6
CONTINUOUS
10
5.764893897637795
20
-4.2646704724409448
11
5.7657160236220468
21
-4.2654925984251966
0
LINE
8
BLACK
6
CONTINUOUS
10
5.7657160236220468
20
-4.2654925984251966
11
5.7676636614173225
21
-4.2664664173228344
0
LINE
8
BLACK
6
CONTINUOUS
10
5.7676636614173225
20
-4.2664664173228344
11
5.7745125196850395
21
-4.2664664173228344
0
LINE
8
BLACK
6
CONTINUOUS
10
5.7745125196850395
20
-4.2664664173228344
11
5.7745125196850395
21
-4.257373818897638
0
LINE
8
BLACK
6
CONTINUOUS
10
5.7745125196850395
20
-4.257373818897638
11
5.7676636614173225
21
-4.257373818897638
0
LINE
8
BLACK
6
CONTINUOUS
10
5.7676636614173225
20
-4.257373818897638
11
5.7657160236220468
21
-4.2583475984251971
0
LINE
8
BLACK
6
CONTINUOUS
10
5.8048453937007869
20
-4.2515359055118109
11
5.804974645669291
21
-4.251513149606299
0
LINE
8
BLACK
6
CONTINUOUS
10
5.804974645669291
20
-4.251513149606299
11
5.8050882283464569
21
-4.2515787401574805
0
LINE
8
BLACK
6
CONTINUOUS
10
5.8050882283464569
20
-4.2515787401574805
11
5.8054718110236223
21
-4.2516463779527562
0
LINE
8
BLACK
6
CONTINUOUS
10
5.8054718110236223
20
-4.2516463779527562
11
5.8060594881889767
21
-4.252139488188976
0
LINE
8
BLACK
6
CONTINUOUS
10
5.8060594881889767
20
-4.252139488188976
11
5.8067238188976376
21
-4.2525230708661415
0
LINE
8
BLACK
6
CONTINUOUS
10
5.8067238188976376
20
-4.2525230708661415
11
5.8068149212598428
21
-4.2527733858267718
0
LINE
8
BLACK
6
CONTINUOUS
10
5.8068149212598428
20
-4.2527733858267718
11
5.8070190551181105
21
-4.2529446850393704
0
LINE
8
BLACK
6
CONTINUOUS
10
5.8070190551181105
20
-4.2529446850393704
11
5.8071522834645668
21
-4.2537002362204728
0
LINE
8
BLACK
6
CONTINUOUS
10
5.8071522834645668
20
-4.2537002362204728
11
5.807414645669291
21
-4.254421062992126
0
LINE
8
BLACK
6
CONTINUOUS
10
5.807414645669291
20
-4.254421062992126
11
5.807414645669291
21
-4.2859171259842519
0
LINE
8
BLACK
6
CONTINUOUS
10
5.807414645669291
20
-4.2859171259842519
11
5.8072365748031496
21
-4.2869270472440943
0
LINE
8
BLACK
6
CONTINUOUS
10
5.8072365748031496
20
-4.2869270472440943
11
5.8059382677165354
21
-4.2884742913385825
0
LINE
8
BLACK
6
CONTINUOUS
10
5.8059382677165354
20
-4.2884742913385825
11
5.8039491338582678
21
-4.2888250393700789
0
LINE
8
BLACK
6
CONTINUOUS
10
5.8039491338582678
20
-4.2888250393700789
11
5.8021999606299213
21
-4.2878151181102364
0
LINE
8
BLACK
6
CONTINUOUS
10
5.8021999606299213
20
-4.2878151181102364
11
5.8015091338582678
21
-4.2859171259842519
0
LINE
8
BLACK
6
CONTINUOUS
10
5.8015091338582678
20
-4.2859171259842519
11
5.8015091338582678
21
-4.2723719291338584
0
LINE
8
BLACK
6
CONTINUOUS
10
5.8015091338582678
20
-4.2723719291338584
11
5.7939632283464562
21
-4.2723719291338584
0
LINE
8
BLACK
6
CONTINUOUS
10
5.7939632283464562
20
-4.2723719291338584
11
5.7929533070866137
21
-4.2721938582677161
0
LINE
8
BLACK
6
CONTINUOUS
10
5.7929533070866137
20
-4.2721938582677161
11
5.7914060629921256
21
-4.270895551181102
0
LINE
8
BLACK
6
CONTINUOUS
10
5.7914060629921256
20
-4.270895551181102
11
5.7910553149606301
21
-4.2689064173228344
0
LINE
8
BLACK
6
CONTINUOUS
10
5.7910553149606301
20
-4.2689064173228344
11
5.7920652362204725
21
-4.2671572440944878
0
LINE
8
BLACK
6
CONTINUOUS
10
5.7920652362204725
20
-4.2671572440944878
11
5.7939632283464562
21
-4.2664664173228344
0
LINE
8
BLACK
6
CONTINUOUS
10
5.7939632283464562
20
-4.2664664173228344
11
5.8015091338582678
21
-4.2664664173228344
0
LINE
8
BLACK
6
CONTINUOUS
10
5.8015091338582678
20
-4.2664664173228344
11
5.8015091338582678
21
-4.257373818897638
0
LINE
8
BLACK
6
CONTINUOUS
10
5.8015091338582678
20
-4.257373818897638
11
5.7894637795275585
21
-4.257373818897638
0
LINE
8
BLACK
6
CONTINUOUS
10
5.7894637795275585
20
-4.257373818897638
11
5.7884538582677161
21
-4.2571957480314957
0
LINE
8
BLACK
6
CONTINUOUS
10
5.7884538582677161
20
-4.2571957480314957
11
5.7869066141732279
21
-4.2558974409448815
0
LINE
8
BLACK
6
CONTINUOUS
10
5.7869066141732279
20
-4.2558974409448815
11
5.7865558661417325
21
-4.2539083070866139
0
LINE
8
BLACK
6
CONTINUOUS
10
5.7865558661417325
20
-4.2539083070866139
11
5.7875657874015749
21
-4.2521591338582674
0
LINE
8
BLACK
6
CONTINUOUS
10
5.7875657874015749
20
-4.2521591338582674
11
5.7894637795275585
21
-4.2514683070866139
0
LINE
8
BLACK
6
CONTINUOUS
10
5.7894637795275585
20
-4.2514683070866139
11
5.804461889763779
21
-4.2514683070866139
0
LINE
8
BLACK
6
CONTINUOUS
10
5.804461889763779
20
-4.2514683070866139
11
5.8048453937007869
21
-4.2515359055118109
0
LINE
8
BLACK
6
CONTINUOUS
10
6.4070525984251967
20
-4.2592543700787404
11
6.4085524409448817
21
-4.2607541732283467
0
LINE
8
BLACK
6
CONTINUOUS
10
6.4085524409448817
20
-4.2607541732283467
11
6.4090588188976376
21
-4.2614773228346454
0
LINE
8
BLACK
6
CONTINUOUS
10
6.4090588188976376
20
-4.2614773228346454
11
6.4091055905511807
21
-4.2615216141732279
0
LINE
8
BLACK
6
CONTINUOUS
10
6.4091055905511807
20
-4.2615216141732279
11
6.410605393700787
21
-4.2645212598425193
0
LINE
8
BLACK
6
CONTINUOUS
10
6.410605393700787
20
-4.2645212598425193
11
6.4108977952755906
21
-4.265504212598425
0
LINE
8
BLACK
6
CONTINUOUS
10
6.4108977952755906
20
-4.265504212598425
11
6.4108567322834649
21
-4.2656759055118112
0
LINE
8
BLACK
6
CONTINUOUS
10
6.4108567322834649
20
-4.2656759055118112
11
6.4109171259842519
21
-4.2658417716535428
0
LINE
8
BLACK
6
CONTINUOUS
10
6.4109171259842519
20
-4.2658417716535428
11
6.4109171259842519
21
-4.2748406299212593
0
LINE
8
BLACK
6
CONTINUOUS
10
6.4109171259842519
20
-4.2748406299212593
11
6.4107390551181105
21
-4.2758505511811027
0
LINE
8
BLACK
6
CONTINUOUS
10
6.4107390551181105
20
-4.2758505511811027
11
6.4106255511811021
21
-4.2759857874015745
0
LINE
8
BLACK
6
CONTINUOUS
10
6.4106255511811021
20
-4.2759857874015745
11
6.410605393700787
21
-4.2761611417322838
0
LINE
8
BLACK
6
CONTINUOUS
10
6.410605393700787
20
-4.2761611417322838
11
6.4091055905511807
21
-4.2791607874015751
0
LINE
8
BLACK
6
CONTINUOUS
10
6.4091055905511807
20
-4.2791607874015751
11
6.4085796062992122
21
-4.2798698818897636
0
LINE
8
BLACK
6
CONTINUOUS
10
6.4085796062992122
20
-4.2798698818897636
11
6.4085524409448817
21
-4.2799282283464564
0
LINE
8
BLACK
6
CONTINUOUS
10
6.4085524409448817
20
-4.2799282283464564
11
6.4070525984251967
21
-4.2814280314960627
0
LINE
8
BLACK
6
CONTINUOUS
10
6.4070525984251967
20
-4.2814280314960627
11
6.4063295275590546
21
-4.2819342913385823
0
LINE
8
BLACK
6
CONTINUOUS
10
6.4063295275590546
20
-4.2819342913385823
11
6.4062852362204721
21
-4.281981102362205
0
LINE
8
BLACK
6
CONTINUOUS
10
6.4062852362204721
20
-4.281981102362205
11
6.4032856299212595
21
-4.2834809055118113
0
LINE
8
BLACK
6
CONTINUOUS
10
6.4032856299212595
20
-4.2834809055118113
11
6.4023026771653546
21
-4.2837732677165352
0
LINE
8
BLACK
6
CONTINUOUS
10
6.4023026771653546
20
-4.2837732677165352
11
6.4021309842519685
21
-4.2837322440944883
0
LINE
8
BLACK
6
CONTINUOUS
10
6.4021309842519685
20
-4.2837322440944883
11
6.4019651181102359
21
-4.2837926377952753
0
LINE
8
BLACK
6
CONTINUOUS
10
6.4019651181102359
20
-4.2837926377952753
11
6.3944660629921257
21
-4.2837926377952753
0
LINE
8
BLACK
6
CONTINUOUS
10
6.3944660629921257
20
-4.2837926377952753
11
6.3934561417322833
21
-4.2836145669291339
0
LINE
8
BLACK
6
CONTINUOUS
10
6.3934561417322833
20
-4.2836145669291339
11
6.3933208661417318
21
-4.2835010629921255
0
LINE
8
BLACK
6
CONTINUOUS
10
6.3933208661417318
20
-4.2835010629921255
11
6.3931455511811022
21
-4.2834809055118113
0
LINE
8
BLACK
6
CONTINUOUS
10
6.3931455511811022
20
-4.2834809055118113
11
6.3901459055118108
21
-4.281981102362205
0
LINE
8
BLACK
6
CONTINUOUS
10
6.3901459055118108
20
-4.281981102362205
11
6.3894368110236215
21
-4.281455196850394
0
LINE
8
BLACK
6
CONTINUOUS
10
6.3894368110236215
20
-4.281455196850394
11
6.3893785039370075
21
-4.2814279921259839
0
LINE
8
BLACK
6
CONTINUOUS
10
6.3893785039370075
20
-4.2814279921259839
11
6.3878787007874012
21
-4.2799281889763776
0
LINE
8
BLACK
6
CONTINUOUS
10
6.3878787007874012
20
-4.2799281889763776
11
6.3873724015748028
21
-4.2792050787401577
0
LINE
8
BLACK
6
CONTINUOUS
10
6.3873724015748028
20
-4.2792050787401577
11
6.387325590551181
21
-4.2791607874015751
0
LINE
8
BLACK
6
CONTINUOUS
10
6.387325590551181
20
-4.2791607874015751
11
6.385969921259842
21
-4.2764494488188971
0
LINE
8
BLACK
6
CONTINUOUS
10
6.385969921259842
20
-4.2764494488188971
11
6.3784127165354327
21
-4.2830620472440941
0
LINE
8
BLACK
6
CONTINUOUS
10
6.3784127165354327
20
-4.2830620472440941
11
6.3780328346456692
21
-4.283291929133858
0
LINE
8
BLACK
6
CONTINUOUS
10
6.3780328346456692
20
-4.283291929133858
11
6.3779446850393695
21
-4.2833970472440948
0
LINE
8
BLACK
6
CONTINUOUS
10
6.3779446850393695
20
-4.2833970472440948
11
6.3778240944881892
21
-4.2834182677165353
0
LINE
8
BLACK
6
CONTINUOUS
10
6.3778240944881892
20
-4.2834182677165353
11
6.3775353937007875
21
-4.283593070866142
0
LINE
8
BLACK
6
CONTINUOUS
10
6.3775353937007875
20
-4.283593070866142
11
6.3767395275590548
21
-4.2836095275590553
0
LINE
8
BLACK
6
CONTINUOUS
10
6.3767395275590548
20
-4.2836095275590553
11
6.3759555511811019
21
-4.2837477952755902
0
LINE
8
BLACK
6
CONTINUOUS
10
6.3759555511811019
20
-4.2837477952755902
11
6.3757515354330705
21
-4.2836299999999996
0
LINE
8
BLACK
6
CONTINUOUS
10
6.3757515354330705
20
-4.2836299999999996
11
6.3755160236220467
21
-4.283634881889764
0
LINE
8
BLACK
6
CONTINUOUS
10
6.3755160236220467
20
-4.283634881889764
11
6.3748957086614171
21
-4.2831358661417323
0
LINE
8
BLACK
6
CONTINUOUS
10
6.3748957086614171
20
-4.2831358661417323
11
6.3742063779527554
21
-4.2827378740157478
0
LINE
8
BLACK
6
CONTINUOUS
10
6.3742063779527554
20
-4.2827378740157478
11
6.3741257874015744
21
-4.2825164960629918
0
LINE
8
BLACK
6
CONTINUOUS
10
6.3741257874015744
20
-4.2825164960629918
11
6.3739422440944882
21
-4.2823688582677164
0
LINE
8
BLACK
6
CONTINUOUS
10
6.3739422440944882
20
-4.2823688582677164
11
6.3737877952755904
21
-4.2815878740157478
0
LINE
8
BLACK
6
CONTINUOUS
10
6.3737877952755904
20
-4.2815878740157478
11
6.3735155511811019
21
-4.2808398818897633
0
LINE
8
BLACK
6
CONTINUOUS
10
6.3735155511811019
20
-4.2808398818897633
11
6.3735155511811019
21
-4.2613423228346452
0
LINE
8
BLACK
6
CONTINUOUS
10
6.3735155511811019
20
-4.2613423228346452
11
6.3736936220472442
21
-4.2603324015748028
0
LINE
8
BLACK
6
CONTINUOUS
10
6.3736936220472442
20
-4.2603324015748028
11
6.3749919291338584
21
-4.2587851574803146
0
LINE
8
BLACK
6
CONTINUOUS
10
6.3749919291338584
20
-4.2587851574803146
11
6.376981062992126
21
-4.2584344094488191
0
LINE
8
BLACK
6
CONTINUOUS
10
6.376981062992126
20
-4.2584344094488191
11
6.3787302362204725
21
-4.2594443307086616
0
LINE
8
BLACK
6
CONTINUOUS
10
6.3787302362204725
20
-4.2594443307086616
11
6.379421062992126
21
-4.2613423228346452
0
LINE
8
BLACK
6
CONTINUOUS
10
6.379421062992126
20
-4.2613423228346452
11
6.379421062992126
21
-4.2743326771653543
0
LINE
8
BLACK
6
CONTINUOUS
10
6.379421062992126
20
-4.2743326771653543
11
6.3865224409448818
21
-4.2681190157480318
0
LINE
8
BLACK
6
CONTINUOUS
10
6.3865224409448818
20
-4.2681190157480318
11
6.3869022834645666
21
-4.2678890551181103
0
LINE
8
BLACK
6
CONTINUOUS
10
6.3869022834645666
20
-4.2678890551181103
11
6.3869904330708662
21
-4.2677840551181099
0
LINE
8
BLACK
6
CONTINUOUS
10
6.3869904330708662
20
-4.2677840551181099
11
6.3871109055118112
21
-4.2677627952755905
0
LINE
8
BLACK
6
CONTINUOUS
10
6.3871109055118112
20
-4.2677627952755905
11
6.3873997244094483
21
-4.2675879921259838
0
LINE
8
BLACK
6
CONTINUOUS
10
6.3873997244094483
20
-4.2675879921259838
11
6.3881956692913384
21
-4.2675714960629918
0
LINE
8
BLACK
6
CONTINUOUS
10
6.3881956692913384
20
-4.2675714960629918
11
6.3889795669291338
21
-4.2674333070866144
0
LINE
8
BLACK
6
CONTINUOUS
10
6.3889795669291338
20
-4.2674333070866144
11
6.3891835433070865
21
-4.2675510629921263
0
LINE
8
BLACK
6
CONTINUOUS
10
6.3891835433070865
20
-4.2675510629921263
11
6.389419094488189
21
-4.2675462204724406
0
LINE
8
BLACK
6
CONTINUOUS
10
6.389419094488189
20
-4.2675462204724406
11
6.3900394488188974
21
-4.2680452362204724
0
LINE
8
BLACK
6
CONTINUOUS
10
6.3900394488188974
20
-4.2680452362204724
11
6.3907287401574804
21
-4.2684432283464568
0
LINE
8
BLACK
6
CONTINUOUS
10
6.3907287401574804
20
-4.2684432283464568
11
6.3908092519685038
21
-4.2686645275590553
0
LINE
8
BLACK
6
CONTINUOUS
10
6.3908092519685038
20
-4.2686645275590553
11
6.3909929133858263
21
-4.2688122440944882
0
LINE
8
BLACK
6
CONTINUOUS
10
6.3909929133858263
20
-4.2688122440944882
11
6.3911473228346454
21
-4.2695933070866143
0
LINE
8
BLACK
6
CONTINUOUS
10
6.3911473228346454
20
-4.2695933070866143
11
6.3914195669291338
21
-4.2703412204724405
0
LINE
8
BLACK
6
CONTINUOUS
10
6.3914195669291338
20
-4.2703412204724405
11
6.3914195669291338
21
-4.2741435826771657
0
LINE
8
BLACK
6
CONTINUOUS
10
6.3914195669291338
20
-4.2741435826771657
11
6.3923933464566929
21
-4.2760911811023625
0
LINE
8
BLACK
6
CONTINUOUS
10
6.3923933464566929
20
-4.2760911811023625
11
6.3932154724409447
21
-4.2769133070866143
0
LINE
8
BLACK
6
CONTINUOUS
10
6.3932154724409447
20
-4.2769133070866143
11
6.3951631102362203
21
-4.2778871259842521
0
LINE
8
BLACK
6
CONTINUOUS
10
6.3951631102362203
20
-4.2778871259842521
11
6.4012680708661414
21
-4.2778871259842521
0
LINE
8
BLACK
6
CONTINUOUS
10
6.4012680708661414
20
-4.2778871259842521
11
6.4032156299212595
21
-4.2769133070866143
0
LINE
8
BLACK
6
CONTINUOUS
10
6.4032156299212595
20
-4.2769133070866143
11
6.4040378346456688
21
-4.2760911417322838
0
LINE
8
BLACK
6
CONTINUOUS
10
6.4040378346456688
20
-4.2760911417322838
11
6.4050116141732278
21
-4.2741435826771657
0
LINE
8
BLACK
6
CONTINUOUS
10
6.4050116141732278
20
-4.2741435826771657
11
6.4050116141732278
21
-4.2665387795275587
0
LINE
8
BLACK
6
CONTINUOUS
10
6.4050116141732278
20
-4.2665387795275587
11
6.4040378346456688
21
-4.2645912204724405
0
LINE
8
BLACK
6
CONTINUOUS
10
6.4040378346456688
20
-4.2645912204724405
11
6.4028768503937004
21
-4.2634302755905509
0
LINE
8
BLACK
6
CONTINUOUS
10
6.4028768503937004
20
-4.2634302755905509
11
6.4022886220472444
21
-4.262590236220472
0
LINE
8
BLACK
6
CONTINUOUS
10
6.4022886220472444
20
-4.262590236220472
11
6.4021125590551176
21
-4.2605781102362208
0
LINE
8
BLACK
6
CONTINUOUS
10
6.4021125590551176
20
-4.2605781102362208
11
6.4032710629921255
21
-4.2589235826771654
0
LINE
8
BLACK
6
CONTINUOUS
10
6.4032710629921255
20
-4.2589235826771654
11
6.4052220472440942
21
-4.2584008267716538
0
LINE
8
BLACK
6
CONTINUOUS
10
6.4052220472440942
20
-4.2584008267716538
11
6.4070525984251967
21
-4.2592543700787404
0
LINE
8
BLACK
6
CONTINUOUS
10
6.0394425984251967
20
-4.2398353543307081
11
6.0395778346456694
21
-4.2399488188976378
0
LINE
8
BLACK
6
CONTINUOUS
10
6.0395778346456694
20
-4.2399488188976378
11
6.0397531889763778
21
-4.2399690157480316
0
LINE
8
BLACK
6
CONTINUOUS
10
6.0397531889763778
20
-4.2399690157480316
11
6.0427527952755904
21
-4.2414688188976379
0
LINE
8
BLACK
6
CONTINUOUS
10
6.0427527952755904
20
-4.2414688188976379
11
6.043461850393701
21
-4.2419947244094489
0
LINE
8
BLACK
6
CONTINUOUS
10
6.043461850393701
20
-4.2419947244094489
11
6.0435201968503938
21
-4.2420219291338581
0
LINE
8
BLACK
6
CONTINUOUS
10
6.0435201968503938
20
-4.2420219291338581
11
6.0450200000000001
21
-4.2435217322834644
0
LINE
8
BLACK
6
CONTINUOUS
10
6.0450200000000001
20
-4.2435217322834644
11
6.0455262598425197
21
-4.2442448031496065
0
LINE
8
BLACK
6
CONTINUOUS
10
6.0455262598425197
20
-4.2442448031496065
11
6.0455731102362202
21
-4.2442891338582678
0
LINE
8
BLACK
6
CONTINUOUS
10
6.0455731102362202
20
-4.2442891338582678
11
6.0470729527559053
21
-4.2472887401574804
0
LINE
8
BLACK
6
CONTINUOUS
10
6.0470729527559053
20
-4.2472887401574804
11
6.0473653149606301
21
-4.2482716929133861
0
LINE
8
BLACK
6
CONTINUOUS
10
6.0473653149606301
20
-4.2482716929133861
11
6.0473242913385823
21
-4.2484433858267714
0
LINE
8
BLACK
6
CONTINUOUS
10
6.0473242913385823
20
-4.2484433858267714
11
6.0473846850393702
21
-4.2486092913385827
0
LINE
8
BLACK
6
CONTINUOUS
10
6.0473846850393702
20
-4.2486092913385827
11
6.0473846850393702
21
-4.2561083464566929
0
LINE
8
BLACK
6
CONTINUOUS
10
6.0473846850393702
20
-4.2561083464566929
11
6.0472066141732279
21
-4.2571182677165353
0
LINE
8
BLACK
6
CONTINUOUS
10
6.0472066141732279
20
-4.2571182677165353
11
6.0470930708661417
21
-4.2572535433070868
0
LINE
8
BLACK
6
CONTINUOUS
10
6.0470930708661417
20
-4.2572535433070868
11
6.0470729133858265
21
-4.2574288976377952
0
LINE
8
BLACK
6
CONTINUOUS
10
6.0470729133858265
20
-4.2574288976377952
11
6.0455731102362202
21
-4.2604285039370078
0
LINE
8
BLACK
6
CONTINUOUS
10
6.0455731102362202
20
-4.2604285039370078
11
6.045047244094488
21
-4.2611374015748034
0
LINE
8
BLACK
6
CONTINUOUS
10
6.045047244094488
20
-4.2611374015748034
11
6.0450200393700788
21
-4.2611958267716536
0
LINE
8
BLACK
6
CONTINUOUS
10
6.0450200393700788
20
-4.2611958267716536
11
6.0435202362204725
21
-4.2626956692913387
0
LINE
8
BLACK
6
CONTINUOUS
10
6.0435202362204725
20
-4.2626956692913387
11
6.0427970472440942
21
-4.2632020472440946
0
LINE
8
BLACK
6
CONTINUOUS
10
6.0427970472440942
20
-4.2632020472440946
11
6.0427527952755904
21
-4.2632488188976376
0
LINE
8
BLACK
6
CONTINUOUS
10
6.0427527952755904
20
-4.2632488188976376
11
6.0397531889763778
21
-4.2647486220472439
0
LINE
8
BLACK
6
CONTINUOUS
10
6.0397531889763778
20
-4.2647486220472439
11
6.038770236220472
21
-4.2650409842519688
0
LINE
8
BLACK
6
CONTINUOUS
10
6.038770236220472
20
-4.2650409842519688
11
6.0385985433070868
21
-4.2649999606299209
0
LINE
8
BLACK
6
CONTINUOUS
10
6.0385985433070868
20
-4.2649999606299209
11
6.0384326771653543
21
-4.2650603543307088
0
LINE
8
BLACK
6
CONTINUOUS
10
6.0384326771653543
20
-4.2650603543307088
11
6.0324334251968503
21
-4.2650603543307088
0
LINE
8
BLACK
6
CONTINUOUS
10
6.0324334251968503
20
-4.2650603543307088
11
6.0314235039370079
21
-4.2648822834645665
0
LINE
8
BLACK
6
CONTINUOUS
10
6.0314235039370079
20
-4.2648822834645665
11
6.0312882283464564
21
-4.2647687795275591
0
LINE
8
BLACK
6
CONTINUOUS
10
6.0312882283464564
20
-4.2647687795275591
11
6.0311129133858268
21
-4.2647486220472439
0
LINE
8
BLACK
6
CONTINUOUS
10
6.0311129133858268
20
-4.2647486220472439
11
6.0304272834645669
21
-4.2644058267716538
0
LINE
8
BLACK
6
CONTINUOUS
10
6.0304272834645669
20
-4.2644058267716538
11
6.0306745275590554
21
-4.2653946850393698
0
LINE
8
BLACK
6
CONTINUOUS
10
6.0306745275590554
20
-4.2653946850393698
11
6.0332283070866142
21
-4.2692253543307084
0
LINE
8
BLACK
6
CONTINUOUS
10
6.0332283070866142
20
-4.2692253543307084
11
6.0341825196850394
21
-4.2701795669291336
0
LINE
8
BLACK
6
CONTINUOUS
10
6.0341825196850394
20
-4.2701795669291336
11
6.0361300787401575
21
-4.2711533464566926
0
LINE
8
BLACK
6
CONTINUOUS
10
6.0361300787401575
20
-4.2711533464566926
11
6.0414322834645668
21
-4.2711533464566926
0
LINE
8
BLACK
6
CONTINUOUS
10
6.0414322834645668
20
-4.2711533464566926
11
6.0424422047244093
21
-4.2713314173228349
0
LINE
8
BLACK
6
CONTINUOUS
10
6.0424422047244093
20
-4.2713314173228349
11
6.0439894488188974
21
-4.2726297244094491
0
LINE
8
BLACK
6
CONTINUOUS
10
6.0439894488188974
20
-4.2726297244094491
11
6.0443401968503938
21
-4.2746188582677167
0
LINE
8
BLACK
6
CONTINUOUS
10
6.0443401968503938
20
-4.2746188582677167
11
6.0433302755905514
21
-4.2763680314960633
0
LINE
8
BLACK
6
CONTINUOUS
10
6.0433302755905514
20
-4.2763680314960633
11
6.0414322834645668
21
-4.2770588582677167
0
LINE
8
BLACK
6
CONTINUOUS
10
6.0414322834645668
20
-4.2770588582677167
11
6.0354330314960629
21
-4.2770588582677167
0
LINE
8
BLACK
6
CONTINUOUS
10
6.0354330314960629
20
-4.2770588582677167
11
6.0344231102362205
21
-4.2768807874015744
0
LINE
8
BLACK
6
CONTINUOUS
10
6.0344231102362205
20
-4.2768807874015744
11
6.034287834645669
21
-4.2767672834645669
0
LINE
8
BLACK
6
CONTINUOUS
10
6.034287834645669
20
-4.2767672834645669
11
6.0341125196850394
21
-4.2767471259842518
0
LINE
8
BLACK
6
CONTINUOUS
10
6.0341125196850394
20
-4.2767471259842518
11
6.0311129133858268
21
-4.2752473228346455
0
LINE
8
BLACK
6
CONTINUOUS
10
6.0311129133858268
20
-4.2752473228346455
11
6.0304038188976374
21
-4.2747213779527558
0
LINE
8
BLACK
6
CONTINUOUS
10
6.0304038188976374
20
-4.2747213779527558
11
6.0303455118110234
21
-4.2746942125984253
0
LINE
8
BLACK
6
CONTINUOUS
10
6.0303455118110234
20
-4.2746942125984253
11
6.0288456692913384
21
-4.2731943700787403
0
LINE
8
BLACK
6
CONTINUOUS
10
6.0288456692913384
20
-4.2731943700787403
11
6.0285875984251964
21
-4.2728257874015751
0
LINE
8
BLACK
6
CONTINUOUS
10
6.0285875984251964
20
-4.2728257874015751
11
6.0284767322834645
21
-4.2727443307086617
0
LINE
8
BLACK
6
CONTINUOUS
10
6.0284767322834645
20
-4.2727443307086617
11
6.0254771259842519
21
-4.2682449606299215
0
LINE
8
BLACK
6
CONTINUOUS
10
6.0254771259842519
20
-4.2682449606299215
11
6.0250787795275587
21
-4.2673371653543306
0
LINE
8
BLACK
6
CONTINUOUS
10
6.0250787795275587
20
-4.2673371653543306
11
6.0250693700787403
21
-4.2673231889763779
0
LINE
8
BLACK
6
CONTINUOUS
10
6.0250693700787403
20
-4.2673231889763779
11
6.023569566929134
21
-4.2613239370078739
0
LINE
8
BLACK
6
CONTINUOUS
10
6.023569566929134
20
-4.2613239370078739
11
6.0235280708661412
21
-4.2607360236220471
0
LINE
8
BLACK
6
CONTINUOUS
10
6.0235280708661412
20
-4.2607360236220471
11
6.0234814173228344
21
-4.2606077952755905
0
LINE
8
BLACK
6
CONTINUOUS
10
6.0234814173228344
20
-4.2606077952755905
11
6.0234814173228344
21
-4.2486092913385827
0
LINE
8
BLACK
6
CONTINUOUS
10
6.0234814173228344
20
-4.2486092913385827
11
6.0236594881889767
21
-4.2475993700787402
0
LINE
8
BLACK
6
CONTINUOUS
10
6.0236594881889767
20
-4.2475993700787402
11
6.0237729527559054
21
-4.2474640944881887
0
LINE
8
BLACK
6
CONTINUOUS
10
6.0237729527559054
20
-4.2474640944881887
11
6.0237931496062993
21
-4.2472887795275591
0
LINE
8
BLACK
6
CONTINUOUS
10
6.0237931496062993
20
-4.2472887795275591
11
6.0252929527559056
21
-4.2442891338582678
0
LINE
8
BLACK
6
CONTINUOUS
10
6.0252929527559056
20
-4.2442891338582678
11
6.0258188582677166
21
-4.2435800393700784
0
LINE
8
BLACK
6
CONTINUOUS
10
6.0258188582677166
20
-4.2435800393700784
11
6.0258460629921258
21
-4.2435217322834644
0
LINE
8
BLACK
6
CONTINUOUS
10
6.0258460629921258
20
-4.2435217322834644
11
6.0273458661417321
21
-4.2420219291338581
0
LINE
8
BLACK
6
CONTINUOUS
10
6.0273458661417321
20
-4.2420219291338581
11
6.0280689370078742
21
-4.2415156299212597
0
LINE
8
BLACK
6
CONTINUOUS
10
6.0280689370078742
20
-4.2415156299212597
11
6.0281132677165354
21
-4.2414688188976379
0
LINE
8
BLACK
6
CONTINUOUS
10
6.0281132677165354
20
-4.2414688188976379
11
6.0311129133858268
21
-4.2399690157480316
0
LINE
8
BLACK
6
CONTINUOUS
10
6.0311129133858268
20
-4.2399690157480316
11
6.0320958661417325
21
-4.2396766141732281
0
LINE
8
BLACK
6
CONTINUOUS
10
6.0320958661417325
20
-4.2396766141732281
11
6.0322675590551178
21
-4.2397176377952759
0
LINE
8
BLACK
6
CONTINUOUS
10
6.0322675590551178
20
-4.2397176377952759
11
6.0324334251968503
21
-4.2396572834645667
0
LINE
8
BLACK
6
CONTINUOUS
10
6.0324334251968503
20
-4.2396572834645667
11
6.0384326771653543
21
-4.2396572834645667
0
LINE
8
BLACK
6
CONTINUOUS
10
6.0384326771653543
20
-4.2396572834645667
11
6.0394425984251967
21
-4.2398353543307081
0
LINE
8
BLACK
6
CONTINUOUS
10
6.0311828346456693
20
-4.2465365748031498
11
6.0303607086614175
21
-4.2473587007874016
0
LINE
8
BLACK
6
CONTINUOUS
10
6.0303607086614175
20
-4.2473587007874016
11
6.0293869291338584
21
-4.2493062992125985
0
LINE
8
BLACK
6
CONTINUOUS
10
6.0293869291338584
20
-4.2493062992125985
11
6.0293869291338584
21
-4.2554112992125983
0
LINE
8
BLACK
6
CONTINUOUS
10
6.0293869291338584
20
-4.2554112992125983
11
6.0303607086614175
21
-4.2573588582677164
0
LINE
8
BLACK
6
CONTINUOUS
10
6.0303607086614175
20
-4.2573588582677164
11
6.031182874015748
21
-4.2581810629921257
0
LINE
8
BLACK
6
CONTINUOUS
10
6.031182874015748
20
-4.2581810629921257
11
6.0331304724409449
21
-4.2591548425196848
0
LINE
8
BLACK
6
CONTINUOUS
10
6.0331304724409449
20
-4.2591548425196848
11
6.0377356299212597
21
-4.2591548425196848
0
LINE
8
BLACK
6
CONTINUOUS
10
6.0377356299212597
20
-4.2591548425196848
11
6.039683149606299
21
-4.2581810629921257
0
LINE
8
BLACK
6
CONTINUOUS
10
6.039683149606299
20
-4.2581810629921257
11
6.0405053149606296
21
-4.2573588976377952
0
LINE
8
BLACK
6
CONTINUOUS
10
6.0405053149606296
20
-4.2573588976377952
11
6.0414791732283462
21
-4.2554112598425196
0
LINE
8
BLACK
6
CONTINUOUS
10
6.0414791732283462
20
-4.2554112598425196
11
6.0414791732283462
21
-4.2493063385826773
0
LINE
8
BLACK
6
CONTINUOUS
10
6.0414791732283462
20
-4.2493063385826773
11
6.0405053543307083
21
-4.2473587401574804
0
LINE
8
BLACK
6
CONTINUOUS
10
6.0405053543307083
20
-4.2473587401574804
11
6.0396831889763778
21
-4.2465365748031498
0
LINE
8
BLACK
6
CONTINUOUS
10
6.0396831889763778
20
-4.2465365748031498
11
6.0377356299212597
21
-4.2455627952755908
0
LINE
8
BLACK
6
CONTINUOUS
10
6.0377356299212597
20
-4.2455627952755908
11
6.0331304724409449
21
-4.2455627952755908
0
LINE
8
BLACK
6
CONTINUOUS
10
6.0331304724409449
20
-4.2455627952755908
11
6.0311828346456693
21
-4.2465365748031498
0
LINE
8
BLACK
6
CONTINUOUS
10
6.074811653543307
20
-4.2397248818897637
11
6.0749409055118111
21
-4.2397021259842518
0
LINE
8
BLACK
6
CONTINUOUS
10
6.0749409055118111
20
-4.2397021259842518
11
6.0750544881889761
21
-4.2397677165354333
0
LINE
8
BLACK
6
CONTINUOUS
10
6.0750544881889761
20
-4.2397677165354333
11
6.0754380708661415
21
-4.2398353543307081
0
LINE
8
BLACK
6
CONTINUOUS
10
6.0754380708661415
20
-4.2398353543307081
11
6.0760257480314959
21
-4.2403284645669288
0
LINE
8
BLACK
6
CONTINUOUS
10
6.0760257480314959
20
-4.2403284645669288
11
6.0766900787401577
21
-4.2407120472440942
0
LINE
8
BLACK
6
CONTINUOUS
10
6.0766900787401577
20
-4.2407120472440942
11
6.076781181102362
21
-4.2409623622047246
0
LINE
8
BLACK
6
CONTINUOUS
10
6.076781181102362
20
-4.2409623622047246
11
6.0769853149606297
21
-4.2411336614173232
0
LINE
8
BLACK
6
CONTINUOUS
10
6.0769853149606297
20
-4.2411336614173232
11
6.0771185433070869
21
-4.2418892125984247
0
LINE
8
BLACK
6
CONTINUOUS
10
6.0771185433070869
20
-4.2418892125984247
11
6.0773809055118111
21
-4.2426100393700787
0
LINE
8
BLACK
6
CONTINUOUS
10
6.0773809055118111
20
-4.2426100393700787
11
6.0773809055118111
21
-4.2741061023622047
0
LINE
8
BLACK
6
CONTINUOUS
10
6.0773809055118111
20
-4.2741061023622047
11
6.0772028346456688
21
-4.2751160236220471
0
LINE
8
BLACK
6
CONTINUOUS
10
6.0772028346456688
20
-4.2751160236220471
11
6.0759045275590546
21
-4.2766632677165353
0
LINE
8
BLACK
6
CONTINUOUS
10
6.0759045275590546
20
-4.2766632677165353
11
6.073915393700787
21
-4.2770140157480316
0
LINE
8
BLACK
6
CONTINUOUS
10
6.073915393700787
20
-4.2770140157480316
11
6.0721662204724405
21
-4.2760040944881892
0
LINE
8
BLACK
6
CONTINUOUS
10
6.0721662204724405
20
-4.2760040944881892
11
6.071475393700787
21
-4.2741061023622047
0
LINE
8
BLACK
6
CONTINUOUS
10
6.071475393700787
20
-4.2741061023622047
11
6.071475393700787
21
-4.2620607086614175
0
LINE
8
BLACK
6
CONTINUOUS
10
6.071475393700787
20
-4.2620607086614175
11
6.0684664566929136
21
-4.2620607086614175
0
LINE
8
BLACK
6
CONTINUOUS
10
6.0684664566929136
20
-4.2620607086614175
11
6.0588493700787396
21
-4.275799409448819
0
LINE
8
BLACK
6
CONTINUOUS
10
6.0588493700787396
20
-4.275799409448819
11
6.0581243700787404
21
-4.2765246456692916
0
LINE
8
BLACK
6
CONTINUOUS
10
6.0581243700787404
20
-4.2765246456692916
11
6.0561734645669292
21
-4.2770476771653545
0
LINE
8
BLACK
6
CONTINUOUS
10
6.0561734645669292
20
-4.2770476771653545
11
6.0543427559055116
21
-4.2761943307086616
0
LINE
8
BLACK
6
CONTINUOUS
10
6.0543427559055116
20
-4.2761943307086616
11
6.0534889370078737
21
-4.2743638582677166
0
LINE
8
BLACK
6
CONTINUOUS
10
6.0534889370078737
20
-4.2743638582677166
11
6.0540114173228341
21
-4.2724127952755904
0
LINE
8
BLACK
6
CONTINUOUS
10
6.0540114173228341
20
-4.2724127952755904
11
6.0613962598425193
21
-4.2618629527559051
0
LINE
8
BLACK
6
CONTINUOUS
10
6.0613962598425193
20
-4.2618629527559051
11
6.0612844488188973
21
-4.2617691338582677
0
LINE
8
BLACK
6
CONTINUOUS
10
6.0612844488188973
20
-4.2617691338582677
11
6.0611091338582677
21
-4.2617489763779526
0
LINE
8
BLACK
6
CONTINUOUS
10
6.0611091338582677
20
-4.2617489763779526
11
6.0581095275590551
21
-4.2602491732283463
0
LINE
8
BLACK
6
CONTINUOUS
10
6.0581095275590551
20
-4.2602491732283463
11
6.0574004330708657
21
-4.2597232677165353
0
LINE
8
BLACK
6
CONTINUOUS
10
6.0574004330708657
20
-4.2597232677165353
11
6.0573421259842517
21
-4.2596960629921261
0
LINE
8
BLACK
6
CONTINUOUS
10
6.0573421259842517
20
-4.2596960629921261
11
6.0558423228346454
21
-4.2581962598425198
0
LINE
8
BLACK
6
CONTINUOUS
10
6.0558423228346454
20
-4.2581962598425198
11
6.055336023622047
21
-4.257473149606299
0
LINE
8
BLACK
6
CONTINUOUS
10
6.055336023622047
20
-4.257473149606299
11
6.0552892125984252
21
-4.2574288582677164
0
LINE
8
BLACK
6
CONTINUOUS
10
6.0552892125984252
20
-4.2574288582677164
11
6.0537893700787402
21
-4.2544292125984251
0
LINE
8
BLACK
6
CONTINUOUS
10
6.0537893700787402
20
-4.2544292125984251
11
6.0534970078740153
21
-4.2534462992125981
0
LINE
8
BLACK
6
CONTINUOUS
10
6.0534970078740153
20
-4.2534462992125981
11
6.0535379921259844
21
-4.2532745669291341
0
LINE
8
BLACK
6
CONTINUOUS
10
6.0535379921259844
20
-4.2532745669291341
11
6.0534776377952753
21
-4.2531087007874016
0
LINE
8
BLACK
6
CONTINUOUS
10
6.0534776377952753
20
-4.2531087007874016
11
6.0534776377952753
21
-4.2486092913385827
0
LINE
8
BLACK
6
CONTINUOUS
10
6.0534776377952753
20
-4.2486092913385827
11
6.0536557086614176
21
-4.2475993700787402
0
LINE
8
BLACK
6
CONTINUOUS
10
6.0536557086614176
20
-4.2475993700787402
11
6.0537691732283463
21
-4.2474640944881887
0
LINE
8
BLACK
6
CONTINUOUS
10
6.0537691732283463
20
-4.2474640944881887
11
6.0537893700787402
21
-4.2472887795275591
0
LINE
8
BLACK
6
CONTINUOUS
10
6.0537893700787402
20
-4.2472887795275591
11
6.0552892125984252
21
-4.2442891338582678
0
LINE
8
BLACK
6
CONTINUOUS
10
6.0552892125984252
20
-4.2442891338582678
11
6.0558150393700787
21
-4.2435801574803147
0
LINE
8
BLACK
6
CONTINUOUS
10
6.0558150393700787
20
-4.2435801574803147
11
6.0558423228346454
21
-4.2435217322834644
0
LINE
8
BLACK
6
CONTINUOUS
10
6.0558423228346454
20
-4.2435217322834644
11
6.0573421259842517
21
-4.2420219291338581
0
LINE
8
BLACK
6
CONTINUOUS
10
6.0573421259842517
20
-4.2420219291338581
11
6.0580651968503938
21
-4.2415156299212597
0
LINE
8
BLACK
6
CONTINUOUS
10
6.0580651968503938
20
-4.2415156299212597
11
6.0581095275590551
21
-4.2414688188976379
0
LINE
8
BLACK
6
CONTINUOUS
10
6.0581095275590551
20
-4.2414688188976379
11
6.0611091338582677
21
-4.2399690157480316
0
LINE
8
BLACK
6
CONTINUOUS
10
6.0611091338582677
20
-4.2399690157480316
11
6.0620920866141734
21
-4.2396766535433068
0
LINE
8
BLACK
6
CONTINUOUS
10
6.0620920866141734
20
-4.2396766535433068
11
6.0622637401574799
21
-4.2397176377952759
0
LINE
8
BLACK
6
CONTINUOUS
10
6.0622637401574799
20
-4.2397176377952759
11
6.0624296456692912
21
-4.2396572834645667
0
LINE
8
BLACK
6
CONTINUOUS
10
6.0624296456692912
20
-4.2396572834645667
11
6.0744281496062991
21
-4.2396572834645667
0
LINE
8
BLACK
6
CONTINUOUS
10
6.0744281496062991
20
-4.2396572834645667
11
6.074811653543307
21
-4.2397248818897637
0
LINE
8
BLACK
6
CONTINUOUS
10
6.0611791338582677
20
-4.2465365748031498
11
6.0603569685039371
21
-4.2473587007874016
0
LINE
8
BLACK
6
CONTINUOUS
10
6.0603569685039371
20
-4.2473587007874016
11
6.0593831496062993
21
-4.2493063385826773
0
LINE
8
BLACK
6
CONTINUOUS
10
6.0593831496062993
20
-4.2493063385826773
11
6.0593831496062993
21
-4.2524116141732282
0
LINE
8
BLACK
6
CONTINUOUS
10
6.0593831496062993
20
-4.2524116141732282
11
6.0603569685039371
21
-4.2543592519685038
0
LINE
8
BLACK
6
CONTINUOUS
10
6.0603569685039371
20
-4.2543592519685038
11
6.0611791338582677
21
-4.2551814173228344
0
LINE
8
BLACK
6
CONTINUOUS
10
6.0611791338582677
20
-4.2551814173228344
11
6.0631266929133858
21
-4.2561551968503935
0
LINE
8
BLACK
6
CONTINUOUS
10
6.0631266929133858
20
-4.2561551968503935
11
6.071475393700787
21
-4.2561551968503935
0
LINE
8
BLACK
6
CONTINUOUS
10
6.071475393700787
20
-4.2561551968503935
11
6.071475393700787
21
-4.2455627952755908
0
LINE
8
BLACK
6
CONTINUOUS
10
6.071475393700787
20
-4.2455627952755908
11
6.0631266929133858
21
-4.2455627952755908
0
LINE
8
BLACK
6
CONTINUOUS
10
6.0631266929133858
20
-4.2455627952755908
11
6.0611791338582677
21
-4.2465365748031498
0
LINE
8
BLACK
6
CONTINUOUS
10
5.823494409448819
20
-4.2319129921259844
11
5.8236638188976375
21
-4.2319020866141734
0
LINE
8
BLACK
6
CONTINUOUS
10
5.8236638188976375
20
-4.2319020866141734
11
5.8243544094488184
21
-4.2324095275590548
0
LINE
8
BLACK
6
CONTINUOUS
10
5.8243544094488184
20
-4.2324095275590548
11
5.8250965354330706
21
-4.2328380314960627
0
LINE
8
BLACK
6
CONTINUOUS
10
5.8250965354330706
20
-4.2328380314960627
11
5.8251545669291334
21
-4.2329975196850391
0
LINE
8
BLACK
6
CONTINUOUS
10
5.8251545669291334
20
-4.2329975196850391
11
5.8252914566929128
21
-4.2330981102362202
0
LINE
8
BLACK
6
CONTINUOUS
10
5.8252914566929128
20
-4.2330981102362202
11
5.8281289370078735
21
-4.2373543307086612
0
LINE
8
BLACK
6
CONTINUOUS
10
5.8281289370078735
20
-4.2373543307086612
11
5.830582952755905
21
-4.2398083070866139
0
LINE
8
BLACK
6
CONTINUOUS
10
5.830582952755905
20
-4.2398083070866139
11
5.8331540157480317
21
-4.2410938582677167
0
LINE
8
BLACK
6
CONTINUOUS
10
5.8331540157480317
20
-4.2410938582677167
11
5.833977677165354
21
-4.2417047637795271
0
LINE
8
BLACK
6
CONTINUOUS
10
5.833977677165354
20
-4.2417047637795271
11
5.8347809448818895
21
-4.2435579527559053
0
LINE
8
BLACK
6
CONTINUOUS
10
5.8347809448818895
20
-4.2435579527559053
11
5.8342051181102361
21
-4.2454939370078737
0
LINE
8
BLACK
6
CONTINUOUS
10
5.8342051181102361
20
-4.2454939370078737
11
5.8325195669291334
21
-4.2466068110236224
0
LINE
8
BLACK
6
CONTINUOUS
10
5.8325195669291334
20
-4.2466068110236224
11
5.8305129921259837
21
-4.2463759055118109
0
LINE
8
BLACK
6
CONTINUOUS
10
5.8305129921259837
20
-4.2463759055118109
11
5.8275133464566924
21
-4.2448761023622046
0
LINE
8
BLACK
6
CONTINUOUS
10
5.8275133464566924
20
-4.2448761023622046
11
5.8268042913385827
21
-4.2443501968503936
0
LINE
8
BLACK
6
CONTINUOUS
10
5.8268042913385827
20
-4.2443501968503936
11
5.8267459448818899
21
-4.2443229921259844
0
LINE
8
BLACK
6
CONTINUOUS
10
5.8267459448818899
20
-4.2443229921259844
11
5.825787362204724
21
-4.2433643700787398
0
LINE
8
BLACK
6
CONTINUOUS
10
5.825787362204724
20
-4.2433643700787398
11
5.825787362204724
21
-4.2632793307086612
0
LINE
8
BLACK
6
CONTINUOUS
10
5.825787362204724
20
-4.2632793307086612
11
5.8318335039370082
21
-4.2632793307086612
0
LINE
8
BLACK
6
CONTINUOUS
10
5.8318335039370082
20
-4.2632793307086612
11
5.8328434251968506
21
-4.2634574015748035
0
LINE
8
BLACK
6
CONTINUOUS
10
5.8328434251968506
20
-4.2634574015748035
11
5.8343906692913388
21
-4.2647557086614176
0
LINE
8
BLACK
6
CONTINUOUS
10
5.8343906692913388
20
-4.2647557086614176
11
5.8347414173228342
21
-4.2667448425196852
0
LINE
8
BLACK
6
CONTINUOUS
10
5.8347414173228342
20
-4.2667448425196852
11
5.8337314960629918
21
-4.2684940157480318
0
LINE
8
BLACK
6
CONTINUOUS
10
5.8337314960629918
20
-4.2684940157480318
11
5.8318335039370082
21
-4.2691848425196852
0
LINE
8
BLACK
6
CONTINUOUS
10
5.8318335039370082
20
-4.2691848425196852
11
5.8138357480314955
21
-4.2691848425196852
0
LINE
8
BLACK
6
CONTINUOUS
10
5.8138357480314955
20
-4.2691848425196852
11
5.812825826771653
21
-4.2690067716535429
0
LINE
8
BLACK
6
CONTINUOUS
10
5.812825826771653
20
-4.2690067716535429
11
5.8112785826771649
21
-4.2677084645669288
0
LINE
8
BLACK
6
CONTINUOUS
10
5.8112785826771649
20
-4.2677084645669288
11
5.8109278346456694
21
-4.2657193307086612
0
LINE
8
BLACK
6
CONTINUOUS
10
5.8109278346456694
20
-4.2657193307086612
11
5.8119377559055119
21
-4.2639701574803146
0
LINE
8
BLACK
6
CONTINUOUS
10
5.8119377559055119
20
-4.2639701574803146
11
5.8138357480314955
21
-4.2632793307086612
0
LINE
8
BLACK
6
CONTINUOUS
10
5.8138357480314955
20
-4.2632793307086612
11
5.8198818503937009
21
-4.2632793307086612
0
LINE
8
BLACK
6
CONTINUOUS
10
5.8198818503937009
20
-4.2632793307086612
11
5.8198818503937009
21
-4.2347360236220473
0
LINE
8
BLACK
6
CONTINUOUS
10
5.8198818503937009
20
-4.2347360236220473
11
5.8200599212598423
21
-4.2337261023622048
0
LINE
8
BLACK
6
CONTINUOUS
10
5.8200599212598423
20
-4.2337261023622048
11
5.82016905511811
21
-4.2335960236220469
0
LINE
8
BLACK
6
CONTINUOUS
10
5.82016905511811
20
-4.2335960236220469
11
5.8201877165354325
21
-4.2334272834645672
0
LINE
8
BLACK
6
CONTINUOUS
10
5.8201877165354325
20
-4.2334272834645672
11
5.820807401574803
21
-4.2328352362204722
0
LINE
8
BLACK
6
CONTINUOUS
10
5.820807401574803
20
-4.2328352362204722
11
5.8213582283464564
21
-4.2321788582677167
0
LINE
8
BLACK
6
CONTINUOUS
10
5.8213582283464564
20
-4.2321788582677167
11
5.8215253937007869
21
-4.2321493700787398
0
LINE
8
BLACK
6
CONTINUOUS
10
5.8215253937007869
20
-4.2321493700787398
11
5.8216481889763783
21
-4.232032086614173
0
LINE
8
BLACK
6
CONTINUOUS
10
5.8216481889763783
20
-4.232032086614173
11
5.8225033858267716
21
-4.2319769291338583
0
LINE
8
BLACK
6
CONTINUOUS
10
5.8225033858267716
20
-4.2319769291338583
11
5.823347362204724
21
-4.2318281102362203
0
LINE
8
BLACK
6
CONTINUOUS
10
5.823347362204724
20
-4.2318281102362203
11
5.823494409448819
21
-4.2319129921259844
0
LINE
8
BLACK
6
CONTINUOUS
10
5.8537002362204724
20
-4.2319365354330705
11
5.8537646062992126
21
-4.2319348031496062
0
LINE
8
BLACK
6
CONTINUOUS
10
5.8537646062992126
20
-4.2319348031496062
11
5.8582640551181102
21
-4.2334346062992125
0
LINE
8
BLACK
6
CONTINUOUS
10
5.8582640551181102
20
-4.2334346062992125
11
5.8591658267716538
21
-4.2339228740157475
0
LINE
8
BLACK
6
CONTINUOUS
10
5.8591658267716538
20
-4.2339228740157475
11
5.8592582283464569
21
-4.2340733070866143
0
LINE
8
BLACK
6
CONTINUOUS
10
5.8592582283464569
20
-4.2340733070866143
11
5.8594182283464562
21
-4.2341479133858266
0
LINE
8
BLACK
6
CONTINUOUS
10
5.8594182283464562
20
-4.2341479133858266
11
5.8624178346456688
21
-4.2371475196850392
0
LINE
8
BLACK
6
CONTINUOUS
10
5.8624178346456688
20
-4.2371475196850392
11
5.8629242125984247
21
-4.2378706692913388
0
LINE
8
BLACK
6
CONTINUOUS
10
5.8629242125984247
20
-4.2378706692913388
11
5.8629709448818899
21
-4.2379149212598426
0
LINE
8
BLACK
6
CONTINUOUS
10
5.8629709448818899
20
-4.2379149212598426
11
5.8644707480314962
21
-4.2409145669291339
0
LINE
8
BLACK
6
CONTINUOUS
10
5.8644707480314962
20
-4.2409145669291339
11
5.8646160236220473
21
-4.2414029921259839
0
LINE
8
BLACK
6
CONTINUOUS
10
5.8646160236220473
20
-4.2414029921259839
11
5.8646943307086614
21
-4.2415188976377953
0
LINE
8
BLACK
6
CONTINUOUS
10
5.8646943307086614
20
-4.2415188976377953
11
5.8661941732283465
21
-4.247518188976378
0
LINE
8
BLACK
6
CONTINUOUS
10
5.8661941732283465
20
-4.247518188976378
11
5.8662356299212597
21
-4.2481060629921261
0
LINE
8
BLACK
6
CONTINUOUS
10
5.8662356299212597
20
-4.2481060629921261
11
5.8662823228346452
21
-4.2482343307086614
0
LINE
8
BLACK
6
CONTINUOUS
10
5.8662823228346452
20
-4.2482343307086614
11
5.8662823228346452
21
-4.252733779527559
0
LINE
8
BLACK
6
CONTINUOUS
10
5.8662823228346452
20
-4.252733779527559
11
5.8661799606299212
21
-4.2533141338582672
0
LINE
8
BLACK
6
CONTINUOUS
10
5.8661799606299212
20
-4.2533141338582672
11
5.8661941732283465
21
-4.2534499212598424
0
LINE
8
BLACK
6
CONTINUOUS
10
5.8661941732283465
20
-4.2534499212598424
11
5.8646943307086614
21
-4.2594492125984251
0
LINE
8
BLACK
6
CONTINUOUS
10
5.8646943307086614
20
-4.2594492125984251
11
5.8644866929133856
21
-4.2599146850393703
0
LINE
8
BLACK
6
CONTINUOUS
10
5.8644866929133856
20
-4.2599146850393703
11
5.8644707480314962
21
-4.2600535433070865
0
LINE
8
BLACK
6
CONTINUOUS
10
5.8644707480314962
20
-4.2600535433070865
11
5.8629709448818899
21
-4.2630531496062991
0
LINE
8
BLACK
6
CONTINUOUS
10
5.8629709448818899
20
-4.2630531496062991
11
5.8624450787401576
21
-4.2637621259842522
0
LINE
8
BLACK
6
CONTINUOUS
10
5.8624450787401576
20
-4.2637621259842522
11
5.8624178740157475
21
-4.2638205118110237
0
LINE
8
BLACK
6
CONTINUOUS
10
5.8624178740157475
20
-4.2638205118110237
11
5.8594182283464562
21
-4.2668201968503938
0
LINE
8
BLACK
6
CONTINUOUS
10
5.8594182283464562
20
-4.2668201968503938
11
5.8585782283464569
21
-4.267408385826772
0
LINE
8
BLACK
6
CONTINUOUS
10
5.8585782283464569
20
-4.267408385826772
11
5.8584022834645664
21
-4.2674237401574802
0
LINE
8
BLACK
6
CONTINUOUS
10
5.8584022834645664
20
-4.2674237401574802
11
5.8582640551181102
21
-4.2675335039370079
0
LINE
8
BLACK
6
CONTINUOUS
10
5.8582640551181102
20
-4.2675335039370079
11
5.8537646062992126
21
-4.2690333070866142
0
LINE
8
BLACK
6
CONTINUOUS
10
5.8537646062992126
20
-4.2690333070866142
11
5.8528914173228346
21
-4.2691627559055121
0
LINE
8
BLACK
6
CONTINUOUS
10
5.8528914173228346
20
-4.2691627559055121
11
5.8528308661417325
21
-4.2691848425196852
0
LINE
8
BLACK
6
CONTINUOUS
10
5.8528308661417325
20
-4.2691848425196852
11
5.8498312204724412
21
-4.2691848425196852
0
LINE
8
BLACK
6
CONTINUOUS
10
5.8498312204724412
20
-4.2691848425196852
11
5.8489618110236217
21
-4.2690315354330703
0
LINE
8
BLACK
6
CONTINUOUS
10
5.8489618110236217
20
-4.2690315354330703
11
5.8488974803149603
21
-4.2690333070866142
0
LINE
8
BLACK
6
CONTINUOUS
10
5.8488974803149603
20
-4.2690333070866142
11
5.8443980708661414
21
-4.2675335039370079
0
LINE
8
BLACK
6
CONTINUOUS
10
5.8443980708661414
20
-4.2675335039370079
11
5.8434962992125987
21
-4.2670451968503933
0
LINE
8
BLACK
6
CONTINUOUS
10
5.8434962992125987
20
-4.2670451968503933
11
5.8434038976377956
21
-4.2668948031496061
0
LINE
8
BLACK
6
CONTINUOUS
10
5.8434038976377956
20
-4.2668948031496061
11
5.8432438976377954
21
-4.2668201968503938
0
LINE
8
BLACK
6
CONTINUOUS
10
5.8432438976377954
20
-4.2668201968503938
11
5.8417440551181103
21
-4.2653203543307088
0
LINE
8
BLACK
6
CONTINUOUS
10
5.8417440551181103
20
-4.2653203543307088
11
5.8411558661417322
21
-4.2644803149606298
0
LINE
8
BLACK
6
CONTINUOUS
10
5.8411558661417322
20
-4.2644803149606298
11
5.8409798031496063
21
-4.2624682283464566
0
LINE
8
BLACK
6
CONTINUOUS
10
5.8409798031496063
20
-4.2624682283464566
11
5.8421383464566929
21
-4.2608136614173224
0
LINE
8
BLACK
6
CONTINUOUS
10
5.8421383464566929
20
-4.2608136614173224
11
5.8440892913385829
21
-4.2602909448818895
0
LINE
8
BLACK
6
CONTINUOUS
10
5.8440892913385829
20
-4.2602909448818895
11
5.8459198818897633
21
-4.2611445275590549
0
LINE
8
BLACK
6
CONTINUOUS
10
5.8459198818897633
20
-4.2611445275590549
11
5.8469268503937011
21
-4.2621514960629918
0
LINE
8
BLACK
6
CONTINUOUS
10
5.8469268503937011
20
-4.2621514960629918
11
5.8503103543307082
21
-4.2632793307086612
0
LINE
8
BLACK
6
CONTINUOUS
10
5.8503103543307082
20
-4.2632793307086612
11
5.8523517322834646
21
-4.2632793307086612
0
LINE
8
BLACK
6
CONTINUOUS
10
5.8523517322834646
20
-4.2632793307086612
11
5.8557352362204727
21
-4.2621514960629918
0
LINE
8
BLACK
6
CONTINUOUS
10
5.8557352362204727
20
-4.2621514960629918
11
5.8579031496062992
21
-4.2599835433070865
0
LINE
8
BLACK
6
CONTINUOUS
10
5.8579031496062992
20
-4.2599835433070865
11
5.8590437007874012
21
-4.2577024803149603
0
LINE
8
BLACK
6
CONTINUOUS
10
5.8590437007874012
20
-4.2577024803149603
11
5.8603768110236221
21
-4.252370157480315
0
LINE
8
BLACK
6
CONTINUOUS
10
5.8603768110236221
20
-4.252370157480315
11
5.8603768110236221
21
-4.2485979133858267
0
LINE
8
BLACK
6
CONTINUOUS
10
5.8603768110236221
20
-4.2485979133858267
11
5.8590437007874012
21
-4.2432655511811026
0
LINE
8
BLACK
6
CONTINUOUS
10
5.8590437007874012
20
-4.2432655511811026
11
5.8579031496062992
21
-4.2409844881889764
0
LINE
8
BLACK
6
CONTINUOUS
10
5.8579031496062992
20
-4.2409844881889764
11
5.8557352755905514
21
-4.2388166141732286
0
LINE
8
BLACK
6
CONTINUOUS
10
5.8557352755905514
20
-4.2388166141732286
11
5.8523517322834646
21
-4.2376887795275593
0
LINE
8
BLACK
6
CONTINUOUS
10
5.8523517322834646
20
-4.2376887795275593
11
5.8503103543307082
21
-4.2376887795275593
0
LINE
8
BLACK
6
CONTINUOUS
10
5.8503103543307082
20
-4.2376887795275593
11
5.8469268110236223
21
-4.2388166141732286
0
LINE
8
BLACK
6
CONTINUOUS
10
5.8469268110236223
20
-4.2388166141732286
11
5.8459198425196846
21
-4.2398235826771655
0
LINE
8
BLACK
6
CONTINUOUS
10
5.8459198425196846
20
-4.2398235826771655
11
5.8450798031496065
21
-4.2404117716535428
0
LINE
8
BLACK
6
CONTINUOUS
10
5.8450798031496065
20
-4.2404117716535428
11
5.8430677165354332
21
-4.2405877559055121
0
LINE
8
BLACK
6
CONTINUOUS
10
5.8430677165354332
20
-4.2405877559055121
11
5.8414131496062991
21
-4.2394292125984254
0
LINE
8
BLACK
6
CONTINUOUS
10
5.8414131496062991
20
-4.2394292125984254
11
5.8408904724409449
21
-4.2374782677165355
0
LINE
8
BLACK
6
CONTINUOUS
10
5.8408904724409449
20
-4.2374782677165355
11
5.8417440944881891
21
-4.2356476771653542
0
LINE
8
BLACK
6
CONTINUOUS
10
5.8417440944881891
20
-4.2356476771653542
11
5.8432439370078741
21
-4.2341478740157479
0
LINE
8
BLACK
6
CONTINUOUS
10
5.8432439370078741
20
-4.2341478740157479
11
5.8440839763779522
21
-4.2335596850393697
0
LINE
8
BLACK
6
CONTINUOUS
10
5.8440839763779522
20
-4.2335596850393697
11
5.8442598031496065
21
-4.2335442913385828
0
LINE
8
BLACK
6
CONTINUOUS
10
5.8442598031496065
20
-4.2335442913385828
11
5.8443980708661414
21
-4.2334346062992125
0
LINE
8
BLACK
6
CONTINUOUS
10
5.8443980708661414
20
-4.2334346062992125
11
5.8488974803149603
21
-4.2319348031496062
0
LINE
8
BLACK
6
CONTINUOUS
10
5.8488974803149603
20
-4.2319348031496062
11
5.8497706299212595
21
-4.2318053149606296
0
LINE
8
BLACK
6
CONTINUOUS
10
5.8497706299212595
20
-4.2318053149606296
11
5.8498312204724412
21
-4.2317832677165352
0
LINE
8
BLACK
6
CONTINUOUS
10
5.8498312204724412
20
-4.2317832677165352
11
5.8528308661417325
21
-4.2317832677165352
0
LINE
8
BLACK
6
CONTINUOUS
10
5.8528308661417325
20
-4.2317832677165352
11
5.8537002362204724
21
-4.2319365354330705
0
LINE
8
BLACK
6
CONTINUOUS
10
5.8872364566929134
20
-4.2319129921259844
11
5.8874058661417319
21
-4.2319020866141734
0
LINE
8
BLACK
6
CONTINUOUS
10
5.8874058661417319
20
-4.2319020866141734
11
5.8880964566929128
21
-4.2324095275590548
0
LINE
8
BLACK
6
CONTINUOUS
10
5.8880964566929128
20
-4.2324095275590548
11
5.888838582677165
21
-4.2328380314960627
0
LINE
8
BLACK
6
CONTINUOUS
10
5.888838582677165
20
-4.2328380314960627
11
5.8888966141732286
21
-4.2329975196850391
0
LINE
8
BLACK
6
CONTINUOUS
10
5.8888966141732286
20
-4.2329975196850391
11
5.8890335039370081
21
-4.2330981102362202
0
LINE
8
BLACK
6
CONTINUOUS
10
5.8890335039370081
20
-4.2330981102362202
11
5.8918709842519688
21
-4.2373543307086612
0
LINE
8
BLACK
6
CONTINUOUS
10
5.8918709842519688
20
-4.2373543307086612
11
5.8943250000000003
21
-4.2398083070866139
0
LINE
8
BLACK
6
CONTINUOUS
10
5.8943250000000003
20
-4.2398083070866139
11
5.8968960629921261
21
-4.2410938582677167
0
LINE
8
BLACK
6
CONTINUOUS
10
5.8968960629921261
20
-4.2410938582677167
11
5.8977197244094484
21
-4.2417047637795271
0
LINE
8
BLACK
6
CONTINUOUS
10
5.8977197244094484
20
-4.2417047637795271
11
5.8985229921259839
21
-4.2435579527559053
0
LINE
8
BLACK
6
CONTINUOUS
10
5.8985229921259839
20
-4.2435579527559053
11
5.8979471653543305
21
-4.2454939370078737
0
LINE
8
BLACK
6
CONTINUOUS
10
5.8979471653543305
20
-4.2454939370078737
11
5.8962616141732278
21
-4.2466068110236224
0
LINE
8
BLACK
6
CONTINUOUS
10
5.8962616141732278
20
-4.2466068110236224
11
5.894255039370079
21
-4.2463759055118109
0
LINE
8
BLACK
6
CONTINUOUS
10
5.894255039370079
20
-4.2463759055118109
11
5.8912553937007877
21
-4.2448761023622046
0
LINE
8
BLACK
6
CONTINUOUS
10
5.8912553937007877
20
-4.2448761023622046
11
5.8905463385826771
21
-4.2443501968503936
0
LINE
8
BLACK
6
CONTINUOUS
10
5.8905463385826771
20
-4.2443501968503936
11
5.8904879921259843
21
-4.2443229921259844
0
LINE
8
BLACK
6
CONTINUOUS
10
5.8904879921259843
20
-4.2443229921259844
11
5.8895294094488184
21
-4.2433643700787398
0
LINE
8
BLACK
6
CONTINUOUS
10
5.8895294094488184
20
-4.2433643700787398
11
5.8895294094488184
21
-4.2632793307086612
0
LINE
8
BLACK
6
CONTINUOUS
10
5.8895294094488184
20
-4.2632793307086612
11
5.8955755511811025
21
-4.2632793307086612
0
LINE
8
BLACK
6
CONTINUOUS
10
5.8955755511811025
20
-4.2632793307086612
11
5.896585472440945
21
-4.2634574015748035
0
LINE
8
BLACK
6
CONTINUOUS
10
5.896585472440945
20
-4.2634574015748035
11
5.8981327165354331
21
-4.2647557086614176
0
LINE
8
BLACK
6
CONTINUOUS
10
5.8981327165354331
20
-4.2647557086614176
11
5.8984834645669286
21
-4.2667448425196852
0
LINE
8
BLACK
6
CONTINUOUS
10
5.8984834645669286
20
-4.2667448425196852
11
5.8974735433070862
21
-4.2684940157480318
0
LINE
8
BLACK
6
CONTINUOUS
10
5.8974735433070862
20
-4.2684940157480318
11
5.8955755511811025
21
-4.2691848425196852
0
LINE
8
BLACK
6
CONTINUOUS
10
5.8955755511811025
20
-4.2691848425196852
11
5.8775777952755908
21
-4.2691848425196852
0
LINE
8
BLACK
6
CONTINUOUS
10
5.8775777952755908
20
-4.2691848425196852
11
5.8765678740157483
21
-4.2690067716535429
0
LINE
8
BLACK
6
CONTINUOUS
10
5.8765678740157483
20
-4.2690067716535429
11
5.8750206299212593
21
-4.2677084645669288
0
LINE
8
BLACK
6
CONTINUOUS
10
5.8750206299212593
20
-4.2677084645669288
11
5.8746698818897638
21
-4.2657193307086612
0
LINE
8
BLACK
6
CONTINUOUS
10
5.8746698818897638
20
-4.2657193307086612
11
5.8756798031496063
21
-4.2639701574803146
0
LINE
8
BLACK
6
CONTINUOUS
10
5.8756798031496063
20
-4.2639701574803146
11
5.8775777952755908
21
-4.2632793307086612
0
LINE
8
BLACK
6
CONTINUOUS
10
5.8775777952755908
20
-4.2632793307086612
11
5.8836238976377953
21
-4.2632793307086612
0
LINE
8
BLACK
6
CONTINUOUS
10
5.8836238976377953
20
-4.2632793307086612
11
5.8836238976377953
21
-4.2347360236220473
0
LINE
8
BLACK
6
CONTINUOUS
10
5.8836238976377953
20
-4.2347360236220473
11
5.8838019685039367
21
-4.2337261023622048
0
LINE
8
BLACK
6
CONTINUOUS
10
5.8838019685039367
20
-4.2337261023622048
11
5.8839111023622044
21
-4.2335960236220469
0
LINE
8
BLACK
6
CONTINUOUS
10
5.8839111023622044
20
-4.2335960236220469
11
5.8839297637795278
21
-4.2334272834645672
0
LINE
8
BLACK
6
CONTINUOUS
10
5.8839297637795278
20
-4.2334272834645672
11
5.8845494488188974
21
-4.2328352362204722
0
LINE
8
BLACK
6
CONTINUOUS
10
5.8845494488188974
20
-4.2328352362204722
11
5.8851002755905508
21
-4.2321788582677167
0
LINE
8
BLACK
6
CONTINUOUS
10
5.8851002755905508
20
-4.2321788582677167
11
5.8852674409448822
21
-4.2321493700787398
0
LINE
8
BLACK
6
CONTINUOUS
10
5.8852674409448822
20
-4.2321493700787398
11
5.8853902362204726
21
-4.232032086614173
0
LINE
8
BLACK
6
CONTINUOUS
10
5.8853902362204726
20
-4.232032086614173
11
5.886245433070866
21
-4.2319769291338583
0
LINE
8
BLACK
6
CONTINUOUS
10
5.886245433070866
20
-4.2319769291338583
11
5.8870894094488184
21
-4.2318281102362203
0
LINE
8
BLACK
6
CONTINUOUS
10
5.8870894094488184
20
-4.2318281102362203
11
5.8872364566929134
21
-4.2319129921259844
0
LINE
8
BLACK
6
CONTINUOUS
10
5.917232716535433
20
-4.2319129921259844
11
5.9174021259842515
21
-4.2319020866141734
0
LINE
8
BLACK
6
CONTINUOUS
10
5.9174021259842515
20
-4.2319020866141734
11
5.9180927165354333
21
-4.2324095275590548
0
LINE
8
BLACK
6
CONTINUOUS
10
5.9180927165354333
20
-4.2324095275590548
11
5.9188348425196846
21
-4.2328380314960627
0
LINE
8
BLACK
6
CONTINUOUS
10
5.9188348425196846
20
-4.2328380314960627
11
5.9188928740157483
21
-4.2329975196850391
0
LINE
8
BLACK
6
CONTINUOUS
10
5.9188928740157483
20
-4.2329975196850391
11
5.9190297637795277
21
-4.2330981102362202
0
LINE
8
BLACK
6
CONTINUOUS
10
5.9190297637795277
20
-4.2330981102362202
11
5.9218672440944884
21
-4.2373543307086612
0
LINE
8
BLACK
6
CONTINUOUS
10
5.9218672440944884
20
-4.2373543307086612
11
5.9243212598425199
21
-4.2398083070866139
0
LINE
8
BLACK
6
CONTINUOUS
10
5.9243212598425199
20
-4.2398083070866139
11
5.9268923228346457
21
-4.2410938582677167
0
LINE
8
BLACK
6
CONTINUOUS
10
5.9268923228346457
20
-4.2410938582677167
11
5.927715984251968
21
-4.2417047637795271
0
LINE
8
BLACK
6
CONTINUOUS
10
5.927715984251968
20
-4.2417047637795271
11
5.9285192519685035
21
-4.2435579527559053
0
LINE
8
BLACK
6
CONTINUOUS
10
5.9285192519685035
20
-4.2435579527559053
11
5.9279434251968501
21
-4.2454939370078737
0
LINE
8
BLACK
6
CONTINUOUS
10
5.9279434251968501
20
-4.2454939370078737
11
5.9262578740157483
21
-4.2466068110236224
0
LINE
8
BLACK
6
CONTINUOUS
10
5.9262578740157483
20
-4.2466068110236224
11
5.9242512992125986
21
-4.2463759055118109
0
LINE
8
BLACK
6
CONTINUOUS
10
5.9242512992125986
20
-4.2463759055118109
11
5.9212516535433073
21
-4.2448761023622046
0
LINE
8
BLACK
6
CONTINUOUS
10
5.9212516535433073
20
-4.2448761023622046
11
5.9205425984251967
21
-4.2443501968503936
0
LINE
8
BLACK
6
CONTINUOUS
10
5.9205425984251967
20
-4.2443501968503936
11
5.9204842519685039
21
-4.2443229921259844
0
LINE
8
BLACK
6
CONTINUOUS
10
5.9204842519685039
20
-4.2443229921259844
11
5.9195256692913381
21
-4.2433643700787398
0
LINE
8
BLACK
6
CONTINUOUS
10
5.9195256692913381
20
-4.2433643700787398
11
5.9195256692913381
21
-4.2632793307086612
0
LINE
8
BLACK
6
CONTINUOUS
10
5.9195256692913381
20
-4.2632793307086612
11
5.9255718110236222
21
-4.2632793307086612
0
LINE
8
BLACK
6
CONTINUOUS
10
5.9255718110236222
20
-4.2632793307086612
11
5.9265817322834646
21
-4.2634574015748035
0
LINE
8
BLACK
6
CONTINUOUS
10
5.9265817322834646
20
-4.2634574015748035
11
5.9281289763779528
21
-4.2647557086614176
0
LINE
8
BLACK
6
CONTINUOUS
10
5.9281289763779528
20
-4.2647557086614176
11
5.9284797244094483
21
-4.2667448425196852
0
LINE
8
BLACK
6
CONTINUOUS
10
5.9284797244094483
20
-4.2667448425196852
11
5.9274698031496058
21
-4.2684940157480318
0
LINE
8
BLACK
6
CONTINUOUS
10
5.9274698031496058
20
-4.2684940157480318
11
5.9255718110236222
21
-4.2691848425196852
0
LINE
8
BLACK
6
CONTINUOUS
10
5.9255718110236222
20
-4.2691848425196852
11
5.9075740551181104
21
-4.2691848425196852
0
LINE
8
BLACK
6
CONTINUOUS
10
5.9075740551181104
20
-4.2691848425196852
11
5.906564133858268
21
-4.2690067716535429
0
LINE
8
BLACK
6
CONTINUOUS
10
5.906564133858268
20
-4.2690067716535429
11
5.9050168897637798
21
-4.2677084645669288
0
LINE
8
BLACK
6
CONTINUOUS
10
5.9050168897637798
20
-4.2677084645669288
11
5.9046661417322834
21
-4.2657193307086612
0
LINE
8
BLACK
6
CONTINUOUS
10
5.9046661417322834
20
-4.2657193307086612
11
5.9056760629921259
21
-4.2639701574803146
0
LINE
8
BLACK
6
CONTINUOUS
10
5.9056760629921259
20
-4.2639701574803146
11
5.9075740551181104
21
-4.2632793307086612
0
LINE
8
BLACK
6
CONTINUOUS
10
5.9075740551181104
20
-4.2632793307086612
11
5.9136201574803149
21
-4.2632793307086612
0
LINE
8
BLACK
6
CONTINUOUS
10
5.9136201574803149
20
-4.2632793307086612
11
5.9136201574803149
21
-4.2347360236220473
0
LINE
8
BLACK
6
CONTINUOUS
10
5.9136201574803149
20
-4.2347360236220473
11
5.9137982283464563
21
-4.2337261023622048
0
LINE
8
BLACK
6
CONTINUOUS
10
5.9137982283464563
20
-4.2337261023622048
11
5.913907362204724
21
-4.2335960236220469
0
LINE
8
BLACK
6
CONTINUOUS
10
5.913907362204724
20
-4.2335960236220469
11
5.9139260236220474
21
-4.2334272834645672
0
LINE
8
BLACK
6
CONTINUOUS
10
5.9139260236220474
20
-4.2334272834645672
11
5.914545708661417
21
-4.2328352362204722
0
LINE
8
BLACK
6
CONTINUOUS
10
5.914545708661417
20
-4.2328352362204722
11
5.9150965354330705
21
-4.2321788582677167
0
LINE
8
BLACK
6
CONTINUOUS
10
5.9150965354330705
20
-4.2321788582677167
11
5.9152637007874018
21
-4.2321493700787398
0
LINE
8
BLACK
6
CONTINUOUS
10
5.9152637007874018
20
-4.2321493700787398
11
5.9153864960629923
21
-4.232032086614173
0
LINE
8
BLACK
6
CONTINUOUS
10
5.9153864960629923
20
-4.232032086614173
11
5.9162416929133856
21
-4.2319769291338583
0
LINE
8
BLACK
6
CONTINUOUS
10
5.9162416929133856
20
-4.2319769291338583
11
5.9170856692913381
21
-4.2318281102362203
0
LINE
8
BLACK
6
CONTINUOUS
10
5.9170856692913381
20
-4.2318281102362203
11
5.917232716535433
21
-4.2319129921259844
0
LINE
8
BLACK
6
CONTINUOUS
10
5.955951535433071
20
-4.2318508661417322
11
5.9560807874015751
21
-4.2318281102362203
0
LINE
8
BLACK
6
CONTINUOUS
10
5.9560807874015751
20
-4.2318281102362203
11
5.9561943700787401
21
-4.2318937007874018
0
LINE
8
BLACK
6
CONTINUOUS
10
5.9561943700787401
20
-4.2318937007874018
11
5.9565779527559055
21
-4.2319613385826766
0
LINE
8
BLACK
6
CONTINUOUS
10
5.9565779527559055
20
-4.2319613385826766
11
5.9571656299212599
21
-4.2324544488188973
0
LINE
8
BLACK
6
CONTINUOUS
10
5.9571656299212599
20
-4.2324544488188973
11
5.9578299606299208
21
-4.2328380314960627
0
LINE
8
BLACK
6
CONTINUOUS
10
5.9578299606299208
20
-4.2328380314960627
11
5.957921062992126
21
-4.2330883464566931
0
LINE
8
BLACK
6
CONTINUOUS
10
5.957921062992126
20
-4.2330883464566931
11
5.9581251968503937
21
-4.2332596456692908
0
LINE
8
BLACK
6
CONTINUOUS
10
5.9581251968503937
20
-4.2332596456692908
11
5.95825842519685
21
-4.2340151968503932
0
LINE
8
BLACK
6
CONTINUOUS
10
5.95825842519685
20
-4.2340151968503932
11
5.9585207874015751
21
-4.2347360236220473
0
LINE
8
BLACK
6
CONTINUOUS
10
5.9585207874015751
20
-4.2347360236220473
11
5.9585207874015751
21
-4.2662320866141732
0
LINE
8
BLACK
6
CONTINUOUS
10
5.9585207874015751
20
-4.2662320866141732
11
5.9583427165354328
21
-4.2672420078740156
0
LINE
8
BLACK
6
CONTINUOUS
10
5.9583427165354328
20
-4.2672420078740156
11
5.9570444094488186
21
-4.2687892519685038
0
LINE
8
BLACK
6
CONTINUOUS
10
5.9570444094488186
20
-4.2687892519685038
11
5.955055275590551
21
-4.2691400000000002
0
LINE
8
BLACK
6
CONTINUOUS
10
5.955055275590551
20
-4.2691400000000002
11
5.9533061023622045
21
-4.2681300787401577
0
LINE
8
BLACK
6
CONTINUOUS
10
5.9533061023622045
20
-4.2681300787401577
11
5.952615275590551
21
-4.2662320866141732
0
LINE
8
BLACK
6
CONTINUOUS
10
5.952615275590551
20
-4.2662320866141732
11
5.952615275590551
21
-4.254186692913386
0
LINE
8
BLACK
6
CONTINUOUS
10
5.952615275590551
20
-4.254186692913386
11
5.9496063385826767
21
-4.254186692913386
0
LINE
8
BLACK
6
CONTINUOUS
10
5.9496063385826767
20
-4.254186692913386
11
5.9399892519685036
21
-4.2679253937007875
0
LINE
8
BLACK
6
CONTINUOUS
10
5.9399892519685036
20
-4.2679253937007875
11
5.9392642519685035
21
-4.2686506299212601
0
LINE
8
BLACK
6
CONTINUOUS
10
5.9392642519685035
20
-4.2686506299212601
11
5.9373133464566932
21
-4.269173661417323
0
LINE
8
BLACK
6
CONTINUOUS
10
5.9373133464566932
20
-4.269173661417323
11
5.9354826377952756
21
-4.2683203149606301
0
LINE
8
BLACK
6
CONTINUOUS
10
5.9354826377952756
20
-4.2683203149606301
11
5.9346288188976377
21
-4.2664898425196851
0
LINE
8
BLACK
6
CONTINUOUS
10
5.9346288188976377
20
-4.2664898425196851
11
5.9351512992125981
21
-4.2645387795275589
0
LINE
8
BLACK
6
CONTINUOUS
10
5.9351512992125981
20
-4.2645387795275589
11
5.9425361417322833
21
-4.2539889370078736
0
LINE
8
BLACK
6
CONTINUOUS
10
5.9425361417322833
20
-4.2539889370078736
11
5.9424243307086613
21
-4.2538951181102362
0
LINE
8
BLACK
6
CONTINUOUS
10
5.9424243307086613
20
-4.2538951181102362
11
5.9422490157480317
21
-4.2538749606299211
0
LINE
8
BLACK
6
CONTINUOUS
10
5.9422490157480317
20
-4.2538749606299211
11
5.9392494094488191
21
-4.2523751574803148
0
LINE
8
BLACK
6
CONTINUOUS
10
5.9392494094488191
20
-4.2523751574803148
11
5.9385403149606297
21
-4.2518492519685038
0
LINE
8
BLACK
6
CONTINUOUS
10
5.9385403149606297
20
-4.2518492519685038
11
5.9384820078740157
21
-4.2518220472440946
0
LINE
8
BLACK
6
CONTINUOUS
10
5.9384820078740157
20
-4.2518220472440946
11
5.9369822047244094
21
-4.2503222440944883
0
LINE
8
BLACK
6
CONTINUOUS
10
5.9369822047244094
20
-4.2503222440944883
11
5.936475905511811
21
-4.2495991338582675
0
LINE
8
BLACK
6
CONTINUOUS
10
5.936475905511811
20
-4.2495991338582675
11
5.9364290944881892
21
-4.249554842519685
0
LINE
8
BLACK
6
CONTINUOUS
10
5.9364290944881892
20
-4.249554842519685
11
5.9349292519685042
21
-4.2465551968503936
0
LINE
8
BLACK
6
CONTINUOUS
10
5.9349292519685042
20
-4.2465551968503936
11
5.9346368897637793
21
-4.2455722834645666
0
LINE
8
BLACK
6
CONTINUOUS
10
5.9346368897637793
20
-4.2455722834645666
11
5.9346778740157475
21
-4.2454005511811026
0
LINE
8
BLACK
6
CONTINUOUS
10
5.9346778740157475
20
-4.2454005511811026
11
5.9346175196850393
21
-4.2452346850393701
0
LINE
8
BLACK
6
CONTINUOUS
10
5.9346175196850393
20
-4.2452346850393701
11
5.9346175196850393
21
-4.2407352755905512
0
LINE
8
BLACK
6
CONTINUOUS
10
5.9346175196850393
20
-4.2407352755905512
11
5.9347955905511807
21
-4.2397253543307087
0
LINE
8
BLACK
6
CONTINUOUS
10
5.9347955905511807
20
-4.2397253543307087
11
5.9349090551181103
21
-4.2395900787401573
0
LINE
8
BLACK
6
CONTINUOUS
10
5.9349090551181103
20
-4.2395900787401573
11
5.9349292519685042
21
-4.2394147637795276
0
LINE
8
BLACK
6
CONTINUOUS
10
5.9349292519685042
20
-4.2394147637795276
11
5.9364290944881892
21
-4.2364151181102363
0
LINE
8
BLACK
6
CONTINUOUS
10
5.9364290944881892
20
-4.2364151181102363
11
5.9369549212598427
21
-4.2357061417322832
0
LINE
8
BLACK
6
CONTINUOUS
10
5.9369549212598427
20
-4.2357061417322832
11
5.9369822047244094
21
-4.2356477165354329
0
LINE
8
BLACK
6
CONTINUOUS
10
5.9369822047244094
20
-4.2356477165354329
11
5.9384820078740157
21
-4.2341479133858266
0
LINE
8
BLACK
6
CONTINUOUS
10
5.9384820078740157
20
-4.2341479133858266
11
5.9392050787401569
21
-4.2336416141732283
0
LINE
8
BLACK
6
CONTINUOUS
10
5.9392050787401569
20
-4.2336416141732283
11
5.9392494094488191
21
-4.2335948031496065
0
LINE
8
BLACK
6
CONTINUOUS
10
5.9392494094488191
20
-4.2335948031496065
11
5.9422490157480317
21
-4.2320950000000002
0
LINE
8
BLACK
6
CONTINUOUS
10
5.9422490157480317
20
-4.2320950000000002
11
5.9432319685039365
21
-4.2318026377952753
0
LINE
8
BLACK
6
CONTINUOUS
10
5.9432319685039365
20
-4.2318026377952753
11
5.9434036220472439
21
-4.2318436220472444
0
LINE
8
BLACK
6
CONTINUOUS
10
5.9434036220472439
20
-4.2318436220472444
11
5.9435695275590552
21
-4.2317832677165352
0
LINE
8
BLACK
6
CONTINUOUS
10
5.9435695275590552
20
-4.2317832677165352
11
5.9555680314960631
21
-4.2317832677165352
0
LINE
8
BLACK
6
CONTINUOUS
10
5.9555680314960631
20
-4.2317832677165352
11
5.955951535433071
21
-4.2318508661417322
0
LINE
8
BLACK
6
CONTINUOUS
10
5.9423190157480317
20
-4.2386625590551184
11
5.9414968503937002
21
-4.2394846850393701
0
LINE
8
BLACK
6
CONTINUOUS
10
5.9414968503937002
20
-4.2394846850393701
11
5.9405230314960624
21
-4.2414323228346458
0
LINE
8
BLACK
6
CONTINUOUS
10
5.9405230314960624
20
-4.2414323228346458
11
5.9405230314960624
21
-4.2445375984251967
0
LINE
8
BLACK
6
CONTINUOUS
10
5.9405230314960624
20
-4.2445375984251967
11
5.9414968503937002
21
-4.2464852362204724
0
LINE
8
BLACK
6
CONTINUOUS
10
5.9414968503937002
20
-4.2464852362204724
11
5.9423190157480317
21
-4.2473074015748029
0
LINE
8
BLACK
6
CONTINUOUS
10
5.9423190157480317
20
-4.2473074015748029
11
5.9442665748031498
21
-4.248281181102362
0
LINE
8
BLACK
6
CONTINUOUS
10
5.9442665748031498
20
-4.248281181102362
11
5.952615275590551
21
-4.248281181102362
0
LINE
8
BLACK
6
CONTINUOUS
10
5.952615275590551
20
-4.248281181102362
11
5.952615275590551
21
-4.2376887795275593
0
LINE
8
BLACK
6
CONTINUOUS
10
5.952615275590551
20
-4.2376887795275593
11
5.9442665748031498
21
-4.2376887795275593
0
LINE
8
BLACK
6
CONTINUOUS
10
5.9442665748031498
20
-4.2376887795275593
11
5.9423190157480317
21
-4.2386625590551184
0
LINE
8
BLACK
6
CONTINUOUS
10
6.2502796062992125
20
-4.2340899212598426
11
6.2506627165354329
21
-4.2340427952755908
0
LINE
8
BLACK
6
CONTINUOUS
10
6.2506627165354329
20
-4.2340427952755908
11
6.2514121653543304
21
-4.2344579133858264
0
LINE
8
BLACK
6
CONTINUOUS
10
6.2514121653543304
20
-4.2344579133858264
11
6.2522267322834644
21
-4.234722598425197
0
LINE
8
BLACK
6
CONTINUOUS
10
6.2522267322834644
20
-4.234722598425197
11
6.2524535433070865
21
-4.2350347637795274
0
LINE
8
BLACK
6
CONTINUOUS
10
6.2524535433070865
20
-4.2350347637795274
11
6.2527911811023618
21
-4.2352218110236217
0
LINE
8
BLACK
6
CONTINUOUS
10
6.2527911811023618
20
-4.2352218110236217
11
6.2531534645669291
21
-4.2359981102362205
0
LINE
8
BLACK
6
CONTINUOUS
10
6.2531534645669291
20
-4.2359981102362205
11
6.2536569291338582
21
-4.2366911023622045
0
LINE
8
BLACK
6
CONTINUOUS
10
6.2536569291338582
20
-4.2366911023622045
11
6.2536569291338582
21
-4.2370769685039367
0
LINE
8
BLACK
6
CONTINUOUS
10
6.2536569291338582
20
-4.2370769685039367
11
6.2538201574803152
21
-4.237426771653543
0
LINE
8
BLACK
6
CONTINUOUS
10
6.2538201574803152
20
-4.237426771653543
11
6.2536569291338582
21
-4.2382677952755907
0
LINE
8
BLACK
6
CONTINUOUS
10
6.2536569291338582
20
-4.2382677952755907
11
6.2536569291338582
21
-4.2391243307086617
0
LINE
8
BLACK
6
CONTINUOUS
10
6.2536569291338582
20
-4.2391243307086617
11
6.2534300787401573
21
-4.239436496062992
0
LINE
8
BLACK
6
CONTINUOUS
10
6.2534300787401573
20
-4.239436496062992
11
6.2533565748031492
21
-4.2398153937007876
0
LINE
8
BLACK
6
CONTINUOUS
10
6.2533565748031492
20
-4.2398153937007876
11
6.2527302362204722
21
-4.2403997637795277
0
LINE
8
BLACK
6
CONTINUOUS
10
6.2527302362204722
20
-4.2403997637795277
11
6.2522267322834644
21
-4.2410928346456691
0
LINE
8
BLACK
6
CONTINUOUS
10
6.2522267322834644
20
-4.2410928346456691
11
6.251859645669291
21
-4.2412120866141727
0
LINE
8
BLACK
6
CONTINUOUS
10
6.251859645669291
20
-4.2412120866141727
11
6.2515775196850392
21
-4.2414753543307082
0
LINE
8
BLACK
6
CONTINUOUS
10
6.2515775196850392
20
-4.2414753543307082
11
6.2311009842519685
21
-4.2510310629921255
0
LINE
8
BLACK
6
CONTINUOUS
10
6.2311009842519685
20
-4.2510310629921255
11
6.2515775196850392
21
-4.2605867716535428
0
LINE
8
BLACK
6
CONTINUOUS
10
6.2515775196850392
20
-4.2605867716535428
11
6.251859645669291
21
-4.2608499999999996
0
LINE
8
BLACK
6
CONTINUOUS
10
6.251859645669291
20
-4.2608499999999996
11
6.2522267322834644
21
-4.2609692913385828
0
LINE
8
BLACK
6
CONTINUOUS
10
6.2522267322834644
20
-4.2609692913385828
11
6.2527302362204722
21
-4.2616623228346455
0
LINE
8
BLACK
6
CONTINUOUS
10
6.2527302362204722
20
-4.2616623228346455
11
6.2533565748031492
21
-4.2622467322834643
0
LINE
8
BLACK
6
CONTINUOUS
10
6.2533565748031492
20
-4.2622467322834643
11
6.2534300787401573
21
-4.2626255905511812
0
LINE
8
BLACK
6
CONTINUOUS
10
6.2534300787401573
20
-4.2626255905511812
11
6.2536569291338582
21
-4.2629377952755902
0
LINE
8
BLACK
6
CONTINUOUS
10
6.2536569291338582
20
-4.2629377952755902
11
6.2536569291338582
21
-4.2637942913385825
0
LINE
8
BLACK
6
CONTINUOUS
10
6.2536569291338582
20
-4.2637942913385825
11
6.2538201574803152
21
-4.2646353543307089
0
LINE
8
BLACK
6
CONTINUOUS
10
6.2538201574803152
20
-4.2646353543307089
11
6.2536569291338582
21
-4.2649851181102365
0
LINE
8
BLACK
6
CONTINUOUS
10
6.2536569291338582
20
-4.2649851181102365
11
6.2536569291338582
21
-4.2653710236220475
0
LINE
8
BLACK
6
CONTINUOUS
10
6.2536569291338582
20
-4.2653710236220475
11
6.2531534645669291
21
-4.2660639763779526
0
LINE
8
BLACK
6
CONTINUOUS
10
6.2531534645669291
20
-4.2660639763779526
11
6.2527911811023618
21
-4.2668403149606302
0
LINE
8
BLACK
6
CONTINUOUS
10
6.2527911811023618
20
-4.2668403149606302
11
6.2524535433070865
21
-4.2670273228346458
0
LINE
8
BLACK
6
CONTINUOUS
10
6.2524535433070865
20
-4.2670273228346458
11
6.2522267322834644
21
-4.2673395275590549
0
LINE
8
BLACK
6
CONTINUOUS
10
6.2522267322834644
20
-4.2673395275590549
11
6.2514121653543304
21
-4.2676041732283467
0
LINE
8
BLACK
6
CONTINUOUS
10
6.2514121653543304
20
-4.2676041732283467
11
6.2506627165354329
21
-4.2680193307086611
0
LINE
8
BLACK
6
CONTINUOUS
10
6.2506627165354329
20
-4.2680193307086611
11
6.2502796062992125
21
-4.2679721653543305
0
LINE
8
BLACK
6
CONTINUOUS
10
6.2502796062992125
20
-4.2679721653543305
11
6.2499125984251966
21
-4.2680914173228341
0
LINE
8
BLACK
6
CONTINUOUS
10
6.2499125984251966
20
-4.2680914173228341
11
6.2105425196850392
21
-4.2680914173228341
0
LINE
8
BLACK
6
CONTINUOUS
10
6.2105425196850392
20
-4.2680914173228341
11
6.2082283858267715
21
-4.2673395275590549
0
LINE
8
BLACK
6
CONTINUOUS
10
6.2082283858267715
20
-4.2673395275590549
11
6.2067981889763777
21
-4.2653710236220475
0
LINE
8
BLACK
6
CONTINUOUS
10
6.2067981889763777
20
-4.2653710236220475
11
6.2067981889763777
21
-4.2629377952755902
0
LINE
8
BLACK
6
CONTINUOUS
10
6.2067981889763777
20
-4.2629377952755902
11
6.2082283858267715
21
-4.2609692913385828
0
LINE
8
BLACK
6
CONTINUOUS
10
6.2082283858267715
20
-4.2609692913385828
11
6.2105425196850392
21
-4.2602174015748027
0
LINE
8
BLACK
6
CONTINUOUS
10
6.2105425196850392
20
-4.2602174015748027
11
6.2321662992125981
21
-4.2602174015748027
0
LINE
8
BLACK
6
CONTINUOUS
10
6.2321662992125981
20
-4.2602174015748027
11
6.2201262204724408
21
-4.2545987007874011
0
LINE
8
BLACK
6
CONTINUOUS
10
6.2201262204724408
20
-4.2545987007874011
11
6.219573700787401
21
-4.2540831496062994
0
LINE
8
BLACK
6
CONTINUOUS
10
6.219573700787401
20
-4.2540831496062994
11
6.2189125984251969
21
-4.2537169685039373
0
LINE
8
BLACK
6
CONTINUOUS
10
6.2189125984251969
20
-4.2537169685039373
11
6.2187053937007875
21
-4.253272992125984
0
LINE
8
BLACK
6
CONTINUOUS
10
6.2187053937007875
20
-4.253272992125984
11
6.2183471653543307
21
-4.2529387401574805
0
LINE
8
BLACK
6
CONTINUOUS
10
6.2183471653543307
20
-4.2529387401574805
11
6.2182031496062988
21
-4.2521967322834646
0
LINE
8
BLACK
6
CONTINUOUS
10
6.2182031496062988
20
-4.2521967322834646
11
6.2178836220472435
21
-4.2515120078740161
0
LINE
8
BLACK
6
CONTINUOUS
10
6.2178836220472435
20
-4.2515120078740161
11
6.217976929133858
21
-4.2510310629921255
0
LINE
8
BLACK
6
CONTINUOUS
10
6.217976929133858
20
-4.2510310629921255
11
6.2178836220472435
21
-4.2505501181102359
0
LINE
8
BLACK
6
CONTINUOUS
10
6.2178836220472435
20
-4.2505501181102359
11
6.2182031496062988
21
-4.2498653543307086
0
LINE
8
BLACK
6
CONTINUOUS
10
6.2182031496062988
20
-4.2498653543307086
11
6.2183471653543307
21
-4.2491233858267714
0
LINE
8
BLACK
6
CONTINUOUS
10
6.2183471653543307
20
-4.2491233858267714
11
6.2187053937007875
21
-4.2487890944881892
0
LINE
8
BLACK
6
CONTINUOUS
10
6.2187053937007875
20
-4.2487890944881892
11
6.2189125984251969
21
-4.2483451574803146
0
LINE
8
BLACK
6
CONTINUOUS
10
6.2189125984251969
20
-4.2483451574803146
11
6.219573700787401
21
-4.2479789370078738
0
LINE
8
BLACK
6
CONTINUOUS
10
6.219573700787401
20
-4.2479789370078738
11
6.2201262204724408
21
-4.2474634251968499
0
LINE
8
BLACK
6
CONTINUOUS
10
6.2201262204724408
20
-4.2474634251968499
11
6.2321662992125981
21
-4.2418447244094484
0
LINE
8
BLACK
6
CONTINUOUS
10
6.2321662992125981
20
-4.2418447244094484
11
6.2105425196850392
21
-4.2418447244094484
0
LINE
8
BLACK
6
CONTINUOUS
10
6.2105425196850392
20
-4.2418447244094484
11
6.2082283858267715
21
-4.2410928346456691
0
LINE
8
BLACK
6
CONTINUOUS
10
6.2082283858267715
20
-4.2410928346456691
11
6.2067981889763777
21
-4.2391243307086617
0
LINE
8
BLACK
6
CONTINUOUS
10
6.2067981889763777
20
-4.2391243307086617
11
6.2067981889763777
21
-4.2366911023622045
0
LINE
8
BLACK
6
CONTINUOUS
10
6.2067981889763777
20
-4.2366911023622045
11
6.2082283858267715
21
-4.234722598425197
0
LINE
8
BLACK
6
CONTINUOUS
10
6.2082283858267715
20
-4.234722598425197
11
6.2105425196850392
21
-4.2339707086614169
0
LINE
8
BLACK
6
CONTINUOUS
10
6.2105425196850392
20
-4.2339707086614169
11
6.2499125984251966
21
-4.2339707086614169
0
LINE
8
BLACK
6
CONTINUOUS
10
6.2499125984251966
20
-4.2339707086614169
11
6.2502796062992125
21
-4.2340899212598426
0
LINE
8
BLACK
6
CONTINUOUS
10
6.4102262992125985
20
-4.2354473228346459
11
6.4109171259842519
21
-4.2373453149606295
0
LINE
8
BLACK
6
CONTINUOUS
10
6.4109171259842519
20
-4.2373453149606295
11
6.4109171259842519
21
-4.2403449606299208
0
LINE
8
BLACK
6
CONTINUOUS
10
6.4109171259842519
20
-4.2403449606299208
11
6.4107638188976379
21
-4.2412143307086616
0
LINE
8
BLACK
6
CONTINUOUS
10
6.4107638188976379
20
-4.2412143307086616
11
6.4107655905511809
21
-4.2412787007874018
0
LINE
8
BLACK
6
CONTINUOUS
10
6.4107655905511809
20
-4.2412787007874018
11
6.4092657874015746
21
-4.2457781102362206
0
LINE
8
BLACK
6
CONTINUOUS
10
6.4092657874015746
20
-4.2457781102362206
11
6.4087774803149609
21
-4.2466798818897633
0
LINE
8
BLACK
6
CONTINUOUS
10
6.4087774803149609
20
-4.2466798818897633
11
6.4086270866141728
21
-4.2467722440944877
0
LINE
8
BLACK
6
CONTINUOUS
10
6.4086270866141728
20
-4.2467722440944877
11
6.4085524803149605
21
-4.2469322834645666
0
LINE
8
BLACK
6
CONTINUOUS
10
6.4085524803149605
20
-4.2469322834645666
11
6.4055528346456692
21
-4.249931929133858
0
LINE
8
BLACK
6
CONTINUOUS
10
6.4055528346456692
20
-4.249931929133858
11
6.4047127952755902
21
-4.2505201181102361
0
LINE
8
BLACK
6
CONTINUOUS
10
6.4047127952755902
20
-4.2505201181102361
11
6.4045369291338581
21
-4.2505354724409452
0
LINE
8
BLACK
6
CONTINUOUS
10
6.4045369291338581
20
-4.2505354724409452
11
6.4043986614173223
21
-4.2506452362204721
0
LINE
8
BLACK
6
CONTINUOUS
10
6.4043986614173223
20
-4.2506452362204721
11
6.3998992125984246
21
-4.2521450393700784
0
LINE
8
BLACK
6
CONTINUOUS
10
6.3998992125984246
20
-4.2521450393700784
11
6.3990260236220475
21
-4.2522744881889762
0
LINE
8
BLACK
6
CONTINUOUS
10
6.3990260236220475
20
-4.2522744881889762
11
6.3989654724409446
21
-4.2522965748031494
0
LINE
8
BLACK
6
CONTINUOUS
10
6.3989654724409446
20
-4.2522965748031494
11
6.3764683070866139
21
-4.2522965748031494
0
LINE
8
BLACK
6
CONTINUOUS
10
6.3764683070866139
20
-4.2522965748031494
11
6.3754583858267715
21
-4.252118503937008
0
LINE
8
BLACK
6
CONTINUOUS
10
6.3754583858267715
20
-4.252118503937008
11
6.3739111417322833
21
-4.2508201968503938
0
LINE
8
BLACK
6
CONTINUOUS
10
6.3739111417322833
20
-4.2508201968503938
11
6.373560393700787
21
-4.2488310629921262
0
LINE
8
BLACK
6
CONTINUOUS
10
6.373560393700787
20
-4.2488310629921262
11
6.3745703149606294
21
-4.2470818897637796
0
LINE
8
BLACK
6
CONTINUOUS
10
6.3745703149606294
20
-4.2470818897637796
11
6.3764683070866139
21
-4.2463910629921262
0
LINE
8
BLACK
6
CONTINUOUS
10
6.3764683070866139
20
-4.2463910629921262
11
6.3984863385826767
21
-4.2463910629921262
0
LINE
8
BLACK
6
CONTINUOUS
10
6.3984863385826767
20
-4.2463910629921262
11
6.4018698818897635
21
-4.2452631889763781
0
LINE
8
BLACK
6
CONTINUOUS
10
6.4018698818897635
20
-4.2452631889763781
11
6.4038837795275585
21
-4.2432493307086609
0
LINE
8
BLACK
6
CONTINUOUS
10
6.4038837795275585
20
-4.2432493307086609
11
6.4050116141732278
21
-4.2398658267716538
0
LINE
8
BLACK
6
CONTINUOUS
10
6.4050116141732278
20
-4.2398658267716538
11
6.4050116141732278
21
-4.2373453149606295
0
LINE
8
BLACK
6
CONTINUOUS
10
6.4050116141732278
20
-4.2373453149606295
11
6.4051896850393701
21
-4.236335393700787
0
LINE
8
BLACK
6
CONTINUOUS
10
6.4051896850393701
20
-4.236335393700787
11
6.4064879921259843
21
-4.2347881496062989
0
LINE
8
BLACK
6
CONTINUOUS
10
6.4064879921259843
20
-4.2347881496062989
11
6.4084771259842519
21
-4.2344374015748034
0
LINE
8
BLACK
6
CONTINUOUS
10
6.4084771259842519
20
-4.2344374015748034
11
6.4102262992125985
21
-4.2354473228346459
0
LINE
8
BLACK
6
CONTINUOUS
10
6.1100150393700785
20
-4.1963772834645665
11
6.110082086614173
21
-4.196358464566929
0
LINE
8
BLACK
6
CONTINUOUS
10
6.110082086614173
20
-4.196358464566929
11
6.1101936220472437
21
-4.1964087795275589
0
LINE
8
BLACK
6
CONTINUOUS
10
6.1101936220472437
20
-4.1964087795275589
11
6.1108711417322832
21
-4.196528267716535
0
LINE
8
BLACK
6
CONTINUOUS
10
6.1108711417322832
20
-4.196528267716535
11
6.1113514960629916
21
-4.1969313385826768
0
LINE
8
BLACK
6
CONTINUOUS
10
6.1113514960629916
20
-4.1969313385826768
11
6.1119230708661414
21
-4.1971892913385824
0
LINE
8
BLACK
6
CONTINUOUS
10
6.1119230708661414
20
-4.1971892913385824
11
6.1121021259842516
21
-4.1975612204724406
0
LINE
8
BLACK
6
CONTINUOUS
10
6.1121021259842516
20
-4.1975612204724406
11
6.1124183858267713
21
-4.1978265748031491
0
LINE
8
BLACK
6
CONTINUOUS
10
6.1124183858267713
20
-4.1978265748031491
11
6.1125272440944878
21
-4.1984440944881891
0
LINE
8
BLACK
6
CONTINUOUS
10
6.1125272440944878
20
-4.1984440944881891
11
6.1127993307086612
21
-4.1990091338582678
0
LINE
8
BLACK
6
CONTINUOUS
10
6.1127993307086612
20
-4.1990091338582678
11
6.1142991732283463
21
-4.2140072440944882
0
LINE
8
BLACK
6
CONTINUOUS
10
6.1142991732283463
20
-4.2140072440944882
11
6.1142224803149601
21
-4.2150298818897634
0
LINE
8
BLACK
6
CONTINUOUS
10
6.1142224803149601
20
-4.2150298818897634
11
6.1142115354330704
21
-4.2150459055118112
0
LINE
8
BLACK
6
CONTINUOUS
10
6.1142115354330704
20
-4.2150459055118112
11
6.1142132283464568
21
-4.2150652362204726
0
LINE
8
BLACK
6
CONTINUOUS
10
6.1142132283464568
20
-4.2150652362204726
11
6.11364437007874
21
-4.2158776377952751
0
LINE
8
BLACK
6
CONTINUOUS
10
6.11364437007874
20
-4.2158776377952751
11
6.1130845669291336
21
-4.216698622047244
0
LINE
8
BLACK
6
CONTINUOUS
10
6.1130845669291336
20
-4.216698622047244
11
6.1130658661417323
21
-4.2167038582677163
0
LINE
8
BLACK
6
CONTINUOUS
10
6.1130658661417323
20
-4.2167038582677163
11
6.1130547244094489
21
-4.2167198031496058
0
LINE
8
BLACK
6
CONTINUOUS
10
6.1130547244094489
20
-4.2167198031496058
11
6.112096456692913
21
-4.216976535433071
0
LINE
8
BLACK
6
CONTINUOUS
10
6.112096456692913
20
-4.216976535433071
11
6.1111401968503936
21
-4.2172455511811027
0
LINE
8
BLACK
6
CONTINUOUS
10
6.1111401968503936
20
-4.2172455511811027
11
6.1111224409448814
21
-4.2172375196850389
0
LINE
8
BLACK
6
CONTINUOUS
10
6.1111224409448814
20
-4.2172375196850389
11
6.1111037401574801
21
-4.2172425590551184
0
LINE
8
BLACK
6
CONTINUOUS
10
6.1111037401574801
20
-4.2172425590551184
11
6.1102052755905509
21
-4.2168236220472437
0
LINE
8
BLACK
6
CONTINUOUS
10
6.1102052755905509
20
-4.2168236220472437
11
6.1092992125984251
21
-4.2164147244094483
0
LINE
8
BLACK
6
CONTINUOUS
10
6.1092992125984251
20
-4.2164147244094483
11
6.109290748031496
21
-4.2163972047244096
0
LINE
8
BLACK
6
CONTINUOUS
10
6.109290748031496
20
-4.2163972047244096
11
6.1092731889763776
21
-4.2163890157480317
0
LINE
8
BLACK
6
CONTINUOUS
10
6.1092731889763776
20
-4.2163890157480317
11
6.1081121259842517
21
-4.2152279921259845
0
LINE
8
BLACK
6
CONTINUOUS
10
6.1081121259842517
20
-4.2152279921259845
11
6.1061645669291336
21
-4.2142542125984255
0
LINE
8
BLACK
6
CONTINUOUS
10
6.1061645669291336
20
-4.2142542125984255
11
6.1000596062992125
21
-4.2142542125984255
0
LINE
8
BLACK
6
CONTINUOUS
10
6.1000596062992125
20
-4.2142542125984255
11
6.0981119685039369
21
-4.2152279921259845
0
LINE
8
BLACK
6
CONTINUOUS
10
6.0981119685039369
20
-4.2152279921259845
11
6.0972898425196851
21
-4.2160501181102363
0
LINE
8
BLACK
6
CONTINUOUS
10
6.0972898425196851
20
-4.2160501181102363
11
6.096316062992126
21
-4.2179977165354332
0
LINE
8
BLACK
6
CONTINUOUS
10
6.096316062992126
20
-4.2179977165354332
11
6.096316062992126
21
-4.224102716535433
0
LINE
8
BLACK
6
CONTINUOUS
10
6.096316062992126
20
-4.224102716535433
11
6.0972898425196851
21
-4.2260502755905511
0
LINE
8
BLACK
6
CONTINUOUS
10
6.0972898425196851
20
-4.2260502755905511
11
6.0981120078740156
21
-4.2268724803149604
0
LINE
8
BLACK
6
CONTINUOUS
10
6.0981120078740156
20
-4.2268724803149604
11
6.1000596062992125
21
-4.2278462598425195
0
LINE
8
BLACK
6
CONTINUOUS
10
6.1000596062992125
20
-4.2278462598425195
11
6.1061645669291336
21
-4.2278462598425195
0
LINE
8
BLACK
6
CONTINUOUS
10
6.1061645669291336
20
-4.2278462598425195
11
6.1081121259842517
21
-4.2268724803149604
0
LINE
8
BLACK
6
CONTINUOUS
10
6.1081121259842517
20
-4.2268724803149604
11
6.1092731496062989
21
-4.2257114566929133
0
LINE
8
BLACK
6
CONTINUOUS
10
6.1092731496062989
20
-4.2257114566929133
11
6.1101131889763778
21
-4.2251232283464564
0
LINE
8
BLACK
6
CONTINUOUS
10
6.1101131889763778
20
-4.2251232283464564
11
6.1121253149606298
21
-4.2249472047244092
0
LINE
8
BLACK
6
CONTINUOUS
10
6.1121253149606298
20
-4.2249472047244092
11
6.1137798425196852
21
-4.2261057480314959
0
LINE
8
BLACK
6
CONTINUOUS
10
6.1137798425196852
20
-4.2261057480314959
11
6.1143025590551181
21
-4.2280566929133858
0
LINE
8
BLACK
6
CONTINUOUS
10
6.1143025590551181
20
-4.2280566929133858
11
6.1134489763779527
21
-4.2298872834645671
0
LINE
8
BLACK
6
CONTINUOUS
10
6.1134489763779527
20
-4.2298872834645671
11
6.1119491338582677
21
-4.2313871259842522
0
LINE
8
BLACK
6
CONTINUOUS
10
6.1119491338582677
20
-4.2313871259842522
11
6.1112260236220468
21
-4.2318933858267718
0
LINE
8
BLACK
6
CONTINUOUS
10
6.1112260236220468
20
-4.2318933858267718
11
6.1111817322834643
21
-4.2319402362204723
0
LINE
8
BLACK
6
CONTINUOUS
10
6.1111817322834643
20
-4.2319402362204723
11
6.1081821259842517
21
-4.2334400393700786
0
LINE
8
BLACK
6
CONTINUOUS
10
6.1081821259842517
20
-4.2334400393700786
11
6.1071991732283459
21
-4.2337324015748035
0
LINE
8
BLACK
6
CONTINUOUS
10
6.1071991732283459
20
-4.2337324015748035
11
6.1070274803149607
21
-4.2336913779527556
0
LINE
8
BLACK
6
CONTINUOUS
10
6.1070274803149607
20
-4.2336913779527556
11
6.1068616141732281
21
-4.2337517716535435
0
LINE
8
BLACK
6
CONTINUOUS
10
6.1068616141732281
20
-4.2337517716535435
11
6.0993625590551179
21
-4.2337517716535435
0
LINE
8
BLACK
6
CONTINUOUS
10
6.0993625590551179
20
-4.2337517716535435
11
6.0983526377952755
21
-4.2335737007874013
0
LINE
8
BLACK
6
CONTINUOUS
10
6.0983526377952755
20
-4.2335737007874013
11
6.098217362204724
21
-4.2334601968503938
0
LINE
8
BLACK
6
CONTINUOUS
10
6.098217362204724
20
-4.2334601968503938
11
6.0980420472440944
21
-4.2334400393700786
0
LINE
8
BLACK
6
CONTINUOUS
10
6.0980420472440944
20
-4.2334400393700786
11
6.095042401574803
21
-4.2319402362204723
0
LINE
8
BLACK
6
CONTINUOUS
10
6.095042401574803
20
-4.2319402362204723
11
6.0943332677165349
21
-4.2314142519685038
0
LINE
8
BLACK
6
CONTINUOUS
10
6.0943332677165349
20
-4.2314142519685038
11
6.0942749606299209
21
-4.2313870866141734
0
LINE
8
BLACK
6
CONTINUOUS
10
6.0942749606299209
20
-4.2313870866141734
11
6.0927751574803146
21
-4.2298872440944884
0
LINE
8
BLACK
6
CONTINUOUS
10
6.0927751574803146
20
-4.2298872440944884
11
6.0922688582677162
21
-4.2291641732283463
0
LINE
8
BLACK
6
CONTINUOUS
10
6.0922688582677162
20
-4.2291641732283463
11
6.0922220866141732
21
-4.2291198818897637
0
LINE
8
BLACK
6
CONTINUOUS
10
6.0922220866141732
20
-4.2291198818897637
11
6.0907222834645669
21
-4.2261202755905511
0
LINE
8
BLACK
6
CONTINUOUS
10
6.0907222834645669
20
-4.2261202755905511
11
6.0904299212598421
21
-4.2251373228346454
0
LINE
8
BLACK
6
CONTINUOUS
10
6.0904299212598421
20
-4.2251373228346454
11
6.0904709055118111
21
-4.2249656299212601
0
LINE
8
BLACK
6
CONTINUOUS
10
6.0904709055118111
20
-4.2249656299212601
11
6.090410551181102
21
-4.2247997637795276
0
LINE
8
BLACK
6
CONTINUOUS
10
6.090410551181102
20
-4.2247997637795276
11
6.090410551181102
21
-4.2173007086614174
0
LINE
8
BLACK
6
CONTINUOUS
10
6.090410551181102
20
-4.2173007086614174
11
6.0905886220472443
21
-4.2162907874015749
0
LINE
8
BLACK
6
CONTINUOUS
10
6.0905886220472443
20
-4.2162907874015749
11
6.090702086614173
21
-4.2161555118110234
0
LINE
8
BLACK
6
CONTINUOUS
10
6.090702086614173
20
-4.2161555118110234
11
6.0907222834645669
21
-4.2159801968503938
0
LINE
8
BLACK
6
CONTINUOUS
10
6.0907222834645669
20
-4.2159801968503938
11
6.0922220866141732
21
-4.2129805511811025
0
LINE
8
BLACK
6
CONTINUOUS
10
6.0922220866141732
20
-4.2129805511811025
11
6.0927479921259842
21
-4.2122714566929131
0
LINE
8
BLACK
6
CONTINUOUS
10
6.0927479921259842
20
-4.2122714566929131
11
6.0927751968503934
21
-4.2122131496062991
0
LINE
8
BLACK
6
CONTINUOUS
10
6.0927751968503934
20
-4.2122131496062991
11
6.0942749999999997
21
-4.2107133464566928
0
LINE
8
BLACK
6
CONTINUOUS
10
6.0942749999999997
20
-4.2107133464566928
11
6.0949980708661418
21
-4.2102070472440944
0
LINE
8
BLACK
6
CONTINUOUS
10
6.0949980708661418
20
-4.2102070472440944
11
6.095042401574803
21
-4.2101602362204726
0
LINE
8
BLACK
6
CONTINUOUS
10
6.095042401574803
20
-4.2101602362204726
11
6.0980420472440944
21
-4.2086604330708663
0
LINE
8
BLACK
6
CONTINUOUS
10
6.0980420472440944
20
-4.2086604330708663
11
6.0990250000000001
21
-4.2083680314960628
0
LINE
8
BLACK
6
CONTINUOUS
10
6.0990250000000001
20
-4.2083680314960628
11
6.0991966929133854
21
-4.2084090551181097
0
LINE
8
BLACK
6
CONTINUOUS
10
6.0991966929133854
20
-4.2084090551181097
11
6.0993625590551179
21
-4.2083487007874014
0
LINE
8
BLACK
6
CONTINUOUS
10
6.0993625590551179
20
-4.2083487007874014
11
6.1068616141732281
21
-4.2083487007874014
0
LINE
8
BLACK
6
CONTINUOUS
10
6.1068616141732281
20
-4.2083487007874014
11
6.1078151181102358
21
-4.208516811023622
0
LINE
8
BLACK
6
CONTINUOUS
10
6.1078151181102358
20
-4.208516811023622
11
6.1071890157480313
21
-4.2022557086614176
0
LINE
8
BLACK
6
CONTINUOUS
10
6.1071890157480313
20
-4.2022557086614176
11
6.0948631102362203
21
-4.2022557086614176
0
LINE
8
BLACK
6
CONTINUOUS
10
6.0948631102362203
20
-4.2022557086614176
11
6.0938531889763778
21
-4.2020776377952753
0
LINE
8
BLACK
6
CONTINUOUS
10
6.0938531889763778
20
-4.2020776377952753
11
6.0923059448818897
21
-4.2007793307086612
0
LINE
8
BLACK
6
CONTINUOUS
10
6.0923059448818897
20
-4.2007793307086612
11
6.0919551968503933
21
-4.1987901968503936
0
LINE
8
BLACK
6
CONTINUOUS
10
6.0919551968503933
20
-4.1987901968503936
11
6.0929651181102358
21
-4.197041023622047
0
LINE
8
BLACK
6
CONTINUOUS
10
6.0929651181102358
20
-4.197041023622047
11
6.0948631102362203
21
-4.1963501968503936
0
LINE
8
BLACK
6
CONTINUOUS
10
6.0948631102362203
20
-4.1963501968503936
11
6.1098612204724407
21
-4.1963501968503936
0
LINE
8
BLACK
6
CONTINUOUS
10
6.1098612204724407
20
-4.1963501968503936
11
6.1100150393700785
21
-4.1963772834645665
0
LINE
8
BLACK
6
CONTINUOUS
10
6.13322779527559
20
-4.1965034645669288
11
6.1332921653543302
21
-4.1965017322834646
0
LINE
8
BLACK
6
CONTINUOUS
10
6.1332921653543302
20
-4.1965017322834646
11
6.1377916141732278
21
-4.1980015354330709
0
LINE
8
BLACK
6
CONTINUOUS
10
6.1377916141732278
20
-4.1980015354330709
11
6.1386933858267714
21
-4.1984898031496058
0
LINE
8
BLACK
6
CONTINUOUS
10
6.1386933858267714
20
-4.1984898031496058
11
6.1387857874015745
21
-4.1986402362204727
0
LINE
8
BLACK
6
CONTINUOUS
10
6.1387857874015745
20
-4.1986402362204727
11
6.1389457874015747
21
-4.198714842519685
0
LINE
8
BLACK
6
CONTINUOUS
10
6.1389457874015747
20
-4.198714842519685
11
6.1419453937007873
21
-4.2017144488188976
0
LINE
8
BLACK
6
CONTINUOUS
10
6.1419453937007873
20
-4.2017144488188976
11
6.1424517716535432
21
-4.2024375984251972
0
LINE
8
BLACK
6
CONTINUOUS
10
6.1424517716535432
20
-4.2024375984251972
11
6.1424985039370075
21
-4.2024818503937009
0
LINE
8
BLACK
6
CONTINUOUS
10
6.1424985039370075
20
-4.2024818503937009
11
6.1439983070866138
21
-4.2054814960629923
0
LINE
8
BLACK
6
CONTINUOUS
10
6.1439983070866138
20
-4.2054814960629923
11
6.1441435826771649
21
-4.2059699212598423
0
LINE
8
BLACK
6
CONTINUOUS
10
6.1441435826771649
20
-4.2059699212598423
11
6.144221889763779
21
-4.2060858267716537
0
LINE
8
BLACK
6
CONTINUOUS
10
6.144221889763779
20
-4.2060858267716537
11
6.1457217322834641
21
-4.2120851181102363
0
LINE
8
BLACK
6
CONTINUOUS
10
6.1457217322834641
20
-4.2120851181102363
11
6.1457631889763782
21
-4.2126729921259845
0
LINE
8
BLACK
6
CONTINUOUS
10
6.1457631889763782
20
-4.2126729921259845
11
6.1458098818897637
21
-4.2128012598425197
0
LINE
8
BLACK
6
CONTINUOUS
10
6.1458098818897637
20
-4.2128012598425197
11
6.1458098818897637
21
-4.2173007086614174
0
LINE
8
BLACK
6
CONTINUOUS
10
6.1458098818897637
20
-4.2173007086614174
11
6.1457075196850388
21
-4.2178810629921255
0
LINE
8
BLACK
6
CONTINUOUS
10
6.1457075196850388
20
-4.2178810629921255
11
6.1457217322834641
21
-4.2180168503937008
0
LINE
8
BLACK
6
CONTINUOUS
10
6.1457217322834641
20
-4.2180168503937008
11
6.144221889763779
21
-4.2240161417322835
0
LINE
8
BLACK
6
CONTINUOUS
10
6.144221889763779
20
-4.2240161417322835
11
6.1440142519685041
21
-4.2244816141732286
0
LINE
8
BLACK
6
CONTINUOUS
10
6.1440142519685041
20
-4.2244816141732286
11
6.1439983070866138
21
-4.2246204724409449
0
LINE
8
BLACK
6
CONTINUOUS
10
6.1439983070866138
20
-4.2246204724409449
11
6.1424985039370075
21
-4.2276200787401574
0
LINE
8
BLACK
6
CONTINUOUS
10
6.1424985039370075
20
-4.2276200787401574
11
6.1419726377952752
21
-4.2283290551181105
0
LINE
8
BLACK
6
CONTINUOUS
10
6.1419726377952752
20
-4.2283290551181105
11
6.141945433070866
21
-4.2283874409448821
0
LINE
8
BLACK
6
CONTINUOUS
10
6.141945433070866
20
-4.2283874409448821
11
6.1389457874015747
21
-4.2313871259842522
0
LINE
8
BLACK
6
CONTINUOUS
10
6.1389457874015747
20
-4.2313871259842522
11
6.1381057874015745
21
-4.2319753149606294
0
LINE
8
BLACK
6
CONTINUOUS
10
6.1381057874015745
20
-4.2319753149606294
11
6.1379298425196849
21
-4.2319906692913385
0
LINE
8
BLACK
6
CONTINUOUS
10
6.1379298425196849
20
-4.2319906692913385
11
6.1377916141732278
21
-4.2321004330708663
0
LINE
8
BLACK
6
CONTINUOUS
10
6.1377916141732278
20
-4.2321004330708663
11
6.1332921653543302
21
-4.2336002362204725
0
LINE
8
BLACK
6
CONTINUOUS
10
6.1332921653543302
20
-4.2336002362204725
11
6.1324189763779522
21
-4.2337296850393704
0
LINE
8
BLACK
6
CONTINUOUS
10
6.1324189763779522
20
-4.2337296850393704
11
6.1323584251968501
21
-4.2337517716535435
0
LINE
8
BLACK
6
CONTINUOUS
10
6.1323584251968501
20
-4.2337517716535435
11
6.1293587795275588
21
-4.2337517716535435
0
LINE
8
BLACK
6
CONTINUOUS
10
6.1293587795275588
20
-4.2337517716535435
11
6.1284893700787402
21
-4.2335984645669287
0
LINE
8
BLACK
6
CONTINUOUS
10
6.1284893700787402
20
-4.2335984645669287
11
6.1284250393700788
21
-4.2336002362204725
0
LINE
8
BLACK
6
CONTINUOUS
10
6.1284250393700788
20
-4.2336002362204725
11
6.1239256299212599
21
-4.2321004330708663
0
LINE
8
BLACK
6
CONTINUOUS
10
6.1239256299212599
20
-4.2321004330708663
11
6.1230238582677163
21
-4.2316121259842516
0
LINE
8
BLACK
6
CONTINUOUS
10
6.1230238582677163
20
-4.2316121259842516
11
6.1229314566929132
21
-4.2314617322834644
0
LINE
8
BLACK
6
CONTINUOUS
10
6.1229314566929132
20
-4.2314617322834644
11
6.122771456692913
21
-4.2313871259842522
0
LINE
8
BLACK
6
CONTINUOUS
10
6.122771456692913
20
-4.2313871259842522
11
6.121271614173228
21
-4.2298872834645671
0
LINE
8
BLACK
6
CONTINUOUS
10
6.121271614173228
20
-4.2298872834645671
11
6.1206834251968498
21
-4.2290472440944882
0
LINE
8
BLACK
6
CONTINUOUS
10
6.1206834251968498
20
-4.2290472440944882
11
6.1205073622047239
21
-4.2270351574803149
0
LINE
8
BLACK
6
CONTINUOUS
10
6.1205073622047239
20
-4.2270351574803149
11
6.1216659055118106
21
-4.2253805905511808
0
LINE
8
BLACK
6
CONTINUOUS
10
6.1216659055118106
20
-4.2253805905511808
11
6.1236168503937005
21
-4.2248578740157479
0
LINE
8
BLACK
6
CONTINUOUS
10
6.1236168503937005
20
-4.2248578740157479
11
6.1254474409448818
21
-4.2257114566929133
0
LINE
8
BLACK
6
CONTINUOUS
10
6.1254474409448818
20
-4.2257114566929133
11
6.1264544094488187
21
-4.2267184251968501
0
LINE
8
BLACK
6
CONTINUOUS
10
6.1264544094488187
20
-4.2267184251968501
11
6.1298379133858267
21
-4.2278462598425195
0
LINE
8
BLACK
6
CONTINUOUS
10
6.1298379133858267
20
-4.2278462598425195
11
6.1318792913385822
21
-4.2278462598425195
0
LINE
8
BLACK
6
CONTINUOUS
10
6.1318792913385822
20
-4.2278462598425195
11
6.1352627952755903
21
-4.2267184251968501
0
LINE
8
BLACK
6
CONTINUOUS
10
6.1352627952755903
20
-4.2267184251968501
11
6.1374307086614168
21
-4.2245504724409448
0
LINE
8
BLACK
6
CONTINUOUS
10
6.1374307086614168
20
-4.2245504724409448
11
6.1385712598425197
21
-4.2222694094488187
0
LINE
8
BLACK
6
CONTINUOUS
10
6.1385712598425197
20
-4.2222694094488187
11
6.1399043700787397
21
-4.2169370866141733
0
LINE
8
BLACK
6
CONTINUOUS
10
6.1399043700787397
20
-4.2169370866141733
11
6.1399043700787397
21
-4.213164842519685
0
LINE
8
BLACK
6
CONTINUOUS
10
6.1399043700787397
20
-4.213164842519685
11
6.1385712598425197
21
-4.2078324803149609
0
LINE
8
BLACK
6
CONTINUOUS
10
6.1385712598425197
20
-4.2078324803149609
11
6.1374307086614168
21
-4.2055514173228348
0
LINE
8
BLACK
6
CONTINUOUS
10
6.1374307086614168
20
-4.2055514173228348
11
6.135262834645669
21
-4.2033835433070861
0
LINE
8
BLACK
6
CONTINUOUS
10
6.135262834645669
20
-4.2033835433070861
11
6.1318792913385822
21
-4.2022557086614176
0
LINE
8
BLACK
6
CONTINUOUS
10
6.1318792913385822
20
-4.2022557086614176
11
6.1298379133858267
21
-4.2022557086614176
0
LINE
8
BLACK
6
CONTINUOUS
10
6.1298379133858267
20
-4.2022557086614176
11
6.1264543700787399
21
-4.2033835433070861
0
LINE
8
BLACK
6
CONTINUOUS
10
6.1264543700787399
20
-4.2033835433070861
11
6.1254474015748031
21
-4.2043905118110239
0
LINE
8
BLACK
6
CONTINUOUS
10
6.1254474015748031
20
-4.2043905118110239
11
6.1246073622047241
21
-4.2049787007874011
0
LINE
8
BLACK
6
CONTINUOUS
10
6.1246073622047241
20
-4.2049787007874011
11
6.1225952755905508
21
-4.2051546850393704
0
LINE
8
BLACK
6
CONTINUOUS
10
6.1225952755905508
20
-4.2051546850393704
11
6.1209407086614176
21
-4.2039961417322838
0
LINE
8
BLACK
6
CONTINUOUS
10
6.1209407086614176
20
-4.2039961417322838
11
6.1204180314960626
21
-4.2020451968503938
0
LINE
8
BLACK
6
CONTINUOUS
10
6.1204180314960626
20
-4.2020451968503938
11
6.1212716535433067
21
-4.2002146062992125
0
LINE
8
BLACK
6
CONTINUOUS
10
6.1212716535433067
20
-4.2002146062992125
11
6.1227714960629918
21
-4.1987148031496062
0
LINE
8
BLACK
6
CONTINUOUS
10
6.1227714960629918
20
-4.1987148031496062
11
6.1236115354330707
21
-4.1981266141732281
0
LINE
8
BLACK
6
CONTINUOUS
10
6.1236115354330707
20
-4.1981266141732281
11
6.1237873622047241
21
-4.1981112204724411
0
LINE
8
BLACK
6
CONTINUOUS
10
6.1237873622047241
20
-4.1981112204724411
11
6.1239256299212599
21
-4.1980015354330709
0
LINE
8
BLACK
6
CONTINUOUS
10
6.1239256299212599
20
-4.1980015354330709
11
6.1284250393700788
21
-4.1965017322834646
0
LINE
8
BLACK
6
CONTINUOUS
10
6.1284250393700788
20
-4.1965017322834646
11
6.129298188976378
21
-4.1963722440944879
0
LINE
8
BLACK
6
CONTINUOUS
10
6.129298188976378
20
-4.1963722440944879
11
6.1293587795275588
21
-4.1963501968503936
0
LINE
8
BLACK
6
CONTINUOUS
10
6.1293587795275588
20
-4.1963501968503936
11
6.1323584251968501
21
-4.1963501968503936
0
LINE
8
BLACK
6
CONTINUOUS
10
6.1323584251968501
20
-4.1963501968503936
11
6.13322779527559
21
-4.1965034645669288
0
LINE
8
BLACK
6
CONTINUOUS
10
5.6823789763779526
20
-4.2083462204724409
11
5.6830708661417324
21
-4.2100165354330708
0
LINE
8
BLACK
6
CONTINUOUS
10
5.6830708661417324
20
-4.2100165354330708
11
5.6830708661417324
21
-4.2210858267716533
0
LINE
8
BLACK
6
CONTINUOUS
10
5.6830708661417324
20
-4.2210858267716533
11
5.6823789763779526
21
-4.2227561417322832
0
LINE
8
BLACK
6
CONTINUOUS
10
5.6823789763779526
20
-4.2227561417322832
11
5.6807086614173228
21
-4.223448031496063
0
LINE
8
BLACK
6
CONTINUOUS
10
5.6807086614173228
20
-4.223448031496063
11
5.6790383464566929
21
-4.2227561417322832
0
LINE
8
BLACK
6
CONTINUOUS
10
5.6790383464566929
20
-4.2227561417322832
11
5.6783464566929132
21
-4.2210858267716533
0
LINE
8
BLACK
6
CONTINUOUS
10
5.6783464566929132
20
-4.2210858267716533
11
5.6783464566929132
21
-4.2100165354330708
0
LINE
8
BLACK
6
CONTINUOUS
10
5.6783464566929132
20
-4.2100165354330708
11
5.6790383464566929
21
-4.2083462204724409
0
LINE
8
BLACK
6
CONTINUOUS
10
5.6790383464566929
20
-4.2083462204724409
11
5.6807086614173228
21
-4.2076543307086611
0
LINE
8
BLACK
6
CONTINUOUS
10
5.6807086614173228
20
-4.2076543307086611
11
5.6823789763779526
21
-4.2083462204724409
0
LINE
8
BLACK
6
CONTINUOUS
10
5.7225364566929136
20
-4.2083462204724409
11
5.7232283464566924
21
-4.2100165354330708
0
LINE
8
BLACK
6
CONTINUOUS
10
5.7232283464566924
20
-4.2100165354330708
11
5.7232283464566924
21
-4.2210858267716533
0
LINE
8
BLACK
6
CONTINUOUS
10
5.7232283464566924
20
-4.2210858267716533
11
5.7225364566929136
21
-4.2227561417322832
0
LINE
8
BLACK
6
CONTINUOUS
10
5.7225364566929136
20
-4.2227561417322832
11
5.7208661417322837
21
-4.223448031496063
0
LINE
8
BLACK
6
CONTINUOUS
10
5.7208661417322837
20
-4.223448031496063
11
5.7191958267716538
21
-4.2227561417322832
0
LINE
8
BLACK
6
CONTINUOUS
10
5.7191958267716538
20
-4.2227561417322832
11
5.7185039370078741
21
-4.2210858267716533
0
LINE
8
BLACK
6
CONTINUOUS
10
5.7185039370078741
20
-4.2210858267716533
11
5.7185039370078741
21
-4.2100165354330708
0
LINE
8
BLACK
6
CONTINUOUS
10
5.7185039370078741
20
-4.2100165354330708
11
5.7191958267716538
21
-4.2083462204724409
0
LINE
8
BLACK
6
CONTINUOUS
10
5.7191958267716538
20
-4.2083462204724409
11
5.7208661417322837
21
-4.2076543307086611
0
LINE
8
BLACK
6
CONTINUOUS
10
5.7208661417322837
20
-4.2076543307086611
11
5.7225364566929136
21
-4.2083462204724409
0
LINE
8
BLACK
6
CONTINUOUS
10
6.2522267322834644
20
-4.1934777559055121
11
6.2536569291338582
21
-4.1954462598425195
0
LINE
8
BLACK
6
CONTINUOUS
10
6.2536569291338582
20
-4.1954462598425195
11
6.2536569291338582
21
-4.1978794881889767
0
LINE
8
BLACK
6
CONTINUOUS
10
6.2536569291338582
20
-4.1978794881889767
11
6.2522267322834644
21
-4.1998479921259841
0
LINE
8
BLACK
6
CONTINUOUS
10
6.2522267322834644
20
-4.1998479921259841
11
6.2499125984251966
21
-4.2005998818897634
0
LINE
8
BLACK
6
CONTINUOUS
10
6.2499125984251966
20
-4.2005998818897634
11
6.2189710236220472
21
-4.2005998818897634
0
LINE
8
BLACK
6
CONTINUOUS
10
6.2189710236220472
20
-4.2005998818897634
11
6.2166241732283467
21
-4.2017732677165354
0
LINE
8
BLACK
6
CONTINUOUS
10
6.2166241732283467
20
-4.2017732677165354
11
6.2156528740157482
21
-4.2027445669291339
0
LINE
8
BLACK
6
CONTINUOUS
10
6.2156528740157482
20
-4.2027445669291339
11
6.214479527559055
21
-4.2050912992125982
0
LINE
8
BLACK
6
CONTINUOUS
10
6.214479527559055
20
-4.2050912992125982
11
6.214479527559055
21
-4.2107315748031491
0
LINE
8
BLACK
6
CONTINUOUS
10
6.214479527559055
20
-4.2107315748031491
11
6.2156528740157482
21
-4.2130783070866142
0
LINE
8
BLACK
6
CONTINUOUS
10
6.2156528740157482
20
-4.2130783070866142
11
6.2166241732283467
21
-4.2140496062992128
0
LINE
8
BLACK
6
CONTINUOUS
10
6.2166241732283467
20
-4.2140496062992128
11
6.2189710236220472
21
-4.2152230314960626
0
LINE
8
BLACK
6
CONTINUOUS
10
6.2189710236220472
20
-4.2152230314960626
11
6.2499125984251966
21
-4.2152230314960626
0
LINE
8
BLACK
6
CONTINUOUS
10
6.2499125984251966
20
-4.2152230314960626
11
6.2522267322834644
21
-4.2159749212598427
0
LINE
8
BLACK
6
CONTINUOUS
10
6.2522267322834644
20
-4.2159749212598427
11
6.2536569291338582
21
-4.2179434251968502
0
LINE
8
BLACK
6
CONTINUOUS
10
6.2536569291338582
20
-4.2179434251968502
11
6.2536569291338582
21
-4.2203766535433074
0
LINE
8
BLACK
6
CONTINUOUS
10
6.2536569291338582
20
-4.2203766535433074
11
6.2522267322834644
21
-4.2223451574803148
0
LINE
8
BLACK
6
CONTINUOUS
10
6.2522267322834644
20
-4.2223451574803148
11
6.2499125984251966
21
-4.2230970472440941
0
LINE
8
BLACK
6
CONTINUOUS
10
6.2499125984251966
20
-4.2230970472440941
11
6.2180416141732282
21
-4.2230970472440941
0
LINE
8
BLACK
6
CONTINUOUS
10
6.2180416141732282
20
-4.2230970472440941
11
6.2171784645669286
21
-4.2228165748031499
0
LINE
8
BLACK
6
CONTINUOUS
10
6.2171784645669286
20
-4.2228165748031499
11
6.2162809055118107
21
-4.2226814173228346
0
LINE
8
BLACK
6
CONTINUOUS
10
6.2162809055118107
20
-4.2226814173228346
11
6.2125314173228343
21
-4.2208066535433071
0
LINE
8
BLACK
6
CONTINUOUS
10
6.2125314173228343
20
-4.2208066535433071
11
6.2120767322834647
21
-4.2203588188976378
0
LINE
8
BLACK
6
CONTINUOUS
10
6.2120767322834647
20
-4.2203588188976378
11
6.2115081889763779
21
-4.2200691338582672
0
LINE
8
BLACK
6
CONTINUOUS
10
6.2115081889763779
20
-4.2200691338582672
11
6.2096334251968504
21
-4.2181944094488184
0
LINE
8
BLACK
6
CONTINUOUS
10
6.2096334251968504
20
-4.2181944094488184
11
6.2093437007874011
21
-4.217625787401575
0
LINE
8
BLACK
6
CONTINUOUS
10
6.2093437007874011
20
-4.217625787401575
11
6.208895984251968
21
-4.2171712204724408
0
LINE
8
BLACK
6
CONTINUOUS
10
6.208895984251968
20
-4.2171712204724408
11
6.2070211811023617
21
-4.2134216929133856
0
LINE
8
BLACK
6
CONTINUOUS
10
6.2070211811023617
20
-4.2134216929133856
11
6.2068859842519686
21
-4.2125242125984252
0
LINE
8
BLACK
6
CONTINUOUS
10
6.2068859842519686
20
-4.2125242125984252
11
6.2066055118110235
21
-4.2116609842519681
0
LINE
8
BLACK
6
CONTINUOUS
10
6.2066055118110235
20
-4.2116609842519681
11
6.2066055118110235
21
-4.2041619291338579
0
LINE
8
BLACK
6
CONTINUOUS
10
6.2066055118110235
20
-4.2041619291338579
11
6.2068859842519686
21
-4.2032986614173229
0
LINE
8
BLACK
6
CONTINUOUS
10
6.2068859842519686
20
-4.2032986614173229
11
6.2070211811023617
21
-4.2024012204724412
0
LINE
8
BLACK
6
CONTINUOUS
10
6.2070211811023617
20
-4.2024012204724412
11
6.208895984251968
21
-4.1986516929133861
0
LINE
8
BLACK
6
CONTINUOUS
10
6.208895984251968
20
-4.1986516929133861
11
6.2093437007874011
21
-4.1981970866141731
0
LINE
8
BLACK
6
CONTINUOUS
10
6.2093437007874011
20
-4.1981970866141731
11
6.2096334251968504
21
-4.1976285039370076
0
LINE
8
BLACK
6
CONTINUOUS
10
6.2096334251968504
20
-4.1976285039370076
11
6.2115081889763779
21
-4.1957537795275588
0
LINE
8
BLACK
6
CONTINUOUS
10
6.2115081889763779
20
-4.1957537795275588
11
6.2120767322834647
21
-4.1954640551181104
0
LINE
8
BLACK
6
CONTINUOUS
10
6.2120767322834647
20
-4.1954640551181104
11
6.2125314173228343
21
-4.1950162598425198
0
LINE
8
BLACK
6
CONTINUOUS
10
6.2125314173228343
20
-4.1950162598425198
11
6.2162809055118107
21
-4.1931414960629922
0
LINE
8
BLACK
6
CONTINUOUS
10
6.2162809055118107
20
-4.1931414960629922
11
6.2171784645669286
21
-4.1930062992125983
0
LINE
8
BLACK
6
CONTINUOUS
10
6.2171784645669286
20
-4.1930062992125983
11
6.2180416141732282
21
-4.1927258661417319
0
LINE
8
BLACK
6
CONTINUOUS
10
6.2180416141732282
20
-4.1927258661417319
11
6.2499125984251966
21
-4.1927258661417319
0
LINE
8
BLACK
6
CONTINUOUS
10
6.2499125984251966
20
-4.1927258661417319
11
6.2522267322834644
21
-4.1934777559055121
0
LINE
8
BLACK
6
CONTINUOUS
10
5.7479695275590545
20
-4.1597618897637796
11
5.7486614173228343
21
-4.1614322047244094
0
LINE
8
BLACK
6
CONTINUOUS
10
5.7486614173228343
20
-4.1614322047244094
11
5.7486614173228343
21
-4.1928985039370081
0
LINE
8
BLACK
6
CONTINUOUS
10
5.7486614173228343
20
-4.1928985039370081
11
5.7479695275590545
21
-4.194568818897638
0
LINE
8
BLACK
6
CONTINUOUS
10
5.7479695275590545
20
-4.194568818897638
11
5.7462992125984247
21
-4.1952607086614169
0
LINE
8
BLACK
6
CONTINUOUS
10
5.7462992125984247
20
-4.1952607086614169
11
5.7446288976377948
21
-4.194568818897638
0
LINE
8
BLACK
6
CONTINUOUS
10
5.7446288976377948
20
-4.194568818897638
11
5.743937007874016
21
-4.1928985039370081
0
LINE
8
BLACK
6
CONTINUOUS
10
5.743937007874016
20
-4.1928985039370081
11
5.743937007874016
21
-4.1614322047244094
0
LINE
8
BLACK
6
CONTINUOUS
10
5.743937007874016
20
-4.1614322047244094
11
5.7446288976377948
21
-4.1597618897637796
0
LINE
8
BLACK
6
CONTINUOUS
10
5.7446288976377948
20
-4.1597618897637796
11
5.7462992125984247
21
-4.1590699999999998
0
LINE
8
BLACK
6
CONTINUOUS
10
5.7462992125984247
20
-4.1590699999999998
11
5.7479695275590545
21
-4.1597618897637796
0
LINE
8
BLACK
6
CONTINUOUS
10
5.7920640157480312
20
-4.1597618897637796
11
5.792755905511811
21
-4.1614322047244094
0
LINE
8
BLACK
6
CONTINUOUS
10
5.792755905511811
20
-4.1614322047244094
11
5.792755905511811
21
-4.1928985039370081
0
LINE
8
BLACK
6
CONTINUOUS
10
5.792755905511811
20
-4.1928985039370081
11
5.7920640157480312
21
-4.194568818897638
0
LINE
8
BLACK
6
CONTINUOUS
10
5.7920640157480312
20
-4.194568818897638
11
5.7903937007874013
21
-4.1952607086614169
0
LINE
8
BLACK
6
CONTINUOUS
10
5.7903937007874013
20
-4.1952607086614169
11
5.7887233858267715
21
-4.194568818897638
0
LINE
8
BLACK
6
CONTINUOUS
10
5.7887233858267715
20
-4.194568818897638
11
5.7880314960629917
21
-4.1928985039370081
0
LINE
8
BLACK
6
CONTINUOUS
10
5.7880314960629917
20
-4.1928985039370081
11
5.7880314960629917
21
-4.1614322047244094
0
LINE
8
BLACK
6
CONTINUOUS
10
5.7880314960629917
20
-4.1614322047244094
11
5.7887233858267715
21
-4.1597618897637796
0
LINE
8
BLACK
6
CONTINUOUS
10
5.7887233858267715
20
-4.1597618897637796
11
5.7903937007874013
21
-4.1590699999999998
0
LINE
8
BLACK
6
CONTINUOUS
10
5.7903937007874013
20
-4.1590699999999998
11
5.7920640157480312
21
-4.1597618897637796
0
LINE
8
BLACK
6
CONTINUOUS
10
6.0322805511811026
20
-4.1700911811023618
11
6.0329724409448815
21
-4.1717614960629916
0
LINE
8
BLACK
6
CONTINUOUS
10
6.0329724409448815
20
-4.1717614960629916
11
6.0329724409448815
21
-4.1904432283464566
0
LINE
8
BLACK
6
CONTINUOUS
10
6.0329724409448815
20
-4.1904432283464566
11
6.0322805511811026
21
-4.1921135433070864
0
LINE
8
BLACK
6
CONTINUOUS
10
6.0322805511811026
20
-4.1921135433070864
11
6.0306102362204719
21
-4.1928054330708662
0
LINE
8
BLACK
6
CONTINUOUS
10
6.0306102362204719
20
-4.1928054330708662
11
6.028939921259842
21
-4.1921135433070864
0
LINE
8
BLACK
6
CONTINUOUS
10
6.028939921259842
20
-4.1921135433070864
11
6.0282480314960631
21
-4.1904432283464566
0
LINE
8
BLACK
6
CONTINUOUS
10
6.0282480314960631
20
-4.1904432283464566
11
6.0282480314960631
21
-4.1717614960629916
0
LINE
8
BLACK
6
CONTINUOUS
10
6.0282480314960631
20
-4.1717614960629916
11
6.028939921259842
21
-4.1700911811023618
0
LINE
8
BLACK
6
CONTINUOUS
10
6.028939921259842
20
-4.1700911811023618
11
6.0306102362204719
21
-4.1693992913385829
0
LINE
8
BLACK
6
CONTINUOUS
10
6.0306102362204719
20
-4.1693992913385829
11
6.0322805511811026
21
-4.1700911811023618
0
LINE
8
BLACK
6
CONTINUOUS
10
6.0734222834645664
20
-4.1700911811023618
11
6.0741141732283461
21
-4.1717614960629916
0
LINE
8
BLACK
6
CONTINUOUS
10
6.0741141732283461
20
-4.1717614960629916
11
6.0741141732283461
21
-4.1904432283464566
0
LINE
8
BLACK
6
CONTINUOUS
10
6.0741141732283461
20
-4.1904432283464566
11
6.0734222834645664
21
-4.1921135433070864
0
LINE
8
BLACK
6
CONTINUOUS
10
6.0734222834645664
20
-4.1921135433070864
11
6.0717519685039365
21
-4.1928054330708662
0
LINE
8
BLACK
6
CONTINUOUS
10
6.0717519685039365
20
-4.1928054330708662
11
6.0700816535433066
21
-4.1921135433070864
0
LINE
8
BLACK
6
CONTINUOUS
10
6.0700816535433066
20
-4.1921135433070864
11
6.0693897637795278
21
-4.1904432283464566
0
LINE
8
BLACK
6
CONTINUOUS
10
6.0693897637795278
20
-4.1904432283464566
11
6.0693897637795278
21
-4.1717614960629916
0
LINE
8
BLACK
6
CONTINUOUS
10
6.0693897637795278
20
-4.1717614960629916
11
6.0700816535433066
21
-4.1700911811023618
0
LINE
8
BLACK
6
CONTINUOUS
10
6.0700816535433066
20
-4.1700911811023618
11
6.0717519685039365
21
-4.1693992913385829
0
LINE
8
BLACK
6
CONTINUOUS
10
6.0717519685039365
20
-4.1693992913385829
11
6.0734222834645664
21
-4.1700911811023618
0
LINE
8
BLACK
6
CONTINUOUS
10
5.8748002362204721
20
-4.1582801574803145
11
5.8754921259842519
21
-4.1599504724409444
0
LINE
8
BLACK
6
CONTINUOUS
10
5.8754921259842519
20
-4.1599504724409444
11
5.8754921259842519
21
-4.1786322047244093
0
LINE
8
BLACK
6
CONTINUOUS
10
5.8754921259842519
20
-4.1786322047244093
11
5.8748002362204721
21
-4.1803025196850392
0
LINE
8
BLACK
6
CONTINUOUS
10
5.8748002362204721
20
-4.1803025196850392
11
5.8731299212598422
21
-4.1809944094488189
0
LINE
8
BLACK
6
CONTINUOUS
10
5.8731299212598422
20
-4.1809944094488189
11
5.8714596062992124
21
-4.1803025196850392
0
LINE
8
BLACK
6
CONTINUOUS
10
5.8714596062992124
20
-4.1803025196850392
11
5.8707677165354326
21
-4.1786322047244093
0
LINE
8
BLACK
6
CONTINUOUS
10
5.8707677165354326
20
-4.1786322047244093
11
5.8707677165354326
21
-4.1599504724409444
0
LINE
8
BLACK
6
CONTINUOUS
10
5.8707677165354326
20
-4.1599504724409444
11
5.8714596062992124
21
-4.1582801574803145
0
LINE
8
BLACK
6
CONTINUOUS
10
5.8714596062992124
20
-4.1582801574803145
11
5.8731299212598422
21
-4.1575882677165357
0
LINE
8
BLACK
6
CONTINUOUS
10
5.8731299212598422
20
-4.1575882677165357
11
5.8748002362204721
21
-4.1582801574803145
0
LINE
8
BLACK
6
CONTINUOUS
10
5.9159419685039367
20
-4.1582801574803145
11
5.9166338582677165
21
-4.1599504724409444
0
LINE
8
BLACK
6
CONTINUOUS
10
5.9166338582677165
20
-4.1599504724409444
11
5.9166338582677165
21
-4.1786322047244093
0
LINE
8
BLACK
6
CONTINUOUS
10
5.9166338582677165
20
-4.1786322047244093
11
5.9159419685039367
21
-4.1803025196850392
0
LINE
8
BLACK
6
CONTINUOUS
10
5.9159419685039367
20
-4.1803025196850392
11
5.9142716535433069
21
-4.1809944094488189
0
LINE
8
BLACK
6
CONTINUOUS
10
5.9142716535433069
20
-4.1809944094488189
11
5.912601338582677
21
-4.1803025196850392
0
LINE
8
BLACK
6
CONTINUOUS
10
5.912601338582677
20
-4.1803025196850392
11
5.9119094488188972
21
-4.1786322047244093
0
LINE
8
BLACK
6
CONTINUOUS
10
5.9119094488188972
20
-4.1786322047244093
11
5.9119094488188972
21
-4.1599504724409444
0
LINE
8
BLACK
6
CONTINUOUS
10
5.9119094488188972
20
-4.1599504724409444
11
5.912601338582677
21
-4.1582801574803145
0
LINE
8
BLACK
6
CONTINUOUS
10
5.912601338582677
20
-4.1582801574803145
11
5.9142716535433069
21
-4.1575882677165357
0
LINE
8
BLACK
6
CONTINUOUS
10
5.9142716535433069
20
-4.1575882677165357
11
5.9159419685039367
21
-4.1582801574803145
0
LINE
8
BLACK
6
CONTINUOUS
10
5.8162372440944878
20
-4.1620863779527557
11
5.8169291338582676
21
-4.1637566929133856
0
LINE
8
BLACK
6
CONTINUOUS
10
5.8169291338582676
20
-4.1637566929133856
11
5.8169291338582676
21
-4.1748259842519682
0
LINE
8
BLACK
6
CONTINUOUS
10
5.8169291338582676
20
-4.1748259842519682
11
5.8162372440944878
21
-4.176496299212598
0
LINE
8
BLACK
6
CONTINUOUS
10
5.8162372440944878
20
-4.176496299212598
11
5.814566929133858
21
-4.1771881889763778
0
LINE
8
BLACK
6
CONTINUOUS
10
5.814566929133858
20
-4.1771881889763778
11
5.8128966141732281
21
-4.176496299212598
0
LINE
8
BLACK
6
CONTINUOUS
10
5.8128966141732281
20
-4.176496299212598
11
5.8122047244094484
21
-4.1748259842519682
0
LINE
8
BLACK
6
CONTINUOUS
10
5.8122047244094484
20
-4.1748259842519682
11
5.8122047244094484
21
-4.1637566929133856
0
LINE
8
BLACK
6
CONTINUOUS
10
5.8122047244094484
20
-4.1637566929133856
11
5.8128966141732281
21
-4.1620863779527557
0
LINE
8
BLACK
6
CONTINUOUS
10
5.8128966141732281
20
-4.1620863779527557
11
5.814566929133858
21
-4.1613944881889759
0
LINE
8
BLACK
6
CONTINUOUS
10
5.814566929133858
20
-4.1613944881889759
11
5.8162372440944878
21
-4.1620863779527557
0
LINE
8
BLACK
6
CONTINUOUS
10
5.8563947244094487
20
-4.1620863779527557
11
5.8570866141732285
21
-4.1637566929133856
0
LINE
8
BLACK
6
CONTINUOUS
10
5.8570866141732285
20
-4.1637566929133856
11
5.8570866141732285
21
-4.1748259842519682
0
LINE
8
BLACK
6
CONTINUOUS
10
5.8570866141732285
20
-4.1748259842519682
11
5.8563947244094487
21
-4.176496299212598
0
LINE
8
BLACK
6
CONTINUOUS
10
5.8563947244094487
20
-4.176496299212598
11
5.8547244094488189
21
-4.1771881889763778
0
LINE
8
BLACK
6
CONTINUOUS
10
5.8547244094488189
20
-4.1771881889763778
11
5.853054094488189
21
-4.176496299212598
0
LINE
8
BLACK
6
CONTINUOUS
10
5.853054094488189
20
-4.176496299212598
11
5.8523622047244093
21
-4.1748259842519682
0
LINE
8
BLACK
6
CONTINUOUS
10
5.8523622047244093
20
-4.1748259842519682
11
5.8523622047244093
21
-4.1637566929133856
0
LINE
8
BLACK
6
CONTINUOUS
10
5.8523622047244093
20
-4.1637566929133856
11
5.853054094488189
21
-4.1620863779527557
0
LINE
8
BLACK
6
CONTINUOUS
10
5.853054094488189
20
-4.1620863779527557
11
5.8547244094488189
21
-4.1613944881889759
0
LINE
8
BLACK
6
CONTINUOUS
10
5.8547244094488189
20
-4.1613944881889759
11
5.8563947244094487
21
-4.1620863779527557
0
LINE
8
BLACK
6
CONTINUOUS
10
6.0957648031496063
20
-4.1305903149606298
11
6.0964566929133861
21
-4.1322606299212596
0
LINE
8
BLACK
6
CONTINUOUS
10
6.0964566929133861
20
-4.1322606299212596
11
6.0964566929133861
21
-4.1433299212598422
0
LINE
8
BLACK
6
CONTINUOUS
10
6.0964566929133861
20
-4.1433299212598422
11
6.0957648031496063
21
-4.1450002362204721
0
LINE
8
BLACK
6
CONTINUOUS
10
6.0957648031496063
20
-4.1450002362204721
11
6.0940944881889765
21
-4.1456921259842519
0
LINE
8
BLACK
6
CONTINUOUS
10
6.0940944881889765
20
-4.1456921259842519
11
6.0924241732283466
21
-4.1450002362204721
0
LINE
8
BLACK
6
CONTINUOUS
10
6.0924241732283466
20
-4.1450002362204721
11
6.0917322834645669
21
-4.1433299212598422
0
LINE
8
BLACK
6
CONTINUOUS
10
6.0917322834645669
20
-4.1433299212598422
11
6.0917322834645669
21
-4.1322606299212596
0
LINE
8
BLACK
6
CONTINUOUS
10
6.0917322834645669
20
-4.1322606299212596
11
6.0924241732283466
21
-4.1305903149606298
0
LINE
8
BLACK
6
CONTINUOUS
10
6.0924241732283466
20
-4.1305903149606298
11
6.0940944881889765
21
-4.12989842519685
0
LINE
8
BLACK
6
CONTINUOUS
10
6.0940944881889765
20
-4.12989842519685
11
6.0957648031496063
21
-4.1305903149606298
0
LINE
8
BLACK
6
CONTINUOUS
10
6.1359222834645664
20
-4.1305903149606298
11
6.1366141732283461
21
-4.1322606299212596
0
LINE
8
BLACK
6
CONTINUOUS
10
6.1366141732283461
20
-4.1322606299212596
11
6.1366141732283461
21
-4.1433299212598422
0
LINE
8
BLACK
6
CONTINUOUS
10
6.1366141732283461
20
-4.1433299212598422
11
6.1359222834645664
21
-4.1450002362204721
0
LINE
8
BLACK
6
CONTINUOUS
10
6.1359222834645664
20
-4.1450002362204721
11
6.1342519685039365
21
-4.1456921259842519
0
LINE
8
BLACK
6
CONTINUOUS
10
6.1342519685039365
20
-4.1456921259842519
11
6.1325816535433066
21
-4.1450002362204721
0
LINE
8
BLACK
6
CONTINUOUS
10
6.1325816535433066
20
-4.1450002362204721
11
6.1318897637795278
21
-4.1433299212598422
0
LINE
8
BLACK
6
CONTINUOUS
10
6.1318897637795278
20
-4.1433299212598422
11
6.1318897637795278
21
-4.1322606299212596
0
LINE
8
BLACK
6
CONTINUOUS
10
6.1318897637795278
20
-4.1322606299212596
11
6.1325816535433066
21
-4.1305903149606298
0
LINE
8
BLACK
6
CONTINUOUS
10
6.1325816535433066
20
-4.1305903149606298
11
6.1342519685039365
21
-4.12989842519685
0
LINE
8
BLACK
6
CONTINUOUS
10
6.1342519685039365
20
-4.12989842519685
11
6.1359222834645664
21
-4.1305903149606298
0
LINE
8
BLACK
6
CONTINUOUS
10
5.4066920866141732
20
-3.7577203937007875
11
5.408122283464567
21
-3.7596888976377953
0
LINE
8
BLACK
6
CONTINUOUS
10
5.408122283464567
20
-3.7596888976377953
11
5.408122283464567
21
-3.7621221259842517
0
LINE
8
BLACK
6
CONTINUOUS
10
5.408122283464567
20
-3.7621221259842517
11
5.4066920866141732
21
-3.76409062992126
0
LINE
8
BLACK
6
CONTINUOUS
10
5.4066920866141732
20
-3.76409062992126
11
5.4043779527559055
21
-3.7648425196850392
0
LINE
8
BLACK
6
CONTINUOUS
10
5.4043779527559055
20
-3.7648425196850392
11
5.3579212598425192
21
-3.7648425196850392
0
LINE
8
BLACK
6
CONTINUOUS
10
5.3579212598425192
20
-3.7648425196850392
11
5.3579212598425192
21
-4.1341338582677167
0
LINE
8
BLACK
6
CONTINUOUS
10
5.3579212598425192
20
-4.1341338582677167
11
5.4043779527559055
21
-4.1341338582677167
0
LINE
8
BLACK
6
CONTINUOUS
10
5.4043779527559055
20
-4.1341338582677167
11
5.4066920866141732
21
-4.134885748031496
0
LINE
8
BLACK
6
CONTINUOUS
10
5.4066920866141732
20
-4.134885748031496
11
5.408122283464567
21
-4.1368542519685034
0
LINE
8
BLACK
6
CONTINUOUS
10
5.408122283464567
20
-4.1368542519685034
11
5.408122283464567
21
-4.1392874803149606
0
LINE
8
BLACK
6
CONTINUOUS
10
5.408122283464567
20
-4.1392874803149606
11
5.4066920866141732
21
-4.1412559842519681
0
LINE
8
BLACK
6
CONTINUOUS
10
5.4066920866141732
20
-4.1412559842519681
11
5.4043779527559055
21
-4.1420078740157482
0
LINE
8
BLACK
6
CONTINUOUS
10
5.4043779527559055
20
-4.1420078740157482
11
5.3539842519685035
21
-4.1420078740157482
0
LINE
8
BLACK
6
CONTINUOUS
10
5.3539842519685035
20
-4.1420078740157482
11
5.3533912204724405
21
-4.141815196850394
0
LINE
8
BLACK
6
CONTINUOUS
10
5.3533912204724405
20
-4.141815196850394
11
5.3527676377952753
21
-4.141815196850394
0
LINE
8
BLACK
6
CONTINUOUS
10
5.3527676377952753
20
-4.141815196850394
11
5.3522631496062987
21
-4.1414486614173232
0
LINE
8
BLACK
6
CONTINUOUS
10
5.3522631496062987
20
-4.1414486614173232
11
5.3516701181102357
21
-4.1412559842519681
0
LINE
8
BLACK
6
CONTINUOUS
10
5.3516701181102357
20
-4.1412559842519681
11
5.3513035826771649
21
-4.1407514960629923
0
LINE
8
BLACK
6
CONTINUOUS
10
5.3513035826771649
20
-4.1407514960629923
11
5.3507991338582679
21
-4.1403850000000002
0
LINE
8
BLACK
6
CONTINUOUS
10
5.3507991338582679
20
-4.1403850000000002
11
5.3506064173228349
21
-4.1397919291338585
0
LINE
8
BLACK
6
CONTINUOUS
10
5.3506064173228349
20
-4.1397919291338585
11
5.3502399212598428
21
-4.1392874803149606
0
LINE
8
BLACK
6
CONTINUOUS
10
5.3502399212598428
20
-4.1392874803149606
11
5.3502399212598428
21
-4.1386638582677167
0
LINE
8
BLACK
6
CONTINUOUS
10
5.3502399212598428
20
-4.1386638582677167
11
5.3500472440944877
21
-4.1380708661417325
0
LINE
8
BLACK
6
CONTINUOUS
10
5.3500472440944877
20
-4.1380708661417325
11
5.3500472440944877
21
-3.7609055118110235
0
LINE
8
BLACK
6
CONTINUOUS
10
5.3500472440944877
20
-3.7609055118110235
11
5.3502399212598428
21
-3.7603124803149606
0
LINE
8
BLACK
6
CONTINUOUS
10
5.3502399212598428
20
-3.7603124803149606
11
5.3502399212598428
21
-3.7596888976377953
0
LINE
8
BLACK
6
CONTINUOUS
10
5.3502399212598428
20
-3.7596888976377953
11
5.3506064173228349
21
-3.7591844094488187
0
LINE
8
BLACK
6
CONTINUOUS
10
5.3506064173228349
20
-3.7591844094488187
11
5.3507991338582679
21
-3.7585913779527558
0
LINE
8
BLACK
6
CONTINUOUS
10
5.3507991338582679
20
-3.7585913779527558
11
5.3513035826771649
21
-3.7582248425196849
0
LINE
8
BLACK
6
CONTINUOUS
10
5.3513035826771649
20
-3.7582248425196849
11
5.3516701181102357
21
-3.7577203937007875
0
LINE
8
BLACK
6
CONTINUOUS
10
5.3516701181102357
20
-3.7577203937007875
11
5.3522631496062987
21
-3.7575276771653541
0
LINE
8
BLACK
6
CONTINUOUS
10
5.3522631496062987
20
-3.7575276771653541
11
5.3527676377952753
21
-3.757161181102362
0
LINE
8
BLACK
6
CONTINUOUS
10
5.3527676377952753
20
-3.757161181102362
11
5.3533912204724405
21
-3.757161181102362
0
LINE
8
BLACK
6
CONTINUOUS
10
5.3533912204724405
20
-3.757161181102362
11
5.3539842519685035
21
-3.7569685039370078
0
LINE
8
BLACK
6
CONTINUOUS
10
5.3539842519685035
20
-3.7569685039370078
11
5.4043779527559055
21
-3.7569685039370078
0
LINE
8
BLACK
6
CONTINUOUS
10
5.4043779527559055
20
-3.7569685039370078
11
5.4066920866141732
21
-3.7577203937007875
0
LINE
8
BLACK
6
CONTINUOUS
10
5.5629912992125981
20
-4.134885748031496
11
5.5644214960629919
21
-4.1368542519685034
0
LINE
8
BLACK
6
CONTINUOUS
10
5.5644214960629919
20
-4.1368542519685034
11
5.5644214960629919
21
-4.1392874803149606
0
LINE
8
BLACK
6
CONTINUOUS
10
5.5644214960629919
20
-4.1392874803149606
11
5.5629912992125981
21
-4.1412559842519681
0
LINE
8
BLACK
6
CONTINUOUS
10
5.5629912992125981
20
-4.1412559842519681
11
5.5606771653543303
21
-4.1420078740157482
0
LINE
8
BLACK
6
CONTINUOUS
10
5.5606771653543303
20
-4.1420078740157482
11
5.511464566929134
21
-4.1420078740157482
0
LINE
8
BLACK
6
CONTINUOUS
10
5.511464566929134
20
-4.1420078740157482
11
5.5091504330708663
21
-4.1412559842519681
0
LINE
8
BLACK
6
CONTINUOUS
10
5.5091504330708663
20
-4.1412559842519681
11
5.5077202362204725
21
-4.1392874803149606
0
LINE
8
BLACK
6
CONTINUOUS
10
5.5077202362204725
20
-4.1392874803149606
11
5.5077202362204725
21
-4.1368542519685034
0
LINE
8
BLACK
6
CONTINUOUS
10
5.5077202362204725
20
-4.1368542519685034
11
5.5091504330708663
21
-4.134885748031496
0
LINE
8
BLACK
6
CONTINUOUS
10
5.5091504330708663
20
-4.134885748031496
11
5.511464566929134
21
-4.1341338582677167
0
LINE
8
BLACK
6
CONTINUOUS
10
5.511464566929134
20
-4.1341338582677167
11
5.5606771653543303
21
-4.1341338582677167
0
LINE
8
BLACK
6
CONTINUOUS
10
5.5606771653543303
20
-4.1341338582677167
11
5.5629912992125981
21
-4.134885748031496
0
LINE
8
BLACK
6
CONTINUOUS
10
6.3847805511811027
20
-4.0422273228346457
11
6.3854724409448815
21
-4.0438976377952756
0
LINE
8
BLACK
6
CONTINUOUS
10
6.3854724409448815
20
-4.0438976377952756
11
6.3847805511811027
21
-4.0455679527559054
0
LINE
8
BLACK
6
CONTINUOUS
10
6.3847805511811027
20
-4.0455679527559054
11
6.3831102362204719
21
-4.0462598425196852
0
LINE
8
BLACK
6
CONTINUOUS
10
6.3831102362204719
20
-4.0462598425196852
11
6.3283858267716537
21
-4.0462598425196852
0
LINE
8
BLACK
6
CONTINUOUS
10
6.3283858267716537
20
-4.0462598425196852
11
6.3283858267716537
21
-4.1147637795275589
0
LINE
8
BLACK
6
CONTINUOUS
10
6.3283858267716537
20
-4.1147637795275589
11
6.327693937007874
21
-4.1164340944881888
0
LINE
8
BLACK
6
CONTINUOUS
10
6.327693937007874
20
-4.1164340944881888
11
6.3260236220472441
21
-4.1171259842519685
0
LINE
8
BLACK
6
CONTINUOUS
10
6.3260236220472441
20
-4.1171259842519685
11
6.287047244094488
21
-4.1171259842519685
0
LINE
8
BLACK
6
CONTINUOUS
10
6.287047244094488
20
-4.1171259842519685
11
6.2853769291338581
21
-4.1164340944881888
0
LINE
8
BLACK
6
CONTINUOUS
10
6.2853769291338581
20
-4.1164340944881888
11
6.2846850393700784
21
-4.1147637795275589
0
LINE
8
BLACK
6
CONTINUOUS
10
6.2846850393700784
20
-4.1147637795275589
11
6.2853769291338581
21
-4.113093464566929
0
LINE
8
BLACK
6
CONTINUOUS
10
6.2853769291338581
20
-4.113093464566929
11
6.287047244094488
21
-4.1124015748031493
0
LINE
8
BLACK
6
CONTINUOUS
10
6.287047244094488
20
-4.1124015748031493
11
6.3236614173228345
21
-4.1124015748031493
0
LINE
8
BLACK
6
CONTINUOUS
10
6.3236614173228345
20
-4.1124015748031493
11
6.3236614173228345
21
-4.0438976377952756
0
LINE
8
BLACK
6
CONTINUOUS
10
6.3236614173228345
20
-4.0438976377952756
11
6.3243533070866143
21
-4.0422273228346457
0
LINE
8
BLACK
6
CONTINUOUS
10
6.3243533070866143
20
-4.0422273228346457
11
6.3260236220472441
21
-4.0415354330708659
0
LINE
8
BLACK
6
CONTINUOUS
10
6.3260236220472441
20
-4.0415354330708659
11
6.3831102362204719
21
-4.0415354330708659
0
LINE
8
BLACK
6
CONTINUOUS
10
6.3831102362204719
20
-4.0415354330708659
11
6.3847805511811027
21
-4.0422273228346457
0
LINE
8
BLACK
6
CONTINUOUS
10
6.1646769291338579
20
-4.0784180314960627
11
6.1648121653543306
21
-4.0785314960629924
0
LINE
8
BLACK
6
CONTINUOUS
10
6.1648121653543306
20
-4.0785314960629924
11
6.164987519685039
21
-4.0785516929133854
0
LINE
8
BLACK
6
CONTINUOUS
10
6.164987519685039
20
-4.0785516929133854
11
6.1679871653543303
21
-4.0800514960629917
0
LINE
8
BLACK
6
CONTINUOUS
10
6.1679871653543303
20
-4.0800514960629917
11
6.1686962204724409
21
-4.0805774015748026
0
LINE
8
BLACK
6
CONTINUOUS
10
6.1686962204724409
20
-4.0805774015748026
11
6.1687545669291337
21
-4.0806046062992127
0
LINE
8
BLACK
6
CONTINUOUS
10
6.1687545669291337
20
-4.0806046062992127
11
6.17025437007874
21
-4.082104409448819
0
LINE
8
BLACK
6
CONTINUOUS
10
6.17025437007874
20
-4.082104409448819
11
6.1707606299212596
21
-4.0828274803149602
0
LINE
8
BLACK
6
CONTINUOUS
10
6.1707606299212596
20
-4.0828274803149602
11
6.1708074803149602
21
-4.0828718110236215
0
LINE
8
BLACK
6
CONTINUOUS
10
6.1708074803149602
20
-4.0828718110236215
11
6.1723072834645665
21
-4.0858714566929129
0
LINE
8
BLACK
6
CONTINUOUS
10
6.1723072834645665
20
-4.0858714566929129
11
6.1724525590551176
21
-4.0863598818897637
0
LINE
8
BLACK
6
CONTINUOUS
10
6.1724525590551176
20
-4.0863598818897637
11
6.1725308661417317
21
-4.0864757874015751
0
LINE
8
BLACK
6
CONTINUOUS
10
6.1725308661417317
20
-4.0864757874015751
11
6.1740307086614168
21
-4.0924750787401578
0
LINE
8
BLACK
6
CONTINUOUS
10
6.1740307086614168
20
-4.0924750787401578
11
6.1740721653543309
21
-4.093062952755905
0
LINE
8
BLACK
6
CONTINUOUS
10
6.1740721653543309
20
-4.093062952755905
11
6.1741188582677164
21
-4.0931912204724412
0
LINE
8
BLACK
6
CONTINUOUS
10
6.1741188582677164
20
-4.0931912204724412
11
6.1741188582677164
21
-4.1006902755905514
0
LINE
8
BLACK
6
CONTINUOUS
10
6.1741188582677164
20
-4.1006902755905514
11
6.1740164960629924
21
-4.1012706299212596
0
LINE
8
BLACK
6
CONTINUOUS
10
6.1740164960629924
20
-4.1012706299212596
11
6.1740307086614168
21
-4.1014064173228348
0
LINE
8
BLACK
6
CONTINUOUS
10
6.1740307086614168
20
-4.1014064173228348
11
6.1725308661417317
21
-4.1074057086614175
0
LINE
8
BLACK
6
CONTINUOUS
10
6.1725308661417317
20
-4.1074057086614175
11
6.1723232283464569
21
-4.1078711811023618
0
LINE
8
BLACK
6
CONTINUOUS
10
6.1723232283464569
20
-4.1078711811023618
11
6.1723072834645665
21
-4.1080100393700789
0
LINE
8
BLACK
6
CONTINUOUS
10
6.1723072834645665
20
-4.1080100393700789
11
6.1708074803149602
21
-4.1110096456692915
0
LINE
8
BLACK
6
CONTINUOUS
10
6.1708074803149602
20
-4.1110096456692915
11
6.170281614173228
21
-4.1117186220472437
0
LINE
8
BLACK
6
CONTINUOUS
10
6.170281614173228
20
-4.1117186220472437
11
6.1702544094488188
21
-4.1117770078740152
0
LINE
8
BLACK
6
CONTINUOUS
10
6.1702544094488188
20
-4.1117770078740152
11
6.1687546062992125
21
-4.1132768503937003
0
LINE
8
BLACK
6
CONTINUOUS
10
6.1687546062992125
20
-4.1132768503937003
11
6.1680314173228341
21
-4.1137832283464562
0
LINE
8
BLACK
6
CONTINUOUS
10
6.1680314173228341
20
-4.1137832283464562
11
6.1679871653543303
21
-4.1138300000000001
0
LINE
8
BLACK
6
CONTINUOUS
10
6.1679871653543303
20
-4.1138300000000001
11
6.164987519685039
21
-4.1153298031496064
0
LINE
8
BLACK
6
CONTINUOUS
10
6.164987519685039
20
-4.1153298031496064
11
6.1640045669291341
21
-4.1156222047244091
0
LINE
8
BLACK
6
CONTINUOUS
10
6.1640045669291341
20
-4.1156222047244091
11
6.1638328346456692
21
-4.1155811417322834
0
LINE
8
BLACK
6
CONTINUOUS
10
6.1638328346456692
20
-4.1155811417322834
11
6.1636670078740154
21
-4.1156415354330704
0
LINE
8
BLACK
6
CONTINUOUS
10
6.1636670078740154
20
-4.1156415354330704
11
6.1606674015748029
21
-4.1156415354330704
0
LINE
8
BLACK
6
CONTINUOUS
10
6.1606674015748029
20
-4.1156415354330704
11
6.1596574803149604
21
-4.115463464566929
0
LINE
8
BLACK
6
CONTINUOUS
10
6.1596574803149604
20
-4.115463464566929
11
6.1595222047244089
21
-4.1153499606299215
0
LINE
8
BLACK
6
CONTINUOUS
10
6.1595222047244089
20
-4.1153499606299215
11
6.1593468897637793
21
-4.1153298031496064
0
LINE
8
BLACK
6
CONTINUOUS
10
6.1593468897637793
20
-4.1153298031496064
11
6.156347244094488
21
-4.1138300000000001
0
LINE
8
BLACK
6
CONTINUOUS
10
6.156347244094488
20
-4.1138300000000001
11
6.1556381102362208
21
-4.1133040157480316
0
LINE
8
BLACK
6
CONTINUOUS
10
6.1556381102362208
20
-4.1133040157480316
11
6.1555798031496058
21
-4.1132768503937003
0
LINE
8
BLACK
6
CONTINUOUS
10
6.1555798031496058
20
-4.1132768503937003
11
6.1540799999999996
21
-4.1117770078740152
0
LINE
8
BLACK
6
CONTINUOUS
10
6.1540799999999996
20
-4.1117770078740152
11
6.1535737007874012
21
-4.111053937007874
0
LINE
8
BLACK
6
CONTINUOUS
10
6.1535737007874012
20
-4.111053937007874
11
6.1535269291338581
21
-4.1110096456692915
0
LINE
8
BLACK
6
CONTINUOUS
10
6.1535269291338581
20
-4.1110096456692915
11
6.1520271259842518
21
-4.1080100393700789
0
LINE
8
BLACK
6
CONTINUOUS
10
6.1520271259842518
20
-4.1080100393700789
11
6.151881811023622
21
-4.1075215748031493
0
LINE
8
BLACK
6
CONTINUOUS
10
6.151881811023622
20
-4.1075215748031493
11
6.1518035433070866
21
-4.1074056692913388
0
LINE
8
BLACK
6
CONTINUOUS
10
6.1518035433070866
20
-4.1074056692913388
11
6.1503037401574803
21
-4.1014064173228348
0
LINE
8
BLACK
6
CONTINUOUS
10
6.1503037401574803
20
-4.1014064173228348
11
6.1502622440944883
21
-4.100818503937008
0
LINE
8
BLACK
6
CONTINUOUS
10
6.1502622440944883
20
-4.100818503937008
11
6.1502155905511806
21
-4.1006902755905514
0
LINE
8
BLACK
6
CONTINUOUS
10
6.1502155905511806
20
-4.1006902755905514
11
6.1502155905511806
21
-4.0931912204724412
0
LINE
8
BLACK
6
CONTINUOUS
10
6.1502155905511806
20
-4.0931912204724412
11
6.1503179133858268
21
-4.0926108267716534
0
LINE
8
BLACK
6
CONTINUOUS
10
6.1503179133858268
20
-4.0926108267716534
11
6.1503037401574803
21
-4.0924750787401578
0
LINE
8
BLACK
6
CONTINUOUS
10
6.1503037401574803
20
-4.0924750787401578
11
6.1518035433070866
21
-4.0864758267716539
0
LINE
8
BLACK
6
CONTINUOUS
10
6.1518035433070866
20
-4.0864758267716539
11
6.1520111023622048
21
-4.0860103543307087
0
LINE
8
BLACK
6
CONTINUOUS
10
6.1520111023622048
20
-4.0860103543307087
11
6.1520271259842518
21
-4.0858714566929129
0
LINE
8
BLACK
6
CONTINUOUS
10
6.1520271259842518
20
-4.0858714566929129
11
6.1535269291338581
21
-4.0828718110236215
0
LINE
8
BLACK
6
CONTINUOUS
10
6.1535269291338581
20
-4.0828718110236215
11
6.1540528346456691
21
-4.0821627165354331
0
LINE
8
BLACK
6
CONTINUOUS
10
6.1540528346456691
20
-4.0821627165354331
11
6.1540800393700783
21
-4.082104409448819
0
LINE
8
BLACK
6
CONTINUOUS
10
6.1540800393700783
20
-4.082104409448819
11
6.1555798425196846
21
-4.0806046062992127
0
LINE
8
BLACK
6
CONTINUOUS
10
6.1555798425196846
20
-4.0806046062992127
11
6.1563029133858267
21
-4.0800983070866144
0
LINE
8
BLACK
6
CONTINUOUS
10
6.1563029133858267
20
-4.0800983070866144
11
6.156347244094488
21
-4.0800514960629917
0
LINE
8
BLACK
6
CONTINUOUS
10
6.156347244094488
20
-4.0800514960629917
11
6.1593468897637793
21
-4.0785516929133854
0
LINE
8
BLACK
6
CONTINUOUS
10
6.1593468897637793
20
-4.0785516929133854
11
6.1603298425196851
21
-4.0782592913385827
0
LINE
8
BLACK
6
CONTINUOUS
10
6.1603298425196851
20
-4.0782592913385827
11
6.1605015354330703
21
-4.0783003149606296
0
LINE
8
BLACK
6
CONTINUOUS
10
6.1605015354330703
20
-4.0783003149606296
11
6.1606674015748029
21
-4.0782399606299213
0
LINE
8
BLACK
6
CONTINUOUS
10
6.1606674015748029
20
-4.0782399606299213
11
6.1636670078740154
21
-4.0782399606299213
0
LINE
8
BLACK
6
CONTINUOUS
10
6.1636670078740154
20
-4.0782399606299213
11
6.1646769291338579
21
-4.0784180314960627
0
LINE
8
BLACK
6
CONTINUOUS
10
6.1594168110236218
20
-4.0851192519685036
11
6.15859468503937
21
-4.0859413779527562
0
LINE
8
BLACK
6
CONTINUOUS
10
6.15859468503937
20
-4.0859413779527562
11
6.157454133858268
21
-4.0882224803149603
0
LINE
8
BLACK
6
CONTINUOUS
10
6.157454133858268
20
-4.0882224803149603
11
6.1561211023622047
21
-4.093554724409449
0
LINE
8
BLACK
6
CONTINUOUS
10
6.1561211023622047
20
-4.093554724409449
11
6.1561211023622047
21
-4.1003267322834649
0
LINE
8
BLACK
6
CONTINUOUS
10
6.1561211023622047
20
-4.1003267322834649
11
6.157454133858268
21
-4.1056589763779527
0
LINE
8
BLACK
6
CONTINUOUS
10
6.157454133858268
20
-4.1056589763779527
11
6.15859468503937
21
-4.1079400393700789
0
LINE
8
BLACK
6
CONTINUOUS
10
6.15859468503937
20
-4.1079400393700789
11
6.1594168503937006
21
-4.1087622440944882
0
LINE
8
BLACK
6
CONTINUOUS
10
6.1594168503937006
20
-4.1087622440944882
11
6.1613644488188974
21
-4.1097360236220473
0
LINE
8
BLACK
6
CONTINUOUS
10
6.1613644488188974
20
-4.1097360236220473
11
6.1629699606299209
21
-4.1097360236220473
0
LINE
8
BLACK
6
CONTINUOUS
10
6.1629699606299209
20
-4.1097360236220473
11
6.164917519685039
21
-4.1087622440944882
0
LINE
8
BLACK
6
CONTINUOUS
10
6.164917519685039
20
-4.1087622440944882
11
6.1657396850393695
21
-4.1079400393700789
0
LINE
8
BLACK
6
CONTINUOUS
10
6.1657396850393695
20
-4.1079400393700789
11
6.1668802362204724
21
-4.1056589763779527
0
LINE
8
BLACK
6
CONTINUOUS
10
6.1668802362204724
20
-4.1056589763779527
11
6.1682133464566924
21
-4.1003266535433074
0
LINE
8
BLACK
6
CONTINUOUS
10
6.1682133464566924
20
-4.1003266535433074
11
6.1682133464566924
21
-4.0935548031496065
0
LINE
8
BLACK
6
CONTINUOUS
10
6.1682133464566924
20
-4.0935548031496065
11
6.1668802362204724
21
-4.0882224409448815
0
LINE
8
BLACK
6
CONTINUOUS
10
6.1668802362204724
20
-4.0882224409448815
11
6.1657396850393695
21
-4.0859413779527562
0
LINE
8
BLACK
6
CONTINUOUS
10
6.1657396850393695
20
-4.0859413779527562
11
6.1649175590551177
21
-4.0851192519685036
0
LINE
8
BLACK
6
CONTINUOUS
10
6.1649175590551177
20
-4.0851192519685036
11
6.1629699606299209
21
-4.0841454724409445
0
LINE
8
BLACK
6
CONTINUOUS
10
6.1629699606299209
20
-4.0841454724409445
11
6.1613644488188974
21
-4.0841454724409445
0
LINE
8
BLACK
6
CONTINUOUS
10
6.1613644488188974
20
-4.0841454724409445
11
6.1594168110236218
21
-4.0851192519685036
0
LINE
8
BLACK
6
CONTINUOUS
10
6.1928232677165349
20
-4.0783696850393696
11
6.1929926771653543
21
-4.0783587795275587
0
LINE
8
BLACK
6
CONTINUOUS
10
6.1929926771653543
20
-4.0783587795275587
11
6.1936832677165352
21
-4.0788662204724409
0
LINE
8
BLACK
6
CONTINUOUS
10
6.1936832677165352
20
-4.0788662204724409
11
6.1944253937007874
21
-4.0792947244094488
0
LINE
8
BLACK
6
CONTINUOUS
10
6.1944253937007874
20
-4.0792947244094488
11
6.1944834251968501
21
-4.0794542125984252
0
LINE
8
BLACK
6
CONTINUOUS
10
6.1944834251968501
20
-4.0794542125984252
11
6.1946203149606296
21
-4.0795548031496063
0
LINE
8
BLACK
6
CONTINUOUS
10
6.1946203149606296
20
-4.0795548031496063
11
6.1974577952755903
21
-4.0838110236220473
0
LINE
8
BLACK
6
CONTINUOUS
10
6.1974577952755903
20
-4.0838110236220473
11
6.1999118110236218
21
-4.086265
0
LINE
8
BLACK
6
CONTINUOUS
10
6.1999118110236218
20
-4.086265
11
6.2024828740157476
21
-4.0875505511811019
0
LINE
8
BLACK
6
CONTINUOUS
10
6.2024828740157476
20
-4.0875505511811019
11
6.2033065354330708
21
-4.0881614566929132
0
LINE
8
BLACK
6
CONTINUOUS
10
6.2033065354330708
20
-4.0881614566929132
11
6.2041098031496063
21
-4.0900146456692914
0
LINE
8
BLACK
6
CONTINUOUS
10
6.2041098031496063
20
-4.0900146456692914
11
6.2035339763779529
21
-4.0919506299212598
0
LINE
8
BLACK
6
CONTINUOUS
10
6.2035339763779529
20
-4.0919506299212598
11
6.2018484251968502
21
-4.0930635039370076
0
LINE
8
BLACK
6
CONTINUOUS
10
6.2018484251968502
20
-4.0930635039370076
11
6.1998418503937005
21
-4.092832598425197
0
LINE
8
BLACK
6
CONTINUOUS
10
6.1998418503937005
20
-4.092832598425197
11
6.1968422047244092
21
-4.0913327952755907
0
LINE
8
BLACK
6
CONTINUOUS
10
6.1968422047244092
20
-4.0913327952755907
11
6.1961331496062995
21
-4.0908068897637797
0
LINE
8
BLACK
6
CONTINUOUS
10
6.1961331496062995
20
-4.0908068897637797
11
6.1960748031496058
21
-4.0907796850393696
0
LINE
8
BLACK
6
CONTINUOUS
10
6.1960748031496058
20
-4.0907796850393696
11
6.1951162204724408
21
-4.0898210629921259
0
LINE
8
BLACK
6
CONTINUOUS
10
6.1951162204724408
20
-4.0898210629921259
11
6.1951162204724408
21
-4.1097360236220473
0
LINE
8
BLACK
6
CONTINUOUS
10
6.1951162204724408
20
-4.1097360236220473
11
6.2011623622047241
21
-4.1097360236220473
0
LINE
8
BLACK
6
CONTINUOUS
10
6.2011623622047241
20
-4.1097360236220473
11
6.2021722834645665
21
-4.1099140944881887
0
LINE
8
BLACK
6
CONTINUOUS
10
6.2021722834645665
20
-4.1099140944881887
11
6.2037195275590546
21
-4.1112124015748028
0
LINE
8
BLACK
6
CONTINUOUS
10
6.2037195275590546
20
-4.1112124015748028
11
6.204070275590551
21
-4.1132015354330704
0
LINE
8
BLACK
6
CONTINUOUS
10
6.204070275590551
20
-4.1132015354330704
11
6.2030603543307086
21
-4.114950708661417
0
LINE
8
BLACK
6
CONTINUOUS
10
6.2030603543307086
20
-4.114950708661417
11
6.2011623622047241
21
-4.1156415354330704
0
LINE
8
BLACK
6
CONTINUOUS
10
6.2011623622047241
20
-4.1156415354330704
11
6.1831646062992123
21
-4.1156415354330704
0
LINE
8
BLACK
6
CONTINUOUS
10
6.1831646062992123
20
-4.1156415354330704
11
6.1821546850393698
21
-4.115463464566929
0
LINE
8
BLACK
6
CONTINUOUS
10
6.1821546850393698
20
-4.115463464566929
11
6.1806074409448817
21
-4.1141651574803149
0
LINE
8
BLACK
6
CONTINUOUS
10
6.1806074409448817
20
-4.1141651574803149
11
6.1802566929133853
21
-4.1121760236220473
0
LINE
8
BLACK
6
CONTINUOUS
10
6.1802566929133853
20
-4.1121760236220473
11
6.1812666141732286
21
-4.1104268503937007
0
LINE
8
BLACK
6
CONTINUOUS
10
6.1812666141732286
20
-4.1104268503937007
11
6.1831646062992123
21
-4.1097360236220473
0
LINE
8
BLACK
6
CONTINUOUS
10
6.1831646062992123
20
-4.1097360236220473
11
6.1892107086614168
21
-4.1097360236220473
0
LINE
8
BLACK
6
CONTINUOUS
10
6.1892107086614168
20
-4.1097360236220473
11
6.1892107086614168
21
-4.0811927165354334
0
LINE
8
BLACK
6
CONTINUOUS
10
6.1892107086614168
20
-4.0811927165354334
11
6.1893887795275591
21
-4.08018279527559
0
LINE
8
BLACK
6
CONTINUOUS
10
6.1893887795275591
20
-4.08018279527559
11
6.1894979133858268
21
-4.080052716535433
0
LINE
8
BLACK
6
CONTINUOUS
10
6.1894979133858268
20
-4.080052716535433
11
6.1895165748031493
21
-4.0798839763779524
0
LINE
8
BLACK
6
CONTINUOUS
10
6.1895165748031493
20
-4.0798839763779524
11
6.1901362598425198
21
-4.0792919291338583
0
LINE
8
BLACK
6
CONTINUOUS
10
6.1901362598425198
20
-4.0792919291338583
11
6.1906870866141732
21
-4.0786355511811019
0
LINE
8
BLACK
6
CONTINUOUS
10
6.1906870866141732
20
-4.0786355511811019
11
6.1908542519685037
21
-4.0786060629921259
0
LINE
8
BLACK
6
CONTINUOUS
10
6.1908542519685037
20
-4.0786060629921259
11
6.1909770472440941
21
-4.0784887795275591
0
LINE
8
BLACK
6
CONTINUOUS
10
6.1909770472440941
20
-4.0784887795275591
11
6.1918322440944884
21
-4.0784336220472444
0
LINE
8
BLACK
6
CONTINUOUS
10
6.1918322440944884
20
-4.0784336220472444
11
6.1926762204724408
21
-4.0782848031496064
0
LINE
8
BLACK
6
CONTINUOUS
10
6.1926762204724408
20
-4.0782848031496064
11
6.1928232677165349
21
-4.0783696850393696
0
LINE
8
BLACK
6
CONTINUOUS
10
6.2315420866141729
20
-4.0783075590551183
11
6.231671338582677
21
-4.0782848031496064
0
LINE
8
BLACK
6
CONTINUOUS
10
6.231671338582677
20
-4.0782848031496064
11
6.231784921259842
21
-4.078350393700787
0
LINE
8
BLACK
6
CONTINUOUS
10
6.231784921259842
20
-4.078350393700787
11
6.2321685039370074
21
-4.0784180314960627
0
LINE
8
BLACK
6
CONTINUOUS
10
6.2321685039370074
20
-4.0784180314960627
11
6.2327561811023617
21
-4.0789111417322834
0
LINE
8
BLACK
6
CONTINUOUS
10
6.2327561811023617
20
-4.0789111417322834
11
6.2334205118110235
21
-4.0792947244094488
0
LINE
8
BLACK
6
CONTINUOUS
10
6.2334205118110235
20
-4.0792947244094488
11
6.2335116141732279
21
-4.0795450393700783
0
LINE
8
BLACK
6
CONTINUOUS
10
6.2335116141732279
20
-4.0795450393700783
11
6.2337157480314955
21
-4.0797163385826769
0
LINE
8
BLACK
6
CONTINUOUS
10
6.2337157480314955
20
-4.0797163385826769
11
6.2338489763779528
21
-4.0804718897637793
0
LINE
8
BLACK
6
CONTINUOUS
10
6.2338489763779528
20
-4.0804718897637793
11
6.234111338582677
21
-4.0811927165354334
0
LINE
8
BLACK
6
CONTINUOUS
10
6.234111338582677
20
-4.0811927165354334
11
6.234111338582677
21
-4.1126887795275593
0
LINE
8
BLACK
6
CONTINUOUS
10
6.234111338582677
20
-4.1126887795275593
11
6.2339332677165356
21
-4.1136987007874017
0
LINE
8
BLACK
6
CONTINUOUS
10
6.2339332677165356
20
-4.1136987007874017
11
6.2326349606299214
21
-4.1152459448818899
0
LINE
8
BLACK
6
CONTINUOUS
10
6.2326349606299214
20
-4.1152459448818899
11
6.2306458267716538
21
-4.1155966929133854
0
LINE
8
BLACK
6
CONTINUOUS
10
6.2306458267716538
20
-4.1155966929133854
11
6.2288966535433072
21
-4.1145867716535429
0
LINE
8
BLACK
6
CONTINUOUS
10
6.2288966535433072
20
-4.1145867716535429
11
6.2282058267716538
21
-4.1126887795275593
0
LINE
8
BLACK
6
CONTINUOUS
10
6.2282058267716538
20
-4.1126887795275593
11
6.2282058267716538
21
-4.1006433858267712
0
LINE
8
BLACK
6
CONTINUOUS
10
6.2282058267716538
20
-4.1006433858267712
11
6.2251968897637795
21
-4.1006433858267712
0
LINE
8
BLACK
6
CONTINUOUS
10
6.2251968897637795
20
-4.1006433858267712
11
6.2155798031496063
21
-4.1143820866141727
0
LINE
8
BLACK
6
CONTINUOUS
10
6.2155798031496063
20
-4.1143820866141727
11
6.2148548031496063
21
-4.1151073228346453
0
LINE
8
BLACK
6
CONTINUOUS
10
6.2148548031496063
20
-4.1151073228346453
11
6.212903897637795
21
-4.1156303543307082
0
LINE
8
BLACK
6
CONTINUOUS
10
6.212903897637795
20
-4.1156303543307082
11
6.2110731889763775
21
-4.1147770078740153
0
LINE
8
BLACK
6
CONTINUOUS
10
6.2110731889763775
20
-4.1147770078740153
11
6.2102193700787396
21
-4.1129465354330712
0
LINE
8
BLACK
6
CONTINUOUS
10
6.2102193700787396
20
-4.1129465354330712
11
6.2107418503937009
21
-4.110995472440945
0
LINE
8
BLACK
6
CONTINUOUS
10
6.2107418503937009
20
-4.110995472440945
11
6.218126692913386
21
-4.1004456299212597
0
LINE
8
BLACK
6
CONTINUOUS
10
6.218126692913386
20
-4.1004456299212597
11
6.218014881889764
21
-4.1003518110236223
0
LINE
8
BLACK
6
CONTINUOUS
10
6.218014881889764
20
-4.1003518110236223
11
6.2178395669291335
21
-4.1003316535433072
0
LINE
8
BLACK
6
CONTINUOUS
10
6.2178395669291335
20
-4.1003316535433072
11
6.2148399606299209
21
-4.0988318503937009
0
LINE
8
BLACK
6
CONTINUOUS
10
6.2148399606299209
20
-4.0988318503937009
11
6.2141308661417325
21
-4.0983059448818899
0
LINE
8
BLACK
6
CONTINUOUS
10
6.2141308661417325
20
-4.0983059448818899
11
6.2140725590551176
21
-4.0982787401574798
0
LINE
8
BLACK
6
CONTINUOUS
10
6.2140725590551176
20
-4.0982787401574798
11
6.2125727559055113
21
-4.0967789370078735
0
LINE
8
BLACK
6
CONTINUOUS
10
6.2125727559055113
20
-4.0967789370078735
11
6.2120664566929129
21
-4.0960558267716536
0
LINE
8
BLACK
6
CONTINUOUS
10
6.2120664566929129
20
-4.0960558267716536
11
6.2120196456692911
21
-4.0960115354330711
0
LINE
8
BLACK
6
CONTINUOUS
10
6.2120196456692911
20
-4.0960115354330711
11
6.2105198031496061
21
-4.0930118897637797
0
LINE
8
BLACK
6
CONTINUOUS
10
6.2105198031496061
20
-4.0930118897637797
11
6.2102274409448821
21
-4.0920289763779527
0
LINE
8
BLACK
6
CONTINUOUS
10
6.2102274409448821
20
-4.0920289763779527
11
6.2102684251968503
21
-4.0918572440944878
0
LINE
8
BLACK
6
CONTINUOUS
10
6.2102684251968503
20
-4.0918572440944878
11
6.210208070866142
21
-4.0916913779527562
0
LINE
8
BLACK
6
CONTINUOUS
10
6.210208070866142
20
-4.0916913779527562
11
6.210208070866142
21
-4.0871919685039373
0
LINE
8
BLACK
6
CONTINUOUS
10
6.210208070866142
20
-4.0871919685039373
11
6.2103861417322834
21
-4.0861820472440948
0
LINE
8
BLACK
6
CONTINUOUS
10
6.2103861417322834
20
-4.0861820472440948
11
6.2104996062992122
21
-4.0860467716535434
0
LINE
8
BLACK
6
CONTINUOUS
10
6.2104996062992122
20
-4.0860467716535434
11
6.2105198031496061
21
-4.0858714566929129
0
LINE
8
BLACK
6
CONTINUOUS
10
6.2105198031496061
20
-4.0858714566929129
11
6.2120196456692911
21
-4.0828718110236215
0
LINE
8
BLACK
6
CONTINUOUS
10
6.2120196456692911
20
-4.0828718110236215
11
6.2125454724409446
21
-4.0821628346456693
0
LINE
8
BLACK
6
CONTINUOUS
10
6.2125454724409446
20
-4.0821628346456693
11
6.2125727559055113
21
-4.082104409448819
0
LINE
8
BLACK
6
CONTINUOUS
10
6.2125727559055113
20
-4.082104409448819
11
6.2140725590551176
21
-4.0806046062992127
0
LINE
8
BLACK
6
CONTINUOUS
10
6.2140725590551176
20
-4.0806046062992127
11
6.2147956299212597
21
-4.0800983070866144
0
LINE
8
BLACK
6
CONTINUOUS
10
6.2147956299212597
20
-4.0800983070866144
11
6.2148399606299209
21
-4.0800514960629917
0
LINE
8
BLACK
6
CONTINUOUS
10
6.2148399606299209
20
-4.0800514960629917
11
6.2178395669291335
21
-4.0785516929133854
0
LINE
8
BLACK
6
CONTINUOUS
10
6.2178395669291335
20
-4.0785516929133854
11
6.2188225196850393
21
-4.0782593307086614
0
LINE
8
BLACK
6
CONTINUOUS
10
6.2188225196850393
20
-4.0782593307086614
11
6.2189941732283467
21
-4.0783003149606296
0
LINE
8
BLACK
6
CONTINUOUS
10
6.2189941732283467
20
-4.0783003149606296
11
6.2191600787401571
21
-4.0782399606299213
0
LINE
8
BLACK
6
CONTINUOUS
10
6.2191600787401571
20
-4.0782399606299213
11
6.2311585826771649
21
-4.0782399606299213
0
LINE
8
BLACK
6
CONTINUOUS
10
6.2311585826771649
20
-4.0782399606299213
11
6.2315420866141729
21
-4.0783075590551183
0
LINE
8
BLACK
6
CONTINUOUS
10
6.2179095669291335
20
-4.0851192519685036
11
6.217087401574803
21
-4.0859413779527562
0
LINE
8
BLACK
6
CONTINUOUS
10
6.217087401574803
20
-4.0859413779527562
11
6.2161135826771652
21
-4.087889015748031
0
LINE
8
BLACK
6
CONTINUOUS
10
6.2161135826771652
20
-4.087889015748031
11
6.2161135826771652
21
-4.0909942913385828
0
LINE
8
BLACK
6
CONTINUOUS
10
6.2161135826771652
20
-4.0909942913385828
11
6.217087401574803
21
-4.0929419291338585
0
LINE
8
BLACK
6
CONTINUOUS
10
6.217087401574803
20
-4.0929419291338585
11
6.2179095669291335
21
-4.093764094488189
0
LINE
8
BLACK
6
CONTINUOUS
10
6.2179095669291335
20
-4.093764094488189
11
6.2198571259842517
21
-4.0947378740157481
0
LINE
8
BLACK
6
CONTINUOUS
10
6.2198571259842517
20
-4.0947378740157481
11
6.2282058267716538
21
-4.0947378740157481
0
LINE
8
BLACK
6
CONTINUOUS
10
6.2282058267716538
20
-4.0947378740157481
11
6.2282058267716538
21
-4.0841454724409445
0
LINE
8
BLACK
6
CONTINUOUS
10
6.2282058267716538
20
-4.0841454724409445
11
6.2198571259842517
21
-4.0841454724409445
0
LINE
8
BLACK
6
CONTINUOUS
10
6.2198571259842517
20
-4.0841454724409445
11
6.2179095669291335
21
-4.0851192519685036
0
LINE
8
BLACK
6
CONTINUOUS
10
6.044129527559055
20
-4.0666070078740155
11
6.0442647637795277
21
-4.0667204724409451
0
LINE
8
BLACK
6
CONTINUOUS
10
6.0442647637795277
20
-4.0667204724409451
11
6.0444401181102361
21
-4.0667406692913382
0
LINE
8
BLACK
6
CONTINUOUS
10
6.0444401181102361
20
-4.0667406692913382
11
6.0474397244094487
21
-4.0682404724409444
0
LINE
8
BLACK
6
CONTINUOUS
10
6.0474397244094487
20
-4.0682404724409444
11
6.0481487007874017
21
-4.0687662992125979
0
LINE
8
BLACK
6
CONTINUOUS
10
6.0481487007874017
20
-4.0687662992125979
11
6.0482070866141733
21
-4.0687935433070868
0
LINE
8
BLACK
6
CONTINUOUS
10
6.0482070866141733
20
-4.0687935433070868
11
6.0497069291338583
21
-4.0702933464566931
0
LINE
8
BLACK
6
CONTINUOUS
10
6.0497069291338583
20
-4.0702933464566931
11
6.0502951574803152
21
-4.071133385826772
0
LINE
8
BLACK
6
CONTINUOUS
10
6.0502951574803152
20
-4.071133385826772
11
6.0504712204724411
21
-4.0731454724409444
0
LINE
8
BLACK
6
CONTINUOUS
10
6.0504712204724411
20
-4.0731454724409444
11
6.0493127165354332
21
-4.0748000393700785
0
LINE
8
BLACK
6
CONTINUOUS
10
6.0493127165354332
20
-4.0748000393700785
11
6.0473617322834645
21
-4.0753227952755902
0
LINE
8
BLACK
6
CONTINUOUS
10
6.0473617322834645
20
-4.0753227952755902
11
6.045531181102362
21
-4.0744692519685035
0
LINE
8
BLACK
6
CONTINUOUS
10
6.045531181102362
20
-4.0744692519685035
11
6.0443701181102361
21
-4.0733082283464563
0
LINE
8
BLACK
6
CONTINUOUS
10
6.0443701181102361
20
-4.0733082283464563
11
6.0424225590551179
21
-4.0723344488188973
0
LINE
8
BLACK
6
CONTINUOUS
10
6.0424225590551179
20
-4.0723344488188973
11
6.0363175984251969
21
-4.0723344488188973
0
LINE
8
BLACK
6
CONTINUOUS
10
6.0363175984251969
20
-4.0723344488188973
11
6.0343699606299213
21
-4.0733082283464563
0
LINE
8
BLACK
6
CONTINUOUS
10
6.0343699606299213
20
-4.0733082283464563
11
6.0335478346456695
21
-4.0741303543307081
0
LINE
8
BLACK
6
CONTINUOUS
10
6.0335478346456695
20
-4.0741303543307081
11
6.0325740551181104
21
-4.076077952755905
0
LINE
8
BLACK
6
CONTINUOUS
10
6.0325740551181104
20
-4.076077952755905
11
6.0325740551181104
21
-4.0779014173228347
0
LINE
8
BLACK
6
CONTINUOUS
10
6.0325740551181104
20
-4.0779014173228347
11
6.0337018897637797
21
-4.0812849606299215
0
LINE
8
BLACK
6
CONTINUOUS
10
6.0337018897637797
20
-4.0812849606299215
11
6.0512067716535434
21
-4.0987898425196851
0
LINE
8
BLACK
6
CONTINUOUS
10
6.0512067716535434
20
-4.0987898425196851
11
6.0515765354330711
21
-4.0993178740157479
0
LINE
8
BLACK
6
CONTINUOUS
10
6.0515765354330711
20
-4.0993178740157479
11
6.051676023622047
21
-4.0994013779527556
0
LINE
8
BLACK
6
CONTINUOUS
10
6.051676023622047
20
-4.0994013779527556
11
6.051689803149606
21
-4.0994796850393698
0
LINE
8
BLACK
6
CONTINUOUS
10
6.051689803149606
20
-4.0994796850393698
11
6.0517950000000003
21
-4.0996298818897641
0
LINE
8
BLACK
6
CONTINUOUS
10
6.0517950000000003
20
-4.0996298818897641
11
6.0518724409448819
21
-4.100515433070866
0
LINE
8
BLACK
6
CONTINUOUS
10
6.0518724409448819
20
-4.100515433070866
11
6.0520267716535434
21
-4.1013905118110232
0
LINE
8
BLACK
6
CONTINUOUS
10
6.0520267716535434
20
-4.1013905118110232
11
6.0519592519685039
21
-4.1015074409448822
0
LINE
8
BLACK
6
CONTINUOUS
10
6.0519592519685039
20
-4.1015074409448822
11
6.0519710236220474
21
-4.1016420078740152
0
LINE
8
BLACK
6
CONTINUOUS
10
6.0519710236220474
20
-4.1016420078740152
11
6.0514611417322834
21
-4.1023701574803146
0
LINE
8
BLACK
6
CONTINUOUS
10
6.0514611417322834
20
-4.1023701574803146
11
6.051016850393701
21
-4.1031396850393698
0
LINE
8
BLACK
6
CONTINUOUS
10
6.051016850393701
20
-4.1031396850393698
11
6.0508899606299211
21
-4.1031858267716537
0
LINE
8
BLACK
6
CONTINUOUS
10
6.0508899606299211
20
-4.1031858267716537
11
6.0508124803149608
21
-4.1032965354330706
0
LINE
8
BLACK
6
CONTINUOUS
10
6.0508124803149608
20
-4.1032965354330706
11
6.0499538976377956
21
-4.1035265354330708
0
LINE
8
BLACK
6
CONTINUOUS
10
6.0499538976377956
20
-4.1035265354330708
11
6.0491188582677164
21
-4.1038305118110232
0
LINE
8
BLACK
6
CONTINUOUS
10
6.0491188582677164
20
-4.1038305118110232
11
6.0296212992125984
21
-4.1038305118110232
0
LINE
8
BLACK
6
CONTINUOUS
10
6.0296212992125984
20
-4.1038305118110232
11
6.0286113779527559
21
-4.1036524409448818
0
LINE
8
BLACK
6
CONTINUOUS
10
6.0286113779527559
20
-4.1036524409448818
11
6.0270641338582678
21
-4.1023541338582676
0
LINE
8
BLACK
6
CONTINUOUS
10
6.0270641338582678
20
-4.1023541338582676
11
6.0267133858267714
21
-4.100365
0
LINE
8
BLACK
6
CONTINUOUS
10
6.0267133858267714
20
-4.100365
11
6.0277233070866139
21
-4.0986158267716535
0
LINE
8
BLACK
6
CONTINUOUS
10
6.0277233070866139
20
-4.0986158267716535
11
6.0296212992125984
21
-4.097925
0
LINE
8
BLACK
6
CONTINUOUS
10
6.0296212992125984
20
-4.097925
11
6.0419902755905515
21
-4.097925
0
LINE
8
BLACK
6
CONTINUOUS
10
6.0419902755905515
20
-4.097925
11
6.0290331889763777
21
-4.0849679133858263
0
LINE
8
BLACK
6
CONTINUOUS
10
6.0290331889763777
20
-4.0849679133858263
11
6.0284449999999996
21
-4.0841278740157483
0
LINE
8
BLACK
6
CONTINUOUS
10
6.0284449999999996
20
-4.0841278740157483
11
6.0284296062992127
21
-4.0839520078740152
0
LINE
8
BLACK
6
CONTINUOUS
10
6.0284296062992127
20
-4.0839520078740152
11
6.0283198818897636
21
-4.0838137401574803
0
LINE
8
BLACK
6
CONTINUOUS
10
6.0283198818897636
20
-4.0838137401574803
11
6.0268200787401573
21
-4.0793142913385827
0
LINE
8
BLACK
6
CONTINUOUS
10
6.0268200787401573
20
-4.0793142913385827
11
6.0266905905511807
21
-4.0784411023622047
0
LINE
8
BLACK
6
CONTINUOUS
10
6.0266905905511807
20
-4.0784411023622047
11
6.0266685433070863
21
-4.0783805511811027
0
LINE
8
BLACK
6
CONTINUOUS
10
6.0266685433070863
20
-4.0783805511811027
11
6.0266685433070863
21
-4.0753809448818901
0
LINE
8
BLACK
6
CONTINUOUS
10
6.0266685433070863
20
-4.0753809448818901
11
6.0268466141732286
21
-4.0743710236220467
0
LINE
8
BLACK
6
CONTINUOUS
10
6.0268466141732286
20
-4.0743710236220467
11
6.0269600787401574
21
-4.0742357480314961
0
LINE
8
BLACK
6
CONTINUOUS
10
6.0269600787401574
20
-4.0742357480314961
11
6.0269802755905513
21
-4.0740604330708656
0
LINE
8
BLACK
6
CONTINUOUS
10
6.0269802755905513
20
-4.0740604330708656
11
6.0284800787401576
21
-4.0710607874015743
0
LINE
8
BLACK
6
CONTINUOUS
10
6.0284800787401576
20
-4.0710607874015743
11
6.0290059842519685
21
-4.0703516929133858
0
LINE
8
BLACK
6
CONTINUOUS
10
6.0290059842519685
20
-4.0703516929133858
11
6.0290331889763777
21
-4.0702933858267718
0
LINE
8
BLACK
6
CONTINUOUS
10
6.0290331889763777
20
-4.0702933858267718
11
6.030532992125984
21
-4.0687935826771655
0
LINE
8
BLACK
6
CONTINUOUS
10
6.030532992125984
20
-4.0687935826771655
11
6.0312560629921261
21
-4.0682872834645671
0
LINE
8
BLACK
6
CONTINUOUS
10
6.0312560629921261
20
-4.0682872834645671
11
6.0313003937007874
21
-4.0682404724409444
0
LINE
8
BLACK
6
CONTINUOUS
10
6.0313003937007874
20
-4.0682404724409444
11
6.0343000393700787
21
-4.0667406692913382
0
LINE
8
BLACK
6
CONTINUOUS
10
6.0343000393700787
20
-4.0667406692913382
11
6.0352829921259845
21
-4.0664482677165354
0
LINE
8
BLACK
6
CONTINUOUS
10
6.0352829921259845
20
-4.0664482677165354
11
6.0354546850393698
21
-4.0664892913385824
0
LINE
8
BLACK
6
CONTINUOUS
10
6.0354546850393698
20
-4.0664892913385824
11
6.0356205511811023
21
-4.0664289370078741
0
LINE
8
BLACK
6
CONTINUOUS
10
6.0356205511811023
20
-4.0664289370078741
11
6.0431196062992125
21
-4.0664289370078741
0
LINE
8
BLACK
6
CONTINUOUS
10
6.0431196062992125
20
-4.0664289370078741
11
6.044129527559055
21
-4.0666070078740155
0
LINE
8
BLACK
6
CONTINUOUS
10
6.0813770078740159
20
-4.0674837007874016
11
6.0820678346456694
21
-4.0693816929133861
0
LINE
8
BLACK
6
CONTINUOUS
10
6.0820678346456694
20
-4.0693816929133861
11
6.0820678346456694
21
-4.0948785039370081
0
LINE
8
BLACK
6
CONTINUOUS
10
6.0820678346456694
20
-4.0948785039370081
11
6.0818897637795271
21
-4.0958884251968506
0
LINE
8
BLACK
6
CONTINUOUS
10
6.0818897637795271
20
-4.0958884251968506
11
6.0817762598425196
21
-4.0960236614173224
0
LINE
8
BLACK
6
CONTINUOUS
10
6.0817762598425196
20
-4.0960236614173224
11
6.0817561023622044
21
-4.0961990157480317
0
LINE
8
BLACK
6
CONTINUOUS
10
6.0817561023622044
20
-4.0961990157480317
11
6.0802562992125981
21
-4.0991986220472443
0
LINE
8
BLACK
6
CONTINUOUS
10
6.0802562992125981
20
-4.0991986220472443
11
6.0797304330708659
21
-4.0999075984251965
0
LINE
8
BLACK
6
CONTINUOUS
10
6.0797304330708659
20
-4.0999075984251965
11
6.0797032283464567
21
-4.099965984251968
0
LINE
8
BLACK
6
CONTINUOUS
10
6.0797032283464567
20
-4.099965984251968
11
6.0782034251968504
21
-4.1014658267716531
0
LINE
8
BLACK
6
CONTINUOUS
10
6.0782034251968504
20
-4.1014658267716531
11
6.0774802362204721
21
-4.1019722047244089
0
LINE
8
BLACK
6
CONTINUOUS
10
6.0774802362204721
20
-4.1019722047244089
11
6.0774359842519683
21
-4.1020189763779529
0
LINE
8
BLACK
6
CONTINUOUS
10
6.0774359842519683
20
-4.1020189763779529
11
6.074436338582677
21
-4.1035187795275592
0
LINE
8
BLACK
6
CONTINUOUS
10
6.074436338582677
20
-4.1035187795275592
11
6.0734533858267712
21
-4.1038111811023619
0
LINE
8
BLACK
6
CONTINUOUS
10
6.0734533858267712
20
-4.1038111811023619
11
6.0732816535433072
21
-4.1037701181102362
0
LINE
8
BLACK
6
CONTINUOUS
10
6.0732816535433072
20
-4.1037701181102362
11
6.0731158267716534
21
-4.1038305118110232
0
LINE
8
BLACK
6
CONTINUOUS
10
6.0731158267716534
20
-4.1038305118110232
11
6.0671165748031495
21
-4.1038305118110232
0
LINE
8
BLACK
6
CONTINUOUS
10
6.0671165748031495
20
-4.1038305118110232
11
6.066106653543307
21
-4.1036524409448818
0
LINE
8
BLACK
6
CONTINUOUS
10
6.066106653543307
20
-4.1036524409448818
11
6.0659713779527555
21
-4.1035389370078743
0
LINE
8
BLACK
6
CONTINUOUS
10
6.0659713779527555
20
-4.1035389370078743
11
6.0657960629921259
21
-4.1035187795275592
0
LINE
8
BLACK
6
CONTINUOUS
10
6.0657960629921259
20
-4.1035187795275592
11
6.0627964566929133
21
-4.1020189763779529
0
LINE
8
BLACK
6
CONTINUOUS
10
6.0627964566929133
20
-4.1020189763779529
11
6.0620873228346452
21
-4.1014929921259844
0
LINE
8
BLACK
6
CONTINUOUS
10
6.0620873228346452
20
-4.1014929921259844
11
6.0620290157480312
21
-4.1014658267716531
0
LINE
8
BLACK
6
CONTINUOUS
10
6.0620290157480312
20
-4.1014658267716531
11
6.0605292125984249
21
-4.099965984251968
0
LINE
8
BLACK
6
CONTINUOUS
10
6.0605292125984249
20
-4.099965984251968
11
6.0600229133858265
21
-4.0992429133858268
0
LINE
8
BLACK
6
CONTINUOUS
10
6.0600229133858265
20
-4.0992429133858268
11
6.0599761417322835
21
-4.0991986220472443
0
LINE
8
BLACK
6
CONTINUOUS
10
6.0599761417322835
20
-4.0991986220472443
11
6.0584762992125984
21
-4.0961990551181104
0
LINE
8
BLACK
6
CONTINUOUS
10
6.0584762992125984
20
-4.0961990551181104
11
6.0581839370078736
21
-4.0952161023622047
0
LINE
8
BLACK
6
CONTINUOUS
10
6.0581839370078736
20
-4.0952161023622047
11
6.0582249212598427
21
-4.0950443700787398
0
LINE
8
BLACK
6
CONTINUOUS
10
6.0582249212598427
20
-4.0950443700787398
11
6.0581645669291335
21
-4.0948785039370081
0
LINE
8
BLACK
6
CONTINUOUS
10
6.0581645669291335
20
-4.0948785039370081
11
6.0581645669291335
21
-4.0693816929133861
0
LINE
8
BLACK
6
CONTINUOUS
10
6.0581645669291335
20
-4.0693816929133861
11
6.0583426377952758
21
-4.0683717716535428
0
LINE
8
BLACK
6
CONTINUOUS
10
6.0583426377952758
20
-4.0683717716535428
11
6.05964094488189
21
-4.0668245275590547
0
LINE
8
BLACK
6
CONTINUOUS
10
6.05964094488189
20
-4.0668245275590547
11
6.0616300787401576
21
-4.0664737795275592
0
LINE
8
BLACK
6
CONTINUOUS
10
6.0616300787401576
20
-4.0664737795275592
11
6.0633792519685041
21
-4.0674837007874016
0
LINE
8
BLACK
6
CONTINUOUS
10
6.0633792519685041
20
-4.0674837007874016
11
6.0640700787401576
21
-4.0693816929133861
0
LINE
8
BLACK
6
CONTINUOUS
10
6.0640700787401576
20
-4.0693816929133861
11
6.0640700787401576
21
-4.0941814173228348
0
LINE
8
BLACK
6
CONTINUOUS
10
6.0640700787401576
20
-4.0941814173228348
11
6.0650438582677166
21
-4.0961289763779529
0
LINE
8
BLACK
6
CONTINUOUS
10
6.0650438582677166
20
-4.0961289763779529
11
6.0658660629921259
21
-4.096951220472441
0
LINE
8
BLACK
6
CONTINUOUS
10
6.0658660629921259
20
-4.096951220472441
11
6.0678136220472441
21
-4.097925
0
LINE
8
BLACK
6
CONTINUOUS
10
6.0678136220472441
20
-4.097925
11
6.0724187795275588
21
-4.097925
0
LINE
8
BLACK
6
CONTINUOUS
10
6.0724187795275588
20
-4.097925
11
6.0743663385826769
21
-4.096951220472441
0
LINE
8
BLACK
6
CONTINUOUS
10
6.0743663385826769
20
-4.096951220472441
11
6.0751885039370075
21
-4.0961290157480317
0
LINE
8
BLACK
6
CONTINUOUS
10
6.0751885039370075
20
-4.0961290157480317
11
6.0761623228346453
21
-4.0941814566929136
0
LINE
8
BLACK
6
CONTINUOUS
10
6.0761623228346453
20
-4.0941814566929136
11
6.0761623228346453
21
-4.0693816929133861
0
LINE
8
BLACK
6
CONTINUOUS
10
6.0761623228346453
20
-4.0693816929133861
11
6.0763403937007876
21
-4.0683717716535428
0
LINE
8
BLACK
6
CONTINUOUS
10
6.0763403937007876
20
-4.0683717716535428
11
6.0776387007874018
21
-4.0668245275590547
0
LINE
8
BLACK
6
CONTINUOUS
10
6.0776387007874018
20
-4.0668245275590547
11
6.0796278346456694
21
-4.0664737795275592
0
LINE
8
BLACK
6
CONTINUOUS
10
6.0796278346456694
20
-4.0664737795275592
11
6.0813770078740159
21
-4.0674837007874016
0
LINE
8
BLACK
6
CONTINUOUS
10
5.9579695275590554
20
-4.0174241732283464
11
5.9586614173228343
21
-4.0190944881889763
0
LINE
8
BLACK
6
CONTINUOUS
10
5.9586614173228343
20
-4.0190944881889763
11
5.9586614173228343
21
-4.0452755905511806
0
LINE
8
BLACK
6
CONTINUOUS
10
5.9586614173228343
20
-4.0452755905511806
11
5.9848425196850394
21
-4.0452755905511806
0
LINE
8
BLACK
6
CONTINUOUS
10
5.9848425196850394
20
-4.0452755905511806
11
5.9865128346456693
21
-4.0459674803149603
0
LINE
8
BLACK
6
CONTINUOUS
10
5.9865128346456693
20
-4.0459674803149603
11
5.9872047244094491
21
-4.0476377952755902
0
LINE
8
BLACK
6
CONTINUOUS
10
5.9872047244094491
20
-4.0476377952755902
11
5.9865128346456693
21
-4.0493081102362201
0
LINE
8
BLACK
6
CONTINUOUS
10
5.9865128346456693
20
-4.0493081102362201
11
5.9848425196850394
21
-4.0499999999999998
0
LINE
8
BLACK
6
CONTINUOUS
10
5.9848425196850394
20
-4.0499999999999998
11
5.9562992125984247
21
-4.0499999999999998
0
LINE
8
BLACK
6
CONTINUOUS
10
5.9562992125984247
20
-4.0499999999999998
11
5.9546288976377948
21
-4.0493081102362201
0
LINE
8
BLACK
6
CONTINUOUS
10
5.9546288976377948
20
-4.0493081102362201
11
5.9539370078740159
21
-4.0476377952755902
0
LINE
8
BLACK
6
CONTINUOUS
10
5.9539370078740159
20
-4.0476377952755902
11
5.9539370078740159
21
-4.0190944881889763
0
LINE
8
BLACK
6
CONTINUOUS
10
5.9539370078740159
20
-4.0190944881889763
11
5.9546288976377948
21
-4.0174241732283464
0
LINE
8
BLACK
6
CONTINUOUS
10
5.9546288976377948
20
-4.0174241732283464
11
5.9562992125984247
21
-4.0167322834645667
0
LINE
8
BLACK
6
CONTINUOUS
10
5.9562992125984247
20
-4.0167322834645667
11
5.9579695275590554
21
-4.0174241732283464
0
LINE
8
BLACK
6
CONTINUOUS
10
6.1241112598425191
20
-4.0174241732283464
11
6.1248031496062989
21
-4.0190944881889763
0
LINE
8
BLACK
6
CONTINUOUS
10
6.1248031496062989
20
-4.0190944881889763
11
6.1248031496062989
21
-4.0476377952755902
0
LINE
8
BLACK
6
CONTINUOUS
10
6.1248031496062989
20
-4.0476377952755902
11
6.1241112598425191
21
-4.0493081102362201
0
LINE
8
BLACK
6
CONTINUOUS
10
6.1241112598425191
20
-4.0493081102362201
11
6.1224409448818893
21
-4.0499999999999998
0
LINE
8
BLACK
6
CONTINUOUS
10
6.1224409448818893
20
-4.0499999999999998
11
6.1207706299212594
21
-4.0493081102362201
0
LINE
8
BLACK
6
CONTINUOUS
10
6.1207706299212594
20
-4.0493081102362201
11
6.1200787401574805
21
-4.0476377952755902
0
LINE
8
BLACK
6
CONTINUOUS
10
6.1200787401574805
20
-4.0476377952755902
11
6.1200787401574805
21
-4.0190944881889763
0
LINE
8
BLACK
6
CONTINUOUS
10
6.1200787401574805
20
-4.0190944881889763
11
6.1207706299212594
21
-4.0174241732283464
0
LINE
8
BLACK
6
CONTINUOUS
10
6.1207706299212594
20
-4.0174241732283464
11
6.1224409448818893
21
-4.0167322834645667
0
LINE
8
BLACK
6
CONTINUOUS
10
6.1224409448818893
20
-4.0167322834645667
11
6.1241112598425191
21
-4.0174241732283464
0
LINE
8
BLACK
6
CONTINUOUS
10
6.1095598818897638
20
-4.0196871259842517
11
6.1123241338582677
21
-4.0215341338582675
0
LINE
8
BLACK
6
CONTINUOUS
10
6.1123241338582677
20
-4.0215341338582675
11
6.1141711417322835
21
-4.0242983858267714
0
LINE
8
BLACK
6
CONTINUOUS
10
6.1141711417322835
20
-4.0242983858267714
11
6.1148197244094487
21
-4.0275590551181102
0
LINE
8
BLACK
6
CONTINUOUS
10
6.1148197244094487
20
-4.0275590551181102
11
6.1141711417322835
21
-4.030819724409449
0
LINE
8
BLACK
6
CONTINUOUS
10
6.1141711417322835
20
-4.030819724409449
11
6.1123241338582677
21
-4.0335839763779529
0
LINE
8
BLACK
6
CONTINUOUS
10
6.1123241338582677
20
-4.0335839763779529
11
6.1095598818897638
21
-4.0354309842519687
0
LINE
8
BLACK
6
CONTINUOUS
10
6.1095598818897638
20
-4.0354309842519687
11
6.106299212598425
21
-4.0360795669291338
0
LINE
8
BLACK
6
CONTINUOUS
10
6.106299212598425
20
-4.0360795669291338
11
6.1030385433070862
21
-4.0354309842519687
0
LINE
8
BLACK
6
CONTINUOUS
10
6.1030385433070862
20
-4.0354309842519687
11
6.1002742913385823
21
-4.0335839763779529
0
LINE
8
BLACK
6
CONTINUOUS
10
6.1002742913385823
20
-4.0335839763779529
11
6.0984272834645665
21
-4.030819724409449
0
LINE
8
BLACK
6
CONTINUOUS
10
6.0984272834645665
20
-4.030819724409449
11
6.0977787007874014
21
-4.0275590551181102
0
LINE
8
BLACK
6
CONTINUOUS
10
6.0977787007874014
20
-4.0275590551181102
11
6.0984272834645665
21
-4.0242983858267714
0
LINE
8
BLACK
6
CONTINUOUS
10
6.0984272834645665
20
-4.0242983858267714
11
6.1002742913385823
21
-4.0215341338582675
0
LINE
8
BLACK
6
CONTINUOUS
10
6.1002742913385823
20
-4.0215341338582675
11
6.1030385433070862
21
-4.0196871259842517
0
LINE
8
BLACK
6
CONTINUOUS
10
6.1030385433070862
20
-4.0196871259842517
11
6.106299212598425
21
-4.0190385433070865
0
LINE
8
BLACK
6
CONTINUOUS
10
6.106299212598425
20
-4.0190385433070865
11
6.1095598818897638
21
-4.0196871259842517
0
LINE
8
BLACK
6
CONTINUOUS
10
6.1042977559055114
20
-4.0295605118110238
11
6.106299212598425
21
-4.0303895275590547
0
LINE
8
BLACK
6
CONTINUOUS
10
6.106299212598425
20
-4.0303895275590547
11
6.1083006692913386
21
-4.0295605118110238
0
LINE
8
BLACK
6
CONTINUOUS
10
6.1083006692913386
20
-4.0295605118110238
11
6.1091296850393704
21
-4.0275590551181102
0
LINE
8
BLACK
6
CONTINUOUS
10
6.1091296850393704
20
-4.0275590551181102
11
6.1083006692913386
21
-4.0255575984251966
0
LINE
8
BLACK
6
CONTINUOUS
10
6.1083006692913386
20
-4.0255575984251966
11
6.106299212598425
21
-4.0247285826771648
0
LINE
8
BLACK
6
CONTINUOUS
10
6.106299212598425
20
-4.0247285826771648
11
6.1042977559055114
21
-4.0255575984251966
0
LINE
8
BLACK
6
CONTINUOUS
10
6.1042977559055114
20
-4.0255575984251966
11
6.1034687401574805
21
-4.0275590551181102
0
LINE
8
BLACK
6
CONTINUOUS
10
6.1034687401574805
20
-4.0275590551181102
11
6.1042977559055114
21
-4.0295605118110238
0
LINE
8
BLACK
6
CONTINUOUS
10
6.3429747244094488
20
-3.9887131496062991
11
6.3431441338582673
21
-3.9887022440944881
0
LINE
8
BLACK
6
CONTINUOUS
10
6.3431441338582673
20
-3.9887022440944881
11
6.3438347244094491
21
-3.9892096850393699
0
LINE
8
BLACK
6
CONTINUOUS
10
6.3438347244094491
20
-3.9892096850393699
11
6.3445768503937003
21
-3.9896381889763779
0
LINE
8
BLACK
6
CONTINUOUS
10
6.3445768503937003
20
-3.9896381889763779
11
6.344634881889764
21
-3.9897976771653543
0
LINE
8
BLACK
6
CONTINUOUS
10
6.344634881889764
20
-3.9897976771653543
11
6.3447717716535434
21
-3.9898982677165353
0
LINE
8
BLACK
6
CONTINUOUS
10
6.3447717716535434
20
-3.9898982677165353
11
6.3483590944881891
21
-3.9952792913385826
0
LINE
8
BLACK
6
CONTINUOUS
10
6.3483590944881891
20
-3.9952792913385826
11
6.3515630708661419
21
-3.9984832677165354
0
LINE
8
BLACK
6
CONTINUOUS
10
6.3515630708661419
20
-3.9984832677165354
11
6.3548840157480315
21
-4.0001437401574806
0
LINE
8
BLACK
6
CONTINUOUS
10
6.3548840157480315
20
-4.0001437401574806
11
6.3557076771653538
21
-4.0007546456692911
0
LINE
8
BLACK
6
CONTINUOUS
10
6.3557076771653538
20
-4.0007546456692911
11
6.3565109448818893
21
-4.0026078346456693
0
LINE
8
BLACK
6
CONTINUOUS
10
6.3565109448818893
20
-4.0026078346456693
11
6.3559350787401572
21
-4.0045438582677164
0
LINE
8
BLACK
6
CONTINUOUS
10
6.3559350787401572
20
-4.0045438582677164
11
6.3542495275590554
21
-4.0056566929133854
0
LINE
8
BLACK
6
CONTINUOUS
10
6.3542495275590554
20
-4.0056566929133854
11
6.3522429921259844
21
-4.0054257874015748
0
LINE
8
BLACK
6
CONTINUOUS
10
6.3522429921259844
20
-4.0054257874015748
11
6.3484934645669293
21
-4.0035510236220473
0
LINE
8
BLACK
6
CONTINUOUS
10
6.3484934645669293
20
-4.0035510236220473
11
6.34778437007874
21
-4.0030250787401576
0
LINE
8
BLACK
6
CONTINUOUS
10
6.34778437007874
20
-4.0030250787401576
11
6.3477260629921259
21
-4.0029979133858271
0
LINE
8
BLACK
6
CONTINUOUS
10
6.3477260629921259
20
-4.0029979133858271
11
6.3452676771653538
21
-4.000539527559055
0
LINE
8
BLACK
6
CONTINUOUS
10
6.3452676771653538
20
-4.000539527559055
11
6.3452676771653538
21
-4.0279535039370078
0
LINE
8
BLACK
6
CONTINUOUS
10
6.3452676771653538
20
-4.0279535039370078
11
6.353563503937008
21
-4.0279535039370078
0
LINE
8
BLACK
6
CONTINUOUS
10
6.353563503937008
20
-4.0279535039370078
11
6.3545734251968504
21
-4.0281315748031492
0
LINE
8
BLACK
6
CONTINUOUS
10
6.3545734251968504
20
-4.0281315748031492
11
6.3561206692913386
21
-4.0294298818897634
0
LINE
8
BLACK
6
CONTINUOUS
10
6.3561206692913386
20
-4.0294298818897634
11
6.3564714173228349
21
-4.031419015748031
0
LINE
8
BLACK
6
CONTINUOUS
10
6.3564714173228349
20
-4.031419015748031
11
6.3554614960629916
21
-4.0331681889763775
0
LINE
8
BLACK
6
CONTINUOUS
10
6.3554614960629916
20
-4.0331681889763775
11
6.353563503937008
21
-4.033859015748031
0
LINE
8
BLACK
6
CONTINUOUS
10
6.353563503937008
20
-4.033859015748031
11
6.3310663385826773
21
-4.033859015748031
0
LINE
8
BLACK
6
CONTINUOUS
10
6.3310663385826773
20
-4.033859015748031
11
6.3300564173228349
21
-4.0336809448818896
0
LINE
8
BLACK
6
CONTINUOUS
10
6.3300564173228349
20
-4.0336809448818896
11
6.3285091732283467
21
-4.0323826377952754
0
LINE
8
BLACK
6
CONTINUOUS
10
6.3285091732283467
20
-4.0323826377952754
11
6.3281584251968503
21
-4.0303935039370078
0
LINE
8
BLACK
6
CONTINUOUS
10
6.3281584251968503
20
-4.0303935039370078
11
6.3291683464566928
21
-4.0286443307086612
0
LINE
8
BLACK
6
CONTINUOUS
10
6.3291683464566928
20
-4.0286443307086612
11
6.3310663385826773
21
-4.0279535039370078
0
LINE
8
BLACK
6
CONTINUOUS
10
6.3310663385826773
20
-4.0279535039370078
11
6.3393621653543306
21
-4.0279535039370078
0
LINE
8
BLACK
6
CONTINUOUS
10
6.3393621653543306
20
-4.0279535039370078
11
6.3393621653543306
21
-3.991536181102362
0
LINE
8
BLACK
6
CONTINUOUS
10
6.3393621653543306
20
-3.991536181102362
11
6.339540236220472
21
-3.9905262598425195
0
LINE
8
BLACK
6
CONTINUOUS
10
6.339540236220472
20
-3.9905262598425195
11
6.339649330708661
21
-3.990396181102362
0
LINE
8
BLACK
6
CONTINUOUS
10
6.339649330708661
20
-3.990396181102362
11
6.3396680314960632
21
-3.9902274409448819
0
LINE
8
BLACK
6
CONTINUOUS
10
6.3396680314960632
20
-3.9902274409448819
11
6.3402876377952753
21
-3.9896355118110236
0
LINE
8
BLACK
6
CONTINUOUS
10
6.3402876377952753
20
-3.9896355118110236
11
6.3408385433070862
21
-3.9889790157480314
0
LINE
8
BLACK
6
CONTINUOUS
10
6.3408385433070862
20
-3.9889790157480314
11
6.3410057480314963
21
-3.988949527559055
0
LINE
8
BLACK
6
CONTINUOUS
10
6.3410057480314963
20
-3.988949527559055
11
6.3411285433070868
21
-3.9888322440944881
0
LINE
8
BLACK
6
CONTINUOUS
10
6.3411285433070868
20
-3.9888322440944881
11
6.3419836614173226
21
-3.988777086614173
0
LINE
8
BLACK
6
CONTINUOUS
10
6.3419836614173226
20
-3.988777086614173
11
6.3428276771653538
21
-3.9886282677165354
0
LINE
8
BLACK
6
CONTINUOUS
10
6.3428276771653538
20
-3.9886282677165354
11
6.3429747244094488
21
-3.9887131496062991
0
LINE
8
BLACK
6
CONTINUOUS
10
6.3914423228346458
20
-3.9886510236220469
11
6.3915715748031499
21
-3.9886282677165354
0
LINE
8
BLACK
6
CONTINUOUS
10
6.3915715748031499
20
-3.9886282677165354
11
6.3916851574803148
21
-3.9886938582677165
0
LINE
8
BLACK
6
CONTINUOUS
10
6.3916851574803148
20
-3.9886938582677165
11
6.3920687401574803
21
-3.9887614960629922
0
LINE
8
BLACK
6
CONTINUOUS
10
6.3920687401574803
20
-3.9887614960629922
11
6.3926564173228346
21
-3.9892546062992125
0
LINE
8
BLACK
6
CONTINUOUS
10
6.3926564173228346
20
-3.9892546062992125
11
6.3933207480314955
21
-3.9896381889763779
0
LINE
8
BLACK
6
CONTINUOUS
10
6.3933207480314955
20
-3.9896381889763779
11
6.3934118503937007
21
-3.9898885039370078
0
LINE
8
BLACK
6
CONTINUOUS
10
6.3934118503937007
20
-3.9898885039370078
11
6.3936159842519684
21
-3.9900598031496064
0
LINE
8
BLACK
6
CONTINUOUS
10
6.3936159842519684
20
-3.9900598031496064
11
6.3937492125984248
21
-3.9908153543307088
0
LINE
8
BLACK
6
CONTINUOUS
10
6.3937492125984248
20
-3.9908153543307088
11
6.3940115748031499
21
-3.991536181102362
0
LINE
8
BLACK
6
CONTINUOUS
10
6.3940115748031499
20
-3.991536181102362
11
6.3940115748031499
21
-4.0309062598425198
0
LINE
8
BLACK
6
CONTINUOUS
10
6.3940115748031499
20
-4.0309062598425198
11
6.3939439370078741
21
-4.0312897637795277
0
LINE
8
BLACK
6
CONTINUOUS
10
6.3939439370078741
20
-4.0312897637795277
11
6.3939667322834648
21
-4.031419015748031
0
LINE
8
BLACK
6
CONTINUOUS
10
6.3939667322834648
20
-4.031419015748031
11
6.3939011023622045
21
-4.0315325984251968
0
LINE
8
BLACK
6
CONTINUOUS
10
6.3939011023622045
20
-4.0315325984251968
11
6.3938335039370076
21
-4.0319161811023623
0
LINE
8
BLACK
6
CONTINUOUS
10
6.3938335039370076
20
-4.0319161811023623
11
6.3933403543307081
21
-4.0325038582677166
0
LINE
8
BLACK
6
CONTINUOUS
10
6.3933403543307081
20
-4.0325038582677166
11
6.3929568110236223
21
-4.0331681889763775
0
LINE
8
BLACK
6
CONTINUOUS
10
6.3929568110236223
20
-4.0331681889763775
11
6.3927064566929133
21
-4.0332592913385827
0
LINE
8
BLACK
6
CONTINUOUS
10
6.3927064566929133
20
-4.0332592913385827
11
6.3925351968503934
21
-4.0334634251968504
0
LINE
8
BLACK
6
CONTINUOUS
10
6.3925351968503934
20
-4.0334634251968504
11
6.3917796062992123
21
-4.0335966535433068
0
LINE
8
BLACK
6
CONTINUOUS
10
6.3917796062992123
20
-4.0335966535433068
11
6.3910588188976378
21
-4.033859015748031
0
LINE
8
BLACK
6
CONTINUOUS
10
6.3910588188976378
20
-4.033859015748031
11
6.3816850000000001
21
-4.033859015748031
0
LINE
8
BLACK
6
CONTINUOUS
10
6.3816850000000001
20
-4.033859015748031
11
6.3808155905511805
21
-4.033705708661417
0
LINE
8
BLACK
6
CONTINUOUS
10
6.3808155905511805
20
-4.033705708661417
11
6.3807512204724404
21
-4.0337074803149608
0
LINE
8
BLACK
6
CONTINUOUS
10
6.3807512204724404
20
-4.0337074803149608
11
6.3751269685039365
21
-4.0318327165354333
0
LINE
8
BLACK
6
CONTINUOUS
10
6.3751269685039365
20
-4.0318327165354333
11
6.3742251968503938
21
-4.0313444094488187
0
LINE
8
BLACK
6
CONTINUOUS
10
6.3742251968503938
20
-4.0313444094488187
11
6.3741327952755906
21
-4.0311940157480315
0
LINE
8
BLACK
6
CONTINUOUS
10
6.3741327952755906
20
-4.0311940157480315
11
6.3739727952755905
21
-4.0311194094488192
0
LINE
8
BLACK
6
CONTINUOUS
10
6.3739727952755905
20
-4.0311194094488192
11
6.3702232677165354
21
-4.0273698425196853
0
LINE
8
BLACK
6
CONTINUOUS
10
6.3702232677165354
20
-4.0273698425196853
11
6.3697168503937007
21
-4.026646653543307
0
LINE
8
BLACK
6
CONTINUOUS
10
6.3697168503937007
20
-4.026646653543307
11
6.3696701574803152
21
-4.026602440944882
0
LINE
8
BLACK
6
CONTINUOUS
10
6.3696701574803152
20
-4.026602440944882
11
6.3677953937007876
21
-4.0228529133858268
0
LINE
8
BLACK
6
CONTINUOUS
10
6.3677953937007876
20
-4.0228529133858268
11
6.3676500787401578
21
-4.0223644488188972
0
LINE
8
BLACK
6
CONTINUOUS
10
6.3676500787401578
20
-4.0223644488188972
11
6.3675718110236215
21
-4.0222485433070867
0
LINE
8
BLACK
6
CONTINUOUS
10
6.3675718110236215
20
-4.0222485433070867
11
6.3656970472440939
21
-4.0147494881889765
0
LINE
8
BLACK
6
CONTINUOUS
10
6.3656970472440939
20
-4.0147494881889765
11
6.3656555511811019
21
-4.0141615748031496
0
LINE
8
BLACK
6
CONTINUOUS
10
6.3656555511811019
20
-4.0141615748031496
11
6.3656088976377951
21
-4.0140333464566931
0
LINE
8
BLACK
6
CONTINUOUS
10
6.3656088976377951
20
-4.0140333464566931
11
6.3656088976377951
21
-4.0084090551181104
0
LINE
8
BLACK
6
CONTINUOUS
10
6.3656088976377951
20
-4.0084090551181104
11
6.3657112204724404
21
-4.0078286614173226
0
LINE
8
BLACK
6
CONTINUOUS
10
6.3657112204724404
20
-4.0078286614173226
11
6.3656970472440939
21
-4.007692913385827
0
LINE
8
BLACK
6
CONTINUOUS
10
6.3656970472440939
20
-4.007692913385827
11
6.3675718110236215
21
-4.0001938582677168
0
LINE
8
BLACK
6
CONTINUOUS
10
6.3675718110236215
20
-4.0001938582677168
11
6.3677793700787397
21
-3.9997283858267716
0
LINE
8
BLACK
6
CONTINUOUS
10
6.3677793700787397
20
-3.9997283858267716
11
6.3677953937007876
21
-3.9995894881889762
0
LINE
8
BLACK
6
CONTINUOUS
10
6.3677953937007876
20
-3.9995894881889762
11
6.3696701574803152
21
-3.9958399606299211
0
LINE
8
BLACK
6
CONTINUOUS
10
6.3696701574803152
20
-3.9958399606299211
11
6.3701960629921262
21
-3.9951308661417322
0
LINE
8
BLACK
6
CONTINUOUS
10
6.3701960629921262
20
-3.9951308661417322
11
6.3702232677165354
21
-3.9950725590551182
0
LINE
8
BLACK
6
CONTINUOUS
10
6.3702232677165354
20
-3.9950725590551182
11
6.3739727952755905
21
-3.991323031496063
0
LINE
8
BLACK
6
CONTINUOUS
10
6.3739727952755905
20
-3.991323031496063
11
6.3748128346456694
21
-3.9907348031496062
0
LINE
8
BLACK
6
CONTINUOUS
10
6.3748128346456694
20
-3.9907348031496062
11
6.3749887401574803
21
-3.9907194094488188
0
LINE
8
BLACK
6
CONTINUOUS
10
6.3749887401574803
20
-3.9907194094488188
11
6.3751269685039365
21
-3.9906097244094489
0
LINE
8
BLACK
6
CONTINUOUS
10
6.3751269685039365
20
-3.9906097244094489
11
6.3807512204724404
21
-3.9887349606299214
0
LINE
8
BLACK
6
CONTINUOUS
10
6.3807512204724404
20
-3.9887349606299214
11
6.3816244488188971
21
-3.988605433070866
0
LINE
8
BLACK
6
CONTINUOUS
10
6.3816244488188971
20
-3.988605433070866
11
6.3816850000000001
21
-3.9885834251968504
0
LINE
8
BLACK
6
CONTINUOUS
10
6.3816850000000001
20
-3.9885834251968504
11
6.3910588188976378
21
-3.9885834251968504
0
LINE
8
BLACK
6
CONTINUOUS
10
6.3910588188976378
20
-3.9885834251968504
11
6.3914423228346458
21
-3.9886510236220469
0
LINE
8
BLACK
6
CONTINUOUS
10
6.3776557480314962
20
-3.9959917322834646
11
6.3747379133858271
21
-3.9989095669291337
0
LINE
8
BLACK
6
CONTINUOUS
10
6.3747379133858271
20
-3.9989095669291337
11
6.3732224015748029
21
-4.0019405511811019
0
LINE
8
BLACK
6
CONTINUOUS
10
6.3732224015748029
20
-4.0019405511811019
11
6.3715144094488192
21
-4.008772598425197
0
LINE
8
BLACK
6
CONTINUOUS
10
6.3715144094488192
20
-4.008772598425197
11
6.3715144094488192
21
-4.0136698031496065
0
LINE
8
BLACK
6
CONTINUOUS
10
6.3715144094488192
20
-4.0136698031496065
11
6.3732224015748029
21
-4.0205018503937007
0
LINE
8
BLACK
6
CONTINUOUS
10
6.3732224015748029
20
-4.0205018503937007
11
6.3747379133858271
21
-4.0235328346456694
0
LINE
8
BLACK
6
CONTINUOUS
10
6.3747379133858271
20
-4.0235328346456694
11
6.3776557480314962
21
-4.0264507086614172
0
LINE
8
BLACK
6
CONTINUOUS
10
6.3776557480314962
20
-4.0264507086614172
11
6.382164133858268
21
-4.0279535039370078
0
LINE
8
BLACK
6
CONTINUOUS
10
6.382164133858268
20
-4.0279535039370078
11
6.3881060629921258
21
-4.0279535039370078
0
LINE
8
BLACK
6
CONTINUOUS
10
6.3881060629921258
20
-4.0279535039370078
11
6.3881060629921258
21
-3.994488937007874
0
LINE
8
BLACK
6
CONTINUOUS
10
6.3881060629921258
20
-3.994488937007874
11
6.382164133858268
21
-3.994488937007874
0
LINE
8
BLACK
6
CONTINUOUS
10
6.382164133858268
20
-3.994488937007874
11
6.3776557480314962
21
-3.9959917322834646
0
LINE
8
BLACK
6
CONTINUOUS
10
6.1543277952755906
20
-4.0096581102362201
11
6.1550196850393704
21
-4.01132842519685
0
LINE
8
BLACK
6
CONTINUOUS
10
6.1550196850393704
20
-4.01132842519685
11
6.1550196850393704
21
-4.0300101574803149
0
LINE
8
BLACK
6
CONTINUOUS
10
6.1550196850393704
20
-4.0300101574803149
11
6.1543277952755906
21
-4.0316804724409447
0
LINE
8
BLACK
6
CONTINUOUS
10
6.1543277952755906
20
-4.0316804724409447
11
6.1526574803149607
21
-4.0323723622047245
0
LINE
8
BLACK
6
CONTINUOUS
10
6.1526574803149607
20
-4.0323723622047245
11
6.1509871653543309
21
-4.0316804724409447
0
LINE
8
BLACK
6
CONTINUOUS
10
6.1509871653543309
20
-4.0316804724409447
11
6.1502952755905511
21
-4.0300101574803149
0
LINE
8
BLACK
6
CONTINUOUS
10
6.1502952755905511
20
-4.0300101574803149
11
6.1502952755905511
21
-4.01132842519685
0
LINE
8
BLACK
6
CONTINUOUS
10
6.1502952755905511
20
-4.01132842519685
11
6.1509871653543309
21
-4.0096581102362201
0
LINE
8
BLACK
6
CONTINUOUS
10
6.1509871653543309
20
-4.0096581102362201
11
6.1526574803149607
21
-4.0089662204724412
0
LINE
8
BLACK
6
CONTINUOUS
10
6.1526574803149607
20
-4.0089662204724412
11
6.1543277952755906
21
-4.0096581102362201
0
LINE
8
BLACK
6
CONTINUOUS
10
6.1954695275590552
20
-4.0096581102362201
11
6.1961614173228341
21
-4.01132842519685
0
LINE
8
BLACK
6
CONTINUOUS
10
6.1961614173228341
20
-4.01132842519685
11
6.1961614173228341
21
-4.0300101574803149
0
LINE
8
BLACK
6
CONTINUOUS
10
6.1961614173228341
20
-4.0300101574803149
11
6.1954695275590552
21
-4.0316804724409447
0
LINE
8
BLACK
6
CONTINUOUS
10
6.1954695275590552
20
-4.0316804724409447
11
6.1937992125984254
21
-4.0323723622047245
0
LINE
8
BLACK
6
CONTINUOUS
10
6.1937992125984254
20
-4.0323723622047245
11
6.1921288976377955
21
-4.0316804724409447
0
LINE
8
BLACK
6
CONTINUOUS
10
6.1921288976377955
20
-4.0316804724409447
11
6.1914370078740157
21
-4.0300101574803149
0
LINE
8
BLACK
6
CONTINUOUS
10
6.1914370078740157
20
-4.0300101574803149
11
6.1914370078740157
21
-4.01132842519685
0
LINE
8
BLACK
6
CONTINUOUS
10
6.1914370078740157
20
-4.01132842519685
11
6.1921288976377955
21
-4.0096581102362201
0
LINE
8
BLACK
6
CONTINUOUS
10
6.1921288976377955
20
-4.0096581102362201
11
6.1937992125984254
21
-4.0089662204724412
0
LINE
8
BLACK
6
CONTINUOUS
10
6.1937992125984254
20
-4.0089662204724412
11
6.1954695275590552
21
-4.0096581102362201
0
LINE
8
BLACK
6
CONTINUOUS
10
5.828248031496063
20
-4.0085433070866143
11
5.8597440944881889
21
-4.0085433070866143
0
LINE
8
BLACK
6
CONTINUOUS
10
5.8597440944881889
20
-4.0085433070866143
11
5.8614144094488188
21
-4.0092351968503932
0
LINE
8
BLACK
6
CONTINUOUS
10
5.8614144094488188
20
-4.0092351968503932
11
5.8621062992125985
21
-4.0109055118110239
0
LINE
8
BLACK
6
CONTINUOUS
10
5.8621062992125985
20
-4.0109055118110239
11
5.8614144094488188
21
-4.0125758267716538
0
LINE
8
BLACK
6
CONTINUOUS
10
5.8614144094488188
20
-4.0125758267716538
11
5.8597440944881889
21
-4.0132677165354327
0
LINE
8
BLACK
6
CONTINUOUS
10
5.8597440944881889
20
-4.0132677165354327
11
5.828248031496063
21
-4.0132677165354327
0
LINE
8
BLACK
6
CONTINUOUS
10
5.828248031496063
20
-4.0132677165354327
11
5.796751968503937
21
-4.0132677165354327
0
LINE
8
BLACK
6
CONTINUOUS
10
5.796751968503937
20
-4.0132677165354327
11
5.7950816535433072
21
-4.0125758267716538
0
LINE
8
BLACK
6
CONTINUOUS
10
5.7950816535433072
20
-4.0125758267716538
11
5.7943897637795274
21
-4.0109055118110239
0
LINE
8
BLACK
6
CONTINUOUS
10
5.7943897637795274
20
-4.0109055118110239
11
5.7950816535433072
21
-4.0092351968503932
0
LINE
8
BLACK
6
CONTINUOUS
10
5.7950816535433072
20
-4.0092351968503932
11
5.796751968503937
21
-4.0085433070866143
0
LINE
8
BLACK
6
CONTINUOUS
10
5.796751968503937
20
-4.0085433070866143
11
5.828248031496063
21
-4.0085433070866143
0
LINE
8
BLACK
6
CONTINUOUS
10
6.4130876377952752
20
-3.9136840157480313
11
6.413779527559055
21
-3.9153543307086611
0
LINE
8
BLACK
6
CONTINUOUS
10
6.413779527559055
20
-3.9153543307086611
11
6.4130876377952752
21
-3.9170246456692914
0
LINE
8
BLACK
6
CONTINUOUS
10
6.4130876377952752
20
-3.9170246456692914
11
6.4114173228346454
21
-3.9177165354330707
0
LINE
8
BLACK
6
CONTINUOUS
10
6.4114173228346454
20
-3.9177165354330707
11
6.2854330708661417
21
-3.9177165354330707
0
LINE
8
BLACK
6
CONTINUOUS
10
6.2854330708661417
20
-3.9177165354330707
11
6.2854330708661417
21
-3.9799212598425195
0
LINE
8
BLACK
6
CONTINUOUS
10
6.2854330708661417
20
-3.9799212598425195
11
6.4114173228346454
21
-3.9799212598425195
0
LINE
8
BLACK
6
CONTINUOUS
10
6.4114173228346454
20
-3.9799212598425195
11
6.4130876377952752
21
-3.9806131496062993
0
LINE
8
BLACK
6
CONTINUOUS
10
6.4130876377952752
20
-3.9806131496062993
11
6.413779527559055
21
-3.9822834645669292
0
LINE
8
BLACK
6
CONTINUOUS
10
6.413779527559055
20
-3.9822834645669292
11
6.4130876377952752
21
-3.983953779527559
0
LINE
8
BLACK
6
CONTINUOUS
10
6.4130876377952752
20
-3.983953779527559
11
6.4114173228346454
21
-3.9846456692913383
0
LINE
8
BLACK
6
CONTINUOUS
10
6.4114173228346454
20
-3.9846456692913383
11
6.283070866141732
21
-3.9846456692913383
0
LINE
8
BLACK
6
CONTINUOUS
10
6.283070866141732
20
-3.9846456692913383
11
6.2814005511811022
21
-3.983953779527559
0
LINE
8
BLACK
6
CONTINUOUS
10
6.2814005511811022
20
-3.983953779527559
11
6.2807086614173224
21
-3.9822834645669292
0
LINE
8
BLACK
6
CONTINUOUS
10
6.2807086614173224
20
-3.9822834645669292
11
6.2807086614173224
21
-3.9153543307086611
0
LINE
8
BLACK
6
CONTINUOUS
10
6.2807086614173224
20
-3.9153543307086611
11
6.2814005511811022
21
-3.9136840157480313
0
LINE
8
BLACK
6
CONTINUOUS
10
6.2814005511811022
20
-3.9136840157480313
11
6.283070866141732
21
-3.9129921259842519
0
LINE
8
BLACK
6
CONTINUOUS
10
6.283070866141732
20
-3.9129921259842519
11
6.4114173228346454
21
-3.9129921259842519
0
LINE
8
BLACK
6
CONTINUOUS
10
6.4114173228346454
20
-3.9129921259842519
11
6.4130876377952752
21
-3.9136840157480313
0
LINE
8
BLACK
6
CONTINUOUS
10
5.9865128346456693
20
-3.8798257480314962
11
5.9872047244094491
21
-3.881496062992126
0
LINE
8
BLACK
6
CONTINUOUS
10
5.9872047244094491
20
-3.881496062992126
11
5.9865128346456693
21
-3.8831663779527559
0
LINE
8
BLACK
6
CONTINUOUS
10
5.9865128346456693
20
-3.8831663779527559
11
5.9848425196850394
21
-3.8838582677165352
0
LINE
8
BLACK
6
CONTINUOUS
10
5.9848425196850394
20
-3.8838582677165352
11
5.9586614173228343
21
-3.8838582677165352
0
LINE
8
BLACK
6
CONTINUOUS
10
5.9586614173228343
20
-3.8838582677165352
11
5.9586614173228343
21
-3.9100393700787399
0
LINE
8
BLACK
6
CONTINUOUS
10
5.9586614173228343
20
-3.9100393700787399
11
5.9579695275590554
21
-3.9117096850393698
0
LINE
8
BLACK
6
CONTINUOUS
10
5.9579695275590554
20
-3.9117096850393698
11
5.9562992125984247
21
-3.9124015748031495
0
LINE
8
BLACK
6
CONTINUOUS
10
5.9562992125984247
20
-3.9124015748031495
11
5.9546288976377948
21
-3.9117096850393698
0
LINE
8
BLACK
6
CONTINUOUS
10
5.9546288976377948
20
-3.9117096850393698
11
5.9539370078740159
21
-3.9100393700787399
0
LINE
8
BLACK
6
CONTINUOUS
10
5.9539370078740159
20
-3.9100393700787399
11
5.9539370078740159
21
-3.881496062992126
0
LINE
8
BLACK
6
CONTINUOUS
10
5.9539370078740159
20
-3.881496062992126
11
5.9546288976377948
21
-3.8798257480314962
0
LINE
8
BLACK
6
CONTINUOUS
10
5.9546288976377948
20
-3.8798257480314962
11
5.9562992125984247
21
-3.8791338582677164
0
LINE
8
BLACK
6
CONTINUOUS
10
5.9562992125984247
20
-3.8791338582677164
11
5.9848425196850394
21
-3.8791338582677164
0
LINE
8
BLACK
6
CONTINUOUS
10
5.9848425196850394
20
-3.8791338582677164
11
5.9865128346456693
21
-3.8798257480314962
0
LINE
8
BLACK
6
CONTINUOUS
10
6.1224409448818893
20
-3.8791338582677164
11
6.1241112598425191
21
-3.8798257480314962
0
LINE
8
BLACK
6
CONTINUOUS
10
6.1241112598425191
20
-3.8798257480314962
11
6.1248031496062989
21
-3.881496062992126
0
LINE
8
BLACK
6
CONTINUOUS
10
6.1248031496062989
20
-3.881496062992126
11
6.1248031496062989
21
-3.9100393700787399
0
LINE
8
BLACK
6
CONTINUOUS
10
6.1248031496062989
20
-3.9100393700787399
11
6.1241112598425191
21
-3.9117096850393698
0
LINE
8
BLACK
6
CONTINUOUS
10
6.1241112598425191
20
-3.9117096850393698
11
6.1224409448818893
21
-3.9124015748031495
0
LINE
8
BLACK
6
CONTINUOUS
10
6.1224409448818893
20
-3.9124015748031495
11
6.1207706299212594
21
-3.9117096850393698
0
LINE
8
BLACK
6
CONTINUOUS
10
6.1207706299212594
20
-3.9117096850393698
11
6.1200787401574805
21
-3.9100393700787399
0
LINE
8
BLACK
6
CONTINUOUS
10
6.1200787401574805
20
-3.9100393700787399
11
6.1200787401574805
21
-3.8838582677165352
0
LINE
8
BLACK
6
CONTINUOUS
10
6.1200787401574805
20
-3.8838582677165352
11
6.0938976377952754
21
-3.8838582677165352
0
LINE
8
BLACK
6
CONTINUOUS
10
6.0938976377952754
20
-3.8838582677165352
11
6.0922273228346455
21
-3.8831663779527559
0
LINE
8
BLACK
6
CONTINUOUS
10
6.0922273228346455
20
-3.8831663779527559
11
6.0915354330708658
21
-3.881496062992126
0
LINE
8
BLACK
6
CONTINUOUS
10
6.0915354330708658
20
-3.881496062992126
11
6.0922273228346455
21
-3.8798257480314962
0
LINE
8
BLACK
6
CONTINUOUS
10
6.0922273228346455
20
-3.8798257480314962
11
6.0938976377952754
21
-3.8791338582677164
0
LINE
8
BLACK
6
CONTINUOUS
10
6.0938976377952754
20
-3.8791338582677164
11
6.1224409448818893
21
-3.8791338582677164
0
LINE
8
BLACK
6
CONTINUOUS
10
5.828248031496063
20
-3.8857086614173229
11
5.8991141732283463
21
-3.8857086614173229
0
LINE
8
BLACK
6
CONTINUOUS
10
5.8991141732283463
20
-3.8857086614173229
11
5.9007844881889762
21
-3.8864005511811022
0
LINE
8
BLACK
6
CONTINUOUS
10
5.9007844881889762
20
-3.8864005511811022
11
5.9014763779527559
21
-3.888070866141732
0
LINE
8
BLACK
6
CONTINUOUS
10
5.9014763779527559
20
-3.888070866141732
11
5.9007844881889762
21
-3.8897411811023623
0
LINE
8
BLACK
6
CONTINUOUS
10
5.9007844881889762
20
-3.8897411811023623
11
5.8991141732283463
21
-3.8904330708661417
0
LINE
8
BLACK
6
CONTINUOUS
10
5.8991141732283463
20
-3.8904330708661417
11
5.828248031496063
21
-3.8904330708661417
0
LINE
8
BLACK
6
CONTINUOUS
10
5.828248031496063
20
-3.8904330708661417
11
5.796751968503937
21
-3.8904330708661417
0
LINE
8
BLACK
6
CONTINUOUS
10
5.796751968503937
20
-3.8904330708661417
11
5.7950816535433072
21
-3.8897411811023623
0
LINE
8
BLACK
6
CONTINUOUS
10
5.7950816535433072
20
-3.8897411811023623
11
5.7943897637795274
21
-3.888070866141732
0
LINE
8
BLACK
6
CONTINUOUS
10
5.7943897637795274
20
-3.888070866141732
11
5.7950816535433072
21
-3.8864005511811022
0
LINE
8
BLACK
6
CONTINUOUS
10
5.7950816535433072
20
-3.8864005511811022
11
5.796751968503937
21
-3.8857086614173229
0
LINE
8
BLACK
6
CONTINUOUS
10
5.796751968503937
20
-3.8857086614173229
11
5.828248031496063
21
-3.8857086614173229
0
LINE
8
BLACK
6
CONTINUOUS
10
5.8660516141732284
20
-3.8460862204724409
11
5.8662210236220469
21
-3.8460753149606299
0
LINE
8
BLACK
6
CONTINUOUS
10
5.8662210236220469
20
-3.8460753149606299
11
5.8669116141732278
21
-3.8465827559055117
0
LINE
8
BLACK
6
CONTINUOUS
10
5.8669116141732278
20
-3.8465827559055117
11
5.86765374015748
21
-3.8470112598425197
0
LINE
8
BLACK
6
CONTINUOUS
10
5.86765374015748
20
-3.8470112598425197
11
5.8677117716535427
21
-3.8471707480314961
0
LINE
8
BLACK
6
CONTINUOUS
10
5.8677117716535427
20
-3.8471707480314961
11
5.8678486614173231
21
-3.8472713385826771
0
LINE
8
BLACK
6
CONTINUOUS
10
5.8678486614173231
20
-3.8472713385826771
11
5.8706861417322838
21
-3.8515275590551181
0
LINE
8
BLACK
6
CONTINUOUS
10
5.8706861417322838
20
-3.8515275590551181
11
5.8731401574803153
21
-3.8539815354330709
0
LINE
8
BLACK
6
CONTINUOUS
10
5.8731401574803153
20
-3.8539815354330709
11
5.8757112204724411
21
-3.8552670866141732
0
LINE
8
BLACK
6
CONTINUOUS
10
5.8757112204724411
20
-3.8552670866141732
11
5.8765348818897634
21
-3.855877992125984
0
LINE
8
BLACK
6
CONTINUOUS
10
5.8765348818897634
20
-3.855877992125984
11
5.8773381496062989
21
-3.8577311811023622
0
LINE
8
BLACK
6
CONTINUOUS
10
5.8773381496062989
20
-3.8577311811023622
11
5.8767623228346455
21
-3.8596671653543306
0
LINE
8
BLACK
6
CONTINUOUS
10
5.8767623228346455
20
-3.8596671653543306
11
5.8750767716535428
21
-3.8607800393700789
0
LINE
8
BLACK
6
CONTINUOUS
10
5.8750767716535428
20
-3.8607800393700789
11
5.873070196850394
21
-3.8605491338582678
0
LINE
8
BLACK
6
CONTINUOUS
10
5.873070196850394
20
-3.8605491338582678
11
5.8700705511811027
21
-3.8590493307086615
0
LINE
8
BLACK
6
CONTINUOUS
10
5.8700705511811027
20
-3.8590493307086615
11
5.8693614960629921
21
-3.8585234251968501
0
LINE
8
BLACK
6
CONTINUOUS
10
5.8693614960629921
20
-3.8585234251968501
11
5.8693031496062993
21
-3.8584962204724409
0
LINE
8
BLACK
6
CONTINUOUS
10
5.8693031496062993
20
-3.8584962204724409
11
5.8683445669291334
21
-3.8575375984251967
0
LINE
8
BLACK
6
CONTINUOUS
10
5.8683445669291334
20
-3.8575375984251967
11
5.8683445669291334
21
-3.8774525590551181
0
LINE
8
BLACK
6
CONTINUOUS
10
5.8683445669291334
20
-3.8774525590551181
11
5.8743907086614175
21
-3.8774525590551181
0
LINE
8
BLACK
6
CONTINUOUS
10
5.8743907086614175
20
-3.8774525590551181
11
5.87540062992126
21
-3.87763062992126
0
LINE
8
BLACK
6
CONTINUOUS
10
5.87540062992126
20
-3.87763062992126
11
5.8769478740157481
21
-3.8789289370078741
0
LINE
8
BLACK
6
CONTINUOUS
10
5.8769478740157481
20
-3.8789289370078741
11
5.8772986220472436
21
-3.8809180708661417
0
LINE
8
BLACK
6
CONTINUOUS
10
5.8772986220472436
20
-3.8809180708661417
11
5.8762887007874012
21
-3.8826672440944883
0
LINE
8
BLACK
6
CONTINUOUS
10
5.8762887007874012
20
-3.8826672440944883
11
5.8743907086614175
21
-3.8833580708661417
0
LINE
8
BLACK
6
CONTINUOUS
10
5.8743907086614175
20
-3.8833580708661417
11
5.8563929527559058
21
-3.8833580708661417
0
LINE
8
BLACK
6
CONTINUOUS
10
5.8563929527559058
20
-3.8833580708661417
11
5.8553830314960624
21
-3.8831799999999999
0
LINE
8
BLACK
6
CONTINUOUS
10
5.8553830314960624
20
-3.8831799999999999
11
5.8538357874015743
21
-3.8818816929133857
0
LINE
8
BLACK
6
CONTINUOUS
10
5.8538357874015743
20
-3.8818816929133857
11
5.8534850393700788
21
-3.8798925590551181
0
LINE
8
BLACK
6
CONTINUOUS
10
5.8534850393700788
20
-3.8798925590551181
11
5.8544949606299213
21
-3.8781433858267715
0
LINE
8
BLACK
6
CONTINUOUS
10
5.8544949606299213
20
-3.8781433858267715
11
5.8563929527559058
21
-3.8774525590551181
0
LINE
8
BLACK
6
CONTINUOUS
10
5.8563929527559058
20
-3.8774525590551181
11
5.8624390551181103
21
-3.8774525590551181
0
LINE
8
BLACK
6
CONTINUOUS
10
5.8624390551181103
20
-3.8774525590551181
11
5.8624390551181103
21
-3.8489092519685038
0
LINE
8
BLACK
6
CONTINUOUS
10
5.8624390551181103
20
-3.8489092519685038
11
5.8626171259842517
21
-3.8478993307086613
0
LINE
8
BLACK
6
CONTINUOUS
10
5.8626171259842517
20
-3.8478993307086613
11
5.8627262598425194
21
-3.8477692519685038
0
LINE
8
BLACK
6
CONTINUOUS
10
5.8627262598425194
20
-3.8477692519685038
11
5.8627449212598428
21
-3.8476005118110237
0
LINE
8
BLACK
6
CONTINUOUS
10
5.8627449212598428
20
-3.8476005118110237
11
5.8633646062992124
21
-3.8470084645669291
0
LINE
8
BLACK
6
CONTINUOUS
10
5.8633646062992124
20
-3.8470084645669291
11
5.8639154330708658
21
-3.8463520866141732
0
LINE
8
BLACK
6
CONTINUOUS
10
5.8639154330708658
20
-3.8463520866141732
11
5.8640825984251963
21
-3.8463225984251967
0
LINE
8
BLACK
6
CONTINUOUS
10
5.8640825984251963
20
-3.8463225984251967
11
5.8642053937007876
21
-3.8462053149606299
0
LINE
8
BLACK
6
CONTINUOUS
10
5.8642053937007876
20
-3.8462053149606299
11
5.865060590551181
21
-3.8461501574803147
0
LINE
8
BLACK
6
CONTINUOUS
10
5.865060590551181
20
-3.8461501574803147
11
5.8659045669291334
21
-3.8460013385826772
0
LINE
8
BLACK
6
CONTINUOUS
10
5.8659045669291334
20
-3.8460013385826772
11
5.8660516141732284
21
-3.8460862204724409
0
LINE
8
BLACK
6
CONTINUOUS
10
5.9081486614173224
20
-3.8470112598425197
11
5.9088394881889759
21
-3.8489092519685038
0
LINE
8
BLACK
6
CONTINUOUS
10
5.9088394881889759
20
-3.8489092519685038
11
5.9088394881889759
21
-3.8744060629921258
0
LINE
8
BLACK
6
CONTINUOUS
10
5.9088394881889759
20
-3.8744060629921258
11
5.9086614173228345
21
-3.8754159842519682
0
LINE
8
BLACK
6
CONTINUOUS
10
5.9086614173228345
20
-3.8754159842519682
11
5.908547913385827
21
-3.8755512204724409
0
LINE
8
BLACK
6
CONTINUOUS
10
5.908547913385827
20
-3.8755512204724409
11
5.9085277559055118
21
-3.8757265748031493
0
LINE
8
BLACK
6
CONTINUOUS
10
5.9085277559055118
20
-3.8757265748031493
11
5.9070279527559055
21
-3.8787261811023623
0
LINE
8
BLACK
6
CONTINUOUS
10
5.9070279527559055
20
-3.8787261811023623
11
5.9065020866141733
21
-3.879435157480315
0
LINE
8
BLACK
6
CONTINUOUS
10
5.9065020866141733
20
-3.879435157480315
11
5.9064748818897632
21
-3.8794935433070865
0
LINE
8
BLACK
6
CONTINUOUS
10
5.9064748818897632
20
-3.8794935433070865
11
5.9049750787401569
21
-3.8809933858267716
0
LINE
8
BLACK
6
CONTINUOUS
10
5.9049750787401569
20
-3.8809933858267716
11
5.9042518897637795
21
-3.8814997637795274
0
LINE
8
BLACK
6
CONTINUOUS
10
5.9042518897637795
20
-3.8814997637795274
11
5.9042076377952757
21
-3.8815465354330709
0
LINE
8
BLACK
6
CONTINUOUS
10
5.9042076377952757
20
-3.8815465354330709
11
5.9012079921259843
21
-3.8830463385826772
0
LINE
8
BLACK
6
CONTINUOUS
10
5.9012079921259843
20
-3.8830463385826772
11
5.9002250393700786
21
-3.8833387401574804
0
LINE
8
BLACK
6
CONTINUOUS
10
5.9002250393700786
20
-3.8833387401574804
11
5.9000533070866137
21
-3.8832976771653542
0
LINE
8
BLACK
6
CONTINUOUS
10
5.9000533070866137
20
-3.8832976771653542
11
5.8998874803149608
21
-3.8833580708661417
0
LINE
8
BLACK
6
CONTINUOUS
10
5.8998874803149608
20
-3.8833580708661417
11
5.8938882283464569
21
-3.8833580708661417
0
LINE
8
BLACK
6
CONTINUOUS
10
5.8938882283464569
20
-3.8833580708661417
11
5.8928783070866144
21
-3.8831799999999999
0
LINE
8
BLACK
6
CONTINUOUS
10
5.8928783070866144
20
-3.8831799999999999
11
5.8927430314960629
21
-3.8830664960629919
0
LINE
8
BLACK
6
CONTINUOUS
10
5.8927430314960629
20
-3.8830664960629919
11
5.8925677165354333
21
-3.8830463385826772
0
LINE
8
BLACK
6
CONTINUOUS
10
5.8925677165354333
20
-3.8830463385826772
11
5.8895681102362207
21
-3.8815465354330709
0
LINE
8
BLACK
6
CONTINUOUS
10
5.8895681102362207
20
-3.8815465354330709
11
5.8888589763779526
21
-3.8810205511811025
0
LINE
8
BLACK
6
CONTINUOUS
10
5.8888589763779526
20
-3.8810205511811025
11
5.8888006692913386
21
-3.8809933858267716
0
LINE
8
BLACK
6
CONTINUOUS
10
5.8888006692913386
20
-3.8809933858267716
11
5.8873008661417323
21
-3.8794935433070865
0
LINE
8
BLACK
6
CONTINUOUS
10
5.8873008661417323
20
-3.8794935433070865
11
5.8867945669291339
21
-3.8787704724409449
0
LINE
8
BLACK
6
CONTINUOUS
10
5.8867945669291339
20
-3.8787704724409449
11
5.88674779527559
21
-3.8787261811023623
0
LINE
8
BLACK
6
CONTINUOUS
10
5.88674779527559
20
-3.8787261811023623
11
5.885247952755905
21
-3.8757266141732281
0
LINE
8
BLACK
6
CONTINUOUS
10
5.885247952755905
20
-3.8757266141732281
11
5.884955590551181
21
-3.8747436614173227
0
LINE
8
BLACK
6
CONTINUOUS
10
5.884955590551181
20
-3.8747436614173227
11
5.8849965748031492
21
-3.8745719291338583
0
LINE
8
BLACK
6
CONTINUOUS
10
5.8849965748031492
20
-3.8745719291338583
11
5.8849362204724409
21
-3.8744060629921258
0
LINE
8
BLACK
6
CONTINUOUS
10
5.8849362204724409
20
-3.8744060629921258
11
5.8849362204724409
21
-3.8489092519685038
0
LINE
8
BLACK
6
CONTINUOUS
10
5.8849362204724409
20
-3.8489092519685038
11
5.8851142913385823
21
-3.8478993307086613
0
LINE
8
BLACK
6
CONTINUOUS
10
5.8851142913385823
20
-3.8478993307086613
11
5.8864125984251965
21
-3.8463520866141732
0
LINE
8
BLACK
6
CONTINUOUS
10
5.8864125984251965
20
-3.8463520866141732
11
5.8884017322834641
21
-3.8460013385826772
0
LINE
8
BLACK
6
CONTINUOUS
10
5.8884017322834641
20
-3.8460013385826772
11
5.8901509055118106
21
-3.8470112598425197
0
LINE
8
BLACK
6
CONTINUOUS
10
5.8901509055118106
20
-3.8470112598425197
11
5.8908417322834641
21
-3.8489092519685038
0
LINE
8
BLACK
6
CONTINUOUS
10
5.8908417322834641
20
-3.8489092519685038
11
5.8908417322834641
21
-3.8737089763779529
0
LINE
8
BLACK
6
CONTINUOUS
10
5.8908417322834641
20
-3.8737089763779529
11
5.8918155118110231
21
-3.875656535433071
0
LINE
8
BLACK
6
CONTINUOUS
10
5.8918155118110231
20
-3.875656535433071
11
5.8926377165354333
21
-3.876478779527559
0
LINE
8
BLACK
6
CONTINUOUS
10
5.8926377165354333
20
-3.876478779527559
11
5.8945852755905515
21
-3.8774525590551181
0
LINE
8
BLACK
6
CONTINUOUS
10
5.8945852755905515
20
-3.8774525590551181
11
5.8991904330708662
21
-3.8774525590551181
0
LINE
8
BLACK
6
CONTINUOUS
10
5.8991904330708662
20
-3.8774525590551181
11
5.9011379921259843
21
-3.876478779527559
0
LINE
8
BLACK
6
CONTINUOUS
10
5.9011379921259843
20
-3.876478779527559
11
5.9019601574803149
21
-3.8756565748031497
0
LINE
8
BLACK
6
CONTINUOUS
10
5.9019601574803149
20
-3.8756565748031497
11
5.9029339763779527
21
-3.8737090157480316
0
LINE
8
BLACK
6
CONTINUOUS
10
5.9029339763779527
20
-3.8737090157480316
11
5.9029339763779527
21
-3.8489092519685038
0
LINE
8
BLACK
6
CONTINUOUS
10
5.9029339763779527
20
-3.8489092519685038
11
5.9031120472440941
21
-3.8478993307086613
0
LINE
8
BLACK
6
CONTINUOUS
10
5.9031120472440941
20
-3.8478993307086613
11
5.9044103543307083
21
-3.8463520866141732
0
LINE
8
BLACK
6
CONTINUOUS
10
5.9044103543307083
20
-3.8463520866141732
11
5.9063994881889759
21
-3.8460013385826772
0
LINE
8
BLACK
6
CONTINUOUS
10
5.9063994881889759
20
-3.8460013385826772
11
5.9081486614173224
21
-3.8470112598425197
0
LINE
8
BLACK
6
CONTINUOUS
10
6.2176646456692914
20
-3.8458298425196848
11
6.2184165354330707
21
-3.8481439763779526
0
LINE
8
BLACK
6
CONTINUOUS
10
6.2184165354330707
20
-3.8481439763779526
11
6.2184165354330707
21
-3.8509640944881891
0
LINE
8
BLACK
6
CONTINUOUS
10
6.2184165354330707
20
-3.8509640944881891
11
6.2192887401574799
21
-3.8527085039370079
0
LINE
8
BLACK
6
CONTINUOUS
10
6.2192887401574799
20
-3.8527085039370079
11
6.2210332677165354
21
-3.8535807874015746
0
LINE
8
BLACK
6
CONTINUOUS
10
6.2210332677165354
20
-3.8535807874015746
11
6.2367892519685038
21
-3.8535807874015746
0
LINE
8
BLACK
6
CONTINUOUS
10
6.2367892519685038
20
-3.8535807874015746
11
6.2367892519685038
21
-3.8481439763779526
0
LINE
8
BLACK
6
CONTINUOUS
10
6.2367892519685038
20
-3.8481439763779526
11
6.237541141732283
21
-3.8458298425196848
0
LINE
8
BLACK
6
CONTINUOUS
10
6.237541141732283
20
-3.8458298425196848
11
6.2395096456692913
21
-3.844399645669291
0
LINE
8
BLACK
6
CONTINUOUS
10
6.2395096456692913
20
-3.844399645669291
11
6.2419428740157477
21
-3.844399645669291
0
LINE
8
BLACK
6
CONTINUOUS
10
6.2419428740157477
20
-3.844399645669291
11
6.243911377952756
21
-3.8458298425196848
0
LINE
8
BLACK
6
CONTINUOUS
10
6.243911377952756
20
-3.8458298425196848
11
6.2446632677165352
21
-3.8481439763779526
0
LINE
8
BLACK
6
CONTINUOUS
10
6.2446632677165352
20
-3.8481439763779526
11
6.2446632677165352
21
-3.8535807874015746
0
LINE
8
BLACK
6
CONTINUOUS
10
6.2446632677165352
20
-3.8535807874015746
11
6.2538496062992124
21
-3.8535807874015746
0
LINE
8
BLACK
6
CONTINUOUS
10
6.2538496062992124
20
-3.8535807874015746
11
6.2561637401574801
21
-3.8543326771653543
0
LINE
8
BLACK
6
CONTINUOUS
10
6.2561637401574801
20
-3.8543326771653543
11
6.2575939370078739
21
-3.8563011811023622
0
LINE
8
BLACK
6
CONTINUOUS
10
6.2575939370078739
20
-3.8563011811023622
11
6.2575939370078739
21
-3.858734409448819
0
LINE
8
BLACK
6
CONTINUOUS
10
6.2575939370078739
20
-3.858734409448819
11
6.2561637401574801
21
-3.8607029133858268
0
LINE
8
BLACK
6
CONTINUOUS
10
6.2561637401574801
20
-3.8607029133858268
11
6.2538496062992124
21
-3.8614548031496061
0
LINE
8
BLACK
6
CONTINUOUS
10
6.2538496062992124
20
-3.8614548031496061
11
6.2446632677165352
21
-3.8614548031496061
0
LINE
8
BLACK
6
CONTINUOUS
10
6.2446632677165352
20
-3.8614548031496061
11
6.2446632677165352
21
-3.863142086614173
0
LINE
8
BLACK
6
CONTINUOUS
10
6.2446632677165352
20
-3.863142086614173
11
6.243911377952756
21
-3.8654562204724408
0
LINE
8
BLACK
6
CONTINUOUS
10
6.243911377952756
20
-3.8654562204724408
11
6.2419428740157477
21
-3.8668864173228346
0
LINE
8
BLACK
6
CONTINUOUS
10
6.2419428740157477
20
-3.8668864173228346
11
6.2395096456692913
21
-3.8668864173228346
0
LINE
8
BLACK
6
CONTINUOUS
10
6.2395096456692913
20
-3.8668864173228346
11
6.237541141732283
21
-3.8654562204724408
0
LINE
8
BLACK
6
CONTINUOUS
10
6.237541141732283
20
-3.8654562204724408
11
6.2367892519685038
21
-3.863142086614173
0
LINE
8
BLACK
6
CONTINUOUS
10
6.2367892519685038
20
-3.863142086614173
11
6.2367892519685038
21
-3.8614548031496061
0
LINE
8
BLACK
6
CONTINUOUS
10
6.2367892519685038
20
-3.8614548031496061
11
6.2201038582677164
21
-3.8614548031496061
0
LINE
8
BLACK
6
CONTINUOUS
10
6.2201038582677164
20
-3.8614548031496061
11
6.2192407086614168
21
-3.8611743307086615
0
LINE
8
BLACK
6
CONTINUOUS
10
6.2192407086614168
20
-3.8611743307086615
11
6.2183431496062989
21
-3.8610391732283462
0
LINE
8
BLACK
6
CONTINUOUS
10
6.2183431496062989
20
-3.8610391732283462
11
6.2145936614173225
21
-3.8591644094488187
0
LINE
8
BLACK
6
CONTINUOUS
10
6.2145936614173225
20
-3.8591644094488187
11
6.2145713779527556
21
-3.8591424409448818
0
LINE
8
BLACK
6
CONTINUOUS
10
6.2145713779527556
20
-3.8591424409448818
11
6.2145404330708658
21
-3.8591373228346457
0
LINE
8
BLACK
6
CONTINUOUS
10
6.2145404330708658
20
-3.8591373228346457
11
6.213706614173228
21
-3.8582907480314961
0
LINE
8
BLACK
6
CONTINUOUS
10
6.213706614173228
20
-3.8582907480314961
11
6.2128600787401576
21
-3.857456968503937
0
LINE
8
BLACK
6
CONTINUOUS
10
6.2128600787401576
20
-3.857456968503937
11
6.2128549212598427
21
-3.8574259842519685
0
LINE
8
BLACK
6
CONTINUOUS
10
6.2128549212598427
20
-3.8574259842519685
11
6.2128329921259837
21
-3.8574037401574803
0
LINE
8
BLACK
6
CONTINUOUS
10
6.2128329921259837
20
-3.8574037401574803
11
6.2109581889763774
21
-3.8536542125984252
0
LINE
8
BLACK
6
CONTINUOUS
10
6.2109581889763774
20
-3.8536542125984252
11
6.2108229921259843
21
-3.8527567322834644
0
LINE
8
BLACK
6
CONTINUOUS
10
6.2108229921259843
20
-3.8527567322834644
11
6.2105425196850392
21
-3.8518935039370077
0
LINE
8
BLACK
6
CONTINUOUS
10
6.2105425196850392
20
-3.8518935039370077
11
6.2105425196850392
21
-3.8481439763779526
0
LINE
8
BLACK
6
CONTINUOUS
10
6.2105425196850392
20
-3.8481439763779526
11
6.2112944094488185
21
-3.8458298425196848
0
LINE
8
BLACK
6
CONTINUOUS
10
6.2112944094488185
20
-3.8458298425196848
11
6.2132629133858268
21
-3.844399645669291
0
LINE
8
BLACK
6
CONTINUOUS
10
6.2132629133858268
20
-3.844399645669291
11
6.2156961417322831
21
-3.844399645669291
0
LINE
8
BLACK
6
CONTINUOUS
10
6.2156961417322831
20
-3.844399645669291
11
6.2176646456692914
21
-3.8458298425196848
0
LINE
8
BLACK
6
CONTINUOUS
10
6.327693937007874
20
-3.7812037007874015
11
6.3283858267716537
21
-3.7828740157480314
0
LINE
8
BLACK
6
CONTINUOUS
10
6.3283858267716537
20
-3.7828740157480314
11
6.3283858267716537
21
-3.8513779527559056
0
LINE
8
BLACK
6
CONTINUOUS
10
6.3283858267716537
20
-3.8513779527559056
11
6.3831102362204719
21
-3.8513779527559056
0
LINE
8
BLACK
6
CONTINUOUS
10
6.3831102362204719
20
-3.8513779527559056
11
6.3847805511811027
21
-3.8520698425196849
0
LINE
8
BLACK
6
CONTINUOUS
10
6.3847805511811027
20
-3.8520698425196849
11
6.3854724409448815
21
-3.8537401574803147
0
LINE
8
BLACK
6
CONTINUOUS
10
6.3854724409448815
20
-3.8537401574803147
11
6.3847805511811027
21
-3.8554104724409446
0
LINE
8
BLACK
6
CONTINUOUS
10
6.3847805511811027
20
-3.8554104724409446
11
6.3831102362204719
21
-3.8561023622047244
0
LINE
8
BLACK
6
CONTINUOUS
10
6.3831102362204719
20
-3.8561023622047244
11
6.3260236220472441
21
-3.8561023622047244
0
LINE
8
BLACK
6
CONTINUOUS
10
6.3260236220472441
20
-3.8561023622047244
11
6.3243533070866143
21
-3.8554104724409446
0
LINE
8
BLACK
6
CONTINUOUS
10
6.3243533070866143
20
-3.8554104724409446
11
6.3236614173228345
21
-3.8537401574803147
0
LINE
8
BLACK
6
CONTINUOUS
10
6.3236614173228345
20
-3.8537401574803147
11
6.3236614173228345
21
-3.7828740157480314
0
LINE
8
BLACK
6
CONTINUOUS
10
6.3236614173228345
20
-3.7828740157480314
11
6.3243533070866143
21
-3.7812037007874015
0
LINE
8
BLACK
6
CONTINUOUS
10
6.3243533070866143
20
-3.7812037007874015
11
6.3260236220472441
21
-3.7805118110236218
0
LINE
8
BLACK
6
CONTINUOUS
10
6.3260236220472441
20
-3.7805118110236218
11
6.327693937007874
21
-3.7812037007874015
0
LINE
8
BLACK
6
CONTINUOUS
10
6.2340903149606302
20
-3.812616377952756
11
6.2349878740157481
21
-3.8127515748031495
0
LINE
8
BLACK
6
CONTINUOUS
10
6.2349878740157481
20
-3.8127515748031495
11
6.2387374015748032
21
-3.8146263385826771
0
LINE
8
BLACK
6
CONTINUOUS
10
6.2387374015748032
20
-3.8146263385826771
11
6.2391920078740153
21
-3.8150740944881889
0
LINE
8
BLACK
6
CONTINUOUS
10
6.2391920078740153
20
-3.8150740944881889
11
6.2397606299212596
21
-3.8153638188976378
0
LINE
8
BLACK
6
CONTINUOUS
10
6.2397606299212596
20
-3.8153638188976378
11
6.2416353543307084
21
-3.8172385826771653
0
LINE
8
BLACK
6
CONTINUOUS
10
6.2416353543307084
20
-3.8172385826771653
11
6.2419250393700789
21
-3.8178071259842521
0
LINE
8
BLACK
6
CONTINUOUS
10
6.2419250393700789
20
-3.8178071259842521
11
6.2423728740157483
21
-3.8182618110236222
0
LINE
8
BLACK
6
CONTINUOUS
10
6.2423728740157483
20
-3.8182618110236222
11
6.2442476377952758
21
-3.8220112992125985
0
LINE
8
BLACK
6
CONTINUOUS
10
6.2442476377952758
20
-3.8220112992125985
11
6.2443827952755901
21
-3.8229088582677164
0
LINE
8
BLACK
6
CONTINUOUS
10
6.2443827952755901
20
-3.8229088582677164
11
6.2446632677165352
21
-3.8237720078740156
0
LINE
8
BLACK
6
CONTINUOUS
10
6.2446632677165352
20
-3.8237720078740156
11
6.2446632677165352
21
-3.8293962992125983
0
LINE
8
BLACK
6
CONTINUOUS
10
6.2446632677165352
20
-3.8293962992125983
11
6.2443827952755901
21
-3.8302594094488187
0
LINE
8
BLACK
6
CONTINUOUS
10
6.2443827952755901
20
-3.8302594094488187
11
6.2442476377952758
21
-3.8311570078740158
0
LINE
8
BLACK
6
CONTINUOUS
10
6.2442476377952758
20
-3.8311570078740158
11
6.2423728740157483
21
-3.8349064960629922
0
LINE
8
BLACK
6
CONTINUOUS
10
6.2423728740157483
20
-3.8349064960629922
11
6.2419250393700789
21
-3.8353611417322835
0
LINE
8
BLACK
6
CONTINUOUS
10
6.2419250393700789
20
-3.8353611417322835
11
6.2416353543307084
21
-3.8359297244094486
0
LINE
8
BLACK
6
CONTINUOUS
10
6.2416353543307084
20
-3.8359297244094486
11
6.2397606299212596
21
-3.8378044881889761
0
LINE
8
BLACK
6
CONTINUOUS
10
6.2397606299212596
20
-3.8378044881889761
11
6.2391920078740153
21
-3.8380941732283462
0
LINE
8
BLACK
6
CONTINUOUS
10
6.2391920078740153
20
-3.8380941732283462
11
6.2387374015748032
21
-3.8385419685039368
0
LINE
8
BLACK
6
CONTINUOUS
10
6.2387374015748032
20
-3.8385419685039368
11
6.2349878740157481
21
-3.8404167322834644
0
LINE
8
BLACK
6
CONTINUOUS
10
6.2349878740157481
20
-3.8404167322834644
11
6.2340903149606302
21
-3.8405518897637796
0
LINE
8
BLACK
6
CONTINUOUS
10
6.2340903149606302
20
-3.8405518897637796
11
6.2332272047244093
21
-3.8408323622047242
0
LINE
8
BLACK
6
CONTINUOUS
10
6.2332272047244093
20
-3.8408323622047242
11
6.2219786220472439
21
-3.8408323622047242
0
LINE
8
BLACK
6
CONTINUOUS
10
6.2219786220472439
20
-3.8408323622047242
11
6.2211154724409443
21
-3.8405518897637796
0
LINE
8
BLACK
6
CONTINUOUS
10
6.2211154724409443
20
-3.8405518897637796
11
6.2202179133858264
21
-3.8404167322834644
0
LINE
8
BLACK
6
CONTINUOUS
10
6.2202179133858264
20
-3.8404167322834644
11
6.2164684251968501
21
-3.8385419685039368
0
LINE
8
BLACK
6
CONTINUOUS
10
6.2164684251968501
20
-3.8385419685039368
11
6.2160137401574804
21
-3.8380941338582675
0
LINE
8
BLACK
6
CONTINUOUS
10
6.2160137401574804
20
-3.8380941338582675
11
6.2154451968503936
21
-3.8378044488188974
0
LINE
8
BLACK
6
CONTINUOUS
10
6.2154451968503936
20
-3.8378044488188974
11
6.2135704330708661
21
-3.8359297244094486
0
LINE
8
BLACK
6
CONTINUOUS
10
6.2135704330708661
20
-3.8359297244094486
11
6.2132807086614168
21
-3.8353611023622047
0
LINE
8
BLACK
6
CONTINUOUS
10
6.2132807086614168
20
-3.8353611023622047
11
6.2128329921259837
21
-3.8349065354330709
0
LINE
8
BLACK
6
CONTINUOUS
10
6.2128329921259837
20
-3.8349065354330709
11
6.2109581889763774
21
-3.8311570078740158
0
LINE
8
BLACK
6
CONTINUOUS
10
6.2109581889763774
20
-3.8311570078740158
11
6.2108229921259843
21
-3.830259527559055
0
LINE
8
BLACK
6
CONTINUOUS
10
6.2108229921259843
20
-3.830259527559055
11
6.2105425196850392
21
-3.8293962992125983
0
LINE
8
BLACK
6
CONTINUOUS
10
6.2105425196850392
20
-3.8293962992125983
11
6.2105425196850392
21
-3.8237720078740156
0
LINE
8
BLACK
6
CONTINUOUS
10
6.2105425196850392
20
-3.8237720078740156
11
6.2108229921259843
21
-3.8229087401574802
0
LINE
8
BLACK
6
CONTINUOUS
10
6.2108229921259843
20
-3.8229087401574802
11
6.2109581889763774
21
-3.8220112992125985
0
LINE
8
BLACK
6
CONTINUOUS
10
6.2109581889763774
20
-3.8220112992125985
11
6.2128329921259837
21
-3.8182617716535434
0
LINE
8
BLACK
6
CONTINUOUS
10
6.2128329921259837
20
-3.8182617716535434
11
6.2132807086614168
21
-3.8178071653543304
0
LINE
8
BLACK
6
CONTINUOUS
10
6.2132807086614168
20
-3.8178071653543304
11
6.2135704330708661
21
-3.8172385826771653
0
LINE
8
BLACK
6
CONTINUOUS
10
6.2135704330708661
20
-3.8172385826771653
11
6.2154451968503936
21
-3.8153638582677165
0
LINE
8
BLACK
6
CONTINUOUS
10
6.2154451968503936
20
-3.8153638582677165
11
6.2160137401574804
21
-3.8150741338582677
0
LINE
8
BLACK
6
CONTINUOUS
10
6.2160137401574804
20
-3.8150741338582677
11
6.2164684251968501
21
-3.8146263385826771
0
LINE
8
BLACK
6
CONTINUOUS
10
6.2164684251968501
20
-3.8146263385826771
11
6.2202179133858264
21
-3.8127515748031495
0
LINE
8
BLACK
6
CONTINUOUS
10
6.2202179133858264
20
-3.8127515748031495
11
6.2211154724409443
21
-3.812616377952756
0
LINE
8
BLACK
6
CONTINUOUS
10
6.2211154724409443
20
-3.812616377952756
11
6.2219786220472439
21
-3.8123359448818896
0
LINE
8
BLACK
6
CONTINUOUS
10
6.2219786220472439
20
-3.8123359448818896
11
6.2332272047244093
21
-3.8123359448818896
0
LINE
8
BLACK
6
CONTINUOUS
10
6.2332272047244093
20
-3.8123359448818896
11
6.2340903149606302
21
-3.812616377952756
0
LINE
8
BLACK
6
CONTINUOUS
10
6.2205611811023624
20
-3.8213833464566926
11
6.2195898818897639
21
-3.8223546456692912
0
LINE
8
BLACK
6
CONTINUOUS
10
6.2195898818897639
20
-3.8223546456692912
11
6.2184165354330707
21
-3.8247013779527559
0
LINE
8
BLACK
6
CONTINUOUS
10
6.2184165354330707
20
-3.8247013779527559
11
6.2184165354330707
21
-3.8284668897637792
0
LINE
8
BLACK
6
CONTINUOUS
10
6.2184165354330707
20
-3.8284668897637792
11
6.2195898818897639
21
-3.830813622047244
0
LINE
8
BLACK
6
CONTINUOUS
10
6.2195898818897639
20
-3.830813622047244
11
6.2205611811023624
21
-3.8317849212598425
0
LINE
8
BLACK
6
CONTINUOUS
10
6.2205611811023624
20
-3.8317849212598425
11
6.222908031496063
21
-3.8329583464566928
0
LINE
8
BLACK
6
CONTINUOUS
10
6.222908031496063
20
-3.8329583464566928
11
6.2322977952755902
21
-3.8329583464566928
0
LINE
8
BLACK
6
CONTINUOUS
10
6.2322977952755902
20
-3.8329583464566928
11
6.234644606299212
21
-3.8317848818897637
0
LINE
8
BLACK
6
CONTINUOUS
10
6.234644606299212
20
-3.8317848818897637
11
6.235615826771653
21
-3.8308137007874015
0
LINE
8
BLACK
6
CONTINUOUS
10
6.235615826771653
20
-3.8308137007874015
11
6.2367892519685038
21
-3.8284668897637792
0
LINE
8
BLACK
6
CONTINUOUS
10
6.2367892519685038
20
-3.8284668897637792
11
6.2367892519685038
21
-3.8247014173228346
0
LINE
8
BLACK
6
CONTINUOUS
10
6.2367892519685038
20
-3.8247014173228346
11
6.235615826771653
21
-3.8223545669291337
0
LINE
8
BLACK
6
CONTINUOUS
10
6.235615826771653
20
-3.8223545669291337
11
6.234644606299212
21
-3.8213833858267714
0
LINE
8
BLACK
6
CONTINUOUS
10
6.234644606299212
20
-3.8213833858267714
11
6.2322977952755902
21
-3.8202099606299211
0
LINE
8
BLACK
6
CONTINUOUS
10
6.2322977952755902
20
-3.8202099606299211
11
6.222908031496063
21
-3.8202099606299211
0
LINE
8
BLACK
6
CONTINUOUS
10
6.222908031496063
20
-3.8202099606299211
11
6.2205611811023624
21
-3.8213833464566926
0
LINE
8
BLACK
6
CONTINUOUS
10
6.1346427559055119
20
-3.7872171653543307
11
6.1353346456692908
21
-3.7888874803149606
0
LINE
8
BLACK
6
CONTINUOUS
10
6.1353346456692908
20
-3.7888874803149606
11
6.1353346456692908
21
-3.8075692125984251
0
LINE
8
BLACK
6
CONTINUOUS
10
6.1353346456692908
20
-3.8075692125984251
11
6.1346427559055119
21
-3.8092395275590549
0
LINE
8
BLACK
6
CONTINUOUS
10
6.1346427559055119
20
-3.8092395275590549
11
6.132972440944882
21
-3.8099314173228347
0
LINE
8
BLACK
6
CONTINUOUS
10
6.132972440944882
20
-3.8099314173228347
11
6.1313021259842522
21
-3.8092395275590549
0
LINE
8
BLACK
6
CONTINUOUS
10
6.1313021259842522
20
-3.8092395275590549
11
6.1306102362204724
21
-3.8075692125984251
0
LINE
8
BLACK
6
CONTINUOUS
10
6.1306102362204724
20
-3.8075692125984251
11
6.1306102362204724
21
-3.7888874803149606
0
LINE
8
BLACK
6
CONTINUOUS
10
6.1306102362204724
20
-3.7888874803149606
11
6.1313021259842522
21
-3.7872171653543307
0
LINE
8
BLACK
6
CONTINUOUS
10
6.1313021259842522
20
-3.7872171653543307
11
6.132972440944882
21
-3.786525275590551
0
LINE
8
BLACK
6
CONTINUOUS
10
6.132972440944882
20
-3.786525275590551
11
6.1346427559055119
21
-3.7872171653543307
0
LINE
8
BLACK
6
CONTINUOUS
10
6.1757844881889765
20
-3.7872171653543307
11
6.1764763779527554
21
-3.7888874803149606
0
LINE
8
BLACK
6
CONTINUOUS
10
6.1764763779527554
20
-3.7888874803149606
11
6.1764763779527554
21
-3.8075692125984251
0
LINE
8
BLACK
6
CONTINUOUS
10
6.1764763779527554
20
-3.8075692125984251
11
6.1757844881889765
21
-3.8092395275590549
0
LINE
8
BLACK
6
CONTINUOUS
10
6.1757844881889765
20
-3.8092395275590549
11
6.1741141732283467
21
-3.8099314173228347
0
LINE
8
BLACK
6
CONTINUOUS
10
6.1741141732283467
20
-3.8099314173228347
11
6.1724438582677168
21
-3.8092395275590549
0
LINE
8
BLACK
6
CONTINUOUS
10
6.1724438582677168
20
-3.8092395275590549
11
6.171751968503937
21
-3.8075692125984251
0
LINE
8
BLACK
6
CONTINUOUS
10
6.171751968503937
20
-3.8075692125984251
11
6.171751968503937
21
-3.7888874803149606
0
LINE
8
BLACK
6
CONTINUOUS
10
6.171751968503937
20
-3.7888874803149606
11
6.1724438582677168
21
-3.7872171653543307
0
LINE
8
BLACK
6
CONTINUOUS
10
6.1724438582677168
20
-3.7872171653543307
11
6.1741141732283467
21
-3.786525275590551
0
LINE
8
BLACK
6
CONTINUOUS
10
6.1741141732283467
20
-3.786525275590551
11
6.1757844881889765
21
-3.7872171653543307
0
LINE
8
BLACK
6
CONTINUOUS
10
6.495804173228346
20
-3.4701800787401575
11
6.4964960629921258
21
-3.4718503937007874
0
LINE
8
BLACK
6
CONTINUOUS
10
6.4964960629921258
20
-3.4718503937007874
11
6.4964960629921258
21
-3.8037401574803149
0
LINE
8
BLACK
6
CONTINUOUS
10
6.4964960629921258
20
-3.8037401574803149
11
6.495804173228346
21
-3.8054104724409448
0
LINE
8
BLACK
6
CONTINUOUS
10
6.495804173228346
20
-3.8054104724409448
11
6.4941338582677162
21
-3.8061023622047245
0
LINE
8
BLACK
6
CONTINUOUS
10
6.4941338582677162
20
-3.8061023622047245
11
6.4924635433070863
21
-3.8054104724409448
0
LINE
8
BLACK
6
CONTINUOUS
10
6.4924635433070863
20
-3.8054104724409448
11
6.4917716535433065
21
-3.8037401574803149
0
LINE
8
BLACK
6
CONTINUOUS
10
6.4917716535433065
20
-3.8037401574803149
11
6.4917716535433065
21
-3.4718503937007874
0
LINE
8
BLACK
6
CONTINUOUS
10
6.4917716535433065
20
-3.4718503937007874
11
6.4924635433070863
21
-3.4701800787401575
0
LINE
8
BLACK
6
CONTINUOUS
10
6.4924635433070863
20
-3.4701800787401575
11
6.4941338582677162
21
-3.4694881889763778
0
LINE
8
BLACK
6
CONTINUOUS
10
6.4941338582677162
20
-3.4694881889763778
11
6.495804173228346
21
-3.4701800787401575
0
LINE
8
BLACK
6
CONTINUOUS
10
5.9461585039370082
20
-3.7851178740157478
11
5.9468503937007871
21
-3.7867881889763777
0
LINE
8
BLACK
6
CONTINUOUS
10
5.9468503937007871
20
-3.7867881889763777
11
5.9468503937007871
21
-3.7978574803149607
0
LINE
8
BLACK
6
CONTINUOUS
10
5.9468503937007871
20
-3.7978574803149607
11
5.9461585039370082
21
-3.7995277952755906
0
LINE
8
BLACK
6
CONTINUOUS
10
5.9461585039370082
20
-3.7995277952755906
11
5.9444881889763774
21
-3.8002196850393699
0
LINE
8
BLACK
6
CONTINUOUS
10
5.9444881889763774
20
-3.8002196850393699
11
5.9428178740157476
21
-3.7995277952755906
0
LINE
8
BLACK
6
CONTINUOUS
10
5.9428178740157476
20
-3.7995277952755906
11
5.9421259842519687
21
-3.7978574803149607
0
LINE
8
BLACK
6
CONTINUOUS
10
5.9421259842519687
20
-3.7978574803149607
11
5.9421259842519687
21
-3.7867881889763777
0
LINE
8
BLACK
6
CONTINUOUS
10
5.9421259842519687
20
-3.7867881889763777
11
5.9428178740157476
21
-3.7851178740157478
0
LINE
8
BLACK
6
CONTINUOUS
10
5.9428178740157476
20
-3.7851178740157478
11
5.9444881889763774
21
-3.7844259842519685
0
LINE
8
BLACK
6
CONTINUOUS
10
5.9444881889763774
20
-3.7844259842519685
11
5.9461585039370082
21
-3.7851178740157478
0
LINE
8
BLACK
6
CONTINUOUS
10
5.9863159842519682
20
-3.7851178740157478
11
5.987007874015748
21
-3.7867881889763777
0
LINE
8
BLACK
6
CONTINUOUS
10
5.987007874015748
20
-3.7867881889763777
11
5.987007874015748
21
-3.7978574803149607
0
LINE
8
BLACK
6
CONTINUOUS
10
5.987007874015748
20
-3.7978574803149607
11
5.9863159842519682
21
-3.7995277952755906
0
LINE
8
BLACK
6
CONTINUOUS
10
5.9863159842519682
20
-3.7995277952755906
11
5.9846456692913383
21
-3.8002196850393699
0
LINE
8
BLACK
6
CONTINUOUS
10
5.9846456692913383
20
-3.8002196850393699
11
5.9829753543307085
21
-3.7995277952755906
0
LINE
8
BLACK
6
CONTINUOUS
10
5.9829753543307085
20
-3.7995277952755906
11
5.9822834645669287
21
-3.7978574803149607
0
LINE
8
BLACK
6
CONTINUOUS
10
5.9822834645669287
20
-3.7978574803149607
11
5.9822834645669287
21
-3.7867881889763777
0
LINE
8
BLACK
6
CONTINUOUS
10
5.9822834645669287
20
-3.7867881889763777
11
5.9829753543307085
21
-3.7851178740157478
0
LINE
8
BLACK
6
CONTINUOUS
10
5.9829753543307085
20
-3.7851178740157478
11
5.9846456692913383
21
-3.7844259842519685
0
LINE
8
BLACK
6
CONTINUOUS
10
5.9846456692913383
20
-3.7844259842519685
11
5.9863159842519682
21
-3.7851178740157478
0
LINE
8
BLACK
6
CONTINUOUS
10
6.0170246456692915
20
-3.7851178740157478
11
6.0177165354330704
21
-3.7867881889763777
0
LINE
8
BLACK
6
CONTINUOUS
10
6.0177165354330704
20
-3.7867881889763777
11
6.0177165354330704
21
-3.7978574803149607
0
LINE
8
BLACK
6
CONTINUOUS
10
6.0177165354330704
20
-3.7978574803149607
11
6.0170246456692915
21
-3.7995277952755906
0
LINE
8
BLACK
6
CONTINUOUS
10
6.0170246456692915
20
-3.7995277952755906
11
6.0153543307086617
21
-3.8002196850393699
0
LINE
8
BLACK
6
CONTINUOUS
10
6.0153543307086617
20
-3.8002196850393699
11
6.0136840157480318
21
-3.7995277952755906
0
LINE
8
BLACK
6
CONTINUOUS
10
6.0136840157480318
20
-3.7995277952755906
11
6.012992125984252
21
-3.7978574803149607
0
LINE
8
BLACK
6
CONTINUOUS
10
6.012992125984252
20
-3.7978574803149607
11
6.012992125984252
21
-3.7867881889763777
0
LINE
8
BLACK
6
CONTINUOUS
10
6.012992125984252
20
-3.7867881889763777
11
6.0136840157480318
21
-3.7851178740157478
0
LINE
8
BLACK
6
CONTINUOUS
10
6.0136840157480318
20
-3.7851178740157478
11
6.0153543307086617
21
-3.7844259842519685
0
LINE
8
BLACK
6
CONTINUOUS
10
6.0153543307086617
20
-3.7844259842519685
11
6.0170246456692915
21
-3.7851178740157478
0
LINE
8
BLACK
6
CONTINUOUS
10
6.0571821259842515
20
-3.7851178740157478
11
6.0578740157480313
21
-3.7867881889763777
0
LINE
8
BLACK
6
CONTINUOUS
10
6.0578740157480313
20
-3.7867881889763777
11
6.0578740157480313
21
-3.7978574803149607
0
LINE
8
BLACK
6
CONTINUOUS
10
6.0578740157480313
20
-3.7978574803149607
11
6.0571821259842515
21
-3.7995277952755906
0
LINE
8
BLACK
6
CONTINUOUS
10
6.0571821259842515
20
-3.7995277952755906
11
6.0555118110236217
21
-3.8002196850393699
0
LINE
8
BLACK
6
CONTINUOUS
10
6.0555118110236217
20
-3.8002196850393699
11
6.0538414960629918
21
-3.7995277952755906
0
LINE
8
BLACK
6
CONTINUOUS
10
6.0538414960629918
20
-3.7995277952755906
11
6.0531496062992121
21
-3.7978574803149607
0
LINE
8
BLACK
6
CONTINUOUS
10
6.0531496062992121
20
-3.7978574803149607
11
6.0531496062992121
21
-3.7867881889763777
0
LINE
8
BLACK
6
CONTINUOUS
10
6.0531496062992121
20
-3.7867881889763777
11
6.0538414960629918
21
-3.7851178740157478
0
LINE
8
BLACK
6
CONTINUOUS
10
6.0538414960629918
20
-3.7851178740157478
11
6.0555118110236217
21
-3.7844259842519685
0
LINE
8
BLACK
6
CONTINUOUS
10
6.0555118110236217
20
-3.7844259842519685
11
6.0571821259842515
21
-3.7851178740157478
0
LINE
8
BLACK
6
CONTINUOUS
10
5.8952731102362206
20
-3.7408196062992127
11
5.8954083464566924
21
-3.7409330708661415
0
LINE
8
BLACK
6
CONTINUOUS
10
5.8954083464566924
20
-3.7409330708661415
11
5.8955837007874017
21
-3.7409532677165354
0
LINE
8
BLACK
6
CONTINUOUS
10
5.8955837007874017
20
-3.7409532677165354
11
5.8985833070866143
21
-3.7424530708661417
0
LINE
8
BLACK
6
CONTINUOUS
10
5.8985833070866143
20
-3.7424530708661417
11
5.8992922834645665
21
-3.7429788976377951
0
LINE
8
BLACK
6
CONTINUOUS
10
5.8992922834645665
20
-3.7429788976377951
11
5.8993506692913389
21
-3.7430061417322835
0
LINE
8
BLACK
6
CONTINUOUS
10
5.8993506692913389
20
-3.7430061417322835
11
5.900850511811023
21
-3.7445059448818898
0
LINE
8
BLACK
6
CONTINUOUS
10
5.900850511811023
20
-3.7445059448818898
11
5.9014387401574799
21
-3.7453459842519683
0
LINE
8
BLACK
6
CONTINUOUS
10
5.9014387401574799
20
-3.7453459842519683
11
5.9016148031496058
21
-3.7473580708661416
0
LINE
8
BLACK
6
CONTINUOUS
10
5.9016148031496058
20
-3.7473580708661416
11
5.900456299212598
21
-3.7490126377952757
0
LINE
8
BLACK
6
CONTINUOUS
10
5.900456299212598
20
-3.7490126377952757
11
5.8985053149606301
21
-3.7495353937007874
0
LINE
8
BLACK
6
CONTINUOUS
10
5.8985053149606301
20
-3.7495353937007874
11
5.8966747637795276
21
-3.7486818503937007
0
LINE
8
BLACK
6
CONTINUOUS
10
5.8966747637795276
20
-3.7486818503937007
11
5.8955137007874017
21
-3.7475208267716535
0
LINE
8
BLACK
6
CONTINUOUS
10
5.8955137007874017
20
-3.7475208267716535
11
5.8935661417322835
21
-3.7465470472440945
0
LINE
8
BLACK
6
CONTINUOUS
10
5.8935661417322835
20
-3.7465470472440945
11
5.8874611811023625
21
-3.7465470472440945
0
LINE
8
BLACK
6
CONTINUOUS
10
5.8874611811023625
20
-3.7465470472440945
11
5.8855135433070869
21
-3.7475208267716535
0
LINE
8
BLACK
6
CONTINUOUS
10
5.8855135433070869
20
-3.7475208267716535
11
5.8846914173228342
21
-3.7483429527559053
0
LINE
8
BLACK
6
CONTINUOUS
10
5.8846914173228342
20
-3.7483429527559053
11
5.8837176377952751
21
-3.7502905511811022
0
LINE
8
BLACK
6
CONTINUOUS
10
5.8837176377952751
20
-3.7502905511811022
11
5.8837176377952751
21
-3.7521140157480315
0
LINE
8
BLACK
6
CONTINUOUS
10
5.8837176377952751
20
-3.7521140157480315
11
5.8848454724409445
21
-3.7554975590551178
0
LINE
8
BLACK
6
CONTINUOUS
10
5.8848454724409445
20
-3.7554975590551178
11
5.9023503543307081
21
-3.7730024409448819
0
LINE
8
BLACK
6
CONTINUOUS
10
5.9023503543307081
20
-3.7730024409448819
11
5.9027201181102358
21
-3.7735304724409446
0
LINE
8
BLACK
6
CONTINUOUS
10
5.9027201181102358
20
-3.7735304724409446
11
5.9028196062992127
21
-3.7736139763779528
0
LINE
8
BLACK
6
CONTINUOUS
10
5.9028196062992127
20
-3.7736139763779528
11
5.9028333858267716
21
-3.773692283464567
0
LINE
8
BLACK
6
CONTINUOUS
10
5.9028333858267716
20
-3.773692283464567
11
5.902938582677165
21
-3.7738424803149604
0
LINE
8
BLACK
6
CONTINUOUS
10
5.902938582677165
20
-3.7738424803149604
11
5.9030160236220475
21
-3.7747280314960627
0
LINE
8
BLACK
6
CONTINUOUS
10
5.9030160236220475
20
-3.7747280314960627
11
5.9031703543307081
21
-3.7756031102362204
0
LINE
8
BLACK
6
CONTINUOUS
10
5.9031703543307081
20
-3.7756031102362204
11
5.9031028346456695
21
-3.7757200393700785
0
LINE
8
BLACK
6
CONTINUOUS
10
5.9031028346456695
20
-3.7757200393700785
11
5.9031146062992121
21
-3.7758546062992124
0
LINE
8
BLACK
6
CONTINUOUS
10
5.9031146062992121
20
-3.7758546062992124
11
5.9026047244094491
21
-3.7765827559055118
0
LINE
8
BLACK
6
CONTINUOUS
10
5.9026047244094491
20
-3.7765827559055118
11
5.9021604330708657
21
-3.777352283464567
0
LINE
8
BLACK
6
CONTINUOUS
10
5.9021604330708657
20
-3.777352283464567
11
5.9020335433070867
21
-3.7773984251968504
0
LINE
8
BLACK
6
CONTINUOUS
10
5.9020335433070867
20
-3.7773984251968504
11
5.9019560629921255
21
-3.7775091338582678
0
LINE
8
BLACK
6
CONTINUOUS
10
5.9019560629921255
20
-3.7775091338582678
11
5.9010974803149603
21
-3.7777391338582675
0
LINE
8
BLACK
6
CONTINUOUS
10
5.9010974803149603
20
-3.7777391338582675
11
5.9002624409448821
21
-3.7780431102362204
0
LINE
8
BLACK
6
CONTINUOUS
10
5.9002624409448821
20
-3.7780431102362204
11
5.880764881889764
21
-3.7780431102362204
0
LINE
8
BLACK
6
CONTINUOUS
10
5.880764881889764
20
-3.7780431102362204
11
5.8797549606299215
21
-3.7778650393700786
0
LINE
8
BLACK
6
CONTINUOUS
10
5.8797549606299215
20
-3.7778650393700786
11
5.8782077165354325
21
-3.7765667322834644
0
LINE
8
BLACK
6
CONTINUOUS
10
5.8782077165354325
20
-3.7765667322834644
11
5.877856968503937
21
-3.7745775984251968
0
LINE
8
BLACK
6
CONTINUOUS
10
5.877856968503937
20
-3.7745775984251968
11
5.8788668897637795
21
-3.7728284251968502
0
LINE
8
BLACK
6
CONTINUOUS
10
5.8788668897637795
20
-3.7728284251968502
11
5.880764881889764
21
-3.7721375984251968
0
LINE
8
BLACK
6
CONTINUOUS
10
5.880764881889764
20
-3.7721375984251968
11
5.8931338582677162
21
-3.7721375984251968
0
LINE
8
BLACK
6
CONTINUOUS
10
5.8931338582677162
20
-3.7721375984251968
11
5.8801767716535434
21
-3.7591805118110235
0
LINE
8
BLACK
6
CONTINUOUS
10
5.8801767716535434
20
-3.7591805118110235
11
5.8795885826771652
21
-3.7583404724409446
0
LINE
8
BLACK
6
CONTINUOUS
10
5.8795885826771652
20
-3.7583404724409446
11
5.8795731889763783
21
-3.7581646062992125
0
LINE
8
BLACK
6
CONTINUOUS
10
5.8795731889763783
20
-3.7581646062992125
11
5.8794634645669293
21
-3.7580263385826771
0
LINE
8
BLACK
6
CONTINUOUS
10
5.8794634645669293
20
-3.7580263385826771
11
5.877963661417323
21
-3.7535268897637795
0
LINE
8
BLACK
6
CONTINUOUS
10
5.877963661417323
20
-3.7535268897637795
11
5.8778341732283463
21
-3.7526537007874015
0
LINE
8
BLACK
6
CONTINUOUS
10
5.8778341732283463
20
-3.7526537007874015
11
5.877812125984252
21
-3.752593149606299
0
LINE
8
BLACK
6
CONTINUOUS
10
5.877812125984252
20
-3.752593149606299
11
5.877812125984252
21
-3.7495935433070864
0
LINE
8
BLACK
6
CONTINUOUS
10
5.877812125984252
20
-3.7495935433070864
11
5.8779901968503934
21
-3.7485836220472439
0
LINE
8
BLACK
6
CONTINUOUS
10
5.8779901968503934
20
-3.7485836220472439
11
5.878103661417323
21
-3.7484483464566929
0
LINE
8
BLACK
6
CONTINUOUS
10
5.878103661417323
20
-3.7484483464566929
11
5.878123858267716
21
-3.7482730314960628
0
LINE
8
BLACK
6
CONTINUOUS
10
5.878123858267716
20
-3.7482730314960628
11
5.8796236614173223
21
-3.7452733858267715
0
LINE
8
BLACK
6
CONTINUOUS
10
5.8796236614173223
20
-3.7452733858267715
11
5.8801495669291342
21
-3.7445642913385826
0
LINE
8
BLACK
6
CONTINUOUS
10
5.8801495669291342
20
-3.7445642913385826
11
5.8801767716535434
21
-3.7445059842519686
0
LINE
8
BLACK
6
CONTINUOUS
10
5.8801767716535434
20
-3.7445059842519686
11
5.8816765748031496
21
-3.7430061811023623
0
LINE
8
BLACK
6
CONTINUOUS
10
5.8816765748031496
20
-3.7430061811023623
11
5.8823996456692909
21
-3.7424998818897639
0
LINE
8
BLACK
6
CONTINUOUS
10
5.8823996456692909
20
-3.7424998818897639
11
5.882443976377953
21
-3.7424530708661417
0
LINE
8
BLACK
6
CONTINUOUS
10
5.882443976377953
20
-3.7424530708661417
11
5.8854436220472444
21
-3.7409532677165354
0
LINE
8
BLACK
6
CONTINUOUS
10
5.8854436220472444
20
-3.7409532677165354
11
5.8864265748031492
21
-3.7406608661417322
0
LINE
8
BLACK
6
CONTINUOUS
10
5.8864265748031492
20
-3.7406608661417322
11
5.8865982677165354
21
-3.7407018897637796
0
LINE
8
BLACK
6
CONTINUOUS
10
5.8865982677165354
20
-3.7407018897637796
11
5.8867641338582679
21
-3.7406415354330709
0
LINE
8
BLACK
6
CONTINUOUS
10
5.8867641338582679
20
-3.7406415354330709
11
5.8942631889763781
21
-3.7406415354330709
0
LINE
8
BLACK
6
CONTINUOUS
10
5.8942631889763781
20
-3.7406415354330709
11
5.8952731102362206
21
-3.7408196062992127
0
LINE
8
BLACK
6
CONTINUOUS
10
5.92062937007874
20
-3.7407948031496061
11
5.9206937401574802
21
-3.7407930708661414
0
LINE
8
BLACK
6
CONTINUOUS
10
5.9206937401574802
20
-3.7407930708661414
11
5.9251931889763778
21
-3.7422928740157477
0
LINE
8
BLACK
6
CONTINUOUS
10
5.9251931889763778
20
-3.7422928740157477
11
5.9260949606299214
21
-3.7427811417322836
0
LINE
8
BLACK
6
CONTINUOUS
10
5.9260949606299214
20
-3.7427811417322836
11
5.9261873622047245
21
-3.7429315748031495
0
LINE
8
BLACK
6
CONTINUOUS
10
5.9261873622047245
20
-3.7429315748031495
11
5.9263473622047247
21
-3.7430061811023623
0
LINE
8
BLACK
6
CONTINUOUS
10
5.9263473622047247
20
-3.7430061811023623
11
5.9293469685039373
21
-3.7460057874015749
0
LINE
8
BLACK
6
CONTINUOUS
10
5.9293469685039373
20
-3.7460057874015749
11
5.9298533464566932
21
-3.746728937007874
0
LINE
8
BLACK
6
CONTINUOUS
10
5.9298533464566932
20
-3.746728937007874
11
5.9299000787401575
21
-3.7467731889763778
0
LINE
8
BLACK
6
CONTINUOUS
10
5.9299000787401575
20
-3.7467731889763778
11
5.9313998818897637
21
-3.7497728346456691
0
LINE
8
BLACK
6
CONTINUOUS
10
5.9313998818897637
20
-3.7497728346456691
11
5.9315451574803149
21
-3.7502612598425196
0
LINE
8
BLACK
6
CONTINUOUS
10
5.9315451574803149
20
-3.7502612598425196
11
5.931623464566929
21
-3.7503771653543305
0
LINE
8
BLACK
6
CONTINUOUS
10
5.931623464566929
20
-3.7503771653543305
11
5.9331233070866141
21
-3.7563764566929132
0
LINE
8
BLACK
6
CONTINUOUS
10
5.9331233070866141
20
-3.7563764566929132
11
5.9331647637795273
21
-3.7569643307086613
0
LINE
8
BLACK
6
CONTINUOUS
10
5.9331647637795273
20
-3.7569643307086613
11
5.9332114566929128
21
-3.7570925984251966
0
LINE
8
BLACK
6
CONTINUOUS
10
5.9332114566929128
20
-3.7570925984251966
11
5.9332114566929128
21
-3.7615920472440942
0
LINE
8
BLACK
6
CONTINUOUS
10
5.9332114566929128
20
-3.7615920472440942
11
5.9331090944881888
21
-3.7621724015748033
0
LINE
8
BLACK
6
CONTINUOUS
10
5.9331090944881888
20
-3.7621724015748033
11
5.9331233070866141
21
-3.7623081889763781
0
LINE
8
BLACK
6
CONTINUOUS
10
5.9331233070866141
20
-3.7623081889763781
11
5.931623464566929
21
-3.7683074803149603
0
LINE
8
BLACK
6
CONTINUOUS
10
5.931623464566929
20
-3.7683074803149603
11
5.9314158267716532
21
-3.7687729527559055
0
LINE
8
BLACK
6
CONTINUOUS
10
5.9314158267716532
20
-3.7687729527559055
11
5.9313998818897637
21
-3.7689118110236222
0
LINE
8
BLACK
6
CONTINUOUS
10
5.9313998818897637
20
-3.7689118110236222
11
5.9299000787401575
21
-3.7719114173228347
0
LINE
8
BLACK
6
CONTINUOUS
10
5.9299000787401575
20
-3.7719114173228347
11
5.9293742125984252
21
-3.7726203937007874
0
LINE
8
BLACK
6
CONTINUOUS
10
5.9293742125984252
20
-3.7726203937007874
11
5.929347007874016
21
-3.7726787795275589
0
LINE
8
BLACK
6
CONTINUOUS
10
5.929347007874016
20
-3.7726787795275589
11
5.9263473622047247
21
-3.775678464566929
0
LINE
8
BLACK
6
CONTINUOUS
10
5.9263473622047247
20
-3.775678464566929
11
5.9255073622047245
21
-3.7762666535433072
0
LINE
8
BLACK
6
CONTINUOUS
10
5.9255073622047245
20
-3.7762666535433072
11
5.9253314173228349
21
-3.7762820078740158
0
LINE
8
BLACK
6
CONTINUOUS
10
5.9253314173228349
20
-3.7762820078740158
11
5.9251931889763778
21
-3.7763917716535431
0
LINE
8
BLACK
6
CONTINUOUS
10
5.9251931889763778
20
-3.7763917716535431
11
5.9206937401574802
21
-3.7778915748031494
0
LINE
8
BLACK
6
CONTINUOUS
10
5.9206937401574802
20
-3.7778915748031494
11
5.9198205511811022
21
-3.7780210236220473
0
LINE
8
BLACK
6
CONTINUOUS
10
5.9198205511811022
20
-3.7780210236220473
11
5.9197600000000001
21
-3.7780431102362204
0
LINE
8
BLACK
6
CONTINUOUS
10
5.9197600000000001
20
-3.7780431102362204
11
5.9167603543307088
21
-3.7780431102362204
0
LINE
8
BLACK
6
CONTINUOUS
10
5.9167603543307088
20
-3.7780431102362204
11
5.9158909448818893
21
-3.7778898031496064
0
LINE
8
BLACK
6
CONTINUOUS
10
5.9158909448818893
20
-3.7778898031496064
11
5.9158266141732279
21
-3.7778915748031494
0
LINE
8
BLACK
6
CONTINUOUS
10
5.9158266141732279
20
-3.7778915748031494
11
5.911327204724409
21
-3.7763917716535431
0
LINE
8
BLACK
6
CONTINUOUS
10
5.911327204724409
20
-3.7763917716535431
11
5.9104254330708663
21
-3.7759034645669289
0
LINE
8
BLACK
6
CONTINUOUS
10
5.9104254330708663
20
-3.7759034645669289
11
5.9103330314960631
21
-3.7757530708661418
0
LINE
8
BLACK
6
CONTINUOUS
10
5.9103330314960631
20
-3.7757530708661418
11
5.910173031496063
21
-3.775678464566929
0
LINE
8
BLACK
6
CONTINUOUS
10
5.910173031496063
20
-3.775678464566929
11
5.9086731889763779
21
-3.774178622047244
0
LINE
8
BLACK
6
CONTINUOUS
10
5.9086731889763779
20
-3.774178622047244
11
5.9080849999999998
21
-3.7733385826771655
0
LINE
8
BLACK
6
CONTINUOUS
10
5.9080849999999998
20
-3.7733385826771655
11
5.9079089370078739
21
-3.7713264960629922
0
LINE
8
BLACK
6
CONTINUOUS
10
5.9079089370078739
20
-3.7713264960629922
11
5.9090674803149605
21
-3.7696719291338581
0
LINE
8
BLACK
6
CONTINUOUS
10
5.9090674803149605
20
-3.7696719291338581
11
5.9110184251968505
21
-3.7691492125984252
0
LINE
8
BLACK
6
CONTINUOUS
10
5.9110184251968505
20
-3.7691492125984252
11
5.9128490157480318
21
-3.7700027952755906
0
LINE
8
BLACK
6
CONTINUOUS
10
5.9128490157480318
20
-3.7700027952755906
11
5.9138559842519687
21
-3.7710097637795275
0
LINE
8
BLACK
6
CONTINUOUS
10
5.9138559842519687
20
-3.7710097637795275
11
5.9172394881889758
21
-3.7721375984251968
0
LINE
8
BLACK
6
CONTINUOUS
10
5.9172394881889758
20
-3.7721375984251968
11
5.9192808661417322
21
-3.7721375984251968
0
LINE
8
BLACK
6
CONTINUOUS
10
5.9192808661417322
20
-3.7721375984251968
11
5.9226643700787402
21
-3.7710097637795275
0
LINE
8
BLACK
6
CONTINUOUS
10
5.9226643700787402
20
-3.7710097637795275
11
5.9248322834645668
21
-3.7688418110236221
0
LINE
8
BLACK
6
CONTINUOUS
10
5.9248322834645668
20
-3.7688418110236221
11
5.9259728346456688
21
-3.766560748031496
0
LINE
8
BLACK
6
CONTINUOUS
10
5.9259728346456688
20
-3.766560748031496
11
5.9273059448818897
21
-3.7612284251968502
0
LINE
8
BLACK
6
CONTINUOUS
10
5.9273059448818897
20
-3.7612284251968502
11
5.9273059448818897
21
-3.7574561811023619
0
LINE
8
BLACK
6
CONTINUOUS
10
5.9273059448818897
20
-3.7574561811023619
11
5.9259728346456688
21
-3.7521238188976378
0
LINE
8
BLACK
6
CONTINUOUS
10
5.9259728346456688
20
-3.7521238188976378
11
5.9248322834645668
21
-3.7498427559055116
0
LINE
8
BLACK
6
CONTINUOUS
10
5.9248322834645668
20
-3.7498427559055116
11
5.922664409448819
21
-3.7476748818897638
0
LINE
8
BLACK
6
CONTINUOUS
10
5.922664409448819
20
-3.7476748818897638
11
5.9192808661417322
21
-3.7465470472440945
0
LINE
8
BLACK
6
CONTINUOUS
10
5.9192808661417322
20
-3.7465470472440945
11
5.9172394881889758
21
-3.7465470472440945
0
LINE
8
BLACK
6
CONTINUOUS
10
5.9172394881889758
20
-3.7465470472440945
11
5.9138559448818899
21
-3.7476748818897638
0
LINE
8
BLACK
6
CONTINUOUS
10
5.9138559448818899
20
-3.7476748818897638
11
5.912848976377953
21
-3.7486818503937007
0
LINE
8
BLACK
6
CONTINUOUS
10
5.912848976377953
20
-3.7486818503937007
11
5.9120089370078741
21
-3.7492700393700789
0
LINE
8
BLACK
6
CONTINUOUS
10
5.9120089370078741
20
-3.7492700393700789
11
5.9099968503937008
21
-3.7494460236220473
0
LINE
8
BLACK
6
CONTINUOUS
10
5.9099968503937008
20
-3.7494460236220473
11
5.9083422834645667
21
-3.7482874803149606
0
LINE
8
BLACK
6
CONTINUOUS
10
5.9083422834645667
20
-3.7482874803149606
11
5.9078196062992125
21
-3.7463365354330707
0
LINE
8
BLACK
6
CONTINUOUS
10
5.9078196062992125
20
-3.7463365354330707
11
5.9086732283464567
21
-3.7445059448818898
0
LINE
8
BLACK
6
CONTINUOUS
10
5.9086732283464567
20
-3.7445059448818898
11
5.9101730708661417
21
-3.7430061417322835
0
LINE
8
BLACK
6
CONTINUOUS
10
5.9101730708661417
20
-3.7430061417322835
11
5.9110131102362207
21
-3.7424179527559054
0
LINE
8
BLACK
6
CONTINUOUS
10
5.9110131102362207
20
-3.7424179527559054
11
5.9111889370078741
21
-3.742402559055118
0
LINE
8
BLACK
6
CONTINUOUS
10
5.9111889370078741
20
-3.742402559055118
11
5.911327204724409
21
-3.7422928740157477
0
LINE
8
BLACK
6
CONTINUOUS
10
5.911327204724409
20
-3.7422928740157477
11
5.9158266141732279
21
-3.7407930708661414
0
LINE
8
BLACK
6
CONTINUOUS
10
5.9158266141732279
20
-3.7407930708661414
11
5.9166997637795271
21
-3.7406635826771653
0
LINE
8
BLACK
6
CONTINUOUS
10
5.9166997637795271
20
-3.7406635826771653
11
5.9167603543307088
21
-3.7406415354330709
0
LINE
8
BLACK
6
CONTINUOUS
10
5.9167603543307088
20
-3.7406415354330709
11
5.9197600000000001
21
-3.7406415354330709
0
LINE
8
BLACK
6
CONTINUOUS
10
5.9197600000000001
20
-3.7406415354330709
11
5.92062937007874
21
-3.7407948031496061
0
LINE
8
BLACK
6
CONTINUOUS
10
6.247213661417323
20
-3.7432500393700785
11
6.2481112204724409
21
-3.7433852362204725
0
LINE
8
BLACK
6
CONTINUOUS
10
6.2481112204724409
20
-3.7433852362204725
11
6.2518607480314961
21
-3.74526
0
LINE
8
BLACK
6
CONTINUOUS
10
6.2518607480314961
20
-3.74526
11
6.2523153543307082
21
-3.7457077559055119
0
LINE
8
BLACK
6
CONTINUOUS
10
6.2523153543307082
20
-3.7457077559055119
11
6.2528839763779525
21
-3.7459974803149607
0
LINE
8
BLACK
6
CONTINUOUS
10
6.2528839763779525
20
-3.7459974803149607
11
6.2547587007874013
21
-3.7478722440944883
0
LINE
8
BLACK
6
CONTINUOUS
10
6.2547587007874013
20
-3.7478722440944883
11
6.2550483858267718
21
-3.7484407874015746
0
LINE
8
BLACK
6
CONTINUOUS
10
6.2550483858267718
20
-3.7484407874015746
11
6.2554962204724411
21
-3.7488954724409447
0
LINE
8
BLACK
6
CONTINUOUS
10
6.2554962204724411
20
-3.7488954724409447
11
6.2573709842519687
21
-3.752644960629921
0
LINE
8
BLACK
6
CONTINUOUS
10
6.2573709842519687
20
-3.752644960629921
11
6.257506141732283
21
-3.7535425196850394
0
LINE
8
BLACK
6
CONTINUOUS
10
6.257506141732283
20
-3.7535425196850394
11
6.2577866141732281
21
-3.7544056692913386
0
LINE
8
BLACK
6
CONTINUOUS
10
6.2577866141732281
20
-3.7544056692913386
11
6.2577866141732281
21
-3.769403779527559
0
LINE
8
BLACK
6
CONTINUOUS
10
6.2577866141732281
20
-3.769403779527559
11
6.2575939370078739
21
-3.7699967716535432
0
LINE
8
BLACK
6
CONTINUOUS
10
6.2575939370078739
20
-3.7699967716535432
11
6.2575939370078739
21
-3.7706203937007872
0
LINE
8
BLACK
6
CONTINUOUS
10
6.2575939370078739
20
-3.7706203937007872
11
6.2572274015748031
21
-3.771124842519685
0
LINE
8
BLACK
6
CONTINUOUS
10
6.2572274015748031
20
-3.771124842519685
11
6.2570347244094489
21
-3.7717179133858267
0
LINE
8
BLACK
6
CONTINUOUS
10
6.2570347244094489
20
-3.7717179133858267
11
6.2565302362204722
21
-3.7720844094488188
0
LINE
8
BLACK
6
CONTINUOUS
10
6.2565302362204722
20
-3.7720844094488188
11
6.2561637401574801
21
-3.772588897637795
0
LINE
8
BLACK
6
CONTINUOUS
10
6.2561637401574801
20
-3.772588897637795
11
6.2555706692913384
21
-3.7727815748031497
0
LINE
8
BLACK
6
CONTINUOUS
10
6.2555706692913384
20
-3.7727815748031497
11
6.2550662204724405
21
-3.7731481102362205
0
LINE
8
BLACK
6
CONTINUOUS
10
6.2550662204724405
20
-3.7731481102362205
11
6.2544426377952753
21
-3.7731481102362205
0
LINE
8
BLACK
6
CONTINUOUS
10
6.2544426377952753
20
-3.7731481102362205
11
6.2538496062992124
21
-3.7733407874015747
0
LINE
8
BLACK
6
CONTINUOUS
10
6.2538496062992124
20
-3.7733407874015747
11
6.214479527559055
21
-3.7733407874015747
0
LINE
8
BLACK
6
CONTINUOUS
10
6.214479527559055
20
-3.7733407874015747
11
6.2121653937007872
21
-3.772588897637795
0
LINE
8
BLACK
6
CONTINUOUS
10
6.2121653937007872
20
-3.772588897637795
11
6.2107351968503934
21
-3.7706203937007872
0
LINE
8
BLACK
6
CONTINUOUS
10
6.2107351968503934
20
-3.7706203937007872
11
6.2107351968503934
21
-3.7681871653543304
0
LINE
8
BLACK
6
CONTINUOUS
10
6.2107351968503934
20
-3.7681871653543304
11
6.2121653937007872
21
-3.7662186614173225
0
LINE
8
BLACK
6
CONTINUOUS
10
6.2121653937007872
20
-3.7662186614173225
11
6.214479527559055
21
-3.7654667716535433
0
LINE
8
BLACK
6
CONTINUOUS
10
6.214479527559055
20
-3.7654667716535433
11
6.2292901968503935
21
-3.7654667716535433
0
LINE
8
BLACK
6
CONTINUOUS
10
6.2292901968503935
20
-3.7654667716535433
11
6.2292901968503935
21
-3.7544056692913386
0
LINE
8
BLACK
6
CONTINUOUS
10
6.2292901968503935
20
-3.7544056692913386
11
6.2295706299212599
21
-3.7535425196850394
0
LINE
8
BLACK
6
CONTINUOUS
10
6.2295706299212599
20
-3.7535425196850394
11
6.229705826771653
21
-3.7526449999999998
0
LINE
8
BLACK
6
CONTINUOUS
10
6.229705826771653
20
-3.7526449999999998
11
6.2315805905511805
21
-3.7488954724409447
0
LINE
8
BLACK
6
CONTINUOUS
10
6.2315805905511805
20
-3.7488954724409447
11
6.2320283464566923
21
-3.7484408267716534
0
LINE
8
BLACK
6
CONTINUOUS
10
6.2320283464566923
20
-3.7484408267716534
11
6.2323180708661416
21
-3.7478722440944883
0
LINE
8
BLACK
6
CONTINUOUS
10
6.2323180708661416
20
-3.7478722440944883
11
6.2341928346456692
21
-3.7459975196850395
0
LINE
8
BLACK
6
CONTINUOUS
10
6.2341928346456692
20
-3.7459975196850395
11
6.234761377952756
21
-3.7457077952755906
0
LINE
8
BLACK
6
CONTINUOUS
10
6.234761377952756
20
-3.7457077952755906
11
6.2352160629921256
21
-3.74526
0
LINE
8
BLACK
6
CONTINUOUS
10
6.2352160629921256
20
-3.74526
11
6.238965551181102
21
-3.7433852362204725
0
LINE
8
BLACK
6
CONTINUOUS
10
6.238965551181102
20
-3.7433852362204725
11
6.2398631102362208
21
-3.7432500393700785
0
LINE
8
BLACK
6
CONTINUOUS
10
6.2398631102362208
20
-3.7432500393700785
11
6.2407262598425195
21
-3.7429696062992126
0
LINE
8
BLACK
6
CONTINUOUS
10
6.2407262598425195
20
-3.7429696062992126
11
6.2463505511811022
21
-3.7429696062992126
0
LINE
8
BLACK
6
CONTINUOUS
10
6.2463505511811022
20
-3.7429696062992126
11
6.247213661417323
21
-3.7432500393700785
0
LINE
8
BLACK
6
CONTINUOUS
10
6.239308818897638
20
-3.7520170078740156
11
6.2383376377952757
21
-3.7529882283464566
0
LINE
8
BLACK
6
CONTINUOUS
10
6.2383376377952757
20
-3.7529882283464566
11
6.237164212598425
21
-3.7553350787401576
0
LINE
8
BLACK
6
CONTINUOUS
10
6.237164212598425
20
-3.7553350787401576
11
6.237164212598425
21
-3.7654667716535433
0
LINE
8
BLACK
6
CONTINUOUS
10
6.237164212598425
20
-3.7654667716535433
11
6.2499125984251966
21
-3.7654667716535433
0
LINE
8
BLACK
6
CONTINUOUS
10
6.2499125984251966
20
-3.7654667716535433
11
6.2499125984251966
21
-3.7553350787401576
0
LINE
8
BLACK
6
CONTINUOUS
10
6.2499125984251966
20
-3.7553350787401576
11
6.2487391732283459
21
-3.7529882283464566
0
LINE
8
BLACK
6
CONTINUOUS
10
6.2487391732283459
20
-3.7529882283464566
11
6.2477679527559058
21
-3.7520170472440943
0
LINE
8
BLACK
6
CONTINUOUS
10
6.2477679527559058
20
-3.7520170472440943
11
6.2454211417322831
21
-3.7508436220472441
0
LINE
8
BLACK
6
CONTINUOUS
10
6.2454211417322831
20
-3.7508436220472441
11
6.2416556692913385
21
-3.7508436220472441
0
LINE
8
BLACK
6
CONTINUOUS
10
6.2416556692913385
20
-3.7508436220472441
11
6.239308818897638
21
-3.7520170078740156
0
LINE
8
BLACK
6
CONTINUOUS
10
5.5629912992125981
20
-3.7577203937007875
11
5.5644214960629919
21
-3.7596888976377953
0
LINE
8
BLACK
6
CONTINUOUS
10
5.5644214960629919
20
-3.7596888976377953
11
5.5644214960629919
21
-3.7621221259842517
0
LINE
8
BLACK
6
CONTINUOUS
10
5.5644214960629919
20
-3.7621221259842517
11
5.5629912992125981
21
-3.76409062992126
0
LINE
8
BLACK
6
CONTINUOUS
10
5.5629912992125981
20
-3.76409062992126
11
5.5606771653543303
21
-3.7648425196850392
0
LINE
8
BLACK
6
CONTINUOUS
10
5.5606771653543303
20
-3.7648425196850392
11
5.511464566929134
21
-3.7648425196850392
0
LINE
8
BLACK
6
CONTINUOUS
10
5.511464566929134
20
-3.7648425196850392
11
5.5091504330708663
21
-3.76409062992126
0
LINE
8
BLACK
6
CONTINUOUS
10
5.5091504330708663
20
-3.76409062992126
11
5.5077202362204725
21
-3.7621221259842517
0
LINE
8
BLACK
6
CONTINUOUS
10
5.5077202362204725
20
-3.7621221259842517
11
5.5077202362204725
21
-3.7596888976377953
0
LINE
8
BLACK
6
CONTINUOUS
10
5.5077202362204725
20
-3.7596888976377953
11
5.5091504330708663
21
-3.7577203937007875
0
LINE
8
BLACK
6
CONTINUOUS
10
5.5091504330708663
20
-3.7577203937007875
11
5.511464566929134
21
-3.7569685039370078
0
LINE
8
BLACK
6
CONTINUOUS
10
5.511464566929134
20
-3.7569685039370078
11
5.5606771653543303
21
-3.7569685039370078
0
LINE
8
BLACK
6
CONTINUOUS
10
5.5606771653543303
20
-3.7569685039370078
11
5.5629912992125981
21
-3.7577203937007875
0
LINE
8
BLACK
6
CONTINUOUS
10
6.0938577165354326
20
-3.7122514960629922
11
6.0939220866141728
21
-3.7122497637795275
0
LINE
8
BLACK
6
CONTINUOUS
10
6.0939220866141728
20
-3.7122497637795275
11
6.0984215354330704
21
-3.7137495669291338
0
LINE
8
BLACK
6
CONTINUOUS
10
6.0984215354330704
20
-3.7137495669291338
11
6.099323307086614
21
-3.7142378346456693
0
LINE
8
BLACK
6
CONTINUOUS
10
6.099323307086614
20
-3.7142378346456693
11
6.0994157086614171
21
-3.7143882677165352
0
LINE
8
BLACK
6
CONTINUOUS
10
6.0994157086614171
20
-3.7143882677165352
11
6.0995757086614173
21
-3.7144628740157479
0
LINE
8
BLACK
6
CONTINUOUS
10
6.0995757086614173
20
-3.7144628740157479
11
6.1025753149606299
21
-3.7174624803149605
0
LINE
8
BLACK
6
CONTINUOUS
10
6.1025753149606299
20
-3.7174624803149605
11
6.1030816929133858
21
-3.7181856299212597
0
LINE
8
BLACK
6
CONTINUOUS
10
6.1030816929133858
20
-3.7181856299212597
11
6.1031284251968501
21
-3.7182298818897639
0
LINE
8
BLACK
6
CONTINUOUS
10
6.1031284251968501
20
-3.7182298818897639
11
6.1046282283464564
21
-3.7212295275590552
0
LINE
8
BLACK
6
CONTINUOUS
10
6.1046282283464564
20
-3.7212295275590552
11
6.1047735039370075
21
-3.7217179527559052
0
LINE
8
BLACK
6
CONTINUOUS
10
6.1047735039370075
20
-3.7217179527559052
11
6.1048518110236216
21
-3.7218338582677166
0
LINE
8
BLACK
6
CONTINUOUS
10
6.1048518110236216
20
-3.7218338582677166
11
6.1063516535433067
21
-3.7278331496062993
0
LINE
8
BLACK
6
CONTINUOUS
10
6.1063516535433067
20
-3.7278331496062993
11
6.1063931102362199
21
-3.728421023622047
0
LINE
8
BLACK
6
CONTINUOUS
10
6.1063931102362199
20
-3.728421023622047
11
6.1064398031496063
21
-3.7285492913385827
0
LINE
8
BLACK
6
CONTINUOUS
10
6.1064398031496063
20
-3.7285492913385827
11
6.1064398031496063
21
-3.7330487401574803
0
LINE
8
BLACK
6
CONTINUOUS
10
6.1064398031496063
20
-3.7330487401574803
11
6.1063374409448814
21
-3.7336290944881889
0
LINE
8
BLACK
6
CONTINUOUS
10
6.1063374409448814
20
-3.7336290944881889
11
6.1063516535433067
21
-3.7337648818897637
0
LINE
8
BLACK
6
CONTINUOUS
10
6.1063516535433067
20
-3.7337648818897637
11
6.1048518110236216
21
-3.7397641732283464
0
LINE
8
BLACK
6
CONTINUOUS
10
6.1048518110236216
20
-3.7397641732283464
11
6.1046441732283467
21
-3.7402296456692912
0
LINE
8
BLACK
6
CONTINUOUS
10
6.1046441732283467
20
-3.7402296456692912
11
6.1046282283464564
21
-3.7403685039370078
0
LINE
8
BLACK
6
CONTINUOUS
10
6.1046282283464564
20
-3.7403685039370078
11
6.1031284251968501
21
-3.7433681102362204
0
LINE
8
BLACK
6
CONTINUOUS
10
6.1031284251968501
20
-3.7433681102362204
11
6.1026025590551178
21
-3.744077086614173
0
LINE
8
BLACK
6
CONTINUOUS
10
6.1026025590551178
20
-3.744077086614173
11
6.1025753543307086
21
-3.7441354724409446
0
LINE
8
BLACK
6
CONTINUOUS
10
6.1025753543307086
20
-3.7441354724409446
11
6.0995757086614173
21
-3.7471351574803147
0
LINE
8
BLACK
6
CONTINUOUS
10
6.0995757086614173
20
-3.7471351574803147
11
6.0987357086614171
21
-3.7477233464566928
0
LINE
8
BLACK
6
CONTINUOUS
10
6.0987357086614171
20
-3.7477233464566928
11
6.0985597637795275
21
-3.7477387007874015
0
LINE
8
BLACK
6
CONTINUOUS
10
6.0985597637795275
20
-3.7477387007874015
11
6.0984215354330704
21
-3.7478484645669292
0
LINE
8
BLACK
6
CONTINUOUS
10
6.0984215354330704
20
-3.7478484645669292
11
6.0939220866141728
21
-3.7493482677165355
0
LINE
8
BLACK
6
CONTINUOUS
10
6.0939220866141728
20
-3.7493482677165355
11
6.0930488976377948
21
-3.7494777165354329
0
LINE
8
BLACK
6
CONTINUOUS
10
6.0930488976377948
20
-3.7494777165354329
11
6.0929883464566927
21
-3.7494998031496061
0
LINE
8
BLACK
6
CONTINUOUS
10
6.0929883464566927
20
-3.7494998031496061
11
6.0899887007874014
21
-3.7494998031496061
0
LINE
8
BLACK
6
CONTINUOUS
10
6.0899887007874014
20
-3.7494998031496061
11
6.0891192913385828
21
-3.7493464960629921
0
LINE
8
BLACK
6
CONTINUOUS
10
6.0891192913385828
20
-3.7493464960629921
11
6.0890549606299214
21
-3.7493482677165355
0
LINE
8
BLACK
6
CONTINUOUS
10
6.0890549606299214
20
-3.7493482677165355
11
6.0845555511811025
21
-3.7478484645669292
0
LINE
8
BLACK
6
CONTINUOUS
10
6.0845555511811025
20
-3.7478484645669292
11
6.0836537795275589
21
-3.747360157480315
0
LINE
8
BLACK
6
CONTINUOUS
10
6.0836537795275589
20
-3.747360157480315
11
6.0835613779527558
21
-3.7472097637795274
0
LINE
8
BLACK
6
CONTINUOUS
10
6.0835613779527558
20
-3.7472097637795274
11
6.0834013779527556
21
-3.7471351574803147
0
LINE
8
BLACK
6
CONTINUOUS
10
6.0834013779527556
20
-3.7471351574803147
11
6.0819015354330705
21
-3.7456353149606296
0
LINE
8
BLACK
6
CONTINUOUS
10
6.0819015354330705
20
-3.7456353149606296
11
6.0813133464566924
21
-3.7447952755905511
0
LINE
8
BLACK
6
CONTINUOUS
10
6.0813133464566924
20
-3.7447952755905511
11
6.0811372834645665
21
-3.7427831889763779
0
LINE
8
BLACK
6
CONTINUOUS
10
6.0811372834645665
20
-3.7427831889763779
11
6.0822958267716531
21
-3.7411286220472442
0
LINE
8
BLACK
6
CONTINUOUS
10
6.0822958267716531
20
-3.7411286220472442
11
6.0842467716535431
21
-3.7406059055118108
0
LINE
8
BLACK
6
CONTINUOUS
10
6.0842467716535431
20
-3.7406059055118108
11
6.0860773622047244
21
-3.7414594881889762
0
LINE
8
BLACK
6
CONTINUOUS
10
6.0860773622047244
20
-3.7414594881889762
11
6.0870843307086613
21
-3.7424664566929131
0
LINE
8
BLACK
6
CONTINUOUS
10
6.0870843307086613
20
-3.7424664566929131
11
6.0904678346456693
21
-3.7435942913385825
0
LINE
8
BLACK
6
CONTINUOUS
10
6.0904678346456693
20
-3.7435942913385825
11
6.0925092125984248
21
-3.7435942913385825
0
LINE
8
BLACK
6
CONTINUOUS
10
6.0925092125984248
20
-3.7435942913385825
11
6.0958927165354329
21
-3.7424664566929131
0
LINE
8
BLACK
6
CONTINUOUS
10
6.0958927165354329
20
-3.7424664566929131
11
6.0980606299212594
21
-3.7402985039370078
0
LINE
8
BLACK
6
CONTINUOUS
10
6.0980606299212594
20
-3.7402985039370078
11
6.0992011811023623
21
-3.7380174409448816
0
LINE
8
BLACK
6
CONTINUOUS
10
6.0992011811023623
20
-3.7380174409448816
11
6.1005342913385823
21
-3.7326851181102363
0
LINE
8
BLACK
6
CONTINUOUS
10
6.1005342913385823
20
-3.7326851181102363
11
6.1005342913385823
21
-3.728912874015748
0
LINE
8
BLACK
6
CONTINUOUS
10
6.1005342913385823
20
-3.728912874015748
11
6.0992011811023623
21
-3.7235805118110235
0
LINE
8
BLACK
6
CONTINUOUS
10
6.0992011811023623
20
-3.7235805118110235
11
6.0980606299212594
21
-3.7212994488188977
0
LINE
8
BLACK
6
CONTINUOUS
10
6.0980606299212594
20
-3.7212994488188977
11
6.0958927559055116
21
-3.7191315748031495
0
LINE
8
BLACK
6
CONTINUOUS
10
6.0958927559055116
20
-3.7191315748031495
11
6.0925092125984248
21
-3.7180037401574801
0
LINE
8
BLACK
6
CONTINUOUS
10
6.0925092125984248
20
-3.7180037401574801
11
6.0904678346456693
21
-3.7180037401574801
0
LINE
8
BLACK
6
CONTINUOUS
10
6.0904678346456693
20
-3.7180037401574801
11
6.0870842913385825
21
-3.7191315748031495
0
LINE
8
BLACK
6
CONTINUOUS
10
6.0870842913385825
20
-3.7191315748031495
11
6.0860773228346456
21
-3.7201385433070864
0
LINE
8
BLACK
6
CONTINUOUS
10
6.0860773228346456
20
-3.7201385433070864
11
6.0852372834645667
21
-3.7207267322834645
0
LINE
8
BLACK
6
CONTINUOUS
10
6.0852372834645667
20
-3.7207267322834645
11
6.0832251968503934
21
-3.7209027165354329
0
LINE
8
BLACK
6
CONTINUOUS
10
6.0832251968503934
20
-3.7209027165354329
11
6.0815706299212593
21
-3.7197441732283463
0
LINE
8
BLACK
6
CONTINUOUS
10
6.0815706299212593
20
-3.7197441732283463
11
6.0810479527559052
21
-3.7177932283464568
0
LINE
8
BLACK
6
CONTINUOUS
10
6.0810479527559052
20
-3.7177932283464568
11
6.0819015748031493
21
-3.7159626377952755
0
LINE
8
BLACK
6
CONTINUOUS
10
6.0819015748031493
20
-3.7159626377952755
11
6.0834014173228343
21
-3.7144628346456692
0
LINE
8
BLACK
6
CONTINUOUS
10
6.0834014173228343
20
-3.7144628346456692
11
6.0842414566929133
21
-3.713874645669291
0
LINE
8
BLACK
6
CONTINUOUS
10
6.0842414566929133
20
-3.713874645669291
11
6.0844172834645667
21
-3.7138592519685036
0
LINE
8
BLACK
6
CONTINUOUS
10
6.0844172834645667
20
-3.7138592519685036
11
6.0845555511811025
21
-3.7137495669291338
0
LINE
8
BLACK
6
CONTINUOUS
10
6.0845555511811025
20
-3.7137495669291338
11
6.0890549606299214
21
-3.7122497637795275
0
LINE
8
BLACK
6
CONTINUOUS
10
6.0890549606299214
20
-3.7122497637795275
11
6.0899281102362206
21
-3.7121202755905509
0
LINE
8
BLACK
6
CONTINUOUS
10
6.0899281102362206
20
-3.7121202755905509
11
6.0899887007874014
21
-3.7120982283464565
0
LINE
8
BLACK
6
CONTINUOUS
10
6.0899887007874014
20
-3.7120982283464565
11
6.0929883464566927
21
-3.7120982283464565
0
LINE
8
BLACK
6
CONTINUOUS
10
6.0929883464566927
20
-3.7120982283464565
11
6.0938577165354326
21
-3.7122514960629922
0
LINE
8
BLACK
6
CONTINUOUS
10
6.0660375590551183
20
-3.7110353149606299
11
6.0672931102362204
21
-3.7126174409448818
0
LINE
8
BLACK
6
CONTINUOUS
10
6.0672931102362204
20
-3.7126174409448818
11
6.0747922047244094
21
-3.7351146062992124
0
LINE
8
BLACK
6
CONTINUOUS
10
6.0747922047244094
20
-3.7351146062992124
11
6.0749426377952753
21
-3.7361289763779526
0
LINE
8
BLACK
6
CONTINUOUS
10
6.0749426377952753
20
-3.7361289763779526
11
6.0748596850393701
21
-3.7363388188976376
0
LINE
8
BLACK
6
CONTINUOUS
10
6.0748596850393701
20
-3.7363388188976376
11
6.0748988976377953
21
-3.7365611023622045
0
LINE
8
BLACK
6
CONTINUOUS
10
6.0748988976377953
20
-3.7365611023622045
11
6.0744961417322836
21
-3.7372585826771654
0
LINE
8
BLACK
6
CONTINUOUS
10
6.0744961417322836
20
-3.7372585826771654
11
6.0742002362204719
21
-3.7380074015748033
0
LINE
8
BLACK
6
CONTINUOUS
10
6.0742002362204719
20
-3.7380074015748033
11
6.0740017716535428
21
-3.7381148425196851
0
LINE
8
BLACK
6
CONTINUOUS
10
6.0740017716535428
20
-3.7381148425196851
11
6.0738889763779529
21
-3.7383102755905511
0
LINE
8
BLACK
6
CONTINUOUS
10
6.0738889763779529
20
-3.7383102755905511
11
6.0731322440944879
21
-3.7385856692913384
0
LINE
8
BLACK
6
CONTINUOUS
10
6.0731322440944879
20
-3.7385856692913384
11
6.0724240944881887
21
-3.7389691732283463
0
LINE
8
BLACK
6
CONTINUOUS
10
6.0724240944881887
20
-3.7389691732283463
11
6.0722029921259839
21
-3.738923897637795
0
LINE
8
BLACK
6
CONTINUOUS
10
6.0722029921259839
20
-3.738923897637795
11
6.0719909842519684
21
-3.7390011023622045
0
LINE
8
BLACK
6
CONTINUOUS
10
6.0719909842519684
20
-3.7390011023622045
11
6.0599455905511812
21
-3.7390011023622045
0
LINE
8
BLACK
6
CONTINUOUS
10
6.0599455905511812
20
-3.7390011023622045
11
6.0599455905511812
21
-3.7465470472440945
0
LINE
8
BLACK
6
CONTINUOUS
10
6.0599455905511812
20
-3.7465470472440945
11
6.0597675196850389
21
-3.7475569685039369
0
LINE
8
BLACK
6
CONTINUOUS
10
6.0597675196850389
20
-3.7475569685039369
11
6.0584692125984247
21
-3.7491042125984251
0
LINE
8
BLACK
6
CONTINUOUS
10
6.0584692125984247
20
-3.7491042125984251
11
6.0564800787401571
21
-3.749454960629921
0
LINE
8
BLACK
6
CONTINUOUS
10
6.0564800787401571
20
-3.749454960629921
11
6.0547309055118106
21
-3.7484450393700786
0
LINE
8
BLACK
6
CONTINUOUS
10
6.0547309055118106
20
-3.7484450393700786
11
6.0540400787401571
21
-3.7465470472440945
0
LINE
8
BLACK
6
CONTINUOUS
10
6.0540400787401571
20
-3.7465470472440945
11
6.0540400787401571
21
-3.7390011023622045
0
LINE
8
BLACK
6
CONTINUOUS
10
6.0540400787401571
20
-3.7390011023622045
11
6.0524933858267715
21
-3.7390011023622045
0
LINE
8
BLACK
6
CONTINUOUS
10
6.0524933858267715
20
-3.7390011023622045
11
6.0514834645669291
21
-3.7388230314960631
0
LINE
8
BLACK
6
CONTINUOUS
10
6.0514834645669291
20
-3.7388230314960631
11
6.049936220472441
21
-3.7375247244094489
0
LINE
8
BLACK
6
CONTINUOUS
10
6.049936220472441
20
-3.7375247244094489
11
6.0495854724409446
21
-3.7355355905511809
0
LINE
8
BLACK
6
CONTINUOUS
10
6.0495854724409446
20
-3.7355355905511809
11
6.050595393700787
21
-3.7337864173228343
0
LINE
8
BLACK
6
CONTINUOUS
10
6.050595393700787
20
-3.7337864173228343
11
6.0524933858267715
21
-3.7330955905511809
0
LINE
8
BLACK
6
CONTINUOUS
10
6.0524933858267715
20
-3.7330955905511809
11
6.0540400787401571
21
-3.7330955905511809
0
LINE
8
BLACK
6
CONTINUOUS
10
6.0540400787401571
20
-3.7330955905511809
11
6.0540400787401571
21
-3.7255496456692914
0
LINE
8
BLACK
6
CONTINUOUS
10
6.0540400787401571
20
-3.7255496456692914
11
6.0542181496062994
21
-3.7245397244094489
0
LINE
8
BLACK
6
CONTINUOUS
10
6.0542181496062994
20
-3.7245397244094489
11
6.0555164566929136
21
-3.7229924803149603
0
LINE
8
BLACK
6
CONTINUOUS
10
6.0555164566929136
20
-3.7229924803149603
11
6.0575055905511812
21
-3.7226417322834644
0
LINE
8
BLACK
6
CONTINUOUS
10
6.0575055905511812
20
-3.7226417322834644
11
6.0592547637795278
21
-3.7236516535433068
0
LINE
8
BLACK
6
CONTINUOUS
10
6.0592547637795278
20
-3.7236516535433068
11
6.0599455905511812
21
-3.7255496456692914
0
LINE
8
BLACK
6
CONTINUOUS
10
6.0599455905511812
20
-3.7255496456692914
11
6.0599455905511812
21
-3.7330955905511809
0
LINE
8
BLACK
6
CONTINUOUS
10
6.0599455905511812
20
-3.7330955905511809
11
6.0678942519685037
21
-3.7330955905511809
0
LINE
8
BLACK
6
CONTINUOUS
10
6.0678942519685037
20
-3.7330955905511809
11
6.0616906692913384
21
-3.7144849212598423
0
LINE
8
BLACK
6
CONTINUOUS
10
6.0616906692913384
20
-3.7144849212598423
11
6.0615402362204724
21
-3.7134705118110234
0
LINE
8
BLACK
6
CONTINUOUS
10
6.0615402362204724
20
-3.7134705118110234
11
6.0622826377952759
21
-3.7115921259842519
0
LINE
8
BLACK
6
CONTINUOUS
10
6.0622826377952759
20
-3.7115921259842519
11
6.0640587795275591
21
-3.7106303543307084
0
LINE
8
BLACK
6
CONTINUOUS
10
6.0640587795275591
20
-3.7106303543307084
11
6.0660375590551183
21
-3.7110353149606299
0
LINE
8
BLACK
6
CONTINUOUS
10
5.4849117322834644
20
-3.700416929133858
11
5.4850811417322838
21
-3.7004060236220471
0
LINE
8
BLACK
6
CONTINUOUS
10
5.4850811417322838
20
-3.7004060236220471
11
5.4857717322834647
21
-3.7009134645669293
0
LINE
8
BLACK
6
CONTINUOUS
10
5.4857717322834647
20
-3.7009134645669293
11
5.486513858267716
21
-3.7013419685039368
0
LINE
8
BLACK
6
CONTINUOUS
10
5.486513858267716
20
-3.7013419685039368
11
5.4865718897637796
21
-3.7015014566929132
0
LINE
8
BLACK
6
CONTINUOUS
10
5.4865718897637796
20
-3.7015014566929132
11
5.4867087795275591
21
-3.7016020472440943
0
LINE
8
BLACK
6
CONTINUOUS
10
5.4867087795275591
20
-3.7016020472440943
11
5.4895462598425198
21
-3.7058582677165353
0
LINE
8
BLACK
6
CONTINUOUS
10
5.4895462598425198
20
-3.7058582677165353
11
5.4920002755905513
21
-3.708312244094488
0
LINE
8
BLACK
6
CONTINUOUS
10
5.4920002755905513
20
-3.708312244094488
11
5.4945713385826771
21
-3.7095977952755903
0
LINE
8
BLACK
6
CONTINUOUS
10
5.4945713385826771
20
-3.7095977952755903
11
5.4953950000000003
21
-3.7102087007874016
0
LINE
8
BLACK
6
CONTINUOUS
10
5.4953950000000003
20
-3.7102087007874016
11
5.4961982677165357
21
-3.7120618897637794
0
LINE
8
BLACK
6
CONTINUOUS
10
5.4961982677165357
20
-3.7120618897637794
11
5.4956224409448815
21
-3.7139978740157478
0
LINE
8
BLACK
6
CONTINUOUS
10
5.4956224409448815
20
-3.7139978740157478
11
5.4939368897637797
21
-3.715110748031496
0
LINE
8
BLACK
6
CONTINUOUS
10
5.4939368897637797
20
-3.715110748031496
11
5.49193031496063
21
-3.7148798425196849
0
LINE
8
BLACK
6
CONTINUOUS
10
5.49193031496063
20
-3.7148798425196849
11
5.4889306692913387
21
-3.7133800393700787
0
LINE
8
BLACK
6
CONTINUOUS
10
5.4889306692913387
20
-3.7133800393700787
11
5.4882216141732281
21
-3.7128541338582677
0
LINE
8
BLACK
6
CONTINUOUS
10
5.4882216141732281
20
-3.7128541338582677
11
5.4881632677165353
21
-3.712826929133858
0
LINE
8
BLACK
6
CONTINUOUS
10
5.4881632677165353
20
-3.712826929133858
11
5.4872046850393703
21
-3.7118683070866143
0
LINE
8
BLACK
6
CONTINUOUS
10
5.4872046850393703
20
-3.7118683070866143
11
5.4872046850393703
21
-3.7317832677165352
0
LINE
8
BLACK
6
CONTINUOUS
10
5.4872046850393703
20
-3.7317832677165352
11
5.4932508267716535
21
-3.7317832677165352
0
LINE
8
BLACK
6
CONTINUOUS
10
5.4932508267716535
20
-3.7317832677165352
11
5.494260748031496
21
-3.7319613385826771
0
LINE
8
BLACK
6
CONTINUOUS
10
5.494260748031496
20
-3.7319613385826771
11
5.4958079921259841
21
-3.7332596456692912
0
LINE
8
BLACK
6
CONTINUOUS
10
5.4958079921259841
20
-3.7332596456692912
11
5.4961587401574805
21
-3.7352487795275588
0
LINE
8
BLACK
6
CONTINUOUS
10
5.4961587401574805
20
-3.7352487795275588
11
5.4951488188976381
21
-3.7369979527559054
0
LINE
8
BLACK
6
CONTINUOUS
10
5.4951488188976381
20
-3.7369979527559054
11
5.4932508267716535
21
-3.7376887795275588
0
LINE
8
BLACK
6
CONTINUOUS
10
5.4932508267716535
20
-3.7376887795275588
11
5.4752530708661418
21
-3.7376887795275588
0
LINE
8
BLACK
6
CONTINUOUS
10
5.4752530708661418
20
-3.7376887795275588
11
5.4742431496062993
21
-3.7375107086614174
0
LINE
8
BLACK
6
CONTINUOUS
10
5.4742431496062993
20
-3.7375107086614174
11
5.4726959055118112
21
-3.7362124015748033
0
LINE
8
BLACK
6
CONTINUOUS
10
5.4726959055118112
20
-3.7362124015748033
11
5.4723451574803148
21
-3.7342232677165352
0
LINE
8
BLACK
6
CONTINUOUS
10
5.4723451574803148
20
-3.7342232677165352
11
5.4733550787401573
21
-3.7324740944881887
0
LINE
8
BLACK
6
CONTINUOUS
10
5.4733550787401573
20
-3.7324740944881887
11
5.4752530708661418
21
-3.7317832677165352
0
LINE
8
BLACK
6
CONTINUOUS
10
5.4752530708661418
20
-3.7317832677165352
11
5.4812991732283463
21
-3.7317832677165352
0
LINE
8
BLACK
6
CONTINUOUS
10
5.4812991732283463
20
-3.7317832677165352
11
5.4812991732283463
21
-3.7032399606299213
0
LINE
8
BLACK
6
CONTINUOUS
10
5.4812991732283463
20
-3.7032399606299213
11
5.4814772440944877
21
-3.7022300393700784
0
LINE
8
BLACK
6
CONTINUOUS
10
5.4814772440944877
20
-3.7022300393700784
11
5.4815863779527554
21
-3.702099960629921
0
LINE
8
BLACK
6
CONTINUOUS
10
5.4815863779527554
20
-3.702099960629921
11
5.4816050393700788
21
-3.7019312204724408
0
LINE
8
BLACK
6
CONTINUOUS
10
5.4816050393700788
20
-3.7019312204724408
11
5.4822247244094484
21
-3.7013391732283463
0
LINE
8
BLACK
6
CONTINUOUS
10
5.4822247244094484
20
-3.7013391732283463
11
5.4827755511811018
21
-3.7006827952755903
0
LINE
8
BLACK
6
CONTINUOUS
10
5.4827755511811018
20
-3.7006827952755903
11
5.4829427165354332
21
-3.7006533070866139
0
LINE
8
BLACK
6
CONTINUOUS
10
5.4829427165354332
20
-3.7006533070866139
11
5.4830655118110236
21
-3.700536023622047
0
LINE
8
BLACK
6
CONTINUOUS
10
5.4830655118110236
20
-3.700536023622047
11
5.483920708661417
21
-3.7004808661417323
0
LINE
8
BLACK
6
CONTINUOUS
10
5.483920708661417
20
-3.7004808661417323
11
5.4847646850393703
21
-3.7003320472440944
0
LINE
8
BLACK
6
CONTINUOUS
10
5.4847646850393703
20
-3.7003320472440944
11
5.4849117322834644
21
-3.700416929133858
0
LINE
8
BLACK
6
CONTINUOUS
10
5.5763754724409447
20
-3.7004652755905512
11
5.5765107086614174
21
-3.7005787401574803
0
LINE
8
BLACK
6
CONTINUOUS
10
5.5765107086614174
20
-3.7005787401574803
11
5.5766860629921258
21
-3.7005989370078738
0
LINE
8
BLACK
6
CONTINUOUS
10
5.5766860629921258
20
-3.7005989370078738
11
5.5796856692913384
21
-3.7020987401574801
0
LINE
8
BLACK
6
CONTINUOUS
10
5.5796856692913384
20
-3.7020987401574801
11
5.5803946456692914
21
-3.7026245669291336
0
LINE
8
BLACK
6
CONTINUOUS
10
5.5803946456692914
20
-3.7026245669291336
11
5.580453031496063
21
-3.702651811023622
0
LINE
8
BLACK
6
CONTINUOUS
10
5.580453031496063
20
-3.702651811023622
11
5.581952874015748
21
-3.7041516141732282
0
LINE
8
BLACK
6
CONTINUOUS
10
5.581952874015748
20
-3.7041516141732282
11
5.5825411023622049
21
-3.7049916535433072
0
LINE
8
BLACK
6
CONTINUOUS
10
5.5825411023622049
20
-3.7049916535433072
11
5.5827171653543308
21
-3.70700374015748
0
LINE
8
BLACK
6
CONTINUOUS
10
5.5827171653543308
20
-3.70700374015748
11
5.5815586614173229
21
-3.7086583070866141
0
LINE
8
BLACK
6
CONTINUOUS
10
5.5815586614173229
20
-3.7086583070866141
11
5.5796076771653542
21
-3.7091810629921258
0
LINE
8
BLACK
6
CONTINUOUS
10
5.5796076771653542
20
-3.7091810629921258
11
5.5777771259842517
21
-3.7083275196850392
0
LINE
8
BLACK
6
CONTINUOUS
10
5.5777771259842517
20
-3.7083275196850392
11
5.5766160629921258
21
-3.707166496062992
0
LINE
8
BLACK
6
CONTINUOUS
10
5.5766160629921258
20
-3.707166496062992
11
5.5746685039370076
21
-3.7061927165354329
0
LINE
8
BLACK
6
CONTINUOUS
10
5.5746685039370076
20
-3.7061927165354329
11
5.5685635433070866
21
-3.7061927165354329
0
LINE
8
BLACK
6
CONTINUOUS
10
5.5685635433070866
20
-3.7061927165354329
11
5.566615905511811
21
-3.707166496062992
0
LINE
8
BLACK
6
CONTINUOUS
10
5.566615905511811
20
-3.707166496062992
11
5.5657937795275592
21
-3.7079886220472442
0
LINE
8
BLACK
6
CONTINUOUS
10
5.5657937795275592
20
-3.7079886220472442
11
5.5648200000000001
21
-3.7099362204724406
0
LINE
8
BLACK
6
CONTINUOUS
10
5.5648200000000001
20
-3.7099362204724406
11
5.5648200000000001
21
-3.7117596850393699
0
LINE
8
BLACK
6
CONTINUOUS
10
5.5648200000000001
20
-3.7117596850393699
11
5.5659478346456694
21
-3.7151432283464567
0
LINE
8
BLACK
6
CONTINUOUS
10
5.5659478346456694
20
-3.7151432283464567
11
5.5834527165354331
21
-3.7326481102362203
0
LINE
8
BLACK
6
CONTINUOUS
10
5.5834527165354331
20
-3.7326481102362203
11
5.5838224803149608
21
-3.7331761417322835
0
LINE
8
BLACK
6
CONTINUOUS
10
5.5838224803149608
20
-3.7331761417322835
11
5.5839219685039367
21
-3.7332596456692912
0
LINE
8
BLACK
6
CONTINUOUS
10
5.5839219685039367
20
-3.7332596456692912
11
5.5839357480314957
21
-3.7333379527559054
0
LINE
8
BLACK
6
CONTINUOUS
10
5.5839357480314957
20
-3.7333379527559054
11
5.58404094488189
21
-3.7334881496062993
0
LINE
8
BLACK
6
CONTINUOUS
10
5.58404094488189
20
-3.7334881496062993
11
5.5841183858267716
21
-3.7343737007874016
0
LINE
8
BLACK
6
CONTINUOUS
10
5.5841183858267716
20
-3.7343737007874016
11
5.5842727165354331
21
-3.7352487795275588
0
LINE
8
BLACK
6
CONTINUOUS
10
5.5842727165354331
20
-3.7352487795275588
11
5.5842051968503936
21
-3.7353657086614174
0
LINE
8
BLACK
6
CONTINUOUS
10
5.5842051968503936
20
-3.7353657086614174
11
5.5842169685039371
21
-3.7355002755905513
0
LINE
8
BLACK
6
CONTINUOUS
10
5.5842169685039371
20
-3.7355002755905513
11
5.5837070866141731
21
-3.7362284251968503
0
LINE
8
BLACK
6
CONTINUOUS
10
5.5837070866141731
20
-3.7362284251968503
11
5.5832627952755907
21
-3.7369979527559054
0
LINE
8
BLACK
6
CONTINUOUS
10
5.5832627952755907
20
-3.7369979527559054
11
5.5831359055118108
21
-3.7370440944881889
0
LINE
8
BLACK
6
CONTINUOUS
10
5.5831359055118108
20
-3.7370440944881889
11
5.5830584251968505
21
-3.7371548031496062
0
LINE
8
BLACK
6
CONTINUOUS
10
5.5830584251968505
20
-3.7371548031496062
11
5.5821998425196853
21
-3.7373848031496064
0
LINE
8
BLACK
6
CONTINUOUS
10
5.5821998425196853
20
-3.7373848031496064
11
5.5813648031496061
21
-3.7376887795275588
0
LINE
8
BLACK
6
CONTINUOUS
10
5.5813648031496061
20
-3.7376887795275588
11
5.5618672440944881
21
-3.7376887795275588
0
LINE
8
BLACK
6
CONTINUOUS
10
5.5618672440944881
20
-3.7376887795275588
11
5.5608573228346456
21
-3.7375107086614174
0
LINE
8
BLACK
6
CONTINUOUS
10
5.5608573228346456
20
-3.7375107086614174
11
5.5593100787401575
21
-3.7362124015748033
0
LINE
8
BLACK
6
CONTINUOUS
10
5.5593100787401575
20
-3.7362124015748033
11
5.5589593307086611
21
-3.7342232677165352
0
LINE
8
BLACK
6
CONTINUOUS
10
5.5589593307086611
20
-3.7342232677165352
11
5.5599692519685036
21
-3.7324740944881887
0
LINE
8
BLACK
6
CONTINUOUS
10
5.5599692519685036
20
-3.7324740944881887
11
5.5618672440944881
21
-3.7317832677165352
0
LINE
8
BLACK
6
CONTINUOUS
10
5.5618672440944881
20
-3.7317832677165352
11
5.5742362204724412
21
-3.7317832677165352
0
LINE
8
BLACK
6
CONTINUOUS
10
5.5742362204724412
20
-3.7317832677165352
11
5.5612791338582674
21
-3.718826181102362
0
LINE
8
BLACK
6
CONTINUOUS
10
5.5612791338582674
20
-3.718826181102362
11
5.5606909448818893
21
-3.7179861417322835
0
LINE
8
BLACK
6
CONTINUOUS
10
5.5606909448818893
20
-3.7179861417322835
11
5.5606755511811023
21
-3.7178102755905509
0
LINE
8
BLACK
6
CONTINUOUS
10
5.5606755511811023
20
-3.7178102755905509
11
5.5605658267716533
21
-3.7176720078740155
0
LINE
8
BLACK
6
CONTINUOUS
10
5.5605658267716533
20
-3.7176720078740155
11
5.559066023622047
21
-3.7131725590551179
0
LINE
8
BLACK
6
CONTINUOUS
10
5.559066023622047
20
-3.7131725590551179
11
5.5589365354330704
21
-3.7122993700787399
0
LINE
8
BLACK
6
CONTINUOUS
10
5.5589365354330704
20
-3.7122993700787399
11
5.558914488188976
21
-3.7122388188976378
0
LINE
8
BLACK
6
CONTINUOUS
10
5.558914488188976
20
-3.7122388188976378
11
5.558914488188976
21
-3.7092392125984253
0
LINE
8
BLACK
6
CONTINUOUS
10
5.558914488188976
20
-3.7092392125984253
11
5.5590925590551183
21
-3.7082292913385828
0
LINE
8
BLACK
6
CONTINUOUS
10
5.5590925590551183
20
-3.7082292913385828
11
5.5592060236220471
21
-3.7080940157480313
0
LINE
8
BLACK
6
CONTINUOUS
10
5.5592060236220471
20
-3.7080940157480313
11
5.559226220472441
21
-3.7079187007874017
0
LINE
8
BLACK
6
CONTINUOUS
10
5.559226220472441
20
-3.7079187007874017
11
5.5607260236220473
21
-3.7049190551181104
0
LINE
8
BLACK
6
CONTINUOUS
10
5.5607260236220473
20
-3.7049190551181104
11
5.5612519291338582
21
-3.704209960629921
0
LINE
8
BLACK
6
CONTINUOUS
10
5.5612519291338582
20
-3.704209960629921
11
5.5612791338582674
21
-3.704151653543307
0
LINE
8
BLACK
6
CONTINUOUS
10
5.5612791338582674
20
-3.704151653543307
11
5.5627789370078737
21
-3.7026518503937007
0
LINE
8
BLACK
6
CONTINUOUS
10
5.5627789370078737
20
-3.7026518503937007
11
5.5635020078740158
21
-3.7021455511811023
0
LINE
8
BLACK
6
CONTINUOUS
10
5.5635020078740158
20
-3.7021455511811023
11
5.5635463385826771
21
-3.7020987401574801
0
LINE
8
BLACK
6
CONTINUOUS
10
5.5635463385826771
20
-3.7020987401574801
11
5.5665459842519684
21
-3.7005989370078738
0
LINE
8
BLACK
6
CONTINUOUS
10
5.5665459842519684
20
-3.7005989370078738
11
5.5675289370078742
21
-3.7003065354330706
0
LINE
8
BLACK
6
CONTINUOUS
10
5.5675289370078742
20
-3.7003065354330706
11
5.5677006299212595
21
-3.700347559055118
0
LINE
8
BLACK
6
CONTINUOUS
10
5.5677006299212595
20
-3.700347559055118
11
5.567866496062992
21
-3.7002872047244093
0
LINE
8
BLACK
6
CONTINUOUS
10
5.567866496062992
20
-3.7002872047244093
11
5.5753655511811022
21
-3.7002872047244093
0
LINE
8
BLACK
6
CONTINUOUS
10
5.5753655511811022
20
-3.7002872047244093
11
5.5763754724409447
21
-3.7004652755905512
0
LINE
8
BLACK
6
CONTINUOUS
10
5.6821122440944878
20
-3.7004652755905512
11
5.6822474803149605
21
-3.7005787401574803
0
LINE
8
BLACK
6
CONTINUOUS
10
5.6822474803149605
20
-3.7005787401574803
11
5.6824228346456689
21
-3.7005989370078738
0
LINE
8
BLACK
6
CONTINUOUS
10
5.6824228346456689
20
-3.7005989370078738
11
5.6854224803149602
21
-3.7020987401574801
0
LINE
8
BLACK
6
CONTINUOUS
10
5.6854224803149602
20
-3.7020987401574801
11
5.6861315354330708
21
-3.7026246456692911
0
LINE
8
BLACK
6
CONTINUOUS
10
5.6861315354330708
20
-3.7026246456692911
11
5.6861898818897636
21
-3.7026518503937007
0
LINE
8
BLACK
6
CONTINUOUS
10
5.6861898818897636
20
-3.7026518503937007
11
5.6876896850393699
21
-3.704151653543307
0
LINE
8
BLACK
6
CONTINUOUS
10
5.6876896850393699
20
-3.704151653543307
11
5.6879477165354331
21
-3.7045201968503938
0
LINE
8
BLACK
6
CONTINUOUS
10
5.6879477165354331
20
-3.7045201968503938
11
5.6880586220472438
21
-3.7046016929133856
0
LINE
8
BLACK
6
CONTINUOUS
10
5.6880586220472438
20
-3.7046016929133856
11
5.6910582283464564
21
-3.7091011023622045
0
LINE
8
BLACK
6
CONTINUOUS
10
5.6910582283464564
20
-3.7091011023622045
11
5.6914563779527558
21
-3.7100085826771654
0
LINE
8
BLACK
6
CONTINUOUS
10
5.6914563779527558
20
-3.7100085826771654
11
5.6914659842519688
21
-3.7100228346456694
0
LINE
8
BLACK
6
CONTINUOUS
10
5.6914659842519688
20
-3.7100228346456694
11
5.692965826771653
21
-3.7160221259842521
0
LINE
8
BLACK
6
CONTINUOUS
10
5.692965826771653
20
-3.7160221259842521
11
5.6930072834645671
21
-3.7166099999999997
0
LINE
8
BLACK
6
CONTINUOUS
10
5.6930072834645671
20
-3.7166099999999997
11
5.6930539763779526
21
-3.7167382677165355
0
LINE
8
BLACK
6
CONTINUOUS
10
5.6930539763779526
20
-3.7167382677165355
11
5.6930539763779526
21
-3.7287367716535433
0
LINE
8
BLACK
6
CONTINUOUS
10
5.6930539763779526
20
-3.7287367716535433
11
5.6928759055118112
21
-3.7297466929133858
0
LINE
8
BLACK
6
CONTINUOUS
10
5.6928759055118112
20
-3.7297466929133858
11
5.6927623622047241
21
-3.7298819685039368
0
LINE
8
BLACK
6
CONTINUOUS
10
5.6927623622047241
20
-3.7298819685039368
11
5.6927422047244089
21
-3.7300573228346456
0
LINE
8
BLACK
6
CONTINUOUS
10
5.6927422047244089
20
-3.7300573228346456
11
5.6912424015748027
21
-3.7330569291338582
0
LINE
8
BLACK
6
CONTINUOUS
10
5.6912424015748027
20
-3.7330569291338582
11
5.6907165354330704
21
-3.7337658267716534
0
LINE
8
BLACK
6
CONTINUOUS
10
5.6907165354330704
20
-3.7337658267716534
11
5.6906893307086612
21
-3.7338242519685036
0
LINE
8
BLACK
6
CONTINUOUS
10
5.6906893307086612
20
-3.7338242519685036
11
5.6891895275590549
21
-3.7353240944881887
0
LINE
8
BLACK
6
CONTINUOUS
10
5.6891895275590549
20
-3.7353240944881887
11
5.6884663385826775
21
-3.735830472440945
0
LINE
8
BLACK
6
CONTINUOUS
10
5.6884663385826775
20
-3.735830472440945
11
5.6884220866141728
21
-3.7358772440944881
0
LINE
8
BLACK
6
CONTINUOUS
10
5.6884220866141728
20
-3.7358772440944881
11
5.6854224803149602
21
-3.7373770472440944
0
LINE
8
BLACK
6
CONTINUOUS
10
5.6854224803149602
20
-3.7373770472440944
11
5.6844395275590553
21
-3.7376694094488188
0
LINE
8
BLACK
6
CONTINUOUS
10
5.6844395275590553
20
-3.7376694094488188
11
5.6842678346456692
21
-3.7376283858267714
0
LINE
8
BLACK
6
CONTINUOUS
10
5.6842678346456692
20
-3.7376283858267714
11
5.6841019685039367
21
-3.7376887795275588
0
LINE
8
BLACK
6
CONTINUOUS
10
5.6841019685039367
20
-3.7376887795275588
11
5.6781027165354327
21
-3.7376887795275588
0
LINE
8
BLACK
6
CONTINUOUS
10
5.6781027165354327
20
-3.7376887795275588
11
5.6770927952755903
21
-3.7375107086614174
0
LINE
8
BLACK
6
CONTINUOUS
10
5.6770927952755903
20
-3.7375107086614174
11
5.6769575196850388
21
-3.7373972047244095
0
LINE
8
BLACK
6
CONTINUOUS
10
5.6769575196850388
20
-3.7373972047244095
11
5.6767822047244092
21
-3.7373770472440944
0
LINE
8
BLACK
6
CONTINUOUS
10
5.6767822047244092
20
-3.7373770472440944
11
5.6737825590551179
21
-3.7358772440944881
0
LINE
8
BLACK
6
CONTINUOUS
10
5.6737825590551179
20
-3.7358772440944881
11
5.6730734251968506
21
-3.7353512598425196
0
LINE
8
BLACK
6
CONTINUOUS
10
5.6730734251968506
20
-3.7353512598425196
11
5.6730151181102357
21
-3.7353240944881887
0
LINE
8
BLACK
6
CONTINUOUS
10
5.6730151181102357
20
-3.7353240944881887
11
5.6715153149606294
21
-3.7338242519685036
0
LINE
8
BLACK
6
CONTINUOUS
10
5.6715153149606294
20
-3.7338242519685036
11
5.6710090157480311
21
-3.733101181102362
0
LINE
8
BLACK
6
CONTINUOUS
10
5.6710090157480311
20
-3.733101181102362
11
5.670962244094488
21
-3.7330568897637795
0
LINE
8
BLACK
6
CONTINUOUS
10
5.670962244094488
20
-3.7330568897637795
11
5.6694624409448817
21
-3.7300572834645669
0
LINE
8
BLACK
6
CONTINUOUS
10
5.6694624409448817
20
-3.7300572834645669
11
5.6691700787401578
21
-3.7290743307086611
0
LINE
8
BLACK
6
CONTINUOUS
10
5.6691700787401578
20
-3.7290743307086611
11
5.669211062992126
21
-3.7289026377952754
0
LINE
8
BLACK
6
CONTINUOUS
10
5.669211062992126
20
-3.7289026377952754
11
5.6691507086614168
21
-3.7287367716535433
0
LINE
8
BLACK
6
CONTINUOUS
10
5.6691507086614168
20
-3.7287367716535433
11
5.6691507086614168
21
-3.7212377165354331
0
LINE
8
BLACK
6
CONTINUOUS
10
5.6691507086614168
20
-3.7212377165354331
11
5.6693287795275591
21
-3.7202277952755907
0
LINE
8
BLACK
6
CONTINUOUS
10
5.6693287795275591
20
-3.7202277952755907
11
5.6694422440944878
21
-3.7200925196850392
0
LINE
8
BLACK
6
CONTINUOUS
10
5.6694422440944878
20
-3.7200925196850392
11
5.6694624409448817
21
-3.7199172047244096
0
LINE
8
BLACK
6
CONTINUOUS
10
5.6694624409448817
20
-3.7199172047244096
11
5.670962244094488
21
-3.7169175590551182
0
LINE
8
BLACK
6
CONTINUOUS
10
5.670962244094488
20
-3.7169175590551182
11
5.671488149606299
21
-3.7162084645669289
0
LINE
8
BLACK
6
CONTINUOUS
10
5.671488149606299
20
-3.7162084645669289
11
5.6715153543307082
21
-3.7161501574803149
0
LINE
8
BLACK
6
CONTINUOUS
10
5.6715153543307082
20
-3.7161501574803149
11
5.6730151574803145
21
-3.7146503543307086
0
LINE
8
BLACK
6
CONTINUOUS
10
5.6730151574803145
20
-3.7146503543307086
11
5.6737382283464566
21
-3.7141440551181102
0
LINE
8
BLACK
6
CONTINUOUS
10
5.6737382283464566
20
-3.7141440551181102
11
5.6737825590551179
21
-3.7140972440944879
0
LINE
8
BLACK
6
CONTINUOUS
10
5.6737825590551179
20
-3.7140972440944879
11
5.6767822047244092
21
-3.7125974409448816
0
LINE
8
BLACK
6
CONTINUOUS
10
5.6767822047244092
20
-3.7125974409448816
11
5.677765157480315
21
-3.7123050393700785
0
LINE
8
BLACK
6
CONTINUOUS
10
5.677765157480315
20
-3.7123050393700785
11
5.6779368503937002
21
-3.7123460629921259
0
LINE
8
BLACK
6
CONTINUOUS
10
5.6779368503937002
20
-3.7123460629921259
11
5.6781027165354327
21
-3.7122857086614172
0
LINE
8
BLACK
6
CONTINUOUS
10
5.6781027165354327
20
-3.7122857086614172
11
5.6841019685039367
21
-3.7122857086614172
0
LINE
8
BLACK
6
CONTINUOUS
10
5.6841019685039367
20
-3.7122857086614172
11
5.6851118897637791
21
-3.712463779527559
0
LINE
8
BLACK
6
CONTINUOUS
10
5.6851118897637791
20
-3.712463779527559
11
5.6852471259842519
21
-3.7125772440944882
0
LINE
8
BLACK
6
CONTINUOUS
10
5.6852471259842519
20
-3.7125772440944882
11
5.6854224803149602
21
-3.7125974409448816
0
LINE
8
BLACK
6
CONTINUOUS
10
5.6854224803149602
20
-3.7125974409448816
11
5.6861080314960626
21
-3.7129401968503934
0
LINE
8
BLACK
6
CONTINUOUS
10
5.6861080314960626
20
-3.7129401968503934
11
5.685860787401575
21
-3.7119512598425195
0
LINE
8
BLACK
6
CONTINUOUS
10
5.685860787401575
20
-3.7119512598425195
11
5.6833070866141728
21
-3.7081207086614172
0
LINE
8
BLACK
6
CONTINUOUS
10
5.6833070866141728
20
-3.7081207086614172
11
5.6823528740157476
21
-3.707166496062992
0
LINE
8
BLACK
6
CONTINUOUS
10
5.6823528740157476
20
-3.707166496062992
11
5.6804052755905508
21
-3.7061927165354329
0
LINE
8
BLACK
6
CONTINUOUS
10
5.6804052755905508
20
-3.7061927165354329
11
5.6751030708661414
21
-3.7061927165354329
0
LINE
8
BLACK
6
CONTINUOUS
10
5.6751030708661414
20
-3.7061927165354329
11
5.674093149606299
21
-3.7060146456692911
0
LINE
8
BLACK
6
CONTINUOUS
10
5.674093149606299
20
-3.7060146456692911
11
5.6725459055118108
21
-3.7047163385826769
0
LINE
8
BLACK
6
CONTINUOUS
10
5.6725459055118108
20
-3.7047163385826769
11
5.6721951574803144
21
-3.7027272047244093
0
LINE
8
BLACK
6
CONTINUOUS
10
5.6721951574803144
20
-3.7027272047244093
11
5.6732050787401578
21
-3.7009780314960627
0
LINE
8
BLACK
6
CONTINUOUS
10
5.6732050787401578
20
-3.7009780314960627
11
5.6751030708661414
21
-3.7002872047244093
0
LINE
8
BLACK
6
CONTINUOUS
10
5.6751030708661414
20
-3.7002872047244093
11
5.6811023228346453
21
-3.7002872047244093
0
LINE
8
BLACK
6
CONTINUOUS
10
5.6811023228346453
20
-3.7002872047244093
11
5.6821122440944878
21
-3.7004652755905512
0
LINE
8
BLACK
6
CONTINUOUS
10
5.6768521259842517
20
-3.7191649999999998
11
5.6760299999999999
21
-3.7199871259842521
0
LINE
8
BLACK
6
CONTINUOUS
10
5.6760299999999999
20
-3.7199871259842521
11
5.6750562204724408
21
-3.7219347244094489
0
LINE
8
BLACK
6
CONTINUOUS
10
5.6750562204724408
20
-3.7219347244094489
11
5.6750562204724408
21
-3.7280397244094488
0
LINE
8
BLACK
6
CONTINUOUS
10
5.6750562204724408
20
-3.7280397244094488
11
5.6760299999999999
21
-3.7299872834645669
0
LINE
8
BLACK
6
CONTINUOUS
10
5.6760299999999999
20
-3.7299872834645669
11
5.6768521653543305
21
-3.7308094881889762
0
LINE
8
BLACK
6
CONTINUOUS
10
5.6768521653543305
20
-3.7308094881889762
11
5.6787997637795273
21
-3.7317832677165352
0
LINE
8
BLACK
6
CONTINUOUS
10
5.6787997637795273
20
-3.7317832677165352
11
5.6834049212598421
21
-3.7317832677165352
0
LINE
8
BLACK
6
CONTINUOUS
10
5.6834049212598421
20
-3.7317832677165352
11
5.6853524409448815
21
-3.7308094881889762
0
LINE
8
BLACK
6
CONTINUOUS
10
5.6853524409448815
20
-3.7308094881889762
11
5.6861746062992129
21
-3.7299873228346456
0
LINE
8
BLACK
6
CONTINUOUS
10
5.6861746062992129
20
-3.7299873228346456
11
5.6871484645669286
21
-3.72803968503937
0
LINE
8
BLACK
6
CONTINUOUS
10
5.6871484645669286
20
-3.72803968503937
11
5.6871484645669286
21
-3.7219347637795273
0
LINE
8
BLACK
6
CONTINUOUS
10
5.6871484645669286
20
-3.7219347637795273
11
5.6861746456692916
21
-3.7199871653543308
0
LINE
8
BLACK
6
CONTINUOUS
10
5.6861746456692916
20
-3.7199871653543308
11
5.6853524803149602
21
-3.7191649999999998
0
LINE
8
BLACK
6
CONTINUOUS
10
5.6853524803149602
20
-3.7191649999999998
11
5.6834049212598421
21
-3.7181912204724408
0
LINE
8
BLACK
6
CONTINUOUS
10
5.6834049212598421
20
-3.7181912204724408
11
5.6787997637795273
21
-3.7181912204724408
0
LINE
8
BLACK
6
CONTINUOUS
10
5.6787997637795273
20
-3.7181912204724408
11
5.6768521259842517
21
-3.7191649999999998
0
LINE
8
BLACK
6
CONTINUOUS
10
5.7950544094488183
20
-3.7003142913385827
11
5.7951214566929137
21
-3.7002954724409447
0
LINE
8
BLACK
6
CONTINUOUS
10
5.7951214566929137
20
-3.7002954724409447
11
5.7952329921259844
21
-3.7003457874015746
0
LINE
8
BLACK
6
CONTINUOUS
10
5.7952329921259844
20
-3.7003457874015746
11
5.7959105118110239
21
-3.7004652755905512
0
LINE
8
BLACK
6
CONTINUOUS
10
5.7959105118110239
20
-3.7004652755905512
11
5.7963908661417323
21
-3.7008683464566929
0
LINE
8
BLACK
6
CONTINUOUS
10
5.7963908661417323
20
-3.7008683464566929
11
5.7969624409448821
21
-3.7011262992125982
0
LINE
8
BLACK
6
CONTINUOUS
10
5.7969624409448821
20
-3.7011262992125982
11
5.7971414960629923
21
-3.7014982283464568
0
LINE
8
BLACK
6
CONTINUOUS
10
5.7971414960629923
20
-3.7014982283464568
11
5.797457755905512
21
-3.7017635826771653
0
LINE
8
BLACK
6
CONTINUOUS
10
5.797457755905512
20
-3.7017635826771653
11
5.7975666141732285
21
-3.7023811023622049
0
LINE
8
BLACK
6
CONTINUOUS
10
5.7975666141732285
20
-3.7023811023622049
11
5.797838700787401
21
-3.7029461417322835
0
LINE
8
BLACK
6
CONTINUOUS
10
5.797838700787401
20
-3.7029461417322835
11
5.7993385433070861
21
-3.717944251968504
0
LINE
8
BLACK
6
CONTINUOUS
10
5.7993385433070861
20
-3.717944251968504
11
5.7992618503937008
21
-3.7189668897637795
0
LINE
8
BLACK
6
CONTINUOUS
10
5.7992618503937008
20
-3.7189668897637795
11
5.7992509055118111
21
-3.7189829133858265
0
LINE
8
BLACK
6
CONTINUOUS
10
5.7992509055118111
20
-3.7189829133858265
11
5.7992525984251966
21
-3.7190022440944883
0
LINE
8
BLACK
6
CONTINUOUS
10
5.7992525984251966
20
-3.7190022440944883
11
5.7986837401574798
21
-3.7198146456692913
0
LINE
8
BLACK
6
CONTINUOUS
10
5.7986837401574798
20
-3.7198146456692913
11
5.7981239370078743
21
-3.7206356299212597
0
LINE
8
BLACK
6
CONTINUOUS
10
5.7981239370078743
20
-3.7206356299212597
11
5.7981052362204721
21
-3.7206408661417321
0
LINE
8
BLACK
6
CONTINUOUS
10
5.7981052362204721
20
-3.7206408661417321
11
5.7980940944881887
21
-3.720656811023622
0
LINE
8
BLACK
6
CONTINUOUS
10
5.7980940944881887
20
-3.720656811023622
11
5.7971358267716537
21
-3.7209135433070863
0
LINE
8
BLACK
6
CONTINUOUS
10
5.7971358267716537
20
-3.7209135433070863
11
5.7961795669291334
21
-3.721182559055118
0
LINE
8
BLACK
6
CONTINUOUS
10
5.7961795669291334
20
-3.721182559055118
11
5.7961618110236222
21
-3.7211745275590551
0
LINE
8
BLACK
6
CONTINUOUS
10
5.7961618110236222
20
-3.7211745275590551
11
5.79614311023622
21
-3.7211795669291337
0
LINE
8
BLACK
6
CONTINUOUS
10
5.79614311023622
20
-3.7211795669291337
11
5.7952446456692916
21
-3.7207606299212599
0
LINE
8
BLACK
6
CONTINUOUS
10
5.7952446456692916
20
-3.7207606299212599
11
5.794338582677165
21
-3.7203517322834645
0
LINE
8
BLACK
6
CONTINUOUS
10
5.794338582677165
20
-3.7203517322834645
11
5.7943301181102358
21
-3.7203342125984249
0
LINE
8
BLACK
6
CONTINUOUS
10
5.7943301181102358
20
-3.7203342125984249
11
5.7943125590551183
21
-3.720326023622047
0
LINE
8
BLACK
6
CONTINUOUS
10
5.7943125590551183
20
-3.720326023622047
11
5.7931514960629924
21
-3.7191649999999998
0
LINE
8
BLACK
6
CONTINUOUS
10
5.7931514960629924
20
-3.7191649999999998
11
5.7912039370078743
21
-3.7181912204724408
0
LINE
8
BLACK
6
CONTINUOUS
10
5.7912039370078743
20
-3.7181912204724408
11
5.7850989763779523
21
-3.7181912204724408
0
LINE
8
BLACK
6
CONTINUOUS
10
5.7850989763779523
20
-3.7181912204724408
11
5.7831513385826767
21
-3.7191649999999998
0
LINE
8
BLACK
6
CONTINUOUS
10
5.7831513385826767
20
-3.7191649999999998
11
5.7823292125984249
21
-3.7199871259842521
0
LINE
8
BLACK
6
CONTINUOUS
10
5.7823292125984249
20
-3.7199871259842521
11
5.7813554330708659
21
-3.7219347244094489
0
LINE
8
BLACK
6
CONTINUOUS
10
5.7813554330708659
20
-3.7219347244094489
11
5.7813554330708659
21
-3.7280397244094488
0
LINE
8
BLACK
6
CONTINUOUS
10
5.7813554330708659
20
-3.7280397244094488
11
5.7823292125984249
21
-3.7299872834645669
0
LINE
8
BLACK
6
CONTINUOUS
10
5.7823292125984249
20
-3.7299872834645669
11
5.7831513779527555
21
-3.7308094881889762
0
LINE
8
BLACK
6
CONTINUOUS
10
5.7831513779527555
20
-3.7308094881889762
11
5.7850989763779523
21
-3.7317832677165352
0
LINE
8
BLACK
6
CONTINUOUS
10
5.7850989763779523
20
-3.7317832677165352
11
5.7912039370078743
21
-3.7317832677165352
0
LINE
8
BLACK
6
CONTINUOUS
10
5.7912039370078743
20
-3.7317832677165352
11
5.7931514960629924
21
-3.7308094881889762
0
LINE
8
BLACK
6
CONTINUOUS
10
5.7931514960629924
20
-3.7308094881889762
11
5.7943125196850396
21
-3.729648464566929
0
LINE
8
BLACK
6
CONTINUOUS
10
5.7943125196850396
20
-3.729648464566929
11
5.7951525590551176
21
-3.7290602362204726
0
LINE
8
BLACK
6
CONTINUOUS
10
5.7951525590551176
20
-3.7290602362204726
11
5.7971646850393697
21
-3.728884212598425
0
LINE
8
BLACK
6
CONTINUOUS
10
5.7971646850393697
20
-3.728884212598425
11
5.798819212598425
21
-3.7300427559055116
0
LINE
8
BLACK
6
CONTINUOUS
10
5.798819212598425
20
-3.7300427559055116
11
5.7993419291338579
21
-3.7319937007874016
0
LINE
8
BLACK
6
CONTINUOUS
10
5.7993419291338579
20
-3.7319937007874016
11
5.7984883464566925
21
-3.7338242913385824
0
LINE
8
BLACK
6
CONTINUOUS
10
5.7984883464566925
20
-3.7338242913385824
11
5.7969885039370075
21
-3.7353241338582674
0
LINE
8
BLACK
6
CONTINUOUS
10
5.7969885039370075
20
-3.7353241338582674
11
5.7962653937007875
21
-3.7358303937007875
0
LINE
8
BLACK
6
CONTINUOUS
10
5.7962653937007875
20
-3.7358303937007875
11
5.796221102362205
21
-3.7358772440944881
0
LINE
8
BLACK
6
CONTINUOUS
10
5.796221102362205
20
-3.7358772440944881
11
5.7932214960629924
21
-3.7373770472440944
0
LINE
8
BLACK
6
CONTINUOUS
10
5.7932214960629924
20
-3.7373770472440944
11
5.7922385433070867
21
-3.7376694094488188
0
LINE
8
BLACK
6
CONTINUOUS
10
5.7922385433070867
20
-3.7376694094488188
11
5.7920668503937005
21
-3.7376283858267714
0
LINE
8
BLACK
6
CONTINUOUS
10
5.7920668503937005
20
-3.7376283858267714
11
5.791900984251968
21
-3.7376887795275588
0
LINE
8
BLACK
6
CONTINUOUS
10
5.791900984251968
20
-3.7376887795275588
11
5.7844019291338578
21
-3.7376887795275588
0
LINE
8
BLACK
6
CONTINUOUS
10
5.7844019291338578
20
-3.7376887795275588
11
5.7833920078740153
21
-3.7375107086614174
0
LINE
8
BLACK
6
CONTINUOUS
10
5.7833920078740153
20
-3.7375107086614174
11
5.7832567322834647
21
-3.7373972047244095
0
LINE
8
BLACK
6
CONTINUOUS
10
5.7832567322834647
20
-3.7373972047244095
11
5.7830814173228342
21
-3.7373770472440944
0
LINE
8
BLACK
6
CONTINUOUS
10
5.7830814173228342
20
-3.7373770472440944
11
5.7800817716535429
21
-3.7358772440944881
0
LINE
8
BLACK
6
CONTINUOUS
10
5.7800817716535429
20
-3.7358772440944881
11
5.7793726377952757
21
-3.7353512598425196
0
LINE
8
BLACK
6
CONTINUOUS
10
5.7793726377952757
20
-3.7353512598425196
11
5.7793143307086616
21
-3.7353240944881887
0
LINE
8
BLACK
6
CONTINUOUS
10
5.7793143307086616
20
-3.7353240944881887
11
5.7778145275590553
21
-3.7338242519685036
0
LINE
8
BLACK
6
CONTINUOUS
10
5.7778145275590553
20
-3.7338242519685036
11
5.777308228346457
21
-3.733101181102362
0
LINE
8
BLACK
6
CONTINUOUS
10
5.777308228346457
20
-3.733101181102362
11
5.777261456692913
21
-3.7330568897637795
0
LINE
8
BLACK
6
CONTINUOUS
10
5.777261456692913
20
-3.7330568897637795
11
5.7757616535433067
21
-3.7300572834645669
0
LINE
8
BLACK
6
CONTINUOUS
10
5.7757616535433067
20
-3.7300572834645669
11
5.7754692913385828
21
-3.7290743307086611
0
LINE
8
BLACK
6
CONTINUOUS
10
5.7754692913385828
20
-3.7290743307086611
11
5.775510275590551
21
-3.7289026377952754
0
LINE
8
BLACK
6
CONTINUOUS
10
5.775510275590551
20
-3.7289026377952754
11
5.7754499212598427
21
-3.7287367716535433
0
LINE
8
BLACK
6
CONTINUOUS
10
5.7754499212598427
20
-3.7287367716535433
11
5.7754499212598427
21
-3.7212377165354331
0
LINE
8
BLACK
6
CONTINUOUS
10
5.7754499212598427
20
-3.7212377165354331
11
5.7756279921259841
21
-3.7202277952755907
0
LINE
8
BLACK
6
CONTINUOUS
10
5.7756279921259841
20
-3.7202277952755907
11
5.7757414566929128
21
-3.7200925196850392
0
LINE
8
BLACK
6
CONTINUOUS
10
5.7757414566929128
20
-3.7200925196850392
11
5.7757616535433067
21
-3.7199172047244096
0
LINE
8
BLACK
6
CONTINUOUS
10
5.7757616535433067
20
-3.7199172047244096
11
5.777261456692913
21
-3.7169175590551182
0
LINE
8
BLACK
6
CONTINUOUS
10
5.777261456692913
20
-3.7169175590551182
11
5.777787362204724
21
-3.7162084645669289
0
LINE
8
BLACK
6
CONTINUOUS
10
5.777787362204724
20
-3.7162084645669289
11
5.7778145669291341
21
-3.7161501574803149
0
LINE
8
BLACK
6
CONTINUOUS
10
5.7778145669291341
20
-3.7161501574803149
11
5.7793143700787404
21
-3.7146503543307086
0
LINE
8
BLACK
6
CONTINUOUS
10
5.7793143700787404
20
-3.7146503543307086
11
5.7800374409448816
21
-3.7141440551181102
0
LINE
8
BLACK
6
CONTINUOUS
10
5.7800374409448816
20
-3.7141440551181102
11
5.7800817716535429
21
-3.7140972440944879
0
LINE
8
BLACK
6
CONTINUOUS
10
5.7800817716535429
20
-3.7140972440944879
11
5.7830814173228342
21
-3.7125974409448816
0
LINE
8
BLACK
6
CONTINUOUS
10
5.7830814173228342
20
-3.7125974409448816
11
5.78406437007874
21
-3.7123050393700785
0
LINE
8
BLACK
6
CONTINUOUS
10
5.78406437007874
20
-3.7123050393700785
11
5.7842360629921261
21
-3.7123460629921259
0
LINE
8
BLACK
6
CONTINUOUS
10
5.7842360629921261
20
-3.7123460629921259
11
5.7844019291338578
21
-3.7122857086614172
0
LINE
8
BLACK
6
CONTINUOUS
10
5.7844019291338578
20
-3.7122857086614172
11
5.791900984251968
21
-3.7122857086614172
0
LINE
8
BLACK
6
CONTINUOUS
10
5.791900984251968
20
-3.7122857086614172
11
5.7928544881889765
21
-3.7124538188976377
0
LINE
8
BLACK
6
CONTINUOUS
10
5.7928544881889765
20
-3.7124538188976377
11
5.7922283858267711
21
-3.7061927165354329
0
LINE
8
BLACK
6
CONTINUOUS
10
5.7922283858267711
20
-3.7061927165354329
11
5.7799024803149601
21
-3.7061927165354329
0
LINE
8
BLACK
6
CONTINUOUS
10
5.7799024803149601
20
-3.7061927165354329
11
5.7788925590551177
21
-3.7060146456692911
0
LINE
8
BLACK
6
CONTINUOUS
10
5.7788925590551177
20
-3.7060146456692911
11
5.7773453149606295
21
-3.7047163385826769
0
LINE
8
BLACK
6
CONTINUOUS
10
5.7773453149606295
20
-3.7047163385826769
11
5.776994566929134
21
-3.7027272047244093
0
LINE
8
BLACK
6
CONTINUOUS
10
5.776994566929134
20
-3.7027272047244093
11
5.7780044881889765
21
-3.7009780314960627
0
LINE
8
BLACK
6
CONTINUOUS
10
5.7780044881889765
20
-3.7009780314960627
11
5.7799024803149601
21
-3.7002872047244093
0
LINE
8
BLACK
6
CONTINUOUS
10
5.7799024803149601
20
-3.7002872047244093
11
5.7949005905511806
21
-3.7002872047244093
0
LINE
8
BLACK
6
CONTINUOUS
10
5.7949005905511806
20
-3.7002872047244093
11
5.7950544094488183
21
-3.7003142913385827
0
LINE
8
BLACK
6
CONTINUOUS
10
5.5236305511811024
20
-3.7003548031496063
11
5.5237598031496065
21
-3.7003320472440944
0
LINE
8
BLACK
6
CONTINUOUS
10
5.5237598031496065
20
-3.7003320472440944
11
5.5238733858267715
21
-3.7003976377952754
0
LINE
8
BLACK
6
CONTINUOUS
10
5.5238733858267715
20
-3.7003976377952754
11
5.5242569685039369
21
-3.7004652755905512
0
LINE
8
BLACK
6
CONTINUOUS
10
5.5242569685039369
20
-3.7004652755905512
11
5.5248446456692912
21
-3.7009583858267714
0
LINE
8
BLACK
6
CONTINUOUS
10
5.5248446456692912
20
-3.7009583858267714
11
5.525508976377953
21
-3.7013419685039368
0
LINE
8
BLACK
6
CONTINUOUS
10
5.525508976377953
20
-3.7013419685039368
11
5.5256000787401574
21
-3.7015922834645667
0
LINE
8
BLACK
6
CONTINUOUS
10
5.5256000787401574
20
-3.7015922834645667
11
5.525804212598425
21
-3.7017635826771653
0
LINE
8
BLACK
6
CONTINUOUS
10
5.525804212598425
20
-3.7017635826771653
11
5.5259374409448814
21
-3.7025191338582677
0
LINE
8
BLACK
6
CONTINUOUS
10
5.5259374409448814
20
-3.7025191338582677
11
5.5261998031496065
21
-3.7032399606299213
0
LINE
8
BLACK
6
CONTINUOUS
10
5.5261998031496065
20
-3.7032399606299213
11
5.5261998031496065
21
-3.7347360236220473
0
LINE
8
BLACK
6
CONTINUOUS
10
5.5261998031496065
20
-3.7347360236220473
11
5.5260217322834642
21
-3.7357459448818897
0
LINE
8
BLACK
6
CONTINUOUS
10
5.5260217322834642
20
-3.7357459448818897
11
5.52472342519685
21
-3.7372931889763779
0
LINE
8
BLACK
6
CONTINUOUS
10
5.52472342519685
20
-3.7372931889763779
11
5.5227342913385824
21
-3.7376439370078738
0
LINE
8
BLACK
6
CONTINUOUS
10
5.5227342913385824
20
-3.7376439370078738
11
5.5209851181102358
21
-3.7366340157480313
0
LINE
8
BLACK
6
CONTINUOUS
10
5.5209851181102358
20
-3.7366340157480313
11
5.5202942913385824
21
-3.7347360236220473
0
LINE
8
BLACK
6
CONTINUOUS
10
5.5202942913385824
20
-3.7347360236220473
11
5.5202942913385824
21
-3.7226906299212597
0
LINE
8
BLACK
6
CONTINUOUS
10
5.5202942913385824
20
-3.7226906299212597
11
5.5172853543307081
21
-3.7226906299212597
0
LINE
8
BLACK
6
CONTINUOUS
10
5.5172853543307081
20
-3.7226906299212597
11
5.5076682677165349
21
-3.7364293307086611
0
LINE
8
BLACK
6
CONTINUOUS
10
5.5076682677165349
20
-3.7364293307086611
11
5.5069432677165358
21
-3.7371545669291337
0
LINE
8
BLACK
6
CONTINUOUS
10
5.5069432677165358
20
-3.7371545669291337
11
5.5049923622047245
21
-3.7376775984251966
0
LINE
8
BLACK
6
CONTINUOUS
10
5.5049923622047245
20
-3.7376775984251966
11
5.503161653543307
21
-3.7368242519685038
0
LINE
8
BLACK
6
CONTINUOUS
10
5.503161653543307
20
-3.7368242519685038
11
5.5023078346456691
21
-3.7349937795275592
0
LINE
8
BLACK
6
CONTINUOUS
10
5.5023078346456691
20
-3.7349937795275592
11
5.5028303149606295
21
-3.733042716535433
0
LINE
8
BLACK
6
CONTINUOUS
10
5.5028303149606295
20
-3.733042716535433
11
5.5102151574803147
21
-3.7224928740157481
0
LINE
8
BLACK
6
CONTINUOUS
10
5.5102151574803147
20
-3.7224928740157481
11
5.5101033464566926
21
-3.7223990551181103
0
LINE
8
BLACK
6
CONTINUOUS
10
5.5101033464566926
20
-3.7223990551181103
11
5.509928031496063
21
-3.7223788976377952
0
LINE
8
BLACK
6
CONTINUOUS
10
5.509928031496063
20
-3.7223788976377952
11
5.5069284251968504
21
-3.7208790944881889
0
LINE
8
BLACK
6
CONTINUOUS
10
5.5069284251968504
20
-3.7208790944881889
11
5.5062193307086611
21
-3.7203531889763779
0
LINE
8
BLACK
6
CONTINUOUS
10
5.5062193307086611
20
-3.7203531889763779
11
5.5061610236220471
21
-3.7203259842519683
0
LINE
8
BLACK
6
CONTINUOUS
10
5.5061610236220471
20
-3.7203259842519683
11
5.5046612204724408
21
-3.718826181102362
0
LINE
8
BLACK
6
CONTINUOUS
10
5.5046612204724408
20
-3.718826181102362
11
5.5041549212598424
21
-3.7181030708661416
0
LINE
8
BLACK
6
CONTINUOUS
10
5.5041549212598424
20
-3.7181030708661416
11
5.5041081102362206
21
-3.718058779527559
0
LINE
8
BLACK
6
CONTINUOUS
10
5.5041081102362206
20
-3.718058779527559
11
5.5026082677165356
21
-3.7150591338582677
0
LINE
8
BLACK
6
CONTINUOUS
10
5.5026082677165356
20
-3.7150591338582677
11
5.5023159055118107
21
-3.7140762204724407
0
LINE
8
BLACK
6
CONTINUOUS
10
5.5023159055118107
20
-3.7140762204724407
11
5.5023568897637798
21
-3.7139044881889762
0
LINE
8
BLACK
6
CONTINUOUS
10
5.5023568897637798
20
-3.7139044881889762
11
5.5022965354330706
21
-3.7137386220472441
0
LINE
8
BLACK
6
CONTINUOUS
10
5.5022965354330706
20
-3.7137386220472441
11
5.5022965354330706
21
-3.7092392125984253
0
LINE
8
BLACK
6
CONTINUOUS
10
5.5022965354330706
20
-3.7092392125984253
11
5.502474606299212
21
-3.7082292913385828
0
LINE
8
BLACK
6
CONTINUOUS
10
5.502474606299212
20
-3.7082292913385828
11
5.5025880708661417
21
-3.7080940157480313
0
LINE
8
BLACK
6
CONTINUOUS
10
5.5025880708661417
20
-3.7080940157480313
11
5.5026082677165356
21
-3.7079187007874017
0
LINE
8
BLACK
6
CONTINUOUS
10
5.5026082677165356
20
-3.7079187007874017
11
5.5041081102362206
21
-3.7049190551181104
0
LINE
8
BLACK
6
CONTINUOUS
10
5.5041081102362206
20
-3.7049190551181104
11
5.5046339370078741
21
-3.7042100787401573
0
LINE
8
BLACK
6
CONTINUOUS
10
5.5046339370078741
20
-3.7042100787401573
11
5.5046612204724408
21
-3.704151653543307
0
LINE
8
BLACK
6
CONTINUOUS
10
5.5046612204724408
20
-3.704151653543307
11
5.5061610236220471
21
-3.7026518503937007
0
LINE
8
BLACK
6
CONTINUOUS
10
5.5061610236220471
20
-3.7026518503937007
11
5.5068840944881892
21
-3.7021455511811023
0
LINE
8
BLACK
6
CONTINUOUS
10
5.5068840944881892
20
-3.7021455511811023
11
5.5069284251968504
21
-3.7020987401574801
0
LINE
8
BLACK
6
CONTINUOUS
10
5.5069284251968504
20
-3.7020987401574801
11
5.509928031496063
21
-3.7005989370078738
0
LINE
8
BLACK
6
CONTINUOUS
10
5.509928031496063
20
-3.7005989370078738
11
5.5109109842519688
21
-3.7003065748031494
0
LINE
8
BLACK
6
CONTINUOUS
10
5.5109109842519688
20
-3.7003065748031494
11
5.5110826377952753
21
-3.700347559055118
0
LINE
8
BLACK
6
CONTINUOUS
10
5.5110826377952753
20
-3.700347559055118
11
5.5112485433070866
21
-3.7002872047244093
0
LINE
8
BLACK
6
CONTINUOUS
10
5.5112485433070866
20
-3.7002872047244093
11
5.5232470472440944
21
-3.7002872047244093
0
LINE
8
BLACK
6
CONTINUOUS
10
5.5232470472440944
20
-3.7002872047244093
11
5.5236305511811024
21
-3.7003548031496063
0
LINE
8
BLACK
6
CONTINUOUS
10
5.509998031496063
20
-3.707166496062992
11
5.5091758661417325
21
-3.7079886220472442
0
LINE
8
BLACK
6
CONTINUOUS
10
5.5091758661417325
20
-3.7079886220472442
11
5.5082020472440947
21
-3.7099362598425194
0
LINE
8
BLACK
6
CONTINUOUS
10
5.5082020472440947
20
-3.7099362598425194
11
5.5082020472440947
21
-3.7130415354330708
0
LINE
8
BLACK
6
CONTINUOUS
10
5.5082020472440947
20
-3.7130415354330708
11
5.5091758661417325
21
-3.7149891732283464
0
LINE
8
BLACK
6
CONTINUOUS
10
5.5091758661417325
20
-3.7149891732283464
11
5.509998031496063
21
-3.715811338582677
0
LINE
8
BLACK
6
CONTINUOUS
10
5.509998031496063
20
-3.715811338582677
11
5.5119455905511812
21
-3.716785118110236
0
LINE
8
BLACK
6
CONTINUOUS
10
5.5119455905511812
20
-3.716785118110236
11
5.5202942913385824
21
-3.716785118110236
0
LINE
8
BLACK
6
CONTINUOUS
10
5.5202942913385824
20
-3.716785118110236
11
5.5202942913385824
21
-3.7061927165354329
0
LINE
8
BLACK
6
CONTINUOUS
10
5.5202942913385824
20
-3.7061927165354329
11
5.5119455905511812
21
-3.7061927165354329
0
LINE
8
BLACK
6
CONTINUOUS
10
5.5119455905511812
20
-3.7061927165354329
11
5.509998031496063
21
-3.707166496062992
0
LINE
8
BLACK
6
CONTINUOUS
10
5.6102447244094487
20
-3.7003548031496063
11
5.6103739763779528
21
-3.7003320472440944
0
LINE
8
BLACK
6
CONTINUOUS
10
5.6103739763779528
20
-3.7003320472440944
11
5.6104875590551178
21
-3.7003976377952754
0
LINE
8
BLACK
6
CONTINUOUS
10
5.6104875590551178
20
-3.7003976377952754
11
5.6108711417322832
21
-3.7004652755905512
0
LINE
8
BLACK
6
CONTINUOUS
10
5.6108711417322832
20
-3.7004652755905512
11
5.6114588188976375
21
-3.7009583858267714
0
LINE
8
BLACK
6
CONTINUOUS
10
5.6114588188976375
20
-3.7009583858267714
11
5.6121231496062993
21
-3.7013419685039368
0
LINE
8
BLACK
6
CONTINUOUS
10
5.6121231496062993
20
-3.7013419685039368
11
5.6122142519685037
21
-3.7015922834645667
0
LINE
8
BLACK
6
CONTINUOUS
10
5.6122142519685037
20
-3.7015922834645667
11
5.6124183858267713
21
-3.7017635826771653
0
LINE
8
BLACK
6
CONTINUOUS
10
5.6124183858267713
20
-3.7017635826771653
11
5.6125516141732286
21
-3.7025191338582677
0
LINE
8
BLACK
6
CONTINUOUS
10
5.6125516141732286
20
-3.7025191338582677
11
5.6128139763779528
21
-3.7032399606299213
0
LINE
8
BLACK
6
CONTINUOUS
10
5.6128139763779528
20
-3.7032399606299213
11
5.6128139763779528
21
-3.7347360236220473
0
LINE
8
BLACK
6
CONTINUOUS
10
5.6128139763779528
20
-3.7347360236220473
11
5.6126359055118105
21
-3.7357459448818897
0
LINE
8
BLACK
6
CONTINUOUS
10
5.6126359055118105
20
-3.7357459448818897
11
5.6113375984251963
21
-3.7372931889763779
0
LINE
8
BLACK
6
CONTINUOUS
10
5.6113375984251963
20
-3.7372931889763779
11
5.6093484645669287
21
-3.7376439370078738
0
LINE
8
BLACK
6
CONTINUOUS
10
5.6093484645669287
20
-3.7376439370078738
11
5.6075992913385821
21
-3.7366340157480313
0
LINE
8
BLACK
6
CONTINUOUS
10
5.6075992913385821
20
-3.7366340157480313
11
5.6069084645669287
21
-3.7347360236220473
0
LINE
8
BLACK
6
CONTINUOUS
10
5.6069084645669287
20
-3.7347360236220473
11
5.6069084645669287
21
-3.7226906299212597
0
LINE
8
BLACK
6
CONTINUOUS
10
5.6069084645669287
20
-3.7226906299212597
11
5.6038995275590553
21
-3.7226906299212597
0
LINE
8
BLACK
6
CONTINUOUS
10
5.6038995275590553
20
-3.7226906299212597
11
5.5942824409448821
21
-3.7364293307086611
0
LINE
8
BLACK
6
CONTINUOUS
10
5.5942824409448821
20
-3.7364293307086611
11
5.5935574409448821
21
-3.7371545669291337
0
LINE
8
BLACK
6
CONTINUOUS
10
5.5935574409448821
20
-3.7371545669291337
11
5.5916065354330708
21
-3.7376775984251966
0
LINE
8
BLACK
6
CONTINUOUS
10
5.5916065354330708
20
-3.7376775984251966
11
5.5897758267716533
21
-3.7368242519685038
0
LINE
8
BLACK
6
CONTINUOUS
10
5.5897758267716533
20
-3.7368242519685038
11
5.5889220078740154
21
-3.7349937795275592
0
LINE
8
BLACK
6
CONTINUOUS
10
5.5889220078740154
20
-3.7349937795275592
11
5.5894444881889767
21
-3.733042716535433
0
LINE
8
BLACK
6
CONTINUOUS
10
5.5894444881889767
20
-3.733042716535433
11
5.596829330708661
21
-3.7224928740157481
0
LINE
8
BLACK
6
CONTINUOUS
10
5.596829330708661
20
-3.7224928740157481
11
5.5967175196850389
21
-3.7223990551181103
0
LINE
8
BLACK
6
CONTINUOUS
10
5.5967175196850389
20
-3.7223990551181103
11
5.5965422047244093
21
-3.7223788976377952
0
LINE
8
BLACK
6
CONTINUOUS
10
5.5965422047244093
20
-3.7223788976377952
11
5.5935425984251967
21
-3.7208790944881889
0
LINE
8
BLACK
6
CONTINUOUS
10
5.5935425984251967
20
-3.7208790944881889
11
5.5928335039370074
21
-3.7203531889763779
0
LINE
8
BLACK
6
CONTINUOUS
10
5.5928335039370074
20
-3.7203531889763779
11
5.5927751968503934
21
-3.7203259842519683
0
LINE
8
BLACK
6
CONTINUOUS
10
5.5927751968503934
20
-3.7203259842519683
11
5.5912753937007871
21
-3.718826181102362
0
LINE
8
BLACK
6
CONTINUOUS
10
5.5912753937007871
20
-3.718826181102362
11
5.5907690944881887
21
-3.7181030708661416
0
LINE
8
BLACK
6
CONTINUOUS
10
5.5907690944881887
20
-3.7181030708661416
11
5.5907222834645669
21
-3.718058779527559
0
LINE
8
BLACK
6
CONTINUOUS
10
5.5907222834645669
20
-3.718058779527559
11
5.5892224409448819
21
-3.7150591338582677
0
LINE
8
BLACK
6
CONTINUOUS
10
5.5892224409448819
20
-3.7150591338582677
11
5.588930078740157
21
-3.7140762204724407
0
LINE
8
BLACK
6
CONTINUOUS
10
5.588930078740157
20
-3.7140762204724407
11
5.5889710629921261
21
-3.7139044881889762
0
LINE
8
BLACK
6
CONTINUOUS
10
5.5889710629921261
20
-3.7139044881889762
11
5.5889107086614169
21
-3.7137386220472441
0
LINE
8
BLACK
6
CONTINUOUS
10
5.5889107086614169
20
-3.7137386220472441
11
5.5889107086614169
21
-3.7092392125984253
0
LINE
8
BLACK
6
CONTINUOUS
10
5.5889107086614169
20
-3.7092392125984253
11
5.5890887795275592
21
-3.7082292913385828
0
LINE
8
BLACK
6
CONTINUOUS
10
5.5890887795275592
20
-3.7082292913385828
11
5.589202244094488
21
-3.7080940157480313
0
LINE
8
BLACK
6
CONTINUOUS
10
5.589202244094488
20
-3.7080940157480313
11
5.5892224409448819
21
-3.7079187007874017
0
LINE
8
BLACK
6
CONTINUOUS
10
5.5892224409448819
20
-3.7079187007874017
11
5.5907222834645669
21
-3.7049190551181104
0
LINE
8
BLACK
6
CONTINUOUS
10
5.5907222834645669
20
-3.7049190551181104
11
5.5912481102362204
21
-3.7042100787401573
0
LINE
8
BLACK
6
CONTINUOUS
10
5.5912481102362204
20
-3.7042100787401573
11
5.5912753937007871
21
-3.704151653543307
0
LINE
8
BLACK
6
CONTINUOUS
10
5.5912753937007871
20
-3.704151653543307
11
5.5927751968503934
21
-3.7026518503937007
0
LINE
8
BLACK
6
CONTINUOUS
10
5.5927751968503934
20
-3.7026518503937007
11
5.5934982677165355
21
-3.7021455511811023
0
LINE
8
BLACK
6
CONTINUOUS
10
5.5934982677165355
20
-3.7021455511811023
11
5.5935425984251967
21
-3.7020987401574801
0
LINE
8
BLACK
6
CONTINUOUS
10
5.5935425984251967
20
-3.7020987401574801
11
5.5965422047244093
21
-3.7005989370078738
0
LINE
8
BLACK
6
CONTINUOUS
10
5.5965422047244093
20
-3.7005989370078738
11
5.5975251574803151
21
-3.7003065748031494
0
LINE
8
BLACK
6
CONTINUOUS
10
5.5975251574803151
20
-3.7003065748031494
11
5.5976968110236216
21
-3.700347559055118
0
LINE
8
BLACK
6
CONTINUOUS
10
5.5976968110236216
20
-3.700347559055118
11
5.5978627165354329
21
-3.7002872047244093
0
LINE
8
BLACK
6
CONTINUOUS
10
5.5978627165354329
20
-3.7002872047244093
11
5.6098612204724407
21
-3.7002872047244093
0
LINE
8
BLACK
6
CONTINUOUS
10
5.6098612204724407
20
-3.7002872047244093
11
5.6102447244094487
21
-3.7003548031496063
0
LINE
8
BLACK
6
CONTINUOUS
10
5.5966122047244093
20
-3.707166496062992
11
5.5957900393700788
21
-3.7079886220472442
0
LINE
8
BLACK
6
CONTINUOUS
10
5.5957900393700788
20
-3.7079886220472442
11
5.594816220472441
21
-3.7099362598425194
0
LINE
8
BLACK
6
CONTINUOUS
10
5.594816220472441
20
-3.7099362598425194
11
5.594816220472441
21
-3.7130415354330708
0
LINE
8
BLACK
6
CONTINUOUS
10
5.594816220472441
20
-3.7130415354330708
11
5.5957900393700788
21
-3.7149891732283464
0
LINE
8
BLACK
6
CONTINUOUS
10
5.5957900393700788
20
-3.7149891732283464
11
5.5966122047244093
21
-3.715811338582677
0
LINE
8
BLACK
6
CONTINUOUS
10
5.5966122047244093
20
-3.715811338582677
11
5.5985597637795275
21
-3.716785118110236
0
LINE
8
BLACK
6
CONTINUOUS
10
5.5985597637795275
20
-3.716785118110236
11
5.6069084645669287
21
-3.716785118110236
0
LINE
8
BLACK
6
CONTINUOUS
10
5.6069084645669287
20
-3.716785118110236
11
5.6069084645669287
21
-3.7061927165354329
0
LINE
8
BLACK
6
CONTINUOUS
10
5.6069084645669287
20
-3.7061927165354329
11
5.5985597637795275
21
-3.7061927165354329
0
LINE
8
BLACK
6
CONTINUOUS
10
5.5985597637795275
20
-3.7061927165354329
11
5.5966122047244093
21
-3.707166496062992
0
LINE
8
BLACK
6
CONTINUOUS
10
5.7204809448818894
20
-3.7003548031496063
11
5.7206101968503935
21
-3.7003320472440944
0
LINE
8
BLACK
6
CONTINUOUS
10
5.7206101968503935
20
-3.7003320472440944
11
5.7207237795275585
21
-3.7003976377952754
0
LINE
8
BLACK
6
CONTINUOUS
10
5.7207237795275585
20
-3.7003976377952754
11
5.7211073622047239
21
-3.7004652755905512
0
LINE
8
BLACK
6
CONTINUOUS
10
5.7211073622047239
20
-3.7004652755905512
11
5.7216950393700783
21
-3.7009583858267714
0
LINE
8
BLACK
6
CONTINUOUS
10
5.7216950393700783
20
-3.7009583858267714
11
5.7223593700787401
21
-3.7013419685039368
0
LINE
8
BLACK
6
CONTINUOUS
10
5.7223593700787401
20
-3.7013419685039368
11
5.7224504724409444
21
-3.7015922834645667
0
LINE
8
BLACK
6
CONTINUOUS
10
5.7224504724409444
20
-3.7015922834645667
11
5.7226546062992121
21
-3.7017635826771653
0
LINE
8
BLACK
6
CONTINUOUS
10
5.7226546062992121
20
-3.7017635826771653
11
5.7227878346456693
21
-3.7025191338582677
0
LINE
8
BLACK
6
CONTINUOUS
10
5.7227878346456693
20
-3.7025191338582677
11
5.7230501968503935
21
-3.7032399606299213
0
LINE
8
BLACK
6
CONTINUOUS
10
5.7230501968503935
20
-3.7032399606299213
11
5.7230501968503935
21
-3.7347360236220473
0
LINE
8
BLACK
6
CONTINUOUS
10
5.7230501968503935
20
-3.7347360236220473
11
5.7228721259842521
21
-3.7357459448818897
0
LINE
8
BLACK
6
CONTINUOUS
10
5.7228721259842521
20
-3.7357459448818897
11
5.7215738188976379
21
-3.7372931889763779
0
LINE
8
BLACK
6
CONTINUOUS
10
5.7215738188976379
20
-3.7372931889763779
11
5.7195846850393703
21
-3.7376439370078738
0
LINE
8
BLACK
6
CONTINUOUS
10
5.7195846850393703
20
-3.7376439370078738
11
5.7178355118110238
21
-3.7366340157480313
0
LINE
8
BLACK
6
CONTINUOUS
10
5.7178355118110238
20
-3.7366340157480313
11
5.7171446850393703
21
-3.7347360236220473
0
LINE
8
BLACK
6
CONTINUOUS
10
5.7171446850393703
20
-3.7347360236220473
11
5.7171446850393703
21
-3.7226906299212597
0
LINE
8
BLACK
6
CONTINUOUS
10
5.7171446850393703
20
-3.7226906299212597
11
5.714135748031496
21
-3.7226906299212597
0
LINE
8
BLACK
6
CONTINUOUS
10
5.714135748031496
20
-3.7226906299212597
11
5.7045186614173229
21
-3.7364293307086611
0
LINE
8
BLACK
6
CONTINUOUS
10
5.7045186614173229
20
-3.7364293307086611
11
5.7037936614173228
21
-3.7371545669291337
0
LINE
8
BLACK
6
CONTINUOUS
10
5.7037936614173228
20
-3.7371545669291337
11
5.7018427559055116
21
-3.7376775984251966
0
LINE
8
BLACK
6
CONTINUOUS
10
5.7018427559055116
20
-3.7376775984251966
11
5.700012047244094
21
-3.7368242519685038
0
LINE
8
BLACK
6
CONTINUOUS
10
5.700012047244094
20
-3.7368242519685038
11
5.6991582283464561
21
-3.7349937795275592
0
LINE
8
BLACK
6
CONTINUOUS
10
5.6991582283464561
20
-3.7349937795275592
11
5.6996807086614174
21
-3.733042716535433
0
LINE
8
BLACK
6
CONTINUOUS
10
5.6996807086614174
20
-3.733042716535433
11
5.7070655511811026
21
-3.7224928740157481
0
LINE
8
BLACK
6
CONTINUOUS
10
5.7070655511811026
20
-3.7224928740157481
11
5.7069537401574806
21
-3.7223990551181103
0
LINE
8
BLACK
6
CONTINUOUS
10
5.7069537401574806
20
-3.7223990551181103
11
5.7067784251968501
21
-3.7223788976377952
0
LINE
8
BLACK
6
CONTINUOUS
10
5.7067784251968501
20
-3.7223788976377952
11
5.7037788188976375
21
-3.7208790944881889
0
LINE
8
BLACK
6
CONTINUOUS
10
5.7037788188976375
20
-3.7208790944881889
11
5.703069724409449
21
-3.7203531889763779
0
LINE
8
BLACK
6
CONTINUOUS
10
5.703069724409449
20
-3.7203531889763779
11
5.7030114173228341
21
-3.7203259842519683
0
LINE
8
BLACK
6
CONTINUOUS
10
5.7030114173228341
20
-3.7203259842519683
11
5.7015116141732278
21
-3.718826181102362
0
LINE
8
BLACK
6
CONTINUOUS
10
5.7015116141732278
20
-3.718826181102362
11
5.7010053149606295
21
-3.7181030708661416
0
LINE
8
BLACK
6
CONTINUOUS
10
5.7010053149606295
20
-3.7181030708661416
11
5.7009585039370076
21
-3.718058779527559
0
LINE
8
BLACK
6
CONTINUOUS
10
5.7009585039370076
20
-3.718058779527559
11
5.6994586614173226
21
-3.7150591338582677
0
LINE
8
BLACK
6
CONTINUOUS
10
5.6994586614173226
20
-3.7150591338582677
11
5.6991662992125987
21
-3.7140762204724407
0
LINE
8
BLACK
6
CONTINUOUS
10
5.6991662992125987
20
-3.7140762204724407
11
5.6992072834645668
21
-3.7139044881889762
0
LINE
8
BLACK
6
CONTINUOUS
10
5.6992072834645668
20
-3.7139044881889762
11
5.6991469291338586
21
-3.7137386220472441
0
LINE
8
BLACK
6
CONTINUOUS
10
5.6991469291338586
20
-3.7137386220472441
11
5.6991469291338586
21
-3.7092392125984253
0
LINE
8
BLACK
6
CONTINUOUS
10
5.6991469291338586
20
-3.7092392125984253
11
5.699325
21
-3.7082292913385828
0
LINE
8
BLACK
6
CONTINUOUS
10
5.699325
20
-3.7082292913385828
11
5.6994384645669287
21
-3.7080940157480313
0
LINE
8
BLACK
6
CONTINUOUS
10
5.6994384645669287
20
-3.7080940157480313
11
5.6994586614173226
21
-3.7079187007874017
0
LINE
8
BLACK
6
CONTINUOUS
10
5.6994586614173226
20
-3.7079187007874017
11
5.7009585039370076
21
-3.7049190551181104
0
LINE
8
BLACK
6
CONTINUOUS
10
5.7009585039370076
20
-3.7049190551181104
11
5.7014843307086611
21
-3.7042100787401573
0
LINE
8
BLACK
6
CONTINUOUS
10
5.7014843307086611
20
-3.7042100787401573
11
5.7015116141732278
21
-3.704151653543307
0
LINE
8
BLACK
6
CONTINUOUS
10
5.7015116141732278
20
-3.704151653543307
11
5.7030114173228341
21
-3.7026518503937007
0
LINE
8
BLACK
6
CONTINUOUS
10
5.7030114173228341
20
-3.7026518503937007
11
5.7037344881889762
21
-3.7021455511811023
0
LINE
8
BLACK
6
CONTINUOUS
10
5.7037344881889762
20
-3.7021455511811023
11
5.7037788188976375
21
-3.7020987401574801
0
LINE
8
BLACK
6
CONTINUOUS
10
5.7037788188976375
20
-3.7020987401574801
11
5.7067784251968501
21
-3.7005989370078738
0
LINE
8
BLACK
6
CONTINUOUS
10
5.7067784251968501
20
-3.7005989370078738
11
5.7077613779527558
21
-3.7003065748031494
0
LINE
8
BLACK
6
CONTINUOUS
10
5.7077613779527558
20
-3.7003065748031494
11
5.7079330314960632
21
-3.700347559055118
0
LINE
8
BLACK
6
CONTINUOUS
10
5.7079330314960632
20
-3.700347559055118
11
5.7080989370078736
21
-3.7002872047244093
0
LINE
8
BLACK
6
CONTINUOUS
10
5.7080989370078736
20
-3.7002872047244093
11
5.7200974409448815
21
-3.7002872047244093
0
LINE
8
BLACK
6
CONTINUOUS
10
5.7200974409448815
20
-3.7002872047244093
11
5.7204809448818894
21
-3.7003548031496063
0
LINE
8
BLACK
6
CONTINUOUS
10
5.7068484251968501
20
-3.707166496062992
11
5.7060262598425195
21
-3.7079886220472442
0
LINE
8
BLACK
6
CONTINUOUS
10
5.7060262598425195
20
-3.7079886220472442
11
5.7050524409448817
21
-3.7099362598425194
0
LINE
8
BLACK
6
CONTINUOUS
10
5.7050524409448817
20
-3.7099362598425194
11
5.7050524409448817
21
-3.7130415354330708
0
LINE
8
BLACK
6
CONTINUOUS
10
5.7050524409448817
20
-3.7130415354330708
11
5.7060262598425195
21
-3.7149891732283464
0
LINE
8
BLACK
6
CONTINUOUS
10
5.7060262598425195
20
-3.7149891732283464
11
5.7068484251968501
21
-3.715811338582677
0
LINE
8
BLACK
6
CONTINUOUS
10
5.7068484251968501
20
-3.715811338582677
11
5.7087959842519682
21
-3.716785118110236
0
LINE
8
BLACK
6
CONTINUOUS
10
5.7087959842519682
20
-3.716785118110236
11
5.7171446850393703
21
-3.716785118110236
0
LINE
8
BLACK
6
CONTINUOUS
10
5.7171446850393703
20
-3.716785118110236
11
5.7171446850393703
21
-3.7061927165354329
0
LINE
8
BLACK
6
CONTINUOUS
10
5.7171446850393703
20
-3.7061927165354329
11
5.7087959842519682
21
-3.7061927165354329
0
LINE
8
BLACK
6
CONTINUOUS
10
5.7087959842519682
20
-3.7061927165354329
11
5.7068484251968501
21
-3.707166496062992
0
LINE
8
BLACK
6
CONTINUOUS
10
5.8267801574803144
20
-3.7003548031496063
11
5.8269094094488185
21
-3.7003320472440944
0
LINE
8
BLACK
6
CONTINUOUS
10
5.8269094094488185
20
-3.7003320472440944
11
5.8270229921259844
21
-3.7003976377952754
0
LINE
8
BLACK
6
CONTINUOUS
10
5.8270229921259844
20
-3.7003976377952754
11
5.8274065748031498
21
-3.7004652755905512
0
LINE
8
BLACK
6
CONTINUOUS
10
5.8274065748031498
20
-3.7004652755905512
11
5.8279942519685042
21
-3.7009583858267714
0
LINE
8
BLACK
6
CONTINUOUS
10
5.8279942519685042
20
-3.7009583858267714
11
5.8286585826771651
21
-3.7013419685039368
0
LINE
8
BLACK
6
CONTINUOUS
10
5.8286585826771651
20
-3.7013419685039368
11
5.8287496850393703
21
-3.7015922834645667
0
LINE
8
BLACK
6
CONTINUOUS
10
5.8287496850393703
20
-3.7015922834645667
11
5.828953818897638
21
-3.7017635826771653
0
LINE
8
BLACK
6
CONTINUOUS
10
5.828953818897638
20
-3.7017635826771653
11
5.8290870472440943
21
-3.7025191338582677
0
LINE
8
BLACK
6
CONTINUOUS
10
5.8290870472440943
20
-3.7025191338582677
11
5.8293494094488185
21
-3.7032399606299213
0
LINE
8
BLACK
6
CONTINUOUS
10
5.8293494094488185
20
-3.7032399606299213
11
5.8293494094488185
21
-3.7347360236220473
0
LINE
8
BLACK
6
CONTINUOUS
10
5.8293494094488185
20
-3.7347360236220473
11
5.8291713385826771
21
-3.7357459448818897
0
LINE
8
BLACK
6
CONTINUOUS
10
5.8291713385826771
20
-3.7357459448818897
11
5.8278730314960629
21
-3.7372931889763779
0
LINE
8
BLACK
6
CONTINUOUS
10
5.8278730314960629
20
-3.7372931889763779
11
5.8258838976377954
21
-3.7376439370078738
0
LINE
8
BLACK
6
CONTINUOUS
10
5.8258838976377954
20
-3.7376439370078738
11
5.8241347244094488
21
-3.7366340157480313
0
LINE
8
BLACK
6
CONTINUOUS
10
5.8241347244094488
20
-3.7366340157480313
11
5.8234438976377954
21
-3.7347360236220473
0
LINE
8
BLACK
6
CONTINUOUS
10
5.8234438976377954
20
-3.7347360236220473
11
5.8234438976377954
21
-3.7226906299212597
0
LINE
8
BLACK
6
CONTINUOUS
10
5.8234438976377954
20
-3.7226906299212597
11
5.8204349606299211
21
-3.7226906299212597
0
LINE
8
BLACK
6
CONTINUOUS
10
5.8204349606299211
20
-3.7226906299212597
11
5.8108178740157479
21
-3.7364293307086611
0
LINE
8
BLACK
6
CONTINUOUS
10
5.8108178740157479
20
-3.7364293307086611
11
5.8100928740157478
21
-3.7371545669291337
0
LINE
8
BLACK
6
CONTINUOUS
10
5.8100928740157478
20
-3.7371545669291337
11
5.8081419685039366
21
-3.7376775984251966
0
LINE
8
BLACK
6
CONTINUOUS
10
5.8081419685039366
20
-3.7376775984251966
11
5.8063112598425199
21
-3.7368242519685038
0
LINE
8
BLACK
6
CONTINUOUS
10
5.8063112598425199
20
-3.7368242519685038
11
5.805457440944882
21
-3.7349937795275592
0
LINE
8
BLACK
6
CONTINUOUS
10
5.805457440944882
20
-3.7349937795275592
11
5.8059799212598424
21
-3.733042716535433
0
LINE
8
BLACK
6
CONTINUOUS
10
5.8059799212598424
20
-3.733042716535433
11
5.8133647637795276
21
-3.7224928740157481
0
LINE
8
BLACK
6
CONTINUOUS
10
5.8133647637795276
20
-3.7224928740157481
11
5.8132529527559056
21
-3.7223990551181103
0
LINE
8
BLACK
6
CONTINUOUS
10
5.8132529527559056
20
-3.7223990551181103
11
5.8130776377952751
21
-3.7223788976377952
0
LINE
8
BLACK
6
CONTINUOUS
10
5.8130776377952751
20
-3.7223788976377952
11
5.8100780314960625
21
-3.7208790944881889
0
LINE
8
BLACK
6
CONTINUOUS
10
5.8100780314960625
20
-3.7208790944881889
11
5.809368937007874
21
-3.7203531889763779
0
LINE
8
BLACK
6
CONTINUOUS
10
5.809368937007874
20
-3.7203531889763779
11
5.80931062992126
21
-3.7203259842519683
0
LINE
8
BLACK
6
CONTINUOUS
10
5.80931062992126
20
-3.7203259842519683
11
5.8078108267716537
21
-3.718826181102362
0
LINE
8
BLACK
6
CONTINUOUS
10
5.8078108267716537
20
-3.718826181102362
11
5.8073045275590554
21
-3.7181030708661416
0
LINE
8
BLACK
6
CONTINUOUS
10
5.8073045275590554
20
-3.7181030708661416
11
5.8072577165354327
21
-3.718058779527559
0
LINE
8
BLACK
6
CONTINUOUS
10
5.8072577165354327
20
-3.718058779527559
11
5.8057578740157476
21
-3.7150591338582677
0
LINE
8
BLACK
6
CONTINUOUS
10
5.8057578740157476
20
-3.7150591338582677
11
5.8054655118110237
21
-3.7140762204724407
0
LINE
8
BLACK
6
CONTINUOUS
10
5.8054655118110237
20
-3.7140762204724407
11
5.8055064960629919
21
-3.7139044881889762
0
LINE
8
BLACK
6
CONTINUOUS
10
5.8055064960629919
20
-3.7139044881889762
11
5.8054461417322836
21
-3.7137386220472441
0
LINE
8
BLACK
6
CONTINUOUS
10
5.8054461417322836
20
-3.7137386220472441
11
5.8054461417322836
21
-3.7092392125984253
0
LINE
8
BLACK
6
CONTINUOUS
10
5.8054461417322836
20
-3.7092392125984253
11
5.805624212598425
21
-3.7082292913385828
0
LINE
8
BLACK
6
CONTINUOUS
10
5.805624212598425
20
-3.7082292913385828
11
5.8057376771653546
21
-3.7080940157480313
0
LINE
8
BLACK
6
CONTINUOUS
10
5.8057376771653546
20
-3.7080940157480313
11
5.8057578740157476
21
-3.7079187007874017
0
LINE
8
BLACK
6
CONTINUOUS
10
5.8057578740157476
20
-3.7079187007874017
11
5.8072577165354327
21
-3.7049190551181104
0
LINE
8
BLACK
6
CONTINUOUS
10
5.8072577165354327
20
-3.7049190551181104
11
5.8077835433070861
21
-3.7042100787401573
0
LINE
8
BLACK
6
CONTINUOUS
10
5.8077835433070861
20
-3.7042100787401573
11
5.8078108267716537
21
-3.704151653543307
0
LINE
8
BLACK
6
CONTINUOUS
10
5.8078108267716537
20
-3.704151653543307
11
5.80931062992126
21
-3.7026518503937007
0
LINE
8
BLACK
6
CONTINUOUS
10
5.80931062992126
20
-3.7026518503937007
11
5.8100337007874012
21
-3.7021455511811023
0
LINE
8
BLACK
6
CONTINUOUS
10
5.8100337007874012
20
-3.7021455511811023
11
5.8100780314960625
21
-3.7020987401574801
0
LINE
8
BLACK
6
CONTINUOUS
10
5.8100780314960625
20
-3.7020987401574801
11
5.8130776377952751
21
-3.7005989370078738
0
LINE
8
BLACK
6
CONTINUOUS
10
5.8130776377952751
20
-3.7005989370078738
11
5.8140605905511809
21
-3.7003065748031494
0
LINE
8
BLACK
6
CONTINUOUS
10
5.8140605905511809
20
-3.7003065748031494
11
5.8142322440944882
21
-3.700347559055118
0
LINE
8
BLACK
6
CONTINUOUS
10
5.8142322440944882
20
-3.700347559055118
11
5.8143981496062986
21
-3.7002872047244093
0
LINE
8
BLACK
6
CONTINUOUS
10
5.8143981496062986
20
-3.7002872047244093
11
5.8263966535433074
21
-3.7002872047244093
0
LINE
8
BLACK
6
CONTINUOUS
10
5.8263966535433074
20
-3.7002872047244093
11
5.8267801574803144
21
-3.7003548031496063
0
LINE
8
BLACK
6
CONTINUOUS
10
5.8131476377952751
20
-3.707166496062992
11
5.8123254724409446
21
-3.7079886220472442
0
LINE
8
BLACK
6
CONTINUOUS
10
5.8123254724409446
20
-3.7079886220472442
11
5.8113516535433067
21
-3.7099362598425194
0
LINE
8
BLACK
6
CONTINUOUS
10
5.8113516535433067
20
-3.7099362598425194
11
5.8113516535433067
21
-3.7130415354330708
0
LINE
8
BLACK
6
CONTINUOUS
10
5.8113516535433067
20
-3.7130415354330708
11
5.8123254724409446
21
-3.7149891732283464
0
LINE
8
BLACK
6
CONTINUOUS
10
5.8123254724409446
20
-3.7149891732283464
11
5.8131476377952751
21
-3.715811338582677
0
LINE
8
BLACK
6
CONTINUOUS
10
5.8131476377952751
20
-3.715811338582677
11
5.8150951968503932
21
-3.716785118110236
0
LINE
8
BLACK
6
CONTINUOUS
10
5.8150951968503932
20
-3.716785118110236
11
5.8234438976377954
21
-3.716785118110236
0
LINE
8
BLACK
6
CONTINUOUS
10
5.8234438976377954
20
-3.716785118110236
11
5.8234438976377954
21
-3.7061927165354329
0
LINE
8
BLACK
6
CONTINUOUS
10
5.8234438976377954
20
-3.7061927165354329
11
5.8150951968503932
21
-3.7061927165354329
0
LINE
8
BLACK
6
CONTINUOUS
10
5.8150951968503932
20
-3.7061927165354329
11
5.8131476377952751
21
-3.707166496062992
0
LINE
8
BLACK
6
CONTINUOUS
10
6.2176646456692914
20
-3.7089719291338583
11
6.2184165354330707
21
-3.711286062992126
0
LINE
8
BLACK
6
CONTINUOUS
10
6.2184165354330707
20
-3.711286062992126
11
6.2184165354330707
21
-3.7260966929133859
0
LINE
8
BLACK
6
CONTINUOUS
10
6.2184165354330707
20
-3.7260966929133859
11
6.2311649606299211
21
-3.7260966929133859
0
LINE
8
BLACK
6
CONTINUOUS
10
6.2311649606299211
20
-3.7260966929133859
11
6.2311649606299211
21
-3.7169103543307087
0
LINE
8
BLACK
6
CONTINUOUS
10
6.2311649606299211
20
-3.7169103543307087
11
6.2319168503937004
21
-3.714596220472441
0
LINE
8
BLACK
6
CONTINUOUS
10
6.2319168503937004
20
-3.714596220472441
11
6.2338853543307087
21
-3.7131660236220472
0
LINE
8
BLACK
6
CONTINUOUS
10
6.2338853543307087
20
-3.7131660236220472
11
6.236318582677165
21
-3.7131660236220472
0
LINE
8
BLACK
6
CONTINUOUS
10
6.236318582677165
20
-3.7131660236220472
11
6.2382870866141733
21
-3.714596220472441
0
LINE
8
BLACK
6
CONTINUOUS
10
6.2382870866141733
20
-3.714596220472441
11
6.2390389763779526
21
-3.7169103543307087
0
LINE
8
BLACK
6
CONTINUOUS
10
6.2390389763779526
20
-3.7169103543307087
11
6.2390389763779526
21
-3.7260966929133859
0
LINE
8
BLACK
6
CONTINUOUS
10
6.2390389763779526
20
-3.7260966929133859
11
6.2499125984251966
21
-3.7260966929133859
0
LINE
8
BLACK
6
CONTINUOUS
10
6.2499125984251966
20
-3.7260966929133859
11
6.2499125984251966
21
-3.711286062992126
0
LINE
8
BLACK
6
CONTINUOUS
10
6.2499125984251966
20
-3.711286062992126
11
6.2506644881889759
21
-3.7089719291338583
0
LINE
8
BLACK
6
CONTINUOUS
10
6.2506644881889759
20
-3.7089719291338583
11
6.2526329921259842
21
-3.7075417322834645
0
LINE
8
BLACK
6
CONTINUOUS
10
6.2526329921259842
20
-3.7075417322834645
11
6.2550662204724405
21
-3.7075417322834645
0
LINE
8
BLACK
6
CONTINUOUS
10
6.2550662204724405
20
-3.7075417322834645
11
6.2570347244094489
21
-3.7089719291338583
0
LINE
8
BLACK
6
CONTINUOUS
10
6.2570347244094489
20
-3.7089719291338583
11
6.2577866141732281
21
-3.711286062992126
0
LINE
8
BLACK
6
CONTINUOUS
10
6.2577866141732281
20
-3.711286062992126
11
6.2577866141732281
21
-3.7300337007874016
0
LINE
8
BLACK
6
CONTINUOUS
10
6.2577866141732281
20
-3.7300337007874016
11
6.2575939370078739
21
-3.7306266929133858
0
LINE
8
BLACK
6
CONTINUOUS
10
6.2575939370078739
20
-3.7306266929133858
11
6.2575939370078739
21
-3.7312503149606298
0
LINE
8
BLACK
6
CONTINUOUS
10
6.2575939370078739
20
-3.7312503149606298
11
6.2572274015748031
21
-3.7317547637795276
0
LINE
8
BLACK
6
CONTINUOUS
10
6.2572274015748031
20
-3.7317547637795276
11
6.2570347244094489
21
-3.7323478346456693
0
LINE
8
BLACK
6
CONTINUOUS
10
6.2570347244094489
20
-3.7323478346456693
11
6.2565302362204722
21
-3.7327143307086614
0
LINE
8
BLACK
6
CONTINUOUS
10
6.2565302362204722
20
-3.7327143307086614
11
6.2561637401574801
21
-3.7332188188976376
0
LINE
8
BLACK
6
CONTINUOUS
10
6.2561637401574801
20
-3.7332188188976376
11
6.2555706692913384
21
-3.7334114960629918
0
LINE
8
BLACK
6
CONTINUOUS
10
6.2555706692913384
20
-3.7334114960629918
11
6.2550662204724405
21
-3.7337780314960627
0
LINE
8
BLACK
6
CONTINUOUS
10
6.2550662204724405
20
-3.7337780314960627
11
6.2544426377952753
21
-3.7337780314960627
0
LINE
8
BLACK
6
CONTINUOUS
10
6.2544426377952753
20
-3.7337780314960627
11
6.2538496062992124
21
-3.7339707086614173
0
LINE
8
BLACK
6
CONTINUOUS
10
6.2538496062992124
20
-3.7339707086614173
11
6.214479527559055
21
-3.7339707086614173
0
LINE
8
BLACK
6
CONTINUOUS
10
6.214479527559055
20
-3.7339707086614173
11
6.213886496062992
21
-3.7337780314960627
0
LINE
8
BLACK
6
CONTINUOUS
10
6.213886496062992
20
-3.7337780314960627
11
6.2132629133858268
21
-3.7337780314960627
0
LINE
8
BLACK
6
CONTINUOUS
10
6.2132629133858268
20
-3.7337780314960627
11
6.2127584251968502
21
-3.7334114960629918
0
LINE
8
BLACK
6
CONTINUOUS
10
6.2127584251968502
20
-3.7334114960629918
11
6.2121653937007872
21
-3.7332188188976376
0
LINE
8
BLACK
6
CONTINUOUS
10
6.2121653937007872
20
-3.7332188188976376
11
6.2117988582677164
21
-3.7327143307086614
0
LINE
8
BLACK
6
CONTINUOUS
10
6.2117988582677164
20
-3.7327143307086614
11
6.2112944094488185
21
-3.7323478346456693
0
LINE
8
BLACK
6
CONTINUOUS
10
6.2112944094488185
20
-3.7323478346456693
11
6.2111016929133855
21
-3.7317547637795276
0
LINE
8
BLACK
6
CONTINUOUS
10
6.2111016929133855
20
-3.7317547637795276
11
6.2107351968503934
21
-3.7312503149606298
0
LINE
8
BLACK
6
CONTINUOUS
10
6.2107351968503934
20
-3.7312503149606298
11
6.2107351968503934
21
-3.7306266929133858
0
LINE
8
BLACK
6
CONTINUOUS
10
6.2107351968503934
20
-3.7306266929133858
11
6.2105425196850392
21
-3.7300337007874016
0
LINE
8
BLACK
6
CONTINUOUS
10
6.2105425196850392
20
-3.7300337007874016
11
6.2105425196850392
21
-3.711286062992126
0
LINE
8
BLACK
6
CONTINUOUS
10
6.2105425196850392
20
-3.711286062992126
11
6.2112944094488185
21
-3.7089719291338583
0
LINE
8
BLACK
6
CONTINUOUS
10
6.2112944094488185
20
-3.7089719291338583
11
6.2132629133858268
21
-3.7075417322834645
0
LINE
8
BLACK
6
CONTINUOUS
10
6.2132629133858268
20
-3.7075417322834645
11
6.2156961417322831
21
-3.7075417322834645
0
LINE
8
BLACK
6
CONTINUOUS
10
6.2156961417322831
20
-3.7075417322834645
11
6.2176646456692914
21
-3.7089719291338583
0
LINE
8
BLACK
6
CONTINUOUS
10
6.1378677952755902
20
-3.6925912598425197
11
6.138003031496063
21
-3.6927047244094489
0
LINE
8
BLACK
6
CONTINUOUS
10
6.138003031496063
20
-3.6927047244094489
11
6.1381783858267713
21
-3.6927249212598423
0
LINE
8
BLACK
6
CONTINUOUS
10
6.1381783858267713
20
-3.6927249212598423
11
6.1411779921259839
21
-3.6942247244094486
0
LINE
8
BLACK
6
CONTINUOUS
10
6.1411779921259839
20
-3.6942247244094486
11
6.1418870472440945
21
-3.6947506299212596
0
LINE
8
BLACK
6
CONTINUOUS
10
6.1418870472440945
20
-3.6947506299212596
11
6.1419453937007873
21
-3.6947778346456692
0
LINE
8
BLACK
6
CONTINUOUS
10
6.1419453937007873
20
-3.6947778346456692
11
6.1434451968503936
21
-3.6962776377952755
0
LINE
8
BLACK
6
CONTINUOUS
10
6.1434451968503936
20
-3.6962776377952755
11
6.1439514566929132
21
-3.6970007086614172
0
LINE
8
BLACK
6
CONTINUOUS
10
6.1439514566929132
20
-3.6970007086614172
11
6.1439983070866138
21
-3.6970450393700784
0
LINE
8
BLACK
6
CONTINUOUS
10
6.1439983070866138
20
-3.6970450393700784
11
6.1454981496062988
21
-3.700044645669291
0
LINE
8
BLACK
6
CONTINUOUS
10
6.1454981496062988
20
-3.700044645669291
11
6.1457905118110236
21
-3.7010275984251968
0
LINE
8
BLACK
6
CONTINUOUS
10
6.1457905118110236
20
-3.7010275984251968
11
6.1457494881889758
21
-3.7011992913385825
0
LINE
8
BLACK
6
CONTINUOUS
10
6.1457494881889758
20
-3.7011992913385825
11
6.1458098818897637
21
-3.7013651968503938
0
LINE
8
BLACK
6
CONTINUOUS
10
6.1458098818897637
20
-3.7013651968503938
11
6.1458098818897637
21
-3.7028650000000001
0
LINE
8
BLACK
6
CONTINUOUS
10
6.1458098818897637
20
-3.7028650000000001
11
6.1456318110236223
21
-3.7038749212598425
0
LINE
8
BLACK
6
CONTINUOUS
10
6.1456318110236223
20
-3.7038749212598425
11
6.1455182677165352
21
-3.7040101968503936
0
LINE
8
BLACK
6
CONTINUOUS
10
6.1455182677165352
20
-3.7040101968503936
11
6.1454981102362201
21
-3.7041855511811024
0
LINE
8
BLACK
6
CONTINUOUS
10
6.1454981102362201
20
-3.7041855511811024
11
6.1439983070866138
21
-3.707185157480315
0
LINE
8
BLACK
6
CONTINUOUS
10
6.1439983070866138
20
-3.707185157480315
11
6.1434724409448815
21
-3.7078940551181101
0
LINE
8
BLACK
6
CONTINUOUS
10
6.1434724409448815
20
-3.7078940551181101
11
6.1434452362204723
21
-3.7079524803149604
0
LINE
8
BLACK
6
CONTINUOUS
10
6.1434452362204723
20
-3.7079524803149604
11
6.1425334645669292
21
-3.7088642125984252
0
LINE
8
BLACK
6
CONTINUOUS
10
6.1425334645669292
20
-3.7088642125984252
11
6.1434451968503936
21
-3.7097759448818897
0
LINE
8
BLACK
6
CONTINUOUS
10
6.1434451968503936
20
-3.7097759448818897
11
6.1439514566929132
21
-3.7104990157480313
0
LINE
8
BLACK
6
CONTINUOUS
10
6.1439514566929132
20
-3.7104990157480313
11
6.1439983070866138
21
-3.710543346456693
0
LINE
8
BLACK
6
CONTINUOUS
10
6.1439983070866138
20
-3.710543346456693
11
6.1454981496062988
21
-3.7135429527559056
0
LINE
8
BLACK
6
CONTINUOUS
10
6.1454981496062988
20
-3.7135429527559056
11
6.1457905118110236
21
-3.7145259055118109
0
LINE
8
BLACK
6
CONTINUOUS
10
6.1457905118110236
20
-3.7145259055118109
11
6.1457494881889758
21
-3.7146975984251966
0
LINE
8
BLACK
6
CONTINUOUS
10
6.1457494881889758
20
-3.7146975984251966
11
6.1458098818897637
21
-3.7148635039370079
0
LINE
8
BLACK
6
CONTINUOUS
10
6.1458098818897637
20
-3.7148635039370079
11
6.1458098818897637
21
-3.7208627559055119
0
LINE
8
BLACK
6
CONTINUOUS
10
6.1458098818897637
20
-3.7208627559055119
11
6.1456318110236223
21
-3.7218726771653543
0
LINE
8
BLACK
6
CONTINUOUS
10
6.1456318110236223
20
-3.7218726771653543
11
6.1455182677165352
21
-3.7220079527559053
0
LINE
8
BLACK
6
CONTINUOUS
10
6.1455182677165352
20
-3.7220079527559053
11
6.1454981102362201
21
-3.7221833070866142
0
LINE
8
BLACK
6
CONTINUOUS
10
6.1454981102362201
20
-3.7221833070866142
11
6.1439983070866138
21
-3.7251829133858267
0
LINE
8
BLACK
6
CONTINUOUS
10
6.1439983070866138
20
-3.7251829133858267
11
6.1434724409448815
21
-3.7258918110236219
0
LINE
8
BLACK
6
CONTINUOUS
10
6.1434724409448815
20
-3.7258918110236219
11
6.1434452362204723
21
-3.7259502362204722
0
LINE
8
BLACK
6
CONTINUOUS
10
6.1434452362204723
20
-3.7259502362204722
11
6.141945433070866
21
-3.7274500787401572
0
LINE
8
BLACK
6
CONTINUOUS
10
6.141945433070866
20
-3.7274500787401572
11
6.1412222440944877
21
-3.7279564566929131
0
LINE
8
BLACK
6
CONTINUOUS
10
6.1412222440944877
20
-3.7279564566929131
11
6.1411779921259839
21
-3.7280032283464566
0
LINE
8
BLACK
6
CONTINUOUS
10
6.1411779921259839
20
-3.7280032283464566
11
6.1381783858267713
21
-3.7295030314960629
0
LINE
8
BLACK
6
CONTINUOUS
10
6.1381783858267713
20
-3.7295030314960629
11
6.1371954330708656
21
-3.7297953937007873
0
LINE
8
BLACK
6
CONTINUOUS
10
6.1371954330708656
20
-3.7297953937007873
11
6.1370237401574803
21
-3.7297543700787399
0
LINE
8
BLACK
6
CONTINUOUS
10
6.1370237401574803
20
-3.7297543700787399
11
6.1368578740157478
21
-3.7298147637795274
0
LINE
8
BLACK
6
CONTINUOUS
10
6.1368578740157478
20
-3.7298147637795274
11
6.1308586220472439
21
-3.7298147637795274
0
LINE
8
BLACK
6
CONTINUOUS
10
6.1308586220472439
20
-3.7298147637795274
11
6.1298487007874014
21
-3.729636692913386
0
LINE
8
BLACK
6
CONTINUOUS
10
6.1298487007874014
20
-3.729636692913386
11
6.1297134251968499
21
-3.729523188976378
0
LINE
8
BLACK
6
CONTINUOUS
10
6.1297134251968499
20
-3.729523188976378
11
6.1295381102362203
21
-3.7295030314960629
0
LINE
8
BLACK
6
CONTINUOUS
10
6.1295381102362203
20
-3.7295030314960629
11
6.126538464566929
21
-3.7280032283464566
0
LINE
8
BLACK
6
CONTINUOUS
10
6.126538464566929
20
-3.7280032283464566
11
6.1258293307086609
21
-3.7274772440944881
0
LINE
8
BLACK
6
CONTINUOUS
10
6.1258293307086609
20
-3.7274772440944881
11
6.1257710236220468
21
-3.7274500787401572
0
LINE
8
BLACK
6
CONTINUOUS
10
6.1257710236220468
20
-3.7274500787401572
11
6.1242712204724405
21
-3.7259502362204722
0
LINE
8
BLACK
6
CONTINUOUS
10
6.1242712204724405
20
-3.7259502362204722
11
6.1237649212598422
21
-3.7252271653543305
0
LINE
8
BLACK
6
CONTINUOUS
10
6.1237649212598422
20
-3.7252271653543305
11
6.1237181496062991
21
-3.725182874015748
0
LINE
8
BLACK
6
CONTINUOUS
10
6.1237181496062991
20
-3.725182874015748
11
6.1222183464566928
21
-3.7221832677165354
0
LINE
8
BLACK
6
CONTINUOUS
10
6.1222183464566928
20
-3.7221832677165354
11
6.121925984251968
21
-3.7212003149606296
0
LINE
8
BLACK
6
CONTINUOUS
10
6.121925984251968
20
-3.7212003149606296
11
6.1219669685039371
21
-3.7210286220472439
0
LINE
8
BLACK
6
CONTINUOUS
10
6.1219669685039371
20
-3.7210286220472439
11
6.1219066141732279
21
-3.7208627559055119
0
LINE
8
BLACK
6
CONTINUOUS
10
6.1219066141732279
20
-3.7208627559055119
11
6.1219066141732279
21
-3.7148635039370079
0
LINE
8
BLACK
6
CONTINUOUS
10
6.1219066141732279
20
-3.7148635039370079
11
6.1220846850393702
21
-3.7138535826771655
0
LINE
8
BLACK
6
CONTINUOUS
10
6.1220846850393702
20
-3.7138535826771655
11
6.1221981496062989
21
-3.713718307086614
0
LINE
8
BLACK
6
CONTINUOUS
10
6.1221981496062989
20
-3.713718307086614
11
6.1222183464566928
21
-3.7135429921259844
0
LINE
8
BLACK
6
CONTINUOUS
10
6.1222183464566928
20
-3.7135429921259844
11
6.1237181496062991
21
-3.710543346456693
0
LINE
8
BLACK
6
CONTINUOUS
10
6.1237181496062991
20
-3.710543346456693
11
6.1242440551181101
21
-3.7098342519685037
0
LINE
8
BLACK
6
CONTINUOUS
10
6.1242440551181101
20
-3.7098342519685037
11
6.1242712598425193
21
-3.7097759448818897
0
LINE
8
BLACK
6
CONTINUOUS
10
6.1242712598425193
20
-3.7097759448818897
11
6.125182952755905
21
-3.7088642125984252
0
LINE
8
BLACK
6
CONTINUOUS
10
6.125182952755905
20
-3.7088642125984252
11
6.1242712204724405
21
-3.7079524803149604
0
LINE
8
BLACK
6
CONTINUOUS
10
6.1242712204724405
20
-3.7079524803149604
11
6.1237649212598422
21
-3.7072294094488187
0
LINE
8
BLACK
6
CONTINUOUS
10
6.1237649212598422
20
-3.7072294094488187
11
6.1237181496062991
21
-3.7071851181102362
0
LINE
8
BLACK
6
CONTINUOUS
10
6.1237181496062991
20
-3.7071851181102362
11
6.1222183464566928
21
-3.7041855118110236
0
LINE
8
BLACK
6
CONTINUOUS
10
6.1222183464566928
20
-3.7041855118110236
11
6.121925984251968
21
-3.7032025590551179
0
LINE
8
BLACK
6
CONTINUOUS
10
6.121925984251968
20
-3.7032025590551179
11
6.1219669685039371
21
-3.7030308661417322
0
LINE
8
BLACK
6
CONTINUOUS
10
6.1219669685039371
20
-3.7030308661417322
11
6.1219066141732279
21
-3.7028650000000001
0
LINE
8
BLACK
6
CONTINUOUS
10
6.1219066141732279
20
-3.7028650000000001
11
6.1219066141732279
21
-3.7013651968503938
0
LINE
8
BLACK
6
CONTINUOUS
10
6.1219066141732279
20
-3.7013651968503938
11
6.1220846850393702
21
-3.7003552755905509
0
LINE
8
BLACK
6
CONTINUOUS
10
6.1220846850393702
20
-3.7003552755905509
11
6.1221981496062989
21
-3.7002199999999998
0
LINE
8
BLACK
6
CONTINUOUS
10
6.1221981496062989
20
-3.7002199999999998
11
6.1222183464566928
21
-3.7000446850393698
0
LINE
8
BLACK
6
CONTINUOUS
10
6.1222183464566928
20
-3.7000446850393698
11
6.1237181496062991
21
-3.6970450393700784
0
LINE
8
BLACK
6
CONTINUOUS
10
6.1237181496062991
20
-3.6970450393700784
11
6.1242440551181101
21
-3.6963359448818895
0
LINE
8
BLACK
6
CONTINUOUS
10
6.1242440551181101
20
-3.6963359448818895
11
6.1242712598425193
21
-3.6962776377952755
0
LINE
8
BLACK
6
CONTINUOUS
10
6.1242712598425193
20
-3.6962776377952755
11
6.1257710629921256
21
-3.6947778346456692
0
LINE
8
BLACK
6
CONTINUOUS
10
6.1257710629921256
20
-3.6947778346456692
11
6.1264941338582677
21
-3.6942715354330709
0
LINE
8
BLACK
6
CONTINUOUS
10
6.1264941338582677
20
-3.6942715354330709
11
6.126538464566929
21
-3.6942247244094486
0
LINE
8
BLACK
6
CONTINUOUS
10
6.126538464566929
20
-3.6942247244094486
11
6.1295381102362203
21
-3.6927249212598423
0
LINE
8
BLACK
6
CONTINUOUS
10
6.1295381102362203
20
-3.6927249212598423
11
6.1305210629921261
21
-3.6924325196850392
0
LINE
8
BLACK
6
CONTINUOUS
10
6.1305210629921261
20
-3.6924325196850392
11
6.1306927559055113
21
-3.6924735433070865
0
LINE
8
BLACK
6
CONTINUOUS
10
6.1306927559055113
20
-3.6924735433070865
11
6.1308586220472439
21
-3.6924131889763778
0
LINE
8
BLACK
6
CONTINUOUS
10
6.1308586220472439
20
-3.6924131889763778
11
6.1368578740157478
21
-3.6924131889763778
0
LINE
8
BLACK
6
CONTINUOUS
10
6.1368578740157478
20
-3.6924131889763778
11
6.1378677952755902
21
-3.6925912598425197
0
LINE
8
BLACK
6
CONTINUOUS
10
6.1296080314960628
20
-3.7127907874015746
11
6.128785905511811
21
-3.7136129133858269
0
LINE
8
BLACK
6
CONTINUOUS
10
6.128785905511811
20
-3.7136129133858269
11
6.127812125984252
21
-3.7155605118110238
0
LINE
8
BLACK
6
CONTINUOUS
10
6.127812125984252
20
-3.7155605118110238
11
6.127812125984252
21
-3.7201657086614173
0
LINE
8
BLACK
6
CONTINUOUS
10
6.127812125984252
20
-3.7201657086614173
11
6.128785905511811
21
-3.7221132677165354
0
LINE
8
BLACK
6
CONTINUOUS
10
6.128785905511811
20
-3.7221132677165354
11
6.1296080708661416
21
-3.7229354724409447
0
LINE
8
BLACK
6
CONTINUOUS
10
6.1296080708661416
20
-3.7229354724409447
11
6.1315556692913384
21
-3.7239092519685038
0
LINE
8
BLACK
6
CONTINUOUS
10
6.1315556692913384
20
-3.7239092519685038
11
6.1361608267716532
21
-3.7239092519685038
0
LINE
8
BLACK
6
CONTINUOUS
10
6.1361608267716532
20
-3.7239092519685038
11
6.1381083464566926
21
-3.7229354724409447
0
LINE
8
BLACK
6
CONTINUOUS
10
6.1381083464566926
20
-3.7229354724409447
11
6.1389305118110231
21
-3.7221133070866141
0
LINE
8
BLACK
6
CONTINUOUS
10
6.1389305118110231
20
-3.7221133070866141
11
6.1399043700787397
21
-3.7201656692913385
0
LINE
8
BLACK
6
CONTINUOUS
10
6.1399043700787397
20
-3.7201656692913385
11
6.1399043700787397
21
-3.7155605511811021
0
LINE
8
BLACK
6
CONTINUOUS
10
6.1399043700787397
20
-3.7155605511811021
11
6.1389305511811019
21
-3.7136129527559056
0
LINE
8
BLACK
6
CONTINUOUS
10
6.1389305511811019
20
-3.7136129527559056
11
6.1381083858267713
21
-3.7127907874015746
0
LINE
8
BLACK
6
CONTINUOUS
10
6.1381083858267713
20
-3.7127907874015746
11
6.1361608267716532
21
-3.7118170078740156
0
LINE
8
BLACK
6
CONTINUOUS
10
6.1361608267716532
20
-3.7118170078740156
11
6.1315556692913384
21
-3.7118170078740156
0
LINE
8
BLACK
6
CONTINUOUS
10
6.1315556692913384
20
-3.7118170078740156
11
6.1296080314960628
21
-3.7127907874015746
0
LINE
8
BLACK
6
CONTINUOUS
10
6.1296080314960628
20
-3.6992924803149605
11
6.128785905511811
21
-3.7001146062992123
0
LINE
8
BLACK
6
CONTINUOUS
10
6.128785905511811
20
-3.7001146062992123
11
6.127812125984252
21
-3.7020622047244092
0
LINE
8
BLACK
6
CONTINUOUS
10
6.127812125984252
20
-3.7020622047244092
11
6.127812125984252
21
-3.7021679527559055
0
LINE
8
BLACK
6
CONTINUOUS
10
6.127812125984252
20
-3.7021679527559055
11
6.128785905511811
21
-3.7041155118110236
0
LINE
8
BLACK
6
CONTINUOUS
10
6.128785905511811
20
-3.7041155118110236
11
6.1296080708661416
21
-3.7049377165354329
0
LINE
8
BLACK
6
CONTINUOUS
10
6.1296080708661416
20
-3.7049377165354329
11
6.1315556692913384
21
-3.705911496062992
0
LINE
8
BLACK
6
CONTINUOUS
10
6.1315556692913384
20
-3.705911496062992
11
6.1361608267716532
21
-3.705911496062992
0
LINE
8
BLACK
6
CONTINUOUS
10
6.1361608267716532
20
-3.705911496062992
11
6.1381083464566926
21
-3.7049377165354329
0
LINE
8
BLACK
6
CONTINUOUS
10
6.1381083464566926
20
-3.7049377165354329
11
6.1389305118110231
21
-3.7041155511811024
0
LINE
8
BLACK
6
CONTINUOUS
10
6.1389305118110231
20
-3.7041155511811024
11
6.1399043700787397
21
-3.7021679133858267
0
LINE
8
BLACK
6
CONTINUOUS
10
6.1399043700787397
20
-3.7021679133858267
11
6.1399043700787397
21
-3.7020622440944879
0
LINE
8
BLACK
6
CONTINUOUS
10
6.1399043700787397
20
-3.7020622440944879
11
6.1389305511811019
21
-3.700114645669291
0
LINE
8
BLACK
6
CONTINUOUS
10
6.1389305511811019
20
-3.700114645669291
11
6.1381083858267713
21
-3.6992924803149605
0
LINE
8
BLACK
6
CONTINUOUS
10
6.1381083858267713
20
-3.6992924803149605
11
6.1361608267716532
21
-3.6983187007874014
0
LINE
8
BLACK
6
CONTINUOUS
10
6.1361608267716532
20
-3.6983187007874014
11
6.1315556692913384
21
-3.6983187007874014
0
LINE
8
BLACK
6
CONTINUOUS
10
6.1315556692913384
20
-3.6983187007874014
11
6.1296080314960628
21
-3.6992924803149605
0
LINE
8
BLACK
6
CONTINUOUS
10
6.1732368503937005
20
-3.6924807874015748
11
6.1733661023622046
21
-3.6924580314960629
0
LINE
8
BLACK
6
CONTINUOUS
10
6.1733661023622046
20
-3.6924580314960629
11
6.1734796850393696
21
-3.6925236220472439
0
LINE
8
BLACK
6
CONTINUOUS
10
6.1734796850393696
20
-3.6925236220472439
11
6.173863267716535
21
-3.6925912598425197
0
LINE
8
BLACK
6
CONTINUOUS
10
6.173863267716535
20
-3.6925912598425197
11
6.1744509448818894
21
-3.6930843700787399
0
LINE
8
BLACK
6
CONTINUOUS
10
6.1744509448818894
20
-3.6930843700787399
11
6.1751152755905512
21
-3.6934679527559053
0
LINE
8
BLACK
6
CONTINUOUS
10
6.1751152755905512
20
-3.6934679527559053
11
6.1752063779527555
21
-3.6937182677165352
0
LINE
8
BLACK
6
CONTINUOUS
10
6.1752063779527555
20
-3.6937182677165352
11
6.1754105118110232
21
-3.6938895669291338
0
LINE
8
BLACK
6
CONTINUOUS
10
6.1754105118110232
20
-3.6938895669291338
11
6.1755437401574804
21
-3.6946451181102362
0
LINE
8
BLACK
6
CONTINUOUS
10
6.1755437401574804
20
-3.6946451181102362
11
6.1758061023622046
21
-3.6953659448818899
0
LINE
8
BLACK
6
CONTINUOUS
10
6.1758061023622046
20
-3.6953659448818899
11
6.1758061023622046
21
-3.7268620078740158
0
LINE
8
BLACK
6
CONTINUOUS
10
6.1758061023622046
20
-3.7268620078740158
11
6.1756280314960632
21
-3.7278719291338582
0
LINE
8
BLACK
6
CONTINUOUS
10
6.1756280314960632
20
-3.7278719291338582
11
6.174329724409449
21
-3.7294191732283464
0
LINE
8
BLACK
6
CONTINUOUS
10
6.174329724409449
20
-3.7294191732283464
11
6.1723405905511806
21
-3.7297699212598423
0
LINE
8
BLACK
6
CONTINUOUS
10
6.1723405905511806
20
-3.7297699212598423
11
6.1705914173228349
21
-3.7287599999999999
0
LINE
8
BLACK
6
CONTINUOUS
10
6.1705914173228349
20
-3.7287599999999999
11
6.1699005905511806
21
-3.7268620078740158
0
LINE
8
BLACK
6
CONTINUOUS
10
6.1699005905511806
20
-3.7268620078740158
11
6.1699005905511806
21
-3.7148166141732282
0
LINE
8
BLACK
6
CONTINUOUS
10
6.1699005905511806
20
-3.7148166141732282
11
6.1668916535433072
21
-3.7148166141732282
0
LINE
8
BLACK
6
CONTINUOUS
10
6.1668916535433072
20
-3.7148166141732282
11
6.157274566929134
21
-3.7285553149606296
0
LINE
8
BLACK
6
CONTINUOUS
10
6.157274566929134
20
-3.7285553149606296
11
6.1565495669291339
21
-3.7292805511811022
0
LINE
8
BLACK
6
CONTINUOUS
10
6.1565495669291339
20
-3.7292805511811022
11
6.1545986614173227
21
-3.7298035826771652
0
LINE
8
BLACK
6
CONTINUOUS
10
6.1545986614173227
20
-3.7298035826771652
11
6.1527679527559052
21
-3.7289502362204723
0
LINE
8
BLACK
6
CONTINUOUS
10
6.1527679527559052
20
-3.7289502362204723
11
6.1519141338582672
21
-3.7271197637795277
0
LINE
8
BLACK
6
CONTINUOUS
10
6.1519141338582672
20
-3.7271197637795277
11
6.1524366141732285
21
-3.7251687007874015
0
LINE
8
BLACK
6
CONTINUOUS
10
6.1524366141732285
20
-3.7251687007874015
11
6.1598214566929128
21
-3.7146188582677167
0
LINE
8
BLACK
6
CONTINUOUS
10
6.1598214566929128
20
-3.7146188582677167
11
6.1597096456692908
21
-3.7145250393700788
0
LINE
8
BLACK
6
CONTINUOUS
10
6.1597096456692908
20
-3.7145250393700788
11
6.1595343307086612
21
-3.7145048818897637
0
LINE
8
BLACK
6
CONTINUOUS
10
6.1595343307086612
20
-3.7145048818897637
11
6.1565347244094486
21
-3.7130050787401574
0
LINE
8
BLACK
6
CONTINUOUS
10
6.1565347244094486
20
-3.7130050787401574
11
6.1558256299212601
21
-3.7124791732283464
0
LINE
8
BLACK
6
CONTINUOUS
10
6.1558256299212601
20
-3.7124791732283464
11
6.1557673228346452
21
-3.7124519685039368
0
LINE
8
BLACK
6
CONTINUOUS
10
6.1557673228346452
20
-3.7124519685039368
11
6.1542675196850389
21
-3.7109521653543305
0
LINE
8
BLACK
6
CONTINUOUS
10
6.1542675196850389
20
-3.7109521653543305
11
6.1537612204724406
21
-3.7102290551181101
0
LINE
8
BLACK
6
CONTINUOUS
10
6.1537612204724406
20
-3.7102290551181101
11
6.1537144094488188
21
-3.7101847637795276
0
LINE
8
BLACK
6
CONTINUOUS
10
6.1537144094488188
20
-3.7101847637795276
11
6.1522145669291337
21
-3.7071851181102362
0
LINE
8
BLACK
6
CONTINUOUS
10
6.1522145669291337
20
-3.7071851181102362
11
6.1519222047244089
21
-3.7062022047244092
0
LINE
8
BLACK
6
CONTINUOUS
10
6.1519222047244089
20
-3.7062022047244092
11
6.1519631889763779
21
-3.7060304724409447
0
LINE
8
BLACK
6
CONTINUOUS
10
6.1519631889763779
20
-3.7060304724409447
11
6.1519028346456688
21
-3.7058646062992127
0
LINE
8
BLACK
6
CONTINUOUS
10
6.1519028346456688
20
-3.7058646062992127
11
6.1519028346456688
21
-3.7013651968503938
0
LINE
8
BLACK
6
CONTINUOUS
10
6.1519028346456688
20
-3.7013651968503938
11
6.1520809055118111
21
-3.7003552755905509
0
LINE
8
BLACK
6
CONTINUOUS
10
6.1520809055118111
20
-3.7003552755905509
11
6.1521943700787398
21
-3.7002199999999998
0
LINE
8
BLACK
6
CONTINUOUS
10
6.1521943700787398
20
-3.7002199999999998
11
6.1522145669291337
21
-3.7000446850393698
0
LINE
8
BLACK
6
CONTINUOUS
10
6.1522145669291337
20
-3.7000446850393698
11
6.1537144094488188
21
-3.6970450393700784
0
LINE
8
BLACK
6
CONTINUOUS
10
6.1537144094488188
20
-3.6970450393700784
11
6.1542402362204722
21
-3.6963360629921258
0
LINE
8
BLACK
6
CONTINUOUS
10
6.1542402362204722
20
-3.6963360629921258
11
6.1542675196850389
21
-3.6962776377952755
0
LINE
8
BLACK
6
CONTINUOUS
10
6.1542675196850389
20
-3.6962776377952755
11
6.1557673228346452
21
-3.6947778346456692
0
LINE
8
BLACK
6
CONTINUOUS
10
6.1557673228346452
20
-3.6947778346456692
11
6.1564903937007873
21
-3.6942715354330709
0
LINE
8
BLACK
6
CONTINUOUS
10
6.1564903937007873
20
-3.6942715354330709
11
6.1565347244094486
21
-3.6942247244094486
0
LINE
8
BLACK
6
CONTINUOUS
10
6.1565347244094486
20
-3.6942247244094486
11
6.1595343307086612
21
-3.6927249212598423
0
LINE
8
BLACK
6
CONTINUOUS
10
6.1595343307086612
20
-3.6927249212598423
11
6.160517283464567
21
-3.6924325590551179
0
LINE
8
BLACK
6
CONTINUOUS
10
6.160517283464567
20
-3.6924325590551179
11
6.1606889370078735
21
-3.6924735433070865
0
LINE
8
BLACK
6
CONTINUOUS
10
6.1606889370078735
20
-3.6924735433070865
11
6.1608548425196847
21
-3.6924131889763778
0
LINE
8
BLACK
6
CONTINUOUS
10
6.1608548425196847
20
-3.6924131889763778
11
6.1728533464566926
21
-3.6924131889763778
0
LINE
8
BLACK
6
CONTINUOUS
10
6.1728533464566926
20
-3.6924131889763778
11
6.1732368503937005
21
-3.6924807874015748
0
LINE
8
BLACK
6
CONTINUOUS
10
6.1596043307086612
20
-3.6992924803149605
11
6.1587821653543307
21
-3.7001146062992123
0
LINE
8
BLACK
6
CONTINUOUS
10
6.1587821653543307
20
-3.7001146062992123
11
6.1578083464566928
21
-3.7020622440944879
0
LINE
8
BLACK
6
CONTINUOUS
10
6.1578083464566928
20
-3.7020622440944879
11
6.1578083464566928
21
-3.7051675196850393
0
LINE
8
BLACK
6
CONTINUOUS
10
6.1578083464566928
20
-3.7051675196850393
11
6.1587821653543307
21
-3.7071151574803149
0
LINE
8
BLACK
6
CONTINUOUS
10
6.1587821653543307
20
-3.7071151574803149
11
6.1596043307086612
21
-3.7079373228346455
0
LINE
8
BLACK
6
CONTINUOUS
10
6.1596043307086612
20
-3.7079373228346455
11
6.1615518897637793
21
-3.7089111023622046
0
LINE
8
BLACK
6
CONTINUOUS
10
6.1615518897637793
20
-3.7089111023622046
11
6.1699005905511806
21
-3.7089111023622046
0
LINE
8
BLACK
6
CONTINUOUS
10
6.1699005905511806
20
-3.7089111023622046
11
6.1699005905511806
21
-3.6983187007874014
0
LINE
8
BLACK
6
CONTINUOUS
10
6.1699005905511806
20
-3.6983187007874014
11
6.1615518897637793
21
-3.6983187007874014
0
LINE
8
BLACK
6
CONTINUOUS
10
6.1615518897637793
20
-3.6983187007874014
11
6.1596043307086612
21
-3.6992924803149605
0
LINE
8
BLACK
6
CONTINUOUS
10
5.9793576377952755
20
-3.7118139370078738
11
5.9800495275590553
21
-3.7134842519685041
0
LINE
8
BLACK
6
CONTINUOUS
10
5.9800495275590553
20
-3.7134842519685041
11
5.9793576377952755
21
-3.7151545669291339
0
LINE
8
BLACK
6
CONTINUOUS
10
5.9793576377952755
20
-3.7151545669291339
11
5.9776873228346457
21
-3.7158464566929132
0
LINE
8
BLACK
6
CONTINUOUS
10
5.9776873228346457
20
-3.7158464566929132
11
5.9590055905511807
21
-3.7158464566929132
0
LINE
8
BLACK
6
CONTINUOUS
10
5.9590055905511807
20
-3.7158464566929132
11
5.9573352755905509
21
-3.7151545669291339
0
LINE
8
BLACK
6
CONTINUOUS
10
5.9573352755905509
20
-3.7151545669291339
11
5.9566433858267711
21
-3.7134842519685041
0
LINE
8
BLACK
6
CONTINUOUS
10
5.9566433858267711
20
-3.7134842519685041
11
5.9573352755905509
21
-3.7118139370078738
0
LINE
8
BLACK
6
CONTINUOUS
10
5.9573352755905509
20
-3.7118139370078738
11
5.9590055905511807
21
-3.7111220472440944
0
LINE
8
BLACK
6
CONTINUOUS
10
5.9590055905511807
20
-3.7111220472440944
11
5.9776873228346457
21
-3.7111220472440944
0
LINE
8
BLACK
6
CONTINUOUS
10
5.9776873228346457
20
-3.7111220472440944
11
5.9793576377952755
21
-3.7118139370078738
0
LINE
8
BLACK
6
CONTINUOUS
10
6.247213661417323
20
-3.6682594094488188
11
6.2481112204724409
21
-3.6683946062992123
0
LINE
8
BLACK
6
CONTINUOUS
10
6.2481112204724409
20
-3.6683946062992123
11
6.2518607480314961
21
-3.6702693700787399
0
LINE
8
BLACK
6
CONTINUOUS
10
6.2518607480314961
20
-3.6702693700787399
11
6.2523153543307082
21
-3.6707171259842517
0
LINE
8
BLACK
6
CONTINUOUS
10
6.2523153543307082
20
-3.6707171259842517
11
6.2528839763779525
21
-3.6710068503937006
0
LINE
8
BLACK
6
CONTINUOUS
10
6.2528839763779525
20
-3.6710068503937006
11
6.2547587007874013
21
-3.6728816141732281
0
LINE
8
BLACK
6
CONTINUOUS
10
6.2547587007874013
20
-3.6728816141732281
11
6.2550483858267718
21
-3.6734501574803149
0
LINE
8
BLACK
6
CONTINUOUS
10
6.2550483858267718
20
-3.6734501574803149
11
6.2554962204724411
21
-3.673904842519685
0
LINE
8
BLACK
6
CONTINUOUS
10
6.2554962204724411
20
-3.673904842519685
11
6.2573709842519687
21
-3.6776543307086613
0
LINE
8
BLACK
6
CONTINUOUS
10
6.2573709842519687
20
-3.6776543307086613
11
6.257506141732283
21
-3.6785518897637792
0
LINE
8
BLACK
6
CONTINUOUS
10
6.257506141732283
20
-3.6785518897637792
11
6.2577866141732281
21
-3.6794150393700789
0
LINE
8
BLACK
6
CONTINUOUS
10
6.2577866141732281
20
-3.6794150393700789
11
6.2577866141732281
21
-3.6944131496062993
0
LINE
8
BLACK
6
CONTINUOUS
10
6.2577866141732281
20
-3.6944131496062993
11
6.2575939370078739
21
-3.6950061417322835
0
LINE
8
BLACK
6
CONTINUOUS
10
6.2575939370078739
20
-3.6950061417322835
11
6.2575939370078739
21
-3.6956297637795275
0
LINE
8
BLACK
6
CONTINUOUS
10
6.2575939370078739
20
-3.6956297637795275
11
6.2572274015748031
21
-3.6961342125984249
0
LINE
8
BLACK
6
CONTINUOUS
10
6.2572274015748031
20
-3.6961342125984249
11
6.2570347244094489
21
-3.696727283464567
0
LINE
8
BLACK
6
CONTINUOUS
10
6.2570347244094489
20
-3.696727283464567
11
6.2565302362204722
21
-3.6970937795275591
0
LINE
8
BLACK
6
CONTINUOUS
10
6.2565302362204722
20
-3.6970937795275591
11
6.2561637401574801
21
-3.6975982677165353
0
LINE
8
BLACK
6
CONTINUOUS
10
6.2561637401574801
20
-3.6975982677165353
11
6.2555706692913384
21
-3.6977909448818895
0
LINE
8
BLACK
6
CONTINUOUS
10
6.2555706692913384
20
-3.6977909448818895
11
6.2550662204724405
21
-3.6981574803149604
0
LINE
8
BLACK
6
CONTINUOUS
10
6.2550662204724405
20
-3.6981574803149604
11
6.2544426377952753
21
-3.6981574803149604
0
LINE
8
BLACK
6
CONTINUOUS
10
6.2544426377952753
20
-3.6981574803149604
11
6.2538496062992124
21
-3.698350157480315
0
LINE
8
BLACK
6
CONTINUOUS
10
6.2538496062992124
20
-3.698350157480315
11
6.214479527559055
21
-3.698350157480315
0
LINE
8
BLACK
6
CONTINUOUS
10
6.214479527559055
20
-3.698350157480315
11
6.2121653937007872
21
-3.6975982677165353
0
LINE
8
BLACK
6
CONTINUOUS
10
6.2121653937007872
20
-3.6975982677165353
11
6.2107351968503934
21
-3.6956297637795275
0
LINE
8
BLACK
6
CONTINUOUS
10
6.2107351968503934
20
-3.6956297637795275
11
6.2107351968503934
21
-3.6931965354330707
0
LINE
8
BLACK
6
CONTINUOUS
10
6.2107351968503934
20
-3.6931965354330707
11
6.2121653937007872
21
-3.6912280314960628
0
LINE
8
BLACK
6
CONTINUOUS
10
6.2121653937007872
20
-3.6912280314960628
11
6.214479527559055
21
-3.6904761417322836
0
LINE
8
BLACK
6
CONTINUOUS
10
6.214479527559055
20
-3.6904761417322836
11
6.2292901968503935
21
-3.6904761417322836
0
LINE
8
BLACK
6
CONTINUOUS
10
6.2292901968503935
20
-3.6904761417322836
11
6.2292901968503935
21
-3.6870891338582674
0
LINE
8
BLACK
6
CONTINUOUS
10
6.2292901968503935
20
-3.6870891338582674
11
6.212221811023622
21
-3.6751412992125982
0
LINE
8
BLACK
6
CONTINUOUS
10
6.212221811023622
20
-3.6751412992125982
11
6.2107571653543303
21
-3.6731982677165353
0
LINE
8
BLACK
6
CONTINUOUS
10
6.2107571653543303
20
-3.6731982677165353
11
6.2107143700787404
21
-3.6707654330708661
0
LINE
8
BLACK
6
CONTINUOUS
10
6.2107143700787404
20
-3.6707654330708661
11
6.2121097244094488
21
-3.6687720472440946
0
LINE
8
BLACK
6
CONTINUOUS
10
6.2121097244094488
20
-3.6687720472440946
11
6.2144102755905513
21
-3.6679795669291337
0
LINE
8
BLACK
6
CONTINUOUS
10
6.2144102755905513
20
-3.6679795669291337
11
6.2167372440944879
21
-3.6686906692913386
0
LINE
8
BLACK
6
CONTINUOUS
10
6.2167372440944879
20
-3.6686906692913386
11
6.2296902362204722
21
-3.6777577559055117
0
LINE
8
BLACK
6
CONTINUOUS
10
6.2296902362204722
20
-3.6777577559055117
11
6.229705826771653
21
-3.6776543700787401
0
LINE
8
BLACK
6
CONTINUOUS
10
6.229705826771653
20
-3.6776543700787401
11
6.2315805905511805
21
-3.673904842519685
0
LINE
8
BLACK
6
CONTINUOUS
10
6.2315805905511805
20
-3.673904842519685
11
6.2320283464566923
21
-3.6734501968503936
0
LINE
8
BLACK
6
CONTINUOUS
10
6.2320283464566923
20
-3.6734501968503936
11
6.2323180708661416
21
-3.6728816141732281
0
LINE
8
BLACK
6
CONTINUOUS
10
6.2323180708661416
20
-3.6728816141732281
11
6.2341928346456692
21
-3.6710068897637793
0
LINE
8
BLACK
6
CONTINUOUS
10
6.2341928346456692
20
-3.6710068897637793
11
6.234761377952756
21
-3.6707171653543305
0
LINE
8
BLACK
6
CONTINUOUS
10
6.234761377952756
20
-3.6707171653543305
11
6.2352160629921256
21
-3.6702693700787399
0
LINE
8
BLACK
6
CONTINUOUS
10
6.2352160629921256
20
-3.6702693700787399
11
6.238965551181102
21
-3.6683946062992123
0
LINE
8
BLACK
6
CONTINUOUS
10
6.238965551181102
20
-3.6683946062992123
11
6.2398631102362208
21
-3.6682594094488188
0
LINE
8
BLACK
6
CONTINUOUS
10
6.2398631102362208
20
-3.6682594094488188
11
6.2407262598425195
21
-3.6679789763779529
0
LINE
8
BLACK
6
CONTINUOUS
10
6.2407262598425195
20
-3.6679789763779529
11
6.2463505511811022
21
-3.6679789763779529
0
LINE
8
BLACK
6
CONTINUOUS
10
6.2463505511811022
20
-3.6679789763779529
11
6.247213661417323
21
-3.6682594094488188
0
LINE
8
BLACK
6
CONTINUOUS
10
6.239308818897638
20
-3.6770263779527559
11
6.2383376377952757
21
-3.6779975984251969
0
LINE
8
BLACK
6
CONTINUOUS
10
6.2383376377952757
20
-3.6779975984251969
11
6.237164212598425
21
-3.6803444488188974
0
LINE
8
BLACK
6
CONTINUOUS
10
6.237164212598425
20
-3.6803444488188974
11
6.237164212598425
21
-3.6904761417322836
0
LINE
8
BLACK
6
CONTINUOUS
10
6.237164212598425
20
-3.6904761417322836
11
6.2499125984251966
21
-3.6904761417322836
0
LINE
8
BLACK
6
CONTINUOUS
10
6.2499125984251966
20
-3.6904761417322836
11
6.2499125984251966
21
-3.6803444488188974
0
LINE
8
BLACK
6
CONTINUOUS
10
6.2499125984251966
20
-3.6803444488188974
11
6.2487391732283459
21
-3.6779975984251969
0
LINE
8
BLACK
6
CONTINUOUS
10
6.2487391732283459
20
-3.6779975984251969
11
6.2477679527559058
21
-3.6770264173228346
0
LINE
8
BLACK
6
CONTINUOUS
10
6.2477679527559058
20
-3.6770264173228346
11
6.2454211417322831
21
-3.6758529921259844
0
LINE
8
BLACK
6
CONTINUOUS
10
6.2454211417322831
20
-3.6758529921259844
11
6.2416556692913385
21
-3.6758529921259844
0
LINE
8
BLACK
6
CONTINUOUS
10
6.2416556692913385
20
-3.6758529921259844
11
6.239308818897638
21
-3.6770263779527559
0
LINE
8
BLACK
6
CONTINUOUS
10
6.0508786614173227
20
-3.6492841732283465
11
6.0524259055118108
21
-3.6505824803149607
0
LINE
8
BLACK
6
CONTINUOUS
10
6.0524259055118108
20
-3.6505824803149607
11
6.0527766535433072
21
-3.6525716141732283
0
LINE
8
BLACK
6
CONTINUOUS
10
6.0527766535433072
20
-3.6525716141732283
11
6.0517667322834647
21
-3.6543207874015748
0
LINE
8
BLACK
6
CONTINUOUS
10
6.0517667322834647
20
-3.6543207874015748
11
6.0498687401574802
21
-3.6550116141732283
0
LINE
8
BLACK
6
CONTINUOUS
10
6.0498687401574802
20
-3.6550116141732283
11
6.0368783464566924
21
-3.6550116141732283
0
LINE
8
BLACK
6
CONTINUOUS
10
6.0368783464566924
20
-3.6550116141732283
11
6.0430920472440945
21
-3.6621129921259841
0
LINE
8
BLACK
6
CONTINUOUS
10
6.0430920472440945
20
-3.6621129921259841
11
6.0433219685039372
21
-3.6624928346456693
0
LINE
8
BLACK
6
CONTINUOUS
10
6.0433219685039372
20
-3.6624928346456693
11
6.0434270078740155
21
-3.6625809842519685
0
LINE
8
BLACK
6
CONTINUOUS
10
6.0434270078740155
20
-3.6625809842519685
11
6.0434482283464561
21
-3.6627014566929135
0
LINE
8
BLACK
6
CONTINUOUS
10
6.0434482283464561
20
-3.6627014566929135
11
6.0436230708661416
21
-3.662990275590551
0
LINE
8
BLACK
6
CONTINUOUS
10
6.0436230708661416
20
-3.662990275590551
11
6.0436395275590549
21
-3.6637862204724407
0
LINE
8
BLACK
6
CONTINUOUS
10
6.0436395275590549
20
-3.6637862204724407
11
6.0437777559055119
21
-3.6645701181102361
0
LINE
8
BLACK
6
CONTINUOUS
10
6.0437777559055119
20
-3.6645701181102361
11
6.0436599606299213
21
-3.6647740944881888
0
LINE
8
BLACK
6
CONTINUOUS
10
6.0436599606299213
20
-3.6647740944881888
11
6.0436648425196848
21
-3.6650096456692913
0
LINE
8
BLACK
6
CONTINUOUS
10
6.0436648425196848
20
-3.6650096456692913
11
6.0431657874015743
21
-3.6656299999999997
0
LINE
8
BLACK
6
CONTINUOUS
10
6.0431657874015743
20
-3.6656299999999997
11
6.0427678346456695
21
-3.6663192913385827
0
LINE
8
BLACK
6
CONTINUOUS
10
6.0427678346456695
20
-3.6663192913385827
11
6.0425464960629922
21
-3.6663998031496061
0
LINE
8
BLACK
6
CONTINUOUS
10
6.0425464960629922
20
-3.6663998031496061
11
6.0423988188976381
21
-3.6665834645669291
0
LINE
8
BLACK
6
CONTINUOUS
10
6.0423988188976381
20
-3.6665834645669291
11
6.0416177165354332
21
-3.6667378740157481
0
LINE
8
BLACK
6
CONTINUOUS
10
6.0416177165354332
20
-3.6667378740157481
11
6.040869842519685
21
-3.6670101181102361
0
LINE
8
BLACK
6
CONTINUOUS
10
6.040869842519685
20
-3.6670101181102361
11
6.0370674803149607
21
-3.6670101181102361
0
LINE
8
BLACK
6
CONTINUOUS
10
6.0370674803149607
20
-3.6670101181102361
11
6.035119842519685
21
-3.6679838976377952
0
LINE
8
BLACK
6
CONTINUOUS
10
6.035119842519685
20
-3.6679838976377952
11
6.0342977165354332
21
-3.668806023622047
0
LINE
8
BLACK
6
CONTINUOUS
10
6.0342977165354332
20
-3.668806023622047
11
6.0333239370078742
21
-3.6707536220472439
0
LINE
8
BLACK
6
CONTINUOUS
10
6.0333239370078742
20
-3.6707536220472439
11
6.0333239370078742
21
-3.6768586220472441
0
LINE
8
BLACK
6
CONTINUOUS
10
6.0333239370078742
20
-3.6768586220472441
11
6.0342977165354332
21
-3.6788061811023622
0
LINE
8
BLACK
6
CONTINUOUS
10
6.0342977165354332
20
-3.6788061811023622
11
6.0351198818897638
21
-3.6796283858267715
0
LINE
8
BLACK
6
CONTINUOUS
10
6.0351198818897638
20
-3.6796283858267715
11
6.0370674803149607
21
-3.6806021653543306
0
LINE
8
BLACK
6
CONTINUOUS
10
6.0370674803149607
20
-3.6806021653543306
11
6.044672244094488
21
-3.6806021653543306
0
LINE
8
BLACK
6
CONTINUOUS
10
6.044672244094488
20
-3.6806021653543306
11
6.0466198031496061
21
-3.6796283858267715
0
LINE
8
BLACK
6
CONTINUOUS
10
6.0466198031496061
20
-3.6796283858267715
11
6.0477807874015745
21
-3.6784674015748031
0
LINE
8
BLACK
6
CONTINUOUS
10
6.0477807874015745
20
-3.6784674015748031
11
6.0486208267716535
21
-3.6778791732283462
0
LINE
8
BLACK
6
CONTINUOUS
10
6.0486208267716535
20
-3.6778791732283462
11
6.0506329133858268
21
-3.6777031102362203
0
LINE
8
BLACK
6
CONTINUOUS
10
6.0506329133858268
20
-3.6777031102362203
11
6.0522874803149609
21
-3.6788616141732282
0
LINE
8
BLACK
6
CONTINUOUS
10
6.0522874803149609
20
-3.6788616141732282
11
6.0528102362204725
21
-3.6808125984251969
0
LINE
8
BLACK
6
CONTINUOUS
10
6.0528102362204725
20
-3.6808125984251969
11
6.0519566929133859
21
-3.682643149606299
0
LINE
8
BLACK
6
CONTINUOUS
10
6.0519566929133859
20
-3.682643149606299
11
6.0504568897637796
21
-3.6841429921259841
0
LINE
8
BLACK
6
CONTINUOUS
10
6.0504568897637796
20
-3.6841429921259841
11
6.0497337007874012
21
-3.6846493700787399
0
LINE
8
BLACK
6
CONTINUOUS
10
6.0497337007874012
20
-3.6846493700787399
11
6.0496894488188975
21
-3.6846961417322834
0
LINE
8
BLACK
6
CONTINUOUS
10
6.0496894488188975
20
-3.6846961417322834
11
6.0466898031496061
21
-3.6861959448818897
0
LINE
8
BLACK
6
CONTINUOUS
10
6.0466898031496061
20
-3.6861959448818897
11
6.0457068503937004
21
-3.6864883464566929
0
LINE
8
BLACK
6
CONTINUOUS
10
6.0457068503937004
20
-3.6864883464566929
11
6.0455351181102364
21
-3.6864472834645667
0
LINE
8
BLACK
6
CONTINUOUS
10
6.0455351181102364
20
-3.6864472834645667
11
6.0453692913385826
21
-3.6865076771653542
0
LINE
8
BLACK
6
CONTINUOUS
10
6.0453692913385826
20
-3.6865076771653542
11
6.0363704330708661
21
-3.6865076771653542
0
LINE
8
BLACK
6
CONTINUOUS
10
6.0363704330708661
20
-3.6865076771653542
11
6.0353605118110236
21
-3.6863296062992124
0
LINE
8
BLACK
6
CONTINUOUS
10
6.0353605118110236
20
-3.6863296062992124
11
6.0352252362204721
21
-3.6862161023622044
0
LINE
8
BLACK
6
CONTINUOUS
10
6.0352252362204721
20
-3.6862161023622044
11
6.0350499212598425
21
-3.6861959448818897
0
LINE
8
BLACK
6
CONTINUOUS
10
6.0350499212598425
20
-3.6861959448818897
11
6.0320502755905512
21
-3.6846961417322834
0
LINE
8
BLACK
6
CONTINUOUS
10
6.0320502755905512
20
-3.6846961417322834
11
6.0313411417322831
21
-3.684170157480315
0
LINE
8
BLACK
6
CONTINUOUS
10
6.0313411417322831
20
-3.684170157480315
11
6.0312828346456691
21
-3.6841429921259841
0
LINE
8
BLACK
6
CONTINUOUS
10
6.0312828346456691
20
-3.6841429921259841
11
6.0297830314960628
21
-3.682643149606299
0
LINE
8
BLACK
6
CONTINUOUS
10
6.0297830314960628
20
-3.682643149606299
11
6.0292767322834644
21
-3.6819200787401574
0
LINE
8
BLACK
6
CONTINUOUS
10
6.0292767322834644
20
-3.6819200787401574
11
6.0292299606299213
21
-3.6818757874015748
0
LINE
8
BLACK
6
CONTINUOUS
10
6.0292299606299213
20
-3.6818757874015748
11
6.027730157480315
21
-3.6788761811023623
0
LINE
8
BLACK
6
CONTINUOUS
10
6.027730157480315
20
-3.6788761811023623
11
6.0274377952755902
21
-3.6778932283464565
0
LINE
8
BLACK
6
CONTINUOUS
10
6.0274377952755902
20
-3.6778932283464565
11
6.0274787795275593
21
-3.6777215354330708
0
LINE
8
BLACK
6
CONTINUOUS
10
6.0274787795275593
20
-3.6777215354330708
11
6.0274184251968501
21
-3.6775556692913387
0
LINE
8
BLACK
6
CONTINUOUS
10
6.0274184251968501
20
-3.6775556692913387
11
6.0274184251968501
21
-3.6700566141732285
0
LINE
8
BLACK
6
CONTINUOUS
10
6.0274184251968501
20
-3.6700566141732285
11
6.0275964960629924
21
-3.6690466929133856
0
LINE
8
BLACK
6
CONTINUOUS
10
6.0275964960629924
20
-3.6690466929133856
11
6.0277099606299211
21
-3.6689114173228345
0
LINE
8
BLACK
6
CONTINUOUS
10
6.0277099606299211
20
-3.6689114173228345
11
6.027730157480315
21
-3.6687361023622045
0
LINE
8
BLACK
6
CONTINUOUS
10
6.027730157480315
20
-3.6687361023622045
11
6.0292299606299213
21
-3.6657364566929131
0
LINE
8
BLACK
6
CONTINUOUS
10
6.0292299606299213
20
-3.6657364566929131
11
6.0297558661417323
21
-3.6650273622047242
0
LINE
8
BLACK
6
CONTINUOUS
10
6.0297558661417323
20
-3.6650273622047242
11
6.0297830708661415
21
-3.6649690551181102
0
LINE
8
BLACK
6
CONTINUOUS
10
6.0297830708661415
20
-3.6649690551181102
11
6.0312828740157478
21
-3.6634692519685039
0
LINE
8
BLACK
6
CONTINUOUS
10
6.0312828740157478
20
-3.6634692519685039
11
6.0320059448818899
21
-3.6629629527559056
0
LINE
8
BLACK
6
CONTINUOUS
10
6.0320059448818899
20
-3.6629629527559056
11
6.0320502755905512
21
-3.6629161417322833
0
LINE
8
BLACK
6
CONTINUOUS
10
6.0320502755905512
20
-3.6629161417322833
11
6.0347615748031496
21
-3.6615604724409447
0
LINE
8
BLACK
6
CONTINUOUS
10
6.0347615748031496
20
-3.6615604724409447
11
6.0281490157480313
21
-3.6540032677165355
0
LINE
8
BLACK
6
CONTINUOUS
10
6.0281490157480313
20
-3.6540032677165355
11
6.0279190944881886
21
-3.6536233858267715
0
LINE
8
BLACK
6
CONTINUOUS
10
6.0279190944881886
20
-3.6536233858267715
11
6.0278140157480316
21
-3.6535352362204723
0
LINE
8
BLACK
6
CONTINUOUS
10
6.0278140157480316
20
-3.6535352362204723
11
6.0277927559055113
21
-3.6534146456692911
0
LINE
8
BLACK
6
CONTINUOUS
10
6.0277927559055113
20
-3.6534146456692911
11
6.0276179921259843
21
-3.6531259448818898
0
LINE
8
BLACK
6
CONTINUOUS
10
6.0276179921259843
20
-3.6531259448818898
11
6.0276014960629922
21
-3.6523300787401576
0
LINE
8
BLACK
6
CONTINUOUS
10
6.0276014960629922
20
-3.6523300787401576
11
6.0274632677165352
21
-3.6515461023622047
0
LINE
8
BLACK
6
CONTINUOUS
10
6.0274632677165352
20
-3.6515461023622047
11
6.0275810236220471
21
-3.6513420866141733
0
LINE
8
BLACK
6
CONTINUOUS
10
6.0275810236220471
20
-3.6513420866141733
11
6.0275761811023623
21
-3.6511065748031495
0
LINE
8
BLACK
6
CONTINUOUS
10
6.0275761811023623
20
-3.6511065748031495
11
6.0280751574803144
21
-3.6504862598425194
0
LINE
8
BLACK
6
CONTINUOUS
10
6.0280751574803144
20
-3.6504862598425194
11
6.0284731889763776
21
-3.6497969291338581
0
LINE
8
BLACK
6
CONTINUOUS
10
6.0284731889763776
20
-3.6497969291338581
11
6.0286945275590549
21
-3.6497163385826772
0
LINE
8
BLACK
6
CONTINUOUS
10
6.0286945275590549
20
-3.6497163385826772
11
6.028842204724409
21
-3.6495327952755905
0
LINE
8
BLACK
6
CONTINUOUS
10
6.028842204724409
20
-3.6495327952755905
11
6.0296231496062989
21
-3.6493783464566927
0
LINE
8
BLACK
6
CONTINUOUS
10
6.0296231496062989
20
-3.6493783464566927
11
6.0303711811023621
21
-3.6491061023622047
0
LINE
8
BLACK
6
CONTINUOUS
10
6.0303711811023621
20
-3.6491061023622047
11
6.0498687401574802
21
-3.6491061023622047
0
LINE
8
BLACK
6
CONTINUOUS
10
6.0498687401574802
20
-3.6491061023622047
11
6.0508786614173227
21
-3.6492841732283465
0
LINE
8
BLACK
6
CONTINUOUS
10
6.0787486614173227
20
-3.6491737007874017
11
6.0788779133858268
21
-3.6491509448818897
0
LINE
8
BLACK
6
CONTINUOUS
10
6.0788779133858268
20
-3.6491509448818897
11
6.0789914960629918
21
-3.6492165354330708
0
LINE
8
BLACK
6
CONTINUOUS
10
6.0789914960629918
20
-3.6492165354330708
11
6.0793750787401573
21
-3.6492841732283465
0
LINE
8
BLACK
6
CONTINUOUS
10
6.0793750787401573
20
-3.6492841732283465
11
6.0799627559055116
21
-3.6497772834645668
0
LINE
8
BLACK
6
CONTINUOUS
10
6.0799627559055116
20
-3.6497772834645668
11
6.0806270866141734
21
-3.6501608661417322
0
LINE
8
BLACK
6
CONTINUOUS
10
6.0806270866141734
20
-3.6501608661417322
11
6.0807181889763777
21
-3.6504111811023621
0
LINE
8
BLACK
6
CONTINUOUS
10
6.0807181889763777
20
-3.6504111811023621
11
6.0809223228346454
21
-3.6505824803149607
0
LINE
8
BLACK
6
CONTINUOUS
10
6.0809223228346454
20
-3.6505824803149607
11
6.0810555511811026
21
-3.6513380314960631
0
LINE
8
BLACK
6
CONTINUOUS
10
6.0810555511811026
20
-3.6513380314960631
11
6.0813179133858268
21
-3.6520588582677163
0
LINE
8
BLACK
6
CONTINUOUS
10
6.0813179133858268
20
-3.6520588582677163
11
6.0813179133858268
21
-3.6835549212598426
0
LINE
8
BLACK
6
CONTINUOUS
10
6.0813179133858268
20
-3.6835549212598426
11
6.0811398425196845
21
-3.6845648425196851
0
LINE
8
BLACK
6
CONTINUOUS
10
6.0811398425196845
20
-3.6845648425196851
11
6.0798415354330704
21
-3.6861120866141732
0
LINE
8
BLACK
6
CONTINUOUS
10
6.0798415354330704
20
-3.6861120866141732
11
6.0778524015748028
21
-3.6864628346456692
0
LINE
8
BLACK
6
CONTINUOUS
10
6.0778524015748028
20
-3.6864628346456692
11
6.0761032283464562
21
-3.6854529133858267
0
LINE
8
BLACK
6
CONTINUOUS
10
6.0761032283464562
20
-3.6854529133858267
11
6.0754124015748028
21
-3.6835549212598426
0
LINE
8
BLACK
6
CONTINUOUS
10
6.0754124015748028
20
-3.6835549212598426
11
6.0754124015748028
21
-3.671509527559055
0
LINE
8
BLACK
6
CONTINUOUS
10
6.0754124015748028
20
-3.671509527559055
11
6.0724034645669294
21
-3.671509527559055
0
LINE
8
BLACK
6
CONTINUOUS
10
6.0724034645669294
20
-3.671509527559055
11
6.0627863779527562
21
-3.6852482283464565
0
LINE
8
BLACK
6
CONTINUOUS
10
6.0627863779527562
20
-3.6852482283464565
11
6.0620613779527561
21
-3.6859734645669291
0
LINE
8
BLACK
6
CONTINUOUS
10
6.0620613779527561
20
-3.6859734645669291
11
6.0601104724409449
21
-3.686496496062992
0
LINE
8
BLACK
6
CONTINUOUS
10
6.0601104724409449
20
-3.686496496062992
11
6.0582797637795274
21
-3.6856431496062991
0
LINE
8
BLACK
6
CONTINUOUS
10
6.0582797637795274
20
-3.6856431496062991
11
6.0574259448818895
21
-3.6838126771653541
0
LINE
8
BLACK
6
CONTINUOUS
10
6.0574259448818895
20
-3.6838126771653541
11
6.0579484251968498
21
-3.6818616141732283
0
LINE
8
BLACK
6
CONTINUOUS
10
6.0579484251968498
20
-3.6818616141732283
11
6.065333267716535
21
-3.6713117716535431
0
LINE
8
BLACK
6
CONTINUOUS
10
6.065333267716535
20
-3.6713117716535431
11
6.065221456692913
21
-3.6712179527559052
0
LINE
8
BLACK
6
CONTINUOUS
10
6.065221456692913
20
-3.6712179527559052
11
6.0650461417322834
21
-3.6711977952755905
0
LINE
8
BLACK
6
CONTINUOUS
10
6.0650461417322834
20
-3.6711977952755905
11
6.0620465354330708
21
-3.6696979921259842
0
LINE
8
BLACK
6
CONTINUOUS
10
6.0620465354330708
20
-3.6696979921259842
11
6.0613374409448815
21
-3.6691720866141733
0
LINE
8
BLACK
6
CONTINUOUS
10
6.0613374409448815
20
-3.6691720866141733
11
6.0612791338582674
21
-3.6691448818897636
0
LINE
8
BLACK
6
CONTINUOUS
10
6.0612791338582674
20
-3.6691448818897636
11
6.0597793307086611
21
-3.6676450787401573
0
LINE
8
BLACK
6
CONTINUOUS
10
6.0597793307086611
20
-3.6676450787401573
11
6.0592730314960628
21
-3.6669219685039369
0
LINE
8
BLACK
6
CONTINUOUS
10
6.0592730314960628
20
-3.6669219685039369
11
6.059226220472441
21
-3.6668776771653544
0
LINE
8
BLACK
6
CONTINUOUS
10
6.059226220472441
20
-3.6668776771653544
11
6.0577263779527559
21
-3.6638780314960631
0
LINE
8
BLACK
6
CONTINUOUS
10
6.0577263779527559
20
-3.6638780314960631
11
6.0574340157480311
21
-3.662895118110236
0
LINE
8
BLACK
6
CONTINUOUS
10
6.0574340157480311
20
-3.662895118110236
11
6.0574750000000002
21
-3.6627233858267716
0
LINE
8
BLACK
6
CONTINUOUS
10
6.0574750000000002
20
-3.6627233858267716
11
6.057414645669291
21
-3.6625575196850395
0
LINE
8
BLACK
6
CONTINUOUS
10
6.057414645669291
20
-3.6625575196850395
11
6.057414645669291
21
-3.6580581102362202
0
LINE
8
BLACK
6
CONTINUOUS
10
6.057414645669291
20
-3.6580581102362202
11
6.0575927165354333
21
-3.6570481889763777
0
LINE
8
BLACK
6
CONTINUOUS
10
6.0575927165354333
20
-3.6570481889763777
11
6.057706181102362
21
-3.6569129133858267
0
LINE
8
BLACK
6
CONTINUOUS
10
6.057706181102362
20
-3.6569129133858267
11
6.0577263779527559
21
-3.6567375984251966
0
LINE
8
BLACK
6
CONTINUOUS
10
6.0577263779527559
20
-3.6567375984251966
11
6.059226220472441
21
-3.6537379527559053
0
LINE
8
BLACK
6
CONTINUOUS
10
6.059226220472441
20
-3.6537379527559053
11
6.0597520472440944
21
-3.6530289763779527
0
LINE
8
BLACK
6
CONTINUOUS
10
6.0597520472440944
20
-3.6530289763779527
11
6.0597793307086611
21
-3.6529705511811024
0
LINE
8
BLACK
6
CONTINUOUS
10
6.0597793307086611
20
-3.6529705511811024
11
6.0612791338582674
21
-3.6514707480314961
0
LINE
8
BLACK
6
CONTINUOUS
10
6.0612791338582674
20
-3.6514707480314961
11
6.0620022047244095
21
-3.6509644488188977
0
LINE
8
BLACK
6
CONTINUOUS
10
6.0620022047244095
20
-3.6509644488188977
11
6.0620465354330708
21
-3.6509176377952754
0
LINE
8
BLACK
6
CONTINUOUS
10
6.0620465354330708
20
-3.6509176377952754
11
6.0650461417322834
21
-3.6494178346456692
0
LINE
8
BLACK
6
CONTINUOUS
10
6.0650461417322834
20
-3.6494178346456692
11
6.0660290944881892
21
-3.6491254724409448
0
LINE
8
BLACK
6
CONTINUOUS
10
6.0660290944881892
20
-3.6491254724409448
11
6.0662007480314957
21
-3.6491664566929134
0
LINE
8
BLACK
6
CONTINUOUS
10
6.0662007480314957
20
-3.6491664566929134
11
6.066366653543307
21
-3.6491061023622047
0
LINE
8
BLACK
6
CONTINUOUS
10
6.066366653543307
20
-3.6491061023622047
11
6.0783651574803148
21
-3.6491061023622047
0
LINE
8
BLACK
6
CONTINUOUS
10
6.0783651574803148
20
-3.6491061023622047
11
6.0787486614173227
21
-3.6491737007874017
0
LINE
8
BLACK
6
CONTINUOUS
10
6.0651161417322834
20
-3.6559853937007873
11
6.0642939763779529
21
-3.6568075196850391
0
LINE
8
BLACK
6
CONTINUOUS
10
6.0642939763779529
20
-3.6568075196850391
11
6.0633201574803151
21
-3.6587551574803148
0
LINE
8
BLACK
6
CONTINUOUS
10
6.0633201574803151
20
-3.6587551574803148
11
6.0633201574803151
21
-3.6618604330708662
0
LINE
8
BLACK
6
CONTINUOUS
10
6.0633201574803151
20
-3.6618604330708662
11
6.0642939763779529
21
-3.6638080708661418
0
LINE
8
BLACK
6
CONTINUOUS
10
6.0642939763779529
20
-3.6638080708661418
11
6.0651161417322834
21
-3.6646302362204723
0
LINE
8
BLACK
6
CONTINUOUS
10
6.0651161417322834
20
-3.6646302362204723
11
6.0670637007874015
21
-3.6656040157480314
0
LINE
8
BLACK
6
CONTINUOUS
10
6.0670637007874015
20
-3.6656040157480314
11
6.0754124015748028
21
-3.6656040157480314
0
LINE
8
BLACK
6
CONTINUOUS
10
6.0754124015748028
20
-3.6656040157480314
11
6.0754124015748028
21
-3.6550116141732283
0
LINE
8
BLACK
6
CONTINUOUS
10
6.0754124015748028
20
-3.6550116141732283
11
6.0670637007874015
21
-3.6550116141732283
0
LINE
8
BLACK
6
CONTINUOUS
10
6.0670637007874015
20
-3.6550116141732283
11
6.0651161417322834
21
-3.6559853937007873
0
LINE
8
BLACK
6
CONTINUOUS
10
5.9793576377952755
20
-3.6706722047244096
11
5.9800495275590553
21
-3.6723425196850394
0
LINE
8
BLACK
6
CONTINUOUS
10
5.9800495275590553
20
-3.6723425196850394
11
5.9793576377952755
21
-3.6740128346456693
0
LINE
8
BLACK
6
CONTINUOUS
10
5.9793576377952755
20
-3.6740128346456693
11
5.9776873228346457
21
-3.6747047244094486
0
LINE
8
BLACK
6
CONTINUOUS
10
5.9776873228346457
20
-3.6747047244094486
11
5.9590055905511807
21
-3.6747047244094486
0
LINE
8
BLACK
6
CONTINUOUS
10
5.9590055905511807
20
-3.6747047244094486
11
5.9573352755905509
21
-3.6740128346456693
0
LINE
8
BLACK
6
CONTINUOUS
10
5.9573352755905509
20
-3.6740128346456693
11
5.9566433858267711
21
-3.6723425196850394
0
LINE
8
BLACK
6
CONTINUOUS
10
5.9566433858267711
20
-3.6723425196850394
11
5.9573352755905509
21
-3.6706722047244096
0
LINE
8
BLACK
6
CONTINUOUS
10
5.9573352755905509
20
-3.6706722047244096
11
5.9590055905511807
21
-3.6699803149606298
0
LINE
8
BLACK
6
CONTINUOUS
10
5.9590055905511807
20
-3.6699803149606298
11
5.9776873228346457
21
-3.6699803149606298
0
LINE
8
BLACK
6
CONTINUOUS
10
5.9776873228346457
20
-3.6699803149606298
11
5.9793576377952755
21
-3.6706722047244096
0
LINE
8
BLACK
6
CONTINUOUS
10
6.4046570472440942
20
-3.6364546456692914
11
6.4047916141732282
21
-3.6364429133858267
0
LINE
8
BLACK
6
CONTINUOUS
10
6.4047916141732282
20
-3.6364429133858267
11
6.4055197637795276
21
-3.6369527559055119
0
LINE
8
BLACK
6
CONTINUOUS
10
6.4055197637795276
20
-3.6369527559055119
11
6.4062892913385827
21
-3.6373970866141732
0
LINE
8
BLACK
6
CONTINUOUS
10
6.4062892913385827
20
-3.6373970866141732
11
6.4063354330708657
21
-3.6375239370078738
0
LINE
8
BLACK
6
CONTINUOUS
10
6.4063354330708657
20
-3.6375239370078738
11
6.4064461417322836
21
-3.6376014566929133
0
LINE
8
BLACK
6
CONTINUOUS
10
6.4064461417322836
20
-3.6376014566929133
11
6.4066761417322837
21
-3.6384599999999998
0
LINE
8
BLACK
6
CONTINUOUS
10
6.4066761417322837
20
-3.6384599999999998
11
6.4069801181102362
21
-3.6392950787401572
0
LINE
8
BLACK
6
CONTINUOUS
10
6.4069801181102362
20
-3.6392950787401572
11
6.4069801181102362
21
-3.6587926377952753
0
LINE
8
BLACK
6
CONTINUOUS
10
6.4069801181102362
20
-3.6587926377952753
11
6.4068020472440947
21
-3.6598025590551182
0
LINE
8
BLACK
6
CONTINUOUS
10
6.4068020472440947
20
-3.6598025590551182
11
6.4055037401574806
21
-3.6613498031496063
0
LINE
8
BLACK
6
CONTINUOUS
10
6.4055037401574806
20
-3.6613498031496063
11
6.4035146062992121
21
-3.6617005511811023
0
LINE
8
BLACK
6
CONTINUOUS
10
6.4035146062992121
20
-3.6617005511811023
11
6.4017654330708664
21
-3.6606906299212598
0
LINE
8
BLACK
6
CONTINUOUS
10
6.4017654330708664
20
-3.6606906299212598
11
6.4010746062992121
21
-3.6587926377952753
0
LINE
8
BLACK
6
CONTINUOUS
10
6.4010746062992121
20
-3.6587926377952753
11
6.4010746062992121
21
-3.6464236614173227
0
LINE
8
BLACK
6
CONTINUOUS
10
6.4010746062992121
20
-3.6464236614173227
11
6.3881175196850393
21
-3.6593807480314959
0
LINE
8
BLACK
6
CONTINUOUS
10
6.3881175196850393
20
-3.6593807480314959
11
6.3872774803149603
21
-3.6599689370078741
0
LINE
8
BLACK
6
CONTINUOUS
10
6.3872774803149603
20
-3.6599689370078741
11
6.3871016141732282
21
-3.6599842913385827
0
LINE
8
BLACK
6
CONTINUOUS
10
6.3871016141732282
20
-3.6599842913385827
11
6.3869633464566924
21
-3.66009405511811
0
LINE
8
BLACK
6
CONTINUOUS
10
6.3869633464566924
20
-3.66009405511811
11
6.3824638976377948
21
-3.6615938582677163
0
LINE
8
BLACK
6
CONTINUOUS
10
6.3824638976377948
20
-3.6615938582677163
11
6.3815907086614168
21
-3.6617233070866142
0
LINE
8
BLACK
6
CONTINUOUS
10
6.3815907086614168
20
-3.6617233070866142
11
6.3815301574803147
21
-3.6617453937007873
0
LINE
8
BLACK
6
CONTINUOUS
10
6.3815301574803147
20
-3.6617453937007873
11
6.3785305511811021
21
-3.6617453937007873
0
LINE
8
BLACK
6
CONTINUOUS
10
6.3785305511811021
20
-3.6617453937007873
11
6.3775206299212597
21
-3.6615673228346455
0
LINE
8
BLACK
6
CONTINUOUS
10
6.3775206299212597
20
-3.6615673228346455
11
6.3773853543307082
21
-3.6614538188976375
0
LINE
8
BLACK
6
CONTINUOUS
10
6.3773853543307082
20
-3.6614538188976375
11
6.3772100393700786
21
-3.6614336614173228
0
LINE
8
BLACK
6
CONTINUOUS
10
6.3772100393700786
20
-3.6614336614173228
11
6.3742103937007872
21
-3.6599338582677166
0
LINE
8
BLACK
6
CONTINUOUS
10
6.3742103937007872
20
-3.6599338582677166
11
6.3735012992125979
21
-3.6594079527559056
0
LINE
8
BLACK
6
CONTINUOUS
10
6.3735012992125979
20
-3.6594079527559056
11
6.3734429921259839
21
-3.6593807480314959
0
LINE
8
BLACK
6
CONTINUOUS
10
6.3734429921259839
20
-3.6593807480314959
11
6.3719431889763776
21
-3.6578809448818896
0
LINE
8
BLACK
6
CONTINUOUS
10
6.3719431889763776
20
-3.6578809448818896
11
6.3714368897637792
21
-3.6571578346456692
0
LINE
8
BLACK
6
CONTINUOUS
10
6.3714368897637792
20
-3.6571578346456692
11
6.3713900787401574
21
-3.6571135433070867
0
LINE
8
BLACK
6
CONTINUOUS
10
6.3713900787401574
20
-3.6571135433070867
11
6.3698902755905511
21
-3.6541138976377954
0
LINE
8
BLACK
6
CONTINUOUS
10
6.3698902755905511
20
-3.6541138976377954
11
6.3695978740157475
21
-3.6531309448818896
0
LINE
8
BLACK
6
CONTINUOUS
10
6.3695978740157475
20
-3.6531309448818896
11
6.3696388976377953
21
-3.6529592125984252
0
LINE
8
BLACK
6
CONTINUOUS
10
6.3696388976377953
20
-3.6529592125984252
11
6.3695785433070862
21
-3.6527933858267714
0
LINE
8
BLACK
6
CONTINUOUS
10
6.3695785433070862
20
-3.6527933858267714
11
6.3695785433070862
21
-3.6452943307086612
0
LINE
8
BLACK
6
CONTINUOUS
10
6.3695785433070862
20
-3.6452943307086612
11
6.3697566141732285
21
-3.6442844094488187
0
LINE
8
BLACK
6
CONTINUOUS
10
6.3697566141732285
20
-3.6442844094488187
11
6.3698700787401572
21
-3.6441491338582677
0
LINE
8
BLACK
6
CONTINUOUS
10
6.3698700787401572
20
-3.6441491338582677
11
6.3698902755905511
21
-3.6439738188976376
0
LINE
8
BLACK
6
CONTINUOUS
10
6.3698902755905511
20
-3.6439738188976376
11
6.3713900787401574
21
-3.640974212598425
0
LINE
8
BLACK
6
CONTINUOUS
10
6.3713900787401574
20
-3.640974212598425
11
6.3719159055118109
21
-3.6402651968503936
0
LINE
8
BLACK
6
CONTINUOUS
10
6.3719159055118109
20
-3.6402651968503936
11
6.3719431496062988
21
-3.6402068503937008
0
LINE
8
BLACK
6
CONTINUOUS
10
6.3719431496062988
20
-3.6402068503937008
11
6.3734429527559051
21
-3.6387070078740158
0
LINE
8
BLACK
6
CONTINUOUS
10
6.3734429527559051
20
-3.6387070078740158
11
6.374282992125984
21
-3.6381187795275589
0
LINE
8
BLACK
6
CONTINUOUS
10
6.374282992125984
20
-3.6381187795275589
11
6.3762950787401573
21
-3.637942716535433
0
LINE
8
BLACK
6
CONTINUOUS
10
6.3762950787401573
20
-3.637942716535433
11
6.3779496456692915
21
-3.6391012204724409
0
LINE
8
BLACK
6
CONTINUOUS
10
6.3779496456692915
20
-3.6391012204724409
11
6.3784724015748031
21
-3.6410522047244092
0
LINE
8
BLACK
6
CONTINUOUS
10
6.3784724015748031
20
-3.6410522047244092
11
6.3776188582677165
21
-3.6428827559055117
0
LINE
8
BLACK
6
CONTINUOUS
10
6.3776188582677165
20
-3.6428827559055117
11
6.3764578346456693
21
-3.6440437795275589
0
LINE
8
BLACK
6
CONTINUOUS
10
6.3764578346456693
20
-3.6440437795275589
11
6.3754840551181102
21
-3.6459913779527557
0
LINE
8
BLACK
6
CONTINUOUS
10
6.3754840551181102
20
-3.6459913779527557
11
6.3754840551181102
21
-3.6520963385826772
0
LINE
8
BLACK
6
CONTINUOUS
10
6.3754840551181102
20
-3.6520963385826772
11
6.3764578346456693
21
-3.6540439370078741
0
LINE
8
BLACK
6
CONTINUOUS
10
6.3764578346456693
20
-3.6540439370078741
11
6.3772799606299211
21
-3.6548660629921259
0
LINE
8
BLACK
6
CONTINUOUS
10
6.3772799606299211
20
-3.6548660629921259
11
6.3792275984251967
21
-3.6558398818897637
0
LINE
8
BLACK
6
CONTINUOUS
10
6.3792275984251967
20
-3.6558398818897637
11
6.3810510236220468
21
-3.6558398818897637
0
LINE
8
BLACK
6
CONTINUOUS
10
6.3810510236220468
20
-3.6558398818897637
11
6.3844345669291336
21
-3.6547120078740156
0
LINE
8
BLACK
6
CONTINUOUS
10
6.3844345669291336
20
-3.6547120078740156
11
6.4019394488188972
21
-3.6372071653543308
0
LINE
8
BLACK
6
CONTINUOUS
10
6.4019394488188972
20
-3.6372071653543308
11
6.4024674803149608
21
-3.6368373622047243
0
LINE
8
BLACK
6
CONTINUOUS
10
6.4024674803149608
20
-3.6368373622047243
11
6.4025509842519686
21
-3.6367379133858266
0
LINE
8
BLACK
6
CONTINUOUS
10
6.4025509842519686
20
-3.6367379133858266
11
6.4026292913385827
21
-3.6367240944881889
0
LINE
8
BLACK
6
CONTINUOUS
10
6.4026292913385827
20
-3.6367240944881889
11
6.4027794881889761
21
-3.6366189370078739
0
LINE
8
BLACK
6
CONTINUOUS
10
6.4027794881889761
20
-3.6366189370078739
11
6.4036650393700789
21
-3.6365414566929135
0
LINE
8
BLACK
6
CONTINUOUS
10
6.4036650393700789
20
-3.6365414566929135
11
6.4045401181102362
21
-3.6363871653543307
0
LINE
8
BLACK
6
CONTINUOUS
10
6.4045401181102362
20
-3.6363871653543307
11
6.4046570472440942
21
-3.6364546456692914
0
LINE
8
BLACK
6
CONTINUOUS
10
6.2561637401574801
20
-3.6518579527559054
11
6.2575939370078739
21
-3.6538264566929133
0
LINE
8
BLACK
6
CONTINUOUS
10
6.2575939370078739
20
-3.6538264566929133
11
6.2575939370078739
21
-3.65625968503937
0
LINE
8
BLACK
6
CONTINUOUS
10
6.2575939370078739
20
-3.65625968503937
11
6.2561637401574801
21
-3.6582281889763779
0
LINE
8
BLACK
6
CONTINUOUS
10
6.2561637401574801
20
-3.6582281889763779
11
6.2538496062992124
21
-3.6589800787401572
0
LINE
8
BLACK
6
CONTINUOUS
10
6.2538496062992124
20
-3.6589800787401572
11
6.214479527559055
21
-3.6589800787401572
0
LINE
8
BLACK
6
CONTINUOUS
10
6.214479527559055
20
-3.6589800787401572
11
6.2121653937007872
21
-3.6582281889763779
0
LINE
8
BLACK
6
CONTINUOUS
10
6.2121653937007872
20
-3.6582281889763779
11
6.2107351968503934
21
-3.65625968503937
0
LINE
8
BLACK
6
CONTINUOUS
10
6.2107351968503934
20
-3.65625968503937
11
6.2107351968503934
21
-3.6538264566929133
0
LINE
8
BLACK
6
CONTINUOUS
10
6.2107351968503934
20
-3.6538264566929133
11
6.2121653937007872
21
-3.6518579527559054
0
LINE
8
BLACK
6
CONTINUOUS
10
6.2121653937007872
20
-3.6518579527559054
11
6.214479527559055
21
-3.6511060629921257
0
LINE
8
BLACK
6
CONTINUOUS
10
6.214479527559055
20
-3.6511060629921257
11
6.2538496062992124
21
-3.6511060629921257
0
LINE
8
BLACK
6
CONTINUOUS
10
6.2538496062992124
20
-3.6511060629921257
11
6.2561637401574801
21
-3.6518579527559054
0
LINE
8
BLACK
6
CONTINUOUS
10
5.9793576377952755
20
-3.6489399212598426
11
5.9800495275590553
21
-3.6506102362204724
0
LINE
8
BLACK
6
CONTINUOUS
10
5.9800495275590553
20
-3.6506102362204724
11
5.9793576377952755
21
-3.6522805511811023
0
LINE
8
BLACK
6
CONTINUOUS
10
5.9793576377952755
20
-3.6522805511811023
11
5.9776873228346457
21
-3.6529724409448816
0
LINE
8
BLACK
6
CONTINUOUS
10
5.9776873228346457
20
-3.6529724409448816
11
5.9590055905511807
21
-3.6529724409448816
0
LINE
8
BLACK
6
CONTINUOUS
10
5.9590055905511807
20
-3.6529724409448816
11
5.9573352755905509
21
-3.6522805511811023
0
LINE
8
BLACK
6
CONTINUOUS
10
5.9573352755905509
20
-3.6522805511811023
11
5.9566433858267711
21
-3.6506102362204724
0
LINE
8
BLACK
6
CONTINUOUS
10
5.9566433858267711
20
-3.6506102362204724
11
5.9573352755905509
21
-3.6489399212598426
0
LINE
8
BLACK
6
CONTINUOUS
10
5.9573352755905509
20
-3.6489399212598426
11
5.9590055905511807
21
-3.6482480314960628
0
LINE
8
BLACK
6
CONTINUOUS
10
5.9590055905511807
20
-3.6482480314960628
11
5.9776873228346457
21
-3.6482480314960628
0
LINE
8
BLACK
6
CONTINUOUS
10
5.9776873228346457
20
-3.6482480314960628
11
5.9793576377952755
21
-3.6489399212598426
0
LINE
8
BLACK
6
CONTINUOUS
10
5.6794459055118107
20
-3.6265478740157477
11
5.6801377952755905
21
-3.628218188976378
0
LINE
8
BLACK
6
CONTINUOUS
10
5.6801377952755905
20
-3.628218188976378
11
5.6801377952755905
21
-3.6468999212598425
0
LINE
8
BLACK
6
CONTINUOUS
10
5.6801377952755905
20
-3.6468999212598425
11
5.6794459055118107
21
-3.6485702362204724
0
LINE
8
BLACK
6
CONTINUOUS
10
5.6794459055118107
20
-3.6485702362204724
11
5.6777755905511809
21
-3.6492621259842517
0
LINE
8
BLACK
6
CONTINUOUS
10
5.6777755905511809
20
-3.6492621259842517
11
5.676105275590551
21
-3.6485702362204724
0
LINE
8
BLACK
6
CONTINUOUS
10
5.676105275590551
20
-3.6485702362204724
11
5.6754133858267712
21
-3.6468999212598425
0
LINE
8
BLACK
6
CONTINUOUS
10
5.6754133858267712
20
-3.6468999212598425
11
5.6754133858267712
21
-3.628218188976378
0
LINE
8
BLACK
6
CONTINUOUS
10
5.6754133858267712
20
-3.628218188976378
11
5.676105275590551
21
-3.6265478740157477
0
LINE
8
BLACK
6
CONTINUOUS
10
5.676105275590551
20
-3.6265478740157477
11
5.6777755905511809
21
-3.6258559842519684
0
LINE
8
BLACK
6
CONTINUOUS
10
5.6777755905511809
20
-3.6258559842519684
11
5.6794459055118107
21
-3.6265478740157477
0
LINE
8
BLACK
6
CONTINUOUS
10
5.7205876377952753
20
-3.6265478740157477
11
5.7212795275590551
21
-3.628218188976378
0
LINE
8
BLACK
6
CONTINUOUS
10
5.7212795275590551
20
-3.628218188976378
11
5.7212795275590551
21
-3.6468999212598425
0
LINE
8
BLACK
6
CONTINUOUS
10
5.7212795275590551
20
-3.6468999212598425
11
5.7205876377952753
21
-3.6485702362204724
0
LINE
8
BLACK
6
CONTINUOUS
10
5.7205876377952753
20
-3.6485702362204724
11
5.7189173228346455
21
-3.6492621259842517
0
LINE
8
BLACK
6
CONTINUOUS
10
5.7189173228346455
20
-3.6492621259842517
11
5.7172470078740156
21
-3.6485702362204724
0
LINE
8
BLACK
6
CONTINUOUS
10
5.7172470078740156
20
-3.6485702362204724
11
5.7165551181102359
21
-3.6468999212598425
0
LINE
8
BLACK
6
CONTINUOUS
10
5.7165551181102359
20
-3.6468999212598425
11
5.7165551181102359
21
-3.628218188976378
0
LINE
8
BLACK
6
CONTINUOUS
10
5.7165551181102359
20
-3.628218188976378
11
5.7172470078740156
21
-3.6265478740157477
0
LINE
8
BLACK
6
CONTINUOUS
10
5.7172470078740156
20
-3.6265478740157477
11
5.7189173228346455
21
-3.6258559842519684
0
LINE
8
BLACK
6
CONTINUOUS
10
5.7189173228346455
20
-3.6258559842519684
11
5.7205876377952753
21
-3.6265478740157477
0
LINE
8
BLACK
6
CONTINUOUS
10
5.4844459055118113
20
-3.626508503937008
11
5.4851377952755902
21
-3.6281788188976378
0
LINE
8
BLACK
6
CONTINUOUS
10
5.4851377952755902
20
-3.6281788188976378
11
5.4851377952755902
21
-3.6468605511811023
0
LINE
8
BLACK
6
CONTINUOUS
10
5.4851377952755902
20
-3.6468605511811023
11
5.4844459055118113
21
-3.6485308661417322
0
LINE
8
BLACK
6
CONTINUOUS
10
5.4844459055118113
20
-3.6485308661417322
11
5.4827755905511806
21
-3.6492227559055119
0
LINE
8
BLACK
6
CONTINUOUS
10
5.4827755905511806
20
-3.6492227559055119
11
5.4811052755905507
21
-3.6485308661417322
0
LINE
8
BLACK
6
CONTINUOUS
10
5.4811052755905507
20
-3.6485308661417322
11
5.4804133858267718
21
-3.6468605511811023
0
LINE
8
BLACK
6
CONTINUOUS
10
5.4804133858267718
20
-3.6468605511811023
11
5.4804133858267718
21
-3.6281788188976378
0
LINE
8
BLACK
6
CONTINUOUS
10
5.4804133858267718
20
-3.6281788188976378
11
5.4811052755905507
21
-3.626508503937008
0
LINE
8
BLACK
6
CONTINUOUS
10
5.4811052755905507
20
-3.626508503937008
11
5.4827755905511806
21
-3.6258166141732282
0
LINE
8
BLACK
6
CONTINUOUS
10
5.4827755905511806
20
-3.6258166141732282
11
5.4844459055118113
21
-3.626508503937008
0
LINE
8
BLACK
6
CONTINUOUS
10
5.5255876377952751
20
-3.626508503937008
11
5.5262795275590548
21
-3.6281788188976378
0
LINE
8
BLACK
6
CONTINUOUS
10
5.5262795275590548
20
-3.6281788188976378
11
5.5262795275590548
21
-3.6468605511811023
0
LINE
8
BLACK
6
CONTINUOUS
10
5.5262795275590548
20
-3.6468605511811023
11
5.5255876377952751
21
-3.6485308661417322
0
LINE
8
BLACK
6
CONTINUOUS
10
5.5255876377952751
20
-3.6485308661417322
11
5.5239173228346452
21
-3.6492227559055119
0
LINE
8
BLACK
6
CONTINUOUS
10
5.5239173228346452
20
-3.6492227559055119
11
5.5222470078740153
21
-3.6485308661417322
0
LINE
8
BLACK
6
CONTINUOUS
10
5.5222470078740153
20
-3.6485308661417322
11
5.5215551181102365
21
-3.6468605511811023
0
LINE
8
BLACK
6
CONTINUOUS
10
5.5215551181102365
20
-3.6468605511811023
11
5.5215551181102365
21
-3.6281788188976378
0
LINE
8
BLACK
6
CONTINUOUS
10
5.5215551181102365
20
-3.6281788188976378
11
5.5222470078740153
21
-3.626508503937008
0
LINE
8
BLACK
6
CONTINUOUS
10
5.5222470078740153
20
-3.626508503937008
11
5.5239173228346452
21
-3.6258166141732282
0
LINE
8
BLACK
6
CONTINUOUS
10
5.5239173228346452
20
-3.6258166141732282
11
5.5255876377952751
21
-3.626508503937008
0
LINE
8
BLACK
6
CONTINUOUS
10
5.5694459055118113
20
-3.626508503937008
11
5.5701377952755902
21
-3.6281788188976378
0
LINE
8
BLACK
6
CONTINUOUS
10
5.5701377952755902
20
-3.6281788188976378
11
5.5701377952755902
21
-3.6468605511811023
0
LINE
8
BLACK
6
CONTINUOUS
10
5.5701377952755902
20
-3.6468605511811023
11
5.5694459055118113
21
-3.6485308661417322
0
LINE
8
BLACK
6
CONTINUOUS
10
5.5694459055118113
20
-3.6485308661417322
11
5.5677755905511805
21
-3.6492227559055119
0
LINE
8
BLACK
6
CONTINUOUS
10
5.5677755905511805
20
-3.6492227559055119
11
5.5661052755905507
21
-3.6485308661417322
0
LINE
8
BLACK
6
CONTINUOUS
10
5.5661052755905507
20
-3.6485308661417322
11
5.5654133858267718
21
-3.6468605511811023
0
LINE
8
BLACK
6
CONTINUOUS
10
5.5654133858267718
20
-3.6468605511811023
11
5.5654133858267718
21
-3.6281788188976378
0
LINE
8
BLACK
6
CONTINUOUS
10
5.5654133858267718
20
-3.6281788188976378
11
5.5661052755905507
21
-3.626508503937008
0
LINE
8
BLACK
6
CONTINUOUS
10
5.5661052755905507
20
-3.626508503937008
11
5.5677755905511805
21
-3.6258166141732282
0
LINE
8
BLACK
6
CONTINUOUS
10
5.5677755905511805
20
-3.6258166141732282
11
5.5694459055118113
21
-3.626508503937008
0
LINE
8
BLACK
6
CONTINUOUS
10
5.610587637795275
20
-3.626508503937008
11
5.6112795275590548
21
-3.6281788188976378
0
LINE
8
BLACK
6
CONTINUOUS
10
5.6112795275590548
20
-3.6281788188976378
11
5.6112795275590548
21
-3.6468605511811023
0
LINE
8
BLACK
6
CONTINUOUS
10
5.6112795275590548
20
-3.6468605511811023
11
5.610587637795275
21
-3.6485308661417322
0
LINE
8
BLACK
6
CONTINUOUS
10
5.610587637795275
20
-3.6485308661417322
11
5.6089173228346452
21
-3.6492227559055119
0
LINE
8
BLACK
6
CONTINUOUS
10
5.6089173228346452
20
-3.6492227559055119
11
5.6072470078740153
21
-3.6485308661417322
0
LINE
8
BLACK
6
CONTINUOUS
10
5.6072470078740153
20
-3.6485308661417322
11
5.6065551181102364
21
-3.6468605511811023
0
LINE
8
BLACK
6
CONTINUOUS
10
5.6065551181102364
20
-3.6468605511811023
11
5.6065551181102364
21
-3.6281788188976378
0
LINE
8
BLACK
6
CONTINUOUS
10
5.6065551181102364
20
-3.6281788188976378
11
5.6072470078740153
21
-3.626508503937008
0
LINE
8
BLACK
6
CONTINUOUS
10
5.6072470078740153
20
-3.626508503937008
11
5.6089173228346452
21
-3.6258166141732282
0
LINE
8
BLACK
6
CONTINUOUS
10
5.6089173228346452
20
-3.6258166141732282
11
5.610587637795275
21
-3.626508503937008
0
LINE
8
BLACK
6
CONTINUOUS
10
5.7844459055118111
20
-3.626508503937008
11
5.78513779527559
21
-3.6281788188976378
0
LINE
8
BLACK
6
CONTINUOUS
10
5.78513779527559
20
-3.6281788188976378
11
5.78513779527559
21
-3.6468605511811023
0
LINE
8
BLACK
6
CONTINUOUS
10
5.78513779527559
20
-3.6468605511811023
11
5.7844459055118111
21
-3.6485308661417322
0
LINE
8
BLACK
6
CONTINUOUS
10
5.7844459055118111
20
-3.6485308661417322
11
5.7827755905511813
21
-3.6492227559055119
0
LINE
8
BLACK
6
CONTINUOUS
10
5.7827755905511813
20
-3.6492227559055119
11
5.7811052755905514
21
-3.6485308661417322
0
LINE
8
BLACK
6
CONTINUOUS
10
5.7811052755905514
20
-3.6485308661417322
11
5.7804133858267717
21
-3.6468605511811023
0
LINE
8
BLACK
6
CONTINUOUS
10
5.7804133858267717
20
-3.6468605511811023
11
5.7804133858267717
21
-3.6281788188976378
0
LINE
8
BLACK
6
CONTINUOUS
10
5.7804133858267717
20
-3.6281788188976378
11
5.7811052755905514
21
-3.626508503937008
0
LINE
8
BLACK
6
CONTINUOUS
10
5.7811052755905514
20
-3.626508503937008
11
5.7827755905511813
21
-3.6258166141732282
0
LINE
8
BLACK
6
CONTINUOUS
10
5.7827755905511813
20
-3.6258166141732282
11
5.7844459055118111
21
-3.626508503937008
0
LINE
8
BLACK
6
CONTINUOUS
10
5.8255876377952758
20
-3.626508503937008
11
5.8262795275590546
21
-3.6281788188976378
0
LINE
8
BLACK
6
CONTINUOUS
10
5.8262795275590546
20
-3.6281788188976378
11
5.8262795275590546
21
-3.6468605511811023
0
LINE
8
BLACK
6
CONTINUOUS
10
5.8262795275590546
20
-3.6468605511811023
11
5.8255876377952758
21
-3.6485308661417322
0
LINE
8
BLACK
6
CONTINUOUS
10
5.8255876377952758
20
-3.6485308661417322
11
5.8239173228346459
21
-3.6492227559055119
0
LINE
8
BLACK
6
CONTINUOUS
10
5.8239173228346459
20
-3.6492227559055119
11
5.8222470078740161
21
-3.6485308661417322
0
LINE
8
BLACK
6
CONTINUOUS
10
5.8222470078740161
20
-3.6485308661417322
11
5.8215551181102363
21
-3.6468605511811023
0
LINE
8
BLACK
6
CONTINUOUS
10
5.8215551181102363
20
-3.6468605511811023
11
5.8215551181102363
21
-3.6281788188976378
0
LINE
8
BLACK
6
CONTINUOUS
10
5.8215551181102363
20
-3.6281788188976378
11
5.8222470078740161
21
-3.626508503937008
0
LINE
8
BLACK
6
CONTINUOUS
10
5.8222470078740161
20
-3.626508503937008
11
5.8239173228346459
21
-3.6258166141732282
0
LINE
8
BLACK
6
CONTINUOUS
10
5.8239173228346459
20
-3.6258166141732282
11
5.8255876377952758
21
-3.626508503937008
0
LINE
8
BLACK
6
CONTINUOUS
10
6.0787486614173227
20
-3.6058666141732281
11
6.0788779133858268
21
-3.6058438582677166
0
LINE
8
BLACK
6
CONTINUOUS
10
6.0788779133858268
20
-3.6058438582677166
11
6.0789914960629918
21
-3.6059094488188976
0
LINE
8
BLACK
6
CONTINUOUS
10
6.0789914960629918
20
-3.6059094488188976
11
6.0793750787401573
21
-3.6059770866141729
0
LINE
8
BLACK
6
CONTINUOUS
10
6.0793750787401573
20
-3.6059770866141729
11
6.0799627559055116
21
-3.6064701968503936
0
LINE
8
BLACK
6
CONTINUOUS
10
6.0799627559055116
20
-3.6064701968503936
11
6.0806270866141734
21
-3.606853779527559
0
LINE
8
BLACK
6
CONTINUOUS
10
6.0806270866141734
20
-3.606853779527559
11
6.0807181889763777
21
-3.6071040944881889
0
LINE
8
BLACK
6
CONTINUOUS
10
6.0807181889763777
20
-3.6071040944881889
11
6.0809223228346454
21
-3.6072753937007875
0
LINE
8
BLACK
6
CONTINUOUS
10
6.0809223228346454
20
-3.6072753937007875
11
6.0810555511811026
21
-3.6080309448818895
0
LINE
8
BLACK
6
CONTINUOUS
10
6.0810555511811026
20
-3.6080309448818895
11
6.0813179133858268
21
-3.6087517716535431
0
LINE
8
BLACK
6
CONTINUOUS
10
6.0813179133858268
20
-3.6087517716535431
11
6.0813179133858268
21
-3.640247834645669
0
LINE
8
BLACK
6
CONTINUOUS
10
6.0813179133858268
20
-3.640247834645669
11
6.0811398425196845
21
-3.6412577559055119
0
LINE
8
BLACK
6
CONTINUOUS
10
6.0811398425196845
20
-3.6412577559055119
11
6.0798415354330704
21
-3.6428050000000001
0
LINE
8
BLACK
6
CONTINUOUS
10
6.0798415354330704
20
-3.6428050000000001
11
6.0778524015748028
21
-3.643155748031496
0
LINE
8
BLACK
6
CONTINUOUS
10
6.0778524015748028
20
-3.643155748031496
11
6.0761032283464562
21
-3.6421458267716535
0
LINE
8
BLACK
6
CONTINUOUS
10
6.0761032283464562
20
-3.6421458267716535
11
6.0754124015748028
21
-3.640247834645669
0
LINE
8
BLACK
6
CONTINUOUS
10
6.0754124015748028
20
-3.640247834645669
11
6.0754124015748028
21
-3.6282024409448819
0
LINE
8
BLACK
6
CONTINUOUS
10
6.0754124015748028
20
-3.6282024409448819
11
6.0724034645669294
21
-3.6282024409448819
0
LINE
8
BLACK
6
CONTINUOUS
10
6.0724034645669294
20
-3.6282024409448819
11
6.0627863779527562
21
-3.6419411417322833
0
LINE
8
BLACK
6
CONTINUOUS
10
6.0627863779527562
20
-3.6419411417322833
11
6.0620613779527561
21
-3.6426663779527559
0
LINE
8
BLACK
6
CONTINUOUS
10
6.0620613779527561
20
-3.6426663779527559
11
6.0601104724409449
21
-3.6431894094488189
0
LINE
8
BLACK
6
CONTINUOUS
10
6.0601104724409449
20
-3.6431894094488189
11
6.0582797637795274
21
-3.642336062992126
0
LINE
8
BLACK
6
CONTINUOUS
10
6.0582797637795274
20
-3.642336062992126
11
6.0574259448818895
21
-3.6405055905511809
0
LINE
8
BLACK
6
CONTINUOUS
10
6.0574259448818895
20
-3.6405055905511809
11
6.0579484251968498
21
-3.6385545275590552
0
LINE
8
BLACK
6
CONTINUOUS
10
6.0579484251968498
20
-3.6385545275590552
11
6.065333267716535
21
-3.6280046850393699
0
LINE
8
BLACK
6
CONTINUOUS
10
6.065333267716535
20
-3.6280046850393699
11
6.065221456692913
21
-3.6279108661417321
0
LINE
8
BLACK
6
CONTINUOUS
10
6.065221456692913
20
-3.6279108661417321
11
6.0650461417322834
21
-3.6278907086614174
0
LINE
8
BLACK
6
CONTINUOUS
10
6.0650461417322834
20
-3.6278907086614174
11
6.0620465354330708
21
-3.6263909055118111
0
LINE
8
BLACK
6
CONTINUOUS
10
6.0620465354330708
20
-3.6263909055118111
11
6.0613374409448815
21
-3.6258650000000001
0
LINE
8
BLACK
6
CONTINUOUS
10
6.0613374409448815
20
-3.6258650000000001
11
6.0612791338582674
21
-3.6258377952755905
0
LINE
8
BLACK
6
CONTINUOUS
10
6.0612791338582674
20
-3.6258377952755905
11
6.0597793307086611
21
-3.6243379921259842
0
LINE
8
BLACK
6
CONTINUOUS
10
6.0597793307086611
20
-3.6243379921259842
11
6.0592730314960628
21
-3.6236148818897638
0
LINE
8
BLACK
6
CONTINUOUS
10
6.0592730314960628
20
-3.6236148818897638
11
6.059226220472441
21
-3.6235705905511808
0
LINE
8
BLACK
6
CONTINUOUS
10
6.059226220472441
20
-3.6235705905511808
11
6.0577263779527559
21
-3.6205709448818895
0
LINE
8
BLACK
6
CONTINUOUS
10
6.0577263779527559
20
-3.6205709448818895
11
6.0574340157480311
21
-3.6195880314960629
0
LINE
8
BLACK
6
CONTINUOUS
10
6.0574340157480311
20
-3.6195880314960629
11
6.0574750000000002
21
-3.6194162992125984
0
LINE
8
BLACK
6
CONTINUOUS
10
6.0574750000000002
20
-3.6194162992125984
11
6.057414645669291
21
-3.6192504330708659
0
LINE
8
BLACK
6
CONTINUOUS
10
6.057414645669291
20
-3.6192504330708659
11
6.057414645669291
21
-3.614751023622047
0
LINE
8
BLACK
6
CONTINUOUS
10
6.057414645669291
20
-3.614751023622047
11
6.0575927165354333
21
-3.6137411023622046
0
LINE
8
BLACK
6
CONTINUOUS
10
6.0575927165354333
20
-3.6137411023622046
11
6.057706181102362
21
-3.6136058267716535
0
LINE
8
BLACK
6
CONTINUOUS
10
6.057706181102362
20
-3.6136058267716535
11
6.0577263779527559
21
-3.6134305118110235
0
LINE
8
BLACK
6
CONTINUOUS
10
6.0577263779527559
20
-3.6134305118110235
11
6.059226220472441
21
-3.6104308661417321
0
LINE
8
BLACK
6
CONTINUOUS
10
6.059226220472441
20
-3.6104308661417321
11
6.0597520472440944
21
-3.6097218897637795
0
LINE
8
BLACK
6
CONTINUOUS
10
6.0597520472440944
20
-3.6097218897637795
11
6.0597793307086611
21
-3.6096634645669292
0
LINE
8
BLACK
6
CONTINUOUS
10
6.0597793307086611
20
-3.6096634645669292
11
6.0612791338582674
21
-3.6081636614173229
0
LINE
8
BLACK
6
CONTINUOUS
10
6.0612791338582674
20
-3.6081636614173229
11
6.0620022047244095
21
-3.6076573622047245
0
LINE
8
BLACK
6
CONTINUOUS
10
6.0620022047244095
20
-3.6076573622047245
11
6.0620465354330708
21
-3.6076105511811023
0
LINE
8
BLACK
6
CONTINUOUS
10
6.0620465354330708
20
-3.6076105511811023
11
6.0650461417322834
21
-3.606110748031496
0
LINE
8
BLACK
6
CONTINUOUS
10
6.0650461417322834
20
-3.606110748031496
11
6.0660290944881892
21
-3.6058183858267716
0
LINE
8
BLACK
6
CONTINUOUS
10
6.0660290944881892
20
-3.6058183858267716
11
6.0662007480314957
21
-3.6058593700787402
0
LINE
8
BLACK
6
CONTINUOUS
10
6.0662007480314957
20
-3.6058593700787402
11
6.066366653543307
21
-3.6057990157480315
0
LINE
8
BLACK
6
CONTINUOUS
10
6.066366653543307
20
-3.6057990157480315
11
6.0783651574803148
21
-3.6057990157480315
0
LINE
8
BLACK
6
CONTINUOUS
10
6.0783651574803148
20
-3.6057990157480315
11
6.0787486614173227
21
-3.6058666141732281
0
LINE
8
BLACK
6
CONTINUOUS
10
6.0651161417322834
20
-3.6126783070866142
11
6.0642939763779529
21
-3.613500433070866
0
LINE
8
BLACK
6
CONTINUOUS
10
6.0642939763779529
20
-3.613500433070866
11
6.0633201574803151
21
-3.6154480708661416
0
LINE
8
BLACK
6
CONTINUOUS
10
6.0633201574803151
20
-3.6154480708661416
11
6.0633201574803151
21
-3.618553346456693
0
LINE
8
BLACK
6
CONTINUOUS
10
6.0633201574803151
20
-3.618553346456693
11
6.0642939763779529
21
-3.6205009842519682
0
LINE
8
BLACK
6
CONTINUOUS
10
6.0642939763779529
20
-3.6205009842519682
11
6.0651161417322834
21
-3.6213231496062992
0
LINE
8
BLACK
6
CONTINUOUS
10
6.0651161417322834
20
-3.6213231496062992
11
6.0670637007874015
21
-3.6222969291338583
0
LINE
8
BLACK
6
CONTINUOUS
10
6.0670637007874015
20
-3.6222969291338583
11
6.0754124015748028
21
-3.6222969291338583
0
LINE
8
BLACK
6
CONTINUOUS
10
6.0754124015748028
20
-3.6222969291338583
11
6.0754124015748028
21
-3.6117045275590551
0
LINE
8
BLACK
6
CONTINUOUS
10
6.0754124015748028
20
-3.6117045275590551
11
6.0670637007874015
21
-3.6117045275590551
0
LINE
8
BLACK
6
CONTINUOUS
10
6.0670637007874015
20
-3.6117045275590551
11
6.0651161417322834
21
-3.6126783070866142
0
LINE
8
BLACK
6
CONTINUOUS
10
6.0424155118110239
20
-3.6047361023622044
11
6.043671062992126
21
-3.6063182283464568
0
LINE
8
BLACK
6
CONTINUOUS
10
6.043671062992126
20
-3.6063182283464568
11
6.0511701574803149
21
-3.6288153937007874
0
LINE
8
BLACK
6
CONTINUOUS
10
6.0511701574803149
20
-3.6288153937007874
11
6.0513205905511809
21
-3.6298297637795276
0
LINE
8
BLACK
6
CONTINUOUS
10
6.0513205905511809
20
-3.6298297637795276
11
6.0512376377952757
21
-3.6300396062992126
0
LINE
8
BLACK
6
CONTINUOUS
10
6.0512376377952757
20
-3.6300396062992126
11
6.0512768503937009
21
-3.6302618897637795
0
LINE
8
BLACK
6
CONTINUOUS
10
6.0512768503937009
20
-3.6302618897637795
11
6.0508740944881891
21
-3.6309593700787399
0
LINE
8
BLACK
6
CONTINUOUS
10
6.0508740944881891
20
-3.6309593700787399
11
6.0505781889763774
21
-3.6317081889763778
0
LINE
8
BLACK
6
CONTINUOUS
10
6.0505781889763774
20
-3.6317081889763778
11
6.0503797244094484
21
-3.6318156299212596
0
LINE
8
BLACK
6
CONTINUOUS
10
6.0503797244094484
20
-3.6318156299212596
11
6.0502669291338584
21
-3.6320110629921261
0
LINE
8
BLACK
6
CONTINUOUS
10
6.0502669291338584
20
-3.6320110629921261
11
6.0495101968503935
21
-3.6322864566929134
0
LINE
8
BLACK
6
CONTINUOUS
10
6.0495101968503935
20
-3.6322864566929134
11
6.0488020472440942
21
-3.6326699606299213
0
LINE
8
BLACK
6
CONTINUOUS
10
6.0488020472440942
20
-3.6326699606299213
11
6.0485809448818895
21
-3.63262468503937
0
LINE
8
BLACK
6
CONTINUOUS
10
6.0485809448818895
20
-3.63262468503937
11
6.0483689370078739
21
-3.6327018897637795
0
LINE
8
BLACK
6
CONTINUOUS
10
6.0483689370078739
20
-3.6327018897637795
11
6.0363235433070868
21
-3.6327018897637795
0
LINE
8
BLACK
6
CONTINUOUS
10
6.0363235433070868
20
-3.6327018897637795
11
6.0363235433070868
21
-3.640247834645669
0
LINE
8
BLACK
6
CONTINUOUS
10
6.0363235433070868
20
-3.640247834645669
11
6.0361454724409445
21
-3.6412577559055119
0
LINE
8
BLACK
6
CONTINUOUS
10
6.0361454724409445
20
-3.6412577559055119
11
6.0348471653543303
21
-3.6428050000000001
0
LINE
8
BLACK
6
CONTINUOUS
10
6.0348471653543303
20
-3.6428050000000001
11
6.0328580314960627
21
-3.643155748031496
0
LINE
8
BLACK
6
CONTINUOUS
10
6.0328580314960627
20
-3.643155748031496
11
6.0311088582677161
21
-3.6421458267716535
0
LINE
8
BLACK
6
CONTINUOUS
10
6.0311088582677161
20
-3.6421458267716535
11
6.0304180314960627
21
-3.640247834645669
0
LINE
8
BLACK
6
CONTINUOUS
10
6.0304180314960627
20
-3.640247834645669
11
6.0304180314960627
21
-3.6327018897637795
0
LINE
8
BLACK
6
CONTINUOUS
10
6.0304180314960627
20
-3.6327018897637795
11
6.0288713385826771
21
-3.6327018897637795
0
LINE
8
BLACK
6
CONTINUOUS
10
6.0288713385826771
20
-3.6327018897637795
11
6.0278614173228346
21
-3.6325238188976376
0
LINE
8
BLACK
6
CONTINUOUS
10
6.0278614173228346
20
-3.6325238188976376
11
6.0263141732283465
21
-3.6312255118110235
0
LINE
8
BLACK
6
CONTINUOUS
10
6.0263141732283465
20
-3.6312255118110235
11
6.0259634251968501
21
-3.6292363779527559
0
LINE
8
BLACK
6
CONTINUOUS
10
6.0259634251968501
20
-3.6292363779527559
11
6.0269733464566926
21
-3.6274872047244093
0
LINE
8
BLACK
6
CONTINUOUS
10
6.0269733464566926
20
-3.6274872047244093
11
6.0288713385826771
21
-3.6267963779527559
0
LINE
8
BLACK
6
CONTINUOUS
10
6.0288713385826771
20
-3.6267963779527559
11
6.0304180314960627
21
-3.6267963779527559
0
LINE
8
BLACK
6
CONTINUOUS
10
6.0304180314960627
20
-3.6267963779527559
11
6.0304180314960627
21
-3.6192504330708659
0
LINE
8
BLACK
6
CONTINUOUS
10
6.0304180314960627
20
-3.6192504330708659
11
6.030596102362205
21
-3.6182405118110235
0
LINE
8
BLACK
6
CONTINUOUS
10
6.030596102362205
20
-3.6182405118110235
11
6.0318944094488192
21
-3.6166932677165353
0
LINE
8
BLACK
6
CONTINUOUS
10
6.0318944094488192
20
-3.6166932677165353
11
6.0338835433070868
21
-3.6163425196850394
0
LINE
8
BLACK
6
CONTINUOUS
10
6.0338835433070868
20
-3.6163425196850394
11
6.0356327165354333
21
-3.6173524409448818
0
LINE
8
BLACK
6
CONTINUOUS
10
6.0356327165354333
20
-3.6173524409448818
11
6.0363235433070868
21
-3.6192504330708659
0
LINE
8
BLACK
6
CONTINUOUS
10
6.0363235433070868
20
-3.6192504330708659
11
6.0363235433070868
21
-3.6267963779527559
0
LINE
8
BLACK
6
CONTINUOUS
10
6.0363235433070868
20
-3.6267963779527559
11
6.0442722047244093
21
-3.6267963779527559
0
LINE
8
BLACK
6
CONTINUOUS
10
6.0442722047244093
20
-3.6267963779527559
11
6.0380686220472439
21
-3.6081857086614173
0
LINE
8
BLACK
6
CONTINUOUS
10
6.0380686220472439
20
-3.6081857086614173
11
6.037918188976378
21
-3.6071712992125984
0
LINE
8
BLACK
6
CONTINUOUS
10
6.037918188976378
20
-3.6071712992125984
11
6.0386605905511805
21
-3.6052929133858265
0
LINE
8
BLACK
6
CONTINUOUS
10
6.0386605905511805
20
-3.6052929133858265
11
6.0404367322834647
21
-3.6043311417322834
0
LINE
8
BLACK
6
CONTINUOUS
10
6.0404367322834647
20
-3.6043311417322834
11
6.0424155118110239
21
-3.6047361023622044
0
LINE
8
BLACK
6
CONTINUOUS
10
6.247213661417323
20
-3.6101416929133858
11
6.2481112204724409
21
-3.6102768897637794
0
LINE
8
BLACK
6
CONTINUOUS
10
6.2481112204724409
20
-3.6102768897637794
11
6.2518607480314961
21
-3.6121516535433069
0
LINE
8
BLACK
6
CONTINUOUS
10
6.2518607480314961
20
-3.6121516535433069
11
6.2523153543307082
21
-3.6125994094488187
0
LINE
8
BLACK
6
CONTINUOUS
10
6.2523153543307082
20
-3.6125994094488187
11
6.2528839763779525
21
-3.6128891338582676
0
LINE
8
BLACK
6
CONTINUOUS
10
6.2528839763779525
20
-3.6128891338582676
11
6.2547587007874013
21
-3.6147638976377952
0
LINE
8
BLACK
6
CONTINUOUS
10
6.2547587007874013
20
-3.6147638976377952
11
6.2550483858267718
21
-3.6153324409448819
0
LINE
8
BLACK
6
CONTINUOUS
10
6.2550483858267718
20
-3.6153324409448819
11
6.2554962204724411
21
-3.615787125984252
0
LINE
8
BLACK
6
CONTINUOUS
10
6.2554962204724411
20
-3.615787125984252
11
6.2573709842519687
21
-3.6195366141732284
0
LINE
8
BLACK
6
CONTINUOUS
10
6.2573709842519687
20
-3.6195366141732284
11
6.257506141732283
21
-3.6204341732283463
0
LINE
8
BLACK
6
CONTINUOUS
10
6.257506141732283
20
-3.6204341732283463
11
6.2577866141732281
21
-3.6212973228346454
0
LINE
8
BLACK
6
CONTINUOUS
10
6.2577866141732281
20
-3.6212973228346454
11
6.2577866141732281
21
-3.6362954330708659
0
LINE
8
BLACK
6
CONTINUOUS
10
6.2577866141732281
20
-3.6362954330708659
11
6.2575939370078739
21
-3.6368884251968505
0
LINE
8
BLACK
6
CONTINUOUS
10
6.2575939370078739
20
-3.6368884251968505
11
6.2575939370078739
21
-3.6375120472440945
0
LINE
8
BLACK
6
CONTINUOUS
10
6.2575939370078739
20
-3.6375120472440945
11
6.2572274015748031
21
-3.6380164960629919
0
LINE
8
BLACK
6
CONTINUOUS
10
6.2572274015748031
20
-3.6380164960629919
11
6.2570347244094489
21
-3.6386095669291336
0
LINE
8
BLACK
6
CONTINUOUS
10
6.2570347244094489
20
-3.6386095669291336
11
6.2565302362204722
21
-3.6389760629921257
0
LINE
8
BLACK
6
CONTINUOUS
10
6.2565302362204722
20
-3.6389760629921257
11
6.2561637401574801
21
-3.6394805511811024
0
LINE
8
BLACK
6
CONTINUOUS
10
6.2561637401574801
20
-3.6394805511811024
11
6.2555706692913384
21
-3.6396732283464566
0
LINE
8
BLACK
6
CONTINUOUS
10
6.2555706692913384
20
-3.6396732283464566
11
6.2550662204724405
21
-3.6400397637795274
0
LINE
8
BLACK
6
CONTINUOUS
10
6.2550662204724405
20
-3.6400397637795274
11
6.2544426377952753
21
-3.6400397637795274
0
LINE
8
BLACK
6
CONTINUOUS
10
6.2544426377952753
20
-3.6400397637795274
11
6.2538496062992124
21
-3.6402324409448816
0
LINE
8
BLACK
6
CONTINUOUS
10
6.2538496062992124
20
-3.6402324409448816
11
6.214479527559055
21
-3.6402324409448816
0
LINE
8
BLACK
6
CONTINUOUS
10
6.214479527559055
20
-3.6402324409448816
11
6.2121653937007872
21
-3.6394805511811024
0
LINE
8
BLACK
6
CONTINUOUS
10
6.2121653937007872
20
-3.6394805511811024
11
6.2107351968503934
21
-3.6375120472440945
0
LINE
8
BLACK
6
CONTINUOUS
10
6.2107351968503934
20
-3.6375120472440945
11
6.2107351968503934
21
-3.6350788188976377
0
LINE
8
BLACK
6
CONTINUOUS
10
6.2107351968503934
20
-3.6350788188976377
11
6.2121653937007872
21
-3.6331103149606299
0
LINE
8
BLACK
6
CONTINUOUS
10
6.2121653937007872
20
-3.6331103149606299
11
6.214479527559055
21
-3.6323584251968501
0
LINE
8
BLACK
6
CONTINUOUS
10
6.214479527559055
20
-3.6323584251968501
11
6.2292901968503935
21
-3.6323584251968501
0
LINE
8
BLACK
6
CONTINUOUS
10
6.2292901968503935
20
-3.6323584251968501
11
6.2292901968503935
21
-3.6212973228346454
0
LINE
8
BLACK
6
CONTINUOUS
10
6.2292901968503935
20
-3.6212973228346454
11
6.2295706299212599
21
-3.6204341732283463
0
LINE
8
BLACK
6
CONTINUOUS
10
6.2295706299212599
20
-3.6204341732283463
11
6.229705826771653
21
-3.6195366535433071
0
LINE
8
BLACK
6
CONTINUOUS
10
6.229705826771653
20
-3.6195366535433071
11
6.2315805905511805
21
-3.615787125984252
0
LINE
8
BLACK
6
CONTINUOUS
10
6.2315805905511805
20
-3.615787125984252
11
6.2320283464566923
21
-3.6153324803149607
0
LINE
8
BLACK
6
CONTINUOUS
10
6.2320283464566923
20
-3.6153324803149607
11
6.2323180708661416
21
-3.6147638976377952
0
LINE
8
BLACK
6
CONTINUOUS
10
6.2323180708661416
20
-3.6147638976377952
11
6.2341928346456692
21
-3.6128891732283464
0
LINE
8
BLACK
6
CONTINUOUS
10
6.2341928346456692
20
-3.6128891732283464
11
6.234761377952756
21
-3.6125994488188975
0
LINE
8
BLACK
6
CONTINUOUS
10
6.234761377952756
20
-3.6125994488188975
11
6.2352160629921256
21
-3.6121516535433069
0
LINE
8
BLACK
6
CONTINUOUS
10
6.2352160629921256
20
-3.6121516535433069
11
6.238965551181102
21
-3.6102768897637794
0
LINE
8
BLACK
6
CONTINUOUS
10
6.238965551181102
20
-3.6102768897637794
11
6.2398631102362208
21
-3.6101416929133858
0
LINE
8
BLACK
6
CONTINUOUS
10
6.2398631102362208
20
-3.6101416929133858
11
6.2407262598425195
21
-3.6098612598425195
0
LINE
8
BLACK
6
CONTINUOUS
10
6.2407262598425195
20
-3.6098612598425195
11
6.2463505511811022
21
-3.6098612598425195
0
LINE
8
BLACK
6
CONTINUOUS
10
6.2463505511811022
20
-3.6098612598425195
11
6.247213661417323
21
-3.6101416929133858
0
LINE
8
BLACK
6
CONTINUOUS
10
6.239308818897638
20
-3.6189086614173229
11
6.2383376377952757
21
-3.6198798818897635
0
LINE
8
BLACK
6
CONTINUOUS
10
6.2383376377952757
20
-3.6198798818897635
11
6.237164212598425
21
-3.6222267322834645
0
LINE
8
BLACK
6
CONTINUOUS
10
6.237164212598425
20
-3.6222267322834645
11
6.237164212598425
21
-3.6323584251968501
0
LINE
8
BLACK
6
CONTINUOUS
10
6.237164212598425
20
-3.6323584251968501
11
6.2499125984251966
21
-3.6323584251968501
0
LINE
8
BLACK
6
CONTINUOUS
10
6.2499125984251966
20
-3.6323584251968501
11
6.2499125984251966
21
-3.6222267322834645
0
LINE
8
BLACK
6
CONTINUOUS
10
6.2499125984251966
20
-3.6222267322834645
11
6.2487391732283459
21
-3.6198798818897635
0
LINE
8
BLACK
6
CONTINUOUS
10
6.2487391732283459
20
-3.6198798818897635
11
6.2477679527559058
21
-3.6189087007874017
0
LINE
8
BLACK
6
CONTINUOUS
10
6.2477679527559058
20
-3.6189087007874017
11
6.2454211417322831
21
-3.617735275590551
0
LINE
8
BLACK
6
CONTINUOUS
10
6.2454211417322831
20
-3.617735275590551
11
6.2416556692913385
21
-3.617735275590551
0
LINE
8
BLACK
6
CONTINUOUS
10
6.2416556692913385
20
-3.617735275590551
11
6.239308818897638
21
-3.6189086614173229
0
LINE
8
BLACK
6
CONTINUOUS
10
6.4062892913385827
20
-3.6134000787401575
11
6.4069801181102362
21
-3.6152980708661415
0
LINE
8
BLACK
6
CONTINUOUS
10
6.4069801181102362
20
-3.6152980708661415
11
6.4069801181102362
21
-3.6182977165354329
0
LINE
8
BLACK
6
CONTINUOUS
10
6.4069801181102362
20
-3.6182977165354329
11
6.4068268110236222
21
-3.6191670866141732
0
LINE
8
BLACK
6
CONTINUOUS
10
6.4068268110236222
20
-3.6191670866141732
11
6.4068285826771652
21
-3.6192314566929134
0
LINE
8
BLACK
6
CONTINUOUS
10
6.4068285826771652
20
-3.6192314566929134
11
6.4053287795275589
21
-3.6237308661417322
0
LINE
8
BLACK
6
CONTINUOUS
10
6.4053287795275589
20
-3.6237308661417322
11
6.4048404724409451
21
-3.6246326377952753
0
LINE
8
BLACK
6
CONTINUOUS
10
6.4048404724409451
20
-3.6246326377952753
11
6.4046900787401571
21
-3.6247249999999998
0
LINE
8
BLACK
6
CONTINUOUS
10
6.4046900787401571
20
-3.6247249999999998
11
6.4046154724409448
21
-3.6248850393700787
0
LINE
8
BLACK
6
CONTINUOUS
10
6.4046154724409448
20
-3.6248850393700787
11
6.4016158267716534
21
-3.62788468503937
0
LINE
8
BLACK
6
CONTINUOUS
10
6.4016158267716534
20
-3.62788468503937
11
6.4007757874015745
21
-3.6284728740157481
0
LINE
8
BLACK
6
CONTINUOUS
10
6.4007757874015745
20
-3.6284728740157481
11
6.4005999212598423
21
-3.6284882283464568
0
LINE
8
BLACK
6
CONTINUOUS
10
6.4005999212598423
20
-3.6284882283464568
11
6.4004616535433065
21
-3.6285979921259841
0
LINE
8
BLACK
6
CONTINUOUS
10
6.4004616535433065
20
-3.6285979921259841
11
6.3959622047244089
21
-3.6300977952755904
0
LINE
8
BLACK
6
CONTINUOUS
10
6.3959622047244089
20
-3.6300977952755904
11
6.3950890157480318
21
-3.6302272440944883
0
LINE
8
BLACK
6
CONTINUOUS
10
6.3950890157480318
20
-3.6302272440944883
11
6.3950284645669289
21
-3.6302493307086614
0
LINE
8
BLACK
6
CONTINUOUS
10
6.3950284645669289
20
-3.6302493307086614
11
6.3725312992125982
21
-3.6302493307086614
0
LINE
8
BLACK
6
CONTINUOUS
10
6.3725312992125982
20
-3.6302493307086614
11
6.3715213779527557
21
-3.6300712598425195
0
LINE
8
BLACK
6
CONTINUOUS
10
6.3715213779527557
20
-3.6300712598425195
11
6.3699741338582676
21
-3.6287729527559054
0
LINE
8
BLACK
6
CONTINUOUS
10
6.3699741338582676
20
-3.6287729527559054
11
6.3696233858267712
21
-3.6267838188976378
0
LINE
8
BLACK
6
CONTINUOUS
10
6.3696233858267712
20
-3.6267838188976378
11
6.3706333070866137
21
-3.6250346456692912
0
LINE
8
BLACK
6
CONTINUOUS
10
6.3706333070866137
20
-3.6250346456692912
11
6.3725312992125982
21
-3.6243438188976378
0
LINE
8
BLACK
6
CONTINUOUS
10
6.3725312992125982
20
-3.6243438188976378
11
6.3945493307086609
21
-3.6243438188976378
0
LINE
8
BLACK
6
CONTINUOUS
10
6.3945493307086609
20
-3.6243438188976378
11
6.3979328740157477
21
-3.6232159448818897
0
LINE
8
BLACK
6
CONTINUOUS
10
6.3979328740157477
20
-3.6232159448818897
11
6.3999467716535428
21
-3.621202086614173
0
LINE
8
BLACK
6
CONTINUOUS
10
6.3999467716535428
20
-3.621202086614173
11
6.4010746062992121
21
-3.6178185826771654
0
LINE
8
BLACK
6
CONTINUOUS
10
6.4010746062992121
20
-3.6178185826771654
11
6.4010746062992121
21
-3.6152980708661415
0
LINE
8
BLACK
6
CONTINUOUS
10
6.4010746062992121
20
-3.6152980708661415
11
6.4012526771653544
21
-3.6142881496062991
0
LINE
8
BLACK
6
CONTINUOUS
10
6.4012526771653544
20
-3.6142881496062991
11
6.4025509842519686
21
-3.6127409055118109
0
LINE
8
BLACK
6
CONTINUOUS
10
6.4025509842519686
20
-3.6127409055118109
11
6.4045401181102362
21
-3.612390157480315
0
LINE
8
BLACK
6
CONTINUOUS
10
6.4045401181102362
20
-3.612390157480315
11
6.4062892913385827
21
-3.6134000787401575
0
LINE
8
BLACK
6
CONTINUOUS
10
5.9793576377952755
20
-3.6077981889763779
11
5.9800495275590553
21
-3.6094685039370078
0
LINE
8
BLACK
6
CONTINUOUS
10
5.9800495275590553
20
-3.6094685039370078
11
5.9793576377952755
21
-3.6111388188976377
0
LINE
8
BLACK
6
CONTINUOUS
10
5.9793576377952755
20
-3.6111388188976377
11
5.9776873228346457
21
-3.6118307086614174
0
LINE
8
BLACK
6
CONTINUOUS
10
5.9776873228346457
20
-3.6118307086614174
11
5.9590055905511807
21
-3.6118307086614174
0
LINE
8
BLACK
6
CONTINUOUS
10
5.9590055905511807
20
-3.6118307086614174
11
5.9573352755905509
21
-3.6111388188976377
0
LINE
8
BLACK
6
CONTINUOUS
10
5.9573352755905509
20
-3.6111388188976377
11
5.9566433858267711
21
-3.6094685039370078
0
LINE
8
BLACK
6
CONTINUOUS
10
5.9566433858267711
20
-3.6094685039370078
11
5.9573352755905509
21
-3.6077981889763779
0
LINE
8
BLACK
6
CONTINUOUS
10
5.9573352755905509
20
-3.6077981889763779
11
5.9590055905511807
21
-3.6071062992125982
0
LINE
8
BLACK
6
CONTINUOUS
10
5.9590055905511807
20
-3.6071062992125982
11
5.9776873228346457
21
-3.6071062992125982
0
LINE
8
BLACK
6
CONTINUOUS
10
5.9776873228346457
20
-3.6071062992125982
11
5.9793576377952755
21
-3.6077981889763779
0
LINE
8
BLACK
6
CONTINUOUS
10
6.2561637401574801
20
-3.5712430708661418
11
6.2575939370078739
21
-3.5732115748031497
0
LINE
8
BLACK
6
CONTINUOUS
10
6.2575939370078739
20
-3.5732115748031497
11
6.2575939370078739
21
-3.5756448031496064
0
LINE
8
BLACK
6
CONTINUOUS
10
6.2575939370078739
20
-3.5756448031496064
11
6.2561637401574801
21
-3.5776133070866143
0
LINE
8
BLACK
6
CONTINUOUS
10
6.2561637401574801
20
-3.5776133070866143
11
6.2538496062992124
21
-3.5783651968503936
0
LINE
8
BLACK
6
CONTINUOUS
10
6.2538496062992124
20
-3.5783651968503936
11
6.2390389763779526
21
-3.5783651968503936
0
LINE
8
BLACK
6
CONTINUOUS
10
6.2390389763779526
20
-3.5783651968503936
11
6.2390389763779526
21
-3.5929883464566927
0
LINE
8
BLACK
6
CONTINUOUS
10
6.2390389763779526
20
-3.5929883464566927
11
6.2538496062992124
21
-3.5929883464566927
0
LINE
8
BLACK
6
CONTINUOUS
10
6.2538496062992124
20
-3.5929883464566927
11
6.2561637401574801
21
-3.5937402362204725
0
LINE
8
BLACK
6
CONTINUOUS
10
6.2561637401574801
20
-3.5937402362204725
11
6.2575939370078739
21
-3.5957087401574803
0
LINE
8
BLACK
6
CONTINUOUS
10
6.2575939370078739
20
-3.5957087401574803
11
6.2575939370078739
21
-3.5981419685039371
0
LINE
8
BLACK
6
CONTINUOUS
10
6.2575939370078739
20
-3.5981419685039371
11
6.2561637401574801
21
-3.600110472440945
0
LINE
8
BLACK
6
CONTINUOUS
10
6.2561637401574801
20
-3.600110472440945
11
6.2538496062992124
21
-3.6008623622047242
0
LINE
8
BLACK
6
CONTINUOUS
10
6.2538496062992124
20
-3.6008623622047242
11
6.214479527559055
21
-3.6008623622047242
0
LINE
8
BLACK
6
CONTINUOUS
10
6.214479527559055
20
-3.6008623622047242
11
6.2121653937007872
21
-3.600110472440945
0
LINE
8
BLACK
6
CONTINUOUS
10
6.2121653937007872
20
-3.600110472440945
11
6.2107351968503934
21
-3.5981419685039371
0
LINE
8
BLACK
6
CONTINUOUS
10
6.2107351968503934
20
-3.5981419685039371
11
6.2107351968503934
21
-3.5957087401574803
0
LINE
8
BLACK
6
CONTINUOUS
10
6.2107351968503934
20
-3.5957087401574803
11
6.2121653937007872
21
-3.5937402362204725
0
LINE
8
BLACK
6
CONTINUOUS
10
6.2121653937007872
20
-3.5937402362204725
11
6.214479527559055
21
-3.5929883464566927
0
LINE
8
BLACK
6
CONTINUOUS
10
6.214479527559055
20
-3.5929883464566927
11
6.2311649606299211
21
-3.5929883464566927
0
LINE
8
BLACK
6
CONTINUOUS
10
6.2311649606299211
20
-3.5929883464566927
11
6.2311649606299211
21
-3.5783651968503936
0
LINE
8
BLACK
6
CONTINUOUS
10
6.2311649606299211
20
-3.5783651968503936
11
6.214479527559055
21
-3.5783651968503936
0
LINE
8
BLACK
6
CONTINUOUS
10
6.214479527559055
20
-3.5783651968503936
11
6.2121653937007872
21
-3.5776133070866143
0
LINE
8
BLACK
6
CONTINUOUS
10
6.2121653937007872
20
-3.5776133070866143
11
6.2107351968503934
21
-3.5756448031496064
0
LINE
8
BLACK
6
CONTINUOUS
10
6.2107351968503934
20
-3.5756448031496064
11
6.2107351968503934
21
-3.5732115748031497
0
LINE
8
BLACK
6
CONTINUOUS
10
6.2107351968503934
20
-3.5732115748031497
11
6.2121653937007872
21
-3.5712430708661418
0
LINE
8
BLACK
6
CONTINUOUS
10
6.2121653937007872
20
-3.5712430708661418
11
6.214479527559055
21
-3.5704911811023621
0
LINE
8
BLACK
6
CONTINUOUS
10
6.214479527559055
20
-3.5704911811023621
11
6.2538496062992124
21
-3.5704911811023621
0
LINE
8
BLACK
6
CONTINUOUS
10
6.2538496062992124
20
-3.5704911811023621
11
6.2561637401574801
21
-3.5712430708661418
0
LINE
8
BLACK
6
CONTINUOUS
10
6.2176646456692914
20
-3.5346187401574802
11
6.2184165354330707
21
-3.536932874015748
0
LINE
8
BLACK
6
CONTINUOUS
10
6.2184165354330707
20
-3.536932874015748
11
6.2184165354330707
21
-3.5517435039370078
0
LINE
8
BLACK
6
CONTINUOUS
10
6.2184165354330707
20
-3.5517435039370078
11
6.2311649606299211
21
-3.5517435039370078
0
LINE
8
BLACK
6
CONTINUOUS
10
6.2311649606299211
20
-3.5517435039370078
11
6.2311649606299211
21
-3.5425571653543306
0
LINE
8
BLACK
6
CONTINUOUS
10
6.2311649606299211
20
-3.5425571653543306
11
6.2319168503937004
21
-3.5402430314960629
0
LINE
8
BLACK
6
CONTINUOUS
10
6.2319168503937004
20
-3.5402430314960629
11
6.2338853543307087
21
-3.5388128346456691
0
LINE
8
BLACK
6
CONTINUOUS
10
6.2338853543307087
20
-3.5388128346456691
11
6.236318582677165
21
-3.5388128346456691
0
LINE
8
BLACK
6
CONTINUOUS
10
6.236318582677165
20
-3.5388128346456691
11
6.2382870866141733
21
-3.5402430314960629
0
LINE
8
BLACK
6
CONTINUOUS
10
6.2382870866141733
20
-3.5402430314960629
11
6.2390389763779526
21
-3.5425571653543306
0
LINE
8
BLACK
6
CONTINUOUS
10
6.2390389763779526
20
-3.5425571653543306
11
6.2390389763779526
21
-3.5517435039370078
0
LINE
8
BLACK
6
CONTINUOUS
10
6.2390389763779526
20
-3.5517435039370078
11
6.2499125984251966
21
-3.5517435039370078
0
LINE
8
BLACK
6
CONTINUOUS
10
6.2499125984251966
20
-3.5517435039370078
11
6.2499125984251966
21
-3.536932874015748
0
LINE
8
BLACK
6
CONTINUOUS
10
6.2499125984251966
20
-3.536932874015748
11
6.2506644881889759
21
-3.5346187401574802
0
LINE
8
BLACK
6
CONTINUOUS
10
6.2506644881889759
20
-3.5346187401574802
11
6.2526329921259842
21
-3.5331885433070864
0
LINE
8
BLACK
6
CONTINUOUS
10
6.2526329921259842
20
-3.5331885433070864
11
6.2550662204724405
21
-3.5331885433070864
0
LINE
8
BLACK
6
CONTINUOUS
10
6.2550662204724405
20
-3.5331885433070864
11
6.2570347244094489
21
-3.5346187401574802
0
LINE
8
BLACK
6
CONTINUOUS
10
6.2570347244094489
20
-3.5346187401574802
11
6.2577866141732281
21
-3.536932874015748
0
LINE
8
BLACK
6
CONTINUOUS
10
6.2577866141732281
20
-3.536932874015748
11
6.2577866141732281
21
-3.5556805118110235
0
LINE
8
BLACK
6
CONTINUOUS
10
6.2577866141732281
20
-3.5556805118110235
11
6.2575939370078739
21
-3.5562735039370077
0
LINE
8
BLACK
6
CONTINUOUS
10
6.2575939370078739
20
-3.5562735039370077
11
6.2575939370078739
21
-3.5568971259842517
0
LINE
8
BLACK
6
CONTINUOUS
10
6.2575939370078739
20
-3.5568971259842517
11
6.2572274015748031
21
-3.5574015748031496
0
LINE
8
BLACK
6
CONTINUOUS
10
6.2572274015748031
20
-3.5574015748031496
11
6.2570347244094489
21
-3.5579946456692912
0
LINE
8
BLACK
6
CONTINUOUS
10
6.2570347244094489
20
-3.5579946456692912
11
6.2565302362204722
21
-3.5583611417322834
0
LINE
8
BLACK
6
CONTINUOUS
10
6.2565302362204722
20
-3.5583611417322834
11
6.2561637401574801
21
-3.5588656299212595
0
LINE
8
BLACK
6
CONTINUOUS
10
6.2561637401574801
20
-3.5588656299212595
11
6.2555706692913384
21
-3.5590583070866142
0
LINE
8
BLACK
6
CONTINUOUS
10
6.2555706692913384
20
-3.5590583070866142
11
6.2550662204724405
21
-3.5594248425196851
0
LINE
8
BLACK
6
CONTINUOUS
10
6.2550662204724405
20
-3.5594248425196851
11
6.2544426377952753
21
-3.5594248425196851
0
LINE
8
BLACK
6
CONTINUOUS
10
6.2544426377952753
20
-3.5594248425196851
11
6.2538496062992124
21
-3.5596175196850393
0
LINE
8
BLACK
6
CONTINUOUS
10
6.2538496062992124
20
-3.5596175196850393
11
6.214479527559055
21
-3.5596175196850393
0
LINE
8
BLACK
6
CONTINUOUS
10
6.214479527559055
20
-3.5596175196850393
11
6.213886496062992
21
-3.5594248425196851
0
LINE
8
BLACK
6
CONTINUOUS
10
6.213886496062992
20
-3.5594248425196851
11
6.2132629133858268
21
-3.5594248425196851
0
LINE
8
BLACK
6
CONTINUOUS
10
6.2132629133858268
20
-3.5594248425196851
11
6.2127584251968502
21
-3.5590583070866142
0
LINE
8
BLACK
6
CONTINUOUS
10
6.2127584251968502
20
-3.5590583070866142
11
6.2121653937007872
21
-3.5588656299212595
0
LINE
8
BLACK
6
CONTINUOUS
10
6.2121653937007872
20
-3.5588656299212595
11
6.2117988582677164
21
-3.5583611417322834
0
LINE
8
BLACK
6
CONTINUOUS
10
6.2117988582677164
20
-3.5583611417322834
11
6.2112944094488185
21
-3.5579946456692912
0
LINE
8
BLACK
6
CONTINUOUS
10
6.2112944094488185
20
-3.5579946456692912
11
6.2111016929133855
21
-3.5574015748031496
0
LINE
8
BLACK
6
CONTINUOUS
10
6.2111016929133855
20
-3.5574015748031496
11
6.2107351968503934
21
-3.5568971259842517
0
LINE
8
BLACK
6
CONTINUOUS
10
6.2107351968503934
20
-3.5568971259842517
11
6.2107351968503934
21
-3.5562735039370077
0
LINE
8
BLACK
6
CONTINUOUS
10
6.2107351968503934
20
-3.5562735039370077
11
6.2105425196850392
21
-3.5556805118110235
0
LINE
8
BLACK
6
CONTINUOUS
10
6.2105425196850392
20
-3.5556805118110235
11
6.2105425196850392
21
-3.536932874015748
0
LINE
8
BLACK
6
CONTINUOUS
10
6.2105425196850392
20
-3.536932874015748
11
6.2112944094488185
21
-3.5346187401574802
0
LINE
8
BLACK
6
CONTINUOUS
10
6.2112944094488185
20
-3.5346187401574802
11
6.2132629133858268
21
-3.5331885433070864
0
LINE
8
BLACK
6
CONTINUOUS
10
6.2132629133858268
20
-3.5331885433070864
11
6.2156961417322831
21
-3.5331885433070864
0
LINE
8
BLACK
6
CONTINUOUS
10
6.2156961417322831
20
-3.5331885433070864
11
6.2176646456692914
21
-3.5346187401574802
0
LINE
8
BLACK
6
CONTINUOUS
10
6.1284844094488191
20
-3.5499044881889761
11
6.129176299212598
21
-3.5515748031496064
0
LINE
8
BLACK
6
CONTINUOUS
10
6.129176299212598
20
-3.5515748031496064
11
6.1284844094488191
21
-3.5532451181102362
0
LINE
8
BLACK
6
CONTINUOUS
10
6.1284844094488191
20
-3.5532451181102362
11
6.1268140944881893
21
-3.5539370078740156
0
LINE
8
BLACK
6
CONTINUOUS
10
6.1268140944881893
20
-3.5539370078740156
11
6.1064536220472441
21
-3.5539370078740156
0
LINE
8
BLACK
6
CONTINUOUS
10
6.1064536220472441
20
-3.5539370078740156
11
6.1047833070866142
21
-3.5532451181102362
0
LINE
8
BLACK
6
CONTINUOUS
10
6.1047833070866142
20
-3.5532451181102362
11
6.1040914173228344
21
-3.5515748031496064
0
LINE
8
BLACK
6
CONTINUOUS
10
6.1040914173228344
20
-3.5515748031496064
11
6.1047833070866142
21
-3.5499044881889761
0
LINE
8
BLACK
6
CONTINUOUS
10
6.1047833070866142
20
-3.5499044881889761
11
6.1064536220472441
21
-3.5492125984251968
0
LINE
8
BLACK
6
CONTINUOUS
10
6.1064536220472441
20
-3.5492125984251968
11
6.1268140944881893
21
-3.5492125984251968
0
LINE
8
BLACK
6
CONTINUOUS
10
6.1268140944881893
20
-3.5492125984251968
11
6.1284844094488191
21
-3.5499044881889761
0
LINE
8
BLACK
6
CONTINUOUS
10
5.5658041732283463
20
-3.4438808661417322
11
5.5664960629921261
21
-3.445551181102362
0
LINE
8
BLACK
6
CONTINUOUS
10
5.5664960629921261
20
-3.445551181102362
11
5.5664960629921261
21
-3.5355118110236221
0
LINE
8
BLACK
6
CONTINUOUS
10
5.5664960629921261
20
-3.5355118110236221
11
5.5658041732283463
21
-3.537182125984252
0
LINE
8
BLACK
6
CONTINUOUS
10
5.5658041732283463
20
-3.537182125984252
11
5.5641338582677164
21
-3.5378740157480313
0
LINE
8
BLACK
6
CONTINUOUS
10
5.5641338582677164
20
-3.5378740157480313
11
5.5062598425196851
21
-3.5378740157480313
0
LINE
8
BLACK
6
CONTINUOUS
10
5.5062598425196851
20
-3.5378740157480313
11
5.5045895275590553
21
-3.537182125984252
0
LINE
8
BLACK
6
CONTINUOUS
10
5.5045895275590553
20
-3.537182125984252
11
5.5038976377952755
21
-3.5355118110236221
0
LINE
8
BLACK
6
CONTINUOUS
10
5.5038976377952755
20
-3.5355118110236221
11
5.5038976377952755
21
-3.445551181102362
0
LINE
8
BLACK
6
CONTINUOUS
10
5.5038976377952755
20
-3.445551181102362
11
5.5045895275590553
21
-3.4438808661417322
0
LINE
8
BLACK
6
CONTINUOUS
10
5.5045895275590553
20
-3.4438808661417322
11
5.5062598425196851
21
-3.4431889763779528
0
LINE
8
BLACK
6
CONTINUOUS
10
5.5062598425196851
20
-3.4431889763779528
11
5.507930157480315
21
-3.4438808661417322
0
LINE
8
BLACK
6
CONTINUOUS
10
5.507930157480315
20
-3.4438808661417322
11
5.5086220472440948
21
-3.445551181102362
0
LINE
8
BLACK
6
CONTINUOUS
10
5.5086220472440948
20
-3.445551181102362
11
5.5086220472440948
21
-3.5331496062992125
0
LINE
8
BLACK
6
CONTINUOUS
10
5.5086220472440948
20
-3.5331496062992125
11
5.5617716535433068
21
-3.5331496062992125
0
LINE
8
BLACK
6
CONTINUOUS
10
5.5617716535433068
20
-3.5331496062992125
11
5.5617716535433068
21
-3.445551181102362
0
LINE
8
BLACK
6
CONTINUOUS
10
5.5617716535433068
20
-3.445551181102362
11
5.5624635433070866
21
-3.4438808661417322
0
LINE
8
BLACK
6
CONTINUOUS
10
5.5624635433070866
20
-3.4438808661417322
11
5.5641338582677164
21
-3.4431889763779528
0
LINE
8
BLACK
6
CONTINUOUS
10
5.5641338582677164
20
-3.4431889763779528
11
5.5658041732283463
21
-3.4438808661417322
0
LINE
8
BLACK
6
CONTINUOUS
10
5.6839144094488185
20
-3.4438808661417322
11
5.6846062992125983
21
-3.445551181102362
0
LINE
8
BLACK
6
CONTINUOUS
10
5.6846062992125983
20
-3.445551181102362
11
5.6846062992125983
21
-3.5355118110236221
0
LINE
8
BLACK
6
CONTINUOUS
10
5.6846062992125983
20
-3.5355118110236221
11
5.6839144094488185
21
-3.537182125984252
0
LINE
8
BLACK
6
CONTINUOUS
10
5.6839144094488185
20
-3.537182125984252
11
5.6822440944881887
21
-3.5378740157480313
0
LINE
8
BLACK
6
CONTINUOUS
10
5.6822440944881887
20
-3.5378740157480313
11
5.6243700787401574
21
-3.5378740157480313
0
LINE
8
BLACK
6
CONTINUOUS
10
5.6243700787401574
20
-3.5378740157480313
11
5.6226997637795275
21
-3.537182125984252
0
LINE
8
BLACK
6
CONTINUOUS
10
5.6226997637795275
20
-3.537182125984252
11
5.6220078740157478
21
-3.5355118110236221
0
LINE
8
BLACK
6
CONTINUOUS
10
5.6220078740157478
20
-3.5355118110236221
11
5.6220078740157478
21
-3.445551181102362
0
LINE
8
BLACK
6
CONTINUOUS
10
5.6220078740157478
20
-3.445551181102362
11
5.6226997637795275
21
-3.4438808661417322
0
LINE
8
BLACK
6
CONTINUOUS
10
5.6226997637795275
20
-3.4438808661417322
11
5.6243700787401574
21
-3.4431889763779528
0
LINE
8
BLACK
6
CONTINUOUS
10
5.6243700787401574
20
-3.4431889763779528
11
5.6260403937007872
21
-3.4438808661417322
0
LINE
8
BLACK
6
CONTINUOUS
10
5.6260403937007872
20
-3.4438808661417322
11
5.626732283464567
21
-3.445551181102362
0
LINE
8
BLACK
6
CONTINUOUS
10
5.626732283464567
20
-3.445551181102362
11
5.626732283464567
21
-3.5331496062992125
0
LINE
8
BLACK
6
CONTINUOUS
10
5.626732283464567
20
-3.5331496062992125
11
5.6798818897637791
21
-3.5331496062992125
0
LINE
8
BLACK
6
CONTINUOUS
10
5.6798818897637791
20
-3.5331496062992125
11
5.6798818897637791
21
-3.445551181102362
0
LINE
8
BLACK
6
CONTINUOUS
10
5.6798818897637791
20
-3.445551181102362
11
5.6805737795275588
21
-3.4438808661417322
0
LINE
8
BLACK
6
CONTINUOUS
10
5.6805737795275588
20
-3.4438808661417322
11
5.6822440944881887
21
-3.4431889763779528
0
LINE
8
BLACK
6
CONTINUOUS
10
5.6822440944881887
20
-3.4431889763779528
11
5.6839144094488185
21
-3.4438808661417322
0
LINE
8
BLACK
6
CONTINUOUS
10
6.247213661417323
20
-3.4939062204724407
11
6.2481112204724409
21
-3.4940414173228347
0
LINE
8
BLACK
6
CONTINUOUS
10
6.2481112204724409
20
-3.4940414173228347
11
6.2518607480314961
21
-3.4959161811023622
0
LINE
8
BLACK
6
CONTINUOUS
10
6.2518607480314961
20
-3.4959161811023622
11
6.2523153543307082
21
-3.4963639370078741
0
LINE
8
BLACK
6
CONTINUOUS
10
6.2523153543307082
20
-3.4963639370078741
11
6.2528839763779525
21
-3.4966536614173229
0
LINE
8
BLACK
6
CONTINUOUS
10
6.2528839763779525
20
-3.4966536614173229
11
6.2547587007874013
21
-3.4985284251968505
0
LINE
8
BLACK
6
CONTINUOUS
10
6.2547587007874013
20
-3.4985284251968505
11
6.2550483858267718
21
-3.4990969685039368
0
LINE
8
BLACK
6
CONTINUOUS
10
6.2550483858267718
20
-3.4990969685039368
11
6.2554962204724411
21
-3.4995516535433069
0
LINE
8
BLACK
6
CONTINUOUS
10
6.2554962204724411
20
-3.4995516535433069
11
6.2573709842519687
21
-3.5033011417322832
0
LINE
8
BLACK
6
CONTINUOUS
10
6.2573709842519687
20
-3.5033011417322832
11
6.257506141732283
21
-3.5041987007874016
0
LINE
8
BLACK
6
CONTINUOUS
10
6.257506141732283
20
-3.5041987007874016
11
6.2577866141732281
21
-3.5050618503937008
0
LINE
8
BLACK
6
CONTINUOUS
10
6.2577866141732281
20
-3.5050618503937008
11
6.2577866141732281
21
-3.5200599606299212
0
LINE
8
BLACK
6
CONTINUOUS
10
6.2577866141732281
20
-3.5200599606299212
11
6.2575939370078739
21
-3.5206529527559054
0
LINE
8
BLACK
6
CONTINUOUS
10
6.2575939370078739
20
-3.5206529527559054
11
6.2575939370078739
21
-3.5212765748031494
0
LINE
8
BLACK
6
CONTINUOUS
10
6.2575939370078739
20
-3.5212765748031494
11
6.2572274015748031
21
-3.5217810236220473
0
LINE
8
BLACK
6
CONTINUOUS
10
6.2572274015748031
20
-3.5217810236220473
11
6.2570347244094489
21
-3.5223740944881889
0
LINE
8
BLACK
6
CONTINUOUS
10
6.2570347244094489
20
-3.5223740944881889
11
6.2565302362204722
21
-3.5227405905511811
0
LINE
8
BLACK
6
CONTINUOUS
10
6.2565302362204722
20
-3.5227405905511811
11
6.2561637401574801
21
-3.5232450787401572
0
LINE
8
BLACK
6
CONTINUOUS
10
6.2561637401574801
20
-3.5232450787401572
11
6.2555706692913384
21
-3.5234377559055119
0
LINE
8
BLACK
6
CONTINUOUS
10
6.2555706692913384
20
-3.5234377559055119
11
6.2550662204724405
21
-3.5238042913385828
0
LINE
8
BLACK
6
CONTINUOUS
10
6.2550662204724405
20
-3.5238042913385828
11
6.2544426377952753
21
-3.5238042913385828
0
LINE
8
BLACK
6
CONTINUOUS
10
6.2544426377952753
20
-3.5238042913385828
11
6.2538496062992124
21
-3.523996968503937
0
LINE
8
BLACK
6
CONTINUOUS
10
6.2538496062992124
20
-3.523996968503937
11
6.214479527559055
21
-3.523996968503937
0
LINE
8
BLACK
6
CONTINUOUS
10
6.214479527559055
20
-3.523996968503937
11
6.2121653937007872
21
-3.5232450787401572
0
LINE
8
BLACK
6
CONTINUOUS
10
6.2121653937007872
20
-3.5232450787401572
11
6.2107351968503934
21
-3.5212765748031494
0
LINE
8
BLACK
6
CONTINUOUS
10
6.2107351968503934
20
-3.5212765748031494
11
6.2107351968503934
21
-3.5188433464566931
0
LINE
8
BLACK
6
CONTINUOUS
10
6.2107351968503934
20
-3.5188433464566931
11
6.2121653937007872
21
-3.5168748425196847
0
LINE
8
BLACK
6
CONTINUOUS
10
6.2121653937007872
20
-3.5168748425196847
11
6.214479527559055
21
-3.5161229527559055
0
LINE
8
BLACK
6
CONTINUOUS
10
6.214479527559055
20
-3.5161229527559055
11
6.2292901968503935
21
-3.5161229527559055
0
LINE
8
BLACK
6
CONTINUOUS
10
6.2292901968503935
20
-3.5161229527559055
11
6.2292901968503935
21
-3.5127359448818898
0
LINE
8
BLACK
6
CONTINUOUS
10
6.2292901968503935
20
-3.5127359448818898
11
6.212221811023622
21
-3.5007881102362206
0
LINE
8
BLACK
6
CONTINUOUS
10
6.212221811023622
20
-3.5007881102362206
11
6.2107571653543303
21
-3.4988450787401573
0
LINE
8
BLACK
6
CONTINUOUS
10
6.2107571653543303
20
-3.4988450787401573
11
6.2107143700787404
21
-3.496412244094488
0
LINE
8
BLACK
6
CONTINUOUS
10
6.2107143700787404
20
-3.496412244094488
11
6.2121097244094488
21
-3.4944188582677165
0
LINE
8
BLACK
6
CONTINUOUS
10
6.2121097244094488
20
-3.4944188582677165
11
6.2144102755905513
21
-3.4936263779527557
0
LINE
8
BLACK
6
CONTINUOUS
10
6.2144102755905513
20
-3.4936263779527557
11
6.2167372440944879
21
-3.4943374803149605
0
LINE
8
BLACK
6
CONTINUOUS
10
6.2167372440944879
20
-3.4943374803149605
11
6.2296902362204722
21
-3.5034045669291336
0
LINE
8
BLACK
6
CONTINUOUS
10
6.2296902362204722
20
-3.5034045669291336
11
6.229705826771653
21
-3.503301181102362
0
LINE
8
BLACK
6
CONTINUOUS
10
6.229705826771653
20
-3.503301181102362
11
6.2315805905511805
21
-3.4995516535433069
0
LINE
8
BLACK
6
CONTINUOUS
10
6.2315805905511805
20
-3.4995516535433069
11
6.2320283464566923
21
-3.4990970078740156
0
LINE
8
BLACK
6
CONTINUOUS
10
6.2320283464566923
20
-3.4990970078740156
11
6.2323180708661416
21
-3.4985284251968505
0
LINE
8
BLACK
6
CONTINUOUS
10
6.2323180708661416
20
-3.4985284251968505
11
6.2341928346456692
21
-3.4966537007874017
0
LINE
8
BLACK
6
CONTINUOUS
10
6.2341928346456692
20
-3.4966537007874017
11
6.234761377952756
21
-3.4963639763779528
0
LINE
8
BLACK
6
CONTINUOUS
10
6.234761377952756
20
-3.4963639763779528
11
6.2352160629921256
21
-3.4959161811023622
0
LINE
8
BLACK
6
CONTINUOUS
10
6.2352160629921256
20
-3.4959161811023622
11
6.238965551181102
21
-3.4940414173228347
0
LINE
8
BLACK
6
CONTINUOUS
10
6.238965551181102
20
-3.4940414173228347
11
6.2398631102362208
21
-3.4939062204724407
0
LINE
8
BLACK
6
CONTINUOUS
10
6.2398631102362208
20
-3.4939062204724407
11
6.2407262598425195
21
-3.4936257874015748
0
LINE
8
BLACK
6
CONTINUOUS
10
6.2407262598425195
20
-3.4936257874015748
11
6.2463505511811022
21
-3.4936257874015748
0
LINE
8
BLACK
6
CONTINUOUS
10
6.2463505511811022
20
-3.4936257874015748
11
6.247213661417323
21
-3.4939062204724407
0
LINE
8
BLACK
6
CONTINUOUS
10
6.239308818897638
20
-3.5026731889763778
11
6.2383376377952757
21
-3.5036444094488188
0
LINE
8
BLACK
6
CONTINUOUS
10
6.2383376377952757
20
-3.5036444094488188
11
6.237164212598425
21
-3.5059912598425198
0
LINE
8
BLACK
6
CONTINUOUS
10
6.237164212598425
20
-3.5059912598425198
11
6.237164212598425
21
-3.5161229527559055
0
LINE
8
BLACK
6
CONTINUOUS
10
6.237164212598425
20
-3.5161229527559055
11
6.2499125984251966
21
-3.5161229527559055
0
LINE
8
BLACK
6
CONTINUOUS
10
6.2499125984251966
20
-3.5161229527559055
11
6.2499125984251966
21
-3.5059912598425198
0
LINE
8
BLACK
6
CONTINUOUS
10
6.2499125984251966
20
-3.5059912598425198
11
6.2487391732283459
21
-3.5036444094488188
0
LINE
8
BLACK
6
CONTINUOUS
10
6.2487391732283459
20
-3.5036444094488188
11
6.2477679527559058
21
-3.5026732283464566
0
LINE
8
BLACK
6
CONTINUOUS
10
6.2477679527559058
20
-3.5026732283464566
11
6.2454211417322831
21
-3.5014998031496063
0
LINE
8
BLACK
6
CONTINUOUS
10
6.2454211417322831
20
-3.5014998031496063
11
6.2416556692913385
21
-3.5014998031496063
0
LINE
8
BLACK
6
CONTINUOUS
10
6.2416556692913385
20
-3.5014998031496063
11
6.239308818897638
21
-3.5026731889763778
0
LINE
8
BLACK
6
CONTINUOUS
10
5.6048478740157481
20
-3.4802086220472441
11
5.6063477165354332
21
-3.4817084251968504
0
LINE
8
BLACK
6
CONTINUOUS
10
5.6063477165354332
20
-3.4817084251968504
11
5.6068540944881891
21
-3.4824315748031496
0
LINE
8
BLACK
6
CONTINUOUS
10
5.6068540944881891
20
-3.4824315748031496
11
5.6069008661417321
21
-3.4824758661417321
0
LINE
8
BLACK
6
CONTINUOUS
10
5.6069008661417321
20
-3.4824758661417321
11
5.6084006692913384
21
-3.4854755118110234
0
LINE
8
BLACK
6
CONTINUOUS
10
5.6084006692913384
20
-3.4854755118110234
11
5.608693070866142
21
-3.4864584645669292
0
LINE
8
BLACK
6
CONTINUOUS
10
5.608693070866142
20
-3.4864584645669292
11
5.6086520078740154
21
-3.4866301574803149
0
LINE
8
BLACK
6
CONTINUOUS
10
5.6086520078740154
20
-3.4866301574803149
11
5.6087124015748033
21
-3.486796023622047
0
LINE
8
BLACK
6
CONTINUOUS
10
5.6087124015748033
20
-3.486796023622047
11
5.6087124015748033
21
-3.4957948818897635
0
LINE
8
BLACK
6
CONTINUOUS
10
5.6087124015748033
20
-3.4957948818897635
11
5.608534330708661
21
-3.4968048031496064
0
LINE
8
BLACK
6
CONTINUOUS
10
5.608534330708661
20
-3.4968048031496064
11
5.6084208267716535
21
-3.4969400393700787
0
LINE
8
BLACK
6
CONTINUOUS
10
5.6084208267716535
20
-3.4969400393700787
11
5.6084006692913384
21
-3.4971153937007875
0
LINE
8
BLACK
6
CONTINUOUS
10
5.6084006692913384
20
-3.4971153937007875
11
5.6069008661417321
21
-3.5001150393700788
0
LINE
8
BLACK
6
CONTINUOUS
10
5.6069008661417321
20
-3.5001150393700788
11
5.6063748818897636
21
-3.5008241338582677
0
LINE
8
BLACK
6
CONTINUOUS
10
5.6063748818897636
20
-3.5008241338582677
11
5.6063477165354332
21
-3.5008824803149605
0
LINE
8
BLACK
6
CONTINUOUS
10
5.6063477165354332
20
-3.5008824803149605
11
5.6048478740157481
21
-3.5023822834645668
0
LINE
8
BLACK
6
CONTINUOUS
10
5.6048478740157481
20
-3.5023822834645668
11
5.604124803149606
21
-3.5028885433070864
0
LINE
8
BLACK
6
CONTINUOUS
10
5.604124803149606
20
-3.5028885433070864
11
5.6040805118110235
21
-3.5029353543307087
0
LINE
8
BLACK
6
CONTINUOUS
10
5.6040805118110235
20
-3.5029353543307087
11
5.6010809055118109
21
-3.504435157480315
0
LINE
8
BLACK
6
CONTINUOUS
10
5.6010809055118109
20
-3.504435157480315
11
5.6000979527559052
21
-3.5047275196850394
0
LINE
8
BLACK
6
CONTINUOUS
10
5.6000979527559052
20
-3.5047275196850394
11
5.5999262598425199
21
-3.504686496062992
0
LINE
8
BLACK
6
CONTINUOUS
10
5.5999262598425199
20
-3.504686496062992
11
5.5997603937007874
21
-3.5047468897637795
0
LINE
8
BLACK
6
CONTINUOUS
10
5.5997603937007874
20
-3.5047468897637795
11
5.5922613385826772
21
-3.5047468897637795
0
LINE
8
BLACK
6
CONTINUOUS
10
5.5922613385826772
20
-3.5047468897637795
11
5.5912514173228347
21
-3.5045688188976376
0
LINE
8
BLACK
6
CONTINUOUS
10
5.5912514173228347
20
-3.5045688188976376
11
5.5911161417322832
21
-3.5044553149606297
0
LINE
8
BLACK
6
CONTINUOUS
10
5.5911161417322832
20
-3.5044553149606297
11
5.5909408267716536
21
-3.504435157480315
0
LINE
8
BLACK
6
CONTINUOUS
10
5.5909408267716536
20
-3.504435157480315
11
5.5879411811023623
21
-3.5029353543307087
0
LINE
8
BLACK
6
CONTINUOUS
10
5.5879411811023623
20
-3.5029353543307087
11
5.5872320866141729
21
-3.5024094488188977
0
LINE
8
BLACK
6
CONTINUOUS
10
5.5872320866141729
20
-3.5024094488188977
11
5.5871737795275589
21
-3.5023822440944881
0
LINE
8
BLACK
6
CONTINUOUS
10
5.5871737795275589
20
-3.5023822440944881
11
5.5856739763779526
21
-3.5008824409448818
0
LINE
8
BLACK
6
CONTINUOUS
10
5.5856739763779526
20
-3.5008824409448818
11
5.5851676771653542
21
-3.5001593307086614
0
LINE
8
BLACK
6
CONTINUOUS
10
5.5851676771653542
20
-3.5001593307086614
11
5.5851208661417324
21
-3.5001150393700788
0
LINE
8
BLACK
6
CONTINUOUS
10
5.5851208661417324
20
-3.5001150393700788
11
5.5837651968503934
21
-3.4974037007874017
0
LINE
8
BLACK
6
CONTINUOUS
10
5.5837651968503934
20
-3.4974037007874017
11
5.5762079921259842
21
-3.5040162992125983
0
LINE
8
BLACK
6
CONTINUOUS
10
5.5762079921259842
20
-3.5040162992125983
11
5.5758281102362206
21
-3.5042461811023622
0
LINE
8
BLACK
6
CONTINUOUS
10
5.5758281102362206
20
-3.5042461811023622
11
5.5757399606299209
21
-3.5043512992125985
0
LINE
8
BLACK
6
CONTINUOUS
10
5.5757399606299209
20
-3.5043512992125985
11
5.5756193700787398
21
-3.5043725196850395
0
LINE
8
BLACK
6
CONTINUOUS
10
5.5756193700787398
20
-3.5043725196850395
11
5.575330669291338
21
-3.5045473228346458
0
LINE
8
BLACK
6
CONTINUOUS
10
5.575330669291338
20
-3.5045473228346458
11
5.5745348031496063
21
-3.504563779527559
0
LINE
8
BLACK
6
CONTINUOUS
10
5.5745348031496063
20
-3.504563779527559
11
5.5737508267716533
21
-3.5047020472440944
0
LINE
8
BLACK
6
CONTINUOUS
10
5.5737508267716533
20
-3.5047020472440944
11
5.5735468110236219
21
-3.5045842519685038
0
LINE
8
BLACK
6
CONTINUOUS
10
5.5735468110236219
20
-3.5045842519685038
11
5.5733112992125982
21
-3.5045891338582678
0
LINE
8
BLACK
6
CONTINUOUS
10
5.5733112992125982
20
-3.5045891338582678
11
5.5726909842519685
21
-3.504090118110236
0
LINE
8
BLACK
6
CONTINUOUS
10
5.5726909842519685
20
-3.504090118110236
11
5.5720016535433068
21
-3.5036921259842519
0
LINE
8
BLACK
6
CONTINUOUS
10
5.5720016535433068
20
-3.5036921259842519
11
5.5719210629921259
21
-3.5034707480314959
0
LINE
8
BLACK
6
CONTINUOUS
10
5.5719210629921259
20
-3.5034707480314959
11
5.5717375196850396
21
-3.5033231102362206
0
LINE
8
BLACK
6
CONTINUOUS
10
5.5717375196850396
20
-3.5033231102362206
11
5.5715830708661418
21
-3.502542125984252
0
LINE
8
BLACK
6
CONTINUOUS
10
5.5715830708661418
20
-3.502542125984252
11
5.5713108267716533
21
-3.5017941338582674
0
LINE
8
BLACK
6
CONTINUOUS
10
5.5713108267716533
20
-3.5017941338582674
11
5.5713108267716533
21
-3.4822965748031494
0
LINE
8
BLACK
6
CONTINUOUS
10
5.5713108267716533
20
-3.4822965748031494
11
5.5714888976377948
21
-3.4812866535433069
0
LINE
8
BLACK
6
CONTINUOUS
10
5.5714888976377948
20
-3.4812866535433069
11
5.5727872047244089
21
-3.4797394094488188
0
LINE
8
BLACK
6
CONTINUOUS
10
5.5727872047244089
20
-3.4797394094488188
11
5.5747763385826774
21
-3.4793886614173228
0
LINE
8
BLACK
6
CONTINUOUS
10
5.5747763385826774
20
-3.4793886614173228
11
5.5765255118110231
21
-3.4803985826771653
0
LINE
8
BLACK
6
CONTINUOUS
10
5.5765255118110231
20
-3.4803985826771653
11
5.5772163385826774
21
-3.4822965748031494
0
LINE
8
BLACK
6
CONTINUOUS
10
5.5772163385826774
20
-3.4822965748031494
11
5.5772163385826774
21
-3.495286929133858
0
LINE
8
BLACK
6
CONTINUOUS
10
5.5772163385826774
20
-3.495286929133858
11
5.5843177165354332
21
-3.4890732677165355
0
LINE
8
BLACK
6
CONTINUOUS
10
5.5843177165354332
20
-3.4890732677165355
11
5.584697559055118
21
-3.4888433070866141
0
LINE
8
BLACK
6
CONTINUOUS
10
5.584697559055118
20
-3.4888433070866141
11
5.5847857086614168
21
-3.488738307086614
0
LINE
8
BLACK
6
CONTINUOUS
10
5.5847857086614168
20
-3.488738307086614
11
5.5849061811023617
21
-3.4887170472440943
0
LINE
8
BLACK
6
CONTINUOUS
10
5.5849061811023617
20
-3.4887170472440943
11
5.5851949999999997
21
-3.488542244094488
0
LINE
8
BLACK
6
CONTINUOUS
10
5.5851949999999997
20
-3.488542244094488
11
5.5859909448818899
21
-3.488525748031496
0
LINE
8
BLACK
6
CONTINUOUS
10
5.5859909448818899
20
-3.488525748031496
11
5.5867748425196853
21
-3.4883875590551181
0
LINE
8
BLACK
6
CONTINUOUS
10
5.5867748425196853
20
-3.4883875590551181
11
5.5869788188976379
21
-3.48850531496063
0
LINE
8
BLACK
6
CONTINUOUS
10
5.5869788188976379
20
-3.48850531496063
11
5.5872143700787404
21
-3.4885004724409447
0
LINE
8
BLACK
6
CONTINUOUS
10
5.5872143700787404
20
-3.4885004724409447
11
5.5878347244094488
21
-3.4889994881889761
0
LINE
8
BLACK
6
CONTINUOUS
10
5.5878347244094488
20
-3.4889994881889761
11
5.5885240157480309
21
-3.4893974803149606
0
LINE
8
BLACK
6
CONTINUOUS
10
5.5885240157480309
20
-3.4893974803149606
11
5.5886045275590552
21
-3.4896187795275591
0
LINE
8
BLACK
6
CONTINUOUS
10
5.5886045275590552
20
-3.4896187795275591
11
5.5887881889763777
21
-3.4897664960629919
0
LINE
8
BLACK
6
CONTINUOUS
10
5.5887881889763777
20
-3.4897664960629919
11
5.5889425984251968
21
-3.490547559055118
0
LINE
8
BLACK
6
CONTINUOUS
10
5.5889425984251968
20
-3.490547559055118
11
5.5892148425196853
21
-3.4912954724409446
0
LINE
8
BLACK
6
CONTINUOUS
10
5.5892148425196853
20
-3.4912954724409446
11
5.5892148425196853
21
-3.4950978346456694
0
LINE
8
BLACK
6
CONTINUOUS
10
5.5892148425196853
20
-3.4950978346456694
11
5.5901886220472443
21
-3.4970454330708662
0
LINE
8
BLACK
6
CONTINUOUS
10
5.5901886220472443
20
-3.4970454330708662
11
5.5910107480314961
21
-3.497867559055118
0
LINE
8
BLACK
6
CONTINUOUS
10
5.5910107480314961
20
-3.497867559055118
11
5.5929583858267717
21
-3.4988413779527558
0
LINE
8
BLACK
6
CONTINUOUS
10
5.5929583858267717
20
-3.4988413779527558
11
5.5990633464566928
21
-3.4988413779527558
0
LINE
8
BLACK
6
CONTINUOUS
10
5.5990633464566928
20
-3.4988413779527558
11
5.6010109055118109
21
-3.497867559055118
0
LINE
8
BLACK
6
CONTINUOUS
10
5.6010109055118109
20
-3.497867559055118
11
5.6018331102362202
21
-3.4970453937007875
0
LINE
8
BLACK
6
CONTINUOUS
10
5.6018331102362202
20
-3.4970453937007875
11
5.6028068897637793
21
-3.4950978346456694
0
LINE
8
BLACK
6
CONTINUOUS
10
5.6028068897637793
20
-3.4950978346456694
11
5.6028068897637793
21
-3.4874930314960628
0
LINE
8
BLACK
6
CONTINUOUS
10
5.6028068897637793
20
-3.4874930314960628
11
5.6018331102362202
21
-3.4855454724409447
0
LINE
8
BLACK
6
CONTINUOUS
10
5.6018331102362202
20
-3.4855454724409447
11
5.6006721259842518
21
-3.484384527559055
0
LINE
8
BLACK
6
CONTINUOUS
10
5.6006721259842518
20
-3.484384527559055
11
5.6000838976377949
21
-3.4835444881889761
0
LINE
8
BLACK
6
CONTINUOUS
10
5.6000838976377949
20
-3.4835444881889761
11
5.599907834645669
21
-3.4815323622047245
0
LINE
8
BLACK
6
CONTINUOUS
10
5.599907834645669
20
-3.4815323622047245
11
5.6010663385826769
21
-3.4798778346456691
0
LINE
8
BLACK
6
CONTINUOUS
10
5.6010663385826769
20
-3.4798778346456691
11
5.6030173228346456
21
-3.4793550787401575
0
LINE
8
BLACK
6
CONTINUOUS
10
5.6030173228346456
20
-3.4793550787401575
11
5.6048478740157481
21
-3.4802086220472441
0
LINE
8
BLACK
6
CONTINUOUS
10
5.7244995669291336
20
-3.4794561417322836
11
5.7246341338582676
21
-3.4794444094488188
0
LINE
8
BLACK
6
CONTINUOUS
10
5.7246341338582676
20
-3.4794444094488188
11
5.725362283464567
21
-3.4799542519685041
0
LINE
8
BLACK
6
CONTINUOUS
10
5.725362283464567
20
-3.4799542519685041
11
5.7261318110236221
21
-3.4803985826771653
0
LINE
8
BLACK
6
CONTINUOUS
10
5.7261318110236221
20
-3.4803985826771653
11
5.7261779527559051
21
-3.4805254330708659
0
LINE
8
BLACK
6
CONTINUOUS
10
5.7261779527559051
20
-3.4805254330708659
11
5.726288661417323
21
-3.4806029527559055
0
LINE
8
BLACK
6
CONTINUOUS
10
5.726288661417323
20
-3.4806029527559055
11
5.7265186614173231
21
-3.4814614960629919
0
LINE
8
BLACK
6
CONTINUOUS
10
5.7265186614173231
20
-3.4814614960629919
11
5.7268226377952756
21
-3.4822965748031494
0
LINE
8
BLACK
6
CONTINUOUS
10
5.7268226377952756
20
-3.4822965748031494
11
5.7268226377952756
21
-3.5017941338582674
0
LINE
8
BLACK
6
CONTINUOUS
10
5.7268226377952756
20
-3.5017941338582674
11
5.7266445669291342
21
-3.5028040551181103
0
LINE
8
BLACK
6
CONTINUOUS
10
5.7266445669291342
20
-3.5028040551181103
11
5.72534625984252
21
-3.5043512992125985
0
LINE
8
BLACK
6
CONTINUOUS
10
5.72534625984252
20
-3.5043512992125985
11
5.7233571259842515
21
-3.5047020472440944
0
LINE
8
BLACK
6
CONTINUOUS
10
5.7233571259842515
20
-3.5047020472440944
11
5.7216079527559049
21
-3.5036921259842519
0
LINE
8
BLACK
6
CONTINUOUS
10
5.7216079527559049
20
-3.5036921259842519
11
5.7209171259842515
21
-3.5017941338582674
0
LINE
8
BLACK
6
CONTINUOUS
10
5.7209171259842515
20
-3.5017941338582674
11
5.7209171259842515
21
-3.4894251574803148
0
LINE
8
BLACK
6
CONTINUOUS
10
5.7209171259842515
20
-3.4894251574803148
11
5.7079600393700787
21
-3.5023822440944881
0
LINE
8
BLACK
6
CONTINUOUS
10
5.7079600393700787
20
-3.5023822440944881
11
5.7071199999999997
21
-3.5029704330708662
0
LINE
8
BLACK
6
CONTINUOUS
10
5.7071199999999997
20
-3.5029704330708662
11
5.7069441338582676
21
-3.5029857874015748
0
LINE
8
BLACK
6
CONTINUOUS
10
5.7069441338582676
20
-3.5029857874015748
11
5.7068058661417318
21
-3.5030955511811022
0
LINE
8
BLACK
6
CONTINUOUS
10
5.7068058661417318
20
-3.5030955511811022
11
5.7023064173228342
21
-3.5045953543307085
0
LINE
8
BLACK
6
CONTINUOUS
10
5.7023064173228342
20
-3.5045953543307085
11
5.7014332283464562
21
-3.5047248031496063
0
LINE
8
BLACK
6
CONTINUOUS
10
5.7014332283464562
20
-3.5047248031496063
11
5.7013726771653541
21
-3.5047468897637795
0
LINE
8
BLACK
6
CONTINUOUS
10
5.7013726771653541
20
-3.5047468897637795
11
5.6983730708661415
21
-3.5047468897637795
0
LINE
8
BLACK
6
CONTINUOUS
10
5.6983730708661415
20
-3.5047468897637795
11
5.6973631496062991
21
-3.5045688188976376
0
LINE
8
BLACK
6
CONTINUOUS
10
5.6973631496062991
20
-3.5045688188976376
11
5.6972278740157476
21
-3.5044553149606297
0
LINE
8
BLACK
6
CONTINUOUS
10
5.6972278740157476
20
-3.5044553149606297
11
5.697052559055118
21
-3.504435157480315
0
LINE
8
BLACK
6
CONTINUOUS
10
5.697052559055118
20
-3.504435157480315
11
5.6940529133858266
21
-3.5029353543307087
0
LINE
8
BLACK
6
CONTINUOUS
10
5.6940529133858266
20
-3.5029353543307087
11
5.6933438188976373
21
-3.5024094488188977
0
LINE
8
BLACK
6
CONTINUOUS
10
5.6933438188976373
20
-3.5024094488188977
11
5.6932855118110233
21
-3.5023822440944881
0
LINE
8
BLACK
6
CONTINUOUS
10
5.6932855118110233
20
-3.5023822440944881
11
5.691785708661417
21
-3.5008824409448818
0
LINE
8
BLACK
6
CONTINUOUS
10
5.691785708661417
20
-3.5008824409448818
11
5.6912794094488186
21
-3.5001593307086614
0
LINE
8
BLACK
6
CONTINUOUS
10
5.6912794094488186
20
-3.5001593307086614
11
5.6912325984251968
21
-3.5001150393700788
0
LINE
8
BLACK
6
CONTINUOUS
10
5.6912325984251968
20
-3.5001150393700788
11
5.6897327952755905
21
-3.4971153937007875
0
LINE
8
BLACK
6
CONTINUOUS
10
5.6897327952755905
20
-3.4971153937007875
11
5.6894403937007869
21
-3.4961324409448817
0
LINE
8
BLACK
6
CONTINUOUS
10
5.6894403937007869
20
-3.4961324409448817
11
5.6894814173228347
21
-3.4959607086614173
0
LINE
8
BLACK
6
CONTINUOUS
10
5.6894814173228347
20
-3.4959607086614173
11
5.6894210629921256
21
-3.4957948818897635
0
LINE
8
BLACK
6
CONTINUOUS
10
5.6894210629921256
20
-3.4957948818897635
11
5.6894210629921256
21
-3.4882958267716533
0
LINE
8
BLACK
6
CONTINUOUS
10
5.6894210629921256
20
-3.4882958267716533
11
5.6895991338582679
21
-3.4872859055118108
0
LINE
8
BLACK
6
CONTINUOUS
10
5.6895991338582679
20
-3.4872859055118108
11
5.6897125984251966
21
-3.4871506299212598
0
LINE
8
BLACK
6
CONTINUOUS
10
5.6897125984251966
20
-3.4871506299212598
11
5.6897327952755905
21
-3.4869753149606297
0
LINE
8
BLACK
6
CONTINUOUS
10
5.6897327952755905
20
-3.4869753149606297
11
5.6912325984251968
21
-3.4839757086614171
0
LINE
8
BLACK
6
CONTINUOUS
10
5.6912325984251968
20
-3.4839757086614171
11
5.6917584251968503
21
-3.4832666929133858
0
LINE
8
BLACK
6
CONTINUOUS
10
5.6917584251968503
20
-3.4832666929133858
11
5.6917856692913382
21
-3.483208346456693
0
LINE
8
BLACK
6
CONTINUOUS
10
5.6917856692913382
20
-3.483208346456693
11
5.6932854724409445
21
-3.4817085039370079
0
LINE
8
BLACK
6
CONTINUOUS
10
5.6932854724409445
20
-3.4817085039370079
11
5.6941255118110234
21
-3.481120275590551
0
LINE
8
BLACK
6
CONTINUOUS
10
5.6941255118110234
20
-3.481120275590551
11
5.6961375984251967
21
-3.4809442125984251
0
LINE
8
BLACK
6
CONTINUOUS
10
5.6961375984251967
20
-3.4809442125984251
11
5.6977921653543309
21
-3.482102716535433
0
LINE
8
BLACK
6
CONTINUOUS
10
5.6977921653543309
20
-3.482102716535433
11
5.6983149212598425
21
-3.4840537007874013
0
LINE
8
BLACK
6
CONTINUOUS
10
5.6983149212598425
20
-3.4840537007874013
11
5.6974613779527559
21
-3.4858842519685038
0
LINE
8
BLACK
6
CONTINUOUS
10
5.6974613779527559
20
-3.4858842519685038
11
5.6963003543307087
21
-3.487045275590551
0
LINE
8
BLACK
6
CONTINUOUS
10
5.6963003543307087
20
-3.487045275590551
11
5.6953265748031496
21
-3.4889928740157479
0
LINE
8
BLACK
6
CONTINUOUS
10
5.6953265748031496
20
-3.4889928740157479
11
5.6953265748031496
21
-3.4950978346456694
0
LINE
8
BLACK
6
CONTINUOUS
10
5.6953265748031496
20
-3.4950978346456694
11
5.6963003543307087
21
-3.4970454330708662
0
LINE
8
BLACK
6
CONTINUOUS
10
5.6963003543307087
20
-3.4970454330708662
11
5.6971224803149605
21
-3.497867559055118
0
LINE
8
BLACK
6
CONTINUOUS
10
5.6971224803149605
20
-3.497867559055118
11
5.6990701181102361
21
-3.4988413779527558
0
LINE
8
BLACK
6
CONTINUOUS
10
5.6990701181102361
20
-3.4988413779527558
11
5.7008935433070862
21
-3.4988413779527558
0
LINE
8
BLACK
6
CONTINUOUS
10
5.7008935433070862
20
-3.4988413779527558
11
5.704277086614173
21
-3.4977135039370078
0
LINE
8
BLACK
6
CONTINUOUS
10
5.704277086614173
20
-3.4977135039370078
11
5.7217819685039366
21
-3.4802086614173229
0
LINE
8
BLACK
6
CONTINUOUS
10
5.7217819685039366
20
-3.4802086614173229
11
5.7223100000000002
21
-3.4798388582677164
0
LINE
8
BLACK
6
CONTINUOUS
10
5.7223100000000002
20
-3.4798388582677164
11
5.722393503937008
21
-3.4797394094488188
0
LINE
8
BLACK
6
CONTINUOUS
10
5.722393503937008
20
-3.4797394094488188
11
5.7224718110236221
21
-3.479725590551181
0
LINE
8
BLACK
6
CONTINUOUS
10
5.7224718110236221
20
-3.479725590551181
11
5.7226220078740155
21
-3.479620433070866
0
LINE
8
BLACK
6
CONTINUOUS
10
5.7226220078740155
20
-3.479620433070866
11
5.7235075590551183
21
-3.4795429527559056
0
LINE
8
BLACK
6
CONTINUOUS
10
5.7235075590551183
20
-3.4795429527559056
11
5.7243826377952756
21
-3.4793886614173228
0
LINE
8
BLACK
6
CONTINUOUS
10
5.7243826377952756
20
-3.4793886614173228
11
5.7244995669291336
21
-3.4794561417322836
0
LINE
8
BLACK
6
CONTINUOUS
10
6.1284844094488191
20
-3.4939989763779526
11
6.129176299212598
21
-3.4956692913385825
0
LINE
8
BLACK
6
CONTINUOUS
10
6.129176299212598
20
-3.4956692913385825
11
6.1284844094488191
21
-3.4973396062992124
0
LINE
8
BLACK
6
CONTINUOUS
10
6.1284844094488191
20
-3.4973396062992124
11
6.1268140944881893
21
-3.4980314960629921
0
LINE
8
BLACK
6
CONTINUOUS
10
6.1268140944881893
20
-3.4980314960629921
11
6.1064536220472441
21
-3.4980314960629921
0
LINE
8
BLACK
6
CONTINUOUS
10
6.1064536220472441
20
-3.4980314960629921
11
6.1047833070866142
21
-3.4973396062992124
0
LINE
8
BLACK
6
CONTINUOUS
10
6.1047833070866142
20
-3.4973396062992124
11
6.1040914173228344
21
-3.4956692913385825
0
LINE
8
BLACK
6
CONTINUOUS
10
6.1040914173228344
20
-3.4956692913385825
11
6.1047833070866142
21
-3.4939989763779526
0
LINE
8
BLACK
6
CONTINUOUS
10
6.1047833070866142
20
-3.4939989763779526
11
6.1064536220472441
21
-3.4933070866141733
0
LINE
8
BLACK
6
CONTINUOUS
10
6.1064536220472441
20
-3.4933070866141733
11
6.1268140944881893
21
-3.4933070866141733
0
LINE
8
BLACK
6
CONTINUOUS
10
6.1268140944881893
20
-3.4933070866141733
11
6.1284844094488191
21
-3.4939989763779526
0
LINE
8
BLACK
6
CONTINUOUS
10
6.3847805511811027
20
-3.4201800787401573
11
6.3854724409448815
21
-3.4218503937007871
0
LINE
8
BLACK
6
CONTINUOUS
10
6.3854724409448815
20
-3.4218503937007871
11
6.3847805511811027
21
-3.4235207086614174
0
LINE
8
BLACK
6
CONTINUOUS
10
6.3847805511811027
20
-3.4235207086614174
11
6.3831102362204719
21
-3.4242125984251968
0
LINE
8
BLACK
6
CONTINUOUS
10
6.3831102362204719
20
-3.4242125984251968
11
6.3283858267716537
21
-3.4242125984251968
0
LINE
8
BLACK
6
CONTINUOUS
10
6.3283858267716537
20
-3.4242125984251968
11
6.3283858267716537
21
-3.4927165354330709
0
LINE
8
BLACK
6
CONTINUOUS
10
6.3283858267716537
20
-3.4927165354330709
11
6.327693937007874
21
-3.4943868503937008
0
LINE
8
BLACK
6
CONTINUOUS
10
6.327693937007874
20
-3.4943868503937008
11
6.3260236220472441
21
-3.4950787401574801
0
LINE
8
BLACK
6
CONTINUOUS
10
6.3260236220472441
20
-3.4950787401574801
11
6.287047244094488
21
-3.4950787401574801
0
LINE
8
BLACK
6
CONTINUOUS
10
6.287047244094488
20
-3.4950787401574801
11
6.2853769291338581
21
-3.4943868503937008
0
LINE
8
BLACK
6
CONTINUOUS
10
6.2853769291338581
20
-3.4943868503937008
11
6.2846850393700784
21
-3.4927165354330709
0
LINE
8
BLACK
6
CONTINUOUS
10
6.2846850393700784
20
-3.4927165354330709
11
6.2853769291338581
21
-3.4910462204724411
0
LINE
8
BLACK
6
CONTINUOUS
10
6.2853769291338581
20
-3.4910462204724411
11
6.287047244094488
21
-3.4903543307086613
0
LINE
8
BLACK
6
CONTINUOUS
10
6.287047244094488
20
-3.4903543307086613
11
6.3236614173228345
21
-3.4903543307086613
0
LINE
8
BLACK
6
CONTINUOUS
10
6.3236614173228345
20
-3.4903543307086613
11
6.3236614173228345
21
-3.4218503937007871
0
LINE
8
BLACK
6
CONTINUOUS
10
6.3236614173228345
20
-3.4218503937007871
11
6.3243533070866143
21
-3.4201800787401573
0
LINE
8
BLACK
6
CONTINUOUS
10
6.3243533070866143
20
-3.4201800787401573
11
6.3260236220472441
21
-3.419488188976378
0
LINE
8
BLACK
6
CONTINUOUS
10
6.3260236220472441
20
-3.419488188976378
11
6.3831102362204719
21
-3.419488188976378
0
LINE
8
BLACK
6
CONTINUOUS
10
6.3831102362204719
20
-3.419488188976378
11
6.3847805511811027
21
-3.4201800787401573
0
LINE
8
BLACK
6
CONTINUOUS
10
6.2157245275590549
20
-3.4563325196850392
11
6.2550945669291336
21
-3.4694558661417321
0
LINE
8
BLACK
6
CONTINUOUS
10
6.2550945669291336
20
-3.4694558661417321
11
6.2560498031496063
21
-3.4701609842519683
0
LINE
8
BLACK
6
CONTINUOUS
10
6.2560498031496063
20
-3.4701609842519683
11
6.2570170472440942
21
-3.4708525984251968
0
LINE
8
BLACK
6
CONTINUOUS
10
6.2570170472440942
20
-3.4708525984251968
11
6.2570269291338585
21
-3.470882283464567
0
LINE
8
BLACK
6
CONTINUOUS
10
6.2570269291338585
20
-3.470882283464567
11
6.2570522047244097
21
-3.4709009448818895
0
LINE
8
BLACK
6
CONTINUOUS
10
6.2570522047244097
20
-3.4709009448818895
11
6.2574110629921256
21
-3.4720346456692912
0
LINE
8
BLACK
6
CONTINUOUS
10
6.2574110629921256
20
-3.4720346456692912
11
6.2577864960629919
21
-3.4731609448818896
0
LINE
8
BLACK
6
CONTINUOUS
10
6.2577864960629919
20
-3.4731609448818896
11
6.257777007874016
21
-3.4731908267716536
0
LINE
8
BLACK
6
CONTINUOUS
10
6.257777007874016
20
-3.4731908267716536
11
6.2577864960629919
21
-3.4732207086614171
0
LINE
8
BLACK
6
CONTINUOUS
10
6.2577864960629919
20
-3.4732207086614171
11
6.2574110629921256
21
-3.4743469685039368
0
LINE
8
BLACK
6
CONTINUOUS
10
6.2574110629921256
20
-3.4743469685039368
11
6.2570522047244097
21
-3.4754807086614172
0
LINE
8
BLACK
6
CONTINUOUS
10
6.2570522047244097
20
-3.4754807086614172
11
6.2570269291338585
21
-3.4754993307086615
0
LINE
8
BLACK
6
CONTINUOUS
10
6.2570269291338585
20
-3.4754993307086615
11
6.2570170472440942
21
-3.4755290551181099
0
LINE
8
BLACK
6
CONTINUOUS
10
6.2570170472440942
20
-3.4755290551181099
11
6.2560498031496063
21
-3.4762206299212597
0
LINE
8
BLACK
6
CONTINUOUS
10
6.2560498031496063
20
-3.4762206299212597
11
6.2550945669291336
21
-3.4769257874015747
0
LINE
8
BLACK
6
CONTINUOUS
10
6.2550945669291336
20
-3.4769257874015747
11
6.2157245275590549
21
-3.4900491338582675
0
LINE
8
BLACK
6
CONTINUOUS
10
6.2157245275590549
20
-3.4900491338582675
11
6.2132913779527561
21
-3.4900676377952755
0
LINE
8
BLACK
6
CONTINUOUS
10
6.2132913779527561
20
-3.4900676377952755
11
6.2113120866141731
21
-3.4886524015748033
0
LINE
8
BLACK
6
CONTINUOUS
10
6.2113120866141731
20
-3.4886524015748033
11
6.2105425984251967
21
-3.48634405511811
0
LINE
8
BLACK
6
CONTINUOUS
10
6.2105425984251967
20
-3.48634405511811
11
6.2112769291338585
21
-3.4840242913385824
0
LINE
8
BLACK
6
CONTINUOUS
10
6.2112769291338585
20
-3.4840242913385824
11
6.213234527559055
21
-3.482579212598425
0
LINE
8
BLACK
6
CONTINUOUS
10
6.213234527559055
20
-3.482579212598425
11
6.2217911417322833
21
-3.4797270078740157
0
LINE
8
BLACK
6
CONTINUOUS
10
6.2217911417322833
20
-3.4797270078740157
11
6.2217911417322833
21
-3.4666546062992127
0
LINE
8
BLACK
6
CONTINUOUS
10
6.2217911417322833
20
-3.4666546062992127
11
6.213234527559055
21
-3.4638024409448818
0
LINE
8
BLACK
6
CONTINUOUS
10
6.213234527559055
20
-3.4638024409448818
11
6.2112769291338585
21
-3.4623573622047243
0
LINE
8
BLACK
6
CONTINUOUS
10
6.2112769291338585
20
-3.4623573622047243
11
6.2105425984251967
21
-3.4600375984251968
0
LINE
8
BLACK
6
CONTINUOUS
10
6.2105425984251967
20
-3.4600375984251968
11
6.2113120866141731
21
-3.4577292519685039
0
LINE
8
BLACK
6
CONTINUOUS
10
6.2113120866141731
20
-3.4577292519685039
11
6.2132913779527561
21
-3.4563140157480312
0
LINE
8
BLACK
6
CONTINUOUS
10
6.2132913779527561
20
-3.4563140157480312
11
6.2157245275590549
21
-3.4563325196850392
0
LINE
8
BLACK
6
CONTINUOUS
10
6.2296651574803148
20
-3.4771023228346456
11
6.2413996850393696
21
-3.4731908267716536
0
LINE
8
BLACK
6
CONTINUOUS
10
6.2413996850393696
20
-3.4731908267716536
11
6.2296651574803148
21
-3.4692792913385828
0
LINE
8
BLACK
6
CONTINUOUS
10
6.2296651574803148
20
-3.4692792913385828
11
6.2296651574803148
21
-3.4771023228346456
0
LINE
8
BLACK
6
CONTINUOUS
10
6.0998583070866141
20
-3.4405744094488186
11
6.1000277165354326
21
-3.4405635039370077
0
LINE
8
BLACK
6
CONTINUOUS
10
6.1000277165354326
20
-3.4405635039370077
11
6.1007183070866144
21
-3.4410709448818895
0
LINE
8
BLACK
6
CONTINUOUS
10
6.1007183070866144
20
-3.4410709448818895
11
6.1014604330708657
21
-3.4414994488188975
0
LINE
8
BLACK
6
CONTINUOUS
10
6.1014604330708657
20
-3.4414994488188975
11
6.1015184645669294
21
-3.4416589370078738
0
LINE
8
BLACK
6
CONTINUOUS
10
6.1015184645669294
20
-3.4416589370078738
11
6.1016553543307088
21
-3.4417595275590549
0
LINE
8
BLACK
6
CONTINUOUS
10
6.1016553543307088
20
-3.4417595275590549
11
6.1044928346456695
21
-3.4460157480314959
0
LINE
8
BLACK
6
CONTINUOUS
10
6.1044928346456695
20
-3.4460157480314959
11
6.106946850393701
21
-3.4484697244094487
0
LINE
8
BLACK
6
CONTINUOUS
10
6.106946850393701
20
-3.4484697244094487
11
6.1095179133858268
21
-3.449755275590551
0
LINE
8
BLACK
6
CONTINUOUS
10
6.1095179133858268
20
-3.449755275590551
11
6.1103415748031491
21
-3.4503661811023623
0
LINE
8
BLACK
6
CONTINUOUS
10
6.1103415748031491
20
-3.4503661811023623
11
6.1111448425196846
21
-3.45221937007874
0
LINE
8
BLACK
6
CONTINUOUS
10
6.1111448425196846
20
-3.45221937007874
11
6.1105690157480312
21
-3.4541553543307084
0
LINE
8
BLACK
6
CONTINUOUS
10
6.1105690157480312
20
-3.4541553543307084
11
6.1088834645669294
21
-3.4552682283464566
0
LINE
8
BLACK
6
CONTINUOUS
10
6.1088834645669294
20
-3.4552682283464566
11
6.1068768897637797
21
-3.4550373228346456
0
LINE
8
BLACK
6
CONTINUOUS
10
6.1068768897637797
20
-3.4550373228346456
11
6.1038772440944884
21
-3.4535375196850393
0
LINE
8
BLACK
6
CONTINUOUS
10
6.1038772440944884
20
-3.4535375196850393
11
6.1031681889763778
21
-3.4530116141732283
0
LINE
8
BLACK
6
CONTINUOUS
10
6.1031681889763778
20
-3.4530116141732283
11
6.103109842519685
21
-3.4529844094488187
0
LINE
8
BLACK
6
CONTINUOUS
10
6.103109842519685
20
-3.4529844094488187
11
6.1021512598425192
21
-3.4520257874015745
0
LINE
8
BLACK
6
CONTINUOUS
10
6.1021512598425192
20
-3.4520257874015745
11
6.1021512598425192
21
-3.4719407480314959
0
LINE
8
BLACK
6
CONTINUOUS
10
6.1021512598425192
20
-3.4719407480314959
11
6.1081974015748033
21
-3.4719407480314959
0
LINE
8
BLACK
6
CONTINUOUS
10
6.1081974015748033
20
-3.4719407480314959
11
6.1092073228346457
21
-3.4721188188976377
0
LINE
8
BLACK
6
CONTINUOUS
10
6.1092073228346457
20
-3.4721188188976377
11
6.1107545669291339
21
-3.4734171259842519
0
LINE
8
BLACK
6
CONTINUOUS
10
6.1107545669291339
20
-3.4734171259842519
11
6.1111053149606294
21
-3.4754062598425195
0
LINE
8
BLACK
6
CONTINUOUS
10
6.1111053149606294
20
-3.4754062598425195
11
6.1100953937007869
21
-3.4771554330708661
0
LINE
8
BLACK
6
CONTINUOUS
10
6.1100953937007869
20
-3.4771554330708661
11
6.1081974015748033
21
-3.4778462598425195
0
LINE
8
BLACK
6
CONTINUOUS
10
6.1081974015748033
20
-3.4778462598425195
11
6.0901996456692915
21
-3.4778462598425195
0
LINE
8
BLACK
6
CONTINUOUS
10
6.0901996456692915
20
-3.4778462598425195
11
6.0891897244094491
21
-3.4776681889763781
0
LINE
8
BLACK
6
CONTINUOUS
10
6.0891897244094491
20
-3.4776681889763781
11
6.0876424803149609
21
-3.4763698818897635
0
LINE
8
BLACK
6
CONTINUOUS
10
6.0876424803149609
20
-3.4763698818897635
11
6.0872917322834645
21
-3.4743807480314959
0
LINE
8
BLACK
6
CONTINUOUS
10
6.0872917322834645
20
-3.4743807480314959
11
6.088301653543307
21
-3.4726315748031493
0
LINE
8
BLACK
6
CONTINUOUS
10
6.088301653543307
20
-3.4726315748031493
11
6.0901996456692915
21
-3.4719407480314959
0
LINE
8
BLACK
6
CONTINUOUS
10
6.0901996456692915
20
-3.4719407480314959
11
6.096245748031496
21
-3.4719407480314959
0
LINE
8
BLACK
6
CONTINUOUS
10
6.096245748031496
20
-3.4719407480314959
11
6.096245748031496
21
-3.443397440944882
0
LINE
8
BLACK
6
CONTINUOUS
10
6.096245748031496
20
-3.443397440944882
11
6.0964238188976374
21
-3.4423875196850391
0
LINE
8
BLACK
6
CONTINUOUS
10
6.0964238188976374
20
-3.4423875196850391
11
6.0965329527559051
21
-3.4422574409448816
0
LINE
8
BLACK
6
CONTINUOUS
10
6.0965329527559051
20
-3.4422574409448816
11
6.0965516141732286
21
-3.4420887007874015
0
LINE
8
BLACK
6
CONTINUOUS
10
6.0965516141732286
20
-3.4420887007874015
11
6.0971712992125982
21
-3.4414966535433069
0
LINE
8
BLACK
6
CONTINUOUS
10
6.0971712992125982
20
-3.4414966535433069
11
6.0977221259842516
21
-3.4408402755905509
0
LINE
8
BLACK
6
CONTINUOUS
10
6.0977221259842516
20
-3.4408402755905509
11
6.0978892913385829
21
-3.4408107874015745
0
LINE
8
BLACK
6
CONTINUOUS
10
6.0978892913385829
20
-3.4408107874015745
11
6.0980120866141734
21
-3.4406935039370077
0
LINE
8
BLACK
6
CONTINUOUS
10
6.0980120866141734
20
-3.4406935039370077
11
6.0988672834645667
21
-3.440638346456693
0
LINE
8
BLACK
6
CONTINUOUS
10
6.0988672834645667
20
-3.440638346456693
11
6.0997112598425192
21
-3.440489527559055
0
LINE
8
BLACK
6
CONTINUOUS
10
6.0997112598425192
20
-3.440489527559055
11
6.0998583070866141
21
-3.4405744094488186
0
LINE
8
BLACK
6
CONTINUOUS
10
6.1340776771653545
20
-3.4405122834645669
11
6.1342069291338586
21
-3.440489527559055
0
LINE
8
BLACK
6
CONTINUOUS
10
6.1342069291338586
20
-3.440489527559055
11
6.1343205118110236
21
-3.4405551181102361
0
LINE
8
BLACK
6
CONTINUOUS
10
6.1343205118110236
20
-3.4405551181102361
11
6.134704094488189
21
-3.4406227559055118
0
LINE
8
BLACK
6
CONTINUOUS
10
6.134704094488189
20
-3.4406227559055118
11
6.1352917716535433
21
-3.441115866141732
0
LINE
8
BLACK
6
CONTINUOUS
10
6.1352917716535433
20
-3.441115866141732
11
6.1359561023622042
21
-3.4414994488188975
0
LINE
8
BLACK
6
CONTINUOUS
10
6.1359561023622042
20
-3.4414994488188975
11
6.1360472047244095
21
-3.4417497637795273
0
LINE
8
BLACK
6
CONTINUOUS
10
6.1360472047244095
20
-3.4417497637795273
11
6.1362513385826771
21
-3.441921062992126
0
LINE
8
BLACK
6
CONTINUOUS
10
6.1362513385826771
20
-3.441921062992126
11
6.1363845669291335
21
-3.4426766141732283
0
LINE
8
BLACK
6
CONTINUOUS
10
6.1363845669291335
20
-3.4426766141732283
11
6.1366469291338586
21
-3.443397440944882
0
LINE
8
BLACK
6
CONTINUOUS
10
6.1366469291338586
20
-3.443397440944882
11
6.1366469291338586
21
-3.4748935039370079
0
LINE
8
BLACK
6
CONTINUOUS
10
6.1366469291338586
20
-3.4748935039370079
11
6.1364688582677163
21
-3.4759034251968504
0
LINE
8
BLACK
6
CONTINUOUS
10
6.1364688582677163
20
-3.4759034251968504
11
6.1351705511811021
21
-3.4774506692913385
0
LINE
8
BLACK
6
CONTINUOUS
10
6.1351705511811021
20
-3.4774506692913385
11
6.1331814173228345
21
-3.4778014173228344
0
LINE
8
BLACK
6
CONTINUOUS
10
6.1331814173228345
20
-3.4778014173228344
11
6.1314322440944879
21
-3.476791496062992
0
LINE
8
BLACK
6
CONTINUOUS
10
6.1314322440944879
20
-3.476791496062992
11
6.1307414173228345
21
-3.4748935039370079
0
LINE
8
BLACK
6
CONTINUOUS
10
6.1307414173228345
20
-3.4748935039370079
11
6.1307414173228345
21
-3.461348307086614
0
LINE
8
BLACK
6
CONTINUOUS
10
6.1307414173228345
20
-3.461348307086614
11
6.1231955118110237
21
-3.461348307086614
0
LINE
8
BLACK
6
CONTINUOUS
10
6.1231955118110237
20
-3.461348307086614
11
6.1221855905511813
21
-3.4611702362204722
0
LINE
8
BLACK
6
CONTINUOUS
10
6.1221855905511813
20
-3.4611702362204722
11
6.1206383464566931
21
-3.459871929133858
0
LINE
8
BLACK
6
CONTINUOUS
10
6.1206383464566931
20
-3.459871929133858
11
6.1202875984251968
21
-3.4578827952755904
0
LINE
8
BLACK
6
CONTINUOUS
10
6.1202875984251968
20
-3.4578827952755904
11
6.1212975196850392
21
-3.4561336220472438
0
LINE
8
BLACK
6
CONTINUOUS
10
6.1212975196850392
20
-3.4561336220472438
11
6.1231955118110237
21
-3.4554427952755904
0
LINE
8
BLACK
6
CONTINUOUS
10
6.1231955118110237
20
-3.4554427952755904
11
6.1307414173228345
21
-3.4554427952755904
0
LINE
8
BLACK
6
CONTINUOUS
10
6.1307414173228345
20
-3.4554427952755904
11
6.1307414173228345
21
-3.4463501968503936
0
LINE
8
BLACK
6
CONTINUOUS
10
6.1307414173228345
20
-3.4463501968503936
11
6.1186960629921261
21
-3.4463501968503936
0
LINE
8
BLACK
6
CONTINUOUS
10
6.1186960629921261
20
-3.4463501968503936
11
6.1176861417322836
21
-3.4461721259842517
0
LINE
8
BLACK
6
CONTINUOUS
10
6.1176861417322836
20
-3.4461721259842517
11
6.1161388976377955
21
-3.4448738188976376
0
LINE
8
BLACK
6
CONTINUOUS
10
6.1161388976377955
20
-3.4448738188976376
11
6.1157881496062991
21
-3.44288468503937
0
LINE
8
BLACK
6
CONTINUOUS
10
6.1157881496062991
20
-3.44288468503937
11
6.1167980708661416
21
-3.4411355118110234
0
LINE
8
BLACK
6
CONTINUOUS
10
6.1167980708661416
20
-3.4411355118110234
11
6.1186960629921261
21
-3.44044468503937
0
LINE
8
BLACK
6
CONTINUOUS
10
6.1186960629921261
20
-3.44044468503937
11
6.1336941732283465
21
-3.44044468503937
0
LINE
8
BLACK
6
CONTINUOUS
10
6.1336941732283465
20
-3.44044468503937
11
6.1340776771653545
21
-3.4405122834645669
0
LINE
8
BLACK
6
CONTINUOUS
10
5.6061431496062992
20
-3.4509149999999997
11
5.6062724015748033
21
-3.4508922440944882
0
LINE
8
BLACK
6
CONTINUOUS
10
5.6062724015748033
20
-3.4508922440944882
11
5.6063859842519683
21
-3.4509578346456693
0
LINE
8
BLACK
6
CONTINUOUS
10
5.6063859842519683
20
-3.4509578346456693
11
5.6067695669291338
21
-3.4510254724409446
0
LINE
8
BLACK
6
CONTINUOUS
10
5.6067695669291338
20
-3.4510254724409446
11
5.6073572440944881
21
-3.4515185826771653
0
LINE
8
BLACK
6
CONTINUOUS
10
5.6073572440944881
20
-3.4515185826771653
11
5.6080215748031499
21
-3.4519021653543307
0
LINE
8
BLACK
6
CONTINUOUS
10
5.6080215748031499
20
-3.4519021653543307
11
5.6081126771653542
21
-3.4521524803149606
0
LINE
8
BLACK
6
CONTINUOUS
10
5.6081126771653542
20
-3.4521524803149606
11
5.6083168110236219
21
-3.4523237795275588
0
LINE
8
BLACK
6
CONTINUOUS
10
5.6083168110236219
20
-3.4523237795275588
11
5.6084500393700782
21
-3.4530793307086611
0
LINE
8
BLACK
6
CONTINUOUS
10
5.6084500393700782
20
-3.4530793307086611
11
5.6087124015748033
21
-3.4538001574803148
0
LINE
8
BLACK
6
CONTINUOUS
10
5.6087124015748033
20
-3.4538001574803148
11
5.6087124015748033
21
-3.461299212598425
0
LINE
8
BLACK
6
CONTINUOUS
10
5.6087124015748033
20
-3.461299212598425
11
5.6085590944881885
21
-3.4621685826771653
0
LINE
8
BLACK
6
CONTINUOUS
10
5.6085590944881885
20
-3.4621685826771653
11
5.6085608661417323
21
-3.4622329527559055
0
LINE
8
BLACK
6
CONTINUOUS
10
5.6085608661417323
20
-3.4622329527559055
11
5.607061062992126
21
-3.4667324015748031
0
LINE
8
BLACK
6
CONTINUOUS
10
5.607061062992126
20
-3.4667324015748031
11
5.6065727952755902
21
-3.4676341732283462
0
LINE
8
BLACK
6
CONTINUOUS
10
5.6065727952755902
20
-3.4676341732283462
11
5.6064223228346455
21
-3.4677265748031494
0
LINE
8
BLACK
6
CONTINUOUS
10
5.6064223228346455
20
-3.4677265748031494
11
5.6063477559055119
21
-3.4678865748031495
0
LINE
8
BLACK
6
CONTINUOUS
10
5.6063477559055119
20
-3.4678865748031495
11
5.6033481102362206
21
-3.4708861811023621
0
LINE
8
BLACK
6
CONTINUOUS
10
5.6033481102362206
20
-3.4708861811023621
11
5.6026249212598422
21
-3.471392559055118
0
LINE
8
BLACK
6
CONTINUOUS
10
5.6026249212598422
20
-3.471392559055118
11
5.6025807086614172
21
-3.4714392913385828
0
LINE
8
BLACK
6
CONTINUOUS
10
5.6025807086614172
20
-3.4714392913385828
11
5.5995811023622046
21
-3.472939094488189
0
LINE
8
BLACK
6
CONTINUOUS
10
5.5995811023622046
20
-3.472939094488189
11
5.5990927165354325
21
-3.4730843307086614
0
LINE
8
BLACK
6
CONTINUOUS
10
5.5990927165354325
20
-3.4730843307086614
11
5.5989767716535432
21
-3.4731626771653543
0
LINE
8
BLACK
6
CONTINUOUS
10
5.5989767716535432
20
-3.4731626771653543
11
5.5929775196850393
21
-3.4746625196850394
0
LINE
8
BLACK
6
CONTINUOUS
10
5.5929775196850393
20
-3.4746625196850394
11
5.5923895669291337
21
-3.4747039763779526
0
LINE
8
BLACK
6
CONTINUOUS
10
5.5923895669291337
20
-3.4747039763779526
11
5.5922613385826772
21
-3.4747506692913386
0
LINE
8
BLACK
6
CONTINUOUS
10
5.5922613385826772
20
-3.4747506692913386
11
5.5877618897637795
21
-3.4747506692913386
0
LINE
8
BLACK
6
CONTINUOUS
10
5.5877618897637795
20
-3.4747506692913386
11
5.5871814960629917
21
-3.4746483070866141
0
LINE
8
BLACK
6
CONTINUOUS
10
5.5871814960629917
20
-3.4746483070866141
11
5.5870457480314961
21
-3.4746625196850394
0
LINE
8
BLACK
6
CONTINUOUS
10
5.5870457480314961
20
-3.4746625196850394
11
5.5810464566929134
21
-3.4731626771653543
0
LINE
8
BLACK
6
CONTINUOUS
10
5.5810464566929134
20
-3.4731626771653543
11
5.5805809448818895
21
-3.4729550393700785
0
LINE
8
BLACK
6
CONTINUOUS
10
5.5805809448818895
20
-3.4729550393700785
11
5.580442125984252
21
-3.472939094488189
0
LINE
8
BLACK
6
CONTINUOUS
10
5.580442125984252
20
-3.472939094488189
11
5.5774424803149607
21
-3.4714392913385828
0
LINE
8
BLACK
6
CONTINUOUS
10
5.5774424803149607
20
-3.4714392913385828
11
5.5767333858267714
21
-3.470913346456693
0
LINE
8
BLACK
6
CONTINUOUS
10
5.5767333858267714
20
-3.470913346456693
11
5.5766750787401573
21
-3.4708861811023621
0
LINE
8
BLACK
6
CONTINUOUS
10
5.5766750787401573
20
-3.4708861811023621
11
5.5736754724409447
21
-3.4678865748031495
0
LINE
8
BLACK
6
CONTINUOUS
10
5.5736754724409447
20
-3.4678865748031495
11
5.5730872834645666
21
-3.4670465354330706
0
LINE
8
BLACK
6
CONTINUOUS
10
5.5730872834645666
20
-3.4670465354330706
11
5.5730718897637797
21
-3.4668706692913385
0
LINE
8
BLACK
6
CONTINUOUS
10
5.5730718897637797
20
-3.4668706692913385
11
5.5729621653543306
21
-3.4667324015748031
0
LINE
8
BLACK
6
CONTINUOUS
10
5.5729621653543306
20
-3.4667324015748031
11
5.5714623622047244
21
-3.4622329527559055
0
LINE
8
BLACK
6
CONTINUOUS
10
5.5714623622047244
20
-3.4622329527559055
11
5.5713328740157477
21
-3.4613597637795275
0
LINE
8
BLACK
6
CONTINUOUS
10
5.5713328740157477
20
-3.4613597637795275
11
5.5713108267716533
21
-3.461299212598425
0
LINE
8
BLACK
6
CONTINUOUS
10
5.5713108267716533
20
-3.461299212598425
11
5.5713108267716533
21
-3.4538001574803148
0
LINE
8
BLACK
6
CONTINUOUS
10
5.5713108267716533
20
-3.4538001574803148
11
5.5713784251968503
21
-3.4534166141732281
0
LINE
8
BLACK
6
CONTINUOUS
10
5.5713784251968503
20
-3.4534166141732281
11
5.5713556692913384
21
-3.4532874015748032
0
LINE
8
BLACK
6
CONTINUOUS
10
5.5713556692913384
20
-3.4532874015748032
11
5.5714212598425199
21
-3.453173779527559
0
LINE
8
BLACK
6
CONTINUOUS
10
5.5714212598425199
20
-3.453173779527559
11
5.5714888976377948
21
-3.4527902362204723
0
LINE
8
BLACK
6
CONTINUOUS
10
5.5714888976377948
20
-3.4527902362204723
11
5.5719820078740154
21
-3.4522025196850392
0
LINE
8
BLACK
6
CONTINUOUS
10
5.5719820078740154
20
-3.4522025196850392
11
5.5723655905511809
21
-3.4515382283464566
0
LINE
8
BLACK
6
CONTINUOUS
10
5.5723655905511809
20
-3.4515382283464566
11
5.5726159055118112
21
-3.4514470866141731
0
LINE
8
BLACK
6
CONTINUOUS
10
5.5726159055118112
20
-3.4514470866141731
11
5.5727872047244089
21
-3.4512429921259842
0
LINE
8
BLACK
6
CONTINUOUS
10
5.5727872047244089
20
-3.4512429921259842
11
5.5735427559055113
21
-3.4511097244094486
0
LINE
8
BLACK
6
CONTINUOUS
10
5.5735427559055113
20
-3.4511097244094486
11
5.5742635826771654
21
-3.4508474015748032
0
LINE
8
BLACK
6
CONTINUOUS
10
5.5742635826771654
20
-3.4508474015748032
11
5.6057596456692913
21
-3.4508474015748032
0
LINE
8
BLACK
6
CONTINUOUS
10
5.6057596456692913
20
-3.4508474015748032
11
5.6061431496062992
21
-3.4509149999999997
0
LINE
8
BLACK
6
CONTINUOUS
10
5.5772163385826774
20
-3.4608200787401575
11
5.5783441732283467
21
-3.4642036220472439
0
LINE
8
BLACK
6
CONTINUOUS
10
5.5783441732283467
20
-3.4642036220472439
11
5.5805120472440946
21
-3.4663714960629921
0
LINE
8
BLACK
6
CONTINUOUS
10
5.5805120472440946
20
-3.4663714960629921
11
5.5827931102362207
21
-3.4675120472440946
0
LINE
8
BLACK
6
CONTINUOUS
10
5.5827931102362207
20
-3.4675120472440946
11
5.5881254724409448
21
-3.468845157480315
0
LINE
8
BLACK
6
CONTINUOUS
10
5.5881254724409448
20
-3.468845157480315
11
5.5918977559055119
21
-3.468845157480315
0
LINE
8
BLACK
6
CONTINUOUS
10
5.5918977559055119
20
-3.468845157480315
11
5.5972299999999997
21
-3.4675120472440946
0
LINE
8
BLACK
6
CONTINUOUS
10
5.5972299999999997
20
-3.4675120472440946
11
5.5995111023622046
21
-3.4663714960629921
0
LINE
8
BLACK
6
CONTINUOUS
10
5.5995111023622046
20
-3.4663714960629921
11
5.6016790551181099
21
-3.4642035826771651
0
LINE
8
BLACK
6
CONTINUOUS
10
5.6016790551181099
20
-3.4642035826771651
11
5.6028068897637793
21
-3.4608200787401575
0
LINE
8
BLACK
6
CONTINUOUS
10
5.6028068897637793
20
-3.4608200787401575
11
5.6028068897637793
21
-3.4567529133858268
0
LINE
8
BLACK
6
CONTINUOUS
10
5.6028068897637793
20
-3.4567529133858268
11
5.5772163385826774
21
-3.4567529133858268
0
LINE
8
BLACK
6
CONTINUOUS
10
5.5772163385826774
20
-3.4567529133858268
11
5.5772163385826774
21
-3.4608200787401575
0
LINE
8
BLACK
6
CONTINUOUS
10
5.7242533858267715
20
-3.4509149999999997
11
5.7243826377952756
21
-3.4508922440944882
0
LINE
8
BLACK
6
CONTINUOUS
10
5.7243826377952756
20
-3.4508922440944882
11
5.7244962204724406
21
-3.4509578346456693
0
LINE
8
BLACK
6
CONTINUOUS
10
5.7244962204724406
20
-3.4509578346456693
11
5.724879803149606
21
-3.4510254724409446
0
LINE
8
BLACK
6
CONTINUOUS
10
5.724879803149606
20
-3.4510254724409446
11
5.7254674803149603
21
-3.4515185826771653
0
LINE
8
BLACK
6
CONTINUOUS
10
5.7254674803149603
20
-3.4515185826771653
11
5.7261318110236221
21
-3.4519021653543307
0
LINE
8
BLACK
6
CONTINUOUS
10
5.7261318110236221
20
-3.4519021653543307
11
5.7262229133858265
21
-3.4521524803149606
0
LINE
8
BLACK
6
CONTINUOUS
10
5.7262229133858265
20
-3.4521524803149606
11
5.7264270472440941
21
-3.4523237795275588
0
LINE
8
BLACK
6
CONTINUOUS
10
5.7264270472440941
20
-3.4523237795275588
11
5.7265602755905514
21
-3.4530793307086611
0
LINE
8
BLACK
6
CONTINUOUS
10
5.7265602755905514
20
-3.4530793307086611
11
5.7268226377952756
21
-3.4538001574803148
0
LINE
8
BLACK
6
CONTINUOUS
10
5.7268226377952756
20
-3.4538001574803148
11
5.7268226377952756
21
-3.461299212598425
0
LINE
8
BLACK
6
CONTINUOUS
10
5.7268226377952756
20
-3.461299212598425
11
5.7266693307086616
21
-3.4621685826771653
0
LINE
8
BLACK
6
CONTINUOUS
10
5.7266693307086616
20
-3.4621685826771653
11
5.7266711023622046
21
-3.4622329527559055
0
LINE
8
BLACK
6
CONTINUOUS
10
5.7266711023622046
20
-3.4622329527559055
11
5.7251712992125983
21
-3.4667324015748031
0
LINE
8
BLACK
6
CONTINUOUS
10
5.7251712992125983
20
-3.4667324015748031
11
5.7246830314960633
21
-3.4676341732283462
0
LINE
8
BLACK
6
CONTINUOUS
10
5.7246830314960633
20
-3.4676341732283462
11
5.7245325590551177
21
-3.4677265748031494
0
LINE
8
BLACK
6
CONTINUOUS
10
5.7245325590551177
20
-3.4677265748031494
11
5.7244579921259842
21
-3.4678865748031495
0
LINE
8
BLACK
6
CONTINUOUS
10
5.7244579921259842
20
-3.4678865748031495
11
5.7214583464566928
21
-3.4708861811023621
0
LINE
8
BLACK
6
CONTINUOUS
10
5.7214583464566928
20
-3.4708861811023621
11
5.7207351574803145
21
-3.471392559055118
0
LINE
8
BLACK
6
CONTINUOUS
10
5.7207351574803145
20
-3.471392559055118
11
5.7206909448818895
21
-3.4714392913385828
0
LINE
8
BLACK
6
CONTINUOUS
10
5.7206909448818895
20
-3.4714392913385828
11
5.7176913385826769
21
-3.472939094488189
0
LINE
8
BLACK
6
CONTINUOUS
10
5.7176913385826769
20
-3.472939094488189
11
5.7172029527559056
21
-3.4730843307086614
0
LINE
8
BLACK
6
CONTINUOUS
10
5.7172029527559056
20
-3.4730843307086614
11
5.7170870078740155
21
-3.4731626771653543
0
LINE
8
BLACK
6
CONTINUOUS
10
5.7170870078740155
20
-3.4731626771653543
11
5.7110877559055115
21
-3.4746625196850394
0
LINE
8
BLACK
6
CONTINUOUS
10
5.7110877559055115
20
-3.4746625196850394
11
5.7104998031496059
21
-3.4747039763779526
0
LINE
8
BLACK
6
CONTINUOUS
10
5.7104998031496059
20
-3.4747039763779526
11
5.7103715748031494
21
-3.4747506692913386
0
LINE
8
BLACK
6
CONTINUOUS
10
5.7103715748031494
20
-3.4747506692913386
11
5.7058721259842518
21
-3.4747506692913386
0
LINE
8
BLACK
6
CONTINUOUS
10
5.7058721259842518
20
-3.4747506692913386
11
5.7052917322834649
21
-3.4746483070866141
0
LINE
8
BLACK
6
CONTINUOUS
10
5.7052917322834649
20
-3.4746483070866141
11
5.7051559842519683
21
-3.4746625196850394
0
LINE
8
BLACK
6
CONTINUOUS
10
5.7051559842519683
20
-3.4746625196850394
11
5.6991566929133857
21
-3.4731626771653543
0
LINE
8
BLACK
6
CONTINUOUS
10
5.6991566929133857
20
-3.4731626771653543
11
5.6986911811023617
21
-3.4729550393700785
0
LINE
8
BLACK
6
CONTINUOUS
10
5.6986911811023617
20
-3.4729550393700785
11
5.6985523622047243
21
-3.472939094488189
0
LINE
8
BLACK
6
CONTINUOUS
10
5.6985523622047243
20
-3.472939094488189
11
5.6955527165354329
21
-3.4714392913385828
0
LINE
8
BLACK
6
CONTINUOUS
10
5.6955527165354329
20
-3.4714392913385828
11
5.6948436220472436
21
-3.470913346456693
0
LINE
8
BLACK
6
CONTINUOUS
10
5.6948436220472436
20
-3.470913346456693
11
5.6947853149606296
21
-3.4708861811023621
0
LINE
8
BLACK
6
CONTINUOUS
10
5.6947853149606296
20
-3.4708861811023621
11
5.691785708661417
21
-3.4678865748031495
0
LINE
8
BLACK
6
CONTINUOUS
10
5.691785708661417
20
-3.4678865748031495
11
5.6911975196850388
21
-3.4670465354330706
0
LINE
8
BLACK
6
CONTINUOUS
10
5.6911975196850388
20
-3.4670465354330706
11
5.6911821259842519
21
-3.4668706692913385
0
LINE
8
BLACK
6
CONTINUOUS
10
5.6911821259842519
20
-3.4668706692913385
11
5.6910724015748029
21
-3.4667324015748031
0
LINE
8
BLACK
6
CONTINUOUS
10
5.6910724015748029
20
-3.4667324015748031
11
5.6895725984251966
21
-3.4622329527559055
0
LINE
8
BLACK
6
CONTINUOUS
10
5.6895725984251966
20
-3.4622329527559055
11
5.68944311023622
21
-3.4613597637795275
0
LINE
8
BLACK
6
CONTINUOUS
10
5.68944311023622
20
-3.4613597637795275
11
5.6894210629921256
21
-3.461299212598425
0
LINE
8
BLACK
6
CONTINUOUS
10
5.6894210629921256
20
-3.461299212598425
11
5.6894210629921256
21
-3.4538001574803148
0
LINE
8
BLACK
6
CONTINUOUS
10
5.6894210629921256
20
-3.4538001574803148
11
5.6894886614173226
21
-3.4534166141732281
0
LINE
8
BLACK
6
CONTINUOUS
10
5.6894886614173226
20
-3.4534166141732281
11
5.6894659055118106
21
-3.4532874015748032
0
LINE
8
BLACK
6
CONTINUOUS
10
5.6894659055118106
20
-3.4532874015748032
11
5.6895314960629921
21
-3.453173779527559
0
LINE
8
BLACK
6
CONTINUOUS
10
5.6895314960629921
20
-3.453173779527559
11
5.6895991338582679
21
-3.4527902362204723
0
LINE
8
BLACK
6
CONTINUOUS
10
5.6895991338582679
20
-3.4527902362204723
11
5.6900922440944877
21
-3.4522025196850392
0
LINE
8
BLACK
6
CONTINUOUS
10
5.6900922440944877
20
-3.4522025196850392
11
5.6904758267716531
21
-3.4515382283464566
0
LINE
8
BLACK
6
CONTINUOUS
10
5.6904758267716531
20
-3.4515382283464566
11
5.6907261417322834
21
-3.4514470866141731
0
LINE
8
BLACK
6
CONTINUOUS
10
5.6907261417322834
20
-3.4514470866141731
11
5.690897440944882
21
-3.4512429921259842
0
LINE
8
BLACK
6
CONTINUOUS
10
5.690897440944882
20
-3.4512429921259842
11
5.6916529921259844
21
-3.4511097244094486
0
LINE
8
BLACK
6
CONTINUOUS
10
5.6916529921259844
20
-3.4511097244094486
11
5.6923738188976376
21
-3.4508474015748032
0
LINE
8
BLACK
6
CONTINUOUS
10
5.6923738188976376
20
-3.4508474015748032
11
5.7238698818897635
21
-3.4508474015748032
0
LINE
8
BLACK
6
CONTINUOUS
10
5.7238698818897635
20
-3.4508474015748032
11
5.7242533858267715
21
-3.4509149999999997
0
LINE
8
BLACK
6
CONTINUOUS
10
5.6953265748031496
20
-3.4608200787401575
11
5.696454409448819
21
-3.4642036220472439
0
LINE
8
BLACK
6
CONTINUOUS
10
5.696454409448819
20
-3.4642036220472439
11
5.6986222834645668
21
-3.4663714960629921
0
LINE
8
BLACK
6
CONTINUOUS
10
5.6986222834645668
20
-3.4663714960629921
11
5.7009033464566929
21
-3.4675120472440946
0
LINE
8
BLACK
6
CONTINUOUS
10
5.7009033464566929
20
-3.4675120472440946
11
5.706235708661417
21
-3.468845157480315
0
LINE
8
BLACK
6
CONTINUOUS
10
5.706235708661417
20
-3.468845157480315
11
5.7100079921259841
21
-3.468845157480315
0
LINE
8
BLACK
6
CONTINUOUS
10
5.7100079921259841
20
-3.468845157480315
11
5.7153402362204719
21
-3.4675120472440946
0
LINE
8
BLACK
6
CONTINUOUS
10
5.7153402362204719
20
-3.4675120472440946
11
5.7176213385826768
21
-3.4663714960629921
0
LINE
8
BLACK
6
CONTINUOUS
10
5.7176213385826768
20
-3.4663714960629921
11
5.7197892913385822
21
-3.4642035826771651
0
LINE
8
BLACK
6
CONTINUOUS
10
5.7197892913385822
20
-3.4642035826771651
11
5.7209171259842515
21
-3.4608200787401575
0
LINE
8
BLACK
6
CONTINUOUS
10
5.7209171259842515
20
-3.4608200787401575
11
5.7209171259842515
21
-3.4567529133858268
0
LINE
8
BLACK
6
CONTINUOUS
10
5.7209171259842515
20
-3.4567529133858268
11
5.6953265748031496
21
-3.4567529133858268
0
LINE
8
BLACK
6
CONTINUOUS
10
5.6953265748031496
20
-3.4567529133858268
11
5.6953265748031496
21
-3.4608200787401575
0
LINE
8
BLACK
6
CONTINUOUS
10
6.2176646456692914
20
-3.4258823228346458
11
6.2184165354330707
21
-3.4281964566929135
0
LINE
8
BLACK
6
CONTINUOUS
10
6.2184165354330707
20
-3.4281964566929135
11
6.2184165354330707
21
-3.4430070866141733
0
LINE
8
BLACK
6
CONTINUOUS
10
6.2184165354330707
20
-3.4430070866141733
11
6.2538496062992124
21
-3.4430070866141733
0
LINE
8
BLACK
6
CONTINUOUS
10
6.2538496062992124
20
-3.4430070866141733
11
6.2561637401574801
21
-3.4437589763779526
0
LINE
8
BLACK
6
CONTINUOUS
10
6.2561637401574801
20
-3.4437589763779526
11
6.2575939370078739
21
-3.4457274803149605
0
LINE
8
BLACK
6
CONTINUOUS
10
6.2575939370078739
20
-3.4457274803149605
11
6.2575939370078739
21
-3.4481607086614172
0
LINE
8
BLACK
6
CONTINUOUS
10
6.2575939370078739
20
-3.4481607086614172
11
6.2561637401574801
21
-3.4501292125984251
0
LINE
8
BLACK
6
CONTINUOUS
10
6.2561637401574801
20
-3.4501292125984251
11
6.2538496062992124
21
-3.4508811023622048
0
LINE
8
BLACK
6
CONTINUOUS
10
6.2538496062992124
20
-3.4508811023622048
11
6.214479527559055
21
-3.4508811023622048
0
LINE
8
BLACK
6
CONTINUOUS
10
6.214479527559055
20
-3.4508811023622048
11
6.213886496062992
21
-3.4506884251968502
0
LINE
8
BLACK
6
CONTINUOUS
10
6.213886496062992
20
-3.4506884251968502
11
6.2132629133858268
21
-3.4506884251968502
0
LINE
8
BLACK
6
CONTINUOUS
10
6.2132629133858268
20
-3.4506884251968502
11
6.2127584251968502
21
-3.4503218897637793
0
LINE
8
BLACK
6
CONTINUOUS
10
6.2127584251968502
20
-3.4503218897637793
11
6.2121653937007872
21
-3.4501292125984251
0
LINE
8
BLACK
6
CONTINUOUS
10
6.2121653937007872
20
-3.4501292125984251
11
6.2117988582677164
21
-3.4496247244094489
0
LINE
8
BLACK
6
CONTINUOUS
10
6.2117988582677164
20
-3.4496247244094489
11
6.2112944094488185
21
-3.4492582283464568
0
LINE
8
BLACK
6
CONTINUOUS
10
6.2112944094488185
20
-3.4492582283464568
11
6.2111016929133855
21
-3.4486651574803151
0
LINE
8
BLACK
6
CONTINUOUS
10
6.2111016929133855
20
-3.4486651574803151
11
6.2107351968503934
21
-3.4481607086614172
0
LINE
8
BLACK
6
CONTINUOUS
10
6.2107351968503934
20
-3.4481607086614172
11
6.2107351968503934
21
-3.4475370866141732
0
LINE
8
BLACK
6
CONTINUOUS
10
6.2107351968503934
20
-3.4475370866141732
11
6.2105425196850392
21
-3.4469440944881891
0
LINE
8
BLACK
6
CONTINUOUS
10
6.2105425196850392
20
-3.4469440944881891
11
6.2105425196850392
21
-3.4281964566929135
0
LINE
8
BLACK
6
CONTINUOUS
10
6.2105425196850392
20
-3.4281964566929135
11
6.2112944094488185
21
-3.4258823228346458
0
LINE
8
BLACK
6
CONTINUOUS
10
6.2112944094488185
20
-3.4258823228346458
11
6.2132629133858268
21
-3.424452125984252
0
LINE
8
BLACK
6
CONTINUOUS
10
6.2132629133858268
20
-3.424452125984252
11
6.2156961417322831
21
-3.424452125984252
0
LINE
8
BLACK
6
CONTINUOUS
10
6.2156961417322831
20
-3.424452125984252
11
6.2176646456692914
21
-3.4258823228346458
0
CIRCLE
8
BLACK
10
5.8304724409448818
20
-3.3589370078740157
40
0.0068897637795276
0
CIRCLE
8
BLACK
10
6.2241732283464568
20
-4.5400393700787403
40
0.0068897637795276
0
CIRCLE
8
BLACK
10
5.4367716535433068
20
-4.5400393700787403
40
0.0068897637795276
0
CIRCLE
8
BLACK
10
6.2241732283464568
20
-3.3589370078740157
40
0.0068897637795276
0
CIRCLE
8
BLACK
10
5.8304724409448818
20
-4.5400393700787403
40
0.0068897637795276
0
CIRCLE
8
BLACK
10
5.4367716535433068
20
-3.3589370078740157
40
0.0068897637795276
0
CIRCLE
8
BLACK
10
5.6012283464566925
20
-4.0632677165354334
40
0.0068897637795276
0
CIRCLE
8
BLACK
10
5.6012283464566925
20
-3.8357086614173226
40
0.0068897637795276
0
LINE
8
BLACK
6
CONTINUOUS
10
5.4742647637795274
20
-4.107957007874016
11
5.4783122047244097
21
-4.1095249999999997
0
LINE
8
BLACK
6
CONTINUOUS
10
5.4783122047244097
20
-4.1095249999999997
11
5.4815198818897635
21
-4.1124492125984249
0
LINE
8
BLACK
6
CONTINUOUS
10
5.4815198818897635
20
-4.1124492125984249
11
5.4834546456692914
21
-4.1163346850393703
0
LINE
8
BLACK
6
CONTINUOUS
10
5.4834546456692914
20
-4.1163346850393703
11
5.4838551181102364
21
-4.1206567322834644
0
LINE
8
BLACK
6
CONTINUOUS
10
5.4838551181102364
20
-4.1206567322834644
11
5.4826672834645667
21
-4.1248315748031494
0
LINE
8
BLACK
6
CONTINUOUS
10
5.4826672834645667
20
-4.1248315748031494
11
5.4800515354330708
21
-4.1282953937007871
0
LINE
8
BLACK
6
CONTINUOUS
10
5.4800515354330708
20
-4.1282953937007871
11
5.4763611023622047
21
-4.1305803937007877
0
LINE
8
BLACK
6
CONTINUOUS
10
5.4763611023622047
20
-4.1305803937007877
11
5.4720944881889766
21
-4.1313779527559058
0
LINE
8
BLACK
6
CONTINUOUS
10
5.4720944881889766
20
-4.1313779527559058
11
5.4405984251968507
21
-4.1313779527559058
0
LINE
8
BLACK
6
CONTINUOUS
10
5.4405984251968507
20
-4.1313779527559058
11
5.4384281496062989
21
-4.1311768503937003
0
LINE
8
BLACK
6
CONTINUOUS
10
5.4384281496062989
20
-4.1311768503937003
11
5.4343807086614175
21
-4.1296088582677166
0
LINE
8
BLACK
6
CONTINUOUS
10
5.4343807086614175
20
-4.1296088582677166
11
5.4311730314960629
21
-4.1266846456692914
0
LINE
8
BLACK
6
CONTINUOUS
10
5.4311730314960629
20
-4.1266846456692914
11
5.4292382677165349
21
-4.122799173228346
0
LINE
8
BLACK
6
CONTINUOUS
10
5.4292382677165349
20
-4.122799173228346
11
5.4288377952755908
21
-4.1184771259842519
0
LINE
8
BLACK
6
CONTINUOUS
10
5.4288377952755908
20
-4.1184771259842519
11
5.4300256299212597
21
-4.1143022834645668
0
LINE
8
BLACK
6
CONTINUOUS
10
5.4300256299212597
20
-4.1143022834645668
11
5.4326413779527556
21
-4.1108384645669291
0
LINE
8
BLACK
6
CONTINUOUS
10
5.4326413779527556
20
-4.1108384645669291
11
5.4363318110236216
21
-4.1085534645669286
0
LINE
8
BLACK
6
CONTINUOUS
10
5.4363318110236216
20
-4.1085534645669286
11
5.4405984251968507
21
-4.1077559055118114
0
LINE
8
BLACK
6
CONTINUOUS
10
5.4405984251968507
20
-4.1077559055118114
11
5.4720944881889766
21
-4.1077559055118114
0
LINE
8
BLACK
6
CONTINUOUS
10
5.4720944881889766
20
-4.1077559055118114
11
5.4742647637795274
21
-4.107957007874016
0
LINE
8
BLACK
6
CONTINUOUS
10
5.4742647637795274
20
-3.7677995275590552
11
5.4783122047244097
21
-3.7693675196850394
0
LINE
8
BLACK
6
CONTINUOUS
10
5.4783122047244097
20
-3.7693675196850394
11
5.4815198818897635
21
-3.7722917322834646
0
LINE
8
BLACK
6
CONTINUOUS
10
5.4815198818897635
20
-3.7722917322834646
11
5.4834546456692914
21
-3.7761772047244095
0
LINE
8
BLACK
6
CONTINUOUS
10
5.4834546456692914
20
-3.7761772047244095
11
5.4838551181102364
21
-3.7804992519685037
0
LINE
8
BLACK
6
CONTINUOUS
10
5.4838551181102364
20
-3.7804992519685037
11
5.4826672834645667
21
-3.7846740944881887
0
LINE
8
BLACK
6
CONTINUOUS
10
5.4826672834645667
20
-3.7846740944881887
11
5.4800515354330708
21
-3.7881379133858268
0
LINE
8
BLACK
6
CONTINUOUS
10
5.4800515354330708
20
-3.7881379133858268
11
5.4763611023622047
21
-3.7904229133858265
0
LINE
8
BLACK
6
CONTINUOUS
10
5.4763611023622047
20
-3.7904229133858265
11
5.4720944881889766
21
-3.7912204724409446
0
LINE
8
BLACK
6
CONTINUOUS
10
5.4720944881889766
20
-3.7912204724409446
11
5.4405984251968507
21
-3.7912204724409446
0
LINE
8
BLACK
6
CONTINUOUS
10
5.4405984251968507
20
-3.7912204724409446
11
5.4384281496062989
21
-3.79101937007874
0
LINE
8
BLACK
6
CONTINUOUS
10
5.4384281496062989
20
-3.79101937007874
11
5.4343807086614175
21
-3.7894513779527559
0
LINE
8
BLACK
6
CONTINUOUS
10
5.4343807086614175
20
-3.7894513779527559
11
5.4311730314960629
21
-3.7865271653543306
0
LINE
8
BLACK
6
CONTINUOUS
10
5.4311730314960629
20
-3.7865271653543306
11
5.4292382677165349
21
-3.7826416929133857
0
LINE
8
BLACK
6
CONTINUOUS
10
5.4292382677165349
20
-3.7826416929133857
11
5.4288377952755908
21
-3.7783196456692911
0
LINE
8
BLACK
6
CONTINUOUS
10
5.4288377952755908
20
-3.7783196456692911
11
5.4300256299212597
21
-3.7741448031496061
0
LINE
8
BLACK
6
CONTINUOUS
10
5.4300256299212597
20
-3.7741448031496061
11
5.4326413779527556
21
-3.7706809842519684
0
LINE
8
BLACK
6
CONTINUOUS
10
5.4326413779527556
20
-3.7706809842519684
11
5.4363318110236216
21
-3.7683959842519683
0
LINE
8
BLACK
6
CONTINUOUS
10
5.4363318110236216
20
-3.7683959842519683
11
5.4405984251968507
21
-3.7675984251968502
0
LINE
8
BLACK
6
CONTINUOUS
10
5.4405984251968507
20
-3.7675984251968502
11
5.4720944881889766
21
-3.7675984251968502
0
LINE
8
BLACK
6
CONTINUOUS
10
5.4720944881889766
20
-3.7675984251968502
11
5.4742647637795274
21
-3.7677995275590552
0
LINE
8
BLACK
6
CONTINUOUS
10
5.6447372047244091
20
-4.107957007874016
11
5.6487846456692914
21
-4.1095249999999997
0
LINE
8
BLACK
6
CONTINUOUS
10
5.6487846456692914
20
-4.1095249999999997
11
5.6519923228346451
21
-4.1124492125984249
0
LINE
8
BLACK
6
CONTINUOUS
10
5.6519923228346451
20
-4.1124492125984249
11
5.6539270866141731
21
-4.1163346850393703
0
LINE
8
BLACK
6
CONTINUOUS
10
5.6539270866141731
20
-4.1163346850393703
11
5.6543275590551181
21
-4.1206567322834644
0
LINE
8
BLACK
6
CONTINUOUS
10
5.6543275590551181
20
-4.1206567322834644
11
5.6531397244094483
21
-4.1248315748031494
0
LINE
8
BLACK
6
CONTINUOUS
10
5.6531397244094483
20
-4.1248315748031494
11
5.6505239763779525
21
-4.1282953937007871
0
LINE
8
BLACK
6
CONTINUOUS
10
5.6505239763779525
20
-4.1282953937007871
11
5.6468335433070864
21
-4.1305803937007877
0
LINE
8
BLACK
6
CONTINUOUS
10
5.6468335433070864
20
-4.1305803937007877
11
5.6425669291338583
21
-4.1313779527559058
0
LINE
8
BLACK
6
CONTINUOUS
10
5.6425669291338583
20
-4.1313779527559058
11
5.5992598425196851
21
-4.1313779527559058
0
LINE
8
BLACK
6
CONTINUOUS
10
5.5992598425196851
20
-4.1313779527559058
11
5.5970895669291334
21
-4.1311768503937003
0
LINE
8
BLACK
6
CONTINUOUS
10
5.5970895669291334
20
-4.1311768503937003
11
5.593042125984252
21
-4.1296088582677166
0
LINE
8
BLACK
6
CONTINUOUS
10
5.593042125984252
20
-4.1296088582677166
11
5.5898344488188974
21
-4.1266846456692914
0
LINE
8
BLACK
6
CONTINUOUS
10
5.5898344488188974
20
-4.1266846456692914
11
5.5878996850393703
21
-4.122799173228346
0
LINE
8
BLACK
6
CONTINUOUS
10
5.5878996850393703
20
-4.122799173228346
11
5.5874992125984253
21
-4.1184771259842519
0
LINE
8
BLACK
6
CONTINUOUS
10
5.5874992125984253
20
-4.1184771259842519
11
5.5886870472440942
21
-4.1143022834645668
0
LINE
8
BLACK
6
CONTINUOUS
10
5.5886870472440942
20
-4.1143022834645668
11
5.59130279527559
21
-4.1108384645669291
0
LINE
8
BLACK
6
CONTINUOUS
10
5.59130279527559
20
-4.1108384645669291
11
5.594993228346457
21
-4.1085534645669286
0
LINE
8
BLACK
6
CONTINUOUS
10
5.594993228346457
20
-4.1085534645669286
11
5.5992598425196851
21
-4.1077559055118114
0
LINE
8
BLACK
6
CONTINUOUS
10
5.5992598425196851
20
-4.1077559055118114
11
5.6425669291338583
21
-4.1077559055118114
0
LINE
8
BLACK
6
CONTINUOUS
10
5.6425669291338583
20
-4.1077559055118114
11
5.6447372047244091
21
-4.107957007874016
0
LINE
8
BLACK
6
CONTINUOUS
10
5.6447372047244091
20
-3.7677995275590552
11
5.6487846456692914
21
-3.7693675196850394
0
LINE
8
BLACK
6
CONTINUOUS
10
5.6487846456692914
20
-3.7693675196850394
11
5.6519923228346451
21
-3.7722917322834646
0
LINE
8
BLACK
6
CONTINUOUS
10
5.6519923228346451
20
-3.7722917322834646
11
5.6539270866141731
21
-3.7761772047244095
0
LINE
8
BLACK
6
CONTINUOUS
10
5.6539270866141731
20
-3.7761772047244095
11
5.6543275590551181
21
-3.7804992519685037
0
LINE
8
BLACK
6
CONTINUOUS
10
5.6543275590551181
20
-3.7804992519685037
11
5.6531397244094483
21
-3.7846740944881887
0
LINE
8
BLACK
6
CONTINUOUS
10
5.6531397244094483
20
-3.7846740944881887
11
5.6505239763779525
21
-3.7881379133858268
0
LINE
8
BLACK
6
CONTINUOUS
10
5.6505239763779525
20
-3.7881379133858268
11
5.6468335433070864
21
-3.7904229133858265
0
LINE
8
BLACK
6
CONTINUOUS
10
5.6468335433070864
20
-3.7904229133858265
11
5.6425669291338583
21
-3.7912204724409446
0
LINE
8
BLACK
6
CONTINUOUS
10
5.6425669291338583
20
-3.7912204724409446
11
5.5992598425196851
21
-3.7912204724409446
0
LINE
8
BLACK
6
CONTINUOUS
10
5.5992598425196851
20
-3.7912204724409446
11
5.5970895669291334
21
-3.79101937007874
0
LINE
8
BLACK
6
CONTINUOUS
10
5.5970895669291334
20
-3.79101937007874
11
5.593042125984252
21
-3.7894513779527559
0
LINE
8
BLACK
6
CONTINUOUS
10
5.593042125984252
20
-3.7894513779527559
11
5.5898344488188974
21
-3.7865271653543306
0
LINE
8
BLACK
6
CONTINUOUS
10
5.5898344488188974
20
-3.7865271653543306
11
5.5878996850393703
21
-3.7826416929133857
0
LINE
8
BLACK
6
CONTINUOUS
10
5.5878996850393703
20
-3.7826416929133857
11
5.5874992125984253
21
-3.7783196456692911
0
LINE
8
BLACK
6
CONTINUOUS
10
5.5874992125984253
20
-3.7783196456692911
11
5.5886870472440942
21
-3.7741448031496061
0
LINE
8
BLACK
6
CONTINUOUS
10
5.5886870472440942
20
-3.7741448031496061
11
5.59130279527559
21
-3.7706809842519684
0
LINE
8
BLACK
6
CONTINUOUS
10
5.59130279527559
20
-3.7706809842519684
11
5.594993228346457
21
-3.7683959842519683
0
LINE
8
BLACK
6
CONTINUOUS
10
5.594993228346457
20
-3.7683959842519683
11
5.5992598425196851
21
-3.7675984251968502
0
LINE
8
BLACK
6
CONTINUOUS
10
5.5992598425196851
20
-3.7675984251968502
11
5.6425669291338583
21
-3.7675984251968502
0
LINE
8
BLACK
6
CONTINUOUS
10
5.6425669291338583
20
-3.7675984251968502
11
5.6447372047244091
21
-3.7677995275590552
  0
ENDSEC
  0
EOF
